# Blender 5.2.1 LTS
# www.blender.org
mtllib SM_LT_TraderHub_Counter.mtl
o SM_LT_TraderHub_Counter_EXPORT
v -143.000000 275.500000 109.000000
v -143.000000 280.500000 114.000000
v -148.000000 275.500000 114.000000
v -143.000000 280.500000 122.000000
v -143.000000 275.500000 127.000000
v -148.000000 275.500000 122.000000
v -143.000000 80.500000 109.000000
v -148.000000 80.500000 114.000000
v -143.000000 75.500000 114.000000
v -143.000000 80.500000 127.000000
v -143.000000 75.500000 122.000000
v -148.000000 80.500000 122.000000
v -41.000000 275.500000 109.000000
v -36.000000 275.500000 114.000000
v -41.000000 280.500000 114.000000
v -41.000000 275.500000 127.000000
v -41.000000 280.500000 122.000000
v -36.000000 275.500000 122.000000
v -41.000000 80.500000 109.000000
v -41.000000 75.500000 114.000000
v -36.000000 80.500000 114.000000
v -41.000000 80.500000 127.000000
v -36.000000 80.500000 122.000000
v -41.000000 75.500000 122.000000
v -130.661865 230.207993 126.900002
v -130.682800 230.507263 127.199997
v -130.961136 230.187057 127.199997
v -130.682800 230.507263 128.000000
v -130.661865 230.207993 128.300003
v -130.961136 230.187057 128.000000
v -130.564209 228.811401 126.900002
v -130.863480 228.790466 127.199997
v -130.543274 228.512131 127.199997
v -130.564209 228.811401 128.300003
v -130.543274 228.512131 128.000000
v -130.863480 228.790466 128.000000
v -59.435791 235.188599 126.900002
v -59.136520 235.209534 127.199997
v -59.456718 235.487869 127.199997
v -59.435791 235.188599 128.300003
v -59.456718 235.487869 128.000000
v -59.136520 235.209534 128.000000
v -59.338135 233.792007 126.900002
v -59.317207 233.492737 127.199997
v -59.038864 233.812943 127.199997
v -59.338135 233.792007 128.300003
v -59.038864 233.812943 128.000000
v -59.317207 233.492737 128.000000
v -130.661865 176.207993 126.900002
v -130.682800 176.507263 127.199997
v -130.961136 176.187057 127.199997
v -130.682800 176.507263 128.000000
v -130.661865 176.207993 128.300003
v -130.961136 176.187057 128.000000
v -130.564209 174.811401 126.900002
v -130.863480 174.790466 127.199997
v -130.543274 174.512131 127.199997
v -130.564209 174.811401 128.300003
v -130.543274 174.512131 128.000000
v -130.863480 174.790466 128.000000
v -59.435791 181.188599 126.900002
v -59.136520 181.209534 127.199997
v -59.456718 181.487869 127.199997
v -59.435791 181.188599 128.300003
v -59.456718 181.487869 128.000000
v -59.136520 181.209534 128.000000
v -59.338135 179.792007 126.900002
v -59.317207 179.492737 127.199997
v -59.038864 179.812943 127.199997
v -59.338135 179.792007 128.300003
v -59.038864 179.812943 128.000000
v -59.317207 179.492737 128.000000
v -130.661865 122.207993 126.900002
v -130.682800 122.507263 127.199997
v -130.961136 122.187057 127.199997
v -130.682800 122.507263 128.000000
v -130.661865 122.207993 128.300003
v -130.961136 122.187057 128.000000
v -130.564209 120.811401 126.900002
v -130.863480 120.790474 127.199997
v -130.543274 120.512131 127.199997
v -130.564209 120.811401 128.300003
v -130.543274 120.512131 128.000000
v -130.863480 120.790474 128.000000
v -59.435791 127.188599 126.900002
v -59.136520 127.209526 127.199997
v -59.456718 127.487869 127.199997
v -59.435791 127.188599 128.300003
v -59.456718 127.487869 128.000000
v -59.136520 127.209526 128.000000
v -59.338135 125.792007 126.900002
v -59.317207 125.492737 127.199997
v -59.038864 125.812943 127.199997
v -59.338135 125.792007 128.300003
v -59.038864 125.812943 128.000000
v -59.317207 125.492737 128.000000
v -150.550003 250.300003 113.500000
v -150.550003 251.000000 114.199997
v -151.250000 250.300003 114.199997
v -150.550003 251.000000 119.800003
v -150.550003 250.300003 120.500000
v -151.250000 250.300003 119.800003
v -150.550003 105.699997 113.500000
v -151.250000 105.699997 114.199997
v -150.550003 105.000000 114.199997
v -150.550003 105.699997 120.500000
v -150.550003 105.000000 119.800003
v -151.250000 105.699997 119.800003
v -149.449997 250.300003 113.500000
v -148.750000 250.300003 114.199997
v -149.449997 251.000000 114.199997
v -149.449997 250.300003 120.500000
v -149.449997 251.000000 119.800003
v -148.750000 250.300003 119.800003
v -149.449997 105.699997 113.500000
v -149.449997 105.000000 114.199997
v -148.750000 105.699997 114.199997
v -149.449997 105.699997 120.500000
v -148.750000 105.699997 119.800003
v -149.449997 105.000000 119.800003
v -120.000000 253.630875 127.900002
v -120.570633 253.185410 128.500000
v -119.429367 253.185410 128.500000
v -120.000000 253.630875 130.100006
v -119.429367 253.185410 129.500000
v -120.570633 253.185410 129.500000
v -118.607468 254.083344 127.900002
v -118.807281 253.387543 128.500000
v -117.883972 254.058350 128.500000
v -118.607468 254.083344 130.100006
v -117.883972 254.058350 129.500000
v -118.807281 253.387543 129.500000
v -117.746826 255.267899 127.900002
v -117.499504 254.587540 128.500000
v -117.146828 255.672943 128.500000
v -117.746826 255.267899 130.100006
v -117.146828 255.672943 129.500000
v -117.499504 254.587540 129.500000
v -117.746826 256.732117 127.900002
v -117.146828 256.327057 128.500000
v -117.499504 257.412476 128.500000
v -117.746826 256.732117 130.100006
v -117.499504 257.412476 129.500000
v -117.146828 256.327057 129.500000
v -118.607468 257.916656 127.900002
v -117.883972 257.941650 128.500000
v -118.807281 258.612457 128.500000
v -118.607468 257.916656 130.100006
v -118.807281 258.612457 129.500000
v -117.883972 257.941650 129.500000
v -120.000000 258.369141 127.900002
v -119.429367 258.814575 128.500000
v -120.570633 258.814575 128.500000
v -120.000000 258.369141 130.100006
v -120.570633 258.814575 129.500000
v -119.429367 258.814575 129.500000
v -121.392532 257.916656 127.900002
v -121.192719 258.612457 128.500000
v -122.116028 257.941650 128.500000
v -121.392532 257.916656 130.100006
v -122.116028 257.941650 129.500000
v -121.192719 258.612457 129.500000
v -122.253174 256.732117 127.900002
v -122.500496 257.412476 128.500000
v -122.853172 256.327057 128.500000
v -122.253174 256.732117 130.100006
v -122.853172 256.327057 129.500000
v -122.500496 257.412476 129.500000
v -122.253174 255.267899 127.900002
v -122.853172 255.672943 128.500000
v -122.500496 254.587540 128.500000
v -122.253174 255.267899 130.100006
v -122.500496 254.587540 129.500000
v -122.853172 255.672943 129.500000
v -121.392532 254.083344 127.900002
v -122.116028 254.058350 128.500000
v -121.192719 253.387543 128.500000
v -121.392532 254.083344 130.100006
v -121.192719 253.387543 129.500000
v -122.116028 254.058350 129.500000
v -120.000000 97.630875 127.900002
v -120.570633 97.185410 128.500000
v -119.429367 97.185410 128.500000
v -120.000000 97.630875 130.100006
v -119.429367 97.185410 129.500000
v -120.570633 97.185410 129.500000
v -118.607468 98.083336 127.900002
v -118.807281 97.387535 128.500000
v -117.883972 98.058357 128.500000
v -118.607468 98.083336 130.100006
v -117.883972 98.058357 129.500000
v -118.807281 97.387535 129.500000
v -117.746826 99.267899 127.900002
v -117.499504 98.587540 128.500000
v -117.146828 99.672951 128.500000
v -117.746826 99.267899 130.100006
v -117.146828 99.672951 129.500000
v -117.499504 98.587540 129.500000
v -117.746826 100.732101 127.900002
v -117.146828 100.327049 128.500000
v -117.499504 101.412460 128.500000
v -117.746826 100.732101 130.100006
v -117.499504 101.412460 129.500000
v -117.146828 100.327049 129.500000
v -118.607468 101.916664 127.900002
v -117.883972 101.941643 128.500000
v -118.807281 102.612465 128.500000
v -118.607468 101.916664 130.100006
v -118.807281 102.612465 129.500000
v -117.883972 101.941643 129.500000
v -120.000000 102.369125 127.900002
v -119.429367 102.814590 128.500000
v -120.570633 102.814590 128.500000
v -120.000000 102.369125 130.100006
v -120.570633 102.814590 129.500000
v -119.429367 102.814590 129.500000
v -121.392532 101.916664 127.900002
v -121.192719 102.612465 128.500000
v -122.116028 101.941643 128.500000
v -121.392532 101.916664 130.100006
v -122.116028 101.941643 129.500000
v -121.192719 102.612465 129.500000
v -122.253174 100.732101 127.900002
v -122.500496 101.412460 128.500000
v -122.853172 100.327049 128.500000
v -122.253174 100.732101 130.100006
v -122.853172 100.327049 129.500000
v -122.500496 101.412460 129.500000
v -122.253174 99.267899 127.900002
v -122.853172 99.672951 128.500000
v -122.500496 98.587540 128.500000
v -122.253174 99.267899 130.100006
v -122.500496 98.587540 129.500000
v -122.853172 99.672951 129.500000
v -121.392532 98.083336 127.900002
v -122.116028 98.058357 128.500000
v -121.192719 97.387535 128.500000
v -121.392532 98.083336 130.100006
v -121.192719 97.387535 129.500000
v -122.116028 98.058357 129.500000
v -98.500000 269.500000 30.000000
v -98.500000 273.000000 33.500000
v -102.000000 269.500000 33.500000
v -98.500000 273.000000 106.500000
v -98.500000 269.500000 110.000000
v -102.000000 269.500000 106.500000
v -98.500000 86.500000 30.000000
v -102.000000 86.500000 33.500000
v -98.500000 83.000000 33.500000
v -98.500000 86.500000 110.000000
v -98.500000 83.000000 106.500000
v -102.000000 86.500000 106.500000
v -85.500000 269.500000 30.000000
v -82.000000 269.500000 33.500000
v -85.500000 273.000000 33.500000
v -85.500000 269.500000 110.000000
v -85.500000 273.000000 106.500000
v -82.000000 269.500000 106.500000
v -85.500000 86.500000 30.000000
v -85.500000 83.000000 33.500000
v -82.000000 86.500000 33.500000
v -85.500000 86.500000 110.000000
v -82.000000 86.500000 106.500000
v -85.500000 83.000000 106.500000
v -102.000000 289.000000 0.000000
v -102.000000 293.000000 4.000000
v -106.000000 289.000000 4.000000
v -102.000000 293.000000 116.000000
v -102.000000 289.000000 120.000000
v -106.000000 289.000000 116.000000
v -102.000000 269.000000 0.000000
v -106.000000 269.000000 4.000000
v -102.000000 265.000000 4.000000
v -102.000000 269.000000 120.000000
v -102.000000 265.000000 116.000000
v -106.000000 269.000000 116.000000
v -82.000000 289.000000 0.000000
v -78.000000 289.000000 4.000000
v -82.000000 293.000000 4.000000
v -82.000000 289.000000 120.000000
v -82.000000 293.000000 116.000000
v -78.000000 289.000000 116.000000
v -82.000000 269.000000 0.000000
v -82.000000 265.000000 4.000000
v -78.000000 269.000000 4.000000
v -82.000000 269.000000 120.000000
v -78.000000 269.000000 116.000000
v -82.000000 265.000000 116.000000
v -101.000000 79.000000 0.000000
v -101.000000 82.000000 3.000000
v -104.000000 79.000000 3.000000
v -101.000000 82.000000 117.000000
v -101.000000 79.000000 120.000000
v -104.000000 79.000000 117.000000
v -101.000000 61.000000 0.000000
v -104.000000 61.000000 3.000000
v -101.000000 58.000000 3.000000
v -101.000000 61.000000 120.000000
v -101.000000 58.000000 117.000000
v -104.000000 61.000000 117.000000
v -83.000000 79.000000 0.000000
v -80.000000 79.000000 3.000000
v -83.000000 82.000000 3.000000
v -83.000000 79.000000 120.000000
v -83.000000 82.000000 117.000000
v -80.000000 79.000000 117.000000
v -83.000000 61.000000 0.000000
v -83.000000 58.000000 3.000000
v -80.000000 61.000000 3.000000
v -83.000000 61.000000 120.000000
v -80.000000 61.000000 117.000000
v -83.000000 58.000000 117.000000
v -85.000000 309.500000 109.000000
v -85.000000 314.500000 114.000000
v -90.000000 309.500000 114.000000
v -85.000000 314.500000 122.000000
v -85.000000 309.500000 127.000000
v -90.000000 309.500000 122.000000
v -85.000000 254.500000 109.000000
v -90.000000 254.500000 114.000000
v -85.000000 249.500000 114.000000
v -85.000000 254.500000 127.000000
v -85.000000 249.500000 122.000000
v -90.000000 254.500000 122.000000
v 95.000000 309.500000 109.000000
v 100.000000 309.500000 114.000000
v 95.000000 314.500000 114.000000
v 95.000000 309.500000 127.000000
v 95.000000 314.500000 122.000000
v 100.000000 309.500000 122.000000
v 95.000000 254.500000 109.000000
v 95.000000 249.500000 114.000000
v 100.000000 254.500000 114.000000
v 95.000000 254.500000 127.000000
v 100.000000 254.500000 122.000000
v 95.000000 249.500000 122.000000
v -97.099998 245.024017 21.285202
v -95.500000 246.016235 22.540405
v -97.099998 247.271423 21.548203
v -95.499992 251.473358 29.444008
v -97.099998 252.465576 30.699203
v -97.099998 252.728561 28.451797
v -106.899994 245.024017 21.285202
v -106.899994 247.271423 21.548203
v -108.500000 246.016235 22.540405
v -106.899994 252.465576 30.699203
v -108.500000 251.473358 29.444008
v -106.899994 252.728561 28.451797
v -97.100006 142.534424 102.300797
v -97.100006 142.271439 104.548203
v -95.500008 143.526642 103.555992
v -97.100006 149.975983 111.714798
v -95.500000 148.983765 110.459595
v -97.100006 147.728577 111.451797
v -106.900002 142.534424 102.300797
v -108.500000 143.526642 103.555992
v -106.900002 142.271439 104.548203
v -106.900002 149.975983 111.714798
v -106.900002 147.728577 111.451797
v -108.500000 148.983765 110.459595
v -143.000000 -80.500000 109.000000
v -143.000000 -75.500000 114.000000
v -148.000000 -80.500000 114.000000
v -143.000000 -75.500000 122.000000
v -143.000000 -80.500000 127.000000
v -148.000000 -80.500000 122.000000
v -143.000000 -275.500000 109.000000
v -148.000000 -275.500000 114.000000
v -143.000000 -280.500000 114.000000
v -143.000000 -275.500000 127.000000
v -143.000000 -280.500000 122.000000
v -148.000000 -275.500000 122.000000
v -41.000000 -80.500000 109.000000
v -36.000000 -80.500000 114.000000
v -41.000000 -75.500000 114.000000
v -41.000000 -80.500000 127.000000
v -41.000000 -75.500000 122.000000
v -36.000000 -80.500000 122.000000
v -41.000000 -275.500000 109.000000
v -41.000000 -280.500000 114.000000
v -36.000000 -275.500000 114.000000
v -41.000000 -275.500000 127.000000
v -36.000000 -275.500000 122.000000
v -41.000000 -280.500000 122.000000
v -130.564209 -120.811401 126.900002
v -130.543274 -120.512115 127.199997
v -130.863480 -120.790466 127.199997
v -130.543274 -120.512115 128.000000
v -130.564209 -120.811401 128.300003
v -130.863480 -120.790466 128.000000
v -130.661865 -122.207977 126.900002
v -130.961136 -122.187073 127.199997
v -130.682800 -122.507263 127.199997
v -130.661865 -122.207977 128.300003
v -130.682800 -122.507263 128.000000
v -130.961136 -122.187073 128.000000
v -59.338135 -125.792023 126.900002
v -59.038864 -125.812927 127.199997
v -59.317207 -125.492737 127.199997
v -59.338135 -125.792023 128.300003
v -59.317207 -125.492737 128.000000
v -59.038864 -125.812927 128.000000
v -59.435791 -127.188599 126.900002
v -59.456718 -127.487885 127.199997
v -59.136520 -127.209534 127.199997
v -59.435791 -127.188599 128.300003
v -59.136520 -127.209534 128.000000
v -59.456718 -127.487885 128.000000
v -130.564209 -174.811401 126.900002
v -130.543274 -174.512115 127.199997
v -130.863480 -174.790466 127.199997
v -130.543274 -174.512115 128.000000
v -130.564209 -174.811401 128.300003
v -130.863480 -174.790466 128.000000
v -130.661865 -176.207977 126.900002
v -130.961136 -176.187073 127.199997
v -130.682800 -176.507263 127.199997
v -130.661865 -176.207977 128.300003
v -130.682800 -176.507263 128.000000
v -130.961136 -176.187073 128.000000
v -59.338135 -179.792023 126.900002
v -59.038864 -179.812927 127.199997
v -59.317207 -179.492737 127.199997
v -59.338135 -179.792023 128.300003
v -59.317207 -179.492737 128.000000
v -59.038864 -179.812927 128.000000
v -59.435791 -181.188599 126.900002
v -59.456718 -181.487885 127.199997
v -59.136520 -181.209534 127.199997
v -59.435791 -181.188599 128.300003
v -59.136520 -181.209534 128.000000
v -59.456718 -181.487885 128.000000
v -130.564209 -228.811401 126.900002
v -130.543274 -228.512115 127.199997
v -130.863480 -228.790466 127.199997
v -130.543274 -228.512115 128.000000
v -130.564209 -228.811401 128.300003
v -130.863480 -228.790466 128.000000
v -130.661865 -230.207977 126.900002
v -130.961136 -230.187073 127.199997
v -130.682800 -230.507263 127.199997
v -130.661865 -230.207977 128.300003
v -130.682800 -230.507263 128.000000
v -130.961136 -230.187073 128.000000
v -59.338135 -233.792023 126.900002
v -59.038864 -233.812927 127.199997
v -59.317207 -233.492737 127.199997
v -59.338135 -233.792023 128.300003
v -59.317207 -233.492737 128.000000
v -59.038864 -233.812927 128.000000
v -59.435791 -235.188599 126.900002
v -59.456718 -235.487885 127.199997
v -59.136520 -235.209534 127.199997
v -59.435791 -235.188599 128.300003
v -59.136520 -235.209534 128.000000
v -59.456718 -235.487885 128.000000
v -150.550003 -105.700012 113.500000
v -150.550003 -105.000000 114.199997
v -151.250000 -105.700012 114.199997
v -150.550003 -105.000000 119.800003
v -150.550003 -105.700012 120.500000
v -151.250000 -105.700012 119.800003
v -150.550003 -250.299988 113.500000
v -151.250000 -250.299988 114.199997
v -150.550003 -251.000000 114.199997
v -150.550003 -250.299988 120.500000
v -150.550003 -251.000000 119.800003
v -151.250000 -250.299988 119.800003
v -149.449997 -105.700012 113.500000
v -148.750000 -105.700012 114.199997
v -149.449997 -105.000000 114.199997
v -149.449997 -105.700012 120.500000
v -149.449997 -105.000000 119.800003
v -148.750000 -105.700012 119.800003
v -149.449997 -250.299988 113.500000
v -149.449997 -251.000000 114.199997
v -148.750000 -250.299988 114.199997
v -149.449997 -250.299988 120.500000
v -148.750000 -250.299988 119.800003
v -149.449997 -251.000000 119.800003
v -120.000000 -102.369110 127.900002
v -120.570633 -102.814575 128.500000
v -119.429367 -102.814575 128.500000
v -120.000000 -102.369110 130.100006
v -119.429367 -102.814575 129.500000
v -120.570633 -102.814575 129.500000
v -118.607468 -101.916656 127.900002
v -118.807281 -102.612457 128.500000
v -117.883972 -101.941650 128.500000
v -118.607468 -101.916656 130.100006
v -117.883972 -101.941650 129.500000
v -118.807281 -102.612457 129.500000
v -117.746826 -100.732086 127.900002
v -117.499504 -101.412476 128.500000
v -117.146828 -100.327057 128.500000
v -117.746826 -100.732086 130.100006
v -117.146828 -100.327057 129.500000
v -117.499504 -101.412476 129.500000
v -117.746826 -99.267914 127.900002
v -117.146828 -99.672943 128.500000
v -117.499504 -98.587524 128.500000
v -117.746826 -99.267914 130.100006
v -117.499504 -98.587524 129.500000
v -117.146828 -99.672943 129.500000
v -118.607468 -98.083344 127.900002
v -117.883972 -98.058350 128.500000
v -118.807281 -97.387543 128.500000
v -118.607468 -98.083344 130.100006
v -118.807281 -97.387543 129.500000
v -117.883972 -98.058350 129.500000
v -120.000000 -97.630890 127.900002
v -119.429367 -97.185425 128.500000
v -120.570633 -97.185425 128.500000
v -120.000000 -97.630890 130.100006
v -120.570633 -97.185425 129.500000
v -119.429367 -97.185425 129.500000
v -121.392532 -98.083344 127.900002
v -121.192719 -97.387543 128.500000
v -122.116028 -98.058350 128.500000
v -121.392532 -98.083344 130.100006
v -122.116028 -98.058350 129.500000
v -121.192719 -97.387543 129.500000
v -122.253174 -99.267914 127.900002
v -122.500496 -98.587524 128.500000
v -122.853172 -99.672943 128.500000
v -122.253174 -99.267914 130.100006
v -122.853172 -99.672943 129.500000
v -122.500496 -98.587524 129.500000
v -122.253174 -100.732086 127.900002
v -122.853172 -100.327057 128.500000
v -122.500496 -101.412476 128.500000
v -122.253174 -100.732086 130.100006
v -122.500496 -101.412476 129.500000
v -122.853172 -100.327057 129.500000
v -121.392532 -101.916656 127.900002
v -122.116028 -101.941650 128.500000
v -121.192719 -102.612457 128.500000
v -121.392532 -101.916656 130.100006
v -121.192719 -102.612457 129.500000
v -122.116028 -101.941650 129.500000
v -120.000000 -258.369110 127.900002
v -120.570633 -258.814575 128.500000
v -119.429367 -258.814575 128.500000
v -120.000000 -258.369110 130.100006
v -119.429367 -258.814575 129.500000
v -120.570633 -258.814575 129.500000
v -118.607468 -257.916656 127.900002
v -118.807281 -258.612457 128.500000
v -117.883972 -257.941650 128.500000
v -118.607468 -257.916656 130.100006
v -117.883972 -257.941650 129.500000
v -118.807281 -258.612457 129.500000
v -117.746826 -256.732086 127.900002
v -117.499504 -257.412476 128.500000
v -117.146828 -256.327057 128.500000
v -117.746826 -256.732086 130.100006
v -117.146828 -256.327057 129.500000
v -117.499504 -257.412476 129.500000
v -117.746826 -255.267914 127.900002
v -117.146828 -255.672943 128.500000
v -117.499504 -254.587524 128.500000
v -117.746826 -255.267914 130.100006
v -117.499504 -254.587524 129.500000
v -117.146828 -255.672943 129.500000
v -118.607468 -254.083344 127.900002
v -117.883972 -254.058350 128.500000
v -118.807281 -253.387543 128.500000
v -118.607468 -254.083344 130.100006
v -118.807281 -253.387543 129.500000
v -117.883972 -254.058350 129.500000
v -120.000000 -253.630890 127.900002
v -119.429367 -253.185425 128.500000
v -120.570633 -253.185425 128.500000
v -120.000000 -253.630890 130.100006
v -120.570633 -253.185425 129.500000
v -119.429367 -253.185425 129.500000
v -121.392532 -254.083344 127.900002
v -121.192719 -253.387543 128.500000
v -122.116028 -254.058350 128.500000
v -121.392532 -254.083344 130.100006
v -122.116028 -254.058350 129.500000
v -121.192719 -253.387543 129.500000
v -122.253174 -255.267914 127.900002
v -122.500496 -254.587524 128.500000
v -122.853172 -255.672943 128.500000
v -122.253174 -255.267914 130.100006
v -122.853172 -255.672943 129.500000
v -122.500496 -254.587524 129.500000
v -122.253174 -256.732086 127.900002
v -122.853172 -256.327057 128.500000
v -122.500496 -257.412476 128.500000
v -122.253174 -256.732086 130.100006
v -122.500496 -257.412476 129.500000
v -122.853172 -256.327057 129.500000
v -121.392532 -257.916656 127.900002
v -122.116028 -257.941650 128.500000
v -121.192719 -258.612457 128.500000
v -121.392532 -257.916656 130.100006
v -121.192719 -258.612457 129.500000
v -122.116028 -257.941650 129.500000
v -98.500000 -86.500000 30.000000
v -98.500000 -83.000000 33.500000
v -102.000000 -86.500000 33.500000
v -98.500000 -83.000000 106.500000
v -98.500000 -86.500000 110.000000
v -102.000000 -86.500000 106.500000
v -98.500000 -269.500000 30.000000
v -102.000000 -269.500000 33.500000
v -98.500000 -273.000000 33.500000
v -98.500000 -269.500000 110.000000
v -98.500000 -273.000000 106.500000
v -102.000000 -269.500000 106.500000
v -85.500000 -86.500000 30.000000
v -82.000000 -86.500000 33.500000
v -85.500000 -83.000000 33.500000
v -85.500000 -86.500000 110.000000
v -85.500000 -83.000000 106.500000
v -82.000000 -86.500000 106.500000
v -85.500000 -269.500000 30.000000
v -85.500000 -273.000000 33.500000
v -82.000000 -269.500000 33.500000
v -85.500000 -269.500000 110.000000
v -82.000000 -269.500000 106.500000
v -85.500000 -273.000000 106.500000
v -102.000000 -269.000000 0.000000
v -102.000000 -265.000000 4.000000
v -106.000000 -269.000000 4.000000
v -102.000000 -265.000000 116.000000
v -102.000000 -269.000000 120.000000
v -106.000000 -269.000000 116.000000
v -102.000000 -289.000000 0.000000
v -106.000000 -289.000000 4.000000
v -102.000000 -293.000000 4.000000
v -102.000000 -289.000000 120.000000
v -102.000000 -293.000000 116.000000
v -106.000000 -289.000000 116.000000
v -82.000000 -269.000000 0.000000
v -78.000000 -269.000000 4.000000
v -82.000000 -265.000000 4.000000
v -82.000000 -269.000000 120.000000
v -82.000000 -265.000000 116.000000
v -78.000000 -269.000000 116.000000
v -82.000000 -289.000000 0.000000
v -82.000000 -293.000000 4.000000
v -78.000000 -289.000000 4.000000
v -82.000000 -289.000000 120.000000
v -78.000000 -289.000000 116.000000
v -82.000000 -293.000000 116.000000
v -101.000000 -61.000000 0.000000
v -101.000000 -58.000000 3.000000
v -104.000000 -61.000000 3.000000
v -101.000000 -58.000000 117.000000
v -101.000000 -61.000000 120.000000
v -104.000000 -61.000000 117.000000
v -101.000000 -79.000000 0.000000
v -104.000000 -79.000000 3.000000
v -101.000000 -82.000000 3.000000
v -101.000000 -79.000000 120.000000
v -101.000000 -82.000000 117.000000
v -104.000000 -79.000000 117.000000
v -83.000000 -61.000000 0.000000
v -80.000000 -61.000000 3.000000
v -83.000000 -58.000000 3.000000
v -83.000000 -61.000000 120.000000
v -83.000000 -58.000000 117.000000
v -80.000000 -61.000000 117.000000
v -83.000000 -79.000000 0.000000
v -83.000000 -82.000000 3.000000
v -80.000000 -79.000000 3.000000
v -83.000000 -79.000000 120.000000
v -80.000000 -79.000000 117.000000
v -83.000000 -82.000000 117.000000
v -85.000000 -254.500000 109.000000
v -85.000000 -249.500000 114.000000
v -90.000000 -254.500000 114.000000
v -85.000000 -249.500000 122.000000
v -85.000000 -254.500000 127.000000
v -90.000000 -254.500000 122.000000
v -85.000000 -309.500000 109.000000
v -90.000000 -309.500000 114.000000
v -85.000000 -314.500000 114.000000
v -85.000000 -309.500000 127.000000
v -85.000000 -314.500000 122.000000
v -90.000000 -309.500000 122.000000
v 95.000000 -254.500000 109.000000
v 100.000000 -254.500000 114.000000
v 95.000000 -249.500000 114.000000
v 95.000000 -254.500000 127.000000
v 95.000000 -249.500000 122.000000
v 100.000000 -254.500000 122.000000
v 95.000000 -309.500000 109.000000
v 95.000000 -314.500000 114.000000
v 100.000000 -309.500000 114.000000
v 95.000000 -309.500000 127.000000
v 100.000000 -309.500000 122.000000
v 95.000000 -314.500000 122.000000
v -106.899994 -245.024017 21.285202
v -108.500000 -246.016235 22.540405
v -106.899994 -247.271423 21.548203
v -108.500000 -251.473358 29.444008
v -106.899994 -252.465576 30.699203
v -106.899994 -252.728577 28.451797
v -97.099998 -245.024017 21.285202
v -97.099998 -247.271423 21.548203
v -95.500000 -246.016235 22.540405
v -97.099998 -252.465576 30.699203
v -95.499992 -251.473358 29.444008
v -97.099998 -252.728577 28.451797
v -106.900002 -142.534424 102.300797
v -106.900002 -142.271423 104.548203
v -108.500000 -143.526642 103.555992
v -106.900002 -149.975983 111.714798
v -108.500000 -148.983765 110.459595
v -106.900002 -147.728577 111.451797
v -97.100006 -142.534424 102.300797
v -95.500008 -143.526642 103.555992
v -97.100006 -142.271423 104.548203
v -97.100006 -149.975983 111.714798
v -97.100006 -147.728577 111.451797
v -95.500000 -148.983765 110.459595
v -104.000000 61.000000 0.000000
v -104.000000 66.000000 5.000000
v -109.000000 61.000000 5.000000
v -104.000000 66.000000 29.000000
v -104.000000 61.000000 34.000000
v -109.000000 61.000000 29.000000
v -104.000000 -61.000000 0.000000
v -109.000000 -61.000000 5.000000
v -104.000000 -66.000000 5.000000
v -104.000000 -61.000000 34.000000
v -104.000000 -66.000000 29.000000
v -109.000000 -61.000000 29.000000
v -80.000000 61.000000 0.000000
v -75.000000 61.000000 5.000000
v -80.000000 66.000000 5.000000
v -80.000000 61.000000 34.000000
v -80.000000 66.000000 29.000000
v -75.000000 61.000000 29.000000
v -80.000000 -61.000000 0.000000
v -80.000000 -66.000000 5.000000
v -75.000000 -61.000000 5.000000
v -80.000000 -61.000000 34.000000
v -75.000000 -61.000000 29.000000
v -80.000000 -66.000000 29.000000
v 406.500000 191.000000 325.000000
v 406.500000 195.000000 329.000000
v 402.500000 191.000000 329.000000
v 406.500000 195.000000 341.000000
v 406.500000 191.000000 345.000000
v 402.500000 191.000000 341.000000
v 406.500000 -191.000000 325.000000
v 402.500000 -191.000000 329.000000
v 406.500000 -195.000000 329.000000
v 406.500000 -191.000000 345.000000
v 406.500000 -195.000000 341.000000
v 402.500000 -191.000000 341.000000
v 433.500000 191.000000 325.000000
v 437.500000 191.000000 329.000000
v 433.500000 195.000000 329.000000
v 433.500000 191.000000 345.000000
v 433.500000 195.000000 341.000000
v 437.500000 191.000000 341.000000
v 433.500000 -191.000000 325.000000
v 433.500000 -195.000000 329.000000
v 437.500000 -191.000000 329.000000
v 433.500000 -191.000000 345.000000
v 437.500000 -191.000000 341.000000
v 433.500000 -195.000000 341.000000
v 385.000000 118.070557 365.000000
v 387.000000 116.000000 365.000000
v 415.000000 118.070557 365.000000
v 413.000000 116.000000 365.000000
v 385.000000 120.338669 356.535278
v 387.000000 118.027878 357.431854
v 387.000000 119.959732 354.085785
v 415.000000 120.338669 356.535278
v 413.000000 119.959732 354.085785
v 413.000000 118.027878 357.431854
v 385.000000 126.535278 350.338684
v 387.000000 124.085785 349.959717
v 387.000000 127.431854 348.027893
v 415.000000 126.535278 350.338684
v 413.000000 127.431854 348.027893
v 413.000000 124.085785 349.959717
v 385.000000 135.000000 348.070557
v 387.000000 135.000000 346.000000
v 415.000000 135.000000 348.070557
v 413.000000 135.000000 346.000000
v 385.000000 143.464722 350.338684
v 387.000000 142.568146 348.027893
v 387.000000 145.914215 349.959717
v 415.000000 143.464722 350.338684
v 413.000000 145.914215 349.959717
v 413.000000 142.568146 348.027893
v 385.000000 149.661331 356.535278
v 387.000000 150.040268 354.085785
v 387.000000 151.972122 357.431854
v 415.000000 149.661331 356.535278
v 413.000000 151.972122 357.431854
v 413.000000 150.040268 354.085785
v 385.000000 151.929443 365.000000
v 387.000000 154.000000 365.000000
v 415.000000 151.929443 365.000000
v 413.000000 154.000000 365.000000
v 385.000000 149.661331 373.464722
v 387.000000 151.972122 372.568146
v 387.000000 150.040268 375.914215
v 415.000000 149.661331 373.464722
v 413.000000 150.040268 375.914215
v 413.000000 151.972122 372.568146
v 385.000000 143.464722 379.661346
v 387.000000 145.914215 380.040283
v 387.000000 142.568146 381.972107
v 415.000000 143.464722 379.661316
v 413.000000 142.568146 381.972107
v 413.000000 145.914215 380.040283
v 385.000000 135.000000 381.929443
v 387.000000 135.000000 384.000000
v 415.000000 135.000000 381.929443
v 413.000000 135.000000 384.000000
v 385.000000 126.535278 379.661346
v 387.000000 127.431854 381.972107
v 387.000000 124.085785 380.040283
v 415.000000 126.535278 379.661316
v 413.000000 124.085785 380.040283
v 413.000000 127.431854 381.972107
v 385.000000 120.338669 373.464722
v 387.000000 119.959732 375.914215
v 387.000000 118.027878 372.568146
v 415.000000 120.338669 373.464722
v 413.000000 118.027878 372.568146
v 413.000000 119.959732 375.914215
v 385.000000 28.070557 360.000000
v 387.000000 26.000000 360.000000
v 415.000000 28.070557 360.000000
v 413.000000 26.000000 360.000000
v 385.000000 30.338669 351.535278
v 387.000000 28.027878 352.431854
v 387.000000 29.959732 349.085785
v 415.000000 30.338669 351.535278
v 413.000000 29.959732 349.085785
v 413.000000 28.027878 352.431854
v 385.000000 36.535278 345.338684
v 387.000000 34.085785 344.959717
v 387.000000 37.431854 343.027893
v 415.000000 36.535278 345.338684
v 413.000000 37.431854 343.027893
v 413.000000 34.085785 344.959717
v 385.000000 45.000000 343.070557
v 387.000000 45.000000 341.000000
v 415.000000 45.000000 343.070557
v 413.000000 45.000000 341.000000
v 385.000000 53.464722 345.338684
v 387.000000 52.568146 343.027893
v 387.000000 55.914215 344.959717
v 415.000000 53.464722 345.338684
v 413.000000 55.914215 344.959717
v 413.000000 52.568146 343.027893
v 385.000000 59.661331 351.535278
v 387.000000 60.040268 349.085785
v 387.000000 61.972122 352.431854
v 415.000000 59.661331 351.535278
v 413.000000 61.972122 352.431854
v 413.000000 60.040268 349.085785
v 385.000000 61.929443 360.000000
v 387.000000 64.000000 360.000000
v 415.000000 61.929443 360.000000
v 413.000000 64.000000 360.000000
v 385.000000 59.661331 368.464722
v 387.000000 61.972122 367.568146
v 387.000000 60.040268 370.914215
v 415.000000 59.661331 368.464722
v 413.000000 60.040268 370.914215
v 413.000000 61.972122 367.568146
v 385.000000 53.464722 374.661346
v 387.000000 55.914215 375.040283
v 387.000000 52.568146 376.972107
v 415.000000 53.464722 374.661316
v 413.000000 52.568146 376.972107
v 413.000000 55.914215 375.040283
v 385.000000 45.000000 376.929443
v 387.000000 45.000000 379.000000
v 415.000000 45.000000 376.929443
v 413.000000 45.000000 379.000000
v 385.000000 36.535278 374.661346
v 387.000000 37.431854 376.972107
v 387.000000 34.085785 375.040283
v 415.000000 36.535278 374.661316
v 413.000000 34.085785 375.040283
v 413.000000 37.431854 376.972107
v 385.000000 30.338669 368.464722
v 387.000000 29.959732 370.914215
v 387.000000 28.027878 367.568146
v 415.000000 30.338669 368.464722
v 413.000000 28.027878 367.568146
v 413.000000 29.959732 370.914215
v 385.000000 -81.929443 363.000000
v 387.000000 -84.000000 363.000000
v 415.000000 -81.929443 363.000000
v 413.000000 -84.000000 363.000000
v 385.000000 -79.661346 354.535278
v 387.000000 -81.972107 355.431854
v 387.000000 -80.040283 352.085785
v 415.000000 -79.661346 354.535278
v 413.000000 -80.040283 352.085785
v 413.000000 -81.972107 355.431854
v 385.000000 -73.464722 348.338684
v 387.000000 -75.914215 347.959717
v 387.000000 -72.568146 346.027893
v 415.000000 -73.464722 348.338684
v 413.000000 -72.568146 346.027893
v 413.000000 -75.914215 347.959717
v 385.000000 -65.000000 346.070557
v 387.000000 -65.000000 344.000000
v 415.000000 -65.000000 346.070557
v 413.000000 -65.000000 344.000000
v 385.000000 -56.535278 348.338684
v 387.000000 -57.431854 346.027893
v 387.000000 -54.085785 347.959717
v 415.000000 -56.535278 348.338684
v 413.000000 -54.085785 347.959717
v 413.000000 -57.431854 346.027893
v 385.000000 -50.338669 354.535278
v 387.000000 -49.959732 352.085785
v 387.000000 -48.027878 355.431854
v 415.000000 -50.338669 354.535278
v 413.000000 -48.027878 355.431854
v 413.000000 -49.959732 352.085785
v 385.000000 -48.070557 363.000000
v 387.000000 -46.000000 363.000000
v 415.000000 -48.070557 363.000000
v 413.000000 -46.000000 363.000000
v 385.000000 -50.338669 371.464722
v 387.000000 -48.027878 370.568146
v 387.000000 -49.959732 373.914215
v 415.000000 -50.338669 371.464722
v 413.000000 -49.959732 373.914215
v 413.000000 -48.027878 370.568146
v 385.000000 -56.535278 377.661346
v 387.000000 -54.085785 378.040283
v 387.000000 -57.431854 379.972107
v 415.000000 -56.535278 377.661316
v 413.000000 -57.431854 379.972107
v 413.000000 -54.085785 378.040283
v 385.000000 -65.000000 379.929443
v 387.000000 -65.000000 382.000000
v 415.000000 -65.000000 379.929443
v 413.000000 -65.000000 382.000000
v 385.000000 -73.464722 377.661346
v 387.000000 -72.568146 379.972107
v 387.000000 -75.914215 378.040283
v 415.000000 -73.464722 377.661316
v 413.000000 -75.914215 378.040283
v 413.000000 -72.568146 379.972107
v 385.000000 -79.661346 371.464722
v 387.000000 -80.040283 373.914215
v 387.000000 -81.972107 370.568146
v 415.000000 -79.661346 371.464722
v 413.000000 -81.972107 370.568146
v 413.000000 -80.040283 373.914215
v 385.000000 -161.929443 361.000000
v 387.000000 -164.000000 361.000000
v 415.000000 -161.929443 361.000000
v 413.000000 -164.000000 361.000000
v 385.000000 -159.661346 352.535278
v 387.000000 -161.972107 353.431854
v 387.000000 -160.040283 350.085785
v 415.000000 -159.661346 352.535278
v 413.000000 -160.040283 350.085785
v 413.000000 -161.972107 353.431854
v 385.000000 -153.464722 346.338684
v 387.000000 -155.914215 345.959717
v 387.000000 -152.568146 344.027893
v 415.000000 -153.464722 346.338684
v 413.000000 -152.568146 344.027893
v 413.000000 -155.914215 345.959717
v 385.000000 -145.000000 344.070557
v 387.000000 -145.000000 342.000000
v 415.000000 -145.000000 344.070557
v 413.000000 -145.000000 342.000000
v 385.000000 -136.535278 346.338684
v 387.000000 -137.431854 344.027893
v 387.000000 -134.085785 345.959717
v 415.000000 -136.535278 346.338684
v 413.000000 -134.085785 345.959717
v 413.000000 -137.431854 344.027893
v 385.000000 -130.338654 352.535278
v 387.000000 -129.959717 350.085785
v 387.000000 -128.027893 353.431854
v 415.000000 -130.338654 352.535278
v 413.000000 -128.027893 353.431854
v 413.000000 -129.959717 350.085785
v 385.000000 -128.070557 361.000000
v 387.000000 -126.000000 361.000000
v 415.000000 -128.070557 361.000000
v 413.000000 -126.000000 361.000000
v 385.000000 -130.338654 369.464722
v 387.000000 -128.027893 368.568146
v 387.000000 -129.959717 371.914215
v 415.000000 -130.338654 369.464722
v 413.000000 -129.959717 371.914215
v 413.000000 -128.027893 368.568146
v 385.000000 -136.535278 375.661346
v 387.000000 -134.085785 376.040283
v 387.000000 -137.431854 377.972107
v 415.000000 -136.535278 375.661316
v 413.000000 -137.431854 377.972107
v 413.000000 -134.085785 376.040283
v 385.000000 -145.000000 377.929443
v 387.000000 -145.000000 380.000000
v 415.000000 -145.000000 377.929443
v 413.000000 -145.000000 380.000000
v 385.000000 -153.464722 375.661346
v 387.000000 -152.568146 377.972107
v 387.000000 -155.914215 376.040283
v 415.000000 -153.464722 375.661316
v 413.000000 -155.914215 376.040283
v 413.000000 -152.568146 377.972107
v 385.000000 -159.661346 369.464722
v 387.000000 -160.040283 371.914215
v 387.000000 -161.972107 368.568146
v 415.000000 -159.661346 369.464722
v 413.000000 -161.972107 368.568146
v 413.000000 -160.040283 371.914215
v -118.000000 154.070557 129.000000
v -119.931854 152.517639 131.000000
v -116.068146 152.517639 131.000000
v -118.000000 154.070557 169.000000
v -116.068146 152.517639 167.000000
v -119.931854 152.517639 167.000000
v -114.035278 155.132904 129.000000
v -113.000000 153.339752 131.000000
v -114.035278 155.132904 169.000000
v -113.000000 153.339752 167.000000
v -111.132896 158.035278 129.000000
v -109.339745 157.000000 131.000000
v -111.132896 158.035278 169.000000
v -109.339745 157.000000 167.000000
v -110.070557 162.000000 129.000000
v -108.517639 160.068146 131.000000
v -108.517639 163.931854 131.000000
v -110.070557 162.000000 169.000000
v -108.517639 163.931854 167.000000
v -108.517639 160.068146 167.000000
v -111.132896 165.964722 129.000000
v -109.339745 167.000000 131.000000
v -111.132896 165.964722 169.000000
v -109.339745 167.000000 167.000000
v -114.035278 168.867096 129.000000
v -113.000000 170.660248 131.000000
v -114.035278 168.867096 169.000000
v -113.000000 170.660248 167.000000
v -118.000000 169.929443 129.000000
v -116.068146 171.482361 131.000000
v -119.931854 171.482361 131.000000
v -118.000000 169.929443 169.000000
v -119.931854 171.482361 167.000000
v -116.068146 171.482361 167.000000
v -121.964722 168.867096 129.000000
v -123.000000 170.660248 131.000000
v -121.964722 168.867096 169.000000
v -123.000000 170.660248 167.000000
v -124.867104 165.964722 129.000000
v -126.660255 167.000000 131.000000
v -124.867104 165.964722 169.000000
v -126.660255 167.000000 167.000000
v -125.929443 162.000000 129.000000
v -127.482361 163.931854 131.000000
v -127.482361 160.068146 131.000000
v -125.929443 162.000000 169.000000
v -127.482361 160.068146 167.000000
v -127.482361 163.931854 167.000000
v -124.867104 158.035278 129.000000
v -126.660255 157.000000 131.000000
v -124.867104 158.035278 169.000000
v -126.660255 157.000000 167.000000
v -121.964722 155.132904 129.000000
v -123.000000 153.339752 131.000000
v -121.964722 155.132904 169.000000
v -123.000000 153.339752 167.000000
v -118.000000 158.051468 166.500000
v -118.951057 157.309021 167.500000
v -117.048943 157.309021 167.500000
v -118.000000 158.051468 181.500000
v -117.048943 157.309021 180.500000
v -118.951057 157.309021 180.500000
v -115.679108 158.805573 166.500000
v -116.012131 157.645905 167.500000
v -114.473289 158.763931 167.500000
v -115.679108 158.805573 181.500000
v -114.473289 158.763931 180.500000
v -116.012131 157.645905 180.500000
v -114.244720 160.779831 166.500000
v -113.832504 159.645905 167.500000
v -113.244720 161.454910 167.500000
v -114.244720 160.779831 181.500000
v -113.244720 161.454910 180.500000
v -113.832504 159.645905 180.500000
v -114.244720 163.220169 166.500000
v -113.244720 162.545090 167.500000
v -113.832504 164.354095 167.500000
v -114.244720 163.220169 181.500000
v -113.832504 164.354095 180.500000
v -113.244720 162.545090 180.500000
v -115.679108 165.194427 166.500000
v -114.473289 165.236069 167.500000
v -116.012131 166.354095 167.500000
v -115.679108 165.194427 181.500000
v -116.012131 166.354095 180.500000
v -114.473289 165.236069 180.500000
v -118.000000 165.948532 166.500000
v -117.048943 166.690979 167.500000
v -118.951057 166.690979 167.500000
v -118.000000 165.948532 181.500000
v -118.951057 166.690979 180.500000
v -117.048943 166.690979 180.500000
v -120.320892 165.194427 166.500000
v -119.987869 166.354095 167.500000
v -121.526711 165.236069 167.500000
v -120.320892 165.194427 181.500000
v -121.526711 165.236069 180.500000
v -119.987869 166.354095 180.500000
v -121.755280 163.220169 166.500000
v -122.167496 164.354095 167.500000
v -122.755280 162.545090 167.500000
v -121.755280 163.220169 181.500000
v -122.755280 162.545090 180.500000
v -122.167496 164.354095 180.500000
v -121.755280 160.779831 166.500000
v -122.755280 161.454910 167.500000
v -122.167496 159.645905 167.500000
v -121.755280 160.779831 181.500000
v -122.167496 159.645905 180.500000
v -122.755280 161.454910 180.500000
v -120.320892 158.805573 166.500000
v -121.526711 158.763931 167.500000
v -119.987869 157.645905 167.500000
v -120.320892 158.805573 181.500000
v -119.987869 157.645905 180.500000
v -121.526711 158.763931 180.500000
v -118.000000 182.070557 134.000000
v -119.931854 180.517639 136.000000
v -116.068146 180.517639 136.000000
v -118.000000 182.070557 174.000000
v -116.068146 180.517639 172.000000
v -119.931854 180.517639 172.000000
v -114.035278 183.132904 134.000000
v -113.000000 181.339752 136.000000
v -114.035278 183.132904 174.000000
v -113.000000 181.339752 172.000000
v -111.132896 186.035278 134.000000
v -109.339745 185.000000 136.000000
v -111.132896 186.035278 174.000000
v -109.339745 185.000000 172.000000
v -110.070557 190.000000 134.000000
v -108.517639 188.068146 136.000000
v -108.517639 191.931854 136.000000
v -110.070557 190.000000 174.000000
v -108.517639 191.931854 172.000000
v -108.517639 188.068146 172.000000
v -111.132896 193.964722 134.000000
v -109.339745 195.000000 136.000000
v -111.132896 193.964722 174.000000
v -109.339745 195.000000 172.000000
v -114.035278 196.867096 134.000000
v -113.000000 198.660248 136.000000
v -114.035278 196.867096 174.000000
v -113.000000 198.660248 172.000000
v -118.000000 197.929443 134.000000
v -116.068146 199.482361 136.000000
v -119.931854 199.482361 136.000000
v -118.000000 197.929443 174.000000
v -119.931854 199.482361 172.000000
v -116.068146 199.482361 172.000000
v -121.964722 196.867096 134.000000
v -123.000000 198.660248 136.000000
v -121.964722 196.867096 174.000000
v -123.000000 198.660248 172.000000
v -124.867104 193.964722 134.000000
v -126.660255 195.000000 136.000000
v -124.867104 193.964722 174.000000
v -126.660255 195.000000 172.000000
v -125.929443 190.000000 134.000000
v -127.482361 191.931854 136.000000
v -127.482361 188.068146 136.000000
v -125.929443 190.000000 174.000000
v -127.482361 188.068146 172.000000
v -127.482361 191.931854 172.000000
v -124.867104 186.035278 134.000000
v -126.660255 185.000000 136.000000
v -124.867104 186.035278 174.000000
v -126.660255 185.000000 172.000000
v -121.964722 183.132904 134.000000
v -123.000000 181.339752 136.000000
v -121.964722 183.132904 174.000000
v -123.000000 181.339752 172.000000
v -118.000000 186.051468 171.500000
v -118.951057 185.309021 172.500000
v -117.048943 185.309021 172.500000
v -118.000000 186.051468 186.500000
v -117.048943 185.309021 185.500000
v -118.951057 185.309021 185.500000
v -115.679108 186.805573 171.500000
v -116.012131 185.645905 172.500000
v -114.473289 186.763931 172.500000
v -115.679108 186.805573 186.500000
v -114.473289 186.763931 185.500000
v -116.012131 185.645905 185.500000
v -114.244720 188.779831 171.500000
v -113.832504 187.645905 172.500000
v -113.244720 189.454910 172.500000
v -114.244720 188.779831 186.500000
v -113.244720 189.454910 185.500000
v -113.832504 187.645905 185.500000
v -114.244720 191.220169 171.500000
v -113.244720 190.545090 172.500000
v -113.832504 192.354095 172.500000
v -114.244720 191.220169 186.500000
v -113.832504 192.354095 185.500000
v -113.244720 190.545090 185.500000
v -115.679108 193.194427 171.500000
v -114.473289 193.236069 172.500000
v -116.012131 194.354095 172.500000
v -115.679108 193.194427 186.500000
v -116.012131 194.354095 185.500000
v -114.473289 193.236069 185.500000
v -118.000000 193.948532 171.500000
v -117.048943 194.690979 172.500000
v -118.951057 194.690979 172.500000
v -118.000000 193.948532 186.500000
v -118.951057 194.690979 185.500000
v -117.048943 194.690979 185.500000
v -120.320892 193.194427 171.500000
v -119.987869 194.354095 172.500000
v -121.526711 193.236069 172.500000
v -120.320892 193.194427 186.500000
v -121.526711 193.236069 185.500000
v -119.987869 194.354095 185.500000
v -121.755280 191.220169 171.500000
v -122.167496 192.354095 172.500000
v -122.755280 190.545090 172.500000
v -121.755280 191.220169 186.500000
v -122.755280 190.545090 185.500000
v -122.167496 192.354095 185.500000
v -121.755280 188.779831 171.500000
v -122.755280 189.454910 172.500000
v -122.167496 187.645905 172.500000
v -121.755280 188.779831 186.500000
v -122.167496 187.645905 185.500000
v -122.755280 189.454910 185.500000
v -120.320892 186.805573 171.500000
v -121.526711 186.763931 172.500000
v -119.987869 185.645905 172.500000
v -120.320892 186.805573 186.500000
v -119.987869 185.645905 185.500000
v -121.526711 186.763931 185.500000
v -118.000000 210.070557 129.000000
v -119.931854 208.517639 131.000000
v -116.068146 208.517639 131.000000
v -118.000000 210.070557 169.000000
v -116.068146 208.517639 167.000000
v -119.931854 208.517639 167.000000
v -114.035278 211.132904 129.000000
v -113.000000 209.339752 131.000000
v -114.035278 211.132904 169.000000
v -113.000000 209.339752 167.000000
v -111.132896 214.035278 129.000000
v -109.339745 213.000000 131.000000
v -111.132896 214.035278 169.000000
v -109.339745 213.000000 167.000000
v -110.070557 218.000000 129.000000
v -108.517639 216.068146 131.000000
v -108.517639 219.931854 131.000000
v -110.070557 218.000000 169.000000
v -108.517639 219.931854 167.000000
v -108.517639 216.068146 167.000000
v -111.132896 221.964722 129.000000
v -109.339745 223.000000 131.000000
v -111.132896 221.964722 169.000000
v -109.339745 223.000000 167.000000
v -114.035278 224.867096 129.000000
v -113.000000 226.660248 131.000000
v -114.035278 224.867096 169.000000
v -113.000000 226.660248 167.000000
v -118.000000 225.929443 129.000000
v -116.068146 227.482361 131.000000
v -119.931854 227.482361 131.000000
v -118.000000 225.929443 169.000000
v -119.931854 227.482361 167.000000
v -116.068146 227.482361 167.000000
v -121.964722 224.867096 129.000000
v -123.000000 226.660248 131.000000
v -121.964722 224.867096 169.000000
v -123.000000 226.660248 167.000000
v -124.867104 221.964722 129.000000
v -126.660255 223.000000 131.000000
v -124.867104 221.964722 169.000000
v -126.660255 223.000000 167.000000
v -125.929443 218.000000 129.000000
v -127.482361 219.931854 131.000000
v -127.482361 216.068146 131.000000
v -125.929443 218.000000 169.000000
v -127.482361 216.068146 167.000000
v -127.482361 219.931854 167.000000
v -124.867104 214.035278 129.000000
v -126.660255 213.000000 131.000000
v -124.867104 214.035278 169.000000
v -126.660255 213.000000 167.000000
v -121.964722 211.132904 129.000000
v -123.000000 209.339752 131.000000
v -121.964722 211.132904 169.000000
v -123.000000 209.339752 167.000000
v -118.000000 214.051453 166.500000
v -118.951057 213.309021 167.500000
v -117.048943 213.309021 167.500000
v -118.000000 214.051453 181.500000
v -117.048943 213.309021 180.500000
v -118.951057 213.309021 180.500000
v -115.679108 214.805573 166.500000
v -116.012131 213.645905 167.500000
v -114.473289 214.763931 167.500000
v -115.679108 214.805573 181.500000
v -114.473289 214.763931 180.500000
v -116.012131 213.645905 180.500000
v -114.244720 216.779831 166.500000
v -113.832504 215.645905 167.500000
v -113.244720 217.454910 167.500000
v -114.244720 216.779831 181.500000
v -113.244720 217.454910 180.500000
v -113.832504 215.645905 180.500000
v -114.244720 219.220169 166.500000
v -113.244720 218.545090 167.500000
v -113.832504 220.354095 167.500000
v -114.244720 219.220169 181.500000
v -113.832504 220.354095 180.500000
v -113.244720 218.545090 180.500000
v -115.679108 221.194427 166.500000
v -114.473289 221.236069 167.500000
v -116.012131 222.354095 167.500000
v -115.679108 221.194427 181.500000
v -116.012131 222.354095 180.500000
v -114.473289 221.236069 180.500000
v -118.000000 221.948547 166.500000
v -117.048943 222.690979 167.500000
v -118.951057 222.690979 167.500000
v -118.000000 221.948547 181.500000
v -118.951057 222.690979 180.500000
v -117.048943 222.690979 180.500000
v -120.320892 221.194427 166.500000
v -119.987869 222.354095 167.500000
v -121.526711 221.236069 167.500000
v -120.320892 221.194427 181.500000
v -121.526711 221.236069 180.500000
v -119.987869 222.354095 180.500000
v -121.755280 219.220169 166.500000
v -122.167496 220.354095 167.500000
v -122.755280 218.545090 167.500000
v -121.755280 219.220169 181.500000
v -122.755280 218.545090 180.500000
v -122.167496 220.354095 180.500000
v -121.755280 216.779831 166.500000
v -122.755280 217.454910 167.500000
v -122.167496 215.645905 167.500000
v -121.755280 216.779831 181.500000
v -122.167496 215.645905 180.500000
v -122.755280 217.454910 180.500000
v -120.320892 214.805573 166.500000
v -121.526711 214.763931 167.500000
v -119.987869 213.645905 167.500000
v -120.320892 214.805573 181.500000
v -119.987869 213.645905 180.500000
v -121.526711 214.763931 180.500000
v -150.000000 125.000000 133.960007
v -149.222229 120.666664 130.000000
v -149.222229 120.878754 131.854095
v -149.222229 121.494263 133.526718
v -149.222229 122.452934 134.854095
v -149.222229 123.660927 135.706345
v -149.222229 125.000000 136.000000
v -149.222229 126.339073 135.706345
v -149.222229 127.547066 134.854095
v -149.222229 128.505737 133.526718
v -149.222229 129.121246 131.854095
v -149.222229 129.333328 130.000000
v -146.888885 116.333336 130.000000
v -146.888885 116.757507 133.708206
v -146.888885 117.988518 137.053421
v -146.888885 119.905861 139.708206
v -146.888885 122.321854 141.412674
v -146.888885 125.000000 142.000000
v -146.888885 127.678146 141.412674
v -146.888885 130.094131 139.708206
v -146.888885 132.011475 137.053421
v -146.888885 133.242493 133.708206
v -146.888885 133.666672 130.000000
v -141.500000 125.000000 135.039993
v -142.901901 112.850182 130.329605
v -143.496750 112.553520 130.000000
v -142.901840 113.445366 135.528122
v -143.495163 113.161018 135.326218
v -142.901810 115.171234 140.217484
v -143.491013 114.925415 140.134857
v -142.902008 117.857948 143.940277
v -143.485870 117.677025 143.955826
v -142.902313 121.244400 146.332382
v -143.481796 121.148682 146.412064
v -142.902451 125.000000 147.157166
v -143.480270 125.000000 147.259003
v -142.902313 128.755600 146.332382
v -143.481796 128.851334 146.412064
v -142.902008 132.142059 143.940277
v -143.485870 132.322968 143.955826
v -142.901810 134.828781 140.217484
v -143.491013 135.074585 140.134857
v -142.901840 136.554642 135.528122
v -143.495163 136.838989 135.326218
v -143.496750 137.446472 130.000000
v -142.901901 137.149811 130.329605
v -151.787094 125.044922 134.947830
v -150.648438 125.206085 134.947830
v -150.061340 125.161171 133.960007
v -150.612900 124.955078 132.972183
v -151.751556 124.793915 132.972183
v -152.338654 124.838829 133.960007
v -151.626740 123.487404 135.149689
v -150.488098 123.648674 135.149673
v -149.901016 123.603806 134.161835
v -150.452576 123.397667 133.174011
v -151.591217 123.236397 133.174026
v -152.178299 123.281265 134.161865
v -151.336395 121.888268 135.356934
v -150.223328 122.176888 135.340408
v -149.649429 122.197685 134.344070
v -150.188599 121.929863 133.364227
v -151.301666 121.641243 133.380753
v -151.875565 121.620445 134.377090
v -150.760696 120.218399 135.573334
v -149.700989 120.663551 135.536530
v -149.154602 120.765045 134.529724
v -149.667923 120.421402 133.559723
v -150.727631 119.976250 133.596527
v -151.274017 119.874756 134.603333
v -149.966797 118.656700 135.775726
v -148.964478 119.218079 135.723862
v -148.447662 119.379509 134.709290
v -148.933197 118.979561 133.746582
v -149.935532 118.418182 133.798447
v -150.452332 118.256752 134.813019
v -148.928375 117.002670 135.990082
v -147.987198 117.660362 135.925735
v -147.501923 117.871452 134.904724
v -147.957825 117.424850 133.948059
v -148.899002 116.767159 134.012405
v -149.384277 116.556068 135.033417
v -147.712158 115.470688 136.188629
v -146.840042 116.216469 136.112854
v -146.390396 116.472977 135.085968
v -146.812836 115.983704 134.134827
v -147.684952 115.237923 134.210602
v -148.134598 114.981415 135.237488
v -146.193176 113.861290 136.397186
v -145.373001 114.663124 136.314163
v -144.950119 114.948524 135.283524
v -145.347412 114.432106 134.335907
v -146.167587 113.630272 134.418930
v -146.590469 113.344872 135.449570
v -144.622864 112.350853 136.592941
v -143.802719 113.152702 136.509918
v -143.379852 113.438118 135.479279
v -143.777130 112.921684 134.531662
v -144.597275 112.119835 134.614685
v -145.020142 111.834419 135.645325
v -151.939255 125.652237 134.552094
v -150.818283 125.908966 134.552109
v -150.079025 125.256729 133.960007
v -150.460739 124.347763 133.367920
v -151.581711 124.091034 133.367905
v -152.320969 124.743271 133.960007
v -151.779373 124.690239 135.886887
v -150.658401 124.947021 135.886810
v -149.919144 124.294823 135.294662
v -150.300858 123.385841 134.702591
v -151.421829 123.129059 134.702667
v -152.161087 123.781258 135.294815
v -151.486557 123.695129 137.267624
v -150.388641 124.022827 137.169144
v -149.664581 123.417397 136.512115
v -150.038437 122.484268 135.953537
v -151.136353 122.156570 136.052017
v -151.860413 122.762001 136.709045
v -150.907837 122.657158 138.707809
v -149.858337 123.072594 138.487610
v -149.166229 122.525024 137.750290
v -149.523590 121.562019 137.233170
v -150.573090 121.146584 137.453369
v -151.265198 121.694153 138.190689
v -150.107330 121.683441 140.058868
v -149.110596 122.164879 139.747086
v -148.453247 121.660835 138.949371
v -148.792664 120.675354 138.463440
v -149.789398 120.193916 138.775223
v -150.446747 120.697960 139.572937
v -149.065323 120.657646 141.482178
v -148.125504 121.194489 141.093521
v -147.505707 120.726982 140.245117
v -147.825729 119.722633 139.785370
v -148.765549 119.185791 140.174026
v -149.385345 119.653297 141.022430
v -147.839325 119.702744 142.807114
v -146.964661 120.290924 142.347214
v -146.387833 119.857285 141.451828
v -146.685669 118.835449 141.016342
v -147.560333 118.247269 141.476242
v -148.137161 118.680908 142.371628
v -146.315887 118.705414 144.190933
v -145.490707 119.326591 143.685257
v -144.946518 118.914711 142.759674
v -145.227509 117.881638 142.339767
v -146.052689 117.260460 142.845444
v -146.596878 117.672348 143.771027
v -144.744171 117.770676 145.487900
v -143.919022 118.391869 144.982193
v -143.374832 117.979988 144.056610
v -143.655823 116.946915 143.636703
v -144.480972 116.325722 144.142410
v -145.025162 116.737602 145.067993
v -152.188278 124.425003 134.083191
v -152.188278 125.574997 134.083191
v -151.199997 126.150002 133.960007
v -150.211716 125.574997 133.836823
v -150.211716 124.425003 133.836823
v -151.199997 123.849998 133.960007
v -152.029022 124.425003 135.849228
v -152.029022 125.574997 135.849228
v -151.040756 126.150002 135.725983
v -150.052490 125.574997 135.602737
v -150.052490 124.425003 135.602737
v -151.040756 123.849998 135.725983
v -151.733017 124.425003 137.693558
v -151.733017 125.574997 137.693558
v -150.762497 126.150002 137.470001
v -149.791977 125.574997 137.246445
v -149.791977 124.425003 137.246445
v -150.762497 123.849998 137.470001
v -151.150574 124.425003 139.614380
v -151.150574 125.574997 139.614380
v -150.217712 126.150002 139.265594
v -149.284851 125.574997 138.916809
v -149.284851 124.425003 138.916809
v -150.217712 123.849998 139.265594
v -150.341125 124.425003 141.424713
v -150.341125 125.574997 141.424713
v -149.449997 126.150002 140.979996
v -148.558868 125.574997 140.535278
v -148.558868 124.425003 140.535278
v -149.449997 123.849998 140.979996
v -149.294312 124.425003 143.318329
v -149.294312 125.574997 143.318329
v -148.449081 126.150002 142.791595
v -147.603851 125.574997 142.264862
v -147.603851 124.425003 142.264862
v -148.449081 123.849998 142.791595
v -148.054199 124.425003 145.094238
v -148.054199 125.574997 145.094238
v -147.262497 126.150002 144.490005
v -146.470795 125.574997 143.885773
v -146.470795 124.425003 143.885773
v -147.262497 123.849998 144.490005
v -146.524231 124.425003 146.933960
v -146.524231 125.574997 146.933960
v -145.773773 126.150002 146.279205
v -145.023315 125.574997 145.624451
v -145.023315 124.425003 145.624451
v -145.773773 123.849998 146.279205
v -144.950439 124.425003 148.654770
v -144.950439 125.574997 148.654770
v -144.199997 126.150002 148.000000
v -143.449554 125.574997 147.345230
v -143.449554 124.425003 147.345230
v -144.199997 123.849998 148.000000
v -150.818283 124.091034 134.552109
v -151.939255 124.347763 134.552109
v -152.320969 125.256729 133.960007
v -151.581711 125.908966 133.367920
v -150.460739 125.652237 133.367905
v -150.079025 124.743271 133.960007
v -150.658401 125.052979 135.886810
v -151.779373 125.309761 135.886887
v -152.161087 126.218742 135.294815
v -151.421829 126.870941 134.702667
v -150.300858 126.614159 134.702591
v -149.919144 125.705177 135.294662
v -150.388641 125.977165 137.169144
v -151.486557 126.304871 137.267609
v -151.860413 127.237999 136.709045
v -151.136353 127.843437 136.052017
v -150.038437 127.515732 135.953552
v -149.664581 126.582603 136.512115
v -149.858337 126.927391 138.487610
v -150.907837 127.342827 138.707809
v -151.265198 128.305832 138.190689
v -150.573090 128.853409 137.453369
v -149.523590 128.437973 137.233170
v -149.166229 127.474960 137.750290
v -149.110580 127.835121 139.747086
v -150.107330 128.316559 140.058868
v -150.446747 129.302032 139.572937
v -149.789413 129.806091 138.775223
v -148.792664 129.324646 138.463440
v -148.453247 128.339172 138.949371
v -148.125504 128.805511 141.093521
v -149.065308 129.342346 141.482178
v -149.385345 130.346695 141.022430
v -148.765549 130.814209 140.174026
v -147.825745 130.277374 139.785370
v -147.505707 129.273026 140.245117
v -146.964661 129.709076 142.347229
v -147.839325 130.297272 142.807129
v -148.137161 131.319092 142.371628
v -147.560333 131.752747 141.476227
v -146.685669 131.164551 141.016327
v -146.387833 130.142731 141.451828
v -145.490707 130.673416 143.685257
v -146.315887 131.294601 144.190933
v -146.596878 132.327667 143.771027
v -146.052689 132.739548 142.845444
v -145.227509 132.118362 142.339767
v -144.946518 131.085297 142.759674
v -143.919022 131.608139 144.982193
v -144.744171 132.229324 145.487900
v -145.025162 133.262390 145.067993
v -144.480972 133.674271 144.142410
v -143.655823 133.053085 143.636703
v -143.374832 132.020020 144.056610
v -150.648438 124.793915 134.947830
v -151.787079 124.955078 134.947830
v -152.338654 125.161171 133.960007
v -151.751556 125.206085 132.972183
v -150.612915 125.044922 132.972183
v -150.061340 124.838829 133.960007
v -150.488098 126.351326 135.149673
v -151.626740 126.512596 135.149689
v -152.178299 126.718735 134.161865
v -151.591217 126.763603 133.174026
v -150.452576 126.602333 133.174011
v -149.901016 126.396194 134.161835
v -150.223328 127.823105 135.340408
v -151.336395 128.111725 135.356934
v -151.875565 128.379547 134.377090
v -151.301666 128.358749 133.380753
v -150.188599 128.070129 133.364227
v -149.649429 127.802307 134.344070
v -149.700989 129.336456 135.536530
v -150.760696 129.781601 135.573334
v -151.274017 130.125244 134.603333
v -150.727631 130.023743 133.596527
v -149.667923 129.578598 133.559723
v -149.154602 129.234955 134.529724
v -148.964462 130.781921 135.723862
v -149.966797 131.343292 135.775726
v -150.452332 131.743240 134.813019
v -149.935532 131.581818 133.798447
v -148.933197 131.020447 133.746582
v -148.447662 130.620499 134.709290
v -147.987198 132.339630 135.925735
v -148.928375 132.997330 135.990082
v -149.384277 133.443924 135.033417
v -148.899002 133.232849 134.012405
v -147.957825 132.575150 133.948059
v -147.501923 132.128555 134.904724
v -146.840057 133.783524 136.112854
v -147.712158 134.529297 136.188614
v -148.134598 135.018570 135.237488
v -147.684937 134.762070 134.210602
v -146.812836 134.016296 134.134842
v -146.390396 133.527023 135.085968
v -145.373001 135.336884 136.314178
v -146.193176 136.138702 136.397202
v -146.590469 136.655121 135.449585
v -146.167587 136.369720 134.418945
v -145.347412 135.567902 134.335922
v -144.950119 135.051483 135.283539
v -143.802719 136.847305 136.509918
v -144.622864 137.649155 136.592941
v -145.020157 138.165588 135.645325
v -144.597275 137.880173 134.614685
v -143.777130 137.078323 134.531662
v -143.379837 136.561890 135.479279
v -150.000000 163.000000 134.399994
v -149.222229 158.000000 130.000000
v -149.222229 158.244720 132.060120
v -149.222229 158.954910 133.918564
v -149.222229 160.061081 135.393448
v -149.222229 161.454910 136.340378
v -149.222229 163.000000 136.666672
v -149.222229 164.545090 136.340378
v -149.222229 165.938919 135.393448
v -149.222229 167.045090 133.918564
v -149.222229 167.755280 132.060120
v -149.222229 168.000000 130.000000
v -146.888885 153.000000 130.000000
v -146.888885 153.489441 134.120224
v -146.888885 154.909836 137.837143
v -146.888885 157.122147 140.786896
v -146.888885 159.909836 142.680756
v -146.888885 163.000000 143.333328
v -146.888885 166.090164 142.680756
v -146.888885 168.877853 140.786896
v -146.888885 171.090164 137.837143
v -146.888885 172.510559 134.120224
v -146.888885 173.000000 130.000000
v -141.500000 163.000000 135.600006
v -142.913696 148.862976 130.322174
v -143.457718 148.588501 130.000000
v -142.913605 149.555832 136.146912
v -143.456284 149.292099 135.938629
v -142.913452 151.564941 141.400528
v -143.452560 151.335495 141.299683
v -142.913452 154.691910 145.569901
v -143.448013 154.521805 145.559006
v -142.913574 158.631805 148.247864
v -143.444412 158.541321 148.296555
v -142.913635 163.000000 149.170975
v -143.443085 163.000000 149.240433
v -142.913574 167.368195 148.247864
v -143.444412 167.458679 148.296555
v -142.913452 171.308090 145.569901
v -143.448013 171.478195 145.559006
v -142.913452 174.435059 141.400528
v -143.452560 174.664505 141.299683
v -142.913605 176.444168 136.146912
v -143.456284 176.707901 135.938629
v -143.457718 177.411499 130.000000
v -142.913696 177.137024 130.322174
v -151.785629 163.051514 135.388367
v -150.644180 163.191528 135.388367
v -150.058548 163.140030 134.399994
v -150.614365 162.948486 133.411621
v -151.755814 162.808472 133.411621
v -152.341446 162.859970 134.399994
v -151.626556 161.257553 135.612244
v -150.485123 161.397644 135.612244
v -149.899506 161.346176 134.623856
v -150.455322 161.154617 133.635498
v -151.596756 161.014526 133.635498
v -152.182373 161.065994 134.623886
v -151.338058 159.427277 135.840668
v -150.216232 159.679886 135.826614
v -149.640671 159.686142 134.831024
v -150.186935 159.439789 133.849487
v -151.308762 159.187180 133.863541
v -151.884323 159.180923 134.859131
v -150.772507 157.532166 136.077179
v -149.692383 157.925674 136.045547
v -149.138229 158.004211 135.040939
v -149.664169 157.689240 134.067963
v -150.744293 157.295731 134.099594
v -151.298447 157.217194 135.104202
v -149.980316 155.732849 136.301727
v -148.946671 156.234894 136.256546
v -148.416351 156.369125 135.244995
v -148.919678 156.001312 134.278625
v -149.953323 155.499268 134.323807
v -150.483643 155.365036 135.335358
v -148.954147 153.846191 136.537186
v -147.971893 154.441528 136.480362
v -147.467941 154.623642 135.462830
v -147.946243 154.210388 134.502121
v -148.928497 153.615051 134.558945
v -149.432449 153.432938 135.576477
v -147.735504 152.072998 136.758469
v -146.813568 152.757050 136.690582
v -146.340561 152.984665 135.667358
v -146.789490 152.528229 134.712051
v -147.711426 151.844177 134.779938
v -148.184433 151.616562 135.803162
v -146.223495 150.226273 136.988937
v -145.348251 150.968430 136.913788
v -144.899200 151.225861 135.886856
v -145.325394 150.741135 134.935074
v -146.200638 149.998978 135.010223
v -146.649689 149.741547 136.037155
v -144.649048 148.476715 137.207275
v -143.773804 149.218887 137.132126
v -143.324768 149.476318 136.105194
v -143.750946 148.991577 135.153412
v -144.626190 148.249405 135.228561
v -145.075226 147.991974 136.255493
v -151.918137 163.664673 135.004135
v -150.790146 163.888550 135.004135
v -150.072006 163.223892 134.399994
v -150.481857 162.335327 133.795853
v -151.609848 162.111450 133.795853
v -152.327988 162.776108 134.399994
v -151.759262 162.556213 136.485153
v -150.631271 162.780151 136.485107
v -149.913132 162.115509 135.880920
v -150.322983 161.226929 135.276810
v -151.450974 161.002991 135.276855
v -152.169113 161.667633 135.881042
v -151.468826 161.418594 138.005173
v -150.359390 161.708267 137.917282
v -149.653061 161.085480 137.257187
v -150.056168 160.173019 136.684982
v -151.165604 159.883347 136.772873
v -151.871933 160.506134 137.432968
v -150.900085 160.240433 139.579361
v -149.830200 160.612656 139.381180
v -149.149033 160.042419 138.650864
v -149.537781 159.099960 138.118729
v -150.607666 158.727737 138.316910
v -151.288834 159.297974 139.047226
v -150.102951 159.121155 141.074860
v -149.077347 159.557297 140.791275
v -148.424393 159.027740 140.006592
v -148.797043 158.062073 139.505493
v -149.822647 157.625931 139.789078
v -150.475601 158.155487 140.573761
v -149.072906 157.950714 142.638733
v -148.096527 158.442093 142.281326
v -147.474915 157.947723 141.449646
v -147.829681 156.961975 140.975372
v -148.806061 156.470596 141.332779
v -149.427673 156.964966 142.164459
v -147.847076 156.848145 144.111893
v -146.928864 157.392380 143.683884
v -146.344284 156.931656 142.807251
v -146.677917 155.926697 142.358627
v -147.596130 155.382462 142.786636
v -148.180710 155.843185 143.663269
v -146.330902 155.703766 145.640945
v -145.457870 156.282745 145.166489
v -144.902069 155.844162 144.260284
v -145.219269 154.826569 143.828537
v -146.092300 154.247589 144.302994
v -146.648102 154.686172 145.209198
v -144.755798 154.621811 147.086563
v -143.882797 155.200806 146.612091
v -143.326996 154.762222 145.705872
v -143.644196 153.744644 145.274124
v -144.517197 153.165649 145.748596
v -145.072998 153.604233 146.654816
v -152.189713 162.425003 134.511017
v -152.189713 163.574997 134.511017
v -151.199997 164.149994 134.399994
v -150.210281 163.574997 134.288971
v -150.210281 162.425003 134.288971
v -151.199997 161.850006 134.399994
v -152.031281 162.425003 136.471130
v -152.031281 163.574997 136.471130
v -151.041565 164.149994 136.360046
v -150.051849 163.574997 136.248962
v -150.051849 162.425003 136.248962
v -151.041565 161.850006 136.360046
v -151.737656 162.425003 138.502335
v -151.737656 163.574997 138.502335
v -150.762497 164.149994 138.300003
v -149.787338 163.574997 138.097672
v -149.787338 162.425003 138.097672
v -150.762497 161.850006 138.300003
v -151.164276 162.425003 140.605209
v -151.164276 163.574997 140.605209
v -150.220352 164.149994 140.287567
v -149.276428 163.574997 139.969925
v -149.276428 162.425003 139.969925
v -150.220352 161.850006 140.287567
v -150.358505 162.425003 142.608032
v -150.358505 163.574997 142.608032
v -149.449997 164.149994 142.199997
v -148.541489 163.574997 141.791962
v -148.541489 162.425003 141.791962
v -149.449997 161.850006 142.199997
v -149.322571 162.425003 144.690948
v -149.322571 163.574997 144.690948
v -148.453934 164.149994 144.203766
v -147.585297 163.574997 143.716583
v -147.585297 162.425003 143.716583
v -148.453934 161.850006 144.203766
v -148.083328 162.425003 146.664017
v -148.083328 163.574997 146.664017
v -147.262497 164.149994 146.100006
v -146.441666 163.574997 145.535995
v -146.441666 162.425003 145.535995
v -147.262497 161.850006 146.100006
v -146.559967 162.425003 148.697968
v -146.559967 163.574997 148.697968
v -145.776657 164.149994 148.082901
v -144.993347 163.574997 147.467834
v -144.993347 162.425003 147.467834
v -145.776657 161.850006 148.082901
v -144.983292 162.425003 150.615082
v -144.983292 163.574997 150.615082
v -144.199997 164.149994 150.000000
v -143.416702 163.574997 149.384918
v -143.416702 162.425003 149.384918
v -144.199997 161.850006 150.000000
v -150.790146 162.111450 135.004135
v -151.918137 162.335327 135.004135
v -152.327988 163.223892 134.399994
v -151.609848 163.888550 133.795853
v -150.481857 163.664673 133.795853
v -150.072006 162.776108 134.399994
v -150.631271 163.219849 136.485107
v -151.759262 163.443787 136.485153
v -152.169113 164.332367 135.881042
v -151.450974 164.997009 135.276855
v -150.322983 164.773071 135.276810
v -149.913132 163.884491 135.880920
v -150.359390 164.291733 137.917282
v -151.468826 164.581406 138.005173
v -151.871933 165.493866 137.432968
v -151.165604 166.116653 136.772873
v -150.056168 165.826981 136.684982
v -149.653061 164.914520 137.257187
v -149.830200 165.387344 139.381180
v -150.900085 165.759567 139.579361
v -151.288834 166.702026 139.047226
v -150.607681 167.272263 138.316910
v -149.537781 166.900040 138.118729
v -149.149033 165.957581 138.650864
v -149.077347 166.442703 140.791275
v -150.102951 166.878845 141.074860
v -150.475601 167.844513 140.573761
v -149.822647 168.374069 139.789078
v -148.797043 167.937927 139.505493
v -148.424393 166.972260 140.006592
v -148.096527 167.557907 142.281326
v -149.072906 168.049286 142.638733
v -149.427673 169.035034 142.164459
v -148.806061 169.529404 141.332779
v -147.829681 169.038025 140.975372
v -147.474915 168.052277 141.449646
v -146.928864 168.607620 143.683884
v -147.847076 169.151855 144.111893
v -148.180710 170.156815 143.663269
v -147.596130 170.617538 142.786636
v -146.677917 170.073303 142.358627
v -146.344284 169.068344 142.807251
v -145.457870 169.717255 145.166489
v -146.330902 170.296234 145.640945
v -146.648102 171.313828 145.209198
v -146.092300 171.752411 144.302994
v -145.219269 171.173431 143.828537
v -144.902069 170.155838 144.260284
v -143.882797 170.799194 146.612091
v -144.755798 171.378189 147.086563
v -145.072998 172.395767 146.654816
v -144.517197 172.834351 145.748596
v -143.644196 172.255356 145.274124
v -143.326996 171.237778 145.705872
v -150.644180 162.808472 135.388367
v -151.785629 162.948486 135.388367
v -152.341446 163.140030 134.399994
v -151.755814 163.191528 133.411621
v -150.614365 163.051514 133.411621
v -150.058548 162.859970 134.399994
v -150.485123 164.602356 135.612244
v -151.626556 164.742447 135.612244
v -152.182373 164.934006 134.623886
v -151.596756 164.985474 133.635498
v -150.455322 164.845383 133.635498
v -149.899506 164.653824 134.623856
v -150.216232 166.320114 135.826614
v -151.338058 166.572723 135.840668
v -151.884323 166.819077 134.859131
v -151.308762 166.812820 133.863541
v -150.186935 166.560211 133.849487
v -149.640671 166.313858 134.831024
v -149.692383 168.074326 136.045547
v -150.772507 168.467834 136.077179
v -151.298447 168.782806 135.104202
v -150.744293 168.704269 134.099594
v -149.664169 168.310760 134.067963
v -149.138229 167.995789 135.040939
v -148.946671 169.765106 136.256546
v -149.980316 170.267151 136.301727
v -150.483643 170.634964 135.335358
v -149.953323 170.500732 134.323807
v -148.919678 169.998688 134.278625
v -148.416351 169.630875 135.244995
v -147.971893 171.558472 136.480362
v -148.954147 172.153809 136.537186
v -149.432449 172.567062 135.576477
v -148.928497 172.384949 134.558945
v -147.946243 171.789612 134.502121
v -147.467941 171.376358 135.462830
v -146.813568 173.242950 136.690582
v -147.735504 173.927002 136.758469
v -148.184433 174.383438 135.803162
v -147.711426 174.155823 134.779938
v -146.789490 173.471771 134.712051
v -146.340561 173.015335 135.667358
v -145.348251 175.031570 136.913788
v -146.223495 175.773727 136.988937
v -146.649689 176.258453 136.037155
v -146.200638 176.001022 135.010223
v -145.325394 175.258865 134.935074
v -144.899200 174.774139 135.886856
v -143.773804 176.781113 137.132126
v -144.649048 177.523285 137.207275
v -145.075226 178.008026 136.255493
v -144.626190 177.750595 135.228561
v -143.750946 177.008423 135.153412
v -143.324768 176.523682 136.105194
v -150.000000 201.000000 134.839996
v -149.222229 195.333328 130.000000
v -149.222229 195.610687 132.266129
v -149.222229 196.415573 134.310425
v -149.222229 197.669220 135.932785
v -149.222229 199.248901 136.974411
v -149.222229 201.000000 137.333328
v -149.222229 202.751099 136.974411
v -149.222229 204.330780 135.932785
v -149.222229 205.584427 134.310425
v -149.222229 206.389313 132.266129
v -149.222229 206.666672 130.000000
v -146.888885 189.666672 130.000000
v -146.888885 190.221359 134.532242
v -146.888885 191.831146 138.620850
v -146.888885 194.338440 141.865585
v -146.888885 197.497803 143.948822
v -146.888885 201.000000 144.666672
v -146.888885 204.502197 143.948822
v -146.888885 207.661560 141.865585
v -146.888885 210.168854 138.620850
v -146.888885 211.778641 134.532242
v -146.888885 212.333328 130.000000
v -141.500000 201.000000 136.160004
v -142.922958 184.873047 130.316360
v -143.423203 184.616653 130.000000
v -142.922852 185.663635 136.765533
v -143.421921 185.416763 136.552505
v -142.922623 187.956177 142.581970
v -143.418625 187.740204 142.467285
v -142.922501 191.523880 147.197098
v -143.414597 191.362747 147.165878
v -142.922501 196.018097 150.160553
v -143.411423 195.931961 150.185379
v -142.922531 201.000000 151.181885
v -143.410248 201.000000 151.226379
v -142.922501 205.981903 150.160553
v -143.411423 206.068039 150.185379
v -142.922501 210.476120 147.197098
v -143.414597 210.637253 147.165878
v -142.922623 214.043823 142.581970
v -143.418625 214.259796 142.467285
v -142.922852 216.336365 136.765533
v -143.421921 216.583237 136.552505
v -143.423203 217.383331 130.000000
v -142.922958 217.126953 130.316360
v -151.784470 201.056503 135.828781
v -150.641144 201.180267 135.828781
v -150.056671 201.123749 134.839996
v -150.615524 200.943497 133.851212
v -151.758850 200.819733 133.851212
v -152.343323 200.876251 134.839996
v -151.626312 199.025879 136.074738
v -150.483002 199.149689 136.074738
v -149.898529 199.093216 135.085953
v -150.457367 198.912933 134.097168
v -151.600677 198.789124 134.097168
v -152.185150 198.845596 135.085953
v -151.339050 196.963074 136.324600
v -150.211227 197.187454 136.312424
v -149.634659 197.182373 135.317398
v -150.185944 196.952942 134.334579
v -151.313766 196.728561 134.346756
v -151.890335 196.733643 135.341782
v -150.780823 194.840744 136.581680
v -149.686371 195.192749 136.554031
v -149.126877 195.252945 135.551117
v -149.661835 194.961105 134.575851
v -150.756287 194.609100 134.603500
v -151.315781 194.548904 135.606415
v -149.989990 192.804245 136.828354
v -148.933685 193.257156 136.788483
v -148.393692 193.368927 135.779312
v -148.910004 193.027786 134.810013
v -149.966309 192.574875 134.849884
v -150.506302 192.463104 135.859055
v -148.973618 190.685532 137.084991
v -147.960648 191.227585 137.034317
v -147.442810 191.384918 136.019623
v -147.937943 191.000198 135.055603
v -148.950912 190.458145 135.106277
v -149.468750 190.300812 136.120972
v -147.753510 188.672012 137.328873
v -146.793015 189.301468 137.267624
v -146.302017 189.503479 136.247528
v -146.771484 189.076035 135.288681
v -147.731979 188.446579 135.349930
v -148.222977 188.244568 136.370026
v -146.247543 186.589035 137.581177
v -145.328568 187.277008 137.512833
v -144.858780 187.508942 136.489105
v -145.307968 187.052902 135.533722
v -146.226944 186.364914 135.602066
v -146.696732 186.132996 136.625793
v -144.669785 184.600113 137.822098
v -143.750809 185.288101 137.753754
v -143.281036 185.520035 136.730026
v -143.730209 185.063980 135.774643
v -144.649185 184.375992 135.842987
v -145.118958 184.144058 136.866714
v -151.901657 201.673264 135.453918
v -150.768906 201.871643 135.453918
v -150.067245 201.198380 134.839996
v -150.498337 200.326736 134.226074
v -151.631088 200.128357 134.226074
v -152.332748 200.801620 134.839996
v -151.743530 200.418304 137.081345
v -150.610779 200.616730 137.081314
v -149.909119 199.943481 136.467361
v -150.340210 199.071838 135.853470
v -151.472961 198.873413 135.853500
v -152.174622 199.546661 136.467453
v -151.454742 199.137344 138.742538
v -150.337189 199.396790 138.663376
v -149.644943 198.761337 138.000412
v -150.070251 197.866470 137.416641
v -151.187805 197.607025 137.495804
v -151.880051 198.242477 138.158768
v -150.893356 197.818207 140.453262
v -149.808594 198.155121 140.273605
v -149.136658 197.567673 139.548401
v -149.549484 196.643311 139.002853
v -150.634247 196.306396 139.182510
v -151.306183 196.893845 139.907715
v -150.098709 196.553299 142.093628
v -149.051437 196.951523 141.834473
v -148.402725 196.402054 141.060043
v -148.801285 195.454361 140.544739
v -149.848557 195.056137 140.803894
v -150.497269 195.605606 141.578323
v -149.078262 195.238678 143.798462
v -148.073654 195.691101 143.469009
v -147.451355 195.175217 142.651016
v -147.833694 194.206879 142.162476
v -148.838303 193.754456 142.491928
v -149.460602 194.270340 143.309921
v -147.852768 193.988678 145.419510
v -146.899841 194.494308 145.021057
v -146.309570 194.011383 144.160324
v -146.672226 193.022797 143.698044
v -147.625153 192.517166 144.096497
v -148.215424 193.000092 144.957230
v -146.342789 192.697845 147.093475
v -145.430801 193.239151 146.648773
v -144.865891 192.778305 145.759399
v -145.212967 191.776154 145.314728
v -146.124954 191.234848 145.759430
v -146.689865 191.695694 146.648804
v -144.764908 191.468491 148.687759
v -143.852921 192.009796 148.243042
v -143.288010 191.548950 147.353653
v -143.635086 190.546799 146.908981
v -144.547073 190.005493 147.353699
v -145.111984 190.466339 148.243088
v -152.190781 200.425003 134.941040
v -152.190781 201.574997 134.941040
v -151.199997 202.149994 134.839996
v -150.209213 201.574997 134.738953
v -150.209213 200.425003 134.738953
v -151.199997 199.850006 134.839996
v -152.032944 200.425003 137.095306
v -152.032944 201.574997 137.095306
v -151.042160 202.149994 136.994232
v -150.051376 201.574997 136.893158
v -150.051376 200.425003 136.893158
v -151.042160 199.850006 136.994232
v -151.741150 200.425003 139.314697
v -151.741150 201.574997 139.314697
v -150.762497 202.149994 139.130005
v -149.783844 201.574997 138.945312
v -149.783844 200.425003 138.945312
v -150.762497 199.850006 139.130005
v -151.174789 200.425003 141.601242
v -151.174789 201.574997 141.601242
v -150.222427 202.149994 141.309891
v -149.270065 201.574997 141.018539
v -149.270065 200.425003 141.018539
v -150.222427 199.850006 141.309891
v -150.372040 200.425003 143.796432
v -150.372040 201.574997 143.796432
v -149.449997 202.149994 143.419998
v -148.527954 201.574997 143.043564
v -148.527954 200.425003 143.043564
v -149.449997 199.850006 143.419998
v -149.345184 200.425003 146.068405
v -149.345184 201.574997 146.068405
v -148.457932 202.149994 145.616013
v -147.570679 201.574997 145.163620
v -147.570679 200.425003 145.163620
v -148.457932 199.850006 145.616013
v -148.107101 200.425003 148.237762
v -148.107101 201.574997 148.237762
v -147.262497 202.149994 147.710007
v -146.417892 201.574997 147.182251
v -146.417892 200.425003 147.182251
v -147.262497 199.850006 147.710007
v -146.589645 200.425003 150.465149
v -146.589645 201.574997 150.465149
v -145.779053 202.149994 149.886520
v -144.968460 201.574997 149.307892
v -144.968460 200.425003 149.307892
v -145.779053 199.850006 149.886520
v -145.010574 200.425003 152.578644
v -145.010574 201.574997 152.578644
v -144.199997 202.149994 152.000000
v -143.389420 201.574997 151.421356
v -143.389420 200.425003 151.421356
v -144.199997 199.850006 152.000000
v -150.768906 200.128357 135.453918
v -151.901657 200.326736 135.453918
v -152.332748 201.198380 134.839996
v -151.631088 201.871643 134.226074
v -150.498337 201.673264 134.226074
v -150.067245 200.801620 134.839996
v -150.610779 201.383270 137.081314
v -151.743530 201.581696 137.081345
v -152.174622 202.453339 136.467453
v -151.472961 203.126587 135.853500
v -150.340210 202.928162 135.853470
v -149.909119 202.056519 136.467361
v -150.337189 202.603210 138.663376
v -151.454742 202.862656 138.742538
v -151.880051 203.757523 138.158768
v -151.187805 204.392975 137.495804
v -150.070251 204.133530 137.416641
v -149.644943 203.238663 138.000412
v -149.808594 203.844879 140.273605
v -150.893356 204.181793 140.453262
v -151.306183 205.106155 139.907715
v -150.634247 205.693604 139.182510
v -149.549484 205.356689 139.002853
v -149.136658 204.432327 139.548401
v -149.051437 205.048477 141.834473
v -150.098709 205.446701 142.093628
v -150.497269 206.394394 141.578323
v -149.848557 206.943863 140.803894
v -148.801285 206.545639 140.544739
v -148.402725 205.597946 141.060043
v -148.073654 206.308899 143.469009
v -149.078262 206.761322 143.798462
v -149.460602 207.729660 143.309921
v -148.838303 208.245544 142.491928
v -147.833694 207.793121 142.162476
v -147.451355 206.824783 142.651016
v -146.899841 207.505692 145.021057
v -147.852768 208.011322 145.419510
v -148.215424 208.999908 144.957230
v -147.625153 209.482834 144.096497
v -146.672226 208.977203 143.698044
v -146.309570 207.988617 144.160324
v -145.430801 208.760849 146.648773
v -146.342789 209.302155 147.093475
v -146.689865 210.304306 146.648804
v -146.124954 210.765152 145.759430
v -145.212967 210.223846 145.314728
v -144.865891 209.221695 145.759399
v -143.852921 209.990204 148.243042
v -144.764908 210.531509 148.687759
v -145.111984 211.533661 148.243088
v -144.547073 211.994507 147.353699
v -143.635086 211.453201 146.908981
v -143.288010 210.451050 147.353653
v -150.641144 200.819733 135.828781
v -151.784470 200.943497 135.828781
v -152.343323 201.123749 134.839996
v -151.758850 201.180267 133.851212
v -150.615524 201.056503 133.851212
v -150.056671 200.876251 134.839996
v -150.483002 202.850311 136.074738
v -151.626312 202.974121 136.074738
v -152.185150 203.154404 135.085953
v -151.600677 203.210876 134.097168
v -150.457367 203.087067 134.097168
v -149.898529 202.906784 135.085953
v -150.211227 204.812546 136.312424
v -151.339050 205.036926 136.324600
v -151.890335 205.266357 135.341782
v -151.313766 205.271439 134.346756
v -150.185944 205.047058 134.334579
v -149.634659 204.817627 135.317398
v -149.686371 206.807251 136.554031
v -150.780823 207.159256 136.581680
v -151.315781 207.451096 135.606415
v -150.756287 207.390900 134.603500
v -149.661835 207.038895 134.575851
v -149.126877 206.747055 135.551117
v -148.933685 208.742844 136.788483
v -149.989990 209.195755 136.828354
v -150.506302 209.536896 135.859055
v -149.966309 209.425125 134.849884
v -148.910004 208.972214 134.810013
v -148.393692 208.631073 135.779312
v -147.960648 210.772415 137.034317
v -148.973618 211.314468 137.084991
v -149.468750 211.699188 136.120972
v -148.950912 211.541855 135.106277
v -147.937943 210.999802 135.055603
v -147.442810 210.615082 136.019623
v -146.793015 212.698532 137.267624
v -147.753510 213.327988 137.328873
v -148.222977 213.755432 136.370026
v -147.731979 213.553421 135.349930
v -146.771484 212.923965 135.288681
v -146.302017 212.496521 136.247528
v -145.328568 214.722977 137.512833
v -146.247543 215.410965 137.581177
v -146.696732 215.867004 136.625793
v -146.226944 215.635086 135.602066
v -145.307968 214.947098 135.533722
v -144.858780 214.491058 136.489105
v -143.750809 216.711899 137.753754
v -144.669785 217.399887 137.822098
v -145.118958 217.855942 136.866714
v -144.649185 217.624008 135.842987
v -143.730209 216.936020 135.774643
v -143.281036 216.479965 136.730026
v -138.561096 257.600037 144.226990
v -139.026428 259.231171 145.890640
v -140.440079 257.335968 145.656830
v -139.390274 259.180023 148.504944
v -139.388000 257.483826 150.168594
v -140.803925 257.284851 148.271133
v -138.193665 254.985748 144.226990
v -140.072662 254.721680 145.656830
v -138.191391 253.289551 145.890640
v -139.020584 254.869537 150.168594
v -138.555237 253.238419 148.504944
v -140.436508 254.670532 148.271133
v -84.979416 265.130463 151.831406
v -83.563492 265.329468 153.728867
v -85.444763 266.761597 153.495056
v -85.806328 265.014252 157.773010
v -85.808609 266.710449 156.109360
v -83.927338 265.278320 156.343170
v -84.612000 262.516174 151.831406
v -84.609726 260.819977 153.495056
v -83.196075 262.715149 153.728867
v -85.438911 262.399963 157.773010
v -83.559921 262.664032 156.343170
v -84.973572 260.768829 156.109360
v -131.237823 257.504944 148.000000
v -131.471649 259.168579 149.679993
v -132.901489 257.271118 149.679993
v -131.471649 259.168579 152.320007
v -131.237823 257.504944 154.000000
v -132.901489 257.271118 152.320007
v -130.870422 254.890640 148.000000
v -132.534058 254.656830 149.679993
v -130.636597 253.226990 149.679993
v -130.870422 254.890640 154.000000
v -130.636597 253.226990 152.320007
v -132.534058 254.656830 152.320007
v -77.129585 265.109375 148.000000
v -75.465935 265.343170 149.679993
v -77.363396 266.773010 149.679993
v -77.129585 265.109375 154.000000
v -77.363396 266.773010 152.320007
v -75.465935 265.343170 152.320007
v -76.762169 262.495056 148.000000
v -76.528358 260.831421 149.679993
v -75.098518 262.728882 149.679993
v -76.762169 262.495056 154.000000
v -75.098518 262.728882 152.320007
v -76.528358 260.831421 152.320007
v -123.388000 257.483826 151.831406
v -123.390274 259.180023 153.495056
v -124.803925 257.284851 153.728867
v -123.026428 259.231171 156.109360
v -122.561089 257.600037 157.773010
v -124.440079 257.335968 156.343170
v -123.020584 254.869537 151.831406
v -124.436508 254.670532 153.728867
v -122.555237 253.238419 153.495056
v -122.193672 254.985748 157.773010
v -122.191391 253.289551 156.109360
v -124.072662 254.721680 156.343170
v -69.806328 265.014252 144.226990
v -67.927338 265.278320 145.656830
v -69.808609 266.710449 145.890640
v -68.979416 265.130463 150.168594
v -69.444763 266.761597 148.504944
v -67.563492 265.329468 148.271133
v -69.438911 262.399963 144.226990
v -68.973572 260.768829 145.890640
v -67.559921 262.664032 145.656830
v -68.612000 262.516174 150.168594
v -67.196075 262.715149 148.271133
v -68.609726 260.819977 148.504944
v -98.000000 260.000000 151.000000
v -100.072952 262.853180 151.000000
v -103.427048 261.763367 151.000000
v -103.427048 258.236633 151.000000
v -100.072952 257.146820 151.000000
v -99.386436 260.000000 157.074371
v -101.254097 262.853180 156.174957
v -104.276039 261.763367 154.719666
v -104.276039 258.236633 154.719666
v -101.254097 257.146820 156.174957
v -103.271149 260.000000 161.945648
v -104.563606 262.853180 160.324951
v -106.654854 261.763367 157.702606
v -106.654854 258.236633 157.702606
v -104.563606 257.146820 160.324951
v -108.884705 260.000000 164.648987
v -109.345978 262.853149 162.628021
v -110.092339 261.763367 159.358002
v -110.092339 258.236633 159.358002
v -109.345978 257.146820 162.628021
v -115.115295 260.000000 164.648987
v -114.654022 262.853149 162.628021
v -113.907661 261.763367 159.358002
v -113.907661 258.236633 159.358002
v -114.654022 257.146820 162.628021
v -120.728859 260.000000 161.945648
v -119.436401 262.853180 160.324951
v -117.345146 261.763367 157.702606
v -117.345146 258.236633 157.702606
v -119.436401 257.146820 160.324951
v -124.613564 260.000000 157.074371
v -122.745903 262.853180 156.174957
v -119.723961 261.763367 154.719666
v -119.723961 258.236633 154.719666
v -122.745903 257.146820 156.174957
v -126.000000 260.000000 151.000000
v -123.927048 262.853180 151.000000
v -120.572952 261.763367 151.000000
v -120.572952 258.236633 151.000000
v -123.927048 257.146820 151.000000
v -124.613571 260.000000 144.925629
v -122.745903 262.853180 145.825043
v -119.723961 261.763367 147.280334
v -119.723961 258.236633 147.280334
v -122.745903 257.146820 145.825043
v -120.728859 260.000000 140.054352
v -119.436401 262.853180 141.675049
v -117.345146 261.763367 144.297394
v -117.345146 258.236633 144.297394
v -119.436401 257.146820 141.675049
v -115.115295 260.000000 137.351013
v -114.654022 262.853180 139.371979
v -113.907661 261.763367 142.641998
v -113.907661 258.236633 142.641998
v -114.654022 257.146851 139.371979
v -108.884705 260.000000 137.351013
v -109.345978 262.853180 139.371979
v -110.092339 261.763367 142.641998
v -110.092339 258.236633 142.641998
v -109.345978 257.146851 139.371979
v -103.271149 260.000000 140.054352
v -104.563614 262.853180 141.675049
v -106.654861 261.763367 144.297394
v -106.654861 258.236633 144.297394
v -104.563614 257.146820 141.675049
v -99.386436 260.000000 144.925629
v -101.254105 262.853180 145.825043
v -104.276039 261.763367 147.280334
v -104.276039 258.236633 147.280334
v -101.254105 257.146820 145.825043
v -118.000000 -169.929443 129.000000
v -119.931854 -171.482361 131.000000
v -116.068146 -171.482361 131.000000
v -118.000000 -169.929443 169.000000
v -116.068146 -171.482361 167.000000
v -119.931854 -171.482361 167.000000
v -114.035278 -168.867096 129.000000
v -113.000000 -170.660248 131.000000
v -114.035278 -168.867096 169.000000
v -113.000000 -170.660248 167.000000
v -111.132896 -165.964722 129.000000
v -109.339745 -167.000000 131.000000
v -111.132896 -165.964722 169.000000
v -109.339745 -167.000000 167.000000
v -110.070557 -162.000000 129.000000
v -108.517639 -163.931854 131.000000
v -108.517639 -160.068146 131.000000
v -110.070557 -162.000000 169.000000
v -108.517639 -160.068146 167.000000
v -108.517639 -163.931854 167.000000
v -111.132896 -158.035278 129.000000
v -109.339745 -157.000000 131.000000
v -111.132896 -158.035278 169.000000
v -109.339745 -157.000000 167.000000
v -114.035278 -155.132904 129.000000
v -113.000000 -153.339752 131.000000
v -114.035278 -155.132904 169.000000
v -113.000000 -153.339752 167.000000
v -118.000000 -154.070557 129.000000
v -116.068146 -152.517639 131.000000
v -119.931854 -152.517639 131.000000
v -118.000000 -154.070557 169.000000
v -119.931854 -152.517639 167.000000
v -116.068146 -152.517639 167.000000
v -121.964722 -155.132904 129.000000
v -123.000000 -153.339752 131.000000
v -121.964722 -155.132904 169.000000
v -123.000000 -153.339752 167.000000
v -124.867104 -158.035278 129.000000
v -126.660255 -157.000000 131.000000
v -124.867104 -158.035278 169.000000
v -126.660255 -157.000000 167.000000
v -125.929443 -162.000000 129.000000
v -127.482361 -160.068146 131.000000
v -127.482361 -163.931854 131.000000
v -125.929443 -162.000000 169.000000
v -127.482361 -163.931854 167.000000
v -127.482361 -160.068146 167.000000
v -124.867104 -165.964722 129.000000
v -126.660255 -167.000000 131.000000
v -124.867104 -165.964722 169.000000
v -126.660255 -167.000000 167.000000
v -121.964722 -168.867096 129.000000
v -123.000000 -170.660248 131.000000
v -121.964722 -168.867096 169.000000
v -123.000000 -170.660248 167.000000
v -118.000000 -165.948547 166.500000
v -118.951057 -166.690979 167.500000
v -117.048943 -166.690979 167.500000
v -118.000000 -165.948547 181.500000
v -117.048943 -166.690979 180.500000
v -118.951057 -166.690979 180.500000
v -115.679108 -165.194427 166.500000
v -116.012131 -166.354095 167.500000
v -114.473289 -165.236053 167.500000
v -115.679108 -165.194427 181.500000
v -114.473289 -165.236053 180.500000
v -116.012131 -166.354095 180.500000
v -114.244720 -163.220154 166.500000
v -113.832504 -164.354095 167.500000
v -113.244720 -162.545074 167.500000
v -114.244720 -163.220154 181.500000
v -113.244720 -162.545074 180.500000
v -113.832504 -164.354095 180.500000
v -114.244720 -160.779846 166.500000
v -113.244720 -161.454926 167.500000
v -113.832504 -159.645905 167.500000
v -114.244720 -160.779846 181.500000
v -113.832504 -159.645905 180.500000
v -113.244720 -161.454926 180.500000
v -115.679108 -158.805573 166.500000
v -114.473289 -158.763947 167.500000
v -116.012131 -157.645905 167.500000
v -115.679108 -158.805573 181.500000
v -116.012131 -157.645905 180.500000
v -114.473289 -158.763947 180.500000
v -118.000000 -158.051453 166.500000
v -117.048943 -157.309021 167.500000
v -118.951057 -157.309021 167.500000
v -118.000000 -158.051453 181.500000
v -118.951057 -157.309021 180.500000
v -117.048943 -157.309021 180.500000
v -120.320892 -158.805573 166.500000
v -119.987869 -157.645905 167.500000
v -121.526711 -158.763947 167.500000
v -120.320892 -158.805573 181.500000
v -121.526711 -158.763947 180.500000
v -119.987869 -157.645905 180.500000
v -121.755280 -160.779846 166.500000
v -122.167496 -159.645905 167.500000
v -122.755280 -161.454926 167.500000
v -121.755280 -160.779846 181.500000
v -122.755280 -161.454926 180.500000
v -122.167496 -159.645905 180.500000
v -121.755280 -163.220154 166.500000
v -122.755280 -162.545074 167.500000
v -122.167496 -164.354095 167.500000
v -121.755280 -163.220154 181.500000
v -122.167496 -164.354095 180.500000
v -122.755280 -162.545074 180.500000
v -120.320892 -165.194427 166.500000
v -121.526711 -165.236053 167.500000
v -119.987869 -166.354095 167.500000
v -120.320892 -165.194427 181.500000
v -119.987869 -166.354095 180.500000
v -121.526711 -165.236053 180.500000
v -118.000000 -197.929443 134.000000
v -119.931854 -199.482361 136.000000
v -116.068146 -199.482361 136.000000
v -118.000000 -197.929443 174.000000
v -116.068146 -199.482361 172.000000
v -119.931854 -199.482361 172.000000
v -114.035278 -196.867096 134.000000
v -113.000000 -198.660248 136.000000
v -114.035278 -196.867096 174.000000
v -113.000000 -198.660248 172.000000
v -111.132896 -193.964722 134.000000
v -109.339745 -195.000000 136.000000
v -111.132896 -193.964722 174.000000
v -109.339745 -195.000000 172.000000
v -110.070557 -190.000000 134.000000
v -108.517639 -191.931854 136.000000
v -108.517639 -188.068146 136.000000
v -110.070557 -190.000000 174.000000
v -108.517639 -188.068146 172.000000
v -108.517639 -191.931854 172.000000
v -111.132896 -186.035278 134.000000
v -109.339745 -185.000000 136.000000
v -111.132896 -186.035278 174.000000
v -109.339745 -185.000000 172.000000
v -114.035278 -183.132904 134.000000
v -113.000000 -181.339752 136.000000
v -114.035278 -183.132904 174.000000
v -113.000000 -181.339752 172.000000
v -118.000000 -182.070557 134.000000
v -116.068146 -180.517639 136.000000
v -119.931854 -180.517639 136.000000
v -118.000000 -182.070557 174.000000
v -119.931854 -180.517639 172.000000
v -116.068146 -180.517639 172.000000
v -121.964722 -183.132904 134.000000
v -123.000000 -181.339752 136.000000
v -121.964722 -183.132904 174.000000
v -123.000000 -181.339752 172.000000
v -124.867104 -186.035278 134.000000
v -126.660255 -185.000000 136.000000
v -124.867104 -186.035278 174.000000
v -126.660255 -185.000000 172.000000
v -125.929443 -190.000000 134.000000
v -127.482361 -188.068146 136.000000
v -127.482361 -191.931854 136.000000
v -125.929443 -190.000000 174.000000
v -127.482361 -191.931854 172.000000
v -127.482361 -188.068146 172.000000
v -124.867104 -193.964722 134.000000
v -126.660255 -195.000000 136.000000
v -124.867104 -193.964722 174.000000
v -126.660255 -195.000000 172.000000
v -121.964722 -196.867096 134.000000
v -123.000000 -198.660248 136.000000
v -121.964722 -196.867096 174.000000
v -123.000000 -198.660248 172.000000
v -118.000000 -193.948547 171.500000
v -118.951057 -194.690979 172.500000
v -117.048943 -194.690979 172.500000
v -118.000000 -193.948547 186.500000
v -117.048943 -194.690979 185.500000
v -118.951057 -194.690979 185.500000
v -115.679108 -193.194427 171.500000
v -116.012131 -194.354095 172.500000
v -114.473289 -193.236053 172.500000
v -115.679108 -193.194427 186.500000
v -114.473289 -193.236053 185.500000
v -116.012131 -194.354095 185.500000
v -114.244720 -191.220154 171.500000
v -113.832504 -192.354095 172.500000
v -113.244720 -190.545074 172.500000
v -114.244720 -191.220154 186.500000
v -113.244720 -190.545074 185.500000
v -113.832504 -192.354095 185.500000
v -114.244720 -188.779846 171.500000
v -113.244720 -189.454926 172.500000
v -113.832504 -187.645905 172.500000
v -114.244720 -188.779846 186.500000
v -113.832504 -187.645905 185.500000
v -113.244720 -189.454926 185.500000
v -115.679108 -186.805573 171.500000
v -114.473289 -186.763947 172.500000
v -116.012131 -185.645905 172.500000
v -115.679108 -186.805573 186.500000
v -116.012131 -185.645905 185.500000
v -114.473289 -186.763947 185.500000
v -118.000000 -186.051453 171.500000
v -117.048943 -185.309021 172.500000
v -118.951057 -185.309021 172.500000
v -118.000000 -186.051453 186.500000
v -118.951057 -185.309021 185.500000
v -117.048943 -185.309021 185.500000
v -120.320892 -186.805573 171.500000
v -119.987869 -185.645905 172.500000
v -121.526711 -186.763947 172.500000
v -120.320892 -186.805573 186.500000
v -121.526711 -186.763947 185.500000
v -119.987869 -185.645905 185.500000
v -121.755280 -188.779846 171.500000
v -122.167496 -187.645905 172.500000
v -122.755280 -189.454926 172.500000
v -121.755280 -188.779846 186.500000
v -122.755280 -189.454926 185.500000
v -122.167496 -187.645905 185.500000
v -121.755280 -191.220154 171.500000
v -122.755280 -190.545074 172.500000
v -122.167496 -192.354095 172.500000
v -121.755280 -191.220154 186.500000
v -122.167496 -192.354095 185.500000
v -122.755280 -190.545074 185.500000
v -120.320892 -193.194427 171.500000
v -121.526711 -193.236053 172.500000
v -119.987869 -194.354095 172.500000
v -120.320892 -193.194427 186.500000
v -119.987869 -194.354095 185.500000
v -121.526711 -193.236053 185.500000
v -118.000000 -225.929443 129.000000
v -119.931854 -227.482361 131.000000
v -116.068146 -227.482361 131.000000
v -118.000000 -225.929443 169.000000
v -116.068146 -227.482361 167.000000
v -119.931854 -227.482361 167.000000
v -114.035278 -224.867096 129.000000
v -113.000000 -226.660248 131.000000
v -114.035278 -224.867096 169.000000
v -113.000000 -226.660248 167.000000
v -111.132896 -221.964722 129.000000
v -109.339745 -223.000000 131.000000
v -111.132896 -221.964722 169.000000
v -109.339745 -223.000000 167.000000
v -110.070557 -218.000000 129.000000
v -108.517639 -219.931854 131.000000
v -108.517639 -216.068146 131.000000
v -110.070557 -218.000000 169.000000
v -108.517639 -216.068146 167.000000
v -108.517639 -219.931854 167.000000
v -111.132896 -214.035278 129.000000
v -109.339745 -213.000000 131.000000
v -111.132896 -214.035278 169.000000
v -109.339745 -213.000000 167.000000
v -114.035278 -211.132904 129.000000
v -113.000000 -209.339752 131.000000
v -114.035278 -211.132904 169.000000
v -113.000000 -209.339752 167.000000
v -118.000000 -210.070557 129.000000
v -116.068146 -208.517639 131.000000
v -119.931854 -208.517639 131.000000
v -118.000000 -210.070557 169.000000
v -119.931854 -208.517639 167.000000
v -116.068146 -208.517639 167.000000
v -121.964722 -211.132904 129.000000
v -123.000000 -209.339752 131.000000
v -121.964722 -211.132904 169.000000
v -123.000000 -209.339752 167.000000
v -124.867104 -214.035278 129.000000
v -126.660255 -213.000000 131.000000
v -124.867104 -214.035278 169.000000
v -126.660255 -213.000000 167.000000
v -125.929443 -218.000000 129.000000
v -127.482361 -216.068146 131.000000
v -127.482361 -219.931854 131.000000
v -125.929443 -218.000000 169.000000
v -127.482361 -219.931854 167.000000
v -127.482361 -216.068146 167.000000
v -124.867104 -221.964722 129.000000
v -126.660255 -223.000000 131.000000
v -124.867104 -221.964722 169.000000
v -126.660255 -223.000000 167.000000
v -121.964722 -224.867096 129.000000
v -123.000000 -226.660248 131.000000
v -121.964722 -224.867096 169.000000
v -123.000000 -226.660248 167.000000
v -118.000000 -221.948547 166.500000
v -118.951057 -222.690979 167.500000
v -117.048943 -222.690979 167.500000
v -118.000000 -221.948547 181.500000
v -117.048943 -222.690979 180.500000
v -118.951057 -222.690979 180.500000
v -115.679108 -221.194427 166.500000
v -116.012131 -222.354095 167.500000
v -114.473289 -221.236053 167.500000
v -115.679108 -221.194427 181.500000
v -114.473289 -221.236053 180.500000
v -116.012131 -222.354095 180.500000
v -114.244720 -219.220154 166.500000
v -113.832504 -220.354095 167.500000
v -113.244720 -218.545074 167.500000
v -114.244720 -219.220154 181.500000
v -113.244720 -218.545074 180.500000
v -113.832504 -220.354095 180.500000
v -114.244720 -216.779846 166.500000
v -113.244720 -217.454926 167.500000
v -113.832504 -215.645905 167.500000
v -114.244720 -216.779846 181.500000
v -113.832504 -215.645905 180.500000
v -113.244720 -217.454926 180.500000
v -115.679108 -214.805573 166.500000
v -114.473289 -214.763947 167.500000
v -116.012131 -213.645905 167.500000
v -115.679108 -214.805573 181.500000
v -116.012131 -213.645905 180.500000
v -114.473289 -214.763947 180.500000
v -118.000000 -214.051453 166.500000
v -117.048943 -213.309021 167.500000
v -118.951057 -213.309021 167.500000
v -118.000000 -214.051453 181.500000
v -118.951057 -213.309021 180.500000
v -117.048943 -213.309021 180.500000
v -120.320892 -214.805573 166.500000
v -119.987869 -213.645905 167.500000
v -121.526711 -214.763947 167.500000
v -120.320892 -214.805573 181.500000
v -121.526711 -214.763947 180.500000
v -119.987869 -213.645905 180.500000
v -121.755280 -216.779846 166.500000
v -122.167496 -215.645905 167.500000
v -122.755280 -217.454926 167.500000
v -121.755280 -216.779846 181.500000
v -122.755280 -217.454926 180.500000
v -122.167496 -215.645905 180.500000
v -121.755280 -219.220154 166.500000
v -122.755280 -218.545074 167.500000
v -122.167496 -220.354095 167.500000
v -121.755280 -219.220154 181.500000
v -122.167496 -220.354095 180.500000
v -122.755280 -218.545074 180.500000
v -120.320892 -221.194427 166.500000
v -121.526711 -221.236053 167.500000
v -119.987869 -222.354095 167.500000
v -120.320892 -221.194427 181.500000
v -119.987869 -222.354095 180.500000
v -121.526711 -221.236053 180.500000
v -150.000000 -125.000000 133.960007
v -149.222229 -129.333313 130.000000
v -149.222229 -129.121246 131.854095
v -149.222229 -128.505737 133.526718
v -149.222229 -127.547058 134.854095
v -149.222229 -126.339081 135.706345
v -149.222229 -125.000000 136.000000
v -149.222229 -123.660919 135.706345
v -149.222229 -122.452942 134.854095
v -149.222229 -121.494263 133.526718
v -149.222229 -120.878754 131.854095
v -149.222229 -120.666656 130.000000
v -146.888885 -133.666687 130.000000
v -146.888885 -133.242493 133.708206
v -146.888885 -132.011475 137.053421
v -146.888885 -130.094116 139.708206
v -146.888885 -127.678162 141.412674
v -146.888885 -125.000000 142.000000
v -146.888885 -122.321838 141.412674
v -146.888885 -119.905853 139.708206
v -146.888885 -117.988525 137.053421
v -146.888885 -116.757507 133.708206
v -146.888885 -116.333344 130.000000
v -141.500000 -125.000000 135.039993
v -142.901901 -137.149811 130.329605
v -143.496750 -137.446472 130.000000
v -142.901840 -136.554626 135.528122
v -143.495163 -136.838989 135.326218
v -142.901810 -134.828796 140.217484
v -143.491013 -135.074585 140.134857
v -142.902008 -132.142059 143.940277
v -143.485870 -132.322968 143.955826
v -142.902313 -128.755615 146.332382
v -143.481796 -128.851318 146.412064
v -142.902451 -125.000000 147.157166
v -143.480270 -125.000000 147.259003
v -142.902313 -121.244385 146.332382
v -143.481796 -121.148682 146.412064
v -142.902008 -117.857941 143.940277
v -143.485870 -117.677032 143.955826
v -142.901810 -115.171234 140.217484
v -143.491013 -114.925415 140.134857
v -142.901840 -113.445374 135.528122
v -143.495163 -113.161011 135.326218
v -143.496750 -112.553528 130.000000
v -142.901901 -112.850189 130.329605
v -151.787094 -124.955078 134.947830
v -150.648438 -124.793915 134.947830
v -150.061340 -124.838837 133.960007
v -150.612900 -125.044922 132.972183
v -151.751556 -125.206085 132.972183
v -152.338654 -125.161163 133.960007
v -151.626740 -126.512604 135.149689
v -150.488098 -126.351318 135.149673
v -149.901016 -126.396179 134.161835
v -150.452576 -126.602325 133.174011
v -151.591217 -126.763611 133.174026
v -152.178299 -126.718750 134.161865
v -151.336395 -128.111725 135.356934
v -150.223328 -127.823120 135.340408
v -149.649429 -127.802307 134.344070
v -150.188599 -128.070129 133.364227
v -151.301666 -128.358765 133.380753
v -151.875565 -128.379547 134.377090
v -150.760696 -129.781616 135.573334
v -149.700989 -129.336456 135.536530
v -149.154602 -129.234955 134.529724
v -149.667923 -129.578613 133.559723
v -150.727631 -130.023743 133.596527
v -151.274017 -130.125244 134.603333
v -149.966797 -131.343292 135.775726
v -148.964462 -130.781921 135.723862
v -148.447662 -130.620483 134.709290
v -148.933197 -131.020447 133.746582
v -149.935532 -131.581818 133.798447
v -150.452332 -131.743225 134.813019
v -148.928375 -132.997314 135.990082
v -147.987198 -132.339630 135.925735
v -147.501923 -132.128540 134.904724
v -147.957825 -132.575134 133.948059
v -148.899002 -133.232849 134.012405
v -149.384277 -133.443909 135.033417
v -147.712158 -134.529297 136.188614
v -146.840057 -133.783508 136.112854
v -146.390396 -133.527039 135.085968
v -146.812836 -134.016296 134.134842
v -147.684937 -134.762085 134.210602
v -148.134598 -135.018555 135.237488
v -146.193176 -136.138702 136.397202
v -145.373001 -135.336884 136.314178
v -144.950119 -135.051483 135.283539
v -145.347412 -135.567902 134.335922
v -146.167587 -136.369720 134.418945
v -146.590469 -136.655121 135.449585
v -144.622864 -137.649170 136.592941
v -143.802719 -136.847290 136.509918
v -143.379837 -136.561890 135.479279
v -143.777130 -137.078308 134.531662
v -144.597275 -137.880188 134.614685
v -145.020157 -138.165588 135.645325
v -151.939255 -124.347778 134.552094
v -150.818283 -124.091034 134.552109
v -150.079025 -124.743286 133.960007
v -150.460739 -125.652222 133.367920
v -151.581711 -125.908966 133.367905
v -152.320969 -125.256714 133.960007
v -151.779373 -125.309753 135.886887
v -150.658401 -125.052979 135.886810
v -149.919144 -125.705170 135.294662
v -150.300858 -126.614166 134.702591
v -151.421829 -126.870941 134.702667
v -152.161087 -126.218750 135.294815
v -151.486557 -126.304871 137.267609
v -150.388641 -125.977173 137.169144
v -149.664581 -126.582611 136.512115
v -150.038437 -127.515747 135.953552
v -151.136353 -127.843445 136.052017
v -151.860413 -127.238007 136.709045
v -150.907837 -127.342834 138.707809
v -149.858337 -126.927399 138.487610
v -149.166229 -127.474976 137.750290
v -149.523590 -128.437988 137.233170
v -150.573090 -128.853394 137.453369
v -151.265198 -128.305847 138.190689
v -150.107330 -128.316559 140.058868
v -149.110580 -127.835114 139.747086
v -148.453247 -128.339172 138.949371
v -148.792664 -129.324646 138.463440
v -149.789413 -129.806091 138.775223
v -150.446747 -129.302032 139.572937
v -149.065308 -129.342346 141.482178
v -148.125504 -128.805511 141.093521
v -147.505707 -129.273010 140.245117
v -147.825745 -130.277344 139.785370
v -148.765549 -130.814209 140.174026
v -149.385345 -130.346680 141.022430
v -147.839325 -130.297272 142.807129
v -146.964661 -129.709076 142.347229
v -146.387833 -130.142731 141.451828
v -146.685669 -131.164551 141.016327
v -147.560333 -131.752747 141.476227
v -148.137161 -131.319092 142.371628
v -146.315887 -131.294617 144.190933
v -145.490707 -130.673401 143.685257
v -144.946518 -131.085297 142.759674
v -145.227509 -132.118347 142.339767
v -146.052689 -132.739563 142.845444
v -146.596878 -132.327667 143.771027
v -144.744171 -132.229309 145.487900
v -143.919022 -131.608154 144.982193
v -143.374832 -132.020020 144.056610
v -143.655823 -133.053101 143.636703
v -144.480972 -133.674255 144.142410
v -145.025162 -133.262390 145.067993
v -152.188278 -125.575012 134.083191
v -152.188278 -124.424988 134.083191
v -151.199997 -123.850006 133.960007
v -150.211716 -124.424988 133.836823
v -150.211716 -125.575012 133.836823
v -151.199997 -126.149994 133.960007
v -152.029022 -125.575012 135.849228
v -152.029022 -124.424988 135.849228
v -151.040756 -123.850006 135.725983
v -150.052490 -124.424988 135.602737
v -150.052490 -125.575012 135.602737
v -151.040756 -126.149994 135.725983
v -151.733017 -125.575012 137.693558
v -151.733017 -124.424988 137.693558
v -150.762497 -123.850006 137.470001
v -149.791977 -124.424988 137.246445
v -149.791977 -125.575012 137.246445
v -150.762497 -126.149994 137.470001
v -151.150574 -125.575012 139.614380
v -151.150574 -124.424988 139.614380
v -150.217712 -123.850006 139.265594
v -149.284851 -124.424988 138.916809
v -149.284851 -125.575012 138.916809
v -150.217712 -126.149994 139.265594
v -150.341125 -125.575012 141.424713
v -150.341125 -124.424988 141.424713
v -149.449997 -123.850006 140.979996
v -148.558868 -124.424988 140.535278
v -148.558868 -125.575012 140.535278
v -149.449997 -126.149994 140.979996
v -149.294312 -125.575012 143.318329
v -149.294312 -124.424988 143.318329
v -148.449081 -123.850006 142.791595
v -147.603851 -124.424988 142.264862
v -147.603851 -125.575012 142.264862
v -148.449081 -126.149994 142.791595
v -148.054199 -125.575012 145.094238
v -148.054199 -124.424988 145.094238
v -147.262497 -123.850006 144.490005
v -146.470795 -124.424988 143.885773
v -146.470795 -125.575012 143.885773
v -147.262497 -126.149994 144.490005
v -146.524231 -125.575012 146.933960
v -146.524231 -124.424988 146.933960
v -145.773773 -123.850006 146.279205
v -145.023315 -124.424988 145.624451
v -145.023315 -125.575012 145.624451
v -145.773773 -126.149994 146.279205
v -144.950439 -125.575012 148.654770
v -144.950439 -124.424988 148.654770
v -144.199997 -123.850006 148.000000
v -143.449554 -124.424988 147.345230
v -143.449554 -125.575012 147.345230
v -144.199997 -126.149994 148.000000
v -150.818283 -125.908966 134.552109
v -151.939255 -125.652222 134.552109
v -152.320969 -124.743286 133.960007
v -151.581711 -124.091034 133.367920
v -150.460739 -124.347778 133.367905
v -150.079025 -125.256714 133.960007
v -150.658401 -124.947021 135.886810
v -151.779373 -124.690247 135.886887
v -152.161087 -123.781250 135.294815
v -151.421829 -123.129059 134.702667
v -150.300858 -123.385834 134.702591
v -149.919144 -124.294830 135.294662
v -150.388641 -124.022827 137.169144
v -151.486557 -123.695129 137.267624
v -151.860413 -122.761993 136.709045
v -151.136353 -122.156555 136.052017
v -150.038437 -122.484253 135.953537
v -149.664581 -123.417389 136.512115
v -149.858337 -123.072601 138.487610
v -150.907837 -122.657166 138.707809
v -151.265198 -121.694153 138.190689
v -150.573090 -121.146576 137.453369
v -149.523590 -121.562012 137.233170
v -149.166229 -122.525024 137.750290
v -149.110580 -122.164886 139.747086
v -150.107330 -121.683441 140.058868
v -150.446747 -120.697968 139.572937
v -149.789413 -120.193909 138.775223
v -148.792664 -120.675354 138.463440
v -148.453247 -121.660828 138.949371
v -148.125504 -121.194489 141.093521
v -149.065323 -120.657654 141.482178
v -149.385345 -119.653290 141.022430
v -148.765549 -119.185791 140.174026
v -147.825729 -119.722626 139.785370
v -147.505707 -120.726990 140.245117
v -146.964661 -120.290924 142.347214
v -147.839325 -119.702759 142.807114
v -148.137161 -118.680908 142.371628
v -147.560333 -118.247253 141.476242
v -146.685669 -118.835449 141.016342
v -146.387833 -119.857300 141.451828
v -145.490707 -119.326599 143.685257
v -146.315887 -118.705414 144.190933
v -146.596878 -117.672363 143.771027
v -146.052689 -117.260468 142.845444
v -145.227509 -117.881653 142.339767
v -144.946518 -118.914703 142.759674
v -143.919022 -118.391876 144.982193
v -144.744171 -117.770691 145.487900
v -145.025162 -116.737610 145.067993
v -144.480972 -116.325714 144.142410
v -143.655823 -116.946899 143.636703
v -143.374832 -117.979980 144.056610
v -150.648438 -125.206085 134.947830
v -151.787079 -125.044922 134.947830
v -152.338654 -124.838837 133.960007
v -151.751556 -124.793915 132.972183
v -150.612915 -124.955078 132.972183
v -150.061340 -125.161163 133.960007
v -150.488098 -123.648682 135.149673
v -151.626740 -123.487396 135.149689
v -152.178299 -123.281250 134.161865
v -151.591217 -123.236389 133.174026
v -150.452576 -123.397675 133.174011
v -149.901016 -123.603821 134.161835
v -150.223328 -122.176880 135.340408
v -151.336395 -121.888275 135.356934
v -151.875565 -121.620453 134.377090
v -151.301666 -121.641235 133.380753
v -150.188599 -121.929871 133.364227
v -149.649429 -122.197693 134.344070
v -149.700989 -120.663544 135.536530
v -150.760696 -120.218384 135.573334
v -151.274017 -119.874756 134.603333
v -150.727631 -119.976257 133.596527
v -149.667923 -120.421387 133.559723
v -149.154602 -120.765045 134.529724
v -148.964462 -119.218079 135.723862
v -149.966797 -118.656708 135.775726
v -150.452332 -118.256744 134.813019
v -149.935532 -118.418182 133.798447
v -148.933197 -118.979553 133.746582
v -148.447662 -119.379517 134.709290
v -147.987198 -117.660370 135.925735
v -148.928375 -117.002686 135.990082
v -149.384277 -116.556061 135.033417
v -148.899002 -116.767151 134.012405
v -147.957825 -117.424866 133.948059
v -147.501923 -117.871460 134.904724
v -146.840042 -116.216461 136.112854
v -147.712158 -115.470703 136.188629
v -148.134598 -114.981415 135.237488
v -147.684952 -115.237915 134.210602
v -146.812836 -115.983704 134.134827
v -146.390396 -116.472961 135.085968
v -145.373001 -114.663116 136.314163
v -146.193176 -113.861298 136.397186
v -146.590469 -113.344879 135.449570
v -146.167587 -113.630280 134.418930
v -145.347412 -114.432098 134.335907
v -144.950119 -114.948517 135.283524
v -143.802719 -113.152710 136.509918
v -144.622864 -112.350861 136.592941
v -145.020142 -111.834412 135.645325
v -144.597275 -112.119843 134.614685
v -143.777130 -112.921692 134.531662
v -143.379852 -113.438110 135.479279
v -150.000000 -163.000000 134.399994
v -149.222229 -168.000000 130.000000
v -149.222229 -167.755280 132.060120
v -149.222229 -167.045105 133.918564
v -149.222229 -165.938904 135.393448
v -149.222229 -164.545105 136.340378
v -149.222229 -163.000000 136.666672
v -149.222229 -161.454895 136.340378
v -149.222229 -160.061096 135.393448
v -149.222229 -158.954895 133.918564
v -149.222229 -158.244720 132.060120
v -149.222229 -158.000000 130.000000
v -146.888885 -173.000000 130.000000
v -146.888885 -172.510559 134.120224
v -146.888885 -171.090149 137.837143
v -146.888885 -168.877869 140.786896
v -146.888885 -166.090149 142.680756
v -146.888885 -163.000000 143.333328
v -146.888885 -159.909851 142.680756
v -146.888885 -157.122131 140.786896
v -146.888885 -154.909851 137.837143
v -146.888885 -153.489441 134.120224
v -146.888885 -153.000000 130.000000
v -141.500000 -163.000000 135.600006
v -142.913696 -177.137024 130.322174
v -143.457718 -177.411499 130.000000
v -142.913605 -176.444153 136.146912
v -143.456284 -176.707886 135.938629
v -142.913452 -174.435059 141.400528
v -143.452560 -174.664490 141.299683
v -142.913452 -171.308105 145.569901
v -143.448013 -171.478210 145.559006
v -142.913574 -167.368195 148.247864
v -143.444412 -167.458679 148.296555
v -142.913635 -163.000000 149.170975
v -143.443085 -163.000000 149.240433
v -142.913574 -158.631805 148.247864
v -143.444412 -158.541321 148.296555
v -142.913452 -154.691895 145.569901
v -143.448013 -154.521790 145.559006
v -142.913452 -151.564941 141.400528
v -143.452560 -151.335510 141.299683
v -142.913605 -149.555847 136.146912
v -143.456284 -149.292114 135.938629
v -143.457718 -148.588501 130.000000
v -142.913696 -148.862976 130.322174
v -151.785629 -162.948486 135.388367
v -150.644180 -162.808472 135.388367
v -150.058548 -162.859985 134.399994
v -150.614365 -163.051514 133.411621
v -151.755814 -163.191528 133.411621
v -152.341446 -163.140015 134.399994
v -151.626556 -164.742432 135.612244
v -150.485123 -164.602356 135.612244
v -149.899506 -164.653809 134.623856
v -150.455322 -164.845398 133.635498
v -151.596756 -164.985474 133.635498
v -152.182373 -164.934021 134.623886
v -151.338058 -166.572723 135.840668
v -150.216232 -166.320129 135.826614
v -149.640671 -166.313843 134.831024
v -150.186935 -166.560211 133.849487
v -151.308762 -166.812805 133.863541
v -151.884323 -166.819092 134.859131
v -150.772507 -168.467834 136.077179
v -149.692383 -168.074341 136.045547
v -149.138229 -167.995789 135.040939
v -149.664169 -168.310760 134.067963
v -150.744293 -168.704285 134.099594
v -151.298447 -168.782806 135.104202
v -149.980316 -170.267151 136.301727
v -148.946671 -169.765106 136.256546
v -148.416351 -169.630859 135.244995
v -148.919678 -169.998688 134.278625
v -149.953323 -170.500732 134.323807
v -150.483643 -170.634949 135.335358
v -148.954147 -172.153809 136.537186
v -147.971893 -171.558472 136.480362
v -147.467941 -171.376343 135.462830
v -147.946243 -171.789612 134.502121
v -148.928497 -172.384949 134.558945
v -149.432449 -172.567078 135.576477
v -147.735504 -173.927002 136.758469
v -146.813568 -173.242950 136.690582
v -146.340561 -173.015320 135.667358
v -146.789490 -173.471771 134.712051
v -147.711426 -174.155823 134.779938
v -148.184433 -174.383423 135.803162
v -146.223495 -175.773743 136.988937
v -145.348251 -175.031555 136.913788
v -144.899200 -174.774139 135.886856
v -145.325394 -175.258850 134.935074
v -146.200638 -176.001038 135.010223
v -146.649689 -176.258453 136.037155
v -144.649048 -177.523285 137.207275
v -143.773804 -176.781128 137.132126
v -143.324768 -176.523682 136.105194
v -143.750946 -177.008423 135.153412
v -144.626190 -177.750610 135.228561
v -145.075226 -178.008026 136.255493
v -151.918137 -162.335327 135.004135
v -150.790146 -162.111450 135.004135
v -150.072006 -162.776123 134.399994
v -150.481857 -163.664673 133.795853
v -151.609848 -163.888550 133.795853
v -152.327988 -163.223877 134.399994
v -151.759262 -163.443787 136.485153
v -150.631271 -163.219849 136.485107
v -149.913132 -163.884491 135.880920
v -150.322983 -164.773071 135.276810
v -151.450974 -164.997009 135.276855
v -152.169113 -164.332367 135.881042
v -151.468826 -164.581421 138.005173
v -150.359390 -164.291748 137.917282
v -149.653061 -164.914520 137.257187
v -150.056168 -165.826965 136.684982
v -151.165604 -166.116638 136.772873
v -151.871933 -165.493866 137.432968
v -150.900085 -165.759583 139.579361
v -149.830200 -165.387329 139.381180
v -149.149033 -165.957581 138.650864
v -149.537781 -166.900024 138.118729
v -150.607666 -167.272278 138.316910
v -151.288834 -166.702026 139.047226
v -150.102951 -166.878845 141.074860
v -149.077347 -166.442688 140.791275
v -148.424393 -166.972260 140.006592
v -148.797043 -167.937927 139.505493
v -149.822647 -168.374084 139.789078
v -150.475601 -167.844513 140.573761
v -149.072906 -168.049286 142.638733
v -148.096527 -167.557922 142.281326
v -147.474915 -168.052277 141.449646
v -147.829681 -169.038025 140.975372
v -148.806061 -169.529419 141.332779
v -149.427673 -169.035034 142.164459
v -147.847076 -169.151855 144.111893
v -146.928864 -168.607605 143.683884
v -146.344284 -169.068359 142.807251
v -146.677917 -170.073303 142.358627
v -147.596130 -170.617554 142.786636
v -148.180710 -170.156799 143.663269
v -146.330902 -170.296234 145.640945
v -145.457870 -169.717255 145.166489
v -144.902069 -170.155823 144.260284
v -145.219269 -171.173431 143.828537
v -146.092300 -171.752411 144.302994
v -146.648102 -171.313843 145.209198
v -144.755798 -171.378174 147.086563
v -143.882797 -170.799194 146.612091
v -143.326996 -171.237793 145.705872
v -143.644196 -172.255371 145.274124
v -144.517197 -172.834351 145.748596
v -145.072998 -172.395752 146.654816
v -152.189713 -163.575012 134.511017
v -152.189713 -162.424988 134.511017
v -151.199997 -161.850006 134.399994
v -150.210281 -162.424988 134.288971
v -150.210281 -163.575012 134.288971
v -151.199997 -164.149994 134.399994
v -152.031281 -163.575012 136.471130
v -152.031281 -162.424988 136.471130
v -151.041565 -161.850006 136.360046
v -150.051849 -162.424988 136.248962
v -150.051849 -163.575012 136.248962
v -151.041565 -164.149994 136.360046
v -151.737656 -163.575012 138.502335
v -151.737656 -162.424988 138.502335
v -150.762497 -161.850006 138.300003
v -149.787338 -162.424988 138.097672
v -149.787338 -163.575012 138.097672
v -150.762497 -164.149994 138.300003
v -151.164276 -163.575012 140.605209
v -151.164276 -162.424988 140.605209
v -150.220352 -161.850006 140.287567
v -149.276428 -162.424988 139.969925
v -149.276428 -163.575012 139.969925
v -150.220352 -164.149994 140.287567
v -150.358505 -163.575012 142.608032
v -150.358505 -162.424988 142.608032
v -149.449997 -161.850006 142.199997
v -148.541489 -162.424988 141.791962
v -148.541489 -163.575012 141.791962
v -149.449997 -164.149994 142.199997
v -149.322571 -163.575012 144.690948
v -149.322571 -162.424988 144.690948
v -148.453934 -161.850006 144.203766
v -147.585297 -162.424988 143.716583
v -147.585297 -163.575012 143.716583
v -148.453934 -164.149994 144.203766
v -148.083328 -163.575012 146.664017
v -148.083328 -162.424988 146.664017
v -147.262497 -161.850006 146.100006
v -146.441666 -162.424988 145.535995
v -146.441666 -163.575012 145.535995
v -147.262497 -164.149994 146.100006
v -146.559967 -163.575012 148.697968
v -146.559967 -162.424988 148.697968
v -145.776657 -161.850006 148.082901
v -144.993347 -162.424988 147.467834
v -144.993347 -163.575012 147.467834
v -145.776657 -164.149994 148.082901
v -144.983292 -163.575012 150.615082
v -144.983292 -162.424988 150.615082
v -144.199997 -161.850006 150.000000
v -143.416702 -162.424988 149.384918
v -143.416702 -163.575012 149.384918
v -144.199997 -164.149994 150.000000
v -150.790146 -163.888550 135.004135
v -151.918137 -163.664673 135.004135
v -152.327988 -162.776123 134.399994
v -151.609848 -162.111450 133.795853
v -150.481857 -162.335327 133.795853
v -150.072006 -163.223877 134.399994
v -150.631271 -162.780151 136.485107
v -151.759262 -162.556213 136.485153
v -152.169113 -161.667633 135.881042
v -151.450974 -161.002991 135.276855
v -150.322983 -161.226929 135.276810
v -149.913132 -162.115509 135.880920
v -150.359390 -161.708252 137.917282
v -151.468826 -161.418579 138.005173
v -151.871933 -160.506134 137.432968
v -151.165604 -159.883362 136.772873
v -150.056168 -160.173035 136.684982
v -149.653061 -161.085480 137.257187
v -149.830200 -160.612671 139.381180
v -150.900085 -160.240417 139.579361
v -151.288834 -159.297974 139.047226
v -150.607681 -158.727722 138.316910
v -149.537781 -159.099976 138.118729
v -149.149033 -160.042419 138.650864
v -149.077347 -159.557312 140.791275
v -150.102951 -159.121155 141.074860
v -150.475601 -158.155487 140.573761
v -149.822647 -157.625916 139.789078
v -148.797043 -158.062073 139.505493
v -148.424393 -159.027740 140.006592
v -148.096527 -158.442078 142.281326
v -149.072906 -157.950714 142.638733
v -149.427673 -156.964966 142.164459
v -148.806061 -156.470581 141.332779
v -147.829681 -156.961975 140.975372
v -147.474915 -157.947723 141.449646
v -146.928864 -157.392395 143.683884
v -147.847076 -156.848145 144.111893
v -148.180710 -155.843201 143.663269
v -147.596130 -155.382446 142.786636
v -146.677917 -155.926697 142.358627
v -146.344284 -156.931641 142.807251
v -145.457870 -156.282745 145.166489
v -146.330902 -155.703766 145.640945
v -146.648102 -154.686157 145.209198
v -146.092300 -154.247589 144.302994
v -145.219269 -154.826569 143.828537
v -144.902069 -155.844177 144.260284
v -143.882797 -155.200806 146.612091
v -144.755798 -154.621826 147.086563
v -145.072998 -153.604248 146.654816
v -144.517197 -153.165649 145.748596
v -143.644196 -153.744629 145.274124
v -143.326996 -154.762207 145.705872
v -150.644180 -163.191528 135.388367
v -151.785629 -163.051514 135.388367
v -152.341446 -162.859985 134.399994
v -151.755814 -162.808472 133.411621
v -150.614365 -162.948486 133.411621
v -150.058548 -163.140015 134.399994
v -150.485123 -161.397644 135.612244
v -151.626556 -161.257568 135.612244
v -152.182373 -161.065979 134.623886
v -151.596756 -161.014526 133.635498
v -150.455322 -161.154602 133.635498
v -149.899506 -161.346191 134.623856
v -150.216232 -159.679871 135.826614
v -151.338058 -159.427277 135.840668
v -151.884323 -159.180908 134.859131
v -151.308762 -159.187195 133.863541
v -150.186935 -159.439789 133.849487
v -149.640671 -159.686157 134.831024
v -149.692383 -157.925659 136.045547
v -150.772507 -157.532166 136.077179
v -151.298447 -157.217194 135.104202
v -150.744293 -157.295715 134.099594
v -149.664169 -157.689240 134.067963
v -149.138229 -158.004211 135.040939
v -148.946671 -156.234894 136.256546
v -149.980316 -155.732849 136.301727
v -150.483643 -155.365051 135.335358
v -149.953323 -155.499268 134.323807
v -148.919678 -156.001312 134.278625
v -148.416351 -156.369141 135.244995
v -147.971893 -154.441528 136.480362
v -148.954147 -153.846191 136.537186
v -149.432449 -153.432922 135.576477
v -148.928497 -153.615051 134.558945
v -147.946243 -154.210388 134.502121
v -147.467941 -154.623657 135.462830
v -146.813568 -152.757050 136.690582
v -147.735504 -152.072998 136.758469
v -148.184433 -151.616577 135.803162
v -147.711426 -151.844177 134.779938
v -146.789490 -152.528229 134.712051
v -146.340561 -152.984680 135.667358
v -145.348251 -150.968445 136.913788
v -146.223495 -150.226257 136.988937
v -146.649689 -149.741547 136.037155
v -146.200638 -149.998962 135.010223
v -145.325394 -150.741150 134.935074
v -144.899200 -151.225861 135.886856
v -143.773804 -149.218872 137.132126
v -144.649048 -148.476715 137.207275
v -145.075226 -147.991974 136.255493
v -144.626190 -148.249390 135.228561
v -143.750946 -148.991577 135.153412
v -143.324768 -149.476318 136.105194
v -150.000000 -201.000000 134.839996
v -149.222229 -206.666687 130.000000
v -149.222229 -206.389313 132.266129
v -149.222229 -205.584412 134.310425
v -149.222229 -204.330780 135.932785
v -149.222229 -202.751099 136.974411
v -149.222229 -201.000000 137.333328
v -149.222229 -199.248901 136.974411
v -149.222229 -197.669220 135.932785
v -149.222229 -196.415588 134.310425
v -149.222229 -195.610687 132.266129
v -149.222229 -195.333313 130.000000
v -146.888885 -212.333313 130.000000
v -146.888885 -211.778625 134.532242
v -146.888885 -210.168854 138.620850
v -146.888885 -207.661560 141.865585
v -146.888885 -204.502197 143.948822
v -146.888885 -201.000000 144.666672
v -146.888885 -197.497803 143.948822
v -146.888885 -194.338440 141.865585
v -146.888885 -191.831146 138.620850
v -146.888885 -190.221375 134.532242
v -146.888885 -189.666687 130.000000
v -141.500000 -201.000000 136.160004
v -142.922958 -217.126953 130.316360
v -143.423203 -217.383362 130.000000
v -142.922852 -216.336365 136.765533
v -143.421921 -216.583252 136.552505
v -142.922623 -214.043823 142.581970
v -143.418625 -214.259796 142.467285
v -142.922501 -210.476135 147.197098
v -143.414597 -210.637268 147.165878
v -142.922501 -205.981903 150.160553
v -143.411423 -206.068054 150.185379
v -142.922531 -201.000000 151.181885
v -143.410248 -201.000000 151.226379
v -142.922501 -196.018097 150.160553
v -143.411423 -195.931946 150.185379
v -142.922501 -191.523865 147.197098
v -143.414597 -191.362732 147.165878
v -142.922623 -187.956177 142.581970
v -143.418625 -187.740204 142.467285
v -142.922852 -185.663635 136.765533
v -143.421921 -185.416748 136.552505
v -143.423203 -184.616669 130.000000
v -142.922958 -184.873047 130.316360
v -151.784470 -200.943481 135.828781
v -150.641144 -200.819733 135.828781
v -150.056671 -200.876251 134.839996
v -150.615524 -201.056519 133.851212
v -151.758850 -201.180267 133.851212
v -152.343323 -201.123749 134.839996
v -151.626312 -202.974121 136.074738
v -150.483002 -202.850311 136.074738
v -149.898529 -202.906799 135.085953
v -150.457367 -203.087067 134.097168
v -151.600677 -203.210876 134.097168
v -152.185150 -203.154419 135.085953
v -151.339050 -205.036926 136.324600
v -150.211227 -204.812561 136.312424
v -149.634659 -204.817627 135.317398
v -150.185944 -205.047058 134.334579
v -151.313766 -205.271423 134.346756
v -151.890335 -205.266357 135.341782
v -150.780823 -207.159241 136.581680
v -149.686371 -206.807251 136.554031
v -149.126877 -206.747070 135.551117
v -149.661835 -207.038879 134.575851
v -150.756287 -207.390900 134.603500
v -151.315781 -207.451111 135.606415
v -149.989990 -209.195740 136.828354
v -148.933685 -208.742859 136.788483
v -148.393692 -208.631073 135.779312
v -148.910004 -208.972229 134.810013
v -149.966309 -209.425110 134.849884
v -150.506302 -209.536896 135.859055
v -148.973618 -211.314453 137.084991
v -147.960648 -210.772400 137.034317
v -147.442810 -210.615082 136.019623
v -147.937943 -210.999817 135.055603
v -148.950912 -211.541870 135.106277
v -149.468750 -211.699188 136.120972
v -147.753510 -213.328003 137.328873
v -146.793015 -212.698547 137.267624
v -146.302017 -212.496521 136.247528
v -146.771484 -212.923950 135.288681
v -147.731979 -213.553406 135.349930
v -148.222977 -213.755432 136.370026
v -146.247543 -215.410950 137.581177
v -145.328568 -214.722992 137.512833
v -144.858780 -214.491058 136.489105
v -145.307968 -214.947083 135.533722
v -146.226944 -215.635071 135.602066
v -146.696732 -215.867004 136.625793
v -144.669785 -217.399902 137.822098
v -143.750809 -216.711914 137.753754
v -143.281036 -216.479980 136.730026
v -143.730209 -216.936035 135.774643
v -144.649185 -217.624023 135.842987
v -145.118958 -217.855957 136.866714
v -151.901657 -200.326721 135.453918
v -150.768906 -200.128357 135.453918
v -150.067245 -200.801636 134.839996
v -150.498337 -201.673279 134.226074
v -151.631088 -201.871643 134.226074
v -152.332748 -201.198364 134.839996
v -151.743530 -201.581696 137.081345
v -150.610779 -201.383270 137.081314
v -149.909119 -202.056519 136.467361
v -150.340210 -202.928162 135.853470
v -151.472961 -203.126587 135.853500
v -152.174622 -202.453339 136.467453
v -151.454742 -202.862671 138.742538
v -150.337189 -202.603210 138.663376
v -149.644943 -203.238647 138.000412
v -150.070251 -204.133545 137.416641
v -151.187805 -204.392975 137.495804
v -151.880051 -203.757507 138.158768
v -150.893356 -204.181793 140.453262
v -149.808594 -203.844879 140.273605
v -149.136658 -204.432312 139.548401
v -149.549484 -205.356689 139.002853
v -150.634247 -205.693604 139.182510
v -151.306183 -205.106140 139.907715
v -150.098709 -205.446716 142.093628
v -149.051437 -205.048462 141.834473
v -148.402725 -205.597961 141.060043
v -148.801285 -206.545654 140.544739
v -149.848557 -206.943848 140.803894
v -150.497269 -206.394409 141.578323
v -149.078262 -206.761322 143.798462
v -148.073654 -206.308899 143.469009
v -147.451355 -206.824768 142.651016
v -147.833694 -207.793121 142.162476
v -148.838303 -208.245544 142.491928
v -149.460602 -207.729675 143.309921
v -147.852768 -208.011322 145.419510
v -146.899841 -207.505676 145.021057
v -146.309570 -207.988617 144.160324
v -146.672226 -208.977203 143.698044
v -147.625153 -209.482849 144.096497
v -148.215424 -208.999908 144.957230
v -146.342789 -209.302155 147.093475
v -145.430801 -208.760864 146.648773
v -144.865891 -209.221680 145.759399
v -145.212967 -210.223846 145.314728
v -146.124954 -210.765137 145.759430
v -146.689865 -210.304321 146.648804
v -144.764908 -210.531494 148.687759
v -143.852921 -209.990204 148.243042
v -143.288010 -210.451050 147.353653
v -143.635086 -211.453186 146.908981
v -144.547073 -211.994507 147.353699
v -145.111984 -211.533661 148.243088
v -152.190781 -201.575012 134.941040
v -152.190781 -200.424988 134.941040
v -151.199997 -199.850006 134.839996
v -150.209213 -200.424988 134.738953
v -150.209213 -201.575012 134.738953
v -151.199997 -202.149994 134.839996
v -152.032944 -201.575012 137.095306
v -152.032944 -200.424988 137.095306
v -151.042160 -199.850006 136.994232
v -150.051376 -200.424988 136.893158
v -150.051376 -201.575012 136.893158
v -151.042160 -202.149994 136.994232
v -151.741150 -201.575012 139.314697
v -151.741150 -200.424988 139.314697
v -150.762497 -199.850006 139.130005
v -149.783844 -200.424988 138.945312
v -149.783844 -201.575012 138.945312
v -150.762497 -202.149994 139.130005
v -151.174789 -201.575012 141.601242
v -151.174789 -200.424988 141.601242
v -150.222427 -199.850006 141.309891
v -149.270065 -200.424988 141.018539
v -149.270065 -201.575012 141.018539
v -150.222427 -202.149994 141.309891
v -150.372040 -201.575012 143.796432
v -150.372040 -200.424988 143.796432
v -149.449997 -199.850006 143.419998
v -148.527954 -200.424988 143.043564
v -148.527954 -201.575012 143.043564
v -149.449997 -202.149994 143.419998
v -149.345184 -201.575012 146.068405
v -149.345184 -200.424988 146.068405
v -148.457932 -199.850006 145.616013
v -147.570679 -200.424988 145.163620
v -147.570679 -201.575012 145.163620
v -148.457932 -202.149994 145.616013
v -148.107101 -201.575012 148.237762
v -148.107101 -200.424988 148.237762
v -147.262497 -199.850006 147.710007
v -146.417892 -200.424988 147.182251
v -146.417892 -201.575012 147.182251
v -147.262497 -202.149994 147.710007
v -146.589645 -201.575012 150.465149
v -146.589645 -200.424988 150.465149
v -145.779053 -199.850006 149.886520
v -144.968460 -200.424988 149.307892
v -144.968460 -201.575012 149.307892
v -145.779053 -202.149994 149.886520
v -145.010574 -201.575012 152.578644
v -145.010574 -200.424988 152.578644
v -144.199997 -199.850006 152.000000
v -143.389420 -200.424988 151.421356
v -143.389420 -201.575012 151.421356
v -144.199997 -202.149994 152.000000
v -150.768906 -201.871643 135.453918
v -151.901657 -201.673279 135.453918
v -152.332748 -200.801636 134.839996
v -151.631088 -200.128357 134.226074
v -150.498337 -200.326721 134.226074
v -150.067245 -201.198364 134.839996
v -150.610779 -200.616730 137.081314
v -151.743530 -200.418304 137.081345
v -152.174622 -199.546661 136.467453
v -151.472961 -198.873413 135.853500
v -150.340210 -199.071838 135.853470
v -149.909119 -199.943481 136.467361
v -150.337189 -199.396790 138.663376
v -151.454742 -199.137329 138.742538
v -151.880051 -198.242493 138.158768
v -151.187805 -197.607025 137.495804
v -150.070251 -197.866455 137.416641
v -149.644943 -198.761353 138.000412
v -149.808594 -198.155121 140.273605
v -150.893356 -197.818207 140.453262
v -151.306183 -196.893860 139.907715
v -150.634247 -196.306396 139.182510
v -149.549484 -196.643311 139.002853
v -149.136658 -197.567688 139.548401
v -149.051437 -196.951538 141.834473
v -150.098709 -196.553284 142.093628
v -150.497269 -195.605591 141.578323
v -149.848557 -195.056152 140.803894
v -148.801285 -195.454346 140.544739
v -148.402725 -196.402039 141.060043
v -148.073654 -195.691101 143.469009
v -149.078262 -195.238678 143.798462
v -149.460602 -194.270325 143.309921
v -148.838303 -193.754456 142.491928
v -147.833694 -194.206879 142.162476
v -147.451355 -195.175232 142.651016
v -146.899841 -194.494324 145.021057
v -147.852768 -193.988678 145.419510
v -148.215424 -193.000092 144.957230
v -147.625153 -192.517151 144.096497
v -146.672226 -193.022797 143.698044
v -146.309570 -194.011383 144.160324
v -145.430801 -193.239136 146.648773
v -146.342789 -192.697845 147.093475
v -146.689865 -191.695679 146.648804
v -146.124954 -191.234863 145.759430
v -145.212967 -191.776154 145.314728
v -144.865891 -192.778320 145.759399
v -143.852921 -192.009796 148.243042
v -144.764908 -191.468506 148.687759
v -145.111984 -190.466339 148.243088
v -144.547073 -190.005493 147.353699
v -143.635086 -190.546814 146.908981
v -143.288010 -191.548950 147.353653
v -150.641144 -201.180267 135.828781
v -151.784470 -201.056519 135.828781
v -152.343323 -200.876251 134.839996
v -151.758850 -200.819733 133.851212
v -150.615524 -200.943481 133.851212
v -150.056671 -201.123749 134.839996
v -150.483002 -199.149689 136.074738
v -151.626312 -199.025879 136.074738
v -152.185150 -198.845581 135.085953
v -151.600677 -198.789124 134.097168
v -150.457367 -198.912933 134.097168
v -149.898529 -199.093201 135.085953
v -150.211227 -197.187439 136.312424
v -151.339050 -196.963074 136.324600
v -151.890335 -196.733643 135.341782
v -151.313766 -196.728577 134.346756
v -150.185944 -196.952942 134.334579
v -149.634659 -197.182373 135.317398
v -149.686371 -195.192749 136.554031
v -150.780823 -194.840759 136.581680
v -151.315781 -194.548889 135.606415
v -150.756287 -194.609100 134.603500
v -149.661835 -194.961121 134.575851
v -149.126877 -195.252930 135.551117
v -148.933685 -193.257141 136.788483
v -149.989990 -192.804260 136.828354
v -150.506302 -192.463104 135.859055
v -149.966309 -192.574890 134.849884
v -148.910004 -193.027771 134.810013
v -148.393692 -193.368927 135.779312
v -147.960648 -191.227600 137.034317
v -148.973618 -190.685547 137.084991
v -149.468750 -190.300812 136.120972
v -148.950912 -190.458130 135.106277
v -147.937943 -191.000183 135.055603
v -147.442810 -191.384918 136.019623
v -146.793015 -189.301453 137.267624
v -147.753510 -188.671997 137.328873
v -148.222977 -188.244568 136.370026
v -147.731979 -188.446594 135.349930
v -146.771484 -189.076050 135.288681
v -146.302017 -189.503479 136.247528
v -145.328568 -187.277039 137.512833
v -146.247543 -186.589050 137.581177
v -146.696732 -186.132996 136.625793
v -146.226944 -186.364929 135.602066
v -145.307968 -187.052917 135.533722
v -144.858780 -187.508942 136.489105
v -143.750809 -185.288086 137.753754
v -144.669785 -184.600098 137.822098
v -145.118958 -184.144043 136.866714
v -144.649185 -184.375977 135.842987
v -143.730209 -185.063965 135.774643
v -143.281036 -185.520020 136.730026
v -138.193665 -254.985748 144.226990
v -138.191391 -253.289551 145.890640
v -140.072662 -254.721680 145.656830
v -138.555237 -253.238434 148.504944
v -139.020584 -254.869537 150.168594
v -140.436508 -254.670532 148.271133
v -138.561096 -257.600067 144.226990
v -140.440079 -257.335968 145.656830
v -139.026428 -259.231171 145.890640
v -139.388000 -257.483826 150.168594
v -139.390274 -259.180023 148.504944
v -140.803925 -257.284851 148.271133
v -84.612000 -262.516174 151.831406
v -83.196075 -262.715149 153.728867
v -84.609726 -260.819977 153.495056
v -85.438911 -262.399933 157.773010
v -84.973572 -260.768829 156.109360
v -83.559921 -262.664032 156.343170
v -84.979416 -265.130463 151.831406
v -85.444763 -266.761566 153.495056
v -83.563492 -265.329468 153.728867
v -85.806328 -265.014252 157.773010
v -83.927338 -265.278320 156.343170
v -85.808609 -266.710449 156.109360
v -130.870422 -254.890625 148.000000
v -130.636597 -253.226990 149.679993
v -132.534058 -254.656830 149.679993
v -130.636597 -253.226990 152.320007
v -130.870422 -254.890625 154.000000
v -132.534058 -254.656830 152.320007
v -131.237823 -257.504944 148.000000
v -132.901489 -257.271118 149.679993
v -131.471649 -259.168610 149.679993
v -131.237823 -257.504944 154.000000
v -131.471649 -259.168610 152.320007
v -132.901489 -257.271118 152.320007
v -76.762169 -262.495056 148.000000
v -75.098518 -262.728882 149.679993
v -76.528358 -260.831390 149.679993
v -76.762169 -262.495056 154.000000
v -76.528358 -260.831390 152.320007
v -75.098518 -262.728882 152.320007
v -77.129585 -265.109375 148.000000
v -77.363396 -266.773010 149.679993
v -75.465935 -265.343170 149.679993
v -77.129585 -265.109375 154.000000
v -75.465935 -265.343170 152.320007
v -77.363396 -266.773010 152.320007
v -123.020584 -254.869537 151.831406
v -122.555237 -253.238434 153.495056
v -124.436508 -254.670532 153.728867
v -122.191391 -253.289551 156.109360
v -122.193672 -254.985748 157.773010
v -124.072662 -254.721680 156.343170
v -123.388000 -257.483826 151.831406
v -124.803925 -257.284851 153.728867
v -123.390274 -259.180023 153.495056
v -122.561089 -257.600067 157.773010
v -123.026428 -259.231171 156.109360
v -124.440079 -257.335968 156.343170
v -69.438911 -262.399933 144.226990
v -67.559921 -262.664032 145.656830
v -68.973572 -260.768829 145.890640
v -68.612000 -262.516174 150.168594
v -68.609726 -260.819977 148.504944
v -67.196075 -262.715149 148.271133
v -69.806328 -265.014252 144.226990
v -69.808609 -266.710449 145.890640
v -67.927338 -265.278320 145.656830
v -68.979416 -265.130463 150.168594
v -67.563492 -265.329468 148.271133
v -69.444763 -266.761566 148.504944
v -98.000000 -260.000000 151.000000
v -100.072952 -257.146820 151.000000
v -103.427048 -258.236633 151.000000
v -103.427048 -261.763367 151.000000
v -100.072952 -262.853180 151.000000
v -99.386436 -260.000000 157.074371
v -101.254097 -257.146820 156.174957
v -104.276039 -258.236633 154.719666
v -104.276039 -261.763367 154.719666
v -101.254097 -262.853180 156.174957
v -103.271149 -260.000000 161.945648
v -104.563606 -257.146820 160.324951
v -106.654854 -258.236633 157.702606
v -106.654854 -261.763367 157.702606
v -104.563606 -262.853180 160.324951
v -108.884705 -260.000000 164.648987
v -109.345978 -257.146820 162.628021
v -110.092339 -258.236633 159.358002
v -110.092339 -261.763367 159.358002
v -109.345978 -262.853180 162.628021
v -115.115295 -260.000000 164.648987
v -114.654022 -257.146820 162.628021
v -113.907661 -258.236633 159.358002
v -113.907661 -261.763367 159.358002
v -114.654022 -262.853180 162.628021
v -120.728859 -260.000000 161.945648
v -119.436401 -257.146820 160.324951
v -117.345146 -258.236633 157.702606
v -117.345146 -261.763367 157.702606
v -119.436401 -262.853180 160.324951
v -124.613564 -260.000000 157.074371
v -122.745903 -257.146820 156.174957
v -119.723961 -258.236633 154.719666
v -119.723961 -261.763367 154.719666
v -122.745903 -262.853180 156.174957
v -126.000000 -260.000000 151.000000
v -123.927048 -257.146820 151.000000
v -120.572952 -258.236633 151.000000
v -120.572952 -261.763367 151.000000
v -123.927048 -262.853180 151.000000
v -124.613571 -260.000000 144.925629
v -122.745903 -257.146820 145.825043
v -119.723961 -258.236633 147.280334
v -119.723961 -261.763367 147.280334
v -122.745903 -262.853180 145.825043
v -120.728859 -260.000000 140.054352
v -119.436401 -257.146820 141.675049
v -117.345146 -258.236633 144.297394
v -117.345146 -261.763367 144.297394
v -119.436401 -262.853180 141.675049
v -115.115295 -260.000000 137.351013
v -114.654022 -257.146820 139.371979
v -113.907661 -258.236633 142.641998
v -113.907661 -261.763367 142.641998
v -114.654022 -262.853180 139.371979
v -108.884705 -260.000000 137.351013
v -109.345978 -257.146820 139.371979
v -110.092339 -258.236633 142.641998
v -110.092339 -261.763367 142.641998
v -109.345978 -262.853180 139.371979
v -103.271149 -260.000000 140.054352
v -104.563614 -257.146820 141.675049
v -106.654861 -258.236633 144.297394
v -106.654861 -261.763367 144.297394
v -104.563614 -262.853180 141.675049
v -99.386436 -260.000000 144.925629
v -101.254105 -257.146820 145.825043
v -104.276039 -258.236633 147.280334
v -104.276039 -261.763367 147.280334
v -101.254105 -262.853180 145.825043
vn -0.5774 0.5774 -0.5774
vn -0.5774 0.5774 0.5774
vn -0.5774 -0.5774 -0.5774
vn -0.5774 -0.5774 0.5774
vn 0.5774 0.5774 -0.5774
vn 0.5774 0.5774 0.5774
vn 0.5774 -0.5774 -0.5774
vn 0.5774 -0.5774 0.5774
vn -0.7071 -0.0000 -0.7071
vn -0.7071 0.7071 -0.0000
vn -0.7071 -0.0000 0.7071
vn -0.7071 -0.7071 -0.0000
vn -0.0000 -0.7071 -0.7071
vn -0.0000 -0.7071 0.7071
vn 0.7071 -0.7071 -0.0000
vn 0.7071 -0.0000 -0.7071
vn 0.7071 -0.0000 0.7071
vn 0.7071 0.7071 -0.0000
vn -0.0000 0.7071 -0.7071
vn -0.0000 0.7071 0.7071
vn -0.0000 -0.0000 -1.0000
vn -1.0000 -0.0000 -0.0000
vn -0.0000 1.0000 -0.0000
vn -0.0000 -0.0000 1.0000
vn -0.0000 -1.0000 -0.0000
vn 1.0000 -0.0000 -0.0000
vn -0.6163 0.5356 -0.5774
vn -0.6162 0.5357 0.5774
vn -0.5356 -0.6163 -0.5773
vn -0.5356 -0.6163 0.5773
vn 0.5357 0.6163 -0.5773
vn 0.5357 0.6163 0.5773
vn 0.6162 -0.5356 -0.5774
vn 0.6162 -0.5357 0.5774
vn -0.7054 -0.0493 -0.7071
vn -0.7547 0.6560 -0.0000
vn -0.7054 -0.0493 0.7071
vn -0.6561 -0.7547 -0.0000
vn 0.0493 -0.7054 -0.7071
vn 0.0493 -0.7054 0.7071
vn 0.7547 -0.6561 -0.0000
vn 0.7054 0.0493 -0.7071
vn 0.7054 0.0493 0.7071
vn 0.6561 0.7547 -0.0000
vn -0.0493 0.7054 -0.7071
vn -0.0493 0.7054 0.7071
vn -0.9976 -0.0698 -0.0000
vn -0.0698 0.9976 -0.0000
vn 0.0698 -0.9976 -0.0000
vn 0.9976 0.0698 -0.0000
vn -0.6162 0.5356 -0.5774
vn -0.6162 0.5356 0.5774
vn 0.5356 0.6162 -0.5774
vn 0.5356 0.6162 0.5774
vn 0.5356 0.6162 -0.5773
vn 0.5356 0.6163 0.5773
vn -0.5774 0.5773 -0.5773
vn -0.5774 0.5773 0.5773
vn -0.5774 -0.5773 -0.5774
vn -0.5774 -0.5773 0.5774
vn 0.5774 0.5773 -0.5773
vn 0.5774 0.5773 0.5773
vn 0.5774 -0.5773 -0.5774
vn 0.5774 -0.5773 0.5774
vn -0.0000 -0.4645 -0.8856
vn 0.1654 -0.9211 -0.3524
vn -0.1654 -0.9211 -0.3524
vn -0.0000 -0.4645 0.8856
vn -0.1654 -0.9211 0.3524
vn 0.1654 -0.9211 0.3524
vn 0.2730 -0.3758 -0.8856
vn 0.6752 -0.6480 -0.3524
vn 0.4077 -0.8424 -0.3524
vn 0.2730 -0.3758 0.8856
vn 0.4077 -0.8424 0.3524
vn 0.6752 -0.6480 0.3524
vn 0.4418 -0.1435 -0.8856
vn 0.9271 -0.1274 -0.3524
vn 0.8250 -0.4419 -0.3524
vn 0.4418 -0.1435 0.8856
vn 0.8250 -0.4419 0.3524
vn 0.9271 -0.1274 0.3524
vn 0.4418 0.1435 -0.8856
vn 0.8250 0.4419 -0.3524
vn 0.9271 0.1274 -0.3524
vn 0.4418 0.1435 0.8856
vn 0.9271 0.1274 0.3524
vn 0.8250 0.4419 0.3524
vn 0.2730 0.3758 -0.8856
vn 0.4076 0.8424 -0.3524
vn 0.6752 0.6480 -0.3524
vn 0.2730 0.3758 0.8856
vn 0.6752 0.6480 0.3524
vn 0.4076 0.8424 0.3524
vn -0.0000 0.4645 -0.8856
vn -0.1653 0.9211 -0.3524
vn 0.1654 0.9211 -0.3524
vn -0.0000 0.4645 0.8856
vn 0.1653 0.9211 0.3524
vn -0.1653 0.9211 0.3524
vn -0.2730 0.3758 -0.8856
vn -0.6752 0.6480 -0.3524
vn -0.4076 0.8424 -0.3524
vn -0.2730 0.3758 0.8856
vn -0.4076 0.8424 0.3524
vn -0.6752 0.6480 0.3524
vn -0.4418 0.1435 -0.8856
vn -0.9271 0.1274 -0.3524
vn -0.8250 0.4419 -0.3524
vn -0.4418 0.1435 0.8856
vn -0.8250 0.4419 0.3524
vn -0.9271 0.1274 0.3524
vn -0.4418 -0.1435 -0.8856
vn -0.8250 -0.4419 -0.3524
vn -0.9271 -0.1274 -0.3524
vn -0.4418 -0.1435 0.8856
vn -0.9271 -0.1274 0.3524
vn -0.8250 -0.4419 0.3524
vn -0.2730 -0.3758 -0.8856
vn -0.4077 -0.8424 -0.3524
vn -0.6752 -0.6480 -0.3524
vn -0.2730 -0.3758 0.8856
vn -0.6752 -0.6480 0.3524
vn -0.4076 -0.8424 0.3524
vn 0.1653 -0.9211 -0.3524
vn 0.9272 -0.1274 -0.3524
vn 0.9272 0.1274 0.3524
vn 0.4077 0.8424 -0.3524
vn 0.4077 0.8424 0.3524
vn -0.1654 0.9211 -0.3524
vn 0.1654 0.9211 0.3524
vn -0.1654 0.9211 0.3524
vn -0.4077 0.8424 -0.3524
vn -0.4077 0.8424 0.3524
vn -0.9272 0.1274 -0.3524
vn -0.9272 -0.1274 0.3524
vn -0.4077 -0.8424 0.3524
vn 0.5773 0.0949 -0.8110
vn 0.5774 0.8110 0.0949
vn -0.5774 0.0949 -0.8110
vn -0.5774 0.8110 0.0949
vn 0.5774 -0.8110 -0.0949
vn 0.5773 -0.0949 0.8110
vn -0.5774 -0.8110 -0.0949
vn -0.5773 -0.0949 0.8110
vn -0.0000 0.1162 -0.9932
vn 0.7071 0.5547 -0.4385
vn -0.0000 0.9932 0.1162
vn -0.7071 0.5547 -0.4385
vn -0.7071 -0.4385 -0.5547
vn -0.7071 0.4385 0.5547
vn -0.7071 -0.5547 0.4385
vn -0.0000 -0.9932 -0.1162
vn -0.0000 -0.1162 0.9932
vn 0.7071 -0.5547 0.4385
vn 0.7071 -0.4385 -0.5547
vn 0.7071 0.4385 0.5547
vn -0.0000 -0.6201 -0.7845
vn -0.0000 0.7845 -0.6201
vn -0.0000 0.6201 0.7845
vn -0.0000 -0.7845 0.6201
vn -0.5356 0.6162 -0.5774
vn -0.5356 0.6162 0.5774
vn -0.6162 -0.5356 -0.5774
vn -0.6162 -0.5356 0.5774
vn 0.6162 0.5357 -0.5774
vn 0.6162 0.5357 0.5774
vn 0.5356 -0.6162 -0.5774
vn 0.5357 -0.6162 0.5774
vn -0.7054 0.0493 -0.7071
vn -0.6561 0.7547 -0.0000
vn -0.7054 0.0493 0.7071
vn -0.7547 -0.6560 -0.0000
vn -0.0493 -0.7053 -0.7071
vn -0.0493 -0.7054 0.7071
vn 0.6561 -0.7547 -0.0000
vn 0.7054 -0.0493 -0.7071
vn 0.7054 -0.0493 0.7071
vn 0.7547 0.6561 -0.0000
vn 0.0493 0.7054 -0.7071
vn 0.0493 0.7054 0.7071
vn -0.9976 0.0698 -0.0000
vn 0.0698 0.9976 -0.0000
vn -0.0698 -0.9976 -0.0000
vn 0.9976 -0.0698 -0.0000
vn 0.0493 0.7053 -0.7071
vn -0.5356 0.6163 -0.5773
vn -0.5357 0.6162 0.5773
vn -0.6162 -0.5357 0.5774
vn 0.6162 0.5356 -0.5774
vn 0.5356 -0.6162 -0.5773
vn 0.5357 -0.6162 0.5773
vn -0.5774 0.5773 -0.5774
vn -0.5774 0.5773 0.5774
vn 0.5774 0.5773 -0.5774
vn 0.5774 0.5773 0.5774
vn -0.1653 -0.9211 -0.3524
vn -0.1653 -0.9211 0.3524
vn 0.4076 -0.8424 -0.3524
vn 0.4076 -0.8424 0.3524
vn 0.8249 -0.4419 -0.3524
vn 0.8249 0.4419 -0.3524
vn 0.1653 0.9211 -0.3524
vn -0.8249 0.4419 -0.3524
vn -0.8249 -0.4419 -0.3524
vn -0.4076 -0.8424 -0.3524
vn -0.5774 -0.0949 -0.8110
vn -0.5774 -0.8110 0.0949
vn 0.5773 -0.0949 -0.8110
vn 0.5774 -0.8110 0.0949
vn -0.5774 0.8110 -0.0949
vn -0.5773 0.0949 0.8110
vn 0.5774 0.8110 -0.0949
vn 0.5773 0.0949 0.8110
vn -0.0000 -0.1162 -0.9932
vn -0.7071 -0.5547 -0.4385
vn -0.0000 -0.9932 0.1162
vn 0.7071 -0.5547 -0.4385
vn 0.7071 0.4385 -0.5547
vn 0.7071 -0.4385 0.5547
vn 0.7071 0.5547 0.4385
vn -0.0000 0.9932 -0.1162
vn -0.0000 0.1162 0.9932
vn -0.7071 0.5547 0.4385
vn -0.7071 0.4385 -0.5547
vn -0.7071 -0.4385 0.5547
vn -0.0000 0.6201 -0.7845
vn -0.0000 -0.7845 -0.6201
vn -0.0000 -0.6201 0.7845
vn -0.0000 0.7845 0.6201
vn -0.8915 -0.3924 -0.2266
vn -0.3566 -0.7309 -0.5819
vn -0.3566 -0.8694 -0.3420
vn 0.8915 -0.3924 -0.2266
vn 0.3566 -0.8694 -0.3420
vn 0.3566 -0.7309 -0.5819
vn -0.8915 -0.2265 -0.3924
vn -0.3566 -0.3420 -0.8694
vn -0.3566 -0.5819 -0.7309
vn 0.8915 -0.2266 -0.3924
vn 0.3566 -0.5819 -0.7309
vn 0.3566 -0.3420 -0.8694
vn -0.8915 0.2266 -0.3924
vn -0.3566 0.5819 -0.7309
vn -0.3566 0.3420 -0.8694
vn 0.8915 0.2266 -0.3924
vn 0.3566 0.3420 -0.8694
vn 0.3566 0.5819 -0.7309
vn -0.8915 0.3924 -0.2266
vn -0.3566 0.8694 -0.3420
vn -0.3566 0.7309 -0.5819
vn 0.8915 0.3924 -0.2266
vn 0.3566 0.7309 -0.5819
vn 0.3566 0.8694 -0.3420
vn -0.8915 0.3924 0.2266
vn -0.3566 0.7309 0.5819
vn -0.3566 0.8694 0.3420
vn 0.8915 0.3924 0.2266
vn 0.3566 0.8694 0.3420
vn 0.3566 0.7309 0.5819
vn -0.8915 0.2266 0.3924
vn -0.3566 0.3420 0.8694
vn -0.3566 0.5819 0.7309
vn 0.8915 0.2266 0.3924
vn 0.3566 0.5819 0.7309
vn 0.3566 0.3420 0.8694
vn -0.8915 -0.2266 0.3924
vn -0.3566 -0.5819 0.7309
vn -0.3566 -0.3420 0.8694
vn 0.8915 -0.2266 0.3924
vn 0.3566 -0.3420 0.8694
vn 0.3566 -0.5819 0.7309
vn -0.8915 -0.3924 0.2266
vn -0.3566 -0.8694 0.3420
vn -0.3566 -0.7309 0.5819
vn 0.8915 -0.3924 0.2266
vn 0.3566 -0.7309 0.5819
vn 0.3566 -0.8694 0.3420
vn -0.9049 -0.4257 -0.0000
vn -0.3693 -0.9293 -0.0000
vn 0.9048 -0.4257 -0.0000
vn 0.3693 -0.9293 -0.0000
vn -0.9048 -0.0000 -0.4257
vn -0.3692 -0.0000 -0.9293
vn 0.9048 -0.0000 -0.4257
vn 0.3692 -0.0000 -0.9293
vn -0.9049 0.4257 -0.0000
vn -0.3693 0.9293 -0.0000
vn 0.9048 0.4257 -0.0000
vn 0.3693 0.9293 -0.0000
vn -0.9048 -0.0000 0.4257
vn -0.3693 -0.0000 0.9293
vn 0.9049 -0.0000 0.4257
vn 0.3693 -0.0000 0.9293
vn -0.8915 -0.2266 -0.3924
vn 0.8914 0.2266 -0.3924
vn 0.8914 0.2266 0.3924
vn -0.3693 -0.0000 -0.9293
vn 0.9049 -0.0000 -0.4257
vn 0.3693 -0.0000 -0.9293
vn -0.9049 -0.0000 -0.4257
vn -0.3692 -0.0000 0.9293
vn 0.9048 -0.0000 0.4257
vn 0.3692 -0.0000 0.9293
vn -0.0000 -0.4531 -0.8915
vn 0.1385 -0.9239 -0.3566
vn -0.1385 -0.9239 -0.3566
vn -0.0000 -0.4531 0.8914
vn -0.1385 -0.9239 0.3566
vn 0.1385 -0.9239 0.3566
vn 0.4531 -0.0000 -0.8915
vn 0.9239 0.1385 -0.3566
vn 0.9239 -0.1385 -0.3566
vn 0.4531 -0.0000 0.8915
vn 0.9239 -0.1385 0.3566
vn 0.9239 0.1385 0.3566
vn -0.0000 0.4531 -0.8915
vn -0.1385 0.9239 -0.3566
vn 0.1385 0.9239 -0.3566
vn -0.0000 0.4531 0.8915
vn 0.1385 0.9239 0.3566
vn -0.1385 0.9239 0.3566
vn -0.4531 -0.0000 -0.8915
vn -0.9239 -0.1385 -0.3566
vn -0.9239 0.1385 -0.3566
vn -0.4531 -0.0000 0.8915
vn -0.9239 0.1385 0.3566
vn -0.9239 -0.1385 0.3566
vn 0.2129 -0.3687 -0.9048
vn 0.4647 -0.8048 -0.3693
vn 0.2129 -0.3687 0.9048
vn 0.4647 -0.8048 0.3693
vn 0.3687 -0.2129 -0.9048
vn 0.8048 -0.4647 -0.3692
vn 0.3687 -0.2129 0.9048
vn 0.8048 -0.4647 0.3692
vn 0.3687 0.2129 -0.9048
vn 0.8048 0.4647 -0.3692
vn 0.3687 0.2129 0.9048
vn 0.8048 0.4647 0.3692
vn 0.4647 0.8048 -0.3693
vn 0.4647 0.8048 0.3692
vn 0.2129 0.3687 -0.9048
vn 0.2129 0.3687 0.9048
vn -0.2129 0.3687 -0.9048
vn -0.4647 0.8048 -0.3693
vn -0.2129 0.3687 0.9048
vn -0.4647 0.8048 0.3693
vn -0.3687 0.2129 -0.9048
vn -0.8048 0.4647 -0.3692
vn -0.3687 0.2129 0.9048
vn -0.8048 0.4647 0.3692
vn -0.3687 -0.2129 -0.9048
vn -0.8048 -0.4647 -0.3692
vn -0.3687 -0.2129 0.9048
vn -0.8048 -0.4647 0.3692
vn -0.4647 -0.8048 -0.3693
vn -0.4647 -0.8048 0.3693
vn -0.2129 -0.3687 -0.9048
vn -0.2129 -0.3687 0.9048
vn 0.4647 -0.8048 -0.3692
vn 0.4647 -0.8048 0.3692
vn 0.8048 -0.4647 -0.3693
vn 0.8048 -0.4647 0.3693
vn 0.8048 0.4647 -0.3693
vn 0.8048 0.4647 0.3693
vn 0.2129 0.3687 0.9049
vn -0.2129 0.3687 0.9049
vn -0.3687 0.2129 -0.9049
vn -0.8048 -0.4647 0.3693
vn -0.4647 -0.8048 0.3692
vn -0.4647 0.8048 -0.3692
vn -0.4647 0.8048 0.3692
vn -0.8048 0.4647 -0.3693
vn -0.8048 0.4647 0.3693
vn 0.9803 0.1965 -0.0225
vn 0.9707 0.2256 -0.0830
vn 0.9577 0.2333 -0.1685
vn 0.9428 0.1922 -0.2725
vn 0.9316 0.0779 -0.3552
vn 0.9316 -0.0779 -0.3552
vn 0.9428 -0.1922 -0.2725
vn 0.9577 -0.2333 -0.1685
vn 0.9707 -0.2256 -0.0830
vn 0.9803 -0.1965 -0.0225
vn 0.8792 0.4734 -0.0542
vn 0.8881 0.4314 -0.1588
vn 0.9031 0.3481 -0.2514
vn 0.9189 0.2274 -0.3224
vn 0.9291 0.0792 -0.3613
vn 0.9291 -0.0792 -0.3613
vn 0.9189 -0.2274 -0.3224
vn 0.9031 -0.3481 -0.2514
vn 0.8881 -0.4314 -0.1587
vn 0.8792 -0.4734 -0.0541
vn -0.4008 0.9102 -0.1042
vn -0.3245 0.8877 -0.3267
vn -0.2578 0.7835 -0.5654
vn -0.2033 0.5649 -0.7997
vn -0.1696 0.2114 -0.9626
vn -0.1696 -0.2114 -0.9626
vn -0.2033 -0.5649 -0.7997
vn -0.2578 -0.7835 -0.5654
vn -0.3245 -0.8877 -0.3267
vn -0.4008 -0.9102 -0.1042
vn 0.7421 0.6660 -0.0762
vn -0.9927 0.1199 -0.0137
vn 0.7572 0.6130 -0.2256
vn -0.9920 0.1185 -0.0436
vn 0.7837 0.5035 -0.3637
vn -0.9920 0.1025 -0.0740
vn 0.8132 0.3355 -0.4755
vn -0.9925 0.0704 -0.0998
vn 0.8332 0.1184 -0.5401
vn -0.9931 0.0252 -0.1149
vn 0.8332 -0.1184 -0.5401
vn -0.9931 -0.0252 -0.1149
vn 0.8132 -0.3355 -0.4755
vn -0.9925 -0.0704 -0.0998
vn 0.7837 -0.5035 -0.3637
vn -0.9920 -0.1025 -0.0740
vn 0.7572 -0.6130 -0.2256
vn -0.9920 -0.1185 -0.0436
vn 0.7421 -0.6660 -0.0762
vn -0.9927 -0.1199 -0.0137
vn -0.9947 -0.1030 -0.0050
vn -0.5192 0.0369 0.8539
vn -0.5042 0.0597 0.8615
vn 0.4706 0.1783 0.8641
vn 0.4911 0.1615 0.8560
vn 0.9902 0.1394 0.0003
vn 0.9947 0.1030 0.0046
vn 0.5218 -0.0566 -0.8512
vn 0.5019 -0.0412 -0.8639
vn -0.4728 -0.1609 -0.8663
vn -0.4887 -0.1800 -0.8537
vn -0.9900 -0.1407 0.0003
vn -0.5156 -0.0240 0.8565
vn 0.4504 0.2293 0.8629
vn 0.9680 0.2506 -0.0138
vn 0.4813 0.0120 -0.8765
vn -0.4861 -0.2363 -0.8413
vn -0.9678 -0.2515 0.0148
vn -0.9217 -0.3866 0.0323
vn -0.4897 -0.0953 0.8667
vn 0.4305 0.2936 0.8535
vn 0.9213 0.3876 -0.0317
vn 0.4599 0.0809 -0.8843
vn -0.4615 -0.3037 -0.8335
vn -0.8717 -0.4880 0.0453
vn -0.4585 -0.1461 0.8766
vn 0.4127 0.3434 0.8437
vn 0.8714 0.4885 -0.0449
vn 0.4402 0.1346 -0.8877
vn -0.4316 -0.3522 -0.8305
vn -0.4323 -0.1917 0.8811
vn 0.3852 0.3815 0.8403
vn 0.8184 0.5720 -0.0556
vn 0.4112 0.1751 -0.8946
vn -0.4072 -0.3949 -0.8236
vn -0.8184 -0.5718 0.0563
vn -0.7585 -0.6483 0.0661
vn -0.3985 -0.2301 0.8878
vn 0.3593 0.4195 0.8336
vn 0.7582 0.6488 -0.0657
vn 0.3833 0.2159 -0.8981
vn -0.3752 -0.4313 -0.8205
vn -0.7133 -0.6972 0.0723
vn -0.3717 -0.2525 0.8933
vn 0.3412 0.4454 0.8277
vn 0.7131 0.6974 -0.0721
vn 0.3637 0.2439 -0.8990
vn -0.3497 -0.4527 -0.8203
vn -0.6961 -0.7141 0.0742
vn -0.3551 -0.2525 0.9001
vn 0.3413 0.4610 0.8191
vn 0.6961 0.7141 -0.0745
vn 0.3629 0.2613 -0.8944
vn -0.3332 -0.4535 -0.8266
vn -0.9785 -0.2041 -0.0299
vn -0.6494 0.5618 0.5125
vn -0.6390 0.5857 0.4986
vn 0.3219 0.7924 0.5182
vn 0.3436 0.7809 0.5216
vn 0.9745 0.2245 0.0018
vn 0.9792 0.2008 0.0274
vn 0.6523 -0.5757 -0.4930
vn 0.6363 -0.5724 -0.5172
vn -0.3232 -0.7857 -0.5275
vn -0.3420 -0.7883 -0.5115
vn -0.9751 -0.2219 0.0017
vn -0.6421 0.5154 0.5675
vn 0.3048 0.8143 0.4941
vn 0.9540 0.2882 -0.0826
vn 0.6161 -0.5380 -0.5753
vn -0.3446 -0.8083 -0.4773
vn -0.9553 -0.2821 0.0885
vn -0.9134 -0.3582 0.1935
vn -0.6130 0.4653 0.6385
vn 0.2930 0.8386 0.4592
vn 0.9117 0.3645 -0.1893
vn 0.5900 -0.4874 -0.6437
vn -0.3280 -0.8358 -0.4402
vn -0.8672 -0.4167 0.2726
vn -0.5787 0.4306 0.6926
vn 0.2843 0.8571 0.4297
vn 0.8662 0.4207 -0.2697
vn 0.5644 -0.4460 -0.6947
vn -0.3059 -0.8567 -0.4153
vn -0.5470 0.3966 0.7372
vn 0.2654 0.8727 0.4099
vn 0.8167 0.4692 -0.3358
vn 0.5304 -0.4169 -0.7382
vn -0.2908 -0.8738 -0.3898
vn -0.8177 -0.4646 0.3399
vn -0.7611 -0.5096 0.4014
vn -0.5076 0.3689 0.7786
vn 0.2496 0.8875 0.3873
vn 0.7600 0.5134 -0.3984
vn 0.4953 -0.3854 -0.7785
vn -0.2682 -0.8894 -0.3701
vn -0.7178 -0.5391 0.4406
vn -0.4764 0.3534 0.8051
vn 0.2394 0.8976 0.3702
vn 0.7173 0.5412 -0.4389
vn 0.4699 -0.3629 -0.8046
vn -0.2492 -0.8990 -0.3600
vn -0.7011 -0.5510 0.4525
vn -0.4594 0.3564 0.8136
vn 0.2436 0.9025 0.3552
vn 0.7015 0.5490 -0.4544
vn 0.4657 -0.3467 -0.8142
vn -0.2340 -0.9009 -0.3656
vn -0.8599 -0.5045 0.0775
vn -0.0107 -0.9999 0.0014
vn -0.8620 -0.4952 0.1078
vn -0.8620 0.4952 0.1078
vn -0.8599 0.5045 0.0775
vn -0.0107 0.9999 0.0014
vn 0.0108 0.9999 -0.0010
vn 0.8567 0.5047 -0.1064
vn 0.8653 0.4951 -0.0780
vn 0.8567 -0.5047 -0.1064
vn 0.8653 -0.4951 -0.0780
vn 0.0108 -0.9999 -0.0010
vn -0.0210 -0.9998 0.0049
vn -0.8489 -0.4909 0.1959
vn -0.8489 0.4909 0.1959
vn -0.0210 0.9998 0.0049
vn 0.8384 0.5098 -0.1928
vn 0.8384 -0.5098 -0.1928
vn -0.8158 -0.4915 0.3047
vn -0.8158 0.4915 0.3047
vn -0.0188 0.9998 0.0070
vn 0.8062 0.5090 -0.3017
vn 0.8062 -0.5090 -0.3017
vn -0.0188 -0.9998 0.0070
vn -0.7779 -0.4942 0.3881
vn -0.7779 0.4942 0.3881
vn -0.0119 0.9999 0.0059
vn 0.7718 0.5058 -0.3854
vn 0.7718 -0.5058 -0.3854
vn -0.0119 -0.9999 0.0059
vn -0.0141 -0.9999 0.0088
vn -0.7384 -0.4929 0.4602
vn -0.7384 0.4929 0.4602
vn -0.0141 0.9999 0.0088
vn 0.7313 0.5074 -0.4557
vn 0.7313 -0.5074 -0.4557
vn -0.6911 -0.4943 0.5273
vn -0.6912 0.4943 0.5273
vn -0.0106 0.9999 0.0081
vn 0.6856 0.5059 -0.5235
vn 0.6856 -0.5059 -0.5235
vn -0.0106 -0.9999 0.0081
vn -0.6540 -0.4968 0.5705
vn -0.6540 0.4968 0.5705
vn -0.0056 1.0000 0.0049
vn 0.6511 0.5032 -0.5682
vn 0.6511 -0.5032 -0.5682
vn -0.0056 -1.0000 0.0049
vn -0.6377 -0.5031 0.5832
vn -0.6377 0.5031 0.5832
vn 0.0055 1.0000 -0.0050
vn 0.6405 0.4967 -0.5857
vn 0.6405 -0.4967 -0.5857
vn 0.0055 -1.0000 -0.0050
vn 0.3436 -0.7809 0.5216
vn 0.9745 -0.2245 0.0018
vn 0.3219 -0.7924 0.5182
vn -0.6390 -0.5857 0.4986
vn -0.6494 -0.5618 0.5125
vn -0.9785 0.2041 -0.0299
vn -0.9751 0.2219 0.0017
vn -0.3420 0.7883 -0.5115
vn -0.3232 0.7857 -0.5275
vn 0.6363 0.5724 -0.5172
vn 0.6523 0.5757 -0.4930
vn 0.9792 -0.2008 0.0274
vn 0.9540 -0.2882 -0.0826
vn 0.3048 -0.8143 0.4941
vn -0.6421 -0.5154 0.5675
vn -0.9553 0.2821 0.0885
vn -0.3446 0.8083 -0.4773
vn 0.6161 0.5380 -0.5753
vn 0.2930 -0.8386 0.4592
vn -0.6130 -0.4653 0.6385
vn -0.9134 0.3582 0.1935
vn -0.3280 0.8358 -0.4402
vn 0.5900 0.4874 -0.6437
vn 0.9117 -0.3645 -0.1893
vn 0.2843 -0.8571 0.4297
vn -0.5787 -0.4306 0.6926
vn -0.8672 0.4167 0.2726
vn -0.3059 0.8567 -0.4153
vn 0.5644 0.4460 -0.6947
vn 0.8662 -0.4207 -0.2697
vn 0.8167 -0.4692 -0.3358
vn 0.2654 -0.8727 0.4099
vn -0.5470 -0.3966 0.7372
vn -0.8177 0.4646 0.3399
vn -0.2908 0.8738 -0.3898
vn 0.5304 0.4169 -0.7382
vn 0.2496 -0.8875 0.3873
vn -0.5076 -0.3689 0.7786
vn -0.7611 0.5096 0.4014
vn -0.2682 0.8894 -0.3701
vn 0.4953 0.3854 -0.7785
vn 0.7600 -0.5134 -0.3984
vn 0.2394 -0.8976 0.3702
vn -0.4764 -0.3534 0.8051
vn -0.7178 0.5391 0.4406
vn -0.2492 0.8990 -0.3600
vn 0.4699 0.3629 -0.8046
vn 0.7173 -0.5412 -0.4389
vn 0.2436 -0.9025 0.3552
vn -0.4594 -0.3564 0.8136
vn -0.7011 0.5510 0.4525
vn -0.2340 0.9009 -0.3656
vn 0.4657 0.3467 -0.8142
vn 0.7015 -0.5490 -0.4544
vn 0.4911 -0.1615 0.8560
vn 0.9902 -0.1394 0.0003
vn 0.4706 -0.1783 0.8641
vn -0.5042 -0.0597 0.8615
vn -0.5192 -0.0369 0.8539
vn -0.9947 0.1030 -0.0050
vn -0.9900 0.1407 0.0003
vn -0.4887 0.1800 -0.8537
vn -0.4728 0.1609 -0.8663
vn 0.5019 0.0412 -0.8639
vn 0.5218 0.0566 -0.8512
vn 0.9947 -0.1030 0.0046
vn 0.9680 -0.2506 -0.0138
vn 0.4504 -0.2293 0.8629
vn -0.5156 0.0240 0.8565
vn -0.9678 0.2515 0.0148
vn -0.4861 0.2363 -0.8413
vn 0.4813 -0.0120 -0.8765
vn 0.4305 -0.2936 0.8535
vn -0.4896 0.0953 0.8667
vn -0.9217 0.3866 0.0323
vn -0.4615 0.3037 -0.8335
vn 0.4599 -0.0808 -0.8843
vn 0.9213 -0.3876 -0.0317
vn 0.4127 -0.3434 0.8437
vn -0.4585 0.1461 0.8766
vn -0.8717 0.4880 0.0453
vn -0.4316 0.3522 -0.8305
vn 0.4402 -0.1346 -0.8877
vn 0.8714 -0.4885 -0.0449
vn 0.8184 -0.5720 -0.0556
vn 0.3852 -0.3815 0.8403
vn -0.4323 0.1917 0.8811
vn -0.8184 0.5718 0.0563
vn -0.4072 0.3949 -0.8236
vn 0.4112 -0.1751 -0.8946
vn 0.3593 -0.4195 0.8336
vn -0.3985 0.2301 0.8878
vn -0.7585 0.6483 0.0661
vn -0.3752 0.4313 -0.8205
vn 0.3833 -0.2159 -0.8981
vn 0.7582 -0.6488 -0.0657
vn 0.3412 -0.4454 0.8277
vn -0.3718 0.2525 0.8933
vn -0.7133 0.6971 0.0723
vn -0.3497 0.4527 -0.8203
vn 0.3637 -0.2439 -0.8990
vn 0.7131 -0.6974 -0.0721
vn 0.3413 -0.4610 0.8191
vn -0.3550 0.2525 0.9001
vn -0.6961 0.7141 0.0742
vn -0.3332 0.4535 -0.8266
vn 0.3629 -0.2613 -0.8944
vn 0.6961 -0.7140 -0.0745
vn 0.9850 0.1711 -0.0203
vn 0.9775 0.1969 -0.0752
vn 0.9669 0.2041 -0.1531
vn 0.9539 0.1686 -0.2481
vn 0.9437 0.0684 -0.3238
vn 0.9437 -0.0684 -0.3238
vn 0.9539 -0.1686 -0.2481
vn 0.9669 -0.2041 -0.1531
vn 0.9775 -0.1969 -0.0752
vn 0.9850 -0.1711 -0.0203
vn 0.9050 0.4224 -0.0502
vn 0.9117 0.3838 -0.1467
vn 0.9228 0.3083 -0.2312
vn 0.9342 0.2004 -0.2950
vn 0.9416 0.0696 -0.3296
vn 0.9416 -0.0696 -0.3295
vn 0.9343 -0.2004 -0.2950
vn 0.9228 -0.3083 -0.2312
vn 0.9117 -0.3838 -0.1467
vn 0.9050 -0.4224 -0.0502
vn -0.4006 0.9098 -0.1082
vn -0.3140 0.8868 -0.3391
vn -0.2355 0.7775 -0.5831
vn -0.1693 0.5540 -0.8151
vn -0.1273 0.2051 -0.9704
vn -0.1273 -0.2051 -0.9704
vn -0.1693 -0.5540 -0.8151
vn -0.2355 -0.7775 -0.5831
vn -0.3140 -0.8868 -0.3391
vn -0.4006 -0.9098 -0.1082
vn 0.7873 0.6123 -0.0727
vn -0.9945 0.1041 -0.0124
vn 0.7996 0.5610 -0.2144
vn -0.9939 0.1029 -0.0393
vn 0.8208 0.4570 -0.3428
vn -0.9938 0.0890 -0.0667
vn 0.8437 0.3016 -0.4440
vn -0.9941 0.0611 -0.0900
vn 0.8589 0.1058 -0.5010
vn -0.9944 0.0219 -0.1036
vn 0.8589 -0.1058 -0.5010
vn -0.9944 -0.0219 -0.1036
vn 0.8437 -0.3016 -0.4440
vn -0.9941 -0.0611 -0.0900
vn 0.8208 -0.4570 -0.3428
vn -0.9938 -0.0890 -0.0667
vn 0.7996 -0.5610 -0.2144
vn -0.9939 -0.1029 -0.0393
vn 0.7873 -0.6123 -0.0727
vn -0.9945 -0.1041 -0.0124
vn -0.9960 -0.0889 -0.0043
vn -0.5170 0.0431 0.8549
vn -0.5034 0.0629 0.8618
vn 0.4753 0.1659 0.8640
vn 0.4932 0.1506 0.8568
vn 0.9926 0.1213 0.0002
vn 0.9960 0.0888 0.0040
vn 0.5189 -0.0604 -0.8527
vn 0.5015 -0.0465 -0.8639
vn -0.4771 -0.1504 -0.8659
vn -0.4913 -0.1671 -0.8548
vn -0.9925 -0.1221 0.0002
vn -0.5152 -0.0101 0.8570
vn 0.4588 0.2116 0.8629
vn 0.9756 0.2194 -0.0118
vn 0.4849 0.0007 -0.8746
vn -0.4903 -0.2167 -0.8442
vn -0.9754 -0.2200 0.0126
vn -0.9394 -0.3418 0.0278
vn -0.4953 -0.0741 0.8656
vn 0.4429 0.2698 0.8550
vn 0.9391 0.3425 -0.0272
vn 0.4679 0.0623 -0.8816
vn -0.4712 -0.2777 -0.8371
vn -0.8989 -0.4364 0.0395
vn -0.4698 -0.1216 0.8744
vn 0.4286 0.3162 0.8463
vn 0.8987 0.4368 -0.0391
vn 0.4524 0.1119 -0.8848
vn -0.4466 -0.3234 -0.8342
vn -0.4484 -0.1654 0.8784
vn 0.4050 0.3536 0.8432
vn 0.8541 0.5177 -0.0492
vn 0.4276 0.1510 -0.8912
vn -0.4265 -0.3648 -0.8277
vn -0.8541 -0.5177 0.0497
vn -0.8018 -0.5946 0.0592
vn -0.4191 -0.2043 0.8846
vn 0.3821 0.3916 0.8371
vn 0.8015 0.5950 -0.0589
vn 0.4033 0.1914 -0.8948
vn -0.3985 -0.4021 -0.8244
vn -0.7611 -0.6453 0.0654
vn -0.3946 -0.2277 0.8902
vn 0.3663 0.4183 0.8312
vn 0.7610 0.6455 -0.0652
vn 0.3863 0.2200 -0.8958
vn -0.3749 -0.4247 -0.8241
vn -0.7458 -0.6627 0.0674
vn -0.3786 -0.2288 0.8968
vn 0.3674 0.4333 0.8229
vn 0.7458 0.6627 -0.0676
vn 0.3867 0.2368 -0.8913
vn -0.3590 -0.4267 -0.8301
vn -0.9839 -0.1767 -0.0267
vn -0.6307 0.5733 0.5230
vn -0.6204 0.5945 0.5115
vn 0.3474 0.7747 0.5284
vn 0.3667 0.7633 0.5319
vn 0.9807 0.1957 0.0013
vn 0.9844 0.1741 0.0247
vn 0.6329 -0.5857 -0.5063
vn 0.6183 -0.5826 -0.5276
vn -0.3487 -0.7679 -0.5373
vn -0.3654 -0.7705 -0.5223
vn -0.9811 -0.1936 0.0013
vn -0.6260 0.5319 0.5703
vn 0.3326 0.7965 0.5049
vn 0.9643 0.2543 -0.0741
vn 0.6016 -0.5516 -0.5778
vn -0.3678 -0.7902 -0.4902
vn -0.9651 -0.2497 0.0786
vn -0.9309 -0.3213 0.1739
vn -0.6031 0.4862 0.6324
vn 0.3219 0.8213 0.4711
vn 0.9298 0.3262 -0.1706
vn 0.5809 -0.5059 -0.6377
vn -0.3537 -0.8176 -0.4544
vn -0.8922 -0.3777 0.2478
vn -0.5748 0.4534 0.6812
vn 0.3138 0.8403 0.4421
vn 0.8915 0.3809 -0.2454
vn 0.5606 -0.4675 -0.6835
vn -0.3342 -0.8391 -0.4293
vn -0.5488 0.4206 0.7224
vn 0.2961 0.8571 0.4216
vn 0.8487 0.4292 -0.3091
vn 0.5318 -0.4394 -0.7239
vn -0.3205 -0.8571 -0.4034
vn -0.8493 -0.4255 0.3124
vn -0.7988 -0.4716 0.3734
vn -0.5148 0.3928 0.7621
vn 0.2807 0.8733 0.3982
vn 0.7981 0.4749 -0.3709
vn 0.5017 -0.4087 -0.7624
vn -0.2994 -0.8743 -0.3821
vn -0.7593 -0.5026 0.4133
vn -0.4867 0.3768 0.7881
vn 0.2709 0.8844 0.3801
vn 0.7589 0.5044 -0.4119
vn 0.4799 -0.3859 -0.7879
vn -0.2807 -0.8853 -0.3707
vn -0.7442 -0.5147 0.4257
vn -0.4706 0.3793 0.7966
vn 0.2753 0.8892 0.3655
vn 0.7445 0.5130 -0.4273
vn 0.4773 -0.3701 -0.7970
vn -0.2657 -0.8881 -0.3752
vn -0.8608 -0.5041 0.0696
vn -0.0098 -1.0000 0.0012
vn -0.8631 -0.4957 0.0971
vn -0.8631 0.4957 0.0971
vn -0.8608 0.5041 0.0696
vn -0.0098 1.0000 0.0012
vn 0.0098 1.0000 -0.0008
vn 0.8582 0.5043 -0.0960
vn 0.8657 0.4956 -0.0700
vn 0.8582 -0.5043 -0.0960
vn 0.8657 -0.4956 -0.0700
vn 0.0098 -1.0000 -0.0008
vn -0.0191 -0.9998 0.0040
vn -0.8525 -0.4917 0.1771
vn -0.8525 0.4917 0.1771
vn -0.0191 0.9998 0.0040
vn 0.8430 0.5088 -0.1747
vn 0.8430 -0.5088 -0.1747
vn -0.8251 -0.4922 0.2774
vn -0.8251 0.4922 0.2774
vn -0.0176 0.9998 0.0058
vn 0.8162 0.5083 -0.2749
vn 0.8162 -0.5083 -0.2749
vn -0.0176 -0.9998 0.0058
vn -0.7929 -0.4946 0.3560
vn -0.7929 0.4946 0.3560
vn -0.0113 0.9999 0.0051
vn 0.7871 0.5054 -0.3536
vn 0.7871 -0.5054 -0.3536
vn -0.0113 -0.9999 0.0051
vn -0.0138 -0.9999 0.0077
vn -0.7587 -0.4933 0.4255
vn -0.7587 0.4933 0.4255
vn -0.0138 0.9999 0.0077
vn 0.7518 0.5070 -0.4216
vn 0.7518 -0.5070 -0.4216
vn -0.7165 -0.4944 0.4921
vn -0.7165 0.4944 0.4921
vn -0.0108 0.9999 0.0073
vn 0.7109 0.5058 -0.4887
vn 0.7109 -0.5058 -0.4887
vn -0.0108 -0.9999 0.0073
vn -0.6826 -0.4969 0.5359
vn -0.6826 0.4969 0.5359
vn -0.0057 1.0000 0.0044
vn 0.6796 0.5031 -0.5338
vn 0.6796 -0.5031 -0.5338
vn -0.0057 -1.0000 0.0044
vn -0.6675 -0.5030 0.5490
vn -0.6675 0.5030 0.5490
vn 0.0055 1.0000 -0.0045
vn 0.6703 0.4968 -0.5513
vn 0.6703 -0.4968 -0.5512
vn 0.0055 -1.0000 -0.0045
vn 0.3667 -0.7633 0.5319
vn 0.9807 -0.1957 0.0013
vn 0.3474 -0.7747 0.5284
vn -0.6204 -0.5945 0.5115
vn -0.6307 -0.5733 0.5230
vn -0.9839 0.1767 -0.0267
vn -0.9811 0.1936 0.0013
vn -0.3654 0.7705 -0.5223
vn -0.3487 0.7679 -0.5373
vn 0.6183 0.5826 -0.5276
vn 0.6329 0.5857 -0.5063
vn 0.9844 -0.1741 0.0247
vn 0.9643 -0.2543 -0.0741
vn 0.3326 -0.7965 0.5049
vn -0.6260 -0.5319 0.5703
vn -0.9651 0.2497 0.0786
vn -0.3678 0.7902 -0.4902
vn 0.6016 0.5516 -0.5778
vn 0.3219 -0.8213 0.4711
vn -0.6031 -0.4862 0.6324
vn -0.9309 0.3213 0.1739
vn -0.3537 0.8176 -0.4544
vn 0.5809 0.5059 -0.6377
vn 0.9298 -0.3262 -0.1706
vn 0.3138 -0.8403 0.4421
vn -0.5748 -0.4534 0.6812
vn -0.8922 0.3777 0.2478
vn -0.3342 0.8391 -0.4293
vn 0.5606 0.4675 -0.6835
vn 0.8915 -0.3809 -0.2454
vn 0.8487 -0.4292 -0.3091
vn 0.2961 -0.8571 0.4216
vn -0.5488 -0.4206 0.7224
vn -0.8493 0.4255 0.3124
vn -0.3205 0.8571 -0.4034
vn 0.5318 0.4394 -0.7239
vn 0.2807 -0.8733 0.3982
vn -0.5148 -0.3928 0.7621
vn -0.7988 0.4716 0.3734
vn -0.2994 0.8743 -0.3821
vn 0.5017 0.4087 -0.7624
vn 0.7980 -0.4749 -0.3709
vn 0.2709 -0.8844 0.3801
vn -0.4867 -0.3768 0.7881
vn -0.7593 0.5026 0.4133
vn -0.2807 0.8853 -0.3707
vn 0.4799 0.3859 -0.7879
vn 0.7589 -0.5044 -0.4119
vn 0.2753 -0.8892 0.3655
vn -0.4706 -0.3793 0.7967
vn -0.7442 0.5147 0.4257
vn -0.2657 0.8881 -0.3752
vn 0.4773 0.3701 -0.7970
vn 0.7445 -0.5130 -0.4273
vn 0.4932 -0.1506 0.8568
vn 0.9926 -0.1213 0.0002
vn 0.4753 -0.1659 0.8640
vn -0.5034 -0.0629 0.8618
vn -0.5170 -0.0431 0.8549
vn -0.9960 0.0889 -0.0043
vn -0.9925 0.1221 0.0002
vn -0.4913 0.1671 -0.8548
vn -0.4771 0.1504 -0.8659
vn 0.5015 0.0465 -0.8639
vn 0.5189 0.0604 -0.8527
vn 0.9960 -0.0888 0.0040
vn 0.9756 -0.2194 -0.0118
vn 0.4588 -0.2116 0.8629
vn -0.5152 0.0101 0.8570
vn -0.9754 0.2200 0.0126
vn -0.4903 0.2167 -0.8442
vn 0.4849 -0.0007 -0.8746
vn 0.4429 -0.2698 0.8550
vn -0.4953 0.0741 0.8656
vn -0.9394 0.3418 0.0278
vn -0.4712 0.2777 -0.8371
vn 0.4679 -0.0623 -0.8816
vn 0.9391 -0.3425 -0.0272
vn 0.4286 -0.3162 0.8463
vn -0.4698 0.1216 0.8744
vn -0.8989 0.4364 0.0395
vn -0.4466 0.3234 -0.8342
vn 0.4524 -0.1119 -0.8848
vn 0.8987 -0.4368 -0.0391
vn 0.8541 -0.5177 -0.0492
vn 0.4050 -0.3536 0.8432
vn -0.4484 0.1654 0.8784
vn -0.8541 0.5177 0.0497
vn -0.4265 0.3648 -0.8277
vn 0.4276 -0.1510 -0.8912
vn 0.3821 -0.3916 0.8371
vn -0.4191 0.2043 0.8846
vn -0.8018 0.5946 0.0592
vn -0.3985 0.4021 -0.8244
vn 0.4033 -0.1914 -0.8948
vn 0.8015 -0.5950 -0.0589
vn 0.3663 -0.4183 0.8312
vn -0.3946 0.2277 0.8902
vn -0.7611 0.6453 0.0654
vn -0.3749 0.4247 -0.8241
vn 0.3863 -0.2200 -0.8958
vn 0.7610 -0.6455 -0.0652
vn 0.3674 -0.4333 0.8229
vn -0.3786 0.2288 0.8968
vn -0.7458 0.6627 0.0674
vn -0.3590 0.4267 -0.8301
vn 0.3867 -0.2368 -0.8913
vn 0.7458 -0.6627 -0.0676
vn 0.9883 0.1515 -0.0185
vn 0.9822 0.1746 -0.0687
vn 0.9734 0.1813 -0.1401
vn 0.9621 0.1500 -0.2275
vn 0.9529 0.0609 -0.2972
vn 0.9529 -0.0609 -0.2972
vn 0.9621 -0.1500 -0.2275
vn 0.9734 -0.1813 -0.1401
vn 0.9822 -0.1746 -0.0687
vn 0.9883 -0.1515 -0.0185
vn 0.9237 0.3803 -0.0465
vn 0.9287 0.3450 -0.1358
vn 0.9371 0.2762 -0.2135
vn 0.9457 0.1790 -0.2714
vn 0.9511 0.0620 -0.3026
vn 0.9511 -0.0620 -0.3026
vn 0.9457 -0.1790 -0.2714
vn 0.9371 -0.2762 -0.2135
vn 0.9287 -0.3450 -0.1358
vn 0.9237 -0.3803 -0.0465
vn -0.4020 0.9088 -0.1114
vn -0.3050 0.8860 -0.3492
vn -0.2151 0.7726 -0.5973
vn -0.1380 0.5452 -0.8269
vn -0.0890 0.2000 -0.9757
vn -0.0890 -0.2000 -0.9757
vn -0.1380 -0.5452 -0.8268
vn -0.2151 -0.7726 -0.5973
vn -0.3050 -0.8860 -0.3492
vn -0.4020 -0.9088 -0.1114
vn 0.8225 0.5645 -0.0691
vn -0.9957 0.0919 -0.0113
vn 0.8326 0.5154 -0.2029
vn -0.9952 0.0909 -0.0358
vn 0.8496 0.4174 -0.3225
vn -0.9951 0.0786 -0.0607
vn 0.8676 0.2737 -0.4151
vn -0.9952 0.0540 -0.0819
vn 0.8794 0.0956 -0.4664
vn -0.9954 0.0193 -0.0943
vn 0.8794 -0.0956 -0.4664
vn -0.9954 -0.0193 -0.0943
vn 0.8676 -0.2737 -0.4151
vn -0.9952 -0.0540 -0.0819
vn 0.8496 -0.4174 -0.3225
vn -0.9951 -0.0786 -0.0607
vn 0.8326 -0.5154 -0.2029
vn -0.9952 -0.0909 -0.0358
vn 0.8225 -0.5645 -0.0691
vn -0.9957 -0.0919 -0.0113
vn -0.9969 -0.0781 -0.0037
vn -0.5152 0.0478 0.8557
vn -0.5027 0.0652 0.8620
vn 0.4788 0.1563 0.8639
vn 0.4946 0.1424 0.8574
vn 0.9942 0.1073 0.0002
vn 0.9969 0.0781 0.0035
vn 0.5167 -0.0632 -0.8538
vn 0.5013 -0.0505 -0.8638
vn -0.4802 -0.1422 -0.8655
vn -0.4931 -0.1571 -0.8557
vn -0.9942 -0.1079 0.0002
vn -0.5146 0.0007 0.8574
vn 0.4650 0.1976 0.8630
vn 0.9808 0.1949 -0.0103
vn 0.4874 -0.0082 -0.8731
vn -0.4930 -0.2014 -0.8464
vn -0.9807 -0.1954 0.0109
vn -0.9518 -0.3058 0.0242
vn -0.4989 -0.0571 0.8648
vn 0.4519 0.2505 0.8562
vn 0.9516 0.3063 -0.0238
vn 0.4736 0.0473 -0.8794
vn -0.4779 -0.2568 -0.8400
vn -0.9186 -0.3937 0.0348
vn -0.4777 -0.1013 0.8726
vn 0.4404 0.2937 0.8484
vn 0.9185 0.3940 -0.0345
vn 0.4613 0.0931 -0.8824
vn -0.4574 -0.2996 -0.8373
vn -0.4602 -0.1429 0.8763
vn 0.4200 0.3297 0.8455
vn 0.8809 0.4714 -0.0439
vn 0.4400 0.1305 -0.8884
vn -0.4407 -0.3392 -0.8311
vn -0.8808 -0.4714 0.0443
vn -0.8353 -0.5472 0.0534
vn -0.4349 -0.1814 0.8820
vn 0.3999 0.3670 0.8399
vn 0.8351 0.5475 -0.0531
vn 0.4189 0.1698 -0.8920
vn -0.4164 -0.3762 -0.8277
vn -0.7992 -0.5982 0.0595
vn -0.4127 -0.2051 0.8875
vn 0.3863 0.3938 0.8341
vn 0.7990 0.5984 -0.0594
vn 0.4043 0.1982 -0.8929
vn -0.3949 -0.3994 -0.8274
vn -0.7856 -0.6157 0.0615
vn -0.3976 -0.2071 0.8939
vn 0.3882 0.4081 0.8263
vn 0.7856 0.6157 -0.0616
vn 0.4057 0.2142 -0.8885
vn -0.3798 -0.4022 -0.8331
vn -0.9875 -0.1556 -0.0240
vn -0.6160 0.5813 0.5316
vn -0.6060 0.6003 0.5218
vn 0.3668 0.7599 0.5366
vn 0.3841 0.7488 0.5401
vn 0.9849 0.1733 0.0011
vn 0.9879 0.1536 0.0224
vn 0.6178 -0.5925 -0.5169
vn 0.6043 -0.5895 -0.5360
vn -0.3679 -0.7533 -0.5451
vn -0.3829 -0.7559 -0.5310
vn -0.9852 -0.1717 0.0010
vn -0.6131 0.5440 0.5729
vn 0.3538 0.7813 0.5142
vn 0.9715 0.2275 -0.0670
vn 0.5902 -0.5613 -0.5802
vn -0.3853 -0.7749 -0.5011
vn -0.9721 -0.2239 0.0706
vn -0.9437 -0.2910 0.1576
vn -0.5947 0.5021 0.6279
vn 0.3442 0.8058 0.4819
vn 0.9429 0.2950 -0.1548
vn 0.5734 -0.5198 -0.6332
vn -0.3733 -0.8016 -0.4670
vn -0.9109 -0.3450 0.2264
vn -0.5710 0.4714 0.6722
vn 0.3370 0.8249 0.4538
vn 0.9104 0.3476 -0.2244
vn 0.5571 -0.4842 -0.6747
vn -0.3560 -0.8232 -0.4423
vn -0.5494 0.4400 0.7103
vn 0.3206 0.8424 0.4331
vn 0.8733 0.3950 -0.2850
vn 0.5324 -0.4574 -0.7122
vn -0.3439 -0.8415 -0.4166
vn -0.8738 -0.3919 0.2878
vn -0.8289 -0.4383 0.3475
vn -0.5199 0.4125 0.7480
vn 0.3060 0.8595 0.4095
vn 0.8283 0.4411 -0.3454
vn 0.5064 -0.4276 -0.7488
vn -0.3245 -0.8597 -0.3945
vn -0.7932 -0.4699 0.3873
vn -0.4948 0.3964 0.7733
vn 0.2969 0.8712 0.3910
vn 0.7929 0.4715 -0.3861
vn 0.4877 -0.4050 -0.7734
vn -0.3067 -0.8717 -0.3823
vn -0.7796 -0.4820 0.3999
vn -0.4796 0.3984 0.7818
vn 0.3015 0.8758 0.3769
vn 0.7798 0.4806 -0.4012
vn 0.4864 -0.3897 -0.7820
vn -0.2920 -0.8751 -0.3858
vn -0.8615 -0.5038 0.0631
vn -0.0090 -1.0000 0.0010
vn -0.8638 -0.4960 0.0883
vn -0.8638 0.4960 0.0883
vn -0.8615 0.5038 0.0631
vn -0.0090 1.0000 0.0010
vn 0.0090 1.0000 -0.0007
vn 0.8593 0.5039 -0.0874
vn 0.8660 0.4960 -0.0635
vn 0.8593 -0.5039 -0.0874
vn 0.8660 -0.4960 -0.0635
vn 0.0090 -1.0000 -0.0007
vn -0.0175 -0.9998 0.0034
vn -0.8552 -0.4924 0.1616
vn -0.8552 0.4924 0.1616
vn -0.0175 0.9998 0.0034
vn 0.8464 0.5080 -0.1596
vn 0.8464 -0.5080 -0.1596
vn -0.8322 -0.4927 0.2544
vn -0.8322 0.4927 0.2544
vn -0.0164 0.9999 0.0050
vn 0.8238 0.5076 -0.2522
vn 0.8238 -0.5076 -0.2522
vn -0.0164 -0.9999 0.0050
vn -0.8045 -0.4949 0.3284
vn -0.8045 0.4949 0.3284
vn -0.0108 0.9999 0.0044
vn 0.7990 0.5051 -0.3263
vn 0.7990 -0.5051 -0.3263
vn -0.0108 -0.9999 0.0044
vn -0.0133 -0.9999 0.0068
vn -0.7748 -0.4936 0.3951
vn -0.7748 0.4936 0.3951
vn -0.0133 0.9999 0.0068
vn 0.7681 0.5067 -0.3916
vn 0.7681 -0.5067 -0.3916
vn -0.7371 -0.4946 0.4604
vn -0.7371 0.4946 0.4604
vn -0.0107 0.9999 0.0066
vn 0.7316 0.5056 -0.4573
vn 0.7316 -0.5056 -0.4573
vn -0.0107 -0.9999 0.0067
vn -0.7063 -0.4970 0.5041
vn -0.7063 0.4970 0.5041
vn -0.0056 1.0000 0.0040
vn 0.7034 0.5030 -0.5022
vn 0.7034 -0.5030 -0.5022
vn -0.0056 -1.0000 0.0040
vn -0.6924 -0.5029 0.5173
vn -0.6924 0.5029 0.5173
vn 0.0055 1.0000 -0.0041
vn 0.6952 0.4969 -0.5194
vn 0.6952 -0.4970 -0.5194
vn 0.0055 -1.0000 -0.0041
vn 0.3841 -0.7488 0.5401
vn 0.9849 -0.1733 0.0011
vn 0.3668 -0.7599 0.5366
vn -0.6060 -0.6003 0.5218
vn -0.6160 -0.5813 0.5316
vn -0.9875 0.1556 -0.0240
vn -0.9852 0.1717 0.0010
vn -0.3829 0.7559 -0.5310
vn -0.3679 0.7533 -0.5451
vn 0.6043 0.5895 -0.5360
vn 0.6178 0.5925 -0.5169
vn 0.9879 -0.1536 0.0224
vn 0.9715 -0.2275 -0.0670
vn 0.3538 -0.7813 0.5142
vn -0.6131 -0.5440 0.5729
vn -0.9721 0.2239 0.0706
vn -0.3853 0.7749 -0.5011
vn 0.5902 0.5613 -0.5802
vn 0.3442 -0.8058 0.4819
vn -0.5947 -0.5021 0.6279
vn -0.9437 0.2910 0.1576
vn -0.3733 0.8016 -0.4670
vn 0.5734 0.5198 -0.6332
vn 0.9429 -0.2950 -0.1548
vn 0.3370 -0.8249 0.4538
vn -0.5710 -0.4714 0.6722
vn -0.9109 0.3450 0.2264
vn -0.3560 0.8232 -0.4423
vn 0.5571 0.4842 -0.6747
vn 0.9104 -0.3476 -0.2244
vn 0.8733 -0.3950 -0.2850
vn 0.3206 -0.8424 0.4331
vn -0.5494 -0.4400 0.7103
vn -0.8738 0.3919 0.2878
vn -0.3439 0.8415 -0.4166
vn 0.5324 0.4574 -0.7122
vn 0.3060 -0.8595 0.4095
vn -0.5199 -0.4125 0.7480
vn -0.8289 0.4383 0.3475
vn -0.3245 0.8597 -0.3945
vn 0.5064 0.4276 -0.7488
vn 0.8283 -0.4411 -0.3454
vn 0.2969 -0.8712 0.3910
vn -0.4948 -0.3964 0.7733
vn -0.7932 0.4699 0.3873
vn -0.3067 0.8717 -0.3823
vn 0.4877 0.4050 -0.7734
vn 0.7929 -0.4715 -0.3861
vn 0.3015 -0.8758 0.3769
vn -0.4795 -0.3984 0.7819
vn -0.7796 0.4820 0.3999
vn -0.2920 0.8751 -0.3858
vn 0.4864 0.3897 -0.7820
vn 0.7798 -0.4806 -0.4012
vn 0.4946 -0.1424 0.8574
vn 0.9942 -0.1073 0.0002
vn 0.4788 -0.1563 0.8639
vn -0.5027 -0.0652 0.8620
vn -0.5152 -0.0478 0.8557
vn -0.9969 0.0781 -0.0037
vn -0.9942 0.1079 0.0002
vn -0.4931 0.1571 -0.8557
vn -0.4802 0.1422 -0.8655
vn 0.5013 0.0505 -0.8638
vn 0.5167 0.0632 -0.8538
vn 0.9969 -0.0781 0.0035
vn 0.9808 -0.1949 -0.0103
vn 0.4650 -0.1976 0.8630
vn -0.5146 -0.0007 0.8574
vn -0.9807 0.1954 0.0109
vn -0.4930 0.2014 -0.8464
vn 0.4874 0.0082 -0.8731
vn 0.4519 -0.2505 0.8562
vn -0.4989 0.0571 0.8648
vn -0.9518 0.3058 0.0242
vn -0.4779 0.2568 -0.8400
vn 0.4736 -0.0473 -0.8794
vn 0.9516 -0.3063 -0.0238
vn 0.4404 -0.2937 0.8484
vn -0.4777 0.1013 0.8726
vn -0.9186 0.3937 0.0348
vn -0.4574 0.2996 -0.8373
vn 0.4613 -0.0931 -0.8824
vn 0.9185 -0.3940 -0.0345
vn 0.8809 -0.4714 -0.0439
vn 0.4200 -0.3297 0.8455
vn -0.4602 0.1429 0.8763
vn -0.8808 0.4714 0.0443
vn -0.4407 0.3392 -0.8311
vn 0.4400 -0.1305 -0.8884
vn 0.3999 -0.3670 0.8399
vn -0.4349 0.1814 0.8820
vn -0.8353 0.5472 0.0534
vn -0.4164 0.3762 -0.8277
vn 0.4189 -0.1698 -0.8920
vn 0.8351 -0.5475 -0.0531
vn 0.3863 -0.3938 0.8341
vn -0.4127 0.2051 0.8875
vn -0.7992 0.5982 0.0595
vn -0.3949 0.3994 -0.8274
vn 0.4043 -0.1982 -0.8929
vn 0.7990 -0.5984 -0.0594
vn 0.3882 -0.4081 0.8263
vn -0.3976 0.2071 0.8939
vn -0.7856 0.6157 0.0615
vn -0.3798 0.4022 -0.8331
vn 0.4057 -0.2142 -0.8885
vn 0.7856 -0.6157 -0.0616
vn -0.5670 0.5033 -0.6521
vn -0.7261 0.4810 0.4914
vn -0.4063 -0.6401 -0.6521
vn -0.5654 -0.6625 0.4914
vn 0.5654 0.6625 -0.4914
vn 0.4063 0.6401 0.6521
vn 0.7261 -0.4810 -0.4914
vn 0.5670 -0.5033 0.6521
vn -0.5960 -0.0838 -0.7986
vn -0.7918 0.6028 -0.0984
vn -0.7909 -0.1112 0.6018
vn -0.5950 -0.7977 -0.0984
vn 0.1959 -0.6865 -0.7002
vn 0.0010 -0.7139 0.7002
vn 0.7918 -0.6028 0.0984
vn 0.7909 0.1111 -0.6018
vn 0.5960 0.0838 0.7986
vn 0.5950 0.7977 0.0984
vn -0.0010 0.7139 -0.7002
vn -0.1959 0.6865 0.7002
vn 0.1378 0.0194 -0.9903
vn -0.9806 -0.1378 -0.1392
vn -0.1392 0.9903 -0.0000
vn -0.1378 -0.0194 0.9903
vn 0.1392 -0.9903 -0.0000
vn 0.9806 0.1378 0.1392
vn -0.6521 0.4914 -0.5774
vn -0.6521 0.4914 0.5774
vn -0.4914 -0.6521 -0.5774
vn -0.4914 -0.6521 0.5774
vn 0.4914 0.6521 -0.5774
vn 0.4914 0.6521 0.5774
vn 0.6521 -0.4914 -0.5774
vn 0.6521 -0.4914 0.5774
vn -0.7002 -0.0984 -0.7071
vn -0.7986 0.6018 -0.0000
vn -0.7002 -0.0984 0.7071
vn -0.6018 -0.7986 -0.0000
vn 0.0984 -0.7002 -0.7071
vn 0.0984 -0.7002 0.7071
vn 0.7986 -0.6018 -0.0000
vn 0.7002 0.0984 -0.7071
vn 0.7002 0.0984 0.7071
vn 0.6018 0.7986 -0.0000
vn -0.0984 0.7002 -0.7071
vn -0.0984 0.7002 0.7071
vn -0.9903 -0.1392 -0.0000
vn 0.9903 0.1392 -0.0000
vn -0.7261 0.4810 -0.4914
vn -0.5670 0.5033 0.6521
vn -0.5654 -0.6625 -0.4914
vn -0.4063 -0.6401 0.6521
vn 0.4063 0.6401 -0.6521
vn 0.5654 0.6625 0.4914
vn 0.5670 -0.5033 -0.6521
vn 0.7261 -0.4810 0.4914
vn -0.7909 -0.1111 -0.6018
vn -0.7918 0.6028 0.0984
vn -0.5959 -0.0838 0.7986
vn -0.5950 -0.7977 0.0984
vn 0.0010 -0.7139 -0.7002
vn 0.1959 -0.6865 0.7002
vn 0.7918 -0.6028 -0.0984
vn 0.5960 0.0838 -0.7986
vn 0.7909 0.1111 0.6018
vn 0.5950 0.7977 -0.0984
vn -0.1959 0.6865 -0.7002
vn -0.0010 0.7139 0.7002
vn -0.1378 -0.0194 -0.9903
vn -0.9806 -0.1378 0.1392
vn 0.1378 0.0194 0.9903
vn 0.9806 0.1378 -0.1392
vn 0.3808 0.9247 -0.0000
vn 0.9010 -0.0000 0.4339
vn -0.7759 0.6309 -0.0000
vn 0.3431 0.9247 0.1652
vn -0.7759 -0.6309 -0.0000
vn -0.6990 0.6309 -0.3366
vn 0.3808 -0.9247 -0.0000
vn -0.6990 -0.6309 -0.3366
vn 0.3431 -0.9247 0.1652
vn 0.2374 0.9247 0.2977
vn 0.6235 -0.0000 0.7818
vn -0.4837 0.6309 -0.6066
vn -0.4837 -0.6309 -0.6066
vn 0.2374 -0.9247 0.2977
vn 0.2225 -0.0000 0.9749
vn 0.0847 0.9247 0.3712
vn -0.1726 0.6309 -0.7564
vn 0.0847 -0.9247 0.3712
vn -0.1726 -0.6309 -0.7564
vn -0.2225 -0.0000 0.9749
vn -0.0847 0.9247 0.3712
vn 0.1726 0.6309 -0.7564
vn 0.1726 -0.6309 -0.7564
vn -0.0847 -0.9247 0.3712
vn -0.6235 -0.0000 0.7818
vn 0.4837 0.6309 -0.6066
vn -0.2374 0.9247 0.2977
vn 0.4837 -0.6309 -0.6066
vn -0.2374 -0.9247 0.2977
vn -0.9010 -0.0000 0.4339
vn -0.3431 0.9247 0.1652
vn 0.6990 0.6309 -0.3366
vn -0.3431 -0.9247 0.1652
vn 0.6990 -0.6309 -0.3366
vn -0.3808 0.9247 -0.0000
vn 0.7759 0.6309 -0.0000
vn -0.3808 -0.9247 -0.0000
vn 0.7759 -0.6309 -0.0000
vn -0.9010 -0.0000 -0.4339
vn 0.6990 0.6309 0.3366
vn -0.3431 0.9247 -0.1652
vn 0.6990 -0.6309 0.3366
vn -0.3431 -0.9247 -0.1652
vn -0.6235 -0.0000 -0.7818
vn 0.4837 0.6309 0.6066
vn -0.2374 0.9247 -0.2977
vn 0.4837 -0.6309 0.6066
vn -0.2374 -0.9247 -0.2977
vn -0.2225 -0.0000 -0.9749
vn 0.1726 0.6309 0.7564
vn -0.0847 0.9247 -0.3713
vn -0.0847 -0.9247 -0.3712
vn 0.1726 -0.6309 0.7564
vn 0.0847 0.9247 -0.3712
vn 0.2225 -0.0000 -0.9749
vn -0.1726 0.6309 0.7564
vn -0.1726 -0.6309 0.7564
vn 0.0847 -0.9247 -0.3713
vn 0.2374 0.9247 -0.2977
vn 0.6235 -0.0000 -0.7818
vn -0.4837 0.6309 0.6066
vn 0.2374 -0.9247 -0.2977
vn -0.4837 -0.6309 0.6066
vn 0.9010 -0.0000 -0.4339
vn -0.6990 0.6309 0.3366
vn 0.3431 0.9247 -0.1652
vn 0.3431 -0.9247 -0.1652
vn -0.6990 -0.6309 0.3366
vn 0.4647 0.8048 0.3693
vn 0.8249 0.4419 0.3524
vn -0.8249 -0.4419 0.3524
vn 0.2129 -0.3687 0.9049
vn 0.4647 0.8048 -0.3692
vn -0.3687 -0.2129 -0.9049
vn -0.4647 -0.8048 -0.3692
vn 0.8792 0.4734 -0.0541
vn -0.7133 -0.6971 0.0723
vn 0.6961 0.7140 -0.0745
vn 0.5644 -0.4460 -0.6946
vn 0.8653 0.4952 -0.0780
vn 0.8653 -0.4952 -0.0780
vn -0.6911 0.4943 0.5273
vn -0.6377 0.5032 0.5832
vn 0.6404 -0.4967 -0.5857
vn -0.2341 0.9009 -0.3656
vn -0.9217 0.3865 0.0323
vn 0.4599 -0.0809 -0.8843
vn -0.8184 0.5719 0.0563
vn 0.3412 -0.4455 0.8277
vn -0.3717 0.2525 0.8933
vn -0.3551 0.2525 0.9001
vn 0.6961 -0.7141 -0.0745
vn 0.9343 0.2004 -0.2950
vn 0.9416 0.0696 -0.3295
vn -0.9960 -0.0888 -0.0043
vn 0.4276 0.1510 -0.8913
vn -0.9839 -0.1766 -0.0267
vn 0.5607 -0.4675 -0.6835
vn -0.5148 0.3927 0.7621
vn -0.4706 0.3793 0.7967
vn -0.8608 -0.5042 0.0696
vn -0.0176 0.9998 0.0059
vn -0.0176 -0.9998 0.0059
vn 0.0055 1.0000 -0.0046
vn 0.6703 0.4968 -0.5512
vn 0.0055 -1.0000 -0.0046
vn -0.9839 0.1766 -0.0267
vn -0.9309 0.3213 0.1740
vn 0.5607 0.4675 -0.6835
vn -0.5148 -0.3927 0.7621
vn 0.7981 -0.4749 -0.3709
vn -0.9960 0.0888 -0.0043
vn 0.4276 -0.1510 -0.8913
vn 0.9237 0.3803 -0.0466
vn -0.2152 0.7726 -0.5973
vn -0.2152 -0.7726 -0.5973
vn -0.9518 -0.3059 0.0242
vn -0.4348 -0.1814 0.8820
vn -0.3798 -0.4022 -0.8330
vn 0.5734 -0.5198 -0.6333
vn -0.3734 -0.8016 -0.4670
vn -0.3440 -0.8415 -0.4166
vn -0.7932 -0.4700 0.3873
vn -0.3066 -0.8717 -0.3823
vn -0.4795 0.3984 0.7818
vn 0.4865 -0.3897 -0.7820
vn -0.8552 -0.4925 0.1616
vn -0.8552 0.4925 0.1616
vn -0.0107 0.9999 0.0067
vn 0.6952 0.4970 -0.5194
vn -0.3734 0.8016 -0.4670
vn 0.5734 0.5198 -0.6333
vn -0.3440 0.8415 -0.4166
vn -0.7932 0.4700 0.3873
vn -0.3066 0.8717 -0.3823
vn -0.4795 -0.3984 0.7818
vn 0.4865 0.3897 -0.7820
vn -0.9518 0.3059 0.0242
vn -0.4348 0.1814 0.8820
vn -0.3798 0.4022 -0.8330
vn -0.4063 0.6401 -0.6521
vn -0.5654 0.6625 0.4914
vn -0.5670 -0.5033 -0.6521
vn -0.7261 -0.4810 0.4914
vn 0.7261 0.4810 -0.4914
vn 0.5670 0.5033 0.6521
vn 0.5654 -0.6625 -0.4914
vn 0.4063 -0.6401 0.6521
vn -0.5960 0.0838 -0.7986
vn -0.5950 0.7977 -0.0984
vn -0.7909 0.1112 0.6018
vn -0.7918 -0.6028 -0.0984
vn -0.0010 -0.7139 -0.7002
vn -0.1959 -0.6865 0.7002
vn 0.5950 -0.7977 0.0984
vn 0.7909 -0.1111 -0.6018
vn 0.5960 -0.0838 0.7986
vn 0.7918 0.6028 0.0984
vn 0.1959 0.6865 -0.7002
vn 0.0010 0.7139 0.7002
vn 0.1378 -0.0194 -0.9903
vn -0.9806 0.1378 -0.1392
vn 0.1392 0.9903 -0.0000
vn -0.1378 0.0194 0.9903
vn -0.1392 -0.9903 -0.0000
vn 0.9806 -0.1378 0.1392
vn -0.4914 0.6521 -0.5773
vn -0.4914 0.6521 0.5773
vn -0.6521 -0.4914 -0.5774
vn -0.6521 -0.4914 0.5774
vn 0.6521 0.4914 -0.5773
vn 0.6521 0.4914 0.5773
vn 0.4914 -0.6521 -0.5774
vn 0.4914 -0.6521 0.5774
vn -0.7002 0.0984 -0.7071
vn -0.6018 0.7986 -0.0000
vn -0.7002 0.0984 0.7071
vn -0.7986 -0.6018 -0.0000
vn -0.0984 -0.7002 -0.7071
vn -0.0984 -0.7002 0.7071
vn 0.6018 -0.7986 -0.0000
vn 0.7002 -0.0984 -0.7071
vn 0.7002 -0.0984 0.7071
vn 0.7986 0.6018 -0.0000
vn 0.0984 0.7002 -0.7071
vn 0.0984 0.7002 0.7071
vn -0.9903 0.1392 -0.0000
vn 0.9903 -0.1392 -0.0000
vn -0.5654 0.6625 -0.4914
vn -0.4063 0.6401 0.6521
vn -0.7261 -0.4810 -0.4914
vn -0.5670 -0.5033 0.6521
vn 0.5670 0.5033 -0.6521
vn 0.7261 0.4810 0.4914
vn 0.4063 -0.6401 -0.6521
vn 0.5654 -0.6625 0.4914
vn -0.7909 0.1112 -0.6018
vn -0.5950 0.7977 0.0984
vn -0.5960 0.0838 0.7986
vn -0.7918 -0.6028 0.0984
vn -0.1959 -0.6865 -0.7002
vn -0.0010 -0.7139 0.7002
vn 0.5950 -0.7977 -0.0984
vn 0.5960 -0.0838 -0.7986
vn 0.7909 -0.1111 0.6018
vn 0.7918 0.6028 -0.0984
vn 0.0010 0.7139 -0.7002
vn 0.1959 0.6865 0.7002
vn -0.1378 0.0194 -0.9903
vn -0.9806 0.1378 0.1392
vn 0.1378 -0.0194 0.9903
vn 0.9806 -0.1378 -0.1392
vn 0.0847 0.9247 0.3713
vn -0.0847 0.9247 0.3713
vn -0.0847 -0.9247 0.3713
vn -0.0847 -0.9247 -0.3713
vn -0.7547 0.6561 -0.0000
vn -0.6560 -0.7548 -0.0000
vn 0.7547 -0.6560 -0.0000
vn 0.7053 0.0493 -0.7071
vn 0.6560 0.7547 -0.0000
vn -0.6560 -0.7547 -0.0000
vn -0.6560 0.7547 -0.0000
vn -0.7547 -0.6561 -0.0000
vn 0.0493 0.7053 -0.7072
vn -0.0493 -0.7054 -0.7071
vn 0.8881 0.4314 -0.1587
vn 0.8881 -0.4314 -0.1588
vn 0.8792 -0.4734 -0.0542
vn -0.3972 0.9118 -0.1039
vn -0.3158 0.8908 -0.3266
vn -0.2486 0.7861 -0.5658
vn -0.1968 0.5664 -0.8003
vn -0.1675 0.2118 -0.9629
vn -0.1674 -0.2118 -0.9629
vn -0.1968 -0.5664 -0.8003
vn -0.2486 -0.7861 -0.5658
vn -0.3158 -0.8908 -0.3266
vn -0.3972 -0.9118 -0.1039
vn 0.9416 -0.0696 -0.3296
vn 0.9342 -0.2004 -0.2950
vn -0.3961 0.9118 -0.1079
vn -0.3026 0.8907 -0.3393
vn -0.2231 0.7807 -0.5838
vn -0.1602 0.5557 -0.8158
vn -0.1241 0.2055 -0.9708
vn -0.1241 -0.2055 -0.9707
vn -0.1602 -0.5558 -0.8158
vn -0.2231 -0.7807 -0.5838
vn -0.3026 -0.8907 -0.3393
vn -0.3961 -0.9118 -0.1079
vn -0.3967 0.9112 -0.1112
vn -0.2912 0.8905 -0.3496
vn -0.1996 0.7761 -0.5982
vn -0.1266 0.5470 -0.8275
vn -0.0848 0.2005 -0.9760
vn -0.0848 -0.2005 -0.9760
vn -0.1266 -0.5469 -0.8275
vn -0.1996 -0.7761 -0.5982
vn -0.2912 -0.8905 -0.3496
vn -0.3967 -0.9112 -0.1112
vn -0.7909 -0.1111 0.6018
vn -0.5960 -0.0838 0.7986
vn 0.7909 0.1112 0.6018
vn -0.2486 0.7862 -0.5658
vn -0.1674 0.2118 -0.9629
vn -0.1675 -0.2118 -0.9629
vn -0.2487 -0.7861 -0.5658
vn 0.9237 -0.3803 -0.0466
vn -0.2913 0.8905 -0.3496
vn -0.0849 0.2005 -0.9760
vn -0.0849 -0.2005 -0.9760
vn -0.7909 0.1111 0.6018
vn 0.7909 -0.1112 -0.6018
vn -0.7909 0.1111 -0.6018
vt 0.136161 0.743902
vt 0.125000 0.743902
vt 0.136161 0.750000
vt 0.555556 0.000000
vt 0.555556 0.006098
vt 0.625000 0.006098
vt 0.136161 0.506098
vt 0.136161 0.500000
vt 0.125000 0.506098
vt 0.625000 0.249655
vt 0.555556 0.243902
vt 0.555556 0.258371
vt 0.363839 0.743902
vt 0.404142 0.755580
vt 0.427083 0.743902
vt 0.630580 0.752532
vt 0.555556 0.745427
vt 0.555556 0.761161
vt 0.363839 0.506098
vt 0.427083 0.506098
vt 0.404142 0.494420
vt 0.630580 0.497468
vt 0.555556 0.488839
vt 0.555556 0.504573
vt 0.444444 0.006098
vt 0.444444 0.000000
vt 0.444445 0.261161
vt 0.625000 0.988839
vt 0.444444 0.243902
vt 0.444444 0.988839
vt 0.863839 0.506098
vt 0.126042 0.712500
vt 0.125000 0.712500
vt 0.126042 0.750000
vt 0.571429 0.000000
vt 0.571429 0.037500
vt 0.625000 0.037500
vt 0.126042 0.537500
vt 0.126042 0.500000
vt 0.125000 0.537500
vt 0.625000 0.225347
vt 0.571429 0.212500
vt 0.571429 0.250781
vt 0.373958 0.712500
vt 0.401265 0.750521
vt 0.415179 0.712500
vt 0.625521 0.731771
vt 0.571429 0.721875
vt 0.571429 0.751042
vt 0.373958 0.537500
vt 0.415179 0.537500
vt 0.401265 0.499479
vt 0.625521 0.518229
vt 0.571429 0.498958
vt 0.571429 0.528125
vt 0.428571 0.037500
vt 0.428571 0.000000
vt 0.428571 0.251042
vt 0.625000 0.998958
vt 0.428571 0.212500
vt 0.428571 0.998958
vt 0.873958 0.712500
vt 0.873958 0.537500
vt 0.571429 0.998958
vt 0.195000 0.748801
vt 0.125000 0.748801
vt 0.195000 0.750000
vt 0.600000 0.000000
vt 0.600000 0.001199
vt 0.625000 0.001199
vt 0.195000 0.501199
vt 0.195000 0.500000
vt 0.125000 0.501199
vt 0.625000 0.272534
vt 0.600000 0.248801
vt 0.600000 0.302500
vt 0.305000 0.748801
vt 0.352500 0.785000
vt 0.393750 0.748801
vt 0.660000 0.784401
vt 0.600000 0.749101
vt 0.600000 0.820000
vt 0.305000 0.501199
vt 0.393750 0.501199
vt 0.352500 0.465000
vt 0.660000 0.465599
vt 0.600000 0.430000
vt 0.600000 0.500899
vt 0.400000 0.001199
vt 0.400000 0.000000
vt 0.400000 0.320000
vt 0.625000 0.930000
vt 0.400000 0.248801
vt 0.400000 0.930000
vt 0.805000 0.501199
vt 0.750000 0.439530
vt 0.795651 0.475167
vt 0.704349 0.475167
vt 0.250000 0.439530
vt 0.204349 0.475167
vt 0.295651 0.475167
vt 0.861403 0.403333
vt 0.919282 0.405331
vt 0.845418 0.458997
vt 0.361403 0.403333
vt 0.345418 0.458997
vt 0.419282 0.405331
vt 0.930254 0.308568
vt 0.978254 0.276164
vt 0.950040 0.362997
vt 0.430254 0.308568
vt 0.450040 0.362997
vt 0.478254 0.276164
vt 0.930254 0.191432
vt 0.950040 0.137003
vt 0.978254 0.223836
vt 0.430254 0.191432
vt 0.478254 0.223836
vt 0.450040 0.137003
vt 0.861403 0.096667
vt 0.845418 0.041003
vt 0.919282 0.094669
vt 0.361403 0.096667
vt 0.419282 0.094669
vt 0.345418 0.041003
vt 0.750000 0.060470
vt 0.704349 0.024833
vt 0.795651 0.024833
vt 0.250000 0.060470
vt 0.295651 0.024833
vt 0.204349 0.024833
vt 0.638597 0.096667
vt 0.580718 0.094669
vt 0.654582 0.041003
vt 0.138597 0.096667
vt 0.154582 0.041003
vt 0.080718 0.094669
vt 0.569746 0.191432
vt 0.521746 0.223836
vt 0.549960 0.137003
vt 0.069746 0.191432
vt 0.049960 0.137003
vt 0.021746 0.223836
vt 0.569746 0.308568
vt 0.549960 0.362997
vt 0.521746 0.276164
vt 0.069746 0.308568
vt 0.021746 0.276164
vt 0.049960 0.362997
vt 0.638597 0.403333
vt 0.654582 0.458997
vt 0.580718 0.405331
vt 0.138597 0.403333
vt 0.080718 0.405331
vt 0.154582 0.458997
vt -0.000000 0.636364
vt 0.032361 0.863636
vt 0.032361 0.636364
vt 0.932361 0.863636
vt 0.867639 0.636364
vt 0.867639 0.863636
vt 0.832361 0.863636
vt 0.767639 0.636364
vt 0.767639 0.863636
vt 0.732361 0.863636
vt 0.667639 0.636364
vt 0.667639 0.863636
vt 0.632361 0.863636
vt 0.567639 0.636364
vt 0.567639 0.863636
vt 0.532361 0.863636
vt 0.467639 0.636364
vt 0.467639 0.863636
vt 0.432361 0.863636
vt 0.367639 0.636364
vt 0.367639 0.863636
vt 0.332361 0.863636
vt 0.267639 0.636364
vt 0.267639 0.863636
vt 0.232361 0.863636
vt 0.167639 0.636364
vt 0.167639 0.863636
vt 0.132361 0.863636
vt 0.067639 0.636364
vt 0.067639 0.863636
vt 0.932361 0.636364
vt 0.967639 0.863636
vt 0.967639 0.636364
vt 0.832361 0.636364
vt 0.732361 0.636364
vt 0.632361 0.636364
vt 0.532361 0.636364
vt 0.432361 0.636364
vt 0.332361 0.636364
vt 0.232361 0.636364
vt 0.132361 0.636364
vt 0.168750 0.745395
vt 0.125000 0.745395
vt 0.168750 0.750000
vt 0.614062 0.000000
vt 0.614062 0.004605
vt 0.625000 0.004605
vt 0.168750 0.504605
vt 0.168750 0.500000
vt 0.125000 0.504605
vt 0.625000 0.261513
vt 0.614062 0.245395
vt 0.614063 0.282813
vt 0.331250 0.745395
vt 0.358594 0.771875
vt 0.383203 0.745395
vt 0.646875 0.769572
vt 0.614062 0.746546
vt 0.614063 0.793750
vt 0.331250 0.504605
vt 0.383203 0.504605
vt 0.358594 0.478125
vt 0.646875 0.480428
vt 0.614063 0.456250
vt 0.614062 0.503454
vt 0.385937 0.004605
vt 0.385938 0.000000
vt 0.385938 0.293750
vt 0.625000 0.956250
vt 0.385937 0.245395
vt 0.385937 0.956250
vt 0.831250 0.504605
vt 0.160714 0.714286
vt 0.125000 0.714286
vt 0.160714 0.750000
vt 0.616667 0.000000
vt 0.616667 0.035714
vt 0.625000 0.035714
vt 0.160714 0.535714
vt 0.160714 0.500000
vt 0.125000 0.535714
vt 0.625000 0.238095
vt 0.616667 0.214286
vt 0.616667 0.276786
vt 0.339286 0.714286
vt 0.361310 0.767857
vt 0.381250 0.714286
vt 0.642857 0.750000
vt 0.616667 0.723214
vt 0.616667 0.785714
vt 0.339286 0.535714
vt 0.381250 0.535714
vt 0.361310 0.482143
vt 0.642857 0.500000
vt 0.616667 0.464286
vt 0.616667 0.526786
vt 0.383333 0.035714
vt 0.383333 0.000000
vt 0.383333 0.285714
vt 0.625000 0.964286
vt 0.383333 0.214286
vt 0.383333 0.964286
vt 0.839286 0.535714
vt 0.156250 0.718750
vt 0.125000 0.718750
vt 0.156250 0.750000
vt 0.618750 0.000000
vt 0.618750 0.031250
vt 0.625000 0.031250
vt 0.156250 0.531250
vt 0.156250 0.500000
vt 0.125000 0.531250
vt 0.625000 0.239583
vt 0.618750 0.218750
vt 0.618750 0.273438
vt 0.343750 0.718750
vt 0.362500 0.765625
vt 0.379688 0.718750
vt 0.640625 0.750000
vt 0.618750 0.726562
vt 0.618750 0.781250
vt 0.343750 0.531250
vt 0.379688 0.531250
vt 0.362500 0.484375
vt 0.640625 0.500000
vt 0.618750 0.468750
vt 0.618750 0.523438
vt 0.381250 0.031250
vt 0.381250 0.000000
vt 0.381250 0.281250
vt 0.625000 0.968750
vt 0.381250 0.218750
vt 0.381250 0.968750
vt 0.843750 0.531250
vt 0.131579 0.730769
vt 0.125000 0.730769
vt 0.131579 0.750000
vt 0.555556 0.019231
vt 0.625000 0.019231
vt 0.131579 0.519231
vt 0.131579 0.500000
vt 0.125000 0.519231
vt 0.625000 0.239372
vt 0.555556 0.230769
vt 0.555556 0.254934
vt 0.368421 0.730769
vt 0.406433 0.753289
vt 0.427083 0.730769
vt 0.628289 0.743674
vt 0.555556 0.735577
vt 0.555556 0.756579
vt 0.368421 0.519231
vt 0.427083 0.519231
vt 0.406433 0.496711
vt 0.628289 0.506326
vt 0.555556 0.493421
vt 0.555556 0.514423
vt 0.444444 0.019231
vt 0.444444 0.256579
vt 0.625000 0.993421
vt 0.444444 0.230769
vt 0.444444 0.993421
vt 0.868421 0.519231
vt 0.127989 0.719231
vt 0.125000 0.719231
vt 0.127989 0.750000
vt 0.591667 0.000000
vt 0.591667 0.030769
vt 0.625000 0.030769
vt 0.127989 0.530769
vt 0.127989 0.500000
vt 0.125000 0.530769
vt 0.625000 0.230483
vt 0.591667 0.219231
vt 0.591667 0.252241
vt 0.372011 0.719231
vt 0.390172 0.751494
vt 0.400000 0.719231
vt 0.626494 0.736110
vt 0.591667 0.726923
vt 0.591667 0.752989
vt 0.372011 0.530769
vt 0.400000 0.530769
vt 0.390172 0.498506
vt 0.626494 0.513890
vt 0.591667 0.497011
vt 0.591667 0.523077
vt 0.408333 0.000000
vt 0.408333 0.219231
vt 0.408333 0.252989
vt 0.591667 0.997011
vt 0.625000 0.997011
vt 0.408333 0.030769
vt 0.408333 0.997011
vt 0.872011 0.530769
vt 0.555556 0.745427
vt 0.625521 0.731771
vt 0.571429 0.721875
vt 0.571429 0.528125
vt 0.352500 0.465000
vt 0.161765 0.740530
vt 0.125000 0.740530
vt 0.161765 0.750000
vt 0.588235 0.000000
vt 0.588235 0.009470
vt 0.625000 0.009470
vt 0.161765 0.509470
vt 0.161765 0.500000
vt 0.125000 0.509470
vt 0.625000 0.255942
vt 0.588235 0.240530
vt 0.588235 0.277574
vt 0.338235 0.740530
vt 0.375000 0.768382
vt 0.402574 0.740530
vt 0.643382 0.763648
vt 0.588235 0.742898
vt 0.588235 0.786765
vt 0.338235 0.509470
vt 0.402574 0.509470
vt 0.375000 0.481618
vt 0.643382 0.486352
vt 0.588235 0.463235
vt 0.588235 0.507102
vt 0.411765 0.009470
vt 0.411765 0.000000
vt 0.411765 0.286765
vt 0.625000 0.963235
vt 0.411765 0.240530
vt 0.411765 0.963235
vt 0.838235 0.509470
vt 0.153571 0.747436
vt 0.125000 0.747436
vt 0.153571 0.750000
vt 0.575000 0.000000
vt 0.575000 0.002564
vt 0.625000 0.002564
vt 0.153571 0.502564
vt 0.153571 0.500000
vt 0.125000 0.502564
vt 0.625000 0.257814
vt 0.575000 0.247436
vt 0.575000 0.271429
vt 0.346429 0.747436
vt 0.385714 0.764286
vt 0.412500 0.747436
vt 0.639286 0.763004
vt 0.575000 0.748077
vt 0.575000 0.778571
vt 0.346429 0.502564
vt 0.412500 0.502564
vt 0.385714 0.485714
vt 0.639286 0.486996
vt 0.575000 0.471429
vt 0.575000 0.501923
vt 0.425000 0.002564
vt 0.425000 0.000000
vt 0.425000 0.278571
vt 0.625000 0.971429
vt 0.425000 0.247436
vt 0.425000 0.971429
vt 0.846429 0.502564
vt 0.856923 0.435196
vt 0.887864 0.439982
vt 0.845598 0.464385
vt 0.356923 0.435196
vt 0.345598 0.464385
vt 0.387864 0.439982
vt 0.935196 0.356923
vt 0.964385 0.345598
vt 0.939982 0.387864
vt 0.435196 0.356923
vt 0.439982 0.387864
vt 0.464385 0.345598
vt 0.935196 0.143077
vt 0.939982 0.112136
vt 0.964385 0.154402
vt 0.435196 0.143077
vt 0.464385 0.154402
vt 0.439982 0.112136
vt 0.856923 0.064804
vt 0.845598 0.035615
vt 0.887864 0.060018
vt 0.356923 0.064804
vt 0.387864 0.060018
vt 0.345598 0.035615
vt 0.643077 0.064804
vt 0.612136 0.060018
vt 0.654402 0.035615
vt 0.143077 0.064804
vt 0.154402 0.035615
vt 0.112136 0.060018
vt 0.564804 0.143077
vt 0.535615 0.154402
vt 0.560018 0.112136
vt 0.064804 0.143077
vt 0.060018 0.112136
vt 0.035615 0.154402
vt 0.564804 0.356923
vt 0.560018 0.387864
vt 0.535615 0.345598
vt 0.064804 0.356923
vt 0.035615 0.345598
vt 0.060018 0.387864
vt 0.643077 0.435196
vt 0.654402 0.464385
vt 0.612136 0.439982
vt 0.143077 0.435196
vt 0.112136 0.439982
vt 0.154402 0.464385
vt 0.750000 0.463846
vt 0.750000 0.490000
vt 0.250000 0.463846
vt 0.250000 0.490000
vt 0.933613 0.966667
vt 0.899721 0.533333
vt 0.899721 0.966667
vt 0.850279 0.966667
vt 0.816387 0.533333
vt 0.816387 0.966667
vt 0.963846 0.250000
vt 0.990000 0.250000
vt 0.463846 0.250000
vt 0.490000 0.250000
vt 0.683613 0.966667
vt 0.649721 0.533333
vt 0.649721 0.966667
vt 0.600280 0.966667
vt 0.566387 0.533333
vt 0.566387 0.966667
vt 0.750000 0.036154
vt 0.750000 0.010000
vt 0.250000 0.036154
vt 0.250000 0.010000
vt 0.433613 0.966667
vt 0.399721 0.533333
vt 0.399721 0.966667
vt 0.350280 0.966667
vt 0.316387 0.533333
vt 0.316387 0.966667
vt 0.536154 0.250000
vt 0.510000 0.250000
vt 0.036154 0.250000
vt 0.010000 0.250000
vt 0.183613 0.966667
vt 0.149721 0.533333
vt 0.149721 0.966667
vt 0.100279 0.966667
vt 0.066387 0.533333
vt 0.066387 0.966667
vt 0.933613 0.533333
vt 1.000000 0.966667
vt 1.000000 0.533333
vt 0.000000 0.533333
vt 0.850279 0.533333
vt 0.750000 0.533333
vt 0.683613 0.533333
vt 0.750000 0.966667
vt 0.600280 0.533333
vt 0.500000 0.533333
vt 0.433613 0.533333
vt 0.500000 0.966667
vt 0.350280 0.533333
vt 0.250000 0.533333
vt 0.183613 0.533333
vt 0.250000 0.966667
vt 0.100279 0.533333
vt 0.750000 0.440307
vt 0.796364 0.477577
vt 0.703636 0.477577
vt 0.250000 0.440307
vt 0.203636 0.477577
vt 0.296364 0.477577
vt 0.940307 0.250000
vt 0.977577 0.203636
vt 0.977577 0.296364
vt 0.440307 0.250000
vt 0.477577 0.296364
vt 0.477577 0.203636
vt 0.750000 0.059693
vt 0.703636 0.022423
vt 0.796364 0.022423
vt 0.250000 0.059693
vt 0.296364 0.022423
vt 0.203636 0.022423
vt 0.559693 0.250000
vt 0.522423 0.296364
vt 0.522423 0.203636
vt 0.059693 0.250000
vt 0.022423 0.203636
vt 0.022423 0.296364
vt 0.845153 0.414810
vt 0.870000 0.457846
vt 0.345153 0.414810
vt 0.370000 0.457846
vt 0.000000 0.525000
vt 0.032198 0.975000
vt 0.032198 0.525000
vt 0.914811 0.345153
vt 0.957846 0.370000
vt 0.414810 0.345153
vt 0.457846 0.370000
vt 0.782198 0.975000
vt 0.717803 0.525000
vt 0.717803 0.975000
vt 0.914811 0.154847
vt 0.957846 0.130000
vt 0.414811 0.154847
vt 0.457846 0.130000
vt 0.870000 0.042154
vt 0.370000 0.042154
vt 0.845153 0.085190
vt 0.345153 0.085190
vt 0.532198 0.975000
vt 0.467803 0.525000
vt 0.467803 0.975000
vt 0.654847 0.085190
vt 0.630000 0.042154
vt 0.154847 0.085190
vt 0.130000 0.042154
vt 0.585190 0.154847
vt 0.542154 0.130000
vt 0.085190 0.154847
vt 0.042154 0.130000
vt 0.282198 0.975000
vt 0.217803 0.525000
vt 0.217803 0.975000
vt 0.585190 0.345153
vt 0.542154 0.370000
vt 0.085190 0.345153
vt 0.042154 0.370000
vt 0.630000 0.457846
vt 0.130000 0.457846
vt 0.654847 0.414811
vt 0.154847 0.414811
vt 0.916667 0.525000
vt 0.967802 0.975000
vt 0.967803 0.525000
vt 0.083333 0.975000
vt 0.083333 0.525000
vt 0.833333 0.525000
vt 0.916667 0.975000
vt 0.782198 0.525000
vt 0.833333 0.975000
vt 0.666667 0.525000
vt 0.583333 0.525000
vt 0.666667 0.975000
vt 0.532198 0.525000
vt 0.583333 0.975000
vt 0.416667 0.525000
vt 0.333333 0.525000
vt 0.416667 0.975000
vt 0.282198 0.525000
vt 0.333333 0.975000
vt 0.166667 0.525000
vt 0.166667 0.975000
vt 0.750000 0.439530
vt 0.795651 0.475167
vt 0.250000 0.439530
vt 0.204349 0.475167
vt 0.861403 0.403333
vt 0.361403 0.403333
vt 0.345418 0.458997
vt 0.930254 0.308568
vt 0.978254 0.276164
vt 0.430254 0.308568
vt 0.450040 0.362997
vt 0.930254 0.191432
vt 0.430254 0.191432
vt 0.478254 0.223836
vt 0.861403 0.096667
vt 0.845418 0.041003
vt 0.361403 0.096667
vt 0.345418 0.041003
vt 0.750000 0.060470
vt 0.704349 0.024833
vt 0.795651 0.024833
vt 0.250000 0.060470
vt 0.295651 0.024833
vt 0.204349 0.024833
vt 0.638597 0.096667
vt 0.654582 0.041003
vt 0.138597 0.096667
vt 0.154582 0.041003
vt 0.080718 0.094669
vt 0.569746 0.191432
vt 0.521746 0.223836
vt 0.069746 0.191432
vt 0.049960 0.137003
vt 0.569746 0.308568
vt 0.549960 0.362997
vt 0.069746 0.308568
vt 0.021746 0.276164
vt 0.638597 0.403333
vt 0.138597 0.403333
vt -0.000000 0.533333
vt 0.032361 0.966667
vt 0.032361 0.533333
vt 0.932361 0.966667
vt 0.867639 0.533333
vt 0.867639 0.966667
vt 0.832361 0.966667
vt 0.767639 0.533333
vt 0.767639 0.966667
vt 0.732361 0.966667
vt 0.667639 0.533333
vt 0.667639 0.966667
vt 0.632361 0.966667
vt 0.567639 0.533333
vt 0.567639 0.966667
vt 0.532361 0.966667
vt 0.467639 0.533333
vt 0.467639 0.966667
vt 0.432361 0.966667
vt 0.367639 0.533333
vt 0.367639 0.966667
vt 0.332361 0.966667
vt 0.267639 0.533333
vt 0.267639 0.966667
vt 0.232361 0.966667
vt 0.167639 0.533333
vt 0.167639 0.966667
vt 0.132361 0.966667
vt 0.067639 0.533333
vt 0.067639 0.966667
vt 0.932361 0.533333
vt 0.967639 0.966667
vt 0.967639 0.533333
vt 0.832361 0.533333
vt 0.732361 0.533333
vt 0.632361 0.533333
vt 0.532361 0.533333
vt 0.432361 0.533333
vt 0.332361 0.533333
vt 0.232361 0.533333
vt 0.132361 0.533333
vt 0.000000 0.000000
vt 0.000000 0.833333
vt 0.125000 1.000000
vt 0.000000 1.000000
vt 0.125000 0.166667
vt 0.000000 0.166667
vt 0.125000 0.333333
vt 0.000000 0.333333
vt 0.000000 0.500000
vt 0.125000 0.500000
vt 0.000000 0.666667
vt 0.125000 0.666667
vt 0.125000 0.833333
vt 0.250000 1.000000
vt 0.125000 0.000000
vt 0.250000 0.166667
vt 0.250000 0.333333
vt 0.250000 0.500000
vt 0.250000 0.666667
vt 0.250000 0.833333
vt 0.375000 0.833333
vt 0.375000 1.000000
vt 0.375000 0.000000
vt 0.375000 0.166667
vt 0.375000 0.333333
vt 0.375000 0.500000
vt 0.375000 0.666667
vt 0.500000 0.833333
vt 0.500000 1.000000
vt 0.500000 0.000000
vt 0.500000 0.166667
vt 0.500000 0.333333
vt 0.500000 0.500000
vt 0.500000 0.666667
vt 0.625000 1.000000
vt 0.625000 0.166667
vt 0.625000 0.333333
vt 0.625000 0.500000
vt 0.625000 0.666667
vt 0.625000 0.833333
vt 0.750000 0.833333
vt 0.750000 1.000000
vt 0.750000 0.000000
vt 0.750000 0.166667
vt 0.750000 0.333333
vt 0.750000 0.500000
vt 0.750000 0.666667
vt 0.875000 0.833333
vt 0.875000 1.000000
vt 0.875000 0.000000
vt 0.875000 0.166667
vt 0.875000 0.333333
vt 0.875000 0.500000
vt 0.875000 0.666667
vt 1.000000 0.833333
vt 1.000000 1.000000
vt 1.000000 0.000000
vt 1.000000 0.166667
vt 1.000000 0.333333
vt 1.000000 0.500000
vt 1.000000 0.666667
vt 0.250000 0.000000
vt 0.625000 0.000000
vt 0.132241 0.680000
vt 0.125000 0.680000
vt 0.132241 0.750000
vt 0.555000 0.000000
vt 0.555000 0.070000
vt 0.625000 0.070000
vt 0.132241 0.570000
vt 0.132241 0.500000
vt 0.125000 0.570000
vt 0.625000 0.205747
vt 0.555000 0.180000
vt 0.555000 0.255431
vt 0.367759 0.680000
vt 0.406379 0.753621
vt 0.427500 0.680000
vt 0.628621 0.718621
vt 0.555000 0.697500
vt 0.555000 0.757241
vt 0.367759 0.570000
vt 0.427500 0.570000
vt 0.406379 0.496379
vt 0.628621 0.531379
vt 0.555000 0.492759
vt 0.555000 0.552500
vt 0.445000 0.000000
vt 0.445000 0.180000
vt 0.445000 0.257241
vt 0.555000 0.992759
vt 0.625000 0.992759
vt 0.445000 0.070000
vt 0.445000 0.992759
vt 0.867759 0.570000
vt 0.555000 0.255431
vt 0.427500 0.680000
vt 0.427500 0.570000
vt 0.406379 0.496379
vt 0.555000 0.552500
vt 0.500000 0.800000
vt 0.571429 0.600000
vt 0.500000 0.600000
vt 0.571429 0.800000
vt 0.500000 0.200000
vt 0.571429 0.000000
vt 0.500000 0.400000
vt 0.571429 0.200000
vt 0.571429 0.400000
vt 0.642857 0.800000
vt 0.642857 0.600000
vt 0.571429 1.000000
vt 0.642857 0.000000
vt 0.642857 0.200000
vt 0.642857 0.400000
vt 0.714286 0.600000
vt 0.642857 1.000000
vt 0.714286 0.800000
vt 0.714286 0.000000
vt 0.714286 0.400000
vt 0.714286 0.200000
vt 0.785714 0.600000
vt 0.714286 1.000000
vt 0.785714 0.800000
vt 0.785714 0.000000
vt 0.785714 0.200000
vt 0.785714 0.400000
vt 0.857143 0.600000
vt 0.857143 1.000000
vt 0.857143 0.800000
vt 0.857143 0.000000
vt 0.857143 0.200000
vt 0.857143 0.400000
vt 0.928571 0.600000
vt 0.928571 0.800000
vt 0.928571 0.000000
vt 0.928571 0.400000
vt 0.928571 0.200000
vt 1.000000 0.800000
vt 1.000000 0.600000
vt 1.000000 0.400000
vt 1.000000 0.200000
vt -0.000000 0.800000
vt 0.071429 0.600000
vt -0.000000 0.600000
vt 0.071429 1.000000
vt 0.071429 0.800000
vt -0.000000 0.200000
vt 0.071429 0.000000
vt -0.000000 0.000000
vt -0.000000 0.400000
vt 0.071429 0.200000
vt 0.071429 0.400000
vt 0.142857 0.600000
vt 0.142857 1.000000
vt 0.142857 0.800000
vt 0.142857 0.000000
vt 0.142857 0.200000
vt 0.142857 0.400000
vt 0.214286 0.600000
vt 0.214286 1.000000
vt 0.214286 0.800000
vt 0.214286 0.000000
vt 0.214286 0.400000
vt 0.214286 0.200000
vt 0.285714 0.800000
vt 0.285714 0.600000
vt 0.285714 0.000000
vt 0.285714 0.200000
vt 0.285714 0.400000
vt 0.357143 0.800000
vt 0.357143 0.600000
vt 0.357143 1.000000
vt 0.357143 0.000000
vt 0.357143 0.400000
vt 0.357143 0.200000
vt 0.428571 0.600000
vt 0.428571 1.000000
vt 0.428571 0.800000
vt 0.428571 0.000000
vt 0.428571 0.400000
vt 0.428571 0.200000
vt 0.867759 0.680000
vt 0.785714 1.000000
vt 0.285714 1.000000
vt 0.555556 0.988839
vt 0.863839 0.743902
vt 0.600000 0.930000
vt 0.805000 0.748801
vt -0.000000 0.863636
vt 0.614063 0.956250
vt 0.831250 0.745395
vt 0.616667 0.964286
vt 0.839286 0.714286
vt 0.618750 0.968750
vt 0.843750 0.718750
vt 0.555556 0.993421
vt 0.868421 0.730769
vt 0.872011 0.719231
vt 0.588235 0.963235
vt 0.838235 0.740530
vt 0.575000 0.971429
vt 0.846429 0.747436
vt 0.000000 0.966667
vt 0.000000 0.975000
vt -0.000000 0.966667
vt 0.928571 1.000000
vt -0.000000 1.000000
s 0
usemtl DarkWood
f 1/1/1 3/2/1 2/3/1
f 4/4/2 6/5/2 5/6/2
f 7/7/3 9/8/3 8/9/3
f 10/10/4 12/11/4 11/12/4
f 13/13/5 15/14/5 14/15/5
f 16/16/6 18/17/6 17/18/6
f 19/19/7 21/20/7 20/21/7
f 22/22/8 24/23/8 23/24/8
f 8/9/9 1/1/9 7/7/9
f 3/25/10 4/4/10 2/26/10
f 6/5/11 10/10/11 5/6/11
f 12/11/12 9/27/12 11/12/12
f 20/21/13 7/7/13 19/19/13
f 11/12/14 22/22/14 10/10/14
f 24/23/15 21/20/15 23/24/15
f 14/15/16 19/19/16 13/13/16
f 23/24/17 16/16/17 22/22/17
f 18/17/18 15/14/18 17/18/18
f 2/3/19 13/13/19 1/1/19
f 17/18/20 5/28/20 16/16/20
f 1/1/21 19/19/21 7/7/21
f 8/29/22 6/5/22 3/25/22
f 2/30/23 17/18/23 15/14/23
f 16/16/24 10/31/24 22/22/24
f 20/21/25 11/12/25 9/27/25
f 14/15/26 23/24/26 21/20/26
f 265/228/1 267/229/1 266/230/1
f 268/231/2 270/232/2 269/233/2
f 271/234/3 273/235/3 272/236/3
f 274/237/4 276/238/4 275/239/4
f 277/240/5 279/241/5 278/242/5
f 280/243/6 282/244/6 281/245/6
f 283/246/7 285/247/7 284/248/7
f 286/249/8 288/250/8 287/251/8
f 272/236/9 265/228/9 271/234/9
f 267/252/10 268/231/10 266/253/10
f 270/232/11 274/237/11 269/233/11
f 276/238/12 273/254/12 275/239/12
f 284/248/13 271/234/13 283/246/13
f 275/239/14 286/249/14 274/237/14
f 288/250/15 285/247/15 287/251/15
f 278/242/16 283/246/16 277/240/16
f 287/251/17 280/243/17 286/249/17
f 282/244/18 279/241/18 281/245/18
f 266/230/19 277/240/19 265/228/19
f 281/245/20 269/255/20 280/243/20
f 265/228/21 283/246/21 271/234/21
f 272/256/22 270/232/22 267/252/22
f 266/257/23 281/245/23 279/241/23
f 280/243/24 274/258/24 286/249/24
f 284/248/25 275/239/25 273/254/25
f 278/242/26 287/251/26 285/247/26
f 313/290/1 315/291/1 314/292/1
f 316/4/2 318/293/2 317/294/2
f 319/295/3 321/296/3 320/297/3
f 322/298/4 324/299/4 323/300/4
f 325/301/5 327/302/5 326/303/5
f 328/304/6 330/305/6 329/306/6
f 331/307/7 333/308/7 332/309/7
f 334/310/8 336/311/8 335/312/8
f 320/297/9 313/290/9 319/295/9
f 315/313/10 316/4/10 314/26/10
f 318/293/11 322/298/11 317/294/11
f 324/299/12 321/314/12 323/300/12
f 332/309/13 319/295/13 331/307/13
f 323/300/14 334/310/14 322/298/14
f 336/311/15 333/308/15 335/312/15
f 326/303/16 331/307/16 325/301/16
f 335/312/17 328/304/17 334/310/17
f 330/305/18 327/302/18 329/306/18
f 314/292/19 325/301/19 313/290/19
f 329/306/20 317/315/20 328/304/20
f 313/290/21 331/307/21 319/295/21
f 320/316/22 318/293/22 315/313/22
f 314/317/23 329/306/23 327/302/23
f 328/304/24 322/318/24 334/310/24
f 332/309/25 323/300/25 321/314/25
f 326/303/26 335/312/26 333/308/26
f 361/1/1 363/2/1 362/3/1
f 364/4/2 366/5/2 365/6/2
f 367/7/3 369/8/3 368/9/3
f 370/10/4 372/11/4 371/12/4
f 373/13/5 375/14/5 374/15/5
f 376/16/6 378/351/6 377/18/6
f 379/19/7 381/20/7 380/21/7
f 382/22/8 384/23/8 383/24/8
f 368/9/9 361/1/9 367/7/9
f 363/25/10 364/4/10 362/26/10
f 366/5/11 370/10/11 365/6/11
f 372/11/12 369/27/12 371/12/12
f 380/21/13 367/7/13 379/19/13
f 371/12/14 382/22/14 370/10/14
f 384/23/15 381/20/15 383/24/15
f 374/15/16 379/19/16 373/13/16
f 383/24/17 376/16/17 382/22/17
f 378/351/18 375/14/18 377/18/18
f 362/3/19 373/13/19 361/1/19
f 377/18/20 365/28/20 376/16/20
f 361/1/21 379/19/21 367/7/21
f 368/29/22 366/5/22 363/25/22
f 362/30/23 377/18/23 375/14/23
f 376/16/24 370/31/24 382/22/24
f 380/21/25 371/12/25 369/27/25
f 374/15/26 383/24/26 381/20/26
f 625/228/1 627/229/1 626/230/1
f 628/231/2 630/232/2 629/233/2
f 631/234/3 633/235/3 632/236/3
f 634/237/4 636/238/4 635/239/4
f 637/240/5 639/241/5 638/242/5
f 640/243/6 642/244/6 641/245/6
f 643/246/7 645/247/7 644/248/7
f 646/249/8 648/250/8 647/251/8
f 632/236/9 625/228/9 631/234/9
f 627/252/10 628/231/10 626/253/10
f 630/232/11 634/237/11 629/233/11
f 636/238/12 633/254/12 635/239/12
f 644/248/13 631/234/13 643/246/13
f 635/239/14 646/249/14 634/237/14
f 648/250/15 645/247/15 647/251/15
f 638/242/16 643/246/16 637/240/16
f 647/251/17 640/243/17 646/249/17
f 642/244/18 639/241/18 641/245/18
f 626/230/19 637/240/19 625/228/19
f 641/245/20 629/255/20 640/243/20
f 625/228/21 643/246/21 631/234/21
f 632/256/22 630/232/22 627/252/22
f 626/257/23 641/245/23 639/241/23
f 640/243/24 634/258/24 646/249/24
f 644/248/25 635/239/25 633/254/25
f 638/242/26 647/251/26 645/247/26
f 673/290/1 675/291/1 674/292/1
f 676/4/2 678/293/2 677/294/2
f 679/295/3 681/296/3 680/297/3
f 682/298/4 684/299/4 683/300/4
f 685/301/5 687/302/5 686/303/5
f 688/304/6 690/305/6 689/306/6
f 691/307/7 693/308/7 692/309/7
f 694/310/8 696/311/8 695/312/8
f 680/297/9 673/290/9 679/295/9
f 675/313/10 676/4/10 674/26/10
f 678/293/11 682/298/11 677/294/11
f 684/299/12 681/314/12 683/300/12
f 692/309/13 679/295/13 691/307/13
f 683/300/14 694/310/14 682/298/14
f 696/311/15 693/308/15 695/312/15
f 686/303/16 691/307/16 685/301/16
f 695/312/17 688/304/17 694/310/17
f 690/305/18 687/302/18 689/306/18
f 674/292/19 685/301/19 673/290/19
f 689/306/20 677/315/20 688/304/20
f 673/290/21 691/307/21 679/295/21
f 680/316/22 678/293/22 675/313/22
f 674/317/23 689/306/23 687/302/23
f 688/304/24 682/318/24 694/310/24
f 692/309/25 683/300/25 681/314/25
f 686/303/26 695/312/26 693/308/26
f 745/387/1 747/388/1 746/389/1
f 748/390/2 750/391/2 749/392/2
f 751/393/3 753/394/3 752/395/3
f 754/396/4 756/397/4 755/398/4
f 757/399/5 759/400/5 758/401/5
f 760/402/6 762/403/6 761/404/6
f 763/405/7 765/406/7 764/407/7
f 766/408/8 768/409/8 767/410/8
f 752/395/9 745/387/9 751/393/9
f 747/411/10 748/390/10 746/412/10
f 750/391/11 754/396/11 749/392/11
f 756/397/12 753/413/12 755/398/12
f 764/407/13 751/393/13 763/405/13
f 755/398/14 766/408/14 754/396/14
f 768/409/15 765/406/15 767/410/15
f 758/401/16 763/405/16 757/399/16
f 767/410/17 760/402/17 766/408/17
f 762/403/18 759/400/18 761/404/18
f 746/389/19 757/399/19 745/387/19
f 761/404/20 749/414/20 760/402/20
f 745/387/21 763/405/21 751/393/21
f 752/415/22 750/391/22 747/411/22
f 746/416/23 761/404/23 759/400/23
f 760/402/24 754/417/24 766/408/24
f 764/407/25 755/398/25 753/413/25
f 758/401/26 767/410/26 765/406/26
f 8/9/9 3/2/9 1/1/9
f 3/25/10 6/5/10 4/4/10
f 6/5/11 12/11/11 10/10/11
f 12/11/12 8/29/12 9/27/12
f 20/21/13 9/8/13 7/7/13
f 11/12/14 24/23/14 22/22/14
f 24/23/15 20/21/15 21/20/15
f 14/15/16 21/20/16 19/19/16
f 23/24/17 18/17/17 16/16/17
f 18/17/18 14/15/18 15/14/18
f 2/3/19 15/14/19 13/13/19
f 17/18/20 4/877/20 5/28/20
f 1/1/21 13/13/21 19/19/21
f 8/29/22 12/11/22 6/5/22
f 2/30/23 4/877/23 17/18/23
f 16/16/24 5/878/24 10/31/24
f 20/21/25 24/23/25 11/12/25
f 14/15/26 18/17/26 23/24/26
f 272/236/9 267/229/9 265/228/9
f 267/252/10 270/232/10 268/231/10
f 270/232/11 276/238/11 274/237/11
f 276/238/12 272/256/12 273/254/12
f 284/248/13 273/235/13 271/234/13
f 275/239/14 288/250/14 286/249/14
f 288/250/15 284/248/15 285/247/15
f 278/242/16 285/247/16 283/246/16
f 287/251/17 282/244/17 280/243/17
f 282/244/18 278/242/18 279/241/18
f 266/230/19 279/241/19 277/240/19
f 281/245/20 268/884/20 269/255/20
f 265/228/21 277/240/21 283/246/21
f 272/256/22 276/238/22 270/232/22
f 266/257/23 268/884/23 281/245/23
f 280/243/24 269/885/24 274/258/24
f 284/248/25 288/250/25 275/239/25
f 278/242/26 282/244/26 287/251/26
f 320/297/9 315/291/9 313/290/9
f 315/313/10 318/293/10 316/4/10
f 318/293/11 324/299/11 322/298/11
f 324/299/12 320/316/12 321/314/12
f 332/309/13 321/296/13 319/295/13
f 323/300/14 336/311/14 334/310/14
f 336/311/15 332/309/15 333/308/15
f 326/303/16 333/308/16 331/307/16
f 335/312/17 330/305/17 328/304/17
f 330/305/18 326/303/18 327/302/18
f 314/292/19 327/302/19 325/301/19
f 329/306/20 316/888/20 317/315/20
f 313/290/21 325/301/21 331/307/21
f 320/316/22 324/299/22 318/293/22
f 314/317/23 316/888/23 329/306/23
f 328/304/24 317/889/24 322/318/24
f 332/309/25 336/311/25 323/300/25
f 326/303/26 330/305/26 335/312/26
f 368/9/9 363/2/9 361/1/9
f 363/25/10 366/5/10 364/4/10
f 366/5/11 372/11/11 370/10/11
f 372/11/12 368/29/12 369/27/12
f 380/21/13 369/8/13 367/7/13
f 371/12/14 384/23/14 382/22/14
f 384/23/15 380/21/15 381/20/15
f 374/15/16 381/20/16 379/19/16
f 383/24/17 378/351/17 376/16/17
f 378/351/18 374/15/18 375/14/18
f 362/3/19 375/14/19 373/13/19
f 377/18/20 364/877/20 365/28/20
f 361/1/21 373/13/21 379/19/21
f 368/29/22 372/11/22 366/5/22
f 362/30/23 364/877/23 377/18/23
f 376/16/24 365/878/24 370/31/24
f 380/21/25 384/23/25 371/12/25
f 374/15/26 378/351/26 383/24/26
f 632/236/9 627/229/9 625/228/9
f 627/252/10 630/232/10 628/231/10
f 630/232/11 636/238/11 634/237/11
f 636/238/12 632/256/12 633/254/12
f 644/248/13 633/235/13 631/234/13
f 635/239/14 648/250/14 646/249/14
f 648/250/15 644/248/15 645/247/15
f 638/242/16 645/247/16 643/246/16
f 647/251/17 642/244/17 640/243/17
f 642/244/18 638/242/18 639/241/18
f 626/230/19 639/241/19 637/240/19
f 641/245/20 628/884/20 629/255/20
f 625/228/21 637/240/21 643/246/21
f 632/256/22 636/238/22 630/232/22
f 626/257/23 628/884/23 641/245/23
f 640/243/24 629/885/24 634/258/24
f 644/248/25 648/250/25 635/239/25
f 638/242/26 642/244/26 647/251/26
f 680/297/9 675/291/9 673/290/9
f 675/313/10 678/293/10 676/4/10
f 678/293/11 684/299/11 682/298/11
f 684/299/12 680/316/12 681/314/12
f 692/309/13 681/296/13 679/295/13
f 683/300/14 696/311/14 694/310/14
f 696/311/15 692/309/15 693/308/15
f 686/303/16 693/308/16 691/307/16
f 695/312/17 690/305/17 688/304/17
f 690/305/18 686/303/18 687/302/18
f 674/292/19 687/302/19 685/301/19
f 689/306/20 676/888/20 677/315/20
f 673/290/21 685/301/21 691/307/21
f 680/316/22 684/299/22 678/293/22
f 674/317/23 676/888/23 689/306/23
f 688/304/24 677/889/24 682/318/24
f 692/309/25 696/311/25 683/300/25
f 686/303/26 690/305/26 695/312/26
f 752/395/9 747/388/9 745/387/9
f 747/411/10 750/391/10 748/390/10
f 750/391/11 756/397/11 754/396/11
f 756/397/12 752/415/12 753/413/12
f 764/407/13 753/394/13 751/393/13
f 755/398/14 768/409/14 766/408/14
f 768/409/15 764/407/15 765/406/15
f 758/401/16 765/406/16 763/405/16
f 767/410/17 762/403/17 760/402/17
f 762/403/18 758/401/18 759/400/18
f 746/389/19 759/400/19 757/399/19
f 761/404/20 748/893/20 749/414/20
f 745/387/21 757/399/21 763/405/21
f 752/415/22 756/397/22 750/391/22
f 746/416/23 748/893/23 761/404/23
f 760/402/24 749/894/24 754/417/24
f 764/407/25 768/409/25 755/398/25
f 758/401/26 762/403/26 767/410/26
usemtl WeatheredCream
f 25/32/27 27/33/27 26/34/27
f 28/35/28 30/36/28 29/37/28
f 31/38/29 33/39/29 32/40/29
f 34/41/30 36/42/30 35/43/30
f 37/44/31 39/45/31 38/46/31
f 40/47/32 42/48/32 41/49/32
f 43/50/33 45/51/33 44/52/33
f 46/53/34 48/54/34 47/55/34
f 32/40/35 25/32/35 31/38/35
f 27/56/36 28/35/36 26/57/36
f 30/36/37 34/41/37 29/37/37
f 36/42/38 33/58/38 35/43/38
f 43/50/39 33/39/39 31/38/39
f 35/43/40 46/53/40 34/41/40
f 48/54/41 45/51/41 47/55/41
f 37/44/42 45/51/42 43/50/42
f 47/55/43 40/47/43 46/53/43
f 42/48/44 39/45/44 41/49/44
f 26/34/45 37/44/45 25/32/45
f 41/49/46 29/59/46 40/47/46
f 25/32/21 43/50/21 31/38/21
f 32/60/47 30/36/47 27/56/47
f 26/61/48 41/49/48 39/45/48
f 46/53/24 29/62/24 34/63/24
f 44/52/49 35/43/49 33/58/49
f 38/46/50 47/55/50 45/51/50
f 49/32/51 51/33/51 50/34/51
f 52/35/52 54/36/52 53/37/52
f 55/38/29 57/39/29 56/40/29
f 58/41/30 60/42/30 59/43/30
f 61/44/53 63/45/53 62/46/53
f 64/47/54 66/48/54 65/49/54
f 67/50/33 69/51/33 68/52/33
f 70/53/34 72/54/34 71/55/34
f 56/40/35 49/32/35 55/38/35
f 51/56/36 52/35/36 50/57/36
f 54/36/37 58/41/37 53/37/37
f 60/42/38 57/58/38 59/43/38
f 67/50/39 57/39/39 55/38/39
f 59/43/40 70/53/40 58/41/40
f 72/54/41 69/51/41 71/55/41
f 61/44/42 69/51/42 67/50/42
f 70/53/43 66/48/43 64/47/43
f 66/48/44 63/45/44 65/49/44
f 50/34/45 61/44/45 49/32/45
f 64/47/46 52/64/46 53/59/46
f 49/32/21 67/50/21 55/38/21
f 56/60/47 54/36/47 51/56/47
f 50/61/48 65/49/48 63/45/48
f 70/53/24 53/62/24 58/63/24
f 68/52/49 59/43/49 57/58/49
f 62/46/50 71/55/50 69/51/50
f 73/32/27 75/33/27 74/34/27
f 76/35/52 78/36/52 77/37/52
f 79/38/29 81/39/29 80/40/29
f 82/41/30 84/42/30 83/43/30
f 85/44/55 87/45/55 86/46/55
f 88/47/56 90/48/56 89/49/56
f 91/50/33 93/51/33 92/52/33
f 94/53/34 96/54/34 95/55/34
f 80/40/35 73/32/35 79/38/35
f 75/56/36 76/35/36 74/57/36
f 78/36/37 82/41/37 77/37/37
f 84/42/38 81/58/38 83/43/38
f 91/50/39 81/39/39 79/38/39
f 83/43/40 94/53/40 82/41/40
f 96/54/41 93/51/41 95/55/41
f 86/46/42 91/50/42 85/44/42
f 95/55/43 88/47/43 94/53/43
f 90/48/44 87/45/44 89/49/44
f 73/32/45 87/45/45 85/44/45
f 89/49/46 77/59/46 88/47/46
f 73/32/21 91/50/21 79/38/21
f 80/60/47 78/36/47 75/56/47
f 74/61/48 89/49/48 87/45/48
f 94/53/24 77/62/24 82/63/24
f 92/52/49 83/43/49 81/58/49
f 86/46/50 95/55/50 93/51/50
f 289/259/1 291/260/1 290/261/1
f 292/262/2 294/263/2 293/264/2
f 295/265/3 297/266/3 296/267/3
f 298/268/4 300/269/4 299/270/4
f 301/271/5 303/272/5 302/273/5
f 304/274/6 306/275/6 305/276/6
f 307/277/7 309/278/7 308/279/7
f 310/280/8 312/281/8 311/282/8
f 296/267/9 289/259/9 295/265/9
f 291/283/10 292/262/10 290/284/10
f 294/263/11 298/268/11 293/264/11
f 300/269/12 297/285/12 299/270/12
f 308/279/13 295/265/13 307/277/13
f 299/270/14 310/280/14 298/268/14
f 312/281/15 309/278/15 311/282/15
f 302/273/16 307/277/16 301/271/16
f 311/282/17 304/274/17 310/280/17
f 306/275/18 303/272/18 305/276/18
f 290/261/19 301/271/19 289/259/19
f 305/276/20 293/286/20 304/274/20
f 289/259/21 307/277/21 295/265/21
f 296/287/22 294/263/22 291/283/22
f 290/288/23 305/276/23 303/272/23
f 304/274/24 298/289/24 310/280/24
f 308/279/25 299/270/25 297/285/25
f 302/273/26 311/282/26 309/278/26
f 385/32/162 387/33/162 386/34/162
f 388/35/163 390/36/163 389/37/163
f 391/38/164 393/39/164 392/40/164
f 394/41/165 396/42/165 395/43/165
f 397/44/166 399/45/166 398/46/166
f 400/352/167 402/353/167 401/49/167
f 403/50/168 405/51/168 404/52/168
f 406/53/169 408/54/169 407/354/169
f 391/38/170 387/33/170 385/32/170
f 387/56/171 388/35/171 386/57/171
f 390/36/172 394/41/172 389/37/172
f 396/42/173 393/58/173 395/43/173
f 404/52/174 391/38/174 403/50/174
f 395/43/175 406/53/175 394/41/175
f 408/54/176 405/51/176 407/354/176
f 397/44/177 405/51/177 403/50/177
f 407/354/178 400/352/178 406/53/178
f 402/353/179 399/45/179 401/49/179
f 386/34/180 397/44/180 385/32/180
f 400/352/181 388/64/181 389/59/181
f 385/32/21 403/50/21 391/38/21
f 392/60/182 390/36/182 387/56/182
f 386/61/183 401/49/183 399/45/183
f 400/352/24 394/63/24 406/53/24
f 404/52/184 395/43/184 393/58/184
f 398/46/185 407/354/185 405/51/185
f 409/32/162 411/33/162 410/34/162
f 412/35/163 414/36/163 413/37/163
f 415/38/164 417/39/164 416/40/164
f 418/41/165 420/42/165 419/43/165
f 421/44/166 423/45/166 422/46/166
f 424/47/167 426/48/167 425/49/167
f 427/50/168 429/51/168 428/52/168
f 430/53/169 432/54/169 431/55/169
f 415/38/170 411/33/170 409/32/170
f 411/56/171 412/35/171 410/57/171
f 414/36/172 418/41/172 413/37/172
f 420/42/173 417/58/173 419/43/173
f 428/52/174 415/38/174 427/50/174
f 419/43/175 430/53/175 418/41/175
f 432/54/176 429/51/176 431/55/176
f 422/46/177 427/50/177 421/44/177
f 431/55/178 424/47/178 430/53/178
f 426/48/179 423/45/179 425/49/179
f 410/34/186 421/44/186 409/32/186
f 425/49/181 413/59/181 424/47/181
f 409/32/21 427/50/21 415/38/21
f 416/60/182 414/36/182 411/56/182
f 410/61/183 425/49/183 423/45/183
f 424/47/24 418/63/24 430/53/24
f 428/52/184 419/43/184 417/58/184
f 422/46/185 431/55/185 429/51/185
f 433/32/187 435/33/187 434/34/187
f 436/35/188 438/36/188 437/37/188
f 439/38/164 441/39/164 440/40/164
f 442/41/189 444/42/189 443/43/189
f 445/44/190 447/45/190 446/46/190
f 448/352/167 450/353/167 449/49/167
f 451/50/191 453/51/191 452/52/191
f 454/53/192 456/54/192 455/354/192
f 439/38/170 435/33/170 433/32/170
f 435/56/171 436/35/171 434/57/171
f 438/36/172 442/41/172 437/37/172
f 444/42/173 441/58/173 443/43/173
f 452/52/174 439/38/174 451/50/174
f 443/43/175 454/53/175 442/41/175
f 456/54/176 453/51/176 455/354/176
f 446/46/177 451/50/177 445/44/177
f 455/354/178 448/352/178 454/53/178
f 450/353/179 447/45/179 449/49/179
f 434/34/186 445/44/186 433/32/186
f 448/352/181 436/64/181 437/59/181
f 433/32/21 451/50/21 439/38/21
f 440/60/182 438/36/182 435/56/182
f 434/61/183 449/49/183 447/45/183
f 448/352/24 442/63/24 454/53/24
f 452/52/184 443/43/184 441/58/184
f 446/46/185 455/354/185 453/51/185
f 649/259/1 651/260/1 650/261/1
f 652/262/2 654/263/2 653/264/2
f 655/265/3 657/266/3 656/267/3
f 658/268/4 660/269/4 659/270/4
f 661/271/5 663/272/5 662/273/5
f 664/274/6 666/275/6 665/276/6
f 667/277/7 669/278/7 668/279/7
f 670/280/8 672/281/8 671/282/8
f 656/267/9 649/259/9 655/265/9
f 651/283/10 652/262/10 650/284/10
f 654/263/11 658/268/11 653/264/11
f 660/269/12 657/285/12 659/270/12
f 668/279/13 655/265/13 667/277/13
f 659/270/14 670/280/14 658/268/14
f 672/281/15 669/278/15 671/282/15
f 662/273/16 667/277/16 661/271/16
f 671/282/17 664/274/17 670/280/17
f 666/275/18 663/272/18 665/276/18
f 650/261/19 661/271/19 649/259/19
f 665/276/20 653/286/20 664/274/20
f 649/259/21 667/277/21 655/265/21
f 656/287/22 654/263/22 651/283/22
f 650/288/23 665/276/23 663/272/23
f 664/274/24 658/289/24 670/280/24
f 668/279/25 659/270/25 657/285/25
f 662/273/26 671/282/26 669/278/26
f 2321/755/1336 2323/756/1336 2322/757/1336
f 2324/758/1337 2326/759/1337 2325/760/1337
f 2327/761/1338 2329/762/1338 2328/763/1338
f 2330/764/1339 2332/765/1339 2331/766/1339
f 2333/767/1340 2335/768/1340 2334/769/1340
f 2336/770/1341 2338/771/1341 2337/772/1341
f 2339/773/1342 2341/774/1342 2340/775/1342
f 2342/776/1343 2344/777/1343 2343/778/1343
f 2328/763/1344 2321/755/1344 2327/761/1344
f 2322/779/1345 2326/759/1345 2324/758/1345
f 2325/760/1346 2332/765/1346 2330/764/1346
f 2331/766/1347 2328/780/1347 2329/781/1347
f 2340/775/1348 2327/761/1348 2339/773/1348
f 2330/764/1349 2344/777/1349 2342/776/1349
f 2344/777/1350 2341/774/1350 2343/778/1350
f 2333/767/1351 2341/774/1351 2339/773/1351
f 2342/776/1352 2338/771/1352 2336/770/1352
f 2337/772/1353 2334/769/1353 2335/768/1353
f 2322/757/1354 2333/767/1354 2321/755/1354
f 2336/770/1355 2324/782/1355 2325/783/1355
f 2327/761/1356 2333/767/1356 2339/773/1356
f 2323/784/1357 2332/765/1357 2326/759/1357
f 2322/785/1358 2337/772/1358 2335/768/1358
f 2336/770/1359 2330/786/1359 2342/776/1359
f 2340/775/1360 2331/766/1360 2329/781/1360
f 2334/769/1361 2343/778/1361 2341/774/1361
f 2369/755/1384 2371/756/1384 2370/757/1384
f 2372/758/1385 2374/759/1385 2373/760/1385
f 2375/761/1386 2377/762/1386 2376/763/1386
f 2378/764/1387 2380/765/1387 2379/766/1387
f 2381/767/1388 2383/768/1388 2382/769/1388
f 2384/770/1389 2386/771/1389 2385/772/1389
f 2387/773/1390 2389/774/1390 2388/775/1390
f 2390/776/1391 2392/777/1391 2391/778/1391
f 2375/761/1392 2371/756/1392 2369/755/1392
f 2371/784/1393 2372/758/1393 2370/779/1393
f 2374/759/1394 2378/764/1394 2373/760/1394
f 2380/765/1395 2377/781/1395 2379/766/1395
f 2388/775/1396 2375/761/1396 2387/773/1396
f 2378/764/1397 2392/777/1397 2390/776/1397
f 2391/778/1398 2388/775/1398 2389/774/1398
f 2382/769/1399 2387/773/1399 2381/767/1399
f 2391/778/1400 2384/770/1400 2390/776/1400
f 2386/771/1401 2383/768/1401 2385/772/1401
f 2369/755/1402 2383/768/1402 2381/767/1402
f 2385/772/1403 2373/783/1403 2384/770/1403
f 2369/755/1404 2387/773/1404 2375/761/1404
f 2376/780/1405 2374/759/1405 2371/784/1405
f 2383/768/1358 2372/782/1358 2385/772/1358
f 2384/770/1406 2378/786/1406 2390/776/1406
f 2388/775/1360 2379/766/1360 2377/781/1360
f 2382/769/1407 2391/778/1407 2389/774/1407
f 3759/755/1548 3761/756/1548 3760/757/1548
f 3762/758/1549 3764/759/1549 3763/760/1549
f 3765/761/1550 3767/762/1550 3766/763/1550
f 3768/764/1551 3770/765/1551 3769/766/1551
f 3771/767/1552 3773/768/1552 3772/769/1552
f 3774/770/1553 3776/771/1553 3775/772/1553
f 3777/773/1554 3779/774/1554 3778/775/1554
f 3780/776/1555 3782/777/1555 3781/778/1555
f 3766/763/1556 3759/755/1556 3765/761/1556
f 3761/784/1557 3762/758/1557 3760/779/1557
f 3764/759/1558 3768/764/1558 3763/760/1558
f 3770/765/1559 3767/781/1559 3769/766/1559
f 3777/773/1560 3767/762/1560 3765/761/1560
f 3769/766/1561 3780/776/1561 3768/764/1561
f 3781/778/1562 3778/775/1562 3779/774/1562
f 3772/769/1563 3777/773/1563 3771/767/1563
f 3780/776/1564 3776/771/1564 3774/770/1564
f 3775/772/1565 3772/769/1565 3773/768/1565
f 3760/757/1566 3771/767/1566 3759/755/1566
f 3774/770/1567 3762/782/1567 3763/783/1567
f 3759/755/1568 3777/773/1568 3765/761/1568
f 3766/780/1569 3764/759/1569 3761/784/1569
f 3760/785/1570 3775/772/1570 3773/768/1570
f 3774/770/1571 3768/786/1571 3780/776/1571
f 3767/781/1572 3782/777/1572 3769/766/1572
f 3772/769/1573 3781/778/1573 3779/774/1573
f 3807/755/1596 3809/756/1596 3808/757/1596
f 3810/758/1597 3812/759/1597 3811/760/1597
f 3813/761/1598 3815/762/1598 3814/763/1598
f 3816/764/1599 3818/765/1599 3817/766/1599
f 3819/767/1600 3821/768/1600 3820/769/1600
f 3822/770/1601 3824/771/1601 3823/772/1601
f 3825/773/1602 3827/774/1602 3826/775/1602
f 3828/776/1603 3830/777/1603 3829/778/1603
f 3813/761/1604 3809/756/1604 3807/755/1604
f 3808/779/1605 3812/759/1605 3810/758/1605
f 3811/760/1606 3818/765/1606 3816/764/1606
f 3817/766/1607 3814/780/1607 3815/781/1607
f 3825/773/1608 3815/762/1608 3813/761/1608
f 3817/766/1609 3828/776/1609 3816/764/1609
f 3830/777/1610 3827/774/1610 3829/778/1610
f 3820/769/1611 3825/773/1611 3819/767/1611
f 3828/776/1612 3824/771/1612 3822/770/1612
f 3824/771/1613 3821/768/1613 3823/772/1613
f 3808/757/1614 3819/767/1614 3807/755/1614
f 3823/772/1615 3811/783/1615 3822/770/1615
f 3807/755/1616 3825/773/1616 3813/761/1616
f 3814/780/1617 3812/759/1617 3809/784/1617
f 3821/768/1570 3810/782/1570 3823/772/1570
f 3828/776/1618 3811/874/1618 3816/786/1618
f 3826/775/1572 3817/766/1572 3815/781/1572
f 3827/774/1619 3824/771/1619 3829/778/1619
f 32/40/35 27/33/35 25/32/35
f 27/56/1624 30/36/1624 28/35/1624
f 30/36/37 36/42/37 34/41/37
f 36/42/1625 32/60/1625 33/58/1625
f 43/50/39 44/52/39 33/39/39
f 35/43/40 48/54/40 46/53/40
f 48/54/1626 44/52/1626 45/51/1626
f 37/44/1627 38/46/1627 45/51/1627
f 47/55/43 42/48/43 40/47/43
f 42/48/1628 38/46/1628 39/45/1628
f 26/34/45 39/45/45 37/44/45
f 41/49/46 28/64/46 29/59/46
f 25/32/21 37/44/21 43/50/21
f 32/60/47 36/42/47 30/36/47
f 26/61/48 28/64/48 41/49/48
f 46/53/24 40/47/24 29/62/24
f 44/52/49 48/54/49 35/43/49
f 38/46/50 42/48/50 47/55/50
f 56/40/35 51/33/35 49/32/35
f 51/56/1624 54/36/1624 52/35/1624
f 54/36/37 60/42/37 58/41/37
f 60/42/1625 56/60/1625 57/58/1625
f 67/50/39 68/52/39 57/39/39
f 59/43/40 72/54/40 70/53/40
f 72/54/1626 68/52/1626 69/51/1626
f 61/44/42 62/46/42 69/51/42
f 70/53/43 71/55/43 66/48/43
f 66/48/1628 62/46/1628 63/45/1628
f 50/34/45 63/45/45 61/44/45
f 64/47/46 65/49/46 52/64/46
f 49/32/21 61/44/21 67/50/21
f 56/60/47 60/42/47 54/36/47
f 50/61/48 52/64/48 65/49/48
f 70/53/24 64/47/24 53/62/24
f 68/52/49 72/54/49 59/43/49
f 62/46/50 66/48/50 71/55/50
f 80/40/35 75/33/35 73/32/35
f 75/56/1624 78/36/1624 76/35/1624
f 78/36/37 84/42/37 82/41/37
f 84/42/1629 80/60/1629 81/58/1629
f 91/50/39 92/52/39 81/39/39
f 83/43/40 96/54/40 94/53/40
f 96/54/1626 92/52/1626 93/51/1626
f 86/46/42 93/51/42 91/50/42
f 95/55/43 90/48/43 88/47/43
f 90/48/44 86/46/44 87/45/44
f 73/32/45 74/34/45 87/45/45
f 89/49/46 76/64/46 77/59/46
f 73/32/21 85/44/21 91/50/21
f 80/60/47 84/42/47 78/36/47
f 74/61/48 76/64/48 89/49/48
f 94/53/24 88/47/24 77/62/24
f 92/52/49 96/54/49 83/43/49
f 86/46/50 90/48/50 95/55/50
f 296/267/9 291/260/9 289/259/9
f 291/283/10 294/263/10 292/262/10
f 294/263/11 300/269/11 298/268/11
f 300/269/12 296/287/12 297/285/12
f 308/279/13 297/266/13 295/265/13
f 299/270/14 312/281/14 310/280/14
f 312/281/15 308/279/15 309/278/15
f 302/273/16 309/278/16 307/277/16
f 311/282/17 306/275/17 304/274/17
f 306/275/18 302/273/18 303/272/18
f 290/261/19 303/272/19 301/271/19
f 305/276/20 292/886/20 293/286/20
f 289/259/21 301/271/21 307/277/21
f 296/287/22 300/269/22 294/263/22
f 290/288/23 292/886/23 305/276/23
f 304/274/24 293/887/24 298/289/24
f 308/279/25 312/281/25 299/270/25
f 302/273/26 306/275/26 311/282/26
f 391/38/170 392/40/170 387/33/170
f 387/56/1630 390/36/1630 388/35/1630
f 390/36/172 396/42/172 394/41/172
f 396/42/1631 392/60/1631 393/58/1631
f 404/52/174 393/39/174 391/38/174
f 395/43/175 408/54/175 406/53/175
f 408/54/176 404/52/176 405/51/176
f 397/44/177 398/46/177 405/51/177
f 407/354/178 402/353/178 400/352/178
f 402/353/179 398/46/179 399/45/179
f 386/34/1632 399/45/1632 397/44/1632
f 400/352/181 401/49/181 388/64/181
f 385/32/21 397/44/21 403/50/21
f 392/60/182 396/42/182 390/36/182
f 386/61/183 388/64/183 401/49/183
f 400/352/24 389/62/24 394/63/24
f 404/52/184 408/54/184 395/43/184
f 398/46/185 402/353/185 407/354/185
f 415/38/170 416/40/170 411/33/170
f 411/56/1630 414/36/1630 412/35/1630
f 414/36/172 420/42/172 418/41/172
f 420/42/1631 416/60/1631 417/58/1631
f 428/52/1633 417/39/1633 415/38/1633
f 419/43/175 432/54/175 430/53/175
f 432/54/176 428/52/176 429/51/176
f 422/46/177 429/51/177 427/50/177
f 431/55/178 426/48/178 424/47/178
f 426/48/179 422/46/179 423/45/179
f 410/34/180 423/45/180 421/44/180
f 425/49/181 412/64/181 413/59/181
f 409/32/21 421/44/21 427/50/21
f 416/60/182 420/42/182 414/36/182
f 410/61/183 412/64/183 425/49/183
f 424/47/24 413/62/24 418/63/24
f 428/52/184 432/54/184 419/43/184
f 422/46/185 426/48/185 431/55/185
f 439/38/170 440/40/170 435/33/170
f 435/56/1630 438/36/1630 436/35/1630
f 438/36/172 444/42/172 442/41/172
f 444/42/1631 440/60/1631 441/58/1631
f 452/52/1633 441/39/1633 439/38/1633
f 443/43/175 456/54/175 454/53/175
f 456/54/176 452/52/176 453/51/176
f 446/46/177 453/51/177 451/50/177
f 455/354/178 450/353/178 448/352/178
f 450/353/179 446/46/179 447/45/179
f 434/34/180 447/45/180 445/44/180
f 448/352/181 449/49/181 436/64/181
f 433/32/21 445/44/21 451/50/21
f 440/60/182 444/42/182 438/36/182
f 434/61/183 436/64/183 449/49/183
f 448/352/24 437/62/24 442/63/24
f 452/52/184 456/54/184 443/43/184
f 446/46/185 450/353/185 455/354/185
f 656/267/9 651/260/9 649/259/9
f 651/283/10 654/263/10 652/262/10
f 654/263/11 660/269/11 658/268/11
f 660/269/12 656/287/12 657/285/12
f 668/279/13 657/266/13 655/265/13
f 659/270/14 672/281/14 670/280/14
f 672/281/15 668/279/15 669/278/15
f 662/273/16 669/278/16 667/277/16
f 671/282/17 666/275/17 664/274/17
f 666/275/18 662/273/18 663/272/18
f 650/261/19 663/272/19 661/271/19
f 665/276/20 652/886/20 653/286/20
f 649/259/21 661/271/21 667/277/21
f 656/287/22 660/269/22 654/263/22
f 650/288/23 652/886/23 665/276/23
f 664/274/24 653/887/24 658/289/24
f 668/279/25 672/281/25 659/270/25
f 662/273/26 666/275/26 671/282/26
f 2328/763/1344 2323/756/1344 2321/755/1344
f 2322/779/1345 2323/784/1345 2326/759/1345
f 2325/760/1669 2326/759/1669 2332/765/1669
f 2331/766/1347 2332/765/1347 2328/780/1347
f 2340/775/1348 2329/762/1348 2327/761/1348
f 2330/764/1349 2331/766/1349 2344/777/1349
f 2344/777/1350 2340/775/1350 2341/774/1350
f 2333/767/1351 2334/769/1351 2341/774/1351
f 2342/776/1352 2343/778/1352 2338/771/1352
f 2337/772/1353 2338/771/1353 2334/769/1353
f 2322/757/1354 2335/768/1354 2333/767/1354
f 2336/770/1355 2337/772/1355 2324/782/1355
f 2327/761/1356 2321/755/1356 2333/767/1356
f 2323/784/1357 2328/780/1357 2332/765/1357
f 2322/785/1358 2324/782/1358 2337/772/1358
f 2336/770/1359 2325/874/1359 2330/786/1359
f 2340/775/1360 2344/777/1360 2331/766/1360
f 2334/769/1361 2338/771/1361 2343/778/1361
f 2375/761/1392 2376/763/1392 2371/756/1392
f 2371/784/1393 2374/759/1393 2372/758/1393
f 2374/759/1670 2380/765/1670 2378/764/1670
f 2380/765/1395 2376/780/1395 2377/781/1395
f 2388/775/1396 2377/762/1396 2375/761/1396
f 2378/764/1397 2379/766/1397 2392/777/1397
f 2391/778/1398 2392/777/1398 2388/775/1398
f 2382/769/1399 2389/774/1399 2387/773/1399
f 2391/778/1671 2386/771/1671 2384/770/1671
f 2386/771/1401 2382/769/1401 2383/768/1401
f 2369/755/1402 2370/757/1402 2383/768/1402
f 2385/772/1403 2372/782/1403 2373/783/1403
f 2369/755/1404 2381/767/1404 2387/773/1404
f 2376/780/1405 2380/765/1405 2374/759/1405
f 2383/768/1358 2370/785/1358 2372/782/1358
f 2384/770/1406 2373/874/1406 2378/786/1406
f 2388/775/1360 2392/777/1360 2379/766/1360
f 2382/769/1407 2386/771/1407 2391/778/1407
f 3766/763/1556 3761/756/1556 3759/755/1556
f 3761/784/1557 3764/759/1557 3762/758/1557
f 3764/759/1680 3770/765/1680 3768/764/1680
f 3770/765/1559 3766/780/1559 3767/781/1559
f 3777/773/1560 3778/775/1560 3767/762/1560
f 3769/766/1561 3782/777/1561 3780/776/1561
f 3781/778/1562 3782/777/1562 3778/775/1562
f 3772/769/1681 3779/774/1681 3777/773/1681
f 3780/776/1564 3781/778/1564 3776/771/1564
f 3775/772/1565 3776/771/1565 3772/769/1565
f 3760/757/1566 3773/768/1566 3771/767/1566
f 3774/770/1567 3775/772/1567 3762/782/1567
f 3759/755/1568 3771/767/1568 3777/773/1568
f 3766/780/1569 3770/765/1569 3764/759/1569
f 3760/785/1570 3762/782/1570 3775/772/1570
f 3774/770/1571 3763/874/1571 3768/786/1571
f 3767/781/1572 3778/775/1572 3782/777/1572
f 3772/769/1573 3776/771/1573 3781/778/1573
f 3813/761/1682 3814/763/1682 3809/756/1682
f 3808/779/1605 3809/784/1605 3812/759/1605
f 3811/760/1606 3812/759/1606 3818/765/1606
f 3817/766/1607 3818/765/1607 3814/780/1607
f 3825/773/1608 3826/775/1608 3815/762/1608
f 3817/766/1609 3830/777/1609 3828/776/1609
f 3830/777/1610 3826/775/1610 3827/774/1610
f 3820/769/1611 3827/774/1611 3825/773/1611
f 3828/776/1612 3829/778/1612 3824/771/1612
f 3824/771/1613 3820/769/1613 3821/768/1613
f 3808/757/1614 3821/768/1614 3819/767/1614
f 3823/772/1615 3810/782/1615 3811/783/1615
f 3807/755/1616 3819/767/1616 3825/773/1616
f 3814/780/1617 3818/765/1617 3812/759/1617
f 3821/768/1570 3808/785/1570 3810/782/1570
f 3828/776/1618 3822/770/1618 3811/874/1618
f 3826/775/1572 3830/777/1572 3817/766/1572
f 3827/774/1619 3820/769/1619 3824/771/1619
usemtl RustCanvas
f 97/65/57 99/66/57 98/67/57
f 100/68/58 102/69/58 101/70/58
f 103/71/59 105/72/59 104/73/59
f 106/74/60 108/75/60 107/76/60
f 109/77/61 111/78/61 110/79/61
f 112/80/62 114/81/62 113/82/62
f 115/83/63 117/84/63 116/85/63
f 118/86/64 120/87/64 119/88/64
f 104/73/9 97/65/9 103/71/9
f 99/89/10 100/68/10 98/90/10
f 102/69/11 106/74/11 101/70/11
f 108/75/12 105/91/12 107/76/12
f 116/85/13 103/71/13 115/83/13
f 107/76/14 118/86/14 106/74/14
f 120/87/15 117/84/15 119/88/15
f 110/79/16 115/83/16 109/77/16
f 119/88/17 112/80/17 118/86/17
f 114/81/18 111/78/18 113/82/18
f 98/67/19 109/77/19 97/65/19
f 113/82/20 101/92/20 112/80/20
f 97/65/21 115/83/21 103/71/21
f 104/93/22 102/69/22 99/89/22
f 98/94/23 113/82/23 111/78/23
f 112/80/24 106/95/24 118/86/24
f 116/85/25 107/76/25 105/91/25
f 110/79/26 119/88/26 117/84/26
f 457/65/193 459/66/193 458/67/193
f 460/68/194 462/69/194 461/70/194
f 463/71/59 465/72/59 464/73/59
f 466/74/60 468/75/60 467/76/60
f 469/77/195 471/78/195 470/79/195
f 472/80/196 474/81/196 473/82/196
f 475/83/63 477/84/63 476/355/63
f 478/86/64 480/87/64 479/88/64
f 464/73/9 457/65/9 463/71/9
f 459/89/10 460/68/10 458/90/10
f 462/69/11 466/74/11 461/70/11
f 468/75/12 465/91/12 467/76/12
f 476/355/13 463/71/13 475/83/13
f 467/76/14 478/86/14 466/74/14
f 480/87/15 477/84/15 479/88/15
f 470/79/16 475/83/16 469/77/16
f 479/88/17 472/80/17 478/86/17
f 474/81/18 471/78/18 473/82/18
f 458/67/19 469/77/19 457/65/19
f 473/82/20 461/92/20 472/80/20
f 457/65/21 475/83/21 463/71/21
f 464/93/22 462/69/22 459/89/22
f 458/94/23 473/82/23 471/78/23
f 472/80/24 466/95/24 478/86/24
f 476/355/25 467/76/25 465/91/25
f 470/79/26 479/88/26 477/84/26
s 1
f 965/418/231 967/419/232 966/420/233
f 968/421/234 970/422/235 969/423/236
f 971/424/237 973/425/238 972/426/239
f 974/427/240 976/428/241 975/429/242
f 981/430/243 983/431/244 982/432/245
f 984/433/246 986/434/247 985/435/248
f 987/436/249 989/437/250 988/438/251
f 990/439/252 992/440/253 991/441/254
f 997/442/255 999/443/256 998/444/257
f 1000/445/258 1002/446/259 1001/447/260
f 1003/448/261 1005/449/262 1004/450/263
f 1006/451/264 1008/452/265 1007/453/266
f 1013/454/267 1015/455/268 1014/456/269
f 1016/457/270 1018/458/271 1017/459/272
f 1019/460/273 1021/461/274 1020/462/275
f 1022/463/276 1024/464/277 1023/465/278
f 961/466/279 966/420/233 962/467/280
f 970/422/235 963/468/281 964/469/282
f 970/470/235 967/471/232 969/472/236
f 967/419/232 971/424/237 972/426/239
f 974/427/240 969/423/236 976/428/241
f 976/473/241 973/474/238 975/475/242
f 973/425/238 977/476/283 978/477/298
f 979/478/299 975/429/242 980/479/300
f 977/476/283 982/432/245 978/477/298
f 986/434/247 979/478/299 980/479/300
f 986/480/247 983/481/244 985/482/248
f 981/430/243 988/438/251 983/431/244
f 992/440/253 984/433/246 985/435/248
f 992/483/253 989/484/250 991/485/254
f 989/437/250 993/486/287 994/487/288
f 995/488/289 991/441/254 996/489/290
f 993/486/287 998/444/257 994/487/288
f 1002/446/259 995/488/289 996/489/290
f 1002/490/259 999/491/256 1001/492/260
f 999/443/256 1003/448/261 1004/450/263
f 1008/452/265 1000/445/258 1001/447/260
f 1008/493/265 1005/494/262 1007/495/266
f 1005/449/262 1009/496/291 1010/497/292
f 1011/498/293 1007/453/266 1012/499/294
f 1009/496/291 1014/456/269 1010/497/292
f 1018/458/271 1011/498/293 1012/499/294
f 1018/500/271 1015/501/268 1017/502/272
f 1013/454/267 1020/462/275 1015/455/268
f 1024/464/277 1016/457/270 1017/459/272
f 1024/503/277 1021/504/274 1023/505/278
f 1021/461/274 961/466/279 962/467/280
f 963/468/281 1023/465/278 964/469/282
f 1009/496/291 987/436/249 965/418/231
f 966/506/233 964/507/282 962/508/280
f 962/509/280 1023/505/278 1021/504/274
f 984/433/246 1006/451/264 963/468/281
f 972/510/239 969/472/236 967/471/232
f 978/511/298 975/475/242 973/474/238
f 982/512/245 980/513/300 978/511/298
f 988/514/251 985/482/248 983/481/244
f 994/515/288 991/485/254 989/484/250
f 998/516/257 996/517/290 994/515/288
f 1004/518/263 1001/492/260 999/491/256
f 1010/519/292 1007/495/266 1005/494/262
f 1014/520/269 1012/521/294 1010/519/292
f 1020/522/275 1017/502/272 1015/501/268
s 0
f 104/73/9 99/66/9 97/65/9
f 99/89/10 102/69/10 100/68/10
f 102/69/11 108/75/11 106/74/11
f 108/75/12 104/93/12 105/91/12
f 116/85/13 105/72/13 103/71/13
f 107/76/14 120/87/14 118/86/14
f 120/87/15 116/85/15 117/84/15
f 110/79/16 117/84/16 115/83/16
f 119/88/17 114/81/17 112/80/17
f 114/81/18 110/79/18 111/78/18
f 98/67/19 111/78/19 109/77/19
f 113/82/20 100/879/20 101/92/20
f 97/65/21 109/77/21 115/83/21
f 104/93/22 108/75/22 102/69/22
f 98/94/23 100/879/23 113/82/23
f 112/80/24 101/880/24 106/95/24
f 116/85/25 120/87/25 107/76/25
f 110/79/26 114/81/26 119/88/26
f 464/73/9 459/66/9 457/65/9
f 459/89/10 462/69/10 460/68/10
f 462/69/11 468/75/11 466/74/11
f 468/75/12 464/93/12 465/91/12
f 476/355/13 465/72/13 463/71/13
f 467/76/14 480/87/14 478/86/14
f 480/87/15 476/355/15 477/84/15
f 470/79/16 477/84/16 475/83/16
f 479/88/17 474/81/17 472/80/17
f 474/81/18 470/79/18 471/78/18
f 458/67/19 471/78/19 469/77/19
f 473/82/20 460/879/20 461/92/20
f 457/65/21 469/77/21 475/83/21
f 464/93/22 468/75/22 462/69/22
f 458/94/23 460/879/23 473/82/23
f 472/80/24 461/880/24 466/95/24
f 476/355/25 480/87/25 467/76/25
f 470/79/26 474/81/26 479/88/26
s 1
f 961/466/279 965/418/231 966/420/233
f 970/422/235 968/421/234 963/468/281
f 970/470/235 966/506/233 967/471/232
f 967/419/232 965/418/231 971/424/237
f 974/427/240 968/421/234 969/423/236
f 976/473/241 972/510/239 973/474/238
f 973/425/238 971/424/237 977/476/283
f 979/478/299 974/427/240 975/429/242
f 977/476/283 981/430/243 982/432/245
f 986/434/247 984/433/246 979/478/299
f 986/480/247 982/512/245 983/481/244
f 981/430/243 987/436/249 988/438/251
f 992/440/253 990/439/252 984/433/246
f 992/483/253 988/514/251 989/484/250
f 989/437/250 987/436/249 993/486/287
f 995/488/289 990/439/252 991/441/254
f 993/486/287 997/442/255 998/444/257
f 1002/446/259 1000/445/258 995/488/289
f 1002/490/259 998/516/257 999/491/256
f 999/443/256 997/442/255 1003/448/261
f 1008/452/265 1006/451/264 1000/445/258
f 1008/493/265 1004/518/263 1005/494/262
f 1005/449/262 1003/448/261 1009/496/291
f 1011/498/293 1006/451/264 1007/453/266
f 1009/496/291 1013/454/267 1014/456/269
f 1018/458/271 1016/457/270 1011/498/293
f 1018/500/271 1014/520/269 1015/501/268
f 1013/454/267 1019/460/273 1020/462/275
f 1024/464/277 1022/463/276 1016/457/270
f 1024/503/277 1020/522/275 1021/504/274
f 1021/461/274 1019/460/273 961/466/279
f 963/468/281 1022/463/276 1023/465/278
f 965/418/231 961/466/279 1019/460/273
f 1019/460/273 1013/454/267 1009/496/291
f 1009/496/291 1003/448/261 997/442/255
f 997/442/255 993/486/287 987/436/249
f 987/436/249 981/430/243 977/476/283
f 977/476/283 971/424/237 965/418/231
f 965/418/231 1019/460/273 1009/496/291
f 1009/496/291 997/442/255 987/436/249
f 987/436/249 977/476/283 965/418/231
f 966/506/233 970/470/235 964/507/282
f 962/509/280 964/895/282 1023/505/278
f 963/468/281 968/421/234 974/427/240
f 974/427/240 979/478/299 984/433/246
f 984/433/246 990/439/252 995/488/289
f 995/488/289 1000/445/258 1006/451/264
f 1006/451/264 1011/498/293 1016/457/270
f 1016/457/270 1022/463/276 963/468/281
f 963/468/281 974/427/240 984/433/246
f 984/433/246 995/488/289 1006/451/264
f 1006/451/264 1016/457/270 963/468/281
f 972/510/239 976/473/241 969/472/236
f 978/511/298 980/513/300 975/475/242
f 982/512/245 986/480/247 980/513/300
f 988/514/251 992/483/253 985/482/248
f 994/515/288 996/517/290 991/485/254
f 998/516/257 1002/490/259 996/517/290
f 1004/518/263 1008/493/265 1001/492/260
f 1010/519/292 1012/521/294 1007/495/266
f 1014/520/269 1018/500/271 1012/521/294
f 1020/522/275 1024/503/277 1017/502/272
usemtl Brass
f 121/96/65 123/97/66 122/98/67
f 124/99/68 126/100/69 125/101/70
f 127/102/71 129/103/72 128/104/73
f 130/105/74 132/106/75 131/107/76
f 133/108/77 135/109/78 134/110/79
f 136/111/80 138/112/81 137/113/82
f 139/114/83 141/115/84 140/116/85
f 142/117/86 144/118/87 143/119/88
f 145/120/89 147/121/90 146/122/91
f 148/123/92 150/124/93 149/125/94
f 151/126/95 153/127/96 152/128/97
f 154/129/98 156/130/99 155/131/100
f 157/132/101 159/133/102 158/134/103
f 160/135/104 162/136/105 161/137/106
f 163/138/107 165/139/108 164/140/109
f 166/141/110 168/142/111 167/143/112
f 169/144/113 171/145/114 170/146/115
f 172/147/116 174/148/117 173/149/118
f 175/150/119 177/151/120 176/152/121
f 178/153/122 180/154/123 179/155/124
f 121/96/65 128/104/73 123/97/66
f 130/105/74 125/101/70 132/106/75
f 123/156/66 126/157/69 122/158/67
f 132/159/75 129/160/72 131/161/76
f 127/102/71 134/110/79 129/103/72
f 138/112/81 130/105/74 131/107/76
f 138/162/81 135/163/78 137/164/82
f 133/108/77 140/116/85 135/109/78
f 144/118/87 136/111/80 137/113/82
f 144/165/87 141/166/84 143/167/88
f 139/114/83 146/122/91 141/115/84
f 148/123/92 143/119/88 150/124/93
f 150/168/93 147/169/90 149/170/94
f 145/120/89 152/128/97 147/121/90
f 154/129/98 149/125/94 156/130/99
f 156/171/99 153/172/96 155/173/100
f 151/126/95 158/134/103 153/127/96
f 162/136/105 154/129/98 155/131/100
f 162/174/105 159/175/102 161/176/106
f 157/132/101 164/140/109 159/133/102
f 166/141/110 161/137/106 168/142/111
f 168/177/111 165/178/108 167/179/112
f 165/139/108 169/144/113 170/146/115
f 172/147/116 167/143/112 174/148/117
f 174/180/117 171/181/114 173/182/118
f 171/145/114 175/150/119 176/152/121
f 178/153/122 173/149/118 180/154/123
f 180/183/123 177/184/120 179/185/124
f 177/151/120 121/96/65 122/98/67
f 124/99/68 179/155/124 126/100/69
f 163/138/107 139/114/83 127/102/71
f 128/186/73 125/187/70 123/188/66
f 122/158/67 179/185/124 177/184/120
f 148/123/92 172/147/116 124/99/68
f 134/189/79 131/161/76 129/160/72
f 140/190/85 137/164/82 135/163/78
f 146/191/91 143/167/88 141/166/84
f 152/192/97 149/170/94 147/169/90
f 158/193/103 155/173/100 153/172/96
f 164/194/109 161/176/106 159/175/102
f 170/195/115 167/179/112 165/178/108
f 176/196/121 173/182/118 171/181/114
f 181/96/65 183/97/125 182/98/67
f 184/99/68 186/100/69 185/101/70
f 187/102/71 189/103/72 188/104/73
f 190/105/74 192/106/75 191/107/76
f 193/108/77 195/109/126 194/110/79
f 196/111/80 198/112/81 197/113/82
f 199/114/83 201/115/84 200/116/85
f 202/117/86 204/118/127 203/119/88
f 205/120/89 207/121/128 206/122/91
f 208/123/92 210/124/93 209/125/129
f 211/126/95 213/127/130 212/128/97
f 214/129/98 216/130/131 215/131/132
f 217/132/101 219/133/102 218/134/133
f 220/135/104 222/136/134 221/137/106
f 223/138/107 225/139/135 224/140/109
f 226/141/110 228/142/111 227/143/112
f 229/144/113 231/145/114 230/146/115
f 232/147/116 234/148/136 233/149/118
f 235/150/119 237/151/120 236/152/121
f 238/153/122 240/154/123 239/155/137
f 183/97/125 187/102/71 188/104/73
f 190/105/74 185/101/70 192/106/75
f 183/156/125 186/157/69 182/158/67
f 192/159/75 189/160/72 191/161/76
f 187/102/71 194/110/79 189/103/72
f 198/112/81 190/105/74 191/107/76
f 198/162/81 195/163/126 197/164/82
f 193/108/77 200/116/85 195/109/126
f 202/117/86 197/113/82 204/118/127
f 204/165/127 201/166/84 203/167/88
f 201/115/84 205/120/89 206/122/91
f 208/123/92 203/119/88 210/124/93
f 210/168/93 207/169/128 209/170/129
f 205/120/89 212/128/97 207/121/128
f 216/130/131 208/123/92 209/125/129
f 216/171/131 213/172/130 215/173/132
f 211/126/95 218/134/133 213/127/130
f 220/135/104 215/131/132 222/136/134
f 222/174/134 219/175/102 221/176/106
f 219/133/102 223/138/107 224/140/109
f 226/141/110 221/137/106 228/142/111
f 228/177/111 225/178/135 227/179/112
f 223/138/107 230/146/115 225/139/135
f 232/147/116 227/143/112 234/148/136
f 234/180/136 231/181/114 233/182/118
f 231/145/114 235/150/119 236/152/121
f 238/153/122 233/149/118 240/154/123
f 240/183/123 237/184/120 239/185/137
f 235/150/119 182/98/67 237/151/120
f 184/99/68 239/155/137 186/100/69
f 223/138/107 199/114/83 187/102/71
f 188/186/73 185/187/70 183/188/125
f 182/158/67 239/185/137 237/184/120
f 208/123/92 232/147/116 184/99/68
f 194/189/79 191/161/76 189/160/72
f 200/190/85 197/164/82 195/163/126
f 206/191/91 203/167/88 201/166/84
f 212/192/97 209/170/129 207/169/128
f 218/193/133 215/173/132 213/172/130
f 224/194/109 221/176/106 219/175/102
f 230/195/115 227/179/112 225/178/135
f 236/196/121 233/182/118 231/181/114
s 0
f 337/319/138 339/320/138 338/321/138
f 340/322/139 342/323/139 341/324/139
f 343/325/140 345/326/140 344/327/140
f 346/328/141 348/329/141 347/330/141
f 349/331/142 351/332/142 350/333/142
f 352/334/143 354/335/143 353/336/143
f 355/337/144 357/338/144 356/339/144
f 358/340/145 360/341/145 359/342/145
f 344/327/146 337/319/146 343/325/146
f 338/343/147 342/323/147 340/322/147
f 342/323/148 346/328/148 341/324/148
f 347/330/149 344/344/149 345/345/149
f 356/339/150 343/325/150 355/337/150
f 347/330/151 358/340/151 346/328/151
f 360/341/152 357/338/152 359/342/152
f 350/333/153 355/337/153 349/331/153
f 359/342/154 352/334/154 358/340/154
f 353/336/155 350/333/155 351/332/155
f 338/321/156 349/331/156 337/319/156
f 352/334/157 340/346/157 341/347/157
f 337/319/158 355/337/158 343/325/158
f 344/344/159 342/323/159 339/348/159
f 338/349/26 353/336/26 351/332/26
f 352/334/160 346/350/160 358/340/160
f 356/339/22 347/330/22 345/345/22
f 350/333/161 359/342/161 357/338/161
s 1
f 481/96/65 483/97/125 482/98/197
f 484/99/68 486/100/198 485/101/70
f 487/102/71 489/103/72 488/104/199
f 490/105/74 492/106/200 491/107/76
f 493/108/77 495/109/78 494/110/201
f 496/111/80 498/112/81 497/113/82
f 499/114/83 501/115/202 500/116/85
f 502/117/86 504/118/87 503/119/88
f 505/120/89 507/121/90 506/122/91
f 508/123/92 510/124/93 509/125/94
f 511/126/95 513/127/96 512/128/203
f 514/129/98 516/130/99 515/131/100
f 517/132/101 519/133/102 518/134/103
f 520/135/104 522/136/105 521/137/106
f 523/138/107 525/139/108 524/140/204
f 526/141/110 528/142/111 527/143/112
f 529/144/113 531/145/205 530/146/115
f 532/147/116 534/148/117 533/149/118
f 535/150/119 537/151/206 536/152/121
f 538/153/122 540/154/123 539/155/124
f 481/96/65 488/104/199 483/97/125
f 490/105/74 485/101/70 492/106/200
f 483/156/125 486/157/198 482/158/197
f 492/159/200 489/160/72 491/161/76
f 487/102/71 494/110/201 489/103/72
f 498/112/81 490/105/74 491/107/76
f 498/162/81 495/163/78 497/164/82
f 493/108/77 500/116/85 495/109/78
f 502/117/86 497/113/82 504/118/87
f 504/165/87 501/166/202 503/167/88
f 501/115/202 505/120/89 506/122/91
f 508/123/92 503/119/88 510/124/93
f 510/168/93 507/169/90 509/170/94
f 507/121/90 511/126/95 512/128/203
f 516/130/99 508/123/92 509/125/94
f 516/171/99 513/172/96 515/173/100
f 513/127/96 517/132/101 518/134/103
f 522/136/105 514/129/98 515/131/100
f 522/174/105 519/175/102 521/176/106
f 517/132/101 524/140/204 519/133/102
f 528/142/111 520/135/104 521/137/106
f 528/177/111 525/178/108 527/179/112
f 523/138/107 530/146/115 525/139/108
f 532/147/116 527/143/112 534/148/117
f 534/180/117 531/181/205 533/182/118
f 531/145/205 535/150/119 536/152/121
f 538/153/122 533/149/118 540/154/123
f 540/183/123 537/184/206 539/185/124
f 535/150/119 482/98/197 537/151/206
f 486/100/198 538/153/122 539/155/124
f 523/138/107 499/114/83 487/102/71
f 488/186/199 485/187/70 483/188/125
f 482/158/197 539/185/124 537/184/206
f 508/123/92 532/147/116 484/99/68
f 494/189/201 491/161/76 489/160/72
f 500/190/85 497/164/82 495/163/78
f 506/191/91 503/167/88 501/166/202
f 512/192/203 509/170/94 507/169/90
f 518/193/103 515/173/100 513/172/96
f 524/194/204 521/176/106 519/175/102
f 530/195/115 527/179/112 525/178/108
f 536/196/121 533/182/118 531/181/205
f 541/96/65 543/97/125 542/98/197
f 544/99/68 546/100/198 545/101/70
f 547/102/71 549/103/72 548/104/199
f 550/105/74 552/106/200 551/107/76
f 553/108/77 555/109/78 554/110/79
f 556/111/80 558/112/81 557/113/82
f 559/114/83 561/115/84 560/116/85
f 562/117/86 564/118/87 563/119/88
f 565/120/89 567/121/90 566/122/91
f 568/123/92 570/124/93 569/125/94
f 571/126/95 573/127/96 572/128/97
f 574/129/98 576/130/99 575/131/132
f 577/132/101 579/133/102 578/134/103
f 580/135/104 582/136/105 581/137/106
f 583/138/107 585/139/108 584/140/109
f 586/141/110 588/142/111 587/143/112
f 589/144/113 591/145/114 590/146/115
f 592/147/116 594/148/117 593/149/118
f 595/150/119 597/151/206 596/152/121
f 598/153/122 600/154/123 599/155/124
f 541/96/65 548/104/199 543/97/125
f 550/105/74 545/101/70 552/106/200
f 543/156/125 546/157/198 542/158/197
f 552/159/200 549/160/72 551/161/76
f 547/102/71 554/110/79 549/103/72
f 556/111/80 551/107/76 558/112/81
f 558/162/81 555/163/78 557/164/82
f 553/108/77 560/116/85 555/109/78
f 564/118/87 556/111/80 557/113/82
f 564/165/87 561/166/84 563/167/88
f 561/115/84 565/120/89 566/122/91
f 568/123/92 563/119/88 570/124/93
f 570/168/93 567/169/90 569/170/94
f 565/120/89 572/128/97 567/121/90
f 576/130/99 568/123/92 569/125/94
f 576/171/99 573/172/96 575/173/132
f 573/127/96 577/132/101 578/134/103
f 580/135/104 575/131/132 582/136/105
f 582/174/105 579/175/102 581/176/106
f 577/132/101 584/140/109 579/133/102
f 588/142/111 580/135/104 581/137/106
f 588/177/111 585/178/108 587/179/112
f 583/138/107 590/146/115 585/139/108
f 592/147/116 587/143/112 594/148/117
f 594/180/117 591/181/114 593/182/118
f 591/145/114 595/150/119 596/152/121
f 598/153/122 593/149/118 600/154/123
f 600/183/123 597/184/206 599/185/124
f 595/150/119 542/98/197 597/151/206
f 546/100/198 598/153/122 599/155/124
f 583/138/107 559/114/83 547/102/71
f 548/186/199 545/187/70 543/188/125
f 542/158/197 599/185/124 597/184/206
f 568/123/92 592/147/116 544/99/68
f 554/189/79 551/161/76 549/160/72
f 560/190/85 557/164/82 555/163/78
f 566/191/91 563/167/88 561/166/84
f 572/192/97 569/170/94 567/169/90
f 578/193/103 575/173/132 573/172/96
f 584/194/109 581/176/106 579/175/102
f 590/195/115 587/179/112 585/178/108
f 596/196/121 593/182/118 591/181/114
s 0
f 697/319/207 699/320/207 698/321/207
f 700/322/208 702/323/208 701/324/208
f 703/325/209 705/326/209 704/327/209
f 706/328/210 708/329/210 707/330/210
f 709/331/211 711/332/211 710/333/211
f 712/334/212 714/335/212 713/336/212
f 715/337/213 717/338/213 716/339/213
f 718/340/214 720/341/214 719/342/214
f 704/327/215 697/319/215 703/325/215
f 698/343/216 702/323/216 700/322/216
f 702/323/217 706/328/217 701/324/217
f 707/330/218 704/344/218 705/345/218
f 715/337/219 705/326/219 703/325/219
f 706/328/220 720/341/220 718/340/220
f 719/342/221 716/339/221 717/338/221
f 710/333/222 715/337/222 709/331/222
f 719/342/223 712/334/223 718/340/223
f 714/335/224 711/332/224 713/336/224
f 697/319/225 711/332/225 709/331/225
f 712/334/226 700/346/226 701/347/226
f 697/319/227 715/337/227 703/325/227
f 704/344/228 702/323/228 699/348/228
f 698/349/22 713/336/22 711/332/22
f 712/334/229 706/350/229 718/340/229
f 716/339/26 707/330/26 705/345/26
f 710/333/230 719/342/230 717/338/230
f 721/356/1 723/357/1 722/358/1
f 724/359/2 726/360/2 725/361/2
f 727/362/3 729/363/3 728/364/3
f 730/365/4 732/366/4 731/367/4
f 733/368/5 735/369/5 734/370/5
f 736/371/6 738/372/6 737/373/6
f 739/374/7 741/375/7 740/376/7
f 742/377/8 744/378/8 743/379/8
f 728/364/9 721/356/9 727/362/9
f 723/380/10 724/359/10 722/381/10
f 726/360/11 730/365/11 725/361/11
f 732/366/12 729/382/12 731/367/12
f 740/376/13 727/362/13 739/374/13
f 731/367/14 742/377/14 730/365/14
f 744/378/15 741/375/15 743/379/15
f 734/370/16 739/374/16 733/368/16
f 743/379/17 736/371/17 742/377/17
f 738/372/18 735/369/18 737/373/18
f 722/358/19 733/368/19 721/356/19
f 737/373/20 725/383/20 736/371/20
f 721/356/21 739/374/21 727/362/21
f 728/384/22 726/360/22 723/380/22
f 722/385/23 737/373/23 735/369/23
f 736/371/24 730/386/24 742/377/24
f 740/376/25 731/367/25 729/382/25
f 734/370/26 743/379/26 741/375/26
s 1
f 773/418/231 775/419/232 774/420/233
f 776/421/234 778/422/235 777/423/236
f 779/424/237 781/425/238 780/426/239
f 782/427/240 784/428/241 783/429/242
f 789/430/243 791/431/244 790/432/245
f 792/433/246 794/434/247 793/435/248
f 795/436/249 797/437/250 796/438/251
f 798/439/252 800/440/253 799/441/254
f 805/442/255 807/443/256 806/444/257
f 808/445/258 810/446/259 809/447/260
f 811/448/261 813/449/262 812/450/263
f 814/451/264 816/452/265 815/453/266
f 821/454/267 823/455/268 822/456/269
f 824/457/270 826/458/271 825/459/272
f 827/460/273 829/461/274 828/462/275
f 830/463/276 832/464/277 831/465/278
f 769/466/279 774/420/233 770/467/280
f 778/422/235 771/468/281 772/469/282
f 778/470/235 775/471/232 777/472/236
f 775/419/232 779/424/237 780/426/239
f 784/428/241 776/421/234 777/423/236
f 784/473/241 781/474/238 783/475/242
f 781/425/238 785/476/283 786/477/284
f 787/478/285 783/429/242 788/479/286
f 785/476/283 790/432/245 786/477/284
f 794/434/247 787/478/285 788/479/286
f 794/480/247 791/481/244 793/482/248
f 789/430/243 796/438/251 791/431/244
f 800/440/253 792/433/246 793/435/248
f 800/483/253 797/484/250 799/485/254
f 797/437/250 801/486/287 802/487/288
f 803/488/289 799/441/254 804/489/290
f 801/486/287 806/444/257 802/487/288
f 810/446/259 803/488/289 804/489/290
f 810/490/259 807/491/256 809/492/260
f 805/442/255 812/450/263 807/443/256
f 814/451/264 809/447/260 816/452/265
f 816/493/265 813/494/262 815/495/266
f 813/449/262 817/496/291 818/497/292
f 819/498/293 815/453/266 820/499/294
f 817/496/291 822/456/269 818/497/292
f 826/458/271 819/498/293 820/499/294
f 826/500/271 823/501/268 825/502/272
f 823/455/268 827/460/273 828/462/275
f 832/464/277 824/457/270 825/459/272
f 832/503/277 829/504/274 831/505/278
f 829/461/274 769/466/279 770/467/280
f 771/468/281 831/465/278 772/469/282
f 817/496/291 795/436/249 773/418/231
f 774/506/233 772/507/282 770/508/280
f 770/509/280 831/505/278 829/504/274
f 792/433/246 814/451/264 771/468/281
f 780/510/239 777/472/236 775/471/232
f 786/511/284 783/475/242 781/474/238
f 790/512/245 788/513/286 786/511/284
f 796/514/251 793/482/248 791/481/244
f 802/515/288 799/485/254 797/484/250
f 806/516/257 804/517/290 802/515/288
f 812/518/263 809/492/260 807/491/256
f 818/519/292 815/495/266 813/494/262
f 822/520/269 820/521/294 818/519/292
f 828/522/275 825/502/272 823/501/268
f 901/418/231 903/419/232 902/420/233
f 904/421/234 906/422/235 905/423/236
f 907/424/237 909/425/238 908/426/239
f 910/427/240 912/428/241 911/429/242
f 917/430/243 919/431/244 918/432/245
f 920/433/246 922/434/247 921/435/248
f 923/436/249 925/437/250 924/438/251
f 926/439/252 928/440/253 927/441/254
f 933/442/255 935/443/256 934/444/257
f 936/445/258 938/446/259 937/447/260
f 939/448/261 941/449/262 940/450/263
f 942/451/264 944/452/265 943/453/266
f 949/454/267 951/455/268 950/456/269
f 952/457/270 954/458/271 953/459/272
f 955/460/273 957/461/274 956/462/275
f 958/463/276 960/464/277 959/465/278
f 897/466/279 902/420/233 898/467/280
f 906/422/235 899/468/281 900/469/282
f 906/470/235 903/471/232 905/472/236
f 903/419/232 907/424/237 908/426/239
f 910/427/240 905/423/236 912/428/241
f 912/473/241 909/474/238 911/475/242
f 909/425/238 913/476/301 914/477/298
f 915/478/299 911/429/242 916/479/300
f 913/476/301 918/432/245 914/477/298
f 922/434/247 915/478/299 916/479/300
f 922/480/247 919/481/244 921/482/248
f 917/430/243 924/438/251 919/431/244
f 926/439/252 921/435/248 928/440/253
f 928/483/253 925/484/250 927/485/254
f 925/437/250 929/486/287 930/487/288
f 931/488/289 927/441/254 932/489/290
f 929/486/287 934/444/257 930/487/288
f 938/446/259 931/488/289 932/489/290
f 938/490/259 935/491/256 937/492/260
f 933/442/255 940/450/263 935/443/256
f 942/451/264 937/447/260 944/452/265
f 944/493/265 941/494/262 943/495/266
f 941/449/262 945/496/291 946/497/302
f 947/498/303 943/453/266 948/499/304
f 945/496/291 950/456/269 946/497/302
f 954/458/271 947/498/303 948/499/304
f 954/500/271 951/501/268 953/502/272
f 951/455/268 955/460/273 956/462/275
f 960/464/277 952/457/270 953/459/272
f 960/503/277 957/504/274 959/505/278
f 957/461/274 897/466/279 898/467/280
f 899/468/281 959/465/278 900/469/282
f 945/496/291 923/436/249 901/418/231
f 902/506/233 900/507/282 898/508/280
f 898/509/280 959/505/278 957/504/274
f 920/433/246 942/451/264 899/468/281
f 908/510/239 905/472/236 903/471/232
f 914/511/298 911/475/242 909/474/238
f 918/512/245 916/513/300 914/511/298
f 924/514/251 921/482/248 919/481/244
f 930/515/288 927/485/254 925/484/250
f 934/516/257 932/517/290 930/515/288
f 940/518/263 937/492/260 935/491/256
f 946/519/302 943/495/266 941/494/262
f 950/520/269 948/521/304 946/519/302
f 956/522/275 953/502/272 951/501/268
f 1081/612/65 1083/613/66 1082/98/67
f 1084/614/68 1086/615/69 1085/101/70
f 1087/616/71 1089/103/72 1088/104/73
f 1090/617/74 1092/618/75 1091/107/76
f 1093/619/77 1095/620/78 1094/110/79
f 1096/621/80 1098/622/81 1097/113/82
f 1099/623/83 1101/115/84 1100/116/85
f 1102/624/86 1104/625/87 1103/119/88
f 1105/626/89 1107/627/128 1106/122/91
f 1108/628/92 1110/124/93 1109/629/129
f 1111/630/95 1113/631/130 1112/632/97
f 1114/633/98 1116/634/131 1115/635/132
f 1117/636/101 1119/133/102 1118/637/133
f 1120/638/104 1122/639/134 1121/640/106
f 1123/641/107 1125/642/108 1124/140/109
f 1126/643/110 1128/644/111 1127/143/112
f 1129/645/113 1131/646/114 1130/146/115
f 1132/647/116 1134/648/117 1133/149/118
f 1135/649/119 1137/151/120 1136/152/121
f 1138/650/122 1140/154/123 1139/155/137
f 1081/612/65 1088/104/73 1083/613/66
f 1090/617/74 1085/101/70 1092/618/75
f 1083/651/66 1086/652/69 1082/653/67
f 1092/654/75 1089/655/72 1091/656/76
f 1089/103/72 1093/619/77 1094/110/79
f 1096/621/80 1091/107/76 1098/622/81
f 1098/657/81 1095/658/78 1097/659/82
f 1093/619/77 1100/116/85 1095/620/78
f 1102/624/86 1097/113/82 1104/625/87
f 1104/660/87 1101/661/84 1103/662/88
f 1099/623/83 1106/122/91 1101/115/84
f 1108/628/92 1103/119/88 1110/124/93
f 1110/663/93 1107/664/128 1109/665/129
f 1105/626/89 1112/632/97 1107/627/128
f 1114/633/98 1109/629/129 1116/634/131
f 1116/666/131 1113/667/130 1115/668/132
f 1111/630/95 1118/637/133 1113/631/130
f 1122/639/134 1114/633/98 1115/635/132
f 1122/669/134 1119/670/102 1121/671/106
f 1119/133/102 1123/641/107 1124/140/109
f 1126/643/110 1121/640/106 1128/644/111
f 1128/672/111 1125/673/108 1127/674/112
f 1123/641/107 1130/146/115 1125/642/108
f 1132/647/116 1127/143/112 1134/648/117
f 1134/675/117 1131/676/114 1133/677/118
f 1129/645/113 1136/152/121 1131/646/114
f 1140/154/123 1132/647/116 1133/149/118
f 1140/678/123 1137/679/120 1139/680/137
f 1137/151/120 1081/612/65 1082/98/67
f 1084/614/68 1139/155/137 1086/615/69
f 1123/641/107 1099/623/83 1087/616/71
f 1088/681/73 1085/682/70 1083/683/66
f 1082/653/67 1139/680/137 1137/679/120
f 1108/628/92 1132/647/116 1084/614/68
f 1094/684/79 1091/656/76 1089/655/72
f 1100/685/85 1097/659/82 1095/658/78
f 1106/686/91 1103/662/88 1101/661/84
f 1112/687/97 1109/665/129 1107/664/128
f 1118/688/133 1115/668/132 1113/667/130
f 1124/689/109 1121/671/106 1119/670/102
f 1130/690/115 1127/674/112 1125/673/108
f 1136/691/121 1133/677/118 1131/676/114
f 1197/612/65 1199/613/66 1198/98/67
f 1200/614/68 1202/615/69 1201/101/70
f 1203/616/71 1205/103/72 1204/104/73
f 1206/617/74 1208/618/75 1207/107/76
f 1209/619/77 1211/620/78 1210/110/79
f 1212/621/80 1214/622/81 1213/113/82
f 1215/623/83 1217/115/84 1216/116/85
f 1218/624/86 1220/625/87 1219/119/88
f 1221/626/89 1223/627/128 1222/122/91
f 1224/628/92 1226/124/93 1225/629/129
f 1227/630/95 1229/631/130 1228/632/97
f 1230/633/98 1232/634/131 1231/635/132
f 1233/636/101 1235/133/102 1234/637/133
f 1236/638/104 1238/639/134 1237/640/106
f 1239/641/107 1241/642/108 1240/140/109
f 1242/643/110 1244/644/111 1243/143/112
f 1245/645/113 1247/646/114 1246/146/115
f 1248/647/116 1250/648/117 1249/149/118
f 1251/649/119 1253/151/120 1252/152/121
f 1254/650/122 1256/154/123 1255/155/137
f 1197/612/65 1204/104/73 1199/613/66
f 1206/617/74 1201/101/70 1208/618/75
f 1199/651/66 1202/652/69 1198/653/67
f 1208/654/75 1205/655/72 1207/656/76
f 1205/103/72 1209/619/77 1210/110/79
f 1212/621/80 1207/107/76 1214/622/81
f 1214/657/81 1211/658/78 1213/659/82
f 1209/619/77 1216/116/85 1211/620/78
f 1218/624/86 1213/113/82 1220/625/87
f 1220/660/87 1217/661/84 1219/662/88
f 1215/623/83 1222/122/91 1217/115/84
f 1224/628/92 1219/119/88 1226/124/93
f 1226/663/93 1223/664/128 1225/665/129
f 1223/627/128 1227/630/95 1228/632/97
f 1230/633/98 1225/629/129 1232/634/131
f 1232/666/131 1229/667/130 1231/668/132
f 1227/630/95 1234/637/133 1229/631/130
f 1238/639/134 1230/633/98 1231/635/132
f 1238/669/134 1235/670/102 1237/671/106
f 1233/636/101 1240/140/109 1235/133/102
f 1242/643/110 1237/640/106 1244/644/111
f 1244/672/111 1241/673/108 1243/674/112
f 1239/641/107 1246/146/115 1241/642/108
f 1248/647/116 1243/143/112 1250/648/117
f 1250/675/117 1247/676/114 1249/677/118
f 1247/646/114 1251/649/119 1252/152/121
f 1254/650/122 1249/149/118 1256/154/123
f 1256/678/123 1253/679/120 1255/680/137
f 1251/649/119 1198/98/67 1253/151/120
f 1200/614/68 1255/155/137 1202/615/69
f 1239/641/107 1215/623/83 1203/616/71
f 1204/681/73 1201/682/70 1199/683/66
f 1198/653/67 1255/680/137 1253/679/120
f 1224/628/92 1248/647/116 1200/614/68
f 1210/684/79 1207/656/76 1205/655/72
f 1216/685/85 1213/659/82 1211/658/78
f 1222/686/91 1219/662/88 1217/661/84
f 1228/687/97 1225/665/129 1223/664/128
f 1234/688/133 1231/668/132 1229/667/130
f 1240/689/109 1237/671/106 1235/670/102
f 1246/690/115 1243/674/112 1241/673/108
f 1252/691/121 1249/677/118 1247/676/114
f 1313/612/65 1315/613/66 1314/98/67
f 1316/614/68 1318/615/69 1317/101/70
f 1319/616/71 1321/103/72 1320/104/73
f 1322/617/74 1324/618/75 1323/107/76
f 1325/619/77 1327/620/78 1326/110/79
f 1328/621/80 1330/622/81 1329/113/82
f 1331/623/83 1333/115/84 1332/116/85
f 1334/624/86 1336/625/87 1335/119/88
f 1337/626/89 1339/627/128 1338/122/91
f 1340/628/92 1342/124/93 1341/629/129
f 1343/630/95 1345/631/130 1344/632/97
f 1346/633/98 1348/634/131 1347/635/132
f 1349/636/101 1351/133/102 1350/637/133
f 1352/638/104 1354/639/134 1353/640/106
f 1355/641/107 1357/642/108 1356/140/109
f 1358/643/110 1360/644/111 1359/143/112
f 1361/645/113 1363/646/114 1362/146/115
f 1364/647/116 1366/648/117 1365/149/118
f 1367/649/119 1369/151/120 1368/152/121
f 1370/650/122 1372/154/123 1371/155/137
f 1315/613/66 1319/616/71 1320/104/73
f 1322/617/74 1317/101/70 1324/618/75
f 1315/651/66 1318/652/69 1314/653/67
f 1324/654/75 1321/655/72 1323/656/76
f 1321/103/72 1325/619/77 1326/110/79
f 1328/621/80 1323/107/76 1330/622/81
f 1330/657/81 1327/658/78 1329/659/82
f 1325/619/77 1332/116/85 1327/620/78
f 1334/624/86 1329/113/82 1336/625/87
f 1336/660/87 1333/661/84 1335/662/88
f 1331/623/83 1338/122/91 1333/115/84
f 1342/124/93 1334/624/86 1335/119/88
f 1342/663/93 1339/664/128 1341/665/129
f 1337/626/89 1344/632/97 1339/627/128
f 1348/634/131 1340/628/92 1341/629/129
f 1348/666/131 1345/667/130 1347/668/132
f 1345/631/130 1349/636/101 1350/637/133
f 1352/638/104 1347/635/132 1354/639/134
f 1354/669/134 1351/670/102 1353/671/106
f 1351/133/102 1355/641/107 1356/140/109
f 1358/643/110 1353/640/106 1360/644/111
f 1360/672/111 1357/673/108 1359/674/112
f 1355/641/107 1362/146/115 1357/642/108
f 1364/647/116 1359/143/112 1366/648/117
f 1366/675/117 1363/676/114 1365/677/118
f 1361/645/113 1368/152/121 1363/646/114
f 1372/154/123 1364/647/116 1365/149/118
f 1372/678/123 1369/679/120 1371/680/137
f 1367/649/119 1314/98/67 1369/151/120
f 1318/615/69 1370/650/122 1371/155/137
f 1355/641/107 1331/623/83 1319/616/71
f 1320/681/73 1317/682/70 1315/683/66
f 1314/653/67 1371/680/137 1369/679/120
f 1340/628/92 1364/647/116 1316/614/68
f 1326/684/79 1323/656/76 1321/655/72
f 1332/685/85 1329/659/82 1327/658/78
f 1338/686/91 1335/662/88 1333/661/84
f 1344/687/97 1341/665/129 1339/664/128
f 1350/688/133 1347/668/132 1345/667/130
f 1356/689/109 1353/671/106 1351/670/102
f 1362/690/115 1359/674/112 1357/673/108
f 1368/691/121 1365/677/118 1363/676/114
s 0
f 2345/755/1362 2347/756/1362 2346/757/1362
f 2348/758/1363 2350/759/1363 2349/760/1363
f 2351/761/1364 2353/762/1364 2352/763/1364
f 2354/764/1365 2356/765/1365 2355/787/1365
f 2357/767/1366 2359/768/1366 2358/788/1366
f 2360/770/1367 2362/771/1367 2361/772/1367
f 2363/773/1368 2365/789/1368 2364/790/1368
f 2366/776/1369 2368/777/1369 2367/791/1369
f 2351/761/1370 2347/756/1370 2345/755/1370
f 2347/784/1371 2348/758/1371 2346/779/1371
f 2350/759/1372 2354/764/1372 2349/760/1372
f 2356/765/1373 2353/781/1373 2355/787/1373
f 2363/773/1374 2353/762/1374 2351/761/1374
f 2355/787/1375 2366/776/1375 2354/764/1375
f 2368/777/1376 2365/789/1376 2367/791/1376
f 2358/788/1377 2363/773/1377 2357/767/1377
f 2367/791/1378 2360/770/1378 2366/776/1378
f 2362/771/1379 2359/768/1379 2361/772/1379
f 2345/755/1380 2359/768/1380 2357/767/1380
f 2361/772/1381 2349/783/1381 2360/770/1381
f 2345/755/21 2363/773/21 2351/761/21
f 2352/780/1382 2350/759/1382 2347/784/1382
f 2346/785/1358 2361/772/1358 2359/768/1358
f 2360/770/24 2354/786/24 2366/776/24
f 2364/790/1360 2355/787/1360 2353/781/1360
f 2358/788/1383 2367/791/1383 2365/789/1383
s 1
f 2519/612/65 2521/613/66 2520/98/67
f 2522/614/68 2524/615/69 2523/101/70
f 2525/616/71 2527/103/72 2526/104/73
f 2528/617/74 2530/618/75 2529/107/76
f 2531/619/77 2533/620/78 2532/110/201
f 2534/621/80 2536/622/81 2535/113/82
f 2537/623/83 2539/115/84 2538/116/85
f 2540/624/86 2542/625/87 2541/119/1477
f 2543/626/89 2545/627/128 2544/122/91
f 2546/628/92 2548/124/93 2547/629/129
f 2549/630/95 2551/631/130 2550/632/97
f 2552/633/98 2554/634/131 2553/635/132
f 2555/636/101 2557/133/102 2556/637/133
f 2558/638/104 2560/639/134 2559/640/106
f 2561/641/107 2563/642/108 2562/140/204
f 2564/643/110 2566/644/111 2565/143/112
f 2567/645/113 2569/646/114 2568/146/115
f 2570/647/116 2572/648/117 2571/149/1478
f 2573/649/119 2575/151/120 2574/152/121
f 2576/650/122 2578/154/123 2577/155/137
f 2519/612/65 2526/104/73 2521/613/66
f 2530/618/75 2522/614/68 2523/101/70
f 2521/651/66 2524/652/69 2520/653/67
f 2530/654/75 2527/655/72 2529/656/76
f 2527/103/72 2531/619/77 2532/110/201
f 2534/621/80 2529/107/76 2536/622/81
f 2536/657/81 2533/658/78 2535/659/82
f 2531/619/77 2538/116/85 2533/620/78
f 2540/624/86 2535/113/82 2542/625/87
f 2542/660/87 2539/661/84 2541/662/1477
f 2537/623/83 2544/122/91 2539/115/84
f 2548/124/93 2540/624/86 2541/119/1477
f 2548/663/93 2545/664/128 2547/665/129
f 2545/627/128 2549/630/95 2550/632/97
f 2552/633/98 2547/629/129 2554/634/131
f 2554/666/131 2551/667/130 2553/668/132
f 2551/631/130 2555/636/101 2556/637/133
f 2558/638/104 2553/635/132 2560/639/134
f 2560/669/134 2557/670/102 2559/671/106
f 2557/133/102 2561/641/107 2562/140/204
f 2564/643/110 2559/640/106 2566/644/111
f 2566/672/111 2563/673/108 2565/674/112
f 2561/641/107 2568/146/115 2563/642/108
f 2570/647/116 2565/143/112 2572/648/117
f 2572/675/117 2569/676/114 2571/677/1478
f 2567/645/113 2574/152/121 2569/646/114
f 2578/154/123 2570/647/116 2571/149/1478
f 2578/678/123 2575/679/120 2577/680/137
f 2573/649/119 2520/98/67 2575/151/120
f 2522/614/68 2577/155/137 2524/615/69
f 2561/641/107 2537/623/83 2525/616/71
f 2526/681/73 2523/682/70 2521/683/66
f 2520/653/67 2577/680/137 2575/679/120
f 2546/628/92 2570/647/116 2522/614/68
f 2532/684/201 2529/656/76 2527/655/72
f 2538/685/85 2535/659/82 2533/658/78
f 2544/686/91 2541/662/1477 2539/661/84
f 2550/687/97 2547/665/129 2545/664/128
f 2556/688/133 2553/668/132 2551/667/130
f 2562/689/204 2559/671/106 2557/670/102
f 2568/690/115 2565/674/112 2563/673/108
f 2574/691/121 2571/677/1478 2569/676/114
f 2635/612/65 2637/613/66 2636/98/67
f 2638/614/68 2640/615/69 2639/101/70
f 2641/616/71 2643/103/72 2642/104/73
f 2644/617/74 2646/618/75 2645/107/76
f 2647/619/77 2649/620/78 2648/110/201
f 2650/621/80 2652/622/81 2651/113/82
f 2653/623/83 2655/115/84 2654/116/85
f 2656/624/86 2658/625/87 2657/119/1477
f 2659/626/89 2661/627/128 2660/122/91
f 2662/628/92 2664/124/93 2663/629/129
f 2665/630/95 2667/631/130 2666/632/97
f 2668/633/98 2670/634/131 2669/635/132
f 2671/636/101 2673/133/102 2672/637/133
f 2674/638/104 2676/639/134 2675/640/106
f 2677/641/107 2679/642/108 2678/140/204
f 2680/643/110 2682/644/111 2681/143/112
f 2683/645/113 2685/646/114 2684/146/115
f 2686/647/116 2688/648/117 2687/149/1478
f 2689/649/119 2691/151/120 2690/152/121
f 2692/650/122 2694/154/123 2693/155/137
f 2637/613/66 2641/616/71 2642/104/73
f 2644/617/74 2639/101/70 2646/618/75
f 2637/651/66 2640/652/69 2636/653/67
f 2646/654/75 2643/655/72 2645/656/76
f 2641/616/71 2648/110/201 2643/103/72
f 2650/621/80 2645/107/76 2652/622/81
f 2652/657/81 2649/658/78 2651/659/82
f 2647/619/77 2654/116/85 2649/620/78
f 2656/624/86 2651/113/82 2658/625/87
f 2658/660/87 2655/661/84 2657/662/1477
f 2653/623/83 2660/122/91 2655/115/84
f 2664/124/93 2656/624/86 2657/119/1477
f 2664/663/93 2661/664/128 2663/665/129
f 2661/627/128 2665/630/95 2666/632/97
f 2668/633/98 2663/629/129 2670/634/131
f 2670/666/131 2667/667/130 2669/668/132
f 2665/630/95 2672/637/133 2667/631/130
f 2674/638/104 2669/635/132 2676/639/134
f 2676/669/134 2673/670/102 2675/671/106
f 2673/133/102 2677/641/107 2678/140/204
f 2680/643/110 2675/640/106 2682/644/111
f 2682/672/111 2679/673/108 2681/674/112
f 2677/641/107 2684/146/115 2679/642/108
f 2686/647/116 2681/143/112 2688/648/117
f 2688/675/117 2685/676/114 2687/677/1478
f 2683/645/113 2690/152/121 2685/646/114
f 2694/154/123 2686/647/116 2687/149/1478
f 2694/678/123 2691/679/120 2693/680/137
f 2689/649/119 2636/98/67 2691/151/120
f 2638/614/68 2693/155/137 2640/615/69
f 2677/641/107 2653/623/83 2641/616/71
f 2642/681/73 2639/682/70 2637/683/66
f 2636/653/67 2693/680/137 2691/679/120
f 2662/628/92 2686/647/116 2638/614/68
f 2648/684/201 2645/656/76 2643/655/72
f 2654/685/85 2651/659/82 2649/658/78
f 2660/686/91 2657/662/1477 2655/661/84
f 2666/687/97 2663/665/129 2661/664/128
f 2672/688/133 2669/668/132 2667/667/130
f 2678/689/204 2675/671/106 2673/670/102
f 2684/690/115 2681/674/112 2679/673/108
f 2690/691/121 2687/677/1478 2685/676/114
f 2751/612/65 2753/613/66 2752/98/67
f 2754/614/68 2756/615/69 2755/101/70
f 2757/616/71 2759/103/72 2758/104/73
f 2760/617/74 2762/618/75 2761/107/76
f 2763/619/77 2765/620/78 2764/110/201
f 2766/621/80 2768/622/81 2767/113/82
f 2769/623/83 2771/115/84 2770/116/85
f 2772/624/86 2774/625/87 2773/119/1477
f 2775/626/89 2777/627/128 2776/122/91
f 2778/628/92 2780/124/93 2779/629/129
f 2781/630/95 2783/631/130 2782/632/97
f 2784/633/98 2786/634/131 2785/635/132
f 2787/636/101 2789/133/102 2788/637/133
f 2790/638/104 2792/639/134 2791/640/106
f 2793/641/107 2795/642/108 2794/140/204
f 2796/643/110 2798/644/111 2797/143/112
f 2799/645/113 2801/646/114 2800/146/115
f 2802/647/116 2804/648/117 2803/149/1478
f 2805/649/119 2807/151/120 2806/152/121
f 2808/650/122 2810/154/123 2809/155/137
f 2753/613/66 2757/616/71 2758/104/73
f 2760/617/74 2755/101/70 2762/618/75
f 2753/651/66 2756/652/69 2752/653/67
f 2762/654/75 2759/655/72 2761/656/76
f 2759/103/72 2763/619/77 2764/110/201
f 2766/621/80 2761/107/76 2768/622/81
f 2768/657/81 2765/658/78 2767/659/82
f 2763/619/77 2770/116/85 2765/620/78
f 2772/624/86 2767/113/82 2774/625/87
f 2774/660/87 2771/661/84 2773/662/1477
f 2769/623/83 2776/122/91 2771/115/84
f 2780/124/93 2772/624/86 2773/119/1477
f 2780/663/93 2777/664/128 2779/665/129
f 2775/626/89 2782/632/97 2777/627/128
f 2786/634/131 2778/628/92 2779/629/129
f 2786/666/131 2783/667/130 2785/668/132
f 2783/631/130 2787/636/101 2788/637/133
f 2790/638/104 2785/635/132 2792/639/134
f 2792/669/134 2789/670/102 2791/671/106
f 2789/133/102 2793/641/107 2794/140/204
f 2796/643/110 2791/640/106 2798/644/111
f 2798/672/111 2795/673/108 2797/674/112
f 2793/641/107 2800/146/115 2795/642/108
f 2802/647/116 2797/143/112 2804/648/117
f 2804/675/117 2801/676/114 2803/677/1478
f 2799/645/113 2806/152/121 2801/646/114
f 2810/154/123 2802/647/116 2803/149/1478
f 2810/678/123 2807/679/120 2809/680/137
f 2805/649/119 2752/98/67 2807/151/120
f 2756/615/69 2808/650/122 2809/155/137
f 2793/641/107 2769/623/83 2757/616/71
f 2758/681/73 2755/682/70 2753/683/66
f 2752/653/67 2809/680/137 2807/679/120
f 2778/628/92 2802/647/116 2754/614/68
f 2764/684/201 2761/656/76 2759/655/72
f 2770/685/85 2767/659/82 2765/658/78
f 2776/686/91 2773/662/1477 2771/661/84
f 2782/687/97 2779/665/129 2777/664/128
f 2788/688/133 2785/668/132 2783/667/130
f 2794/689/204 2791/671/106 2789/670/102
f 2800/690/115 2797/674/112 2795/673/108
f 2806/691/121 2803/677/1478 2801/676/114
s 0
f 3783/755/1574 3785/756/1574 3784/757/1574
f 3786/758/1575 3788/759/1575 3787/760/1575
f 3789/761/1576 3791/762/1576 3790/763/1576
f 3792/764/1577 3794/765/1577 3793/787/1577
f 3795/767/1578 3797/768/1578 3796/788/1578
f 3798/770/1579 3800/771/1579 3799/772/1579
f 3801/773/1580 3803/789/1580 3802/775/1580
f 3804/776/1581 3806/777/1581 3805/791/1581
f 3789/761/1582 3785/756/1582 3783/755/1582
f 3785/784/1583 3786/758/1583 3784/779/1583
f 3788/759/1584 3792/764/1584 3787/760/1584
f 3794/765/1585 3791/781/1585 3793/787/1585
f 3802/775/1586 3789/761/1586 3801/773/1586
f 3793/787/1587 3804/776/1587 3792/764/1587
f 3806/777/1588 3803/789/1588 3805/791/1588
f 3796/788/1589 3801/773/1589 3795/767/1589
f 3805/791/1590 3798/770/1590 3804/776/1590
f 3800/771/1591 3797/768/1591 3799/772/1591
f 3784/757/1592 3795/767/1592 3783/755/1592
f 3798/770/1593 3786/782/1593 3787/783/1593
f 3789/761/21 3795/767/21 3801/773/21
f 3790/780/1594 3788/759/1594 3785/784/1594
f 3784/785/1570 3799/772/1570 3797/768/1570
f 3798/770/24 3792/786/24 3804/776/24
f 3802/775/1572 3793/787/1572 3791/781/1572
f 3796/788/1595 3805/791/1595 3803/789/1595
s 1
f 121/96/65 127/102/71 128/104/73
f 130/105/74 124/99/68 125/101/70
f 123/156/66 125/881/70 126/157/69
f 132/159/75 128/186/73 129/160/72
f 127/102/71 133/108/77 134/110/79
f 138/112/81 136/111/80 130/105/74
f 138/162/81 134/189/79 135/163/78
f 133/108/77 139/114/83 140/116/85
f 144/118/87 142/117/86 136/111/80
f 144/165/87 140/190/85 141/166/84
f 139/114/83 145/120/89 146/122/91
f 148/123/92 142/117/86 143/119/88
f 150/168/93 146/191/91 147/169/90
f 145/120/89 151/126/95 152/128/97
f 154/129/98 148/123/92 149/125/94
f 156/171/99 152/192/97 153/172/96
f 151/126/95 157/132/101 158/134/103
f 162/136/105 160/135/104 154/129/98
f 162/174/105 158/193/103 159/175/102
f 157/132/101 163/138/107 164/140/109
f 166/141/110 160/135/104 161/137/106
f 168/177/111 164/194/109 165/178/108
f 165/139/108 163/138/107 169/144/113
f 172/147/116 166/141/110 167/143/112
f 174/180/117 170/195/115 171/181/114
f 171/145/114 169/144/113 175/150/119
f 178/153/122 172/147/116 173/149/118
f 180/183/123 176/196/121 177/184/120
f 177/151/120 175/150/119 121/96/65
f 124/99/68 178/153/122 179/155/124
f 127/102/71 121/96/65 175/150/119
f 175/150/119 169/144/113 163/138/107
f 163/138/107 157/132/101 151/126/95
f 151/126/95 145/120/89 139/114/83
f 139/114/83 133/108/77 127/102/71
f 127/102/71 175/150/119 163/138/107
f 163/138/107 151/126/95 139/114/83
f 128/186/73 132/159/75 125/187/70
f 122/158/67 126/157/69 179/185/124
f 124/99/68 130/105/74 136/111/80
f 136/111/80 142/117/86 148/123/92
f 148/123/92 154/129/98 160/135/104
f 160/135/104 166/141/110 172/147/116
f 172/147/116 178/153/122 124/99/68
f 124/99/68 136/111/80 148/123/92
f 148/123/92 160/135/104 172/147/116
f 134/189/79 138/162/81 131/161/76
f 140/190/85 144/165/87 137/164/82
f 146/191/91 150/168/93 143/167/88
f 152/192/97 156/171/99 149/170/94
f 158/193/103 162/174/105 155/173/100
f 164/194/109 168/177/111 161/176/106
f 170/195/115 174/180/117 167/179/112
f 176/196/121 180/183/123 173/182/118
f 183/97/125 181/96/65 187/102/71
f 190/105/74 184/99/68 185/101/70
f 183/156/125 185/881/70 186/157/69
f 192/159/75 188/186/73 189/160/72
f 187/102/71 193/108/77 194/110/79
f 198/112/81 196/111/80 190/105/74
f 198/162/81 194/189/79 195/163/126
f 193/108/77 199/114/83 200/116/85
f 202/117/86 196/111/80 197/113/82
f 204/165/127 200/190/85 201/166/84
f 201/115/84 199/114/83 205/120/89
f 208/123/92 202/117/86 203/119/88
f 210/168/93 206/191/91 207/169/128
f 205/120/89 211/126/95 212/128/97
f 216/130/131 214/129/98 208/123/92
f 216/171/131 212/192/97 213/172/130
f 211/126/95 217/132/101 218/134/133
f 220/135/104 214/129/98 215/131/132
f 222/174/134 218/193/133 219/175/102
f 219/133/102 217/132/101 223/138/107
f 226/141/110 220/135/104 221/137/106
f 228/177/111 224/194/109 225/178/135
f 223/138/107 229/144/113 230/146/115
f 232/147/116 226/141/110 227/143/112
f 234/180/136 230/195/115 231/181/114
f 231/145/114 229/144/113 235/150/119
f 238/153/122 232/147/116 233/149/118
f 240/183/123 236/196/121 237/184/120
f 235/150/119 181/96/65 182/98/67
f 184/99/68 238/153/122 239/155/137
f 187/102/71 181/96/65 235/150/119
f 235/150/119 229/144/113 223/138/107
f 223/138/107 217/132/101 211/126/95
f 211/126/95 205/120/89 199/114/83
f 199/114/83 193/108/77 187/102/71
f 187/102/71 235/150/119 223/138/107
f 223/138/107 211/126/95 199/114/83
f 188/186/73 192/159/75 185/187/70
f 182/158/67 186/157/69 239/185/137
f 184/99/68 190/105/74 196/111/80
f 196/111/80 202/117/86 208/123/92
f 208/123/92 214/129/98 220/135/104
f 220/135/104 226/141/110 232/147/116
f 232/147/116 238/153/122 184/99/68
f 184/99/68 196/111/80 208/123/92
f 208/123/92 220/135/104 232/147/116
f 194/189/79 198/162/81 191/161/76
f 200/190/85 204/165/127 197/164/82
f 206/191/91 210/168/93 203/167/88
f 212/192/97 216/171/131 209/170/129
f 218/193/133 222/174/134 215/173/132
f 224/194/109 228/177/111 221/176/106
f 230/195/115 234/180/136 227/179/112
f 236/196/121 240/183/123 233/182/118
s 0
f 344/327/146 339/320/146 337/319/146
f 338/343/147 339/348/147 342/323/147
f 342/323/148 348/329/148 346/328/148
f 347/330/149 348/329/149 344/344/149
f 356/339/150 345/326/150 343/325/150
f 347/330/151 360/341/151 358/340/151
f 360/341/152 356/339/152 357/338/152
f 350/333/153 357/338/153 355/337/153
f 359/342/154 354/335/154 352/334/154
f 353/336/155 354/335/155 350/333/155
f 338/321/156 351/332/156 349/331/156
f 352/334/157 353/336/157 340/346/157
f 337/319/158 349/331/158 355/337/158
f 344/344/159 348/329/159 342/323/159
f 338/349/26 340/346/26 353/336/26
f 352/334/160 341/890/160 346/350/160
f 356/339/22 360/341/22 347/330/22
f 350/333/161 354/335/161 359/342/161
s 1
f 481/96/65 487/102/71 488/104/199
f 490/105/74 484/99/68 485/101/70
f 483/156/125 485/881/70 486/157/198
f 492/159/200 488/186/199 489/160/72
f 487/102/71 493/108/77 494/110/201
f 498/112/81 496/111/80 490/105/74
f 498/162/81 494/189/201 495/163/78
f 493/108/77 499/114/83 500/116/85
f 502/117/86 496/111/80 497/113/82
f 504/165/87 500/190/85 501/166/202
f 501/115/202 499/114/83 505/120/89
f 508/123/92 502/117/86 503/119/88
f 510/168/93 506/191/91 507/169/90
f 507/121/90 505/120/89 511/126/95
f 516/130/99 514/129/98 508/123/92
f 516/171/99 512/192/203 513/172/96
f 513/127/96 511/126/95 517/132/101
f 522/136/105 520/135/104 514/129/98
f 522/174/105 518/193/103 519/175/102
f 517/132/101 523/138/107 524/140/204
f 528/142/111 526/141/110 520/135/104
f 528/177/111 524/194/204 525/178/108
f 523/138/107 529/144/113 530/146/115
f 532/147/116 526/141/110 527/143/112
f 534/180/117 530/195/115 531/181/205
f 531/145/205 529/144/113 535/150/119
f 538/153/122 532/147/116 533/149/118
f 540/183/123 536/196/121 537/184/206
f 535/150/119 481/96/65 482/98/197
f 486/100/198 484/99/68 538/153/122
f 487/102/71 481/96/65 535/150/119
f 535/150/119 529/144/113 523/138/107
f 523/138/107 517/132/101 511/126/95
f 511/126/95 505/120/89 499/114/83
f 499/114/83 493/108/77 487/102/71
f 487/102/71 535/150/119 523/138/107
f 523/138/107 511/126/95 499/114/83
f 488/186/199 492/159/200 485/187/70
f 482/158/197 486/157/198 539/185/124
f 484/99/68 490/105/74 496/111/80
f 496/111/80 502/117/86 508/123/92
f 508/123/92 514/129/98 520/135/104
f 520/135/104 526/141/110 532/147/116
f 532/147/116 538/153/122 484/99/68
f 484/99/68 496/111/80 508/123/92
f 508/123/92 520/135/104 532/147/116
f 494/189/201 498/162/81 491/161/76
f 500/190/85 504/165/87 497/164/82
f 506/191/91 510/168/93 503/167/88
f 512/192/203 516/171/99 509/170/94
f 518/193/103 522/174/105 515/173/100
f 524/194/204 528/177/111 521/176/106
f 530/195/115 534/180/117 527/179/112
f 536/196/121 540/183/123 533/182/118
f 541/96/65 547/102/71 548/104/199
f 550/105/74 544/99/68 545/101/70
f 543/156/125 545/881/70 546/157/198
f 552/159/200 548/186/199 549/160/72
f 547/102/71 553/108/77 554/110/79
f 556/111/80 550/105/74 551/107/76
f 558/162/81 554/189/79 555/163/78
f 553/108/77 559/114/83 560/116/85
f 564/118/87 562/117/86 556/111/80
f 564/165/87 560/190/85 561/166/84
f 561/115/84 559/114/83 565/120/89
f 568/123/92 562/117/86 563/119/88
f 570/168/93 566/191/91 567/169/90
f 565/120/89 571/126/95 572/128/97
f 576/130/99 574/129/98 568/123/92
f 576/171/99 572/192/97 573/172/96
f 573/127/96 571/126/95 577/132/101
f 580/135/104 574/129/98 575/131/132
f 582/174/105 578/193/103 579/175/102
f 577/132/101 583/138/107 584/140/109
f 588/142/111 586/141/110 580/135/104
f 588/177/111 584/194/109 585/178/108
f 583/138/107 589/144/113 590/146/115
f 592/147/116 586/141/110 587/143/112
f 594/180/117 590/195/115 591/181/114
f 591/145/114 589/144/113 595/150/119
f 598/153/122 592/147/116 593/149/118
f 600/183/123 596/196/121 597/184/206
f 595/150/119 541/96/65 542/98/197
f 546/100/198 544/99/68 598/153/122
f 547/102/71 541/96/65 595/150/119
f 595/150/119 589/144/113 583/138/107
f 583/138/107 577/132/101 571/126/95
f 571/126/95 565/120/89 559/114/83
f 559/114/83 553/108/77 547/102/71
f 547/102/71 595/150/119 583/138/107
f 583/138/107 571/126/95 559/114/83
f 548/186/199 552/159/200 545/187/70
f 542/158/197 546/157/198 599/185/124
f 544/99/68 550/105/74 556/111/80
f 556/111/80 562/117/86 568/123/92
f 568/123/92 574/129/98 580/135/104
f 580/135/104 586/141/110 592/147/116
f 592/147/116 598/153/122 544/99/68
f 544/99/68 556/111/80 568/123/92
f 568/123/92 580/135/104 592/147/116
f 554/189/79 558/162/81 551/161/76
f 560/190/85 564/165/87 557/164/82
f 566/191/91 570/168/93 563/167/88
f 572/192/97 576/171/99 569/170/94
f 578/193/103 582/174/105 575/173/132
f 584/194/109 588/177/111 581/176/106
f 590/195/115 594/180/117 587/179/112
f 596/196/121 600/183/123 593/182/118
s 0
f 704/327/215 699/320/215 697/319/215
f 698/343/216 699/348/216 702/323/216
f 702/323/217 708/329/217 706/328/217
f 707/330/218 708/329/218 704/344/218
f 715/337/219 716/339/219 705/326/219
f 706/328/220 707/330/220 720/341/220
f 719/342/221 720/341/221 716/339/221
f 710/333/222 717/338/222 715/337/222
f 719/342/223 714/335/223 712/334/223
f 714/335/224 710/333/224 711/332/224
f 697/319/225 698/321/225 711/332/225
f 712/334/226 713/336/226 700/346/226
f 697/319/227 709/331/227 715/337/227
f 704/344/228 708/329/228 702/323/228
f 698/349/22 700/346/22 713/336/22
f 712/334/229 701/890/229 706/350/229
f 716/339/26 720/341/26 707/330/26
f 710/333/230 714/335/230 719/342/230
f 728/364/9 723/357/9 721/356/9
f 723/380/10 726/360/10 724/359/10
f 726/360/11 732/366/11 730/365/11
f 732/366/12 728/384/12 729/382/12
f 740/376/13 729/363/13 727/362/13
f 731/367/14 744/378/14 742/377/14
f 744/378/15 740/376/15 741/375/15
f 734/370/16 741/375/16 739/374/16
f 743/379/17 738/372/17 736/371/17
f 738/372/18 734/370/18 735/369/18
f 722/358/19 735/369/19 733/368/19
f 737/373/20 724/891/20 725/383/20
f 721/356/21 733/368/21 739/374/21
f 728/384/22 732/366/22 726/360/22
f 722/385/23 724/891/23 737/373/23
f 736/371/24 725/892/24 730/386/24
f 740/376/25 744/378/25 731/367/25
f 734/370/26 738/372/26 743/379/26
s 1
f 769/466/279 773/418/231 774/420/233
f 778/422/235 776/421/234 771/468/281
f 778/470/235 774/506/233 775/471/232
f 775/419/232 773/418/231 779/424/237
f 784/428/241 782/427/240 776/421/234
f 784/473/241 780/510/239 781/474/238
f 781/425/238 779/424/237 785/476/283
f 787/478/285 782/427/240 783/429/242
f 785/476/283 789/430/243 790/432/245
f 794/434/247 792/433/246 787/478/285
f 794/480/247 790/512/245 791/481/244
f 789/430/243 795/436/249 796/438/251
f 800/440/253 798/439/252 792/433/246
f 800/483/253 796/514/251 797/484/250
f 797/437/250 795/436/249 801/486/287
f 803/488/289 798/439/252 799/441/254
f 801/486/287 805/442/255 806/444/257
f 810/446/259 808/445/258 803/488/289
f 810/490/259 806/516/257 807/491/256
f 805/442/255 811/448/261 812/450/263
f 814/451/264 808/445/258 809/447/260
f 816/493/265 812/518/263 813/494/262
f 813/449/262 811/448/261 817/496/291
f 819/498/293 814/451/264 815/453/266
f 817/496/291 821/454/267 822/456/269
f 826/458/271 824/457/270 819/498/293
f 826/500/271 822/520/269 823/501/268
f 823/455/268 821/454/267 827/460/273
f 832/464/277 830/463/276 824/457/270
f 832/503/277 828/522/275 829/504/274
f 829/461/274 827/460/273 769/466/279
f 771/468/281 830/463/276 831/465/278
f 773/418/231 769/466/279 827/460/273
f 827/460/273 821/454/267 817/496/291
f 817/496/291 811/448/261 805/442/255
f 805/442/255 801/486/287 795/436/249
f 795/436/249 789/430/243 785/476/283
f 785/476/283 779/424/237 773/418/231
f 773/418/231 827/460/273 817/496/291
f 817/496/291 805/442/255 795/436/249
f 795/436/249 785/476/283 773/418/231
f 774/506/233 778/470/235 772/507/282
f 770/509/280 772/895/282 831/505/278
f 771/468/281 776/421/234 782/427/240
f 782/427/240 787/478/285 792/433/246
f 792/433/246 798/439/252 803/488/289
f 803/488/289 808/445/258 814/451/264
f 814/451/264 819/498/293 824/457/270
f 824/457/270 830/463/276 771/468/281
f 771/468/281 782/427/240 792/433/246
f 792/433/246 803/488/289 814/451/264
f 814/451/264 824/457/270 771/468/281
f 780/510/239 784/473/241 777/472/236
f 786/511/284 788/513/286 783/475/242
f 790/512/245 794/480/247 788/513/286
f 796/514/251 800/483/253 793/482/248
f 802/515/288 804/517/290 799/485/254
f 806/516/257 810/490/259 804/517/290
f 812/518/263 816/493/265 809/492/260
f 818/519/292 820/521/294 815/495/266
f 822/520/269 826/500/271 820/521/294
f 828/522/275 832/503/277 825/502/272
f 897/466/279 901/418/231 902/420/233
f 906/422/235 904/421/234 899/468/281
f 906/470/235 902/506/233 903/471/232
f 903/419/232 901/418/231 907/424/237
f 910/427/240 904/421/234 905/423/236
f 912/473/241 908/510/239 909/474/238
f 909/425/238 907/424/237 913/476/301
f 915/478/299 910/427/240 911/429/242
f 913/476/301 917/430/243 918/432/245
f 922/434/247 920/433/246 915/478/299
f 922/480/247 918/512/245 919/481/244
f 917/430/243 923/436/249 924/438/251
f 926/439/252 920/433/246 921/435/248
f 928/483/253 924/514/251 925/484/250
f 925/437/250 923/436/249 929/486/287
f 931/488/289 926/439/252 927/441/254
f 929/486/287 933/442/255 934/444/257
f 938/446/259 936/445/258 931/488/289
f 938/490/259 934/516/257 935/491/256
f 933/442/255 939/448/261 940/450/263
f 942/451/264 936/445/258 937/447/260
f 944/493/265 940/518/263 941/494/262
f 941/449/262 939/448/261 945/496/291
f 947/498/303 942/451/264 943/453/266
f 945/496/291 949/454/267 950/456/269
f 954/458/271 952/457/270 947/498/303
f 954/500/271 950/520/269 951/501/268
f 951/455/268 949/454/267 955/460/273
f 960/464/277 958/463/276 952/457/270
f 960/503/277 956/522/275 957/504/274
f 957/461/274 955/460/273 897/466/279
f 899/468/281 958/463/276 959/465/278
f 901/418/231 897/466/279 955/460/273
f 955/460/273 949/454/267 945/496/291
f 945/496/291 939/448/261 933/442/255
f 933/442/255 929/486/287 923/436/249
f 923/436/249 917/430/243 913/476/301
f 913/476/301 907/424/237 901/418/231
f 901/418/231 955/460/273 945/496/291
f 945/496/291 933/442/255 923/436/249
f 923/436/249 913/476/301 901/418/231
f 902/506/233 906/470/235 900/507/282
f 898/509/280 900/895/282 959/505/278
f 899/468/281 904/421/234 910/427/240
f 910/427/240 915/478/299 920/433/246
f 920/433/246 926/439/252 931/488/289
f 931/488/289 936/445/258 942/451/264
f 942/451/264 947/498/303 952/457/270
f 952/457/270 958/463/276 899/468/281
f 899/468/281 910/427/240 920/433/246
f 920/433/246 931/488/289 942/451/264
f 942/451/264 952/457/270 899/468/281
f 908/510/239 912/473/241 905/472/236
f 914/511/298 916/513/300 911/475/242
f 918/512/245 922/480/247 916/513/300
f 924/514/251 928/483/253 921/482/248
f 930/515/288 932/517/290 927/485/254
f 934/516/257 938/490/259 932/517/290
f 940/518/263 944/493/265 937/492/260
f 946/519/302 948/521/304 943/495/266
f 950/520/269 954/500/271 948/521/304
f 956/522/275 960/503/277 953/502/272
f 1081/612/65 1087/616/71 1088/104/73
f 1090/617/74 1084/614/68 1085/101/70
f 1083/651/66 1085/897/70 1086/652/69
f 1092/654/75 1088/681/73 1089/655/72
f 1089/103/72 1087/616/71 1093/619/77
f 1096/621/80 1090/617/74 1091/107/76
f 1098/657/81 1094/684/79 1095/658/78
f 1093/619/77 1099/623/83 1100/116/85
f 1102/624/86 1096/621/80 1097/113/82
f 1104/660/87 1100/685/85 1101/661/84
f 1099/623/83 1105/626/89 1106/122/91
f 1108/628/92 1102/624/86 1103/119/88
f 1110/663/93 1106/686/91 1107/664/128
f 1105/626/89 1111/630/95 1112/632/97
f 1114/633/98 1108/628/92 1109/629/129
f 1116/666/131 1112/687/97 1113/667/130
f 1111/630/95 1117/636/101 1118/637/133
f 1122/639/134 1120/638/104 1114/633/98
f 1122/669/134 1118/688/133 1119/670/102
f 1119/133/102 1117/636/101 1123/641/107
f 1126/643/110 1120/638/104 1121/640/106
f 1128/672/111 1124/689/109 1125/673/108
f 1123/641/107 1129/645/113 1130/146/115
f 1132/647/116 1126/643/110 1127/143/112
f 1134/675/117 1130/690/115 1131/676/114
f 1129/645/113 1135/649/119 1136/152/121
f 1140/154/123 1138/650/122 1132/647/116
f 1140/678/123 1136/691/121 1137/679/120
f 1137/151/120 1135/649/119 1081/612/65
f 1084/614/68 1138/650/122 1139/155/137
f 1087/616/71 1081/612/65 1135/649/119
f 1135/649/119 1129/645/113 1123/641/107
f 1123/641/107 1117/636/101 1111/630/95
f 1111/630/95 1105/626/89 1099/623/83
f 1099/623/83 1093/619/77 1087/616/71
f 1087/616/71 1135/649/119 1123/641/107
f 1123/641/107 1111/630/95 1099/623/83
f 1088/681/73 1092/654/75 1085/682/70
f 1082/653/67 1086/652/69 1139/680/137
f 1084/614/68 1090/617/74 1096/621/80
f 1096/621/80 1102/624/86 1108/628/92
f 1108/628/92 1114/633/98 1120/638/104
f 1120/638/104 1126/643/110 1132/647/116
f 1132/647/116 1138/650/122 1084/614/68
f 1084/614/68 1096/621/80 1108/628/92
f 1108/628/92 1120/638/104 1132/647/116
f 1094/684/79 1098/657/81 1091/656/76
f 1100/685/85 1104/660/87 1097/659/82
f 1106/686/91 1110/663/93 1103/662/88
f 1112/687/97 1116/666/131 1109/665/129
f 1118/688/133 1122/669/134 1115/668/132
f 1124/689/109 1128/672/111 1121/671/106
f 1130/690/115 1134/675/117 1127/674/112
f 1136/691/121 1140/678/123 1133/677/118
f 1197/612/65 1203/616/71 1204/104/73
f 1206/617/74 1200/614/68 1201/101/70
f 1199/651/66 1201/897/70 1202/652/69
f 1208/654/75 1204/681/73 1205/655/72
f 1205/103/72 1203/616/71 1209/619/77
f 1212/621/80 1206/617/74 1207/107/76
f 1214/657/81 1210/684/79 1211/658/78
f 1209/619/77 1215/623/83 1216/116/85
f 1218/624/86 1212/621/80 1213/113/82
f 1220/660/87 1216/685/85 1217/661/84
f 1215/623/83 1221/626/89 1222/122/91
f 1224/628/92 1218/624/86 1219/119/88
f 1226/663/93 1222/686/91 1223/664/128
f 1223/627/128 1221/626/89 1227/630/95
f 1230/633/98 1224/628/92 1225/629/129
f 1232/666/131 1228/687/97 1229/667/130
f 1227/630/95 1233/636/101 1234/637/133
f 1238/639/134 1236/638/104 1230/633/98
f 1238/669/134 1234/688/133 1235/670/102
f 1233/636/101 1239/641/107 1240/140/109
f 1242/643/110 1236/638/104 1237/640/106
f 1244/672/111 1240/689/109 1241/673/108
f 1239/641/107 1245/645/113 1246/146/115
f 1248/647/116 1242/643/110 1243/143/112
f 1250/675/117 1246/690/115 1247/676/114
f 1247/646/114 1245/645/113 1251/649/119
f 1254/650/122 1248/647/116 1249/149/118
f 1256/678/123 1252/691/121 1253/679/120
f 1251/649/119 1197/612/65 1198/98/67
f 1200/614/68 1254/650/122 1255/155/137
f 1203/616/71 1197/612/65 1251/649/119
f 1251/649/119 1245/645/113 1239/641/107
f 1239/641/107 1233/636/101 1227/630/95
f 1227/630/95 1221/626/89 1215/623/83
f 1215/623/83 1209/619/77 1203/616/71
f 1203/616/71 1251/649/119 1239/641/107
f 1239/641/107 1227/630/95 1215/623/83
f 1204/681/73 1208/654/75 1201/682/70
f 1198/653/67 1202/652/69 1255/680/137
f 1200/614/68 1206/617/74 1212/621/80
f 1212/621/80 1218/624/86 1224/628/92
f 1224/628/92 1230/633/98 1236/638/104
f 1236/638/104 1242/643/110 1248/647/116
f 1248/647/116 1254/650/122 1200/614/68
f 1200/614/68 1212/621/80 1224/628/92
f 1224/628/92 1236/638/104 1248/647/116
f 1210/684/79 1214/657/81 1207/656/76
f 1216/685/85 1220/660/87 1213/659/82
f 1222/686/91 1226/663/93 1219/662/88
f 1228/687/97 1232/666/131 1225/665/129
f 1234/688/133 1238/669/134 1231/668/132
f 1240/689/109 1244/672/111 1237/671/106
f 1246/690/115 1250/675/117 1243/674/112
f 1252/691/121 1256/678/123 1249/677/118
f 1315/613/66 1313/612/65 1319/616/71
f 1322/617/74 1316/614/68 1317/101/70
f 1315/651/66 1317/897/70 1318/652/69
f 1324/654/75 1320/681/73 1321/655/72
f 1321/103/72 1319/616/71 1325/619/77
f 1328/621/80 1322/617/74 1323/107/76
f 1330/657/81 1326/684/79 1327/658/78
f 1325/619/77 1331/623/83 1332/116/85
f 1334/624/86 1328/621/80 1329/113/82
f 1336/660/87 1332/685/85 1333/661/84
f 1331/623/83 1337/626/89 1338/122/91
f 1342/124/93 1340/628/92 1334/624/86
f 1342/663/93 1338/686/91 1339/664/128
f 1337/626/89 1343/630/95 1344/632/97
f 1348/634/131 1346/633/98 1340/628/92
f 1348/666/131 1344/687/97 1345/667/130
f 1345/631/130 1343/630/95 1349/636/101
f 1352/638/104 1346/633/98 1347/635/132
f 1354/669/134 1350/688/133 1351/670/102
f 1351/133/102 1349/636/101 1355/641/107
f 1358/643/110 1352/638/104 1353/640/106
f 1360/672/111 1356/689/109 1357/673/108
f 1355/641/107 1361/645/113 1362/146/115
f 1364/647/116 1358/643/110 1359/143/112
f 1366/675/117 1362/690/115 1363/676/114
f 1361/645/113 1367/649/119 1368/152/121
f 1372/154/123 1370/650/122 1364/647/116
f 1372/678/123 1368/691/121 1369/679/120
f 1367/649/119 1313/612/65 1314/98/67
f 1318/615/69 1316/614/68 1370/650/122
f 1319/616/71 1313/612/65 1367/649/119
f 1367/649/119 1361/645/113 1355/641/107
f 1355/641/107 1349/636/101 1343/630/95
f 1343/630/95 1337/626/89 1331/623/83
f 1331/623/83 1325/619/77 1319/616/71
f 1319/616/71 1367/649/119 1355/641/107
f 1355/641/107 1343/630/95 1331/623/83
f 1320/681/73 1324/654/75 1317/682/70
f 1314/653/67 1318/652/69 1371/680/137
f 1316/614/68 1322/617/74 1328/621/80
f 1328/621/80 1334/624/86 1340/628/92
f 1340/628/92 1346/633/98 1352/638/104
f 1352/638/104 1358/643/110 1364/647/116
f 1364/647/116 1370/650/122 1316/614/68
f 1316/614/68 1328/621/80 1340/628/92
f 1340/628/92 1352/638/104 1364/647/116
f 1326/684/79 1330/657/81 1323/656/76
f 1332/685/85 1336/660/87 1329/659/82
f 1338/686/91 1342/663/93 1335/662/88
f 1344/687/97 1348/666/131 1341/665/129
f 1350/688/133 1354/669/134 1347/668/132
f 1356/689/109 1360/672/111 1353/671/106
f 1362/690/115 1366/675/117 1359/674/112
f 1368/691/121 1372/678/123 1365/677/118
s 0
f 2351/761/1370 2352/763/1370 2347/756/1370
f 2347/784/1371 2350/759/1371 2348/758/1371
f 2350/759/1372 2356/765/1372 2354/764/1372
f 2356/765/1373 2352/780/1373 2353/781/1373
f 2363/773/1374 2364/790/1374 2353/762/1374
f 2355/787/1375 2368/777/1375 2366/776/1375
f 2368/777/1376 2364/790/1376 2365/789/1376
f 2358/788/1377 2365/789/1377 2363/773/1377
f 2367/791/1378 2362/771/1378 2360/770/1378
f 2362/771/1379 2358/788/1379 2359/768/1379
f 2345/755/1380 2346/757/1380 2359/768/1380
f 2361/772/1381 2348/782/1381 2349/783/1381
f 2345/755/21 2357/767/21 2363/773/21
f 2352/780/1382 2356/765/1382 2350/759/1382
f 2346/785/1358 2348/782/1358 2361/772/1358
f 2360/770/24 2349/874/24 2354/786/24
f 2364/790/1360 2368/777/1360 2355/787/1360
f 2358/788/1383 2362/771/1383 2367/791/1383
s 1
f 2519/612/65 2525/616/71 2526/104/73
f 2530/618/75 2528/617/74 2522/614/68
f 2521/651/66 2523/897/70 2524/652/69
f 2530/654/75 2526/681/73 2527/655/72
f 2527/103/72 2525/616/71 2531/619/77
f 2534/621/80 2528/617/74 2529/107/76
f 2536/657/81 2532/684/201 2533/658/78
f 2531/619/77 2537/623/83 2538/116/85
f 2540/624/86 2534/621/80 2535/113/82
f 2542/660/87 2538/685/85 2539/661/84
f 2537/623/83 2543/626/89 2544/122/91
f 2548/124/93 2546/628/92 2540/624/86
f 2548/663/93 2544/686/91 2545/664/128
f 2545/627/128 2543/626/89 2549/630/95
f 2552/633/98 2546/628/92 2547/629/129
f 2554/666/131 2550/687/97 2551/667/130
f 2551/631/130 2549/630/95 2555/636/101
f 2558/638/104 2552/633/98 2553/635/132
f 2560/669/134 2556/688/133 2557/670/102
f 2557/133/102 2555/636/101 2561/641/107
f 2564/643/110 2558/638/104 2559/640/106
f 2566/672/111 2562/689/204 2563/673/108
f 2561/641/107 2567/645/113 2568/146/115
f 2570/647/116 2564/643/110 2565/143/112
f 2572/675/117 2568/690/115 2569/676/114
f 2567/645/113 2573/649/119 2574/152/121
f 2578/154/123 2576/650/122 2570/647/116
f 2578/678/123 2574/691/121 2575/679/120
f 2573/649/119 2519/612/65 2520/98/67
f 2522/614/68 2576/650/122 2577/155/137
f 2525/616/71 2519/612/65 2573/649/119
f 2573/649/119 2567/645/113 2561/641/107
f 2561/641/107 2555/636/101 2549/630/95
f 2549/630/95 2543/626/89 2537/623/83
f 2537/623/83 2531/619/77 2525/616/71
f 2525/616/71 2573/649/119 2561/641/107
f 2561/641/107 2549/630/95 2537/623/83
f 2526/681/73 2530/654/75 2523/682/70
f 2520/653/67 2524/652/69 2577/680/137
f 2522/614/68 2528/617/74 2534/621/80
f 2534/621/80 2540/624/86 2546/628/92
f 2546/628/92 2552/633/98 2558/638/104
f 2558/638/104 2564/643/110 2570/647/116
f 2570/647/116 2576/650/122 2522/614/68
f 2522/614/68 2534/621/80 2546/628/92
f 2546/628/92 2558/638/104 2570/647/116
f 2532/684/201 2536/657/81 2529/656/76
f 2538/685/85 2542/660/87 2535/659/82
f 2544/686/91 2548/663/93 2541/662/1477
f 2550/687/97 2554/666/131 2547/665/129
f 2556/688/133 2560/669/134 2553/668/132
f 2562/689/204 2566/672/111 2559/671/106
f 2568/690/115 2572/675/117 2565/674/112
f 2574/691/121 2578/678/123 2571/677/1478
f 2637/613/66 2635/612/65 2641/616/71
f 2644/617/74 2638/614/68 2639/101/70
f 2637/651/66 2639/897/70 2640/652/69
f 2646/654/75 2642/681/73 2643/655/72
f 2641/616/71 2647/619/77 2648/110/201
f 2650/621/80 2644/617/74 2645/107/76
f 2652/657/81 2648/684/201 2649/658/78
f 2647/619/77 2653/623/83 2654/116/85
f 2656/624/86 2650/621/80 2651/113/82
f 2658/660/87 2654/685/85 2655/661/84
f 2653/623/83 2659/626/89 2660/122/91
f 2664/124/93 2662/628/92 2656/624/86
f 2664/663/93 2660/686/91 2661/664/128
f 2661/627/128 2659/626/89 2665/630/95
f 2668/633/98 2662/628/92 2663/629/129
f 2670/666/131 2666/687/97 2667/667/130
f 2665/630/95 2671/636/101 2672/637/133
f 2674/638/104 2668/633/98 2669/635/132
f 2676/669/134 2672/688/133 2673/670/102
f 2673/133/102 2671/636/101 2677/641/107
f 2680/643/110 2674/638/104 2675/640/106
f 2682/672/111 2678/689/204 2679/673/108
f 2677/641/107 2683/645/113 2684/146/115
f 2686/647/116 2680/643/110 2681/143/112
f 2688/675/117 2684/690/115 2685/676/114
f 2683/645/113 2689/649/119 2690/152/121
f 2694/154/123 2692/650/122 2686/647/116
f 2694/678/123 2690/691/121 2691/679/120
f 2689/649/119 2635/612/65 2636/98/67
f 2638/614/68 2692/650/122 2693/155/137
f 2641/616/71 2635/612/65 2689/649/119
f 2689/649/119 2683/645/113 2677/641/107
f 2677/641/107 2671/636/101 2665/630/95
f 2665/630/95 2659/626/89 2653/623/83
f 2653/623/83 2647/619/77 2641/616/71
f 2641/616/71 2689/649/119 2677/641/107
f 2677/641/107 2665/630/95 2653/623/83
f 2642/681/73 2646/654/75 2639/682/70
f 2636/653/67 2640/652/69 2693/680/137
f 2638/614/68 2644/617/74 2650/621/80
f 2650/621/80 2656/624/86 2662/628/92
f 2662/628/92 2668/633/98 2674/638/104
f 2674/638/104 2680/643/110 2686/647/116
f 2686/647/116 2692/650/122 2638/614/68
f 2638/614/68 2650/621/80 2662/628/92
f 2662/628/92 2674/638/104 2686/647/116
f 2648/684/201 2652/657/81 2645/656/76
f 2654/685/85 2658/660/87 2651/659/82
f 2660/686/91 2664/663/93 2657/662/1477
f 2666/687/97 2670/666/131 2663/665/129
f 2672/688/133 2676/669/134 2669/668/132
f 2678/689/204 2682/672/111 2675/671/106
f 2684/690/115 2688/675/117 2681/674/112
f 2690/691/121 2694/678/123 2687/677/1478
f 2753/613/66 2751/612/65 2757/616/71
f 2760/617/74 2754/614/68 2755/101/70
f 2753/651/66 2755/897/70 2756/652/69
f 2762/654/75 2758/681/73 2759/655/72
f 2759/103/72 2757/616/71 2763/619/77
f 2766/621/80 2760/617/74 2761/107/76
f 2768/657/81 2764/684/201 2765/658/78
f 2763/619/77 2769/623/83 2770/116/85
f 2772/624/86 2766/621/80 2767/113/82
f 2774/660/87 2770/685/85 2771/661/84
f 2769/623/83 2775/626/89 2776/122/91
f 2780/124/93 2778/628/92 2772/624/86
f 2780/663/93 2776/686/91 2777/664/128
f 2775/626/89 2781/630/95 2782/632/97
f 2786/634/131 2784/633/98 2778/628/92
f 2786/666/131 2782/687/97 2783/667/130
f 2783/631/130 2781/630/95 2787/636/101
f 2790/638/104 2784/633/98 2785/635/132
f 2792/669/134 2788/688/133 2789/670/102
f 2789/133/102 2787/636/101 2793/641/107
f 2796/643/110 2790/638/104 2791/640/106
f 2798/672/111 2794/689/204 2795/673/108
f 2793/641/107 2799/645/113 2800/146/115
f 2802/647/116 2796/643/110 2797/143/112
f 2804/675/117 2800/690/115 2801/676/114
f 2799/645/113 2805/649/119 2806/152/121
f 2810/154/123 2808/650/122 2802/647/116
f 2810/678/123 2806/691/121 2807/679/120
f 2805/649/119 2751/612/65 2752/98/67
f 2756/615/69 2754/614/68 2808/650/122
f 2757/616/71 2751/612/65 2805/649/119
f 2805/649/119 2799/645/113 2793/641/107
f 2793/641/107 2787/636/101 2781/630/95
f 2781/630/95 2775/626/89 2769/623/83
f 2769/623/83 2763/619/77 2757/616/71
f 2757/616/71 2805/649/119 2793/641/107
f 2793/641/107 2781/630/95 2769/623/83
f 2758/681/73 2762/654/75 2755/682/70
f 2752/653/67 2756/652/69 2809/680/137
f 2754/614/68 2760/617/74 2766/621/80
f 2766/621/80 2772/624/86 2778/628/92
f 2778/628/92 2784/633/98 2790/638/104
f 2790/638/104 2796/643/110 2802/647/116
f 2802/647/116 2808/650/122 2754/614/68
f 2754/614/68 2766/621/80 2778/628/92
f 2778/628/92 2790/638/104 2802/647/116
f 2764/684/201 2768/657/81 2761/656/76
f 2770/685/85 2774/660/87 2767/659/82
f 2776/686/91 2780/663/93 2773/662/1477
f 2782/687/97 2786/666/131 2779/665/129
f 2788/688/133 2792/669/134 2785/668/132
f 2794/689/204 2798/672/111 2791/671/106
f 2800/690/115 2804/675/117 2797/674/112
f 2806/691/121 2810/678/123 2803/677/1478
s 0
f 3789/761/1582 3790/763/1582 3785/756/1582
f 3785/784/1583 3788/759/1583 3786/758/1583
f 3788/759/1584 3794/765/1584 3792/764/1584
f 3794/765/1585 3790/780/1585 3791/781/1585
f 3802/775/1586 3791/762/1586 3789/761/1586
f 3793/787/1587 3806/777/1587 3804/776/1587
f 3806/777/1588 3802/775/1588 3803/789/1588
f 3796/788/1589 3803/789/1589 3801/773/1589
f 3805/791/1590 3800/771/1590 3798/770/1590
f 3800/771/1591 3796/788/1591 3797/768/1591
f 3784/757/1592 3797/768/1592 3795/767/1592
f 3798/770/1593 3799/772/1593 3786/782/1593
f 3789/761/21 3783/755/21 3795/767/21
f 3790/780/1594 3794/765/1594 3788/759/1594
f 3784/785/1570 3786/782/1570 3799/772/1570
f 3798/770/24 3787/874/24 3792/786/24
f 3802/775/1572 3806/777/1572 3793/787/1572
f 3796/788/1595 3800/771/1595 3805/791/1595
usemtl TealPaint
f 241/197/1 243/198/1 242/199/1
f 244/200/2 246/201/2 245/202/2
f 247/203/3 249/204/3 248/205/3
f 250/206/4 252/207/4 251/208/4
f 253/209/5 255/210/5 254/211/5
f 256/212/6 258/213/6 257/214/6
f 259/215/7 261/216/7 260/217/7
f 262/218/8 264/219/8 263/220/8
f 248/205/9 241/197/9 247/203/9
f 243/221/10 244/200/10 242/222/10
f 246/201/11 250/206/11 245/202/11
f 252/207/12 249/223/12 251/208/12
f 260/217/13 247/203/13 259/215/13
f 251/208/14 262/218/14 250/206/14
f 264/219/15 261/216/15 263/220/15
f 254/211/16 259/215/16 253/209/16
f 263/220/17 256/212/17 262/218/17
f 258/213/18 255/210/18 257/214/18
f 242/199/19 253/209/19 241/197/19
f 257/214/20 245/224/20 256/212/20
f 241/197/21 259/215/21 247/203/21
f 248/225/22 246/201/22 243/221/22
f 242/226/23 257/214/23 255/210/23
f 256/212/24 250/227/24 262/218/24
f 260/217/25 251/208/25 249/223/25
f 254/211/26 263/220/26 261/216/26
f 601/197/1 603/198/1 602/199/1
f 604/200/2 606/201/2 605/202/2
f 607/203/3 609/204/3 608/205/3
f 610/206/4 612/207/4 611/208/4
f 613/209/5 615/210/5 614/211/5
f 616/212/6 618/213/6 617/214/6
f 619/215/7 621/216/7 620/217/7
f 622/218/8 624/219/8 623/220/8
f 608/205/9 601/197/9 607/203/9
f 603/221/10 604/200/10 602/222/10
f 606/201/11 610/206/11 605/202/11
f 612/207/12 609/223/12 611/208/12
f 620/217/13 607/203/13 619/215/13
f 611/208/14 622/218/14 610/206/14
f 624/219/15 621/216/15 623/220/15
f 614/211/16 619/215/16 613/209/16
f 623/220/17 616/212/17 622/218/17
f 618/213/18 615/210/18 617/214/18
f 602/199/19 613/209/19 601/197/19
f 617/214/20 605/224/20 616/212/20
f 601/197/21 619/215/21 607/203/21
f 608/225/22 606/201/22 603/221/22
f 602/226/23 617/214/23 615/210/23
f 616/212/24 610/227/24 622/218/24
f 620/217/25 611/208/25 609/223/25
f 614/211/26 623/220/26 621/216/26
s 1
f 837/418/231 839/419/232 838/420/233
f 840/421/234 842/422/235 841/423/236
f 843/424/295 845/425/238 844/426/239
f 846/427/240 848/428/241 847/429/242
f 853/430/243 855/431/244 854/432/245
f 856/433/296 858/434/247 857/435/248
f 859/436/249 861/437/250 860/438/251
f 862/439/252 864/440/253 863/441/254
f 869/442/255 871/443/256 870/444/257
f 872/445/258 874/446/259 873/447/260
f 875/448/261 877/449/262 876/450/263
f 878/451/297 880/452/265 879/453/266
f 885/454/267 887/455/268 886/456/269
f 888/457/270 890/458/271 889/459/272
f 891/460/273 893/461/274 892/462/275
f 894/463/276 896/464/277 895/465/278
f 833/466/279 838/420/233 834/467/280
f 842/422/235 835/468/281 836/469/282
f 842/470/235 839/471/232 841/472/236
f 839/419/232 843/424/295 844/426/239
f 846/427/240 841/423/236 848/428/241
f 848/473/241 845/474/238 847/475/242
f 845/425/238 849/476/283 850/477/298
f 851/478/299 847/429/242 852/479/300
f 849/476/283 854/432/245 850/477/298
f 858/434/247 851/478/299 852/479/300
f 858/480/247 855/481/244 857/482/248
f 853/430/243 860/438/251 855/431/244
f 864/440/253 856/433/296 857/435/248
f 864/483/253 861/484/250 863/485/254
f 861/437/250 865/486/287 866/487/288
f 867/488/289 863/441/254 868/489/290
f 865/486/287 870/444/257 866/487/288
f 874/446/259 867/488/289 868/489/290
f 874/490/259 871/491/256 873/492/260
f 871/443/256 875/448/261 876/450/263
f 878/451/297 873/447/260 880/452/265
f 880/493/265 877/494/262 879/495/266
f 877/449/262 881/496/291 882/497/292
f 883/498/293 879/453/266 884/499/294
f 881/496/291 886/456/269 882/497/292
f 890/458/271 883/498/293 884/499/294
f 890/500/271 887/501/268 889/502/272
f 885/454/267 892/462/275 887/455/268
f 896/464/277 888/457/270 889/459/272
f 896/503/277 893/504/274 895/505/278
f 893/461/274 833/466/279 834/467/280
f 835/468/281 895/465/278 836/469/282
f 881/496/291 859/436/249 837/418/231
f 838/506/233 836/507/282 834/508/280
f 834/509/280 895/505/278 893/504/274
f 856/433/296 878/451/297 835/468/281
f 844/510/239 841/472/236 839/471/232
f 850/511/298 847/475/242 845/474/238
f 854/512/245 852/513/300 850/511/298
f 860/514/251 857/482/248 855/481/244
f 866/515/288 863/485/254 861/484/250
f 870/516/257 868/517/290 866/515/288
f 876/518/263 873/492/260 871/491/256
f 882/519/292 879/495/266 877/494/262
f 886/520/269 884/521/294 882/519/292
f 892/522/275 889/502/272 887/501/268
f 1025/523/305 1027/524/306 1026/525/307
f 1028/526/308 1030/527/309 1029/528/310
f 1039/529/311 1041/530/312 1040/531/313
f 1042/532/314 1044/533/315 1043/534/316
f 1053/535/317 1055/536/318 1054/537/319
f 1056/538/320 1058/539/321 1057/540/322
f 1067/541/323 1069/542/324 1068/543/325
f 1070/544/326 1072/545/327 1071/546/328
f 1027/524/306 1031/547/329 1032/548/330
f 1033/549/331 1029/528/310 1034/550/332
f 1027/551/306 1030/552/309 1026/553/307
f 1032/548/330 1035/554/333 1036/555/334
f 1037/556/335 1034/550/332 1038/557/336
f 1035/554/333 1040/531/313 1036/555/334
f 1044/533/315 1037/556/335 1038/557/336
f 1044/558/315 1041/559/312 1043/560/316
f 1041/530/312 1045/561/337 1046/562/338
f 1047/563/339 1043/534/316 1048/564/340
f 1045/561/337 1050/565/341 1046/562/338
f 1052/566/342 1047/563/339 1048/564/340
f 1049/567/343 1054/537/319 1050/565/341
f 1058/539/321 1051/568/344 1052/566/342
f 1058/569/321 1055/570/318 1057/571/322
f 1055/536/318 1059/572/345 1060/573/346
f 1061/574/347 1057/540/322 1062/575/348
f 1060/573/346 1063/576/349 1064/577/350
f 1065/578/351 1062/575/348 1066/579/352
f 1063/576/349 1068/543/325 1064/577/350
f 1072/545/327 1065/578/351 1066/579/352
f 1072/580/327 1069/581/324 1071/582/328
f 1069/542/324 1073/583/353 1074/584/354
f 1075/585/355 1071/546/328 1076/586/356
f 1073/583/353 1078/587/357 1074/584/354
f 1080/588/358 1075/585/355 1076/586/356
f 1077/589/359 1026/525/307 1078/587/357
f 1030/527/309 1079/590/360 1080/588/358
f 1067/541/323 1049/567/343 1031/547/329
f 1032/591/330 1029/592/310 1027/593/306
f 1026/553/307 1080/594/358 1078/595/357
f 1047/563/339 1065/578/351 1028/526/308
f 1036/596/334 1034/597/332 1032/591/330
f 1040/598/313 1038/599/336 1036/596/334
f 1046/600/338 1043/560/316 1041/559/312
f 1050/601/341 1048/602/340 1046/600/338
f 1054/603/319 1052/604/342 1050/601/341
f 1060/605/346 1057/571/322 1055/570/318
f 1064/606/350 1062/607/348 1060/605/346
f 1068/608/325 1066/609/352 1064/606/350
f 1074/610/354 1071/582/328 1069/581/324
f 1078/595/357 1076/611/356 1074/610/354
f 1141/523/305 1143/524/306 1142/525/307
f 1144/526/308 1146/527/309 1145/528/310
f 1155/529/311 1157/530/312 1156/531/313
f 1158/532/314 1160/533/315 1159/534/316
f 1169/535/317 1171/536/318 1170/537/319
f 1172/538/320 1174/539/321 1173/540/322
f 1183/541/323 1185/542/324 1184/543/325
f 1186/544/326 1188/545/327 1187/546/328
f 1143/524/306 1147/547/329 1148/548/361
f 1149/549/331 1145/528/310 1150/550/362
f 1143/551/306 1146/552/309 1142/553/307
f 1147/547/329 1152/555/363 1148/548/361
f 1154/557/364 1149/549/331 1150/550/362
f 1151/554/333 1156/531/313 1152/555/363
f 1160/533/315 1153/556/335 1154/557/364
f 1160/558/315 1157/559/312 1159/560/316
f 1157/530/312 1161/561/337 1162/562/365
f 1163/563/339 1159/534/316 1164/564/366
f 1162/562/365 1165/567/343 1166/565/341
f 1167/568/367 1164/564/366 1168/566/342
f 1165/567/343 1170/537/319 1166/565/341
f 1174/539/321 1167/568/367 1168/566/342
f 1174/569/321 1171/570/318 1173/571/322
f 1171/536/318 1175/572/345 1176/573/346
f 1177/574/368 1173/540/322 1178/575/348
f 1176/573/346 1179/576/369 1180/577/350
f 1181/578/351 1178/575/348 1182/579/352
f 1179/576/369 1184/543/325 1180/577/350
f 1188/545/327 1181/578/351 1182/579/352
f 1188/580/327 1185/581/324 1187/582/328
f 1185/542/324 1189/583/353 1190/584/354
f 1191/585/355 1187/546/328 1192/586/370
f 1189/583/353 1194/587/357 1190/584/354
f 1195/590/360 1192/586/370 1196/588/371
f 1193/589/359 1142/525/307 1194/587/357
f 1146/527/309 1195/590/360 1196/588/371
f 1183/541/323 1165/567/343 1147/547/329
f 1148/591/361 1145/592/310 1143/593/306
f 1142/553/307 1196/594/371 1194/595/357
f 1163/563/339 1181/578/351 1144/526/308
f 1152/596/363 1150/597/362 1148/591/361
f 1156/598/313 1154/599/364 1152/596/363
f 1162/600/365 1159/560/316 1157/559/312
f 1166/601/341 1164/602/366 1162/600/365
f 1170/603/319 1168/604/342 1166/601/341
f 1176/605/346 1173/571/322 1171/570/318
f 1180/606/350 1178/607/348 1176/605/346
f 1184/608/325 1182/609/352 1180/606/350
f 1190/610/354 1187/582/328 1185/581/324
f 1194/595/357 1192/611/370 1190/610/354
f 1257/523/305 1259/524/306 1258/525/307
f 1260/526/308 1262/527/309 1261/528/310
f 1271/529/311 1273/530/312 1272/531/313
f 1274/532/314 1276/533/315 1275/534/316
f 1285/535/317 1287/536/318 1286/537/319
f 1288/538/320 1290/539/321 1289/540/322
f 1299/541/323 1301/542/324 1300/543/325
f 1302/544/326 1304/545/327 1303/546/328
f 1259/524/306 1263/547/329 1264/548/330
f 1265/549/331 1261/528/310 1266/550/332
f 1259/551/306 1262/552/309 1258/553/307
f 1264/548/330 1267/554/333 1268/555/334
f 1269/556/335 1266/550/332 1270/557/336
f 1267/554/333 1272/531/313 1268/555/334
f 1276/533/315 1269/556/335 1270/557/336
f 1276/558/315 1273/559/312 1275/560/316
f 1273/530/312 1277/561/337 1278/562/338
f 1279/563/339 1275/534/316 1280/564/340
f 1277/561/337 1282/565/341 1278/562/338
f 1284/566/342 1279/563/339 1280/564/340
f 1281/567/343 1286/537/319 1282/565/341
f 1290/539/321 1283/568/344 1284/566/342
f 1290/569/321 1287/570/318 1289/571/322
f 1287/536/318 1291/572/345 1292/573/372
f 1293/574/347 1289/540/322 1294/575/373
f 1291/572/345 1296/577/374 1292/573/372
f 1298/579/375 1293/574/347 1294/575/373
f 1295/576/349 1300/543/325 1296/577/374
f 1304/545/327 1297/578/351 1298/579/375
f 1304/580/327 1301/581/324 1303/582/328
f 1301/542/324 1305/583/353 1306/584/354
f 1307/585/355 1303/546/328 1308/586/370
f 1306/584/354 1309/589/359 1310/587/357
f 1311/590/360 1308/586/370 1312/588/371
f 1309/589/359 1258/525/307 1310/587/357
f 1262/527/309 1311/590/360 1312/588/371
f 1299/541/323 1281/567/343 1263/547/329
f 1264/591/330 1261/592/310 1259/593/306
f 1258/553/307 1312/594/371 1310/595/357
f 1279/563/339 1297/578/351 1260/526/308
f 1268/596/334 1266/597/332 1264/591/330
f 1272/598/313 1270/599/336 1268/596/334
f 1278/600/338 1275/560/316 1273/559/312
f 1282/601/341 1280/602/340 1278/600/338
f 1286/603/319 1284/604/342 1282/601/341
f 1292/605/372 1289/571/322 1287/570/318
f 1296/606/374 1294/607/373 1292/605/372
f 1300/608/325 1298/609/375 1296/606/374
f 1306/610/354 1303/582/328 1301/581/324
f 1310/595/357 1308/611/370 1306/610/354
f 2463/523/305 2465/524/306 2464/525/307
f 2466/526/308 2468/527/309 2467/528/310
f 2477/529/311 2479/530/312 2478/531/313
f 2480/532/314 2482/533/315 2481/534/316
f 2491/535/317 2493/536/318 2492/537/319
f 2494/538/320 2496/539/321 2495/540/322
f 2505/541/323 2507/542/324 2506/543/325
f 2508/544/326 2510/545/327 2509/546/328
f 2465/524/306 2469/547/329 2470/548/330
f 2471/549/331 2467/528/310 2472/550/332
f 2465/551/306 2468/552/309 2464/553/307
f 2470/548/330 2473/554/333 2474/555/334
f 2475/556/335 2472/550/332 2476/557/336
f 2473/554/333 2478/531/313 2474/555/334
f 2482/533/315 2475/556/335 2476/557/336
f 2482/558/315 2479/559/312 2481/560/316
f 2479/530/312 2483/561/337 2484/562/338
f 2485/563/339 2481/534/316 2486/564/340
f 2483/561/337 2488/565/341 2484/562/338
f 2490/566/1476 2485/563/339 2486/564/340
f 2487/567/343 2492/537/319 2488/565/341
f 2496/539/321 2489/568/344 2490/566/1476
f 2496/569/321 2493/570/318 2495/571/322
f 2493/536/318 2497/572/345 2498/573/346
f 2499/574/347 2495/540/322 2500/575/348
f 2498/573/346 2501/576/349 2502/577/350
f 2503/578/351 2500/575/348 2504/579/352
f 2501/576/349 2506/543/325 2502/577/350
f 2510/545/327 2503/578/351 2504/579/352
f 2510/580/327 2507/581/324 2509/582/328
f 2507/542/324 2511/583/353 2512/584/354
f 2513/585/355 2509/546/328 2514/586/356
f 2511/583/353 2516/587/357 2512/584/354
f 2518/588/371 2513/585/355 2514/586/356
f 2515/589/359 2464/525/307 2516/587/357
f 2468/527/309 2517/590/360 2518/588/371
f 2505/541/323 2487/567/343 2469/547/329
f 2470/591/330 2467/592/310 2465/593/306
f 2464/553/307 2518/594/371 2516/595/357
f 2485/563/339 2503/578/351 2466/526/308
f 2474/596/334 2472/597/332 2470/591/330
f 2478/598/313 2476/599/336 2474/596/334
f 2484/600/338 2481/560/316 2479/559/312
f 2488/601/341 2486/602/340 2484/600/338
f 2492/603/319 2490/604/1476 2488/601/341
f 2498/605/346 2495/571/322 2493/570/318
f 2502/606/350 2500/607/348 2498/605/346
f 2506/608/325 2504/609/352 2502/606/350
f 2512/610/354 2509/582/328 2507/581/324
f 2516/595/357 2514/611/356 2512/610/354
f 2579/523/305 2581/524/306 2580/525/307
f 2582/526/308 2584/527/309 2583/528/310
f 2593/529/311 2595/530/312 2594/531/313
f 2596/532/314 2598/533/315 2597/534/316
f 2607/535/317 2609/536/318 2608/537/319
f 2610/538/320 2612/539/321 2611/540/322
f 2621/541/323 2623/542/324 2622/543/325
f 2624/544/326 2626/545/327 2625/546/328
f 2581/524/306 2585/547/329 2586/548/361
f 2587/549/1479 2583/528/310 2588/550/332
f 2581/551/306 2584/552/309 2580/553/307
f 2585/547/329 2590/555/363 2586/548/361
f 2592/557/364 2587/549/1479 2588/550/332
f 2589/554/333 2594/531/313 2590/555/363
f 2598/533/315 2591/556/335 2592/557/364
f 2598/558/315 2595/559/312 2597/560/316
f 2595/530/312 2599/561/337 2600/562/365
f 2601/563/339 2597/534/316 2602/564/366
f 2600/562/365 2603/567/343 2604/565/1480
f 2605/568/344 2602/564/366 2606/566/342
f 2603/567/343 2608/537/319 2604/565/1480
f 2612/539/321 2605/568/344 2606/566/342
f 2612/569/321 2609/570/318 2611/571/322
f 2609/536/318 2613/572/345 2614/573/346
f 2615/574/347 2611/540/322 2616/575/348
f 2614/573/346 2617/576/349 2618/577/350
f 2619/578/351 2616/575/348 2620/579/352
f 2617/576/349 2622/543/325 2618/577/350
f 2626/545/327 2619/578/351 2620/579/352
f 2626/580/327 2623/581/324 2625/582/328
f 2623/542/324 2627/583/1481 2628/584/354
f 2629/585/355 2625/546/328 2630/586/356
f 2627/583/1481 2632/587/357 2628/584/354
f 2634/588/358 2629/585/355 2630/586/356
f 2631/589/359 2580/525/307 2632/587/357
f 2584/527/309 2633/590/360 2634/588/358
f 2621/541/323 2603/567/343 2585/547/329
f 2586/591/361 2583/592/310 2581/593/306
f 2580/553/307 2634/594/358 2632/595/357
f 2601/563/339 2619/578/351 2582/526/308
f 2590/596/363 2588/597/332 2586/591/361
f 2594/598/313 2592/599/364 2590/596/363
f 2600/600/365 2597/560/316 2595/559/312
f 2604/601/1480 2602/602/366 2600/600/365
f 2608/603/319 2606/604/342 2604/601/1480
f 2614/605/346 2611/571/322 2609/570/318
f 2618/606/350 2616/607/348 2614/605/346
f 2622/608/325 2620/609/352 2618/606/350
f 2628/610/354 2625/582/328 2623/581/324
f 2632/595/357 2630/611/356 2628/610/354
f 2695/523/305 2697/524/306 2696/525/307
f 2698/526/308 2700/527/309 2699/528/310
f 2709/529/311 2711/530/312 2710/531/313
f 2712/532/314 2714/533/315 2713/534/316
f 2723/535/317 2725/536/318 2724/537/319
f 2726/538/320 2728/539/321 2727/540/322
f 2737/541/323 2739/542/324 2738/543/325
f 2740/544/326 2742/545/327 2741/546/328
f 2697/524/306 2701/547/329 2702/548/361
f 2703/549/331 2699/528/310 2704/550/332
f 2697/551/306 2700/552/309 2696/553/307
f 2702/548/361 2705/554/333 2706/555/334
f 2707/556/335 2704/550/332 2708/557/336
f 2705/554/333 2710/531/313 2706/555/334
f 2714/533/315 2707/556/335 2708/557/336
f 2714/558/315 2711/559/312 2713/560/316
f 2711/530/312 2715/561/337 2716/562/338
f 2717/563/339 2713/534/316 2718/564/340
f 2715/561/337 2720/565/341 2716/562/338
f 2722/566/1476 2717/563/339 2718/564/340
f 2719/567/343 2724/537/319 2720/565/341
f 2728/539/321 2721/568/344 2722/566/1476
f 2728/569/321 2725/570/318 2727/571/322
f 2725/536/318 2729/572/345 2730/573/372
f 2731/574/368 2727/540/322 2732/575/373
f 2729/572/345 2734/577/374 2730/573/372
f 2736/579/375 2731/574/368 2732/575/373
f 2733/576/349 2738/543/325 2734/577/374
f 2742/545/327 2735/578/351 2736/579/375
f 2742/580/327 2739/581/324 2741/582/328
f 2739/542/324 2743/583/353 2744/584/354
f 2745/585/355 2741/546/328 2746/586/370
f 2744/584/354 2747/589/359 2748/587/1482
f 2749/590/360 2746/586/370 2750/588/371
f 2747/589/359 2696/525/307 2748/587/1482
f 2700/527/309 2749/590/360 2750/588/371
f 2737/541/323 2719/567/343 2701/547/329
f 2702/591/361 2699/592/310 2697/593/306
f 2696/553/307 2750/594/371 2748/595/1482
f 2717/563/339 2735/578/351 2698/526/308
f 2706/596/334 2704/597/332 2702/591/361
f 2710/598/313 2708/599/336 2706/596/334
f 2716/600/338 2713/560/316 2711/559/312
f 2720/601/341 2718/602/340 2716/600/338
f 2724/603/319 2722/604/1476 2720/601/341
f 2730/605/372 2727/571/322 2725/570/318
f 2734/606/374 2732/607/373 2730/605/372
f 2738/608/325 2736/609/375 2734/606/374
f 2744/610/354 2741/582/328 2739/581/324
f 2748/595/1482 2746/611/370 2744/610/354
s 0
f 248/205/9 243/198/9 241/197/9
f 243/221/10 246/201/10 244/200/10
f 246/201/11 252/207/11 250/206/11
f 252/207/12 248/225/12 249/223/12
f 260/217/13 249/204/13 247/203/13
f 251/208/14 264/219/14 262/218/14
f 264/219/15 260/217/15 261/216/15
f 254/211/16 261/216/16 259/215/16
f 263/220/17 258/213/17 256/212/17
f 258/213/18 254/211/18 255/210/18
f 242/199/19 255/210/19 253/209/19
f 257/214/20 244/882/20 245/224/20
f 241/197/21 253/209/21 259/215/21
f 248/225/22 252/207/22 246/201/22
f 242/226/23 244/882/23 257/214/23
f 256/212/24 245/883/24 250/227/24
f 260/217/25 264/219/25 251/208/25
f 254/211/26 258/213/26 263/220/26
f 608/205/9 603/198/9 601/197/9
f 603/221/10 606/201/10 604/200/10
f 606/201/11 612/207/11 610/206/11
f 612/207/12 608/225/12 609/223/12
f 620/217/13 609/204/13 607/203/13
f 611/208/14 624/219/14 622/218/14
f 624/219/15 620/217/15 621/216/15
f 614/211/16 621/216/16 619/215/16
f 623/220/17 618/213/17 616/212/17
f 618/213/18 614/211/18 615/210/18
f 602/199/19 615/210/19 613/209/19
f 617/214/20 604/882/20 605/224/20
f 601/197/21 613/209/21 619/215/21
f 608/225/22 612/207/22 606/201/22
f 602/226/23 604/882/23 617/214/23
f 616/212/24 605/883/24 610/227/24
f 620/217/25 624/219/25 611/208/25
f 614/211/26 618/213/26 623/220/26
s 1
f 833/466/279 837/418/231 838/420/233
f 842/422/235 840/421/234 835/468/281
f 842/470/235 838/506/233 839/471/232
f 839/419/232 837/418/231 843/424/295
f 846/427/240 840/421/234 841/423/236
f 848/473/241 844/510/239 845/474/238
f 845/425/238 843/424/295 849/476/283
f 851/478/299 846/427/240 847/429/242
f 849/476/283 853/430/243 854/432/245
f 858/434/247 856/433/296 851/478/299
f 858/480/247 854/512/245 855/481/244
f 853/430/243 859/436/249 860/438/251
f 864/440/253 862/439/252 856/433/296
f 864/483/253 860/514/251 861/484/250
f 861/437/250 859/436/249 865/486/287
f 867/488/289 862/439/252 863/441/254
f 865/486/287 869/442/255 870/444/257
f 874/446/259 872/445/258 867/488/289
f 874/490/259 870/516/257 871/491/256
f 871/443/256 869/442/255 875/448/261
f 878/451/297 872/445/258 873/447/260
f 880/493/265 876/518/263 877/494/262
f 877/449/262 875/448/261 881/496/291
f 883/498/293 878/451/297 879/453/266
f 881/496/291 885/454/267 886/456/269
f 890/458/271 888/457/270 883/498/293
f 890/500/271 886/520/269 887/501/268
f 885/454/267 891/460/273 892/462/275
f 896/464/277 894/463/276 888/457/270
f 896/503/277 892/522/275 893/504/274
f 893/461/274 891/460/273 833/466/279
f 835/468/281 894/463/276 895/465/278
f 837/418/231 833/466/279 891/460/273
f 891/460/273 885/454/267 881/496/291
f 881/496/291 875/448/261 869/442/255
f 869/442/255 865/486/287 859/436/249
f 859/436/249 853/430/243 849/476/283
f 849/476/283 843/424/295 837/418/231
f 837/418/231 891/460/273 881/496/291
f 881/496/291 869/442/255 859/436/249
f 859/436/249 849/476/283 837/418/231
f 838/506/233 842/470/235 836/507/282
f 834/509/280 836/895/282 895/505/278
f 835/468/281 840/421/234 846/427/240
f 846/427/240 851/478/299 856/433/296
f 856/433/296 862/439/252 867/488/289
f 867/488/289 872/445/258 878/451/297
f 878/451/297 883/498/293 888/457/270
f 888/457/270 894/463/276 835/468/281
f 835/468/281 846/427/240 856/433/296
f 856/433/296 867/488/289 878/451/297
f 878/451/297 888/457/270 835/468/281
f 844/510/239 848/473/241 841/472/236
f 850/511/298 852/513/300 847/475/242
f 854/512/245 858/480/247 852/513/300
f 860/514/251 864/483/253 857/482/248
f 866/515/288 868/517/290 863/485/254
f 870/516/257 874/490/259 868/517/290
f 876/518/263 880/493/265 873/492/260
f 882/519/292 884/521/294 879/495/266
f 886/520/269 890/500/271 884/521/294
f 892/522/275 896/503/277 889/502/272
f 1027/524/306 1025/523/305 1031/547/329
f 1033/549/331 1028/526/308 1029/528/310
f 1027/551/306 1029/896/310 1030/552/309
f 1032/548/330 1031/547/329 1035/554/333
f 1037/556/335 1033/549/331 1034/550/332
f 1035/554/333 1039/529/311 1040/531/313
f 1044/533/315 1042/532/314 1037/556/335
f 1044/558/315 1040/598/313 1041/559/312
f 1041/530/312 1039/529/311 1045/561/337
f 1047/563/339 1042/532/314 1043/534/316
f 1045/561/337 1049/567/343 1050/565/341
f 1052/566/342 1051/568/344 1047/563/339
f 1049/567/343 1053/535/317 1054/537/319
f 1058/539/321 1056/538/320 1051/568/344
f 1058/569/321 1054/603/319 1055/570/318
f 1055/536/318 1053/535/317 1059/572/345
f 1061/574/347 1056/538/320 1057/540/322
f 1060/573/346 1059/572/345 1063/576/349
f 1065/578/351 1061/574/347 1062/575/348
f 1063/576/349 1067/541/323 1068/543/325
f 1072/545/327 1070/544/326 1065/578/351
f 1072/580/327 1068/608/325 1069/581/324
f 1069/542/324 1067/541/323 1073/583/353
f 1075/585/355 1070/544/326 1071/546/328
f 1073/583/353 1077/589/359 1078/587/357
f 1080/588/358 1079/590/360 1075/585/355
f 1077/589/359 1025/523/305 1026/525/307
f 1030/527/309 1028/526/308 1079/590/360
f 1031/547/329 1025/523/305 1077/589/359
f 1077/589/359 1073/583/353 1067/541/323
f 1067/541/323 1063/576/349 1059/572/345
f 1059/572/345 1053/535/317 1049/567/343
f 1049/567/343 1045/561/337 1039/529/311
f 1039/529/311 1035/554/333 1031/547/329
f 1031/547/329 1077/589/359 1067/541/323
f 1067/541/323 1059/572/345 1049/567/343
f 1049/567/343 1039/529/311 1031/547/329
f 1032/591/330 1034/597/332 1029/592/310
f 1026/553/307 1030/552/309 1080/594/358
f 1028/526/308 1033/549/331 1037/556/335
f 1037/556/335 1042/532/314 1047/563/339
f 1047/563/339 1051/568/344 1056/538/320
f 1056/538/320 1061/574/347 1065/578/351
f 1065/578/351 1070/544/326 1075/585/355
f 1075/585/355 1079/590/360 1028/526/308
f 1028/526/308 1037/556/335 1047/563/339
f 1047/563/339 1056/538/320 1065/578/351
f 1065/578/351 1075/585/355 1028/526/308
f 1036/596/334 1038/599/336 1034/597/332
f 1040/598/313 1044/558/315 1038/599/336
f 1046/600/338 1048/602/340 1043/560/316
f 1050/601/341 1052/604/342 1048/602/340
f 1054/603/319 1058/569/321 1052/604/342
f 1060/605/346 1062/607/348 1057/571/322
f 1064/606/350 1066/609/352 1062/607/348
f 1068/608/325 1072/580/327 1066/609/352
f 1074/610/354 1076/611/356 1071/582/328
f 1078/595/357 1080/594/358 1076/611/356
f 1143/524/306 1141/523/305 1147/547/329
f 1149/549/331 1144/526/308 1145/528/310
f 1143/551/306 1145/896/310 1146/552/309
f 1147/547/329 1151/554/333 1152/555/363
f 1154/557/364 1153/556/335 1149/549/331
f 1151/554/333 1155/529/311 1156/531/313
f 1160/533/315 1158/532/314 1153/556/335
f 1160/558/315 1156/598/313 1157/559/312
f 1157/530/312 1155/529/311 1161/561/337
f 1163/563/339 1158/532/314 1159/534/316
f 1162/562/365 1161/561/337 1165/567/343
f 1167/568/367 1163/563/339 1164/564/366
f 1165/567/343 1169/535/317 1170/537/319
f 1174/539/321 1172/538/320 1167/568/367
f 1174/569/321 1170/603/319 1171/570/318
f 1171/536/318 1169/535/317 1175/572/345
f 1177/574/368 1172/538/320 1173/540/322
f 1176/573/346 1175/572/345 1179/576/369
f 1181/578/351 1177/574/368 1178/575/348
f 1179/576/369 1183/541/323 1184/543/325
f 1188/545/327 1186/544/326 1181/578/351
f 1188/580/327 1184/608/325 1185/581/324
f 1185/542/324 1183/541/323 1189/583/353
f 1191/585/355 1186/544/326 1187/546/328
f 1189/583/353 1193/589/359 1194/587/357
f 1195/590/360 1191/585/355 1192/586/370
f 1193/589/359 1141/523/305 1142/525/307
f 1146/527/309 1144/526/308 1195/590/360
f 1147/547/329 1141/523/305 1193/589/359
f 1193/589/359 1189/583/353 1183/541/323
f 1183/541/323 1179/576/369 1175/572/345
f 1175/572/345 1169/535/317 1165/567/343
f 1165/567/343 1161/561/337 1155/529/311
f 1155/529/311 1151/554/333 1147/547/329
f 1147/547/329 1193/589/359 1183/541/323
f 1183/541/323 1175/572/345 1165/567/343
f 1165/567/343 1155/529/311 1147/547/329
f 1148/591/361 1150/597/362 1145/592/310
f 1142/553/307 1146/552/309 1196/594/371
f 1144/526/308 1149/549/331 1153/556/335
f 1153/556/335 1158/532/314 1163/563/339
f 1163/563/339 1167/568/367 1172/538/320
f 1172/538/320 1177/574/368 1181/578/351
f 1181/578/351 1186/544/326 1191/585/355
f 1191/585/355 1195/590/360 1144/526/308
f 1144/526/308 1153/556/335 1163/563/339
f 1163/563/339 1172/538/320 1181/578/351
f 1181/578/351 1191/585/355 1144/526/308
f 1152/596/363 1154/599/364 1150/597/362
f 1156/598/313 1160/558/315 1154/599/364
f 1162/600/365 1164/602/366 1159/560/316
f 1166/601/341 1168/604/342 1164/602/366
f 1170/603/319 1174/569/321 1168/604/342
f 1176/605/346 1178/607/348 1173/571/322
f 1180/606/350 1182/609/352 1178/607/348
f 1184/608/325 1188/580/327 1182/609/352
f 1190/610/354 1192/611/370 1187/582/328
f 1194/595/357 1196/594/371 1192/611/370
f 1259/524/306 1257/523/305 1263/547/329
f 1265/549/331 1260/526/308 1261/528/310
f 1259/551/306 1261/896/310 1262/552/309
f 1264/548/330 1263/547/329 1267/554/333
f 1269/556/335 1265/549/331 1266/550/332
f 1267/554/333 1271/529/311 1272/531/313
f 1276/533/315 1274/532/314 1269/556/335
f 1276/558/315 1272/598/313 1273/559/312
f 1273/530/312 1271/529/311 1277/561/337
f 1279/563/339 1274/532/314 1275/534/316
f 1277/561/337 1281/567/343 1282/565/341
f 1284/566/342 1283/568/344 1279/563/339
f 1281/567/343 1285/535/317 1286/537/319
f 1290/539/321 1288/538/320 1283/568/344
f 1290/569/321 1286/603/319 1287/570/318
f 1287/536/318 1285/535/317 1291/572/345
f 1293/574/347 1288/538/320 1289/540/322
f 1291/572/345 1295/576/349 1296/577/374
f 1298/579/375 1297/578/351 1293/574/347
f 1295/576/349 1299/541/323 1300/543/325
f 1304/545/327 1302/544/326 1297/578/351
f 1304/580/327 1300/608/325 1301/581/324
f 1301/542/324 1299/541/323 1305/583/353
f 1307/585/355 1302/544/326 1303/546/328
f 1306/584/354 1305/583/353 1309/589/359
f 1311/590/360 1307/585/355 1308/586/370
f 1309/589/359 1257/523/305 1258/525/307
f 1262/527/309 1260/526/308 1311/590/360
f 1263/547/329 1257/523/305 1309/589/359
f 1309/589/359 1305/583/353 1299/541/323
f 1299/541/323 1295/576/349 1291/572/345
f 1291/572/345 1285/535/317 1281/567/343
f 1281/567/343 1277/561/337 1271/529/311
f 1271/529/311 1267/554/333 1263/547/329
f 1263/547/329 1309/589/359 1299/541/323
f 1299/541/323 1291/572/345 1281/567/343
f 1281/567/343 1271/529/311 1263/547/329
f 1264/591/330 1266/597/332 1261/592/310
f 1258/553/307 1262/552/309 1312/594/371
f 1260/526/308 1265/549/331 1269/556/335
f 1269/556/335 1274/532/314 1279/563/339
f 1279/563/339 1283/568/344 1288/538/320
f 1288/538/320 1293/574/347 1297/578/351
f 1297/578/351 1302/544/326 1307/585/355
f 1307/585/355 1311/590/360 1260/526/308
f 1260/526/308 1269/556/335 1279/563/339
f 1279/563/339 1288/538/320 1297/578/351
f 1297/578/351 1307/585/355 1260/526/308
f 1268/596/334 1270/599/336 1266/597/332
f 1272/598/313 1276/558/315 1270/599/336
f 1278/600/338 1280/602/340 1275/560/316
f 1282/601/341 1284/604/342 1280/602/340
f 1286/603/319 1290/569/321 1284/604/342
f 1292/605/372 1294/607/373 1289/571/322
f 1296/606/374 1298/609/375 1294/607/373
f 1300/608/325 1304/580/327 1298/609/375
f 1306/610/354 1308/611/370 1303/582/328
f 1310/595/357 1312/594/371 1308/611/370
f 2465/524/306 2463/523/305 2469/547/329
f 2471/549/331 2466/526/308 2467/528/310
f 2465/551/306 2467/896/310 2468/552/309
f 2470/548/330 2469/547/329 2473/554/333
f 2475/556/335 2471/549/331 2472/550/332
f 2473/554/333 2477/529/311 2478/531/313
f 2482/533/315 2480/532/314 2475/556/335
f 2482/558/315 2478/598/313 2479/559/312
f 2479/530/312 2477/529/311 2483/561/337
f 2485/563/339 2480/532/314 2481/534/316
f 2483/561/337 2487/567/343 2488/565/341
f 2490/566/1476 2489/568/344 2485/563/339
f 2487/567/343 2491/535/317 2492/537/319
f 2496/539/321 2494/538/320 2489/568/344
f 2496/569/321 2492/603/319 2493/570/318
f 2493/536/318 2491/535/317 2497/572/345
f 2499/574/347 2494/538/320 2495/540/322
f 2498/573/346 2497/572/345 2501/576/349
f 2503/578/351 2499/574/347 2500/575/348
f 2501/576/349 2505/541/323 2506/543/325
f 2510/545/327 2508/544/326 2503/578/351
f 2510/580/327 2506/608/325 2507/581/324
f 2507/542/324 2505/541/323 2511/583/353
f 2513/585/355 2508/544/326 2509/546/328
f 2511/583/353 2515/589/359 2516/587/357
f 2518/588/371 2517/590/360 2513/585/355
f 2515/589/359 2463/523/305 2464/525/307
f 2468/527/309 2466/526/308 2517/590/360
f 2469/547/329 2463/523/305 2515/589/359
f 2515/589/359 2511/583/353 2505/541/323
f 2505/541/323 2501/576/349 2497/572/345
f 2497/572/345 2491/535/317 2487/567/343
f 2487/567/343 2483/561/337 2477/529/311
f 2477/529/311 2473/554/333 2469/547/329
f 2469/547/329 2515/589/359 2505/541/323
f 2505/541/323 2497/572/345 2487/567/343
f 2487/567/343 2477/529/311 2469/547/329
f 2470/591/330 2472/597/332 2467/592/310
f 2464/553/307 2468/552/309 2518/594/371
f 2466/526/308 2471/549/331 2475/556/335
f 2475/556/335 2480/532/314 2485/563/339
f 2485/563/339 2489/568/344 2494/538/320
f 2494/538/320 2499/574/347 2503/578/351
f 2503/578/351 2508/544/326 2513/585/355
f 2513/585/355 2517/590/360 2466/526/308
f 2466/526/308 2475/556/335 2485/563/339
f 2485/563/339 2494/538/320 2503/578/351
f 2503/578/351 2513/585/355 2466/526/308
f 2474/596/334 2476/599/336 2472/597/332
f 2478/598/313 2482/558/315 2476/599/336
f 2484/600/338 2486/602/340 2481/560/316
f 2488/601/341 2490/604/1476 2486/602/340
f 2492/603/319 2496/569/321 2490/604/1476
f 2498/605/346 2500/607/348 2495/571/322
f 2502/606/350 2504/609/352 2500/607/348
f 2506/608/325 2510/580/327 2504/609/352
f 2512/610/354 2514/611/356 2509/582/328
f 2516/595/357 2518/594/371 2514/611/356
f 2581/524/306 2579/523/305 2585/547/329
f 2587/549/1479 2582/526/308 2583/528/310
f 2581/551/306 2583/896/310 2584/552/309
f 2585/547/329 2589/554/333 2590/555/363
f 2592/557/364 2591/556/335 2587/549/1479
f 2589/554/333 2593/529/311 2594/531/313
f 2598/533/315 2596/532/314 2591/556/335
f 2598/558/315 2594/598/313 2595/559/312
f 2595/530/312 2593/529/311 2599/561/337
f 2601/563/339 2596/532/314 2597/534/316
f 2600/562/365 2599/561/337 2603/567/343
f 2605/568/344 2601/563/339 2602/564/366
f 2603/567/343 2607/535/317 2608/537/319
f 2612/539/321 2610/538/320 2605/568/344
f 2612/569/321 2608/603/319 2609/570/318
f 2609/536/318 2607/535/317 2613/572/345
f 2615/574/347 2610/538/320 2611/540/322
f 2614/573/346 2613/572/345 2617/576/349
f 2619/578/351 2615/574/347 2616/575/348
f 2617/576/349 2621/541/323 2622/543/325
f 2626/545/327 2624/544/326 2619/578/351
f 2626/580/327 2622/608/325 2623/581/324
f 2623/542/324 2621/541/323 2627/583/1481
f 2629/585/355 2624/544/326 2625/546/328
f 2627/583/1481 2631/589/359 2632/587/357
f 2634/588/358 2633/590/360 2629/585/355
f 2631/589/359 2579/523/305 2580/525/307
f 2584/527/309 2582/526/308 2633/590/360
f 2585/547/329 2579/523/305 2631/589/359
f 2631/589/359 2627/583/1481 2621/541/323
f 2621/541/323 2617/576/349 2613/572/345
f 2613/572/345 2607/535/317 2603/567/343
f 2603/567/343 2599/561/337 2593/529/311
f 2593/529/311 2589/554/333 2585/547/329
f 2585/547/329 2631/589/359 2621/541/323
f 2621/541/323 2613/572/345 2603/567/343
f 2603/567/343 2593/529/311 2585/547/329
f 2586/591/361 2588/597/332 2583/592/310
f 2580/553/307 2584/552/309 2634/594/358
f 2582/526/308 2587/549/1479 2591/556/335
f 2591/556/335 2596/532/314 2601/563/339
f 2601/563/339 2605/568/344 2610/538/320
f 2610/538/320 2615/574/347 2619/578/351
f 2619/578/351 2624/544/326 2629/585/355
f 2629/585/355 2633/590/360 2582/526/308
f 2582/526/308 2591/556/335 2601/563/339
f 2601/563/339 2610/538/320 2619/578/351
f 2619/578/351 2629/585/355 2582/526/308
f 2590/596/363 2592/599/364 2588/597/332
f 2594/598/313 2598/558/315 2592/599/364
f 2600/600/365 2602/602/366 2597/560/316
f 2604/601/1480 2606/604/342 2602/602/366
f 2608/603/319 2612/569/321 2606/604/342
f 2614/605/346 2616/607/348 2611/571/322
f 2618/606/350 2620/609/352 2616/607/348
f 2622/608/325 2626/580/327 2620/609/352
f 2628/610/354 2630/611/356 2625/582/328
f 2632/595/357 2634/594/358 2630/611/356
f 2697/524/306 2695/523/305 2701/547/329
f 2703/549/331 2698/526/308 2699/528/310
f 2697/551/306 2699/896/310 2700/552/309
f 2702/548/361 2701/547/329 2705/554/333
f 2707/556/335 2703/549/331 2704/550/332
f 2705/554/333 2709/529/311 2710/531/313
f 2714/533/315 2712/532/314 2707/556/335
f 2714/558/315 2710/598/313 2711/559/312
f 2711/530/312 2709/529/311 2715/561/337
f 2717/563/339 2712/532/314 2713/534/316
f 2715/561/337 2719/567/343 2720/565/341
f 2722/566/1476 2721/568/344 2717/563/339
f 2719/567/343 2723/535/317 2724/537/319
f 2728/539/321 2726/538/320 2721/568/344
f 2728/569/321 2724/603/319 2725/570/318
f 2725/536/318 2723/535/317 2729/572/345
f 2731/574/368 2726/538/320 2727/540/322
f 2729/572/345 2733/576/349 2734/577/374
f 2736/579/375 2735/578/351 2731/574/368
f 2733/576/349 2737/541/323 2738/543/325
f 2742/545/327 2740/544/326 2735/578/351
f 2742/580/327 2738/608/325 2739/581/324
f 2739/542/324 2737/541/323 2743/583/353
f 2745/585/355 2740/544/326 2741/546/328
f 2744/584/354 2743/583/353 2747/589/359
f 2749/590/360 2745/585/355 2746/586/370
f 2747/589/359 2695/523/305 2696/525/307
f 2700/527/309 2698/526/308 2749/590/360
f 2701/547/329 2695/523/305 2747/589/359
f 2747/589/359 2743/583/353 2737/541/323
f 2737/541/323 2733/576/349 2729/572/345
f 2729/572/345 2723/535/317 2719/567/343
f 2719/567/343 2715/561/337 2709/529/311
f 2709/529/311 2705/554/333 2701/547/329
f 2701/547/329 2747/589/359 2737/541/323
f 2737/541/323 2729/572/345 2719/567/343
f 2719/567/343 2709/529/311 2701/547/329
f 2702/591/361 2704/597/332 2699/592/310
f 2696/553/307 2700/552/309 2750/594/371
f 2698/526/308 2703/549/331 2707/556/335
f 2707/556/335 2712/532/314 2717/563/339
f 2717/563/339 2721/568/344 2726/538/320
f 2726/538/320 2731/574/368 2735/578/351
f 2735/578/351 2740/544/326 2745/585/355
f 2745/585/355 2749/590/360 2698/526/308
f 2698/526/308 2707/556/335 2717/563/339
f 2717/563/339 2726/538/320 2735/578/351
f 2735/578/351 2745/585/355 2698/526/308
f 2706/596/334 2708/599/336 2704/597/332
f 2710/598/313 2714/558/315 2708/599/336
f 2716/600/338 2718/602/340 2713/560/316
f 2720/601/341 2722/604/1476 2718/602/340
f 2724/603/319 2728/569/321 2722/604/1476
f 2730/605/372 2732/607/373 2727/571/322
f 2734/606/374 2736/609/375 2732/607/373
f 2738/608/325 2742/580/327 2736/609/375
f 2744/610/354 2746/611/370 2741/582/328
f 2748/595/1482 2750/594/371 2746/611/370
s 0
usemtl CreamCanvas
f 1373/692/376 1375/692/376 1374/692/376
f 1373/692/377 1376/692/377 1375/692/377
f 1373/692/378 1377/692/378 1376/692/378
f 1373/692/379 1378/692/379 1377/692/379
f 1373/692/380 1379/692/380 1378/692/380
f 1373/692/381 1380/692/381 1379/692/381
f 1373/692/382 1381/692/382 1380/692/382
f 1373/692/383 1382/692/383 1381/692/383
f 1373/692/384 1383/692/384 1382/692/384
f 1373/692/385 1384/692/385 1383/692/385
f 1375/692/386 1385/692/386 1374/692/386
f 1376/692/387 1386/692/387 1375/692/387
f 1377/692/388 1387/692/388 1376/692/388
f 1378/692/389 1388/692/389 1377/692/389
f 1379/692/390 1389/692/390 1378/692/390
f 1379/692/391 1391/692/391 1390/692/391
f 1380/692/392 1392/692/392 1391/692/392
f 1381/692/393 1393/692/393 1392/692/393
f 1382/692/394 1394/692/394 1393/692/394
f 1383/692/395 1395/692/395 1394/692/395
f 1397/692/396 1400/692/396 1399/692/396
f 1399/692/397 1402/692/397 1401/692/397
f 1401/692/398 1404/692/398 1403/692/398
f 1403/692/399 1406/692/399 1405/692/399
f 1405/692/400 1408/692/400 1407/692/400
f 1408/692/401 1409/692/401 1407/692/401
f 1410/692/402 1411/692/402 1409/692/402
f 1412/692/403 1413/692/403 1411/692/403
f 1414/692/404 1415/692/404 1413/692/404
f 1416/692/405 1418/692/405 1415/692/405
f 1386/692/406 1398/692/406 1385/692/406
f 1396/692/407 1397/692/407 1399/692/407
f 1387/692/408 1400/692/408 1386/692/408
f 1396/692/409 1399/692/409 1401/692/409
f 1388/692/410 1402/692/410 1387/692/410
f 1396/692/411 1401/692/411 1403/692/411
f 1389/692/412 1404/692/412 1388/692/412
f 1396/692/413 1403/692/413 1405/692/413
f 1390/692/414 1406/692/414 1389/692/414
f 1396/692/415 1405/692/415 1407/692/415
f 1390/692/416 1410/692/416 1408/692/416
f 1396/692/417 1407/692/417 1409/692/417
f 1391/692/418 1412/692/418 1410/692/418
f 1396/692/419 1409/692/419 1411/692/419
f 1392/692/420 1414/692/420 1412/692/420
f 1396/692/421 1411/692/421 1413/692/421
f 1393/692/422 1416/692/422 1414/692/422
f 1396/692/423 1413/692/423 1415/692/423
f 1394/692/424 1417/692/424 1416/692/424
f 1396/692/425 1415/692/425 1418/692/425
f 1689/692/696 1691/692/696 1690/692/696
f 1689/692/697 1692/692/697 1691/692/697
f 1689/692/698 1693/692/698 1692/692/698
f 1689/692/699 1694/692/699 1693/692/699
f 1689/692/700 1695/692/700 1694/692/700
f 1689/692/701 1696/692/701 1695/692/701
f 1689/692/702 1697/692/702 1696/692/702
f 1689/692/703 1698/692/703 1697/692/703
f 1689/692/704 1699/692/704 1698/692/704
f 1689/692/705 1700/692/705 1699/692/705
f 1691/692/706 1701/692/706 1690/692/706
f 1692/692/707 1702/692/707 1691/692/707
f 1693/692/708 1703/692/708 1692/692/708
f 1694/692/709 1704/692/709 1693/692/709
f 1695/692/710 1705/692/710 1694/692/710
f 1695/692/711 1707/692/711 1706/692/711
f 1696/692/712 1708/692/712 1707/692/712
f 1697/692/713 1709/692/713 1708/692/713
f 1698/692/714 1710/692/714 1709/692/714
f 1699/692/715 1711/692/715 1710/692/715
f 1713/692/716 1716/692/716 1715/692/716
f 1715/692/717 1718/692/717 1717/692/717
f 1717/692/718 1720/692/718 1719/692/718
f 1719/692/719 1722/692/719 1721/692/719
f 1721/692/720 1724/692/720 1723/692/720
f 1724/692/721 1725/692/721 1723/692/721
f 1726/692/722 1727/692/722 1725/692/722
f 1728/692/723 1729/692/723 1727/692/723
f 1730/692/724 1731/692/724 1729/692/724
f 1732/692/725 1734/692/725 1731/692/725
f 1702/692/726 1714/692/726 1701/692/726
f 1712/692/727 1713/692/727 1715/692/727
f 1703/692/728 1716/692/728 1702/692/728
f 1712/692/729 1715/692/729 1717/692/729
f 1704/692/730 1718/692/730 1703/692/730
f 1712/692/731 1717/692/731 1719/692/731
f 1705/692/732 1720/692/732 1704/692/732
f 1712/692/733 1719/692/733 1721/692/733
f 1706/692/734 1722/692/734 1705/692/734
f 1712/692/735 1721/692/735 1723/692/735
f 1706/692/736 1726/692/736 1724/692/736
f 1712/692/737 1723/692/737 1725/692/737
f 1707/692/738 1728/692/738 1726/692/738
f 1712/692/739 1725/692/739 1727/692/739
f 1708/692/740 1730/692/740 1728/692/740
f 1712/692/741 1727/692/741 1729/692/741
f 1709/692/742 1732/692/742 1730/692/742
f 1712/692/743 1729/692/743 1731/692/743
f 1710/692/744 1733/692/744 1732/692/744
f 1712/692/745 1731/692/745 1734/692/745
f 2005/692/1016 2007/692/1016 2006/692/1016
f 2005/692/1017 2008/692/1017 2007/692/1017
f 2005/692/1018 2009/692/1018 2008/692/1018
f 2005/692/1019 2010/692/1019 2009/692/1019
f 2005/692/1020 2011/692/1020 2010/692/1020
f 2005/692/1021 2012/692/1021 2011/692/1021
f 2005/692/1022 2013/692/1022 2012/692/1022
f 2005/692/1023 2014/692/1023 2013/692/1023
f 2005/692/1024 2015/692/1024 2014/692/1024
f 2005/692/1025 2016/692/1025 2015/692/1025
f 2007/692/1026 2017/692/1026 2006/692/1026
f 2008/692/1027 2018/692/1027 2007/692/1027
f 2009/692/1028 2019/692/1028 2008/692/1028
f 2010/692/1029 2020/692/1029 2009/692/1029
f 2011/692/1030 2021/692/1030 2010/692/1030
f 2011/692/1031 2023/692/1031 2022/692/1031
f 2012/692/1032 2024/692/1032 2023/692/1032
f 2013/692/1033 2025/692/1033 2024/692/1033
f 2014/692/1034 2026/692/1034 2025/692/1034
f 2015/692/1035 2027/692/1035 2026/692/1035
f 2029/692/1036 2032/692/1036 2031/692/1036
f 2031/692/1037 2034/692/1037 2033/692/1037
f 2033/692/1038 2036/692/1038 2035/692/1038
f 2035/692/1039 2038/692/1039 2037/692/1039
f 2037/692/1040 2040/692/1040 2039/692/1040
f 2040/692/1041 2041/692/1041 2039/692/1041
f 2042/692/1042 2043/692/1042 2041/692/1042
f 2044/692/1043 2045/692/1043 2043/692/1043
f 2046/692/1044 2047/692/1044 2045/692/1044
f 2048/692/1045 2050/692/1045 2047/692/1045
f 2018/692/1046 2030/692/1046 2017/692/1046
f 2028/692/1047 2029/692/1047 2031/692/1047
f 2019/692/1048 2032/692/1048 2018/692/1048
f 2028/692/1049 2031/692/1049 2033/692/1049
f 2020/692/1050 2034/692/1050 2019/692/1050
f 2028/692/1051 2033/692/1051 2035/692/1051
f 2021/692/1052 2036/692/1052 2020/692/1052
f 2028/692/1053 2035/692/1053 2037/692/1053
f 2022/692/1054 2038/692/1054 2021/692/1054
f 2028/692/1055 2037/692/1055 2039/692/1055
f 2022/692/1056 2042/692/1056 2040/692/1056
f 2028/692/1057 2039/692/1057 2041/692/1057
f 2023/692/1058 2044/692/1058 2042/692/1058
f 2028/692/1059 2041/692/1059 2043/692/1059
f 2024/692/1060 2046/692/1060 2044/692/1060
f 2028/692/1061 2043/692/1061 2045/692/1061
f 2025/692/1062 2048/692/1062 2046/692/1062
f 2028/692/1063 2045/692/1063 2047/692/1063
f 2026/692/1064 2049/692/1064 2048/692/1064
f 2028/692/1065 2047/692/1065 2050/692/1065
f 2811/692/376 2813/692/376 2812/692/376
f 2811/692/377 2814/692/377 2813/692/377
f 2811/692/378 2815/692/378 2814/692/378
f 2811/692/379 2816/692/379 2815/692/379
f 2811/692/380 2817/692/380 2816/692/380
f 2811/692/381 2818/692/381 2817/692/381
f 2811/692/382 2819/692/382 2818/692/382
f 2811/692/383 2820/692/383 2819/692/383
f 2811/692/384 2821/692/384 2820/692/384
f 2811/692/385 2822/692/385 2821/692/385
f 2813/692/1483 2823/692/1483 2812/692/1483
f 2814/692/387 2824/692/387 2813/692/387
f 2815/692/388 2825/692/388 2814/692/388
f 2816/692/389 2826/692/389 2815/692/389
f 2817/692/390 2827/692/390 2816/692/390
f 2817/692/391 2829/692/391 2828/692/391
f 2818/692/392 2830/692/392 2829/692/392
f 2819/692/393 2831/692/393 2830/692/393
f 2820/692/394 2832/692/394 2831/692/394
f 2821/692/395 2833/692/395 2832/692/395
f 2835/692/396 2838/692/396 2837/692/396
f 2837/692/397 2840/692/397 2839/692/397
f 2839/692/398 2842/692/398 2841/692/398
f 2841/692/399 2844/692/399 2843/692/399
f 2843/692/400 2846/692/400 2845/692/400
f 2846/692/401 2847/692/401 2845/692/401
f 2848/692/402 2849/692/402 2847/692/402
f 2850/692/403 2851/692/403 2849/692/403
f 2852/692/404 2853/692/404 2851/692/404
f 2854/692/405 2856/692/405 2853/692/405
f 2824/692/406 2836/692/406 2823/692/406
f 2834/692/407 2835/692/407 2837/692/407
f 2825/692/408 2838/692/408 2824/692/408
f 2834/692/409 2837/692/409 2839/692/409
f 2826/692/410 2840/692/410 2825/692/410
f 2834/692/411 2839/692/411 2841/692/411
f 2827/692/412 2842/692/412 2826/692/412
f 2834/692/413 2841/692/413 2843/692/413
f 2828/692/414 2844/692/414 2827/692/414
f 2834/692/415 2843/692/415 2845/692/415
f 2828/692/416 2848/692/416 2846/692/416
f 2834/692/417 2845/692/417 2847/692/417
f 2829/692/418 2850/692/418 2848/692/418
f 2834/692/419 2847/692/419 2849/692/419
f 2830/692/420 2852/692/420 2850/692/420
f 2834/692/421 2849/692/421 2851/692/421
f 2831/692/422 2854/692/422 2852/692/422
f 2834/692/423 2851/692/423 2853/692/423
f 2832/692/424 2855/692/424 2854/692/424
f 2834/692/425 2853/692/425 2856/692/425
f 3127/692/696 3129/692/696 3128/692/696
f 3127/692/697 3130/692/697 3129/692/697
f 3127/692/698 3131/692/698 3130/692/698
f 3127/692/699 3132/692/699 3131/692/699
f 3127/692/700 3133/692/700 3132/692/700
f 3127/692/701 3134/692/701 3133/692/701
f 3127/692/702 3135/692/702 3134/692/702
f 3127/692/703 3136/692/703 3135/692/703
f 3127/692/704 3137/692/704 3136/692/704
f 3127/692/705 3138/692/705 3137/692/705
f 3129/692/706 3139/692/706 3128/692/706
f 3130/692/707 3140/692/707 3129/692/707
f 3131/692/708 3141/692/708 3130/692/708
f 3132/692/1500 3142/692/1500 3131/692/1500
f 3133/692/1501 3143/692/1501 3132/692/1501
f 3133/692/711 3145/692/711 3144/692/711
f 3134/692/712 3146/692/712 3145/692/712
f 3135/692/713 3147/692/713 3146/692/713
f 3136/692/714 3148/692/714 3147/692/714
f 3137/692/715 3149/692/715 3148/692/715
f 3151/692/716 3154/692/716 3153/692/716
f 3153/692/717 3156/692/717 3155/692/717
f 3155/692/718 3158/692/718 3157/692/718
f 3157/692/719 3160/692/719 3159/692/719
f 3159/692/720 3162/692/720 3161/692/720
f 3162/692/721 3163/692/721 3161/692/721
f 3164/692/722 3165/692/722 3163/692/722
f 3166/692/723 3167/692/723 3165/692/723
f 3168/692/724 3169/692/724 3167/692/724
f 3170/692/725 3172/692/725 3169/692/725
f 3140/692/726 3152/692/726 3139/692/726
f 3150/692/727 3151/692/727 3153/692/727
f 3141/692/728 3154/692/728 3140/692/728
f 3150/692/729 3153/692/729 3155/692/729
f 3142/692/730 3156/692/730 3141/692/730
f 3150/692/731 3155/692/731 3157/692/731
f 3143/692/732 3158/692/732 3142/692/732
f 3150/692/733 3157/692/733 3159/692/733
f 3144/692/734 3160/692/734 3143/692/734
f 3150/692/735 3159/692/735 3161/692/735
f 3144/692/736 3164/692/736 3162/692/736
f 3150/692/737 3161/692/737 3163/692/737
f 3145/692/738 3166/692/738 3164/692/738
f 3150/692/739 3163/692/739 3165/692/739
f 3146/692/740 3168/692/740 3166/692/740
f 3150/692/741 3165/692/741 3167/692/741
f 3147/692/742 3170/692/742 3168/692/742
f 3150/692/743 3167/692/743 3169/692/743
f 3148/692/744 3171/692/744 3170/692/744
f 3150/692/745 3169/692/745 3172/692/745
f 3443/692/1016 3445/692/1016 3444/692/1016
f 3443/692/1017 3446/692/1017 3445/692/1017
f 3443/692/1018 3447/692/1018 3446/692/1018
f 3443/692/1019 3448/692/1019 3447/692/1019
f 3443/692/1020 3449/692/1020 3448/692/1020
f 3443/692/1021 3450/692/1021 3449/692/1021
f 3443/692/1022 3451/692/1022 3450/692/1022
f 3443/692/1023 3452/692/1023 3451/692/1023
f 3443/692/1024 3453/692/1024 3452/692/1024
f 3443/692/1025 3454/692/1025 3453/692/1025
f 3445/692/1521 3455/692/1521 3444/692/1521
f 3446/692/1027 3456/692/1027 3445/692/1027
f 3447/692/1028 3457/692/1028 3446/692/1028
f 3448/692/1029 3458/692/1029 3447/692/1029
f 3449/692/1030 3459/692/1030 3448/692/1030
f 3449/692/1031 3461/692/1031 3460/692/1031
f 3450/692/1032 3462/692/1032 3461/692/1032
f 3451/692/1033 3463/692/1033 3462/692/1033
f 3452/692/1034 3464/692/1034 3463/692/1034
f 3453/692/1035 3465/692/1035 3464/692/1035
f 3467/692/1036 3470/692/1036 3469/692/1036
f 3469/692/1037 3472/692/1037 3471/692/1037
f 3471/692/1522 3474/692/1522 3473/692/1522
f 3473/692/1039 3476/692/1039 3475/692/1039
f 3475/692/1040 3478/692/1040 3477/692/1040
f 3478/692/1041 3479/692/1041 3477/692/1041
f 3480/692/1042 3481/692/1042 3479/692/1042
f 3482/692/1523 3483/692/1523 3481/692/1523
f 3484/692/1044 3485/692/1044 3483/692/1044
f 3486/692/1045 3488/692/1045 3485/692/1045
f 3456/692/1046 3468/692/1046 3455/692/1046
f 3466/692/1047 3467/692/1047 3469/692/1047
f 3457/692/1048 3470/692/1048 3456/692/1048
f 3466/692/1049 3469/692/1049 3471/692/1049
f 3458/692/1050 3472/692/1050 3457/692/1050
f 3466/692/1051 3471/692/1051 3473/692/1051
f 3459/692/1052 3474/692/1052 3458/692/1052
f 3466/692/1053 3473/692/1053 3475/692/1053
f 3460/692/1054 3476/692/1054 3459/692/1054
f 3466/692/1055 3475/692/1055 3477/692/1055
f 3460/692/1056 3480/692/1056 3478/692/1056
f 3466/692/1057 3477/692/1057 3479/692/1057
f 3461/692/1058 3482/692/1058 3480/692/1058
f 3466/692/1059 3479/692/1059 3481/692/1059
f 3462/692/1060 3484/692/1060 3482/692/1060
f 3466/692/1061 3481/692/1061 3483/692/1061
f 3463/692/1062 3486/692/1062 3484/692/1062
f 3466/692/1063 3483/692/1063 3485/692/1063
f 3464/692/1064 3487/692/1064 3486/692/1064
f 3466/692/1065 3485/692/1065 3488/692/1065
f 1375/692/1483 1386/692/1483 1385/692/1483
f 1376/692/1634 1387/692/1634 1386/692/1634
f 1377/692/388 1388/692/388 1387/692/388
f 1378/692/389 1389/692/389 1388/692/389
f 1379/692/390 1390/692/390 1389/692/390
f 1379/692/391 1380/692/391 1391/692/391
f 1380/692/392 1381/692/392 1392/692/392
f 1381/692/393 1382/692/393 1393/692/393
f 1382/692/1635 1383/692/1635 1394/692/1635
f 1383/692/1636 1384/692/1636 1395/692/1636
f 1397/692/1637 1398/692/1637 1400/692/1637
f 1399/692/1638 1400/692/1638 1402/692/1638
f 1401/692/1639 1402/692/1639 1404/692/1639
f 1403/692/1640 1404/692/1640 1406/692/1640
f 1405/692/1641 1406/692/1641 1408/692/1641
f 1408/692/1642 1410/692/1642 1409/692/1642
f 1410/692/1643 1412/692/1643 1411/692/1643
f 1412/692/1644 1414/692/1644 1413/692/1644
f 1414/692/1645 1416/692/1645 1415/692/1645
f 1416/692/1646 1417/692/1646 1418/692/1646
f 1386/692/406 1400/692/406 1398/692/406
f 1387/692/408 1402/692/408 1400/692/408
f 1388/692/410 1404/692/410 1402/692/410
f 1389/692/412 1406/692/412 1404/692/412
f 1390/692/414 1408/692/414 1406/692/414
f 1390/692/416 1391/692/416 1410/692/416
f 1391/692/418 1392/692/418 1412/692/418
f 1392/692/420 1393/692/420 1414/692/420
f 1393/692/422 1394/692/422 1416/692/422
f 1394/692/424 1395/692/424 1417/692/424
f 1691/692/706 1702/692/706 1701/692/706
f 1692/692/707 1703/692/707 1702/692/707
f 1693/692/708 1704/692/708 1703/692/708
f 1694/692/1500 1705/692/1500 1704/692/1500
f 1695/692/1501 1706/692/1501 1705/692/1501
f 1695/692/1647 1696/692/1647 1707/692/1647
f 1696/692/1648 1697/692/1648 1708/692/1648
f 1697/692/713 1698/692/713 1709/692/713
f 1698/692/714 1699/692/714 1710/692/714
f 1699/692/715 1700/692/715 1711/692/715
f 1713/692/1649 1714/692/1649 1716/692/1649
f 1715/692/1650 1716/692/1650 1718/692/1650
f 1717/692/1651 1718/692/1651 1720/692/1651
f 1719/692/1652 1720/692/1652 1722/692/1652
f 1721/692/1653 1722/692/1653 1724/692/1653
f 1724/692/1654 1726/692/1654 1725/692/1654
f 1726/692/1655 1728/692/1655 1727/692/1655
f 1728/692/1656 1730/692/1656 1729/692/1656
f 1730/692/1657 1732/692/1657 1731/692/1657
f 1732/692/1658 1733/692/1658 1734/692/1658
f 1702/692/726 1716/692/726 1714/692/726
f 1703/692/728 1718/692/728 1716/692/728
f 1704/692/730 1720/692/730 1718/692/730
f 1705/692/732 1722/692/732 1720/692/732
f 1706/692/734 1724/692/734 1722/692/734
f 1706/692/736 1707/692/736 1726/692/736
f 1707/692/738 1708/692/738 1728/692/738
f 1708/692/740 1709/692/740 1730/692/740
f 1709/692/742 1710/692/742 1732/692/742
f 1710/692/744 1711/692/744 1733/692/744
f 2007/692/1026 2018/692/1026 2017/692/1026
f 2008/692/1027 2019/692/1027 2018/692/1027
f 2009/692/1028 2020/692/1028 2019/692/1028
f 2010/692/1029 2021/692/1029 2020/692/1029
f 2011/692/1030 2022/692/1030 2021/692/1030
f 2011/692/1031 2012/692/1031 2023/692/1031
f 2012/692/1032 2013/692/1032 2024/692/1032
f 2013/692/1033 2014/692/1033 2025/692/1033
f 2014/692/1034 2015/692/1034 2026/692/1034
f 2015/692/1035 2016/692/1035 2027/692/1035
f 2029/692/1659 2030/692/1659 2032/692/1659
f 2031/692/1660 2032/692/1660 2034/692/1660
f 2033/692/1661 2034/692/1661 2036/692/1661
f 2035/692/1662 2036/692/1662 2038/692/1662
f 2037/692/1663 2038/692/1663 2040/692/1663
f 2040/692/1664 2042/692/1664 2041/692/1664
f 2042/692/1665 2044/692/1665 2043/692/1665
f 2044/692/1666 2046/692/1666 2045/692/1666
f 2046/692/1667 2048/692/1667 2047/692/1667
f 2048/692/1668 2049/692/1668 2050/692/1668
f 2018/692/1046 2032/692/1046 2030/692/1046
f 2019/692/1048 2034/692/1048 2032/692/1048
f 2020/692/1050 2036/692/1050 2034/692/1050
f 2021/692/1052 2038/692/1052 2036/692/1052
f 2022/692/1054 2040/692/1054 2038/692/1054
f 2022/692/1056 2023/692/1056 2042/692/1056
f 2023/692/1058 2024/692/1058 2044/692/1058
f 2024/692/1060 2025/692/1060 2046/692/1060
f 2025/692/1062 2026/692/1062 2048/692/1062
f 2026/692/1064 2027/692/1064 2049/692/1064
f 2813/692/386 2824/692/386 2823/692/386
f 2814/692/1634 2825/692/1634 2824/692/1634
f 2815/692/388 2826/692/388 2825/692/388
f 2816/692/389 2827/692/389 2826/692/389
f 2817/692/390 2828/692/390 2827/692/390
f 2817/692/391 2818/692/391 2829/692/391
f 2818/692/392 2819/692/392 2830/692/392
f 2819/692/393 2820/692/393 2831/692/393
f 2820/692/1635 2821/692/1635 2832/692/1635
f 2821/692/1636 2822/692/1636 2833/692/1636
f 2835/692/1637 2836/692/1637 2838/692/1637
f 2837/692/1638 2838/692/1638 2840/692/1638
f 2839/692/1672 2840/692/1672 2842/692/1672
f 2841/692/1640 2842/692/1640 2844/692/1640
f 2843/692/1673 2844/692/1673 2846/692/1673
f 2846/692/1674 2848/692/1674 2847/692/1674
f 2848/692/1643 2850/692/1643 2849/692/1643
f 2850/692/1675 2852/692/1675 2851/692/1675
f 2852/692/1645 2854/692/1645 2853/692/1645
f 2854/692/1646 2855/692/1646 2856/692/1646
f 2824/692/406 2838/692/406 2836/692/406
f 2825/692/408 2840/692/408 2838/692/408
f 2826/692/410 2842/692/410 2840/692/410
f 2827/692/412 2844/692/412 2842/692/412
f 2828/692/414 2846/692/414 2844/692/414
f 2828/692/416 2829/692/416 2848/692/416
f 2829/692/418 2830/692/418 2850/692/418
f 2830/692/420 2831/692/420 2852/692/420
f 2831/692/422 2832/692/422 2854/692/422
f 2832/692/424 2833/692/424 2855/692/424
f 3129/692/706 3140/692/706 3139/692/706
f 3130/692/707 3141/692/707 3140/692/707
f 3131/692/708 3142/692/708 3141/692/708
f 3132/692/1500 3143/692/1500 3142/692/1500
f 3133/692/1501 3144/692/1501 3143/692/1501
f 3133/692/711 3134/692/711 3145/692/711
f 3134/692/712 3135/692/712 3146/692/712
f 3135/692/713 3136/692/713 3147/692/713
f 3136/692/714 3137/692/714 3148/692/714
f 3137/692/715 3138/692/715 3149/692/715
f 3151/692/1649 3152/692/1649 3154/692/1649
f 3153/692/1650 3154/692/1650 3156/692/1650
f 3155/692/1651 3156/692/1651 3158/692/1651
f 3157/692/1652 3158/692/1652 3160/692/1652
f 3159/692/1653 3160/692/1653 3162/692/1653
f 3162/692/1654 3164/692/1654 3163/692/1654
f 3164/692/1655 3166/692/1655 3165/692/1655
f 3166/692/1656 3168/692/1656 3167/692/1656
f 3168/692/1657 3170/692/1657 3169/692/1657
f 3170/692/1658 3171/692/1658 3172/692/1658
f 3140/692/726 3154/692/726 3152/692/726
f 3141/692/728 3156/692/728 3154/692/728
f 3142/692/730 3158/692/730 3156/692/730
f 3143/692/732 3160/692/732 3158/692/732
f 3144/692/734 3162/692/734 3160/692/734
f 3144/692/736 3145/692/736 3164/692/736
f 3145/692/738 3146/692/738 3166/692/738
f 3146/692/740 3147/692/740 3168/692/740
f 3147/692/742 3148/692/742 3170/692/742
f 3148/692/744 3149/692/744 3171/692/744
f 3445/692/1026 3456/692/1026 3455/692/1026
f 3446/692/1027 3457/692/1027 3456/692/1027
f 3447/692/1028 3458/692/1028 3457/692/1028
f 3448/692/1029 3459/692/1029 3458/692/1029
f 3449/692/1030 3460/692/1030 3459/692/1030
f 3449/692/1031 3450/692/1031 3461/692/1031
f 3450/692/1032 3451/692/1032 3462/692/1032
f 3451/692/1033 3452/692/1033 3463/692/1033
f 3452/692/1034 3453/692/1034 3464/692/1034
f 3453/692/1676 3454/692/1676 3465/692/1676
f 3467/692/1659 3468/692/1659 3470/692/1659
f 3469/692/1677 3470/692/1677 3472/692/1677
f 3471/692/1661 3472/692/1661 3474/692/1661
f 3473/692/1662 3474/692/1662 3476/692/1662
f 3475/692/1678 3476/692/1678 3478/692/1678
f 3478/692/1679 3480/692/1679 3479/692/1679
f 3480/692/1665 3482/692/1665 3481/692/1665
f 3482/692/1666 3484/692/1666 3483/692/1666
f 3484/692/1667 3486/692/1667 3485/692/1667
f 3486/692/1668 3487/692/1668 3488/692/1668
f 3456/692/1046 3470/692/1046 3468/692/1046
f 3457/692/1048 3472/692/1048 3470/692/1048
f 3458/692/1050 3474/692/1050 3472/692/1050
f 3459/692/1052 3476/692/1052 3474/692/1052
f 3460/692/1054 3478/692/1054 3476/692/1054
f 3460/692/1056 3461/692/1056 3480/692/1056
f 3461/692/1058 3462/692/1058 3482/692/1058
f 3462/692/1060 3463/692/1060 3484/692/1060
f 3463/692/1062 3464/692/1062 3486/692/1062
f 3464/692/1064 3465/692/1064 3487/692/1064
s 1
usemtl Rope
f 1424/693/426 1425/694/427 1419/695/428
f 1419/692/428 1426/696/429 1420/697/430
f 1420/697/430 1427/698/431 1421/699/432
f 1422/700/433 1427/698/431 1428/701/434
f 1423/702/435 1428/701/434 1429/703/436
f 1424/693/426 1429/703/436 1430/704/437
f 1430/704/437 1431/705/438 1425/694/427
f 1425/706/427 1432/707/439 1426/696/429
f 1426/696/429 1433/708/440 1427/698/431
f 1428/701/434 1433/708/440 1434/709/441
f 1429/703/436 1434/709/441 1435/710/442
f 1430/704/437 1435/710/442 1436/711/443
f 1431/705/438 1442/712/444 1437/713/445
f 1432/707/439 1437/714/445 1438/715/446
f 1433/708/440 1438/715/446 1439/716/447
f 1433/708/440 1440/717/448 1434/709/441
f 1434/709/441 1441/718/449 1435/710/442
f 1435/710/442 1442/712/444 1436/711/443
f 1437/713/445 1448/719/450 1443/720/451
f 1438/715/446 1443/721/451 1444/722/452
f 1439/716/447 1444/722/452 1445/723/453
f 1439/716/447 1446/724/454 1440/717/448
f 1440/717/448 1447/725/455 1441/718/449
f 1441/718/449 1448/719/450 1442/712/444
f 1448/719/450 1449/726/456 1443/720/451
f 1443/721/451 1450/727/457 1444/722/452
f 1444/722/452 1451/728/458 1445/723/453
f 1446/724/454 1451/728/458 1452/729/459
f 1447/725/455 1452/729/459 1453/730/460
f 1448/719/450 1453/730/460 1454/731/461
f 1449/726/456 1460/732/462 1455/733/463
f 1450/727/457 1455/734/463 1456/735/464
f 1451/728/458 1456/735/464 1457/736/465
f 1451/728/458 1458/737/466 1452/729/459
f 1452/729/459 1459/738/467 1453/730/460
f 1453/730/460 1460/732/462 1454/731/461
f 1455/733/463 1466/739/468 1461/740/469
f 1456/735/464 1461/741/469 1462/742/470
f 1457/736/465 1462/742/470 1463/743/471
f 1457/736/465 1464/744/472 1458/737/466
f 1458/737/466 1465/745/473 1459/738/467
f 1459/738/467 1466/739/468 1460/732/462
f 1461/740/469 1472/746/474 1467/747/475
f 1462/742/470 1467/748/475 1468/749/476
f 1463/743/471 1468/749/476 1469/750/477
f 1463/743/471 1470/751/478 1464/744/472
f 1464/744/472 1471/752/479 1465/745/473
f 1465/745/473 1472/746/474 1466/739/468
f 1478/693/480 1479/694/481 1473/695/482
f 1473/692/482 1480/696/483 1474/697/484
f 1474/697/484 1481/698/485 1475/699/486
f 1476/700/487 1481/698/485 1482/701/488
f 1477/702/489 1482/701/488 1483/703/490
f 1478/693/480 1483/703/490 1484/704/491
f 1484/704/491 1485/705/492 1479/694/481
f 1479/706/481 1486/707/493 1480/696/483
f 1480/696/483 1487/708/494 1481/698/485
f 1482/701/488 1487/708/494 1488/709/495
f 1483/703/490 1488/709/495 1489/710/496
f 1484/704/491 1489/710/496 1490/711/497
f 1485/705/492 1496/712/498 1491/713/499
f 1486/707/493 1491/714/499 1492/715/500
f 1487/708/494 1492/715/500 1493/716/501
f 1487/708/494 1494/717/502 1488/709/495
f 1488/709/495 1495/718/503 1489/710/496
f 1489/710/496 1496/712/498 1490/711/497
f 1491/713/499 1502/719/504 1497/720/505
f 1492/715/500 1497/721/505 1498/722/506
f 1493/716/501 1498/722/506 1499/723/507
f 1493/716/501 1500/724/508 1494/717/502
f 1494/717/502 1501/725/509 1495/718/503
f 1495/718/503 1502/719/504 1496/712/498
f 1502/719/504 1503/726/510 1497/720/505
f 1497/721/505 1504/727/511 1498/722/506
f 1498/722/506 1505/728/512 1499/723/507
f 1500/724/508 1505/728/512 1506/729/513
f 1501/725/509 1506/729/513 1507/730/514
f 1502/719/504 1507/730/514 1508/731/515
f 1503/726/510 1514/732/516 1509/733/517
f 1504/727/511 1509/734/517 1510/735/518
f 1505/728/512 1510/735/518 1511/736/519
f 1505/728/512 1512/737/520 1506/729/513
f 1506/729/513 1513/738/521 1507/730/514
f 1507/730/514 1514/732/516 1508/731/515
f 1509/733/517 1520/739/522 1515/740/523
f 1510/735/518 1515/741/523 1516/742/524
f 1511/736/519 1516/742/524 1517/743/525
f 1511/736/519 1518/744/526 1512/737/520
f 1512/737/520 1519/745/527 1513/738/521
f 1513/738/521 1520/739/522 1514/732/516
f 1515/740/523 1526/746/528 1521/747/529
f 1516/742/524 1521/748/529 1522/749/530
f 1517/743/525 1522/749/530 1523/750/531
f 1517/743/525 1524/751/532 1518/744/526
f 1518/744/526 1525/752/533 1519/745/527
f 1519/745/527 1526/746/528 1520/739/522
f 1527/695/534 1538/704/535 1533/694/536
f 1527/692/534 1534/696/537 1528/697/538
f 1528/697/538 1535/698/539 1529/699/540
f 1529/699/540 1536/701/541 1530/700/542
f 1530/700/542 1537/703/543 1531/702/544
f 1532/693/545 1537/703/543 1538/704/535
f 1533/694/536 1544/711/546 1539/705/547
f 1533/706/536 1540/707/548 1534/696/537
f 1534/696/537 1541/708/549 1535/698/539
f 1535/698/539 1542/709/550 1536/701/541
f 1536/701/541 1543/710/551 1537/703/543
f 1538/704/535 1543/710/551 1544/711/546
f 1544/711/546 1545/713/552 1539/705/547
f 1539/753/547 1546/715/553 1540/707/548
f 1541/708/549 1546/715/553 1547/716/554
f 1542/709/550 1547/716/554 1548/717/555
f 1542/709/550 1549/718/556 1543/710/551
f 1543/710/551 1550/712/557 1544/711/546
f 1550/712/557 1551/720/558 1545/713/552
f 1545/714/552 1552/722/559 1546/715/553
f 1547/716/554 1552/722/559 1553/723/560
f 1548/717/555 1553/723/560 1554/724/561
f 1548/717/555 1555/725/562 1549/718/556
f 1549/718/556 1556/719/563 1550/712/557
f 1551/720/558 1562/731/564 1557/726/565
f 1551/721/558 1558/727/566 1552/722/559
f 1552/722/559 1559/728/567 1553/723/560
f 1553/723/560 1560/729/568 1554/724/561
f 1554/724/561 1561/730/569 1555/725/562
f 1556/719/563 1561/730/569 1562/731/564
f 1562/731/564 1563/733/570 1557/726/565
f 1557/754/565 1564/735/571 1558/727/566
f 1559/728/567 1564/735/571 1565/736/572
f 1560/729/568 1565/736/572 1566/737/573
f 1560/729/568 1567/738/574 1561/730/569
f 1561/730/569 1568/732/575 1562/731/564
f 1568/732/575 1569/740/576 1563/733/570
f 1563/734/570 1570/742/577 1564/735/571
f 1565/736/572 1570/742/577 1571/743/578
f 1566/737/573 1571/743/578 1572/744/579
f 1566/737/573 1573/745/580 1567/738/574
f 1567/738/574 1574/739/581 1568/732/575
f 1574/739/581 1575/747/582 1569/740/576
f 1569/741/576 1576/749/583 1570/742/577
f 1571/743/578 1576/749/583 1577/750/584
f 1572/744/579 1577/750/584 1578/751/585
f 1572/744/579 1579/752/586 1573/745/580
f 1573/745/580 1580/746/587 1574/739/581
f 1581/695/588 1592/704/589 1587/694/590
f 1582/697/591 1587/706/590 1588/696/592
f 1583/699/593 1588/696/592 1589/698/594
f 1583/699/593 1590/701/595 1584/700/596
f 1584/700/596 1591/703/597 1585/702/598
f 1585/702/598 1592/704/589 1586/693/599
f 1587/694/590 1598/711/600 1593/705/601
f 1588/696/592 1593/753/601 1594/707/602
f 1589/698/594 1594/707/602 1595/708/603
f 1589/698/594 1596/709/604 1590/701/595
f 1590/701/595 1597/710/605 1591/703/597
f 1591/703/597 1598/711/600 1592/704/589
f 1598/711/600 1599/713/606 1593/705/601
f 1593/753/601 1600/715/607 1594/707/602
f 1594/707/602 1601/716/608 1595/708/603
f 1596/709/604 1601/716/608 1602/717/609
f 1597/710/605 1602/717/609 1603/718/610
f 1598/711/600 1603/718/610 1604/712/611
f 1604/712/611 1605/720/612 1599/713/606
f 1599/714/606 1606/722/613 1600/715/607
f 1600/715/607 1607/723/614 1601/716/608
f 1602/717/609 1607/723/614 1608/724/615
f 1603/718/610 1608/724/615 1609/725/616
f 1604/712/611 1609/725/616 1610/719/617
f 1605/720/612 1616/731/618 1611/726/619
f 1606/722/613 1611/754/619 1612/727/620
f 1607/723/614 1612/727/620 1613/728/621
f 1607/723/614 1614/729/622 1608/724/615
f 1608/724/615 1615/730/623 1609/725/616
f 1609/725/616 1616/731/618 1610/719/617
f 1616/731/618 1617/733/624 1611/726/619
f 1611/754/619 1618/735/625 1612/727/620
f 1612/727/620 1619/736/626 1613/728/621
f 1614/729/622 1619/736/626 1620/737/627
f 1615/730/623 1620/737/627 1621/738/628
f 1616/731/618 1621/738/628 1622/732/629
f 1622/732/629 1623/740/630 1617/733/624
f 1617/734/624 1624/742/631 1618/735/625
f 1618/735/625 1625/743/632 1619/736/626
f 1620/737/627 1625/743/632 1626/744/633
f 1621/738/628 1626/744/633 1627/745/634
f 1622/732/629 1627/745/634 1628/739/635
f 1628/739/635 1629/747/636 1623/740/630
f 1623/741/630 1630/749/637 1624/742/631
f 1624/742/631 1631/750/638 1625/743/632
f 1626/744/633 1631/750/638 1632/751/639
f 1627/745/634 1632/751/639 1633/752/640
f 1628/739/635 1633/752/640 1634/746/641
f 1635/695/642 1646/704/643 1641/694/644
f 1636/697/645 1641/706/644 1642/696/646
f 1637/699/647 1642/696/646 1643/698/648
f 1637/699/647 1644/701/649 1638/700/650
f 1638/700/650 1645/703/651 1639/702/652
f 1639/702/652 1646/704/643 1640/693/653
f 1641/694/644 1652/711/654 1647/705/655
f 1642/696/646 1647/753/655 1648/707/656
f 1643/698/648 1648/707/656 1649/708/657
f 1643/698/648 1650/709/658 1644/701/649
f 1644/701/649 1651/710/659 1645/703/651
f 1645/703/651 1652/711/654 1646/704/643
f 1652/711/654 1653/713/660 1647/705/655
f 1647/753/655 1654/715/661 1648/707/656
f 1648/707/656 1655/716/662 1649/708/657
f 1650/709/658 1655/716/662 1656/717/663
f 1651/710/659 1656/717/663 1657/718/664
f 1652/711/654 1657/718/664 1658/712/665
f 1658/712/665 1659/720/666 1653/713/660
f 1653/714/660 1660/722/667 1654/715/661
f 1654/715/661 1661/723/668 1655/716/662
f 1656/717/663 1661/723/668 1662/724/669
f 1657/718/664 1662/724/669 1663/725/670
f 1658/712/665 1663/725/670 1664/719/671
f 1659/720/666 1670/731/672 1665/726/673
f 1660/722/667 1665/754/673 1666/727/674
f 1661/723/668 1666/727/674 1667/728/675
f 1661/723/668 1668/729/676 1662/724/669
f 1662/724/669 1669/730/677 1663/725/670
f 1663/725/670 1670/731/672 1664/719/671
f 1670/731/672 1671/733/678 1665/726/673
f 1665/754/673 1672/735/679 1666/727/674
f 1666/727/674 1673/736/680 1667/728/675
f 1668/729/676 1673/736/680 1674/737/681
f 1669/730/677 1674/737/681 1675/738/682
f 1670/731/672 1675/738/682 1676/732/683
f 1676/732/683 1677/740/684 1671/733/678
f 1671/734/678 1678/742/685 1672/735/679
f 1672/735/679 1679/743/686 1673/736/680
f 1674/737/681 1679/743/686 1680/744/687
f 1675/738/682 1680/744/687 1681/745/688
f 1676/732/683 1681/745/688 1682/739/689
f 1682/739/689 1683/747/690 1677/740/684
f 1677/741/684 1684/749/691 1678/742/685
f 1678/742/685 1685/750/692 1679/743/686
f 1680/744/687 1685/750/692 1686/751/693
f 1681/745/688 1686/751/693 1687/752/694
f 1682/739/689 1687/752/694 1688/746/695
f 1740/693/746 1741/694/747 1735/695/748
f 1735/692/748 1742/696/749 1736/697/750
f 1736/697/750 1743/698/751 1737/699/752
f 1738/700/753 1743/698/751 1744/701/754
f 1739/702/755 1744/701/754 1745/703/756
f 1740/693/746 1745/703/756 1746/704/757
f 1746/704/757 1747/705/758 1741/694/747
f 1741/706/747 1748/707/759 1742/696/749
f 1742/696/749 1749/708/760 1743/698/751
f 1744/701/754 1749/708/760 1750/709/761
f 1745/703/756 1750/709/761 1751/710/762
f 1746/704/757 1751/710/762 1752/711/763
f 1747/705/758 1758/712/764 1753/713/765
f 1748/707/759 1753/714/765 1754/715/766
f 1749/708/760 1754/715/766 1755/716/767
f 1749/708/760 1756/717/768 1750/709/761
f 1750/709/761 1757/718/769 1751/710/762
f 1751/710/762 1758/712/764 1752/711/763
f 1753/713/765 1764/719/770 1759/720/771
f 1754/715/766 1759/721/771 1760/722/772
f 1755/716/767 1760/722/772 1761/723/773
f 1755/716/767 1762/724/774 1756/717/768
f 1756/717/768 1763/725/775 1757/718/769
f 1757/718/769 1764/719/770 1758/712/764
f 1764/719/770 1765/726/776 1759/720/771
f 1759/721/771 1766/727/777 1760/722/772
f 1760/722/772 1767/728/778 1761/723/773
f 1762/724/774 1767/728/778 1768/729/779
f 1763/725/775 1768/729/779 1769/730/780
f 1764/719/770 1769/730/780 1770/731/781
f 1765/726/776 1776/732/782 1771/733/783
f 1766/727/777 1771/734/783 1772/735/784
f 1767/728/778 1772/735/784 1773/736/785
f 1767/728/778 1774/737/786 1768/729/779
f 1768/729/779 1775/738/787 1769/730/780
f 1769/730/780 1776/732/782 1770/731/781
f 1771/733/783 1782/739/788 1777/740/789
f 1772/735/784 1777/741/789 1778/742/790
f 1773/736/785 1778/742/790 1779/743/791
f 1773/736/785 1780/744/792 1774/737/786
f 1774/737/786 1781/745/793 1775/738/787
f 1775/738/787 1782/739/788 1776/732/782
f 1777/740/789 1788/746/794 1783/747/795
f 1778/742/790 1783/748/795 1784/749/796
f 1779/743/791 1784/749/796 1785/750/797
f 1779/743/791 1786/751/798 1780/744/792
f 1780/744/792 1787/752/799 1781/745/793
f 1781/745/793 1788/746/794 1782/739/788
f 1794/693/800 1795/694/801 1789/695/802
f 1789/692/802 1796/696/803 1790/697/804
f 1790/697/804 1797/698/805 1791/699/806
f 1792/700/807 1797/698/805 1798/701/808
f 1793/702/809 1798/701/808 1799/703/810
f 1794/693/800 1799/703/810 1800/704/811
f 1800/704/811 1801/705/812 1795/694/801
f 1795/706/801 1802/707/813 1796/696/803
f 1796/696/803 1803/708/814 1797/698/805
f 1798/701/808 1803/708/814 1804/709/815
f 1799/703/810 1804/709/815 1805/710/816
f 1800/704/811 1805/710/816 1806/711/817
f 1801/705/812 1812/712/818 1807/713/819
f 1802/707/813 1807/714/819 1808/715/820
f 1803/708/814 1808/715/820 1809/716/821
f 1803/708/814 1810/717/822 1804/709/815
f 1804/709/815 1811/718/823 1805/710/816
f 1805/710/816 1812/712/818 1806/711/817
f 1807/713/819 1818/719/824 1813/720/825
f 1808/715/820 1813/721/825 1814/722/826
f 1809/716/821 1814/722/826 1815/723/827
f 1809/716/821 1816/724/828 1810/717/822
f 1810/717/822 1817/725/829 1811/718/823
f 1811/718/823 1818/719/824 1812/712/818
f 1818/719/824 1819/726/830 1813/720/825
f 1813/721/825 1820/727/831 1814/722/826
f 1814/722/826 1821/728/832 1815/723/827
f 1816/724/828 1821/728/832 1822/729/833
f 1817/725/829 1822/729/833 1823/730/834
f 1818/719/824 1823/730/834 1824/731/835
f 1819/726/830 1830/732/836 1825/733/837
f 1820/727/831 1825/734/837 1826/735/838
f 1821/728/832 1826/735/838 1827/736/839
f 1821/728/832 1828/737/840 1822/729/833
f 1822/729/833 1829/738/841 1823/730/834
f 1823/730/834 1830/732/836 1824/731/835
f 1825/733/837 1836/739/842 1831/740/843
f 1826/735/838 1831/741/843 1832/742/844
f 1827/736/839 1832/742/844 1833/743/845
f 1827/736/839 1834/744/846 1828/737/840
f 1828/737/840 1835/745/847 1829/738/841
f 1829/738/841 1836/739/842 1830/732/836
f 1831/740/843 1842/746/848 1837/747/849
f 1832/742/844 1837/748/849 1838/749/850
f 1833/743/845 1838/749/850 1839/750/851
f 1833/743/845 1840/751/852 1834/744/846
f 1834/744/846 1841/752/853 1835/745/847
f 1835/745/847 1842/746/848 1836/739/842
f 1843/695/854 1854/704/855 1849/694/856
f 1843/692/854 1850/696/857 1844/697/858
f 1844/697/858 1851/698/859 1845/699/860
f 1845/699/860 1852/701/861 1846/700/862
f 1846/700/862 1853/703/863 1847/702/864
f 1848/693/865 1853/703/863 1854/704/855
f 1849/694/856 1860/711/866 1855/705/867
f 1849/706/856 1856/707/868 1850/696/857
f 1850/696/857 1857/708/869 1851/698/859
f 1851/698/859 1858/709/870 1852/701/861
f 1852/701/861 1859/710/871 1853/703/863
f 1854/704/855 1859/710/871 1860/711/866
f 1860/711/866 1861/713/872 1855/705/867
f 1855/753/867 1862/715/873 1856/707/868
f 1857/708/869 1862/715/873 1863/716/874
f 1858/709/870 1863/716/874 1864/717/875
f 1858/709/870 1865/718/876 1859/710/871
f 1859/710/871 1866/712/877 1860/711/866
f 1866/712/877 1867/720/878 1861/713/872
f 1861/714/872 1868/722/879 1862/715/873
f 1863/716/874 1868/722/879 1869/723/880
f 1864/717/875 1869/723/880 1870/724/881
f 1864/717/875 1871/725/882 1865/718/876
f 1865/718/876 1872/719/883 1866/712/877
f 1867/720/878 1878/731/884 1873/726/885
f 1867/721/878 1874/727/886 1868/722/879
f 1868/722/879 1875/728/887 1869/723/880
f 1869/723/880 1876/729/888 1870/724/881
f 1870/724/881 1877/730/889 1871/725/882
f 1872/719/883 1877/730/889 1878/731/884
f 1878/731/884 1879/733/890 1873/726/885
f 1873/754/885 1880/735/891 1874/727/886
f 1875/728/887 1880/735/891 1881/736/892
f 1876/729/888 1881/736/892 1882/737/893
f 1876/729/888 1883/738/894 1877/730/889
f 1877/730/889 1884/732/895 1878/731/884
f 1884/732/895 1885/740/896 1879/733/890
f 1879/734/890 1886/742/897 1880/735/891
f 1881/736/892 1886/742/897 1887/743/898
f 1882/737/893 1887/743/898 1888/744/899
f 1882/737/893 1889/745/900 1883/738/894
f 1883/738/894 1890/739/901 1884/732/895
f 1890/739/901 1891/747/902 1885/740/896
f 1885/741/896 1892/749/903 1886/742/897
f 1887/743/898 1892/749/903 1893/750/904
f 1888/744/899 1893/750/904 1894/751/905
f 1888/744/899 1895/752/906 1889/745/900
f 1889/745/900 1896/746/907 1890/739/901
f 1897/695/908 1908/704/909 1903/694/910
f 1898/697/911 1903/706/910 1904/696/912
f 1899/699/913 1904/696/912 1905/698/914
f 1899/699/913 1906/701/915 1900/700/916
f 1900/700/916 1907/703/917 1901/702/918
f 1901/702/918 1908/704/909 1902/693/919
f 1903/694/910 1914/711/920 1909/705/921
f 1904/696/912 1909/753/921 1910/707/922
f 1905/698/914 1910/707/922 1911/708/923
f 1905/698/914 1912/709/924 1906/701/915
f 1906/701/915 1913/710/925 1907/703/917
f 1907/703/917 1914/711/920 1908/704/909
f 1914/711/920 1915/713/926 1909/705/921
f 1909/753/921 1916/715/927 1910/707/922
f 1910/707/922 1917/716/928 1911/708/923
f 1912/709/924 1917/716/928 1918/717/929
f 1913/710/925 1918/717/929 1919/718/930
f 1914/711/920 1919/718/930 1920/712/931
f 1920/712/931 1921/720/932 1915/713/926
f 1915/714/926 1922/722/933 1916/715/927
f 1916/715/927 1923/723/934 1917/716/928
f 1918/717/929 1923/723/934 1924/724/935
f 1919/718/930 1924/724/935 1925/725/936
f 1920/712/931 1925/725/936 1926/719/937
f 1921/720/932 1932/731/938 1927/726/939
f 1922/722/933 1927/754/939 1928/727/940
f 1923/723/934 1928/727/940 1929/728/941
f 1923/723/934 1930/729/942 1924/724/935
f 1924/724/935 1931/730/943 1925/725/936
f 1925/725/936 1932/731/938 1926/719/937
f 1932/731/938 1933/733/944 1927/726/939
f 1927/754/939 1934/735/945 1928/727/940
f 1928/727/940 1935/736/946 1929/728/941
f 1930/729/942 1935/736/946 1936/737/947
f 1931/730/943 1936/737/947 1937/738/948
f 1932/731/938 1937/738/948 1938/732/949
f 1938/732/949 1939/740/950 1933/733/944
f 1933/734/944 1940/742/951 1934/735/945
f 1934/735/945 1941/743/952 1935/736/946
f 1936/737/947 1941/743/952 1942/744/953
f 1937/738/948 1942/744/953 1943/745/954
f 1938/732/949 1943/745/954 1944/739/955
f 1944/739/955 1945/747/956 1939/740/950
f 1939/741/950 1946/749/957 1940/742/951
f 1940/742/951 1947/750/958 1941/743/952
f 1942/744/953 1947/750/958 1948/751/959
f 1943/745/954 1948/751/959 1949/752/960
f 1944/739/955 1949/752/960 1950/746/961
f 1951/695/962 1962/704/963 1957/694/964
f 1952/697/965 1957/706/964 1958/696/966
f 1953/699/967 1958/696/966 1959/698/968
f 1953/699/967 1960/701/969 1954/700/970
f 1954/700/970 1961/703/971 1955/702/972
f 1955/702/972 1962/704/963 1956/693/973
f 1957/694/964 1968/711/974 1963/705/975
f 1958/696/966 1963/753/975 1964/707/976
f 1959/698/968 1964/707/976 1965/708/977
f 1959/698/968 1966/709/978 1960/701/969
f 1960/701/969 1967/710/979 1961/703/971
f 1961/703/971 1968/711/974 1962/704/963
f 1968/711/974 1969/713/980 1963/705/975
f 1963/753/975 1970/715/981 1964/707/976
f 1964/707/976 1971/716/982 1965/708/977
f 1966/709/978 1971/716/982 1972/717/983
f 1967/710/979 1972/717/983 1973/718/984
f 1968/711/974 1973/718/984 1974/712/985
f 1974/712/985 1975/720/986 1969/713/980
f 1969/714/980 1976/722/987 1970/715/981
f 1970/715/981 1977/723/988 1971/716/982
f 1972/717/983 1977/723/988 1978/724/989
f 1973/718/984 1978/724/989 1979/725/990
f 1974/712/985 1979/725/990 1980/719/991
f 1975/720/986 1986/731/992 1981/726/993
f 1976/722/987 1981/754/993 1982/727/994
f 1977/723/988 1982/727/994 1983/728/995
f 1977/723/988 1984/729/996 1978/724/989
f 1978/724/989 1985/730/997 1979/725/990
f 1979/725/990 1986/731/992 1980/719/991
f 1986/731/992 1987/733/998 1981/726/993
f 1981/754/993 1988/735/999 1982/727/994
f 1982/727/994 1989/736/1000 1983/728/995
f 1984/729/996 1989/736/1000 1990/737/1001
f 1985/730/997 1990/737/1001 1991/738/1002
f 1986/731/992 1991/738/1002 1992/732/1003
f 1992/732/1003 1993/740/1004 1987/733/998
f 1987/734/998 1994/742/1005 1988/735/999
f 1988/735/999 1995/743/1006 1989/736/1000
f 1990/737/1001 1995/743/1006 1996/744/1007
f 1991/738/1002 1996/744/1007 1997/745/1008
f 1992/732/1003 1997/745/1008 1998/739/1009
f 1998/739/1009 1999/747/1010 1993/740/1004
f 1993/741/1004 2000/749/1011 1994/742/1005
f 1994/742/1005 2001/750/1012 1995/743/1006
f 1996/744/1007 2001/750/1012 2002/751/1013
f 1997/745/1008 2002/751/1013 2003/752/1014
f 1998/739/1009 2003/752/1014 2004/746/1015
f 2056/693/1066 2057/694/1067 2051/695/1068
f 2051/692/1068 2058/696/1069 2052/697/1070
f 2052/697/1070 2059/698/1071 2053/699/1072
f 2054/700/1073 2059/698/1071 2060/701/1074
f 2055/702/1075 2060/701/1074 2061/703/1076
f 2056/693/1066 2061/703/1076 2062/704/1077
f 2062/704/1077 2063/705/1078 2057/694/1067
f 2057/706/1067 2064/707/1079 2058/696/1069
f 2058/696/1069 2065/708/1080 2059/698/1071
f 2060/701/1074 2065/708/1080 2066/709/1081
f 2061/703/1076 2066/709/1081 2067/710/1082
f 2062/704/1077 2067/710/1082 2068/711/1083
f 2063/705/1078 2074/712/1084 2069/713/1085
f 2064/707/1079 2069/714/1085 2070/715/1086
f 2065/708/1080 2070/715/1086 2071/716/1087
f 2065/708/1080 2072/717/1088 2066/709/1081
f 2066/709/1081 2073/718/1089 2067/710/1082
f 2067/710/1082 2074/712/1084 2068/711/1083
f 2069/713/1085 2080/719/1090 2075/720/1091
f 2070/715/1086 2075/721/1091 2076/722/1092
f 2071/716/1087 2076/722/1092 2077/723/1093
f 2071/716/1087 2078/724/1094 2072/717/1088
f 2072/717/1088 2079/725/1095 2073/718/1089
f 2073/718/1089 2080/719/1090 2074/712/1084
f 2080/719/1090 2081/726/1096 2075/720/1091
f 2075/721/1091 2082/727/1097 2076/722/1092
f 2076/722/1092 2083/728/1098 2077/723/1093
f 2078/724/1094 2083/728/1098 2084/729/1099
f 2079/725/1095 2084/729/1099 2085/730/1100
f 2080/719/1090 2085/730/1100 2086/731/1101
f 2081/726/1096 2092/732/1102 2087/733/1103
f 2082/727/1097 2087/734/1103 2088/735/1104
f 2083/728/1098 2088/735/1104 2089/736/1105
f 2083/728/1098 2090/737/1106 2084/729/1099
f 2084/729/1099 2091/738/1107 2085/730/1100
f 2085/730/1100 2092/732/1102 2086/731/1101
f 2087/733/1103 2098/739/1108 2093/740/1109
f 2088/735/1104 2093/741/1109 2094/742/1110
f 2089/736/1105 2094/742/1110 2095/743/1111
f 2089/736/1105 2096/744/1112 2090/737/1106
f 2090/737/1106 2097/745/1113 2091/738/1107
f 2091/738/1107 2098/739/1108 2092/732/1102
f 2093/740/1109 2104/746/1114 2099/747/1115
f 2094/742/1110 2099/748/1115 2100/749/1116
f 2095/743/1111 2100/749/1116 2101/750/1117
f 2095/743/1111 2102/751/1118 2096/744/1112
f 2096/744/1112 2103/752/1119 2097/745/1113
f 2097/745/1113 2104/746/1114 2098/739/1108
f 2110/693/1120 2111/694/1121 2105/695/1122
f 2105/692/1122 2112/696/1123 2106/697/1124
f 2106/697/1124 2113/698/1125 2107/699/1126
f 2108/700/1127 2113/698/1125 2114/701/1128
f 2109/702/1129 2114/701/1128 2115/703/1130
f 2110/693/1120 2115/703/1130 2116/704/1131
f 2116/704/1131 2117/705/1132 2111/694/1121
f 2111/706/1121 2118/707/1133 2112/696/1123
f 2112/696/1123 2119/708/1134 2113/698/1125
f 2114/701/1128 2119/708/1134 2120/709/1135
f 2115/703/1130 2120/709/1135 2121/710/1136
f 2116/704/1131 2121/710/1136 2122/711/1137
f 2117/705/1132 2128/712/1138 2123/713/1139
f 2118/707/1133 2123/714/1139 2124/715/1140
f 2119/708/1134 2124/715/1140 2125/716/1141
f 2119/708/1134 2126/717/1142 2120/709/1135
f 2120/709/1135 2127/718/1143 2121/710/1136
f 2121/710/1136 2128/712/1138 2122/711/1137
f 2123/713/1139 2134/719/1144 2129/720/1145
f 2124/715/1140 2129/721/1145 2130/722/1146
f 2125/716/1141 2130/722/1146 2131/723/1147
f 2125/716/1141 2132/724/1148 2126/717/1142
f 2126/717/1142 2133/725/1149 2127/718/1143
f 2127/718/1143 2134/719/1144 2128/712/1138
f 2134/719/1144 2135/726/1150 2129/720/1145
f 2129/721/1145 2136/727/1151 2130/722/1146
f 2130/722/1146 2137/728/1152 2131/723/1147
f 2132/724/1148 2137/728/1152 2138/729/1153
f 2133/725/1149 2138/729/1153 2139/730/1154
f 2134/719/1144 2139/730/1154 2140/731/1155
f 2135/726/1150 2146/732/1156 2141/733/1157
f 2136/727/1151 2141/734/1157 2142/735/1158
f 2137/728/1152 2142/735/1158 2143/736/1159
f 2137/728/1152 2144/737/1160 2138/729/1153
f 2138/729/1153 2145/738/1161 2139/730/1154
f 2139/730/1154 2146/732/1156 2140/731/1155
f 2141/733/1157 2152/739/1162 2147/740/1163
f 2142/735/1158 2147/741/1163 2148/742/1164
f 2143/736/1159 2148/742/1164 2149/743/1165
f 2143/736/1159 2150/744/1166 2144/737/1160
f 2144/737/1160 2151/745/1167 2145/738/1161
f 2145/738/1161 2152/739/1162 2146/732/1156
f 2147/740/1163 2158/746/1168 2153/747/1169
f 2148/742/1164 2153/748/1169 2154/749/1170
f 2149/743/1165 2154/749/1170 2155/750/1171
f 2149/743/1165 2156/751/1172 2150/744/1166
f 2150/744/1166 2157/752/1173 2151/745/1167
f 2151/745/1167 2158/746/1168 2152/739/1162
f 2159/695/1174 2170/704/1175 2165/694/1176
f 2159/692/1174 2166/696/1177 2160/697/1178
f 2160/697/1178 2167/698/1179 2161/699/1180
f 2161/699/1180 2168/701/1181 2162/700/1182
f 2162/700/1182 2169/703/1183 2163/702/1184
f 2164/693/1185 2169/703/1183 2170/704/1175
f 2165/694/1176 2176/711/1186 2171/705/1187
f 2165/706/1176 2172/707/1188 2166/696/1177
f 2166/696/1177 2173/708/1189 2167/698/1179
f 2167/698/1179 2174/709/1190 2168/701/1181
f 2168/701/1181 2175/710/1191 2169/703/1183
f 2170/704/1175 2175/710/1191 2176/711/1186
f 2176/711/1186 2177/713/1192 2171/705/1187
f 2171/753/1187 2178/715/1193 2172/707/1188
f 2173/708/1189 2178/715/1193 2179/716/1194
f 2174/709/1190 2179/716/1194 2180/717/1195
f 2174/709/1190 2181/718/1196 2175/710/1191
f 2175/710/1191 2182/712/1197 2176/711/1186
f 2182/712/1197 2183/720/1198 2177/713/1192
f 2177/714/1192 2184/722/1199 2178/715/1193
f 2179/716/1194 2184/722/1199 2185/723/1200
f 2180/717/1195 2185/723/1200 2186/724/1201
f 2180/717/1195 2187/725/1202 2181/718/1196
f 2181/718/1196 2188/719/1203 2182/712/1197
f 2183/720/1198 2194/731/1204 2189/726/1205
f 2183/721/1198 2190/727/1206 2184/722/1199
f 2184/722/1199 2191/728/1207 2185/723/1200
f 2185/723/1200 2192/729/1208 2186/724/1201
f 2186/724/1201 2193/730/1209 2187/725/1202
f 2188/719/1203 2193/730/1209 2194/731/1204
f 2194/731/1204 2195/733/1210 2189/726/1205
f 2189/754/1205 2196/735/1211 2190/727/1206
f 2191/728/1207 2196/735/1211 2197/736/1212
f 2192/729/1208 2197/736/1212 2198/737/1213
f 2192/729/1208 2199/738/1214 2193/730/1209
f 2193/730/1209 2200/732/1215 2194/731/1204
f 2200/732/1215 2201/740/1216 2195/733/1210
f 2195/734/1210 2202/742/1217 2196/735/1211
f 2197/736/1212 2202/742/1217 2203/743/1218
f 2198/737/1213 2203/743/1218 2204/744/1219
f 2198/737/1213 2205/745/1220 2199/738/1214
f 2199/738/1214 2206/739/1221 2200/732/1215
f 2206/739/1221 2207/747/1222 2201/740/1216
f 2201/741/1216 2208/749/1223 2202/742/1217
f 2203/743/1218 2208/749/1223 2209/750/1224
f 2204/744/1219 2209/750/1224 2210/751/1225
f 2204/744/1219 2211/752/1226 2205/745/1220
f 2205/745/1220 2212/746/1227 2206/739/1221
f 2213/695/1228 2224/704/1229 2219/694/1230
f 2214/697/1231 2219/706/1230 2220/696/1232
f 2215/699/1233 2220/696/1232 2221/698/1234
f 2215/699/1233 2222/701/1235 2216/700/1236
f 2216/700/1236 2223/703/1237 2217/702/1238
f 2217/702/1238 2224/704/1229 2218/693/1239
f 2219/694/1230 2230/711/1240 2225/705/1241
f 2220/696/1232 2225/753/1241 2226/707/1242
f 2221/698/1234 2226/707/1242 2227/708/1243
f 2221/698/1234 2228/709/1244 2222/701/1235
f 2222/701/1235 2229/710/1245 2223/703/1237
f 2223/703/1237 2230/711/1240 2224/704/1229
f 2230/711/1240 2231/713/1246 2225/705/1241
f 2225/753/1241 2232/715/1247 2226/707/1242
f 2226/707/1242 2233/716/1248 2227/708/1243
f 2228/709/1244 2233/716/1248 2234/717/1249
f 2229/710/1245 2234/717/1249 2235/718/1250
f 2230/711/1240 2235/718/1250 2236/712/1251
f 2236/712/1251 2237/720/1252 2231/713/1246
f 2231/714/1246 2238/722/1253 2232/715/1247
f 2232/715/1247 2239/723/1254 2233/716/1248
f 2234/717/1249 2239/723/1254 2240/724/1255
f 2235/718/1250 2240/724/1255 2241/725/1256
f 2236/712/1251 2241/725/1256 2242/719/1257
f 2237/720/1252 2248/731/1258 2243/726/1259
f 2238/722/1253 2243/754/1259 2244/727/1260
f 2239/723/1254 2244/727/1260 2245/728/1261
f 2239/723/1254 2246/729/1262 2240/724/1255
f 2240/724/1255 2247/730/1263 2241/725/1256
f 2241/725/1256 2248/731/1258 2242/719/1257
f 2248/731/1258 2249/733/1264 2243/726/1259
f 2243/754/1259 2250/735/1265 2244/727/1260
f 2244/727/1260 2251/736/1266 2245/728/1261
f 2246/729/1262 2251/736/1266 2252/737/1267
f 2247/730/1263 2252/737/1267 2253/738/1268
f 2248/731/1258 2253/738/1268 2254/732/1269
f 2254/732/1269 2255/740/1270 2249/733/1264
f 2249/734/1264 2256/742/1271 2250/735/1265
f 2250/735/1265 2257/743/1272 2251/736/1266
f 2252/737/1267 2257/743/1272 2258/744/1273
f 2253/738/1268 2258/744/1273 2259/745/1274
f 2254/732/1269 2259/745/1274 2260/739/1275
f 2260/739/1275 2261/747/1276 2255/740/1270
f 2255/741/1270 2262/749/1277 2256/742/1271
f 2256/742/1271 2263/750/1278 2257/743/1272
f 2258/744/1273 2263/750/1278 2264/751/1279
f 2259/745/1274 2264/751/1279 2265/752/1280
f 2260/739/1275 2265/752/1280 2266/746/1281
f 2267/695/1282 2278/704/1283 2273/694/1284
f 2268/697/1285 2273/706/1284 2274/696/1286
f 2269/699/1287 2274/696/1286 2275/698/1288
f 2269/699/1287 2276/701/1289 2270/700/1290
f 2270/700/1290 2277/703/1291 2271/702/1292
f 2271/702/1292 2278/704/1283 2272/693/1293
f 2273/694/1284 2284/711/1294 2279/705/1295
f 2274/696/1286 2279/753/1295 2280/707/1296
f 2275/698/1288 2280/707/1296 2281/708/1297
f 2275/698/1288 2282/709/1298 2276/701/1289
f 2276/701/1289 2283/710/1299 2277/703/1291
f 2277/703/1291 2284/711/1294 2278/704/1283
f 2284/711/1294 2285/713/1300 2279/705/1295
f 2279/753/1295 2286/715/1301 2280/707/1296
f 2280/707/1296 2287/716/1302 2281/708/1297
f 2282/709/1298 2287/716/1302 2288/717/1303
f 2283/710/1299 2288/717/1303 2289/718/1304
f 2284/711/1294 2289/718/1304 2290/712/1305
f 2290/712/1305 2291/720/1306 2285/713/1300
f 2285/714/1300 2292/722/1307 2286/715/1301
f 2286/715/1301 2293/723/1308 2287/716/1302
f 2288/717/1303 2293/723/1308 2294/724/1309
f 2289/718/1304 2294/724/1309 2295/725/1310
f 2290/712/1305 2295/725/1310 2296/719/1311
f 2291/720/1306 2302/731/1312 2297/726/1313
f 2292/722/1307 2297/754/1313 2298/727/1314
f 2293/723/1308 2298/727/1314 2299/728/1315
f 2293/723/1308 2300/729/1316 2294/724/1309
f 2294/724/1309 2301/730/1317 2295/725/1310
f 2295/725/1310 2302/731/1312 2296/719/1311
f 2302/731/1312 2303/733/1318 2297/726/1313
f 2297/754/1313 2304/735/1319 2298/727/1314
f 2298/727/1314 2305/736/1320 2299/728/1315
f 2300/729/1316 2305/736/1320 2306/737/1321
f 2301/730/1317 2306/737/1321 2307/738/1322
f 2302/731/1312 2307/738/1322 2308/732/1323
f 2308/732/1323 2309/740/1324 2303/733/1318
f 2303/734/1318 2310/742/1325 2304/735/1319
f 2304/735/1319 2311/743/1326 2305/736/1320
f 2306/737/1321 2311/743/1326 2312/744/1327
f 2307/738/1322 2312/744/1327 2313/745/1328
f 2308/732/1323 2313/745/1328 2314/739/1329
f 2314/739/1329 2315/747/1330 2309/740/1324
f 2309/741/1324 2316/749/1331 2310/742/1325
f 2310/742/1325 2317/750/1332 2311/743/1326
f 2312/744/1327 2317/750/1332 2318/751/1333
f 2313/745/1328 2318/751/1333 2319/752/1334
f 2314/739/1329 2319/752/1334 2320/746/1335
f 2394/792/1408 2398/793/1409 2393/794/26
f 2395/720/1410 2399/795/1411 2394/792/1408
f 2396/796/1412 2400/797/1413 2395/721/1410
f 2397/798/1414 2401/799/1415 2396/796/1412
f 2397/798/1414 2398/793/1409 2402/800/1416
f 2398/793/1409 2404/801/1417 2403/802/1418
f 2400/803/1413 2404/801/1417 2399/795/1411
f 2401/799/1415 2405/804/1419 2400/797/1413
f 2402/800/1416 2406/805/1420 2401/799/1415
f 2398/793/1409 2407/806/1421 2402/800/1416
f 2404/801/1417 2408/807/1422 2403/802/1418
f 2405/808/1419 2409/809/1423 2404/801/1417
f 2406/805/1420 2410/810/1424 2405/804/1419
f 2406/805/1420 2412/811/1425 2411/812/1426
f 2407/806/1421 2408/807/1422 2412/811/1425
f 2409/809/1423 2413/813/1427 2408/807/1422
f 2410/814/1424 2414/815/1428 2409/809/1423
f 2411/812/1426 2415/816/1429 2410/810/1424
f 2412/811/1425 2416/817/1430 2411/812/1426
f 2408/807/1422 2417/818/1431 2412/811/1425
f 2414/815/1428 2418/819/1432 2413/813/1427
f 2414/815/1428 2420/820/1433 2419/821/1434
f 2416/817/1430 2420/822/1433 2415/816/1429
f 2417/818/1431 2421/823/1435 2416/817/1430
f 2413/813/1427 2422/824/1436 2417/818/1431
f 2419/821/1434 2423/825/1437 2418/819/1432
f 2420/820/1433 2424/826/1438 2419/821/1434
f 2421/823/1435 2425/827/1439 2420/822/1433
f 2421/823/1435 2427/828/1440 2426/829/1441
f 2418/819/1432 2427/828/1440 2422/824/1436
f 2423/825/1437 2429/830/1442 2428/831/22
f 2424/826/1438 2430/747/1443 2429/830/1442
f 2426/829/1441 2430/748/1443 2425/827/1439
f 2426/829/1441 2432/832/1444 2431/833/1445
f 2423/825/1437 2432/832/1444 2427/828/1440
f 2429/834/1442 2433/835/1446 2428/836/22
f 2429/834/1442 2435/837/1447 2434/838/1448
f 2431/839/1445 2435/840/1447 2430/841/1443
f 2432/842/1444 2436/843/1449 2431/839/1445
f 2428/836/22 2437/844/1450 2432/842/1444
f 2434/838/1448 2438/845/1451 2433/835/1446
f 2434/838/1448 2440/846/1452 2439/847/1453
f 2436/843/1449 2440/848/1452 2435/840/1447
f 2437/844/1450 2441/849/1454 2436/843/1449
f 2433/835/1446 2442/850/1455 2437/844/1450
f 2439/847/1453 2443/851/1456 2438/845/1451
f 2439/847/1453 2445/852/1457 2444/853/1458
f 2441/849/1454 2445/854/1457 2440/848/1452
f 2441/849/1454 2447/855/1459 2446/856/1460
f 2438/845/1451 2447/855/1459 2442/850/1455
f 2443/851/1456 2449/857/1461 2448/858/1462
f 2445/852/1457 2449/857/1461 2444/853/1458
f 2446/856/1460 2450/859/1463 2445/854/1457
f 2447/855/1459 2451/860/1464 2446/856/1460
f 2443/851/1456 2452/861/1465 2447/855/1459
f 2448/858/1462 2454/862/1466 2453/863/1467
f 2449/857/1461 2455/864/1468 2454/862/1466
f 2451/860/1464 2455/865/1468 2450/859/1463
f 2451/860/1464 2457/866/1469 2456/867/1470
f 2452/861/1465 2453/863/1467 2457/866/1469
f 2454/862/1466 2458/868/1471 2453/863/1467
f 2454/862/1466 2460/869/1472 2459/870/1473
f 2456/867/1470 2460/871/1472 2455/865/1468
f 2456/867/1470 2462/872/1474 2461/873/1475
f 2453/863/1467 2462/872/1474 2457/866/1469
f 2458/868/1471 2394/792/1408 2393/794/26
f 2460/869/1472 2394/792/1408 2459/870/1473
f 2461/873/1475 2395/721/1410 2460/871/1472
f 2461/873/1475 2397/798/1414 2396/796/1412
f 2458/868/1471 2397/798/1414 2462/872/1474
f 2862/693/426 2863/694/427 2857/695/428
f 2857/692/428 2864/696/429 2858/697/430
f 2858/697/430 2865/698/431 2859/699/432
f 2860/700/433 2865/698/431 2866/701/434
f 2861/702/435 2866/701/434 2867/703/436
f 2862/693/426 2867/703/436 2868/704/437
f 2868/704/437 2869/705/438 2863/694/427
f 2863/706/427 2870/707/439 2864/696/429
f 2864/696/429 2871/708/440 2865/698/431
f 2866/701/434 2871/708/440 2872/709/441
f 2867/703/436 2872/709/441 2873/710/442
f 2868/704/437 2873/710/442 2874/711/443
f 2869/705/438 2880/712/444 2875/713/445
f 2870/707/439 2875/714/445 2876/715/446
f 2871/708/440 2876/715/446 2877/716/447
f 2871/708/440 2878/717/448 2872/709/441
f 2872/709/441 2879/718/449 2873/710/442
f 2873/710/442 2880/712/444 2874/711/443
f 2875/713/445 2886/719/450 2881/720/451
f 2876/715/446 2881/721/451 2882/722/452
f 2877/716/447 2882/722/452 2883/723/453
f 2877/716/447 2884/724/454 2878/717/448
f 2878/717/448 2885/725/455 2879/718/449
f 2879/718/449 2886/719/450 2880/712/444
f 2886/719/450 2887/726/456 2881/720/451
f 2881/721/451 2888/727/457 2882/722/452
f 2882/722/452 2889/728/458 2883/723/453
f 2884/724/454 2889/728/458 2890/729/459
f 2885/725/455 2890/729/459 2891/730/460
f 2886/719/450 2891/730/460 2892/731/461
f 2887/726/456 2898/732/462 2893/733/463
f 2888/727/457 2893/734/463 2894/735/464
f 2889/728/458 2894/735/464 2895/736/465
f 2889/728/458 2896/737/466 2890/729/459
f 2890/729/459 2897/738/467 2891/730/460
f 2891/730/460 2898/732/462 2892/731/461
f 2893/733/463 2904/739/1484 2899/740/469
f 2894/735/464 2899/741/469 2900/742/470
f 2895/736/465 2900/742/470 2901/743/471
f 2895/736/465 2902/744/472 2896/737/466
f 2896/737/466 2903/745/473 2897/738/467
f 2897/738/467 2904/739/1484 2898/732/462
f 2899/740/469 2910/746/474 2905/747/475
f 2900/742/470 2905/748/475 2906/749/476
f 2901/743/471 2906/749/476 2907/750/1485
f 2901/743/471 2908/751/478 2902/744/472
f 2902/744/472 2909/752/479 2903/745/473
f 2903/745/473 2910/746/474 2904/739/1484
f 2916/693/480 2917/694/481 2911/695/482
f 2911/692/482 2918/696/483 2912/697/484
f 2912/697/484 2919/698/485 2913/699/486
f 2914/700/487 2919/698/485 2920/701/488
f 2915/702/489 2920/701/488 2921/703/490
f 2916/693/480 2921/703/490 2922/704/491
f 2922/704/491 2923/705/492 2917/694/481
f 2917/706/481 2924/707/493 2918/696/483
f 2918/696/483 2925/708/494 2919/698/485
f 2920/701/488 2925/708/494 2926/709/495
f 2921/703/490 2926/709/495 2927/710/496
f 2922/704/491 2927/710/496 2928/711/497
f 2923/705/492 2934/712/498 2929/713/499
f 2924/707/493 2929/714/499 2930/715/500
f 2925/708/494 2930/715/500 2931/716/501
f 2925/708/494 2932/717/502 2926/709/495
f 2926/709/495 2933/718/503 2927/710/496
f 2927/710/496 2934/712/498 2928/711/497
f 2929/713/499 2940/719/504 2935/720/505
f 2930/715/500 2935/721/505 2936/722/506
f 2931/716/501 2936/722/506 2937/723/507
f 2931/716/501 2938/724/1486 2932/717/502
f 2932/717/502 2939/725/509 2933/718/503
f 2933/718/503 2940/719/504 2934/712/498
f 2940/719/504 2941/726/510 2935/720/505
f 2935/721/505 2942/727/511 2936/722/506
f 2936/722/506 2943/728/512 2937/723/507
f 2938/724/1486 2943/728/512 2944/729/513
f 2939/725/509 2944/729/513 2945/730/514
f 2940/719/504 2945/730/514 2946/731/515
f 2941/726/510 2952/732/516 2947/733/517
f 2942/727/511 2947/734/517 2948/735/518
f 2943/728/512 2948/735/518 2949/736/519
f 2943/728/512 2950/737/520 2944/729/513
f 2944/729/513 2951/738/521 2945/730/514
f 2945/730/514 2952/732/516 2946/731/515
f 2947/733/517 2958/739/522 2953/740/523
f 2948/735/518 2953/741/523 2954/742/524
f 2949/736/519 2954/742/524 2955/743/525
f 2949/736/519 2956/744/526 2950/737/520
f 2950/737/520 2957/745/527 2951/738/521
f 2951/738/521 2958/739/522 2952/732/516
f 2953/740/523 2964/746/528 2959/747/529
f 2954/742/524 2959/748/529 2960/749/530
f 2955/743/525 2960/749/530 2961/750/531
f 2955/743/525 2962/751/532 2956/744/526
f 2956/744/526 2963/752/533 2957/745/527
f 2957/745/527 2964/746/528 2958/739/522
f 2965/695/534 2976/704/535 2971/694/536
f 2965/692/534 2972/696/537 2966/697/538
f 2966/697/538 2973/698/539 2967/699/540
f 2967/699/540 2974/701/541 2968/700/1487
f 2968/700/1487 2975/703/543 2969/702/1488
f 2970/693/545 2975/703/543 2976/704/535
f 2971/694/536 2982/711/546 2977/705/547
f 2971/706/536 2978/707/548 2972/696/537
f 2972/696/537 2979/708/549 2973/698/539
f 2973/698/539 2980/709/550 2974/701/541
f 2974/701/541 2981/710/551 2975/703/543
f 2976/704/535 2981/710/551 2982/711/546
f 2982/711/546 2983/713/552 2977/705/547
f 2977/753/547 2984/715/553 2978/707/548
f 2979/708/549 2984/715/553 2985/716/554
f 2980/709/550 2985/716/554 2986/717/555
f 2980/709/550 2987/718/556 2981/710/551
f 2981/710/551 2988/712/557 2982/711/546
f 2988/712/557 2989/720/558 2983/713/552
f 2983/714/552 2990/722/559 2984/715/553
f 2985/716/554 2990/722/559 2991/723/560
f 2986/717/555 2991/723/560 2992/724/561
f 2986/717/555 2993/725/562 2987/718/556
f 2987/718/556 2994/719/563 2988/712/557
f 2989/720/558 3000/731/564 2995/726/565
f 2989/721/558 2996/727/566 2990/722/559
f 2990/722/559 2997/728/567 2991/723/560
f 2991/723/560 2998/729/568 2992/724/561
f 2992/724/561 2999/730/569 2993/725/562
f 2994/719/563 2999/730/569 3000/731/564
f 3000/731/564 3001/733/570 2995/726/565
f 2995/754/565 3002/735/1489 2996/727/566
f 2997/728/567 3002/735/1489 3003/736/572
f 2998/729/568 3003/736/572 3004/737/573
f 2998/729/568 3005/738/574 2999/730/569
f 2999/730/569 3006/732/575 3000/731/564
f 3006/732/575 3007/740/576 3001/733/570
f 3001/734/570 3008/742/577 3002/735/1489
f 3003/736/572 3008/742/577 3009/743/578
f 3004/737/573 3009/743/578 3010/744/579
f 3004/737/573 3011/745/580 3005/738/574
f 3005/738/574 3012/739/581 3006/732/575
f 3012/739/581 3013/747/582 3007/740/576
f 3007/741/576 3014/749/1490 3008/742/577
f 3009/743/578 3014/749/1490 3015/750/584
f 3010/744/579 3015/750/584 3016/751/585
f 3010/744/579 3017/752/1491 3011/745/580
f 3011/745/580 3018/746/587 3012/739/581
f 3019/695/588 3030/704/589 3025/694/590
f 3020/697/591 3025/706/590 3026/696/592
f 3021/699/593 3026/696/592 3027/698/594
f 3021/699/593 3028/701/595 3022/700/596
f 3022/700/596 3029/703/597 3023/702/598
f 3023/702/598 3030/704/589 3024/693/599
f 3025/694/590 3036/711/600 3031/705/601
f 3026/696/592 3031/753/601 3032/707/602
f 3027/698/594 3032/707/602 3033/708/603
f 3027/698/594 3034/709/604 3028/701/595
f 3028/701/595 3035/710/605 3029/703/597
f 3029/703/597 3036/711/600 3030/704/589
f 3036/711/600 3037/713/606 3031/705/601
f 3031/753/601 3038/715/607 3032/707/602
f 3032/707/602 3039/716/608 3033/708/603
f 3034/709/604 3039/716/608 3040/717/609
f 3035/710/605 3040/717/609 3041/718/610
f 3036/711/600 3041/718/610 3042/712/611
f 3042/712/611 3043/720/612 3037/713/606
f 3037/714/606 3044/722/613 3038/715/607
f 3038/715/607 3045/723/614 3039/716/608
f 3040/717/609 3045/723/614 3046/724/615
f 3041/718/610 3046/724/615 3047/725/616
f 3042/712/611 3047/725/616 3048/719/617
f 3043/720/612 3054/731/618 3049/726/619
f 3044/722/613 3049/754/619 3050/727/620
f 3045/723/614 3050/727/620 3051/728/621
f 3045/723/614 3052/729/622 3046/724/615
f 3046/724/615 3053/730/623 3047/725/616
f 3047/725/616 3054/731/618 3048/719/617
f 3054/731/618 3055/733/624 3049/726/619
f 3049/754/619 3056/735/625 3050/727/620
f 3050/727/620 3057/736/626 3051/728/621
f 3052/729/622 3057/736/626 3058/737/627
f 3053/730/623 3058/737/627 3059/738/628
f 3054/731/618 3059/738/628 3060/732/629
f 3060/732/629 3061/740/630 3055/733/624
f 3055/734/624 3062/742/631 3056/735/625
f 3056/735/625 3063/743/632 3057/736/626
f 3058/737/627 3063/743/632 3064/744/633
f 3059/738/628 3064/744/633 3065/745/634
f 3060/732/629 3065/745/634 3066/739/635
f 3066/739/635 3067/747/636 3061/740/630
f 3061/741/630 3068/749/637 3062/742/631
f 3062/742/631 3069/750/638 3063/743/632
f 3064/744/633 3069/750/638 3070/751/1492
f 3065/745/634 3070/751/1492 3071/752/640
f 3066/739/635 3071/752/640 3072/746/641
f 3073/695/642 3084/704/643 3079/694/644
f 3074/697/645 3079/706/644 3080/696/646
f 3075/699/647 3080/696/646 3081/698/648
f 3075/699/647 3082/701/649 3076/700/650
f 3076/700/650 3083/703/651 3077/702/652
f 3077/702/652 3084/704/643 3078/693/653
f 3079/694/644 3090/711/654 3085/705/655
f 3080/696/646 3085/753/655 3086/707/656
f 3081/698/648 3086/707/656 3087/708/657
f 3081/698/648 3088/709/658 3082/701/649
f 3082/701/649 3089/710/659 3083/703/651
f 3083/703/651 3090/711/654 3084/704/643
f 3090/711/654 3091/713/660 3085/705/655
f 3085/753/655 3092/715/661 3086/707/656
f 3086/707/656 3093/716/1493 3087/708/657
f 3088/709/658 3093/716/1493 3094/717/663
f 3089/710/659 3094/717/663 3095/718/1494
f 3090/711/654 3095/718/1494 3096/712/665
f 3096/712/665 3097/720/666 3091/713/660
f 3091/714/660 3098/722/667 3092/715/661
f 3092/715/661 3099/723/668 3093/716/1493
f 3094/717/663 3099/723/668 3100/724/669
f 3095/718/1494 3100/724/669 3101/725/670
f 3096/712/665 3101/725/670 3102/719/671
f 3097/720/666 3108/731/672 3103/726/673
f 3098/722/667 3103/754/673 3104/727/674
f 3099/723/668 3104/727/674 3105/728/1495
f 3099/723/668 3106/729/676 3100/724/669
f 3100/724/669 3107/730/677 3101/725/670
f 3101/725/670 3108/731/672 3102/719/671
f 3108/731/672 3109/733/678 3103/726/673
f 3103/754/673 3110/735/679 3104/727/674
f 3104/727/674 3111/736/680 3105/728/1495
f 3106/729/676 3111/736/680 3112/737/681
f 3107/730/677 3112/737/681 3113/738/682
f 3108/731/672 3113/738/682 3114/732/683
f 3114/732/683 3115/740/1496 3109/733/678
f 3109/734/678 3116/742/1497 3110/735/679
f 3110/735/679 3117/743/686 3111/736/680
f 3112/737/681 3117/743/686 3118/744/687
f 3113/738/682 3118/744/687 3119/745/688
f 3114/732/683 3119/745/688 3120/739/689
f 3120/739/689 3121/747/690 3115/740/1496
f 3115/741/1496 3122/749/1498 3116/742/1497
f 3116/742/1497 3123/750/692 3117/743/686
f 3118/744/687 3123/750/692 3124/751/693
f 3119/745/688 3124/751/693 3125/752/694
f 3120/739/689 3125/752/694 3126/746/1499
f 3178/693/1502 3179/694/747 3173/695/748
f 3173/692/748 3180/696/749 3174/697/750
f 3174/697/750 3181/698/751 3175/699/752
f 3176/700/753 3181/698/751 3182/701/754
f 3177/702/755 3182/701/754 3183/703/756
f 3178/693/1502 3183/703/756 3184/704/757
f 3184/704/757 3185/705/758 3179/694/747
f 3179/706/747 3186/707/759 3180/696/749
f 3180/696/749 3187/708/760 3181/698/751
f 3182/701/754 3187/708/760 3188/709/761
f 3183/703/756 3188/709/761 3189/710/762
f 3184/704/757 3189/710/762 3190/711/763
f 3185/705/758 3196/712/764 3191/713/765
f 3186/707/759 3191/714/765 3192/715/766
f 3187/708/760 3192/715/766 3193/716/767
f 3187/708/760 3194/717/768 3188/709/761
f 3188/709/761 3195/718/769 3189/710/762
f 3189/710/762 3196/712/764 3190/711/763
f 3191/713/765 3202/719/770 3197/720/771
f 3192/715/766 3197/721/771 3198/722/772
f 3193/716/767 3198/722/772 3199/723/773
f 3193/716/767 3200/724/774 3194/717/768
f 3194/717/768 3201/725/775 3195/718/769
f 3195/718/769 3202/719/770 3196/712/764
f 3202/719/770 3203/726/776 3197/720/771
f 3197/721/771 3204/727/777 3198/722/772
f 3198/722/772 3205/728/778 3199/723/773
f 3200/724/774 3205/728/778 3206/729/1503
f 3201/725/775 3206/729/1503 3207/730/780
f 3202/719/770 3207/730/780 3208/731/781
f 3203/726/776 3214/732/782 3209/733/783
f 3204/727/777 3209/734/783 3210/735/784
f 3205/728/778 3210/735/784 3211/736/785
f 3205/728/778 3212/737/786 3206/729/1503
f 3206/729/1503 3213/738/787 3207/730/780
f 3207/730/780 3214/732/782 3208/731/781
f 3209/733/783 3220/739/788 3215/740/789
f 3210/735/784 3215/741/789 3216/742/790
f 3211/736/785 3216/742/790 3217/743/791
f 3211/736/785 3218/744/792 3212/737/786
f 3212/737/786 3219/745/793 3213/738/787
f 3213/738/787 3220/739/788 3214/732/782
f 3215/740/789 3226/746/794 3221/747/795
f 3216/742/790 3221/748/795 3222/749/796
f 3217/743/791 3222/749/796 3223/750/797
f 3217/743/791 3224/751/798 3218/744/792
f 3218/744/792 3225/752/799 3219/745/793
f 3219/745/793 3226/746/794 3220/739/788
f 3232/693/1504 3233/694/801 3227/695/802
f 3227/692/802 3234/696/803 3228/697/804
f 3228/697/804 3235/698/805 3229/699/806
f 3230/700/807 3235/698/805 3236/701/808
f 3231/702/809 3236/701/808 3237/703/810
f 3232/693/1504 3237/703/810 3238/704/811
f 3238/704/811 3239/705/812 3233/694/801
f 3233/706/801 3240/707/813 3234/696/803
f 3234/696/803 3241/708/814 3235/698/805
f 3236/701/808 3241/708/814 3242/709/815
f 3237/703/810 3242/709/815 3243/710/816
f 3238/704/811 3243/710/816 3244/711/817
f 3239/705/812 3250/712/818 3245/713/819
f 3240/707/813 3245/714/819 3246/715/820
f 3241/708/814 3246/715/820 3247/716/821
f 3241/708/814 3248/717/822 3242/709/815
f 3242/709/815 3249/718/823 3243/710/816
f 3243/710/816 3250/712/818 3244/711/817
f 3245/713/819 3256/719/824 3251/720/825
f 3246/715/820 3251/721/825 3252/722/826
f 3247/716/821 3252/722/826 3253/723/827
f 3247/716/821 3254/724/1505 3248/717/822
f 3248/717/822 3255/725/829 3249/718/823
f 3249/718/823 3256/719/824 3250/712/818
f 3256/719/824 3257/726/830 3251/720/825
f 3251/721/825 3258/727/831 3252/722/826
f 3252/722/826 3259/728/832 3253/723/827
f 3254/724/1505 3259/728/832 3260/729/833
f 3255/725/829 3260/729/833 3261/730/834
f 3256/719/824 3261/730/834 3262/731/835
f 3257/726/830 3268/732/836 3263/733/1506
f 3258/727/831 3263/734/1506 3264/735/838
f 3259/728/832 3264/735/838 3265/736/839
f 3259/728/832 3266/737/840 3260/729/833
f 3260/729/833 3267/738/841 3261/730/834
f 3261/730/834 3268/732/836 3262/731/835
f 3263/733/1506 3274/739/842 3269/740/843
f 3264/735/838 3269/741/843 3270/742/844
f 3265/736/839 3270/742/844 3271/743/845
f 3265/736/839 3272/744/846 3266/737/840
f 3266/737/840 3273/745/847 3267/738/841
f 3267/738/841 3274/739/842 3268/732/836
f 3269/740/843 3280/746/848 3275/747/1507
f 3270/742/844 3275/748/1507 3276/749/850
f 3271/743/845 3276/749/850 3277/750/851
f 3271/743/845 3278/751/852 3272/744/846
f 3272/744/846 3279/752/853 3273/745/847
f 3273/745/847 3280/746/848 3274/739/842
f 3281/695/1508 3292/704/855 3287/694/856
f 3281/692/1508 3288/696/857 3282/697/858
f 3282/697/858 3289/698/859 3283/699/860
f 3283/699/860 3290/701/861 3284/700/862
f 3284/700/862 3291/703/863 3285/702/864
f 3286/693/865 3291/703/863 3292/704/855
f 3287/694/856 3298/711/866 3293/705/867
f 3287/706/856 3294/707/868 3288/696/857
f 3288/696/857 3295/708/869 3289/698/859
f 3289/698/859 3296/709/870 3290/701/861
f 3290/701/861 3297/710/871 3291/703/863
f 3292/704/855 3297/710/871 3298/711/866
f 3298/711/866 3299/713/872 3293/705/867
f 3293/753/867 3300/715/873 3294/707/868
f 3295/708/869 3300/715/873 3301/716/1509
f 3296/709/870 3301/716/1509 3302/717/875
f 3296/709/870 3303/718/876 3297/710/871
f 3297/710/871 3304/712/1510 3298/711/866
f 3304/712/1510 3305/720/878 3299/713/872
f 3299/714/872 3306/722/879 3300/715/873
f 3301/716/1509 3306/722/879 3307/723/880
f 3302/717/875 3307/723/880 3308/724/881
f 3302/717/875 3309/725/882 3303/718/876
f 3303/718/876 3310/719/883 3304/712/1510
f 3305/720/878 3316/731/884 3311/726/885
f 3305/721/878 3312/727/886 3306/722/879
f 3306/722/879 3313/728/887 3307/723/880
f 3307/723/880 3314/729/888 3308/724/881
f 3308/724/881 3315/730/889 3309/725/882
f 3310/719/883 3315/730/889 3316/731/884
f 3316/731/884 3317/733/890 3311/726/885
f 3311/754/885 3318/735/891 3312/727/886
f 3313/728/887 3318/735/891 3319/736/892
f 3314/729/888 3319/736/892 3320/737/893
f 3314/729/888 3321/738/894 3315/730/889
f 3315/730/889 3322/732/895 3316/731/884
f 3322/732/895 3323/740/896 3317/733/890
f 3317/734/890 3324/742/897 3318/735/891
f 3319/736/892 3324/742/897 3325/743/898
f 3320/737/893 3325/743/898 3326/744/899
f 3320/737/893 3327/745/900 3321/738/894
f 3321/738/894 3328/739/901 3322/732/895
f 3328/739/901 3329/747/902 3323/740/896
f 3323/741/896 3330/749/903 3324/742/897
f 3325/743/898 3330/749/903 3331/750/1511
f 3326/744/899 3331/750/1511 3332/751/1512
f 3326/744/899 3333/752/906 3327/745/900
f 3327/745/900 3334/746/1513 3328/739/901
f 3335/695/908 3346/704/909 3341/694/910
f 3336/697/911 3341/706/910 3342/696/912
f 3337/699/1514 3342/696/912 3343/698/914
f 3337/699/1514 3344/701/915 3338/700/916
f 3338/700/916 3345/703/917 3339/702/918
f 3339/702/918 3346/704/909 3340/693/919
f 3341/694/910 3352/711/920 3347/705/921
f 3342/696/912 3347/753/921 3348/707/922
f 3343/698/914 3348/707/922 3349/708/923
f 3343/698/914 3350/709/924 3344/701/915
f 3344/701/915 3351/710/925 3345/703/917
f 3345/703/917 3352/711/920 3346/704/909
f 3352/711/920 3353/713/926 3347/705/921
f 3347/753/921 3354/715/927 3348/707/922
f 3348/707/922 3355/716/1515 3349/708/923
f 3350/709/924 3355/716/1515 3356/717/929
f 3351/710/925 3356/717/929 3357/718/930
f 3352/711/920 3357/718/930 3358/712/931
f 3358/712/931 3359/720/932 3353/713/926
f 3353/714/926 3360/722/933 3354/715/927
f 3354/715/927 3361/723/934 3355/716/1515
f 3356/717/929 3361/723/934 3362/724/935
f 3357/718/930 3362/724/935 3363/725/1516
f 3358/712/931 3363/725/1516 3364/719/937
f 3359/720/932 3370/731/938 3365/726/939
f 3360/722/933 3365/754/939 3366/727/940
f 3361/723/934 3366/727/940 3367/728/941
f 3361/723/934 3368/729/942 3362/724/935
f 3362/724/935 3369/730/943 3363/725/1516
f 3363/725/1516 3370/731/938 3364/719/937
f 3370/731/938 3371/733/944 3365/726/939
f 3365/754/939 3372/735/1517 3366/727/940
f 3366/727/940 3373/736/946 3367/728/941
f 3368/729/942 3373/736/946 3374/737/947
f 3369/730/943 3374/737/947 3375/738/948
f 3370/731/938 3375/738/948 3376/732/1518
f 3376/732/1518 3377/740/950 3371/733/944
f 3371/734/944 3378/742/951 3372/735/1517
f 3372/735/1517 3379/743/952 3373/736/946
f 3374/737/947 3379/743/952 3380/744/953
f 3375/738/948 3380/744/953 3381/745/954
f 3376/732/1518 3381/745/954 3382/739/955
f 3382/739/955 3383/747/956 3377/740/950
f 3377/741/950 3384/749/957 3378/742/951
f 3378/742/951 3385/750/958 3379/743/952
f 3380/744/953 3385/750/958 3386/751/959
f 3381/745/954 3386/751/959 3387/752/960
f 3382/739/955 3387/752/960 3388/746/961
f 3389/695/962 3400/704/963 3395/694/964
f 3390/697/965 3395/706/964 3396/696/966
f 3391/699/1519 3396/696/966 3397/698/968
f 3391/699/1519 3398/701/969 3392/700/970
f 3392/700/970 3399/703/971 3393/702/972
f 3393/702/972 3400/704/963 3394/693/973
f 3395/694/964 3406/711/974 3401/705/975
f 3396/696/966 3401/753/975 3402/707/976
f 3397/698/968 3402/707/976 3403/708/977
f 3397/698/968 3404/709/978 3398/701/969
f 3398/701/969 3405/710/979 3399/703/971
f 3399/703/971 3406/711/974 3400/704/963
f 3406/711/974 3407/713/980 3401/705/975
f 3401/753/975 3408/715/981 3402/707/976
f 3402/707/976 3409/716/982 3403/708/977
f 3404/709/978 3409/716/982 3410/717/983
f 3405/710/979 3410/717/983 3411/718/984
f 3406/711/974 3411/718/984 3412/712/985
f 3412/712/985 3413/720/986 3407/713/980
f 3407/714/980 3414/722/987 3408/715/981
f 3408/715/981 3415/723/988 3409/716/982
f 3410/717/983 3415/723/988 3416/724/989
f 3411/718/984 3416/724/989 3417/725/990
f 3412/712/985 3417/725/990 3418/719/991
f 3413/720/986 3424/731/992 3419/726/993
f 3414/722/987 3419/754/993 3420/727/994
f 3415/723/988 3420/727/994 3421/728/995
f 3415/723/988 3422/729/996 3416/724/989
f 3416/724/989 3423/730/1520 3417/725/990
f 3417/725/990 3424/731/992 3418/719/991
f 3424/731/992 3425/733/998 3419/726/993
f 3419/754/993 3426/735/999 3420/727/994
f 3420/727/994 3427/736/1000 3421/728/995
f 3422/729/996 3427/736/1000 3428/737/1001
f 3423/730/1520 3428/737/1001 3429/738/1002
f 3424/731/992 3429/738/1002 3430/732/1003
f 3430/732/1003 3431/740/1004 3425/733/998
f 3425/734/998 3432/742/1005 3426/735/999
f 3426/735/999 3433/743/1006 3427/736/1000
f 3428/737/1001 3433/743/1006 3434/744/1007
f 3429/738/1002 3434/744/1007 3435/745/1008
f 3430/732/1003 3435/745/1008 3436/739/1009
f 3436/739/1009 3437/747/1010 3431/740/1004
f 3431/741/1004 3438/749/1011 3432/742/1005
f 3432/742/1005 3439/750/1012 3433/743/1006
f 3434/744/1007 3439/750/1012 3440/751/1013
f 3435/745/1008 3440/751/1013 3441/752/1014
f 3436/739/1009 3441/752/1014 3442/746/1015
f 3494/693/1066 3495/694/1067 3489/695/1068
f 3489/692/1068 3496/696/1069 3490/697/1070
f 3490/697/1070 3497/698/1071 3491/699/1072
f 3492/700/1073 3497/698/1071 3498/701/1074
f 3493/702/1075 3498/701/1074 3499/703/1076
f 3494/693/1066 3499/703/1076 3500/704/1077
f 3500/704/1077 3501/705/1078 3495/694/1067
f 3495/706/1067 3502/707/1079 3496/696/1069
f 3496/696/1069 3503/708/1080 3497/698/1071
f 3498/701/1074 3503/708/1080 3504/709/1081
f 3499/703/1076 3504/709/1081 3505/710/1082
f 3500/704/1077 3505/710/1082 3506/711/1083
f 3501/705/1078 3512/712/1524 3507/713/1085
f 3502/707/1079 3507/714/1085 3508/715/1086
f 3503/708/1080 3508/715/1086 3509/716/1087
f 3503/708/1080 3510/717/1088 3504/709/1081
f 3504/709/1081 3511/718/1089 3505/710/1082
f 3505/710/1082 3512/712/1524 3506/711/1083
f 3507/713/1085 3518/719/1090 3513/720/1091
f 3508/715/1086 3513/721/1091 3514/722/1092
f 3509/716/1087 3514/722/1092 3515/723/1093
f 3509/716/1087 3516/724/1094 3510/717/1088
f 3510/717/1088 3517/725/1095 3511/718/1089
f 3511/718/1089 3518/719/1090 3512/712/1524
f 3518/719/1090 3519/726/1096 3513/720/1091
f 3513/721/1091 3520/727/1097 3514/722/1092
f 3514/722/1092 3521/728/1098 3515/723/1093
f 3516/724/1094 3521/728/1098 3522/729/1099
f 3517/725/1095 3522/729/1099 3523/730/1100
f 3518/719/1090 3523/730/1100 3524/731/1101
f 3519/726/1096 3530/732/1102 3525/733/1525
f 3520/727/1097 3525/734/1525 3526/735/1104
f 3521/728/1098 3526/735/1104 3527/736/1105
f 3521/728/1098 3528/737/1106 3522/729/1099
f 3522/729/1099 3529/738/1107 3523/730/1100
f 3523/730/1100 3530/732/1102 3524/731/1101
f 3525/733/1525 3536/739/1108 3531/740/1109
f 3526/735/1104 3531/741/1109 3532/742/1110
f 3527/736/1105 3532/742/1110 3533/743/1111
f 3527/736/1105 3534/744/1112 3528/737/1106
f 3528/737/1106 3535/745/1113 3529/738/1107
f 3529/738/1107 3536/739/1108 3530/732/1102
f 3531/740/1109 3542/746/1114 3537/747/1115
f 3532/742/1110 3537/748/1115 3538/749/1116
f 3533/743/1111 3538/749/1116 3539/750/1117
f 3533/743/1111 3540/751/1118 3534/744/1112
f 3534/744/1112 3541/752/1526 3535/745/1113
f 3535/745/1113 3542/746/1114 3536/739/1108
f 3548/693/1120 3549/694/1121 3543/695/1122
f 3543/692/1122 3550/696/1123 3544/697/1124
f 3544/697/1124 3551/698/1125 3545/699/1126
f 3546/700/1127 3551/698/1125 3552/701/1128
f 3547/702/1129 3552/701/1128 3553/703/1130
f 3548/693/1120 3553/703/1130 3554/704/1131
f 3554/704/1131 3555/705/1132 3549/694/1121
f 3549/706/1121 3556/707/1133 3550/696/1123
f 3550/696/1123 3557/708/1134 3551/698/1125
f 3552/701/1128 3557/708/1134 3558/709/1135
f 3553/703/1130 3558/709/1135 3559/710/1136
f 3554/704/1131 3559/710/1136 3560/711/1137
f 3555/705/1132 3566/712/1138 3561/713/1139
f 3556/707/1133 3561/714/1139 3562/715/1140
f 3557/708/1134 3562/715/1140 3563/716/1141
f 3557/708/1134 3564/717/1527 3558/709/1135
f 3558/709/1135 3565/718/1528 3559/710/1136
f 3559/710/1136 3566/712/1138 3560/711/1137
f 3561/713/1139 3572/719/1144 3567/720/1145
f 3562/715/1140 3567/721/1145 3568/722/1146
f 3563/716/1141 3568/722/1146 3569/723/1147
f 3563/716/1141 3570/724/1148 3564/717/1527
f 3564/717/1527 3571/725/1149 3565/718/1528
f 3565/718/1528 3572/719/1144 3566/712/1138
f 3572/719/1144 3573/726/1150 3567/720/1145
f 3567/721/1145 3574/727/1151 3568/722/1146
f 3568/722/1146 3575/728/1152 3569/723/1147
f 3570/724/1148 3575/728/1152 3576/729/1153
f 3571/725/1149 3576/729/1153 3577/730/1529
f 3572/719/1144 3577/730/1529 3578/731/1155
f 3573/726/1150 3584/732/1156 3579/733/1157
f 3574/727/1151 3579/734/1157 3580/735/1158
f 3575/728/1152 3580/735/1158 3581/736/1159
f 3575/728/1152 3582/737/1160 3576/729/1153
f 3576/729/1153 3583/738/1161 3577/730/1529
f 3577/730/1529 3584/732/1156 3578/731/1155
f 3579/733/1157 3590/739/1530 3585/740/1163
f 3580/735/1158 3585/741/1163 3586/742/1164
f 3581/736/1159 3586/742/1164 3587/743/1165
f 3581/736/1159 3588/744/1166 3582/737/1160
f 3582/737/1160 3589/745/1531 3583/738/1161
f 3583/738/1161 3590/739/1530 3584/732/1156
f 3585/740/1163 3596/746/1168 3591/747/1532
f 3586/742/1164 3591/748/1532 3592/749/1170
f 3587/743/1165 3592/749/1170 3593/750/1171
f 3587/743/1165 3594/751/1533 3588/744/1166
f 3588/744/1166 3595/752/1173 3589/745/1531
f 3589/745/1531 3596/746/1168 3590/739/1530
f 3597/695/1174 3608/704/1175 3603/694/1176
f 3597/692/1174 3604/696/1177 3598/697/1178
f 3598/697/1178 3605/698/1179 3599/699/1180
f 3599/699/1180 3606/701/1181 3600/700/1182
f 3600/700/1182 3607/703/1183 3601/702/1184
f 3602/693/1185 3607/703/1183 3608/704/1175
f 3603/694/1176 3614/711/1186 3609/705/1534
f 3603/706/1176 3610/707/1535 3604/696/1177
f 3604/696/1177 3611/708/1189 3605/698/1179
f 3605/698/1179 3612/709/1190 3606/701/1181
f 3606/701/1181 3613/710/1191 3607/703/1183
f 3608/704/1175 3613/710/1191 3614/711/1186
f 3614/711/1186 3615/713/1192 3609/705/1534
f 3609/753/1534 3616/715/1193 3610/707/1535
f 3611/708/1189 3616/715/1193 3617/716/1194
f 3612/709/1190 3617/716/1194 3618/717/1195
f 3612/709/1190 3619/718/1196 3613/710/1191
f 3613/710/1191 3620/712/1197 3614/711/1186
f 3620/712/1197 3621/720/1198 3615/713/1192
f 3615/714/1192 3622/722/1199 3616/715/1193
f 3617/716/1194 3622/722/1199 3623/723/1200
f 3618/717/1195 3623/723/1200 3624/724/1201
f 3618/717/1195 3625/725/1202 3619/718/1196
f 3619/718/1196 3626/719/1203 3620/712/1197
f 3621/720/1198 3632/731/1204 3627/726/1205
f 3621/721/1198 3628/727/1206 3622/722/1199
f 3622/722/1199 3629/728/1207 3623/723/1200
f 3623/723/1200 3630/729/1208 3624/724/1201
f 3624/724/1201 3631/730/1209 3625/725/1202
f 3626/719/1203 3631/730/1209 3632/731/1204
f 3632/731/1204 3633/733/1210 3627/726/1205
f 3627/754/1205 3634/735/1211 3628/727/1206
f 3629/728/1207 3634/735/1211 3635/736/1536
f 3630/729/1208 3635/736/1536 3636/737/1213
f 3630/729/1208 3637/738/1214 3631/730/1209
f 3631/730/1209 3638/732/1215 3632/731/1204
f 3638/732/1215 3639/740/1216 3633/733/1210
f 3633/734/1210 3640/742/1217 3634/735/1211
f 3635/736/1536 3640/742/1217 3641/743/1218
f 3636/737/1213 3641/743/1218 3642/744/1219
f 3636/737/1213 3643/745/1220 3637/738/1214
f 3637/738/1214 3644/739/1221 3638/732/1215
f 3644/739/1221 3645/747/1222 3639/740/1216
f 3639/741/1216 3646/749/1223 3640/742/1217
f 3641/743/1218 3646/749/1223 3647/750/1224
f 3642/744/1219 3647/750/1224 3648/751/1537
f 3642/744/1219 3649/752/1226 3643/745/1220
f 3643/745/1220 3650/746/1227 3644/739/1221
f 3651/695/1228 3662/704/1229 3657/694/1230
f 3652/697/1231 3657/706/1230 3658/696/1232
f 3653/699/1233 3658/696/1232 3659/698/1234
f 3653/699/1233 3660/701/1235 3654/700/1236
f 3654/700/1236 3661/703/1237 3655/702/1238
f 3655/702/1238 3662/704/1229 3656/693/1239
f 3657/694/1230 3668/711/1240 3663/705/1241
f 3658/696/1232 3663/753/1241 3664/707/1242
f 3659/698/1234 3664/707/1242 3665/708/1243
f 3659/698/1234 3666/709/1244 3660/701/1235
f 3660/701/1235 3667/710/1245 3661/703/1237
f 3661/703/1237 3668/711/1240 3662/704/1229
f 3668/711/1240 3669/713/1246 3663/705/1241
f 3663/753/1241 3670/715/1247 3664/707/1242
f 3664/707/1242 3671/716/1248 3665/708/1243
f 3666/709/1244 3671/716/1248 3672/717/1538
f 3667/710/1245 3672/717/1538 3673/718/1539
f 3668/711/1240 3673/718/1539 3674/712/1251
f 3674/712/1251 3675/720/1252 3669/713/1246
f 3669/714/1246 3676/722/1253 3670/715/1247
f 3670/715/1247 3677/723/1254 3671/716/1248
f 3672/717/1538 3677/723/1254 3678/724/1255
f 3673/718/1539 3678/724/1255 3679/725/1256
f 3674/712/1251 3679/725/1256 3680/719/1257
f 3675/720/1252 3686/731/1258 3681/726/1259
f 3676/722/1253 3681/754/1259 3682/727/1260
f 3677/723/1254 3682/727/1260 3683/728/1261
f 3677/723/1254 3684/729/1540 3678/724/1255
f 3678/724/1255 3685/730/1263 3679/725/1256
f 3679/725/1256 3686/731/1258 3680/719/1257
f 3686/731/1258 3687/733/1264 3681/726/1259
f 3681/754/1259 3688/735/1265 3682/727/1260
f 3682/727/1260 3689/736/1266 3683/728/1261
f 3684/729/1540 3689/736/1266 3690/737/1267
f 3685/730/1263 3690/737/1267 3691/738/1268
f 3686/731/1258 3691/738/1268 3692/732/1269
f 3692/732/1269 3693/740/1270 3687/733/1264
f 3687/734/1264 3694/742/1271 3688/735/1265
f 3688/735/1265 3695/743/1541 3689/736/1266
f 3690/737/1267 3695/743/1541 3696/744/1542
f 3691/738/1268 3696/744/1542 3697/745/1274
f 3692/732/1269 3697/745/1274 3698/739/1275
f 3698/739/1275 3699/747/1276 3693/740/1270
f 3693/741/1270 3700/749/1543 3694/742/1271
f 3694/742/1271 3701/750/1278 3695/743/1541
f 3696/744/1542 3701/750/1278 3702/751/1279
f 3697/745/1274 3702/751/1279 3703/752/1544
f 3698/739/1275 3703/752/1544 3704/746/1281
f 3705/695/1282 3716/704/1283 3711/694/1284
f 3706/697/1285 3711/706/1284 3712/696/1286
f 3707/699/1287 3712/696/1286 3713/698/1288
f 3707/699/1287 3714/701/1289 3708/700/1290
f 3708/700/1290 3715/703/1291 3709/702/1292
f 3709/702/1292 3716/704/1283 3710/693/1293
f 3711/694/1284 3722/711/1294 3717/705/1295
f 3712/696/1286 3717/753/1295 3718/707/1296
f 3713/698/1288 3718/707/1296 3719/708/1297
f 3713/698/1288 3720/709/1298 3714/701/1289
f 3714/701/1289 3721/710/1299 3715/703/1291
f 3715/703/1291 3722/711/1294 3716/704/1283
f 3722/711/1294 3723/713/1300 3717/705/1295
f 3717/753/1295 3724/715/1301 3718/707/1296
f 3718/707/1296 3725/716/1545 3719/708/1297
f 3720/709/1298 3725/716/1545 3726/717/1303
f 3721/710/1299 3726/717/1303 3727/718/1304
f 3722/711/1294 3727/718/1304 3728/712/1305
f 3728/712/1305 3729/720/1306 3723/713/1300
f 3723/714/1300 3730/722/1307 3724/715/1301
f 3724/715/1301 3731/723/1308 3725/716/1545
f 3726/717/1303 3731/723/1308 3732/724/1309
f 3727/718/1304 3732/724/1309 3733/725/1310
f 3728/712/1305 3733/725/1310 3734/719/1311
f 3729/720/1306 3740/731/1312 3735/726/1313
f 3730/722/1307 3735/754/1313 3736/727/1314
f 3731/723/1308 3736/727/1314 3737/728/1315
f 3731/723/1308 3738/729/1316 3732/724/1309
f 3732/724/1309 3739/730/1317 3733/725/1310
f 3733/725/1310 3740/731/1312 3734/719/1311
f 3740/731/1312 3741/733/1318 3735/726/1313
f 3735/754/1313 3742/735/1546 3736/727/1314
f 3736/727/1314 3743/736/1320 3737/728/1315
f 3738/729/1316 3743/736/1320 3744/737/1321
f 3739/730/1317 3744/737/1321 3745/738/1322
f 3740/731/1312 3745/738/1322 3746/732/1323
f 3746/732/1323 3747/740/1324 3741/733/1318
f 3741/734/1318 3748/742/1325 3742/735/1546
f 3742/735/1546 3749/743/1326 3743/736/1320
f 3744/737/1321 3749/743/1326 3750/744/1327
f 3745/738/1322 3750/744/1327 3751/745/1328
f 3746/732/1323 3751/745/1328 3752/739/1329
f 3752/739/1329 3753/747/1330 3747/740/1324
f 3747/741/1324 3754/749/1331 3748/742/1325
f 3748/742/1325 3755/750/1332 3749/743/1326
f 3750/744/1327 3755/750/1332 3756/751/1547
f 3751/745/1328 3756/751/1547 3757/752/1334
f 3752/739/1329 3757/752/1334 3758/746/1335
f 3831/794/26 3837/795/1411 3836/793/1409
f 3832/792/1408 3838/803/1413 3837/795/1411
f 3834/796/1412 3838/797/1413 3833/721/1410
f 3834/796/1412 3840/800/1416 3839/799/1415
f 3835/798/1414 3836/793/1409 3840/800/1416
f 3836/793/1409 3842/801/1417 3841/802/1418
f 3837/795/1411 3843/808/1419 3842/801/1417
f 3839/799/1415 3843/804/1419 3838/797/1413
f 3839/799/1415 3845/806/1421 3844/805/1420
f 3836/793/1409 3845/806/1421 3840/800/1416
f 3842/801/1417 3846/807/1422 3841/802/1418
f 3843/808/1419 3847/809/1620 3842/801/1417
f 3844/805/1420 3848/810/1424 3843/804/1419
f 3845/806/1421 3849/812/1426 3844/805/1420
f 3841/802/1418 3850/811/1425 3845/806/1421
f 3847/809/1620 3851/813/1427 3846/807/1422
f 3848/814/1424 3852/815/1621 3847/809/1620
f 3849/812/1426 3853/816/1429 3848/810/1424
f 3850/811/1425 3854/817/1430 3849/812/1426
f 3846/807/1422 3855/818/1622 3850/811/1425
f 3851/813/1427 3857/821/1434 3856/819/1432
f 3853/875/1429 3857/821/1434 3852/815/1621
f 3854/817/1430 3858/822/1433 3853/816/1429
f 3854/817/1430 3860/824/1436 3859/823/1435
f 3851/813/1427 3860/824/1436 3855/818/1622
f 3857/821/1434 3861/825/1437 3856/819/1432
f 3858/820/1433 3862/826/1438 3857/821/1434
f 3859/823/1435 3863/827/1439 3858/822/1433
f 3860/824/1436 3864/829/1441 3859/823/1435
f 3856/819/1432 3865/828/1440 3860/824/1436
f 3862/826/1438 3866/831/22 3861/825/1437
f 3862/826/1438 3868/747/1443 3867/830/1442
f 3864/829/1441 3868/748/1443 3863/827/1439
f 3865/828/1440 3869/833/1445 3864/829/1441
f 3861/825/1437 3870/832/1444 3865/828/1440
f 3867/834/1442 3871/835/1446 3866/836/22
f 3867/834/1442 3873/837/1447 3872/838/1448
f 3869/839/1445 3873/840/1447 3868/841/1443
f 3870/842/1444 3874/843/1449 3869/839/1445
f 3870/842/1444 3871/835/1446 3875/844/1450
f 3871/835/1446 3877/847/1453 3876/845/1451
f 3872/838/1448 3878/846/1452 3877/847/1453
f 3874/843/1449 3878/848/1452 3873/840/1447
f 3875/844/1450 3879/849/1454 3874/843/1449
f 3875/844/1450 3876/845/1451 3880/850/1455
f 3877/847/1453 3881/851/1456 3876/845/1451
f 3878/846/1452 3882/853/1458 3877/847/1453
f 3879/849/1454 3883/854/1457 3878/848/1452
f 3880/850/1455 3884/856/1460 3879/849/1454
f 3880/850/1455 3881/851/1456 3885/855/1623
f 3881/851/1456 3887/857/1461 3886/858/1462
f 3883/852/1457 3887/857/1461 3882/853/1458
f 3884/856/1460 3888/859/1463 3883/854/1457
f 3885/855/1623 3889/860/1464 3884/856/1460
f 3881/851/1456 3890/861/1465 3885/855/1623
f 3887/857/1461 3891/863/1467 3886/858/1462
f 3888/876/1463 3892/862/1466 3887/857/1461
f 3889/860/1464 3893/865/1468 3888/859/1463
f 3889/860/1464 3895/866/1469 3894/867/1470
f 3886/858/1462 3895/866/1469 3890/861/1465
f 3892/862/1466 3896/868/1471 3891/863/1467
f 3892/862/1466 3898/869/1472 3897/870/1473
f 3894/867/1470 3898/871/1472 3893/865/1468
f 3894/867/1470 3900/872/1474 3899/873/1475
f 3891/863/1467 3900/872/1474 3895/866/1469
f 3896/868/1471 3832/792/1408 3831/794/26
f 3898/869/1472 3832/792/1408 3897/870/1473
f 3899/873/1475 3833/721/1410 3898/871/1472
f 3899/873/1475 3835/798/1414 3834/796/1412
f 3900/872/1474 3831/794/26 3835/798/1414
f 1424/693/426 1430/704/437 1425/694/427
f 1419/692/428 1425/706/427 1426/696/429
f 1420/697/430 1426/696/429 1427/698/431
f 1422/700/433 1421/699/432 1427/698/431
f 1423/702/435 1422/700/433 1428/701/434
f 1424/693/426 1423/702/435 1429/703/436
f 1430/704/437 1436/711/443 1431/705/438
f 1425/706/427 1431/753/438 1432/707/439
f 1426/696/429 1432/707/439 1433/708/440
f 1428/701/434 1427/698/431 1433/708/440
f 1429/703/436 1428/701/434 1434/709/441
f 1430/704/437 1429/703/436 1435/710/442
f 1431/705/438 1436/711/443 1442/712/444
f 1432/707/439 1431/753/438 1437/714/445
f 1433/708/440 1432/707/439 1438/715/446
f 1433/708/440 1439/716/447 1440/717/448
f 1434/709/441 1440/717/448 1441/718/449
f 1435/710/442 1441/718/449 1442/712/444
f 1437/713/445 1442/712/444 1448/719/450
f 1438/715/446 1437/714/445 1443/721/451
f 1439/716/447 1438/715/446 1444/722/452
f 1439/716/447 1445/723/453 1446/724/454
f 1440/717/448 1446/724/454 1447/725/455
f 1441/718/449 1447/725/455 1448/719/450
f 1448/719/450 1454/731/461 1449/726/456
f 1443/721/451 1449/754/456 1450/727/457
f 1444/722/452 1450/727/457 1451/728/458
f 1446/724/454 1445/723/453 1451/728/458
f 1447/725/455 1446/724/454 1452/729/459
f 1448/719/450 1447/725/455 1453/730/460
f 1449/726/456 1454/731/461 1460/732/462
f 1450/727/457 1449/754/456 1455/734/463
f 1451/728/458 1450/727/457 1456/735/464
f 1451/728/458 1457/736/465 1458/737/466
f 1452/729/459 1458/737/466 1459/738/467
f 1453/730/460 1459/738/467 1460/732/462
f 1455/733/463 1460/732/462 1466/739/468
f 1456/735/464 1455/734/463 1461/741/469
f 1457/736/465 1456/735/464 1462/742/470
f 1457/736/465 1463/743/471 1464/744/472
f 1458/737/466 1464/744/472 1465/745/473
f 1459/738/467 1465/745/473 1466/739/468
f 1461/740/469 1466/739/468 1472/746/474
f 1462/742/470 1461/741/469 1467/748/475
f 1463/743/471 1462/742/470 1468/749/476
f 1463/743/471 1469/750/477 1470/751/478
f 1464/744/472 1470/751/478 1471/752/479
f 1465/745/473 1471/752/479 1472/746/474
f 1478/693/480 1484/704/491 1479/694/481
f 1473/692/482 1479/706/481 1480/696/483
f 1474/697/484 1480/696/483 1481/698/485
f 1476/700/487 1475/699/486 1481/698/485
f 1477/702/489 1476/700/487 1482/701/488
f 1478/693/480 1477/702/489 1483/703/490
f 1484/704/491 1490/711/497 1485/705/492
f 1479/706/481 1485/753/492 1486/707/493
f 1480/696/483 1486/707/493 1487/708/494
f 1482/701/488 1481/698/485 1487/708/494
f 1483/703/490 1482/701/488 1488/709/495
f 1484/704/491 1483/703/490 1489/710/496
f 1485/705/492 1490/711/497 1496/712/498
f 1486/707/493 1485/753/492 1491/714/499
f 1487/708/494 1486/707/493 1492/715/500
f 1487/708/494 1493/716/501 1494/717/502
f 1488/709/495 1494/717/502 1495/718/503
f 1489/710/496 1495/718/503 1496/712/498
f 1491/713/499 1496/712/498 1502/719/504
f 1492/715/500 1491/714/499 1497/721/505
f 1493/716/501 1492/715/500 1498/722/506
f 1493/716/501 1499/723/507 1500/724/508
f 1494/717/502 1500/724/508 1501/725/509
f 1495/718/503 1501/725/509 1502/719/504
f 1502/719/504 1508/731/515 1503/726/510
f 1497/721/505 1503/754/510 1504/727/511
f 1498/722/506 1504/727/511 1505/728/512
f 1500/724/508 1499/723/507 1505/728/512
f 1501/725/509 1500/724/508 1506/729/513
f 1502/719/504 1501/725/509 1507/730/514
f 1503/726/510 1508/731/515 1514/732/516
f 1504/727/511 1503/754/510 1509/734/517
f 1505/728/512 1504/727/511 1510/735/518
f 1505/728/512 1511/736/519 1512/737/520
f 1506/729/513 1512/737/520 1513/738/521
f 1507/730/514 1513/738/521 1514/732/516
f 1509/733/517 1514/732/516 1520/739/522
f 1510/735/518 1509/734/517 1515/741/523
f 1511/736/519 1510/735/518 1516/742/524
f 1511/736/519 1517/743/525 1518/744/526
f 1512/737/520 1518/744/526 1519/745/527
f 1513/738/521 1519/745/527 1520/739/522
f 1515/740/523 1520/739/522 1526/746/528
f 1516/742/524 1515/741/523 1521/748/529
f 1517/743/525 1516/742/524 1522/749/530
f 1517/743/525 1523/750/531 1524/751/532
f 1518/744/526 1524/751/532 1525/752/533
f 1519/745/527 1525/752/533 1526/746/528
f 1527/695/534 1532/693/545 1538/704/535
f 1527/692/534 1533/706/536 1534/696/537
f 1528/697/538 1534/696/537 1535/698/539
f 1529/699/540 1535/698/539 1536/701/541
f 1530/700/542 1536/701/541 1537/703/543
f 1532/693/545 1531/702/544 1537/703/543
f 1533/694/536 1538/704/535 1544/711/546
f 1533/706/536 1539/753/547 1540/707/548
f 1534/696/537 1540/707/548 1541/708/549
f 1535/698/539 1541/708/549 1542/709/550
f 1536/701/541 1542/709/550 1543/710/551
f 1538/704/535 1537/703/543 1543/710/551
f 1544/711/546 1550/712/557 1545/713/552
f 1539/753/547 1545/714/552 1546/715/553
f 1541/708/549 1540/707/548 1546/715/553
f 1542/709/550 1541/708/549 1547/716/554
f 1542/709/550 1548/717/555 1549/718/556
f 1543/710/551 1549/718/556 1550/712/557
f 1550/712/557 1556/719/563 1551/720/558
f 1545/714/552 1551/721/558 1552/722/559
f 1547/716/554 1546/715/553 1552/722/559
f 1548/717/555 1547/716/554 1553/723/560
f 1548/717/555 1554/724/561 1555/725/562
f 1549/718/556 1555/725/562 1556/719/563
f 1551/720/558 1556/719/563 1562/731/564
f 1551/721/558 1557/754/565 1558/727/566
f 1552/722/559 1558/727/566 1559/728/567
f 1553/723/560 1559/728/567 1560/729/568
f 1554/724/561 1560/729/568 1561/730/569
f 1556/719/563 1555/725/562 1561/730/569
f 1562/731/564 1568/732/575 1563/733/570
f 1557/754/565 1563/734/570 1564/735/571
f 1559/728/567 1558/727/566 1564/735/571
f 1560/729/568 1559/728/567 1565/736/572
f 1560/729/568 1566/737/573 1567/738/574
f 1561/730/569 1567/738/574 1568/732/575
f 1568/732/575 1574/739/581 1569/740/576
f 1563/734/570 1569/741/576 1570/742/577
f 1565/736/572 1564/735/571 1570/742/577
f 1566/737/573 1565/736/572 1571/743/578
f 1566/737/573 1572/744/579 1573/745/580
f 1567/738/574 1573/745/580 1574/739/581
f 1574/739/581 1580/746/587 1575/747/582
f 1569/741/576 1575/748/582 1576/749/583
f 1571/743/578 1570/742/577 1576/749/583
f 1572/744/579 1571/743/578 1577/750/584
f 1572/744/579 1578/751/585 1579/752/586
f 1573/745/580 1579/752/586 1580/746/587
f 1581/695/588 1586/693/599 1592/704/589
f 1582/697/591 1581/692/588 1587/706/590
f 1583/699/593 1582/697/591 1588/696/592
f 1583/699/593 1589/698/594 1590/701/595
f 1584/700/596 1590/701/595 1591/703/597
f 1585/702/598 1591/703/597 1592/704/589
f 1587/694/590 1592/704/589 1598/711/600
f 1588/696/592 1587/706/590 1593/753/601
f 1589/698/594 1588/696/592 1594/707/602
f 1589/698/594 1595/708/603 1596/709/604
f 1590/701/595 1596/709/604 1597/710/605
f 1591/703/597 1597/710/605 1598/711/600
f 1598/711/600 1604/712/611 1599/713/606
f 1593/753/601 1599/714/606 1600/715/607
f 1594/707/602 1600/715/607 1601/716/608
f 1596/709/604 1595/708/603 1601/716/608
f 1597/710/605 1596/709/604 1602/717/609
f 1598/711/600 1597/710/605 1603/718/610
f 1604/712/611 1610/719/617 1605/720/612
f 1599/714/606 1605/721/612 1606/722/613
f 1600/715/607 1606/722/613 1607/723/614
f 1602/717/609 1601/716/608 1607/723/614
f 1603/718/610 1602/717/609 1608/724/615
f 1604/712/611 1603/718/610 1609/725/616
f 1605/720/612 1610/719/617 1616/731/618
f 1606/722/613 1605/721/612 1611/754/619
f 1607/723/614 1606/722/613 1612/727/620
f 1607/723/614 1613/728/621 1614/729/622
f 1608/724/615 1614/729/622 1615/730/623
f 1609/725/616 1615/730/623 1616/731/618
f 1616/731/618 1622/732/629 1617/733/624
f 1611/754/619 1617/734/624 1618/735/625
f 1612/727/620 1618/735/625 1619/736/626
f 1614/729/622 1613/728/621 1619/736/626
f 1615/730/623 1614/729/622 1620/737/627
f 1616/731/618 1615/730/623 1621/738/628
f 1622/732/629 1628/739/635 1623/740/630
f 1617/734/624 1623/741/630 1624/742/631
f 1618/735/625 1624/742/631 1625/743/632
f 1620/737/627 1619/736/626 1625/743/632
f 1621/738/628 1620/737/627 1626/744/633
f 1622/732/629 1621/738/628 1627/745/634
f 1628/739/635 1634/746/641 1629/747/636
f 1623/741/630 1629/748/636 1630/749/637
f 1624/742/631 1630/749/637 1631/750/638
f 1626/744/633 1625/743/632 1631/750/638
f 1627/745/634 1626/744/633 1632/751/639
f 1628/739/635 1627/745/634 1633/752/640
f 1635/695/642 1640/693/653 1646/704/643
f 1636/697/645 1635/692/642 1641/706/644
f 1637/699/647 1636/697/645 1642/696/646
f 1637/699/647 1643/698/648 1644/701/649
f 1638/700/650 1644/701/649 1645/703/651
f 1639/702/652 1645/703/651 1646/704/643
f 1641/694/644 1646/704/643 1652/711/654
f 1642/696/646 1641/706/644 1647/753/655
f 1643/698/648 1642/696/646 1648/707/656
f 1643/698/648 1649/708/657 1650/709/658
f 1644/701/649 1650/709/658 1651/710/659
f 1645/703/651 1651/710/659 1652/711/654
f 1652/711/654 1658/712/665 1653/713/660
f 1647/753/655 1653/714/660 1654/715/661
f 1648/707/656 1654/715/661 1655/716/662
f 1650/709/658 1649/708/657 1655/716/662
f 1651/710/659 1650/709/658 1656/717/663
f 1652/711/654 1651/710/659 1657/718/664
f 1658/712/665 1664/719/671 1659/720/666
f 1653/714/660 1659/721/666 1660/722/667
f 1654/715/661 1660/722/667 1661/723/668
f 1656/717/663 1655/716/662 1661/723/668
f 1657/718/664 1656/717/663 1662/724/669
f 1658/712/665 1657/718/664 1663/725/670
f 1659/720/666 1664/719/671 1670/731/672
f 1660/722/667 1659/721/666 1665/754/673
f 1661/723/668 1660/722/667 1666/727/674
f 1661/723/668 1667/728/675 1668/729/676
f 1662/724/669 1668/729/676 1669/730/677
f 1663/725/670 1669/730/677 1670/731/672
f 1670/731/672 1676/732/683 1671/733/678
f 1665/754/673 1671/734/678 1672/735/679
f 1666/727/674 1672/735/679 1673/736/680
f 1668/729/676 1667/728/675 1673/736/680
f 1669/730/677 1668/729/676 1674/737/681
f 1670/731/672 1669/730/677 1675/738/682
f 1676/732/683 1682/739/689 1677/740/684
f 1671/734/678 1677/741/684 1678/742/685
f 1672/735/679 1678/742/685 1679/743/686
f 1674/737/681 1673/736/680 1679/743/686
f 1675/738/682 1674/737/681 1680/744/687
f 1676/732/683 1675/738/682 1681/745/688
f 1682/739/689 1688/746/695 1683/747/690
f 1677/741/684 1683/748/690 1684/749/691
f 1678/742/685 1684/749/691 1685/750/692
f 1680/744/687 1679/743/686 1685/750/692
f 1681/745/688 1680/744/687 1686/751/693
f 1682/739/689 1681/745/688 1687/752/694
f 1740/693/746 1746/704/757 1741/694/747
f 1735/692/748 1741/706/747 1742/696/749
f 1736/697/750 1742/696/749 1743/698/751
f 1738/700/753 1737/699/752 1743/698/751
f 1739/702/755 1738/700/753 1744/701/754
f 1740/693/746 1739/702/755 1745/703/756
f 1746/704/757 1752/711/763 1747/705/758
f 1741/706/747 1747/753/758 1748/707/759
f 1742/696/749 1748/707/759 1749/708/760
f 1744/701/754 1743/698/751 1749/708/760
f 1745/703/756 1744/701/754 1750/709/761
f 1746/704/757 1745/703/756 1751/710/762
f 1747/705/758 1752/711/763 1758/712/764
f 1748/707/759 1747/753/758 1753/714/765
f 1749/708/760 1748/707/759 1754/715/766
f 1749/708/760 1755/716/767 1756/717/768
f 1750/709/761 1756/717/768 1757/718/769
f 1751/710/762 1757/718/769 1758/712/764
f 1753/713/765 1758/712/764 1764/719/770
f 1754/715/766 1753/714/765 1759/721/771
f 1755/716/767 1754/715/766 1760/722/772
f 1755/716/767 1761/723/773 1762/724/774
f 1756/717/768 1762/724/774 1763/725/775
f 1757/718/769 1763/725/775 1764/719/770
f 1764/719/770 1770/731/781 1765/726/776
f 1759/721/771 1765/754/776 1766/727/777
f 1760/722/772 1766/727/777 1767/728/778
f 1762/724/774 1761/723/773 1767/728/778
f 1763/725/775 1762/724/774 1768/729/779
f 1764/719/770 1763/725/775 1769/730/780
f 1765/726/776 1770/731/781 1776/732/782
f 1766/727/777 1765/754/776 1771/734/783
f 1767/728/778 1766/727/777 1772/735/784
f 1767/728/778 1773/736/785 1774/737/786
f 1768/729/779 1774/737/786 1775/738/787
f 1769/730/780 1775/738/787 1776/732/782
f 1771/733/783 1776/732/782 1782/739/788
f 1772/735/784 1771/734/783 1777/741/789
f 1773/736/785 1772/735/784 1778/742/790
f 1773/736/785 1779/743/791 1780/744/792
f 1774/737/786 1780/744/792 1781/745/793
f 1775/738/787 1781/745/793 1782/739/788
f 1777/740/789 1782/739/788 1788/746/794
f 1778/742/790 1777/741/789 1783/748/795
f 1779/743/791 1778/742/790 1784/749/796
f 1779/743/791 1785/750/797 1786/751/798
f 1780/744/792 1786/751/798 1787/752/799
f 1781/745/793 1787/752/799 1788/746/794
f 1794/693/800 1800/704/811 1795/694/801
f 1789/692/802 1795/706/801 1796/696/803
f 1790/697/804 1796/696/803 1797/698/805
f 1792/700/807 1791/699/806 1797/698/805
f 1793/702/809 1792/700/807 1798/701/808
f 1794/693/800 1793/702/809 1799/703/810
f 1800/704/811 1806/711/817 1801/705/812
f 1795/706/801 1801/753/812 1802/707/813
f 1796/696/803 1802/707/813 1803/708/814
f 1798/701/808 1797/698/805 1803/708/814
f 1799/703/810 1798/701/808 1804/709/815
f 1800/704/811 1799/703/810 1805/710/816
f 1801/705/812 1806/711/817 1812/712/818
f 1802/707/813 1801/753/812 1807/714/819
f 1803/708/814 1802/707/813 1808/715/820
f 1803/708/814 1809/716/821 1810/717/822
f 1804/709/815 1810/717/822 1811/718/823
f 1805/710/816 1811/718/823 1812/712/818
f 1807/713/819 1812/712/818 1818/719/824
f 1808/715/820 1807/714/819 1813/721/825
f 1809/716/821 1808/715/820 1814/722/826
f 1809/716/821 1815/723/827 1816/724/828
f 1810/717/822 1816/724/828 1817/725/829
f 1811/718/823 1817/725/829 1818/719/824
f 1818/719/824 1824/731/835 1819/726/830
f 1813/721/825 1819/754/830 1820/727/831
f 1814/722/826 1820/727/831 1821/728/832
f 1816/724/828 1815/723/827 1821/728/832
f 1817/725/829 1816/724/828 1822/729/833
f 1818/719/824 1817/725/829 1823/730/834
f 1819/726/830 1824/731/835 1830/732/836
f 1820/727/831 1819/754/830 1825/734/837
f 1821/728/832 1820/727/831 1826/735/838
f 1821/728/832 1827/736/839 1828/737/840
f 1822/729/833 1828/737/840 1829/738/841
f 1823/730/834 1829/738/841 1830/732/836
f 1825/733/837 1830/732/836 1836/739/842
f 1826/735/838 1825/734/837 1831/741/843
f 1827/736/839 1826/735/838 1832/742/844
f 1827/736/839 1833/743/845 1834/744/846
f 1828/737/840 1834/744/846 1835/745/847
f 1829/738/841 1835/745/847 1836/739/842
f 1831/740/843 1836/739/842 1842/746/848
f 1832/742/844 1831/741/843 1837/748/849
f 1833/743/845 1832/742/844 1838/749/850
f 1833/743/845 1839/750/851 1840/751/852
f 1834/744/846 1840/751/852 1841/752/853
f 1835/745/847 1841/752/853 1842/746/848
f 1843/695/854 1848/693/865 1854/704/855
f 1843/692/854 1849/706/856 1850/696/857
f 1844/697/858 1850/696/857 1851/698/859
f 1845/699/860 1851/698/859 1852/701/861
f 1846/700/862 1852/701/861 1853/703/863
f 1848/693/865 1847/702/864 1853/703/863
f 1849/694/856 1854/704/855 1860/711/866
f 1849/706/856 1855/753/867 1856/707/868
f 1850/696/857 1856/707/868 1857/708/869
f 1851/698/859 1857/708/869 1858/709/870
f 1852/701/861 1858/709/870 1859/710/871
f 1854/704/855 1853/703/863 1859/710/871
f 1860/711/866 1866/712/877 1861/713/872
f 1855/753/867 1861/714/872 1862/715/873
f 1857/708/869 1856/707/868 1862/715/873
f 1858/709/870 1857/708/869 1863/716/874
f 1858/709/870 1864/717/875 1865/718/876
f 1859/710/871 1865/718/876 1866/712/877
f 1866/712/877 1872/719/883 1867/720/878
f 1861/714/872 1867/721/878 1868/722/879
f 1863/716/874 1862/715/873 1868/722/879
f 1864/717/875 1863/716/874 1869/723/880
f 1864/717/875 1870/724/881 1871/725/882
f 1865/718/876 1871/725/882 1872/719/883
f 1867/720/878 1872/719/883 1878/731/884
f 1867/721/878 1873/754/885 1874/727/886
f 1868/722/879 1874/727/886 1875/728/887
f 1869/723/880 1875/728/887 1876/729/888
f 1870/724/881 1876/729/888 1877/730/889
f 1872/719/883 1871/725/882 1877/730/889
f 1878/731/884 1884/732/895 1879/733/890
f 1873/754/885 1879/734/890 1880/735/891
f 1875/728/887 1874/727/886 1880/735/891
f 1876/729/888 1875/728/887 1881/736/892
f 1876/729/888 1882/737/893 1883/738/894
f 1877/730/889 1883/738/894 1884/732/895
f 1884/732/895 1890/739/901 1885/740/896
f 1879/734/890 1885/741/896 1886/742/897
f 1881/736/892 1880/735/891 1886/742/897
f 1882/737/893 1881/736/892 1887/743/898
f 1882/737/893 1888/744/899 1889/745/900
f 1883/738/894 1889/745/900 1890/739/901
f 1890/739/901 1896/746/907 1891/747/902
f 1885/741/896 1891/748/902 1892/749/903
f 1887/743/898 1886/742/897 1892/749/903
f 1888/744/899 1887/743/898 1893/750/904
f 1888/744/899 1894/751/905 1895/752/906
f 1889/745/900 1895/752/906 1896/746/907
f 1897/695/908 1902/693/919 1908/704/909
f 1898/697/911 1897/692/908 1903/706/910
f 1899/699/913 1898/697/911 1904/696/912
f 1899/699/913 1905/698/914 1906/701/915
f 1900/700/916 1906/701/915 1907/703/917
f 1901/702/918 1907/703/917 1908/704/909
f 1903/694/910 1908/704/909 1914/711/920
f 1904/696/912 1903/706/910 1909/753/921
f 1905/698/914 1904/696/912 1910/707/922
f 1905/698/914 1911/708/923 1912/709/924
f 1906/701/915 1912/709/924 1913/710/925
f 1907/703/917 1913/710/925 1914/711/920
f 1914/711/920 1920/712/931 1915/713/926
f 1909/753/921 1915/714/926 1916/715/927
f 1910/707/922 1916/715/927 1917/716/928
f 1912/709/924 1911/708/923 1917/716/928
f 1913/710/925 1912/709/924 1918/717/929
f 1914/711/920 1913/710/925 1919/718/930
f 1920/712/931 1926/719/937 1921/720/932
f 1915/714/926 1921/721/932 1922/722/933
f 1916/715/927 1922/722/933 1923/723/934
f 1918/717/929 1917/716/928 1923/723/934
f 1919/718/930 1918/717/929 1924/724/935
f 1920/712/931 1919/718/930 1925/725/936
f 1921/720/932 1926/719/937 1932/731/938
f 1922/722/933 1921/721/932 1927/754/939
f 1923/723/934 1922/722/933 1928/727/940
f 1923/723/934 1929/728/941 1930/729/942
f 1924/724/935 1930/729/942 1931/730/943
f 1925/725/936 1931/730/943 1932/731/938
f 1932/731/938 1938/732/949 1933/733/944
f 1927/754/939 1933/734/944 1934/735/945
f 1928/727/940 1934/735/945 1935/736/946
f 1930/729/942 1929/728/941 1935/736/946
f 1931/730/943 1930/729/942 1936/737/947
f 1932/731/938 1931/730/943 1937/738/948
f 1938/732/949 1944/739/955 1939/740/950
f 1933/734/944 1939/741/950 1940/742/951
f 1934/735/945 1940/742/951 1941/743/952
f 1936/737/947 1935/736/946 1941/743/952
f 1937/738/948 1936/737/947 1942/744/953
f 1938/732/949 1937/738/948 1943/745/954
f 1944/739/955 1950/746/961 1945/747/956
f 1939/741/950 1945/748/956 1946/749/957
f 1940/742/951 1946/749/957 1947/750/958
f 1942/744/953 1941/743/952 1947/750/958
f 1943/745/954 1942/744/953 1948/751/959
f 1944/739/955 1943/745/954 1949/752/960
f 1951/695/962 1956/693/973 1962/704/963
f 1952/697/965 1951/692/962 1957/706/964
f 1953/699/967 1952/697/965 1958/696/966
f 1953/699/967 1959/698/968 1960/701/969
f 1954/700/970 1960/701/969 1961/703/971
f 1955/702/972 1961/703/971 1962/704/963
f 1957/694/964 1962/704/963 1968/711/974
f 1958/696/966 1957/706/964 1963/753/975
f 1959/698/968 1958/696/966 1964/707/976
f 1959/698/968 1965/708/977 1966/709/978
f 1960/701/969 1966/709/978 1967/710/979
f 1961/703/971 1967/710/979 1968/711/974
f 1968/711/974 1974/712/985 1969/713/980
f 1963/753/975 1969/714/980 1970/715/981
f 1964/707/976 1970/715/981 1971/716/982
f 1966/709/978 1965/708/977 1971/716/982
f 1967/710/979 1966/709/978 1972/717/983
f 1968/711/974 1967/710/979 1973/718/984
f 1974/712/985 1980/719/991 1975/720/986
f 1969/714/980 1975/721/986 1976/722/987
f 1970/715/981 1976/722/987 1977/723/988
f 1972/717/983 1971/716/982 1977/723/988
f 1973/718/984 1972/717/983 1978/724/989
f 1974/712/985 1973/718/984 1979/725/990
f 1975/720/986 1980/719/991 1986/731/992
f 1976/722/987 1975/721/986 1981/754/993
f 1977/723/988 1976/722/987 1982/727/994
f 1977/723/988 1983/728/995 1984/729/996
f 1978/724/989 1984/729/996 1985/730/997
f 1979/725/990 1985/730/997 1986/731/992
f 1986/731/992 1992/732/1003 1987/733/998
f 1981/754/993 1987/734/998 1988/735/999
f 1982/727/994 1988/735/999 1989/736/1000
f 1984/729/996 1983/728/995 1989/736/1000
f 1985/730/997 1984/729/996 1990/737/1001
f 1986/731/992 1985/730/997 1991/738/1002
f 1992/732/1003 1998/739/1009 1993/740/1004
f 1987/734/998 1993/741/1004 1994/742/1005
f 1988/735/999 1994/742/1005 1995/743/1006
f 1990/737/1001 1989/736/1000 1995/743/1006
f 1991/738/1002 1990/737/1001 1996/744/1007
f 1992/732/1003 1991/738/1002 1997/745/1008
f 1998/739/1009 2004/746/1015 1999/747/1010
f 1993/741/1004 1999/748/1010 2000/749/1011
f 1994/742/1005 2000/749/1011 2001/750/1012
f 1996/744/1007 1995/743/1006 2001/750/1012
f 1997/745/1008 1996/744/1007 2002/751/1013
f 1998/739/1009 1997/745/1008 2003/752/1014
f 2056/693/1066 2062/704/1077 2057/694/1067
f 2051/692/1068 2057/706/1067 2058/696/1069
f 2052/697/1070 2058/696/1069 2059/698/1071
f 2054/700/1073 2053/699/1072 2059/698/1071
f 2055/702/1075 2054/700/1073 2060/701/1074
f 2056/693/1066 2055/702/1075 2061/703/1076
f 2062/704/1077 2068/711/1083 2063/705/1078
f 2057/706/1067 2063/753/1078 2064/707/1079
f 2058/696/1069 2064/707/1079 2065/708/1080
f 2060/701/1074 2059/698/1071 2065/708/1080
f 2061/703/1076 2060/701/1074 2066/709/1081
f 2062/704/1077 2061/703/1076 2067/710/1082
f 2063/705/1078 2068/711/1083 2074/712/1084
f 2064/707/1079 2063/753/1078 2069/714/1085
f 2065/708/1080 2064/707/1079 2070/715/1086
f 2065/708/1080 2071/716/1087 2072/717/1088
f 2066/709/1081 2072/717/1088 2073/718/1089
f 2067/710/1082 2073/718/1089 2074/712/1084
f 2069/713/1085 2074/712/1084 2080/719/1090
f 2070/715/1086 2069/714/1085 2075/721/1091
f 2071/716/1087 2070/715/1086 2076/722/1092
f 2071/716/1087 2077/723/1093 2078/724/1094
f 2072/717/1088 2078/724/1094 2079/725/1095
f 2073/718/1089 2079/725/1095 2080/719/1090
f 2080/719/1090 2086/731/1101 2081/726/1096
f 2075/721/1091 2081/754/1096 2082/727/1097
f 2076/722/1092 2082/727/1097 2083/728/1098
f 2078/724/1094 2077/723/1093 2083/728/1098
f 2079/725/1095 2078/724/1094 2084/729/1099
f 2080/719/1090 2079/725/1095 2085/730/1100
f 2081/726/1096 2086/731/1101 2092/732/1102
f 2082/727/1097 2081/754/1096 2087/734/1103
f 2083/728/1098 2082/727/1097 2088/735/1104
f 2083/728/1098 2089/736/1105 2090/737/1106
f 2084/729/1099 2090/737/1106 2091/738/1107
f 2085/730/1100 2091/738/1107 2092/732/1102
f 2087/733/1103 2092/732/1102 2098/739/1108
f 2088/735/1104 2087/734/1103 2093/741/1109
f 2089/736/1105 2088/735/1104 2094/742/1110
f 2089/736/1105 2095/743/1111 2096/744/1112
f 2090/737/1106 2096/744/1112 2097/745/1113
f 2091/738/1107 2097/745/1113 2098/739/1108
f 2093/740/1109 2098/739/1108 2104/746/1114
f 2094/742/1110 2093/741/1109 2099/748/1115
f 2095/743/1111 2094/742/1110 2100/749/1116
f 2095/743/1111 2101/750/1117 2102/751/1118
f 2096/744/1112 2102/751/1118 2103/752/1119
f 2097/745/1113 2103/752/1119 2104/746/1114
f 2110/693/1120 2116/704/1131 2111/694/1121
f 2105/692/1122 2111/706/1121 2112/696/1123
f 2106/697/1124 2112/696/1123 2113/698/1125
f 2108/700/1127 2107/699/1126 2113/698/1125
f 2109/702/1129 2108/700/1127 2114/701/1128
f 2110/693/1120 2109/702/1129 2115/703/1130
f 2116/704/1131 2122/711/1137 2117/705/1132
f 2111/706/1121 2117/753/1132 2118/707/1133
f 2112/696/1123 2118/707/1133 2119/708/1134
f 2114/701/1128 2113/698/1125 2119/708/1134
f 2115/703/1130 2114/701/1128 2120/709/1135
f 2116/704/1131 2115/703/1130 2121/710/1136
f 2117/705/1132 2122/711/1137 2128/712/1138
f 2118/707/1133 2117/753/1132 2123/714/1139
f 2119/708/1134 2118/707/1133 2124/715/1140
f 2119/708/1134 2125/716/1141 2126/717/1142
f 2120/709/1135 2126/717/1142 2127/718/1143
f 2121/710/1136 2127/718/1143 2128/712/1138
f 2123/713/1139 2128/712/1138 2134/719/1144
f 2124/715/1140 2123/714/1139 2129/721/1145
f 2125/716/1141 2124/715/1140 2130/722/1146
f 2125/716/1141 2131/723/1147 2132/724/1148
f 2126/717/1142 2132/724/1148 2133/725/1149
f 2127/718/1143 2133/725/1149 2134/719/1144
f 2134/719/1144 2140/731/1155 2135/726/1150
f 2129/721/1145 2135/754/1150 2136/727/1151
f 2130/722/1146 2136/727/1151 2137/728/1152
f 2132/724/1148 2131/723/1147 2137/728/1152
f 2133/725/1149 2132/724/1148 2138/729/1153
f 2134/719/1144 2133/725/1149 2139/730/1154
f 2135/726/1150 2140/731/1155 2146/732/1156
f 2136/727/1151 2135/754/1150 2141/734/1157
f 2137/728/1152 2136/727/1151 2142/735/1158
f 2137/728/1152 2143/736/1159 2144/737/1160
f 2138/729/1153 2144/737/1160 2145/738/1161
f 2139/730/1154 2145/738/1161 2146/732/1156
f 2141/733/1157 2146/732/1156 2152/739/1162
f 2142/735/1158 2141/734/1157 2147/741/1163
f 2143/736/1159 2142/735/1158 2148/742/1164
f 2143/736/1159 2149/743/1165 2150/744/1166
f 2144/737/1160 2150/744/1166 2151/745/1167
f 2145/738/1161 2151/745/1167 2152/739/1162
f 2147/740/1163 2152/739/1162 2158/746/1168
f 2148/742/1164 2147/741/1163 2153/748/1169
f 2149/743/1165 2148/742/1164 2154/749/1170
f 2149/743/1165 2155/750/1171 2156/751/1172
f 2150/744/1166 2156/751/1172 2157/752/1173
f 2151/745/1167 2157/752/1173 2158/746/1168
f 2159/695/1174 2164/693/1185 2170/704/1175
f 2159/692/1174 2165/706/1176 2166/696/1177
f 2160/697/1178 2166/696/1177 2167/698/1179
f 2161/699/1180 2167/698/1179 2168/701/1181
f 2162/700/1182 2168/701/1181 2169/703/1183
f 2164/693/1185 2163/702/1184 2169/703/1183
f 2165/694/1176 2170/704/1175 2176/711/1186
f 2165/706/1176 2171/753/1187 2172/707/1188
f 2166/696/1177 2172/707/1188 2173/708/1189
f 2167/698/1179 2173/708/1189 2174/709/1190
f 2168/701/1181 2174/709/1190 2175/710/1191
f 2170/704/1175 2169/703/1183 2175/710/1191
f 2176/711/1186 2182/712/1197 2177/713/1192
f 2171/753/1187 2177/714/1192 2178/715/1193
f 2173/708/1189 2172/707/1188 2178/715/1193
f 2174/709/1190 2173/708/1189 2179/716/1194
f 2174/709/1190 2180/717/1195 2181/718/1196
f 2175/710/1191 2181/718/1196 2182/712/1197
f 2182/712/1197 2188/719/1203 2183/720/1198
f 2177/714/1192 2183/721/1198 2184/722/1199
f 2179/716/1194 2178/715/1193 2184/722/1199
f 2180/717/1195 2179/716/1194 2185/723/1200
f 2180/717/1195 2186/724/1201 2187/725/1202
f 2181/718/1196 2187/725/1202 2188/719/1203
f 2183/720/1198 2188/719/1203 2194/731/1204
f 2183/721/1198 2189/754/1205 2190/727/1206
f 2184/722/1199 2190/727/1206 2191/728/1207
f 2185/723/1200 2191/728/1207 2192/729/1208
f 2186/724/1201 2192/729/1208 2193/730/1209
f 2188/719/1203 2187/725/1202 2193/730/1209
f 2194/731/1204 2200/732/1215 2195/733/1210
f 2189/754/1205 2195/734/1210 2196/735/1211
f 2191/728/1207 2190/727/1206 2196/735/1211
f 2192/729/1208 2191/728/1207 2197/736/1212
f 2192/729/1208 2198/737/1213 2199/738/1214
f 2193/730/1209 2199/738/1214 2200/732/1215
f 2200/732/1215 2206/739/1221 2201/740/1216
f 2195/734/1210 2201/741/1216 2202/742/1217
f 2197/736/1212 2196/735/1211 2202/742/1217
f 2198/737/1213 2197/736/1212 2203/743/1218
f 2198/737/1213 2204/744/1219 2205/745/1220
f 2199/738/1214 2205/745/1220 2206/739/1221
f 2206/739/1221 2212/746/1227 2207/747/1222
f 2201/741/1216 2207/748/1222 2208/749/1223
f 2203/743/1218 2202/742/1217 2208/749/1223
f 2204/744/1219 2203/743/1218 2209/750/1224
f 2204/744/1219 2210/751/1225 2211/752/1226
f 2205/745/1220 2211/752/1226 2212/746/1227
f 2213/695/1228 2218/693/1239 2224/704/1229
f 2214/697/1231 2213/692/1228 2219/706/1230
f 2215/699/1233 2214/697/1231 2220/696/1232
f 2215/699/1233 2221/698/1234 2222/701/1235
f 2216/700/1236 2222/701/1235 2223/703/1237
f 2217/702/1238 2223/703/1237 2224/704/1229
f 2219/694/1230 2224/704/1229 2230/711/1240
f 2220/696/1232 2219/706/1230 2225/753/1241
f 2221/698/1234 2220/696/1232 2226/707/1242
f 2221/698/1234 2227/708/1243 2228/709/1244
f 2222/701/1235 2228/709/1244 2229/710/1245
f 2223/703/1237 2229/710/1245 2230/711/1240
f 2230/711/1240 2236/712/1251 2231/713/1246
f 2225/753/1241 2231/714/1246 2232/715/1247
f 2226/707/1242 2232/715/1247 2233/716/1248
f 2228/709/1244 2227/708/1243 2233/716/1248
f 2229/710/1245 2228/709/1244 2234/717/1249
f 2230/711/1240 2229/710/1245 2235/718/1250
f 2236/712/1251 2242/719/1257 2237/720/1252
f 2231/714/1246 2237/721/1252 2238/722/1253
f 2232/715/1247 2238/722/1253 2239/723/1254
f 2234/717/1249 2233/716/1248 2239/723/1254
f 2235/718/1250 2234/717/1249 2240/724/1255
f 2236/712/1251 2235/718/1250 2241/725/1256
f 2237/720/1252 2242/719/1257 2248/731/1258
f 2238/722/1253 2237/721/1252 2243/754/1259
f 2239/723/1254 2238/722/1253 2244/727/1260
f 2239/723/1254 2245/728/1261 2246/729/1262
f 2240/724/1255 2246/729/1262 2247/730/1263
f 2241/725/1256 2247/730/1263 2248/731/1258
f 2248/731/1258 2254/732/1269 2249/733/1264
f 2243/754/1259 2249/734/1264 2250/735/1265
f 2244/727/1260 2250/735/1265 2251/736/1266
f 2246/729/1262 2245/728/1261 2251/736/1266
f 2247/730/1263 2246/729/1262 2252/737/1267
f 2248/731/1258 2247/730/1263 2253/738/1268
f 2254/732/1269 2260/739/1275 2255/740/1270
f 2249/734/1264 2255/741/1270 2256/742/1271
f 2250/735/1265 2256/742/1271 2257/743/1272
f 2252/737/1267 2251/736/1266 2257/743/1272
f 2253/738/1268 2252/737/1267 2258/744/1273
f 2254/732/1269 2253/738/1268 2259/745/1274
f 2260/739/1275 2266/746/1281 2261/747/1276
f 2255/741/1270 2261/748/1276 2262/749/1277
f 2256/742/1271 2262/749/1277 2263/750/1278
f 2258/744/1273 2257/743/1272 2263/750/1278
f 2259/745/1274 2258/744/1273 2264/751/1279
f 2260/739/1275 2259/745/1274 2265/752/1280
f 2267/695/1282 2272/693/1293 2278/704/1283
f 2268/697/1285 2267/692/1282 2273/706/1284
f 2269/699/1287 2268/697/1285 2274/696/1286
f 2269/699/1287 2275/698/1288 2276/701/1289
f 2270/700/1290 2276/701/1289 2277/703/1291
f 2271/702/1292 2277/703/1291 2278/704/1283
f 2273/694/1284 2278/704/1283 2284/711/1294
f 2274/696/1286 2273/706/1284 2279/753/1295
f 2275/698/1288 2274/696/1286 2280/707/1296
f 2275/698/1288 2281/708/1297 2282/709/1298
f 2276/701/1289 2282/709/1298 2283/710/1299
f 2277/703/1291 2283/710/1299 2284/711/1294
f 2284/711/1294 2290/712/1305 2285/713/1300
f 2279/753/1295 2285/714/1300 2286/715/1301
f 2280/707/1296 2286/715/1301 2287/716/1302
f 2282/709/1298 2281/708/1297 2287/716/1302
f 2283/710/1299 2282/709/1298 2288/717/1303
f 2284/711/1294 2283/710/1299 2289/718/1304
f 2290/712/1305 2296/719/1311 2291/720/1306
f 2285/714/1300 2291/721/1306 2292/722/1307
f 2286/715/1301 2292/722/1307 2293/723/1308
f 2288/717/1303 2287/716/1302 2293/723/1308
f 2289/718/1304 2288/717/1303 2294/724/1309
f 2290/712/1305 2289/718/1304 2295/725/1310
f 2291/720/1306 2296/719/1311 2302/731/1312
f 2292/722/1307 2291/721/1306 2297/754/1313
f 2293/723/1308 2292/722/1307 2298/727/1314
f 2293/723/1308 2299/728/1315 2300/729/1316
f 2294/724/1309 2300/729/1316 2301/730/1317
f 2295/725/1310 2301/730/1317 2302/731/1312
f 2302/731/1312 2308/732/1323 2303/733/1318
f 2297/754/1313 2303/734/1318 2304/735/1319
f 2298/727/1314 2304/735/1319 2305/736/1320
f 2300/729/1316 2299/728/1315 2305/736/1320
f 2301/730/1317 2300/729/1316 2306/737/1321
f 2302/731/1312 2301/730/1317 2307/738/1322
f 2308/732/1323 2314/739/1329 2309/740/1324
f 2303/734/1318 2309/741/1324 2310/742/1325
f 2304/735/1319 2310/742/1325 2311/743/1326
f 2306/737/1321 2305/736/1320 2311/743/1326
f 2307/738/1322 2306/737/1321 2312/744/1327
f 2308/732/1323 2307/738/1322 2313/745/1328
f 2314/739/1329 2320/746/1335 2315/747/1330
f 2309/741/1324 2315/748/1330 2316/749/1331
f 2310/742/1325 2316/749/1331 2317/750/1332
f 2312/744/1327 2311/743/1326 2317/750/1332
f 2313/745/1328 2312/744/1327 2318/751/1333
f 2314/739/1329 2313/745/1328 2319/752/1334
f 2394/792/1408 2399/795/1411 2398/793/1409
f 2395/720/1410 2400/803/1413 2399/795/1411
f 2396/796/1412 2401/799/1415 2400/797/1413
f 2397/798/1414 2402/800/1416 2401/799/1415
f 2397/798/1414 2393/794/26 2398/793/1409
f 2398/793/1409 2399/795/1411 2404/801/1417
f 2400/803/1413 2405/808/1419 2404/801/1417
f 2401/799/1415 2406/805/1420 2405/804/1419
f 2402/800/1416 2407/806/1421 2406/805/1420
f 2398/793/1409 2403/802/1418 2407/806/1421
f 2404/801/1417 2409/809/1423 2408/807/1422
f 2405/808/1419 2410/814/1424 2409/809/1423
f 2406/805/1420 2411/812/1426 2410/810/1424
f 2406/805/1420 2407/806/1421 2412/811/1425
f 2407/806/1421 2403/802/1418 2408/807/1422
f 2409/809/1423 2414/815/1428 2413/813/1427
f 2410/814/1424 2415/875/1429 2414/815/1428
f 2411/812/1426 2416/817/1430 2415/816/1429
f 2412/811/1425 2417/818/1431 2416/817/1430
f 2408/807/1422 2413/813/1427 2417/818/1431
f 2414/815/1428 2419/821/1434 2418/819/1432
f 2414/815/1428 2415/875/1429 2420/820/1433
f 2416/817/1430 2421/823/1435 2420/822/1433
f 2417/818/1431 2422/824/1436 2421/823/1435
f 2413/813/1427 2418/819/1432 2422/824/1436
f 2419/821/1434 2424/826/1438 2423/825/1437
f 2420/820/1433 2425/898/1439 2424/826/1438
f 2421/823/1435 2426/829/1441 2425/827/1439
f 2421/823/1435 2422/824/1436 2427/828/1440
f 2418/819/1432 2423/825/1437 2427/828/1440
f 2423/825/1437 2424/826/1438 2429/830/1442
f 2424/826/1438 2425/898/1439 2430/747/1443
f 2426/829/1441 2431/833/1445 2430/748/1443
f 2426/829/1441 2427/828/1440 2432/832/1444
f 2423/825/1437 2428/831/22 2432/832/1444
f 2429/834/1442 2434/838/1448 2433/835/1446
f 2429/834/1442 2430/899/1443 2435/837/1447
f 2431/839/1445 2436/843/1449 2435/840/1447
f 2432/842/1444 2437/844/1450 2436/843/1449
f 2428/836/22 2433/835/1446 2437/844/1450
f 2434/838/1448 2439/847/1453 2438/845/1451
f 2434/838/1448 2435/837/1447 2440/846/1452
f 2436/843/1449 2441/849/1454 2440/848/1452
f 2437/844/1450 2442/850/1455 2441/849/1454
f 2433/835/1446 2438/845/1451 2442/850/1455
f 2439/847/1453 2444/853/1458 2443/851/1456
f 2439/847/1453 2440/846/1452 2445/852/1457
f 2441/849/1454 2446/856/1460 2445/854/1457
f 2441/849/1454 2442/850/1455 2447/855/1459
f 2438/845/1451 2443/851/1456 2447/855/1459
f 2443/851/1456 2444/853/1458 2449/857/1461
f 2445/852/1457 2450/876/1463 2449/857/1461
f 2446/856/1460 2451/860/1464 2450/859/1463
f 2447/855/1459 2452/861/1465 2451/860/1464
f 2443/851/1456 2448/858/1462 2452/861/1465
f 2448/858/1462 2449/857/1461 2454/862/1466
f 2449/857/1461 2450/876/1463 2455/864/1468
f 2451/860/1464 2456/867/1470 2455/865/1468
f 2451/860/1464 2452/861/1465 2457/866/1469
f 2452/861/1465 2448/858/1462 2453/863/1467
f 2454/862/1466 2459/870/1473 2458/868/1471
f 2454/862/1466 2455/864/1468 2460/869/1472
f 2456/867/1470 2461/873/1475 2460/871/1472
f 2456/867/1470 2457/866/1469 2462/872/1474
f 2453/863/1467 2458/868/1471 2462/872/1474
f 2458/868/1471 2459/870/1473 2394/792/1408
f 2460/869/1472 2395/720/1410 2394/792/1408
f 2461/873/1475 2396/796/1412 2395/721/1410
f 2461/873/1475 2462/872/1474 2397/798/1414
f 2458/868/1471 2393/794/26 2397/798/1414
f 2862/693/426 2868/704/437 2863/694/427
f 2857/692/428 2863/706/427 2864/696/429
f 2858/697/430 2864/696/429 2865/698/431
f 2860/700/433 2859/699/432 2865/698/431
f 2861/702/435 2860/700/433 2866/701/434
f 2862/693/426 2861/702/435 2867/703/436
f 2868/704/437 2874/711/443 2869/705/438
f 2863/706/427 2869/753/438 2870/707/439
f 2864/696/429 2870/707/439 2871/708/440
f 2866/701/434 2865/698/431 2871/708/440
f 2867/703/436 2866/701/434 2872/709/441
f 2868/704/437 2867/703/436 2873/710/442
f 2869/705/438 2874/711/443 2880/712/444
f 2870/707/439 2869/753/438 2875/714/445
f 2871/708/440 2870/707/439 2876/715/446
f 2871/708/440 2877/716/447 2878/717/448
f 2872/709/441 2878/717/448 2879/718/449
f 2873/710/442 2879/718/449 2880/712/444
f 2875/713/445 2880/712/444 2886/719/450
f 2876/715/446 2875/714/445 2881/721/451
f 2877/716/447 2876/715/446 2882/722/452
f 2877/716/447 2883/723/453 2884/724/454
f 2878/717/448 2884/724/454 2885/725/455
f 2879/718/449 2885/725/455 2886/719/450
f 2886/719/450 2892/731/461 2887/726/456
f 2881/721/451 2887/754/456 2888/727/457
f 2882/722/452 2888/727/457 2889/728/458
f 2884/724/454 2883/723/453 2889/728/458
f 2885/725/455 2884/724/454 2890/729/459
f 2886/719/450 2885/725/455 2891/730/460
f 2887/726/456 2892/731/461 2898/732/462
f 2888/727/457 2887/754/456 2893/734/463
f 2889/728/458 2888/727/457 2894/735/464
f 2889/728/458 2895/736/465 2896/737/466
f 2890/729/459 2896/737/466 2897/738/467
f 2891/730/460 2897/738/467 2898/732/462
f 2893/733/463 2898/732/462 2904/739/1484
f 2894/735/464 2893/734/463 2899/741/469
f 2895/736/465 2894/735/464 2900/742/470
f 2895/736/465 2901/743/471 2902/744/472
f 2896/737/466 2902/744/472 2903/745/473
f 2897/738/467 2903/745/473 2904/739/1484
f 2899/740/469 2904/739/1484 2910/746/474
f 2900/742/470 2899/741/469 2905/748/475
f 2901/743/471 2900/742/470 2906/749/476
f 2901/743/471 2907/750/1485 2908/751/478
f 2902/744/472 2908/751/478 2909/752/479
f 2903/745/473 2909/752/479 2910/746/474
f 2916/693/480 2922/704/491 2917/694/481
f 2911/692/482 2917/706/481 2918/696/483
f 2912/697/484 2918/696/483 2919/698/485
f 2914/700/487 2913/699/486 2919/698/485
f 2915/702/489 2914/700/487 2920/701/488
f 2916/693/480 2915/702/489 2921/703/490
f 2922/704/491 2928/711/497 2923/705/492
f 2917/706/481 2923/753/492 2924/707/493
f 2918/696/483 2924/707/493 2925/708/494
f 2920/701/488 2919/698/485 2925/708/494
f 2921/703/490 2920/701/488 2926/709/495
f 2922/704/491 2921/703/490 2927/710/496
f 2923/705/492 2928/711/497 2934/712/498
f 2924/707/493 2923/753/492 2929/714/499
f 2925/708/494 2924/707/493 2930/715/500
f 2925/708/494 2931/716/501 2932/717/502
f 2926/709/495 2932/717/502 2933/718/503
f 2927/710/496 2933/718/503 2934/712/498
f 2929/713/499 2934/712/498 2940/719/504
f 2930/715/500 2929/714/499 2935/721/505
f 2931/716/501 2930/715/500 2936/722/506
f 2931/716/501 2937/723/507 2938/724/1486
f 2932/717/502 2938/724/1486 2939/725/509
f 2933/718/503 2939/725/509 2940/719/504
f 2940/719/504 2946/731/515 2941/726/510
f 2935/721/505 2941/754/510 2942/727/511
f 2936/722/506 2942/727/511 2943/728/512
f 2938/724/1486 2937/723/507 2943/728/512
f 2939/725/509 2938/724/1486 2944/729/513
f 2940/719/504 2939/725/509 2945/730/514
f 2941/726/510 2946/731/515 2952/732/516
f 2942/727/511 2941/754/510 2947/734/517
f 2943/728/512 2942/727/511 2948/735/518
f 2943/728/512 2949/736/519 2950/737/520
f 2944/729/513 2950/737/520 2951/738/521
f 2945/730/514 2951/738/521 2952/732/516
f 2947/733/517 2952/732/516 2958/739/522
f 2948/735/518 2947/734/517 2953/741/523
f 2949/736/519 2948/735/518 2954/742/524
f 2949/736/519 2955/743/525 2956/744/526
f 2950/737/520 2956/744/526 2957/745/527
f 2951/738/521 2957/745/527 2958/739/522
f 2953/740/523 2958/739/522 2964/746/528
f 2954/742/524 2953/741/523 2959/748/529
f 2955/743/525 2954/742/524 2960/749/530
f 2955/743/525 2961/750/531 2962/751/532
f 2956/744/526 2962/751/532 2963/752/533
f 2957/745/527 2963/752/533 2964/746/528
f 2965/695/534 2970/693/545 2976/704/535
f 2965/692/534 2971/706/536 2972/696/537
f 2966/697/538 2972/696/537 2973/698/539
f 2967/699/540 2973/698/539 2974/701/541
f 2968/700/1487 2974/701/541 2975/703/543
f 2970/693/545 2969/702/1488 2975/703/543
f 2971/694/536 2976/704/535 2982/711/546
f 2971/706/536 2977/753/547 2978/707/548
f 2972/696/537 2978/707/548 2979/708/549
f 2973/698/539 2979/708/549 2980/709/550
f 2974/701/541 2980/709/550 2981/710/551
f 2976/704/535 2975/703/543 2981/710/551
f 2982/711/546 2988/712/557 2983/713/552
f 2977/753/547 2983/714/552 2984/715/553
f 2979/708/549 2978/707/548 2984/715/553
f 2980/709/550 2979/708/549 2985/716/554
f 2980/709/550 2986/717/555 2987/718/556
f 2981/710/551 2987/718/556 2988/712/557
f 2988/712/557 2994/719/563 2989/720/558
f 2983/714/552 2989/721/558 2990/722/559
f 2985/716/554 2984/715/553 2990/722/559
f 2986/717/555 2985/716/554 2991/723/560
f 2986/717/555 2992/724/561 2993/725/562
f 2987/718/556 2993/725/562 2994/719/563
f 2989/720/558 2994/719/563 3000/731/564
f 2989/721/558 2995/754/565 2996/727/566
f 2990/722/559 2996/727/566 2997/728/567
f 2991/723/560 2997/728/567 2998/729/568
f 2992/724/561 2998/729/568 2999/730/569
f 2994/719/563 2993/725/562 2999/730/569
f 3000/731/564 3006/732/575 3001/733/570
f 2995/754/565 3001/734/570 3002/735/1489
f 2997/728/567 2996/727/566 3002/735/1489
f 2998/729/568 2997/728/567 3003/736/572
f 2998/729/568 3004/737/573 3005/738/574
f 2999/730/569 3005/738/574 3006/732/575
f 3006/732/575 3012/739/581 3007/740/576
f 3001/734/570 3007/741/576 3008/742/577
f 3003/736/572 3002/735/1489 3008/742/577
f 3004/737/573 3003/736/572 3009/743/578
f 3004/737/573 3010/744/579 3011/745/580
f 3005/738/574 3011/745/580 3012/739/581
f 3012/739/581 3018/746/587 3013/747/582
f 3007/741/576 3013/748/582 3014/749/1490
f 3009/743/578 3008/742/577 3014/749/1490
f 3010/744/579 3009/743/578 3015/750/584
f 3010/744/579 3016/751/585 3017/752/1491
f 3011/745/580 3017/752/1491 3018/746/587
f 3019/695/588 3024/693/599 3030/704/589
f 3020/697/591 3019/692/588 3025/706/590
f 3021/699/593 3020/697/591 3026/696/592
f 3021/699/593 3027/698/594 3028/701/595
f 3022/700/596 3028/701/595 3029/703/597
f 3023/702/598 3029/703/597 3030/704/589
f 3025/694/590 3030/704/589 3036/711/600
f 3026/696/592 3025/706/590 3031/753/601
f 3027/698/594 3026/696/592 3032/707/602
f 3027/698/594 3033/708/603 3034/709/604
f 3028/701/595 3034/709/604 3035/710/605
f 3029/703/597 3035/710/605 3036/711/600
f 3036/711/600 3042/712/611 3037/713/606
f 3031/753/601 3037/714/606 3038/715/607
f 3032/707/602 3038/715/607 3039/716/608
f 3034/709/604 3033/708/603 3039/716/608
f 3035/710/605 3034/709/604 3040/717/609
f 3036/711/600 3035/710/605 3041/718/610
f 3042/712/611 3048/719/617 3043/720/612
f 3037/714/606 3043/721/612 3044/722/613
f 3038/715/607 3044/722/613 3045/723/614
f 3040/717/609 3039/716/608 3045/723/614
f 3041/718/610 3040/717/609 3046/724/615
f 3042/712/611 3041/718/610 3047/725/616
f 3043/720/612 3048/719/617 3054/731/618
f 3044/722/613 3043/721/612 3049/754/619
f 3045/723/614 3044/722/613 3050/727/620
f 3045/723/614 3051/728/621 3052/729/622
f 3046/724/615 3052/729/622 3053/730/623
f 3047/725/616 3053/730/623 3054/731/618
f 3054/731/618 3060/732/629 3055/733/624
f 3049/754/619 3055/734/624 3056/735/625
f 3050/727/620 3056/735/625 3057/736/626
f 3052/729/622 3051/728/621 3057/736/626
f 3053/730/623 3052/729/622 3058/737/627
f 3054/731/618 3053/730/623 3059/738/628
f 3060/732/629 3066/739/635 3061/740/630
f 3055/734/624 3061/741/630 3062/742/631
f 3056/735/625 3062/742/631 3063/743/632
f 3058/737/627 3057/736/626 3063/743/632
f 3059/738/628 3058/737/627 3064/744/633
f 3060/732/629 3059/738/628 3065/745/634
f 3066/739/635 3072/746/641 3067/747/636
f 3061/741/630 3067/748/636 3068/749/637
f 3062/742/631 3068/749/637 3069/750/638
f 3064/744/633 3063/743/632 3069/750/638
f 3065/745/634 3064/744/633 3070/751/1492
f 3066/739/635 3065/745/634 3071/752/640
f 3073/695/642 3078/693/653 3084/704/643
f 3074/697/645 3073/692/642 3079/706/644
f 3075/699/647 3074/697/645 3080/696/646
f 3075/699/647 3081/698/648 3082/701/649
f 3076/700/650 3082/701/649 3083/703/651
f 3077/702/652 3083/703/651 3084/704/643
f 3079/694/644 3084/704/643 3090/711/654
f 3080/696/646 3079/706/644 3085/753/655
f 3081/698/648 3080/696/646 3086/707/656
f 3081/698/648 3087/708/657 3088/709/658
f 3082/701/649 3088/709/658 3089/710/659
f 3083/703/651 3089/710/659 3090/711/654
f 3090/711/654 3096/712/665 3091/713/660
f 3085/753/655 3091/714/660 3092/715/661
f 3086/707/656 3092/715/661 3093/716/1493
f 3088/709/658 3087/708/657 3093/716/1493
f 3089/710/659 3088/709/658 3094/717/663
f 3090/711/654 3089/710/659 3095/718/1494
f 3096/712/665 3102/719/671 3097/720/666
f 3091/714/660 3097/721/666 3098/722/667
f 3092/715/661 3098/722/667 3099/723/668
f 3094/717/663 3093/716/1493 3099/723/668
f 3095/718/1494 3094/717/663 3100/724/669
f 3096/712/665 3095/718/1494 3101/725/670
f 3097/720/666 3102/719/671 3108/731/672
f 3098/722/667 3097/721/666 3103/754/673
f 3099/723/668 3098/722/667 3104/727/674
f 3099/723/668 3105/728/1495 3106/729/676
f 3100/724/669 3106/729/676 3107/730/677
f 3101/725/670 3107/730/677 3108/731/672
f 3108/731/672 3114/732/683 3109/733/678
f 3103/754/673 3109/734/678 3110/735/679
f 3104/727/674 3110/735/679 3111/736/680
f 3106/729/676 3105/728/1495 3111/736/680
f 3107/730/677 3106/729/676 3112/737/681
f 3108/731/672 3107/730/677 3113/738/682
f 3114/732/683 3120/739/689 3115/740/1496
f 3109/734/678 3115/741/1496 3116/742/1497
f 3110/735/679 3116/742/1497 3117/743/686
f 3112/737/681 3111/736/680 3117/743/686
f 3113/738/682 3112/737/681 3118/744/687
f 3114/732/683 3113/738/682 3119/745/688
f 3120/739/689 3126/746/1499 3121/747/690
f 3115/741/1496 3121/748/690 3122/749/1498
f 3116/742/1497 3122/749/1498 3123/750/692
f 3118/744/687 3117/743/686 3123/750/692
f 3119/745/688 3118/744/687 3124/751/693
f 3120/739/689 3119/745/688 3125/752/694
f 3178/693/1502 3184/704/757 3179/694/747
f 3173/692/748 3179/706/747 3180/696/749
f 3174/697/750 3180/696/749 3181/698/751
f 3176/700/753 3175/699/752 3181/698/751
f 3177/702/755 3176/700/753 3182/701/754
f 3178/693/1502 3177/702/755 3183/703/756
f 3184/704/757 3190/711/763 3185/705/758
f 3179/706/747 3185/753/758 3186/707/759
f 3180/696/749 3186/707/759 3187/708/760
f 3182/701/754 3181/698/751 3187/708/760
f 3183/703/756 3182/701/754 3188/709/761
f 3184/704/757 3183/703/756 3189/710/762
f 3185/705/758 3190/711/763 3196/712/764
f 3186/707/759 3185/753/758 3191/714/765
f 3187/708/760 3186/707/759 3192/715/766
f 3187/708/760 3193/716/767 3194/717/768
f 3188/709/761 3194/717/768 3195/718/769
f 3189/710/762 3195/718/769 3196/712/764
f 3191/713/765 3196/712/764 3202/719/770
f 3192/715/766 3191/714/765 3197/721/771
f 3193/716/767 3192/715/766 3198/722/772
f 3193/716/767 3199/723/773 3200/724/774
f 3194/717/768 3200/724/774 3201/725/775
f 3195/718/769 3201/725/775 3202/719/770
f 3202/719/770 3208/731/781 3203/726/776
f 3197/721/771 3203/754/776 3204/727/777
f 3198/722/772 3204/727/777 3205/728/778
f 3200/724/774 3199/723/773 3205/728/778
f 3201/725/775 3200/724/774 3206/729/1503
f 3202/719/770 3201/725/775 3207/730/780
f 3203/726/776 3208/731/781 3214/732/782
f 3204/727/777 3203/754/776 3209/734/783
f 3205/728/778 3204/727/777 3210/735/784
f 3205/728/778 3211/736/785 3212/737/786
f 3206/729/1503 3212/737/786 3213/738/787
f 3207/730/780 3213/738/787 3214/732/782
f 3209/733/783 3214/732/782 3220/739/788
f 3210/735/784 3209/734/783 3215/741/789
f 3211/736/785 3210/735/784 3216/742/790
f 3211/736/785 3217/743/791 3218/744/792
f 3212/737/786 3218/744/792 3219/745/793
f 3213/738/787 3219/745/793 3220/739/788
f 3215/740/789 3220/739/788 3226/746/794
f 3216/742/790 3215/741/789 3221/748/795
f 3217/743/791 3216/742/790 3222/749/796
f 3217/743/791 3223/750/797 3224/751/798
f 3218/744/792 3224/751/798 3225/752/799
f 3219/745/793 3225/752/799 3226/746/794
f 3232/693/1504 3238/704/811 3233/694/801
f 3227/692/802 3233/706/801 3234/696/803
f 3228/697/804 3234/696/803 3235/698/805
f 3230/700/807 3229/699/806 3235/698/805
f 3231/702/809 3230/700/807 3236/701/808
f 3232/693/1504 3231/702/809 3237/703/810
f 3238/704/811 3244/711/817 3239/705/812
f 3233/706/801 3239/753/812 3240/707/813
f 3234/696/803 3240/707/813 3241/708/814
f 3236/701/808 3235/698/805 3241/708/814
f 3237/703/810 3236/701/808 3242/709/815
f 3238/704/811 3237/703/810 3243/710/816
f 3239/705/812 3244/711/817 3250/712/818
f 3240/707/813 3239/753/812 3245/714/819
f 3241/708/814 3240/707/813 3246/715/820
f 3241/708/814 3247/716/821 3248/717/822
f 3242/709/815 3248/717/822 3249/718/823
f 3243/710/816 3249/718/823 3250/712/818
f 3245/713/819 3250/712/818 3256/719/824
f 3246/715/820 3245/714/819 3251/721/825
f 3247/716/821 3246/715/820 3252/722/826
f 3247/716/821 3253/723/827 3254/724/1505
f 3248/717/822 3254/724/1505 3255/725/829
f 3249/718/823 3255/725/829 3256/719/824
f 3256/719/824 3262/731/835 3257/726/830
f 3251/721/825 3257/754/830 3258/727/831
f 3252/722/826 3258/727/831 3259/728/832
f 3254/724/1505 3253/723/827 3259/728/832
f 3255/725/829 3254/724/1505 3260/729/833
f 3256/719/824 3255/725/829 3261/730/834
f 3257/726/830 3262/731/835 3268/732/836
f 3258/727/831 3257/754/830 3263/734/1506
f 3259/728/832 3258/727/831 3264/735/838
f 3259/728/832 3265/736/839 3266/737/840
f 3260/729/833 3266/737/840 3267/738/841
f 3261/730/834 3267/738/841 3268/732/836
f 3263/733/1506 3268/732/836 3274/739/842
f 3264/735/838 3263/734/1506 3269/741/843
f 3265/736/839 3264/735/838 3270/742/844
f 3265/736/839 3271/743/845 3272/744/846
f 3266/737/840 3272/744/846 3273/745/847
f 3267/738/841 3273/745/847 3274/739/842
f 3269/740/843 3274/739/842 3280/746/848
f 3270/742/844 3269/741/843 3275/748/1507
f 3271/743/845 3270/742/844 3276/749/850
f 3271/743/845 3277/750/851 3278/751/852
f 3272/744/846 3278/751/852 3279/752/853
f 3273/745/847 3279/752/853 3280/746/848
f 3281/695/1508 3286/693/865 3292/704/855
f 3281/692/1508 3287/706/856 3288/696/857
f 3282/697/858 3288/696/857 3289/698/859
f 3283/699/860 3289/698/859 3290/701/861
f 3284/700/862 3290/701/861 3291/703/863
f 3286/693/865 3285/702/864 3291/703/863
f 3287/694/856 3292/704/855 3298/711/866
f 3287/706/856 3293/753/867 3294/707/868
f 3288/696/857 3294/707/868 3295/708/869
f 3289/698/859 3295/708/869 3296/709/870
f 3290/701/861 3296/709/870 3297/710/871
f 3292/704/855 3291/703/863 3297/710/871
f 3298/711/866 3304/712/1510 3299/713/872
f 3293/753/867 3299/714/872 3300/715/873
f 3295/708/869 3294/707/868 3300/715/873
f 3296/709/870 3295/708/869 3301/716/1509
f 3296/709/870 3302/717/875 3303/718/876
f 3297/710/871 3303/718/876 3304/712/1510
f 3304/712/1510 3310/719/883 3305/720/878
f 3299/714/872 3305/721/878 3306/722/879
f 3301/716/1509 3300/715/873 3306/722/879
f 3302/717/875 3301/716/1509 3307/723/880
f 3302/717/875 3308/724/881 3309/725/882
f 3303/718/876 3309/725/882 3310/719/883
f 3305/720/878 3310/719/883 3316/731/884
f 3305/721/878 3311/754/885 3312/727/886
f 3306/722/879 3312/727/886 3313/728/887
f 3307/723/880 3313/728/887 3314/729/888
f 3308/724/881 3314/729/888 3315/730/889
f 3310/719/883 3309/725/882 3315/730/889
f 3316/731/884 3322/732/895 3317/733/890
f 3311/754/885 3317/734/890 3318/735/891
f 3313/728/887 3312/727/886 3318/735/891
f 3314/729/888 3313/728/887 3319/736/892
f 3314/729/888 3320/737/893 3321/738/894
f 3315/730/889 3321/738/894 3322/732/895
f 3322/732/895 3328/739/901 3323/740/896
f 3317/734/890 3323/741/896 3324/742/897
f 3319/736/892 3318/735/891 3324/742/897
f 3320/737/893 3319/736/892 3325/743/898
f 3320/737/893 3326/744/899 3327/745/900
f 3321/738/894 3327/745/900 3328/739/901
f 3328/739/901 3334/746/1513 3329/747/902
f 3323/741/896 3329/748/902 3330/749/903
f 3325/743/898 3324/742/897 3330/749/903
f 3326/744/899 3325/743/898 3331/750/1511
f 3326/744/899 3332/751/1512 3333/752/906
f 3327/745/900 3333/752/906 3334/746/1513
f 3335/695/908 3340/693/919 3346/704/909
f 3336/697/911 3335/692/908 3341/706/910
f 3337/699/1514 3336/697/911 3342/696/912
f 3337/699/1514 3343/698/914 3344/701/915
f 3338/700/916 3344/701/915 3345/703/917
f 3339/702/918 3345/703/917 3346/704/909
f 3341/694/910 3346/704/909 3352/711/920
f 3342/696/912 3341/706/910 3347/753/921
f 3343/698/914 3342/696/912 3348/707/922
f 3343/698/914 3349/708/923 3350/709/924
f 3344/701/915 3350/709/924 3351/710/925
f 3345/703/917 3351/710/925 3352/711/920
f 3352/711/920 3358/712/931 3353/713/926
f 3347/753/921 3353/714/926 3354/715/927
f 3348/707/922 3354/715/927 3355/716/1515
f 3350/709/924 3349/708/923 3355/716/1515
f 3351/710/925 3350/709/924 3356/717/929
f 3352/711/920 3351/710/925 3357/718/930
f 3358/712/931 3364/719/937 3359/720/932
f 3353/714/926 3359/721/932 3360/722/933
f 3354/715/927 3360/722/933 3361/723/934
f 3356/717/929 3355/716/1515 3361/723/934
f 3357/718/930 3356/717/929 3362/724/935
f 3358/712/931 3357/718/930 3363/725/1516
f 3359/720/932 3364/719/937 3370/731/938
f 3360/722/933 3359/721/932 3365/754/939
f 3361/723/934 3360/722/933 3366/727/940
f 3361/723/934 3367/728/941 3368/729/942
f 3362/724/935 3368/729/942 3369/730/943
f 3363/725/1516 3369/730/943 3370/731/938
f 3370/731/938 3376/732/1518 3371/733/944
f 3365/754/939 3371/734/944 3372/735/1517
f 3366/727/940 3372/735/1517 3373/736/946
f 3368/729/942 3367/728/941 3373/736/946
f 3369/730/943 3368/729/942 3374/737/947
f 3370/731/938 3369/730/943 3375/738/948
f 3376/732/1518 3382/739/955 3377/740/950
f 3371/734/944 3377/741/950 3378/742/951
f 3372/735/1517 3378/742/951 3379/743/952
f 3374/737/947 3373/736/946 3379/743/952
f 3375/738/948 3374/737/947 3380/744/953
f 3376/732/1518 3375/738/948 3381/745/954
f 3382/739/955 3388/746/961 3383/747/956
f 3377/741/950 3383/748/956 3384/749/957
f 3378/742/951 3384/749/957 3385/750/958
f 3380/744/953 3379/743/952 3385/750/958
f 3381/745/954 3380/744/953 3386/751/959
f 3382/739/955 3381/745/954 3387/752/960
f 3389/695/962 3394/693/973 3400/704/963
f 3390/697/965 3389/692/962 3395/706/964
f 3391/699/1519 3390/697/965 3396/696/966
f 3391/699/1519 3397/698/968 3398/701/969
f 3392/700/970 3398/701/969 3399/703/971
f 3393/702/972 3399/703/971 3400/704/963
f 3395/694/964 3400/704/963 3406/711/974
f 3396/696/966 3395/706/964 3401/753/975
f 3397/698/968 3396/696/966 3402/707/976
f 3397/698/968 3403/708/977 3404/709/978
f 3398/701/969 3404/709/978 3405/710/979
f 3399/703/971 3405/710/979 3406/711/974
f 3406/711/974 3412/712/985 3407/713/980
f 3401/753/975 3407/714/980 3408/715/981
f 3402/707/976 3408/715/981 3409/716/982
f 3404/709/978 3403/708/977 3409/716/982
f 3405/710/979 3404/709/978 3410/717/983
f 3406/711/974 3405/710/979 3411/718/984
f 3412/712/985 3418/719/991 3413/720/986
f 3407/714/980 3413/721/986 3414/722/987
f 3408/715/981 3414/722/987 3415/723/988
f 3410/717/983 3409/716/982 3415/723/988
f 3411/718/984 3410/717/983 3416/724/989
f 3412/712/985 3411/718/984 3417/725/990
f 3413/720/986 3418/719/991 3424/731/992
f 3414/722/987 3413/721/986 3419/754/993
f 3415/723/988 3414/722/987 3420/727/994
f 3415/723/988 3421/728/995 3422/729/996
f 3416/724/989 3422/729/996 3423/730/1520
f 3417/725/990 3423/730/1520 3424/731/992
f 3424/731/992 3430/732/1003 3425/733/998
f 3419/754/993 3425/734/998 3426/735/999
f 3420/727/994 3426/735/999 3427/736/1000
f 3422/729/996 3421/728/995 3427/736/1000
f 3423/730/1520 3422/729/996 3428/737/1001
f 3424/731/992 3423/730/1520 3429/738/1002
f 3430/732/1003 3436/739/1009 3431/740/1004
f 3425/734/998 3431/741/1004 3432/742/1005
f 3426/735/999 3432/742/1005 3433/743/1006
f 3428/737/1001 3427/736/1000 3433/743/1006
f 3429/738/1002 3428/737/1001 3434/744/1007
f 3430/732/1003 3429/738/1002 3435/745/1008
f 3436/739/1009 3442/746/1015 3437/747/1010
f 3431/741/1004 3437/748/1010 3438/749/1011
f 3432/742/1005 3438/749/1011 3439/750/1012
f 3434/744/1007 3433/743/1006 3439/750/1012
f 3435/745/1008 3434/744/1007 3440/751/1013
f 3436/739/1009 3435/745/1008 3441/752/1014
f 3494/693/1066 3500/704/1077 3495/694/1067
f 3489/692/1068 3495/706/1067 3496/696/1069
f 3490/697/1070 3496/696/1069 3497/698/1071
f 3492/700/1073 3491/699/1072 3497/698/1071
f 3493/702/1075 3492/700/1073 3498/701/1074
f 3494/693/1066 3493/702/1075 3499/703/1076
f 3500/704/1077 3506/711/1083 3501/705/1078
f 3495/706/1067 3501/753/1078 3502/707/1079
f 3496/696/1069 3502/707/1079 3503/708/1080
f 3498/701/1074 3497/698/1071 3503/708/1080
f 3499/703/1076 3498/701/1074 3504/709/1081
f 3500/704/1077 3499/703/1076 3505/710/1082
f 3501/705/1078 3506/711/1083 3512/712/1524
f 3502/707/1079 3501/753/1078 3507/714/1085
f 3503/708/1080 3502/707/1079 3508/715/1086
f 3503/708/1080 3509/716/1087 3510/717/1088
f 3504/709/1081 3510/717/1088 3511/718/1089
f 3505/710/1082 3511/718/1089 3512/712/1524
f 3507/713/1085 3512/712/1524 3518/719/1090
f 3508/715/1086 3507/714/1085 3513/721/1091
f 3509/716/1087 3508/715/1086 3514/722/1092
f 3509/716/1087 3515/723/1093 3516/724/1094
f 3510/717/1088 3516/724/1094 3517/725/1095
f 3511/718/1089 3517/725/1095 3518/719/1090
f 3518/719/1090 3524/731/1101 3519/726/1096
f 3513/721/1091 3519/754/1096 3520/727/1097
f 3514/722/1092 3520/727/1097 3521/728/1098
f 3516/724/1094 3515/723/1093 3521/728/1098
f 3517/725/1095 3516/724/1094 3522/729/1099
f 3518/719/1090 3517/725/1095 3523/730/1100
f 3519/726/1096 3524/731/1101 3530/732/1102
f 3520/727/1097 3519/754/1096 3525/734/1525
f 3521/728/1098 3520/727/1097 3526/735/1104
f 3521/728/1098 3527/736/1105 3528/737/1106
f 3522/729/1099 3528/737/1106 3529/738/1107
f 3523/730/1100 3529/738/1107 3530/732/1102
f 3525/733/1525 3530/732/1102 3536/739/1108
f 3526/735/1104 3525/734/1525 3531/741/1109
f 3527/736/1105 3526/735/1104 3532/742/1110
f 3527/736/1105 3533/743/1111 3534/744/1112
f 3528/737/1106 3534/744/1112 3535/745/1113
f 3529/738/1107 3535/745/1113 3536/739/1108
f 3531/740/1109 3536/739/1108 3542/746/1114
f 3532/742/1110 3531/741/1109 3537/748/1115
f 3533/743/1111 3532/742/1110 3538/749/1116
f 3533/743/1111 3539/750/1117 3540/751/1118
f 3534/744/1112 3540/751/1118 3541/752/1526
f 3535/745/1113 3541/752/1526 3542/746/1114
f 3548/693/1120 3554/704/1131 3549/694/1121
f 3543/692/1122 3549/706/1121 3550/696/1123
f 3544/697/1124 3550/696/1123 3551/698/1125
f 3546/700/1127 3545/699/1126 3551/698/1125
f 3547/702/1129 3546/700/1127 3552/701/1128
f 3548/693/1120 3547/702/1129 3553/703/1130
f 3554/704/1131 3560/711/1137 3555/705/1132
f 3549/706/1121 3555/753/1132 3556/707/1133
f 3550/696/1123 3556/707/1133 3557/708/1134
f 3552/701/1128 3551/698/1125 3557/708/1134
f 3553/703/1130 3552/701/1128 3558/709/1135
f 3554/704/1131 3553/703/1130 3559/710/1136
f 3555/705/1132 3560/711/1137 3566/712/1138
f 3556/707/1133 3555/753/1132 3561/714/1139
f 3557/708/1134 3556/707/1133 3562/715/1140
f 3557/708/1134 3563/716/1141 3564/717/1527
f 3558/709/1135 3564/717/1527 3565/718/1528
f 3559/710/1136 3565/718/1528 3566/712/1138
f 3561/713/1139 3566/712/1138 3572/719/1144
f 3562/715/1140 3561/714/1139 3567/721/1145
f 3563/716/1141 3562/715/1140 3568/722/1146
f 3563/716/1141 3569/723/1147 3570/724/1148
f 3564/717/1527 3570/724/1148 3571/725/1149
f 3565/718/1528 3571/725/1149 3572/719/1144
f 3572/719/1144 3578/731/1155 3573/726/1150
f 3567/721/1145 3573/754/1150 3574/727/1151
f 3568/722/1146 3574/727/1151 3575/728/1152
f 3570/724/1148 3569/723/1147 3575/728/1152
f 3571/725/1149 3570/724/1148 3576/729/1153
f 3572/719/1144 3571/725/1149 3577/730/1529
f 3573/726/1150 3578/731/1155 3584/732/1156
f 3574/727/1151 3573/754/1150 3579/734/1157
f 3575/728/1152 3574/727/1151 3580/735/1158
f 3575/728/1152 3581/736/1159 3582/737/1160
f 3576/729/1153 3582/737/1160 3583/738/1161
f 3577/730/1529 3583/738/1161 3584/732/1156
f 3579/733/1157 3584/732/1156 3590/739/1530
f 3580/735/1158 3579/734/1157 3585/741/1163
f 3581/736/1159 3580/735/1158 3586/742/1164
f 3581/736/1159 3587/743/1165 3588/744/1166
f 3582/737/1160 3588/744/1166 3589/745/1531
f 3583/738/1161 3589/745/1531 3590/739/1530
f 3585/740/1163 3590/739/1530 3596/746/1168
f 3586/742/1164 3585/741/1163 3591/748/1532
f 3587/743/1165 3586/742/1164 3592/749/1170
f 3587/743/1165 3593/750/1171 3594/751/1533
f 3588/744/1166 3594/751/1533 3595/752/1173
f 3589/745/1531 3595/752/1173 3596/746/1168
f 3597/695/1174 3602/693/1185 3608/704/1175
f 3597/692/1174 3603/706/1176 3604/696/1177
f 3598/697/1178 3604/696/1177 3605/698/1179
f 3599/699/1180 3605/698/1179 3606/701/1181
f 3600/700/1182 3606/701/1181 3607/703/1183
f 3602/693/1185 3601/702/1184 3607/703/1183
f 3603/694/1176 3608/704/1175 3614/711/1186
f 3603/706/1176 3609/753/1534 3610/707/1535
f 3604/696/1177 3610/707/1535 3611/708/1189
f 3605/698/1179 3611/708/1189 3612/709/1190
f 3606/701/1181 3612/709/1190 3613/710/1191
f 3608/704/1175 3607/703/1183 3613/710/1191
f 3614/711/1186 3620/712/1197 3615/713/1192
f 3609/753/1534 3615/714/1192 3616/715/1193
f 3611/708/1189 3610/707/1535 3616/715/1193
f 3612/709/1190 3611/708/1189 3617/716/1194
f 3612/709/1190 3618/717/1195 3619/718/1196
f 3613/710/1191 3619/718/1196 3620/712/1197
f 3620/712/1197 3626/719/1203 3621/720/1198
f 3615/714/1192 3621/721/1198 3622/722/1199
f 3617/716/1194 3616/715/1193 3622/722/1199
f 3618/717/1195 3617/716/1194 3623/723/1200
f 3618/717/1195 3624/724/1201 3625/725/1202
f 3619/718/1196 3625/725/1202 3626/719/1203
f 3621/720/1198 3626/719/1203 3632/731/1204
f 3621/721/1198 3627/754/1205 3628/727/1206
f 3622/722/1199 3628/727/1206 3629/728/1207
f 3623/723/1200 3629/728/1207 3630/729/1208
f 3624/724/1201 3630/729/1208 3631/730/1209
f 3626/719/1203 3625/725/1202 3631/730/1209
f 3632/731/1204 3638/732/1215 3633/733/1210
f 3627/754/1205 3633/734/1210 3634/735/1211
f 3629/728/1207 3628/727/1206 3634/735/1211
f 3630/729/1208 3629/728/1207 3635/736/1536
f 3630/729/1208 3636/737/1213 3637/738/1214
f 3631/730/1209 3637/738/1214 3638/732/1215
f 3638/732/1215 3644/739/1221 3639/740/1216
f 3633/734/1210 3639/741/1216 3640/742/1217
f 3635/736/1536 3634/735/1211 3640/742/1217
f 3636/737/1213 3635/736/1536 3641/743/1218
f 3636/737/1213 3642/744/1219 3643/745/1220
f 3637/738/1214 3643/745/1220 3644/739/1221
f 3644/739/1221 3650/746/1227 3645/747/1222
f 3639/741/1216 3645/748/1222 3646/749/1223
f 3641/743/1218 3640/742/1217 3646/749/1223
f 3642/744/1219 3641/743/1218 3647/750/1224
f 3642/744/1219 3648/751/1537 3649/752/1226
f 3643/745/1220 3649/752/1226 3650/746/1227
f 3651/695/1228 3656/693/1239 3662/704/1229
f 3652/697/1231 3651/692/1228 3657/706/1230
f 3653/699/1233 3652/697/1231 3658/696/1232
f 3653/699/1233 3659/698/1234 3660/701/1235
f 3654/700/1236 3660/701/1235 3661/703/1237
f 3655/702/1238 3661/703/1237 3662/704/1229
f 3657/694/1230 3662/704/1229 3668/711/1240
f 3658/696/1232 3657/706/1230 3663/753/1241
f 3659/698/1234 3658/696/1232 3664/707/1242
f 3659/698/1234 3665/708/1243 3666/709/1244
f 3660/701/1235 3666/709/1244 3667/710/1245
f 3661/703/1237 3667/710/1245 3668/711/1240
f 3668/711/1240 3674/712/1251 3669/713/1246
f 3663/753/1241 3669/714/1246 3670/715/1247
f 3664/707/1242 3670/715/1247 3671/716/1248
f 3666/709/1244 3665/708/1243 3671/716/1248
f 3667/710/1245 3666/709/1244 3672/717/1538
f 3668/711/1240 3667/710/1245 3673/718/1539
f 3674/712/1251 3680/719/1257 3675/720/1252
f 3669/714/1246 3675/721/1252 3676/722/1253
f 3670/715/1247 3676/722/1253 3677/723/1254
f 3672/717/1538 3671/716/1248 3677/723/1254
f 3673/718/1539 3672/717/1538 3678/724/1255
f 3674/712/1251 3673/718/1539 3679/725/1256
f 3675/720/1252 3680/719/1257 3686/731/1258
f 3676/722/1253 3675/721/1252 3681/754/1259
f 3677/723/1254 3676/722/1253 3682/727/1260
f 3677/723/1254 3683/728/1261 3684/729/1540
f 3678/724/1255 3684/729/1540 3685/730/1263
f 3679/725/1256 3685/730/1263 3686/731/1258
f 3686/731/1258 3692/732/1269 3687/733/1264
f 3681/754/1259 3687/734/1264 3688/735/1265
f 3682/727/1260 3688/735/1265 3689/736/1266
f 3684/729/1540 3683/728/1261 3689/736/1266
f 3685/730/1263 3684/729/1540 3690/737/1267
f 3686/731/1258 3685/730/1263 3691/738/1268
f 3692/732/1269 3698/739/1275 3693/740/1270
f 3687/734/1264 3693/741/1270 3694/742/1271
f 3688/735/1265 3694/742/1271 3695/743/1541
f 3690/737/1267 3689/736/1266 3695/743/1541
f 3691/738/1268 3690/737/1267 3696/744/1542
f 3692/732/1269 3691/738/1268 3697/745/1274
f 3698/739/1275 3704/746/1281 3699/747/1276
f 3693/741/1270 3699/748/1276 3700/749/1543
f 3694/742/1271 3700/749/1543 3701/750/1278
f 3696/744/1542 3695/743/1541 3701/750/1278
f 3697/745/1274 3696/744/1542 3702/751/1279
f 3698/739/1275 3697/745/1274 3703/752/1544
f 3705/695/1282 3710/693/1293 3716/704/1283
f 3706/697/1285 3705/692/1282 3711/706/1284
f 3707/699/1287 3706/697/1285 3712/696/1286
f 3707/699/1287 3713/698/1288 3714/701/1289
f 3708/700/1290 3714/701/1289 3715/703/1291
f 3709/702/1292 3715/703/1291 3716/704/1283
f 3711/694/1284 3716/704/1283 3722/711/1294
f 3712/696/1286 3711/706/1284 3717/753/1295
f 3713/698/1288 3712/696/1286 3718/707/1296
f 3713/698/1288 3719/708/1297 3720/709/1298
f 3714/701/1289 3720/709/1298 3721/710/1299
f 3715/703/1291 3721/710/1299 3722/711/1294
f 3722/711/1294 3728/712/1305 3723/713/1300
f 3717/753/1295 3723/714/1300 3724/715/1301
f 3718/707/1296 3724/715/1301 3725/716/1545
f 3720/709/1298 3719/708/1297 3725/716/1545
f 3721/710/1299 3720/709/1298 3726/717/1303
f 3722/711/1294 3721/710/1299 3727/718/1304
f 3728/712/1305 3734/719/1311 3729/720/1306
f 3723/714/1300 3729/721/1306 3730/722/1307
f 3724/715/1301 3730/722/1307 3731/723/1308
f 3726/717/1303 3725/716/1545 3731/723/1308
f 3727/718/1304 3726/717/1303 3732/724/1309
f 3728/712/1305 3727/718/1304 3733/725/1310
f 3729/720/1306 3734/719/1311 3740/731/1312
f 3730/722/1307 3729/721/1306 3735/754/1313
f 3731/723/1308 3730/722/1307 3736/727/1314
f 3731/723/1308 3737/728/1315 3738/729/1316
f 3732/724/1309 3738/729/1316 3739/730/1317
f 3733/725/1310 3739/730/1317 3740/731/1312
f 3740/731/1312 3746/732/1323 3741/733/1318
f 3735/754/1313 3741/734/1318 3742/735/1546
f 3736/727/1314 3742/735/1546 3743/736/1320
f 3738/729/1316 3737/728/1315 3743/736/1320
f 3739/730/1317 3738/729/1316 3744/737/1321
f 3740/731/1312 3739/730/1317 3745/738/1322
f 3746/732/1323 3752/739/1329 3747/740/1324
f 3741/734/1318 3747/741/1324 3748/742/1325
f 3742/735/1546 3748/742/1325 3749/743/1326
f 3744/737/1321 3743/736/1320 3749/743/1326
f 3745/738/1322 3744/737/1321 3750/744/1327
f 3746/732/1323 3745/738/1322 3751/745/1328
f 3752/739/1329 3758/746/1335 3753/747/1330
f 3747/741/1324 3753/748/1330 3754/749/1331
f 3748/742/1325 3754/749/1331 3755/750/1332
f 3750/744/1327 3749/743/1326 3755/750/1332
f 3751/745/1328 3750/744/1327 3756/751/1547
f 3752/739/1329 3751/745/1328 3757/752/1334
f 3831/794/26 3832/792/1408 3837/795/1411
f 3832/792/1408 3833/720/1410 3838/803/1413
f 3834/796/1412 3839/799/1415 3838/797/1413
f 3834/796/1412 3835/798/1414 3840/800/1416
f 3835/798/1414 3831/794/26 3836/793/1409
f 3836/793/1409 3837/795/1411 3842/801/1417
f 3837/795/1411 3838/803/1413 3843/808/1419
f 3839/799/1415 3844/805/1420 3843/804/1419
f 3839/799/1415 3840/800/1416 3845/806/1421
f 3836/793/1409 3841/802/1418 3845/806/1421
f 3842/801/1417 3847/809/1620 3846/807/1422
f 3843/808/1419 3848/814/1424 3847/809/1620
f 3844/805/1420 3849/812/1426 3848/810/1424
f 3845/806/1421 3850/811/1425 3849/812/1426
f 3841/802/1418 3846/807/1422 3850/811/1425
f 3847/809/1620 3852/815/1621 3851/813/1427
f 3848/814/1424 3853/875/1429 3852/815/1621
f 3849/812/1426 3854/817/1430 3853/816/1429
f 3850/811/1425 3855/818/1622 3854/817/1430
f 3846/807/1422 3851/813/1427 3855/818/1622
f 3851/813/1427 3852/815/1621 3857/821/1434
f 3853/875/1429 3858/820/1433 3857/821/1434
f 3854/817/1430 3859/823/1435 3858/822/1433
f 3854/817/1430 3855/818/1622 3860/824/1436
f 3851/813/1427 3856/819/1432 3860/824/1436
f 3857/821/1434 3862/826/1438 3861/825/1437
f 3858/820/1433 3863/898/1439 3862/826/1438
f 3859/823/1435 3864/829/1441 3863/827/1439
f 3860/824/1436 3865/828/1440 3864/829/1441
f 3856/819/1432 3861/825/1437 3865/828/1440
f 3862/826/1438 3867/830/1442 3866/831/22
f 3862/826/1438 3863/898/1439 3868/747/1443
f 3864/829/1441 3869/833/1445 3868/748/1443
f 3865/828/1440 3870/832/1444 3869/833/1445
f 3861/825/1437 3866/831/22 3870/832/1444
f 3867/834/1442 3872/838/1448 3871/835/1446
f 3867/834/1442 3868/899/1443 3873/837/1447
f 3869/839/1445 3874/843/1449 3873/840/1447
f 3870/842/1444 3875/844/1450 3874/843/1449
f 3870/842/1444 3866/836/22 3871/835/1446
f 3871/835/1446 3872/838/1448 3877/847/1453
f 3872/838/1448 3873/837/1447 3878/846/1452
f 3874/843/1449 3879/849/1454 3878/848/1452
f 3875/844/1450 3880/850/1455 3879/849/1454
f 3875/844/1450 3871/835/1446 3876/845/1451
f 3877/847/1453 3882/853/1458 3881/851/1456
f 3878/846/1452 3883/852/1457 3882/853/1458
f 3879/849/1454 3884/856/1460 3883/854/1457
f 3880/850/1455 3885/855/1623 3884/856/1460
f 3880/850/1455 3876/845/1451 3881/851/1456
f 3881/851/1456 3882/853/1458 3887/857/1461
f 3883/852/1457 3888/876/1463 3887/857/1461
f 3884/856/1460 3889/860/1464 3888/859/1463
f 3885/855/1623 3890/861/1465 3889/860/1464
f 3881/851/1456 3886/858/1462 3890/861/1465
f 3887/857/1461 3892/862/1466 3891/863/1467
f 3888/876/1463 3893/864/1468 3892/862/1466
f 3889/860/1464 3894/867/1470 3893/865/1468
f 3889/860/1464 3890/861/1465 3895/866/1469
f 3886/858/1462 3891/863/1467 3895/866/1469
f 3892/862/1466 3897/870/1473 3896/868/1471
f 3892/862/1466 3893/864/1468 3898/869/1472
f 3894/867/1470 3899/873/1475 3898/871/1472
f 3894/867/1470 3895/866/1469 3900/872/1474
f 3891/863/1467 3896/868/1471 3900/872/1474
f 3896/868/1471 3897/870/1473 3832/792/1408
f 3898/869/1472 3833/720/1410 3832/792/1408
f 3899/873/1475 3834/796/1412 3833/721/1410
f 3899/873/1475 3900/872/1474 3835/798/1414
f 3900/872/1474 3896/868/1471 3831/794/26
