# Blender 5.2.1 LTS
# www.blender.org
mtllib SM_LT_TraderHub_Structure.mtl
o SM_LT_TraderHub_Structure_EXPORT
v -65.500000 322.500000 0.000000
v -65.500000 327.000000 4.500000
v -70.000000 322.500000 4.500000
v -65.500000 327.000000 509.500000
v -65.500000 322.500000 514.000000
v -70.000000 322.500000 509.500000
v -65.500000 301.500000 0.000000
v -70.000000 301.500000 4.500000
v -65.500000 297.000000 4.500000
v -65.500000 301.500000 514.000000
v -65.500000 297.000000 509.500000
v -70.000000 301.500000 509.500000
v -44.500000 322.500000 0.000000
v -40.000000 322.500000 4.500000
v -44.500000 327.000000 4.500000
v -44.500000 322.500000 514.000000
v -44.500000 327.000000 509.500000
v -40.000000 322.500000 509.500000
v -44.500000 301.500000 0.000000
v -44.500000 297.000000 4.500000
v -40.000000 301.500000 4.500000
v -44.500000 301.500000 514.000000
v -40.000000 301.500000 509.500000
v -44.500000 297.000000 509.500000
v -74.000000 331.000000 0.000000
v -74.000000 336.000000 5.000000
v -79.000000 331.000000 5.000000
v -74.000000 336.000000 31.000000
v -74.000000 331.000000 36.000000
v -79.000000 331.000000 31.000000
v -74.000000 293.000000 0.000000
v -79.000000 293.000000 5.000000
v -74.000000 288.000000 5.000000
v -74.000000 293.000000 36.000000
v -74.000000 288.000000 31.000000
v -79.000000 293.000000 31.000000
v -36.000000 331.000000 0.000000
v -31.000000 331.000000 5.000000
v -36.000000 336.000000 5.000000
v -36.000000 331.000000 36.000000
v -36.000000 336.000000 31.000000
v -31.000000 331.000000 31.000000
v -36.000000 293.000000 0.000000
v -36.000000 288.000000 5.000000
v -31.000000 293.000000 5.000000
v -36.000000 293.000000 36.000000
v -31.000000 293.000000 31.000000
v -36.000000 288.000000 31.000000
v -65.500000 -301.500000 0.000000
v -65.500000 -297.000000 4.500000
v -70.000000 -301.500000 4.500000
v -65.500000 -297.000000 509.500000
v -65.500000 -301.500000 514.000000
v -70.000000 -301.500000 509.500000
v -65.500000 -322.500000 0.000000
v -70.000000 -322.500000 4.500000
v -65.500000 -327.000000 4.500000
v -65.500000 -322.500000 514.000000
v -65.500000 -327.000000 509.500000
v -70.000000 -322.500000 509.500000
v -44.500000 -301.500000 0.000000
v -40.000000 -301.500000 4.500000
v -44.500000 -297.000000 4.500000
v -44.500000 -301.500000 514.000000
v -44.500000 -297.000000 509.500000
v -40.000000 -301.500000 509.500000
v -44.500000 -322.500000 0.000000
v -44.500000 -327.000000 4.500000
v -40.000000 -322.500000 4.500000
v -44.500000 -322.500000 514.000000
v -40.000000 -322.500000 509.500000
v -44.500000 -327.000000 509.500000
v -74.000000 -293.000000 0.000000
v -74.000000 -288.000000 5.000000
v -79.000000 -293.000000 5.000000
v -74.000000 -288.000000 31.000000
v -74.000000 -293.000000 36.000000
v -79.000000 -293.000000 31.000000
v -74.000000 -331.000000 0.000000
v -79.000000 -331.000000 5.000000
v -74.000000 -336.000000 5.000000
v -74.000000 -331.000000 36.000000
v -74.000000 -336.000000 31.000000
v -79.000000 -331.000000 31.000000
v -36.000000 -293.000000 0.000000
v -31.000000 -293.000000 5.000000
v -36.000000 -288.000000 5.000000
v -36.000000 -293.000000 36.000000
v -36.000000 -288.000000 31.000000
v -31.000000 -293.000000 31.000000
v -36.000000 -331.000000 0.000000
v -36.000000 -336.000000 5.000000
v -31.000000 -331.000000 5.000000
v -36.000000 -331.000000 36.000000
v -31.000000 -331.000000 31.000000
v -36.000000 -336.000000 31.000000
v 434.500000 322.500000 0.000000
v 434.500000 327.000000 4.500000
v 430.000000 322.500000 4.500000
v 434.500000 327.000000 509.500000
v 434.500000 322.500000 514.000000
v 430.000000 322.500000 509.500000
v 434.500000 301.500000 0.000000
v 430.000000 301.500000 4.500000
v 434.500000 297.000000 4.500000
v 434.500000 301.500000 514.000000
v 434.500000 297.000000 509.500000
v 430.000000 301.500000 509.500000
v 455.500000 322.500000 0.000000
v 460.000000 322.500000 4.500000
v 455.500000 327.000000 4.500000
v 455.500000 322.500000 514.000000
v 455.500000 327.000000 509.500000
v 460.000000 322.500000 509.500000
v 455.500000 301.500000 0.000000
v 455.500000 297.000000 4.500000
v 460.000000 301.500000 4.500000
v 455.500000 301.500000 514.000000
v 460.000000 301.500000 509.500000
v 455.500000 297.000000 509.500000
v 426.000000 331.000000 0.000000
v 426.000000 336.000000 5.000000
v 421.000000 331.000000 5.000000
v 426.000000 336.000000 31.000000
v 426.000000 331.000000 36.000000
v 421.000000 331.000000 31.000000
v 426.000000 293.000000 0.000000
v 421.000000 293.000000 5.000000
v 426.000000 288.000000 5.000000
v 426.000000 293.000000 36.000000
v 426.000000 288.000000 31.000000
v 421.000000 293.000000 31.000000
v 464.000000 331.000000 0.000000
v 469.000000 331.000000 5.000000
v 464.000000 336.000000 5.000000
v 464.000000 331.000000 36.000000
v 464.000000 336.000000 31.000000
v 469.000000 331.000000 31.000000
v 464.000000 293.000000 0.000000
v 464.000000 288.000000 5.000000
v 469.000000 293.000000 5.000000
v 464.000000 293.000000 36.000000
v 469.000000 293.000000 31.000000
v 464.000000 288.000000 31.000000
v 434.500000 -301.500000 0.000000
v 434.500000 -297.000000 4.500000
v 430.000000 -301.500000 4.500000
v 434.500000 -297.000000 509.500000
v 434.500000 -301.500000 514.000000
v 430.000000 -301.500000 509.500000
v 434.500000 -322.500000 0.000000
v 430.000000 -322.500000 4.500000
v 434.500000 -327.000000 4.500000
v 434.500000 -322.500000 514.000000
v 434.500000 -327.000000 509.500000
v 430.000000 -322.500000 509.500000
v 455.500000 -301.500000 0.000000
v 460.000000 -301.500000 4.500000
v 455.500000 -297.000000 4.500000
v 455.500000 -301.500000 514.000000
v 455.500000 -297.000000 509.500000
v 460.000000 -301.500000 509.500000
v 455.500000 -322.500000 0.000000
v 455.500000 -327.000000 4.500000
v 460.000000 -322.500000 4.500000
v 455.500000 -322.500000 514.000000
v 460.000000 -322.500000 509.500000
v 455.500000 -327.000000 509.500000
v 426.000000 -293.000000 0.000000
v 426.000000 -288.000000 5.000000
v 421.000000 -293.000000 5.000000
v 426.000000 -288.000000 31.000000
v 426.000000 -293.000000 36.000000
v 421.000000 -293.000000 31.000000
v 426.000000 -331.000000 0.000000
v 421.000000 -331.000000 5.000000
v 426.000000 -336.000000 5.000000
v 426.000000 -331.000000 36.000000
v 426.000000 -336.000000 31.000000
v 421.000000 -331.000000 31.000000
v 464.000000 -293.000000 0.000000
v 469.000000 -293.000000 5.000000
v 464.000000 -288.000000 5.000000
v 464.000000 -293.000000 36.000000
v 464.000000 -288.000000 31.000000
v 469.000000 -293.000000 31.000000
v 464.000000 -331.000000 0.000000
v 464.000000 -336.000000 5.000000
v 469.000000 -331.000000 5.000000
v 464.000000 -331.000000 36.000000
v 469.000000 -331.000000 31.000000
v 464.000000 -336.000000 31.000000
v 442.197205 298.058868 47.468887
v 442.172058 300.458771 49.868866
v 439.786804 298.044159 49.858383
v 440.316833 300.447449 475.064819
v 440.321014 298.047424 477.464783
v 437.931549 298.032806 475.054321
v 442.479431 251.859741 47.468887
v 440.069000 251.845016 49.858383
v 442.483612 249.459717 49.868866
v 440.603241 251.848267 477.464783
v 440.628357 249.448380 475.064819
v 438.213776 251.833679 475.054321
v 457.396790 298.151733 47.535202
v 459.786255 298.166321 49.945663
v 457.371643 300.551605 49.935181
v 455.520569 298.140259 477.531128
v 455.516388 300.540283 475.131134
v 457.930969 298.154999 475.141602
v 457.679016 251.952576 47.535202
v 457.683167 249.552567 49.935181
v 460.068420 251.967178 49.945663
v 455.802795 251.941132 477.531128
v 458.213196 251.955841 475.141602
v 455.827942 249.541229 475.131134
v 440.461975 243.100006 50.035202
v 440.472443 245.500000 52.435181
v 438.072449 243.100006 52.445663
v 442.327698 245.500000 477.631134
v 442.338196 243.100006 480.031128
v 439.927734 243.100006 477.641602
v 440.461975 196.899994 50.035202
v 438.072449 196.899994 52.445663
v 440.472443 194.500000 52.435181
v 442.338196 196.899994 480.031128
v 442.327698 194.500000 477.631134
v 439.927734 196.899994 477.641602
v 455.661804 243.100006 49.968887
v 458.072266 243.100006 52.358383
v 455.672302 245.500000 52.368866
v 457.538025 243.100006 479.964783
v 457.527588 245.500000 477.564819
v 459.927551 243.100006 477.554321
v 455.661804 196.899994 49.968887
v 455.672302 194.500000 52.368866
v 458.072266 196.899994 52.358383
v 457.538025 196.899994 479.964783
v 459.927551 196.899994 477.554321
v 457.527588 194.500000 477.564819
v 442.479431 188.140259 52.468887
v 442.483612 190.540283 54.868866
v 440.069000 188.154984 54.858383
v 440.628357 190.551620 480.064819
v 440.603241 188.151733 482.464783
v 438.213776 188.166321 480.054321
v 442.197205 141.941132 52.468887
v 439.786804 141.955841 54.858383
v 442.172058 139.541229 54.868866
v 440.321014 141.952591 482.464783
v 440.316833 139.552567 480.064819
v 437.931549 141.967178 480.054321
v 457.679016 188.047424 52.535202
v 460.068420 188.032822 54.945663
v 457.683167 190.447433 54.935181
v 455.802795 188.058868 482.531128
v 455.827942 190.458771 480.131134
v 458.213196 188.044159 480.141602
v 457.396790 141.848282 52.535202
v 457.371643 139.448380 54.935181
v 459.786255 141.833679 54.945663
v 455.520569 141.859741 482.531128
v 457.930969 141.845016 480.141602
v 455.516388 139.459717 480.131134
v 440.321014 133.047409 47.535202
v 440.316833 135.447433 49.935181
v 437.931549 133.032822 49.945663
v 442.172058 135.458771 475.131134
v 442.197205 133.058868 477.531128
v 439.786804 133.044159 475.141602
v 440.603241 86.848282 47.535202
v 438.213776 86.833679 49.945663
v 440.628357 84.448380 49.935181
v 442.479431 86.859741 477.531128
v 442.483612 84.459717 475.131134
v 440.069000 86.845016 475.141602
v 455.520569 133.140259 47.468887
v 457.930969 133.154984 49.858383
v 455.516388 135.540283 49.868866
v 457.396790 133.151718 477.464783
v 457.371643 135.551620 475.064819
v 459.786255 133.166321 475.054321
v 455.802795 86.941132 47.468887
v 455.827942 84.541229 49.868866
v 458.213196 86.955841 49.858383
v 457.679016 86.952591 477.464783
v 460.068420 86.967178 475.054321
v 457.683167 84.552567 475.064819
v 442.338196 78.100006 49.968887
v 442.327698 80.500000 52.368866
v 439.927734 78.100006 52.358383
v 440.472443 80.500000 477.564819
v 440.461975 78.100006 479.964783
v 438.072449 78.100006 477.554321
v 442.338196 31.899994 49.968887
v 439.927734 31.899994 52.358383
v 442.327698 29.500000 52.368866
v 440.461975 31.899994 479.964783
v 440.472443 29.500000 477.564819
v 438.072449 31.899994 477.554321
v 457.538025 78.100006 50.035202
v 459.927551 78.100006 52.445663
v 457.527588 80.500000 52.435181
v 455.661804 78.100006 480.031128
v 455.672302 80.500000 477.631134
v 458.072266 78.100006 477.641602
v 457.538025 31.899994 50.035202
v 457.527588 29.500000 52.435181
v 459.927551 31.899994 52.445663
v 455.661804 31.899994 480.031128
v 458.072266 31.899994 477.641602
v 455.672302 29.500000 477.631134
v 440.603241 23.151733 52.535202
v 440.628357 25.551605 54.935181
v 438.213776 23.166321 54.945663
v 442.483612 25.540283 480.131134
v 442.479431 23.140259 482.531128
v 440.069000 23.154999 480.141602
v 440.321014 -23.047424 52.535202
v 437.931549 -23.032806 54.945663
v 440.316833 -25.447449 54.935181
v 442.197205 -23.058868 482.531128
v 442.172058 -25.458771 480.131134
v 439.786804 -23.044159 480.141602
v 455.802795 23.058868 52.468887
v 458.213196 23.044159 54.858383
v 455.827942 25.458771 54.868866
v 457.679016 23.047424 482.464783
v 457.683167 25.447449 480.064819
v 460.068420 23.032806 480.054321
v 455.520569 -23.140259 52.468887
v 455.516388 -25.540283 54.868866
v 457.930969 -23.154999 54.858383
v 457.396790 -23.151733 482.464783
v 459.786255 -23.166321 480.054321
v 457.371643 -25.551605 480.064819
v 442.197205 -31.941132 47.468887
v 442.172058 -29.541229 49.868866
v 439.786804 -31.955841 49.858383
v 440.316833 -29.552551 475.064819
v 440.321014 -31.952576 477.464783
v 437.931549 -31.967194 475.054321
v 442.479431 -78.140259 47.468887
v 440.069000 -78.154999 49.858383
v 442.483612 -80.540283 49.868866
v 440.603241 -78.151733 477.464783
v 440.628357 -80.551605 475.064819
v 438.213776 -78.166321 475.054321
v 457.396790 -31.848267 47.535202
v 459.786255 -31.833679 49.945663
v 457.371643 -29.448395 49.935181
v 455.520569 -31.859741 477.531128
v 455.516388 -29.459717 475.131134
v 457.930969 -31.845001 475.141602
v 457.679016 -78.047424 47.535202
v 457.683167 -80.447449 49.935181
v 460.068420 -78.032806 49.945663
v 455.802795 -78.058868 477.531128
v 458.213196 -78.044159 475.141602
v 455.827942 -80.458771 475.131134
v 440.461975 -86.899994 50.035202
v 440.472443 -84.500000 52.435181
v 438.072449 -86.899994 52.445663
v 442.327698 -84.500000 477.631134
v 442.338196 -86.899994 480.031128
v 439.927734 -86.899994 477.641602
v 440.461975 -133.100006 50.035202
v 438.072449 -133.100006 52.445663
v 440.472443 -135.500000 52.435181
v 442.338196 -133.100006 480.031128
v 442.327698 -135.500000 477.631134
v 439.927734 -133.100006 477.641602
v 455.661804 -86.899994 49.968887
v 458.072266 -86.899994 52.358383
v 455.672302 -84.500000 52.368866
v 457.538025 -86.899994 479.964783
v 457.527588 -84.500000 477.564819
v 459.927551 -86.899994 477.554321
v 455.661804 -133.100006 49.968887
v 455.672302 -135.500000 52.368866
v 458.072266 -133.100006 52.358383
v 457.538025 -133.100006 479.964783
v 459.927551 -133.100006 477.554321
v 457.527588 -135.500000 477.564819
v 442.479431 -141.859741 52.468887
v 442.483612 -139.459717 54.868866
v 440.069000 -141.845001 54.858383
v 440.628357 -139.448395 480.064819
v 440.603241 -141.848267 482.464783
v 438.213776 -141.833679 480.054321
v 442.197205 -188.058868 52.468887
v 439.786804 -188.044159 54.858383
v 442.172058 -190.458771 54.868866
v 440.321014 -188.047424 482.464783
v 440.316833 -190.447449 480.064819
v 437.931549 -188.032806 480.054321
v 457.679016 -141.952576 52.535202
v 460.068420 -141.967194 54.945663
v 457.683167 -139.552551 54.935181
v 455.802795 -141.941132 482.531128
v 455.827942 -139.541229 480.131134
v 458.213196 -141.955841 480.141602
v 457.396790 -188.151733 52.535202
v 457.371643 -190.551605 54.935181
v 459.786255 -188.166321 54.945663
v 455.520569 -188.140259 482.531128
v 457.930969 -188.154999 480.141602
v 455.516388 -190.540283 480.131134
v 440.321014 -196.952576 47.535202
v 440.316833 -194.552551 49.935181
v 437.931549 -196.967194 49.945663
v 442.172058 -194.541229 475.131134
v 442.197205 -196.941132 477.531128
v 439.786804 -196.955841 475.141602
v 440.603241 -243.151733 47.535202
v 438.213776 -243.166321 49.945663
v 440.628357 -245.551636 49.935181
v 442.479431 -243.140259 477.531128
v 442.483612 -245.540283 475.131134
v 440.069000 -243.154968 475.141602
v 455.520569 -196.859741 47.468887
v 457.930969 -196.845001 49.858383
v 455.516388 -194.459717 49.868866
v 457.396790 -196.848267 477.464783
v 457.371643 -194.448395 475.064819
v 459.786255 -196.833679 475.054321
v 455.802795 -243.058899 47.468887
v 455.827942 -245.458740 49.868866
v 458.213196 -243.044128 49.858383
v 457.679016 -243.047424 477.464783
v 460.068420 -243.032837 475.054321
v 457.683167 -245.447449 475.064819
v 442.338196 -251.900024 49.968887
v 442.327698 -249.500000 52.368866
v 439.927734 -251.900024 52.358383
v 440.472443 -249.500000 477.564819
v 440.461975 -251.900024 479.964783
v 438.072449 -251.900024 477.554321
v 442.338196 -298.099976 49.968887
v 439.927734 -298.099976 52.358383
v 442.327698 -300.500000 52.368866
v 440.461975 -298.099976 479.964783
v 440.472443 -300.500000 477.564819
v 438.072449 -298.099976 477.554321
v 457.538025 -251.900024 50.035202
v 459.927551 -251.900024 52.445663
v 457.527588 -249.500000 52.435181
v 455.661804 -251.900024 480.031128
v 455.672302 -249.500000 477.631134
v 458.072266 -251.900024 477.641602
v 457.538025 -298.099976 50.035202
v 457.527588 -300.500000 52.435181
v 459.927551 -298.099976 52.445663
v 455.661804 -298.099976 480.031128
v 458.072266 -298.099976 477.641602
v 455.672302 -300.500000 477.631134
v 420.000000 302.000000 72.000000
v 420.000000 305.000000 75.000000
v 417.000000 302.000000 75.000000
v 420.000000 305.000000 89.000000
v 420.000000 302.000000 92.000000
v 417.000000 302.000000 89.000000
v 420.000000 -302.000000 72.000000
v 417.000000 -302.000000 75.000000
v 420.000000 -305.000000 75.000000
v 420.000000 -302.000000 92.000000
v 420.000000 -305.000000 89.000000
v 417.000000 -302.000000 89.000000
v 440.000000 302.000000 72.000000
v 443.000000 302.000000 75.000000
v 440.000000 305.000000 75.000000
v 440.000000 302.000000 92.000000
v 440.000000 305.000000 89.000000
v 443.000000 302.000000 89.000000
v 440.000000 -302.000000 72.000000
v 440.000000 -305.000000 75.000000
v 443.000000 -302.000000 75.000000
v 440.000000 -302.000000 92.000000
v 443.000000 -302.000000 89.000000
v 440.000000 -305.000000 89.000000
v 420.000000 302.000000 275.000000
v 420.000000 305.000000 278.000000
v 417.000000 302.000000 278.000000
v 420.000000 305.000000 292.000000
v 420.000000 302.000000 295.000000
v 417.000000 302.000000 292.000000
v 420.000000 -302.000000 275.000000
v 417.000000 -302.000000 278.000000
v 420.000000 -305.000000 278.000000
v 420.000000 -302.000000 295.000000
v 420.000000 -305.000000 292.000000
v 417.000000 -302.000000 292.000000
v 440.000000 302.000000 275.000000
v 443.000000 302.000000 278.000000
v 440.000000 305.000000 278.000000
v 440.000000 302.000000 295.000000
v 440.000000 305.000000 292.000000
v 443.000000 302.000000 292.000000
v 440.000000 -302.000000 275.000000
v 440.000000 -305.000000 278.000000
v 443.000000 -302.000000 278.000000
v 440.000000 -302.000000 295.000000
v 443.000000 -302.000000 292.000000
v 440.000000 -305.000000 292.000000
v 420.000000 302.000000 462.000000
v 420.000000 305.000000 465.000000
v 417.000000 302.000000 465.000000
v 420.000000 305.000000 479.000000
v 420.000000 302.000000 482.000000
v 417.000000 302.000000 479.000000
v 420.000000 -302.000000 462.000000
v 417.000000 -302.000000 465.000000
v 420.000000 -305.000000 465.000000
v 420.000000 -302.000000 482.000000
v 420.000000 -305.000000 479.000000
v 417.000000 -302.000000 479.000000
v 440.000000 302.000000 462.000000
v 443.000000 302.000000 465.000000
v 440.000000 305.000000 465.000000
v 440.000000 302.000000 482.000000
v 440.000000 305.000000 479.000000
v 443.000000 302.000000 479.000000
v 440.000000 -302.000000 462.000000
v 440.000000 -305.000000 465.000000
v 443.000000 -302.000000 465.000000
v 440.000000 -302.000000 482.000000
v 443.000000 -302.000000 479.000000
v 440.000000 -305.000000 479.000000
v 59.524986 320.799988 32.380173
v 59.513466 323.000000 34.580139
v 57.313492 320.799988 34.568619
v 57.887177 323.000000 345.175873
v 57.875656 320.799988 347.375854
v 55.687202 320.799988 345.164368
v 59.524986 307.200012 32.380173
v 57.313492 307.200012 34.568619
v 59.513466 305.000000 34.580139
v 57.875656 307.200012 347.375854
v 57.887177 305.000000 345.175873
v 55.687202 307.200012 345.164368
v 106.124344 320.799988 32.624161
v 108.312790 320.799988 34.835648
v 106.112823 323.000000 34.824127
v 104.475021 320.799988 347.619812
v 104.486542 323.000000 345.419861
v 106.686508 320.799988 345.431396
v 106.124344 307.200012 32.624161
v 106.112823 305.000000 34.824127
v 108.312790 307.200012 34.835648
v 104.475021 307.200012 347.619812
v 106.686508 307.200012 345.431396
v 104.486542 305.000000 345.419861
v 112.699997 320.799988 34.500000
v 112.699997 323.000000 36.699997
v 110.500000 320.799988 36.699997
v 112.699997 323.000000 347.299988
v 112.699997 320.799988 349.500000
v 110.500000 320.799988 347.299988
v 112.699997 307.200012 34.500000
v 110.500000 307.200012 36.699997
v 112.699997 305.000000 36.699997
v 112.699997 307.200012 349.500000
v 112.699997 305.000000 347.299988
v 110.500000 307.200012 347.299988
v 159.300003 320.799988 34.500000
v 161.500000 320.799988 36.699997
v 159.300003 323.000000 36.699997
v 159.300003 320.799988 349.500000
v 159.300003 323.000000 347.299988
v 161.500000 320.799988 347.299988
v 159.300003 307.200012 34.500000
v 159.300003 305.000000 36.699997
v 161.500000 307.200012 36.699997
v 159.300003 307.200012 349.500000
v 161.500000 307.200012 347.299988
v 159.300003 305.000000 347.299988
v 165.875656 320.799988 32.624161
v 165.887177 323.000000 34.824127
v 163.687210 320.799988 34.835648
v 167.513458 323.000000 345.419861
v 167.524979 320.799988 347.619812
v 165.313492 320.799988 345.431396
v 165.875656 307.200012 32.624161
v 163.687210 307.200012 34.835648
v 165.887177 305.000000 34.824127
v 167.524979 307.200012 347.619812
v 167.513458 305.000000 345.419861
v 165.313492 307.200012 345.431396
v 212.475006 320.799988 32.380173
v 214.686493 320.799988 34.568619
v 212.486542 323.000000 34.580139
v 214.124359 320.799988 347.375854
v 214.112823 323.000000 345.175873
v 216.312805 320.799988 345.164368
v 212.475006 307.200012 32.380173
v 212.486542 305.000000 34.580139
v 214.686493 307.200012 34.568619
v 214.124359 307.200012 347.375854
v 216.312805 307.200012 345.164368
v 214.112823 305.000000 345.175873
v 221.524994 320.799988 34.380173
v 221.513458 323.000000 36.580139
v 219.313507 320.799988 36.568619
v 219.887177 323.000000 347.175873
v 219.875641 320.799988 349.375854
v 217.687195 320.799988 347.164368
v 221.524994 307.200012 34.380173
v 219.313507 307.200012 36.568619
v 221.513458 305.000000 36.580139
v 219.875641 307.200012 349.375854
v 219.887177 305.000000 347.175873
v 217.687195 307.200012 347.164368
v 268.124359 320.799988 34.624161
v 270.312805 320.799988 36.835648
v 268.112823 323.000000 36.824127
v 266.475006 320.799988 349.619812
v 266.486542 323.000000 347.419861
v 268.686493 320.799988 347.431396
v 268.124359 307.200012 34.624161
v 268.112823 305.000000 36.824127
v 270.312805 307.200012 36.835648
v 266.475006 307.200012 349.619812
v 268.686493 307.200012 347.431396
v 266.486542 305.000000 347.419861
v 274.700012 320.799988 32.500000
v 274.700012 323.000000 34.699997
v 272.500000 320.799988 34.699997
v 274.700012 323.000000 345.299988
v 274.700012 320.799988 347.500000
v 272.500000 320.799988 345.299988
v 274.700012 307.200012 32.500000
v 272.500000 307.200012 34.699997
v 274.700012 305.000000 34.699997
v 274.700012 307.200012 347.500000
v 274.700012 305.000000 345.299988
v 272.500000 307.200012 345.299988
v 321.299988 320.799988 32.500000
v 323.500000 320.799988 34.699997
v 321.299988 323.000000 34.699997
v 321.299988 320.799988 347.500000
v 321.299988 323.000000 345.299988
v 323.500000 320.799988 345.299988
v 321.299988 307.200012 32.500000
v 321.299988 305.000000 34.699997
v 323.500000 307.200012 34.699997
v 321.299988 307.200012 347.500000
v 323.500000 307.200012 345.299988
v 321.299988 305.000000 345.299988
v 327.875641 320.799988 34.624161
v 327.887177 323.000000 36.824127
v 325.687195 320.799988 36.835648
v 329.513458 323.000000 347.419861
v 329.524994 320.799988 349.619812
v 327.313507 320.799988 347.431396
v 327.875641 307.200012 34.624161
v 325.687195 307.200012 36.835648
v 327.887177 305.000000 36.824127
v 329.524994 307.200012 349.619812
v 329.513458 305.000000 347.419861
v 327.313507 307.200012 347.431396
v 374.475006 320.799988 34.380173
v 376.686493 320.799988 36.568619
v 374.486542 323.000000 36.580139
v 376.124359 320.799988 349.375854
v 376.112823 323.000000 347.175873
v 378.312805 320.799988 347.164368
v 374.475006 307.200012 34.380173
v 374.486542 305.000000 36.580139
v 376.686493 307.200012 36.568619
v 376.124359 307.200012 349.375854
v 378.312805 307.200012 347.164368
v 376.112823 305.000000 347.175873
v 383.524994 320.799988 32.380173
v 383.513458 323.000000 34.580139
v 381.313507 320.799988 34.568619
v 381.887177 323.000000 345.175873
v 381.875641 320.799988 347.375854
v 379.687195 320.799988 345.164368
v 383.524994 307.200012 32.380173
v 381.313507 307.200012 34.568619
v 383.513458 305.000000 34.580139
v 381.875641 307.200012 347.375854
v 381.887177 305.000000 345.175873
v 379.687195 307.200012 345.164368
v 430.124359 320.799988 32.624161
v 432.312805 320.799988 34.835648
v 430.112823 323.000000 34.824127
v 428.475006 320.799988 347.619812
v 428.486542 323.000000 345.419861
v 430.686493 320.799988 345.431396
v 430.124359 307.200012 32.624161
v 430.112823 305.000000 34.824127
v 432.312805 307.200012 34.835648
v 428.475006 307.200012 347.619812
v 430.686493 307.200012 345.431396
v 428.486542 305.000000 345.419861
v 50.500000 320.000000 348.000000
v 50.500000 323.000000 351.000000
v 47.500000 320.000000 351.000000
v 50.500000 323.000000 369.000000
v 50.500000 320.000000 372.000000
v 47.500000 320.000000 369.000000
v 50.500000 302.000000 348.000000
v 47.500000 302.000000 351.000000
v 50.500000 299.000000 351.000000
v 50.500000 302.000000 372.000000
v 50.500000 299.000000 369.000000
v 47.500000 302.000000 369.000000
v 399.500000 320.000000 348.000000
v 402.500000 320.000000 351.000000
v 399.500000 323.000000 351.000000
v 399.500000 320.000000 372.000000
v 399.500000 323.000000 369.000000
v 402.500000 320.000000 369.000000
v 399.500000 302.000000 348.000000
v 399.500000 299.000000 351.000000
v 402.500000 302.000000 351.000000
v 399.500000 302.000000 372.000000
v 402.500000 302.000000 369.000000
v 399.500000 299.000000 369.000000
v 50.500000 320.000000 42.000000
v 50.500000 323.000000 45.000000
v 47.500000 320.000000 45.000000
v 50.500000 323.000000 63.000000
v 50.500000 320.000000 66.000000
v 47.500000 320.000000 63.000000
v 50.500000 302.000000 42.000000
v 47.500000 302.000000 45.000000
v 50.500000 299.000000 45.000000
v 50.500000 302.000000 66.000000
v 50.500000 299.000000 63.000000
v 47.500000 302.000000 63.000000
v 399.500000 320.000000 42.000000
v 402.500000 320.000000 45.000000
v 399.500000 323.000000 45.000000
v 399.500000 320.000000 66.000000
v 399.500000 323.000000 63.000000
v 402.500000 320.000000 63.000000
v 399.500000 302.000000 42.000000
v 399.500000 299.000000 45.000000
v 402.500000 302.000000 45.000000
v 399.500000 302.000000 66.000000
v 402.500000 302.000000 63.000000
v 399.500000 299.000000 63.000000
v -11.732567 317.399994 68.100067
v -13.037819 319.000000 69.025436
v -13.963188 317.399994 67.720169
v -25.111443 319.000000 77.585098
v -26.416695 317.399994 78.510468
v -26.036812 317.399994 76.279831
v -11.732567 300.600006 68.100067
v -13.963188 300.600006 67.720169
v -13.037819 299.000000 69.025436
v -26.416695 300.600006 78.510468
v -25.111443 299.000000 77.585098
v -26.036812 300.600006 76.279831
v 176.416687 317.399994 333.489532
v 176.036804 317.399994 335.720154
v 175.111450 319.000000 334.414917
v 161.732574 317.399994 343.899933
v 163.037811 319.000000 342.974548
v 163.963196 317.399994 344.279846
v 176.416687 300.600006 333.489532
v 175.111450 299.000000 334.414917
v 176.036804 300.600006 335.720154
v 161.732574 300.600006 343.899933
v 163.963196 300.600006 344.279846
v 163.037811 299.000000 342.974548
v 416.332825 300.600006 72.094955
v 417.737427 299.000000 72.861115
v 418.503601 300.600006 71.456482
v 430.730286 299.000000 79.948120
v 432.134949 300.600006 80.714279
v 431.496460 300.600006 78.543488
v 416.332825 317.399994 72.094955
v 418.503601 317.399994 71.456482
v 417.737427 319.000000 72.861115
v 432.134949 317.399994 80.714279
v 430.730286 319.000000 79.948120
v 431.496460 317.399994 78.543488
v 267.865051 300.600006 344.285706
v 268.503540 300.600006 346.456512
v 269.269714 299.000000 345.051880
v 283.667175 300.600006 352.905029
v 282.262573 299.000000 352.138885
v 281.496399 300.600006 353.543518
v 267.865051 317.399994 344.285706
v 269.269714 319.000000 345.051880
v 268.503540 317.399994 346.456512
v 283.667175 317.399994 352.905029
v 281.496399 317.399994 353.543518
v 282.262573 319.000000 352.138885
v 59.524986 -307.200012 32.380173
v 59.513466 -305.000000 34.580139
v 57.313492 -307.200012 34.568619
v 57.887177 -305.000000 345.175873
v 57.875656 -307.200012 347.375854
v 55.687202 -307.200012 345.164368
v 59.524986 -320.799988 32.380173
v 57.313492 -320.799988 34.568619
v 59.513466 -323.000000 34.580139
v 57.875656 -320.799988 347.375854
v 57.887177 -323.000000 345.175873
v 55.687202 -320.799988 345.164368
v 106.124344 -307.200012 32.624161
v 108.312790 -307.200012 34.835648
v 106.112823 -305.000000 34.824127
v 104.475021 -307.200012 347.619812
v 104.486542 -305.000000 345.419861
v 106.686508 -307.200012 345.431396
v 106.124344 -320.799988 32.624161
v 106.112823 -323.000000 34.824127
v 108.312790 -320.799988 34.835648
v 104.475021 -320.799988 347.619812
v 106.686508 -320.799988 345.431396
v 104.486542 -323.000000 345.419861
v 112.699997 -307.200012 34.500000
v 112.699997 -305.000000 36.699997
v 110.500000 -307.200012 36.699997
v 112.699997 -305.000000 347.299988
v 112.699997 -307.200012 349.500000
v 110.500000 -307.200012 347.299988
v 112.699997 -320.799988 34.500000
v 110.500000 -320.799988 36.699997
v 112.699997 -323.000000 36.699997
v 112.699997 -320.799988 349.500000
v 112.699997 -323.000000 347.299988
v 110.500000 -320.799988 347.299988
v 159.300003 -307.200012 34.500000
v 161.500000 -307.200012 36.699997
v 159.300003 -305.000000 36.699997
v 159.300003 -307.200012 349.500000
v 159.300003 -305.000000 347.299988
v 161.500000 -307.200012 347.299988
v 159.300003 -320.799988 34.500000
v 159.300003 -323.000000 36.699997
v 161.500000 -320.799988 36.699997
v 159.300003 -320.799988 349.500000
v 161.500000 -320.799988 347.299988
v 159.300003 -323.000000 347.299988
v 165.875656 -307.200012 32.624161
v 165.887177 -305.000000 34.824127
v 163.687210 -307.200012 34.835648
v 167.513458 -305.000000 345.419861
v 167.524979 -307.200012 347.619812
v 165.313492 -307.200012 345.431396
v 165.875656 -320.799988 32.624161
v 163.687210 -320.799988 34.835648
v 165.887177 -323.000000 34.824127
v 167.524979 -320.799988 347.619812
v 167.513458 -323.000000 345.419861
v 165.313492 -320.799988 345.431396
v 212.475006 -307.200012 32.380173
v 214.686493 -307.200012 34.568619
v 212.486542 -305.000000 34.580139
v 214.124359 -307.200012 347.375854
v 214.112823 -305.000000 345.175873
v 216.312805 -307.200012 345.164368
v 212.475006 -320.799988 32.380173
v 212.486542 -323.000000 34.580139
v 214.686493 -320.799988 34.568619
v 214.124359 -320.799988 347.375854
v 216.312805 -320.799988 345.164368
v 214.112823 -323.000000 345.175873
v 221.524994 -307.200012 34.380173
v 221.513458 -305.000000 36.580139
v 219.313507 -307.200012 36.568619
v 219.887177 -305.000000 347.175873
v 219.875641 -307.200012 349.375854
v 217.687195 -307.200012 347.164368
v 221.524994 -320.799988 34.380173
v 219.313507 -320.799988 36.568619
v 221.513458 -323.000000 36.580139
v 219.875641 -320.799988 349.375854
v 219.887177 -323.000000 347.175873
v 217.687195 -320.799988 347.164368
v 268.124359 -307.200012 34.624161
v 270.312805 -307.200012 36.835648
v 268.112823 -305.000000 36.824127
v 266.475006 -307.200012 349.619812
v 266.486542 -305.000000 347.419861
v 268.686493 -307.200012 347.431396
v 268.124359 -320.799988 34.624161
v 268.112823 -323.000000 36.824127
v 270.312805 -320.799988 36.835648
v 266.475006 -320.799988 349.619812
v 268.686493 -320.799988 347.431396
v 266.486542 -323.000000 347.419861
v 274.700012 -307.200012 32.500000
v 274.700012 -305.000000 34.699997
v 272.500000 -307.200012 34.699997
v 274.700012 -305.000000 345.299988
v 274.700012 -307.200012 347.500000
v 272.500000 -307.200012 345.299988
v 274.700012 -320.799988 32.500000
v 272.500000 -320.799988 34.699997
v 274.700012 -323.000000 34.699997
v 274.700012 -320.799988 347.500000
v 274.700012 -323.000000 345.299988
v 272.500000 -320.799988 345.299988
v 321.299988 -307.200012 32.500000
v 323.500000 -307.200012 34.699997
v 321.299988 -305.000000 34.699997
v 321.299988 -307.200012 347.500000
v 321.299988 -305.000000 345.299988
v 323.500000 -307.200012 345.299988
v 321.299988 -320.799988 32.500000
v 321.299988 -323.000000 34.699997
v 323.500000 -320.799988 34.699997
v 321.299988 -320.799988 347.500000
v 323.500000 -320.799988 345.299988
v 321.299988 -323.000000 345.299988
v 327.875641 -307.200012 34.624161
v 327.887177 -305.000000 36.824127
v 325.687195 -307.200012 36.835648
v 329.513458 -305.000000 347.419861
v 329.524994 -307.200012 349.619812
v 327.313507 -307.200012 347.431396
v 327.875641 -320.799988 34.624161
v 325.687195 -320.799988 36.835648
v 327.887177 -323.000000 36.824127
v 329.524994 -320.799988 349.619812
v 329.513458 -323.000000 347.419861
v 327.313507 -320.799988 347.431396
v 374.475006 -307.200012 34.380173
v 376.686493 -307.200012 36.568619
v 374.486542 -305.000000 36.580139
v 376.124359 -307.200012 349.375854
v 376.112823 -305.000000 347.175873
v 378.312805 -307.200012 347.164368
v 374.475006 -320.799988 34.380173
v 374.486542 -323.000000 36.580139
v 376.686493 -320.799988 36.568619
v 376.124359 -320.799988 349.375854
v 378.312805 -320.799988 347.164368
v 376.112823 -323.000000 347.175873
v 383.524994 -307.200012 32.380173
v 383.513458 -305.000000 34.580139
v 381.313507 -307.200012 34.568619
v 381.887177 -305.000000 345.175873
v 381.875641 -307.200012 347.375854
v 379.687195 -307.200012 345.164368
v 383.524994 -320.799988 32.380173
v 381.313507 -320.799988 34.568619
v 383.513458 -323.000000 34.580139
v 381.875641 -320.799988 347.375854
v 381.887177 -323.000000 345.175873
v 379.687195 -320.799988 345.164368
v 430.124359 -307.200012 32.624161
v 432.312805 -307.200012 34.835648
v 430.112823 -305.000000 34.824127
v 428.475006 -307.200012 347.619812
v 428.486542 -305.000000 345.419861
v 430.686493 -307.200012 345.431396
v 430.124359 -320.799988 32.624161
v 430.112823 -323.000000 34.824127
v 432.312805 -320.799988 34.835648
v 428.475006 -320.799988 347.619812
v 430.686493 -320.799988 345.431396
v 428.486542 -323.000000 345.419861
v 50.500000 -302.000000 348.000000
v 50.500000 -299.000000 351.000000
v 47.500000 -302.000000 351.000000
v 50.500000 -299.000000 369.000000
v 50.500000 -302.000000 372.000000
v 47.500000 -302.000000 369.000000
v 50.500000 -320.000000 348.000000
v 47.500000 -320.000000 351.000000
v 50.500000 -323.000000 351.000000
v 50.500000 -320.000000 372.000000
v 50.500000 -323.000000 369.000000
v 47.500000 -320.000000 369.000000
v 399.500000 -302.000000 348.000000
v 402.500000 -302.000000 351.000000
v 399.500000 -299.000000 351.000000
v 399.500000 -302.000000 372.000000
v 399.500000 -299.000000 369.000000
v 402.500000 -302.000000 369.000000
v 399.500000 -320.000000 348.000000
v 399.500000 -323.000000 351.000000
v 402.500000 -320.000000 351.000000
v 399.500000 -320.000000 372.000000
v 402.500000 -320.000000 369.000000
v 399.500000 -323.000000 369.000000
v 50.500000 -302.000000 42.000000
v 50.500000 -299.000000 45.000000
v 47.500000 -302.000000 45.000000
v 50.500000 -299.000000 63.000000
v 50.500000 -302.000000 66.000000
v 47.500000 -302.000000 63.000000
v 50.500000 -320.000000 42.000000
v 47.500000 -320.000000 45.000000
v 50.500000 -323.000000 45.000000
v 50.500000 -320.000000 66.000000
v 50.500000 -323.000000 63.000000
v 47.500000 -320.000000 63.000000
v 399.500000 -302.000000 42.000000
v 402.500000 -302.000000 45.000000
v 399.500000 -299.000000 45.000000
v 399.500000 -302.000000 66.000000
v 399.500000 -299.000000 63.000000
v 402.500000 -302.000000 63.000000
v 399.500000 -320.000000 42.000000
v 399.500000 -323.000000 45.000000
v 402.500000 -320.000000 45.000000
v 399.500000 -320.000000 66.000000
v 402.500000 -320.000000 63.000000
v 399.500000 -323.000000 63.000000
v -11.732567 -300.599976 68.100067
v -13.037819 -299.000000 69.025436
v -13.963188 -300.599976 67.720169
v -25.111443 -299.000000 77.585098
v -26.416695 -300.599976 78.510468
v -26.036812 -300.599976 76.279831
v -11.732567 -317.400024 68.100067
v -13.963188 -317.400024 67.720169
v -13.037819 -319.000000 69.025436
v -26.416695 -317.400024 78.510468
v -25.111443 -319.000000 77.585098
v -26.036812 -317.400024 76.279831
v 176.416687 -300.599976 333.489532
v 176.036804 -300.599976 335.720154
v 175.111450 -299.000000 334.414917
v 161.732574 -300.599976 343.899933
v 163.037811 -299.000000 342.974548
v 163.963196 -300.599976 344.279846
v 176.416687 -317.400024 333.489532
v 175.111450 -319.000000 334.414917
v 176.036804 -317.400024 335.720154
v 161.732574 -317.400024 343.899933
v 163.963196 -317.400024 344.279846
v 163.037811 -319.000000 342.974548
v 416.332825 -317.400024 72.094955
v 417.737427 -319.000000 72.861115
v 418.503601 -317.400024 71.456482
v 430.730286 -319.000000 79.948120
v 432.134949 -317.400024 80.714279
v 431.496460 -317.400024 78.543488
v 416.332825 -300.599976 72.094955
v 418.503601 -300.599976 71.456482
v 417.737427 -299.000000 72.861115
v 432.134949 -300.599976 80.714279
v 430.730286 -299.000000 79.948120
v 431.496460 -300.599976 78.543488
v 267.865051 -317.400024 344.285706
v 268.503540 -317.400024 346.456512
v 269.269714 -319.000000 345.051880
v 283.667175 -317.400024 352.905029
v 282.262573 -319.000000 352.138885
v 281.496399 -317.400024 353.543518
v 267.865051 -300.599976 344.285706
v 269.269714 -299.000000 345.051880
v 268.503540 -300.599976 346.456512
v 283.667175 -300.599976 352.905029
v 281.496399 -300.599976 353.543518
v 282.262573 -299.000000 352.138885
v -68.000000 326.000000 428.000000
v -68.000000 330.000000 432.000000
v -72.000000 326.000000 432.000000
v -68.000000 330.000000 458.000000
v -68.000000 326.000000 462.000000
v -72.000000 326.000000 458.000000
v -68.000000 -326.000000 428.000000
v -72.000000 -326.000000 432.000000
v -68.000000 -330.000000 432.000000
v -68.000000 -326.000000 462.000000
v -68.000000 -330.000000 458.000000
v -72.000000 -326.000000 458.000000
v -42.000000 326.000000 428.000000
v -38.000000 326.000000 432.000000
v -42.000000 330.000000 432.000000
v -42.000000 326.000000 462.000000
v -42.000000 330.000000 458.000000
v -38.000000 326.000000 458.000000
v -42.000000 -326.000000 428.000000
v -42.000000 -330.000000 432.000000
v -38.000000 -326.000000 432.000000
v -42.000000 -326.000000 462.000000
v -38.000000 -326.000000 458.000000
v -42.000000 -330.000000 458.000000
v 432.000000 326.000000 475.000000
v 432.000000 330.000000 479.000000
v 428.000000 326.000000 479.000000
v 432.000000 330.000000 505.000000
v 432.000000 326.000000 509.000000
v 428.000000 326.000000 505.000000
v 432.000000 -326.000000 475.000000
v 428.000000 -326.000000 479.000000
v 432.000000 -330.000000 479.000000
v 432.000000 -326.000000 509.000000
v 432.000000 -330.000000 505.000000
v 428.000000 -326.000000 505.000000
v 458.000000 326.000000 475.000000
v 462.000000 326.000000 479.000000
v 458.000000 330.000000 479.000000
v 458.000000 326.000000 509.000000
v 458.000000 330.000000 505.000000
v 462.000000 326.000000 505.000000
v 458.000000 -326.000000 475.000000
v 458.000000 -330.000000 479.000000
v 462.000000 -326.000000 479.000000
v 458.000000 -326.000000 509.000000
v 462.000000 -326.000000 505.000000
v 458.000000 -330.000000 505.000000
v 415.500000 245.828217 300.000000
v 416.299988 245.207062 300.772736
v 416.299988 245.207062 299.227264
v 440.500000 245.828217 300.000000
v 439.700012 245.207062 299.227264
v 439.700012 245.207062 300.772736
v 415.500000 246.387131 297.914124
v 416.299988 245.669876 297.500000
v 440.500000 246.387131 297.914124
v 439.700012 245.669876 297.500000
v 415.500000 247.914108 296.387146
v 416.299988 247.500000 295.669861
v 440.500000 247.914108 296.387146
v 439.700012 247.500000 295.669861
v 415.500000 250.000000 295.828217
v 416.299988 249.227264 295.207062
v 416.299988 250.772736 295.207062
v 440.500000 250.000000 295.828217
v 439.700012 250.772736 295.207062
v 439.700012 249.227264 295.207062
v 415.500000 252.085892 296.387146
v 416.299988 252.500000 295.669861
v 440.500000 252.085892 296.387146
v 439.700012 252.500000 295.669861
v 415.500000 253.612869 297.914124
v 416.299988 254.330124 297.500000
v 440.500000 253.612869 297.914124
v 439.700012 254.330124 297.500000
v 415.500000 254.171783 300.000000
v 416.299988 254.792938 299.227264
v 416.299988 254.792938 300.772736
v 440.500000 254.171783 300.000000
v 439.700012 254.792938 300.772736
v 439.700012 254.792938 299.227264
v 415.500000 253.612869 302.085876
v 416.299988 254.330124 302.500000
v 440.500000 253.612869 302.085876
v 439.700012 254.330124 302.500000
v 415.500000 252.085892 303.612854
v 416.299988 252.500000 304.330139
v 440.500000 252.085892 303.612854
v 439.700012 252.500000 304.330139
v 415.500000 250.000000 304.171783
v 416.299988 250.772736 304.792938
v 416.299988 249.227264 304.792938
v 440.500000 250.000000 304.171783
v 439.700012 249.227264 304.792938
v 439.700012 250.772736 304.792938
v 415.500000 247.914108 303.612854
v 416.299988 247.500000 304.330139
v 440.500000 247.914108 303.612854
v 439.700012 247.500000 304.330139
v 415.500000 246.387131 302.085876
v 416.299988 245.669876 302.500000
v 440.500000 246.387131 302.085876
v 439.700012 245.669876 302.500000
v 415.500000 120.828217 300.000000
v 416.299988 120.207062 300.772736
v 416.299988 120.207062 299.227264
v 440.500000 120.828217 300.000000
v 439.700012 120.207062 299.227264
v 439.700012 120.207062 300.772736
v 415.500000 121.387131 297.914124
v 416.299988 120.669876 297.500000
v 440.500000 121.387131 297.914124
v 439.700012 120.669876 297.500000
v 415.500000 122.914108 296.387146
v 416.299988 122.500000 295.669861
v 440.500000 122.914108 296.387146
v 439.700012 122.500000 295.669861
v 415.500000 125.000000 295.828217
v 416.299988 124.227264 295.207062
v 416.299988 125.772736 295.207062
v 440.500000 125.000000 295.828217
v 439.700012 125.772736 295.207062
v 439.700012 124.227264 295.207062
v 415.500000 127.085892 296.387146
v 416.299988 127.500000 295.669861
v 440.500000 127.085892 296.387146
v 439.700012 127.500000 295.669861
v 415.500000 128.612869 297.914124
v 416.299988 129.330124 297.500000
v 440.500000 128.612869 297.914124
v 439.700012 129.330124 297.500000
v 415.500000 129.171783 300.000000
v 416.299988 129.792938 299.227264
v 416.299988 129.792938 300.772736
v 440.500000 129.171783 300.000000
v 439.700012 129.792938 300.772736
v 439.700012 129.792938 299.227264
v 415.500000 128.612869 302.085876
v 416.299988 129.330124 302.500000
v 440.500000 128.612869 302.085876
v 439.700012 129.330124 302.500000
v 415.500000 127.085892 303.612854
v 416.299988 127.500000 304.330139
v 440.500000 127.085892 303.612854
v 439.700012 127.500000 304.330139
v 415.500000 125.000000 304.171783
v 416.299988 125.772736 304.792938
v 416.299988 124.227264 304.792938
v 440.500000 125.000000 304.171783
v 439.700012 124.227264 304.792938
v 439.700012 125.772736 304.792938
v 415.500000 122.914108 303.612854
v 416.299988 122.500000 304.330139
v 440.500000 122.914108 303.612854
v 439.700012 122.500000 304.330139
v 415.500000 121.387131 302.085876
v 416.299988 120.669876 302.500000
v 440.500000 121.387131 302.085876
v 439.700012 120.669876 302.500000
v 415.500000 -129.171783 300.000000
v 416.299988 -129.792938 300.772736
v 416.299988 -129.792938 299.227264
v 440.500000 -129.171783 300.000000
v 439.700012 -129.792938 299.227264
v 439.700012 -129.792938 300.772736
v 415.500000 -128.612854 297.914124
v 416.299988 -129.330139 297.500000
v 440.500000 -128.612854 297.914124
v 439.700012 -129.330139 297.500000
v 415.500000 -127.085876 296.387146
v 416.299988 -127.500000 295.669861
v 440.500000 -127.085876 296.387146
v 439.700012 -127.500000 295.669861
v 415.500000 -125.000000 295.828217
v 416.299988 -125.772736 295.207062
v 416.299988 -124.227264 295.207062
v 440.500000 -125.000000 295.828217
v 439.700012 -124.227264 295.207062
v 439.700012 -125.772736 295.207062
v 415.500000 -122.914124 296.387146
v 416.299988 -122.500000 295.669861
v 440.500000 -122.914124 296.387146
v 439.700012 -122.500000 295.669861
v 415.500000 -121.387146 297.914124
v 416.299988 -120.669861 297.500000
v 440.500000 -121.387146 297.914124
v 439.700012 -120.669861 297.500000
v 415.500000 -120.828217 300.000000
v 416.299988 -120.207062 299.227264
v 416.299988 -120.207062 300.772736
v 440.500000 -120.828217 300.000000
v 439.700012 -120.207062 300.772736
v 439.700012 -120.207062 299.227264
v 415.500000 -121.387146 302.085876
v 416.299988 -120.669861 302.500000
v 440.500000 -121.387146 302.085876
v 439.700012 -120.669861 302.500000
v 415.500000 -122.914124 303.612854
v 416.299988 -122.500000 304.330139
v 440.500000 -122.914124 303.612854
v 439.700012 -122.500000 304.330139
v 415.500000 -125.000000 304.171783
v 416.299988 -124.227264 304.792938
v 416.299988 -125.772736 304.792938
v 440.500000 -125.000000 304.171783
v 439.700012 -125.772736 304.792938
v 439.700012 -124.227264 304.792938
v 415.500000 -127.085876 303.612854
v 416.299988 -127.500000 304.330139
v 440.500000 -127.085876 303.612854
v 439.700012 -127.500000 304.330139
v 415.500000 -128.612854 302.085876
v 416.299988 -129.330139 302.500000
v 440.500000 -128.612854 302.085876
v 439.700012 -129.330139 302.500000
v 415.500000 -254.171753 300.000000
v 416.299988 -254.792969 300.772736
v 416.299988 -254.792969 299.227264
v 440.500000 -254.171753 300.000000
v 439.700012 -254.792969 299.227264
v 439.700012 -254.792969 300.772736
v 415.500000 -253.612854 297.914124
v 416.299988 -254.330139 297.500000
v 440.500000 -253.612854 297.914124
v 439.700012 -254.330139 297.500000
v 415.500000 -252.085876 296.387146
v 416.299988 -252.500000 295.669861
v 440.500000 -252.085876 296.387146
v 439.700012 -252.500000 295.669861
v 415.500000 -250.000000 295.828217
v 416.299988 -250.772766 295.207062
v 416.299988 -249.227234 295.207062
v 440.500000 -250.000000 295.828217
v 439.700012 -249.227234 295.207062
v 439.700012 -250.772766 295.207062
v 415.500000 -247.914124 296.387146
v 416.299988 -247.500000 295.669861
v 440.500000 -247.914124 296.387146
v 439.700012 -247.500000 295.669861
v 415.500000 -246.387146 297.914124
v 416.299988 -245.669861 297.500000
v 440.500000 -246.387146 297.914124
v 439.700012 -245.669861 297.500000
v 415.500000 -245.828247 300.000000
v 416.299988 -245.207031 299.227264
v 416.299988 -245.207031 300.772736
v 440.500000 -245.828247 300.000000
v 439.700012 -245.207031 300.772736
v 439.700012 -245.207031 299.227264
v 415.500000 -246.387146 302.085876
v 416.299988 -245.669861 302.500000
v 440.500000 -246.387146 302.085876
v 439.700012 -245.669861 302.500000
v 415.500000 -247.914124 303.612854
v 416.299988 -247.500000 304.330139
v 440.500000 -247.914124 303.612854
v 439.700012 -247.500000 304.330139
v 415.500000 -250.000000 304.171783
v 416.299988 -249.227234 304.792938
v 416.299988 -250.772766 304.792938
v 440.500000 -250.000000 304.171783
v 439.700012 -250.772766 304.792938
v 439.700012 -249.227234 304.792938
v 415.500000 -252.085876 303.612854
v 416.299988 -252.500000 304.330139
v 440.500000 -252.085876 303.612854
v 439.700012 -252.500000 304.330139
v 415.500000 -253.612854 302.085876
v 416.299988 -254.330139 302.500000
v 440.500000 -253.612854 302.085876
v 439.700012 -254.330139 302.500000
v -135.000000 366.100006 523.423767
v -132.399994 368.700012 522.432800
v -132.400162 366.394745 526.235474
v -134.238449 367.877472 522.672424
v -133.901154 367.663422 524.385498
v -132.400085 368.085876 524.660583
v -134.238571 366.247406 525.361328
v 492.400024 368.700012 530.366760
v 495.000000 366.100006 531.423767
v 492.400146 366.394745 534.169434
v 494.238403 367.877472 530.653076
v 493.901123 367.663422 532.357544
v 494.238525 366.247406 533.341980
v 492.400085 368.085876 532.594543
v 495.000000 321.042877 554.926331
v 492.400024 318.442871 556.581787
v 492.400146 320.748138 557.979553
v 494.238403 319.265442 556.009827
v 493.901123 319.479492 557.491089
v 492.400085 319.057037 558.168823
v 494.238525 320.895508 556.998230
v -135.000000 321.042877 546.926331
v -132.400162 320.748138 550.045593
v -132.399994 318.442871 548.647827
v -134.238556 320.895508 549.017700
v -133.901138 319.479492 549.519104
v -132.400070 319.057037 550.234985
v -134.238434 319.265442 548.029297
v -135.000000 366.100006 514.288696
v -132.400162 366.394745 511.235474
v -132.399994 368.700012 512.633240
v -134.238556 366.247406 512.216736
v -133.901138 367.663422 511.723907
v -132.400070 368.085876 511.046173
v -134.238434 367.877472 513.205139
v 495.000000 366.100006 522.288696
v 492.400024 368.700012 520.567200
v 492.400146 366.394745 519.169434
v 494.238403 367.877472 521.185791
v 493.901123 367.663422 519.695984
v 492.400085 368.085876 518.980103
v 494.238525 366.247406 520.197388
v 492.400024 318.442871 546.782227
v 495.000000 321.042877 545.791260
v 492.400146 320.748138 542.979553
v 494.238403 319.265442 546.542542
v 493.901123 319.479492 544.829468
v 494.238525 320.895508 543.853638
v 492.400085 319.057037 544.554382
v -135.000000 321.042877 537.791260
v -132.399994 318.442871 538.848267
v -132.400162 320.748138 535.045593
v -134.238449 319.265442 538.561890
v -133.901154 319.479492 536.857422
v -132.400085 319.057037 536.620422
v -134.238571 320.895508 535.872986
v -135.000000 313.242859 549.613403
v -132.399994 315.842865 548.647827
v -132.400162 313.520752 552.417664
v -134.238449 315.023743 548.881531
v -133.901154 314.802673 550.588196
v -132.400085 315.220245 550.864441
v -134.238571 313.381775 551.547241
v 492.400024 315.842865 556.581787
v 495.000000 313.242859 557.613403
v 492.400146 313.520782 560.351685
v 494.238403 315.023743 556.862183
v 493.901123 314.802673 558.560242
v 494.238525 313.381775 559.527893
v 492.400085 315.220245 558.798401
v 495.000000 268.185730 580.308716
v 492.400024 265.585724 581.896301
v 492.400146 267.907837 583.326904
v 494.238403 266.404846 581.351624
v 493.901123 266.625916 582.826965
v 492.400085 266.208344 583.485779
v 494.238525 268.046814 582.363220
v -135.000000 268.185730 572.308716
v -132.400162 267.907806 575.392883
v -132.399994 265.585724 573.962341
v -134.238556 268.046753 574.382568
v -133.901138 266.625854 574.854919
v -132.400070 266.208282 575.551819
v -134.238434 266.404785 573.370972
v -135.000000 313.242859 540.435852
v -132.400162 313.520752 537.417664
v -132.399994 315.842865 538.848267
v -134.238556 313.381775 538.381409
v -133.901138 314.802673 537.917664
v -132.400070 315.220245 537.258850
v -134.238434 315.023743 539.393005
v 495.000000 313.242859 548.435852
v 492.400024 315.842865 546.782227
v 492.400146 313.520752 545.351624
v 494.238403 315.023743 547.373535
v 493.901123 314.802673 545.889587
v 492.400085 315.220245 545.192688
v 494.238525 313.381775 546.361938
v 492.400024 265.585724 572.096741
v 495.000000 268.185730 571.131165
v 492.400146 267.907837 568.326904
v 494.238403 266.404846 571.863037
v 493.901123 266.625916 570.156372
v 494.238525 268.046814 569.197327
v 492.400085 266.208344 569.880127
v -135.000000 268.185730 563.131165
v -132.399994 265.585724 564.162781
v -132.400162 267.907837 560.392944
v -134.238449 266.404846 563.882385
v -133.901154 266.625916 562.184265
v -132.400085 266.208344 561.946167
v -134.238571 268.046814 561.216675
v -135.000000 260.385712 574.878967
v -132.399994 262.985718 573.962341
v -132.400177 260.632812 577.668884
v -134.238434 262.173035 574.184692
v -133.901154 261.939056 575.879028
v -132.400085 262.347748 576.157471
v -134.238571 260.509277 576.805664
v 492.400024 262.985718 581.896301
v 495.000000 260.385712 582.878967
v 492.400146 260.632812 585.602844
v 494.238403 262.173035 582.165405
v 493.901123 261.939056 583.851135
v 494.238525 260.509277 584.786316
v 492.400085 262.347748 584.091431
v 495.000000 215.328583 604.064697
v 492.400024 212.728577 605.527100
v 492.400146 215.081497 607.020996
v 494.238403 213.541275 605.031860
v 493.901123 213.775253 606.497559
v 492.400085 213.366562 607.122253
v 494.238525 215.205048 606.088196
v -135.000000 215.328583 596.064697
v -132.400177 215.081497 599.087036
v -132.399994 212.728577 597.593140
v -134.238571 215.205048 598.107544
v -133.901154 213.775253 598.525452
v -132.400085 213.366562 599.188293
v -134.238434 213.541275 597.051147
v -135.000000 260.385712 565.625183
v -132.400177 260.632812 562.668884
v -132.399994 262.985718 564.162781
v -134.238571 260.509277 563.601624
v -133.901154 261.939056 563.192261
v -132.400085 262.347748 562.567566
v -134.238434 262.173035 564.657959
v 495.000000 260.385712 573.625183
v 492.400024 262.985718 572.096741
v 492.400146 260.632812 570.602844
v 494.238403 262.173035 572.638672
v 493.901123 261.939056 571.164368
v 492.400085 262.347748 570.501526
v 494.238525 260.509277 571.582275
v 492.400024 212.728577 595.727539
v 495.000000 215.328583 594.810913
v 492.400146 215.081482 592.020996
v 494.238403 213.541290 595.505249
v 493.901123 213.775269 593.810913
v 494.238525 215.205048 592.884277
v 492.400085 213.366562 593.532471
v -135.000000 215.328583 586.810913
v -132.399994 212.728577 587.793579
v -132.400177 215.081497 584.087036
v -134.238434 213.541275 587.524536
v -133.901154 213.775253 585.838806
v -132.400085 213.366562 585.598511
v -134.238571 215.205048 584.903625
v -135.000000 207.528564 598.434692
v -132.399994 210.128571 597.593140
v -132.400177 207.732651 601.203186
v -134.238434 209.324768 597.797852
v -133.901154 209.072800 599.473450
v -132.400085 209.469086 599.755493
v -134.238571 207.630600 600.350586
v 492.400024 210.128571 605.527100
v 495.000000 207.528564 606.434692
v 492.400146 207.732666 609.137207
v 494.238403 209.324768 605.778625
v 493.901123 209.072800 607.445679
v 494.238525 207.630600 608.331360
v 492.400085 209.469086 607.689575
v 495.000000 162.471436 625.425415
v 492.400024 159.871429 626.709534
v 492.400146 162.267349 628.299927
v 494.238403 160.675232 626.283508
v 493.901123 160.927200 627.738098
v 492.400085 160.530914 628.316101
v 494.238525 162.369400 627.408081
v -135.000000 162.471436 617.425415
v -132.400177 162.267334 620.365906
v -132.399994 159.871429 618.775574
v -134.238571 162.369385 619.427368
v -133.901154 160.927185 619.765991
v -132.400085 160.530899 620.382080
v -134.238434 160.675232 618.302795
v -135.000000 207.528564 589.077698
v -132.400177 207.732651 586.203186
v -132.399994 210.128571 587.793579
v -134.238571 207.630600 587.095032
v -133.901154 209.072800 586.765015
v -132.400085 209.469086 586.187012
v -134.238434 209.324768 588.219604
v 495.000000 207.528564 597.077698
v 492.400024 210.128571 595.727539
v 492.400146 207.732651 594.137146
v 494.238403 209.324768 596.200256
v 493.901123 209.072800 594.737061
v 492.400085 209.469086 594.120972
v 494.238525 207.630600 595.075684
v 492.400024 159.871429 616.909973
v 495.000000 162.471436 616.068420
v 492.400146 162.267349 613.299927
v 494.238403 160.675232 616.705200
v 493.901123 160.927200 615.029602
v 494.238525 162.369400 614.152466
v 492.400085 160.530914 614.747559
v -135.000000 162.471436 608.068420
v -132.399994 159.871429 608.976013
v -132.400177 162.267349 605.365967
v -134.238434 160.675232 608.724548
v -133.901154 160.927200 607.057495
v -132.400085 160.530914 606.813599
v -134.238571 162.369400 606.171814
v -135.000000 154.671417 619.509644
v -132.399994 157.271423 618.775574
v -132.400192 154.822479 622.249146
v -134.238434 156.478607 618.954834
v -133.901138 156.204453 620.604370
v -132.400085 156.585434 620.891968
v -134.238571 154.746948 621.411072
v 492.400024 157.271423 626.709534
v 495.000000 154.671417 627.509644
v 492.400146 154.822479 630.183167
v 494.238403 156.478607 626.935547
v 493.901123 156.204453 628.576538
v 494.238525 154.746948 629.391785
v 492.400085 156.585434 628.825989
v 495.000000 109.614288 643.578979
v 492.400024 107.014282 644.633423
v 492.400146 109.463226 646.360291
v 494.238403 107.807098 644.294006
v 493.901123 108.081253 645.739441
v 492.400085 107.700287 646.260681
v 494.238525 109.538757 645.515076
v -135.000000 109.614288 635.578979
v -132.400192 109.463196 638.426270
v -132.399994 107.014282 636.699463
v -134.238586 109.538742 637.534302
v -133.901154 108.081238 637.767212
v -132.400101 107.700256 638.326599
v -134.238449 107.807098 636.313232
v -135.000000 154.671417 610.030457
v -132.400192 154.822479 607.249207
v -132.399994 157.271423 608.976013
v -134.238586 154.746948 608.094421
v -133.901154 156.204453 607.870056
v -132.400101 156.585434 607.348816
v -134.238449 156.478607 609.315491
v 495.000000 154.671417 618.030457
v 492.400024 157.271423 616.909973
v 492.400146 154.822479 615.183105
v 494.238403 156.478607 617.296204
v 493.901123 156.204453 615.842163
v 492.400085 156.585434 615.282776
v 494.238525 154.746948 616.075073
v 492.400024 107.014282 634.833862
v 495.000000 109.614288 634.099792
v 492.400146 109.463226 631.360229
v 494.238403 107.807098 634.654480
v 493.901123 108.081253 633.004944
v 494.238525 109.538757 632.198242
v 492.400085 107.700287 632.717346
v -135.000000 109.614288 626.099792
v -132.399994 107.014282 626.899902
v -132.400192 109.463226 623.426331
v -134.238434 107.807098 626.673889
v -133.901138 108.081253 625.032959
v -132.400085 107.700287 624.783508
v -134.238571 109.538757 624.217712
v -135.000000 101.814285 637.278076
v -132.399994 104.414276 636.699463
v -132.400192 101.904968 639.980469
v -134.238434 103.633987 636.840942
v -133.901138 103.334564 638.454773
v -132.400085 103.698120 638.751831
v -134.238571 101.859634 639.161011
v 492.400024 104.414276 644.633423
v 495.000000 101.814285 645.278076
v 492.400208 101.904968 647.914368
v 494.238464 103.633987 644.821655
v 493.901184 103.334564 646.426880
v 494.238647 101.859634 647.141663
v 492.400146 103.698120 646.685791
v 495.000000 56.757141 657.501465
v 492.400024 54.157135 658.267517
v 492.400208 56.666458 660.186951
v 494.238464 54.937439 658.032410
v 493.901184 55.236877 659.475159
v 492.400146 54.873322 659.931335
v 494.238647 56.711807 659.389648
v -135.000000 56.757141 649.501465
v -132.400192 56.666473 652.253052
v -132.399994 54.157135 650.333557
v -134.238586 56.711807 651.408997
v -133.901154 55.236877 651.503052
v -132.400101 54.873322 651.997375
v -134.238449 54.937439 650.051697
v -135.000000 101.814285 627.665955
v -132.400192 101.904953 624.980408
v -132.399994 104.414276 626.899902
v -134.238586 101.859619 625.777771
v -133.901154 103.334564 625.692261
v -132.400101 103.698090 625.236084
v -134.238449 103.633987 627.135071
v 495.000000 101.814285 635.665955
v 492.400024 104.414276 634.833862
v 492.400208 101.904968 632.914429
v 494.238464 103.633987 635.115662
v 493.901184 103.334564 633.664368
v 492.400146 103.698120 633.170044
v 494.238647 101.859634 633.758423
v 492.400024 54.157135 648.467957
v 495.000000 56.757141 647.889343
v 492.400208 56.666473 645.187012
v 494.238464 54.937439 648.326477
v 493.901184 55.236877 646.712646
v 494.238647 56.711807 646.006470
v 492.400146 54.873322 646.415649
v -135.000000 56.757141 639.889343
v -132.399994 54.157135 640.533997
v -132.400192 56.666458 637.252991
v -134.238434 54.937439 640.345825
v -133.901138 55.236877 638.740540
v -132.400085 54.873322 638.481628
v -134.238571 56.711807 638.025757
v -135.000000 48.957153 650.642212
v -132.399994 51.557129 650.333557
v -132.400208 48.982697 653.297424
v -134.238434 50.790314 650.405762
v -133.901154 50.463654 651.964783
v -132.400101 50.808411 652.283264
v -134.238586 48.969910 652.501526
v 492.400024 51.557129 658.267517
v 495.000000 48.957153 658.642212
v 492.400208 48.982697 661.231445
v 494.238464 50.790314 658.386353
v 493.901184 50.463654 659.936829
v 494.238647 48.969910 660.482178
v 492.400146 50.808411 660.217224
v 495.000000 3.899994 665.006897
v 492.400024 1.299988 665.366760
v 492.400208 3.874451 667.603333
v 494.238464 2.066803 665.268982
v 493.901184 2.393494 666.727234
v 492.400146 2.048737 667.104980
v 494.238647 3.887238 666.850525
v -135.000000 3.899994 657.006897
v -132.400208 3.874451 659.669312
v -132.399994 1.299988 657.432800
v -134.238586 3.887207 658.869873
v -133.901154 2.393494 658.755127
v -132.400101 2.048737 659.171021
v -134.238434 2.066803 657.288391
v -135.000000 48.957153 640.893860
v -132.400208 48.982697 638.297424
v -132.399994 51.557129 640.533997
v -134.238586 48.969910 639.050293
v -133.901154 50.463654 639.173584
v -132.400101 50.808411 638.795837
v -134.238434 50.790314 640.631836
v 495.000000 48.957153 648.893860
v 492.400024 51.557129 648.467957
v 492.400208 48.982697 646.231384
v 494.238464 50.790314 648.612488
v 493.901184 50.463654 647.145691
v 492.400146 50.808411 646.729797
v 494.238647 48.969910 647.030945
v 492.400024 1.299988 655.567200
v 495.000000 3.899994 655.258545
v 492.400208 3.874451 652.603333
v 494.238464 2.066803 655.494934
v 493.901184 2.393494 653.935913
v 494.238647 3.887238 653.399170
v 492.400146 2.048737 653.617432
v -135.000000 3.899994 647.258545
v -132.399994 1.299988 647.633240
v -132.400208 3.874451 644.669373
v -134.238434 2.066803 647.514404
v -133.901154 2.393494 645.963928
v -132.400101 2.048737 645.683594
v -134.238586 3.887238 645.418640
v -135.000000 -3.899994 657.006897
v -132.399994 -1.299988 657.432800
v -132.400208 -3.874451 659.669373
v -134.238434 -2.066803 657.288330
v -133.901154 -2.393494 658.755127
v -132.400101 -2.048737 659.171021
v -134.238586 -3.887238 658.869873
v 492.400024 -1.299988 665.366760
v 495.000000 -3.899994 665.006897
v 492.400208 -3.874451 667.603333
v 494.238464 -2.066803 665.268982
v 493.901184 -2.393494 666.727234
v 494.238647 -3.887238 666.850525
v 492.400146 -2.048737 667.104980
v 495.000000 -48.957153 658.642212
v 492.400024 -51.557129 658.267517
v 492.400208 -48.982697 661.231384
v 494.238464 -50.790314 658.386414
v 493.901184 -50.463654 659.936890
v 492.400146 -50.808411 660.217224
v 494.238647 -48.969910 660.482178
v -135.000000 -48.957153 650.642212
v -132.400208 -48.982697 653.297424
v -132.399994 -51.557129 650.333557
v -134.238586 -48.969910 652.501526
v -133.901154 -50.463654 651.964783
v -132.400101 -50.808411 652.283264
v -134.238434 -50.790314 650.405762
v -135.000000 -3.899994 647.258545
v -132.400208 -3.874451 644.669312
v -132.399994 -1.299988 647.633240
v -134.238586 -3.887207 645.418518
v -133.901154 -2.393494 645.963867
v -132.400101 -2.048737 645.683472
v -134.238434 -2.066803 647.514343
v 495.000000 -3.899994 655.258545
v 492.400024 -1.299988 655.567200
v 492.400208 -3.874451 652.603333
v 494.238464 -2.066803 655.494934
v 493.901184 -2.393494 653.935913
v 492.400146 -2.048737 653.617432
v 494.238647 -3.887238 653.399170
v 492.400024 -51.557129 648.467957
v 495.000000 -48.957153 648.893860
v 492.400208 -48.982697 646.231445
v 494.238464 -50.790314 648.612427
v 493.901184 -50.463654 647.145691
v 494.238647 -48.969910 647.030945
v 492.400146 -50.808411 646.729797
v -135.000000 -48.957153 640.893860
v -132.399994 -51.557129 640.533997
v -132.400208 -48.982697 638.297424
v -134.238434 -50.790314 640.631836
v -133.901154 -50.463654 639.173584
v -132.400101 -50.808411 638.795837
v -134.238586 -48.969910 639.050293
v -135.000000 -56.757141 649.501465
v -132.399994 -54.157135 650.333557
v -132.400192 -56.666443 652.252991
v -134.238434 -54.937439 650.051636
v -133.901138 -55.236877 651.502930
v -132.400085 -54.873322 651.997253
v -134.238571 -56.711792 651.408875
v 492.400024 -54.157135 658.267517
v 495.000000 -56.757141 657.501465
v 492.400208 -56.666473 660.187012
v 494.238464 -54.937439 658.032349
v 493.901184 -55.236877 659.475159
v 494.238647 -56.711792 659.389648
v 492.400146 -54.873322 659.931335
v 495.000000 -101.814270 645.278076
v 492.400024 -104.414276 644.633423
v 492.400208 -101.904968 647.914429
v 494.238464 -103.633972 644.821594
v 493.901184 -103.334564 646.426880
v 492.400146 -103.698120 646.685791
v 494.238647 -101.859619 647.141663
v -135.000000 -101.814270 637.278076
v -132.400192 -101.904968 639.980408
v -132.399994 -104.414276 636.699463
v -134.238586 -101.859619 639.161011
v -133.901154 -103.334564 638.454834
v -132.400101 -103.698090 638.751831
v -134.238449 -103.633972 636.841003
v -135.000000 -56.757141 639.889343
v -132.400192 -56.666473 637.253052
v -132.399994 -54.157135 640.533997
v -134.238586 -56.711792 638.025757
v -133.901154 -55.236877 638.740540
v -132.400101 -54.873322 638.481628
v -134.238449 -54.937439 640.345764
v 495.000000 -56.757141 647.889343
v 492.400024 -54.157135 648.467957
v 492.400208 -56.666443 645.186951
v 494.238464 -54.937439 648.326477
v 493.901184 -55.236877 646.712646
v 492.400146 -54.873322 646.415588
v 494.238647 -56.711792 646.006409
v 492.400024 -104.414276 634.833862
v 495.000000 -101.814270 635.665955
v 492.400208 -101.904968 632.914368
v 494.238464 -103.633972 635.115723
v 493.901184 -103.334564 633.664368
v 494.238647 -101.859619 633.758423
v 492.400146 -103.698120 633.170044
v -135.000000 -101.814270 627.665955
v -132.399994 -104.414276 626.899902
v -132.400192 -101.904968 624.980469
v -134.238434 -103.633972 627.135132
v -133.901138 -103.334564 625.692383
v -132.400085 -103.698120 625.236206
v -134.238571 -101.859619 625.777893
v -135.000000 -109.614288 635.578979
v -132.399994 -107.014282 636.699463
v -132.400192 -109.463226 638.426331
v -134.238434 -107.807098 636.313293
v -133.901138 -108.081238 637.767334
v -132.400085 -107.700287 638.326721
v -134.238571 -109.538757 637.534424
v 492.400024 -107.014282 644.633423
v 495.000000 -109.614288 643.578979
v 492.400146 -109.463226 646.360229
v 494.238403 -107.807098 644.293884
v 493.901123 -108.081238 645.739319
v 494.238525 -109.538757 645.514954
v 492.400085 -107.700287 646.260559
v 495.000000 -154.671417 627.509644
v 492.400024 -157.271423 626.709534
v 492.400146 -154.822479 630.183105
v 494.238403 -156.478607 626.935608
v 493.901123 -156.204468 628.576538
v 492.400085 -156.585449 628.825989
v 494.238525 -154.746948 629.391785
v -135.000000 -154.671417 619.509644
v -132.400192 -154.822479 622.249207
v -132.399994 -157.271423 618.775574
v -134.238586 -154.746948 621.411133
v -133.901154 -156.204468 620.604431
v -132.400101 -156.585449 620.892029
v -134.238449 -156.478607 618.954895
v -135.000000 -109.614288 626.099792
v -132.400192 -109.463196 623.426270
v -132.399994 -107.014282 626.899902
v -134.238586 -109.538757 624.217712
v -133.901154 -108.081238 625.032959
v -132.400101 -107.700256 624.783508
v -134.238449 -107.807098 626.673950
v 495.000000 -109.614288 634.099792
v 492.400024 -107.014282 634.833862
v 492.400146 -109.463226 631.360291
v 494.238403 -107.807098 634.654602
v 493.901123 -108.081238 633.005066
v 492.400085 -107.700287 632.717468
v 494.238525 -109.538757 632.198364
v 492.400024 -157.271423 616.909973
v 495.000000 -154.671417 618.030457
v 492.400146 -154.822479 615.183167
v 494.238403 -156.478607 617.296143
v 493.901123 -156.204468 615.842163
v 494.238525 -154.746948 616.075073
v 492.400085 -156.585449 615.282776
v -135.000000 -154.671417 610.030457
v -132.399994 -157.271423 608.976013
v -132.400192 -154.822479 607.249146
v -134.238434 -156.478607 609.315491
v -133.901138 -156.204468 607.870056
v -132.400085 -156.585449 607.348816
v -134.238571 -154.746948 608.094421
v -135.000000 -162.471436 617.425415
v -132.399994 -159.871429 618.775574
v -132.400177 -162.267334 620.365967
v -134.238434 -160.675232 618.302795
v -133.901154 -160.927185 619.765991
v -132.400085 -160.530914 620.382080
v -134.238571 -162.369385 619.427368
v 492.400024 -159.871429 626.709534
v 495.000000 -162.471436 625.425415
v 492.400146 -162.267334 628.299927
v 494.238403 -160.675232 626.283508
v 493.901123 -160.927185 627.738098
v 494.238525 -162.369385 627.408081
v 492.400085 -160.530914 628.316101
v 495.000000 -207.528564 606.434692
v 492.400024 -210.128540 605.527100
v 492.400146 -207.732666 609.137146
v 494.238403 -209.324768 605.778503
v 493.901123 -209.072815 607.445557
v 492.400085 -209.469116 607.689453
v 494.238525 -207.630615 608.331238
v -135.000000 -207.528564 598.434692
v -132.400177 -207.732666 601.203186
v -132.399994 -210.128540 597.593140
v -134.238571 -207.630615 600.350708
v -133.901154 -209.072815 599.473572
v -132.400085 -209.469116 599.755615
v -134.238434 -209.324768 597.797974
v -135.000000 -162.471436 608.068420
v -132.400177 -162.267334 605.365906
v -132.399994 -159.871429 608.976013
v -134.238571 -162.369385 606.171814
v -133.901154 -160.927185 607.057495
v -132.400085 -160.530884 606.813599
v -134.238434 -160.675232 608.724548
v 495.000000 -162.471436 616.068420
v 492.400024 -159.871429 616.909973
v 492.400146 -162.267334 613.299927
v 494.238403 -160.675232 616.705200
v 493.901123 -160.927185 615.029602
v 492.400085 -160.530914 614.747559
v 494.238525 -162.369385 614.152466
v 492.400024 -210.128540 595.727539
v 495.000000 -207.528564 597.077698
v 492.400146 -207.732666 594.137207
v 494.238403 -209.324768 596.200256
v 493.901123 -209.072815 594.737061
v 494.238525 -207.630615 595.075684
v 492.400085 -209.469116 594.120972
v -135.000000 -207.528564 589.077698
v -132.399994 -210.128540 587.793579
v -132.400177 -207.732666 586.203186
v -134.238434 -209.324768 588.219604
v -133.901154 -209.072815 586.765015
v -132.400085 -209.469116 586.187012
v -134.238571 -207.630615 587.095032
v -135.000000 -215.328613 596.064697
v -132.399994 -212.728577 597.593140
v -132.400177 -215.081482 599.087036
v -134.238434 -213.541260 597.051147
v -133.901154 -213.775269 598.525452
v -132.400085 -213.366577 599.188293
v -134.238571 -215.205078 598.107544
v 492.400024 -212.728577 605.527100
v 495.000000 -215.328613 604.064697
v 492.400146 -215.081482 607.020996
v 494.238403 -213.541260 605.031860
v 493.901123 -213.775269 606.497559
v 494.238525 -215.205078 606.088196
v 492.400085 -213.366577 607.122253
v 495.000000 -260.385742 582.878967
v 492.400024 -262.985718 581.896301
v 492.400146 -260.632812 585.602844
v 494.238403 -262.173035 582.165405
v 493.901123 -261.939087 583.851135
v 492.400085 -262.347778 584.091431
v 494.238525 -260.509277 584.786316
v -135.000000 -260.385742 574.878967
v -132.400177 -260.632812 577.668884
v -132.399994 -262.985718 573.962341
v -134.238571 -260.509277 576.805664
v -133.901154 -261.939087 575.879028
v -132.400085 -262.347778 576.157471
v -134.238434 -262.173035 574.184692
v -135.000000 -215.328613 586.810913
v -132.400177 -215.081482 584.087036
v -132.399994 -212.728577 587.793579
v -134.238571 -215.205078 584.903625
v -133.901154 -213.775269 585.838806
v -132.400085 -213.366577 585.598511
v -134.238434 -213.541260 587.524536
v 495.000000 -215.328613 594.810913
v 492.400024 -212.728577 595.727539
v 492.400146 -215.081482 592.020996
v 494.238403 -213.541260 595.505249
v 493.901123 -213.775269 593.810913
v 492.400085 -213.366577 593.532471
v 494.238525 -215.205078 592.884277
v 492.400024 -262.985718 572.096741
v 495.000000 -260.385742 573.625183
v 492.400146 -260.632812 570.602844
v 494.238403 -262.173035 572.638672
v 493.901123 -261.939087 571.164368
v 494.238525 -260.509277 571.582275
v 492.400085 -262.347778 570.501526
v -135.000000 -260.385742 565.625183
v -132.399994 -262.985718 564.162781
v -132.400177 -260.632812 562.668884
v -134.238434 -262.173035 564.657959
v -133.901154 -261.939087 563.192261
v -132.400085 -262.347778 562.567566
v -134.238571 -260.509277 563.601624
v -135.000000 -268.185730 572.308716
v -132.399994 -265.585693 573.962341
v -132.400162 -267.907837 575.392944
v -134.238449 -266.404846 573.370911
v -133.901154 -266.625916 574.854858
v -132.400085 -266.208374 575.551758
v -134.238571 -268.046814 574.382507
v 492.400024 -265.585693 581.896301
v 495.000000 -268.185730 580.308716
v 492.400146 -267.907837 583.326904
v 494.238403 -266.404846 581.351624
v 493.901123 -266.625916 582.826965
v 494.238525 -268.046814 582.363220
v 492.400085 -266.208374 583.485779
v 495.000000 -313.242859 557.613403
v 492.400024 -315.842896 556.581787
v 492.400146 -313.520752 560.351624
v 494.238403 -315.023743 556.862183
v 493.901123 -314.802673 558.560303
v 492.400085 -315.220215 558.798401
v 494.238525 -313.381775 559.527893
v -135.000000 -313.242859 549.613403
v -132.400162 -313.520752 552.417664
v -132.399994 -315.842896 548.647827
v -134.238556 -313.381775 551.547241
v -133.901138 -314.802673 550.588196
v -132.400070 -315.220215 550.864441
v -134.238434 -315.023743 548.881531
v -135.000000 -268.185730 563.131165
v -132.400162 -267.907837 560.392883
v -132.399994 -265.585693 564.162781
v -134.238556 -268.046753 561.216614
v -133.901138 -266.625854 562.184265
v -132.400070 -266.208252 561.946106
v -134.238434 -266.404785 563.882324
v 495.000000 -268.185730 571.131165
v 492.400024 -265.585693 572.096741
v 492.400146 -267.907837 568.326904
v 494.238403 -266.404846 571.863037
v 493.901123 -266.625916 570.156372
v 492.400085 -266.208374 569.880127
v 494.238525 -268.046814 569.197327
v 492.400024 -315.842896 546.782227
v 495.000000 -313.242859 548.435852
v 492.400146 -313.520752 545.351685
v 494.238403 -315.023743 547.373657
v 493.901123 -314.802673 545.889709
v 494.238525 -313.381775 546.362061
v 492.400085 -315.220215 545.192810
v -135.000000 -313.242859 540.435852
v -132.399994 -315.842896 538.848267
v -132.400162 -313.520752 537.417664
v -134.238449 -315.023743 539.393005
v -133.901154 -314.802673 537.917664
v -132.400085 -315.220215 537.258850
v -134.238571 -313.381775 538.381409
v -135.000000 -321.042847 546.926331
v -132.399994 -318.442871 548.647827
v -132.400162 -320.748169 550.045593
v -134.238449 -319.265442 548.029297
v -133.901154 -319.479492 549.519104
v -132.400085 -319.057007 550.234985
v -134.238571 -320.895508 549.017700
v 492.400024 -318.442871 556.581787
v 495.000000 -321.042847 554.926331
v 492.400146 -320.748169 557.979553
v 494.238403 -319.265442 556.009827
v 493.901123 -319.479492 557.491089
v 494.238525 -320.895508 556.998230
v 492.400085 -319.057007 558.168823
v 495.000000 -366.099976 531.423767
v 492.400024 -368.700012 530.366760
v 492.400146 -366.394775 534.169434
v 494.238403 -367.877441 530.653076
v 493.901123 -367.663452 532.357544
v 492.400085 -368.085876 532.594543
v 494.238525 -366.247437 533.341980
v -135.000000 -366.099976 523.423767
v -132.400162 -366.394775 526.235474
v -132.399994 -368.700012 522.432800
v -134.238556 -366.247437 525.361328
v -133.901138 -367.663452 524.385498
v -132.400070 -368.085876 524.660583
v -134.238434 -367.877441 522.672424
v -135.000000 -321.042847 537.791260
v -132.400162 -320.748169 535.045593
v -132.399994 -318.442871 538.848267
v -134.238556 -320.895508 535.873108
v -133.901138 -319.479492 536.857544
v -132.400070 -319.057007 536.620544
v -134.238434 -319.265442 538.562012
v 495.000000 -321.042847 545.791260
v 492.400024 -318.442871 546.782227
v 492.400146 -320.748169 542.979553
v 494.238403 -319.265442 546.542542
v 493.901123 -319.479492 544.829468
v 492.400085 -319.057007 544.554382
v 494.238525 -320.895508 543.853638
v 492.400024 -368.700012 520.567200
v 495.000000 -366.099976 522.288696
v 492.400146 -366.394775 519.169434
v 494.238403 -367.877441 521.185791
v 493.901123 -367.663452 519.695984
v 494.238525 -366.247437 520.197388
v 492.400085 -368.085876 518.980103
v -135.000000 -366.099976 514.288696
v -132.399994 -368.700012 512.633240
v -132.400162 -366.394775 511.235474
v -134.238449 -367.877441 513.205078
v -133.901154 -367.663452 511.723846
v -132.400085 -368.085876 511.046112
v -134.238571 -366.247437 512.216675
v -114.750000 372.118835 529.265930
v -109.250000 372.118835 529.265930
v -106.500000 370.000000 525.000000
v -109.250000 367.881165 520.734070
v -114.750000 367.881165 520.734070
v -117.500000 370.000000 525.000000
v -114.750000 349.136444 540.725525
v -109.250000 349.136444 540.725525
v -106.500000 347.017609 536.459595
v -109.250000 344.898773 532.193665
v -114.750000 344.898773 532.193665
v -117.500000 347.017609 536.459595
v -114.750000 326.102509 552.121826
v -109.250000 326.102509 552.121826
v -106.500000 324.000000 547.847839
v -109.250000 321.897491 543.573853
v -114.750000 321.897491 543.573853
v -117.500000 324.000000 547.847839
v -114.750000 303.123138 563.361206
v -109.250000 303.123138 563.361206
v -106.500000 301.049530 559.073120
v -109.250000 298.975922 554.785034
v -114.750000 298.975922 554.785034
v -117.500000 301.049530 559.073120
v -114.750000 280.036621 574.398071
v -109.250000 280.036621 574.398071
v -106.500000 278.000000 570.092285
v -109.250000 275.963379 565.786499
v -114.750000 275.963379 565.786499
v -117.500000 278.000000 570.092285
v -114.750000 257.063751 585.148254
v -109.250000 257.063751 585.148254
v -106.500000 255.076309 580.819580
v -109.250000 253.088867 576.490906
v -114.750000 253.088867 576.490906
v -117.500000 255.076309 580.819580
v -114.750000 233.929504 595.567139
v -109.250000 233.929504 595.567139
v -106.500000 232.000000 591.212341
v -109.250000 230.070496 586.857544
v -114.750000 230.070496 586.857544
v -117.500000 232.000000 591.212341
v -114.750000 210.957169 605.578857
v -109.250000 210.957169 605.578857
v -106.500000 209.098816 601.193176
v -109.250000 207.240463 596.807495
v -114.750000 207.240463 596.807495
v -117.500000 209.098816 601.193176
v -114.750000 187.777512 615.123230
v -109.250000 187.777512 615.123230
v -106.500000 186.000000 610.704163
v -109.250000 184.222488 606.285095
v -114.750000 184.222488 606.285095
v -117.500000 186.000000 610.704163
v -114.750000 164.797760 624.149170
v -109.250000 164.797760 624.149170
v -106.500000 163.116577 619.692566
v -109.250000 161.435394 615.235962
v -114.750000 161.435394 615.235962
v -117.500000 163.116577 619.692566
v -114.750000 141.573456 632.552734
v -109.250000 141.573456 632.552734
v -106.500000 140.000000 628.057007
v -109.250000 138.426544 623.561279
v -114.750000 138.426544 623.561279
v -117.500000 140.000000 628.057007
v -114.750000 118.574387 640.331116
v -109.250000 118.574387 640.331116
v -106.500000 117.129288 635.792480
v -109.250000 115.684189 631.253845
v -114.750000 115.684189 631.253845
v -117.500000 117.129288 635.792480
v -114.750000 95.304199 647.284607
v -109.250000 95.304199 647.284607
v -106.500000 94.000000 642.703491
v -109.250000 92.695801 638.122375
v -114.750000 92.695801 638.122375
v -117.500000 94.000000 642.703491
v -114.750000 72.264313 653.520020
v -109.250000 72.264313 653.520020
v -106.500000 71.139282 648.891663
v -109.250000 70.014252 644.263306
v -114.750000 70.014252 644.263306
v -117.500000 71.139282 648.891663
v -114.750000 48.935120 658.555725
v -109.250000 48.935120 658.555725
v -106.500000 48.000000 653.885254
v -109.250000 47.064880 649.214783
v -114.750000 47.064880 649.214783
v -117.500000 48.000000 653.885254
v -114.750000 25.738190 662.835022
v -109.250000 25.738190 662.835022
v -106.500000 25.115479 658.112793
v -109.250000 24.492737 653.390564
v -114.750000 24.492737 653.390564
v -117.500000 25.115479 658.112793
v -114.750000 2.042542 664.718567
v -109.250000 2.042542 664.718567
v -106.500000 2.000000 659.955627
v -109.250000 1.957458 655.192688
v -114.750000 1.957458 655.192688
v -117.500000 2.000000 659.955627
v -114.750000 -21.645599 663.260437
v -109.250000 -21.645599 663.260437
v -106.500000 -21.100922 658.528564
v -109.250000 -20.556213 653.796692
v -114.750000 -20.556213 653.796692
v -117.500000 -21.100922 658.528564
v -114.750000 -44.878906 659.337585
v -109.250000 -44.878906 659.337585
v -106.500000 -44.000000 654.656250
v -109.250000 -43.121094 649.974915
v -114.750000 -43.121094 649.974915
v -117.500000 -44.000000 654.656250
v -114.750000 -68.233551 654.513428
v -109.250000 -68.233551 654.513428
v -106.500000 -67.142090 649.877014
v -109.250000 -66.050659 645.240601
v -114.750000 -66.050659 645.240601
v -117.500000 -67.142090 649.877014
v -114.750000 -91.278198 648.415405
v -109.250000 -91.278198 648.415405
v -106.500000 -90.000000 643.826965
v -109.250000 -88.721802 639.238525
v -114.750000 -88.721802 639.238525
v -117.500000 -90.000000 643.826965
v -114.750000 -114.551331 641.606262
v -109.250000 -114.551331 641.606262
v -106.500000 -113.130157 637.060059
v -109.250000 -111.708984 632.513855
v -114.750000 -111.708984 632.513855
v -117.500000 -113.130157 637.060059
v -114.750000 -137.552856 633.949951
v -109.250000 -137.552856 633.949951
v -106.500000 -136.000000 629.447021
v -109.250000 -134.447144 624.944092
v -114.750000 -134.447144 624.944092
v -117.500000 -136.000000 629.447021
v -114.750000 -160.781097 625.659058
v -109.250000 -160.781097 625.659058
v -106.500000 -159.117889 621.195740
v -109.250000 -157.454681 616.732422
v -114.750000 -157.454681 616.732422
v -117.500000 -159.117889 621.195740
v -114.750000 -183.761963 616.730835
v -109.250000 -183.761963 616.730835
v -106.500000 -182.000000 612.305603
v -109.250000 -180.238037 607.880371
v -114.750000 -180.238037 607.880371
v -117.500000 -182.000000 612.305603
v -114.750000 -206.945557 607.274841
v -109.250000 -206.945557 607.274841
v -106.500000 -205.100586 602.883545
v -109.250000 -203.255615 598.492249
v -114.750000 -203.255615 598.492249
v -117.500000 -205.100586 602.883545
v -114.750000 -229.918152 597.338989
v -109.250000 -229.918152 597.338989
v -106.500000 -228.000000 592.979126
v -109.250000 -226.081848 588.619263
v -114.750000 -226.081848 588.619263
v -117.500000 -228.000000 592.979126
v -114.750000 -253.056396 586.985901
v -109.250000 -253.056396 586.985901
v -106.500000 -251.078430 582.652893
v -109.250000 -249.100464 578.319885
v -114.750000 -249.100464 578.319885
v -117.500000 -251.078430 582.652893
v -114.750000 -276.028992 576.290161
v -109.250000 -276.028992 576.290161
v -106.500000 -274.000000 571.980774
v -109.250000 -271.971008 567.671387
v -114.750000 -271.971008 567.671387
v -117.500000 -274.000000 571.980774
v -114.750000 -299.119751 565.296814
v -109.250000 -299.119751 565.296814
v -106.500000 -297.052002 561.005920
v -109.250000 -294.984253 556.715027
v -114.750000 -294.984253 556.715027
v -117.500000 -297.052002 561.005920
v -114.750000 -322.098694 554.089661
v -109.250000 -322.098694 554.089661
v -106.500000 -320.000000 549.813782
v -109.250000 -317.901306 545.537903
v -114.750000 -317.901306 545.537903
v -117.500000 -320.000000 549.813782
v -114.750000 -345.135498 542.710938
v -109.250000 -345.135498 542.710938
v -106.500000 -343.018921 538.443848
v -109.250000 -340.902344 534.176758
v -114.750000 -340.902344 534.176758
v -117.500000 -343.018921 538.443848
v -114.750000 -368.116577 531.264038
v -109.250000 -368.116577 531.264038
v -106.500000 -366.000000 526.997009
v -109.250000 -363.883423 522.729980
v -114.750000 -363.883423 522.729980
v -117.500000 -366.000000 526.997009
v 67.250000 372.118835 529.265930
v 72.750000 372.118835 529.265930
v 75.500000 370.000000 525.000000
v 72.750000 367.881165 520.734070
v 67.250000 367.881165 520.734070
v 64.500000 370.000000 525.000000
v 67.250000 349.136444 540.725525
v 72.750000 349.136444 540.725525
v 75.500000 347.017609 536.459595
v 72.750000 344.898773 532.193665
v 67.250000 344.898773 532.193665
v 64.500000 347.017609 536.459595
v 67.250000 326.102509 552.121826
v 72.750000 326.102509 552.121826
v 75.500000 324.000000 547.847839
v 72.750000 321.897491 543.573853
v 67.250000 321.897491 543.573853
v 64.500000 324.000000 547.847839
v 67.250000 303.123138 563.361206
v 72.750000 303.123138 563.361206
v 75.500000 301.049530 559.073120
v 72.750000 298.975922 554.785034
v 67.250000 298.975922 554.785034
v 64.500000 301.049530 559.073120
v 67.250000 280.036621 574.398071
v 72.750000 280.036621 574.398071
v 75.500000 278.000000 570.092285
v 72.750000 275.963379 565.786499
v 67.250000 275.963379 565.786499
v 64.500000 278.000000 570.092285
v 67.250000 257.063751 585.148254
v 72.750000 257.063751 585.148254
v 75.500000 255.076309 580.819580
v 72.750000 253.088867 576.490906
v 67.250000 253.088867 576.490906
v 64.500000 255.076309 580.819580
v 67.250000 233.929504 595.567139
v 72.750000 233.929504 595.567139
v 75.500000 232.000000 591.212341
v 72.750000 230.070496 586.857544
v 67.250000 230.070496 586.857544
v 64.500000 232.000000 591.212341
v 67.250000 210.957169 605.578857
v 72.750000 210.957169 605.578857
v 75.500000 209.098816 601.193176
v 72.750000 207.240463 596.807495
v 67.250000 207.240463 596.807495
v 64.500000 209.098816 601.193176
v 67.250000 187.777512 615.123230
v 72.750000 187.777512 615.123230
v 75.500000 186.000000 610.704163
v 72.750000 184.222488 606.285095
v 67.250000 184.222488 606.285095
v 64.500000 186.000000 610.704163
v 67.250000 164.797760 624.149170
v 72.750000 164.797760 624.149170
v 75.500000 163.116577 619.692566
v 72.750000 161.435394 615.235962
v 67.250000 161.435394 615.235962
v 64.500000 163.116577 619.692566
v 67.250000 141.573456 632.552734
v 72.750000 141.573456 632.552734
v 75.500000 140.000000 628.057007
v 72.750000 138.426544 623.561279
v 67.250000 138.426544 623.561279
v 64.500000 140.000000 628.057007
v 67.250000 118.574387 640.331116
v 72.750000 118.574387 640.331116
v 75.500000 117.129288 635.792480
v 72.750000 115.684189 631.253845
v 67.250000 115.684189 631.253845
v 64.500000 117.129288 635.792480
v 67.250000 95.304199 647.284607
v 72.750000 95.304199 647.284607
v 75.500000 94.000000 642.703491
v 72.750000 92.695801 638.122375
v 67.250000 92.695801 638.122375
v 64.500000 94.000000 642.703491
v 67.250000 72.264313 653.520020
v 72.750000 72.264313 653.520020
v 75.500000 71.139282 648.891663
v 72.750000 70.014252 644.263306
v 67.250000 70.014252 644.263306
v 64.500000 71.139282 648.891663
v 67.250000 48.935120 658.555725
v 72.750000 48.935120 658.555725
v 75.500000 48.000000 653.885254
v 72.750000 47.064880 649.214783
v 67.250000 47.064880 649.214783
v 64.500000 48.000000 653.885254
v 67.250000 25.738190 662.835022
v 72.750000 25.738190 662.835022
v 75.500000 25.115479 658.112793
v 72.750000 24.492737 653.390564
v 67.250000 24.492737 653.390564
v 64.500000 25.115479 658.112793
v 67.250000 2.042542 664.718567
v 72.750000 2.042542 664.718567
v 75.500000 2.000000 659.955627
v 72.750000 1.957458 655.192688
v 67.250000 1.957458 655.192688
v 64.500000 2.000000 659.955627
v 67.250000 -21.645599 663.260437
v 72.750000 -21.645599 663.260437
v 75.500000 -21.100922 658.528564
v 72.750000 -20.556213 653.796692
v 67.250000 -20.556213 653.796692
v 64.500000 -21.100922 658.528564
v 67.250000 -44.878906 659.337585
v 72.750000 -44.878906 659.337585
v 75.500000 -44.000000 654.656250
v 72.750000 -43.121094 649.974915
v 67.250000 -43.121094 649.974915
v 64.500000 -44.000000 654.656250
v 67.250000 -68.233551 654.513428
v 72.750000 -68.233551 654.513428
v 75.500000 -67.142090 649.877014
v 72.750000 -66.050659 645.240601
v 67.250000 -66.050659 645.240601
v 64.500000 -67.142090 649.877014
v 67.250000 -91.278198 648.415405
v 72.750000 -91.278198 648.415405
v 75.500000 -90.000000 643.826965
v 72.750000 -88.721802 639.238525
v 67.250000 -88.721802 639.238525
v 64.500000 -90.000000 643.826965
v 67.250000 -114.551331 641.606262
v 72.750000 -114.551331 641.606262
v 75.500000 -113.130157 637.060059
v 72.750000 -111.708984 632.513855
v 67.250000 -111.708984 632.513855
v 64.500000 -113.130157 637.060059
v 67.250000 -137.552856 633.949951
v 72.750000 -137.552856 633.949951
v 75.500000 -136.000000 629.447021
v 72.750000 -134.447144 624.944092
v 67.250000 -134.447144 624.944092
v 64.500000 -136.000000 629.447021
v 67.250000 -160.781097 625.659058
v 72.750000 -160.781097 625.659058
v 75.500000 -159.117889 621.195740
v 72.750000 -157.454681 616.732422
v 67.250000 -157.454681 616.732422
v 64.500000 -159.117889 621.195740
v 67.250000 -183.761963 616.730835
v 72.750000 -183.761963 616.730835
v 75.500000 -182.000000 612.305603
v 72.750000 -180.238037 607.880371
v 67.250000 -180.238037 607.880371
v 64.500000 -182.000000 612.305603
v 67.250000 -206.945557 607.274841
v 72.750000 -206.945557 607.274841
v 75.500000 -205.100586 602.883545
v 72.750000 -203.255615 598.492249
v 67.250000 -203.255615 598.492249
v 64.500000 -205.100586 602.883545
v 67.250000 -229.918152 597.338989
v 72.750000 -229.918152 597.338989
v 75.500000 -228.000000 592.979126
v 72.750000 -226.081848 588.619263
v 67.250000 -226.081848 588.619263
v 64.500000 -228.000000 592.979126
v 67.250000 -253.056396 586.985901
v 72.750000 -253.056396 586.985901
v 75.500000 -251.078430 582.652893
v 72.750000 -249.100464 578.319885
v 67.250000 -249.100464 578.319885
v 64.500000 -251.078430 582.652893
v 67.250000 -276.028992 576.290161
v 72.750000 -276.028992 576.290161
v 75.500000 -274.000000 571.980774
v 72.750000 -271.971008 567.671387
v 67.250000 -271.971008 567.671387
v 64.500000 -274.000000 571.980774
v 67.250000 -299.119751 565.296814
v 72.750000 -299.119751 565.296814
v 75.500000 -297.052002 561.005920
v 72.750000 -294.984253 556.715027
v 67.250000 -294.984253 556.715027
v 64.500000 -297.052002 561.005920
v 67.250000 -322.098694 554.089661
v 72.750000 -322.098694 554.089661
v 75.500000 -320.000000 549.813782
v 72.750000 -317.901306 545.537903
v 67.250000 -317.901306 545.537903
v 64.500000 -320.000000 549.813782
v 67.250000 -345.135498 542.710938
v 72.750000 -345.135498 542.710938
v 75.500000 -343.018921 538.443848
v 72.750000 -340.902344 534.176758
v 67.250000 -340.902344 534.176758
v 64.500000 -343.018921 538.443848
v 67.250000 -368.116577 531.264038
v 72.750000 -368.116577 531.264038
v 75.500000 -366.000000 526.997009
v 72.750000 -363.883423 522.729980
v 67.250000 -363.883423 522.729980
v 64.500000 -366.000000 526.997009
v 247.250000 372.118835 529.265930
v 252.750000 372.118835 529.265930
v 255.500000 370.000000 525.000000
v 252.750000 367.881165 520.734070
v 247.250000 367.881165 520.734070
v 244.500000 370.000000 525.000000
v 247.250000 349.136444 540.725525
v 252.750000 349.136444 540.725525
v 255.500000 347.017609 536.459595
v 252.750000 344.898773 532.193665
v 247.250000 344.898773 532.193665
v 244.500000 347.017609 536.459595
v 247.250000 326.102509 552.121826
v 252.750000 326.102509 552.121826
v 255.500000 324.000000 547.847839
v 252.750000 321.897491 543.573853
v 247.250000 321.897491 543.573853
v 244.500000 324.000000 547.847839
v 247.250000 303.123138 563.361206
v 252.750000 303.123138 563.361206
v 255.500000 301.049530 559.073120
v 252.750000 298.975922 554.785034
v 247.250000 298.975922 554.785034
v 244.500000 301.049530 559.073120
v 247.250000 280.036621 574.398071
v 252.750000 280.036621 574.398071
v 255.500000 278.000000 570.092285
v 252.750000 275.963379 565.786499
v 247.250000 275.963379 565.786499
v 244.500000 278.000000 570.092285
v 247.250000 257.063751 585.148254
v 252.750000 257.063751 585.148254
v 255.500000 255.076309 580.819580
v 252.750000 253.088867 576.490906
v 247.250000 253.088867 576.490906
v 244.500000 255.076309 580.819580
v 247.250000 233.929504 595.567139
v 252.750000 233.929504 595.567139
v 255.500000 232.000000 591.212341
v 252.750000 230.070496 586.857544
v 247.250000 230.070496 586.857544
v 244.500000 232.000000 591.212341
v 247.250000 210.957169 605.578857
v 252.750000 210.957169 605.578857
v 255.500000 209.098816 601.193176
v 252.750000 207.240463 596.807495
v 247.250000 207.240463 596.807495
v 244.500000 209.098816 601.193176
v 247.250000 187.777512 615.123230
v 252.750000 187.777512 615.123230
v 255.500000 186.000000 610.704163
v 252.750000 184.222488 606.285095
v 247.250000 184.222488 606.285095
v 244.500000 186.000000 610.704163
v 247.250000 164.797760 624.149170
v 252.750000 164.797760 624.149170
v 255.500000 163.116577 619.692566
v 252.750000 161.435394 615.235962
v 247.250000 161.435394 615.235962
v 244.500000 163.116577 619.692566
v 247.250000 141.573456 632.552734
v 252.750000 141.573456 632.552734
v 255.500000 140.000000 628.057007
v 252.750000 138.426544 623.561279
v 247.250000 138.426544 623.561279
v 244.500000 140.000000 628.057007
v 247.250000 118.574387 640.331116
v 252.750000 118.574387 640.331116
v 255.500000 117.129288 635.792480
v 252.750000 115.684189 631.253845
v 247.250000 115.684189 631.253845
v 244.500000 117.129288 635.792480
v 247.250000 95.304199 647.284607
v 252.750000 95.304199 647.284607
v 255.500000 94.000000 642.703491
v 252.750000 92.695801 638.122375
v 247.250000 92.695801 638.122375
v 244.500000 94.000000 642.703491
v 247.250000 72.264313 653.520020
v 252.750000 72.264313 653.520020
v 255.500000 71.139282 648.891663
v 252.750000 70.014252 644.263306
v 247.250000 70.014252 644.263306
v 244.500000 71.139282 648.891663
v 247.250000 48.935120 658.555725
v 252.750000 48.935120 658.555725
v 255.500000 48.000000 653.885254
v 252.750000 47.064880 649.214783
v 247.250000 47.064880 649.214783
v 244.500000 48.000000 653.885254
v 247.250000 25.738190 662.835022
v 252.750000 25.738190 662.835022
v 255.500000 25.115479 658.112793
v 252.750000 24.492737 653.390564
v 247.250000 24.492737 653.390564
v 244.500000 25.115479 658.112793
v 247.250000 2.042542 664.718567
v 252.750000 2.042542 664.718567
v 255.500000 2.000000 659.955627
v 252.750000 1.957458 655.192688
v 247.250000 1.957458 655.192688
v 244.500000 2.000000 659.955627
v 247.250000 -21.645599 663.260437
v 252.750000 -21.645599 663.260437
v 255.500000 -21.100922 658.528564
v 252.750000 -20.556213 653.796692
v 247.250000 -20.556213 653.796692
v 244.500000 -21.100922 658.528564
v 247.250000 -44.878906 659.337585
v 252.750000 -44.878906 659.337585
v 255.500000 -44.000000 654.656250
v 252.750000 -43.121094 649.974915
v 247.250000 -43.121094 649.974915
v 244.500000 -44.000000 654.656250
v 247.250000 -68.233551 654.513428
v 252.750000 -68.233551 654.513428
v 255.500000 -67.142090 649.877014
v 252.750000 -66.050659 645.240601
v 247.250000 -66.050659 645.240601
v 244.500000 -67.142090 649.877014
v 247.250000 -91.278198 648.415405
v 252.750000 -91.278198 648.415405
v 255.500000 -90.000000 643.826965
v 252.750000 -88.721802 639.238525
v 247.250000 -88.721802 639.238525
v 244.500000 -90.000000 643.826965
v 247.250000 -114.551331 641.606262
v 252.750000 -114.551331 641.606262
v 255.500000 -113.130157 637.060059
v 252.750000 -111.708984 632.513855
v 247.250000 -111.708984 632.513855
v 244.500000 -113.130157 637.060059
v 247.250000 -137.552856 633.949951
v 252.750000 -137.552856 633.949951
v 255.500000 -136.000000 629.447021
v 252.750000 -134.447144 624.944092
v 247.250000 -134.447144 624.944092
v 244.500000 -136.000000 629.447021
v 247.250000 -160.781097 625.659058
v 252.750000 -160.781097 625.659058
v 255.500000 -159.117889 621.195740
v 252.750000 -157.454681 616.732422
v 247.250000 -157.454681 616.732422
v 244.500000 -159.117889 621.195740
v 247.250000 -183.761963 616.730835
v 252.750000 -183.761963 616.730835
v 255.500000 -182.000000 612.305603
v 252.750000 -180.238037 607.880371
v 247.250000 -180.238037 607.880371
v 244.500000 -182.000000 612.305603
v 247.250000 -206.945557 607.274841
v 252.750000 -206.945557 607.274841
v 255.500000 -205.100586 602.883545
v 252.750000 -203.255615 598.492249
v 247.250000 -203.255615 598.492249
v 244.500000 -205.100586 602.883545
v 247.250000 -229.918152 597.338989
v 252.750000 -229.918152 597.338989
v 255.500000 -228.000000 592.979126
v 252.750000 -226.081848 588.619263
v 247.250000 -226.081848 588.619263
v 244.500000 -228.000000 592.979126
v 247.250000 -253.056396 586.985901
v 252.750000 -253.056396 586.985901
v 255.500000 -251.078430 582.652893
v 252.750000 -249.100464 578.319885
v 247.250000 -249.100464 578.319885
v 244.500000 -251.078430 582.652893
v 247.250000 -276.028992 576.290161
v 252.750000 -276.028992 576.290161
v 255.500000 -274.000000 571.980774
v 252.750000 -271.971008 567.671387
v 247.250000 -271.971008 567.671387
v 244.500000 -274.000000 571.980774
v 247.250000 -299.119751 565.296814
v 252.750000 -299.119751 565.296814
v 255.500000 -297.052002 561.005920
v 252.750000 -294.984253 556.715027
v 247.250000 -294.984253 556.715027
v 244.500000 -297.052002 561.005920
v 247.250000 -322.098694 554.089661
v 252.750000 -322.098694 554.089661
v 255.500000 -320.000000 549.813782
v 252.750000 -317.901306 545.537903
v 247.250000 -317.901306 545.537903
v 244.500000 -320.000000 549.813782
v 247.250000 -345.135498 542.710938
v 252.750000 -345.135498 542.710938
v 255.500000 -343.018921 538.443848
v 252.750000 -340.902344 534.176758
v 247.250000 -340.902344 534.176758
v 244.500000 -343.018921 538.443848
v 247.250000 -368.116577 531.264038
v 252.750000 -368.116577 531.264038
v 255.500000 -366.000000 526.997009
v 252.750000 -363.883423 522.729980
v 247.250000 -363.883423 522.729980
v 244.500000 -366.000000 526.997009
v 469.250000 372.118835 533.265930
v 474.750000 372.118835 533.265930
v 477.500000 370.000000 529.000000
v 474.750000 367.881165 524.734070
v 469.250000 367.881165 524.734070
v 466.500000 370.000000 529.000000
v 469.250000 349.136444 544.725525
v 474.750000 349.136444 544.725525
v 477.500000 347.017609 540.459595
v 474.750000 344.898773 536.193665
v 469.250000 344.898773 536.193665
v 466.500000 347.017609 540.459595
v 469.250000 326.102509 556.121826
v 474.750000 326.102509 556.121826
v 477.500000 324.000000 551.847839
v 474.750000 321.897491 547.573853
v 469.250000 321.897491 547.573853
v 466.500000 324.000000 551.847839
v 469.250000 303.123138 567.361206
v 474.750000 303.123138 567.361206
v 477.500000 301.049530 563.073120
v 474.750000 298.975922 558.785034
v 469.250000 298.975922 558.785034
v 466.500000 301.049530 563.073120
v 469.250000 280.036621 578.398071
v 474.750000 280.036621 578.398071
v 477.500000 278.000000 574.092285
v 474.750000 275.963379 569.786499
v 469.250000 275.963379 569.786499
v 466.500000 278.000000 574.092285
v 469.250000 257.063751 589.148254
v 474.750000 257.063751 589.148254
v 477.500000 255.076309 584.819580
v 474.750000 253.088867 580.490906
v 469.250000 253.088867 580.490906
v 466.500000 255.076309 584.819580
v 469.250000 233.929504 599.567139
v 474.750000 233.929504 599.567139
v 477.500000 232.000000 595.212341
v 474.750000 230.070496 590.857544
v 469.250000 230.070496 590.857544
v 466.500000 232.000000 595.212341
v 469.250000 210.957169 609.578857
v 474.750000 210.957169 609.578857
v 477.500000 209.098816 605.193176
v 474.750000 207.240463 600.807495
v 469.250000 207.240463 600.807495
v 466.500000 209.098816 605.193176
v 469.250000 187.777512 619.123230
v 474.750000 187.777512 619.123230
v 477.500000 186.000000 614.704163
v 474.750000 184.222488 610.285095
v 469.250000 184.222488 610.285095
v 466.500000 186.000000 614.704163
v 469.250000 164.797760 628.149170
v 474.750000 164.797760 628.149170
v 477.500000 163.116577 623.692566
v 474.750000 161.435394 619.235962
v 469.250000 161.435394 619.235962
v 466.500000 163.116577 623.692566
v 469.250000 141.573456 636.552734
v 474.750000 141.573456 636.552734
v 477.500000 140.000000 632.057007
v 474.750000 138.426544 627.561279
v 469.250000 138.426544 627.561279
v 466.500000 140.000000 632.057007
v 469.250000 118.574387 644.331116
v 474.750000 118.574387 644.331116
v 477.500000 117.129288 639.792480
v 474.750000 115.684189 635.253845
v 469.250000 115.684189 635.253845
v 466.500000 117.129288 639.792480
v 469.250000 95.304199 651.284607
v 474.750000 95.304199 651.284607
v 477.500000 94.000000 646.703491
v 474.750000 92.695801 642.122375
v 469.250000 92.695801 642.122375
v 466.500000 94.000000 646.703491
v 469.250000 72.264313 657.520020
v 474.750000 72.264313 657.520020
v 477.500000 71.139282 652.891663
v 474.750000 70.014252 648.263306
v 469.250000 70.014252 648.263306
v 466.500000 71.139282 652.891663
v 469.250000 48.935120 662.555725
v 474.750000 48.935120 662.555725
v 477.500000 48.000000 657.885254
v 474.750000 47.064880 653.214783
v 469.250000 47.064880 653.214783
v 466.500000 48.000000 657.885254
v 469.250000 25.738190 666.835022
v 474.750000 25.738190 666.835022
v 477.500000 25.115479 662.112793
v 474.750000 24.492737 657.390564
v 469.250000 24.492737 657.390564
v 466.500000 25.115479 662.112793
v 469.250000 2.042542 668.718567
v 474.750000 2.042542 668.718567
v 477.500000 2.000000 663.955627
v 474.750000 1.957458 659.192688
v 469.250000 1.957458 659.192688
v 466.500000 2.000000 663.955627
v 469.250000 -21.645599 667.260437
v 474.750000 -21.645599 667.260437
v 477.500000 -21.100922 662.528564
v 474.750000 -20.556213 657.796692
v 469.250000 -20.556213 657.796692
v 466.500000 -21.100922 662.528564
v 469.250000 -44.878906 663.337585
v 474.750000 -44.878906 663.337585
v 477.500000 -44.000000 658.656250
v 474.750000 -43.121094 653.974915
v 469.250000 -43.121094 653.974915
v 466.500000 -44.000000 658.656250
v 469.250000 -68.233551 658.513428
v 474.750000 -68.233551 658.513428
v 477.500000 -67.142090 653.877014
v 474.750000 -66.050659 649.240601
v 469.250000 -66.050659 649.240601
v 466.500000 -67.142090 653.877014
v 469.250000 -91.278198 652.415405
v 474.750000 -91.278198 652.415405
v 477.500000 -90.000000 647.826965
v 474.750000 -88.721802 643.238525
v 469.250000 -88.721802 643.238525
v 466.500000 -90.000000 647.826965
v 469.250000 -114.551331 645.606262
v 474.750000 -114.551331 645.606262
v 477.500000 -113.130157 641.060059
v 474.750000 -111.708984 636.513855
v 469.250000 -111.708984 636.513855
v 466.500000 -113.130157 641.060059
v 469.250000 -137.552856 637.949951
v 474.750000 -137.552856 637.949951
v 477.500000 -136.000000 633.447021
v 474.750000 -134.447144 628.944092
v 469.250000 -134.447144 628.944092
v 466.500000 -136.000000 633.447021
v 469.250000 -160.781097 629.659058
v 474.750000 -160.781097 629.659058
v 477.500000 -159.117889 625.195740
v 474.750000 -157.454681 620.732422
v 469.250000 -157.454681 620.732422
v 466.500000 -159.117889 625.195740
v 469.250000 -183.761963 620.730835
v 474.750000 -183.761963 620.730835
v 477.500000 -182.000000 616.305603
v 474.750000 -180.238037 611.880371
v 469.250000 -180.238037 611.880371
v 466.500000 -182.000000 616.305603
v 469.250000 -206.945557 611.274841
v 474.750000 -206.945557 611.274841
v 477.500000 -205.100586 606.883545
v 474.750000 -203.255615 602.492249
v 469.250000 -203.255615 602.492249
v 466.500000 -205.100586 606.883545
v 469.250000 -229.918152 601.338989
v 474.750000 -229.918152 601.338989
v 477.500000 -228.000000 596.979126
v 474.750000 -226.081848 592.619263
v 469.250000 -226.081848 592.619263
v 466.500000 -228.000000 596.979126
v 469.250000 -253.056396 590.985901
v 474.750000 -253.056396 590.985901
v 477.500000 -251.078430 586.652893
v 474.750000 -249.100464 582.319885
v 469.250000 -249.100464 582.319885
v 466.500000 -251.078430 586.652893
v 469.250000 -276.028992 580.290161
v 474.750000 -276.028992 580.290161
v 477.500000 -274.000000 575.980774
v 474.750000 -271.971008 571.671387
v 469.250000 -271.971008 571.671387
v 466.500000 -274.000000 575.980774
v 469.250000 -299.119751 569.296814
v 474.750000 -299.119751 569.296814
v 477.500000 -297.052002 565.005920
v 474.750000 -294.984253 560.715027
v 469.250000 -294.984253 560.715027
v 466.500000 -297.052002 565.005920
v 469.250000 -322.098694 558.089661
v 474.750000 -322.098694 558.089661
v 477.500000 -320.000000 553.813782
v 474.750000 -317.901306 549.537903
v 469.250000 -317.901306 549.537903
v 466.500000 -320.000000 553.813782
v 469.250000 -345.135498 546.710938
v 474.750000 -345.135498 546.710938
v 477.500000 -343.018921 542.443848
v 474.750000 -340.902344 538.176758
v 469.250000 -340.902344 538.176758
v 466.500000 -343.018921 542.443848
v 469.250000 -368.116577 535.264038
v 474.750000 -368.116577 535.264038
v 477.500000 -366.000000 530.997009
v 474.750000 -363.883423 526.729980
v 469.250000 -363.883423 526.729980
v 466.500000 -366.000000 530.997009
v -144.250000 373.277588 523.591248
v -135.750000 373.277588 523.591248
v -131.500000 370.000000 517.000000
v -135.750000 366.722412 510.408722
v -144.250000 366.722412 510.408722
v -148.500000 370.000000 517.000000
v -144.250000 353.289368 533.560303
v -135.750000 353.289368 533.560303
v -131.500000 350.011780 526.969055
v -135.750000 346.734192 520.377808
v -144.250000 346.734192 520.377808
v -148.500000 350.011780 526.969055
v -144.250000 333.258148 543.491394
v -135.750000 333.258148 543.491394
v -131.500000 330.000000 536.890503
v -135.750000 326.741852 530.289612
v -144.250000 326.741852 530.289612
v -148.500000 330.000000 536.890503
v -144.250000 313.257141 553.320007
v -135.750000 313.257141 553.320007
v -131.500000 310.033234 546.702332
v -135.750000 306.809326 540.084656
v -144.250000 306.809326 540.084656
v -148.500000 310.033234 546.702332
v -144.250000 293.180298 563.015869
v -135.750000 293.180298 563.015869
v -131.500000 290.000000 556.377075
v -135.750000 286.819702 549.738281
v -144.250000 286.819702 549.738281
v -148.500000 290.000000 556.377075
v -144.250000 273.174072 572.522156
v -135.750000 273.174072 572.522156
v -131.500000 270.051483 565.856079
v -135.750000 266.928894 559.190002
v -144.250000 266.928894 559.190002
v -148.500000 270.051483 565.856079
v -144.250000 253.054855 581.811646
v -135.750000 253.054855 581.811646
v -131.500000 250.000000 575.114258
v -135.750000 246.945145 568.416870
v -144.250000 246.945145 568.416870
v -148.500000 250.000000 575.114258
v -144.250000 233.039703 590.829346
v -135.750000 233.039703 590.829346
v -131.500000 230.067413 584.094910
v -135.750000 227.095123 577.360474
v -144.250000 227.095123 577.360474
v -148.500000 230.067413 584.094910
v -144.250000 212.878967 599.543396
v -135.750000 212.878967 599.543396
v -131.500000 210.000000 592.768494
v -135.750000 207.121033 585.993591
v -144.250000 207.121033 585.993591
v -148.500000 210.000000 592.768494
v -144.250000 192.849976 607.909424
v -135.750000 192.849976 607.909424
v -131.500000 190.080704 601.088989
v -135.750000 187.311432 594.268555
v -144.250000 187.311432 594.268555
v -148.500000 190.080704 601.088989
v -144.250000 172.647430 615.878174
v -135.750000 172.647430 615.878174
v -131.500000 170.000000 609.009521
v -135.750000 167.352570 602.140869
v -144.250000 167.352570 602.140869
v -148.500000 170.000000 609.009521
v -144.250000 152.597321 623.426453
v -135.750000 152.597321 623.426453
v -131.500000 150.091156 616.505005
v -135.750000 147.584991 609.583557
v -144.250000 147.584991 609.583557
v -148.500000 150.091156 616.505005
v -144.250000 132.350479 630.468872
v -135.750000 132.350479 630.468872
v -131.500000 130.000000 623.492981
v -135.750000 127.649536 616.517090
v -144.250000 127.649536 616.517090
v -148.500000 130.000000 623.492981
v -144.250000 112.267639 637.018127
v -135.750000 112.267639 637.018127
v -131.500000 110.098602 629.983704
v -135.750000 107.929550 622.949280
v -144.250000 107.929550 622.949280
v -148.500000 110.098602 629.983704
v -144.250000 91.970337 642.919556
v -135.750000 91.970337 642.919556
v -131.500000 90.000000 635.826965
v -135.750000 88.029663 628.734375
v -144.250000 88.029663 628.734375
v -148.500000 90.000000 635.826965
v -144.250000 71.831558 648.254272
v -135.750000 71.831558 648.254272
v -131.500000 70.103668 641.098694
v -135.750000 68.375778 633.943115
v -144.250000 68.375778 633.943115
v -148.500000 70.103668 641.098694
v -144.250000 51.486053 652.695801
v -135.750000 51.486053 652.695801
v -131.500000 50.000000 645.486145
v -135.750000 48.513947 638.276489
v -144.250000 48.513947 638.276489
v -148.500000 50.000000 645.486145
v -144.250000 31.191071 656.627625
v -135.750000 31.191071 656.627625
v -131.500000 30.103790 649.347168
v -135.750000 29.016479 642.066711
v -144.250000 29.016479 642.066711
v -148.500000 30.103790 649.347168
v -144.250000 10.349976 658.815063
v -135.750000 10.349976 658.815063
v -131.500000 10.000000 651.462158
v -135.750000 9.650024 644.109253
v -144.250000 9.650024 644.109253
v -148.500000 10.000000 651.462158
v -144.250000 -10.486237 658.615723
v -135.750000 -10.486237 658.615723
v -131.500000 -10.043060 651.267883
v -135.750000 -9.599915 643.920044
v -144.250000 -9.599915 643.920044
v -148.500000 -10.043060 651.267883
v -144.250000 -31.019196 656.338257
v -135.750000 -31.019196 656.338257
v -131.500000 -30.000000 649.047913
v -135.750000 -28.980804 641.757568
v -144.250000 -28.980804 641.757568
v -148.500000 -30.000000 649.047913
v -144.250000 -51.559021 652.874878
v -135.750000 -51.559021 652.874878
v -131.500000 -50.113068 645.657104
v -135.750000 -48.667114 638.439331
v -144.250000 -48.667114 638.439331
v -148.500000 -50.113068 645.657104
v -144.250000 -71.749756 648.184143
v -135.750000 -71.749756 648.184143
v -131.500000 -70.000000 641.033936
v -135.750000 -68.250244 633.883728
v -144.250000 -68.250244 633.883728
v -148.500000 -70.000000 641.033936
v -144.250000 -92.065857 642.961609
v -135.750000 -92.065857 642.961609
v -131.500000 -90.101257 635.867371
v -135.750000 -88.136658 628.773132
v -144.250000 -88.136658 628.773132
v -148.500000 -90.101257 635.867371
v -144.250000 -112.172333 636.990051
v -135.750000 -112.172333 636.990051
v -131.500000 -110.000000 629.956665
v -135.750000 -107.827667 622.923279
v -144.250000 -107.827667 622.923279
v -148.500000 -110.000000 629.956665
v -144.250000 -132.443420 630.487549
v -135.750000 -132.443420 630.487549
v -131.500000 -130.095276 623.510925
v -135.750000 -127.747101 616.534302
v -144.250000 -127.747101 616.534302
v -148.500000 -130.095276 623.510925
v -144.250000 -152.507996 623.414490
v -135.750000 -152.507996 623.414490
v -131.500000 -150.000000 616.493713
v -135.750000 -147.492004 609.572937
v -144.250000 -147.492004 609.572937
v -148.500000 -150.000000 616.493713
v -144.250000 -172.732178 615.885010
v -135.750000 -172.732178 615.885010
v -131.500000 -170.086304 609.015747
v -135.750000 -167.440430 602.146484
v -144.250000 -167.440430 602.146484
v -148.500000 -170.086304 609.015747
v -144.250000 -192.770630 607.906494
v -135.750000 -192.770630 607.906494
v -131.500000 -190.000000 601.086609
v -135.750000 -187.229370 594.266724
v -144.250000 -187.229370 594.266724
v -148.500000 -190.000000 601.086609
v -144.250000 -212.952148 599.543457
v -135.750000 -212.952148 599.543457
v -131.500000 -210.074402 592.768066
v -135.750000 -207.196655 585.992676
v -144.250000 -207.196655 585.992676
v -148.500000 -210.074402 592.768066
v -144.250000 -232.973450 590.831238
v -135.750000 -232.973450 590.831238
v -131.500000 -230.000000 584.097290
v -135.750000 -227.026550 577.363342
v -144.250000 -227.026550 577.363342
v -148.500000 -230.000000 584.097290
v -144.250000 -253.113525 581.808472
v -135.750000 -253.113525 581.808472
v -131.500000 -250.059753 575.110535
v -135.750000 -247.005981 568.412598
v -144.250000 -247.005981 568.412598
v -148.500000 -250.059753 575.110535
v -144.250000 -273.123657 572.525940
v -135.750000 -273.123657 572.525940
v -131.500000 -270.000000 565.860352
v -135.750000 -266.876343 559.194763
v -144.250000 -266.876343 559.194763
v -148.500000 -270.000000 565.860352
v -144.250000 -293.221863 563.012024
v -135.750000 -293.221863 563.012024
v -131.500000 -290.042603 556.372742
v -135.750000 -286.863403 549.733459
v -144.250000 -286.863403 549.733459
v -148.500000 -290.042603 556.372742
v -144.250000 -313.227173 553.322388
v -135.750000 -313.227173 553.322388
v -131.500000 -310.000000 546.706238
v -135.750000 -306.772827 540.090088
v -144.250000 -306.772827 540.090088
v -148.500000 -310.000000 546.706238
v -144.250000 -333.273499 543.475830
v -135.750000 -333.273499 543.475830
v -131.500000 -330.016785 536.874207
v -135.750000 -326.760071 530.272583
v -144.250000 -326.760071 530.272583
v -148.500000 -330.016785 536.874207
v -144.250000 -353.256714 533.575134
v -135.750000 -353.256714 533.575134
v -131.500000 -350.000000 526.973511
v -135.750000 -346.743286 520.371887
v -144.250000 -346.743286 520.371887
v -148.500000 -350.000000 526.973511
v 495.750000 373.277588 523.591248
v 504.250000 373.277588 523.591248
v 508.500000 370.000000 517.000000
v 504.250000 366.722412 510.408722
v 495.750000 366.722412 510.408722
v 491.500000 370.000000 517.000000
v 495.750000 353.289368 533.560303
v 504.250000 353.289368 533.560303
v 508.500000 350.011780 526.969055
v 504.250000 346.734192 520.377808
v 495.750000 346.734192 520.377808
v 491.500000 350.011780 526.969055
v 495.750000 333.258148 543.491394
v 504.250000 333.258148 543.491394
v 508.500000 330.000000 536.890503
v 504.250000 326.741852 530.289612
v 495.750000 326.741852 530.289612
v 491.500000 330.000000 536.890503
v 495.750000 313.257141 553.320007
v 504.250000 313.257141 553.320007
v 508.500000 310.033234 546.702332
v 504.250000 306.809326 540.084656
v 495.750000 306.809326 540.084656
v 491.500000 310.033234 546.702332
v 495.750000 293.180298 563.015869
v 504.250000 293.180298 563.015869
v 508.500000 290.000000 556.377075
v 504.250000 286.819702 549.738281
v 495.750000 286.819702 549.738281
v 491.500000 290.000000 556.377075
v 495.750000 273.174072 572.522156
v 504.250000 273.174072 572.522156
v 508.500000 270.051483 565.856079
v 504.250000 266.928894 559.190002
v 495.750000 266.928894 559.190002
v 491.500000 270.051483 565.856079
v 495.750000 253.054855 581.811646
v 504.250000 253.054855 581.811646
v 508.500000 250.000000 575.114258
v 504.250000 246.945145 568.416870
v 495.750000 246.945145 568.416870
v 491.500000 250.000000 575.114258
v 495.750000 233.039703 590.829346
v 504.250000 233.039703 590.829346
v 508.500000 230.067413 584.094910
v 504.250000 227.095123 577.360474
v 495.750000 227.095123 577.360474
v 491.500000 230.067413 584.094910
v 495.750000 212.878967 599.543396
v 504.250000 212.878967 599.543396
v 508.500000 210.000000 592.768494
v 504.250000 207.121033 585.993591
v 495.750000 207.121033 585.993591
v 491.500000 210.000000 592.768494
v 495.750000 192.849976 607.909424
v 504.250000 192.849976 607.909424
v 508.500000 190.080704 601.088989
v 504.250000 187.311432 594.268555
v 495.750000 187.311432 594.268555
v 491.500000 190.080704 601.088989
v 495.750000 172.647430 615.878174
v 504.250000 172.647430 615.878174
v 508.500000 170.000000 609.009521
v 504.250000 167.352570 602.140869
v 495.750000 167.352570 602.140869
v 491.500000 170.000000 609.009521
v 495.750000 152.597321 623.426453
v 504.250000 152.597321 623.426453
v 508.500000 150.091156 616.505005
v 504.250000 147.584991 609.583557
v 495.750000 147.584991 609.583557
v 491.500000 150.091156 616.505005
v 495.750000 132.350479 630.468872
v 504.250000 132.350479 630.468872
v 508.500000 130.000000 623.492981
v 504.250000 127.649536 616.517090
v 495.750000 127.649536 616.517090
v 491.500000 130.000000 623.492981
v 495.750000 112.267639 637.018127
v 504.250000 112.267639 637.018127
v 508.500000 110.098602 629.983704
v 504.250000 107.929550 622.949280
v 495.750000 107.929550 622.949280
v 491.500000 110.098602 629.983704
v 495.750000 91.970337 642.919556
v 504.250000 91.970337 642.919556
v 508.500000 90.000000 635.826965
v 504.250000 88.029663 628.734375
v 495.750000 88.029663 628.734375
v 491.500000 90.000000 635.826965
v 495.750000 71.831558 648.254272
v 504.250000 71.831558 648.254272
v 508.500000 70.103668 641.098694
v 504.250000 68.375778 633.943115
v 495.750000 68.375778 633.943115
v 491.500000 70.103668 641.098694
v 495.750000 51.486053 652.695801
v 504.250000 51.486053 652.695801
v 508.500000 50.000000 645.486145
v 504.250000 48.513947 638.276489
v 495.750000 48.513947 638.276489
v 491.500000 50.000000 645.486145
v 495.750000 31.191071 656.627625
v 504.250000 31.191071 656.627625
v 508.500000 30.103790 649.347168
v 504.250000 29.016479 642.066711
v 495.750000 29.016479 642.066711
v 491.500000 30.103790 649.347168
v 495.750000 10.349976 658.815063
v 504.250000 10.349976 658.815063
v 508.500000 10.000000 651.462158
v 504.250000 9.650024 644.109253
v 495.750000 9.650024 644.109253
v 491.500000 10.000000 651.462158
v 495.750000 -10.486237 658.615723
v 504.250000 -10.486237 658.615723
v 508.500000 -10.043060 651.267883
v 504.250000 -9.599915 643.920044
v 495.750000 -9.599915 643.920044
v 491.500000 -10.043060 651.267883
v 495.750000 -31.019196 656.338257
v 504.250000 -31.019196 656.338257
v 508.500000 -30.000000 649.047913
v 504.250000 -28.980804 641.757568
v 495.750000 -28.980804 641.757568
v 491.500000 -30.000000 649.047913
v 495.750000 -51.559021 652.874878
v 504.250000 -51.559021 652.874878
v 508.500000 -50.113068 645.657104
v 504.250000 -48.667114 638.439331
v 495.750000 -48.667114 638.439331
v 491.500000 -50.113068 645.657104
v 495.750000 -71.749756 648.184143
v 504.250000 -71.749756 648.184143
v 508.500000 -70.000000 641.033936
v 504.250000 -68.250244 633.883728
v 495.750000 -68.250244 633.883728
v 491.500000 -70.000000 641.033936
v 495.750000 -92.065857 642.961609
v 504.250000 -92.065857 642.961609
v 508.500000 -90.101257 635.867371
v 504.250000 -88.136658 628.773132
v 495.750000 -88.136658 628.773132
v 491.500000 -90.101257 635.867371
v 495.750000 -112.172333 636.990051
v 504.250000 -112.172333 636.990051
v 508.500000 -110.000000 629.956665
v 504.250000 -107.827667 622.923279
v 495.750000 -107.827667 622.923279
v 491.500000 -110.000000 629.956665
v 495.750000 -132.443420 630.487549
v 504.250000 -132.443420 630.487549
v 508.500000 -130.095276 623.510925
v 504.250000 -127.747101 616.534302
v 495.750000 -127.747101 616.534302
v 491.500000 -130.095276 623.510925
v 495.750000 -152.507996 623.414490
v 504.250000 -152.507996 623.414490
v 508.500000 -150.000000 616.493713
v 504.250000 -147.492004 609.572937
v 495.750000 -147.492004 609.572937
v 491.500000 -150.000000 616.493713
v 495.750000 -172.732178 615.885010
v 504.250000 -172.732178 615.885010
v 508.500000 -170.086304 609.015747
v 504.250000 -167.440430 602.146484
v 495.750000 -167.440430 602.146484
v 491.500000 -170.086304 609.015747
v 495.750000 -192.770630 607.906494
v 504.250000 -192.770630 607.906494
v 508.500000 -190.000000 601.086609
v 504.250000 -187.229370 594.266724
v 495.750000 -187.229370 594.266724
v 491.500000 -190.000000 601.086609
v 495.750000 -212.952148 599.543457
v 504.250000 -212.952148 599.543457
v 508.500000 -210.074402 592.768066
v 504.250000 -207.196655 585.992676
v 495.750000 -207.196655 585.992676
v 491.500000 -210.074402 592.768066
v 495.750000 -232.973450 590.831238
v 504.250000 -232.973450 590.831238
v 508.500000 -230.000000 584.097290
v 504.250000 -227.026550 577.363342
v 495.750000 -227.026550 577.363342
v 491.500000 -230.000000 584.097290
v 495.750000 -253.113525 581.808472
v 504.250000 -253.113525 581.808472
v 508.500000 -250.059753 575.110535
v 504.250000 -247.005981 568.412598
v 495.750000 -247.005981 568.412598
v 491.500000 -250.059753 575.110535
v 495.750000 -273.123657 572.525940
v 504.250000 -273.123657 572.525940
v 508.500000 -270.000000 565.860352
v 504.250000 -266.876343 559.194763
v 495.750000 -266.876343 559.194763
v 491.500000 -270.000000 565.860352
v 495.750000 -293.221863 563.012024
v 504.250000 -293.221863 563.012024
v 508.500000 -290.042603 556.372742
v 504.250000 -286.863403 549.733459
v 495.750000 -286.863403 549.733459
v 491.500000 -290.042603 556.372742
v 495.750000 -313.227173 553.322388
v 504.250000 -313.227173 553.322388
v 508.500000 -310.000000 546.706238
v 504.250000 -306.772827 540.090088
v 495.750000 -306.772827 540.090088
v 491.500000 -310.000000 546.706238
v 495.750000 -333.273499 543.475830
v 504.250000 -333.273499 543.475830
v 508.500000 -330.016785 536.874207
v 504.250000 -326.760071 530.272583
v 495.750000 -326.760071 530.272583
v 491.500000 -330.016785 536.874207
v 495.750000 -353.256714 533.575134
v 504.250000 -353.256714 533.575134
v 508.500000 -350.000000 526.973511
v 504.250000 -346.743286 520.371887
v 495.750000 -346.743286 520.371887
v 491.500000 -350.000000 526.973511
v -145.000000 7.500000 650.500000
v -145.000000 12.500000 655.500000
v -150.000000 7.500000 655.500000
v -145.000000 12.500000 670.500000
v -145.000000 7.500000 675.500000
v -150.000000 7.500000 670.500000
v -145.000000 -7.500000 650.500000
v -150.000000 -7.500000 655.500000
v -145.000000 -12.500000 655.500000
v -145.000000 -7.500000 675.500000
v -145.000000 -12.500000 670.500000
v -150.000000 -7.500000 670.500000
v 505.000000 7.500000 650.500000
v 510.000000 7.500000 655.500000
v 505.000000 12.500000 655.500000
v 505.000000 7.500000 675.500000
v 505.000000 12.500000 670.500000
v 510.000000 7.500000 670.500000
v 505.000000 -7.500000 650.500000
v 505.000000 -12.500000 655.500000
v 510.000000 -7.500000 655.500000
v 505.000000 -7.500000 675.500000
v 510.000000 -7.500000 670.500000
v 505.000000 -12.500000 670.500000
v -156.000000 309.035278 545.264221
v -155.000000 308.000000 545.264221
v -146.000000 309.035278 545.264221
v -147.000000 308.000000 545.264221
v -156.000000 309.834412 542.281860
v -155.000000 308.937836 541.764221
v -146.000000 309.834412 542.281860
v -147.000000 308.937836 541.764221
v -156.000000 312.017639 540.098633
v -155.000000 311.500000 539.202026
v -146.000000 312.017639 540.098633
v -147.000000 311.500000 539.202026
v -156.000000 315.000000 539.299500
v -155.000000 315.000000 538.264221
v -146.000000 315.000000 539.299500
v -147.000000 315.000000 538.264221
v -156.000000 317.982361 540.098633
v -155.000000 318.500000 539.202026
v -146.000000 317.982361 540.098633
v -147.000000 318.500000 539.202026
v -156.000000 320.165588 542.281860
v -155.000000 321.062164 541.764221
v -146.000000 320.165588 542.281860
v -147.000000 321.062164 541.764221
v -156.000000 320.964722 545.264221
v -155.000000 322.000000 545.264221
v -146.000000 320.964722 545.264221
v -147.000000 322.000000 545.264221
v -156.000000 320.165588 548.246582
v -155.000000 321.062164 548.764221
v -146.000000 320.165588 548.246582
v -147.000000 321.062164 548.764221
v -156.000000 317.982361 550.429810
v -155.000000 318.500000 551.326416
v -146.000000 317.982361 550.429810
v -147.000000 318.500000 551.326416
v -156.000000 315.000000 551.228943
v -155.000000 315.000000 552.264221
v -146.000000 315.000000 551.228943
v -147.000000 315.000000 552.264221
v -156.000000 312.017639 550.429810
v -155.000000 311.500000 551.326416
v -146.000000 312.017639 550.429810
v -147.000000 311.500000 551.326416
v -156.000000 309.834412 548.246582
v -155.000000 308.937836 548.764221
v -146.000000 309.834412 548.246582
v -147.000000 308.937836 548.764221
v -156.000000 204.035278 593.768494
v -155.000000 203.000000 593.768494
v -146.000000 204.035278 593.768494
v -147.000000 203.000000 593.768494
v -156.000000 204.834396 590.786133
v -155.000000 203.937820 590.268494
v -146.000000 204.834396 590.786133
v -147.000000 203.937820 590.268494
v -156.000000 207.017639 588.602905
v -155.000000 206.500000 587.706299
v -146.000000 207.017639 588.602905
v -147.000000 206.500000 587.706299
v -156.000000 210.000000 587.803772
v -155.000000 210.000000 586.768494
v -146.000000 210.000000 587.803772
v -147.000000 210.000000 586.768494
v -156.000000 212.982361 588.602905
v -155.000000 213.500000 587.706299
v -146.000000 212.982361 588.602905
v -147.000000 213.500000 587.706299
v -156.000000 215.165604 590.786133
v -155.000000 216.062180 590.268494
v -146.000000 215.165604 590.786133
v -147.000000 216.062180 590.268494
v -156.000000 215.964722 593.768494
v -155.000000 217.000000 593.768494
v -146.000000 215.964722 593.768494
v -147.000000 217.000000 593.768494
v -156.000000 215.165604 596.750854
v -155.000000 216.062180 597.268494
v -146.000000 215.165604 596.750854
v -147.000000 216.062180 597.268494
v -156.000000 212.982361 598.934082
v -155.000000 213.500000 599.830688
v -146.000000 212.982361 598.934082
v -147.000000 213.500000 599.830688
v -156.000000 210.000000 599.733215
v -155.000000 210.000000 600.768494
v -146.000000 210.000000 599.733215
v -147.000000 210.000000 600.768494
v -156.000000 207.017639 598.934082
v -155.000000 206.500000 599.830688
v -146.000000 207.017639 598.934082
v -147.000000 206.500000 599.830688
v -156.000000 204.834396 596.750854
v -155.000000 203.937820 597.268494
v -146.000000 204.834396 596.750854
v -147.000000 203.937820 597.268494
v -156.000000 99.035278 632.482300
v -155.000000 98.000000 632.482300
v -146.000000 99.035278 632.482300
v -147.000000 98.000000 632.482300
v -156.000000 99.834396 629.499939
v -155.000000 98.937820 628.982300
v -146.000000 99.834396 629.499939
v -147.000000 98.937820 628.982300
v -156.000000 102.017639 627.316711
v -155.000000 101.500000 626.420166
v -146.000000 102.017639 627.316711
v -147.000000 101.500000 626.420166
v -156.000000 105.000000 626.517578
v -155.000000 105.000000 625.482300
v -146.000000 105.000000 626.517578
v -147.000000 105.000000 625.482300
v -156.000000 107.982361 627.316711
v -155.000000 108.500000 626.420166
v -146.000000 107.982361 627.316711
v -147.000000 108.500000 626.420166
v -156.000000 110.165604 629.499939
v -155.000000 111.062180 628.982300
v -146.000000 110.165604 629.499939
v -147.000000 111.062180 628.982300
v -156.000000 110.964722 632.482300
v -155.000000 112.000000 632.482300
v -146.000000 110.964722 632.482300
v -147.000000 112.000000 632.482300
v -156.000000 110.165604 635.464661
v -155.000000 111.062180 635.982300
v -146.000000 110.165604 635.464661
v -147.000000 111.062180 635.982300
v -156.000000 107.982361 637.647888
v -155.000000 108.500000 638.544434
v -146.000000 107.982361 637.647888
v -147.000000 108.500000 638.544434
v -156.000000 105.000000 638.447021
v -155.000000 105.000000 639.482300
v -146.000000 105.000000 638.447021
v -147.000000 105.000000 639.482300
v -156.000000 102.017639 637.647888
v -155.000000 101.500000 638.544434
v -146.000000 102.017639 637.647888
v -147.000000 101.500000 638.544434
v -156.000000 99.834396 635.464661
v -155.000000 98.937820 635.982300
v -146.000000 99.834396 635.464661
v -147.000000 98.937820 635.982300
v -156.000000 -110.964722 632.482300
v -155.000000 -112.000000 632.482300
v -146.000000 -110.964722 632.482300
v -147.000000 -112.000000 632.482300
v -156.000000 -110.165588 629.499939
v -155.000000 -111.062164 628.982300
v -146.000000 -110.165588 629.499939
v -147.000000 -111.062164 628.982300
v -156.000000 -107.982361 627.316711
v -155.000000 -108.500000 626.420166
v -146.000000 -107.982361 627.316711
v -147.000000 -108.500000 626.420166
v -156.000000 -105.000000 626.517578
v -155.000000 -105.000000 625.482300
v -146.000000 -105.000000 626.517578
v -147.000000 -105.000000 625.482300
v -156.000000 -102.017639 627.316711
v -155.000000 -101.500000 626.420166
v -146.000000 -102.017639 627.316711
v -147.000000 -101.500000 626.420166
v -156.000000 -99.834412 629.499939
v -155.000000 -98.937836 628.982300
v -146.000000 -99.834412 629.499939
v -147.000000 -98.937836 628.982300
v -156.000000 -99.035278 632.482300
v -155.000000 -98.000000 632.482300
v -146.000000 -99.035278 632.482300
v -147.000000 -98.000000 632.482300
v -156.000000 -99.834412 635.464661
v -155.000000 -98.937836 635.982300
v -146.000000 -99.834412 635.464661
v -147.000000 -98.937836 635.982300
v -156.000000 -102.017639 637.647888
v -155.000000 -101.500000 638.544434
v -146.000000 -102.017639 637.647888
v -147.000000 -101.500000 638.544434
v -156.000000 -105.000000 638.447021
v -155.000000 -105.000000 639.482300
v -146.000000 -105.000000 638.447021
v -147.000000 -105.000000 639.482300
v -156.000000 -107.982361 637.647888
v -155.000000 -108.500000 638.544434
v -146.000000 -107.982361 637.647888
v -147.000000 -108.500000 638.544434
v -156.000000 -110.165588 635.464661
v -155.000000 -111.062164 635.982300
v -146.000000 -110.165588 635.464661
v -147.000000 -111.062164 635.982300
v -156.000000 -215.964722 593.768494
v -155.000000 -217.000000 593.768494
v -146.000000 -215.964722 593.768494
v -147.000000 -217.000000 593.768494
v -156.000000 -215.165588 590.786133
v -155.000000 -216.062195 590.268494
v -146.000000 -215.165588 590.786133
v -147.000000 -216.062195 590.268494
v -156.000000 -212.982361 588.602905
v -155.000000 -213.500000 587.706299
v -146.000000 -212.982361 588.602905
v -147.000000 -213.500000 587.706299
v -156.000000 -210.000000 587.803772
v -155.000000 -210.000000 586.768494
v -146.000000 -210.000000 587.803772
v -147.000000 -210.000000 586.768494
v -156.000000 -207.017639 588.602905
v -155.000000 -206.500000 587.706299
v -146.000000 -207.017639 588.602905
v -147.000000 -206.500000 587.706299
v -156.000000 -204.834412 590.786133
v -155.000000 -203.937805 590.268494
v -146.000000 -204.834412 590.786133
v -147.000000 -203.937805 590.268494
v -156.000000 -204.035278 593.768494
v -155.000000 -203.000000 593.768494
v -146.000000 -204.035278 593.768494
v -147.000000 -203.000000 593.768494
v -156.000000 -204.834412 596.750854
v -155.000000 -203.937805 597.268494
v -146.000000 -204.834412 596.750854
v -147.000000 -203.937805 597.268494
v -156.000000 -207.017639 598.934082
v -155.000000 -206.500000 599.830688
v -146.000000 -207.017639 598.934082
v -147.000000 -206.500000 599.830688
v -156.000000 -210.000000 599.733215
v -155.000000 -210.000000 600.768494
v -146.000000 -210.000000 599.733215
v -147.000000 -210.000000 600.768494
v -156.000000 -212.982361 598.934082
v -155.000000 -213.500000 599.830688
v -146.000000 -212.982361 598.934082
v -147.000000 -213.500000 599.830688
v -156.000000 -215.165588 596.750854
v -155.000000 -216.062195 597.268494
v -146.000000 -215.165588 596.750854
v -147.000000 -216.062195 597.268494
v -156.000000 -320.964722 545.264221
v -155.000000 -322.000000 545.264221
v -146.000000 -320.964722 545.264221
v -147.000000 -322.000000 545.264221
v -156.000000 -320.165588 542.281860
v -155.000000 -321.062195 541.764221
v -146.000000 -320.165588 542.281860
v -147.000000 -321.062195 541.764221
v -156.000000 -317.982361 540.098633
v -155.000000 -318.500000 539.202026
v -146.000000 -317.982361 540.098633
v -147.000000 -318.500000 539.202026
v -156.000000 -315.000000 539.299500
v -155.000000 -315.000000 538.264221
v -146.000000 -315.000000 539.299500
v -147.000000 -315.000000 538.264221
v -156.000000 -312.017639 540.098633
v -155.000000 -311.500000 539.202026
v -146.000000 -312.017639 540.098633
v -147.000000 -311.500000 539.202026
v -156.000000 -309.834412 542.281860
v -155.000000 -308.937805 541.764221
v -146.000000 -309.834412 542.281860
v -147.000000 -308.937805 541.764221
v -156.000000 -309.035278 545.264221
v -155.000000 -308.000000 545.264221
v -146.000000 -309.035278 545.264221
v -147.000000 -308.000000 545.264221
v -156.000000 -309.834412 548.246582
v -155.000000 -308.937805 548.764221
v -146.000000 -309.834412 548.246582
v -147.000000 -308.937805 548.764221
v -156.000000 -312.017639 550.429810
v -155.000000 -311.500000 551.326416
v -146.000000 -312.017639 550.429810
v -147.000000 -311.500000 551.326416
v -156.000000 -315.000000 551.228943
v -155.000000 -315.000000 552.264221
v -146.000000 -315.000000 551.228943
v -147.000000 -315.000000 552.264221
v -156.000000 -317.982361 550.429810
v -155.000000 -318.500000 551.326416
v -146.000000 -317.982361 550.429810
v -147.000000 -318.500000 551.326416
v -156.000000 -320.165588 548.246582
v -155.000000 -321.062195 548.764221
v -146.000000 -320.165588 548.246582
v -147.000000 -321.062195 548.764221
vn -0.5774 0.5774 -0.5774
vn -0.5774 0.5774 0.5774
vn -0.5774 -0.5774 -0.5774
vn -0.5774 -0.5774 0.5774
vn 0.5774 0.5774 -0.5774
vn 0.5774 0.5774 0.5774
vn 0.5774 -0.5774 -0.5774
vn 0.5774 -0.5774 0.5774
vn -0.7071 -0.0000 -0.7071
vn -0.7071 0.7071 -0.0000
vn -0.7071 -0.0000 0.7071
vn -0.7071 -0.7071 -0.0000
vn -0.0000 -0.7071 -0.7071
vn -0.0000 -0.7071 0.7071
vn 0.7071 -0.7071 -0.0000
vn 0.7071 -0.0000 -0.7071
vn 0.7071 -0.0000 0.7071
vn 0.7071 0.7071 -0.0000
vn -0.0000 0.7071 -0.7071
vn -0.0000 0.7071 0.7071
vn -0.0000 -0.0000 -1.0000
vn -1.0000 -0.0000 -0.0000
vn -0.0000 1.0000 -0.0000
vn -0.0000 -0.0000 1.0000
vn -0.0000 -1.0000 -0.0000
vn 1.0000 -0.0000 -0.0000
vn -0.5783 0.5738 -0.5799
vn -0.5834 0.5738 0.5748
vn -0.5713 -0.5808 -0.5799
vn -0.5763 -0.5809 0.5748
vn 0.5763 0.5809 -0.5748
vn 0.5713 0.5809 0.5799
vn 0.5834 -0.5738 -0.5748
vn 0.5783 -0.5738 0.5799
vn -0.7040 -0.0043 -0.7102
vn -0.7114 0.7028 -0.0031
vn -0.7102 -0.0043 0.7040
vn -0.7028 -0.7114 -0.0031
vn 0.0074 -0.7071 -0.7071
vn 0.0012 -0.7071 0.7071
vn 0.7114 -0.7028 0.0031
vn 0.7102 0.0043 -0.7040
vn 0.7040 0.0043 0.7102
vn 0.7028 0.7114 0.0031
vn -0.0012 0.7071 -0.7071
vn -0.0074 0.7071 0.7071
vn 0.0044 -0.0000 -1.0000
vn -1.0000 -0.0061 -0.0044
vn -0.0061 1.0000 -0.0000
vn -0.0044 -0.0000 1.0000
vn 0.0061 -1.0000 -0.0000
vn 1.0000 0.0061 0.0044
vn -0.5799 0.5774 -0.5748
vn -0.5748 0.5773 0.5799
vn -0.5799 -0.5774 -0.5748
vn -0.5748 -0.5773 0.5799
vn 0.5748 0.5774 -0.5799
vn 0.5799 0.5773 0.5748
vn 0.5748 -0.5774 -0.5799
vn 0.5799 -0.5773 0.5748
vn -0.7102 -0.0000 -0.7040
vn -0.7071 0.7071 0.0031
vn -0.7040 -0.0000 0.7102
vn -0.7071 -0.7071 0.0031
vn -0.0031 -0.7071 -0.7071
vn 0.0031 -0.7071 0.7071
vn 0.7071 -0.7071 -0.0031
vn 0.7040 -0.0000 -0.7102
vn 0.7102 -0.0000 0.7040
vn 0.7071 0.7071 -0.0031
vn -0.0031 0.7071 -0.7071
vn 0.0031 0.7071 0.7071
vn -0.0044 -0.0000 -1.0000
vn -1.0000 -0.0000 0.0044
vn 0.0044 -0.0000 1.0000
vn 1.0000 -0.0000 -0.0044
vn -0.5713 0.5808 -0.5799
vn -0.5763 0.5809 0.5748
vn -0.5783 -0.5738 -0.5799
vn -0.5834 -0.5738 0.5748
vn 0.5834 0.5738 -0.5748
vn 0.5783 0.5738 0.5799
vn 0.5763 -0.5809 -0.5748
vn 0.5713 -0.5808 0.5799
vn -0.7040 0.0043 -0.7102
vn -0.7028 0.7114 -0.0031
vn -0.7102 0.0043 0.7040
vn -0.7114 -0.7028 -0.0031
vn -0.0012 -0.7071 -0.7071
vn -0.0074 -0.7071 0.7071
vn 0.7028 -0.7114 0.0031
vn 0.7102 -0.0043 -0.7040
vn 0.7040 -0.0043 0.7102
vn 0.7114 0.7028 0.0031
vn 0.0074 0.7071 -0.7071
vn 0.0012 0.7071 0.7071
vn -1.0000 0.0061 -0.0044
vn 0.0061 1.0000 -0.0000
vn -0.0061 -1.0000 -0.0000
vn 1.0000 -0.0061 0.0044
vn -0.5834 0.5738 -0.5748
vn -0.5783 0.5738 0.5799
vn -0.5763 -0.5809 -0.5748
vn -0.5713 -0.5808 0.5799
vn 0.5713 0.5809 -0.5799
vn 0.5763 0.5809 0.5748
vn 0.5783 -0.5738 -0.5799
vn 0.5834 -0.5738 0.5748
vn -0.7102 -0.0043 -0.7040
vn -0.7114 0.7028 0.0031
vn -0.7040 -0.0043 0.7102
vn -0.7028 -0.7114 0.0031
vn 0.0012 -0.7071 -0.7071
vn 0.0074 -0.7071 0.7071
vn 0.7114 -0.7028 -0.0031
vn 0.7040 0.0043 -0.7102
vn 0.7102 0.0043 0.7040
vn 0.7028 0.7114 -0.0031
vn -0.0074 0.7071 -0.7071
vn -0.0012 0.7071 0.7071
vn -1.0000 -0.0061 0.0044
vn 1.0000 0.0061 -0.0044
vn -0.5748 0.5773 -0.5799
vn -0.5799 0.5773 0.5748
vn -0.5748 -0.5773 -0.5799
vn -0.5799 -0.5774 0.5748
vn 0.5799 0.5773 -0.5748
vn 0.5748 0.5773 0.5799
vn 0.5799 -0.5773 -0.5748
vn 0.5748 -0.5773 0.5799
vn -0.7040 -0.0000 -0.7102
vn -0.7071 0.7071 -0.0031
vn -0.7102 -0.0000 0.7040
vn -0.7071 -0.7071 -0.0031
vn 0.0031 -0.7071 -0.7071
vn -0.0031 -0.7071 0.7071
vn 0.7071 -0.7071 0.0031
vn 0.7102 -0.0000 -0.7040
vn 0.7040 -0.0000 0.7102
vn 0.7071 0.7071 0.0031
vn 0.0031 0.7071 -0.7071
vn -0.0031 0.7071 0.7071
vn -1.0000 -0.0000 -0.0044
vn 1.0000 -0.0000 0.0044
vn -0.5763 0.5809 -0.5748
vn -0.5713 0.5808 0.5799
vn -0.5834 -0.5738 -0.5748
vn -0.5783 -0.5738 0.5799
vn 0.5783 0.5738 -0.5799
vn 0.5834 0.5738 0.5748
vn 0.5713 -0.5809 -0.5799
vn 0.5763 -0.5809 0.5748
vn -0.7102 0.0043 -0.7040
vn -0.7028 0.7114 0.0031
vn -0.7040 0.0043 0.7102
vn -0.7114 -0.7028 0.0031
vn -0.0074 -0.7071 -0.7071
vn -0.0012 -0.7071 0.7071
vn 0.7028 -0.7114 -0.0031
vn 0.7040 -0.0043 -0.7102
vn 0.7102 -0.0043 0.7040
vn 0.7114 0.7028 -0.0031
vn 0.0012 0.7071 -0.7071
vn 0.0074 0.7071 0.7071
vn -1.0000 0.0061 0.0044
vn 1.0000 -0.0061 -0.0044
vn -0.5743 0.5773 -0.5804
vn -0.5804 0.5773 0.5743
vn -0.5743 -0.5773 -0.5804
vn -0.5804 -0.5773 0.5743
vn 0.5804 0.5773 -0.5743
vn 0.5743 0.5773 0.5804
vn 0.5804 -0.5773 -0.5743
vn 0.5743 -0.5773 0.5804
vn -0.7034 -0.0000 -0.7108
vn -0.7071 0.7071 -0.0037
vn -0.7108 -0.0000 0.7034
vn -0.7071 -0.7071 -0.0037
vn 0.0037 -0.7071 -0.7071
vn -0.0037 -0.7071 0.7071
vn 0.7071 -0.7071 0.0037
vn 0.7108 -0.0000 -0.7034
vn 0.7034 -0.0000 0.7108
vn 0.7071 0.7071 0.0037
vn 0.0037 0.7071 -0.7071
vn -0.0037 0.7071 0.7071
vn 0.0052 -0.0000 -1.0000
vn -1.0000 -0.0000 -0.0052
vn -0.0052 -0.0000 1.0000
vn 1.0000 -0.0000 0.0052
vn -0.5773 0.5773 -0.5774
vn -0.5774 0.5773 0.5774
vn -0.5773 -0.5773 -0.5774
vn -0.5774 -0.5773 0.5774
vn 0.5774 0.5773 -0.5774
vn 0.5774 0.5773 0.5774
vn 0.5774 -0.5773 -0.5774
vn 0.5774 -0.5773 0.5774
vn -0.5804 0.5773 -0.5743
vn -0.5743 0.5773 0.5804
vn -0.5804 -0.5773 -0.5743
vn -0.5743 -0.5773 0.5804
vn 0.5743 0.5773 -0.5804
vn 0.5804 0.5773 0.5743
vn 0.5743 -0.5773 -0.5804
vn 0.5804 -0.5773 0.5743
vn -0.7108 -0.0000 -0.7034
vn -0.7071 0.7071 0.0037
vn -0.7034 -0.0000 0.7108
vn -0.7071 -0.7071 0.0037
vn -0.0037 -0.7071 -0.7071
vn 0.0037 -0.7071 0.7071
vn 0.7071 -0.7071 -0.0037
vn 0.7034 -0.0000 -0.7108
vn 0.7108 -0.0000 0.7034
vn 0.7071 0.7071 -0.0037
vn -0.0037 0.7071 -0.7071
vn 0.0037 0.7071 0.7071
vn -0.0052 -0.0000 -1.0000
vn -1.0000 -0.0000 0.0052
vn 0.0052 -0.0000 1.0000
vn 1.0000 -0.0000 -0.0052
vn -0.5774 0.5773 -0.5773
vn -0.5774 0.5774 0.5773
vn -0.5774 -0.5773 -0.5773
vn -0.5774 -0.5774 0.5773
vn 0.5774 0.5773 -0.5773
vn 0.5774 0.5774 0.5773
vn 0.5774 -0.5773 -0.5773
vn 0.5774 -0.5774 0.5773
vn -0.5743 0.5774 -0.5804
vn -0.5743 -0.5774 -0.5804
vn 0.1371 0.5773 -0.8049
vn -0.8049 0.5773 -0.1371
vn 0.1371 -0.5773 -0.8049
vn -0.8049 -0.5773 -0.1371
vn 0.8049 0.5773 0.1371
vn -0.1371 0.5773 0.8049
vn 0.8049 -0.5773 0.1371
vn -0.1371 -0.5773 0.8049
vn 0.1679 -0.0000 -0.9858
vn -0.4090 0.7071 -0.5768
vn -0.9858 -0.0000 -0.1679
vn -0.4090 -0.7071 -0.5768
vn 0.5768 -0.7071 -0.4090
vn -0.5768 -0.7071 0.4090
vn 0.4090 -0.7071 0.5768
vn 0.9858 -0.0000 0.1679
vn -0.1679 -0.0000 0.9858
vn 0.4090 0.7071 0.5768
vn 0.5769 0.7071 -0.4090
vn -0.5768 0.7071 0.4090
vn 0.8158 -0.0000 -0.5784
vn -0.5784 -0.0000 -0.8158
vn -0.8158 -0.0000 0.5784
vn 0.5784 -0.0000 0.8158
vn -0.2304 -0.5773 -0.7833
vn 0.7833 -0.5773 -0.2304
vn -0.2304 0.5773 -0.7833
vn 0.7833 0.5773 -0.2304
vn -0.7833 -0.5773 0.2304
vn 0.2304 -0.5773 0.7833
vn -0.7833 0.5773 0.2304
vn 0.2304 0.5773 0.7833
vn -0.2822 -0.0000 -0.9594
vn 0.3386 -0.7071 -0.6208
vn 0.9594 -0.0000 -0.2822
vn 0.3386 0.7071 -0.6208
vn -0.6208 0.7071 -0.3386
vn 0.6208 0.7071 0.3386
vn -0.3386 0.7071 0.6208
vn -0.9594 -0.0000 0.2822
vn 0.2822 -0.0000 0.9594
vn -0.3386 -0.7071 0.6208
vn -0.6208 -0.7071 -0.3386
vn 0.6208 -0.7071 0.3386
vn -0.8779 -0.0000 -0.4789
vn 0.4789 -0.0000 -0.8779
vn 0.8779 -0.0000 0.4789
vn -0.4788 -0.0000 0.8779
vn 0.1371 0.5774 -0.8049
vn -0.8049 0.5774 -0.1371
vn 0.1371 -0.5774 -0.8049
vn -0.8049 -0.5774 -0.1371
vn -0.1371 0.5774 0.8049
vn -0.1371 -0.5774 0.8049
vn 0.4089 -0.7071 0.5768
vn 0.5768 0.7071 -0.4090
vn -0.5768 0.7071 0.4089
vn -0.7833 -0.5774 0.2304
vn -0.7833 0.5774 0.2304
vn -0.8915 -0.4531 -0.0000
vn -0.3566 -0.9239 -0.1385
vn -0.3566 -0.9239 0.1385
vn 0.8915 -0.4531 -0.0000
vn 0.3566 -0.9239 0.1385
vn 0.3566 -0.9239 -0.1385
vn -0.8914 -0.0000 -0.4531
vn -0.3566 0.1385 -0.9239
vn -0.3566 -0.1385 -0.9239
vn 0.8915 -0.0000 -0.4531
vn 0.3566 -0.1385 -0.9239
vn 0.3566 0.1385 -0.9239
vn -0.8915 0.4531 -0.0000
vn -0.3566 0.9239 0.1385
vn -0.3566 0.9239 -0.1385
vn 0.8915 0.4531 -0.0000
vn 0.3566 0.9239 -0.1385
vn 0.3566 0.9239 0.1385
vn -0.8914 -0.0000 0.4531
vn -0.3566 -0.1385 0.9239
vn -0.3566 0.1385 0.9239
vn 0.8915 -0.0000 0.4531
vn 0.3566 0.1385 0.9239
vn 0.3566 -0.1385 0.9239
vn -0.9048 -0.3687 -0.2129
vn -0.3692 -0.8048 -0.4647
vn 0.9049 -0.3687 -0.2129
vn 0.3692 -0.8048 -0.4647
vn -0.9049 -0.2129 -0.3687
vn -0.3693 -0.4647 -0.8048
vn 0.9049 -0.2129 -0.3687
vn 0.3693 -0.4647 -0.8048
vn -0.9049 0.2129 -0.3687
vn -0.3693 0.4647 -0.8048
vn 0.9049 0.2129 -0.3687
vn 0.3693 0.4647 -0.8048
vn -0.3692 0.8048 -0.4647
vn 0.3692 0.8048 -0.4647
vn -0.9048 0.3687 -0.2129
vn 0.9049 0.3687 -0.2129
vn -0.9048 0.3687 0.2129
vn -0.3692 0.8048 0.4647
vn 0.9049 0.3687 0.2129
vn 0.3692 0.8048 0.4647
vn -0.9049 0.2129 0.3687
vn -0.3693 0.4647 0.8048
vn 0.9049 0.2129 0.3687
vn 0.3693 0.4647 0.8048
vn -0.9049 -0.2129 0.3687
vn -0.3693 -0.4647 0.8048
vn 0.9049 -0.2129 0.3687
vn 0.3692 -0.4647 0.8048
vn -0.3692 -0.8048 0.4647
vn 0.9049 -0.3687 0.2129
vn 0.3692 -0.8048 0.4647
vn -0.9048 -0.3687 0.2129
vn 0.9048 -0.2129 0.3687
vn 0.8914 -0.0000 -0.4531
vn 0.8914 -0.0000 0.4531
vn -0.9049 -0.3687 -0.2129
vn -0.3693 -0.8048 -0.4647
vn 0.3693 -0.8048 -0.4647
vn -0.9049 0.3687 -0.2129
vn -0.3693 0.8048 -0.4647
vn -0.9049 0.3687 0.2129
vn -0.3693 0.8048 0.4647
vn 0.3693 0.8048 0.4647
vn 0.3693 -0.4647 0.8048
vn -0.9049 -0.3687 0.2129
vn -0.3693 -0.8048 0.4647
vn -0.8570 0.4629 0.2266
vn -0.3048 0.9182 0.2531
vn -0.3863 0.5840 0.7139
vn 0.3765 0.9070 0.1884
vn 0.8551 0.4174 0.3074
vn 0.2938 0.6515 0.6995
vn 0.9246 -0.1976 0.3257
vn 0.3915 -0.8582 0.3321
vn 0.4495 0.1962 0.8715
vn -0.9258 -0.1961 0.3232
vn -0.4047 0.1017 0.9088
vn -0.4605 -0.8580 0.2275
vn -0.9246 0.1976 -0.3257
vn -0.3852 -0.1026 -0.9171
vn -0.4559 0.8603 -0.2282
vn 0.9258 0.1961 -0.3233
vn 0.3986 0.8553 -0.3310
vn 0.4668 -0.1943 -0.8628
vn 0.3806 -0.9054 -0.1881
vn 0.8572 -0.4147 -0.3054
vn 0.3099 -0.6479 -0.6958
vn -0.8554 -0.4652 -0.2277
vn -0.2990 -0.9200 -0.2536
vn -0.3706 -0.5881 -0.7189
vn -0.4169 0.4204 0.8059
vn -0.9199 0.1814 0.3477
vn -0.0034 0.9640 0.2658
vn -0.0093 0.6815 0.7318
vn 0.9185 0.1829 0.3506
vn 0.3998 0.4239 0.8127
vn -0.0046 -0.9326 0.3609
vn -0.0126 0.1112 0.9937
vn -0.9185 -0.1828 -0.3505
vn -0.3998 -0.4239 -0.8127
vn 0.0093 -0.6815 -0.7318
vn 0.0034 -0.9640 -0.2658
vn 0.4170 -0.4204 -0.8059
vn 0.9199 -0.1814 -0.3477
vn 0.0126 -0.1113 -0.9937
vn 0.0046 0.9326 -0.3608
vn -0.9192 0.3938 -0.0000
vn -0.4084 0.9128 -0.0000
vn 0.4084 0.9128 -0.0000
vn 0.9192 0.3939 -0.0000
vn 0.9192 -0.3938 -0.0000
vn 0.4084 -0.9128 -0.0000
vn -0.4084 -0.9128 -0.0000
vn -0.9192 -0.3939 -0.0000
vn -0.0113 0.4625 0.8866
vn 0.0113 -0.4625 -0.8866
vn -0.8574 0.4608 0.2291
vn -0.3027 0.9176 0.2577
vn -0.3846 0.5774 0.7202
vn 0.3748 0.9069 0.1925
vn 0.8556 0.4144 0.3102
vn 0.2916 0.6453 0.7061
vn 0.9226 -0.2023 0.3283
vn 0.3865 -0.8588 0.3363
vn 0.4459 0.1802 0.8767
vn -0.9239 -0.2008 0.3258
vn -0.3999 0.0853 0.9126
vn -0.4571 -0.8587 0.2318
vn -0.9227 0.2023 -0.3283
vn -0.3802 -0.0860 -0.9209
vn -0.4525 0.8609 -0.2324
vn 0.9239 0.2008 -0.3258
vn 0.3938 0.8559 -0.3352
vn 0.4635 -0.1785 -0.8680
vn 0.3789 -0.9053 -0.1921
vn 0.8577 -0.4117 -0.3081
vn 0.3078 -0.6419 -0.7023
vn -0.8558 -0.4631 -0.2303
vn -0.2967 -0.9194 -0.2582
vn -0.3689 -0.5814 -0.7252
vn -0.4155 0.4092 0.8124
vn -0.9202 0.1761 0.3497
vn -0.0034 0.9627 0.2704
vn -0.0094 0.6746 0.7381
vn 0.9188 0.1776 0.3525
vn 0.3982 0.4126 0.8192
vn -0.0046 -0.9311 0.3647
vn -0.0126 0.0931 0.9956
vn -0.9188 -0.1776 -0.3525
vn -0.3983 -0.4126 -0.8192
vn 0.0094 -0.6746 -0.7381
vn 0.0034 -0.9627 -0.2704
vn 0.4155 -0.4092 -0.8123
vn 0.9202 -0.1761 -0.3497
vn 0.0126 -0.0931 -0.9956
vn 0.0046 0.9311 -0.3647
vn -0.9195 0.3932 -0.0000
vn -0.4070 0.9134 -0.0000
vn 0.4070 0.9134 -0.0000
vn 0.9195 0.3932 -0.0000
vn 0.9195 -0.3932 -0.0000
vn 0.4070 -0.9134 -0.0000
vn -0.4070 -0.9134 -0.0000
vn -0.9195 -0.3932 -0.0000
vn -0.0113 0.4498 0.8930
vn 0.0113 -0.4498 -0.8930
vn -0.8584 0.4566 0.2339
vn -0.2989 0.9164 0.2663
vn -0.3816 0.5644 0.7320
vn 0.3715 0.9066 0.2002
vn 0.8565 0.4085 0.3155
vn 0.2875 0.6333 0.7185
vn 0.9190 -0.2114 0.3329
vn 0.3773 -0.8599 0.3439
vn 0.4394 0.1499 0.8857
vn -0.9203 -0.2098 0.3303
vn -0.3910 0.0542 0.9188
vn -0.4508 -0.8599 0.2396
vn -0.9190 0.2114 -0.3329
vn -0.3709 -0.0547 -0.9271
vn -0.4459 0.8622 -0.2402
vn 0.9203 0.2098 -0.3303
vn 0.3847 0.8570 -0.3428
vn 0.4572 -0.1484 -0.8769
vn 0.3759 -0.9049 -0.1998
vn 0.8586 -0.4057 -0.3133
vn 0.3041 -0.6299 -0.7147
vn -0.8568 -0.4589 -0.2351
vn -0.2927 -0.9182 -0.2668
vn -0.3656 -0.5684 -0.7371
vn -0.4131 0.3875 0.8241
vn -0.9207 0.1661 0.3532
vn -0.0035 0.9603 0.2791
vn -0.0095 0.6612 0.7502
vn 0.9193 0.1675 0.3561
vn 0.3954 0.3908 0.8312
vn -0.0047 -0.9285 0.3714
vn -0.0127 0.0589 0.9982
vn -0.9193 -0.1675 -0.3562
vn -0.3954 -0.3908 -0.8312
vn 0.0095 -0.6612 -0.7502
vn 0.0035 -0.9603 -0.2791
vn 0.4131 -0.3875 -0.8241
vn 0.9207 -0.1661 -0.3532
vn 0.0127 -0.0590 -0.9982
vn 0.0047 0.9285 -0.3713
vn -0.9200 0.3920 -0.0000
vn -0.4043 0.9146 -0.0000
vn 0.4043 0.9146 -0.0000
vn 0.9200 0.3920 -0.0000
vn 0.9200 -0.3920 -0.0000
vn 0.4043 -0.9146 -0.0000
vn -0.4043 -0.9146 -0.0000
vn -0.9200 -0.3920 -0.0000
vn -0.0115 0.4255 0.9049
vn 0.0115 -0.4255 -0.9049
vn -0.8600 0.4500 0.2408
vn -0.2938 0.9143 0.2788
vn -0.3777 0.5440 0.7492
vn 0.3672 0.9059 0.2112
vn 0.8581 0.3991 0.3230
vn 0.2819 0.6144 0.7369
vn 0.9134 -0.2252 0.3392
vn 0.3637 -0.8617 0.3537
vn 0.4294 0.1048 0.8970
vn -0.9148 -0.2235 0.3365
vn -0.3778 0.0086 0.9258
vn -0.4411 -0.8619 0.2501
vn -0.9134 0.2252 -0.3392
vn -0.3574 -0.0087 -0.9339
vn -0.4360 0.8643 -0.2508
vn 0.9148 0.2234 -0.3365
vn 0.3715 0.8589 -0.3526
vn 0.4476 -0.1038 -0.8882
vn 0.3718 -0.9040 -0.2108
vn 0.8602 -0.3963 -0.3208
vn 0.2990 -0.6110 -0.7329
vn -0.8584 -0.4524 -0.2420
vn -0.2873 -0.9162 -0.2794
vn -0.3611 -0.5479 -0.7546
vn -0.4095 0.3543 0.8407
vn -0.9214 0.1509 0.3581
vn -0.0037 0.9565 0.2917
vn -0.0098 0.6403 0.7680
vn 0.9200 0.1522 0.3611
vn 0.3915 0.3574 0.8479
vn -0.0048 -0.9251 0.3797
vn -0.0127 0.0093 0.9999
vn -0.9200 -0.1522 -0.3612
vn -0.3915 -0.3574 -0.8479
vn 0.0098 -0.6403 -0.7680
vn 0.0037 -0.9565 -0.2917
vn 0.4095 -0.3543 -0.8407
vn 0.9214 -0.1509 -0.3581
vn 0.0127 -0.0093 -0.9999
vn 0.0048 0.9251 -0.3797
vn -0.9207 0.3904 -0.0000
vn -0.4006 0.9163 -0.0000
vn 0.4006 0.9162 -0.0000
vn 0.9207 0.3904 -0.0000
vn 0.9207 -0.3904 -0.0000
vn 0.4006 -0.9162 -0.0000
vn -0.4006 -0.9163 -0.0000
vn -0.9207 -0.3903 -0.0000
vn -0.0117 0.3884 0.9214
vn 0.0117 -0.3884 -0.9214
vn -0.8626 0.4401 0.2495
vn -0.2878 0.9110 0.2953
vn -0.3733 0.5139 0.7724
vn 0.3623 0.9044 0.2255
vn 0.8607 0.3854 0.3327
vn 0.2754 0.5864 0.7617
vn 0.9056 -0.2445 0.3466
vn 0.3460 -0.8646 0.3645
vn 0.4159 0.0436 0.9084
vn -0.9072 -0.2425 0.3439
vn -0.3605 -0.0527 0.9313
vn -0.4281 -0.8648 0.2624
vn -0.9056 0.2445 -0.3466
vn -0.3396 0.0531 -0.9391
vn -0.4226 0.8673 -0.2631
vn 0.9071 0.2426 -0.3439
vn 0.3541 0.8617 -0.3633
vn 0.4347 -0.0431 -0.8995
vn 0.3672 -0.9025 -0.2251
vn 0.8629 -0.3826 -0.3303
vn 0.2931 -0.5832 -0.7576
vn -0.8609 -0.4425 -0.2509
vn -0.2809 -0.9130 -0.2959
vn -0.3562 -0.5176 -0.7779
vn -0.4052 0.3071 0.8611
vn -0.9222 0.1299 0.3641
vn -0.0039 0.9513 0.3083
vn -0.0101 0.6100 0.7924
vn 0.9208 0.1310 0.3673
vn 0.3866 0.3098 0.8686
vn -0.0049 -0.9215 0.3885
vn -0.0127 -0.0564 0.9983
vn -0.9208 -0.1310 -0.3673
vn -0.3866 -0.3098 -0.8686
vn 0.0101 -0.6100 -0.7924
vn 0.0039 -0.9513 -0.3083
vn 0.4052 -0.3071 -0.8611
vn 0.9222 -0.1299 -0.3642
vn 0.0127 0.0564 -0.9983
vn 0.0049 0.9215 -0.3885
vn -0.9215 0.3883 -0.0000
vn -0.3960 0.9183 -0.0000
vn 0.3960 0.9182 -0.0000
vn 0.9215 0.3884 -0.0000
vn 0.9215 -0.3883 -0.0000
vn 0.3960 -0.9183 -0.0000
vn -0.3960 -0.9183 -0.0000
vn -0.9215 -0.3883 -0.0000
vn -0.0120 0.3359 0.9418
vn 0.0120 -0.3359 -0.9418
vn -0.8669 0.4253 0.2601
vn -0.2819 0.9059 0.3161
vn -0.3693 0.4687 0.8025
vn 0.3577 0.9016 0.2433
vn 0.8650 0.3649 0.3445
vn 0.2688 0.5444 0.7946
vn 0.8949 -0.2711 0.3543
vn 0.3241 -0.8689 0.3740
vn 0.3984 -0.0380 0.9164
vn -0.8967 -0.2690 0.3516
vn -0.3389 -0.1328 0.9314
vn -0.4111 -0.8692 0.2749
vn -0.8949 0.2712 -0.3544
vn -0.3176 0.1339 -0.9387
vn -0.4052 0.8717 -0.2756
vn 0.8967 0.2690 -0.3515
vn 0.3326 0.8663 -0.3728
vn 0.4177 0.0377 -0.9078
vn 0.3631 -0.8996 -0.2428
vn 0.8672 -0.3621 -0.3419
vn 0.2874 -0.5414 -0.7901
vn -0.8652 -0.4277 -0.2616
vn -0.2745 -0.9079 -0.3168
vn -0.3515 -0.4722 -0.8084
vn -0.4002 0.2399 0.8845
vn -0.9232 0.1006 0.3709
vn -0.0042 0.9442 0.3295
vn -0.0105 0.5652 0.8249
vn 0.9218 0.1015 0.3741
vn 0.3810 0.2421 0.8923
vn -0.0050 -0.9185 0.3954
vn -0.0126 -0.1411 0.9899
vn -0.9218 -0.1015 -0.3741
vn -0.3810 -0.2421 -0.8923
vn 0.0105 -0.5652 -0.8249
vn 0.0042 -0.9442 -0.3295
vn 0.4001 -0.2400 -0.8845
vn 0.9232 -0.1006 -0.3709
vn 0.0126 0.1411 -0.9899
vn 0.0050 0.9185 -0.3954
vn -0.9225 0.3861 -0.0000
vn -0.3907 0.9205 -0.0000
vn 0.3907 0.9205 -0.0000
vn 0.9225 0.3861 -0.0000
vn 0.9225 -0.3860 -0.0000
vn 0.3907 -0.9205 -0.0000
vn -0.3907 -0.9205 -0.0000
vn -0.9225 -0.3861 -0.0000
vn -0.0123 0.2618 0.9650
vn 0.0123 -0.2618 -0.9650
vn -0.8754 0.3989 0.2730
vn -0.2789 0.8965 0.3443
vn -0.3686 0.3870 0.8452
vn 0.3564 0.8956 0.2662
vn 0.8735 0.3285 0.3592
vn 0.2651 0.4682 0.8429
vn 0.8785 -0.3134 0.3606
vn 0.2965 -0.8771 0.3778
vn 0.3750 -0.1601 0.9131
vn -0.8805 -0.3109 0.3578
vn -0.3115 -0.2502 0.9167
vn -0.3880 -0.8766 0.2845
vn -0.8785 0.3134 -0.3607
vn -0.2902 0.2520 -0.9232
vn -0.3819 0.8791 -0.2852
vn 0.8806 0.3109 -0.3577
vn 0.3052 0.8746 -0.3767
vn 0.3947 0.1587 -0.9050
vn 0.3622 -0.8935 -0.2656
vn 0.8757 -0.3259 -0.3563
vn 0.2848 -0.4655 -0.8380
vn -0.8738 -0.4013 -0.2746
vn -0.2708 -0.8986 -0.3451
vn -0.3499 -0.3900 -0.8518
vn -0.3948 0.1285 0.9097
vn -0.9242 0.0534 0.3781
vn -0.0046 0.9335 0.3585
vn -0.0111 0.4856 0.8741
vn 0.9228 0.0539 0.3815
vn 0.3750 0.1297 0.9179
vn -0.0050 -0.9184 0.3956
vn -0.0122 -0.2633 0.9646
vn -0.9228 -0.0539 -0.3815
vn -0.3750 -0.1297 -0.9179
vn 0.0111 -0.4856 -0.8741
vn 0.0046 -0.9335 -0.3585
vn 0.3948 -0.1285 -0.9098
vn 0.9242 -0.0534 -0.3781
vn 0.0122 0.2633 -0.9646
vn 0.0050 0.9184 -0.3956
vn -0.9235 0.3837 -0.0000
vn -0.3850 0.9229 -0.0000
vn 0.3850 0.9229 -0.0000
vn 0.9235 0.3836 -0.0000
vn 0.9235 -0.3836 -0.0000
vn 0.3849 -0.9229 -0.0000
vn -0.3850 -0.9229 -0.0000
vn -0.9235 -0.3836 -0.0000
vn -0.0126 0.1399 0.9901
vn 0.0126 -0.1399 -0.9901
vn -0.8806 0.3109 0.3577
vn -0.3052 0.8746 0.3767
vn -0.3947 0.1587 0.9050
vn 0.3819 0.8791 0.2853
vn 0.8785 0.3134 0.3606
vn 0.2902 0.2520 0.9232
vn 0.8738 -0.4013 0.2746
vn 0.2708 -0.8986 0.3451
vn 0.3498 -0.3900 0.8518
vn -0.8757 -0.3259 0.3564
vn -0.2847 -0.4655 0.8380
vn -0.3622 -0.8935 0.2656
vn -0.8736 0.3285 -0.3592
vn -0.2650 0.4683 -0.8429
vn -0.3564 0.8956 -0.2662
vn 0.8754 0.3988 -0.2730
vn 0.2790 0.8965 -0.3443
vn 0.3686 0.3870 -0.8452
vn 0.3880 -0.8767 -0.2845
vn 0.8806 -0.3109 -0.3577
vn 0.3115 -0.2502 -0.9167
vn -0.8785 -0.3134 -0.3607
vn -0.2965 -0.8771 -0.3778
vn -0.3751 -0.1601 -0.9131
vn -0.3948 -0.1285 0.9097
vn -0.9242 -0.0534 0.3781
vn -0.0050 0.9184 0.3956
vn -0.0122 0.2633 0.9646
vn 0.9228 -0.0539 0.3815
vn 0.3750 -0.1297 0.9179
vn -0.0046 -0.9335 0.3585
vn -0.0111 -0.4856 0.8741
vn -0.9228 0.0539 -0.3815
vn -0.3750 0.1297 -0.9179
vn 0.0122 -0.2633 -0.9646
vn 0.0050 -0.9184 -0.3956
vn 0.3948 0.1285 -0.9097
vn 0.9242 0.0534 -0.3781
vn 0.0111 0.4856 -0.8741
vn 0.0046 0.9335 -0.3585
vn 0.3850 -0.9229 -0.0000
vn -0.0126 -0.1399 0.9901
vn 0.0126 0.1399 -0.9901
vn -0.8967 0.2690 0.3516
vn -0.3326 0.8662 0.3729
vn -0.4177 0.0377 0.9078
vn 0.4052 0.8717 0.2756
vn 0.8949 0.2711 0.3543
vn 0.3178 0.1338 0.9387
vn 0.8653 -0.4277 0.2616
vn 0.2745 -0.9079 0.3168
vn 0.3514 -0.4722 0.8084
vn -0.8672 -0.3621 0.3419
vn -0.2874 -0.5414 0.7901
vn -0.3631 -0.8996 0.2428
vn -0.8650 0.3649 -0.3445
vn -0.2690 0.5444 -0.7945
vn -0.3577 0.9016 -0.2433
vn 0.8669 0.4253 -0.2601
vn 0.2820 0.9059 -0.3161
vn 0.3692 0.4687 -0.8025
vn 0.4110 -0.8692 -0.2749
vn 0.8967 -0.2690 -0.3515
vn 0.3389 -0.1328 -0.9314
vn -0.8949 -0.2712 -0.3544
vn -0.3241 -0.8689 -0.3740
vn -0.3984 -0.0380 -0.9164
vn -0.4002 -0.2399 0.8845
vn -0.9232 -0.1006 0.3709
vn -0.0050 0.9185 0.3954
vn -0.0126 0.1412 0.9899
vn 0.9218 -0.1015 0.3741
vn 0.3811 -0.2421 0.8923
vn -0.0042 -0.9442 0.3295
vn -0.0105 -0.5652 0.8249
vn -0.9218 0.1015 -0.3741
vn -0.3810 0.2421 -0.8923
vn 0.0126 -0.1412 -0.9899
vn 0.0050 -0.9185 -0.3954
vn 0.4001 0.2400 -0.8845
vn 0.9232 0.1006 -0.3709
vn 0.0105 0.5652 -0.8249
vn 0.0042 0.9442 -0.3295
vn -0.0123 -0.2618 0.9650
vn 0.0123 0.2618 -0.9650
vn -0.9071 0.2426 0.3439
vn -0.3541 0.8618 0.3633
vn -0.4347 -0.0431 0.8996
vn 0.4226 0.8673 0.2631
vn 0.9056 0.2445 0.3466
vn 0.3396 0.0531 0.9391
vn 0.8609 -0.4425 0.2509
vn 0.2809 -0.9130 0.2959
vn 0.3562 -0.5176 0.7780
vn -0.8629 -0.3826 0.3303
vn -0.2931 -0.5832 0.7576
vn -0.3672 -0.9025 0.2251
vn -0.8607 0.3854 -0.3327
vn -0.2755 0.5864 -0.7617
vn -0.3623 0.9044 -0.2255
vn 0.8626 0.4401 -0.2495
vn 0.2878 0.9110 -0.2953
vn 0.3732 0.5139 -0.7724
vn 0.4280 -0.8648 -0.2624
vn 0.9071 -0.2426 -0.3439
vn 0.3605 -0.0526 -0.9313
vn -0.9056 -0.2445 -0.3466
vn -0.3460 -0.8646 -0.3644
vn -0.4159 0.0436 -0.9084
vn -0.4051 -0.3071 0.8611
vn -0.9222 -0.1299 0.3641
vn -0.0049 0.9215 0.3885
vn -0.0127 0.0564 0.9983
vn 0.9208 -0.1310 0.3673
vn 0.3866 -0.3098 0.8687
vn -0.0039 -0.9513 0.3083
vn -0.0101 -0.6100 0.7924
vn -0.9208 0.1310 -0.3673
vn -0.3867 0.3098 -0.8686
vn 0.0127 -0.0564 -0.9983
vn 0.0049 -0.9215 -0.3885
vn 0.4051 0.3071 -0.8611
vn 0.9222 0.1299 -0.3642
vn 0.0101 0.6100 -0.7923
vn 0.0039 0.9513 -0.3083
vn 0.3960 0.9183 -0.0000
vn 0.9215 0.3883 -0.0000
vn 0.9215 -0.3884 -0.0000
vn 0.3960 -0.9182 -0.0000
vn -0.0120 -0.3359 0.9418
vn 0.0120 0.3359 -0.9418
vn -0.9148 0.2235 0.3366
vn -0.3715 0.8589 0.3526
vn -0.4477 -0.1038 0.8881
vn 0.4360 0.8643 0.2508
vn 0.9134 0.2252 0.3392
vn 0.3573 -0.0087 0.9340
vn 0.8584 -0.4524 0.2420
vn 0.2873 -0.9162 0.2794
vn 0.3612 -0.5479 0.7546
vn -0.8602 -0.3964 0.3208
vn -0.2990 -0.6110 0.7330
vn -0.3718 -0.9041 0.2108
vn -0.8581 0.3991 -0.3230
vn -0.2820 0.6144 -0.7369
vn -0.3672 0.9058 -0.2112
vn 0.8600 0.4500 -0.2408
vn 0.2938 0.9143 -0.2788
vn 0.3777 0.5440 -0.7493
vn 0.4411 -0.8619 -0.2501
vn 0.9148 -0.2234 -0.3365
vn 0.3777 0.0086 -0.9259
vn -0.9134 -0.2252 -0.3392
vn -0.3637 -0.8618 -0.3537
vn -0.4294 0.1048 -0.8970
vn -0.4095 -0.3543 0.8407
vn -0.9214 -0.1510 0.3581
vn -0.0048 0.9251 0.3797
vn -0.0127 -0.0093 0.9999
vn 0.9200 -0.1522 0.3612
vn 0.3916 -0.3574 0.8479
vn -0.0037 -0.9565 0.2917
vn -0.0098 -0.6403 0.7681
vn -0.9200 0.1522 -0.3612
vn -0.3915 0.3574 -0.8479
vn 0.0127 0.0093 -0.9999
vn 0.0048 -0.9251 -0.3797
vn 0.4095 0.3543 -0.8407
vn 0.9214 0.1509 -0.3581
vn 0.0098 0.6403 -0.7680
vn 0.0037 0.9565 -0.2917
vn 0.9207 0.3903 -0.0000
vn 0.9206 -0.3904 -0.0000
vn 0.4006 -0.9163 -0.0000
vn -0.9207 -0.3904 -0.0000
vn -0.0117 -0.3884 0.9214
vn 0.0117 0.3884 -0.9214
vn -0.9203 0.2098 0.3303
vn -0.3847 0.8570 0.3428
vn -0.4572 -0.1484 0.8769
vn 0.4459 0.8622 0.2403
vn 0.9190 0.2114 0.3329
vn 0.3709 -0.0547 0.9270
vn 0.8568 -0.4590 0.2351
vn 0.2927 -0.9182 0.2668
vn 0.3656 -0.5684 0.7371
vn -0.8586 -0.4057 0.3133
vn -0.3041 -0.6299 0.7147
vn -0.3758 -0.9049 0.1998
vn -0.8565 0.4085 -0.3155
vn -0.2874 0.6333 -0.7185
vn -0.3715 0.9066 -0.2002
vn 0.8584 0.4566 -0.2339
vn 0.2989 0.9164 -0.2663
vn 0.3817 0.5644 -0.7320
vn 0.4507 -0.8599 -0.2396
vn 0.9203 -0.2098 -0.3303
vn 0.3910 0.0543 -0.9188
vn -0.9190 -0.2114 -0.3329
vn -0.3772 -0.8599 -0.3439
vn -0.4394 0.1499 -0.8857
vn -0.4131 -0.3875 0.8241
vn -0.9207 -0.1661 0.3532
vn -0.0047 0.9285 0.3714
vn -0.0127 -0.0589 0.9982
vn 0.9193 -0.1675 0.3561
vn 0.3954 -0.3908 0.8312
vn -0.0035 -0.9603 0.2791
vn -0.0095 -0.6612 0.7502
vn -0.9193 0.1675 -0.3562
vn -0.3955 0.3908 -0.8312
vn 0.0127 0.0590 -0.9982
vn 0.0047 -0.9285 -0.3713
vn 0.4131 0.3875 -0.8241
vn 0.9207 0.1661 -0.3532
vn 0.0095 0.6612 -0.7502
vn 0.0035 0.9603 -0.2791
vn -0.0115 -0.4255 0.9049
vn 0.0115 0.4255 -0.9049
vn -0.9239 0.2008 0.3258
vn -0.3938 0.8559 0.3353
vn -0.4636 -0.1785 0.8679
vn 0.4525 0.8609 0.2324
vn 0.9226 0.2024 0.3283
vn 0.3803 -0.0861 0.9208
vn 0.8559 -0.4631 0.2303
vn 0.2967 -0.9194 0.2583
vn 0.3689 -0.5814 0.7252
vn -0.8577 -0.4116 0.3081
vn -0.3078 -0.6419 0.7023
vn -0.3789 -0.9052 0.1922
vn -0.8556 0.4144 -0.3102
vn -0.2915 0.6453 -0.7061
vn -0.3747 0.9069 -0.1925
vn 0.8574 0.4608 -0.2292
vn 0.3027 0.9176 -0.2578
vn 0.3847 0.5774 -0.7202
vn 0.4572 -0.8586 -0.2318
vn 0.9239 -0.2008 -0.3258
vn 0.4000 0.0853 -0.9125
vn -0.9227 -0.2023 -0.3283
vn -0.3865 -0.8588 -0.3364
vn -0.4460 0.1802 -0.8767
vn -0.4155 -0.4092 0.8124
vn -0.9202 -0.1761 0.3497
vn -0.0046 0.9311 0.3648
vn -0.0126 -0.0931 0.9956
vn 0.9188 -0.1776 0.3525
vn 0.3982 -0.4127 0.8192
vn -0.0034 -0.9627 0.2704
vn -0.0094 -0.6746 0.7381
vn -0.9188 0.1776 -0.3525
vn -0.3982 0.4126 -0.8192
vn 0.0126 0.0931 -0.9956
vn 0.0046 -0.9311 -0.3647
vn 0.4155 0.4092 -0.8123
vn 0.9202 0.1761 -0.3497
vn 0.0094 0.6746 -0.7381
vn 0.0034 0.9627 -0.2704
vn -0.0113 -0.4498 0.8930
vn 0.0113 0.4498 -0.8930
vn -0.9258 0.1961 0.3232
vn -0.3986 0.8554 0.3309
vn -0.4668 -0.1943 0.8628
vn 0.4559 0.8603 0.2281
vn 0.9246 0.1976 0.3258
vn 0.3852 -0.1026 0.9171
vn 0.8554 -0.4653 0.2277
vn 0.2989 -0.9200 0.2536
vn 0.3707 -0.5881 0.7189
vn -0.8572 -0.4147 0.3053
vn -0.3098 -0.6480 0.6958
vn -0.3806 -0.9054 0.1880
vn -0.8551 0.4175 -0.3074
vn -0.2938 0.6514 -0.6995
vn -0.3765 0.9071 -0.1884
vn 0.8569 0.4630 -0.2266
vn 0.3048 0.9182 -0.2531
vn 0.3862 0.5840 -0.7140
vn 0.4605 -0.8580 -0.2275
vn 0.9258 -0.1961 -0.3233
vn 0.4048 0.1017 -0.9087
vn -0.9246 -0.1976 -0.3257
vn -0.3914 -0.8582 -0.3320
vn -0.4494 0.1962 -0.8715
vn -0.4169 -0.4204 0.8059
vn -0.9199 -0.1814 0.3477
vn -0.0046 0.9326 0.3608
vn -0.0126 -0.1112 0.9937
vn 0.9185 -0.1829 0.3506
vn 0.3998 -0.4239 0.8127
vn -0.0034 -0.9640 0.2658
vn -0.0093 -0.6815 0.7318
vn -0.9185 0.1829 -0.3506
vn -0.3998 0.4239 -0.8127
vn 0.0126 0.1113 -0.9937
vn 0.0046 -0.9326 -0.3608
vn 0.4170 0.4204 -0.8059
vn 0.9199 0.1814 -0.3477
vn 0.0093 0.6815 -0.7318
vn 0.0034 0.9640 -0.2658
vn -0.9192 0.3939 -0.0000
vn -0.9192 -0.3938 -0.0000
vn -0.0113 -0.4625 0.8866
vn 0.0113 0.4625 -0.8866
vn -0.5002 0.3864 0.7749
vn -1.0000 0.0002 0.0004
vn -0.4998 0.3853 0.7757
vn 0.4998 0.3853 0.7757
vn 0.5002 0.3864 0.7749
vn 1.0000 0.0002 0.0004
vn 1.0000 -0.0002 -0.0004
vn 0.5002 -0.3852 -0.7755
vn 0.4998 -0.3865 -0.7751
vn -0.5002 -0.3852 -0.7755
vn -0.4998 -0.3865 -0.7751
vn -1.0000 -0.0002 -0.0004
vn -1.0000 0.0003 0.0006
vn -0.4997 0.3824 0.7773
vn 0.4997 0.3824 0.7773
vn 1.0000 0.0003 0.0006
vn 0.5003 -0.3822 -0.7769
vn -0.5003 -0.3822 -0.7769
vn -1.0000 0.0006 0.0013
vn -0.4994 0.3772 0.7800
vn 0.4994 0.3772 0.7800
vn 1.0000 0.0006 0.0013
vn 0.5006 -0.3769 -0.7793
vn -0.5006 -0.3769 -0.7793
vn -0.4994 0.3704 0.7832
vn 0.4994 0.3704 0.7832
vn 1.0000 0.0006 0.0012
vn 0.5006 -0.3702 -0.7826
vn -0.5006 -0.3702 -0.7826
vn -1.0000 0.0006 0.0012
vn -1.0000 0.0010 0.0021
vn -0.4990 0.3616 0.7876
vn 0.4990 0.3616 0.7876
vn 1.0000 0.0010 0.0021
vn 0.5010 -0.3611 -0.7865
vn -0.5010 -0.3611 -0.7865
vn -0.4992 0.3510 0.7922
vn 0.4992 0.3510 0.7922
vn 1.0000 0.0008 0.0018
vn 0.5008 -0.3506 -0.7913
vn -0.5008 -0.3506 -0.7913
vn -1.0000 0.0008 0.0018
vn -1.0000 0.0013 0.0030
vn -0.4986 0.3382 0.7981
vn 0.4986 0.3382 0.7981
vn 1.0000 0.0013 0.0030
vn 0.5014 -0.3376 -0.7966
vn -0.5014 -0.3376 -0.7966
vn -0.4989 0.3234 0.8041
vn 0.4989 0.3234 0.8041
vn 1.0000 0.0010 0.0024
vn 0.5011 -0.3229 -0.8029
vn -0.5011 -0.3229 -0.8029
vn -1.0000 0.0010 0.0024
vn -1.0000 0.0015 0.0040
vn -0.4982 0.3060 0.8113
vn 0.4982 0.3060 0.8113
vn 1.0000 0.0015 0.0040
vn 0.5019 -0.3053 -0.8093
vn -0.5019 -0.3053 -0.8093
vn -0.4985 0.2864 0.8182
vn 0.4985 0.2864 0.8182
vn 1.0000 0.0011 0.0032
vn 0.5015 -0.2858 -0.8166
vn -0.5015 -0.2858 -0.8166
vn -1.0000 0.0011 0.0032
vn -1.0000 0.0017 0.0054
vn -0.4976 0.2632 0.8265
vn 0.4976 0.2632 0.8265
vn 1.0000 0.0017 0.0054
vn 0.5025 -0.2623 -0.8238
vn -0.5025 -0.2623 -0.8238
vn -0.4982 0.2374 0.8339
vn 0.4982 0.2374 0.8339
vn 1.0000 0.0011 0.0040
vn 0.5018 -0.2369 -0.8319
vn -0.5018 -0.2369 -0.8319
vn -1.0000 0.0011 0.0040
vn -1.0000 0.0019 0.0080
vn -0.4965 0.2050 0.8435
vn 0.4965 0.2050 0.8435
vn 1.0000 0.0019 0.0080
vn 0.5036 -0.2041 -0.8395
vn -0.5036 -0.2041 -0.8395
vn -0.4979 0.1702 0.8504
vn 0.4979 0.1702 0.8504
vn 1.0000 0.0009 0.0047
vn 0.5021 -0.1699 -0.8480
vn -0.5021 -0.1699 -0.8480
vn -1.0000 0.0009 0.0047
vn -0.9999 0.0021 0.0162
vn -0.4930 0.1136 0.8626
vn 0.4930 0.1136 0.8626
vn 0.9999 0.0021 0.0162
vn 0.5073 -0.1129 -0.8544
vn -0.5073 -0.1129 -0.8544
vn -0.9997 0.0002 0.0224
vn -0.4906 0.0078 0.8714
vn 0.4906 0.0078 0.8714
vn 0.9997 0.0002 0.0224
vn 0.5100 -0.0077 -0.8601
vn -0.5100 -0.0077 -0.8601
vn -0.4928 -0.0993 0.8644
vn 0.4928 -0.0993 0.8644
vn 0.9999 -0.0019 0.0167
vn 0.5074 0.0987 -0.8560
vn -0.5074 0.0987 -0.8560
vn -0.9999 -0.0019 0.0167
vn -0.4975 -0.1600 0.8526
vn 0.4975 -0.1600 0.8526
vn 1.0000 -0.0010 0.0056
vn 0.5025 0.1596 -0.8497
vn -0.5025 0.1596 -0.8497
vn -1.0000 -0.0010 0.0056
vn -1.0000 -0.0020 0.0085
vn -0.4963 -0.1989 0.8451
vn 0.4963 -0.1989 0.8451
vn 1.0000 -0.0020 0.0085
vn 0.5038 0.1979 -0.8408
vn -0.5038 0.1979 -0.8408
vn -0.4982 -0.2327 0.8353
vn 0.4982 -0.2327 0.8353
vn 1.0000 -0.0011 0.0040
vn 0.5018 0.2321 -0.8333
vn -0.5018 0.2321 -0.8333
vn -1.0000 -0.0011 0.0040
vn -1.0000 -0.0017 0.0056
vn -0.4975 -0.2588 0.8280
vn 0.4975 -0.2588 0.8280
vn 1.0000 -0.0017 0.0056
vn 0.5026 0.2580 -0.8252
vn -0.5026 0.2580 -0.8252
vn -0.4985 -0.2826 0.8195
vn 0.4985 -0.2826 0.8195
vn 1.0000 -0.0011 0.0032
vn 0.5015 0.2821 -0.8179
vn -0.5015 0.2821 -0.8179
vn -1.0000 -0.0011 0.0032
vn -1.0000 -0.0015 0.0041
vn -0.4981 -0.3028 0.8125
vn 0.4981 -0.3028 0.8125
vn 1.0000 -0.0015 0.0041
vn 0.5019 0.3020 -0.8105
vn -0.5019 0.3020 -0.8105
vn -0.4988 -0.3206 0.8052
vn 0.4988 -0.3206 0.8052
vn 1.0000 -0.0010 0.0025
vn 0.5012 0.3201 -0.8040
vn -0.5012 0.3201 -0.8040
vn -1.0000 -0.0010 0.0025
vn -1.0000 -0.0013 0.0031
vn -0.4986 -0.3358 0.7992
vn 0.4986 -0.3358 0.7992
vn 1.0000 -0.0013 0.0031
vn 0.5014 0.3351 -0.7976
vn -0.5014 0.3351 -0.7976
vn -0.4991 -0.3490 0.7932
vn 0.4991 -0.3490 0.7932
vn 1.0000 -0.0008 0.0018
vn 0.5009 0.3486 -0.7922
vn -0.5009 0.3486 -0.7922
vn -1.0000 -0.0008 0.0018
vn -1.0000 -0.0010 0.0022
vn -0.4990 -0.3599 0.7884
vn 0.4990 -0.3599 0.7884
vn 1.0000 -0.0010 0.0022
vn 0.5010 0.3594 -0.7873
vn -0.5010 0.3594 -0.7873
vn -0.4994 -0.3691 0.7838
vn 0.4994 -0.3691 0.7838
vn 1.0000 -0.0006 0.0012
vn 0.5006 0.3688 -0.7832
vn -0.5006 0.3688 -0.7832
vn -1.0000 -0.0006 0.0012
vn -1.0000 -0.0006 0.0013
vn -0.4994 -0.3761 0.7805
vn 0.4994 -0.3761 0.7805
vn 1.0000 -0.0006 0.0013
vn 0.5006 0.3758 -0.7798
vn -0.5006 0.3758 -0.7798
vn -0.4997 -0.3817 0.7776
vn 0.4997 -0.3817 0.7776
vn 1.0000 -0.0004 0.0007
vn 0.5003 0.3815 -0.7772
vn -0.5003 0.3815 -0.7772
vn -1.0000 -0.0004 0.0007
vn -0.4998 -0.3849 0.7759
vn 0.4998 -0.3849 0.7759
vn 1.0000 -0.0002 0.0005
vn 0.5002 0.3848 -0.7757
vn -0.5002 0.3848 -0.7757
vn -1.0000 -0.0002 0.0005
vn -0.5002 -0.3861 0.7751
vn 0.5002 -0.3861 0.7751
vn 1.0000 0.0002 -0.0005
vn 0.4998 0.3862 -0.7753
vn -0.4998 0.3862 -0.7753
vn -1.0000 0.0002 -0.0005
vn 0.5025 0.2580 -0.8252
vn -0.5025 0.2580 -0.8252
vn -0.5002 0.3865 0.7749
vn -1.0000 0.0002 0.0003
vn -0.4998 0.3856 0.7755
vn 0.4998 0.3856 0.7755
vn 0.5002 0.3865 0.7749
vn 1.0000 0.0002 0.0003
vn 1.0000 -0.0002 -0.0003
vn 0.5002 -0.3856 -0.7754
vn 0.4999 -0.3866 -0.7751
vn -0.5002 -0.3856 -0.7754
vn -0.4998 -0.3866 -0.7751
vn -1.0000 -0.0002 -0.0003
vn -1.0000 0.0002 0.0005
vn -0.4998 0.3834 0.7767
vn 0.4998 0.3834 0.7767
vn 1.0000 0.0002 0.0005
vn 0.5002 -0.3833 -0.7765
vn -0.5002 -0.3833 -0.7765
vn -1.0000 0.0005 0.0010
vn -0.4995 0.3794 0.7788
vn 0.4995 0.3794 0.7788
vn 1.0000 0.0005 0.0010
vn 0.5005 -0.3792 -0.7783
vn -0.5005 -0.3792 -0.7783
vn -0.4996 0.3743 0.7813
vn 0.4996 0.3743 0.7813
vn 1.0000 0.0004 0.0009
vn 0.5004 -0.3740 -0.7808
vn -0.5004 -0.3740 -0.7808
vn -1.0000 0.0004 0.0009
vn -1.0000 0.0007 0.0016
vn -0.4992 0.3675 0.7846
vn 0.4992 0.3675 0.7846
vn 1.0000 0.0007 0.0016
vn 0.5008 -0.3672 -0.7839
vn -0.5008 -0.3672 -0.7839
vn -0.4994 0.3595 0.7883
vn 0.4994 0.3595 0.7883
vn 1.0000 0.0006 0.0014
vn 0.5006 -0.3592 -0.7876
vn -0.5006 -0.3592 -0.7876
vn -1.0000 0.0006 0.0014
vn -1.0000 0.0010 0.0022
vn -0.4990 0.3499 0.7928
vn 0.4990 0.3499 0.7928
vn 1.0000 0.0010 0.0022
vn 0.5011 -0.3494 -0.7917
vn -0.5011 -0.3494 -0.7917
vn -0.4991 0.3389 0.7975
vn 0.4991 0.3389 0.7975
vn 0.5009 -0.3385 -0.7966
vn -0.5009 -0.3385 -0.7966
vn -1.0000 0.0012 0.0029
vn -0.4986 0.3261 0.8031
vn 0.4986 0.3261 0.8031
vn 1.0000 0.0012 0.0029
vn 0.5014 -0.3255 -0.8017
vn -0.5014 -0.3255 -0.8017
vn -0.4989 0.3117 0.8087
vn 0.4989 0.3117 0.8087
vn 1.0000 0.0009 0.0023
vn 0.5011 -0.3112 -0.8075
vn -0.5011 -0.3112 -0.8075
vn -1.0000 0.0009 0.0023
vn -1.0000 0.0014 0.0038
vn -0.4983 0.2952 0.8152
vn 0.4983 0.2952 0.8152
vn 1.0000 0.0014 0.0038
vn 0.5018 -0.2945 -0.8133
vn -0.5018 -0.2945 -0.8133
vn -0.4987 0.2768 0.8214
vn 0.4987 0.2768 0.8214
vn 1.0000 0.0010 0.0029
vn 0.5013 -0.2763 -0.8199
vn -0.5013 -0.2763 -0.8199
vn -1.0000 0.0010 0.0029
vn -1.0000 0.0015 0.0049
vn -0.4978 0.2556 0.8288
vn 0.4978 0.2556 0.8288
vn 1.0000 0.0015 0.0049
vn 0.5022 -0.2548 -0.8263
vn -0.5022 -0.2548 -0.8263
vn -0.4983 0.2320 0.8353
vn 0.4983 0.2320 0.8353
vn 1.0000 0.0010 0.0037
vn 0.5017 -0.2316 -0.8335
vn -0.5017 -0.2316 -0.8335
vn -1.0000 0.0010 0.0037
vn -1.0000 0.0016 0.0068
vn -0.4970 0.2037 0.8435
vn 0.4970 0.2037 0.8435
vn 1.0000 0.0016 0.0068
vn 0.5031 -0.2029 -0.8401
vn -0.5031 -0.2029 -0.8401
vn -0.4984 0.1749 0.8491
vn 0.4984 0.1749 0.8491
vn 1.0000 0.0007 0.0036
vn 0.5016 -0.1748 -0.8473
vn -0.5016 -0.1748 -0.8473
vn -1.0000 0.0007 0.0036
vn -0.9999 0.0020 0.0136
vn -0.4941 0.1282 0.8599
vn 0.4941 0.1282 0.8599
vn 0.9999 0.0020 0.0136
vn 0.5061 -0.1276 -0.8530
vn -0.5061 -0.1276 -0.8530
vn -0.9998 0.0008 0.0181
vn -0.4923 0.0413 0.8694
vn 0.4923 0.0413 0.8694
vn 0.9998 0.0009 0.0181
vn 0.5081 -0.0410 -0.8603
vn -0.5081 -0.0410 -0.8603
vn -0.4932 -0.0522 0.8684
vn 0.4932 -0.0522 0.8684
vn 0.9999 -0.0009 0.0160
vn 0.5071 0.0521 -0.8603
vn -0.5071 0.0521 -0.8603
vn -0.9999 -0.0009 0.0160
vn -0.4961 -0.1201 0.8599
vn 0.4961 -0.1201 0.8599
vn 1.0000 -0.0012 0.0088
vn 0.5039 0.1197 -0.8554
vn -0.5039 0.1197 -0.8554
vn -1.0000 -0.0012 0.0088
vn -1.0000 -0.0019 0.0096
vn -0.4958 -0.1705 0.8515
vn 0.4958 -0.1705 0.8515
vn 1.0000 -0.0019 0.0096
vn 0.5043 0.1697 -0.8467
vn -0.5043 0.1697 -0.8467
vn -0.4984 -0.2060 0.8421
vn 0.4984 -0.2060 0.8421
vn 1.0000 -0.0009 0.0036
vn 0.5016 0.2057 -0.8403
vn -0.5016 0.2057 -0.8403
vn -1.0000 -0.0009 0.0036
vn -1.0000 -0.0016 0.0057
vn -0.4975 -0.2315 0.8360
vn 0.4975 -0.2315 0.8360
vn 1.0000 -0.0016 0.0057
vn 0.5026 0.2307 -0.8332
vn -0.5026 0.2307 -0.8332
vn -0.4985 -0.2558 0.8283
vn 0.4985 -0.2558 0.8283
vn 1.0000 -0.0010 0.0033
vn 0.5015 0.2553 -0.8266
vn -0.5015 0.2553 -0.8266
vn -1.0000 -0.0010 0.0033
vn -1.0000 -0.0014 0.0043
vn -0.4981 -0.2766 0.8218
vn 0.4981 -0.2766 0.8218
vn 1.0000 -0.0014 0.0043
vn 0.5020 0.2759 -0.8197
vn -0.5020 0.2759 -0.8197
vn -0.4988 -0.2953 0.8149
vn 0.4988 -0.2953 0.8149
vn 1.0000 -0.0010 0.0026
vn 0.5012 0.2948 -0.8136
vn -0.5012 0.2948 -0.8136
vn -1.0000 -0.0009 0.0026
vn -1.0000 -0.0013 0.0033
vn -0.4985 -0.3116 0.8090
vn 0.4985 -0.3116 0.8090
vn 1.0000 -0.0013 0.0033
vn 0.5016 0.3110 -0.8073
vn -0.5016 0.3110 -0.8073
vn -0.4990 -0.3262 0.8029
vn 0.4990 -0.3262 0.8029
vn 1.0000 -0.0008 0.0021
vn 0.5010 0.3258 -0.8018
vn -0.5010 0.3258 -0.8018
vn -1.0000 -0.0008 0.0021
vn -1.0000 -0.0011 0.0026
vn -0.4988 -0.3388 0.7977
vn 0.4988 -0.3388 0.7977
vn 1.0000 -0.0011 0.0026
vn 0.5012 0.3383 -0.7965
vn -0.5012 0.3383 -0.7965
vn -0.4993 -0.3500 0.7926
vn 0.4993 -0.3500 0.7926
vn 1.0000 -0.0007 0.0016
vn 0.5007 0.3496 -0.7918
vn -0.5007 0.3496 -0.7918
vn -1.0000 -0.0007 0.0016
vn -1.0000 -0.0009 0.0019
vn -0.4991 -0.3595 0.7885
vn 0.4991 -0.3595 0.7885
vn 1.0000 -0.0009 0.0019
vn 0.5009 0.3590 -0.7875
vn -0.5009 0.3590 -0.7875
vn -0.4995 -0.3676 0.7845
vn 0.4995 -0.3676 0.7845
vn 1.0000 -0.0005 0.0011
vn 0.5005 0.3674 -0.7839
vn -0.5005 0.3674 -0.7839
vn -1.0000 -0.0005 0.0011
vn -0.4994 -0.3742 0.7814
vn 0.4994 -0.3742 0.7814
vn 0.5006 0.3739 -0.7808
vn -0.5006 0.3739 -0.7808
vn -0.4996 -0.3798 0.7786
vn 0.4996 -0.3798 0.7786
vn 1.0000 -0.0004 0.0008
vn 0.5004 0.3796 -0.7782
vn -0.5004 0.3796 -0.7782
vn -1.0000 -0.0004 0.0008
vn -0.4998 -0.3832 0.7768
vn 0.4998 -0.3832 0.7768
vn 0.5002 0.3831 -0.7765
vn -0.5002 0.3831 -0.7765
vn -0.5002 -0.3844 0.7759
vn 0.5002 -0.3844 0.7759
vn 0.4998 0.3845 -0.7761
vn -0.4998 0.3845 -0.7761
vn -0.9998 0.0009 0.0181
vn -1.0000 -0.0010 0.0026
vn -0.9049 -0.4257 -0.0000
vn -0.3693 -0.9293 -0.0000
vn 0.9048 -0.4257 -0.0000
vn 0.3693 -0.9293 -0.0000
vn -0.9048 -0.2129 -0.3687
vn -0.3692 -0.4647 -0.8048
vn 0.9048 -0.2129 -0.3687
vn 0.3692 -0.4647 -0.8048
vn -0.3692 -0.0000 -0.9293
vn 0.3692 -0.0000 -0.9293
vn -0.9049 -0.0000 -0.4257
vn -0.3692 0.4647 -0.8048
vn 0.3692 0.4647 -0.8048
vn 0.9049 -0.0000 -0.4257
vn 0.3693 0.8048 -0.4647
vn -0.9049 0.4257 -0.0000
vn -0.3693 0.9293 -0.0000
vn 0.9048 0.4257 -0.0000
vn 0.3693 0.9293 -0.0000
vn -0.3692 0.4647 0.8048
vn 0.3692 0.4647 0.8048
vn -0.9048 -0.0000 0.4257
vn -0.3692 -0.0000 0.9293
vn 0.9049 -0.0000 0.4257
vn 0.3692 -0.0000 0.9293
vn -0.9048 -0.2129 0.3687
vn -0.3692 -0.4647 0.8048
vn -0.3692 -0.9293 -0.0000
vn 0.3692 -0.9293 -0.0000
vn 0.9048 -0.0000 -0.4257
vn -0.3692 0.9293 -0.0000
vn 0.3692 0.9293 -0.0000
vn -0.9048 -0.0000 0.4258
vn 0.9048 -0.0000 0.4257
vn 0.3693 -0.8048 0.4647
vn -0.9048 -0.0000 -0.4258
vn 0.3693 -0.0000 -0.9293
vn -0.9048 0.2129 -0.3687
vn 0.9048 0.2129 -0.3687
vn 0.9048 0.3687 -0.2129
vn 0.9048 0.3687 0.2129
vn -0.3693 -0.0000 0.9293
vn 0.9048 -0.3687 0.2129
vn -0.9048 0.2129 0.3687
vn 0.9048 0.2129 0.3687
vn -0.9049 -0.0000 0.4257
vn -0.4090 0.7071 -0.5769
vn -0.4090 -0.7071 -0.5769
vn -0.5769 -0.7071 0.4089
vn -0.4789 -0.0000 0.8779
vn 0.5768 -0.7071 -0.4089
vn -0.8572 0.4147 0.3053
vn -0.3806 0.9054 0.1881
vn -0.3098 0.6480 0.6958
vn 0.2989 0.9200 0.2536
vn 0.8554 0.4653 0.2277
vn 0.3707 0.5881 0.7189
vn 0.9599 -0.1453 0.2396
vn 0.4559 -0.8603 0.2281
vn 0.3852 0.1026 0.9171
vn -0.9604 -0.1445 0.2382
vn -0.4668 0.1943 0.8628
vn -0.3986 -0.8554 0.3309
vn -0.9599 0.1454 -0.2396
vn -0.4494 -0.1962 -0.8715
vn -0.3914 0.8582 -0.3321
vn 0.9604 0.1445 -0.2382
vn 0.4604 0.8580 -0.2275
vn 0.4048 -0.1017 -0.9087
vn 0.3048 -0.9182 -0.2531
vn 0.8569 -0.4630 -0.2265
vn 0.3862 -0.5840 -0.7140
vn -0.8551 -0.4175 -0.3074
vn -0.3765 -0.9071 -0.1884
vn -0.2938 -0.6514 -0.6995
vn -0.0034 0.9640 0.2657
vn -0.0126 0.1113 0.9937
vn -0.9185 -0.1829 -0.3506
vn 0.0034 -0.9640 -0.2657
vn 0.4169 -0.4204 -0.8059
vn 0.0126 -0.1112 -0.9937
vn 0.0046 0.9326 -0.3609
vn 0.9192 0.3938 -0.0000
vn 0.9192 -0.3939 -0.0000
vn -0.8577 0.4116 0.3081
vn -0.3789 0.9053 0.1922
vn -0.3078 0.6419 0.7023
vn 0.2967 0.9194 0.2582
vn 0.8558 0.4631 0.2303
vn 0.3689 0.5814 0.7252
vn 0.9589 -0.1489 0.2415
vn 0.4525 -0.8610 0.2324
vn 0.3803 0.0861 0.9208
vn -0.9594 -0.1480 0.2401
vn -0.4635 0.1785 0.8679
vn -0.3937 -0.8559 0.3352
vn -0.9589 0.1489 -0.2415
vn -0.4460 -0.1802 -0.8767
vn -0.3865 0.8588 -0.3364
vn 0.9594 0.1480 -0.2401
vn 0.4571 0.8586 -0.2318
vn 0.3999 -0.0853 -0.9126
vn 0.3027 -0.9176 -0.2577
vn 0.8574 -0.4608 -0.2292
vn 0.3847 -0.5774 -0.7202
vn -0.8556 -0.4144 -0.3102
vn -0.3747 -0.9069 -0.1925
vn -0.2915 -0.6453 -0.7061
vn -0.4156 0.4092 0.8123
vn 0.9188 0.1776 0.3526
vn 0.3983 0.4126 0.8192
vn 0.4156 -0.4092 -0.8123
vn 0.0126 -0.0930 -0.9956
vn 0.0046 0.9311 -0.3648
vn -0.9194 0.3932 -0.0000
vn -0.8586 0.4057 0.3133
vn -0.3758 0.9049 0.1998
vn -0.3041 0.6299 0.7147
vn 0.2927 0.9182 0.2669
vn 0.8568 0.4590 0.2351
vn 0.3656 0.5684 0.7371
vn 0.9569 -0.1557 0.2451
vn 0.4459 -0.8622 0.2403
vn 0.3709 0.0547 0.9270
vn -0.9575 -0.1547 0.2436
vn -0.4572 0.1484 0.8769
vn -0.3847 -0.8571 0.3427
vn -0.9569 0.1557 -0.2451
vn -0.4394 -0.1499 -0.8857
vn -0.3772 0.8599 -0.3439
vn 0.9575 0.1547 -0.2436
vn 0.4507 0.8599 -0.2396
vn 0.3910 -0.0543 -0.9188
vn 0.2989 -0.9164 -0.2663
vn 0.8584 -0.4566 -0.2339
vn 0.3817 -0.5644 -0.7320
vn -0.8565 -0.4085 -0.3155
vn -0.3715 -0.9066 -0.2002
vn -0.2874 -0.6333 -0.7185
vn -0.4130 0.3875 0.8242
vn -0.0095 0.6611 0.7502
vn 0.9193 0.1675 0.3562
vn 0.3955 0.3908 0.8312
vn -0.0047 -0.9285 0.3713
vn -0.9193 -0.1675 -0.3561
vn -0.3955 -0.3908 -0.8312
vn -0.8602 0.3964 0.3208
vn -0.3718 0.9041 0.2108
vn -0.2991 0.6111 0.7329
vn 0.2873 0.9162 0.2794
vn 0.8583 0.4524 0.2420
vn 0.3611 0.5479 0.7546
vn 0.9539 -0.1660 0.2499
vn 0.4360 -0.8643 0.2508
vn 0.3573 0.0087 0.9339
vn -0.9545 -0.1650 0.2484
vn -0.4476 0.1038 0.8882
vn -0.3715 -0.8589 0.3525
vn -0.9539 0.1660 -0.2499
vn -0.4294 -0.1048 -0.8970
vn -0.3637 0.8617 -0.3537
vn 0.9545 0.1651 -0.2484
vn 0.4411 0.8619 -0.2501
vn 0.3778 -0.0086 -0.9258
vn 0.2938 -0.9143 -0.2788
vn 0.8600 -0.4500 -0.2408
vn 0.3777 -0.5440 -0.7493
vn -0.8581 -0.3991 -0.3230
vn -0.3672 -0.9058 -0.2112
vn -0.2820 -0.6144 -0.7369
vn -0.4096 0.3543 0.8407
vn -0.9214 0.1510 0.3581
vn -0.0098 0.6403 0.7681
vn 0.9200 0.1522 0.3612
vn -0.9200 -0.1522 -0.3611
vn 0.0098 -0.6403 -0.7681
vn 0.9214 -0.1510 -0.3582
vn 0.0048 0.9251 -0.3798
vn -0.9207 0.3903 -0.0000
vn 0.4006 0.9163 -0.0000
vn 0.9207 -0.3903 -0.0000
vn -0.8628 0.3826 0.3303
vn -0.3672 0.9025 0.2251
vn -0.2932 0.5832 0.7576
vn 0.2809 0.9130 0.2959
vn 0.8609 0.4425 0.2509
vn 0.3562 0.5176 0.7780
vn 0.9497 -0.1805 0.2558
vn 0.4226 -0.8673 0.2631
vn 0.3395 -0.0531 0.9391
vn -0.9503 -0.1794 0.2543
vn -0.4347 0.0431 0.8996
vn -0.3541 -0.8618 0.3633
vn -0.9497 0.1805 -0.2558
vn -0.4159 -0.0436 -0.9084
vn -0.3460 0.8646 -0.3645
vn 0.9504 0.1794 -0.2542
vn 0.4280 0.8648 -0.2624
vn 0.3604 0.0526 -0.9313
vn 0.2878 -0.9110 -0.2953
vn 0.8626 -0.4401 -0.2495
vn 0.3732 -0.5139 -0.7724
vn -0.8607 -0.3854 -0.3327
vn -0.3622 -0.9044 -0.2256
vn -0.2754 -0.5864 -0.7617
vn -0.9222 0.1299 0.3642
vn 0.3867 0.3098 0.8686
vn -0.9209 -0.1310 -0.3673
vn 0.0049 0.9214 -0.3885
vn -0.8671 0.3621 0.3420
vn -0.3631 0.8995 0.2428
vn -0.2875 0.5414 0.7901
vn 0.2745 0.9079 0.3168
vn 0.8652 0.4277 0.2616
vn 0.3514 0.4722 0.8084
vn 0.9439 -0.2008 0.2623
vn 0.4052 -0.8717 0.2756
vn 0.3177 -0.1338 0.9387
vn -0.9446 -0.1995 0.2607
vn -0.4177 -0.0377 0.9078
vn -0.3326 -0.8662 0.3729
vn -0.9439 0.2007 -0.2623
vn -0.3984 0.0380 -0.9164
vn -0.3241 0.8689 -0.3740
vn 0.9446 0.1996 -0.2607
vn 0.4110 0.8692 -0.2749
vn 0.3389 0.1328 -0.9314
vn 0.2820 -0.9059 -0.3161
vn 0.8669 -0.4253 -0.2601
vn 0.3692 -0.4687 -0.8025
vn -0.8650 -0.3649 -0.3445
vn -0.3578 -0.9015 -0.2433
vn -0.2689 -0.5444 -0.7945
vn -0.4001 0.2400 0.8845
vn -0.9218 -0.1015 -0.3742
vn -0.3811 -0.2421 -0.8923
vn 0.4002 -0.2399 -0.8845
vn 0.0050 0.9185 -0.3953
vn 0.9225 -0.3861 -0.0000
vn -0.8757 0.3259 0.3564
vn -0.3622 0.8935 0.2656
vn -0.2847 0.4655 0.8380
vn 0.2708 0.8986 0.3451
vn 0.8738 0.4013 0.2746
vn 0.3498 0.3900 0.8518
vn 0.9346 -0.2333 0.2684
vn 0.3819 -0.8791 0.2853
vn 0.2902 -0.2520 0.9232
vn -0.9355 -0.2318 0.2667
vn -0.3946 -0.1587 0.9050
vn -0.3052 -0.8746 0.3767
vn -0.9346 0.2333 -0.2684
vn -0.3751 0.1601 -0.9131
vn -0.2965 0.8771 -0.3778
vn 0.9355 0.2318 -0.2667
vn 0.3880 0.8767 -0.2845
vn 0.3115 0.2503 -0.9167
vn 0.2790 -0.8965 -0.3443
vn 0.8754 -0.3988 -0.2730
vn 0.3686 -0.3870 -0.8452
vn -0.8735 -0.3285 -0.3592
vn -0.3564 -0.8956 -0.2662
vn -0.2649 -0.4683 -0.8429
vn 0.9228 0.0539 0.3814
vn 0.3749 0.1297 0.9179
vn 0.0111 -0.4855 -0.8741
vn 0.3947 -0.1285 -0.9098
vn -0.9235 0.3836 -0.0000
vn -0.9355 0.2318 0.2667
vn -0.3880 0.8767 0.2845
vn -0.3114 0.2502 0.9167
vn 0.2965 0.8771 0.3778
vn 0.9346 0.2333 0.2684
vn 0.3750 0.1601 0.9131
vn 0.8736 -0.3285 0.3592
vn 0.3563 -0.8956 0.2662
vn 0.2650 -0.4682 0.8429
vn -0.8754 -0.3989 0.2730
vn -0.3686 -0.3870 0.8452
vn -0.2789 -0.8965 0.3443
vn -0.8738 0.4013 -0.2746
vn -0.3498 0.3900 -0.8518
vn -0.2709 0.8986 -0.3451
vn 0.8757 0.3259 -0.3563
vn 0.3622 0.8935 -0.2656
vn 0.2848 0.4655 -0.8380
vn 0.3052 -0.8746 -0.3767
vn 0.9355 -0.2318 -0.2668
vn 0.3947 -0.1587 -0.9050
vn -0.9346 -0.2333 -0.2684
vn -0.3819 -0.8791 -0.2852
vn -0.2902 -0.2520 -0.9232
vn -0.3948 -0.1285 0.9098
vn 0.9228 -0.0539 0.3814
vn 0.3947 0.1285 -0.9098
vn 0.0111 0.4855 -0.8741
vn 0.3849 0.9229 -0.0000
vn 0.9235 -0.3837 -0.0000
vn -0.9235 -0.3837 -0.0000
vn -0.9446 0.1995 0.2607
vn -0.4111 0.8692 0.2749
vn -0.3389 0.1329 0.9314
vn 0.3241 0.8689 0.3740
vn 0.9439 0.2007 0.2623
vn 0.3984 0.0380 0.9164
vn 0.8650 -0.3648 0.3445
vn 0.3577 -0.9016 0.2433
vn 0.2689 -0.5444 0.7946
vn -0.8669 -0.4253 0.2601
vn -0.3692 -0.4687 0.8025
vn -0.2819 -0.9059 0.3161
vn -0.8652 0.4277 -0.2616
vn -0.3514 0.4722 -0.8084
vn -0.2745 0.9079 -0.3168
vn 0.8672 0.3621 -0.3419
vn 0.3631 0.8996 -0.2428
vn 0.2875 0.5414 -0.7901
vn 0.3326 -0.8663 -0.3728
vn 0.9446 -0.1995 -0.2607
vn 0.4177 -0.0377 -0.9078
vn -0.9439 -0.2007 -0.2623
vn -0.4052 -0.8717 -0.2756
vn -0.3177 -0.1339 -0.9387
vn -0.0126 0.1411 0.9899
vn 0.3810 -0.2421 0.8923
vn -0.9218 0.1015 -0.3742
vn -0.3811 0.2421 -0.8923
vn 0.0126 -0.1411 -0.9899
vn 0.0050 -0.9185 -0.3953
vn 0.4002 0.2399 -0.8845
vn 0.9225 0.3860 -0.0000
vn -0.9504 0.1793 0.2543
vn -0.4281 0.8648 0.2623
vn -0.3605 0.0526 0.9313
vn 0.3460 0.8645 0.3645
vn 0.9497 0.1805 0.2558
vn 0.4159 -0.0436 0.9084
vn 0.8607 -0.3854 0.3328
vn 0.3623 -0.9044 0.2256
vn 0.2754 -0.5864 0.7618
vn -0.8626 -0.4401 0.2495
vn -0.3732 -0.5139 0.7724
vn -0.2878 -0.9110 0.2953
vn -0.8609 0.4425 -0.2509
vn -0.3562 0.5176 -0.7779
vn -0.2809 0.9130 -0.2959
vn 0.8628 0.3826 -0.3303
vn 0.3673 0.9025 -0.2251
vn 0.2932 0.5832 -0.7576
vn 0.3541 -0.8618 -0.3633
vn 0.9504 -0.1794 -0.2543
vn 0.4347 0.0431 -0.8996
vn -0.9497 -0.1805 -0.2559
vn -0.4226 -0.8673 -0.2631
vn -0.3396 -0.0531 -0.9391
vn -0.4052 -0.3071 0.8611
vn -0.0049 0.9214 0.3885
vn 0.3867 -0.3098 0.8686
vn 0.4052 0.3071 -0.8611
vn 0.0101 0.6100 -0.7924
vn -0.9545 0.1650 0.2484
vn -0.4411 0.8619 0.2501
vn -0.3777 -0.0086 0.9259
vn 0.3637 0.8617 0.3537
vn 0.9539 0.1660 0.2500
vn 0.4294 -0.1048 0.8970
vn 0.8581 -0.3991 0.3230
vn 0.3672 -0.9059 0.2112
vn 0.2820 -0.6144 0.7369
vn -0.8600 -0.4500 0.2408
vn -0.3777 -0.5440 0.7493
vn -0.2938 -0.9143 0.2788
vn -0.8584 0.4524 -0.2420
vn -0.3612 0.5479 -0.7546
vn -0.2873 0.9162 -0.2794
vn 0.8602 0.3963 -0.3208
vn 0.3718 0.9040 -0.2108
vn 0.2991 0.6110 -0.7329
vn 0.3715 -0.8589 -0.3525
vn 0.9545 -0.1650 -0.2484
vn 0.4477 0.1038 -0.8882
vn -0.9539 -0.1660 -0.2499
vn -0.4360 -0.8643 -0.2508
vn -0.3574 0.0087 -0.9339
vn -0.9214 -0.1509 0.3581
vn 0.3915 -0.3574 0.8479
vn 0.0048 -0.9251 -0.3798
vn 0.9214 0.1510 -0.3582
vn 0.0098 0.6403 -0.7681
vn -0.9575 0.1547 0.2436
vn -0.4507 0.8599 0.2396
vn -0.3910 -0.0542 0.9188
vn 0.3773 0.8599 0.3439
vn 0.9569 0.1557 0.2451
vn 0.4394 -0.1499 0.8857
vn 0.8565 -0.4085 0.3155
vn 0.3715 -0.9066 0.2001
vn 0.2875 -0.6333 0.7186
vn -0.8584 -0.4566 0.2339
vn -0.3816 -0.5644 0.7320
vn -0.2989 -0.9164 0.2663
vn -0.8568 0.4589 -0.2351
vn -0.3656 0.5684 -0.7371
vn -0.2927 0.9182 -0.2669
vn 0.8586 0.4057 -0.3133
vn 0.3759 0.9049 -0.1998
vn 0.3041 0.6299 -0.7147
vn 0.3847 -0.8570 -0.3427
vn 0.9575 -0.1547 -0.2436
vn 0.4572 0.1484 -0.8769
vn -0.9569 -0.1557 -0.2451
vn -0.4459 -0.8623 -0.2402
vn -0.3708 0.0547 -0.9271
vn -0.4130 -0.3875 0.8242
vn -0.0047 0.9285 0.3713
vn 0.9193 -0.1675 0.3562
vn -0.0095 -0.6611 0.7502
vn -0.9193 0.1675 -0.3561
vn -0.9594 0.1480 0.2401
vn -0.4571 0.8587 0.2318
vn -0.4000 -0.0853 0.9126
vn 0.3865 0.8587 0.3364
vn 0.9589 0.1489 0.2415
vn 0.4459 -0.1802 0.8767
vn 0.8556 -0.4144 0.3102
vn 0.3747 -0.9069 0.1925
vn 0.2915 -0.6453 0.7061
vn -0.8574 -0.4608 0.2291
vn -0.3846 -0.5774 0.7202
vn -0.3027 -0.9176 0.2577
vn -0.8558 0.4631 -0.2303
vn -0.3689 0.5815 -0.7252
vn -0.2967 0.9194 -0.2582
vn 0.8577 0.4117 -0.3081
vn 0.3789 0.9053 -0.1921
vn 0.3078 0.6419 -0.7023
vn 0.3937 -0.8559 -0.3353
vn 0.9594 -0.1480 -0.2401
vn 0.4635 0.1785 -0.8679
vn -0.9589 -0.1489 -0.2415
vn -0.4525 -0.8609 -0.2325
vn -0.3803 0.0860 -0.9209
vn -0.4156 -0.4092 0.8123
vn -0.0046 0.9311 0.3647
vn -0.0126 -0.0930 0.9956
vn 0.9188 -0.1776 0.3526
vn -0.0034 -0.9627 0.2705
vn -0.3983 0.4126 -0.8192
vn 0.0126 0.0930 -0.9956
vn 0.0046 -0.9311 -0.3648
vn -0.9604 0.1445 0.2382
vn -0.4605 0.8580 0.2275
vn -0.4047 -0.1017 0.9088
vn 0.3915 0.8582 0.3321
vn 0.9599 0.1453 0.2396
vn 0.4495 -0.1962 0.8715
vn 0.8551 -0.4174 0.3074
vn 0.3765 -0.9070 0.1884
vn 0.2937 -0.6515 0.6995
vn -0.8570 -0.4629 0.2266
vn -0.3863 -0.5840 0.7139
vn -0.3048 -0.9182 0.2531
vn -0.8554 0.4652 -0.2277
vn -0.3707 0.5881 -0.7188
vn -0.2990 0.9199 -0.2536
vn 0.8572 0.4147 -0.3053
vn 0.3806 0.9054 -0.1881
vn 0.3099 0.6479 -0.6958
vn 0.3985 -0.8553 -0.3310
vn 0.9604 -0.1445 -0.2382
vn 0.4668 0.1942 -0.8628
vn -0.9599 -0.1454 -0.2396
vn -0.4559 -0.8603 -0.2281
vn -0.3852 0.1027 -0.9171
vn -0.0046 0.9326 0.3609
vn -0.0126 -0.1113 0.9937
vn -0.0034 -0.9640 0.2657
vn -0.9185 0.1829 -0.3505
vn 0.0046 -0.9326 -0.3609
vn 0.4169 0.4204 -0.8059
vn 0.0034 0.9640 -0.2657
vn -0.9048 -0.4257 -0.0000
vn 0.9049 0.4257 -0.0000
vn -0.9048 0.4257 -0.0000
vt 0.162500 0.712500
vt 0.125000 0.712500
vt 0.162500 0.750000
vt 0.622811 0.000000
vt 0.622811 0.037500
vt 0.625000 0.037500
vt 0.162500 0.537500
vt 0.162500 0.500000
vt 0.125000 0.537500
vt 0.625000 0.237500
vt 0.622811 0.212500
vt 0.622811 0.278125
vt 0.337500 0.712500
vt 0.357344 0.768750
vt 0.376642 0.712500
vt 0.643750 0.750000
vt 0.622811 0.721875
vt 0.622811 0.787500
vt 0.337500 0.537500
vt 0.376642 0.537500
vt 0.357344 0.481250
vt 0.643750 0.500000
vt 0.622811 0.462500
vt 0.622811 0.528125
vt 0.377189 0.037500
vt 0.377189 0.000000
vt 0.377189 0.287500
vt 0.625000 0.962500
vt 0.377189 0.212500
vt 0.377189 0.962500
vt 0.837500 0.537500
vt 0.151042 0.723958
vt 0.125000 0.723958
vt 0.151042 0.750000
vt 0.590278 0.000000
vt 0.590278 0.026042
vt 0.625000 0.026042
vt 0.151042 0.526042
vt 0.151042 0.500000
vt 0.125000 0.526042
vt 0.625000 0.241319
vt 0.590278 0.223958
vt 0.590278 0.269531
vt 0.348958 0.723958
vt 0.379340 0.763021
vt 0.401042 0.723958
vt 0.638021 0.750000
vt 0.590278 0.730469
vt 0.590278 0.776042
vt 0.348958 0.526042
vt 0.401042 0.526042
vt 0.379340 0.486979
vt 0.638021 0.500000
vt 0.590278 0.473958
vt 0.590278 0.519531
vt 0.409722 0.026042
vt 0.409722 0.000000
vt 0.409722 0.276042
vt 0.625000 0.973958
vt 0.409722 0.223958
vt 0.409722 0.973958
vt 0.848958 0.526042
vt 0.379340 0.486979
vt 0.155000 0.738235
vt 0.125000 0.738235
vt 0.155000 0.750000
vt 0.623605 0.000000
vt 0.623605 0.011765
vt 0.625000 0.011765
vt 0.155000 0.511765
vt 0.155000 0.500000
vt 0.125000 0.511765
vt 0.625000 0.252157
vt 0.623605 0.238235
vt 0.623605 0.272500
vt 0.345000 0.738235
vt 0.360698 0.765000
vt 0.376047 0.738235
vt 0.640000 0.759118
vt 0.623605 0.741176
vt 0.623605 0.780000
vt 0.345000 0.511765
vt 0.376047 0.511765
vt 0.360698 0.485000
vt 0.640000 0.490882
vt 0.623605 0.470000
vt 0.623605 0.508824
vt 0.376395 0.000000
vt 0.376395 0.280000
vt 0.623605 0.970000
vt 0.625000 0.970000
vt 0.376395 0.238235
vt 0.376395 0.011765
vt 0.376395 0.970000
vt 0.845000 0.511765
vt 0.623605 0.272500
vt 0.640000 0.759118
vt 0.623605 0.508824
vt 0.640000 0.490882
vt 0.376047 0.738235
vt 0.360698 0.485000
vt 0.845000 0.738235
vt 0.153846 0.748770
vt 0.125000 0.748770
vt 0.153846 0.750000
vt 0.587500 0.000000
vt 0.587500 0.001230
vt 0.625000 0.001230
vt 0.153846 0.501230
vt 0.153846 0.500000
vt 0.125000 0.501230
vt 0.625000 0.258796
vt 0.587500 0.248771
vt 0.587500 0.271635
vt 0.346154 0.748770
vt 0.379327 0.764423
vt 0.403125 0.748770
vt 0.639423 0.763808
vt 0.587500 0.749078
vt 0.587500 0.778846
vt 0.346154 0.501230
vt 0.403125 0.501230
vt 0.379327 0.485577
vt 0.639423 0.486192
vt 0.587500 0.471154
vt 0.587500 0.500922
vt 0.412500 0.001230
vt 0.412500 0.000000
vt 0.412500 0.278846
vt 0.625000 0.971154
vt 0.412500 0.248771
vt 0.412500 0.971154
vt 0.846154 0.501230
vt 0.587500 0.271635
vt 0.403125 0.748770
vt 0.639423 0.763808
vt 0.403125 0.501230
vt 0.135784 0.719444
vt 0.125000 0.719444
vt 0.135784 0.750000
vt 0.623254 0.000000
vt 0.623254 0.030556
vt 0.625000 0.030556
vt 0.135784 0.530555
vt 0.135784 0.500000
vt 0.125000 0.530556
vt 0.625000 0.233224
vt 0.623254 0.219444
vt 0.623254 0.258088
vt 0.364216 0.719444
vt 0.370481 0.755392
vt 0.376310 0.719444
vt 0.630392 0.740114
vt 0.623254 0.727083
vt 0.623254 0.760784
vt 0.364216 0.530556
vt 0.376310 0.530556
vt 0.370481 0.494608
vt 0.630392 0.509886
vt 0.623254 0.489216
vt 0.623254 0.522917
vt 0.376746 0.030556
vt 0.376746 0.000000
vt 0.376746 0.260784
vt 0.623254 0.989216
vt 0.625000 0.989216
vt 0.376746 0.219444
vt 0.376746 0.989216
vt 0.864216 0.530556
vt 0.625000 0.233224
vt 0.623254 0.522917
vt 0.370481 0.494608
vt 0.127113 0.718750
vt 0.125000 0.718750
vt 0.127113 0.750000
vt 0.593750 0.000000
vt 0.593750 0.031250
vt 0.625000 0.031250
vt 0.127113 0.531250
vt 0.127113 0.500000
vt 0.125000 0.531250
vt 0.625000 0.229871
vt 0.593750 0.218750
vt 0.593750 0.251585
vt 0.372887 0.718750
vt 0.389569 0.751056
vt 0.398438 0.718750
vt 0.626056 0.735431
vt 0.593750 0.726562
vt 0.593750 0.752113
vt 0.372887 0.531250
vt 0.398438 0.531250
vt 0.389569 0.498944
vt 0.626056 0.514569
vt 0.593750 0.497887
vt 0.593750 0.523438
vt 0.406250 0.031250
vt 0.406250 0.000000
vt 0.406250 0.252113
vt 0.625000 0.997887
vt 0.406250 0.218750
vt 0.406250 0.997887
vt 0.872887 0.531250
vt 0.593750 0.251585
vt 0.398438 0.718750
vt 0.593750 0.726562
vt 0.398438 0.531250
vt 0.593750 0.523437
vt 0.126218 0.730000
vt 0.125000 0.730000
vt 0.126218 0.750000
vt 0.602778 0.000000
vt 0.602778 0.020000
vt 0.625000 0.020000
vt 0.126218 0.520000
vt 0.126218 0.500000
vt 0.125000 0.520000
vt 0.625000 0.237073
vt 0.602778 0.230000
vt 0.602778 0.250913
vt 0.373782 0.730000
vt 0.385502 0.750609
vt 0.391667 0.730000
vt 0.625609 0.740609
vt 0.602778 0.735000
vt 0.602778 0.751217
vt 0.373782 0.520000
vt 0.391667 0.520000
vt 0.385502 0.499391
vt 0.625609 0.509391
vt 0.602778 0.498782
vt 0.602778 0.515000
vt 0.397222 0.020000
vt 0.397222 0.000000
vt 0.397222 0.251218
vt 0.602778 0.998783
vt 0.625000 0.998782
vt 0.397222 0.230000
vt 0.397222 0.998782
vt 0.873782 0.520000
vt 0.126277 0.730000
vt 0.126277 0.750000
vt 0.126277 0.520000
vt 0.126277 0.500000
vt 0.625000 0.237092
vt 0.602778 0.250958
vt 0.373723 0.730000
vt 0.385473 0.750638
vt 0.391667 0.730000
vt 0.625638 0.740638
vt 0.602778 0.751277
vt 0.373723 0.520000
vt 0.385473 0.499362
vt 0.625638 0.509362
vt 0.602778 0.498723
vt 0.397222 0.251277
vt 0.602778 0.998723
vt 0.625000 0.998723
vt 0.873723 0.520000
vt 0.389569 0.498944
vt 0.602778 0.250913
vt 0.154412 0.748485
vt 0.125000 0.748485
vt 0.154412 0.750000
vt 0.595588 0.000000
vt 0.595588 0.001515
vt 0.625000 0.001515
vt 0.154412 0.501515
vt 0.154412 0.500000
vt 0.125000 0.501515
vt 0.625000 0.258794
vt 0.595588 0.248485
vt 0.595588 0.272059
vt 0.345588 0.748485
vt 0.375000 0.764706
vt 0.397059 0.748485
vt 0.639706 0.763948
vt 0.595588 0.748864
vt 0.595588 0.779412
vt 0.345588 0.501515
vt 0.397059 0.501515
vt 0.375000 0.485294
vt 0.639706 0.486052
vt 0.595588 0.470588
vt 0.595588 0.501136
vt 0.404412 0.001515
vt 0.404412 0.000000
vt 0.404412 0.279412
vt 0.625000 0.970588
vt 0.404412 0.248485
vt 0.404412 0.970588
vt 0.845588 0.501515
vt 0.595588 0.272059
vt 0.397059 0.748485
vt 0.595588 0.748864
vt 0.595588 0.501136
vt 0.750000 0.450245
vt 0.787092 0.480061
vt 0.712908 0.480061
vt 0.250000 0.450245
vt 0.212908 0.480061
vt 0.287092 0.480061
vt 0.950245 0.250000
vt 0.980061 0.212908
vt 0.980061 0.287092
vt 0.450245 0.250000
vt 0.480061 0.287092
vt 0.480061 0.212908
vt 0.750000 0.049755
vt 0.712909 0.019939
vt 0.787091 0.019939
vt 0.250000 0.049755
vt 0.287092 0.019939
vt 0.212908 0.019939
vt 0.549755 0.250000
vt 0.519939 0.287092
vt 0.519939 0.212908
vt 0.049755 0.250000
vt 0.019939 0.212908
vt 0.019939 0.287092
vt 0.850123 0.423418
vt 0.870000 0.457846
vt 0.350123 0.423418
vt 0.370000 0.457846
vt 0.000000 0.516000
vt 0.025758 0.984000
vt 0.025758 0.516000
vt 0.923418 0.350123
vt 0.957846 0.370000
vt 0.423418 0.350123
vt 0.457846 0.370000
vt 0.775758 0.984000
vt 0.724242 0.516000
vt 0.724242 0.984000
vt 0.923418 0.149877
vt 0.957846 0.130000
vt 0.423418 0.149877
vt 0.457846 0.130000
vt 0.870000 0.042154
vt 0.370000 0.042154
vt 0.850123 0.076582
vt 0.350123 0.076582
vt 0.525758 0.984000
vt 0.474242 0.516000
vt 0.474242 0.984000
vt 0.649877 0.076582
vt 0.630000 0.042154
vt 0.149877 0.076582
vt 0.130000 0.042154
vt 0.576582 0.149877
vt 0.542154 0.130000
vt 0.076582 0.149877
vt 0.042154 0.130000
vt 0.275758 0.984000
vt 0.224242 0.516000
vt 0.224242 0.984000
vt 0.576582 0.350123
vt 0.542154 0.370000
vt 0.076582 0.350123
vt 0.042154 0.370000
vt 0.630000 0.457846
vt 0.149877 0.423418
vt 0.130000 0.457846
vt 0.649877 0.423418
vt 0.916667 0.516000
vt 0.974242 0.984000
vt 0.974242 0.516000
vt 0.083333 0.984000
vt 0.083333 0.516000
vt 0.833333 0.516000
vt 0.916667 0.984000
vt 0.775758 0.516000
vt 0.833333 0.984000
vt 0.666667 0.516000
vt 0.583333 0.516000
vt 0.666667 0.984000
vt 0.525758 0.516000
vt 0.583333 0.984000
vt 0.416667 0.516000
vt 0.333333 0.516000
vt 0.416667 0.984000
vt 0.275758 0.516000
vt 0.333333 0.984000
vt 0.166667 0.516000
vt 0.166667 0.984000
vt 0.000000 0.000000
vt 0.000000 1.000000
vt 0.031250 0.833333
vt 0.031250 1.000000
vt 0.031250 0.166667
vt 0.000000 0.166667
vt 0.031250 0.333333
vt 0.000000 0.333333
vt 0.031250 0.500000
vt 0.000000 0.500000
vt 0.031250 0.666667
vt 0.000000 0.666667
vt 0.000000 0.833333
vt 0.062500 0.833333
vt 0.062500 1.000000
vt 0.031250 0.000000
vt 0.062500 0.166667
vt 0.062500 0.333333
vt 0.062500 0.500000
vt 0.062500 0.666667
vt 0.093750 0.833333
vt 0.093750 1.000000
vt 0.062500 0.000000
vt 0.093750 0.166667
vt 0.093750 0.333333
vt 0.093750 0.500000
vt 0.093750 0.666667
vt 0.125000 1.000000
vt 0.093750 0.000000
vt 0.125000 0.166667
vt 0.125000 0.333333
vt 0.125000 0.500000
vt 0.125000 0.666667
vt 0.125000 0.833333
vt 0.156250 0.833333
vt 0.156250 1.000000
vt 0.125000 0.000000
vt 0.156250 0.166667
vt 0.156250 0.333333
vt 0.156250 0.500000
vt 0.156250 0.666667
vt 0.187500 1.000000
vt 0.156250 0.000000
vt 0.187500 0.166667
vt 0.187500 0.333333
vt 0.187500 0.500000
vt 0.187500 0.666667
vt 0.187500 0.833333
vt 0.218750 0.833333
vt 0.218750 1.000000
vt 0.187500 0.000000
vt 0.218750 0.166667
vt 0.218750 0.333333
vt 0.218750 0.500000
vt 0.218750 0.666667
vt 0.250000 1.000000
vt 0.218750 0.000000
vt 0.250000 0.166667
vt 0.250000 0.333333
vt 0.250000 0.500000
vt 0.250000 0.666667
vt 0.250000 0.833333
vt 0.281250 0.833333
vt 0.281250 1.000000
vt 0.250000 0.000000
vt 0.281250 0.166667
vt 0.281250 0.333333
vt 0.281250 0.500000
vt 0.281250 0.666667
vt 0.312500 1.000000
vt 0.281250 0.000000
vt 0.312500 0.166667
vt 0.312500 0.333333
vt 0.312500 0.500000
vt 0.312500 0.666667
vt 0.312500 0.833333
vt 0.343750 0.833333
vt 0.343750 1.000000
vt 0.312500 0.000000
vt 0.343750 0.166667
vt 0.343750 0.333333
vt 0.343750 0.500000
vt 0.343750 0.666667
vt 0.375000 1.000000
vt 0.343750 0.000000
vt 0.375000 0.166667
vt 0.375000 0.333333
vt 0.375000 0.500000
vt 0.375000 0.666667
vt 0.375000 0.833333
vt 0.406250 0.833333
vt 0.406250 1.000000
vt 0.375000 0.000000
vt 0.406250 0.166667
vt 0.406250 0.333333
vt 0.406250 0.500000
vt 0.406250 0.666667
vt 0.437500 1.000000
vt 0.437500 0.166667
vt 0.437500 0.333333
vt 0.437500 0.500000
vt 0.437500 0.666667
vt 0.437500 0.833333
vt 0.468750 0.833333
vt 0.468750 1.000000
vt 0.437500 0.000000
vt 0.468750 0.166667
vt 0.468750 0.333333
vt 0.468750 0.500000
vt 0.468750 0.666667
vt 0.500000 0.833333
vt 0.500000 1.000000
vt 0.468750 0.000000
vt 0.500000 0.166667
vt 0.500000 0.333333
vt 0.500000 0.500000
vt 0.500000 0.666667
vt 0.531250 1.000000
vt 0.500000 0.000000
vt 0.531250 0.166667
vt 0.531250 0.333333
vt 0.531250 0.500000
vt 0.531250 0.666667
vt 0.531250 0.833333
vt 0.562500 1.000000
vt 0.531250 0.000000
vt 0.562500 0.166667
vt 0.562500 0.333333
vt 0.562500 0.500000
vt 0.562500 0.666667
vt 0.562500 0.833333
vt 0.593750 0.833333
vt 0.593750 1.000000
vt 0.562500 0.000000
vt 0.593750 0.166667
vt 0.593750 0.333333
vt 0.593750 0.500000
vt 0.593750 0.666667
vt 0.625000 1.000000
vt 0.625000 0.166667
vt 0.625000 0.333333
vt 0.625000 0.500000
vt 0.625000 0.666667
vt 0.625000 0.833333
vt 0.656250 0.833333
vt 0.656250 1.000000
vt 0.625000 0.000000
vt 0.656250 0.166667
vt 0.656250 0.333333
vt 0.656250 0.500000
vt 0.656250 0.666667
vt 0.687500 1.000000
vt 0.656250 0.000000
vt 0.687500 0.166667
vt 0.687500 0.333333
vt 0.687500 0.500000
vt 0.687500 0.666667
vt 0.687500 0.833333
vt 0.718750 0.833333
vt 0.718750 1.000000
vt 0.687500 0.000000
vt 0.718750 0.166667
vt 0.718750 0.333333
vt 0.718750 0.500000
vt 0.718750 0.666667
vt 0.750000 1.000000
vt 0.718750 0.000000
vt 0.750000 0.166667
vt 0.750000 0.333333
vt 0.750000 0.500000
vt 0.750000 0.666667
vt 0.750000 0.833333
vt 0.781250 0.833333
vt 0.781250 1.000000
vt 0.750000 0.000000
vt 0.781250 0.166667
vt 0.781250 0.333333
vt 0.781250 0.500000
vt 0.781250 0.666667
vt 0.812500 1.000000
vt 0.781250 0.000000
vt 0.812500 0.166667
vt 0.812500 0.333333
vt 0.812500 0.500000
vt 0.812500 0.666667
vt 0.812500 0.833333
vt 0.843750 0.833333
vt 0.843750 1.000000
vt 0.812500 0.000000
vt 0.843750 0.166667
vt 0.843750 0.333333
vt 0.843750 0.500000
vt 0.843750 0.666667
vt 0.875000 1.000000
vt 0.843750 0.000000
vt 0.875000 0.166667
vt 0.875000 0.333333
vt 0.875000 0.500000
vt 0.875000 0.666667
vt 0.875000 0.833333
vt 0.906250 0.833333
vt 0.906250 1.000000
vt 0.875000 0.000000
vt 0.906250 0.166667
vt 0.906250 0.333333
vt 0.906250 0.500000
vt 0.906250 0.666667
vt 0.937500 1.000000
vt 0.906250 0.000000
vt 0.937500 0.166667
vt 0.937500 0.333333
vt 0.937500 0.500000
vt 0.937500 0.666667
vt 0.937500 0.833333
vt 0.968750 1.000000
vt 0.937500 0.000000
vt 0.968750 0.166667
vt 0.968750 0.333333
vt 0.968750 0.500000
vt 0.968750 0.666667
vt 0.968750 0.833333
vt 1.000000 1.000000
vt 0.968750 0.000000
vt 1.000000 0.166667
vt 1.000000 0.333333
vt 1.000000 0.500000
vt 1.000000 0.666667
vt 1.000000 0.833333
vt 0.027778 0.833333
vt 0.027778 1.000000
vt 0.027778 0.166667
vt 0.027778 0.333333
vt 0.027778 0.500000
vt 0.027778 0.666667
vt 0.055556 0.833333
vt 0.055556 1.000000
vt 0.027778 0.000000
vt 0.055556 0.166667
vt 0.055556 0.333333
vt 0.055556 0.500000
vt 0.055556 0.666667
vt 0.083333 0.833333
vt 0.083333 1.000000
vt 0.055556 0.000000
vt 0.083333 0.166667
vt 0.083333 0.333333
vt 0.083333 0.500000
vt 0.083333 0.666667
vt 0.111111 1.000000
vt 0.083333 0.000000
vt 0.111111 0.166667
vt 0.111111 0.333333
vt 0.111111 0.500000
vt 0.111111 0.666667
vt 0.111111 0.833333
vt 0.138889 0.833333
vt 0.138889 1.000000
vt 0.111111 0.000000
vt 0.138889 0.166667
vt 0.138889 0.333333
vt 0.138889 0.500000
vt 0.138889 0.666667
vt 0.166667 1.000000
vt 0.138889 0.000000
vt 0.166667 0.166667
vt 0.166667 0.333333
vt 0.166667 0.500000
vt 0.166667 0.666667
vt 0.166667 0.833333
vt 0.194444 0.833333
vt 0.194444 1.000000
vt 0.166667 0.000000
vt 0.194444 0.166667
vt 0.194444 0.333333
vt 0.194444 0.500000
vt 0.194444 0.666667
vt 0.222222 1.000000
vt 0.194444 0.000000
vt 0.222222 0.166667
vt 0.222222 0.333333
vt 0.222222 0.500000
vt 0.222222 0.666667
vt 0.222222 0.833333
vt 0.222222 0.000000
vt 0.277778 1.000000
vt 0.277778 0.166667
vt 0.277778 0.333333
vt 0.277778 0.500000
vt 0.277778 0.666667
vt 0.277778 0.833333
vt 0.305556 0.833333
vt 0.305556 1.000000
vt 0.277778 0.000000
vt 0.305556 0.166667
vt 0.305556 0.333333
vt 0.305556 0.500000
vt 0.305556 0.666667
vt 0.333333 1.000000
vt 0.305556 0.000000
vt 0.333333 0.166667
vt 0.333333 0.333333
vt 0.333333 0.500000
vt 0.333333 0.666667
vt 0.333333 0.833333
vt 0.361111 0.833333
vt 0.361111 1.000000
vt 0.333333 0.000000
vt 0.361111 0.166667
vt 0.361111 0.333333
vt 0.361111 0.500000
vt 0.361111 0.666667
vt 0.388889 1.000000
vt 0.361111 0.000000
vt 0.388889 0.166667
vt 0.388889 0.333333
vt 0.388889 0.500000
vt 0.388889 0.666667
vt 0.388889 0.833333
vt 0.416667 0.833333
vt 0.416667 1.000000
vt 0.388889 0.000000
vt 0.416667 0.166667
vt 0.416667 0.333333
vt 0.416667 0.500000
vt 0.416667 0.666667
vt 0.444444 1.000000
vt 0.416667 0.000000
vt 0.444444 0.166667
vt 0.444444 0.333333
vt 0.444444 0.500000
vt 0.444444 0.666667
vt 0.444444 0.833333
vt 0.472222 0.833333
vt 0.472222 1.000000
vt 0.444444 0.000000
vt 0.472222 0.166667
vt 0.472222 0.333333
vt 0.472222 0.500000
vt 0.472222 0.666667
vt 0.472222 0.000000
vt 0.527778 1.000000
vt 0.527778 0.166667
vt 0.527778 0.333333
vt 0.527778 0.500000
vt 0.527778 0.666667
vt 0.527778 0.833333
vt 0.555556 1.000000
vt 0.527778 0.000000
vt 0.555556 0.166667
vt 0.555556 0.333333
vt 0.555556 0.500000
vt 0.555556 0.666667
vt 0.555556 0.833333
vt 0.583333 0.833333
vt 0.583333 1.000000
vt 0.555556 0.000000
vt 0.583333 0.166667
vt 0.583333 0.333333
vt 0.583333 0.500000
vt 0.583333 0.666667
vt 0.611111 1.000000
vt 0.583333 0.000000
vt 0.611111 0.166667
vt 0.611111 0.333333
vt 0.611111 0.500000
vt 0.611111 0.666667
vt 0.611111 0.833333
vt 0.638889 0.833333
vt 0.638889 1.000000
vt 0.611111 0.000000
vt 0.638889 0.166667
vt 0.638889 0.333333
vt 0.638889 0.500000
vt 0.638889 0.666667
vt 0.666667 1.000000
vt 0.638889 0.000000
vt 0.666667 0.166667
vt 0.666667 0.333333
vt 0.666667 0.500000
vt 0.666667 0.666667
vt 0.666667 0.833333
vt 0.694444 0.833333
vt 0.694444 1.000000
vt 0.666667 0.000000
vt 0.694444 0.166667
vt 0.694444 0.333333
vt 0.694444 0.500000
vt 0.694444 0.666667
vt 0.722222 1.000000
vt 0.694444 0.000000
vt 0.722222 0.166667
vt 0.722222 0.333333
vt 0.722222 0.500000
vt 0.722222 0.666667
vt 0.722222 0.833333
vt 0.722222 0.000000
vt 0.777778 1.000000
vt 0.777778 0.166667
vt 0.777778 0.333333
vt 0.777778 0.500000
vt 0.777778 0.666667
vt 0.777778 0.833333
vt 0.805556 0.833333
vt 0.805556 1.000000
vt 0.777778 0.000000
vt 0.805556 0.166667
vt 0.805556 0.333333
vt 0.805556 0.500000
vt 0.805556 0.666667
vt 0.833333 1.000000
vt 0.805556 0.000000
vt 0.833333 0.166667
vt 0.833333 0.333333
vt 0.833333 0.500000
vt 0.833333 0.666667
vt 0.833333 0.833333
vt 0.861111 0.833333
vt 0.861111 1.000000
vt 0.833333 0.000000
vt 0.861111 0.166667
vt 0.861111 0.333333
vt 0.861111 0.500000
vt 0.861111 0.666667
vt 0.888889 1.000000
vt 0.861111 0.000000
vt 0.888889 0.166667
vt 0.888889 0.333333
vt 0.888889 0.500000
vt 0.888889 0.666667
vt 0.888889 0.833333
vt 0.916667 0.833333
vt 0.916667 1.000000
vt 0.888889 0.000000
vt 0.916667 0.166667
vt 0.916667 0.333333
vt 0.916667 0.500000
vt 0.916667 0.666667
vt 0.944444 1.000000
vt 0.916667 0.000000
vt 0.944444 0.166667
vt 0.944444 0.333333
vt 0.944444 0.500000
vt 0.944444 0.666667
vt 0.944444 0.833333
vt 0.972222 1.000000
vt 0.944444 0.000000
vt 0.972222 0.166667
vt 0.972222 0.333333
vt 0.972222 0.500000
vt 0.972222 0.666667
vt 0.972222 0.833333
vt 0.972222 0.000000
vt 0.126894 0.700000
vt 0.125000 0.700000
vt 0.126894 0.750000
vt 0.575000 0.000000
vt 0.575000 0.050000
vt 0.625000 0.050000
vt 0.126894 0.550000
vt 0.126894 0.500000
vt 0.125000 0.550000
vt 0.625000 0.217298
vt 0.575000 0.200000
vt 0.575000 0.251420
vt 0.373106 0.700000
vt 0.399053 0.750947
vt 0.412500 0.700000
vt 0.625947 0.725947
vt 0.575000 0.712500
vt 0.575000 0.751894
vt 0.373106 0.550000
vt 0.412500 0.550000
vt 0.399053 0.499053
vt 0.625947 0.524053
vt 0.575000 0.498106
vt 0.575000 0.537500
vt 0.425000 0.050000
vt 0.425000 0.000000
vt 0.425000 0.251894
vt 0.625000 0.998106
vt 0.425000 0.200000
vt 0.425000 0.998106
vt 0.873106 0.550000
vt 0.750000 0.454505
vt 0.750000 0.490000
vt 0.250000 0.454505
vt 0.250000 0.490000
vt 0.927106 0.352252
vt 0.427106 0.352253
vt 0.990000 0.250000
vt 0.490000 0.250000
vt 0.954505 0.250000
vt 0.454505 0.250000
vt 0.927106 0.147748
vt 0.427106 0.147748
vt 0.750000 0.045495
vt 0.750000 0.010000
vt 0.250000 0.045495
vt 0.250000 0.010000
vt 0.572894 0.147748
vt 0.072894 0.147748
vt 0.545495 0.250000
vt 0.510000 0.250000
vt 0.045495 0.250000
vt 0.010000 0.250000
vt 0.572894 0.352252
vt 0.072894 0.352252
vt 0.852252 0.072894
vt 0.852253 0.427106
vt 0.916667 0.550000
vt 1.000000 0.950000
vt 1.000000 0.550000
vt 0.000000 0.550000
vt 0.083333 0.950000
vt 0.083333 0.550000
vt 0.833333 0.550000
vt 0.916667 0.950000
vt 0.750000 0.550000
vt 0.833333 0.950000
vt 0.666667 0.550000
vt 0.750000 0.950000
vt 0.583333 0.550000
vt 0.666667 0.950000
vt 0.500000 0.550000
vt 0.583333 0.950000
vt 0.416667 0.550000
vt 0.500000 0.950000
vt 0.333333 0.550000
vt 0.416667 0.950000
vt 0.250000 0.550000
vt 0.333333 0.950000
vt 0.166667 0.550000
vt 0.250000 0.950000
vt 0.166667 0.950000
vt 0.352252 0.427106
vt 0.352252 0.072894
vt 0.647748 0.072894
vt 0.147748 0.072894
vt 0.647748 0.427106
vt 0.147748 0.427106
vt 0.622811 0.962500
vt 0.837500 0.712500
vt 0.590278 0.973958
vt 0.848958 0.723958
vt 0.587500 0.971154
vt 0.846154 0.748770
vt 0.864216 0.719444
vt 0.593750 0.997887
vt 0.872887 0.718750
vt 0.873782 0.730000
vt 0.397222 0.998723
vt 0.873723 0.730000
vt 0.595588 0.970588
vt 0.845588 0.748485
vt 0.000000 0.984000
vt 1.000000 0.000000
vt 0.575000 0.998106
vt 0.873106 0.700000
vt 0.000000 0.950000
s 0
usemtl DarkWood
f 1/1/1 3/2/1 2/3/1
f 4/4/2 6/5/2 5/6/2
f 7/7/3 9/8/3 8/9/3
f 10/10/4 12/11/4 11/12/4
f 13/13/5 15/14/5 14/15/5
f 16/16/6 18/17/6 17/18/6
f 19/19/7 21/20/7 20/21/7
f 22/22/8 24/23/8 23/24/8
f 8/9/9 1/1/9 7/7/9
f 3/25/10 4/4/10 2/26/10
f 6/5/11 10/10/11 5/6/11
f 12/11/12 9/27/12 11/12/12
f 20/21/13 7/7/13 19/19/13
f 11/12/14 22/22/14 10/10/14
f 24/23/15 21/20/15 23/24/15
f 14/15/16 19/19/16 13/13/16
f 23/24/17 16/16/17 22/22/17
f 18/17/18 15/14/18 17/18/18
f 2/3/19 13/13/19 1/1/19
f 17/18/20 5/28/20 16/16/20
f 1/1/21 19/19/21 7/7/21
f 8/29/22 6/5/22 3/25/22
f 2/30/23 17/18/23 15/14/23
f 16/16/24 10/31/24 22/22/24
f 20/21/25 11/12/25 9/27/25
f 14/15/26 23/24/26 21/20/26
f 49/1/1 51/2/1 50/3/1
f 52/4/2 54/5/2 53/6/2
f 55/7/3 57/8/3 56/9/3
f 58/10/4 60/11/4 59/12/4
f 61/13/5 63/14/5 62/15/5
f 64/16/6 66/17/6 65/18/6
f 67/19/7 69/20/7 68/21/7
f 70/22/8 72/23/8 71/24/8
f 56/9/9 49/1/9 55/7/9
f 51/25/10 52/4/10 50/26/10
f 54/5/11 58/10/11 53/6/11
f 60/11/12 57/27/12 59/12/12
f 68/21/13 55/7/13 67/19/13
f 59/12/14 70/22/14 58/10/14
f 72/23/15 69/20/15 71/24/15
f 62/15/16 67/19/16 61/13/16
f 71/24/17 64/16/17 70/22/17
f 66/17/18 63/14/18 65/18/18
f 50/3/19 61/13/19 49/1/19
f 65/18/20 53/28/20 64/16/20
f 49/1/21 67/19/21 55/7/21
f 56/29/22 54/5/22 51/25/22
f 50/30/23 65/18/23 63/14/23
f 64/16/24 58/31/24 70/22/24
f 68/21/25 59/12/25 57/27/25
f 62/15/26 71/24/26 69/20/26
f 97/1/1 99/2/1 98/3/1
f 100/4/2 102/5/2 101/6/2
f 103/7/3 105/8/3 104/9/3
f 106/10/4 108/11/4 107/12/4
f 109/13/5 111/14/5 110/15/5
f 112/16/6 114/17/6 113/18/6
f 115/19/7 117/20/7 116/21/7
f 118/22/8 120/23/8 119/24/8
f 104/9/9 97/1/9 103/7/9
f 99/25/10 100/4/10 98/26/10
f 102/5/11 106/10/11 101/6/11
f 108/11/12 105/27/12 107/12/12
f 116/21/13 103/7/13 115/19/13
f 107/12/14 118/22/14 106/10/14
f 120/23/15 117/20/15 119/24/15
f 110/15/16 115/19/16 109/13/16
f 119/24/17 112/16/17 118/22/17
f 114/17/18 111/14/18 113/18/18
f 98/3/19 109/13/19 97/1/19
f 113/18/20 101/28/20 112/16/20
f 97/1/21 115/19/21 103/7/21
f 104/29/22 102/5/22 99/25/22
f 98/30/23 113/18/23 111/14/23
f 112/16/24 106/31/24 118/22/24
f 116/21/25 107/12/25 105/27/25
f 110/15/26 119/24/26 117/20/26
f 145/1/1 147/2/1 146/3/1
f 148/4/2 150/5/2 149/6/2
f 151/7/3 153/8/3 152/9/3
f 154/10/4 156/11/4 155/12/4
f 157/13/5 159/14/5 158/15/5
f 160/16/6 162/17/6 161/18/6
f 163/19/7 165/20/7 164/21/7
f 166/22/8 168/23/8 167/24/8
f 152/9/9 145/1/9 151/7/9
f 147/25/10 148/4/10 146/26/10
f 150/5/11 154/10/11 149/6/11
f 156/11/12 153/27/12 155/12/12
f 164/21/13 151/7/13 163/19/13
f 155/12/14 166/22/14 154/10/14
f 168/23/15 165/20/15 167/24/15
f 158/15/16 163/19/16 157/13/16
f 167/24/17 160/16/17 166/22/17
f 162/17/18 159/14/18 161/18/18
f 146/3/19 157/13/19 145/1/19
f 161/18/20 149/28/20 160/16/20
f 145/1/21 163/19/21 151/7/21
f 152/29/22 150/5/22 147/25/22
f 146/30/23 161/18/23 159/14/23
f 160/16/24 154/31/24 166/22/24
f 164/21/25 155/12/25 153/27/25
f 158/15/26 167/24/26 165/20/26
f 721/173/1 723/174/1 722/175/1
f 724/176/2 726/177/2 725/178/2
f 727/179/3 729/180/3 728/181/3
f 730/182/4 732/183/4 731/204/4
f 733/185/5 735/186/5 734/205/5
f 736/188/6 738/206/6 737/190/6
f 739/191/7 741/207/7 740/193/7
f 742/194/8 744/195/8 743/208/8
f 728/181/9 721/173/9 727/179/9
f 723/197/10 724/176/10 722/198/10
f 726/177/11 730/182/11 725/178/11
f 732/183/12 729/199/12 731/204/12
f 740/193/13 727/179/13 739/191/13
f 731/204/14 742/194/14 730/182/14
f 744/195/15 741/207/15 743/208/15
f 734/205/16 739/191/16 733/185/16
f 743/208/17 736/188/17 742/194/17
f 738/206/18 735/186/18 737/190/18
f 722/175/19 733/185/19 721/173/19
f 737/190/20 725/200/20 736/188/20
f 721/173/21 739/191/21 727/179/21
f 728/201/22 726/177/22 723/197/22
f 722/202/23 737/190/23 735/186/23
f 736/188/24 730/203/24 742/194/24
f 740/193/25 731/204/25 729/199/25
f 734/205/26 743/208/26 741/207/26
f 745/209/233 747/210/233 746/211/233
f 748/212/234 750/213/234 749/214/234
f 751/215/235 753/216/235 752/217/235
f 754/218/236 756/219/236 755/220/236
f 757/221/237 759/222/237 758/223/237
f 760/224/238 762/225/238 761/226/238
f 763/227/239 765/228/239 764/229/239
f 766/230/240 768/231/240 767/232/240
f 752/217/241 745/209/241 751/215/241
f 747/233/242 748/212/242 746/234/242
f 750/213/243 754/218/243 749/214/243
f 756/219/244 753/235/244 755/220/244
f 764/229/245 751/215/245 763/227/245
f 754/218/246 768/231/246 766/230/246
f 768/231/247 765/228/247 767/232/247
f 758/223/248 763/227/248 757/221/248
f 767/232/249 760/224/249 766/230/249
f 761/226/250 758/223/250 759/222/250
f 746/211/251 757/221/251 745/209/251
f 760/224/252 748/236/252 749/237/252
f 745/209/253 763/227/253 751/215/253
f 752/238/254 750/213/254 747/233/254
f 746/239/23 761/226/23 759/222/23
f 760/224/255 754/240/255 766/230/255
f 764/229/25 755/220/25 753/235/25
f 758/223/256 767/232/256 765/228/256
f 769/241/257 771/210/257 770/242/257
f 772/212/258 774/213/258 773/214/258
f 775/243/259 777/244/259 776/217/259
f 778/245/260 780/219/260 779/246/260
f 781/247/261 783/248/261 782/249/261
f 784/250/262 786/225/262 785/251/262
f 787/252/263 789/228/263 788/253/263
f 790/254/264 792/255/264 791/232/264
f 776/217/265 769/241/265 775/243/265
f 771/233/266 772/212/266 770/234/266
f 774/213/267 778/245/267 773/214/267
f 780/219/268 777/256/268 779/246/268
f 788/253/269 775/243/269 787/252/269
f 778/245/270 792/255/270 790/254/270
f 791/232/271 788/253/271 789/228/271
f 782/249/272 787/252/272 781/247/272
f 791/232/273 784/250/273 790/254/273
f 786/225/274 783/248/274 785/251/274
f 770/242/275 781/247/275 769/241/275
f 784/250/276 772/257/276 773/258/276
f 769/241/277 787/252/277 775/243/277
f 776/238/278 774/213/278 771/233/278
f 783/248/25 772/257/25 785/251/25
f 784/250/279 778/259/279 790/254/279
f 788/253/23 779/246/23 777/256/23
f 782/249/280 791/232/280 789/228/280
f 985/173/1 987/174/1 986/175/1
f 988/176/2 990/177/2 989/178/2
f 991/179/3 993/180/3 992/181/3
f 994/182/4 996/183/4 995/184/4
f 997/185/5 999/186/5 998/187/5
f 1000/188/6 1002/189/6 1001/190/6
f 1003/191/7 1005/192/7 1004/260/7
f 1006/194/8 1008/195/8 1007/196/8
f 992/181/9 985/173/9 991/179/9
f 987/197/10 988/176/10 986/198/10
f 990/177/11 994/182/11 989/178/11
f 996/183/12 993/199/12 995/184/12
f 1004/260/13 991/179/13 1003/191/13
f 995/184/14 1006/194/14 994/182/14
f 1008/195/15 1005/192/15 1007/196/15
f 998/187/16 1003/191/16 997/185/16
f 1007/196/17 1000/188/17 1006/194/17
f 1002/189/18 999/186/18 1001/190/18
f 986/175/19 997/185/19 985/173/19
f 1001/190/20 989/200/20 1000/188/20
f 985/173/21 1003/191/21 991/179/21
f 992/201/22 990/177/22 987/197/22
f 986/202/23 1001/190/23 999/186/23
f 1000/188/24 994/203/24 1006/194/24
f 1004/260/25 995/184/25 993/199/25
f 998/187/26 1007/196/26 1005/192/26
f 1009/209/281 1011/210/281 1010/211/281
f 1012/212/282 1014/213/282 1013/214/282
f 1015/215/283 1017/216/283 1016/217/283
f 1018/218/284 1020/219/284 1019/261/284
f 1021/221/237 1023/222/237 1022/249/237
f 1024/224/285 1026/225/285 1025/226/285
f 1027/227/239 1029/228/239 1028/229/239
f 1030/230/286 1032/231/286 1031/232/286
f 1016/217/241 1009/209/241 1015/215/241
f 1010/234/242 1014/213/242 1012/212/242
f 1014/213/243 1018/218/243 1013/214/243
f 1019/261/244 1016/238/244 1017/235/244
f 1028/229/245 1015/215/245 1027/227/245
f 1019/261/246 1030/230/246 1018/218/246
f 1032/231/287 1029/228/287 1031/232/287
f 1022/249/248 1027/227/248 1021/221/248
f 1031/232/249 1024/224/249 1030/230/249
f 1025/226/250 1022/249/250 1023/222/250
f 1009/209/288 1023/222/288 1021/221/288
f 1024/224/289 1012/236/289 1013/237/289
f 1009/209/253 1027/227/253 1015/215/253
f 1016/238/254 1014/213/254 1011/233/254
f 1010/239/23 1025/226/23 1023/222/23
f 1024/224/255 1018/240/255 1030/230/255
f 1028/229/25 1019/261/25 1017/235/25
f 1022/249/256 1031/232/256 1029/228/256
f 1033/241/257 1035/210/257 1034/242/257
f 1036/212/258 1038/213/258 1037/214/258
f 1039/243/259 1041/244/259 1040/217/259
f 1042/245/260 1044/219/260 1043/246/260
f 1045/247/290 1047/248/290 1046/249/290
f 1048/250/262 1050/225/262 1049/251/262
f 1051/252/291 1053/228/291 1052/253/291
f 1054/254/264 1056/255/264 1055/232/264
f 1040/217/265 1033/241/265 1039/243/265
f 1034/234/266 1038/213/266 1036/212/266
f 1038/213/267 1042/245/267 1037/214/267
f 1043/246/268 1040/238/268 1041/256/268
f 1052/253/269 1039/243/269 1051/252/269
f 1043/246/270 1054/254/270 1042/245/270
f 1055/232/271 1052/253/271 1053/228/271
f 1046/249/272 1051/252/272 1045/247/272
f 1055/232/273 1048/250/273 1054/254/273
f 1050/225/274 1047/248/274 1049/251/274
f 1034/242/275 1045/247/275 1033/241/275
f 1048/250/276 1036/257/276 1037/258/276
f 1033/241/277 1051/252/277 1039/243/277
f 1040/238/278 1038/213/278 1035/233/278
f 1047/248/25 1036/257/25 1049/251/25
f 1048/250/279 1042/259/279 1054/254/279
f 1052/253/23 1043/246/23 1041/256/23
f 1046/249/280 1055/232/280 1053/228/280
f 1057/262/1 1059/263/1 1058/264/1
f 1060/265/2 1062/266/2 1061/267/2
f 1063/268/3 1065/269/3 1064/270/3
f 1066/271/4 1068/272/4 1067/273/4
f 1069/274/5 1071/275/5 1070/276/5
f 1072/277/6 1074/278/6 1073/279/6
f 1075/280/7 1077/281/7 1076/282/7
f 1078/283/8 1080/284/8 1079/285/8
f 1064/270/9 1057/262/9 1063/268/9
f 1059/286/10 1060/265/10 1058/287/10
f 1062/266/11 1066/271/11 1061/267/11
f 1068/272/12 1065/288/12 1067/273/12
f 1076/282/13 1063/268/13 1075/280/13
f 1067/273/14 1078/283/14 1066/271/14
f 1080/284/15 1077/281/15 1079/285/15
f 1070/276/16 1075/280/16 1069/274/16
f 1079/285/17 1072/277/17 1078/283/17
f 1074/278/18 1071/275/18 1073/279/18
f 1058/264/19 1069/274/19 1057/262/19
f 1073/279/20 1061/289/20 1072/277/20
f 1057/262/21 1075/280/21 1063/268/21
f 1064/290/22 1062/266/22 1059/286/22
f 1058/291/23 1073/279/23 1071/275/23
f 1072/277/24 1066/292/24 1078/283/24
f 1076/282/25 1067/273/25 1065/288/25
f 1070/276/26 1079/285/26 1077/281/26
f 1081/262/1 1083/263/1 1082/264/1
f 1084/265/2 1086/266/2 1085/267/2
f 1087/268/3 1089/269/3 1088/270/3
f 1090/271/4 1092/272/4 1091/293/4
f 1093/274/5 1095/275/5 1094/294/5
f 1096/277/6 1098/295/6 1097/279/6
f 1099/280/7 1101/281/7 1100/282/7
f 1102/283/8 1104/284/8 1103/296/8
f 1088/270/9 1081/262/9 1087/268/9
f 1083/286/10 1084/265/10 1082/287/10
f 1086/266/11 1090/271/11 1085/267/11
f 1092/272/12 1089/288/12 1091/293/12
f 1100/282/13 1087/268/13 1099/280/13
f 1091/293/14 1102/283/14 1090/271/14
f 1104/284/15 1101/281/15 1103/296/15
f 1094/294/16 1099/280/16 1093/274/16
f 1103/296/17 1096/277/17 1102/283/17
f 1098/295/18 1095/275/18 1097/279/18
f 1082/264/19 1093/274/19 1081/262/19
f 1097/279/20 1085/289/20 1096/277/20
f 1081/262/21 1099/280/21 1087/268/21
f 1088/290/22 1086/266/22 1083/286/22
f 1082/291/23 1097/279/23 1095/275/23
f 1096/277/24 1090/292/24 1102/283/24
f 1100/282/25 1091/293/25 1089/288/25
f 1094/294/26 1103/296/26 1101/281/26
f 1385/386/412 1389/386/412 1388/386/412
f 1386/386/413 1389/386/413 1390/386/413
f 1387/386/414 1389/386/414 1391/386/414
f 1392/386/415 1396/386/415 1395/386/415
f 1393/386/416 1396/386/416 1397/386/416
f 1394/386/417 1396/386/417 1398/386/417
f 1405/386/418 1402/386/418 1399/386/418
f 1400/386/419 1403/386/419 1404/386/419
f 1401/386/420 1403/386/420 1405/386/420
f 1412/386/421 1409/386/421 1406/386/421
f 1407/386/422 1410/386/422 1411/386/422
f 1408/386/423 1410/386/423 1412/386/423
f 1419/386/424 1416/386/424 1413/386/424
f 1414/386/425 1417/386/425 1418/386/425
f 1415/386/426 1417/386/426 1419/386/426
f 1426/386/427 1423/386/427 1420/386/427
f 1421/386/428 1424/386/428 1425/386/428
f 1422/386/429 1424/386/429 1426/386/429
f 1427/386/430 1431/386/430 1430/386/430
f 1428/386/431 1431/386/431 1432/386/431
f 1429/386/432 1431/386/432 1433/386/432
f 1434/386/433 1438/386/433 1437/386/433
f 1435/386/434 1438/386/434 1439/386/434
f 1436/386/435 1438/386/435 1440/386/435
f 1387/386/436 1409/386/436 1407/386/436
f 1391/386/437 1406/386/437 1409/386/437
f 1390/386/438 1392/386/438 1386/386/438
f 1387/386/439 1398/386/439 1390/386/439
f 1397/386/440 1399/386/440 1393/386/440
f 1394/386/441 1405/386/441 1397/386/441
f 1400/386/442 1411/386/442 1408/386/442
f 1401/386/443 1411/386/443 1404/386/443
f 1413/386/444 1440/386/444 1434/386/444
f 1416/386/445 1436/386/445 1440/386/445
f 1429/386/446 1439/386/446 1436/386/446
f 1433/386/447 1435/386/447 1439/386/447
f 1426/386/448 1429/386/448 1422/386/448
f 1420/386/449 1432/386/449 1426/386/449
f 1414/386/450 1425/386/450 1422/386/450
f 1415/386/451 1425/386/451 1418/386/451
f 1388/386/452 1413/386/452 1385/386/452
f 1386/386/453 1419/386/453 1388/386/453
f 1392/386/454 1423/386/454 1421/386/454
f 1395/386/455 1420/386/455 1423/386/455
f 1399/386/456 1430/386/456 1428/386/456
f 1402/386/457 1427/386/457 1430/386/457
f 1412/386/458 1435/386/458 1408/386/458
f 1406/386/459 1437/386/459 1412/386/459
f 1385/386/22 1434/386/22 1406/386/22
f 1407/386/460 1394/386/460 1387/386/460
f 1386/386/23 1421/386/23 1415/386/23
f 1393/386/26 1428/386/26 1420/386/26
f 1408/386/25 1427/386/25 1400/386/25
f 1436/386/461 1422/386/461 1429/386/461
f 1441/386/462 1445/386/462 1444/386/462
f 1442/386/463 1445/386/463 1446/386/463
f 1443/386/464 1445/386/464 1447/386/464
f 1448/386/465 1452/386/465 1451/386/465
f 1449/386/466 1452/386/466 1453/386/466
f 1450/386/467 1452/386/467 1454/386/467
f 1461/386/468 1458/386/468 1455/386/468
f 1456/386/469 1459/386/469 1460/386/469
f 1457/386/470 1459/386/470 1461/386/470
f 1468/386/471 1465/386/471 1462/386/471
f 1463/386/472 1466/386/472 1467/386/472
f 1464/386/473 1466/386/473 1468/386/473
f 1475/386/474 1472/386/474 1469/386/474
f 1470/386/475 1473/386/475 1474/386/475
f 1471/386/476 1473/386/476 1475/386/476
f 1482/386/477 1479/386/477 1476/386/477
f 1477/386/478 1480/386/478 1481/386/478
f 1478/386/479 1480/386/479 1482/386/479
f 1483/386/480 1487/386/480 1486/386/480
f 1484/386/481 1487/386/481 1488/386/481
f 1485/386/482 1487/386/482 1489/386/482
f 1490/386/483 1494/386/483 1493/386/483
f 1491/386/484 1494/386/484 1495/386/484
f 1492/386/485 1494/386/485 1496/386/485
f 1443/386/486 1465/386/486 1463/386/486
f 1447/386/487 1462/386/487 1465/386/487
f 1446/386/488 1448/386/488 1442/386/488
f 1443/386/489 1454/386/489 1446/386/489
f 1453/386/490 1455/386/490 1449/386/490
f 1450/386/491 1461/386/491 1453/386/491
f 1456/386/492 1467/386/492 1464/386/492
f 1457/386/493 1467/386/493 1460/386/493
f 1469/386/494 1496/386/494 1490/386/494
f 1472/386/495 1492/386/495 1496/386/495
f 1485/386/496 1495/386/496 1492/386/496
f 1489/386/497 1491/386/497 1495/386/497
f 1482/386/498 1485/386/498 1478/386/498
f 1476/386/499 1488/386/499 1482/386/499
f 1470/386/500 1481/386/500 1478/386/500
f 1471/386/501 1481/386/501 1474/386/501
f 1444/386/502 1469/386/502 1441/386/502
f 1442/386/503 1475/386/503 1444/386/503
f 1448/386/504 1479/386/504 1477/386/504
f 1451/386/505 1476/386/505 1479/386/505
f 1455/386/506 1486/386/506 1484/386/506
f 1458/386/507 1483/386/507 1486/386/507
f 1468/386/508 1491/386/508 1464/386/508
f 1462/386/509 1493/386/509 1468/386/509
f 1441/386/22 1490/386/22 1462/386/22
f 1463/386/510 1450/386/510 1443/386/510
f 1442/386/23 1477/386/23 1471/386/23
f 1449/386/26 1484/386/26 1476/386/26
f 1464/386/25 1483/386/25 1456/386/25
f 1492/386/511 1478/386/511 1485/386/511
f 1497/386/512 1501/386/512 1500/386/512
f 1498/386/513 1501/386/513 1502/386/513
f 1499/386/514 1501/386/514 1503/386/514
f 1504/386/515 1508/386/515 1507/386/515
f 1505/386/516 1508/386/516 1509/386/516
f 1506/386/517 1508/386/517 1510/386/517
f 1517/386/518 1514/386/518 1511/386/518
f 1512/386/519 1515/386/519 1516/386/519
f 1513/386/520 1515/386/520 1517/386/520
f 1524/386/521 1521/386/521 1518/386/521
f 1519/386/522 1522/386/522 1523/386/522
f 1520/386/523 1522/386/523 1524/386/523
f 1531/386/524 1528/386/524 1525/386/524
f 1526/386/525 1529/386/525 1530/386/525
f 1527/386/526 1529/386/526 1531/386/526
f 1538/386/527 1535/386/527 1532/386/527
f 1533/386/528 1536/386/528 1537/386/528
f 1534/386/529 1536/386/529 1538/386/529
f 1539/386/530 1543/386/530 1542/386/530
f 1540/386/531 1543/386/531 1544/386/531
f 1541/386/532 1543/386/532 1545/386/532
f 1546/386/533 1550/386/533 1549/386/533
f 1547/386/534 1550/386/534 1551/386/534
f 1548/386/535 1550/386/535 1552/386/535
f 1499/386/536 1521/386/536 1519/386/536
f 1503/386/537 1518/386/537 1521/386/537
f 1502/386/538 1504/386/538 1498/386/538
f 1499/386/539 1510/386/539 1502/386/539
f 1509/386/540 1511/386/540 1505/386/540
f 1506/386/541 1517/386/541 1509/386/541
f 1512/386/542 1523/386/542 1520/386/542
f 1516/386/543 1519/386/543 1523/386/543
f 1525/386/544 1552/386/544 1546/386/544
f 1528/386/545 1548/386/545 1552/386/545
f 1541/386/546 1551/386/546 1548/386/546
f 1545/386/547 1547/386/547 1551/386/547
f 1538/386/548 1541/386/548 1534/386/548
f 1532/386/549 1544/386/549 1538/386/549
f 1530/386/550 1534/386/550 1526/386/550
f 1527/386/551 1537/386/551 1530/386/551
f 1500/386/552 1525/386/552 1497/386/552
f 1498/386/553 1531/386/553 1500/386/553
f 1504/386/554 1535/386/554 1533/386/554
f 1507/386/555 1532/386/555 1535/386/555
f 1511/386/556 1542/386/556 1540/386/556
f 1514/386/557 1539/386/557 1542/386/557
f 1524/386/558 1547/386/558 1520/386/558
f 1518/386/559 1549/386/559 1524/386/559
f 1497/386/22 1546/386/22 1518/386/22
f 1519/386/560 1506/386/560 1499/386/560
f 1498/386/23 1533/386/23 1527/386/23
f 1505/386/26 1540/386/26 1532/386/26
f 1520/386/25 1539/386/25 1512/386/25
f 1548/386/561 1534/386/561 1541/386/561
f 1553/386/562 1557/386/562 1556/386/562
f 1554/386/563 1557/386/563 1558/386/563
f 1555/386/564 1557/386/564 1559/386/564
f 1560/386/565 1564/386/565 1563/386/565
f 1561/386/566 1564/386/566 1565/386/566
f 1562/386/567 1564/386/567 1566/386/567
f 1573/386/568 1570/386/568 1567/386/568
f 1568/386/569 1571/386/569 1572/386/569
f 1569/386/570 1571/386/570 1573/386/570
f 1580/386/571 1577/386/571 1574/386/571
f 1575/386/572 1578/386/572 1579/386/572
f 1576/386/573 1578/386/573 1580/386/573
f 1587/386/574 1584/386/574 1581/386/574
f 1582/386/575 1585/386/575 1586/386/575
f 1583/386/576 1585/386/576 1587/386/576
f 1594/386/577 1591/386/577 1588/386/577
f 1589/386/578 1592/386/578 1593/386/578
f 1590/386/579 1592/386/579 1594/386/579
f 1595/386/580 1599/386/580 1598/386/580
f 1596/386/581 1599/386/581 1600/386/581
f 1597/386/582 1599/386/582 1601/386/582
f 1602/386/583 1606/386/583 1605/386/583
f 1603/386/584 1606/386/584 1607/386/584
f 1604/386/585 1606/386/585 1608/386/585
f 1555/386/586 1577/386/586 1575/386/586
f 1559/386/587 1574/386/587 1577/386/587
f 1558/386/588 1560/386/588 1554/386/588
f 1555/386/589 1566/386/589 1558/386/589
f 1565/386/590 1567/386/590 1561/386/590
f 1562/386/591 1573/386/591 1565/386/591
f 1568/386/592 1579/386/592 1576/386/592
f 1572/386/593 1575/386/593 1579/386/593
f 1581/386/594 1608/386/594 1602/386/594
f 1584/386/595 1604/386/595 1608/386/595
f 1597/386/596 1607/386/596 1604/386/596
f 1601/386/597 1603/386/597 1607/386/597
f 1594/386/598 1597/386/598 1590/386/598
f 1588/386/599 1600/386/599 1594/386/599
f 1586/386/600 1590/386/600 1582/386/600
f 1583/386/601 1593/386/601 1586/386/601
f 1556/386/602 1581/386/602 1553/386/602
f 1554/386/603 1587/386/603 1556/386/603
f 1560/386/604 1591/386/604 1589/386/604
f 1563/386/605 1588/386/605 1591/386/605
f 1567/386/606 1598/386/606 1596/386/606
f 1570/386/607 1595/386/607 1598/386/607
f 1580/386/608 1603/386/608 1576/386/608
f 1574/386/609 1605/386/609 1580/386/609
f 1553/386/22 1602/386/22 1574/386/22
f 1575/386/610 1562/386/610 1555/386/610
f 1554/386/23 1589/386/23 1583/386/23
f 1561/386/26 1596/386/26 1588/386/26
f 1576/386/25 1595/386/25 1568/386/25
f 1604/386/611 1590/386/611 1597/386/611
f 1609/386/612 1613/386/612 1612/386/612
f 1610/386/613 1613/386/613 1614/386/613
f 1611/386/614 1613/386/614 1615/386/614
f 1616/386/615 1620/386/615 1619/386/615
f 1617/386/616 1620/386/616 1621/386/616
f 1618/386/617 1620/386/617 1622/386/617
f 1629/386/618 1626/386/618 1623/386/618
f 1624/386/619 1627/386/619 1628/386/619
f 1625/386/620 1627/386/620 1629/386/620
f 1636/386/621 1633/386/621 1630/386/621
f 1631/386/622 1634/386/622 1635/386/622
f 1632/386/623 1634/386/623 1636/386/623
f 1643/386/624 1640/386/624 1637/386/624
f 1638/386/625 1641/386/625 1642/386/625
f 1639/386/626 1641/386/626 1643/386/626
f 1650/386/627 1647/386/627 1644/386/627
f 1645/386/628 1648/386/628 1649/386/628
f 1646/386/629 1648/386/629 1650/386/629
f 1651/386/630 1655/386/630 1654/386/630
f 1652/386/631 1655/386/631 1656/386/631
f 1653/386/632 1655/386/632 1657/386/632
f 1658/386/633 1662/386/633 1661/386/633
f 1659/386/634 1662/386/634 1663/386/634
f 1660/386/635 1662/386/635 1664/386/635
f 1611/386/636 1633/386/636 1631/386/636
f 1615/386/637 1630/386/637 1633/386/637
f 1614/386/638 1616/386/638 1610/386/638
f 1611/386/639 1622/386/639 1614/386/639
f 1621/386/640 1623/386/640 1617/386/640
f 1618/386/641 1629/386/641 1621/386/641
f 1624/386/642 1635/386/642 1632/386/642
f 1628/386/643 1631/386/643 1635/386/643
f 1637/386/644 1664/386/644 1658/386/644
f 1640/386/645 1660/386/645 1664/386/645
f 1653/386/646 1663/386/646 1660/386/646
f 1657/386/647 1659/386/647 1663/386/647
f 1650/386/648 1653/386/648 1646/386/648
f 1644/386/649 1656/386/649 1650/386/649
f 1642/386/650 1646/386/650 1638/386/650
f 1639/386/651 1649/386/651 1642/386/651
f 1612/386/652 1637/386/652 1609/386/652
f 1610/386/653 1643/386/653 1612/386/653
f 1616/386/654 1647/386/654 1645/386/654
f 1619/386/655 1644/386/655 1647/386/655
f 1623/386/656 1654/386/656 1652/386/656
f 1626/386/657 1651/386/657 1654/386/657
f 1636/386/658 1659/386/658 1632/386/658
f 1630/386/659 1661/386/659 1636/386/659
f 1609/386/22 1658/386/22 1630/386/22
f 1631/386/660 1618/386/660 1611/386/660
f 1610/386/23 1645/386/23 1639/386/23
f 1617/386/26 1652/386/26 1644/386/26
f 1632/386/25 1651/386/25 1624/386/25
f 1660/386/661 1646/386/661 1653/386/661
f 1665/386/662 1669/386/662 1668/386/662
f 1666/386/663 1669/386/663 1670/386/663
f 1667/386/664 1669/386/664 1671/386/664
f 1672/386/665 1676/386/665 1675/386/665
f 1673/386/666 1676/386/666 1677/386/666
f 1674/386/667 1676/386/667 1678/386/667
f 1685/386/668 1682/386/668 1679/386/668
f 1680/386/669 1683/386/669 1684/386/669
f 1681/386/670 1683/386/670 1685/386/670
f 1692/386/671 1689/386/671 1686/386/671
f 1687/386/672 1690/386/672 1691/386/672
f 1688/386/673 1690/386/673 1692/386/673
f 1699/386/674 1696/386/674 1693/386/674
f 1694/386/675 1697/386/675 1698/386/675
f 1695/386/676 1697/386/676 1699/386/676
f 1706/386/677 1703/386/677 1700/386/677
f 1701/386/678 1704/386/678 1705/386/678
f 1702/386/679 1704/386/679 1706/386/679
f 1707/386/680 1711/386/680 1710/386/680
f 1708/386/681 1711/386/681 1712/386/681
f 1709/386/682 1711/386/682 1713/386/682
f 1714/386/683 1718/386/683 1717/386/683
f 1715/386/684 1718/386/684 1719/386/684
f 1716/386/685 1718/386/685 1720/386/685
f 1667/386/686 1689/386/686 1687/386/686
f 1671/386/687 1686/386/687 1689/386/687
f 1670/386/688 1672/386/688 1666/386/688
f 1667/386/689 1678/386/689 1670/386/689
f 1677/386/690 1679/386/690 1673/386/690
f 1674/386/691 1685/386/691 1677/386/691
f 1680/386/692 1691/386/692 1688/386/692
f 1684/386/693 1687/386/693 1691/386/693
f 1693/386/694 1720/386/694 1714/386/694
f 1696/386/695 1716/386/695 1720/386/695
f 1709/386/696 1719/386/696 1716/386/696
f 1713/386/697 1715/386/697 1719/386/697
f 1706/386/698 1709/386/698 1702/386/698
f 1700/386/699 1712/386/699 1706/386/699
f 1698/386/700 1702/386/700 1694/386/700
f 1695/386/701 1705/386/701 1698/386/701
f 1668/386/702 1693/386/702 1665/386/702
f 1666/386/703 1699/386/703 1668/386/703
f 1672/386/704 1703/386/704 1701/386/704
f 1675/386/705 1700/386/705 1703/386/705
f 1679/386/706 1710/386/706 1708/386/706
f 1682/386/707 1707/386/707 1710/386/707
f 1692/386/708 1715/386/708 1688/386/708
f 1686/386/709 1717/386/709 1692/386/709
f 1665/386/22 1714/386/22 1686/386/22
f 1687/386/710 1674/386/710 1667/386/710
f 1666/386/23 1701/386/23 1695/386/23
f 1673/386/26 1708/386/26 1700/386/26
f 1688/386/25 1707/386/25 1680/386/25
f 1716/386/711 1702/386/711 1709/386/711
f 1727/386/712 1724/386/712 1721/386/712
f 1722/386/713 1725/386/713 1726/386/713
f 1723/386/714 1725/386/714 1727/386/714
f 1728/386/715 1732/386/715 1731/386/715
f 1731/386/716 1733/386/716 1729/386/716
f 1730/386/717 1732/386/717 1734/386/717
f 1735/386/718 1739/386/718 1738/386/718
f 1736/386/719 1739/386/719 1740/386/719
f 1737/386/720 1739/386/720 1741/386/720
f 1742/386/721 1746/386/721 1745/386/721
f 1743/386/722 1746/386/722 1747/386/722
f 1744/386/723 1746/386/723 1748/386/723
f 1749/386/724 1753/386/724 1752/386/724
f 1750/386/725 1753/386/725 1754/386/725
f 1751/386/726 1753/386/726 1755/386/726
f 1756/386/727 1760/386/727 1759/386/727
f 1757/386/728 1760/386/728 1761/386/728
f 1758/386/729 1760/386/729 1762/386/729
f 1763/386/730 1767/386/730 1766/386/730
f 1766/386/731 1768/386/731 1764/386/731
f 1765/386/732 1767/386/732 1769/386/732
f 1776/386/733 1773/386/733 1770/386/733
f 1771/386/734 1774/386/734 1775/386/734
f 1772/386/735 1774/386/735 1776/386/735
f 1727/386/736 1743/386/736 1723/386/736
f 1721/386/737 1745/386/737 1727/386/737
f 1726/386/738 1728/386/738 1722/386/738
f 1723/386/739 1734/386/739 1726/386/739
f 1729/386/740 1741/386/740 1735/386/740
f 1733/386/741 1737/386/741 1741/386/741
f 1736/386/742 1747/386/742 1744/386/742
f 1740/386/743 1743/386/743 1747/386/743
f 1752/386/744 1770/386/744 1749/386/744
f 1750/386/745 1776/386/745 1752/386/745
f 1765/386/746 1775/386/746 1772/386/746
f 1769/386/747 1771/386/747 1775/386/747
f 1758/386/748 1768/386/748 1765/386/748
f 1762/386/749 1764/386/749 1768/386/749
f 1754/386/750 1758/386/750 1750/386/750
f 1751/386/751 1761/386/751 1754/386/751
f 1721/386/702 1755/386/702 1749/386/702
f 1724/386/703 1751/386/703 1755/386/703
f 1731/386/704 1757/386/704 1728/386/704
f 1729/386/705 1759/386/705 1731/386/705
f 1738/386/706 1764/386/706 1735/386/706
f 1736/386/752 1766/386/752 1738/386/752
f 1744/386/708 1773/386/708 1771/386/708
f 1748/386/709 1770/386/709 1773/386/709
f 1742/386/22 1749/386/22 1770/386/22
f 1723/386/753 1737/386/753 1730/386/753
f 1722/386/23 1757/386/23 1751/386/23
f 1735/386/26 1756/386/26 1729/386/26
f 1744/386/25 1763/386/25 1736/386/25
f 1750/386/754 1765/386/754 1772/386/754
f 1783/386/755 1780/386/755 1777/386/755
f 1778/386/756 1781/386/756 1782/386/756
f 1779/386/757 1781/386/757 1783/386/757
f 1784/386/758 1788/386/758 1787/386/758
f 1787/386/759 1789/386/759 1785/386/759
f 1786/386/760 1788/386/760 1790/386/760
f 1791/386/761 1795/386/761 1794/386/761
f 1792/386/762 1795/386/762 1796/386/762
f 1793/386/763 1795/386/763 1797/386/763
f 1798/386/764 1802/386/764 1801/386/764
f 1799/386/765 1802/386/765 1803/386/765
f 1800/386/766 1802/386/766 1804/386/766
f 1805/386/767 1809/386/767 1808/386/767
f 1806/386/768 1809/386/768 1810/386/768
f 1807/386/769 1809/386/769 1811/386/769
f 1812/386/770 1816/386/770 1815/386/770
f 1813/386/771 1816/386/771 1817/386/771
f 1814/386/772 1816/386/772 1818/386/772
f 1819/386/773 1823/386/773 1822/386/773
f 1822/386/774 1824/386/774 1820/386/774
f 1821/386/775 1823/386/775 1825/386/775
f 1832/386/776 1829/386/776 1826/386/776
f 1827/386/777 1830/386/777 1831/386/777
f 1828/386/778 1830/386/778 1832/386/778
f 1783/386/779 1799/386/779 1779/386/779
f 1777/386/780 1801/386/780 1783/386/780
f 1782/386/781 1784/386/781 1778/386/781
f 1779/386/782 1790/386/782 1782/386/782
f 1785/386/783 1797/386/783 1791/386/783
f 1789/386/784 1793/386/784 1797/386/784
f 1792/386/785 1803/386/785 1800/386/785
f 1796/386/786 1799/386/786 1803/386/786
f 1808/386/787 1826/386/787 1805/386/787
f 1806/386/788 1832/386/788 1808/386/788
f 1821/386/789 1831/386/789 1828/386/789
f 1825/386/790 1827/386/790 1831/386/790
f 1814/386/791 1824/386/791 1821/386/791
f 1818/386/792 1820/386/792 1824/386/792
f 1810/386/793 1814/386/793 1806/386/793
f 1807/386/794 1817/386/794 1810/386/794
f 1777/386/652 1811/386/652 1805/386/652
f 1780/386/653 1807/386/653 1811/386/653
f 1787/386/654 1813/386/654 1784/386/654
f 1785/386/655 1815/386/655 1787/386/655
f 1794/386/656 1820/386/656 1791/386/656
f 1792/386/657 1822/386/657 1794/386/657
f 1800/386/658 1829/386/658 1827/386/658
f 1804/386/659 1826/386/659 1829/386/659
f 1798/386/22 1805/386/22 1826/386/22
f 1779/386/795 1793/386/795 1786/386/795
f 1778/386/23 1813/386/23 1807/386/23
f 1791/386/26 1812/386/26 1785/386/26
f 1800/386/25 1819/386/25 1792/386/25
f 1806/386/796 1821/386/796 1828/386/796
f 1839/386/797 1836/386/797 1833/386/797
f 1834/386/798 1837/386/798 1838/386/798
f 1835/386/799 1837/386/799 1839/386/799
f 1840/386/800 1844/386/800 1843/386/800
f 1843/386/801 1845/386/801 1841/386/801
f 1842/386/802 1844/386/802 1846/386/802
f 1847/386/803 1851/386/803 1850/386/803
f 1848/386/804 1851/386/804 1852/386/804
f 1849/386/805 1851/386/805 1853/386/805
f 1854/386/806 1858/386/806 1857/386/806
f 1855/386/807 1858/386/807 1859/386/807
f 1856/386/808 1858/386/808 1860/386/808
f 1861/386/809 1865/386/809 1864/386/809
f 1862/386/810 1865/386/810 1866/386/810
f 1863/386/811 1865/386/811 1867/386/811
f 1868/386/812 1872/386/812 1871/386/812
f 1869/386/813 1872/386/813 1873/386/813
f 1870/386/814 1872/386/814 1874/386/814
f 1875/386/815 1879/386/815 1878/386/815
f 1878/386/816 1880/386/816 1876/386/816
f 1877/386/817 1879/386/817 1881/386/817
f 1888/386/818 1885/386/818 1882/386/818
f 1883/386/819 1886/386/819 1887/386/819
f 1884/386/820 1886/386/820 1888/386/820
f 1839/386/821 1855/386/821 1835/386/821
f 1833/386/822 1857/386/822 1839/386/822
f 1838/386/823 1840/386/823 1834/386/823
f 1835/386/824 1846/386/824 1838/386/824
f 1841/386/825 1853/386/825 1847/386/825
f 1845/386/826 1849/386/826 1853/386/826
f 1848/386/827 1859/386/827 1856/386/827
f 1852/386/828 1855/386/828 1859/386/828
f 1864/386/829 1882/386/829 1861/386/829
f 1862/386/830 1888/386/830 1864/386/830
f 1877/386/831 1887/386/831 1884/386/831
f 1881/386/832 1883/386/832 1887/386/832
f 1870/386/833 1880/386/833 1877/386/833
f 1874/386/834 1876/386/834 1880/386/834
f 1866/386/835 1870/386/835 1862/386/835
f 1863/386/836 1873/386/836 1866/386/836
f 1833/386/602 1867/386/602 1861/386/602
f 1836/386/603 1863/386/603 1867/386/603
f 1843/386/837 1869/386/837 1840/386/837
f 1841/386/838 1871/386/838 1843/386/838
f 1850/386/839 1876/386/839 1847/386/839
f 1848/386/840 1878/386/840 1850/386/840
f 1856/386/608 1885/386/608 1883/386/608
f 1860/386/609 1882/386/609 1885/386/609
f 1854/386/22 1861/386/22 1882/386/22
f 1835/386/841 1849/386/841 1842/386/841
f 1834/386/23 1869/386/23 1863/386/23
f 1847/386/26 1868/386/26 1841/386/26
f 1856/386/25 1875/386/25 1848/386/25
f 1862/386/842 1877/386/842 1884/386/842
f 1895/386/843 1892/386/843 1889/386/843
f 1890/386/844 1893/386/844 1894/386/844
f 1891/386/845 1893/386/845 1895/386/845
f 1896/386/846 1900/386/846 1899/386/846
f 1899/386/847 1901/386/847 1897/386/847
f 1898/386/848 1900/386/848 1902/386/848
f 1903/386/849 1907/386/849 1906/386/849
f 1904/386/850 1907/386/850 1908/386/850
f 1905/386/851 1907/386/851 1909/386/851
f 1910/386/852 1914/386/852 1913/386/852
f 1911/386/853 1914/386/853 1915/386/853
f 1912/386/854 1914/386/854 1916/386/854
f 1917/386/855 1921/386/855 1920/386/855
f 1918/386/856 1921/386/856 1922/386/856
f 1919/386/857 1921/386/857 1923/386/857
f 1924/386/858 1928/386/858 1927/386/858
f 1925/386/859 1928/386/859 1929/386/859
f 1926/386/860 1928/386/860 1930/386/860
f 1931/386/861 1935/386/861 1934/386/861
f 1934/386/862 1936/386/862 1932/386/862
f 1933/386/863 1935/386/863 1937/386/863
f 1944/386/864 1941/386/864 1938/386/864
f 1939/386/865 1942/386/865 1943/386/865
f 1940/386/866 1942/386/866 1944/386/866
f 1895/386/867 1911/386/867 1891/386/867
f 1889/386/868 1913/386/868 1895/386/868
f 1894/386/869 1896/386/869 1890/386/869
f 1891/386/870 1902/386/870 1894/386/870
f 1897/386/871 1909/386/871 1903/386/871
f 1901/386/872 1905/386/872 1909/386/872
f 1904/386/873 1915/386/873 1912/386/873
f 1908/386/874 1911/386/874 1915/386/874
f 1920/386/875 1938/386/875 1917/386/875
f 1918/386/876 1944/386/876 1920/386/876
f 1933/386/877 1943/386/877 1940/386/877
f 1937/386/878 1939/386/878 1943/386/878
f 1926/386/879 1936/386/879 1933/386/879
f 1930/386/880 1932/386/880 1936/386/880
f 1922/386/881 1926/386/881 1918/386/881
f 1919/386/882 1929/386/882 1922/386/882
f 1889/386/552 1923/386/552 1917/386/552
f 1892/386/553 1919/386/553 1923/386/553
f 1899/386/554 1925/386/554 1896/386/554
f 1897/386/883 1927/386/883 1899/386/883
f 1906/386/884 1932/386/884 1903/386/884
f 1904/386/885 1934/386/885 1906/386/885
f 1912/386/558 1941/386/558 1939/386/558
f 1916/386/886 1938/386/886 1941/386/886
f 1910/386/22 1917/386/22 1938/386/22
f 1891/386/887 1905/386/887 1898/386/887
f 1890/386/23 1925/386/23 1919/386/23
f 1903/386/26 1924/386/26 1897/386/26
f 1912/386/25 1931/386/25 1904/386/25
f 1918/386/888 1933/386/888 1940/386/888
f 1951/386/889 1948/386/889 1945/386/889
f 1946/386/890 1949/386/890 1950/386/890
f 1947/386/891 1949/386/891 1951/386/891
f 1952/386/892 1956/386/892 1955/386/892
f 1955/386/893 1957/386/893 1953/386/893
f 1954/386/894 1956/386/894 1958/386/894
f 1959/386/895 1963/386/895 1962/386/895
f 1960/386/896 1963/386/896 1964/386/896
f 1961/386/897 1963/386/897 1965/386/897
f 1966/386/898 1970/386/898 1969/386/898
f 1967/386/899 1970/386/899 1971/386/899
f 1968/386/900 1970/386/900 1972/386/900
f 1973/386/901 1977/386/901 1976/386/901
f 1974/386/902 1977/386/902 1978/386/902
f 1975/386/903 1977/386/903 1979/386/903
f 1980/386/904 1984/386/904 1983/386/904
f 1981/386/905 1984/386/905 1985/386/905
f 1982/386/906 1984/386/906 1986/386/906
f 1987/386/907 1991/386/907 1990/386/907
f 1990/386/908 1992/386/908 1988/386/908
f 1989/386/909 1991/386/909 1993/386/909
f 2000/386/910 1997/386/910 1994/386/910
f 1995/386/911 1998/386/911 1999/386/911
f 1996/386/912 1998/386/912 2000/386/912
f 1951/386/913 1967/386/913 1947/386/913
f 1945/386/914 1969/386/914 1951/386/914
f 1950/386/915 1952/386/915 1946/386/915
f 1950/386/916 1954/386/916 1958/386/916
f 1953/386/917 1965/386/917 1959/386/917
f 1957/386/918 1961/386/918 1965/386/918
f 1960/386/919 1971/386/919 1968/386/919
f 1964/386/920 1967/386/920 1971/386/920
f 1976/386/921 1994/386/921 1973/386/921
f 1974/386/922 2000/386/922 1976/386/922
f 1993/386/923 1996/386/923 1989/386/923
f 1993/386/924 1995/386/924 1999/386/924
f 1982/386/925 1992/386/925 1989/386/925
f 1986/386/926 1988/386/926 1992/386/926
f 1978/386/927 1982/386/927 1974/386/927
f 1975/386/928 1985/386/928 1978/386/928
f 1945/386/502 1979/386/502 1973/386/502
f 1948/386/503 1975/386/503 1979/386/503
f 1955/386/504 1981/386/504 1952/386/504
f 1953/386/505 1983/386/505 1955/386/505
f 1962/386/506 1988/386/506 1959/386/506
f 1960/386/507 1990/386/507 1962/386/507
f 1968/386/508 1997/386/508 1995/386/508
f 1972/386/509 1994/386/509 1997/386/509
f 1966/386/22 1973/386/22 1994/386/22
f 1947/386/929 1961/386/929 1954/386/929
f 1946/386/23 1981/386/23 1975/386/23
f 1959/386/26 1980/386/26 1953/386/26
f 1968/386/25 1987/386/25 1960/386/25
f 1974/386/930 1989/386/930 1996/386/930
f 2007/386/931 2004/386/931 2001/386/931
f 2002/386/932 2005/386/932 2006/386/932
f 2003/386/933 2005/386/933 2007/386/933
f 2008/386/934 2012/386/934 2011/386/934
f 2011/386/935 2013/386/935 2009/386/935
f 2010/386/936 2012/386/936 2014/386/936
f 2015/386/937 2019/386/937 2018/386/937
f 2016/386/938 2019/386/938 2020/386/938
f 2017/386/939 2019/386/939 2021/386/939
f 2022/386/940 2026/386/940 2025/386/940
f 2023/386/941 2026/386/941 2027/386/941
f 2024/386/942 2026/386/942 2028/386/942
f 2029/386/943 2033/386/943 2032/386/943
f 2030/386/944 2033/386/944 2034/386/944
f 2031/386/945 2033/386/945 2035/386/945
f 2036/386/946 2040/386/946 2039/386/946
f 2037/386/947 2040/386/947 2041/386/947
f 2038/386/948 2040/386/948 2042/386/948
f 2043/386/949 2047/386/949 2046/386/949
f 2046/386/950 2048/386/950 2044/386/950
f 2045/386/951 2047/386/951 2049/386/951
f 2056/386/952 2053/386/952 2050/386/952
f 2051/386/953 2054/386/953 2055/386/953
f 2052/386/954 2054/386/954 2056/386/954
f 2007/386/955 2023/386/955 2003/386/955
f 2001/386/956 2025/386/956 2007/386/956
f 2006/386/957 2008/386/957 2002/386/957
f 2006/386/958 2010/386/958 2014/386/958
f 2009/386/959 2021/386/959 2015/386/959
f 2013/386/960 2017/386/960 2021/386/960
f 2016/386/961 2027/386/961 2024/386/961
f 2020/386/962 2023/386/962 2027/386/962
f 2032/386/963 2050/386/963 2029/386/963
f 2030/386/964 2056/386/964 2032/386/964
f 2049/386/965 2052/386/965 2045/386/965
f 2049/386/966 2051/386/966 2055/386/966
f 2038/386/967 2048/386/967 2045/386/967
f 2042/386/968 2044/386/968 2048/386/968
f 2034/386/969 2038/386/969 2030/386/969
f 2031/386/970 2041/386/970 2034/386/970
f 2001/386/452 2035/386/452 2029/386/452
f 2004/386/453 2031/386/453 2035/386/453
f 2011/386/454 2037/386/454 2008/386/454
f 2009/386/455 2039/386/455 2011/386/455
f 2018/386/456 2044/386/456 2015/386/456
f 2016/386/457 2046/386/457 2018/386/457
f 2024/386/458 2053/386/458 2051/386/458
f 2028/386/459 2050/386/459 2053/386/459
f 2022/386/22 2029/386/22 2050/386/22
f 2003/386/971 2017/386/971 2010/386/971
f 2002/386/23 2037/386/23 2031/386/23
f 2015/386/26 2036/386/26 2009/386/26
f 2024/386/25 2043/386/25 2016/386/25
f 2030/386/972 2045/386/972 2052/386/972
f 8/9/9 3/2/9 1/1/9
f 3/25/10 6/5/10 4/4/10
f 6/5/11 12/11/11 10/10/11
f 12/11/12 8/29/12 9/27/12
f 20/21/13 9/8/13 7/7/13
f 11/12/14 24/23/14 22/22/14
f 24/23/15 20/21/15 21/20/15
f 14/15/16 21/20/16 19/19/16
f 23/24/17 18/17/17 16/16/17
f 18/17/18 14/15/18 15/14/18
f 2/3/19 15/14/19 13/13/19
f 17/18/20 4/926/20 5/28/20
f 1/1/21 13/13/21 19/19/21
f 8/29/22 12/11/22 6/5/22
f 2/30/23 4/926/23 17/18/23
f 16/16/24 5/927/24 10/31/24
f 20/21/25 24/23/25 11/12/25
f 14/15/26 18/17/26 23/24/26
f 56/9/9 51/2/9 49/1/9
f 51/25/10 54/5/10 52/4/10
f 54/5/11 60/11/11 58/10/11
f 60/11/12 56/29/12 57/27/12
f 68/21/13 57/8/13 55/7/13
f 59/12/14 72/23/14 70/22/14
f 72/23/15 68/21/15 69/20/15
f 62/15/16 69/20/16 67/19/16
f 71/24/17 66/17/17 64/16/17
f 66/17/18 62/15/18 63/14/18
f 50/3/19 63/14/19 61/13/19
f 65/18/20 52/926/20 53/28/20
f 49/1/21 61/13/21 67/19/21
f 56/29/22 60/11/22 54/5/22
f 50/30/23 52/926/23 65/18/23
f 64/16/24 53/927/24 58/31/24
f 68/21/25 72/23/25 59/12/25
f 62/15/26 66/17/26 71/24/26
f 104/9/9 99/2/9 97/1/9
f 99/25/10 102/5/10 100/4/10
f 102/5/11 108/11/11 106/10/11
f 108/11/12 104/29/12 105/27/12
f 116/21/13 105/8/13 103/7/13
f 107/12/14 120/23/14 118/22/14
f 120/23/15 116/21/15 117/20/15
f 110/15/16 117/20/16 115/19/16
f 119/24/17 114/17/17 112/16/17
f 114/17/18 110/15/18 111/14/18
f 98/3/19 111/14/19 109/13/19
f 113/18/20 100/926/20 101/28/20
f 97/1/21 109/13/21 115/19/21
f 104/29/22 108/11/22 102/5/22
f 98/30/23 100/926/23 113/18/23
f 112/16/24 101/927/24 106/31/24
f 116/21/25 120/23/25 107/12/25
f 110/15/26 114/17/26 119/24/26
f 152/9/9 147/2/9 145/1/9
f 147/25/10 150/5/10 148/4/10
f 150/5/11 156/11/11 154/10/11
f 156/11/12 152/29/12 153/27/12
f 164/21/13 153/8/13 151/7/13
f 155/12/14 168/23/14 166/22/14
f 168/23/15 164/21/15 165/20/15
f 158/15/16 165/20/16 163/19/16
f 167/24/17 162/17/17 160/16/17
f 162/17/18 158/15/18 159/14/18
f 146/3/19 159/14/19 157/13/19
f 161/18/20 148/926/20 149/28/20
f 145/1/21 157/13/21 163/19/21
f 152/29/22 156/11/22 150/5/22
f 146/30/23 148/926/23 161/18/23
f 160/16/24 149/927/24 154/31/24
f 164/21/25 168/23/25 155/12/25
f 158/15/26 162/17/26 167/24/26
f 728/181/9 723/174/9 721/173/9
f 723/197/10 726/177/10 724/176/10
f 726/177/11 732/183/11 730/182/11
f 732/183/12 728/201/12 729/199/12
f 740/193/13 729/180/13 727/179/13
f 731/204/14 744/195/14 742/194/14
f 744/195/15 740/193/15 741/207/15
f 734/205/16 741/207/16 739/191/16
f 743/208/17 738/206/17 736/188/17
f 738/206/18 734/205/18 735/186/18
f 722/175/19 735/186/19 733/185/19
f 737/190/20 724/933/20 725/200/20
f 721/173/21 733/185/21 739/191/21
f 728/201/22 732/183/22 726/177/22
f 722/202/23 724/933/23 737/190/23
f 736/188/24 725/934/24 730/203/24
f 740/193/25 744/195/25 731/204/25
f 734/205/26 738/206/26 743/208/26
f 752/217/241 747/210/241 745/209/241
f 747/233/1479 750/213/1479 748/212/1479
f 750/213/243 756/219/243 754/218/243
f 756/219/1480 752/238/1480 753/235/1480
f 764/229/245 753/216/245 751/215/245
f 754/218/1481 755/220/1481 768/231/1481
f 768/231/247 764/229/247 765/228/247
f 758/223/248 765/228/248 763/227/248
f 767/232/249 762/225/249 760/224/249
f 761/226/250 762/225/250 758/223/250
f 746/211/288 759/222/288 757/221/288
f 760/224/289 761/226/289 748/236/289
f 745/209/253 757/221/253 763/227/253
f 752/238/254 756/219/254 750/213/254
f 746/239/23 748/236/23 761/226/23
f 760/224/255 749/935/255 754/240/255
f 764/229/25 768/231/25 755/220/25
f 758/223/256 762/225/256 767/232/256
f 776/217/265 771/210/265 769/241/265
f 771/233/266 774/213/266 772/212/266
f 774/213/267 780/219/267 778/245/267
f 780/219/268 776/238/268 777/256/268
f 788/253/269 777/244/269 775/243/269
f 778/245/270 779/246/270 792/255/270
f 791/232/271 792/255/271 788/253/271
f 782/249/272 789/228/272 787/252/272
f 791/232/273 786/225/273 784/250/273
f 786/225/274 782/249/274 783/248/274
f 770/242/275 783/248/275 781/247/275
f 784/250/276 785/251/276 772/257/276
f 769/241/277 781/247/277 787/252/277
f 776/238/278 780/219/278 774/213/278
f 783/248/25 770/936/25 772/257/25
f 784/250/279 773/937/279 778/259/279
f 788/253/23 792/255/23 779/246/23
f 782/249/1482 786/225/1482 791/232/1482
f 992/181/9 987/174/9 985/173/9
f 987/197/10 990/177/10 988/176/10
f 990/177/11 996/183/11 994/182/11
f 996/183/12 992/201/12 993/199/12
f 1004/260/13 993/180/13 991/179/13
f 995/184/14 1008/195/14 1006/194/14
f 1008/195/15 1004/260/15 1005/192/15
f 998/187/16 1005/192/16 1003/191/16
f 1007/196/17 1002/189/17 1000/188/17
f 1002/189/18 998/187/18 999/186/18
f 986/175/19 999/186/19 997/185/19
f 1001/190/20 988/933/20 989/200/20
f 985/173/21 997/185/21 1003/191/21
f 992/201/22 996/183/22 990/177/22
f 986/202/23 988/933/23 1001/190/23
f 1000/188/24 989/934/24 994/203/24
f 1004/260/25 1008/195/25 995/184/25
f 998/187/26 1002/189/26 1007/196/26
f 1016/217/241 1011/210/241 1009/209/241
f 1010/234/242 1011/233/242 1014/213/242
f 1014/213/243 1020/219/243 1018/218/243
f 1019/261/244 1020/219/244 1016/238/244
f 1028/229/1483 1017/216/1483 1015/215/1483
f 1019/261/246 1032/231/246 1030/230/246
f 1032/231/247 1028/229/247 1029/228/247
f 1022/249/248 1029/228/248 1027/227/248
f 1031/232/249 1026/225/249 1024/224/249
f 1025/226/250 1026/225/250 1022/249/250
f 1009/209/288 1010/211/288 1023/222/288
f 1024/224/252 1025/226/252 1012/236/252
f 1009/209/253 1021/221/253 1027/227/253
f 1016/238/254 1020/219/254 1014/213/254
f 1010/239/23 1012/236/23 1025/226/23
f 1024/224/255 1013/935/255 1018/240/255
f 1028/229/25 1032/231/25 1019/261/25
f 1022/249/256 1026/225/256 1031/232/256
f 1040/217/265 1035/210/265 1033/241/265
f 1034/234/266 1035/233/266 1038/213/266
f 1038/213/267 1044/219/267 1042/245/267
f 1043/246/268 1044/219/268 1040/238/268
f 1052/253/269 1041/244/269 1039/243/269
f 1043/246/270 1056/255/270 1054/254/270
f 1055/232/271 1056/255/271 1052/253/271
f 1046/249/272 1053/228/272 1051/252/272
f 1055/232/273 1050/225/273 1048/250/273
f 1050/225/274 1046/249/274 1047/248/274
f 1034/242/275 1047/248/275 1045/247/275
f 1048/250/276 1049/251/276 1036/257/276
f 1033/241/277 1045/247/277 1051/252/277
f 1040/238/278 1044/219/278 1038/213/278
f 1047/248/25 1034/936/25 1036/257/25
f 1048/250/279 1037/937/279 1042/259/279
f 1052/253/23 1056/255/23 1043/246/23
f 1046/249/1482 1050/225/1482 1055/232/1482
f 1064/270/9 1059/263/9 1057/262/9
f 1059/286/10 1062/266/10 1060/265/10
f 1062/266/11 1068/272/11 1066/271/11
f 1068/272/12 1064/290/12 1065/288/12
f 1076/282/13 1065/269/13 1063/268/13
f 1067/273/14 1080/284/14 1078/283/14
f 1080/284/15 1076/282/15 1077/281/15
f 1070/276/16 1077/281/16 1075/280/16
f 1079/285/17 1074/278/17 1072/277/17
f 1074/278/18 1070/276/18 1071/275/18
f 1058/264/19 1071/275/19 1069/274/19
f 1073/279/20 1060/938/20 1061/289/20
f 1057/262/21 1069/274/21 1075/280/21
f 1064/290/22 1068/272/22 1062/266/22
f 1058/291/23 1060/938/23 1073/279/23
f 1072/277/24 1061/939/24 1066/292/24
f 1076/282/25 1080/284/25 1067/273/25
f 1070/276/26 1074/278/26 1079/285/26
f 1088/270/9 1083/263/9 1081/262/9
f 1083/286/10 1086/266/10 1084/265/10
f 1086/266/11 1092/272/11 1090/271/11
f 1092/272/12 1088/290/12 1089/288/12
f 1100/282/13 1089/269/13 1087/268/13
f 1091/293/14 1104/284/14 1102/283/14
f 1104/284/15 1100/282/15 1101/281/15
f 1094/294/16 1101/281/16 1099/280/16
f 1103/296/17 1098/295/17 1096/277/17
f 1098/295/18 1094/294/18 1095/275/18
f 1082/264/19 1095/275/19 1093/274/19
f 1097/279/20 1084/938/20 1085/289/20
f 1081/262/21 1093/274/21 1099/280/21
f 1088/290/22 1092/272/22 1086/266/22
f 1082/291/23 1084/938/23 1097/279/23
f 1096/277/24 1085/939/24 1090/292/24
f 1100/282/25 1104/284/25 1091/293/25
f 1094/294/26 1098/295/26 1103/296/26
f 1385/386/1517 1391/386/1517 1389/386/1517
f 1386/386/1518 1388/386/1518 1389/386/1518
f 1387/386/1519 1390/386/1519 1389/386/1519
f 1392/386/1520 1398/386/1520 1396/386/1520
f 1393/386/1521 1395/386/1521 1396/386/1521
f 1394/386/1522 1397/386/1522 1396/386/1522
f 1405/386/1523 1403/386/1523 1402/386/1523
f 1400/386/1524 1402/386/1524 1403/386/1524
f 1401/386/1525 1404/386/1525 1403/386/1525
f 1412/386/1526 1410/386/1526 1409/386/1526
f 1407/386/1527 1409/386/1527 1410/386/1527
f 1408/386/1528 1411/386/1528 1410/386/1528
f 1419/386/1529 1417/386/1529 1416/386/1529
f 1414/386/1530 1416/386/1530 1417/386/1530
f 1415/386/1531 1418/386/1531 1417/386/1531
f 1426/386/1532 1424/386/1532 1423/386/1532
f 1421/386/1533 1423/386/1533 1424/386/1533
f 1422/386/1534 1425/386/1534 1424/386/1534
f 1427/386/1535 1433/386/1535 1431/386/1535
f 1428/386/1536 1430/386/1536 1431/386/1536
f 1429/386/1537 1432/386/1537 1431/386/1537
f 1434/386/1538 1440/386/1538 1438/386/1538
f 1435/386/1539 1437/386/1539 1438/386/1539
f 1436/386/1540 1439/386/1540 1438/386/1540
f 1387/386/1541 1391/386/1541 1409/386/1541
f 1391/386/437 1385/386/437 1406/386/437
f 1390/386/438 1398/386/438 1392/386/438
f 1387/386/439 1394/386/439 1398/386/439
f 1397/386/1542 1405/386/1542 1399/386/1542
f 1394/386/1543 1401/386/1543 1405/386/1543
f 1400/386/442 1404/386/442 1411/386/442
f 1401/386/443 1407/386/443 1411/386/443
f 1413/386/444 1416/386/444 1440/386/444
f 1416/386/445 1414/386/445 1436/386/445
f 1429/386/446 1433/386/446 1439/386/446
f 1433/386/447 1427/386/447 1435/386/447
f 1426/386/1544 1432/386/1544 1429/386/1544
f 1420/386/449 1428/386/449 1432/386/449
f 1414/386/1545 1418/386/1545 1425/386/1545
f 1415/386/1546 1421/386/1546 1425/386/1546
f 1388/386/1547 1419/386/1547 1413/386/1547
f 1386/386/453 1415/386/453 1419/386/453
f 1392/386/454 1395/386/454 1423/386/454
f 1395/386/455 1393/386/455 1420/386/455
f 1399/386/456 1402/386/456 1430/386/456
f 1402/386/457 1400/386/457 1427/386/457
f 1412/386/458 1437/386/458 1435/386/458
f 1406/386/459 1434/386/459 1437/386/459
f 1385/386/22 1413/386/22 1434/386/22
f 1407/386/460 1401/386/460 1394/386/460
f 1386/386/23 1392/386/23 1421/386/23
f 1393/386/26 1399/386/26 1428/386/26
f 1408/386/25 1435/386/25 1427/386/25
f 1436/386/461 1414/386/461 1422/386/461
f 1441/386/1548 1447/386/1548 1445/386/1548
f 1442/386/1549 1444/386/1549 1445/386/1549
f 1443/386/1550 1446/386/1550 1445/386/1550
f 1448/386/1551 1454/386/1551 1452/386/1551
f 1449/386/1552 1451/386/1552 1452/386/1552
f 1450/386/1553 1453/386/1553 1452/386/1553
f 1461/386/1554 1459/386/1554 1458/386/1554
f 1456/386/1555 1458/386/1555 1459/386/1555
f 1457/386/1556 1460/386/1556 1459/386/1556
f 1468/386/1557 1466/386/1557 1465/386/1557
f 1463/386/1558 1465/386/1558 1466/386/1558
f 1464/386/1559 1467/386/1559 1466/386/1559
f 1475/386/1560 1473/386/1560 1472/386/1560
f 1470/386/1561 1472/386/1561 1473/386/1561
f 1471/386/1562 1474/386/1562 1473/386/1562
f 1482/386/1563 1480/386/1563 1479/386/1563
f 1477/386/1564 1479/386/1564 1480/386/1564
f 1478/386/1565 1481/386/1565 1480/386/1565
f 1483/386/1566 1489/386/1566 1487/386/1566
f 1484/386/1567 1486/386/1567 1487/386/1567
f 1485/386/1568 1488/386/1568 1487/386/1568
f 1490/386/1569 1496/386/1569 1494/386/1569
f 1491/386/1570 1493/386/1570 1494/386/1570
f 1492/386/1571 1495/386/1571 1494/386/1571
f 1443/386/1572 1447/386/1572 1465/386/1572
f 1447/386/487 1441/386/487 1462/386/487
f 1446/386/488 1454/386/488 1448/386/488
f 1443/386/1573 1450/386/1573 1454/386/1573
f 1453/386/1574 1461/386/1574 1455/386/1574
f 1450/386/1575 1457/386/1575 1461/386/1575
f 1456/386/1576 1460/386/1576 1467/386/1576
f 1457/386/493 1463/386/493 1467/386/493
f 1469/386/1577 1472/386/1577 1496/386/1577
f 1472/386/1578 1470/386/1578 1492/386/1578
f 1485/386/496 1489/386/496 1495/386/496
f 1489/386/497 1483/386/497 1491/386/497
f 1482/386/498 1488/386/498 1485/386/498
f 1476/386/499 1484/386/499 1488/386/499
f 1470/386/500 1474/386/500 1481/386/500
f 1471/386/501 1477/386/501 1481/386/501
f 1444/386/502 1475/386/502 1469/386/502
f 1442/386/503 1471/386/503 1475/386/503
f 1448/386/504 1451/386/504 1479/386/504
f 1451/386/505 1449/386/505 1476/386/505
f 1455/386/506 1458/386/506 1486/386/506
f 1458/386/507 1456/386/507 1483/386/507
f 1468/386/508 1493/386/508 1491/386/508
f 1462/386/509 1490/386/509 1493/386/509
f 1441/386/22 1469/386/22 1490/386/22
f 1463/386/510 1457/386/510 1450/386/510
f 1442/386/23 1448/386/23 1477/386/23
f 1449/386/26 1455/386/26 1484/386/26
f 1464/386/25 1491/386/25 1483/386/25
f 1492/386/511 1470/386/511 1478/386/511
f 1497/386/1579 1503/386/1579 1501/386/1579
f 1498/386/1580 1500/386/1580 1501/386/1580
f 1499/386/1581 1502/386/1581 1501/386/1581
f 1504/386/1582 1510/386/1582 1508/386/1582
f 1505/386/1583 1507/386/1583 1508/386/1583
f 1506/386/1584 1509/386/1584 1508/386/1584
f 1517/386/1585 1515/386/1585 1514/386/1585
f 1512/386/1586 1514/386/1586 1515/386/1586
f 1513/386/1587 1516/386/1587 1515/386/1587
f 1524/386/1588 1522/386/1588 1521/386/1588
f 1519/386/1589 1521/386/1589 1522/386/1589
f 1520/386/1590 1523/386/1590 1522/386/1590
f 1531/386/1591 1529/386/1591 1528/386/1591
f 1526/386/1592 1528/386/1592 1529/386/1592
f 1527/386/1593 1530/386/1593 1529/386/1593
f 1538/386/1594 1536/386/1594 1535/386/1594
f 1533/386/1595 1535/386/1595 1536/386/1595
f 1534/386/1596 1537/386/1596 1536/386/1596
f 1539/386/1597 1545/386/1597 1543/386/1597
f 1540/386/1598 1542/386/1598 1543/386/1598
f 1541/386/1599 1544/386/1599 1543/386/1599
f 1546/386/1600 1552/386/1600 1550/386/1600
f 1547/386/1601 1549/386/1601 1550/386/1601
f 1548/386/1602 1551/386/1602 1550/386/1602
f 1499/386/1603 1503/386/1603 1521/386/1603
f 1503/386/1604 1497/386/1604 1518/386/1604
f 1502/386/538 1510/386/538 1504/386/538
f 1499/386/1605 1506/386/1605 1510/386/1605
f 1509/386/1606 1517/386/1606 1511/386/1606
f 1506/386/541 1513/386/541 1517/386/541
f 1512/386/542 1516/386/542 1523/386/542
f 1516/386/543 1513/386/543 1519/386/543
f 1525/386/1607 1528/386/1607 1552/386/1607
f 1528/386/545 1526/386/545 1548/386/545
f 1541/386/1608 1545/386/1608 1551/386/1608
f 1545/386/547 1539/386/547 1547/386/547
f 1538/386/548 1544/386/548 1541/386/548
f 1532/386/1609 1540/386/1609 1544/386/1609
f 1530/386/550 1537/386/550 1534/386/550
f 1527/386/1610 1533/386/1610 1537/386/1610
f 1500/386/1611 1531/386/1611 1525/386/1611
f 1498/386/553 1527/386/553 1531/386/553
f 1504/386/1612 1507/386/1612 1535/386/1612
f 1507/386/883 1505/386/883 1532/386/883
f 1511/386/1613 1514/386/1613 1542/386/1613
f 1514/386/557 1512/386/557 1539/386/557
f 1524/386/558 1549/386/558 1547/386/558
f 1518/386/886 1546/386/886 1549/386/886
f 1497/386/22 1525/386/22 1546/386/22
f 1519/386/560 1513/386/560 1506/386/560
f 1498/386/23 1504/386/23 1533/386/23
f 1505/386/26 1511/386/26 1540/386/26
f 1520/386/25 1547/386/25 1539/386/25
f 1548/386/561 1526/386/561 1534/386/561
f 1553/386/1614 1559/386/1614 1557/386/1614
f 1554/386/1615 1556/386/1615 1557/386/1615
f 1555/386/1616 1558/386/1616 1557/386/1616
f 1560/386/1617 1566/386/1617 1564/386/1617
f 1561/386/1618 1563/386/1618 1564/386/1618
f 1562/386/1619 1565/386/1619 1564/386/1619
f 1573/386/1620 1571/386/1620 1570/386/1620
f 1568/386/1621 1570/386/1621 1571/386/1621
f 1569/386/1622 1572/386/1622 1571/386/1622
f 1580/386/1623 1578/386/1623 1577/386/1623
f 1575/386/1624 1577/386/1624 1578/386/1624
f 1576/386/1625 1579/386/1625 1578/386/1625
f 1587/386/1626 1585/386/1626 1584/386/1626
f 1582/386/1627 1584/386/1627 1585/386/1627
f 1583/386/1628 1586/386/1628 1585/386/1628
f 1594/386/1629 1592/386/1629 1591/386/1629
f 1589/386/1630 1591/386/1630 1592/386/1630
f 1590/386/1631 1593/386/1631 1592/386/1631
f 1595/386/1632 1601/386/1632 1599/386/1632
f 1596/386/1633 1598/386/1633 1599/386/1633
f 1597/386/1634 1600/386/1634 1599/386/1634
f 1602/386/1635 1608/386/1635 1606/386/1635
f 1603/386/1636 1605/386/1636 1606/386/1636
f 1604/386/1637 1607/386/1637 1606/386/1637
f 1555/386/586 1559/386/586 1577/386/586
f 1559/386/1638 1553/386/1638 1574/386/1638
f 1558/386/588 1566/386/588 1560/386/588
f 1555/386/589 1562/386/589 1566/386/589
f 1565/386/590 1573/386/590 1567/386/590
f 1562/386/1639 1569/386/1639 1573/386/1639
f 1568/386/592 1572/386/592 1579/386/592
f 1572/386/593 1569/386/593 1575/386/593
f 1581/386/1640 1584/386/1640 1608/386/1640
f 1584/386/595 1582/386/595 1604/386/595
f 1597/386/596 1601/386/596 1607/386/596
f 1601/386/597 1595/386/597 1603/386/597
f 1594/386/598 1600/386/598 1597/386/598
f 1588/386/599 1596/386/599 1600/386/599
f 1586/386/600 1593/386/600 1590/386/600
f 1583/386/1641 1589/386/1641 1593/386/1641
f 1556/386/602 1587/386/602 1581/386/602
f 1554/386/603 1583/386/603 1587/386/603
f 1560/386/837 1563/386/837 1591/386/837
f 1563/386/605 1561/386/605 1588/386/605
f 1567/386/839 1570/386/839 1598/386/839
f 1570/386/607 1568/386/607 1595/386/607
f 1580/386/608 1605/386/608 1603/386/608
f 1574/386/609 1602/386/609 1605/386/609
f 1553/386/22 1581/386/22 1602/386/22
f 1575/386/610 1569/386/610 1562/386/610
f 1554/386/23 1560/386/23 1589/386/23
f 1561/386/26 1567/386/26 1596/386/26
f 1576/386/25 1603/386/25 1595/386/25
f 1604/386/611 1582/386/611 1590/386/611
f 1609/386/1642 1615/386/1642 1613/386/1642
f 1610/386/1643 1612/386/1643 1613/386/1643
f 1611/386/1644 1614/386/1644 1613/386/1644
f 1616/386/1645 1622/386/1645 1620/386/1645
f 1617/386/1646 1619/386/1646 1620/386/1646
f 1618/386/1647 1621/386/1647 1620/386/1647
f 1629/386/1648 1627/386/1648 1626/386/1648
f 1624/386/1649 1626/386/1649 1627/386/1649
f 1625/386/1650 1628/386/1650 1627/386/1650
f 1636/386/1651 1634/386/1651 1633/386/1651
f 1631/386/1652 1633/386/1652 1634/386/1652
f 1632/386/1653 1635/386/1653 1634/386/1653
f 1643/386/1654 1641/386/1654 1640/386/1654
f 1638/386/1655 1640/386/1655 1641/386/1655
f 1639/386/1656 1642/386/1656 1641/386/1656
f 1650/386/1657 1648/386/1657 1647/386/1657
f 1645/386/1658 1647/386/1658 1648/386/1658
f 1646/386/1659 1649/386/1659 1648/386/1659
f 1651/386/1660 1657/386/1660 1655/386/1660
f 1652/386/1661 1654/386/1661 1655/386/1661
f 1653/386/1662 1656/386/1662 1655/386/1662
f 1658/386/1663 1664/386/1663 1662/386/1663
f 1659/386/1664 1661/386/1664 1662/386/1664
f 1660/386/1665 1663/386/1665 1662/386/1665
f 1611/386/1666 1615/386/1666 1633/386/1666
f 1615/386/637 1609/386/637 1630/386/637
f 1614/386/638 1622/386/638 1616/386/638
f 1611/386/639 1618/386/639 1622/386/639
f 1621/386/640 1629/386/640 1623/386/640
f 1618/386/641 1625/386/641 1629/386/641
f 1624/386/642 1628/386/642 1635/386/642
f 1628/386/643 1625/386/643 1631/386/643
f 1637/386/1667 1640/386/1667 1664/386/1667
f 1640/386/1668 1638/386/1668 1660/386/1668
f 1653/386/646 1657/386/646 1663/386/646
f 1657/386/647 1651/386/647 1659/386/647
f 1650/386/1669 1656/386/1669 1653/386/1669
f 1644/386/649 1652/386/649 1656/386/649
f 1642/386/650 1649/386/650 1646/386/650
f 1639/386/1670 1645/386/1670 1649/386/1670
f 1612/386/652 1643/386/652 1637/386/652
f 1610/386/653 1639/386/653 1643/386/653
f 1616/386/654 1619/386/654 1647/386/654
f 1619/386/655 1617/386/655 1644/386/655
f 1623/386/1671 1626/386/1671 1654/386/1671
f 1626/386/657 1624/386/657 1651/386/657
f 1636/386/658 1661/386/658 1659/386/658
f 1630/386/659 1658/386/659 1661/386/659
f 1609/386/22 1637/386/22 1658/386/22
f 1631/386/660 1625/386/660 1618/386/660
f 1610/386/23 1616/386/23 1645/386/23
f 1617/386/26 1623/386/26 1652/386/26
f 1632/386/25 1659/386/25 1651/386/25
f 1660/386/661 1638/386/661 1646/386/661
f 1665/386/1672 1671/386/1672 1669/386/1672
f 1666/386/1673 1668/386/1673 1669/386/1673
f 1667/386/1674 1670/386/1674 1669/386/1674
f 1672/386/1675 1678/386/1675 1676/386/1675
f 1673/386/1676 1675/386/1676 1676/386/1676
f 1674/386/1677 1677/386/1677 1676/386/1677
f 1685/386/1678 1683/386/1678 1682/386/1678
f 1680/386/1679 1682/386/1679 1683/386/1679
f 1681/386/1680 1684/386/1680 1683/386/1680
f 1692/386/1681 1690/386/1681 1689/386/1681
f 1687/386/1682 1689/386/1682 1690/386/1682
f 1688/386/1683 1691/386/1683 1690/386/1683
f 1699/386/1684 1697/386/1684 1696/386/1684
f 1694/386/1685 1696/386/1685 1697/386/1685
f 1695/386/1686 1698/386/1686 1697/386/1686
f 1706/386/1687 1704/386/1687 1703/386/1687
f 1701/386/1688 1703/386/1688 1704/386/1688
f 1702/386/1689 1705/386/1689 1704/386/1689
f 1707/386/1690 1713/386/1690 1711/386/1690
f 1708/386/1691 1710/386/1691 1711/386/1691
f 1709/386/1692 1712/386/1692 1711/386/1692
f 1714/386/1693 1720/386/1693 1718/386/1693
f 1715/386/1694 1717/386/1694 1718/386/1694
f 1716/386/1695 1719/386/1695 1718/386/1695
f 1667/386/686 1671/386/686 1689/386/686
f 1671/386/687 1665/386/687 1686/386/687
f 1670/386/688 1678/386/688 1672/386/688
f 1667/386/689 1674/386/689 1678/386/689
f 1677/386/1696 1685/386/1696 1679/386/1696
f 1674/386/1697 1681/386/1697 1685/386/1697
f 1680/386/692 1684/386/692 1691/386/692
f 1684/386/693 1681/386/693 1687/386/693
f 1693/386/694 1696/386/694 1720/386/694
f 1696/386/695 1694/386/695 1716/386/695
f 1709/386/1698 1713/386/1698 1719/386/1698
f 1713/386/697 1707/386/697 1715/386/697
f 1706/386/1699 1712/386/1699 1709/386/1699
f 1700/386/699 1708/386/699 1712/386/699
f 1698/386/700 1705/386/700 1702/386/700
f 1695/386/701 1701/386/701 1705/386/701
f 1668/386/1700 1699/386/1700 1693/386/1700
f 1666/386/703 1695/386/703 1699/386/703
f 1672/386/704 1675/386/704 1703/386/704
f 1675/386/705 1673/386/705 1700/386/705
f 1679/386/706 1682/386/706 1710/386/706
f 1682/386/752 1680/386/752 1707/386/752
f 1692/386/708 1717/386/708 1715/386/708
f 1686/386/709 1714/386/709 1717/386/709
f 1665/386/22 1693/386/22 1714/386/22
f 1687/386/710 1681/386/710 1674/386/710
f 1666/386/23 1672/386/23 1701/386/23
f 1673/386/26 1679/386/26 1708/386/26
f 1688/386/25 1715/386/25 1707/386/25
f 1716/386/711 1694/386/711 1702/386/711
f 1727/386/1701 1725/386/1701 1724/386/1701
f 1722/386/1702 1724/386/1702 1725/386/1702
f 1723/386/1703 1726/386/1703 1725/386/1703
f 1728/386/1704 1734/386/1704 1732/386/1704
f 1731/386/1705 1732/386/1705 1733/386/1705
f 1730/386/1706 1733/386/1706 1732/386/1706
f 1735/386/1707 1741/386/1707 1739/386/1707
f 1736/386/1708 1738/386/1708 1739/386/1708
f 1737/386/1709 1740/386/1709 1739/386/1709
f 1742/386/1710 1748/386/1710 1746/386/1710
f 1743/386/1711 1745/386/1711 1746/386/1711
f 1744/386/1712 1747/386/1712 1746/386/1712
f 1749/386/1713 1755/386/1713 1753/386/1713
f 1750/386/1714 1752/386/1714 1753/386/1714
f 1751/386/1715 1754/386/1715 1753/386/1715
f 1756/386/1716 1762/386/1716 1760/386/1716
f 1757/386/1717 1759/386/1717 1760/386/1717
f 1758/386/1718 1761/386/1718 1760/386/1718
f 1763/386/1719 1769/386/1719 1767/386/1719
f 1766/386/1720 1767/386/1720 1768/386/1720
f 1765/386/1721 1768/386/1721 1767/386/1721
f 1776/386/1722 1774/386/1722 1773/386/1722
f 1771/386/1723 1773/386/1723 1774/386/1723
f 1772/386/1724 1775/386/1724 1774/386/1724
f 1727/386/1725 1745/386/1725 1743/386/1725
f 1721/386/737 1742/386/737 1745/386/737
f 1726/386/738 1734/386/738 1728/386/738
f 1723/386/739 1730/386/739 1734/386/739
f 1729/386/1726 1733/386/1726 1741/386/1726
f 1733/386/741 1730/386/741 1737/386/741
f 1736/386/742 1740/386/742 1747/386/742
f 1740/386/743 1737/386/743 1743/386/743
f 1752/386/744 1776/386/744 1770/386/744
f 1750/386/745 1772/386/745 1776/386/745
f 1765/386/746 1769/386/746 1775/386/746
f 1769/386/747 1763/386/747 1771/386/747
f 1758/386/1727 1762/386/1727 1768/386/1727
f 1762/386/749 1756/386/749 1764/386/749
f 1754/386/1728 1761/386/1728 1758/386/1728
f 1751/386/751 1757/386/751 1761/386/751
f 1721/386/1700 1724/386/1700 1755/386/1700
f 1724/386/703 1722/386/703 1751/386/703
f 1731/386/1729 1759/386/1729 1757/386/1729
f 1729/386/705 1756/386/705 1759/386/705
f 1738/386/1730 1766/386/1730 1764/386/1730
f 1736/386/707 1763/386/707 1766/386/707
f 1744/386/708 1748/386/708 1773/386/708
f 1748/386/1731 1742/386/1731 1770/386/1731
f 1742/386/22 1721/386/22 1749/386/22
f 1723/386/753 1743/386/753 1737/386/753
f 1722/386/23 1728/386/23 1757/386/23
f 1735/386/26 1764/386/26 1756/386/26
f 1744/386/25 1771/386/25 1763/386/25
f 1750/386/754 1758/386/754 1765/386/754
f 1783/386/1732 1781/386/1732 1780/386/1732
f 1778/386/1733 1780/386/1733 1781/386/1733
f 1779/386/1734 1782/386/1734 1781/386/1734
f 1784/386/1735 1790/386/1735 1788/386/1735
f 1787/386/1736 1788/386/1736 1789/386/1736
f 1786/386/1737 1789/386/1737 1788/386/1737
f 1791/386/1738 1797/386/1738 1795/386/1738
f 1792/386/1739 1794/386/1739 1795/386/1739
f 1793/386/1740 1796/386/1740 1795/386/1740
f 1798/386/1741 1804/386/1741 1802/386/1741
f 1799/386/1742 1801/386/1742 1802/386/1742
f 1800/386/1743 1803/386/1743 1802/386/1743
f 1805/386/1744 1811/386/1744 1809/386/1744
f 1806/386/1745 1808/386/1745 1809/386/1745
f 1807/386/1746 1810/386/1746 1809/386/1746
f 1812/386/1747 1818/386/1747 1816/386/1747
f 1813/386/1748 1815/386/1748 1816/386/1748
f 1814/386/1749 1817/386/1749 1816/386/1749
f 1819/386/1750 1825/386/1750 1823/386/1750
f 1822/386/1751 1823/386/1751 1824/386/1751
f 1821/386/1752 1824/386/1752 1823/386/1752
f 1832/386/1753 1830/386/1753 1829/386/1753
f 1827/386/1754 1829/386/1754 1830/386/1754
f 1828/386/1755 1831/386/1755 1830/386/1755
f 1783/386/779 1801/386/779 1799/386/779
f 1777/386/780 1798/386/780 1801/386/780
f 1782/386/781 1790/386/781 1784/386/781
f 1779/386/1756 1786/386/1756 1790/386/1756
f 1785/386/783 1789/386/783 1797/386/783
f 1789/386/1757 1786/386/1757 1793/386/1757
f 1792/386/785 1796/386/785 1803/386/785
f 1796/386/786 1793/386/786 1799/386/786
f 1808/386/1758 1832/386/1758 1826/386/1758
f 1806/386/1759 1828/386/1759 1832/386/1759
f 1821/386/1760 1825/386/1760 1831/386/1760
f 1825/386/1761 1819/386/1761 1827/386/1761
f 1814/386/1762 1818/386/1762 1824/386/1762
f 1818/386/792 1812/386/792 1820/386/792
f 1810/386/793 1817/386/793 1814/386/793
f 1807/386/794 1813/386/794 1817/386/794
f 1777/386/652 1780/386/652 1811/386/652
f 1780/386/653 1778/386/653 1807/386/653
f 1787/386/654 1815/386/654 1813/386/654
f 1785/386/1763 1812/386/1763 1815/386/1763
f 1794/386/1671 1822/386/1671 1820/386/1671
f 1792/386/657 1819/386/657 1822/386/657
f 1800/386/658 1804/386/658 1829/386/658
f 1804/386/659 1798/386/659 1826/386/659
f 1798/386/22 1777/386/22 1805/386/22
f 1779/386/795 1799/386/795 1793/386/795
f 1778/386/23 1784/386/23 1813/386/23
f 1791/386/26 1820/386/26 1812/386/26
f 1800/386/25 1827/386/25 1819/386/25
f 1806/386/796 1814/386/796 1821/386/796
f 1839/386/1764 1837/386/1764 1836/386/1764
f 1834/386/1765 1836/386/1765 1837/386/1765
f 1835/386/1766 1838/386/1766 1837/386/1766
f 1840/386/1767 1846/386/1767 1844/386/1767
f 1843/386/1768 1844/386/1768 1845/386/1768
f 1842/386/1769 1845/386/1769 1844/386/1769
f 1847/386/1770 1853/386/1770 1851/386/1770
f 1848/386/1771 1850/386/1771 1851/386/1771
f 1849/386/1772 1852/386/1772 1851/386/1772
f 1854/386/1773 1860/386/1773 1858/386/1773
f 1855/386/1774 1857/386/1774 1858/386/1774
f 1856/386/1775 1859/386/1775 1858/386/1775
f 1861/386/1776 1867/386/1776 1865/386/1776
f 1862/386/1777 1864/386/1777 1865/386/1777
f 1863/386/1778 1866/386/1778 1865/386/1778
f 1868/386/1779 1874/386/1779 1872/386/1779
f 1869/386/1780 1871/386/1780 1872/386/1780
f 1870/386/1781 1873/386/1781 1872/386/1781
f 1875/386/1782 1881/386/1782 1879/386/1782
f 1878/386/1783 1879/386/1783 1880/386/1783
f 1877/386/1784 1880/386/1784 1879/386/1784
f 1888/386/1785 1886/386/1785 1885/386/1785
f 1883/386/1786 1885/386/1786 1886/386/1786
f 1884/386/1787 1887/386/1787 1886/386/1787
f 1839/386/1788 1857/386/1788 1855/386/1788
f 1833/386/822 1854/386/822 1857/386/822
f 1838/386/1789 1846/386/1789 1840/386/1789
f 1835/386/824 1842/386/824 1846/386/824
f 1841/386/825 1845/386/825 1853/386/825
f 1845/386/1790 1842/386/1790 1849/386/1790
f 1848/386/827 1852/386/827 1859/386/827
f 1852/386/828 1849/386/828 1855/386/828
f 1864/386/829 1888/386/829 1882/386/829
f 1862/386/830 1884/386/830 1888/386/830
f 1877/386/831 1881/386/831 1887/386/831
f 1881/386/832 1875/386/832 1883/386/832
f 1870/386/1791 1874/386/1791 1880/386/1791
f 1874/386/834 1868/386/834 1876/386/834
f 1866/386/1792 1873/386/1792 1870/386/1792
f 1863/386/836 1869/386/836 1873/386/836
f 1833/386/602 1836/386/602 1867/386/602
f 1836/386/603 1834/386/603 1863/386/603
f 1843/386/837 1871/386/837 1869/386/837
f 1841/386/605 1868/386/605 1871/386/605
f 1850/386/606 1878/386/606 1876/386/606
f 1848/386/607 1875/386/607 1878/386/607
f 1856/386/608 1860/386/608 1885/386/608
f 1860/386/609 1854/386/609 1882/386/609
f 1854/386/22 1833/386/22 1861/386/22
f 1835/386/841 1855/386/841 1849/386/841
f 1834/386/23 1840/386/23 1869/386/23
f 1847/386/26 1876/386/26 1868/386/26
f 1856/386/25 1883/386/25 1875/386/25
f 1862/386/842 1870/386/842 1877/386/842
f 1895/386/1793 1893/386/1793 1892/386/1793
f 1890/386/1794 1892/386/1794 1893/386/1794
f 1891/386/1795 1894/386/1795 1893/386/1795
f 1896/386/1796 1902/386/1796 1900/386/1796
f 1899/386/1797 1900/386/1797 1901/386/1797
f 1898/386/1798 1901/386/1798 1900/386/1798
f 1903/386/1799 1909/386/1799 1907/386/1799
f 1904/386/1800 1906/386/1800 1907/386/1800
f 1905/386/1801 1908/386/1801 1907/386/1801
f 1910/386/1802 1916/386/1802 1914/386/1802
f 1911/386/1803 1913/386/1803 1914/386/1803
f 1912/386/1804 1915/386/1804 1914/386/1804
f 1917/386/1805 1923/386/1805 1921/386/1805
f 1918/386/1806 1920/386/1806 1921/386/1806
f 1919/386/1807 1922/386/1807 1921/386/1807
f 1924/386/1808 1930/386/1808 1928/386/1808
f 1925/386/1809 1927/386/1809 1928/386/1809
f 1926/386/1810 1929/386/1810 1928/386/1810
f 1931/386/1811 1937/386/1811 1935/386/1811
f 1934/386/1812 1935/386/1812 1936/386/1812
f 1933/386/1813 1936/386/1813 1935/386/1813
f 1944/386/1814 1942/386/1814 1941/386/1814
f 1939/386/1815 1941/386/1815 1942/386/1815
f 1940/386/1816 1943/386/1816 1942/386/1816
f 1895/386/867 1913/386/867 1911/386/867
f 1889/386/1817 1910/386/1817 1913/386/1817
f 1894/386/869 1902/386/869 1896/386/869
f 1891/386/870 1898/386/870 1902/386/870
f 1897/386/871 1901/386/871 1909/386/871
f 1901/386/1818 1898/386/1818 1905/386/1818
f 1904/386/873 1908/386/873 1915/386/873
f 1908/386/874 1905/386/874 1911/386/874
f 1920/386/875 1944/386/875 1938/386/875
f 1918/386/876 1940/386/876 1944/386/876
f 1933/386/877 1937/386/877 1943/386/877
f 1937/386/1819 1931/386/1819 1939/386/1819
f 1926/386/879 1930/386/879 1936/386/879
f 1930/386/1820 1924/386/1820 1932/386/1820
f 1922/386/1821 1929/386/1821 1926/386/1821
f 1919/386/882 1925/386/882 1929/386/882
f 1889/386/1611 1892/386/1611 1923/386/1611
f 1892/386/553 1890/386/553 1919/386/553
f 1899/386/554 1927/386/554 1925/386/554
f 1897/386/555 1924/386/555 1927/386/555
f 1906/386/556 1934/386/556 1932/386/556
f 1904/386/885 1931/386/885 1934/386/885
f 1912/386/558 1916/386/558 1941/386/558
f 1916/386/559 1910/386/559 1938/386/559
f 1910/386/22 1889/386/22 1917/386/22
f 1891/386/887 1911/386/887 1905/386/887
f 1890/386/23 1896/386/23 1925/386/23
f 1903/386/26 1932/386/26 1924/386/26
f 1912/386/25 1939/386/25 1931/386/25
f 1918/386/888 1926/386/888 1933/386/888
f 1951/386/1822 1949/386/1822 1948/386/1822
f 1946/386/1823 1948/386/1823 1949/386/1823
f 1947/386/1824 1950/386/1824 1949/386/1824
f 1952/386/1825 1958/386/1825 1956/386/1825
f 1955/386/1826 1956/386/1826 1957/386/1826
f 1954/386/1827 1957/386/1827 1956/386/1827
f 1959/386/1828 1965/386/1828 1963/386/1828
f 1960/386/1829 1962/386/1829 1963/386/1829
f 1961/386/1830 1964/386/1830 1963/386/1830
f 1966/386/1831 1972/386/1831 1970/386/1831
f 1967/386/1832 1969/386/1832 1970/386/1832
f 1968/386/1833 1971/386/1833 1970/386/1833
f 1973/386/1834 1979/386/1834 1977/386/1834
f 1974/386/1835 1976/386/1835 1977/386/1835
f 1975/386/1836 1978/386/1836 1977/386/1836
f 1980/386/1837 1986/386/1837 1984/386/1837
f 1981/386/1838 1983/386/1838 1984/386/1838
f 1982/386/1839 1985/386/1839 1984/386/1839
f 1987/386/1840 1993/386/1840 1991/386/1840
f 1990/386/1841 1991/386/1841 1992/386/1841
f 1989/386/1842 1992/386/1842 1991/386/1842
f 2000/386/1843 1998/386/1843 1997/386/1843
f 1995/386/1844 1997/386/1844 1998/386/1844
f 1996/386/1845 1999/386/1845 1998/386/1845
f 1951/386/1846 1969/386/1846 1967/386/1846
f 1945/386/914 1966/386/914 1969/386/914
f 1950/386/1847 1958/386/1847 1952/386/1847
f 1950/386/916 1947/386/916 1954/386/916
f 1953/386/1848 1957/386/1848 1965/386/1848
f 1957/386/918 1954/386/918 1961/386/918
f 1960/386/919 1964/386/919 1971/386/919
f 1964/386/1849 1961/386/1849 1967/386/1849
f 1976/386/1850 2000/386/1850 1994/386/1850
f 1974/386/922 1996/386/922 2000/386/922
f 1993/386/923 1999/386/923 1996/386/923
f 1993/386/924 1987/386/924 1995/386/924
f 1982/386/925 1986/386/925 1992/386/925
f 1986/386/926 1980/386/926 1988/386/926
f 1978/386/927 1985/386/927 1982/386/927
f 1975/386/928 1981/386/928 1985/386/928
f 1945/386/502 1948/386/502 1979/386/502
f 1948/386/503 1946/386/503 1975/386/503
f 1955/386/504 1983/386/504 1981/386/504
f 1953/386/505 1980/386/505 1983/386/505
f 1962/386/506 1990/386/506 1988/386/506
f 1960/386/507 1987/386/507 1990/386/507
f 1968/386/508 1972/386/508 1997/386/508
f 1972/386/509 1966/386/509 1994/386/509
f 1966/386/22 1945/386/22 1973/386/22
f 1947/386/929 1967/386/929 1961/386/929
f 1946/386/23 1952/386/23 1981/386/23
f 1959/386/26 1988/386/26 1980/386/26
f 1968/386/25 1995/386/25 1987/386/25
f 1974/386/930 1982/386/930 1989/386/930
f 2007/386/1851 2005/386/1851 2004/386/1851
f 2002/386/1852 2004/386/1852 2005/386/1852
f 2003/386/1853 2006/386/1853 2005/386/1853
f 2008/386/1854 2014/386/1854 2012/386/1854
f 2011/386/1855 2012/386/1855 2013/386/1855
f 2010/386/1856 2013/386/1856 2012/386/1856
f 2015/386/1857 2021/386/1857 2019/386/1857
f 2016/386/1858 2018/386/1858 2019/386/1858
f 2017/386/1859 2020/386/1859 2019/386/1859
f 2022/386/1860 2028/386/1860 2026/386/1860
f 2023/386/1861 2025/386/1861 2026/386/1861
f 2024/386/1862 2027/386/1862 2026/386/1862
f 2029/386/1863 2035/386/1863 2033/386/1863
f 2030/386/1864 2032/386/1864 2033/386/1864
f 2031/386/1865 2034/386/1865 2033/386/1865
f 2036/386/1866 2042/386/1866 2040/386/1866
f 2037/386/1867 2039/386/1867 2040/386/1867
f 2038/386/1868 2041/386/1868 2040/386/1868
f 2043/386/1869 2049/386/1869 2047/386/1869
f 2046/386/1870 2047/386/1870 2048/386/1870
f 2045/386/1871 2048/386/1871 2047/386/1871
f 2056/386/1872 2054/386/1872 2053/386/1872
f 2051/386/1873 2053/386/1873 2054/386/1873
f 2052/386/1874 2055/386/1874 2054/386/1874
f 2007/386/1875 2025/386/1875 2023/386/1875
f 2001/386/956 2022/386/956 2025/386/956
f 2006/386/1876 2014/386/1876 2008/386/1876
f 2006/386/1877 2003/386/1877 2010/386/1877
f 2009/386/1878 2013/386/1878 2021/386/1878
f 2013/386/960 2010/386/960 2017/386/960
f 2016/386/1879 2020/386/1879 2027/386/1879
f 2020/386/962 2017/386/962 2023/386/962
f 2032/386/963 2056/386/963 2050/386/963
f 2030/386/1880 2052/386/1880 2056/386/1880
f 2049/386/1881 2055/386/1881 2052/386/1881
f 2049/386/1882 2043/386/1882 2051/386/1882
f 2038/386/967 2042/386/967 2048/386/967
f 2042/386/968 2036/386/968 2044/386/968
f 2034/386/969 2041/386/969 2038/386/969
f 2031/386/970 2037/386/970 2041/386/970
f 2001/386/452 2004/386/452 2035/386/452
f 2004/386/453 2002/386/453 2031/386/453
f 2011/386/454 2039/386/454 2037/386/454
f 2009/386/455 2036/386/455 2039/386/455
f 2018/386/456 2046/386/456 2044/386/456
f 2016/386/457 2043/386/457 2046/386/457
f 2024/386/458 2028/386/458 2053/386/458
f 2028/386/459 2022/386/459 2050/386/459
f 2022/386/22 2001/386/22 2029/386/22
f 2003/386/971 2023/386/971 2017/386/971
f 2002/386/23 2008/386/23 2037/386/23
f 2015/386/26 2044/386/26 2036/386/26
f 2024/386/25 2051/386/25 2043/386/25
f 2030/386/972 2038/386/972 2045/386/972
usemtl Brass
f 25/32/1 27/33/1 26/34/1
f 28/35/2 30/36/2 29/37/2
f 31/38/3 33/39/3 32/40/3
f 34/41/4 36/42/4 35/43/4
f 37/44/5 39/45/5 38/46/5
f 40/47/6 42/48/6 41/49/6
f 43/50/7 45/51/7 44/52/7
f 46/53/8 48/54/8 47/55/8
f 32/40/9 25/32/9 31/38/9
f 27/56/10 28/35/10 26/57/10
f 30/36/11 34/41/11 29/37/11
f 36/42/12 33/58/12 35/43/12
f 44/52/13 31/38/13 43/50/13
f 35/43/14 46/53/14 34/41/14
f 48/54/15 45/51/15 47/55/15
f 38/46/16 43/50/16 37/44/16
f 47/55/17 40/47/17 46/53/17
f 42/48/18 39/45/18 41/49/18
f 26/34/19 37/44/19 25/32/19
f 41/49/20 29/59/20 40/47/20
f 25/32/21 43/50/21 31/38/21
f 32/60/22 30/36/22 27/56/22
f 26/61/23 41/49/23 39/45/23
f 40/47/24 34/62/24 46/53/24
f 44/52/25 35/43/25 33/58/25
f 38/46/26 47/55/26 45/51/26
f 73/32/1 75/33/1 74/34/1
f 76/35/2 78/36/2 77/37/2
f 79/38/3 81/39/3 80/40/3
f 82/41/4 84/42/4 83/43/4
f 85/44/5 87/45/5 86/46/5
f 88/47/6 90/48/6 89/49/6
f 91/50/7 93/51/7 92/63/7
f 94/53/8 96/54/8 95/55/8
f 80/40/9 73/32/9 79/38/9
f 75/56/10 76/35/10 74/57/10
f 78/36/11 82/41/11 77/37/11
f 84/42/12 81/58/12 83/43/12
f 92/63/13 79/38/13 91/50/13
f 83/43/14 94/53/14 82/41/14
f 96/54/15 93/51/15 95/55/15
f 86/46/16 91/50/16 85/44/16
f 95/55/17 88/47/17 94/53/17
f 90/48/18 87/45/18 89/49/18
f 74/34/19 85/44/19 73/32/19
f 89/49/20 77/59/20 88/47/20
f 73/32/21 91/50/21 79/38/21
f 80/60/22 78/36/22 75/56/22
f 74/61/23 89/49/23 87/45/23
f 88/47/24 82/62/24 94/53/24
f 92/63/25 83/43/25 81/58/25
f 86/46/26 95/55/26 93/51/26
f 121/32/1 123/33/1 122/34/1
f 124/35/2 126/36/2 125/37/2
f 127/38/3 129/39/3 128/40/3
f 130/41/4 132/42/4 131/43/4
f 133/44/5 135/45/5 134/46/5
f 136/47/6 138/48/6 137/49/6
f 139/50/7 141/51/7 140/63/7
f 142/53/8 144/54/8 143/55/8
f 128/40/9 121/32/9 127/38/9
f 123/56/10 124/35/10 122/57/10
f 126/36/11 130/41/11 125/37/11
f 132/42/12 129/58/12 131/43/12
f 140/63/13 127/38/13 139/50/13
f 131/43/14 142/53/14 130/41/14
f 144/54/15 141/51/15 143/55/15
f 134/46/16 139/50/16 133/44/16
f 143/55/17 136/47/17 142/53/17
f 138/48/18 135/45/18 137/49/18
f 122/34/19 133/44/19 121/32/19
f 137/49/20 125/59/20 136/47/20
f 121/32/21 139/50/21 127/38/21
f 128/60/22 126/36/22 123/56/22
f 122/61/23 137/49/23 135/45/23
f 136/47/24 130/62/24 142/53/24
f 140/63/25 131/43/25 129/58/25
f 134/46/26 143/55/26 141/51/26
f 169/32/1 171/33/1 170/34/1
f 172/35/2 174/36/2 173/37/2
f 175/38/3 177/39/3 176/40/3
f 178/41/4 180/42/4 179/43/4
f 181/44/5 183/45/5 182/46/5
f 184/47/6 186/48/6 185/49/6
f 187/50/7 189/51/7 188/63/7
f 190/53/8 192/54/8 191/55/8
f 176/40/9 169/32/9 175/38/9
f 171/56/10 172/35/10 170/57/10
f 174/36/11 178/41/11 173/37/11
f 180/42/12 177/58/12 179/43/12
f 188/63/13 175/38/13 187/50/13
f 179/43/14 190/53/14 178/41/14
f 192/54/15 189/51/15 191/55/15
f 182/46/16 187/50/16 181/44/16
f 191/55/17 184/47/17 190/53/17
f 186/48/18 183/45/18 185/49/18
f 170/34/19 181/44/19 169/32/19
f 185/49/20 173/59/20 184/47/20
f 169/32/21 187/50/21 175/38/21
f 176/60/22 174/36/22 171/56/22
f 170/61/23 185/49/23 183/45/23
f 184/47/24 178/62/24 190/53/24
f 188/63/25 179/43/25 177/58/25
f 182/46/26 191/55/26 189/51/26
s 1
f 1105/297/292 1107/298/293 1106/299/294
f 1108/300/295 1110/301/296 1109/302/297
f 1119/303/298 1121/304/299 1120/305/300
f 1122/306/301 1124/307/302 1123/308/303
f 1133/309/304 1135/310/305 1134/311/306
f 1136/312/307 1138/313/308 1137/314/309
f 1147/315/310 1149/316/311 1148/317/312
f 1150/318/313 1152/319/314 1151/320/315
f 1107/298/293 1111/321/316 1112/322/317
f 1113/323/318 1109/302/297 1114/324/319
f 1107/325/293 1110/326/296 1106/327/294
f 1112/322/317 1115/328/320 1116/329/321
f 1117/330/322 1114/324/319 1118/331/323
f 1115/328/320 1120/305/300 1116/329/321
f 1124/307/302 1117/330/322 1118/331/323
f 1124/332/302 1121/333/299 1123/334/303
f 1121/304/299 1125/335/324 1126/336/325
f 1127/337/326 1123/308/303 1128/338/327
f 1125/335/324 1130/339/328 1126/336/325
f 1132/340/329 1127/337/326 1128/338/327
f 1129/341/330 1134/311/306 1130/339/328
f 1138/313/308 1131/342/331 1132/340/329
f 1138/343/308 1135/344/305 1137/345/309
f 1135/310/305 1139/346/332 1140/347/333
f 1141/348/334 1137/314/309 1142/349/335
f 1140/347/333 1143/350/336 1144/351/337
f 1145/352/338 1142/349/335 1146/353/339
f 1143/350/336 1148/317/312 1144/351/337
f 1152/319/314 1145/352/338 1146/353/339
f 1152/354/314 1149/355/311 1151/356/315
f 1149/316/311 1153/357/340 1154/358/341
f 1155/359/342 1151/320/315 1156/360/343
f 1153/357/340 1158/361/344 1154/358/341
f 1159/362/345 1156/360/343 1160/363/346
f 1157/364/347 1106/299/294 1158/361/344
f 1110/301/296 1159/362/345 1160/363/346
f 1147/315/310 1129/341/330 1111/321/316
f 1112/365/317 1109/366/297 1107/367/293
f 1106/327/294 1160/368/346 1158/369/344
f 1127/337/326 1145/352/338 1108/300/295
f 1116/370/321 1114/371/319 1112/365/317
f 1120/372/300 1118/373/323 1116/370/321
f 1126/374/325 1123/334/303 1121/333/299
f 1130/375/328 1128/376/327 1126/374/325
f 1134/377/306 1132/378/329 1130/375/328
f 1140/379/333 1137/345/309 1135/344/305
f 1144/380/337 1142/381/335 1140/379/333
f 1148/382/312 1146/383/339 1144/380/337
f 1154/384/341 1151/356/315 1149/355/311
f 1158/369/344 1156/385/343 1154/384/341
f 1161/297/292 1163/298/293 1162/299/294
f 1164/300/295 1166/301/296 1165/302/297
f 1175/303/298 1177/304/299 1176/305/300
f 1178/306/301 1180/307/302 1179/308/303
f 1189/309/304 1191/310/305 1190/311/306
f 1192/312/307 1194/313/308 1193/314/309
f 1203/315/310 1205/316/311 1204/317/312
f 1206/318/313 1208/319/314 1207/320/315
f 1163/298/293 1167/321/316 1168/322/317
f 1169/323/318 1165/302/297 1170/324/319
f 1163/325/293 1166/326/296 1162/327/294
f 1168/322/317 1171/328/320 1172/329/321
f 1174/331/323 1169/323/318 1170/324/319
f 1171/328/320 1176/305/300 1172/329/321
f 1180/307/302 1173/330/322 1174/331/323
f 1180/332/302 1177/333/299 1179/334/303
f 1177/304/299 1181/335/324 1182/336/325
f 1183/337/326 1179/308/303 1184/338/327
f 1181/335/324 1186/339/328 1182/336/325
f 1188/340/329 1183/337/326 1184/338/327
f 1185/341/330 1190/311/306 1186/339/328
f 1194/313/308 1187/342/331 1188/340/329
f 1194/343/308 1191/344/305 1193/345/309
f 1191/310/305 1195/346/332 1196/347/333
f 1197/348/334 1193/314/309 1198/349/335
f 1196/347/333 1199/350/336 1200/351/337
f 1201/352/338 1198/349/335 1202/353/339
f 1199/350/336 1204/317/312 1200/351/337
f 1208/319/314 1201/352/338 1202/353/339
f 1208/354/314 1205/355/311 1207/356/315
f 1205/316/311 1209/357/340 1210/358/341
f 1211/359/348 1207/320/315 1212/360/343
f 1209/357/340 1214/361/344 1210/358/341
f 1215/362/345 1212/360/343 1216/363/346
f 1213/364/347 1162/299/294 1214/361/344
f 1166/301/296 1215/362/345 1216/363/346
f 1203/315/310 1185/341/330 1167/321/316
f 1168/365/317 1165/366/297 1163/367/293
f 1162/327/294 1216/368/346 1214/369/344
f 1183/337/326 1201/352/338 1164/300/295
f 1172/370/321 1170/371/319 1168/365/317
f 1176/372/300 1174/373/323 1172/370/321
f 1182/374/325 1179/334/303 1177/333/299
f 1186/375/328 1184/376/327 1182/374/325
f 1190/377/306 1188/378/329 1186/375/328
f 1196/379/333 1193/345/309 1191/344/305
f 1200/380/337 1198/381/335 1196/379/333
f 1204/382/312 1202/383/339 1200/380/337
f 1210/384/341 1207/356/315 1205/355/311
f 1214/369/344 1212/385/343 1210/384/341
f 1217/297/292 1219/298/293 1218/299/294
f 1220/300/295 1222/301/296 1221/302/297
f 1231/303/298 1233/304/299 1232/305/300
f 1234/306/349 1236/307/302 1235/308/303
f 1245/309/304 1247/310/305 1246/311/306
f 1248/312/307 1250/313/308 1249/314/309
f 1259/315/310 1261/316/311 1260/317/312
f 1262/318/350 1264/319/314 1263/320/315
f 1219/298/293 1223/321/351 1224/322/352
f 1225/323/318 1221/302/297 1226/324/353
f 1219/325/293 1222/326/296 1218/327/294
f 1223/321/351 1228/329/321 1224/322/352
f 1229/330/322 1226/324/353 1230/331/323
f 1227/328/320 1232/305/300 1228/329/321
f 1236/307/302 1229/330/322 1230/331/323
f 1236/332/302 1233/333/299 1235/334/303
f 1233/304/299 1237/335/324 1238/336/325
f 1239/337/326 1235/308/303 1240/338/327
f 1238/336/325 1241/341/354 1242/339/355
f 1244/340/329 1239/337/326 1240/338/327
f 1241/341/354 1246/311/306 1242/339/355
f 1250/313/308 1243/342/331 1244/340/329
f 1250/343/308 1247/344/305 1249/345/309
f 1247/310/305 1251/346/356 1252/347/357
f 1253/348/334 1249/314/309 1254/349/358
f 1251/346/356 1256/351/337 1252/347/357
f 1257/352/338 1254/349/358 1258/353/339
f 1255/350/336 1260/317/312 1256/351/337
f 1264/319/314 1257/352/338 1258/353/339
f 1264/354/314 1261/355/311 1263/356/315
f 1261/316/311 1265/357/340 1266/358/341
f 1267/359/342 1263/320/315 1268/360/359
f 1266/358/341 1269/364/360 1270/361/361
f 1272/363/346 1267/359/342 1268/360/359
f 1269/364/360 1218/299/294 1270/361/361
f 1222/301/296 1271/362/345 1272/363/346
f 1259/315/310 1241/341/354 1223/321/351
f 1224/365/352 1221/366/297 1219/367/293
f 1218/327/294 1272/368/346 1270/369/361
f 1239/337/326 1257/352/338 1220/300/295
f 1228/370/321 1226/371/353 1224/365/352
f 1232/372/300 1230/373/323 1228/370/321
f 1238/374/325 1235/334/303 1233/333/299
f 1242/375/355 1240/376/327 1238/374/325
f 1246/377/306 1244/378/329 1242/375/355
f 1252/379/357 1249/345/309 1247/344/305
f 1256/380/337 1254/381/358 1252/379/357
f 1260/382/312 1258/383/339 1256/380/337
f 1266/384/341 1263/356/315 1261/355/311
f 1270/369/361 1268/385/359 1266/384/341
f 1273/297/292 1275/298/293 1274/299/294
f 1276/300/295 1278/301/296 1277/302/297
f 1287/303/298 1289/304/299 1288/305/300
f 1290/306/349 1292/307/302 1291/308/303
f 1301/309/304 1303/310/305 1302/311/306
f 1304/312/307 1306/313/308 1305/314/309
f 1315/315/310 1317/316/311 1316/317/312
f 1318/318/350 1320/319/314 1319/320/315
f 1275/298/293 1279/321/351 1280/322/352
f 1281/323/318 1277/302/297 1282/324/353
f 1275/325/293 1278/326/296 1274/327/294
f 1279/321/351 1284/329/321 1280/322/352
f 1285/330/322 1282/324/353 1286/331/323
f 1283/328/320 1288/305/300 1284/329/321
f 1292/307/302 1285/330/322 1286/331/323
f 1292/332/302 1289/333/299 1291/334/303
f 1289/304/299 1293/335/324 1294/336/325
f 1295/337/326 1291/308/303 1296/338/327
f 1293/335/324 1298/339/355 1294/336/325
f 1300/340/329 1295/337/326 1296/338/327
f 1297/341/354 1302/311/306 1298/339/355
f 1306/313/308 1299/342/331 1300/340/329
f 1306/343/308 1303/344/305 1305/345/309
f 1303/310/305 1307/346/356 1308/347/357
f 1309/348/334 1305/314/309 1310/349/358
f 1307/346/356 1312/351/337 1308/347/357
f 1313/352/338 1310/349/358 1314/353/339
f 1311/350/336 1316/317/312 1312/351/337
f 1320/319/314 1313/352/338 1314/353/339
f 1320/354/314 1317/355/311 1319/356/315
f 1317/316/311 1321/357/340 1322/358/341
f 1323/359/342 1319/320/315 1324/360/359
f 1322/358/341 1325/364/360 1326/361/361
f 1328/363/346 1323/359/342 1324/360/359
f 1325/364/360 1274/299/294 1326/361/361
f 1278/301/296 1327/362/345 1328/363/346
f 1315/315/310 1297/341/354 1279/321/351
f 1280/365/352 1277/366/297 1275/367/293
f 1274/327/294 1328/368/346 1326/369/361
f 1295/337/326 1313/352/338 1276/300/295
f 1284/370/321 1282/371/353 1280/365/352
f 1288/372/300 1286/373/323 1284/370/321
f 1294/374/325 1291/334/303 1289/333/299
f 1298/375/355 1296/376/327 1294/374/325
f 1302/377/306 1300/378/329 1298/375/355
f 1308/379/357 1305/345/309 1303/344/305
f 1312/380/337 1310/381/358 1308/379/357
f 1316/382/312 1314/383/339 1312/380/337
f 1322/384/341 1319/356/315 1317/355/311
f 1326/369/361 1324/385/359 1322/384/341
s 0
f 3349/838/1 3351/839/1 3350/840/1
f 3352/841/2 3354/842/2 3353/843/2
f 3355/844/3 3357/845/3 3356/846/3
f 3358/847/4 3360/848/4 3359/849/4
f 3361/850/5 3363/851/5 3362/852/5
f 3364/853/6 3366/854/6 3365/855/6
f 3367/856/7 3369/857/7 3368/858/7
f 3370/859/8 3372/860/8 3371/861/8
f 3356/846/9 3349/838/9 3355/844/9
f 3351/862/10 3352/841/10 3350/863/10
f 3354/842/11 3358/847/11 3353/843/11
f 3360/848/12 3357/864/12 3359/849/12
f 3368/858/13 3355/844/13 3367/856/13
f 3359/849/14 3370/859/14 3358/847/14
f 3372/860/15 3369/857/15 3371/861/15
f 3362/852/16 3367/856/16 3361/850/16
f 3371/861/17 3364/853/17 3370/859/17
f 3366/854/18 3363/851/18 3365/855/18
f 3350/840/19 3361/850/19 3349/838/19
f 3365/855/20 3353/865/20 3364/853/20
f 3349/838/21 3367/856/21 3355/844/21
f 3356/866/22 3354/842/22 3351/862/22
f 3350/867/23 3365/855/23 3363/851/23
f 3364/853/24 3358/868/24 3370/859/24
f 3368/858/25 3359/849/25 3357/864/25
f 3362/852/26 3371/861/26 3369/857/26
s 1
f 3373/869/1433 3378/322/352 3374/870/1434
f 3380/324/353 3375/871/1435 3376/872/1436
f 3378/322/352 3381/873/1437 3382/329/1438
f 3383/874/1439 3380/324/353 3384/331/1440
f 3381/873/1437 3386/875/1441 3382/329/1438
f 3388/876/1442 3383/874/1439 3384/331/1440
f 3385/877/1443 3390/336/1444 3386/875/1441
f 3392/338/1445 3387/878/1446 3388/876/1442
f 3389/879/324 3394/339/355 3390/336/1444
f 3396/340/1447 3391/880/326 3392/338/1445
f 3394/339/355 3397/881/1448 3398/882/1449
f 3399/883/1450 3396/340/1447 3400/884/1451
f 3397/881/1448 3402/347/333 3398/882/1449
f 3404/349/358 3399/883/1450 3400/884/1451
f 3402/347/333 3405/885/336 3406/351/1452
f 3407/886/338 3404/349/358 3408/353/1453
f 3406/351/1452 3409/887/1454 3410/888/1455
f 3411/889/1456 3408/353/1453 3412/890/1457
f 3410/888/1455 3413/891/1458 3414/358/1459
f 3415/892/348 3412/890/1457 3416/360/343
f 3413/891/1458 3418/361/361 3414/358/1459
f 3420/363/346 3415/892/348 3416/360/343
f 3418/361/361 3373/869/1433 3374/870/1434
f 3375/871/1435 3420/363/346 3376/872/1436
f 3409/887/1454 3393/893/354 3377/894/351
f 3378/895/352 3376/896/1436 3374/897/1434
f 3374/898/1434 3420/899/346 3418/900/361
f 3391/880/326 3407/886/338 3375/871/1435
f 3382/901/1438 3380/902/353 3378/895/352
f 3386/903/1441 3384/904/1440 3382/901/1438
f 3390/905/1444 3388/906/1442 3386/903/1441
f 3394/907/355 3392/908/1445 3390/905/1444
f 3398/909/1449 3396/910/1447 3394/907/355
f 3402/911/333 3400/912/1451 3398/909/1449
f 3406/913/1452 3404/914/358 3402/911/333
f 3410/915/1455 3408/916/1453 3406/913/1452
f 3414/917/1459 3412/918/1457 3410/915/1455
f 3418/900/361 3416/919/343 3414/917/1459
f 3422/870/1460 3425/894/351 3426/322/352
f 3427/920/318 3424/872/1461 3428/324/353
f 3426/322/352 3429/873/1437 3430/329/1438
f 3431/874/322 3428/324/353 3432/331/1440
f 3429/873/1437 3434/875/1441 3430/329/1438
f 3435/878/1462 3432/331/1440 3436/876/1442
f 3433/877/1443 3438/336/325 3434/875/1441
f 3440/338/327 3435/878/1462 3436/876/1442
f 3438/336/325 3441/893/330 3442/339/328
f 3444/340/1447 3439/880/326 3440/338/327
f 3442/339/328 3445/881/1448 3446/882/1463
f 3448/884/1464 3443/921/331 3444/340/1447
f 3446/882/1463 3449/922/332 3450/347/333
f 3451/923/334 3448/884/1464 3452/349/358
f 3449/922/332 3454/351/337 3450/347/333
f 3455/886/338 3452/349/358 3456/353/1453
f 3454/351/337 3457/887/1465 3458/888/1455
f 3459/889/1466 3456/353/1453 3460/890/1457
f 3457/887/1465 3462/358/1459 3458/888/1455
f 3464/360/343 3459/889/1466 3460/890/1457
f 3461/891/340 3466/361/361 3462/358/1459
f 3468/363/1467 3463/892/342 3464/360/343
f 3465/924/360 3422/870/1460 3466/361/361
f 3424/872/1461 3467/925/345 3468/363/1467
f 3457/887/1465 3441/893/330 3425/894/351
f 3426/895/352 3424/896/1461 3422/897/1460
f 3422/898/1460 3468/899/1467 3466/900/361
f 3439/880/326 3455/886/338 3423/871/1435
f 3430/901/1438 3428/902/353 3426/895/352
f 3434/903/1441 3432/904/1440 3430/901/1438
f 3438/905/325 3436/906/1442 3434/903/1441
f 3442/907/328 3440/908/327 3438/905/325
f 3446/909/1463 3444/910/1447 3442/907/328
f 3450/911/333 3448/912/1464 3446/909/1463
f 3454/913/337 3452/914/358 3450/911/333
f 3458/915/1455 3456/916/1453 3454/913/337
f 3462/917/1459 3460/918/1457 3458/915/1455
f 3466/900/361 3464/919/343 3462/917/1459
f 3470/870/1434 3473/894/316 3474/322/317
f 3475/920/318 3472/872/1461 3476/324/353
f 3474/322/317 3477/873/1437 3478/329/1438
f 3480/331/1440 3475/920/318 3476/324/353
f 3478/329/1438 3481/877/1468 3482/875/1441
f 3483/878/1462 3480/331/1440 3484/876/1469
f 3482/875/1441 3485/879/1470 3486/336/1444
f 3488/338/1445 3483/878/1462 3484/876/1469
f 3485/879/1470 3490/339/328 3486/336/1444
f 3492/340/329 3487/880/1471 3488/338/1445
f 3489/893/330 3494/882/1463 3490/339/328
f 3496/884/1451 3491/921/1472 3492/340/329
f 3494/882/1463 3497/922/356 3498/347/357
f 3499/923/1473 3496/884/1451 3500/349/335
f 3497/922/356 3502/351/1452 3498/347/357
f 3503/886/338 3500/349/335 3504/353/339
f 3502/351/1452 3505/887/1454 3506/888/1474
f 3508/890/1457 3503/886/338 3504/353/339
f 3505/887/1454 3510/358/341 3506/888/1474
f 3512/360/359 3507/889/1466 3508/890/1457
f 3509/891/340 3514/361/344 3510/358/341
f 3516/363/346 3511/892/348 3512/360/359
f 3513/924/347 3470/870/1434 3514/361/344
f 3472/872/1461 3515/925/1475 3516/363/346
f 3505/887/1454 3489/893/330 3473/894/316
f 3474/895/317 3472/896/1461 3470/897/1434
f 3470/898/1434 3516/899/346 3514/900/344
f 3487/880/1471 3503/886/338 3471/871/1435
f 3478/901/1438 3476/902/353 3474/895/317
f 3482/903/1441 3480/904/1440 3478/901/1438
f 3486/905/1444 3484/906/1469 3482/903/1441
f 3490/907/328 3488/908/1445 3486/905/1444
f 3494/909/1463 3492/910/329 3490/907/328
f 3498/911/357 3496/912/1451 3494/909/1463
f 3502/913/1452 3500/914/335 3498/911/357
f 3506/915/1474 3504/916/339 3502/913/1452
f 3510/917/341 3508/918/1457 3506/915/1474
f 3514/900/344 3512/919/359 3510/917/341
f 3518/870/1460 3521/894/351 3522/322/352
f 3524/324/353 3519/871/1435 3520/872/1436
f 3521/894/351 3526/329/321 3522/322/352
f 3528/331/1440 3523/920/318 3524/324/353
f 3525/873/1437 3530/875/1441 3526/329/321
f 3531/878/1462 3528/331/1440 3532/876/1469
f 3529/877/1468 3534/336/1444 3530/875/1441
f 3536/338/1445 3531/878/1462 3532/876/1469
f 3534/336/1444 3537/893/330 3538/339/355
f 3539/921/331 3536/338/1445 3540/340/1447
f 3537/893/330 3542/882/1463 3538/339/355
f 3544/884/1464 3539/921/331 3540/340/1447
f 3542/882/1463 3545/922/332 3546/347/333
f 3548/349/358 3543/883/1450 3544/884/1464
f 3546/347/333 3549/885/1476 3550/351/1452
f 3552/353/1453 3547/923/334 3548/349/358
f 3550/351/1452 3553/887/1454 3554/888/1474
f 3555/889/1466 3552/353/1453 3556/890/1457
f 3553/887/1454 3558/358/1459 3554/888/1474
f 3559/892/342 3556/890/1457 3560/360/359
f 3558/358/1459 3561/924/347 3562/361/361
f 3564/363/346 3559/892/342 3560/360/359
f 3561/924/347 3518/870/1460 3562/361/361
f 3519/871/1435 3564/363/346 3520/872/1436
f 3553/887/1454 3537/893/330 3521/894/351
f 3522/895/352 3520/896/1436 3518/897/1460
f 3518/898/1460 3564/899/346 3562/900/361
f 3535/880/1471 3551/886/1477 3519/871/1435
f 3526/901/321 3524/902/353 3522/895/352
f 3530/903/1441 3528/904/1440 3526/901/321
f 3534/905/1444 3532/906/1469 3530/903/1441
f 3538/907/355 3536/908/1445 3534/905/1444
f 3542/909/1463 3540/910/1447 3538/907/355
f 3546/911/333 3544/912/1464 3542/909/1463
f 3550/913/1452 3548/914/358 3546/911/333
f 3554/915/1474 3552/916/1453 3550/913/1452
f 3558/917/1459 3556/918/1457 3554/915/1474
f 3562/900/361 3560/919/359 3558/917/1459
f 3566/870/1434 3569/894/351 3570/322/352
f 3571/920/318 3568/872/1436 3572/324/353
f 3570/322/352 3573/873/320 3574/329/321
f 3575/874/322 3572/324/353 3576/331/1440
f 3574/329/321 3577/877/1443 3578/875/1441
f 3579/878/1462 3576/331/1440 3580/876/1442
f 3578/875/1441 3581/879/1470 3582/336/1444
f 3584/338/327 3579/878/1462 3580/876/1442
f 3582/336/1444 3585/893/330 3586/339/355
f 3587/921/331 3584/338/327 3588/340/1447
f 3585/893/330 3590/882/1449 3586/339/355
f 3592/884/1451 3587/921/331 3588/340/1447
f 3589/881/1448 3594/347/333 3590/882/1449
f 3596/349/358 3591/883/1450 3592/884/1451
f 3594/347/333 3597/885/336 3598/351/1452
f 3599/886/338 3596/349/358 3600/353/1453
f 3598/351/1452 3601/887/1465 3602/888/1455
f 3603/889/1466 3600/353/1453 3604/890/1457
f 3601/887/1465 3606/358/341 3602/888/1455
f 3608/360/343 3603/889/1466 3604/890/1457
f 3606/358/341 3609/924/360 3610/361/361
f 3612/363/346 3607/892/342 3608/360/343
f 3610/361/361 3565/869/1433 3566/870/1434
f 3567/871/1435 3612/363/346 3568/872/1436
f 3601/887/1465 3585/893/330 3569/894/351
f 3570/895/352 3568/896/1436 3566/897/1434
f 3566/898/1434 3612/899/346 3610/900/361
f 3583/880/326 3599/886/338 3567/871/1435
f 3574/901/321 3572/902/353 3570/895/352
f 3578/903/1441 3576/904/1440 3574/901/321
f 3582/905/1444 3580/906/1442 3578/903/1441
f 3586/907/355 3584/908/327 3582/905/1444
f 3590/909/1449 3588/910/1447 3586/907/355
f 3594/911/333 3592/912/1451 3590/909/1449
f 3598/913/1452 3596/914/358 3594/911/333
f 3602/915/1455 3600/916/1453 3598/913/1452
f 3606/917/341 3604/918/1457 3602/915/1455
f 3610/900/361 3608/919/343 3606/917/341
f 3613/869/1433 3618/322/352 3614/870/1434
f 3620/324/353 3615/871/1435 3616/872/1436
f 3617/894/351 3622/329/321 3618/322/352
f 3624/331/323 3619/920/318 3620/324/353
f 3622/329/321 3625/877/1443 3626/875/1441
f 3627/878/1446 3624/331/323 3628/876/1442
f 3626/875/1441 3629/879/324 3630/336/1444
f 3631/880/1471 3628/876/1442 3632/338/1445
f 3630/336/1444 3633/893/354 3634/339/355
f 3635/921/331 3632/338/1445 3636/340/1447
f 3633/893/354 3638/882/1463 3634/339/355
f 3640/884/1464 3635/921/331 3636/340/1447
f 3638/882/1463 3641/922/356 3642/347/357
f 3643/923/334 3640/884/1464 3644/349/358
f 3641/922/356 3646/351/1452 3642/347/357
f 3647/886/1477 3644/349/358 3648/353/1453
f 3645/885/1476 3650/888/1455 3646/351/1452
f 3652/890/1457 3647/886/1477 3648/353/1453
f 3649/887/1478 3654/358/341 3650/888/1455
f 3656/360/359 3651/889/1456 3652/890/1457
f 3653/891/340 3658/361/361 3654/358/341
f 3660/363/1467 3655/892/342 3656/360/359
f 3657/924/360 3614/870/1434 3658/361/361
f 3615/871/1435 3660/363/1467 3616/872/1436
f 3649/887/1478 3633/893/354 3617/894/351
f 3618/895/352 3616/896/1436 3614/897/1434
f 3614/898/1434 3660/899/1467 3658/900/361
f 3631/880/1471 3647/886/1477 3615/871/1435
f 3622/901/321 3620/902/353 3618/895/352
f 3626/903/1441 3624/904/323 3622/901/321
f 3630/905/1444 3628/906/1442 3626/903/1441
f 3634/907/355 3632/908/1445 3630/905/1444
f 3638/909/1463 3636/910/1447 3634/907/355
f 3642/911/357 3640/912/1464 3638/909/1463
f 3646/913/1452 3644/914/358 3642/911/357
f 3650/915/1455 3648/916/1453 3646/913/1452
f 3654/917/341 3652/918/1457 3650/915/1455
f 3658/900/361 3656/919/359 3654/917/341
s 0
f 32/40/9 27/33/9 25/32/9
f 27/56/10 30/36/10 28/35/10
f 30/36/11 36/42/11 34/41/11
f 36/42/12 32/60/12 33/58/12
f 44/52/13 33/39/13 31/38/13
f 35/43/14 48/54/14 46/53/14
f 48/54/15 44/52/15 45/51/15
f 38/46/16 45/51/16 43/50/16
f 47/55/17 42/48/17 40/47/17
f 42/48/18 38/46/18 39/45/18
f 26/34/19 39/45/19 37/44/19
f 41/49/20 28/928/20 29/59/20
f 25/32/21 37/44/21 43/50/21
f 32/60/22 36/42/22 30/36/22
f 26/61/23 28/928/23 41/49/23
f 40/47/24 29/929/24 34/62/24
f 44/52/25 48/54/25 35/43/25
f 38/46/26 42/48/26 47/55/26
f 80/40/9 75/33/9 73/32/9
f 75/56/10 78/36/10 76/35/10
f 78/36/11 84/42/11 82/41/11
f 84/42/12 80/60/12 81/58/12
f 92/63/13 81/39/13 79/38/13
f 83/43/14 96/54/14 94/53/14
f 96/54/15 92/63/15 93/51/15
f 86/46/16 93/51/16 91/50/16
f 95/55/17 90/48/17 88/47/17
f 90/48/18 86/46/18 87/45/18
f 74/34/19 87/45/19 85/44/19
f 89/49/20 76/928/20 77/59/20
f 73/32/21 85/44/21 91/50/21
f 80/60/22 84/42/22 78/36/22
f 74/61/23 76/928/23 89/49/23
f 88/47/24 77/929/24 82/62/24
f 92/63/25 96/54/25 83/43/25
f 86/46/26 90/48/26 95/55/26
f 128/40/9 123/33/9 121/32/9
f 123/56/10 126/36/10 124/35/10
f 126/36/11 132/42/11 130/41/11
f 132/42/12 128/60/12 129/58/12
f 140/63/13 129/39/13 127/38/13
f 131/43/14 144/54/14 142/53/14
f 144/54/15 140/63/15 141/51/15
f 134/46/16 141/51/16 139/50/16
f 143/55/17 138/48/17 136/47/17
f 138/48/18 134/46/18 135/45/18
f 122/34/19 135/45/19 133/44/19
f 137/49/20 124/928/20 125/59/20
f 121/32/21 133/44/21 139/50/21
f 128/60/22 132/42/22 126/36/22
f 122/61/23 124/928/23 137/49/23
f 136/47/24 125/929/24 130/62/24
f 140/63/25 144/54/25 131/43/25
f 134/46/26 138/48/26 143/55/26
f 176/40/9 171/33/9 169/32/9
f 171/56/10 174/36/10 172/35/10
f 174/36/11 180/42/11 178/41/11
f 180/42/12 176/60/12 177/58/12
f 188/63/13 177/39/13 175/38/13
f 179/43/14 192/54/14 190/53/14
f 192/54/15 188/63/15 189/51/15
f 182/46/16 189/51/16 187/50/16
f 191/55/17 186/48/17 184/47/17
f 186/48/18 182/46/18 183/45/18
f 170/34/19 183/45/19 181/44/19
f 185/49/20 172/928/20 173/59/20
f 169/32/21 181/44/21 187/50/21
f 176/60/22 180/42/22 174/36/22
f 170/61/23 172/928/23 185/49/23
f 184/47/24 173/929/24 178/62/24
f 188/63/25 192/54/25 179/43/25
f 182/46/26 186/48/26 191/55/26
s 1
f 1107/298/293 1105/297/292 1111/321/316
f 1113/323/318 1108/300/295 1109/302/297
f 1107/325/293 1109/940/297 1110/326/296
f 1112/322/317 1111/321/316 1115/328/320
f 1117/330/322 1113/323/318 1114/324/319
f 1115/328/320 1119/303/298 1120/305/300
f 1124/307/302 1122/306/301 1117/330/322
f 1124/332/302 1120/372/300 1121/333/299
f 1121/304/299 1119/303/298 1125/335/324
f 1127/337/326 1122/306/301 1123/308/303
f 1125/335/324 1129/341/330 1130/339/328
f 1132/340/329 1131/342/331 1127/337/326
f 1129/341/330 1133/309/304 1134/311/306
f 1138/313/308 1136/312/307 1131/342/331
f 1138/343/308 1134/377/306 1135/344/305
f 1135/310/305 1133/309/304 1139/346/332
f 1141/348/334 1136/312/307 1137/314/309
f 1140/347/333 1139/346/332 1143/350/336
f 1145/352/338 1141/348/334 1142/349/335
f 1143/350/336 1147/315/310 1148/317/312
f 1152/319/314 1150/318/313 1145/352/338
f 1152/354/314 1148/382/312 1149/355/311
f 1149/316/311 1147/315/310 1153/357/340
f 1155/359/342 1150/318/313 1151/320/315
f 1153/357/340 1157/364/347 1158/361/344
f 1159/362/345 1155/359/342 1156/360/343
f 1157/364/347 1105/297/292 1106/299/294
f 1110/301/296 1108/300/295 1159/362/345
f 1111/321/316 1105/297/292 1157/364/347
f 1157/364/347 1153/357/340 1147/315/310
f 1147/315/310 1143/350/336 1139/346/332
f 1139/346/332 1133/309/304 1129/341/330
f 1129/341/330 1125/335/324 1119/303/298
f 1119/303/298 1115/328/320 1111/321/316
f 1111/321/316 1157/364/347 1147/315/310
f 1147/315/310 1139/346/332 1129/341/330
f 1129/341/330 1119/303/298 1111/321/316
f 1112/365/317 1114/371/319 1109/366/297
f 1106/327/294 1110/326/296 1160/368/346
f 1108/300/295 1113/323/318 1117/330/322
f 1117/330/322 1122/306/301 1127/337/326
f 1127/337/326 1131/342/331 1136/312/307
f 1136/312/307 1141/348/334 1145/352/338
f 1145/352/338 1150/318/313 1155/359/342
f 1155/359/342 1159/362/345 1108/300/295
f 1108/300/295 1117/330/322 1127/337/326
f 1127/337/326 1136/312/307 1145/352/338
f 1145/352/338 1155/359/342 1108/300/295
f 1116/370/321 1118/373/323 1114/371/319
f 1120/372/300 1124/332/302 1118/373/323
f 1126/374/325 1128/376/327 1123/334/303
f 1130/375/328 1132/378/329 1128/376/327
f 1134/377/306 1138/343/308 1132/378/329
f 1140/379/333 1142/381/335 1137/345/309
f 1144/380/337 1146/383/339 1142/381/335
f 1148/382/312 1152/354/314 1146/383/339
f 1154/384/341 1156/385/343 1151/356/315
f 1158/369/344 1160/368/346 1156/385/343
f 1163/298/293 1161/297/292 1167/321/316
f 1169/323/318 1164/300/295 1165/302/297
f 1163/325/293 1165/940/297 1166/326/296
f 1168/322/317 1167/321/316 1171/328/320
f 1174/331/323 1173/330/322 1169/323/318
f 1171/328/320 1175/303/298 1176/305/300
f 1180/307/302 1178/306/301 1173/330/322
f 1180/332/302 1176/372/300 1177/333/299
f 1177/304/299 1175/303/298 1181/335/324
f 1183/337/326 1178/306/301 1179/308/303
f 1181/335/324 1185/341/330 1186/339/328
f 1188/340/329 1187/342/331 1183/337/326
f 1185/341/330 1189/309/304 1190/311/306
f 1194/313/308 1192/312/307 1187/342/331
f 1194/343/308 1190/377/306 1191/344/305
f 1191/310/305 1189/309/304 1195/346/332
f 1197/348/334 1192/312/307 1193/314/309
f 1196/347/333 1195/346/332 1199/350/336
f 1201/352/338 1197/348/334 1198/349/335
f 1199/350/336 1203/315/310 1204/317/312
f 1208/319/314 1206/318/313 1201/352/338
f 1208/354/314 1204/382/312 1205/355/311
f 1205/316/311 1203/315/310 1209/357/340
f 1211/359/348 1206/318/313 1207/320/315
f 1209/357/340 1213/364/347 1214/361/344
f 1215/362/345 1211/359/348 1212/360/343
f 1213/364/347 1161/297/292 1162/299/294
f 1166/301/296 1164/300/295 1215/362/345
f 1167/321/316 1161/297/292 1213/364/347
f 1213/364/347 1209/357/340 1203/315/310
f 1203/315/310 1199/350/336 1195/346/332
f 1195/346/332 1189/309/304 1185/341/330
f 1185/341/330 1181/335/324 1175/303/298
f 1175/303/298 1171/328/320 1167/321/316
f 1167/321/316 1213/364/347 1203/315/310
f 1203/315/310 1195/346/332 1185/341/330
f 1185/341/330 1175/303/298 1167/321/316
f 1168/365/317 1170/371/319 1165/366/297
f 1162/327/294 1166/326/296 1216/368/346
f 1164/300/295 1169/323/318 1173/330/322
f 1173/330/322 1178/306/301 1183/337/326
f 1183/337/326 1187/342/331 1192/312/307
f 1192/312/307 1197/348/334 1201/352/338
f 1201/352/338 1206/318/313 1211/359/348
f 1211/359/348 1215/362/345 1164/300/295
f 1164/300/295 1173/330/322 1183/337/326
f 1183/337/326 1192/312/307 1201/352/338
f 1201/352/338 1211/359/348 1164/300/295
f 1172/370/321 1174/373/323 1170/371/319
f 1176/372/300 1180/332/302 1174/373/323
f 1182/374/325 1184/376/327 1179/334/303
f 1186/375/328 1188/378/329 1184/376/327
f 1190/377/306 1194/343/308 1188/378/329
f 1196/379/333 1198/381/335 1193/345/309
f 1200/380/337 1202/383/339 1198/381/335
f 1204/382/312 1208/354/314 1202/383/339
f 1210/384/341 1212/385/343 1207/356/315
f 1214/369/344 1216/368/346 1212/385/343
f 1219/298/293 1217/297/292 1223/321/351
f 1225/323/318 1220/300/295 1221/302/297
f 1219/325/293 1221/940/297 1222/326/296
f 1223/321/351 1227/328/320 1228/329/321
f 1229/330/322 1225/323/318 1226/324/353
f 1227/328/320 1231/303/298 1232/305/300
f 1236/307/302 1234/306/349 1229/330/322
f 1236/332/302 1232/372/300 1233/333/299
f 1233/304/299 1231/303/298 1237/335/324
f 1239/337/326 1234/306/349 1235/308/303
f 1238/336/325 1237/335/324 1241/341/354
f 1244/340/329 1243/342/331 1239/337/326
f 1241/341/354 1245/309/304 1246/311/306
f 1250/313/308 1248/312/307 1243/342/331
f 1250/343/308 1246/377/306 1247/344/305
f 1247/310/305 1245/309/304 1251/346/356
f 1253/348/334 1248/312/307 1249/314/309
f 1251/346/356 1255/350/336 1256/351/337
f 1257/352/338 1253/348/334 1254/349/358
f 1255/350/336 1259/315/310 1260/317/312
f 1264/319/314 1262/318/350 1257/352/338
f 1264/354/314 1260/382/312 1261/355/311
f 1261/316/311 1259/315/310 1265/357/340
f 1267/359/342 1262/318/350 1263/320/315
f 1266/358/341 1265/357/340 1269/364/360
f 1272/363/346 1271/362/345 1267/359/342
f 1269/364/360 1217/297/292 1218/299/294
f 1222/301/296 1220/300/295 1271/362/345
f 1223/321/351 1217/297/292 1269/364/360
f 1269/364/360 1265/357/340 1259/315/310
f 1259/315/310 1255/350/336 1251/346/356
f 1251/346/356 1245/309/304 1241/341/354
f 1241/341/354 1237/335/324 1231/303/298
f 1231/303/298 1227/328/320 1223/321/351
f 1223/321/351 1269/364/360 1259/315/310
f 1259/315/310 1251/346/356 1241/341/354
f 1241/341/354 1231/303/298 1223/321/351
f 1224/365/352 1226/371/353 1221/366/297
f 1218/327/294 1222/326/296 1272/368/346
f 1220/300/295 1225/323/318 1229/330/322
f 1229/330/322 1234/306/349 1239/337/326
f 1239/337/326 1243/342/331 1248/312/307
f 1248/312/307 1253/348/334 1257/352/338
f 1257/352/338 1262/318/350 1267/359/342
f 1267/359/342 1271/362/345 1220/300/295
f 1220/300/295 1229/330/322 1239/337/326
f 1239/337/326 1248/312/307 1257/352/338
f 1257/352/338 1267/359/342 1220/300/295
f 1228/370/321 1230/373/323 1226/371/353
f 1232/372/300 1236/332/302 1230/373/323
f 1238/374/325 1240/376/327 1235/334/303
f 1242/375/355 1244/378/329 1240/376/327
f 1246/377/306 1250/343/308 1244/378/329
f 1252/379/357 1254/381/358 1249/345/309
f 1256/380/337 1258/383/339 1254/381/358
f 1260/382/312 1264/354/314 1258/383/339
f 1266/384/341 1268/385/359 1263/356/315
f 1270/369/361 1272/368/346 1268/385/359
f 1275/298/293 1273/297/292 1279/321/351
f 1281/323/318 1276/300/295 1277/302/297
f 1275/325/293 1277/940/297 1278/326/296
f 1279/321/351 1283/328/320 1284/329/321
f 1285/330/322 1281/323/318 1282/324/353
f 1283/328/320 1287/303/298 1288/305/300
f 1292/307/302 1290/306/349 1285/330/322
f 1292/332/302 1288/372/300 1289/333/299
f 1289/304/299 1287/303/298 1293/335/324
f 1295/337/326 1290/306/349 1291/308/303
f 1293/335/324 1297/341/354 1298/339/355
f 1300/340/329 1299/342/331 1295/337/326
f 1297/341/354 1301/309/304 1302/311/306
f 1306/313/308 1304/312/307 1299/342/331
f 1306/343/308 1302/377/306 1303/344/305
f 1303/310/305 1301/309/304 1307/346/356
f 1309/348/334 1304/312/307 1305/314/309
f 1307/346/356 1311/350/336 1312/351/337
f 1313/352/338 1309/348/334 1310/349/358
f 1311/350/336 1315/315/310 1316/317/312
f 1320/319/314 1318/318/350 1313/352/338
f 1320/354/314 1316/382/312 1317/355/311
f 1317/316/311 1315/315/310 1321/357/340
f 1323/359/342 1318/318/350 1319/320/315
f 1322/358/341 1321/357/340 1325/364/360
f 1328/363/346 1327/362/345 1323/359/342
f 1325/364/360 1273/297/292 1274/299/294
f 1278/301/296 1276/300/295 1327/362/345
f 1279/321/351 1273/297/292 1325/364/360
f 1325/364/360 1321/357/340 1315/315/310
f 1315/315/310 1311/350/336 1307/346/356
f 1307/346/356 1301/309/304 1297/341/354
f 1297/341/354 1293/335/324 1287/303/298
f 1287/303/298 1283/328/320 1279/321/351
f 1279/321/351 1325/364/360 1315/315/310
f 1315/315/310 1307/346/356 1297/341/354
f 1297/341/354 1287/303/298 1279/321/351
f 1280/365/352 1282/371/353 1277/366/297
f 1274/327/294 1278/326/296 1328/368/346
f 1276/300/295 1281/323/318 1285/330/322
f 1285/330/322 1290/306/349 1295/337/326
f 1295/337/326 1299/342/331 1304/312/307
f 1304/312/307 1309/348/334 1313/352/338
f 1313/352/338 1318/318/350 1323/359/342
f 1323/359/342 1327/362/345 1276/300/295
f 1276/300/295 1285/330/322 1295/337/326
f 1295/337/326 1304/312/307 1313/352/338
f 1313/352/338 1323/359/342 1276/300/295
f 1284/370/321 1286/373/323 1282/371/353
f 1288/372/300 1292/332/302 1286/373/323
f 1294/374/325 1296/376/327 1291/334/303
f 1298/375/355 1300/378/329 1296/376/327
f 1302/377/306 1306/343/308 1300/378/329
f 1308/379/357 1310/381/358 1305/345/309
f 1312/380/337 1314/383/339 1310/381/358
f 1316/382/312 1320/354/314 1314/383/339
f 1322/384/341 1324/385/359 1319/356/315
f 1326/369/361 1328/368/346 1324/385/359
s 0
f 3356/846/9 3351/839/9 3349/838/9
f 3351/862/10 3354/842/10 3352/841/10
f 3354/842/11 3360/848/11 3358/847/11
f 3360/848/12 3356/866/12 3357/864/12
f 3368/858/13 3357/845/13 3355/844/13
f 3359/849/14 3372/860/14 3370/859/14
f 3372/860/15 3368/858/15 3369/857/15
f 3362/852/16 3369/857/16 3367/856/16
f 3371/861/17 3366/854/17 3364/853/17
f 3366/854/18 3362/852/18 3363/851/18
f 3350/840/19 3363/851/19 3361/850/19
f 3365/855/20 3352/942/20 3353/865/20
f 3349/838/21 3361/850/21 3367/856/21
f 3356/866/22 3360/848/22 3354/842/22
f 3350/867/23 3352/942/23 3365/855/23
f 3364/853/24 3353/943/24 3358/868/24
f 3368/858/25 3372/860/25 3359/849/25
f 3362/852/26 3366/854/26 3371/861/26
s 1
f 3373/869/1433 3377/894/351 3378/322/352
f 3380/324/353 3379/920/318 3375/871/1435
f 3378/322/352 3377/894/351 3381/873/1437
f 3383/874/1439 3379/920/318 3380/324/353
f 3381/873/1437 3385/877/1443 3386/875/1441
f 3388/876/1442 3387/878/1446 3383/874/1439
f 3385/877/1443 3389/879/324 3390/336/1444
f 3392/338/1445 3391/880/326 3387/878/1446
f 3389/879/324 3393/893/354 3394/339/355
f 3396/340/1447 3395/921/331 3391/880/326
f 3394/339/355 3393/893/354 3397/881/1448
f 3399/883/1450 3395/921/331 3396/340/1447
f 3397/881/1448 3401/922/356 3402/347/333
f 3404/349/358 3403/923/334 3399/883/1450
f 3402/347/333 3401/922/356 3405/885/336
f 3407/886/338 3403/923/334 3404/349/358
f 3406/351/1452 3405/885/336 3409/887/1454
f 3411/889/1456 3407/886/338 3408/353/1453
f 3410/888/1455 3409/887/1454 3413/891/1458
f 3415/892/348 3411/889/1456 3412/890/1457
f 3413/891/1458 3417/924/360 3418/361/361
f 3420/363/346 3419/925/345 3415/892/348
f 3418/361/361 3417/924/360 3373/869/1433
f 3375/871/1435 3419/925/345 3420/363/346
f 3377/894/351 3373/869/1433 3417/924/360
f 3417/924/360 3413/891/1458 3409/887/1454
f 3409/887/1454 3405/885/336 3401/922/356
f 3401/922/356 3397/881/1448 3393/893/354
f 3393/893/354 3389/879/324 3385/877/1443
f 3385/877/1443 3381/873/1437 3377/894/351
f 3377/894/351 3417/924/360 3409/887/1454
f 3409/887/1454 3401/922/356 3393/893/354
f 3393/893/354 3385/877/1443 3377/894/351
f 3378/895/352 3380/902/353 3376/896/1436
f 3374/898/1434 3376/944/1436 3420/899/346
f 3375/871/1435 3379/920/318 3383/874/1439
f 3383/874/1439 3387/878/1446 3391/880/326
f 3391/880/326 3395/921/331 3399/883/1450
f 3399/883/1450 3403/923/334 3407/886/338
f 3407/886/338 3411/889/1456 3415/892/348
f 3415/892/348 3419/925/345 3375/871/1435
f 3375/871/1435 3383/874/1439 3391/880/326
f 3391/880/326 3399/883/1450 3407/886/338
f 3407/886/338 3415/892/348 3375/871/1435
f 3382/901/1438 3384/904/1440 3380/902/353
f 3386/903/1441 3388/906/1442 3384/904/1440
f 3390/905/1444 3392/908/1445 3388/906/1442
f 3394/907/355 3396/910/1447 3392/908/1445
f 3398/909/1449 3400/912/1451 3396/910/1447
f 3402/911/333 3404/914/358 3400/912/1451
f 3406/913/1452 3408/916/1453 3404/914/358
f 3410/915/1455 3412/918/1457 3408/916/1453
f 3414/917/1459 3416/919/343 3412/918/1457
f 3418/900/361 3420/899/346 3416/919/343
f 3422/870/1460 3421/869/1914 3425/894/351
f 3427/920/318 3423/871/1435 3424/872/1461
f 3426/322/352 3425/894/351 3429/873/1437
f 3431/874/322 3427/920/318 3428/324/353
f 3429/873/1437 3433/877/1443 3434/875/1441
f 3435/878/1462 3431/874/322 3432/331/1440
f 3433/877/1443 3437/879/324 3438/336/325
f 3440/338/327 3439/880/326 3435/878/1462
f 3438/336/325 3437/879/324 3441/893/330
f 3444/340/1447 3443/921/331 3439/880/326
f 3442/339/328 3441/893/330 3445/881/1448
f 3448/884/1464 3447/883/1450 3443/921/331
f 3446/882/1463 3445/881/1448 3449/922/332
f 3451/923/334 3447/883/1450 3448/884/1464
f 3449/922/332 3453/885/336 3454/351/337
f 3455/886/338 3451/923/334 3452/349/358
f 3454/351/337 3453/885/336 3457/887/1465
f 3459/889/1466 3455/886/338 3456/353/1453
f 3457/887/1465 3461/891/340 3462/358/1459
f 3464/360/343 3463/892/342 3459/889/1466
f 3461/891/340 3465/924/360 3466/361/361
f 3468/363/1467 3467/925/345 3463/892/342
f 3465/924/360 3421/869/1914 3422/870/1460
f 3424/872/1461 3423/871/1435 3467/925/345
f 3425/894/351 3421/869/1914 3465/924/360
f 3465/924/360 3461/891/340 3457/887/1465
f 3457/887/1465 3453/885/336 3449/922/332
f 3449/922/332 3445/881/1448 3441/893/330
f 3441/893/330 3437/879/324 3433/877/1443
f 3433/877/1443 3429/873/1437 3425/894/351
f 3425/894/351 3465/924/360 3457/887/1465
f 3457/887/1465 3449/922/332 3441/893/330
f 3441/893/330 3433/877/1443 3425/894/351
f 3426/895/352 3428/902/353 3424/896/1461
f 3422/898/1460 3424/944/1461 3468/899/1467
f 3423/871/1435 3427/920/318 3431/874/322
f 3431/874/322 3435/878/1462 3439/880/326
f 3439/880/326 3443/921/331 3447/883/1450
f 3447/883/1450 3451/923/334 3455/886/338
f 3455/886/338 3459/889/1466 3463/892/342
f 3463/892/342 3467/925/345 3423/871/1435
f 3423/871/1435 3431/874/322 3439/880/326
f 3439/880/326 3447/883/1450 3455/886/338
f 3455/886/338 3463/892/342 3423/871/1435
f 3430/901/1438 3432/904/1440 3428/902/353
f 3434/903/1441 3436/906/1442 3432/904/1440
f 3438/905/325 3440/908/327 3436/906/1442
f 3442/907/328 3444/910/1447 3440/908/327
f 3446/909/1463 3448/912/1464 3444/910/1447
f 3450/911/333 3452/914/358 3448/912/1464
f 3454/913/337 3456/916/1453 3452/914/358
f 3458/915/1455 3460/918/1457 3456/916/1453
f 3462/917/1459 3464/919/343 3460/918/1457
f 3466/900/361 3468/899/1467 3464/919/343
f 3470/870/1434 3469/869/1433 3473/894/316
f 3475/920/318 3471/871/1435 3472/872/1461
f 3474/322/317 3473/894/316 3477/873/1437
f 3480/331/1440 3479/874/1439 3475/920/318
f 3478/329/1438 3477/873/1437 3481/877/1468
f 3483/878/1462 3479/874/1439 3480/331/1440
f 3482/875/1441 3481/877/1468 3485/879/1470
f 3488/338/1445 3487/880/1471 3483/878/1462
f 3485/879/1470 3489/893/330 3490/339/328
f 3492/340/329 3491/921/1472 3487/880/1471
f 3489/893/330 3493/881/1448 3494/882/1463
f 3496/884/1451 3495/883/1915 3491/921/1472
f 3494/882/1463 3493/881/1448 3497/922/356
f 3499/923/1473 3495/883/1915 3496/884/1451
f 3497/922/356 3501/885/1476 3502/351/1452
f 3503/886/338 3499/923/1473 3500/349/335
f 3502/351/1452 3501/885/1476 3505/887/1454
f 3508/890/1457 3507/889/1466 3503/886/338
f 3505/887/1454 3509/891/340 3510/358/341
f 3512/360/359 3511/892/348 3507/889/1466
f 3509/891/340 3513/924/347 3514/361/344
f 3516/363/346 3515/925/1475 3511/892/348
f 3513/924/347 3469/869/1433 3470/870/1434
f 3472/872/1461 3471/871/1435 3515/925/1475
f 3473/894/316 3469/869/1433 3513/924/347
f 3513/924/347 3509/891/340 3505/887/1454
f 3505/887/1454 3501/885/1476 3497/922/356
f 3497/922/356 3493/881/1448 3489/893/330
f 3489/893/330 3485/879/1470 3481/877/1468
f 3481/877/1468 3477/873/1437 3473/894/316
f 3473/894/316 3513/924/347 3505/887/1454
f 3505/887/1454 3497/922/356 3489/893/330
f 3489/893/330 3481/877/1468 3473/894/316
f 3474/895/317 3476/902/353 3472/896/1461
f 3470/898/1434 3472/944/1461 3516/899/346
f 3471/871/1435 3475/920/318 3479/874/1439
f 3479/874/1439 3483/878/1462 3487/880/1471
f 3487/880/1471 3491/921/1472 3495/883/1915
f 3495/883/1915 3499/923/1473 3503/886/338
f 3503/886/338 3507/889/1466 3511/892/348
f 3511/892/348 3515/925/1475 3471/871/1435
f 3471/871/1435 3479/874/1439 3487/880/1471
f 3487/880/1471 3495/883/1915 3503/886/338
f 3503/886/338 3511/892/348 3471/871/1435
f 3478/901/1438 3480/904/1440 3476/902/353
f 3482/903/1441 3484/906/1469 3480/904/1440
f 3486/905/1444 3488/908/1445 3484/906/1469
f 3490/907/328 3492/910/329 3488/908/1445
f 3494/909/1463 3496/912/1451 3492/910/329
f 3498/911/357 3500/914/335 3496/912/1451
f 3502/913/1452 3504/916/339 3500/914/335
f 3506/915/1474 3508/918/1457 3504/916/339
f 3510/917/341 3512/919/359 3508/918/1457
f 3514/900/344 3516/899/346 3512/919/359
f 3518/870/1460 3517/869/1433 3521/894/351
f 3524/324/353 3523/920/318 3519/871/1435
f 3521/894/351 3525/873/1437 3526/329/321
f 3528/331/1440 3527/874/1439 3523/920/318
f 3525/873/1437 3529/877/1468 3530/875/1441
f 3531/878/1462 3527/874/1439 3528/331/1440
f 3529/877/1468 3533/879/1470 3534/336/1444
f 3536/338/1445 3535/880/1471 3531/878/1462
f 3534/336/1444 3533/879/1470 3537/893/330
f 3539/921/331 3535/880/1471 3536/338/1445
f 3537/893/330 3541/881/1448 3542/882/1463
f 3544/884/1464 3543/883/1450 3539/921/331
f 3542/882/1463 3541/881/1448 3545/922/332
f 3548/349/358 3547/923/334 3543/883/1450
f 3546/347/333 3545/922/332 3549/885/1476
f 3552/353/1453 3551/886/1477 3547/923/334
f 3550/351/1452 3549/885/1476 3553/887/1454
f 3555/889/1466 3551/886/1477 3552/353/1453
f 3553/887/1454 3557/891/1458 3558/358/1459
f 3559/892/342 3555/889/1466 3556/890/1457
f 3558/358/1459 3557/891/1458 3561/924/347
f 3564/363/346 3563/925/1475 3559/892/342
f 3561/924/347 3517/869/1433 3518/870/1460
f 3519/871/1435 3563/925/1475 3564/363/346
f 3521/894/351 3517/869/1433 3561/924/347
f 3561/924/347 3557/891/1458 3553/887/1454
f 3553/887/1454 3549/885/1476 3545/922/332
f 3545/922/332 3541/881/1448 3537/893/330
f 3537/893/330 3533/879/1470 3529/877/1468
f 3529/877/1468 3525/873/1437 3521/894/351
f 3521/894/351 3561/924/347 3553/887/1454
f 3553/887/1454 3545/922/332 3537/893/330
f 3537/893/330 3529/877/1468 3521/894/351
f 3522/895/352 3524/902/353 3520/896/1436
f 3518/898/1460 3520/944/1436 3564/899/346
f 3519/871/1435 3523/920/318 3527/874/1439
f 3527/874/1439 3531/878/1462 3535/880/1471
f 3535/880/1471 3539/921/331 3543/883/1450
f 3543/883/1450 3547/923/334 3551/886/1477
f 3551/886/1477 3555/889/1466 3559/892/342
f 3559/892/342 3563/925/1475 3519/871/1435
f 3519/871/1435 3527/874/1439 3535/880/1471
f 3535/880/1471 3543/883/1450 3551/886/1477
f 3551/886/1477 3559/892/342 3519/871/1435
f 3526/901/321 3528/904/1440 3524/902/353
f 3530/903/1441 3532/906/1469 3528/904/1440
f 3534/905/1444 3536/908/1445 3532/906/1469
f 3538/907/355 3540/910/1447 3536/908/1445
f 3542/909/1463 3544/912/1464 3540/910/1447
f 3546/911/333 3548/914/358 3544/912/1464
f 3550/913/1452 3552/916/1453 3548/914/358
f 3554/915/1474 3556/918/1457 3552/916/1453
f 3558/917/1459 3560/919/359 3556/918/1457
f 3562/900/361 3564/899/346 3560/919/359
f 3566/870/1434 3565/869/1433 3569/894/351
f 3571/920/318 3567/871/1435 3568/872/1436
f 3570/322/352 3569/894/351 3573/873/320
f 3575/874/322 3571/920/318 3572/324/353
f 3574/329/321 3573/873/320 3577/877/1443
f 3579/878/1462 3575/874/322 3576/331/1440
f 3578/875/1441 3577/877/1443 3581/879/1470
f 3584/338/327 3583/880/326 3579/878/1462
f 3582/336/1444 3581/879/1470 3585/893/330
f 3587/921/331 3583/880/326 3584/338/327
f 3585/893/330 3589/881/1448 3590/882/1449
f 3592/884/1451 3591/883/1450 3587/921/331
f 3589/881/1448 3593/922/356 3594/347/333
f 3596/349/358 3595/923/334 3591/883/1450
f 3594/347/333 3593/922/356 3597/885/336
f 3599/886/338 3595/923/334 3596/349/358
f 3598/351/1452 3597/885/336 3601/887/1465
f 3603/889/1466 3599/886/338 3600/353/1453
f 3601/887/1465 3605/891/340 3606/358/341
f 3608/360/343 3607/892/342 3603/889/1466
f 3606/358/341 3605/891/340 3609/924/360
f 3612/363/346 3611/925/345 3607/892/342
f 3610/361/361 3609/924/360 3565/869/1433
f 3567/871/1435 3611/925/345 3612/363/346
f 3569/894/351 3565/869/1433 3609/924/360
f 3609/924/360 3605/891/340 3601/887/1465
f 3601/887/1465 3597/885/336 3593/922/356
f 3593/922/356 3589/881/1448 3585/893/330
f 3585/893/330 3581/879/1470 3577/877/1443
f 3577/877/1443 3573/873/320 3569/894/351
f 3569/894/351 3609/924/360 3601/887/1465
f 3601/887/1465 3593/922/356 3585/893/330
f 3585/893/330 3577/877/1443 3569/894/351
f 3570/895/352 3572/902/353 3568/896/1436
f 3566/898/1434 3568/944/1436 3612/899/346
f 3567/871/1435 3571/920/318 3575/874/322
f 3575/874/322 3579/878/1462 3583/880/326
f 3583/880/326 3587/921/331 3591/883/1450
f 3591/883/1450 3595/923/334 3599/886/338
f 3599/886/338 3603/889/1466 3607/892/342
f 3607/892/342 3611/925/345 3567/871/1435
f 3567/871/1435 3575/874/322 3583/880/326
f 3583/880/326 3591/883/1450 3599/886/338
f 3599/886/338 3607/892/342 3567/871/1435
f 3574/901/321 3576/904/1440 3572/902/353
f 3578/903/1441 3580/906/1442 3576/904/1440
f 3582/905/1444 3584/908/327 3580/906/1442
f 3586/907/355 3588/910/1447 3584/908/327
f 3590/909/1449 3592/912/1451 3588/910/1447
f 3594/911/333 3596/914/358 3592/912/1451
f 3598/913/1452 3600/916/1453 3596/914/358
f 3602/915/1455 3604/918/1457 3600/916/1453
f 3606/917/341 3608/919/343 3604/918/1457
f 3610/900/361 3612/899/346 3608/919/343
f 3613/869/1433 3617/894/351 3618/322/352
f 3620/324/353 3619/920/318 3615/871/1435
f 3617/894/351 3621/873/320 3622/329/321
f 3624/331/323 3623/874/322 3619/920/318
f 3622/329/321 3621/873/320 3625/877/1443
f 3627/878/1446 3623/874/322 3624/331/323
f 3626/875/1441 3625/877/1443 3629/879/324
f 3631/880/1471 3627/878/1446 3628/876/1442
f 3630/336/1444 3629/879/324 3633/893/354
f 3635/921/331 3631/880/1471 3632/338/1445
f 3633/893/354 3637/881/1916 3638/882/1463
f 3640/884/1464 3639/883/1450 3635/921/331
f 3638/882/1463 3637/881/1916 3641/922/356
f 3643/923/334 3639/883/1450 3640/884/1464
f 3641/922/356 3645/885/1476 3646/351/1452
f 3647/886/1477 3643/923/334 3644/349/358
f 3645/885/1476 3649/887/1478 3650/888/1455
f 3652/890/1457 3651/889/1456 3647/886/1477
f 3649/887/1478 3653/891/340 3654/358/341
f 3656/360/359 3655/892/342 3651/889/1456
f 3653/891/340 3657/924/360 3658/361/361
f 3660/363/1467 3659/925/345 3655/892/342
f 3657/924/360 3613/869/1433 3614/870/1434
f 3615/871/1435 3659/925/345 3660/363/1467
f 3617/894/351 3613/869/1433 3657/924/360
f 3657/924/360 3653/891/340 3649/887/1478
f 3649/887/1478 3645/885/1476 3641/922/356
f 3641/922/356 3637/881/1916 3633/893/354
f 3633/893/354 3629/879/324 3625/877/1443
f 3625/877/1443 3621/873/320 3617/894/351
f 3617/894/351 3657/924/360 3649/887/1478
f 3649/887/1478 3641/922/356 3633/893/354
f 3633/893/354 3625/877/1443 3617/894/351
f 3618/895/352 3620/902/353 3616/896/1436
f 3614/898/1434 3616/944/1436 3660/899/1467
f 3615/871/1435 3619/920/318 3623/874/322
f 3623/874/322 3627/878/1446 3631/880/1471
f 3631/880/1471 3635/921/331 3639/883/1450
f 3639/883/1450 3643/923/334 3647/886/1477
f 3647/886/1477 3651/889/1456 3655/892/342
f 3655/892/342 3659/925/345 3615/871/1435
f 3615/871/1435 3623/874/322 3631/880/1471
f 3631/880/1471 3639/883/1450 3647/886/1477
f 3647/886/1477 3655/892/342 3615/871/1435
f 3622/901/321 3624/904/323 3620/902/353
f 3626/903/1441 3628/906/1442 3624/904/323
f 3630/905/1444 3632/908/1445 3628/906/1442
f 3634/907/355 3636/910/1447 3632/908/1445
f 3638/909/1463 3640/912/1464 3636/910/1447
f 3642/911/357 3644/914/358 3640/912/1464
f 3646/913/1452 3648/916/1453 3644/914/358
f 3650/915/1455 3652/918/1457 3648/916/1453
f 3654/917/341 3656/919/359 3652/918/1457
f 3658/900/361 3660/899/1467 3656/919/359
s 0
usemtl WeatheredCream
f 193/64/27 195/65/27 194/66/27
f 196/67/28 198/68/28 197/69/28
f 199/70/29 201/71/29 200/72/29
f 202/73/30 204/74/30 203/75/30
f 205/76/31 207/77/31 206/78/31
f 208/79/32 210/80/32 209/81/32
f 211/82/33 213/83/33 212/84/33
f 214/85/34 216/86/34 215/87/34
f 199/70/35 195/65/35 193/64/35
f 194/88/36 198/68/36 196/67/36
f 198/68/37 202/73/37 197/69/37
f 204/74/38 201/89/38 203/75/38
f 212/84/39 199/70/39 211/82/39
f 202/73/40 216/86/40 214/85/40
f 216/86/41 213/83/41 215/87/41
f 206/78/42 211/82/42 205/76/42
f 215/87/43 208/79/43 214/85/43
f 209/81/44 206/78/44 207/77/44
f 193/64/45 207/77/45 205/76/45
f 208/79/46 196/90/46 197/91/46
f 199/70/47 205/76/47 211/82/47
f 200/92/48 198/68/48 195/93/48
f 194/94/49 209/81/49 207/77/49
f 208/79/50 202/95/50 214/85/50
f 212/84/51 203/75/51 201/89/51
f 206/78/52 215/87/52 213/83/52
f 217/64/53 219/65/53 218/66/53
f 220/67/54 222/68/54 221/69/54
f 223/70/55 225/71/55 224/72/55
f 226/73/56 228/74/56 227/96/56
f 229/76/57 231/77/57 230/78/57
f 232/97/58 234/80/58 233/81/58
f 235/82/59 237/83/59 236/84/59
f 238/85/60 240/86/60 239/98/60
f 224/72/61 217/64/61 223/70/61
f 219/93/62 220/67/62 218/88/62
f 222/68/63 226/73/63 221/69/63
f 227/96/64 224/92/64 225/89/64
f 235/82/65 225/71/65 223/70/65
f 227/96/66 238/85/66 226/73/66
f 239/98/67 236/84/67 237/83/67
f 230/78/68 235/82/68 229/76/68
f 239/98/69 232/97/69 238/85/69
f 234/80/70 231/77/70 233/81/70
f 218/66/71 229/76/71 217/64/71
f 232/97/72 220/90/72 221/91/72
f 217/64/73 235/82/73 223/70/73
f 224/92/74 222/68/74 219/93/74
f 218/94/23 233/81/23 231/77/23
f 232/97/75 226/95/75 238/85/75
f 236/84/25 227/96/25 225/89/25
f 230/78/76 239/98/76 237/83/76
f 265/64/101 267/65/101 266/66/101
f 268/67/102 270/68/102 269/69/102
f 271/70/103 273/71/103 272/72/103
f 274/73/104 276/74/104 275/96/104
f 277/76/105 279/77/105 278/100/105
f 280/97/106 282/80/106 281/81/106
f 283/82/107 285/83/107 284/101/107
f 286/85/108 288/86/108 287/98/108
f 272/72/109 265/64/109 271/70/109
f 267/93/110 268/67/110 266/88/110
f 269/69/111 276/74/111 274/73/111
f 276/74/112 273/89/112 275/96/112
f 284/101/113 271/70/113 283/82/113
f 274/73/114 288/86/114 286/85/114
f 287/98/115 284/101/115 285/83/115
f 278/100/116 283/82/116 277/76/116
f 286/85/117 282/80/117 280/97/117
f 282/80/118 279/77/118 281/81/118
f 266/66/119 277/76/119 265/64/119
f 281/81/120 269/91/120 280/97/120
f 265/64/73 283/82/73 271/70/73
f 272/92/121 270/68/121 267/93/121
f 266/94/49 281/81/49 279/77/49
f 286/85/75 269/102/75 274/95/75
f 284/101/51 275/96/51 273/89/51
f 278/100/122 287/98/122 285/83/122
f 289/64/123 291/65/123 290/66/123
f 292/67/124 294/68/124 293/69/124
f 295/70/125 297/71/125 296/72/125
f 298/73/126 300/74/126 299/75/126
f 301/76/127 303/77/127 302/78/127
f 304/79/128 306/80/128 305/81/128
f 307/82/129 309/83/129 308/101/129
f 310/99/130 312/86/130 311/87/130
f 296/72/131 289/64/131 295/70/131
f 291/93/132 292/67/132 290/88/132
f 294/68/133 298/73/133 293/69/133
f 300/74/134 297/89/134 299/75/134
f 307/82/135 297/71/135 295/70/135
f 299/75/136 310/99/136 298/73/136
f 312/86/137 309/83/137 311/87/137
f 302/78/138 307/82/138 301/76/138
f 311/87/139 304/79/139 310/99/139
f 306/80/140 303/77/140 305/81/140
f 290/66/141 301/76/141 289/64/141
f 304/79/142 292/90/142 293/91/142
f 289/64/47 307/82/47 295/70/47
f 296/92/143 294/68/143 291/93/143
f 290/94/23 305/81/23 303/77/23
f 304/79/50 298/95/50 310/99/50
f 308/101/25 299/75/25 297/89/25
f 302/78/144 311/87/144 309/83/144
f 313/64/145 315/65/145 314/66/145
f 316/67/146 318/68/146 317/69/146
f 319/70/147 321/71/147 320/72/147
f 322/73/148 324/74/148 323/75/148
f 325/76/149 327/77/149 326/78/149
f 328/79/150 330/80/150 329/81/150
f 331/82/151 333/83/151 332/84/151
f 334/85/152 336/86/152 335/87/152
f 320/72/153 313/64/153 319/70/153
f 315/93/154 316/67/154 314/88/154
f 318/68/155 322/73/155 317/69/155
f 324/74/156 321/89/156 323/75/156
f 331/82/157 321/71/157 319/70/157
f 322/73/158 336/86/158 334/85/158
f 335/87/159 332/84/159 333/83/159
f 326/78/160 331/82/160 325/76/160
f 334/85/161 330/80/161 328/79/161
f 330/80/162 327/77/162 329/81/162
f 313/64/163 327/77/163 325/76/163
f 329/81/164 317/91/164 328/79/164
f 313/64/73 331/82/73 319/70/73
f 320/92/165 318/68/165 315/93/165
f 314/94/98 329/81/98 327/77/98
f 328/79/75 322/95/75 334/85/75
f 332/84/99 323/75/99 321/89/99
f 326/78/166 335/87/166 333/83/166
f 337/64/27 339/65/27 338/66/27
f 340/67/28 342/68/28 341/69/28
f 343/70/29 345/71/29 344/72/29
f 346/73/30 348/74/30 347/96/30
f 349/76/31 351/77/31 350/78/31
f 352/97/32 354/80/32 353/81/32
f 355/82/33 357/83/33 356/84/33
f 358/85/34 360/86/34 359/98/34
f 344/72/35 337/64/35 343/70/35
f 338/88/36 342/68/36 340/67/36
f 342/68/37 346/73/37 341/69/37
f 348/74/38 345/89/38 347/96/38
f 356/84/39 343/70/39 355/82/39
f 346/73/40 360/86/40 358/85/40
f 360/86/41 357/83/41 359/98/41
f 349/76/42 357/83/42 355/82/42
f 359/98/43 352/97/43 358/85/43
f 353/81/44 350/78/44 351/77/44
f 337/64/45 351/77/45 349/76/45
f 352/97/46 340/90/46 341/91/46
f 343/70/47 349/76/47 355/82/47
f 344/92/48 342/68/48 339/93/48
f 338/94/49 353/81/49 351/77/49
f 352/97/50 346/95/50 358/85/50
f 356/84/51 347/96/51 345/89/51
f 350/78/52 359/98/52 357/83/52
f 361/64/53 363/65/53 362/66/53
f 364/67/54 366/68/54 365/69/54
f 367/70/55 369/71/55 368/72/55
f 370/73/56 372/74/56 371/75/56
f 373/76/57 375/77/57 374/78/57
f 376/79/58 378/80/58 377/81/58
f 379/82/59 381/83/59 380/84/59
f 382/99/60 384/86/60 383/87/60
f 368/72/61 361/64/61 367/70/61
f 363/93/62 364/67/62 362/88/62
f 366/68/63 370/73/63 365/69/63
f 371/75/64 368/92/64 369/89/64
f 379/82/65 369/71/65 367/70/65
f 371/75/66 382/99/66 370/73/66
f 383/87/67 380/84/67 381/83/67
f 374/78/68 379/82/68 373/76/68
f 383/87/69 376/79/69 382/99/69
f 378/80/70 375/77/70 377/81/70
f 362/66/71 373/76/71 361/64/71
f 376/79/72 364/90/72 365/91/72
f 361/64/73 379/82/73 367/70/73
f 368/92/74 366/68/74 363/93/74
f 362/94/23 377/81/23 375/77/23
f 376/79/75 370/95/75 382/99/75
f 380/84/25 371/75/25 369/89/25
f 374/78/76 383/87/76 381/83/76
f 409/64/101 411/65/101 410/66/101
f 412/67/102 414/68/102 413/69/102
f 415/70/103 417/71/103 416/72/103
f 418/73/104 420/74/104 419/75/104
f 421/76/105 423/77/105 422/78/105
f 424/79/106 426/80/106 425/81/106
f 427/82/107 429/83/107 428/101/107
f 430/99/108 432/86/108 431/87/108
f 416/72/109 409/64/109 415/70/109
f 411/93/110 412/67/110 410/88/110
f 413/69/111 420/74/111 418/73/111
f 419/75/112 416/92/112 417/89/112
f 428/101/113 415/70/113 427/82/113
f 418/73/114 432/86/114 430/99/114
f 432/86/115 429/83/115 431/87/115
f 421/76/116 429/83/116 427/82/116
f 430/99/117 426/80/117 424/79/117
f 426/80/118 423/77/118 425/81/118
f 409/64/119 423/77/119 421/76/119
f 425/81/120 413/91/120 424/79/120
f 415/70/73 421/76/73 427/82/73
f 416/92/121 414/68/121 411/93/121
f 410/94/49 425/81/49 423/77/49
f 430/99/75 413/102/75 418/95/75
f 428/101/51 419/75/51 417/89/51
f 422/78/122 431/87/122 429/83/122
f 433/64/123 435/65/123 434/66/123
f 436/67/124 438/68/124 437/69/124
f 439/70/125 441/71/125 440/72/125
f 442/73/126 444/74/126 443/96/126
f 445/76/127 447/77/127 446/100/127
f 448/97/128 450/80/128 449/81/128
f 451/82/129 453/83/129 452/84/129
f 454/85/130 456/86/130 455/98/130
f 440/72/131 433/64/131 439/70/131
f 435/93/132 436/67/132 434/88/132
f 438/68/133 442/73/133 437/69/133
f 444/74/134 441/89/134 443/96/134
f 451/82/135 441/71/135 439/70/135
f 443/96/136 454/85/136 442/73/136
f 456/86/137 453/83/137 455/98/137
f 446/100/138 451/82/138 445/76/138
f 455/98/139 448/97/139 454/85/139
f 449/81/140 446/100/140 447/77/140
f 434/66/141 445/76/141 433/64/141
f 448/97/142 436/90/142 437/91/142
f 433/64/47 451/82/47 439/70/47
f 440/92/143 438/68/143 435/93/143
f 434/94/23 449/81/23 447/77/23
f 448/97/50 442/95/50 454/85/50
f 452/84/25 443/96/25 441/89/25
f 446/100/144 455/98/144 453/83/144
f 553/138/191 555/139/191 554/140/191
f 556/141/192 558/142/192 557/143/192
f 559/144/193 561/145/193 560/146/193
f 562/170/194 564/148/194 563/149/194
f 565/150/195 567/151/195 566/152/195
f 568/153/196 570/154/196 569/155/196
f 571/156/197 573/157/197 572/158/197
f 574/159/198 576/160/198 575/171/198
f 560/146/9 553/138/9 559/144/9
f 555/162/10 556/141/10 554/163/10
f 558/142/11 562/170/11 557/143/11
f 564/148/12 561/164/12 563/149/12
f 572/158/13 559/144/13 571/156/13
f 563/149/14 574/159/14 562/170/14
f 576/160/15 573/157/15 575/171/15
f 566/152/16 571/156/16 565/150/16
f 575/171/17 568/153/17 574/159/17
f 570/154/18 567/151/18 569/155/18
f 554/140/19 565/150/19 553/138/19
f 569/155/20 557/166/20 568/153/20
f 553/138/21 571/156/21 559/144/21
f 560/167/22 558/142/22 555/162/22
f 554/168/23 569/155/23 567/151/23
f 568/153/24 562/169/24 574/159/24
f 572/158/25 563/149/25 561/164/25
f 566/152/26 575/171/26 573/157/26
f 577/138/199 579/139/199 578/140/199
f 580/141/200 582/142/200 581/143/200
f 583/144/201 585/145/201 584/146/201
f 586/147/202 588/148/202 587/149/202
f 589/150/203 591/151/203 590/152/203
f 592/153/204 594/154/204 593/155/204
f 595/156/205 597/157/205 596/158/205
f 598/159/206 600/160/206 599/161/206
f 584/146/207 577/138/207 583/144/207
f 579/162/208 580/141/208 578/163/208
f 582/142/209 586/147/209 581/143/209
f 588/148/210 585/164/210 587/149/210
f 595/156/211 585/145/211 583/144/211
f 586/147/212 600/160/212 598/159/212
f 600/160/213 597/157/213 599/161/213
f 590/152/214 595/156/214 589/150/214
f 599/161/215 592/153/215 598/159/215
f 594/154/216 591/151/216 593/155/216
f 578/140/217 589/150/217 577/138/217
f 593/155/218 581/166/218 592/153/218
f 577/138/219 595/156/219 583/144/219
f 584/167/220 582/142/220 579/162/220
f 578/168/23 593/155/23 591/151/23
f 592/153/221 586/169/221 598/159/221
f 596/158/25 587/149/25 585/164/25
f 590/152/222 599/161/222 597/157/222
f 601/138/167 603/139/167 602/140/167
f 604/141/168 606/142/168 605/143/168
f 607/144/169 609/145/169 608/146/169
f 610/147/170 612/148/170 611/149/170
f 613/150/171 615/151/171 614/152/171
f 616/153/172 618/154/172 617/155/172
f 619/156/173 621/157/173 620/172/173
f 622/159/174 624/160/174 623/161/174
f 608/146/175 601/138/175 607/144/175
f 603/162/176 604/141/176 602/163/176
f 606/142/177 610/147/177 605/143/177
f 612/148/178 609/164/178 611/149/178
f 620/172/179 607/144/179 619/156/179
f 611/149/180 622/159/180 610/147/180
f 624/160/181 621/157/181 623/161/181
f 614/152/182 619/156/182 613/150/182
f 623/161/183 616/153/183 622/159/183
f 617/155/184 614/152/184 615/151/184
f 601/138/185 615/151/185 613/150/185
f 616/153/186 604/165/186 605/166/186
f 601/138/187 619/156/187 607/144/187
f 608/167/188 606/142/188 603/162/188
f 602/168/23 617/155/23 615/151/23
f 616/153/189 610/169/189 622/159/189
f 620/172/25 611/149/25 609/164/25
f 614/152/190 623/161/190 621/157/190
f 649/138/199 651/139/199 650/140/199
f 652/141/200 654/142/200 653/143/200
f 655/144/201 657/145/201 656/146/201
f 658/170/202 660/148/202 659/149/202
f 661/150/203 663/151/203 662/152/203
f 664/153/204 666/154/204 665/155/204
f 667/156/205 669/157/205 668/158/205
f 670/159/206 672/160/206 671/171/206
f 656/146/207 649/138/207 655/144/207
f 651/162/208 652/141/208 650/163/208
f 654/142/209 658/170/209 653/143/209
f 660/148/210 657/164/210 659/149/210
f 667/156/211 657/145/211 655/144/211
f 658/170/212 672/160/212 670/159/212
f 672/160/213 669/157/213 671/171/213
f 662/152/214 667/156/214 661/150/214
f 671/171/215 664/153/215 670/159/215
f 666/154/216 663/151/216 665/155/216
f 650/140/217 661/150/217 649/138/217
f 665/155/218 653/166/218 664/153/218
f 649/138/219 667/156/219 655/144/219
f 656/167/220 654/142/220 651/162/220
f 650/168/23 665/155/23 663/151/23
f 664/153/221 658/169/221 670/159/221
f 668/158/25 659/149/25 657/164/25
f 662/152/222 671/171/222 669/157/222
f 673/138/231 675/139/231 674/140/231
f 676/141/168 678/142/168 677/143/168
f 679/144/232 681/145/232 680/146/232
f 682/170/170 684/148/170 683/149/170
f 685/150/171 687/151/171 686/152/171
f 688/153/172 690/154/172 689/155/172
f 691/156/173 693/157/173 692/172/173
f 694/159/174 696/160/174 695/171/174
f 680/146/175 673/138/175 679/144/175
f 675/162/176 676/141/176 674/163/176
f 678/142/177 682/170/177 677/143/177
f 684/148/178 681/164/178 683/149/178
f 692/172/179 679/144/179 691/156/179
f 683/149/180 694/159/180 682/170/180
f 696/160/181 693/157/181 695/171/181
f 686/152/182 691/156/182 685/150/182
f 695/171/183 688/153/183 694/159/183
f 690/154/184 687/151/184 689/155/184
f 673/138/185 687/151/185 685/150/185
f 688/153/186 676/165/186 677/166/186
f 673/138/187 691/156/187 679/144/187
f 680/167/188 678/142/188 675/162/188
f 674/168/23 689/155/23 687/151/23
f 688/153/189 682/169/189 694/159/189
f 692/172/25 683/149/25 681/164/25
f 686/152/190 695/171/190 693/157/190
f 817/138/191 819/139/191 818/140/191
f 820/141/192 822/142/192 821/143/192
f 823/144/193 825/145/193 824/146/193
f 826/170/194 828/148/194 827/149/194
f 829/150/195 831/151/195 830/152/195
f 832/153/196 834/154/196 833/155/196
f 835/156/197 837/157/197 836/158/197
f 838/159/198 840/160/198 839/171/198
f 824/146/9 817/138/9 823/144/9
f 819/162/10 820/141/10 818/163/10
f 822/142/11 826/170/11 821/143/11
f 828/148/12 825/164/12 827/149/12
f 836/158/13 823/144/13 835/156/13
f 827/149/14 838/159/14 826/170/14
f 840/160/15 837/157/15 839/171/15
f 830/152/16 835/156/16 829/150/16
f 839/171/17 832/153/17 838/159/17
f 834/154/18 831/151/18 833/155/18
f 818/140/19 829/150/19 817/138/19
f 833/155/20 821/166/20 832/153/20
f 817/138/21 835/156/21 823/144/21
f 824/167/22 822/142/22 819/162/22
f 818/168/23 833/155/23 831/151/23
f 832/153/24 826/169/24 838/159/24
f 836/158/25 827/149/25 825/164/25
f 830/152/26 839/171/26 837/157/26
f 841/138/199 843/139/199 842/140/199
f 844/141/200 846/142/200 845/143/200
f 847/144/201 849/145/201 848/146/201
f 850/147/202 852/148/202 851/149/202
f 853/150/203 855/151/203 854/152/203
f 856/153/204 858/154/204 857/155/204
f 859/156/205 861/157/205 860/172/205
f 862/159/206 864/160/206 863/161/206
f 848/146/207 841/138/207 847/144/207
f 843/162/208 844/141/208 842/163/208
f 846/142/209 850/147/209 845/143/209
f 852/148/210 849/164/210 851/149/210
f 859/156/211 849/145/211 847/144/211
f 850/147/212 864/160/212 862/159/212
f 864/160/213 861/157/213 863/161/213
f 854/152/214 859/156/214 853/150/214
f 863/161/215 856/153/215 862/159/215
f 857/155/216 854/152/216 855/151/216
f 842/140/217 853/150/217 841/138/217
f 857/155/218 845/166/218 856/153/218
f 841/138/219 859/156/219 847/144/219
f 848/167/220 846/142/220 843/162/220
f 842/168/23 857/155/23 855/151/23
f 856/153/221 850/169/221 862/159/221
f 860/172/25 851/149/25 849/164/25
f 854/152/222 863/161/222 861/157/222
f 865/138/167 867/139/167 866/140/167
f 868/141/168 870/142/168 869/143/168
f 871/144/169 873/145/169 872/146/169
f 874/170/170 876/148/170 875/149/170
f 877/150/171 879/151/171 878/152/171
f 880/153/172 882/154/172 881/155/172
f 883/156/173 885/157/173 884/172/173
f 886/159/174 888/160/174 887/171/174
f 872/146/175 865/138/175 871/144/175
f 867/162/176 868/141/176 866/163/176
f 870/142/177 874/170/177 869/143/177
f 875/149/178 872/167/178 873/164/178
f 884/172/179 871/144/179 883/156/179
f 875/149/180 886/159/180 874/170/180
f 888/160/181 885/157/181 887/171/181
f 878/152/182 883/156/182 877/150/182
f 887/171/183 880/153/183 886/159/183
f 881/155/184 878/152/184 879/151/184
f 865/138/185 879/151/185 877/150/185
f 880/153/186 868/165/186 869/166/186
f 865/138/187 883/156/187 871/144/187
f 872/167/188 870/142/188 867/162/188
f 866/168/23 881/155/23 879/151/23
f 880/153/189 874/169/189 886/159/189
f 884/172/25 875/149/25 873/164/25
f 878/152/190 887/171/190 885/157/190
f 913/138/199 915/139/199 914/140/199
f 916/141/200 918/142/200 917/143/200
f 919/144/201 921/145/201 920/146/201
f 922/170/202 924/148/202 923/149/202
f 925/150/203 927/151/203 926/152/203
f 928/153/204 930/154/204 929/155/204
f 931/156/205 933/157/205 932/158/205
f 934/159/206 936/160/206 935/171/206
f 920/146/207 913/138/207 919/144/207
f 915/162/208 916/141/208 914/163/208
f 918/142/209 922/170/209 917/143/209
f 924/148/210 921/164/210 923/149/210
f 931/156/211 921/145/211 919/144/211
f 922/170/212 936/160/212 934/159/212
f 936/160/213 933/157/213 935/171/213
f 926/152/214 931/156/214 925/150/214
f 935/171/215 928/153/215 934/159/215
f 930/154/216 927/151/216 929/155/216
f 914/140/217 925/150/217 913/138/217
f 929/155/218 917/166/218 928/153/218
f 913/138/219 931/156/219 919/144/219
f 920/167/220 918/142/220 915/162/220
f 914/168/23 929/155/23 927/151/23
f 928/153/221 922/169/221 934/159/221
f 932/158/25 923/149/25 921/164/25
f 926/152/222 935/171/222 933/157/222
f 937/138/231 939/139/231 938/140/231
f 940/141/168 942/142/168 941/143/168
f 943/144/232 945/145/232 944/146/232
f 946/147/170 948/148/170 947/149/170
f 949/150/171 951/151/171 950/152/171
f 952/153/172 954/154/172 953/155/172
f 955/156/173 957/157/173 956/158/173
f 958/159/174 960/160/174 959/161/174
f 944/146/175 937/138/175 943/144/175
f 939/162/176 940/141/176 938/163/176
f 942/142/177 946/147/177 941/143/177
f 948/148/178 945/164/178 947/149/178
f 956/158/179 943/144/179 955/156/179
f 947/149/180 958/159/180 946/147/180
f 960/160/181 957/157/181 959/161/181
f 950/152/182 955/156/182 949/150/182
f 959/161/183 952/153/183 958/159/183
f 954/154/184 951/151/184 953/155/184
f 937/138/185 951/151/185 949/150/185
f 952/153/186 940/165/186 941/166/186
f 937/138/187 955/156/187 943/144/187
f 944/167/188 942/142/188 939/162/188
f 938/168/23 953/155/23 951/151/23
f 952/153/189 946/169/189 958/159/189
f 956/158/25 947/149/25 945/164/25
f 950/152/190 959/161/190 957/157/190
s 1
f 2113/387/1017 2124/388/1018 2119/389/1019
f 2113/386/1017 2120/390/1020 2114/391/1021
f 2114/391/1021 2121/392/1022 2115/393/1023
f 2115/393/1023 2122/394/1024 2116/395/1025
f 2116/395/1025 2123/396/1026 2117/397/1027
f 2118/398/1028 2123/396/1026 2124/388/1018
f 2119/389/1019 2130/399/1029 2125/400/1030
f 2119/401/1019 2126/402/1031 2120/390/1020
f 2120/390/1020 2127/403/1032 2121/392/1022
f 2121/392/1022 2128/404/1033 2122/394/1024
f 2122/394/1024 2129/405/1034 2123/396/1026
f 2124/388/1018 2129/405/1034 2130/399/1029
f 2125/400/1030 2136/406/1035 2131/407/1036
f 2125/408/1030 2132/409/1037 2126/402/1031
f 2126/402/1031 2133/410/1038 2127/403/1032
f 2127/403/1032 2134/411/1039 2128/404/1033
f 2128/404/1033 2135/412/1040 2129/405/1034
f 2130/399/1029 2135/412/1040 2136/406/1035
f 2136/406/1035 2137/413/1041 2131/407/1036
f 2131/414/1036 2138/415/1042 2132/409/1037
f 2133/410/1038 2138/415/1042 2139/416/1043
f 2134/411/1039 2139/416/1043 2140/417/1044
f 2134/411/1039 2141/418/1045 2135/412/1040
f 2135/412/1040 2142/419/1046 2136/406/1035
f 2137/413/1041 2148/420/1047 2143/421/1048
f 2137/422/1041 2144/423/1049 2138/415/1042
f 2138/415/1042 2145/424/1050 2139/416/1043
f 2139/416/1043 2146/425/1051 2140/417/1044
f 2140/417/1044 2147/426/1052 2141/418/1045
f 2142/419/1046 2147/426/1052 2148/420/1047
f 2148/420/1047 2149/427/1053 2143/421/1048
f 2143/428/1048 2150/429/1054 2144/423/1049
f 2145/424/1050 2150/429/1054 2151/430/1055
f 2146/425/1051 2151/430/1055 2152/431/1056
f 2146/425/1051 2153/432/1057 2147/426/1052
f 2147/426/1052 2154/433/1058 2148/420/1047
f 2149/427/1053 2160/434/1059 2155/435/1060
f 2149/436/1053 2156/437/1061 2150/429/1054
f 2150/429/1054 2157/438/1062 2151/430/1055
f 2151/430/1055 2158/439/1063 2152/431/1056
f 2152/431/1056 2159/440/1064 2153/432/1057
f 2154/433/1058 2159/440/1064 2160/434/1059
f 2160/434/1059 2161/441/1065 2155/435/1060
f 2155/442/1060 2162/443/1066 2156/437/1061
f 2157/438/1062 2162/443/1066 2163/444/1067
f 2158/439/1063 2163/444/1067 2164/445/1068
f 2158/439/1063 2165/446/1069 2159/440/1064
f 2159/440/1064 2166/447/1070 2160/434/1059
f 2161/441/1065 2172/448/1071 2167/449/1072
f 2161/450/1065 2168/451/1073 2162/443/1066
f 2162/443/1066 2169/452/1074 2163/444/1067
f 2163/444/1067 2170/453/1075 2164/445/1068
f 2164/445/1068 2171/454/1076 2165/446/1069
f 2166/447/1070 2171/454/1076 2172/448/1071
f 2172/448/1071 2173/455/1077 2167/449/1072
f 2167/456/1072 2174/457/1078 2168/451/1073
f 2169/452/1074 2174/457/1078 2175/458/1079
f 2170/453/1075 2175/458/1079 2176/459/1080
f 2170/453/1075 2177/460/1081 2171/454/1076
f 2171/454/1076 2178/461/1082 2172/448/1071
f 2173/455/1077 2184/462/1083 2179/463/1084
f 2173/464/1077 2180/465/1085 2174/457/1078
f 2174/457/1078 2181/466/1086 2175/458/1079
f 2175/458/1079 2182/467/1087 2176/459/1080
f 2176/459/1080 2183/468/1088 2177/460/1081
f 2178/461/1082 2183/468/1088 2184/462/1083
f 2184/462/1083 2185/469/1089 2179/463/1084
f 2179/470/1084 2186/471/1090 2180/465/1085
f 2181/466/1086 2186/471/1090 2187/472/1091
f 2182/467/1087 2187/472/1091 2188/473/1092
f 2182/467/1087 2189/474/1093 2183/468/1088
f 2183/468/1088 2190/475/1094 2184/462/1083
f 2185/469/1089 2196/476/1095 2191/477/1096
f 2185/478/1089 2192/479/1097 2186/471/1090
f 2186/471/1090 2193/480/1098 2187/472/1091
f 2187/472/1091 2194/481/1099 2188/473/1092
f 2188/473/1092 2195/482/1100 2189/474/1093
f 2190/475/1094 2195/482/1100 2196/476/1095
f 2196/476/1095 2197/483/1101 2191/477/1096
f 2191/198/1096 2198/484/1102 2192/479/1097
f 2193/480/1098 2198/484/1102 2199/485/1103
f 2194/481/1099 2199/485/1103 2200/486/1104
f 2194/481/1099 2201/487/1105 2195/482/1100
f 2195/482/1100 2202/488/1106 2196/476/1095
f 2197/483/1101 2208/489/1107 2203/490/1108
f 2197/491/1101 2204/492/1109 2198/484/1102
f 2198/484/1102 2205/493/1110 2199/485/1103
f 2199/485/1103 2206/494/1111 2200/486/1104
f 2200/486/1104 2207/495/1112 2201/487/1105
f 2202/488/1106 2207/495/1112 2208/489/1107
f 2203/490/1108 2214/496/1113 2209/497/1114
f 2203/498/1108 2210/499/1115 2204/492/1109
f 2204/492/1109 2211/500/1116 2205/493/1110
f 2205/493/1110 2212/501/1117 2206/494/1111
f 2206/494/1111 2213/502/1118 2207/495/1112
f 2208/489/1107 2213/502/1118 2214/496/1113
f 2214/496/1113 2215/503/1119 2209/497/1114
f 2209/504/1114 2216/505/1120 2210/499/1115
f 2211/500/1116 2216/505/1120 2217/506/1121
f 2212/501/1117 2217/506/1121 2218/507/1122
f 2212/501/1117 2219/508/1123 2213/502/1118
f 2213/502/1118 2220/509/1124 2214/496/1113
f 2220/509/1124 2221/510/1125 2215/503/1119
f 2215/511/1119 2222/512/1126 2216/505/1120
f 2217/506/1121 2222/512/1126 2223/513/1127
f 2218/507/1122 2223/513/1127 2224/514/1128
f 2218/507/1122 2225/515/1129 2219/508/1123
f 2219/508/1123 2226/516/1130 2220/509/1124
f 2221/510/1125 2232/517/1131 2227/518/1132
f 2221/519/1125 2228/520/1133 2222/512/1126
f 2222/512/1126 2229/521/1134 2223/513/1127
f 2223/513/1127 2230/522/1135 2224/514/1128
f 2224/514/1128 2231/523/1136 2225/515/1129
f 2226/516/1130 2231/523/1136 2232/517/1131
f 2232/517/1131 2233/524/1137 2227/518/1132
f 2227/176/1132 2234/525/1138 2228/520/1133
f 2229/521/1134 2234/525/1138 2235/526/1139
f 2230/522/1135 2235/526/1139 2236/527/1140
f 2230/522/1135 2237/528/1141 2231/523/1136
f 2231/523/1136 2238/529/1142 2232/517/1131
f 2233/524/1137 2244/530/1143 2239/531/1144
f 2233/532/1137 2240/533/1145 2234/525/1138
f 2234/525/1138 2241/534/1146 2235/526/1139
f 2235/526/1139 2242/535/1147 2236/527/1140
f 2236/527/1140 2243/536/1148 2237/528/1141
f 2238/529/1142 2243/536/1148 2244/530/1143
f 2244/530/1143 2245/537/1149 2239/531/1144
f 2239/538/1144 2246/539/1150 2240/533/1145
f 2241/534/1146 2246/539/1150 2247/540/1151
f 2242/535/1147 2247/540/1151 2248/541/1152
f 2242/535/1147 2249/542/1153 2243/536/1148
f 2243/536/1148 2250/543/1154 2244/530/1143
f 2245/537/1149 2256/544/1155 2251/545/1156
f 2245/546/1149 2252/547/1157 2246/539/1150
f 2246/539/1150 2253/548/1158 2247/540/1151
f 2247/540/1151 2254/549/1159 2248/541/1152
f 2248/541/1152 2255/550/1160 2249/542/1153
f 2250/543/1154 2255/550/1160 2256/544/1155
f 2256/544/1155 2257/551/1161 2251/545/1156
f 2251/552/1156 2258/553/1162 2252/547/1157
f 2253/548/1158 2258/553/1162 2259/554/1163
f 2254/549/1159 2259/554/1163 2260/555/1164
f 2254/549/1159 2261/556/1165 2255/550/1160
f 2255/550/1160 2262/557/1166 2256/544/1155
f 2257/551/1161 2268/558/1167 2263/559/1168
f 2257/560/1161 2264/561/1169 2258/553/1162
f 2258/553/1162 2265/562/1170 2259/554/1163
f 2259/554/1163 2266/563/1171 2260/555/1164
f 2260/555/1164 2267/564/1172 2261/556/1165
f 2262/557/1166 2267/564/1172 2268/558/1167
f 2268/558/1167 2269/565/1173 2263/559/1168
f 2263/566/1168 2270/567/1174 2264/561/1169
f 2265/562/1170 2270/567/1174 2271/568/1175
f 2266/563/1171 2271/568/1175 2272/569/1176
f 2266/563/1171 2273/570/1177 2267/564/1172
f 2267/564/1172 2274/571/1178 2268/558/1167
f 2269/565/1173 2280/572/1179 2275/573/1180
f 2269/574/1173 2276/575/1181 2270/567/1174
f 2270/567/1174 2277/576/1182 2271/568/1175
f 2271/568/1175 2278/577/1183 2272/569/1176
f 2272/569/1176 2279/578/1184 2273/570/1177
f 2274/571/1178 2279/578/1184 2280/572/1179
f 2280/572/1179 2281/579/1185 2275/573/1180
f 2275/580/1180 2282/581/1186 2276/575/1181
f 2277/576/1182 2282/581/1186 2283/582/1187
f 2278/577/1183 2283/582/1187 2284/583/1188
f 2278/577/1183 2285/584/1189 2279/578/1184
f 2279/578/1184 2286/585/1190 2280/572/1179
f 2281/579/1185 2292/586/1191 2287/587/1192
f 2281/588/1185 2288/589/1193 2282/581/1186
f 2282/581/1186 2289/590/1194 2283/582/1187
f 2283/582/1187 2290/591/1195 2284/583/1188
f 2284/583/1188 2291/592/1196 2285/584/1189
f 2286/585/1190 2291/592/1196 2292/586/1191
f 2292/586/1191 2293/593/1197 2287/587/1192
f 2287/594/1192 2294/595/1198 2288/589/1193
f 2289/590/1194 2294/595/1198 2295/596/1199
f 2290/591/1195 2295/596/1199 2296/597/1200
f 2290/591/1195 2297/598/1201 2291/592/1196
f 2291/592/1196 2298/599/1202 2292/586/1191
f 2298/599/1202 2299/600/1203 2293/593/1197
f 2293/601/1197 2300/602/1204 2294/595/1198
f 2295/596/1199 2300/602/1204 2301/603/1205
f 2296/597/1200 2301/603/1205 2302/604/1206
f 2296/597/1200 2303/605/1207 2297/598/1201
f 2297/598/1201 2304/606/1208 2298/599/1202
f 2304/606/1208 2305/607/1209 2299/600/1203
f 2299/608/1203 2306/609/1210 2300/602/1204
f 2301/603/1205 2306/609/1210 2307/610/1211
f 2302/604/1206 2307/610/1211 2308/611/1212
f 2302/604/1206 2309/612/1213 2303/605/1207
f 2303/605/1207 2310/613/1214 2304/606/1208
f 2311/387/1017 2322/388/1018 2317/389/1019
f 2311/386/1017 2318/390/1020 2312/391/1021
f 2312/391/1021 2319/392/1022 2313/393/1023
f 2313/393/1023 2320/394/1024 2314/395/1025
f 2314/395/1025 2321/396/1026 2315/397/1027
f 2316/398/1028 2321/396/1026 2322/388/1018
f 2317/389/1019 2328/399/1029 2323/400/1030
f 2317/401/1019 2324/402/1031 2318/390/1020
f 2318/390/1020 2325/403/1032 2319/392/1022
f 2319/392/1022 2326/404/1033 2320/394/1024
f 2320/394/1024 2327/405/1034 2321/396/1026
f 2322/388/1018 2327/405/1034 2328/399/1029
f 2323/400/1030 2334/406/1035 2329/407/1036
f 2323/408/1030 2330/409/1037 2324/402/1031
f 2324/402/1031 2331/410/1038 2325/403/1032
f 2325/403/1032 2332/411/1039 2326/404/1033
f 2326/404/1033 2333/412/1040 2327/405/1034
f 2328/399/1029 2333/412/1040 2334/406/1035
f 2334/406/1035 2335/413/1041 2329/407/1036
f 2329/414/1036 2336/415/1042 2330/409/1037
f 2331/410/1038 2336/415/1042 2337/416/1043
f 2332/411/1039 2337/416/1043 2338/417/1044
f 2332/411/1039 2339/418/1045 2333/412/1040
f 2333/412/1040 2340/419/1046 2334/406/1035
f 2335/413/1041 2346/420/1047 2341/421/1048
f 2335/422/1041 2342/423/1049 2336/415/1042
f 2336/415/1042 2343/424/1050 2337/416/1043
f 2337/416/1043 2344/425/1051 2338/417/1044
f 2338/417/1044 2345/426/1052 2339/418/1045
f 2340/419/1046 2345/426/1052 2346/420/1047
f 2346/420/1047 2347/427/1053 2341/421/1048
f 2341/428/1048 2348/429/1054 2342/423/1049
f 2343/424/1050 2348/429/1054 2349/430/1055
f 2344/425/1051 2349/430/1055 2350/431/1056
f 2344/425/1051 2351/432/1057 2345/426/1052
f 2345/426/1052 2352/433/1058 2346/420/1047
f 2347/427/1053 2358/434/1059 2353/435/1060
f 2347/436/1053 2354/437/1061 2348/429/1054
f 2348/429/1054 2355/438/1062 2349/430/1055
f 2349/430/1055 2356/439/1063 2350/431/1056
f 2350/431/1056 2357/440/1064 2351/432/1057
f 2352/433/1058 2357/440/1064 2358/434/1059
f 2358/434/1059 2359/441/1065 2353/435/1060
f 2353/442/1060 2360/443/1066 2354/437/1061
f 2355/438/1062 2360/443/1066 2361/444/1067
f 2356/439/1063 2361/444/1067 2362/445/1068
f 2356/439/1063 2363/446/1069 2357/440/1064
f 2357/440/1064 2364/447/1070 2358/434/1059
f 2359/441/1065 2370/448/1071 2365/449/1072
f 2359/450/1065 2366/451/1073 2360/443/1066
f 2360/443/1066 2367/452/1074 2361/444/1067
f 2361/444/1067 2368/453/1075 2362/445/1068
f 2362/445/1068 2369/454/1076 2363/446/1069
f 2364/447/1070 2369/454/1076 2370/448/1071
f 2370/448/1071 2371/455/1077 2365/449/1072
f 2365/456/1072 2372/457/1078 2366/451/1073
f 2367/452/1074 2372/457/1078 2373/458/1079
f 2368/453/1075 2373/458/1079 2374/459/1080
f 2368/453/1075 2375/460/1081 2369/454/1076
f 2369/454/1076 2376/461/1082 2370/448/1071
f 2371/455/1077 2382/462/1083 2377/463/1084
f 2371/464/1077 2378/465/1085 2372/457/1078
f 2372/457/1078 2379/466/1086 2373/458/1079
f 2373/458/1079 2380/467/1087 2374/459/1080
f 2374/459/1080 2381/468/1088 2375/460/1081
f 2376/461/1082 2381/468/1088 2382/462/1083
f 2382/462/1083 2383/469/1089 2377/463/1084
f 2377/470/1084 2384/471/1090 2378/465/1085
f 2379/466/1086 2384/471/1090 2385/472/1091
f 2380/467/1087 2385/472/1091 2386/473/1092
f 2380/467/1087 2387/474/1093 2381/468/1088
f 2381/468/1088 2388/475/1094 2382/462/1083
f 2383/469/1089 2394/476/1095 2389/477/1096
f 2383/478/1089 2390/479/1097 2384/471/1090
f 2384/471/1090 2391/480/1098 2385/472/1091
f 2385/472/1091 2392/481/1099 2386/473/1092
f 2386/473/1092 2393/482/1100 2387/474/1093
f 2388/475/1094 2393/482/1100 2394/476/1095
f 2394/476/1095 2395/483/1101 2389/477/1096
f 2389/198/1096 2396/484/1102 2390/479/1097
f 2391/480/1098 2396/484/1102 2397/485/1103
f 2392/481/1099 2397/485/1103 2398/486/1104
f 2392/481/1099 2399/487/1105 2393/482/1100
f 2393/482/1100 2400/488/1106 2394/476/1095
f 2395/483/1101 2406/489/1107 2401/490/1108
f 2395/491/1101 2402/492/1109 2396/484/1102
f 2396/484/1102 2403/493/1110 2397/485/1103
f 2397/485/1103 2404/494/1111 2398/486/1104
f 2398/486/1104 2405/495/1112 2399/487/1105
f 2400/488/1106 2405/495/1112 2406/489/1107
f 2401/490/1108 2412/496/1113 2407/497/1114
f 2401/498/1108 2408/499/1115 2402/492/1109
f 2402/492/1109 2409/500/1116 2403/493/1110
f 2403/493/1110 2410/501/1117 2404/494/1111
f 2404/494/1111 2411/502/1118 2405/495/1112
f 2406/489/1107 2411/502/1118 2412/496/1113
f 2412/496/1113 2413/503/1119 2407/497/1114
f 2407/504/1114 2414/505/1120 2408/499/1115
f 2409/500/1116 2414/505/1120 2415/506/1121
f 2410/501/1117 2415/506/1121 2416/507/1122
f 2410/501/1117 2417/508/1123 2411/502/1118
f 2411/502/1118 2418/509/1124 2412/496/1113
f 2418/509/1124 2419/510/1125 2413/503/1119
f 2413/511/1119 2420/512/1126 2414/505/1120
f 2415/506/1121 2420/512/1126 2421/513/1127
f 2416/507/1122 2421/513/1127 2422/514/1128
f 2416/507/1122 2423/515/1129 2417/508/1123
f 2417/508/1123 2424/516/1130 2418/509/1124
f 2419/510/1125 2430/517/1131 2425/518/1132
f 2419/519/1125 2426/520/1133 2420/512/1126
f 2420/512/1126 2427/521/1134 2421/513/1127
f 2421/513/1127 2428/522/1135 2422/514/1128
f 2422/514/1128 2429/523/1136 2423/515/1129
f 2424/516/1130 2429/523/1136 2430/517/1131
f 2430/517/1131 2431/524/1137 2425/518/1132
f 2425/176/1132 2432/525/1138 2426/520/1133
f 2427/521/1134 2432/525/1138 2433/526/1139
f 2428/522/1135 2433/526/1139 2434/527/1140
f 2428/522/1135 2435/528/1141 2429/523/1136
f 2429/523/1136 2436/529/1142 2430/517/1131
f 2431/524/1137 2442/530/1143 2437/531/1144
f 2431/532/1137 2438/533/1145 2432/525/1138
f 2432/525/1138 2439/534/1146 2433/526/1139
f 2433/526/1139 2440/535/1147 2434/527/1140
f 2434/527/1140 2441/536/1148 2435/528/1141
f 2436/529/1142 2441/536/1148 2442/530/1143
f 2442/530/1143 2443/537/1149 2437/531/1144
f 2437/538/1144 2444/539/1150 2438/533/1145
f 2439/534/1146 2444/539/1150 2445/540/1151
f 2440/535/1147 2445/540/1151 2446/541/1152
f 2440/535/1147 2447/542/1153 2441/536/1148
f 2441/536/1148 2448/543/1154 2442/530/1143
f 2443/537/1149 2454/544/1155 2449/545/1156
f 2443/546/1149 2450/547/1157 2444/539/1150
f 2444/539/1150 2451/548/1158 2445/540/1151
f 2445/540/1151 2452/549/1159 2446/541/1152
f 2446/541/1152 2453/550/1160 2447/542/1153
f 2448/543/1154 2453/550/1160 2454/544/1155
f 2454/544/1155 2455/551/1161 2449/545/1156
f 2449/552/1156 2456/553/1162 2450/547/1157
f 2451/548/1158 2456/553/1162 2457/554/1163
f 2452/549/1159 2457/554/1163 2458/555/1164
f 2452/549/1159 2459/556/1165 2453/550/1160
f 2453/550/1160 2460/557/1166 2454/544/1155
f 2455/551/1161 2466/558/1167 2461/559/1168
f 2455/560/1161 2462/561/1169 2456/553/1162
f 2456/553/1162 2463/562/1170 2457/554/1163
f 2457/554/1163 2464/563/1171 2458/555/1164
f 2458/555/1164 2465/564/1172 2459/556/1165
f 2460/557/1166 2465/564/1172 2466/558/1167
f 2466/558/1167 2467/565/1173 2461/559/1168
f 2461/566/1168 2468/567/1174 2462/561/1169
f 2463/562/1170 2468/567/1174 2469/568/1175
f 2464/563/1171 2469/568/1175 2470/569/1176
f 2464/563/1171 2471/570/1177 2465/564/1172
f 2465/564/1172 2472/571/1178 2466/558/1167
f 2467/565/1173 2478/572/1179 2473/573/1180
f 2467/574/1173 2474/575/1181 2468/567/1174
f 2468/567/1174 2475/576/1182 2469/568/1175
f 2469/568/1175 2476/577/1183 2470/569/1176
f 2470/569/1176 2477/578/1184 2471/570/1177
f 2472/571/1178 2477/578/1184 2478/572/1179
f 2478/572/1179 2479/579/1185 2473/573/1180
f 2473/580/1180 2480/581/1186 2474/575/1181
f 2475/576/1182 2480/581/1186 2481/582/1187
f 2476/577/1183 2481/582/1187 2482/583/1188
f 2476/577/1183 2483/584/1189 2477/578/1184
f 2477/578/1184 2484/585/1190 2478/572/1179
f 2479/579/1185 2490/586/1191 2485/587/1192
f 2479/588/1185 2486/589/1193 2480/581/1186
f 2480/581/1186 2487/590/1194 2481/582/1187
f 2481/582/1187 2488/591/1195 2482/583/1188
f 2482/583/1188 2489/592/1196 2483/584/1189
f 2484/585/1190 2489/592/1196 2490/586/1191
f 2490/586/1191 2491/593/1197 2485/587/1192
f 2485/594/1192 2492/595/1198 2486/589/1193
f 2487/590/1194 2492/595/1198 2493/596/1199
f 2488/591/1195 2493/596/1199 2494/597/1200
f 2488/591/1195 2495/598/1201 2489/592/1196
f 2489/592/1196 2496/599/1202 2490/586/1191
f 2496/599/1202 2497/600/1203 2491/593/1197
f 2491/601/1197 2498/602/1204 2492/595/1198
f 2493/596/1199 2498/602/1204 2499/603/1205
f 2494/597/1200 2499/603/1205 2500/604/1206
f 2494/597/1200 2501/605/1207 2495/598/1201
f 2495/598/1201 2502/606/1208 2496/599/1202
f 2502/606/1208 2503/607/1209 2497/600/1203
f 2497/608/1203 2504/609/1210 2498/602/1204
f 2499/603/1205 2504/609/1210 2505/610/1211
f 2500/604/1206 2505/610/1211 2506/611/1212
f 2500/604/1206 2507/612/1213 2501/605/1207
f 2501/605/1207 2508/613/1214 2502/606/1208
f 2509/387/1017 2520/388/1018 2515/389/1019
f 2509/386/1017 2516/390/1020 2510/391/1021
f 2510/391/1021 2517/392/1022 2511/393/1023
f 2511/393/1023 2518/394/1024 2512/395/1025
f 2512/395/1025 2519/396/1026 2513/397/1027
f 2514/398/1028 2519/396/1026 2520/388/1018
f 2515/389/1019 2526/399/1029 2521/400/1030
f 2515/401/1019 2522/402/1031 2516/390/1020
f 2516/390/1020 2523/403/1032 2517/392/1022
f 2517/392/1022 2524/404/1033 2518/394/1024
f 2518/394/1024 2525/405/1034 2519/396/1026
f 2520/388/1018 2525/405/1034 2526/399/1029
f 2521/400/1030 2532/406/1035 2527/407/1036
f 2521/408/1030 2528/409/1037 2522/402/1031
f 2522/402/1031 2529/410/1038 2523/403/1032
f 2523/403/1032 2530/411/1039 2524/404/1033
f 2524/404/1033 2531/412/1040 2525/405/1034
f 2526/399/1029 2531/412/1040 2532/406/1035
f 2532/406/1035 2533/413/1041 2527/407/1036
f 2527/414/1036 2534/415/1042 2528/409/1037
f 2529/410/1038 2534/415/1042 2535/416/1043
f 2530/411/1039 2535/416/1043 2536/417/1044
f 2530/411/1039 2537/418/1045 2531/412/1040
f 2531/412/1040 2538/419/1046 2532/406/1035
f 2533/413/1041 2544/420/1047 2539/421/1048
f 2533/422/1041 2540/423/1049 2534/415/1042
f 2534/415/1042 2541/424/1050 2535/416/1043
f 2535/416/1043 2542/425/1051 2536/417/1044
f 2536/417/1044 2543/426/1052 2537/418/1045
f 2538/419/1046 2543/426/1052 2544/420/1047
f 2544/420/1047 2545/427/1053 2539/421/1048
f 2539/428/1048 2546/429/1054 2540/423/1049
f 2541/424/1050 2546/429/1054 2547/430/1055
f 2542/425/1051 2547/430/1055 2548/431/1056
f 2542/425/1051 2549/432/1057 2543/426/1052
f 2543/426/1052 2550/433/1058 2544/420/1047
f 2545/427/1053 2556/434/1059 2551/435/1060
f 2545/436/1053 2552/437/1061 2546/429/1054
f 2546/429/1054 2553/438/1062 2547/430/1055
f 2547/430/1055 2554/439/1063 2548/431/1056
f 2548/431/1056 2555/440/1064 2549/432/1057
f 2550/433/1058 2555/440/1064 2556/434/1059
f 2556/434/1059 2557/441/1065 2551/435/1060
f 2551/442/1060 2558/443/1066 2552/437/1061
f 2553/438/1062 2558/443/1066 2559/444/1067
f 2554/439/1063 2559/444/1067 2560/445/1068
f 2554/439/1063 2561/446/1069 2555/440/1064
f 2555/440/1064 2562/447/1070 2556/434/1059
f 2557/441/1065 2568/448/1071 2563/449/1072
f 2557/450/1065 2564/451/1073 2558/443/1066
f 2558/443/1066 2565/452/1074 2559/444/1067
f 2559/444/1067 2566/453/1075 2560/445/1068
f 2560/445/1068 2567/454/1076 2561/446/1069
f 2562/447/1070 2567/454/1076 2568/448/1071
f 2568/448/1071 2569/455/1077 2563/449/1072
f 2563/456/1072 2570/457/1078 2564/451/1073
f 2565/452/1074 2570/457/1078 2571/458/1079
f 2566/453/1075 2571/458/1079 2572/459/1080
f 2566/453/1075 2573/460/1081 2567/454/1076
f 2567/454/1076 2574/461/1082 2568/448/1071
f 2569/455/1077 2580/462/1083 2575/463/1084
f 2569/464/1077 2576/465/1085 2570/457/1078
f 2570/457/1078 2577/466/1086 2571/458/1079
f 2571/458/1079 2578/467/1087 2572/459/1080
f 2572/459/1080 2579/468/1088 2573/460/1081
f 2574/461/1082 2579/468/1088 2580/462/1083
f 2580/462/1083 2581/469/1089 2575/463/1084
f 2575/470/1084 2582/471/1090 2576/465/1085
f 2577/466/1086 2582/471/1090 2583/472/1091
f 2578/467/1087 2583/472/1091 2584/473/1092
f 2578/467/1087 2585/474/1093 2579/468/1088
f 2579/468/1088 2586/475/1094 2580/462/1083
f 2581/469/1089 2592/476/1095 2587/477/1096
f 2581/478/1089 2588/479/1097 2582/471/1090
f 2582/471/1090 2589/480/1098 2583/472/1091
f 2583/472/1091 2590/481/1099 2584/473/1092
f 2584/473/1092 2591/482/1100 2585/474/1093
f 2586/475/1094 2591/482/1100 2592/476/1095
f 2592/476/1095 2593/483/1101 2587/477/1096
f 2587/198/1096 2594/484/1102 2588/479/1097
f 2589/480/1098 2594/484/1102 2595/485/1103
f 2590/481/1099 2595/485/1103 2596/486/1104
f 2590/481/1099 2597/487/1105 2591/482/1100
f 2591/482/1100 2598/488/1106 2592/476/1095
f 2593/483/1101 2604/489/1107 2599/490/1108
f 2593/491/1101 2600/492/1109 2594/484/1102
f 2594/484/1102 2601/493/1110 2595/485/1103
f 2595/485/1103 2602/494/1111 2596/486/1104
f 2596/486/1104 2603/495/1112 2597/487/1105
f 2598/488/1106 2603/495/1112 2604/489/1107
f 2599/490/1108 2610/496/1113 2605/497/1114
f 2599/498/1108 2606/499/1115 2600/492/1109
f 2600/492/1109 2607/500/1116 2601/493/1110
f 2601/493/1110 2608/501/1117 2602/494/1111
f 2602/494/1111 2609/502/1118 2603/495/1112
f 2604/489/1107 2609/502/1118 2610/496/1113
f 2610/496/1113 2611/503/1119 2605/497/1114
f 2605/504/1114 2612/505/1120 2606/499/1115
f 2607/500/1116 2612/505/1120 2613/506/1121
f 2608/501/1117 2613/506/1121 2614/507/1122
f 2608/501/1117 2615/508/1123 2609/502/1118
f 2609/502/1118 2616/509/1124 2610/496/1113
f 2616/509/1124 2617/510/1125 2611/503/1119
f 2611/511/1119 2618/512/1126 2612/505/1120
f 2613/506/1121 2618/512/1126 2619/513/1127
f 2614/507/1122 2619/513/1127 2620/514/1128
f 2614/507/1122 2621/515/1129 2615/508/1123
f 2615/508/1123 2622/516/1130 2616/509/1124
f 2617/510/1125 2628/517/1131 2623/518/1132
f 2617/519/1125 2624/520/1133 2618/512/1126
f 2618/512/1126 2625/521/1134 2619/513/1127
f 2619/513/1127 2626/522/1135 2620/514/1128
f 2620/514/1128 2627/523/1136 2621/515/1129
f 2622/516/1130 2627/523/1136 2628/517/1131
f 2628/517/1131 2629/524/1137 2623/518/1132
f 2623/176/1132 2630/525/1138 2624/520/1133
f 2625/521/1134 2630/525/1138 2631/526/1139
f 2626/522/1135 2631/526/1139 2632/527/1140
f 2626/522/1135 2633/528/1141 2627/523/1136
f 2627/523/1136 2634/529/1142 2628/517/1131
f 2629/524/1137 2640/530/1143 2635/531/1144
f 2629/532/1137 2636/533/1145 2630/525/1138
f 2630/525/1138 2637/534/1146 2631/526/1139
f 2631/526/1139 2638/535/1147 2632/527/1140
f 2632/527/1140 2639/536/1148 2633/528/1141
f 2634/529/1142 2639/536/1148 2640/530/1143
f 2640/530/1143 2641/537/1149 2635/531/1144
f 2635/538/1144 2642/539/1150 2636/533/1145
f 2637/534/1146 2642/539/1150 2643/540/1151
f 2638/535/1147 2643/540/1151 2644/541/1152
f 2638/535/1147 2645/542/1153 2639/536/1148
f 2639/536/1148 2646/543/1154 2640/530/1143
f 2641/537/1149 2652/544/1155 2647/545/1156
f 2641/546/1149 2648/547/1157 2642/539/1150
f 2642/539/1150 2649/548/1158 2643/540/1151
f 2643/540/1151 2650/549/1159 2644/541/1152
f 2644/541/1152 2651/550/1160 2645/542/1153
f 2646/543/1154 2651/550/1160 2652/544/1155
f 2652/544/1155 2653/551/1161 2647/545/1156
f 2647/552/1156 2654/553/1162 2648/547/1157
f 2649/548/1158 2654/553/1162 2655/554/1163
f 2650/549/1159 2655/554/1163 2656/555/1164
f 2650/549/1159 2657/556/1165 2651/550/1160
f 2651/550/1160 2658/557/1166 2652/544/1155
f 2653/551/1161 2664/558/1167 2659/559/1168
f 2653/560/1161 2660/561/1169 2654/553/1162
f 2654/553/1162 2661/562/1170 2655/554/1163
f 2655/554/1163 2662/563/1171 2656/555/1164
f 2656/555/1164 2663/564/1172 2657/556/1165
f 2658/557/1166 2663/564/1172 2664/558/1167
f 2664/558/1167 2665/565/1173 2659/559/1168
f 2659/566/1168 2666/567/1174 2660/561/1169
f 2661/562/1170 2666/567/1174 2667/568/1175
f 2662/563/1171 2667/568/1175 2668/569/1176
f 2662/563/1171 2669/570/1177 2663/564/1172
f 2663/564/1172 2670/571/1178 2664/558/1167
f 2665/565/1173 2676/572/1179 2671/573/1180
f 2665/574/1173 2672/575/1181 2666/567/1174
f 2666/567/1174 2673/576/1182 2667/568/1175
f 2667/568/1175 2674/577/1183 2668/569/1176
f 2668/569/1176 2675/578/1184 2669/570/1177
f 2670/571/1178 2675/578/1184 2676/572/1179
f 2676/572/1179 2677/579/1185 2671/573/1180
f 2671/580/1180 2678/581/1186 2672/575/1181
f 2673/576/1182 2678/581/1186 2679/582/1187
f 2674/577/1183 2679/582/1187 2680/583/1188
f 2674/577/1183 2681/584/1189 2675/578/1184
f 2675/578/1184 2682/585/1190 2676/572/1179
f 2677/579/1185 2688/586/1191 2683/587/1192
f 2677/588/1185 2684/589/1193 2678/581/1186
f 2678/581/1186 2685/590/1194 2679/582/1187
f 2679/582/1187 2686/591/1195 2680/583/1188
f 2680/583/1188 2687/592/1196 2681/584/1189
f 2682/585/1190 2687/592/1196 2688/586/1191
f 2688/586/1191 2689/593/1197 2683/587/1192
f 2683/594/1192 2690/595/1198 2684/589/1193
f 2685/590/1194 2690/595/1198 2691/596/1199
f 2686/591/1195 2691/596/1199 2692/597/1200
f 2686/591/1195 2693/598/1201 2687/592/1196
f 2687/592/1196 2694/599/1202 2688/586/1191
f 2694/599/1202 2695/600/1203 2689/593/1197
f 2689/601/1197 2696/602/1204 2690/595/1198
f 2691/596/1199 2696/602/1204 2697/603/1205
f 2692/597/1200 2697/603/1205 2698/604/1206
f 2692/597/1200 2699/605/1207 2693/598/1201
f 2693/598/1201 2700/606/1208 2694/599/1202
f 2700/606/1208 2701/607/1209 2695/600/1203
f 2695/608/1203 2702/609/1210 2696/602/1204
f 2697/603/1205 2702/609/1210 2703/610/1211
f 2698/604/1206 2703/610/1211 2704/611/1212
f 2698/604/1206 2705/612/1213 2699/605/1207
f 2699/605/1207 2706/613/1214 2700/606/1208
f 2707/387/1017 2718/388/1018 2713/389/1019
f 2707/386/1017 2714/390/1020 2708/391/1021
f 2708/391/1021 2715/392/1022 2709/393/1023
f 2709/393/1023 2716/394/1024 2710/395/1025
f 2710/395/1025 2717/396/1026 2711/397/1027
f 2712/398/1028 2717/396/1026 2718/388/1018
f 2713/389/1019 2724/399/1029 2719/400/1030
f 2713/401/1019 2720/402/1031 2714/390/1020
f 2714/390/1020 2721/403/1032 2715/392/1022
f 2715/392/1022 2722/404/1033 2716/394/1024
f 2716/394/1024 2723/405/1034 2717/396/1026
f 2718/388/1018 2723/405/1034 2724/399/1029
f 2719/400/1030 2730/406/1035 2725/407/1036
f 2719/408/1030 2726/409/1037 2720/402/1031
f 2720/402/1031 2727/410/1038 2721/403/1032
f 2721/403/1032 2728/411/1039 2722/404/1033
f 2722/404/1033 2729/412/1040 2723/405/1034
f 2724/399/1029 2729/412/1040 2730/406/1035
f 2730/406/1035 2731/413/1041 2725/407/1036
f 2725/414/1036 2732/415/1042 2726/409/1037
f 2727/410/1038 2732/415/1042 2733/416/1043
f 2728/411/1039 2733/416/1043 2734/417/1044
f 2728/411/1039 2735/418/1045 2729/412/1040
f 2729/412/1040 2736/419/1046 2730/406/1035
f 2731/413/1041 2742/420/1047 2737/421/1048
f 2731/422/1041 2738/423/1049 2732/415/1042
f 2732/415/1042 2739/424/1050 2733/416/1043
f 2733/416/1043 2740/425/1051 2734/417/1044
f 2734/417/1044 2741/426/1052 2735/418/1045
f 2736/419/1046 2741/426/1052 2742/420/1047
f 2742/420/1047 2743/427/1053 2737/421/1048
f 2737/428/1048 2744/429/1054 2738/423/1049
f 2739/424/1050 2744/429/1054 2745/430/1055
f 2740/425/1051 2745/430/1055 2746/431/1056
f 2740/425/1051 2747/432/1057 2741/426/1052
f 2741/426/1052 2748/433/1058 2742/420/1047
f 2743/427/1053 2754/434/1059 2749/435/1060
f 2743/436/1053 2750/437/1061 2744/429/1054
f 2744/429/1054 2751/438/1062 2745/430/1055
f 2745/430/1055 2752/439/1063 2746/431/1056
f 2746/431/1056 2753/440/1064 2747/432/1057
f 2748/433/1058 2753/440/1064 2754/434/1059
f 2754/434/1059 2755/441/1065 2749/435/1060
f 2749/442/1060 2756/443/1066 2750/437/1061
f 2751/438/1062 2756/443/1066 2757/444/1067
f 2752/439/1063 2757/444/1067 2758/445/1068
f 2752/439/1063 2759/446/1069 2753/440/1064
f 2753/440/1064 2760/447/1070 2754/434/1059
f 2755/441/1065 2766/448/1071 2761/449/1072
f 2755/450/1065 2762/451/1073 2756/443/1066
f 2756/443/1066 2763/452/1074 2757/444/1067
f 2757/444/1067 2764/453/1075 2758/445/1068
f 2758/445/1068 2765/454/1076 2759/446/1069
f 2760/447/1070 2765/454/1076 2766/448/1071
f 2766/448/1071 2767/455/1077 2761/449/1072
f 2761/456/1072 2768/457/1078 2762/451/1073
f 2763/452/1074 2768/457/1078 2769/458/1079
f 2764/453/1075 2769/458/1079 2770/459/1080
f 2764/453/1075 2771/460/1081 2765/454/1076
f 2765/454/1076 2772/461/1082 2766/448/1071
f 2767/455/1077 2778/462/1083 2773/463/1084
f 2767/464/1077 2774/465/1085 2768/457/1078
f 2768/457/1078 2775/466/1086 2769/458/1079
f 2769/458/1079 2776/467/1087 2770/459/1080
f 2770/459/1080 2777/468/1088 2771/460/1081
f 2772/461/1082 2777/468/1088 2778/462/1083
f 2778/462/1083 2779/469/1089 2773/463/1084
f 2773/470/1084 2780/471/1090 2774/465/1085
f 2775/466/1086 2780/471/1090 2781/472/1091
f 2776/467/1087 2781/472/1091 2782/473/1092
f 2776/467/1087 2783/474/1093 2777/468/1088
f 2777/468/1088 2784/475/1094 2778/462/1083
f 2779/469/1089 2790/476/1095 2785/477/1096
f 2779/478/1089 2786/479/1097 2780/471/1090
f 2780/471/1090 2787/480/1098 2781/472/1091
f 2781/472/1091 2788/481/1099 2782/473/1092
f 2782/473/1092 2789/482/1100 2783/474/1093
f 2784/475/1094 2789/482/1100 2790/476/1095
f 2790/476/1095 2791/483/1101 2785/477/1096
f 2785/198/1096 2792/484/1102 2786/479/1097
f 2787/480/1098 2792/484/1102 2793/485/1103
f 2788/481/1099 2793/485/1103 2794/486/1104
f 2788/481/1099 2795/487/1105 2789/482/1100
f 2789/482/1100 2796/488/1106 2790/476/1095
f 2791/483/1101 2802/489/1107 2797/490/1108
f 2791/491/1101 2798/492/1109 2792/484/1102
f 2792/484/1102 2799/493/1110 2793/485/1103
f 2793/485/1103 2800/494/1111 2794/486/1104
f 2794/486/1104 2801/495/1112 2795/487/1105
f 2796/488/1106 2801/495/1112 2802/489/1107
f 2797/490/1108 2808/496/1113 2803/497/1114
f 2797/498/1108 2804/499/1115 2798/492/1109
f 2798/492/1109 2805/500/1116 2799/493/1110
f 2799/493/1110 2806/501/1117 2800/494/1111
f 2800/494/1111 2807/502/1118 2801/495/1112
f 2802/489/1107 2807/502/1118 2808/496/1113
f 2808/496/1113 2809/503/1119 2803/497/1114
f 2803/504/1114 2810/505/1120 2804/499/1115
f 2805/500/1116 2810/505/1120 2811/506/1121
f 2806/501/1117 2811/506/1121 2812/507/1122
f 2806/501/1117 2813/508/1123 2807/502/1118
f 2807/502/1118 2814/509/1124 2808/496/1113
f 2814/509/1124 2815/510/1125 2809/503/1119
f 2809/511/1119 2816/512/1126 2810/505/1120
f 2811/506/1121 2816/512/1126 2817/513/1127
f 2812/507/1122 2817/513/1127 2818/514/1128
f 2812/507/1122 2819/515/1129 2813/508/1123
f 2813/508/1123 2820/516/1130 2814/509/1124
f 2815/510/1125 2826/517/1131 2821/518/1132
f 2815/519/1125 2822/520/1133 2816/512/1126
f 2816/512/1126 2823/521/1134 2817/513/1127
f 2817/513/1127 2824/522/1135 2818/514/1128
f 2818/514/1128 2825/523/1136 2819/515/1129
f 2820/516/1130 2825/523/1136 2826/517/1131
f 2826/517/1131 2827/524/1137 2821/518/1132
f 2821/176/1132 2828/525/1138 2822/520/1133
f 2823/521/1134 2828/525/1138 2829/526/1139
f 2824/522/1135 2829/526/1139 2830/527/1140
f 2824/522/1135 2831/528/1141 2825/523/1136
f 2825/523/1136 2832/529/1142 2826/517/1131
f 2827/524/1137 2838/530/1143 2833/531/1144
f 2827/532/1137 2834/533/1145 2828/525/1138
f 2828/525/1138 2835/534/1146 2829/526/1139
f 2829/526/1139 2836/535/1215 2830/527/1140
f 2830/527/1140 2837/536/1216 2831/528/1141
f 2832/529/1142 2837/536/1216 2838/530/1143
f 2838/530/1143 2839/537/1149 2833/531/1144
f 2833/538/1144 2840/539/1150 2834/533/1145
f 2835/534/1146 2840/539/1150 2841/540/1151
f 2836/535/1215 2841/540/1151 2842/541/1152
f 2836/535/1215 2843/542/1153 2837/536/1216
f 2837/536/1216 2844/543/1154 2838/530/1143
f 2839/537/1149 2850/544/1155 2845/545/1156
f 2839/546/1149 2846/547/1157 2840/539/1150
f 2840/539/1150 2847/548/1158 2841/540/1151
f 2841/540/1151 2848/549/1159 2842/541/1152
f 2842/541/1152 2849/550/1160 2843/542/1153
f 2844/543/1154 2849/550/1160 2850/544/1155
f 2850/544/1155 2851/551/1161 2845/545/1156
f 2845/552/1156 2852/553/1162 2846/547/1157
f 2847/548/1158 2852/553/1162 2853/554/1163
f 2848/549/1159 2853/554/1163 2854/555/1164
f 2848/549/1159 2855/556/1165 2849/550/1160
f 2849/550/1160 2856/557/1166 2850/544/1155
f 2851/551/1161 2862/558/1167 2857/559/1168
f 2851/560/1161 2858/561/1169 2852/553/1162
f 2852/553/1162 2859/562/1170 2853/554/1163
f 2853/554/1163 2860/563/1171 2854/555/1164
f 2854/555/1164 2861/564/1172 2855/556/1165
f 2856/557/1166 2861/564/1172 2862/558/1167
f 2862/558/1167 2863/565/1173 2857/559/1168
f 2857/566/1168 2864/567/1174 2858/561/1169
f 2859/562/1170 2864/567/1174 2865/568/1175
f 2860/563/1171 2865/568/1175 2866/569/1176
f 2860/563/1171 2867/570/1177 2861/564/1172
f 2861/564/1172 2868/571/1178 2862/558/1167
f 2863/565/1173 2874/572/1179 2869/573/1180
f 2863/574/1173 2870/575/1181 2864/567/1174
f 2864/567/1174 2871/576/1182 2865/568/1175
f 2865/568/1175 2872/577/1183 2866/569/1176
f 2866/569/1176 2873/578/1184 2867/570/1177
f 2868/571/1178 2873/578/1184 2874/572/1179
f 2874/572/1179 2875/579/1185 2869/573/1180
f 2869/580/1180 2876/581/1186 2870/575/1181
f 2871/576/1182 2876/581/1186 2877/582/1187
f 2872/577/1183 2877/582/1187 2878/583/1188
f 2872/577/1183 2879/584/1189 2873/578/1184
f 2873/578/1184 2880/585/1190 2874/572/1179
f 2875/579/1185 2886/586/1191 2881/587/1192
f 2875/588/1185 2882/589/1193 2876/581/1186
f 2876/581/1186 2883/590/1194 2877/582/1187
f 2877/582/1187 2884/591/1195 2878/583/1188
f 2878/583/1188 2885/592/1196 2879/584/1189
f 2880/585/1190 2885/592/1196 2886/586/1191
f 2886/586/1191 2887/593/1197 2881/587/1192
f 2881/594/1192 2888/595/1198 2882/589/1193
f 2883/590/1194 2888/595/1198 2889/596/1199
f 2884/591/1195 2889/596/1199 2890/597/1200
f 2884/591/1195 2891/598/1201 2885/592/1196
f 2885/592/1196 2892/599/1202 2886/586/1191
f 2892/599/1202 2893/600/1203 2887/593/1197
f 2887/601/1197 2894/602/1204 2888/595/1198
f 2889/596/1199 2894/602/1204 2895/603/1205
f 2890/597/1200 2895/603/1205 2896/604/1206
f 2890/597/1200 2897/605/1207 2891/598/1201
f 2891/598/1201 2898/606/1208 2892/599/1202
f 2898/606/1208 2899/607/1209 2893/600/1203
f 2893/608/1203 2900/609/1210 2894/602/1204
f 2895/603/1205 2900/609/1210 2901/610/1211
f 2896/604/1206 2901/610/1211 2902/611/1212
f 2896/604/1206 2903/612/1213 2897/605/1207
f 2897/605/1207 2904/613/1214 2898/606/1208
f 2905/387/1217 2916/614/1218 2911/615/1219
f 2905/386/1217 2912/616/1220 2906/391/1221
f 2906/391/1221 2913/617/1222 2907/393/1223
f 2907/393/1223 2914/618/1224 2908/395/1225
f 2908/395/1225 2915/619/1226 2909/397/1227
f 2910/398/1228 2915/619/1226 2916/614/1218
f 2911/615/1219 2922/620/1229 2917/621/1230
f 2911/622/1219 2918/623/1231 2912/616/1220
f 2912/616/1220 2919/624/1232 2913/617/1222
f 2913/617/1222 2920/625/1233 2914/618/1224
f 2914/618/1224 2921/626/1234 2915/619/1226
f 2916/614/1218 2921/626/1234 2922/620/1229
f 2917/621/1230 2928/627/1235 2923/628/1236
f 2917/629/1230 2924/630/1237 2918/623/1231
f 2918/623/1231 2925/631/1238 2919/624/1232
f 2919/624/1232 2926/632/1239 2920/625/1233
f 2920/625/1233 2927/633/1240 2921/626/1234
f 2922/620/1229 2927/633/1240 2928/627/1235
f 2928/627/1235 2929/634/1241 2923/628/1236
f 2923/635/1236 2930/636/1242 2924/630/1237
f 2925/631/1238 2930/636/1242 2931/637/1243
f 2926/632/1239 2931/637/1243 2932/638/1244
f 2926/632/1239 2933/639/1245 2927/633/1240
f 2927/633/1240 2934/640/1246 2928/627/1235
f 2929/634/1241 2940/641/1247 2935/642/1248
f 2929/643/1241 2936/644/1249 2930/636/1242
f 2930/636/1242 2937/645/1250 2931/637/1243
f 2931/637/1243 2938/646/1251 2932/638/1244
f 2932/638/1244 2939/647/1252 2933/639/1245
f 2934/640/1246 2939/647/1252 2940/641/1247
f 2940/641/1247 2941/648/1253 2935/642/1248
f 2935/649/1248 2942/650/1254 2936/644/1249
f 2937/645/1250 2942/650/1254 2943/651/1255
f 2938/646/1251 2943/651/1255 2944/652/1256
f 2938/646/1251 2945/653/1257 2939/647/1252
f 2939/647/1252 2946/654/1258 2940/641/1247
f 2941/648/1253 2952/655/1259 2947/656/1260
f 2941/657/1253 2948/658/1261 2942/650/1254
f 2942/650/1254 2949/659/1262 2943/651/1255
f 2943/651/1255 2950/660/1263 2944/652/1256
f 2944/652/1256 2951/661/1264 2945/653/1257
f 2946/654/1258 2951/661/1264 2952/655/1259
f 2952/655/1259 2953/662/1265 2947/656/1260
f 2947/663/1260 2954/664/1266 2948/658/1261
f 2949/659/1262 2954/664/1266 2955/665/1055
f 2950/660/1263 2955/665/1055 2956/666/1267
f 2950/660/1263 2957/667/1268 2951/661/1264
f 2951/661/1264 2958/668/1058 2952/655/1259
f 2953/662/1265 2964/447/1269 2959/441/1270
f 2953/669/1265 2960/443/1271 2954/664/1266
f 2954/664/1266 2961/444/1272 2955/665/1055
f 2955/665/1055 2962/445/1273 2956/666/1267
f 2956/666/1267 2963/446/1274 2957/667/1268
f 2958/668/1058 2963/446/1274 2964/447/1269
f 2964/447/1269 2965/670/1275 2959/441/1270
f 2959/450/1270 2966/671/1276 2960/443/1271
f 2961/444/1272 2966/671/1276 2967/672/1277
f 2962/445/1273 2967/672/1277 2968/673/1278
f 2962/445/1273 2969/674/1279 2963/446/1274
f 2963/446/1274 2970/675/1280 2964/447/1269
f 2965/670/1275 2976/676/1281 2971/677/1282
f 2965/678/1275 2972/679/1283 2966/671/1276
f 2966/671/1276 2973/680/1284 2967/672/1277
f 2967/672/1277 2974/681/1285 2968/673/1278
f 2968/673/1278 2975/682/1286 2969/674/1279
f 2970/675/1280 2975/682/1286 2976/676/1281
f 2976/676/1281 2977/683/1287 2971/677/1282
f 2971/684/1282 2978/685/1288 2972/679/1283
f 2973/680/1284 2978/685/1288 2979/686/1289
f 2974/681/1285 2979/686/1289 2980/687/1290
f 2974/681/1285 2981/688/1291 2975/682/1286
f 2975/682/1286 2982/689/1292 2976/676/1281
f 2977/683/1287 2988/690/1293 2983/691/1294
f 2977/692/1287 2984/693/1295 2978/685/1288
f 2978/685/1288 2985/694/1296 2979/686/1289
f 2979/686/1289 2986/695/1297 2980/687/1290
f 2980/687/1290 2987/696/1298 2981/688/1291
f 2982/689/1292 2987/696/1298 2988/690/1293
f 2988/690/1293 2989/697/1299 2983/691/1294
f 2983/698/1294 2990/699/1300 2984/693/1295
f 2985/694/1296 2990/699/1300 2991/700/1301
f 2986/695/1297 2991/700/1301 2992/701/1302
f 2986/695/1297 2993/702/1303 2987/696/1298
f 2987/696/1298 2994/703/1304 2988/690/1293
f 2989/697/1299 3000/704/1305 2995/705/1306
f 2989/706/1299 2996/707/1307 2990/699/1300
f 2990/699/1300 2997/708/1308 2991/700/1301
f 2991/700/1301 2998/709/1309 2992/701/1302
f 2992/701/1302 2999/710/1310 2993/702/1303
f 2994/703/1304 2999/710/1310 3000/704/1305
f 3000/704/1305 3001/711/1311 2995/705/1306
f 2995/712/1306 3002/713/1312 2996/707/1307
f 2997/708/1308 3002/713/1312 3003/714/1313
f 2998/709/1309 3003/714/1313 3004/715/1314
f 2998/709/1309 3005/716/1315 2999/710/1310
f 2999/710/1310 3006/717/1316 3000/704/1305
f 3001/711/1311 3012/718/1317 3007/719/1318
f 3001/720/1311 3008/721/1319 3002/713/1312
f 3002/713/1312 3009/722/1320 3003/714/1313
f 3003/714/1313 3010/723/1321 3004/715/1314
f 3004/715/1314 3011/724/1322 3005/716/1315
f 3006/717/1316 3011/724/1322 3012/718/1317
f 3007/719/1318 3018/496/1323 3013/497/1324
f 3007/725/1318 3014/499/1325 3008/721/1319
f 3008/721/1319 3015/500/1326 3009/722/1320
f 3009/722/1320 3016/501/1327 3010/723/1321
f 3010/723/1321 3017/502/1328 3011/724/1322
f 3012/718/1317 3017/502/1328 3018/496/1323
f 3018/496/1323 3019/726/1329 3013/497/1324
f 3013/504/1324 3020/727/1330 3014/499/1325
f 3015/500/1326 3020/727/1330 3021/728/1331
f 3016/501/1327 3021/728/1331 3022/729/1332
f 3016/501/1327 3023/730/1333 3017/502/1328
f 3017/502/1328 3024/731/1334 3018/496/1323
f 3024/731/1334 3025/732/1335 3019/726/1329
f 3019/733/1329 3026/734/1336 3020/727/1330
f 3021/728/1331 3026/734/1336 3027/735/1337
f 3022/729/1332 3027/735/1337 3028/736/1338
f 3022/729/1332 3029/737/1339 3023/730/1333
f 3023/730/1333 3030/738/1340 3024/731/1334
f 3025/732/1335 3036/739/1341 3031/740/1342
f 3025/741/1335 3032/742/1343 3026/734/1336
f 3026/734/1336 3033/743/1344 3027/735/1337
f 3027/735/1337 3034/744/1345 3028/736/1338
f 3028/736/1338 3035/745/1346 3029/737/1339
f 3030/738/1340 3035/745/1346 3036/739/1341
f 3036/739/1341 3037/746/1347 3031/740/1342
f 3031/747/1342 3038/748/1348 3032/742/1343
f 3033/743/1344 3038/748/1348 3039/749/1349
f 3034/744/1345 3039/749/1349 3040/750/1350
f 3034/744/1345 3041/751/1351 3035/745/1346
f 3035/745/1346 3042/752/1352 3036/739/1341
f 3037/746/1347 3048/753/1353 3043/754/1354
f 3037/755/1347 3044/756/1355 3038/748/1348
f 3038/748/1348 3045/757/1356 3039/749/1349
f 3039/749/1349 3046/758/1357 3040/750/1350
f 3040/750/1350 3047/759/1358 3041/751/1351
f 3042/752/1352 3047/759/1358 3048/753/1353
f 3048/753/1353 3049/760/1359 3043/754/1354
f 3043/761/1354 3050/762/1360 3044/756/1355
f 3045/757/1356 3050/762/1360 3051/763/1361
f 3046/758/1357 3051/763/1361 3052/764/1362
f 3046/758/1357 3053/765/1363 3047/759/1358
f 3047/759/1358 3054/766/1364 3048/753/1353
f 3049/760/1359 3060/767/1365 3055/768/1366
f 3049/769/1359 3056/770/1367 3050/762/1360
f 3050/762/1360 3057/771/1368 3051/763/1361
f 3051/763/1361 3058/772/1369 3052/764/1362
f 3052/764/1362 3059/773/1370 3053/765/1363
f 3054/766/1364 3059/773/1370 3060/767/1365
f 3060/767/1365 3061/774/1371 3055/768/1366
f 3055/775/1366 3062/776/1372 3056/770/1367
f 3057/771/1368 3062/776/1372 3063/777/1373
f 3058/772/1369 3063/777/1373 3064/778/1374
f 3058/772/1369 3065/779/1375 3059/773/1370
f 3059/773/1370 3066/780/1376 3060/767/1365
f 3061/774/1371 3072/557/1377 3067/551/1378
f 3061/781/1371 3068/553/1379 3062/776/1372
f 3062/776/1372 3069/554/1380 3063/777/1373
f 3063/777/1373 3070/555/1381 3064/778/1374
f 3064/778/1374 3071/556/1382 3065/779/1375
f 3066/780/1376 3071/556/1382 3072/557/1377
f 3072/557/1377 3073/782/1383 3067/551/1378
f 3067/560/1378 3074/783/1384 3068/553/1379
f 3069/554/1380 3074/783/1384 3075/784/1385
f 3070/555/1381 3075/784/1385 3076/785/1386
f 3070/555/1381 3077/786/1387 3071/556/1382
f 3071/556/1382 3078/787/1388 3072/557/1377
f 3073/782/1383 3084/788/1389 3079/789/1390
f 3073/790/1383 3080/791/1391 3074/783/1384
f 3074/783/1384 3081/792/1392 3075/784/1385
f 3075/784/1385 3082/793/1393 3076/785/1386
f 3076/785/1386 3083/794/1394 3077/786/1387
f 3078/787/1388 3083/794/1394 3084/788/1389
f 3084/788/1389 3085/795/1395 3079/789/1390
f 3079/796/1390 3086/797/1396 3080/791/1391
f 3081/792/1392 3086/797/1396 3087/798/1397
f 3082/793/1393 3087/798/1397 3088/799/1398
f 3082/793/1393 3089/800/1399 3083/794/1394
f 3083/794/1394 3090/801/1400 3084/788/1389
f 3085/795/1395 3096/802/1401 3091/803/1402
f 3085/804/1395 3092/805/1403 3086/797/1396
f 3086/797/1396 3093/806/1404 3087/798/1397
f 3087/798/1397 3094/807/1405 3088/799/1398
f 3088/799/1398 3095/808/1406 3089/800/1399
f 3090/801/1400 3095/808/1406 3096/802/1401
f 3096/802/1401 3097/809/1407 3091/803/1402
f 3091/810/1402 3098/811/1408 3092/805/1403
f 3093/806/1404 3098/811/1408 3099/812/1409
f 3094/807/1405 3099/812/1409 3100/813/1410
f 3094/807/1405 3101/814/1411 3095/808/1406
f 3095/808/1406 3102/815/1412 3096/802/1401
f 3097/809/1407 3108/816/1191 3103/817/1413
f 3097/818/1407 3104/819/1414 3098/811/1408
f 3098/811/1408 3105/820/1194 3099/812/1409
f 3099/812/1409 3106/821/1415 3100/813/1410
f 3100/813/1410 3107/822/1416 3101/814/1411
f 3102/815/1412 3107/822/1416 3108/816/1191
f 3108/816/1191 3109/823/1417 3103/817/1413
f 3103/824/1413 3110/825/1418 3104/819/1414
f 3105/820/1194 3110/825/1418 3111/826/1419
f 3106/821/1415 3111/826/1419 3112/827/1420
f 3106/821/1415 3113/828/1421 3107/822/1416
f 3107/822/1416 3114/829/1422 3108/816/1191
f 3114/829/1422 3115/830/1423 3109/823/1417
f 3109/831/1417 3116/832/1424 3110/825/1418
f 3111/826/1419 3116/832/1424 3117/833/1205
f 3112/827/1420 3117/833/1205 3118/834/1425
f 3112/827/1420 3119/835/1426 3113/828/1421
f 3113/828/1421 3120/836/1208 3114/829/1422
f 3120/836/1208 3121/607/1427 3115/830/1423
f 3115/837/1423 3122/609/1428 3116/832/1424
f 3117/833/1205 3122/609/1428 3123/610/1211
f 3118/834/1425 3123/610/1211 3124/611/1429
f 3118/834/1425 3125/612/1430 3119/835/1426
f 3119/835/1426 3126/613/1214 3120/836/1208
f 3127/387/1217 3138/614/1218 3133/615/1219
f 3127/386/1217 3134/616/1220 3128/391/1221
f 3128/391/1221 3135/617/1222 3129/393/1223
f 3129/393/1223 3136/618/1224 3130/395/1225
f 3130/395/1225 3137/619/1226 3131/397/1227
f 3132/398/1228 3137/619/1226 3138/614/1218
f 3133/615/1219 3144/620/1229 3139/621/1230
f 3133/622/1219 3140/623/1231 3134/616/1220
f 3134/616/1220 3141/624/1232 3135/617/1222
f 3135/617/1222 3142/625/1233 3136/618/1224
f 3136/618/1224 3143/626/1234 3137/619/1226
f 3138/614/1218 3143/626/1234 3144/620/1229
f 3139/621/1230 3150/627/1235 3145/628/1236
f 3139/629/1230 3146/630/1237 3140/623/1231
f 3140/623/1231 3147/631/1238 3141/624/1232
f 3141/624/1232 3148/632/1239 3142/625/1233
f 3142/625/1233 3149/633/1240 3143/626/1234
f 3144/620/1229 3149/633/1240 3150/627/1235
f 3150/627/1235 3151/634/1241 3145/628/1236
f 3145/635/1236 3152/636/1242 3146/630/1237
f 3147/631/1238 3152/636/1242 3153/637/1243
f 3148/632/1239 3153/637/1243 3154/638/1244
f 3148/632/1239 3155/639/1245 3149/633/1240
f 3149/633/1240 3156/640/1246 3150/627/1235
f 3151/634/1241 3162/641/1247 3157/642/1248
f 3151/643/1241 3158/644/1249 3152/636/1242
f 3152/636/1242 3159/645/1250 3153/637/1243
f 3153/637/1243 3160/646/1251 3154/638/1244
f 3154/638/1244 3161/647/1252 3155/639/1245
f 3156/640/1246 3161/647/1252 3162/641/1247
f 3162/641/1247 3163/648/1253 3157/642/1248
f 3157/649/1248 3164/650/1254 3158/644/1249
f 3159/645/1250 3164/650/1254 3165/651/1255
f 3160/646/1251 3165/651/1255 3166/652/1256
f 3160/646/1251 3167/653/1257 3161/647/1252
f 3161/647/1252 3168/654/1258 3162/641/1247
f 3163/648/1253 3174/655/1259 3169/656/1260
f 3163/657/1253 3170/658/1261 3164/650/1254
f 3164/650/1254 3171/659/1262 3165/651/1255
f 3165/651/1255 3172/660/1263 3166/652/1256
f 3166/652/1256 3173/661/1264 3167/653/1257
f 3168/654/1258 3173/661/1264 3174/655/1259
f 3174/655/1259 3175/662/1265 3169/656/1260
f 3169/663/1260 3176/664/1266 3170/658/1261
f 3171/659/1262 3176/664/1266 3177/665/1055
f 3172/660/1263 3177/665/1055 3178/666/1267
f 3172/660/1263 3179/667/1268 3173/661/1264
f 3173/661/1264 3180/668/1058 3174/655/1259
f 3175/662/1265 3186/447/1269 3181/441/1270
f 3175/669/1265 3182/443/1271 3176/664/1266
f 3176/664/1266 3183/444/1272 3177/665/1055
f 3177/665/1055 3184/445/1273 3178/666/1267
f 3178/666/1267 3185/446/1274 3179/667/1268
f 3180/668/1058 3185/446/1274 3186/447/1269
f 3186/447/1269 3187/670/1275 3181/441/1270
f 3181/450/1270 3188/671/1276 3182/443/1271
f 3183/444/1272 3188/671/1276 3189/672/1277
f 3184/445/1273 3189/672/1277 3190/673/1278
f 3184/445/1273 3191/674/1279 3185/446/1274
f 3185/446/1274 3192/675/1280 3186/447/1269
f 3187/670/1275 3198/676/1281 3193/677/1282
f 3187/678/1275 3194/679/1283 3188/671/1276
f 3188/671/1276 3195/680/1284 3189/672/1277
f 3189/672/1277 3196/681/1285 3190/673/1278
f 3190/673/1278 3197/682/1286 3191/674/1279
f 3192/675/1280 3197/682/1286 3198/676/1281
f 3198/676/1281 3199/683/1287 3193/677/1282
f 3193/684/1282 3200/685/1288 3194/679/1283
f 3195/680/1284 3200/685/1288 3201/686/1289
f 3196/681/1285 3201/686/1289 3202/687/1290
f 3196/681/1285 3203/688/1291 3197/682/1286
f 3197/682/1286 3204/689/1292 3198/676/1281
f 3199/683/1287 3210/690/1293 3205/691/1294
f 3199/692/1287 3206/693/1295 3200/685/1288
f 3200/685/1288 3207/694/1296 3201/686/1289
f 3201/686/1289 3208/695/1297 3202/687/1290
f 3202/687/1290 3209/696/1298 3203/688/1291
f 3204/689/1292 3209/696/1298 3210/690/1293
f 3210/690/1293 3211/697/1299 3205/691/1294
f 3205/698/1294 3212/699/1300 3206/693/1295
f 3207/694/1296 3212/699/1300 3213/700/1301
f 3208/695/1297 3213/700/1301 3214/701/1302
f 3208/695/1297 3215/702/1303 3209/696/1298
f 3209/696/1298 3216/703/1304 3210/690/1293
f 3211/697/1299 3222/704/1305 3217/705/1306
f 3211/706/1299 3218/707/1307 3212/699/1300
f 3212/699/1300 3219/708/1308 3213/700/1301
f 3213/700/1301 3220/709/1309 3214/701/1302
f 3214/701/1302 3221/710/1310 3215/702/1303
f 3216/703/1304 3221/710/1310 3222/704/1305
f 3222/704/1305 3223/711/1311 3217/705/1306
f 3217/712/1306 3224/713/1312 3218/707/1307
f 3219/708/1308 3224/713/1312 3225/714/1313
f 3220/709/1309 3225/714/1313 3226/715/1314
f 3220/709/1309 3227/716/1315 3221/710/1310
f 3221/710/1310 3228/717/1316 3222/704/1305
f 3223/711/1311 3234/718/1317 3229/719/1318
f 3223/720/1311 3230/721/1319 3224/713/1312
f 3224/713/1312 3231/722/1320 3225/714/1313
f 3225/714/1313 3232/723/1321 3226/715/1314
f 3226/715/1314 3233/724/1322 3227/716/1315
f 3228/717/1316 3233/724/1322 3234/718/1317
f 3229/719/1318 3240/496/1431 3235/497/1324
f 3229/725/1318 3236/499/1325 3230/721/1319
f 3230/721/1319 3237/500/1326 3231/722/1320
f 3231/722/1320 3238/501/1327 3232/723/1321
f 3232/723/1321 3239/502/1328 3233/724/1322
f 3234/718/1317 3239/502/1328 3240/496/1431
f 3240/496/1431 3241/726/1329 3235/497/1324
f 3235/504/1324 3242/727/1330 3236/499/1325
f 3237/500/1326 3242/727/1330 3243/728/1331
f 3238/501/1327 3243/728/1331 3244/729/1332
f 3238/501/1327 3245/730/1333 3239/502/1328
f 3239/502/1328 3246/731/1334 3240/496/1431
f 3246/731/1334 3247/732/1335 3241/726/1329
f 3241/733/1329 3248/734/1336 3242/727/1330
f 3243/728/1331 3248/734/1336 3249/735/1337
f 3244/729/1332 3249/735/1337 3250/736/1338
f 3244/729/1332 3251/737/1339 3245/730/1333
f 3245/730/1333 3252/738/1340 3246/731/1334
f 3247/732/1335 3258/739/1341 3253/740/1342
f 3247/741/1335 3254/742/1343 3248/734/1336
f 3248/734/1336 3255/743/1344 3249/735/1337
f 3249/735/1337 3256/744/1345 3250/736/1338
f 3250/736/1338 3257/745/1346 3251/737/1339
f 3252/738/1340 3257/745/1346 3258/739/1341
f 3258/739/1341 3259/746/1347 3253/740/1342
f 3253/747/1342 3260/748/1348 3254/742/1343
f 3255/743/1344 3260/748/1348 3261/749/1349
f 3256/744/1345 3261/749/1349 3262/750/1350
f 3256/744/1345 3263/751/1351 3257/745/1346
f 3257/745/1346 3264/752/1352 3258/739/1341
f 3259/746/1347 3270/753/1353 3265/754/1354
f 3259/755/1347 3266/756/1355 3260/748/1348
f 3260/748/1348 3267/757/1356 3261/749/1349
f 3261/749/1349 3268/758/1357 3262/750/1350
f 3262/750/1350 3269/759/1358 3263/751/1351
f 3264/752/1352 3269/759/1358 3270/753/1353
f 3270/753/1353 3271/760/1359 3265/754/1354
f 3265/761/1354 3272/762/1360 3266/756/1355
f 3267/757/1356 3272/762/1360 3273/763/1361
f 3268/758/1357 3273/763/1361 3274/764/1362
f 3268/758/1357 3275/765/1363 3269/759/1358
f 3269/759/1358 3276/766/1364 3270/753/1353
f 3271/760/1359 3282/767/1365 3277/768/1366
f 3271/769/1359 3278/770/1367 3272/762/1360
f 3272/762/1360 3279/771/1368 3273/763/1361
f 3273/763/1361 3280/772/1369 3274/764/1362
f 3274/764/1362 3281/773/1370 3275/765/1363
f 3276/766/1364 3281/773/1370 3282/767/1365
f 3282/767/1365 3283/774/1371 3277/768/1366
f 3277/775/1366 3284/776/1372 3278/770/1367
f 3279/771/1368 3284/776/1372 3285/777/1373
f 3280/772/1369 3285/777/1373 3286/778/1374
f 3280/772/1369 3287/779/1375 3281/773/1370
f 3281/773/1370 3288/780/1432 3282/767/1365
f 3283/774/1371 3294/557/1377 3289/551/1378
f 3283/781/1371 3290/553/1379 3284/776/1372
f 3284/776/1372 3291/554/1380 3285/777/1373
f 3285/777/1373 3292/555/1381 3286/778/1374
f 3286/778/1374 3293/556/1382 3287/779/1375
f 3288/780/1432 3293/556/1382 3294/557/1377
f 3294/557/1377 3295/782/1383 3289/551/1378
f 3289/560/1378 3296/783/1384 3290/553/1379
f 3291/554/1380 3296/783/1384 3297/784/1385
f 3292/555/1381 3297/784/1385 3298/785/1386
f 3292/555/1381 3299/786/1387 3293/556/1382
f 3293/556/1382 3300/787/1388 3294/557/1377
f 3295/782/1383 3306/788/1389 3301/789/1390
f 3295/790/1383 3302/791/1391 3296/783/1384
f 3296/783/1384 3303/792/1392 3297/784/1385
f 3297/784/1385 3304/793/1393 3298/785/1386
f 3298/785/1386 3305/794/1394 3299/786/1387
f 3300/787/1388 3305/794/1394 3306/788/1389
f 3306/788/1389 3307/795/1395 3301/789/1390
f 3301/796/1390 3308/797/1396 3302/791/1391
f 3303/792/1392 3308/797/1396 3309/798/1397
f 3304/793/1393 3309/798/1397 3310/799/1398
f 3304/793/1393 3311/800/1399 3305/794/1394
f 3305/794/1394 3312/801/1400 3306/788/1389
f 3307/795/1395 3318/802/1401 3313/803/1402
f 3307/804/1395 3314/805/1403 3308/797/1396
f 3308/797/1396 3315/806/1404 3309/798/1397
f 3309/798/1397 3316/807/1405 3310/799/1398
f 3310/799/1398 3317/808/1406 3311/800/1399
f 3312/801/1400 3317/808/1406 3318/802/1401
f 3318/802/1401 3319/809/1407 3313/803/1402
f 3313/810/1402 3320/811/1408 3314/805/1403
f 3315/806/1404 3320/811/1408 3321/812/1409
f 3316/807/1405 3321/812/1409 3322/813/1410
f 3316/807/1405 3323/814/1411 3317/808/1406
f 3317/808/1406 3324/815/1412 3318/802/1401
f 3319/809/1407 3330/816/1191 3325/817/1413
f 3319/818/1407 3326/819/1414 3320/811/1408
f 3320/811/1408 3327/820/1194 3321/812/1409
f 3321/812/1409 3328/821/1415 3322/813/1410
f 3322/813/1410 3329/822/1416 3323/814/1411
f 3324/815/1412 3329/822/1416 3330/816/1191
f 3330/816/1191 3331/823/1417 3325/817/1413
f 3325/824/1413 3332/825/1418 3326/819/1414
f 3327/820/1194 3332/825/1418 3333/826/1419
f 3328/821/1415 3333/826/1419 3334/827/1420
f 3328/821/1415 3335/828/1421 3329/822/1416
f 3329/822/1416 3336/829/1422 3330/816/1191
f 3336/829/1422 3337/830/1423 3331/823/1417
f 3331/831/1417 3338/832/1424 3332/825/1418
f 3333/826/1419 3338/832/1424 3339/833/1205
f 3334/827/1420 3339/833/1205 3340/834/1425
f 3334/827/1420 3341/835/1426 3335/828/1421
f 3335/828/1421 3342/836/1208 3336/829/1422
f 3342/836/1208 3343/607/1427 3337/830/1423
f 3337/837/1423 3344/609/1428 3338/832/1424
f 3339/833/1205 3344/609/1428 3345/610/1211
f 3340/834/1425 3345/610/1211 3346/611/1429
f 3340/834/1425 3347/612/1430 3341/835/1426
f 3341/835/1426 3348/613/1214 3342/836/1208
s 0
f 199/70/35 200/72/35 195/65/35
f 194/88/36 195/93/36 198/68/36
f 198/68/37 204/74/37 202/73/37
f 204/74/38 200/92/38 201/89/38
f 212/84/39 201/71/39 199/70/39
f 202/73/40 203/75/40 216/86/40
f 216/86/41 212/84/41 213/83/41
f 206/78/42 213/83/42 211/82/42
f 215/87/43 210/80/43 208/79/43
f 209/81/44 210/80/44 206/78/44
f 193/64/45 194/66/45 207/77/45
f 208/79/46 209/81/46 196/90/46
f 199/70/47 193/64/47 205/76/47
f 200/92/48 204/74/48 198/68/48
f 194/94/49 196/90/49 209/81/49
f 208/79/50 197/102/50 202/95/50
f 212/84/51 216/86/51 203/75/51
f 206/78/52 210/80/52 215/87/52
f 224/72/61 219/65/61 217/64/61
f 219/93/62 222/68/62 220/67/62
f 222/68/63 228/74/63 226/73/63
f 227/96/64 228/74/64 224/92/64
f 235/82/65 236/84/65 225/71/65
f 227/96/66 240/86/66 238/85/66
f 239/98/67 240/86/67 236/84/67
f 230/78/68 237/83/68 235/82/68
f 239/98/69 234/80/69 232/97/69
f 234/80/70 230/78/70 231/77/70
f 218/66/71 231/77/71 229/76/71
f 232/97/72 233/81/72 220/90/72
f 217/64/73 229/76/73 235/82/73
f 224/92/74 228/74/74 222/68/74
f 218/94/23 220/90/23 233/81/23
f 232/97/75 221/102/75 226/95/75
f 236/84/25 240/86/25 227/96/25
f 230/78/76 234/80/76 239/98/76
f 272/72/109 267/65/109 265/64/109
f 267/93/110 270/68/110 268/67/110
f 269/69/111 270/68/111 276/74/111
f 276/74/112 272/92/112 273/89/112
f 284/101/113 273/71/113 271/70/113
f 274/73/114 275/96/114 288/86/114
f 287/98/115 288/86/115 284/101/115
f 278/100/116 285/83/116 283/82/116
f 286/85/117 287/98/117 282/80/117
f 282/80/118 278/100/118 279/77/118
f 266/66/119 279/77/119 277/76/119
f 281/81/120 268/90/120 269/91/120
f 265/64/73 277/76/73 283/82/73
f 272/92/121 276/74/121 270/68/121
f 266/94/49 268/90/49 281/81/49
f 286/85/75 280/97/75 269/102/75
f 284/101/51 288/86/51 275/96/51
f 278/100/122 282/80/122 287/98/122
f 296/72/131 291/65/131 289/64/131
f 291/93/132 294/68/132 292/67/132
f 294/68/133 300/74/133 298/73/133
f 300/74/134 296/92/134 297/89/134
f 307/82/135 308/101/135 297/71/135
f 299/75/136 312/86/136 310/99/136
f 312/86/137 308/101/137 309/83/137
f 302/78/138 309/83/138 307/82/138
f 311/87/139 306/80/139 304/79/139
f 306/80/140 302/78/140 303/77/140
f 290/66/141 303/77/141 301/76/141
f 304/79/142 305/81/142 292/90/142
f 289/64/47 301/76/47 307/82/47
f 296/92/143 300/74/143 294/68/143
f 290/94/23 292/90/23 305/81/23
f 304/79/50 293/102/50 298/95/50
f 308/101/25 312/86/25 299/75/25
f 302/78/144 306/80/144 311/87/144
f 320/72/153 315/65/153 313/64/153
f 315/93/154 318/68/154 316/67/154
f 318/68/155 324/74/155 322/73/155
f 324/74/156 320/92/156 321/89/156
f 331/82/157 332/84/157 321/71/157
f 322/73/158 323/75/158 336/86/158
f 335/87/159 336/86/159 332/84/159
f 326/78/160 333/83/160 331/82/160
f 334/85/161 335/87/161 330/80/161
f 330/80/162 326/78/162 327/77/162
f 313/64/163 314/66/163 327/77/163
f 329/81/164 316/90/164 317/91/164
f 313/64/73 325/76/73 331/82/73
f 320/92/165 324/74/165 318/68/165
f 314/94/98 316/90/98 329/81/98
f 328/79/75 317/102/75 322/95/75
f 332/84/99 336/86/99 323/75/99
f 326/78/166 330/80/166 335/87/166
f 344/72/35 339/65/35 337/64/35
f 338/88/36 339/93/36 342/68/36
f 342/68/37 348/74/37 346/73/37
f 348/74/38 344/92/38 345/89/38
f 356/84/39 345/71/39 343/70/39
f 346/73/40 347/96/40 360/86/40
f 360/86/41 356/84/41 357/83/41
f 349/76/42 350/78/42 357/83/42
f 359/98/43 354/80/43 352/97/43
f 353/81/44 354/80/44 350/78/44
f 337/64/45 338/66/45 351/77/45
f 352/97/46 353/81/46 340/90/46
f 343/70/47 337/64/47 349/76/47
f 344/92/48 348/74/48 342/68/48
f 338/94/49 340/90/49 353/81/49
f 352/97/50 341/102/50 346/95/50
f 356/84/51 360/86/51 347/96/51
f 350/78/52 354/80/52 359/98/52
f 368/72/61 363/65/61 361/64/61
f 363/93/62 366/68/62 364/67/62
f 366/68/63 372/74/63 370/73/63
f 371/75/64 372/74/64 368/92/64
f 379/82/65 380/84/65 369/71/65
f 371/75/66 384/86/66 382/99/66
f 383/87/67 384/86/67 380/84/67
f 374/78/68 381/83/68 379/82/68
f 383/87/69 378/80/69 376/79/69
f 378/80/70 374/78/70 375/77/70
f 362/66/71 375/77/71 373/76/71
f 376/79/72 377/81/72 364/90/72
f 361/64/73 373/76/73 379/82/73
f 368/92/74 372/74/74 366/68/74
f 362/94/23 364/90/23 377/81/23
f 376/79/75 365/102/75 370/95/75
f 380/84/25 384/86/25 371/75/25
f 374/78/76 378/80/76 383/87/76
f 416/72/109 411/65/109 409/64/109
f 411/93/110 414/68/110 412/67/110
f 413/69/111 414/68/111 420/74/111
f 419/75/112 420/74/112 416/92/112
f 428/101/113 417/71/113 415/70/113
f 418/73/114 419/75/114 432/86/114
f 432/86/115 428/101/115 429/83/115
f 421/76/116 422/78/116 429/83/116
f 430/99/117 431/87/117 426/80/117
f 426/80/118 422/78/118 423/77/118
f 409/64/119 410/66/119 423/77/119
f 425/81/120 412/90/120 413/91/120
f 415/70/73 409/64/73 421/76/73
f 416/92/121 420/74/121 414/68/121
f 410/94/49 412/90/49 425/81/49
f 430/99/75 424/79/75 413/102/75
f 428/101/51 432/86/51 419/75/51
f 422/78/122 426/80/122 431/87/122
f 440/72/131 435/65/131 433/64/131
f 435/93/132 438/68/132 436/67/132
f 438/68/133 444/74/133 442/73/133
f 444/74/134 440/92/134 441/89/134
f 451/82/135 452/84/135 441/71/135
f 443/96/136 456/86/136 454/85/136
f 456/86/137 452/84/137 453/83/137
f 446/100/138 453/83/138 451/82/138
f 455/98/139 450/80/139 448/97/139
f 449/81/140 450/80/140 446/100/140
f 434/66/141 447/77/141 445/76/141
f 448/97/142 449/81/142 436/90/142
f 433/64/47 445/76/47 451/82/47
f 440/92/143 444/74/143 438/68/143
f 434/94/23 436/90/23 449/81/23
f 448/97/50 437/102/50 442/95/50
f 452/84/25 456/86/25 443/96/25
f 446/100/144 450/80/144 455/98/144
f 560/146/9 555/139/9 553/138/9
f 555/162/10 558/142/10 556/141/10
f 558/142/11 564/148/11 562/170/11
f 564/148/12 560/167/12 561/164/12
f 572/158/13 561/145/13 559/144/13
f 563/149/14 576/160/14 574/159/14
f 576/160/15 572/158/15 573/157/15
f 566/152/16 573/157/16 571/156/16
f 575/171/17 570/154/17 568/153/17
f 570/154/18 566/152/18 567/151/18
f 554/140/19 567/151/19 565/150/19
f 569/155/20 556/165/20 557/166/20
f 553/138/21 565/150/21 571/156/21
f 560/167/22 564/148/22 558/142/22
f 554/168/23 556/165/23 569/155/23
f 568/153/24 557/932/24 562/169/24
f 572/158/25 576/160/25 563/149/25
f 566/152/26 570/154/26 575/171/26
f 584/146/207 579/139/207 577/138/207
f 579/162/208 582/142/208 580/141/208
f 582/142/209 588/148/209 586/147/209
f 588/148/210 584/167/210 585/164/210
f 595/156/211 596/158/211 585/145/211
f 586/147/212 587/149/212 600/160/212
f 600/160/213 596/158/213 597/157/213
f 590/152/214 597/157/214 595/156/214
f 599/161/215 594/154/215 592/153/215
f 594/154/216 590/152/216 591/151/216
f 578/140/217 591/151/217 589/150/217
f 593/155/218 580/165/218 581/166/218
f 577/138/219 589/150/219 595/156/219
f 584/167/220 588/148/220 582/142/220
f 578/168/23 580/165/23 593/155/23
f 592/153/221 581/932/221 586/169/221
f 596/158/25 600/160/25 587/149/25
f 590/152/222 594/154/222 599/161/222
f 608/146/175 603/139/175 601/138/175
f 603/162/176 606/142/176 604/141/176
f 606/142/177 612/148/177 610/147/177
f 612/148/178 608/167/178 609/164/178
f 620/172/179 609/145/179 607/144/179
f 611/149/180 624/160/180 622/159/180
f 624/160/181 620/172/181 621/157/181
f 614/152/182 621/157/182 619/156/182
f 623/161/183 618/154/183 616/153/183
f 617/155/184 618/154/184 614/152/184
f 601/138/185 602/140/185 615/151/185
f 616/153/186 617/155/186 604/165/186
f 601/138/187 613/150/187 619/156/187
f 608/167/188 612/148/188 606/142/188
f 602/168/23 604/165/23 617/155/23
f 616/153/189 605/932/189 610/169/189
f 620/172/25 624/160/25 611/149/25
f 614/152/190 618/154/190 623/161/190
f 656/146/207 651/139/207 649/138/207
f 651/162/208 654/142/208 652/141/208
f 654/142/209 660/148/209 658/170/209
f 660/148/210 656/167/210 657/164/210
f 667/156/211 668/158/211 657/145/211
f 658/170/212 659/149/212 672/160/212
f 672/160/213 668/158/213 669/157/213
f 662/152/214 669/157/214 667/156/214
f 671/171/215 666/154/215 664/153/215
f 666/154/216 662/152/216 663/151/216
f 650/140/217 663/151/217 661/150/217
f 665/155/218 652/165/218 653/166/218
f 649/138/219 661/150/219 667/156/219
f 656/167/220 660/148/220 654/142/220
f 650/168/23 652/165/23 665/155/23
f 664/153/221 653/932/221 658/169/221
f 668/158/25 672/160/25 659/149/25
f 662/152/222 666/154/222 671/171/222
f 680/146/175 675/139/175 673/138/175
f 675/162/176 678/142/176 676/141/176
f 678/142/177 684/148/177 682/170/177
f 684/148/178 680/167/178 681/164/178
f 692/172/179 681/145/179 679/144/179
f 683/149/180 696/160/180 694/159/180
f 696/160/181 692/172/181 693/157/181
f 686/152/182 693/157/182 691/156/182
f 695/171/183 690/154/183 688/153/183
f 690/154/184 686/152/184 687/151/184
f 673/138/185 674/140/185 687/151/185
f 688/153/186 689/155/186 676/165/186
f 673/138/187 685/150/187 691/156/187
f 680/167/188 684/148/188 678/142/188
f 674/168/23 676/165/23 689/155/23
f 688/153/189 677/932/189 682/169/189
f 692/172/25 696/160/25 683/149/25
f 686/152/190 690/154/190 695/171/190
f 824/146/9 819/139/9 817/138/9
f 819/162/10 822/142/10 820/141/10
f 822/142/11 828/148/11 826/170/11
f 828/148/12 824/167/12 825/164/12
f 836/158/13 825/145/13 823/144/13
f 827/149/14 840/160/14 838/159/14
f 840/160/15 836/158/15 837/157/15
f 830/152/16 837/157/16 835/156/16
f 839/171/17 834/154/17 832/153/17
f 834/154/18 830/152/18 831/151/18
f 818/140/19 831/151/19 829/150/19
f 833/155/20 820/165/20 821/166/20
f 817/138/21 829/150/21 835/156/21
f 824/167/22 828/148/22 822/142/22
f 818/168/23 820/165/23 833/155/23
f 832/153/24 821/932/24 826/169/24
f 836/158/25 840/160/25 827/149/25
f 830/152/26 834/154/26 839/171/26
f 848/146/207 843/139/207 841/138/207
f 843/162/208 846/142/208 844/141/208
f 846/142/209 852/148/209 850/147/209
f 852/148/210 848/167/210 849/164/210
f 859/156/211 860/172/211 849/145/211
f 850/147/212 851/149/212 864/160/212
f 864/160/213 860/172/213 861/157/213
f 854/152/214 861/157/214 859/156/214
f 863/161/215 858/154/215 856/153/215
f 857/155/216 858/154/216 854/152/216
f 842/140/217 855/151/217 853/150/217
f 857/155/218 844/165/218 845/166/218
f 841/138/219 853/150/219 859/156/219
f 848/167/220 852/148/220 846/142/220
f 842/168/23 844/165/23 857/155/23
f 856/153/221 845/932/221 850/169/221
f 860/172/25 864/160/25 851/149/25
f 854/152/222 858/154/222 863/161/222
f 872/146/175 867/139/175 865/138/175
f 867/162/176 870/142/176 868/141/176
f 870/142/177 876/148/177 874/170/177
f 875/149/178 876/148/178 872/167/178
f 884/172/179 873/145/179 871/144/179
f 875/149/180 888/160/180 886/159/180
f 888/160/181 884/172/181 885/157/181
f 878/152/182 885/157/182 883/156/182
f 887/171/183 882/154/183 880/153/183
f 881/155/184 882/154/184 878/152/184
f 865/138/185 866/140/185 879/151/185
f 880/153/186 881/155/186 868/165/186
f 865/138/187 877/150/187 883/156/187
f 872/167/188 876/148/188 870/142/188
f 866/168/23 868/165/23 881/155/23
f 880/153/189 869/932/189 874/169/189
f 884/172/25 888/160/25 875/149/25
f 878/152/190 882/154/190 887/171/190
f 920/146/207 915/139/207 913/138/207
f 915/162/208 918/142/208 916/141/208
f 918/142/209 924/148/209 922/170/209
f 924/148/210 920/167/210 921/164/210
f 931/156/211 932/158/211 921/145/211
f 922/170/212 923/149/212 936/160/212
f 936/160/213 932/158/213 933/157/213
f 926/152/214 933/157/214 931/156/214
f 935/171/215 930/154/215 928/153/215
f 930/154/216 926/152/216 927/151/216
f 914/140/217 927/151/217 925/150/217
f 929/155/218 916/165/218 917/166/218
f 913/138/219 925/150/219 931/156/219
f 920/167/220 924/148/220 918/142/220
f 914/168/23 916/165/23 929/155/23
f 928/153/221 917/932/221 922/169/221
f 932/158/25 936/160/25 923/149/25
f 926/152/222 930/154/222 935/171/222
f 944/146/175 939/139/175 937/138/175
f 939/162/176 942/142/176 940/141/176
f 942/142/177 948/148/177 946/147/177
f 948/148/178 944/167/178 945/164/178
f 956/158/179 945/145/179 943/144/179
f 947/149/180 960/160/180 958/159/180
f 960/160/181 956/158/181 957/157/181
f 950/152/182 957/157/182 955/156/182
f 959/161/183 954/154/183 952/153/183
f 954/154/184 950/152/184 951/151/184
f 937/138/185 938/140/185 951/151/185
f 952/153/186 953/155/186 940/165/186
f 937/138/187 949/150/187 955/156/187
f 944/167/188 948/148/188 942/142/188
f 938/168/23 940/165/23 953/155/23
f 952/153/189 941/932/189 946/169/189
f 956/158/25 960/160/25 947/149/25
f 950/152/190 954/154/190 959/161/190
s 1
f 2113/387/1017 2118/398/1028 2124/388/1018
f 2113/386/1017 2119/401/1019 2120/390/1020
f 2114/391/1021 2120/390/1020 2121/392/1022
f 2115/393/1023 2121/392/1022 2122/394/1024
f 2116/395/1025 2122/394/1024 2123/396/1026
f 2118/398/1028 2117/397/1027 2123/396/1026
f 2119/389/1019 2124/388/1018 2130/399/1029
f 2119/401/1019 2125/408/1030 2126/402/1031
f 2120/390/1020 2126/402/1031 2127/403/1032
f 2121/392/1022 2127/403/1032 2128/404/1033
f 2122/394/1024 2128/404/1033 2129/405/1034
f 2124/388/1018 2123/396/1026 2129/405/1034
f 2125/400/1030 2130/399/1029 2136/406/1035
f 2125/408/1030 2131/414/1036 2132/409/1037
f 2126/402/1031 2132/409/1037 2133/410/1038
f 2127/403/1032 2133/410/1038 2134/411/1039
f 2128/404/1033 2134/411/1039 2135/412/1040
f 2130/399/1029 2129/405/1034 2135/412/1040
f 2136/406/1035 2142/419/1046 2137/413/1041
f 2131/414/1036 2137/422/1041 2138/415/1042
f 2133/410/1038 2132/409/1037 2138/415/1042
f 2134/411/1039 2133/410/1038 2139/416/1043
f 2134/411/1039 2140/417/1044 2141/418/1045
f 2135/412/1040 2141/418/1045 2142/419/1046
f 2137/413/1041 2142/419/1046 2148/420/1047
f 2137/422/1041 2143/428/1048 2144/423/1049
f 2138/415/1042 2144/423/1049 2145/424/1050
f 2139/416/1043 2145/424/1050 2146/425/1051
f 2140/417/1044 2146/425/1051 2147/426/1052
f 2142/419/1046 2141/418/1045 2147/426/1052
f 2148/420/1047 2154/433/1058 2149/427/1053
f 2143/428/1048 2149/436/1053 2150/429/1054
f 2145/424/1050 2144/423/1049 2150/429/1054
f 2146/425/1051 2145/424/1050 2151/430/1055
f 2146/425/1051 2152/431/1056 2153/432/1057
f 2147/426/1052 2153/432/1057 2154/433/1058
f 2149/427/1053 2154/433/1058 2160/434/1059
f 2149/436/1053 2155/442/1060 2156/437/1061
f 2150/429/1054 2156/437/1061 2157/438/1062
f 2151/430/1055 2157/438/1062 2158/439/1063
f 2152/431/1056 2158/439/1063 2159/440/1064
f 2154/433/1058 2153/432/1057 2159/440/1064
f 2160/434/1059 2166/447/1070 2161/441/1065
f 2155/442/1060 2161/450/1065 2162/443/1066
f 2157/438/1062 2156/437/1061 2162/443/1066
f 2158/439/1063 2157/438/1062 2163/444/1067
f 2158/439/1063 2164/445/1068 2165/446/1069
f 2159/440/1064 2165/446/1069 2166/447/1070
f 2161/441/1065 2166/447/1070 2172/448/1071
f 2161/450/1065 2167/456/1072 2168/451/1073
f 2162/443/1066 2168/451/1073 2169/452/1074
f 2163/444/1067 2169/452/1074 2170/453/1075
f 2164/445/1068 2170/453/1075 2171/454/1076
f 2166/447/1070 2165/446/1069 2171/454/1076
f 2172/448/1071 2178/461/1082 2173/455/1077
f 2167/456/1072 2173/464/1077 2174/457/1078
f 2169/452/1074 2168/451/1073 2174/457/1078
f 2170/453/1075 2169/452/1074 2175/458/1079
f 2170/453/1075 2176/459/1080 2177/460/1081
f 2171/454/1076 2177/460/1081 2178/461/1082
f 2173/455/1077 2178/461/1082 2184/462/1083
f 2173/464/1077 2179/470/1084 2180/465/1085
f 2174/457/1078 2180/465/1085 2181/466/1086
f 2175/458/1079 2181/466/1086 2182/467/1087
f 2176/459/1080 2182/467/1087 2183/468/1088
f 2178/461/1082 2177/460/1081 2183/468/1088
f 2184/462/1083 2190/475/1094 2185/469/1089
f 2179/470/1084 2185/478/1089 2186/471/1090
f 2181/466/1086 2180/465/1085 2186/471/1090
f 2182/467/1087 2181/466/1086 2187/472/1091
f 2182/467/1087 2188/473/1092 2189/474/1093
f 2183/468/1088 2189/474/1093 2190/475/1094
f 2185/469/1089 2190/475/1094 2196/476/1095
f 2185/478/1089 2191/198/1096 2192/479/1097
f 2186/471/1090 2192/479/1097 2193/480/1098
f 2187/472/1091 2193/480/1098 2194/481/1099
f 2188/473/1092 2194/481/1099 2195/482/1100
f 2190/475/1094 2189/474/1093 2195/482/1100
f 2196/476/1095 2202/488/1106 2197/483/1101
f 2191/198/1096 2197/491/1101 2198/484/1102
f 2193/480/1098 2192/479/1097 2198/484/1102
f 2194/481/1099 2193/480/1098 2199/485/1103
f 2194/481/1099 2200/486/1104 2201/487/1105
f 2195/482/1100 2201/487/1105 2202/488/1106
f 2197/483/1101 2202/488/1106 2208/489/1107
f 2197/491/1101 2203/498/1108 2204/492/1109
f 2198/484/1102 2204/492/1109 2205/493/1110
f 2199/485/1103 2205/493/1110 2206/494/1111
f 2200/486/1104 2206/494/1111 2207/495/1112
f 2202/488/1106 2201/487/1105 2207/495/1112
f 2203/490/1108 2208/489/1107 2214/496/1113
f 2203/498/1108 2209/504/1114 2210/499/1115
f 2204/492/1109 2210/499/1115 2211/500/1116
f 2205/493/1110 2211/500/1116 2212/501/1117
f 2206/494/1111 2212/501/1117 2213/502/1118
f 2208/489/1107 2207/495/1112 2213/502/1118
f 2214/496/1113 2220/509/1124 2215/503/1119
f 2209/504/1114 2215/511/1119 2216/505/1120
f 2211/500/1116 2210/499/1115 2216/505/1120
f 2212/501/1117 2211/500/1116 2217/506/1121
f 2212/501/1117 2218/507/1122 2219/508/1123
f 2213/502/1118 2219/508/1123 2220/509/1124
f 2220/509/1124 2226/516/1130 2221/510/1125
f 2215/511/1119 2221/519/1125 2222/512/1126
f 2217/506/1121 2216/505/1120 2222/512/1126
f 2218/507/1122 2217/506/1121 2223/513/1127
f 2218/507/1122 2224/514/1128 2225/515/1129
f 2219/508/1123 2225/515/1129 2226/516/1130
f 2221/510/1125 2226/516/1130 2232/517/1131
f 2221/519/1125 2227/176/1132 2228/520/1133
f 2222/512/1126 2228/520/1133 2229/521/1134
f 2223/513/1127 2229/521/1134 2230/522/1135
f 2224/514/1128 2230/522/1135 2231/523/1136
f 2226/516/1130 2225/515/1129 2231/523/1136
f 2232/517/1131 2238/529/1142 2233/524/1137
f 2227/176/1132 2233/532/1137 2234/525/1138
f 2229/521/1134 2228/520/1133 2234/525/1138
f 2230/522/1135 2229/521/1134 2235/526/1139
f 2230/522/1135 2236/527/1140 2237/528/1141
f 2231/523/1136 2237/528/1141 2238/529/1142
f 2233/524/1137 2238/529/1142 2244/530/1143
f 2233/532/1137 2239/538/1144 2240/533/1145
f 2234/525/1138 2240/533/1145 2241/534/1146
f 2235/526/1139 2241/534/1146 2242/535/1147
f 2236/527/1140 2242/535/1147 2243/536/1148
f 2238/529/1142 2237/528/1141 2243/536/1148
f 2244/530/1143 2250/543/1154 2245/537/1149
f 2239/538/1144 2245/546/1149 2246/539/1150
f 2241/534/1146 2240/533/1145 2246/539/1150
f 2242/535/1147 2241/534/1146 2247/540/1151
f 2242/535/1147 2248/541/1152 2249/542/1153
f 2243/536/1148 2249/542/1153 2250/543/1154
f 2245/537/1149 2250/543/1154 2256/544/1155
f 2245/546/1149 2251/552/1156 2252/547/1157
f 2246/539/1150 2252/547/1157 2253/548/1158
f 2247/540/1151 2253/548/1158 2254/549/1159
f 2248/541/1152 2254/549/1159 2255/550/1160
f 2250/543/1154 2249/542/1153 2255/550/1160
f 2256/544/1155 2262/557/1166 2257/551/1161
f 2251/552/1156 2257/560/1161 2258/553/1162
f 2253/548/1158 2252/547/1157 2258/553/1162
f 2254/549/1159 2253/548/1158 2259/554/1163
f 2254/549/1159 2260/555/1164 2261/556/1165
f 2255/550/1160 2261/556/1165 2262/557/1166
f 2257/551/1161 2262/557/1166 2268/558/1167
f 2257/560/1161 2263/566/1168 2264/561/1169
f 2258/553/1162 2264/561/1169 2265/562/1170
f 2259/554/1163 2265/562/1170 2266/563/1171
f 2260/555/1164 2266/563/1171 2267/564/1172
f 2262/557/1166 2261/556/1165 2267/564/1172
f 2268/558/1167 2274/571/1178 2269/565/1173
f 2263/566/1168 2269/574/1173 2270/567/1174
f 2265/562/1170 2264/561/1169 2270/567/1174
f 2266/563/1171 2265/562/1170 2271/568/1175
f 2266/563/1171 2272/569/1176 2273/570/1177
f 2267/564/1172 2273/570/1177 2274/571/1178
f 2269/565/1173 2274/571/1178 2280/572/1179
f 2269/574/1173 2275/580/1180 2276/575/1181
f 2270/567/1174 2276/575/1181 2277/576/1182
f 2271/568/1175 2277/576/1182 2278/577/1183
f 2272/569/1176 2278/577/1183 2279/578/1184
f 2274/571/1178 2273/570/1177 2279/578/1184
f 2280/572/1179 2286/585/1190 2281/579/1185
f 2275/580/1180 2281/588/1185 2282/581/1186
f 2277/576/1182 2276/575/1181 2282/581/1186
f 2278/577/1183 2277/576/1182 2283/582/1187
f 2278/577/1183 2284/583/1188 2285/584/1189
f 2279/578/1184 2285/584/1189 2286/585/1190
f 2281/579/1185 2286/585/1190 2292/586/1191
f 2281/588/1185 2287/594/1192 2288/589/1193
f 2282/581/1186 2288/589/1193 2289/590/1194
f 2283/582/1187 2289/590/1194 2290/591/1195
f 2284/583/1188 2290/591/1195 2291/592/1196
f 2286/585/1190 2285/584/1189 2291/592/1196
f 2292/586/1191 2298/599/1202 2293/593/1197
f 2287/594/1192 2293/601/1197 2294/595/1198
f 2289/590/1194 2288/589/1193 2294/595/1198
f 2290/591/1195 2289/590/1194 2295/596/1199
f 2290/591/1195 2296/597/1200 2297/598/1201
f 2291/592/1196 2297/598/1201 2298/599/1202
f 2298/599/1202 2304/606/1208 2299/600/1203
f 2293/601/1197 2299/608/1203 2300/602/1204
f 2295/596/1199 2294/595/1198 2300/602/1204
f 2296/597/1200 2295/596/1199 2301/603/1205
f 2296/597/1200 2302/604/1206 2303/605/1207
f 2297/598/1201 2303/605/1207 2304/606/1208
f 2304/606/1208 2310/613/1214 2305/607/1209
f 2299/608/1203 2305/941/1209 2306/609/1210
f 2301/603/1205 2300/602/1204 2306/609/1210
f 2302/604/1206 2301/603/1205 2307/610/1211
f 2302/604/1206 2308/611/1212 2309/612/1213
f 2303/605/1207 2309/612/1213 2310/613/1214
f 2311/387/1017 2316/398/1028 2322/388/1018
f 2311/386/1017 2317/401/1019 2318/390/1020
f 2312/391/1021 2318/390/1020 2319/392/1022
f 2313/393/1023 2319/392/1022 2320/394/1024
f 2314/395/1025 2320/394/1024 2321/396/1026
f 2316/398/1028 2315/397/1027 2321/396/1026
f 2317/389/1019 2322/388/1018 2328/399/1029
f 2317/401/1019 2323/408/1030 2324/402/1031
f 2318/390/1020 2324/402/1031 2325/403/1032
f 2319/392/1022 2325/403/1032 2326/404/1033
f 2320/394/1024 2326/404/1033 2327/405/1034
f 2322/388/1018 2321/396/1026 2327/405/1034
f 2323/400/1030 2328/399/1029 2334/406/1035
f 2323/408/1030 2329/414/1036 2330/409/1037
f 2324/402/1031 2330/409/1037 2331/410/1038
f 2325/403/1032 2331/410/1038 2332/411/1039
f 2326/404/1033 2332/411/1039 2333/412/1040
f 2328/399/1029 2327/405/1034 2333/412/1040
f 2334/406/1035 2340/419/1046 2335/413/1041
f 2329/414/1036 2335/422/1041 2336/415/1042
f 2331/410/1038 2330/409/1037 2336/415/1042
f 2332/411/1039 2331/410/1038 2337/416/1043
f 2332/411/1039 2338/417/1044 2339/418/1045
f 2333/412/1040 2339/418/1045 2340/419/1046
f 2335/413/1041 2340/419/1046 2346/420/1047
f 2335/422/1041 2341/428/1048 2342/423/1049
f 2336/415/1042 2342/423/1049 2343/424/1050
f 2337/416/1043 2343/424/1050 2344/425/1051
f 2338/417/1044 2344/425/1051 2345/426/1052
f 2340/419/1046 2339/418/1045 2345/426/1052
f 2346/420/1047 2352/433/1058 2347/427/1053
f 2341/428/1048 2347/436/1053 2348/429/1054
f 2343/424/1050 2342/423/1049 2348/429/1054
f 2344/425/1051 2343/424/1050 2349/430/1055
f 2344/425/1051 2350/431/1056 2351/432/1057
f 2345/426/1052 2351/432/1057 2352/433/1058
f 2347/427/1053 2352/433/1058 2358/434/1059
f 2347/436/1053 2353/442/1060 2354/437/1061
f 2348/429/1054 2354/437/1061 2355/438/1062
f 2349/430/1055 2355/438/1062 2356/439/1063
f 2350/431/1056 2356/439/1063 2357/440/1064
f 2352/433/1058 2351/432/1057 2357/440/1064
f 2358/434/1059 2364/447/1070 2359/441/1065
f 2353/442/1060 2359/450/1065 2360/443/1066
f 2355/438/1062 2354/437/1061 2360/443/1066
f 2356/439/1063 2355/438/1062 2361/444/1067
f 2356/439/1063 2362/445/1068 2363/446/1069
f 2357/440/1064 2363/446/1069 2364/447/1070
f 2359/441/1065 2364/447/1070 2370/448/1071
f 2359/450/1065 2365/456/1072 2366/451/1073
f 2360/443/1066 2366/451/1073 2367/452/1074
f 2361/444/1067 2367/452/1074 2368/453/1075
f 2362/445/1068 2368/453/1075 2369/454/1076
f 2364/447/1070 2363/446/1069 2369/454/1076
f 2370/448/1071 2376/461/1082 2371/455/1077
f 2365/456/1072 2371/464/1077 2372/457/1078
f 2367/452/1074 2366/451/1073 2372/457/1078
f 2368/453/1075 2367/452/1074 2373/458/1079
f 2368/453/1075 2374/459/1080 2375/460/1081
f 2369/454/1076 2375/460/1081 2376/461/1082
f 2371/455/1077 2376/461/1082 2382/462/1083
f 2371/464/1077 2377/470/1084 2378/465/1085
f 2372/457/1078 2378/465/1085 2379/466/1086
f 2373/458/1079 2379/466/1086 2380/467/1087
f 2374/459/1080 2380/467/1087 2381/468/1088
f 2376/461/1082 2375/460/1081 2381/468/1088
f 2382/462/1083 2388/475/1094 2383/469/1089
f 2377/470/1084 2383/478/1089 2384/471/1090
f 2379/466/1086 2378/465/1085 2384/471/1090
f 2380/467/1087 2379/466/1086 2385/472/1091
f 2380/467/1087 2386/473/1092 2387/474/1093
f 2381/468/1088 2387/474/1093 2388/475/1094
f 2383/469/1089 2388/475/1094 2394/476/1095
f 2383/478/1089 2389/198/1096 2390/479/1097
f 2384/471/1090 2390/479/1097 2391/480/1098
f 2385/472/1091 2391/480/1098 2392/481/1099
f 2386/473/1092 2392/481/1099 2393/482/1100
f 2388/475/1094 2387/474/1093 2393/482/1100
f 2394/476/1095 2400/488/1106 2395/483/1101
f 2389/198/1096 2395/491/1101 2396/484/1102
f 2391/480/1098 2390/479/1097 2396/484/1102
f 2392/481/1099 2391/480/1098 2397/485/1103
f 2392/481/1099 2398/486/1104 2399/487/1105
f 2393/482/1100 2399/487/1105 2400/488/1106
f 2395/483/1101 2400/488/1106 2406/489/1107
f 2395/491/1101 2401/498/1108 2402/492/1109
f 2396/484/1102 2402/492/1109 2403/493/1110
f 2397/485/1103 2403/493/1110 2404/494/1111
f 2398/486/1104 2404/494/1111 2405/495/1112
f 2400/488/1106 2399/487/1105 2405/495/1112
f 2401/490/1108 2406/489/1107 2412/496/1113
f 2401/498/1108 2407/504/1114 2408/499/1115
f 2402/492/1109 2408/499/1115 2409/500/1116
f 2403/493/1110 2409/500/1116 2410/501/1117
f 2404/494/1111 2410/501/1117 2411/502/1118
f 2406/489/1107 2405/495/1112 2411/502/1118
f 2412/496/1113 2418/509/1124 2413/503/1119
f 2407/504/1114 2413/511/1119 2414/505/1120
f 2409/500/1116 2408/499/1115 2414/505/1120
f 2410/501/1117 2409/500/1116 2415/506/1121
f 2410/501/1117 2416/507/1122 2417/508/1123
f 2411/502/1118 2417/508/1123 2418/509/1124
f 2418/509/1124 2424/516/1130 2419/510/1125
f 2413/511/1119 2419/519/1125 2420/512/1126
f 2415/506/1121 2414/505/1120 2420/512/1126
f 2416/507/1122 2415/506/1121 2421/513/1127
f 2416/507/1122 2422/514/1128 2423/515/1129
f 2417/508/1123 2423/515/1129 2424/516/1130
f 2419/510/1125 2424/516/1130 2430/517/1131
f 2419/519/1125 2425/176/1132 2426/520/1133
f 2420/512/1126 2426/520/1133 2427/521/1134
f 2421/513/1127 2427/521/1134 2428/522/1135
f 2422/514/1128 2428/522/1135 2429/523/1136
f 2424/516/1130 2423/515/1129 2429/523/1136
f 2430/517/1131 2436/529/1142 2431/524/1137
f 2425/176/1132 2431/532/1137 2432/525/1138
f 2427/521/1134 2426/520/1133 2432/525/1138
f 2428/522/1135 2427/521/1134 2433/526/1139
f 2428/522/1135 2434/527/1140 2435/528/1141
f 2429/523/1136 2435/528/1141 2436/529/1142
f 2431/524/1137 2436/529/1142 2442/530/1143
f 2431/532/1137 2437/538/1144 2438/533/1145
f 2432/525/1138 2438/533/1145 2439/534/1146
f 2433/526/1139 2439/534/1146 2440/535/1147
f 2434/527/1140 2440/535/1147 2441/536/1148
f 2436/529/1142 2435/528/1141 2441/536/1148
f 2442/530/1143 2448/543/1154 2443/537/1149
f 2437/538/1144 2443/546/1149 2444/539/1150
f 2439/534/1146 2438/533/1145 2444/539/1150
f 2440/535/1147 2439/534/1146 2445/540/1151
f 2440/535/1147 2446/541/1152 2447/542/1153
f 2441/536/1148 2447/542/1153 2448/543/1154
f 2443/537/1149 2448/543/1154 2454/544/1155
f 2443/546/1149 2449/552/1156 2450/547/1157
f 2444/539/1150 2450/547/1157 2451/548/1158
f 2445/540/1151 2451/548/1158 2452/549/1159
f 2446/541/1152 2452/549/1159 2453/550/1160
f 2448/543/1154 2447/542/1153 2453/550/1160
f 2454/544/1155 2460/557/1166 2455/551/1161
f 2449/552/1156 2455/560/1161 2456/553/1162
f 2451/548/1158 2450/547/1157 2456/553/1162
f 2452/549/1159 2451/548/1158 2457/554/1163
f 2452/549/1159 2458/555/1164 2459/556/1165
f 2453/550/1160 2459/556/1165 2460/557/1166
f 2455/551/1161 2460/557/1166 2466/558/1167
f 2455/560/1161 2461/566/1168 2462/561/1169
f 2456/553/1162 2462/561/1169 2463/562/1170
f 2457/554/1163 2463/562/1170 2464/563/1171
f 2458/555/1164 2464/563/1171 2465/564/1172
f 2460/557/1166 2459/556/1165 2465/564/1172
f 2466/558/1167 2472/571/1178 2467/565/1173
f 2461/566/1168 2467/574/1173 2468/567/1174
f 2463/562/1170 2462/561/1169 2468/567/1174
f 2464/563/1171 2463/562/1170 2469/568/1175
f 2464/563/1171 2470/569/1176 2471/570/1177
f 2465/564/1172 2471/570/1177 2472/571/1178
f 2467/565/1173 2472/571/1178 2478/572/1179
f 2467/574/1173 2473/580/1180 2474/575/1181
f 2468/567/1174 2474/575/1181 2475/576/1182
f 2469/568/1175 2475/576/1182 2476/577/1183
f 2470/569/1176 2476/577/1183 2477/578/1184
f 2472/571/1178 2471/570/1177 2477/578/1184
f 2478/572/1179 2484/585/1190 2479/579/1185
f 2473/580/1180 2479/588/1185 2480/581/1186
f 2475/576/1182 2474/575/1181 2480/581/1186
f 2476/577/1183 2475/576/1182 2481/582/1187
f 2476/577/1183 2482/583/1188 2483/584/1189
f 2477/578/1184 2483/584/1189 2484/585/1190
f 2479/579/1185 2484/585/1190 2490/586/1191
f 2479/588/1185 2485/594/1192 2486/589/1193
f 2480/581/1186 2486/589/1193 2487/590/1194
f 2481/582/1187 2487/590/1194 2488/591/1195
f 2482/583/1188 2488/591/1195 2489/592/1196
f 2484/585/1190 2483/584/1189 2489/592/1196
f 2490/586/1191 2496/599/1202 2491/593/1197
f 2485/594/1192 2491/601/1197 2492/595/1198
f 2487/590/1194 2486/589/1193 2492/595/1198
f 2488/591/1195 2487/590/1194 2493/596/1199
f 2488/591/1195 2494/597/1200 2495/598/1201
f 2489/592/1196 2495/598/1201 2496/599/1202
f 2496/599/1202 2502/606/1208 2497/600/1203
f 2491/601/1197 2497/608/1203 2498/602/1204
f 2493/596/1199 2492/595/1198 2498/602/1204
f 2494/597/1200 2493/596/1199 2499/603/1205
f 2494/597/1200 2500/604/1206 2501/605/1207
f 2495/598/1201 2501/605/1207 2502/606/1208
f 2502/606/1208 2508/613/1214 2503/607/1209
f 2497/608/1203 2503/941/1209 2504/609/1210
f 2499/603/1205 2498/602/1204 2504/609/1210
f 2500/604/1206 2499/603/1205 2505/610/1211
f 2500/604/1206 2506/611/1212 2507/612/1213
f 2501/605/1207 2507/612/1213 2508/613/1214
f 2509/387/1017 2514/398/1028 2520/388/1018
f 2509/386/1017 2515/401/1019 2516/390/1020
f 2510/391/1021 2516/390/1020 2517/392/1022
f 2511/393/1023 2517/392/1022 2518/394/1024
f 2512/395/1025 2518/394/1024 2519/396/1026
f 2514/398/1028 2513/397/1027 2519/396/1026
f 2515/389/1019 2520/388/1018 2526/399/1029
f 2515/401/1019 2521/408/1030 2522/402/1031
f 2516/390/1020 2522/402/1031 2523/403/1032
f 2517/392/1022 2523/403/1032 2524/404/1033
f 2518/394/1024 2524/404/1033 2525/405/1034
f 2520/388/1018 2519/396/1026 2525/405/1034
f 2521/400/1030 2526/399/1029 2532/406/1035
f 2521/408/1030 2527/414/1036 2528/409/1037
f 2522/402/1031 2528/409/1037 2529/410/1038
f 2523/403/1032 2529/410/1038 2530/411/1039
f 2524/404/1033 2530/411/1039 2531/412/1040
f 2526/399/1029 2525/405/1034 2531/412/1040
f 2532/406/1035 2538/419/1046 2533/413/1041
f 2527/414/1036 2533/422/1041 2534/415/1042
f 2529/410/1038 2528/409/1037 2534/415/1042
f 2530/411/1039 2529/410/1038 2535/416/1043
f 2530/411/1039 2536/417/1044 2537/418/1045
f 2531/412/1040 2537/418/1045 2538/419/1046
f 2533/413/1041 2538/419/1046 2544/420/1047
f 2533/422/1041 2539/428/1048 2540/423/1049
f 2534/415/1042 2540/423/1049 2541/424/1050
f 2535/416/1043 2541/424/1050 2542/425/1051
f 2536/417/1044 2542/425/1051 2543/426/1052
f 2538/419/1046 2537/418/1045 2543/426/1052
f 2544/420/1047 2550/433/1058 2545/427/1053
f 2539/428/1048 2545/436/1053 2546/429/1054
f 2541/424/1050 2540/423/1049 2546/429/1054
f 2542/425/1051 2541/424/1050 2547/430/1055
f 2542/425/1051 2548/431/1056 2549/432/1057
f 2543/426/1052 2549/432/1057 2550/433/1058
f 2545/427/1053 2550/433/1058 2556/434/1059
f 2545/436/1053 2551/442/1060 2552/437/1061
f 2546/429/1054 2552/437/1061 2553/438/1062
f 2547/430/1055 2553/438/1062 2554/439/1063
f 2548/431/1056 2554/439/1063 2555/440/1064
f 2550/433/1058 2549/432/1057 2555/440/1064
f 2556/434/1059 2562/447/1070 2557/441/1065
f 2551/442/1060 2557/450/1065 2558/443/1066
f 2553/438/1062 2552/437/1061 2558/443/1066
f 2554/439/1063 2553/438/1062 2559/444/1067
f 2554/439/1063 2560/445/1068 2561/446/1069
f 2555/440/1064 2561/446/1069 2562/447/1070
f 2557/441/1065 2562/447/1070 2568/448/1071
f 2557/450/1065 2563/456/1072 2564/451/1073
f 2558/443/1066 2564/451/1073 2565/452/1074
f 2559/444/1067 2565/452/1074 2566/453/1075
f 2560/445/1068 2566/453/1075 2567/454/1076
f 2562/447/1070 2561/446/1069 2567/454/1076
f 2568/448/1071 2574/461/1082 2569/455/1077
f 2563/456/1072 2569/464/1077 2570/457/1078
f 2565/452/1074 2564/451/1073 2570/457/1078
f 2566/453/1075 2565/452/1074 2571/458/1079
f 2566/453/1075 2572/459/1080 2573/460/1081
f 2567/454/1076 2573/460/1081 2574/461/1082
f 2569/455/1077 2574/461/1082 2580/462/1083
f 2569/464/1077 2575/470/1084 2576/465/1085
f 2570/457/1078 2576/465/1085 2577/466/1086
f 2571/458/1079 2577/466/1086 2578/467/1087
f 2572/459/1080 2578/467/1087 2579/468/1088
f 2574/461/1082 2573/460/1081 2579/468/1088
f 2580/462/1083 2586/475/1094 2581/469/1089
f 2575/470/1084 2581/478/1089 2582/471/1090
f 2577/466/1086 2576/465/1085 2582/471/1090
f 2578/467/1087 2577/466/1086 2583/472/1091
f 2578/467/1087 2584/473/1092 2585/474/1093
f 2579/468/1088 2585/474/1093 2586/475/1094
f 2581/469/1089 2586/475/1094 2592/476/1095
f 2581/478/1089 2587/198/1096 2588/479/1097
f 2582/471/1090 2588/479/1097 2589/480/1098
f 2583/472/1091 2589/480/1098 2590/481/1099
f 2584/473/1092 2590/481/1099 2591/482/1100
f 2586/475/1094 2585/474/1093 2591/482/1100
f 2592/476/1095 2598/488/1106 2593/483/1101
f 2587/198/1096 2593/491/1101 2594/484/1102
f 2589/480/1098 2588/479/1097 2594/484/1102
f 2590/481/1099 2589/480/1098 2595/485/1103
f 2590/481/1099 2596/486/1104 2597/487/1105
f 2591/482/1100 2597/487/1105 2598/488/1106
f 2593/483/1101 2598/488/1106 2604/489/1107
f 2593/491/1101 2599/498/1108 2600/492/1109
f 2594/484/1102 2600/492/1109 2601/493/1110
f 2595/485/1103 2601/493/1110 2602/494/1111
f 2596/486/1104 2602/494/1111 2603/495/1112
f 2598/488/1106 2597/487/1105 2603/495/1112
f 2599/490/1108 2604/489/1107 2610/496/1113
f 2599/498/1108 2605/504/1114 2606/499/1115
f 2600/492/1109 2606/499/1115 2607/500/1116
f 2601/493/1110 2607/500/1116 2608/501/1117
f 2602/494/1111 2608/501/1117 2609/502/1118
f 2604/489/1107 2603/495/1112 2609/502/1118
f 2610/496/1113 2616/509/1124 2611/503/1119
f 2605/504/1114 2611/511/1119 2612/505/1120
f 2607/500/1116 2606/499/1115 2612/505/1120
f 2608/501/1117 2607/500/1116 2613/506/1121
f 2608/501/1117 2614/507/1122 2615/508/1123
f 2609/502/1118 2615/508/1123 2616/509/1124
f 2616/509/1124 2622/516/1130 2617/510/1125
f 2611/511/1119 2617/519/1125 2618/512/1126
f 2613/506/1121 2612/505/1120 2618/512/1126
f 2614/507/1122 2613/506/1121 2619/513/1127
f 2614/507/1122 2620/514/1128 2621/515/1129
f 2615/508/1123 2621/515/1129 2622/516/1130
f 2617/510/1125 2622/516/1130 2628/517/1131
f 2617/519/1125 2623/176/1132 2624/520/1133
f 2618/512/1126 2624/520/1133 2625/521/1134
f 2619/513/1127 2625/521/1134 2626/522/1135
f 2620/514/1128 2626/522/1135 2627/523/1136
f 2622/516/1130 2621/515/1129 2627/523/1136
f 2628/517/1131 2634/529/1142 2629/524/1137
f 2623/176/1132 2629/532/1137 2630/525/1138
f 2625/521/1134 2624/520/1133 2630/525/1138
f 2626/522/1135 2625/521/1134 2631/526/1139
f 2626/522/1135 2632/527/1140 2633/528/1141
f 2627/523/1136 2633/528/1141 2634/529/1142
f 2629/524/1137 2634/529/1142 2640/530/1143
f 2629/532/1137 2635/538/1144 2636/533/1145
f 2630/525/1138 2636/533/1145 2637/534/1146
f 2631/526/1139 2637/534/1146 2638/535/1147
f 2632/527/1140 2638/535/1147 2639/536/1148
f 2634/529/1142 2633/528/1141 2639/536/1148
f 2640/530/1143 2646/543/1154 2641/537/1149
f 2635/538/1144 2641/546/1149 2642/539/1150
f 2637/534/1146 2636/533/1145 2642/539/1150
f 2638/535/1147 2637/534/1146 2643/540/1151
f 2638/535/1147 2644/541/1152 2645/542/1153
f 2639/536/1148 2645/542/1153 2646/543/1154
f 2641/537/1149 2646/543/1154 2652/544/1155
f 2641/546/1149 2647/552/1156 2648/547/1157
f 2642/539/1150 2648/547/1157 2649/548/1158
f 2643/540/1151 2649/548/1158 2650/549/1159
f 2644/541/1152 2650/549/1159 2651/550/1160
f 2646/543/1154 2645/542/1153 2651/550/1160
f 2652/544/1155 2658/557/1166 2653/551/1161
f 2647/552/1156 2653/560/1161 2654/553/1162
f 2649/548/1158 2648/547/1157 2654/553/1162
f 2650/549/1159 2649/548/1158 2655/554/1163
f 2650/549/1159 2656/555/1164 2657/556/1165
f 2651/550/1160 2657/556/1165 2658/557/1166
f 2653/551/1161 2658/557/1166 2664/558/1167
f 2653/560/1161 2659/566/1168 2660/561/1169
f 2654/553/1162 2660/561/1169 2661/562/1170
f 2655/554/1163 2661/562/1170 2662/563/1171
f 2656/555/1164 2662/563/1171 2663/564/1172
f 2658/557/1166 2657/556/1165 2663/564/1172
f 2664/558/1167 2670/571/1178 2665/565/1173
f 2659/566/1168 2665/574/1173 2666/567/1174
f 2661/562/1170 2660/561/1169 2666/567/1174
f 2662/563/1171 2661/562/1170 2667/568/1175
f 2662/563/1171 2668/569/1176 2669/570/1177
f 2663/564/1172 2669/570/1177 2670/571/1178
f 2665/565/1173 2670/571/1178 2676/572/1179
f 2665/574/1173 2671/580/1180 2672/575/1181
f 2666/567/1174 2672/575/1181 2673/576/1182
f 2667/568/1175 2673/576/1182 2674/577/1183
f 2668/569/1176 2674/577/1183 2675/578/1184
f 2670/571/1178 2669/570/1177 2675/578/1184
f 2676/572/1179 2682/585/1190 2677/579/1185
f 2671/580/1180 2677/588/1185 2678/581/1186
f 2673/576/1182 2672/575/1181 2678/581/1186
f 2674/577/1183 2673/576/1182 2679/582/1187
f 2674/577/1183 2680/583/1188 2681/584/1189
f 2675/578/1184 2681/584/1189 2682/585/1190
f 2677/579/1185 2682/585/1190 2688/586/1191
f 2677/588/1185 2683/594/1192 2684/589/1193
f 2678/581/1186 2684/589/1193 2685/590/1194
f 2679/582/1187 2685/590/1194 2686/591/1195
f 2680/583/1188 2686/591/1195 2687/592/1196
f 2682/585/1190 2681/584/1189 2687/592/1196
f 2688/586/1191 2694/599/1202 2689/593/1197
f 2683/594/1192 2689/601/1197 2690/595/1198
f 2685/590/1194 2684/589/1193 2690/595/1198
f 2686/591/1195 2685/590/1194 2691/596/1199
f 2686/591/1195 2692/597/1200 2693/598/1201
f 2687/592/1196 2693/598/1201 2694/599/1202
f 2694/599/1202 2700/606/1208 2695/600/1203
f 2689/601/1197 2695/608/1203 2696/602/1204
f 2691/596/1199 2690/595/1198 2696/602/1204
f 2692/597/1200 2691/596/1199 2697/603/1205
f 2692/597/1200 2698/604/1206 2699/605/1207
f 2693/598/1201 2699/605/1207 2700/606/1208
f 2700/606/1208 2706/613/1214 2701/607/1209
f 2695/608/1203 2701/941/1209 2702/609/1210
f 2697/603/1205 2696/602/1204 2702/609/1210
f 2698/604/1206 2697/603/1205 2703/610/1211
f 2698/604/1206 2704/611/1212 2705/612/1213
f 2699/605/1207 2705/612/1213 2706/613/1214
f 2707/387/1017 2712/398/1028 2718/388/1018
f 2707/386/1017 2713/401/1019 2714/390/1020
f 2708/391/1021 2714/390/1020 2715/392/1022
f 2709/393/1023 2715/392/1022 2716/394/1024
f 2710/395/1025 2716/394/1024 2717/396/1026
f 2712/398/1028 2711/397/1027 2717/396/1026
f 2713/389/1019 2718/388/1018 2724/399/1029
f 2713/401/1019 2719/408/1030 2720/402/1031
f 2714/390/1020 2720/402/1031 2721/403/1032
f 2715/392/1022 2721/403/1032 2722/404/1033
f 2716/394/1024 2722/404/1033 2723/405/1034
f 2718/388/1018 2717/396/1026 2723/405/1034
f 2719/400/1030 2724/399/1029 2730/406/1035
f 2719/408/1030 2725/414/1036 2726/409/1037
f 2720/402/1031 2726/409/1037 2727/410/1038
f 2721/403/1032 2727/410/1038 2728/411/1039
f 2722/404/1033 2728/411/1039 2729/412/1040
f 2724/399/1029 2723/405/1034 2729/412/1040
f 2730/406/1035 2736/419/1046 2731/413/1041
f 2725/414/1036 2731/422/1041 2732/415/1042
f 2727/410/1038 2726/409/1037 2732/415/1042
f 2728/411/1039 2727/410/1038 2733/416/1043
f 2728/411/1039 2734/417/1044 2735/418/1045
f 2729/412/1040 2735/418/1045 2736/419/1046
f 2731/413/1041 2736/419/1046 2742/420/1047
f 2731/422/1041 2737/428/1048 2738/423/1049
f 2732/415/1042 2738/423/1049 2739/424/1050
f 2733/416/1043 2739/424/1050 2740/425/1051
f 2734/417/1044 2740/425/1051 2741/426/1052
f 2736/419/1046 2735/418/1045 2741/426/1052
f 2742/420/1047 2748/433/1058 2743/427/1053
f 2737/428/1048 2743/436/1053 2744/429/1054
f 2739/424/1050 2738/423/1049 2744/429/1054
f 2740/425/1051 2739/424/1050 2745/430/1055
f 2740/425/1051 2746/431/1056 2747/432/1057
f 2741/426/1052 2747/432/1057 2748/433/1058
f 2743/427/1053 2748/433/1058 2754/434/1059
f 2743/436/1053 2749/442/1060 2750/437/1061
f 2744/429/1054 2750/437/1061 2751/438/1062
f 2745/430/1055 2751/438/1062 2752/439/1063
f 2746/431/1056 2752/439/1063 2753/440/1064
f 2748/433/1058 2747/432/1057 2753/440/1064
f 2754/434/1059 2760/447/1070 2755/441/1065
f 2749/442/1060 2755/450/1065 2756/443/1066
f 2751/438/1062 2750/437/1061 2756/443/1066
f 2752/439/1063 2751/438/1062 2757/444/1067
f 2752/439/1063 2758/445/1068 2759/446/1069
f 2753/440/1064 2759/446/1069 2760/447/1070
f 2755/441/1065 2760/447/1070 2766/448/1071
f 2755/450/1065 2761/456/1072 2762/451/1073
f 2756/443/1066 2762/451/1073 2763/452/1074
f 2757/444/1067 2763/452/1074 2764/453/1075
f 2758/445/1068 2764/453/1075 2765/454/1076
f 2760/447/1070 2759/446/1069 2765/454/1076
f 2766/448/1071 2772/461/1082 2767/455/1077
f 2761/456/1072 2767/464/1077 2768/457/1078
f 2763/452/1074 2762/451/1073 2768/457/1078
f 2764/453/1075 2763/452/1074 2769/458/1079
f 2764/453/1075 2770/459/1080 2771/460/1081
f 2765/454/1076 2771/460/1081 2772/461/1082
f 2767/455/1077 2772/461/1082 2778/462/1083
f 2767/464/1077 2773/470/1084 2774/465/1085
f 2768/457/1078 2774/465/1085 2775/466/1086
f 2769/458/1079 2775/466/1086 2776/467/1087
f 2770/459/1080 2776/467/1087 2777/468/1088
f 2772/461/1082 2771/460/1081 2777/468/1088
f 2778/462/1083 2784/475/1094 2779/469/1089
f 2773/470/1084 2779/478/1089 2780/471/1090
f 2775/466/1086 2774/465/1085 2780/471/1090
f 2776/467/1087 2775/466/1086 2781/472/1091
f 2776/467/1087 2782/473/1092 2783/474/1093
f 2777/468/1088 2783/474/1093 2784/475/1094
f 2779/469/1089 2784/475/1094 2790/476/1095
f 2779/478/1089 2785/198/1096 2786/479/1097
f 2780/471/1090 2786/479/1097 2787/480/1098
f 2781/472/1091 2787/480/1098 2788/481/1099
f 2782/473/1092 2788/481/1099 2789/482/1100
f 2784/475/1094 2783/474/1093 2789/482/1100
f 2790/476/1095 2796/488/1106 2791/483/1101
f 2785/198/1096 2791/491/1101 2792/484/1102
f 2787/480/1098 2786/479/1097 2792/484/1102
f 2788/481/1099 2787/480/1098 2793/485/1103
f 2788/481/1099 2794/486/1104 2795/487/1105
f 2789/482/1100 2795/487/1105 2796/488/1106
f 2791/483/1101 2796/488/1106 2802/489/1107
f 2791/491/1101 2797/498/1108 2798/492/1109
f 2792/484/1102 2798/492/1109 2799/493/1110
f 2793/485/1103 2799/493/1110 2800/494/1111
f 2794/486/1104 2800/494/1111 2801/495/1112
f 2796/488/1106 2795/487/1105 2801/495/1112
f 2797/490/1108 2802/489/1107 2808/496/1113
f 2797/498/1108 2803/504/1114 2804/499/1115
f 2798/492/1109 2804/499/1115 2805/500/1116
f 2799/493/1110 2805/500/1116 2806/501/1117
f 2800/494/1111 2806/501/1117 2807/502/1118
f 2802/489/1107 2801/495/1112 2807/502/1118
f 2808/496/1113 2814/509/1124 2809/503/1119
f 2803/504/1114 2809/511/1119 2810/505/1120
f 2805/500/1116 2804/499/1115 2810/505/1120
f 2806/501/1117 2805/500/1116 2811/506/1121
f 2806/501/1117 2812/507/1122 2813/508/1123
f 2807/502/1118 2813/508/1123 2814/509/1124
f 2814/509/1124 2820/516/1130 2815/510/1125
f 2809/511/1119 2815/519/1125 2816/512/1126
f 2811/506/1121 2810/505/1120 2816/512/1126
f 2812/507/1122 2811/506/1121 2817/513/1127
f 2812/507/1122 2818/514/1128 2819/515/1129
f 2813/508/1123 2819/515/1129 2820/516/1130
f 2815/510/1125 2820/516/1130 2826/517/1131
f 2815/519/1125 2821/176/1132 2822/520/1133
f 2816/512/1126 2822/520/1133 2823/521/1134
f 2817/513/1127 2823/521/1134 2824/522/1135
f 2818/514/1128 2824/522/1135 2825/523/1136
f 2820/516/1130 2819/515/1129 2825/523/1136
f 2826/517/1131 2832/529/1142 2827/524/1137
f 2821/176/1132 2827/532/1137 2828/525/1138
f 2823/521/1134 2822/520/1133 2828/525/1138
f 2824/522/1135 2823/521/1134 2829/526/1139
f 2824/522/1135 2830/527/1140 2831/528/1141
f 2825/523/1136 2831/528/1141 2832/529/1142
f 2827/524/1137 2832/529/1142 2838/530/1143
f 2827/532/1137 2833/538/1144 2834/533/1145
f 2828/525/1138 2834/533/1145 2835/534/1146
f 2829/526/1139 2835/534/1146 2836/535/1215
f 2830/527/1140 2836/535/1215 2837/536/1216
f 2832/529/1142 2831/528/1141 2837/536/1216
f 2838/530/1143 2844/543/1154 2839/537/1149
f 2833/538/1144 2839/546/1149 2840/539/1150
f 2835/534/1146 2834/533/1145 2840/539/1150
f 2836/535/1215 2835/534/1146 2841/540/1151
f 2836/535/1215 2842/541/1152 2843/542/1153
f 2837/536/1216 2843/542/1153 2844/543/1154
f 2839/537/1149 2844/543/1154 2850/544/1155
f 2839/546/1149 2845/552/1156 2846/547/1157
f 2840/539/1150 2846/547/1157 2847/548/1158
f 2841/540/1151 2847/548/1158 2848/549/1159
f 2842/541/1152 2848/549/1159 2849/550/1160
f 2844/543/1154 2843/542/1153 2849/550/1160
f 2850/544/1155 2856/557/1166 2851/551/1161
f 2845/552/1156 2851/560/1161 2852/553/1162
f 2847/548/1158 2846/547/1157 2852/553/1162
f 2848/549/1159 2847/548/1158 2853/554/1163
f 2848/549/1159 2854/555/1164 2855/556/1165
f 2849/550/1160 2855/556/1165 2856/557/1166
f 2851/551/1161 2856/557/1166 2862/558/1167
f 2851/560/1161 2857/566/1168 2858/561/1169
f 2852/553/1162 2858/561/1169 2859/562/1170
f 2853/554/1163 2859/562/1170 2860/563/1171
f 2854/555/1164 2860/563/1171 2861/564/1172
f 2856/557/1166 2855/556/1165 2861/564/1172
f 2862/558/1167 2868/571/1178 2863/565/1173
f 2857/566/1168 2863/574/1173 2864/567/1174
f 2859/562/1170 2858/561/1169 2864/567/1174
f 2860/563/1171 2859/562/1170 2865/568/1175
f 2860/563/1171 2866/569/1176 2867/570/1177
f 2861/564/1172 2867/570/1177 2868/571/1178
f 2863/565/1173 2868/571/1178 2874/572/1179
f 2863/574/1173 2869/580/1180 2870/575/1181
f 2864/567/1174 2870/575/1181 2871/576/1182
f 2865/568/1175 2871/576/1182 2872/577/1183
f 2866/569/1176 2872/577/1183 2873/578/1184
f 2868/571/1178 2867/570/1177 2873/578/1184
f 2874/572/1179 2880/585/1190 2875/579/1185
f 2869/580/1180 2875/588/1185 2876/581/1186
f 2871/576/1182 2870/575/1181 2876/581/1186
f 2872/577/1183 2871/576/1182 2877/582/1187
f 2872/577/1183 2878/583/1188 2879/584/1189
f 2873/578/1184 2879/584/1189 2880/585/1190
f 2875/579/1185 2880/585/1190 2886/586/1191
f 2875/588/1185 2881/594/1192 2882/589/1193
f 2876/581/1186 2882/589/1193 2883/590/1194
f 2877/582/1187 2883/590/1194 2884/591/1195
f 2878/583/1188 2884/591/1195 2885/592/1196
f 2880/585/1190 2879/584/1189 2885/592/1196
f 2886/586/1191 2892/599/1202 2887/593/1197
f 2881/594/1192 2887/601/1197 2888/595/1198
f 2883/590/1194 2882/589/1193 2888/595/1198
f 2884/591/1195 2883/590/1194 2889/596/1199
f 2884/591/1195 2890/597/1200 2891/598/1201
f 2885/592/1196 2891/598/1201 2892/599/1202
f 2892/599/1202 2898/606/1208 2893/600/1203
f 2887/601/1197 2893/608/1203 2894/602/1204
f 2889/596/1199 2888/595/1198 2894/602/1204
f 2890/597/1200 2889/596/1199 2895/603/1205
f 2890/597/1200 2896/604/1206 2897/605/1207
f 2891/598/1201 2897/605/1207 2898/606/1208
f 2898/606/1208 2904/613/1214 2899/607/1209
f 2893/608/1203 2899/941/1209 2900/609/1210
f 2895/603/1205 2894/602/1204 2900/609/1210
f 2896/604/1206 2895/603/1205 2901/610/1211
f 2896/604/1206 2902/611/1212 2903/612/1213
f 2897/605/1207 2903/612/1213 2904/613/1214
f 2905/387/1217 2910/398/1228 2916/614/1218
f 2905/386/1217 2911/622/1219 2912/616/1220
f 2906/391/1221 2912/616/1220 2913/617/1222
f 2907/393/1223 2913/617/1222 2914/618/1224
f 2908/395/1225 2914/618/1224 2915/619/1226
f 2910/398/1228 2909/397/1227 2915/619/1226
f 2911/615/1219 2916/614/1218 2922/620/1229
f 2911/622/1219 2917/629/1230 2918/623/1231
f 2912/616/1220 2918/623/1231 2919/624/1232
f 2913/617/1222 2919/624/1232 2920/625/1233
f 2914/618/1224 2920/625/1233 2921/626/1234
f 2916/614/1218 2915/619/1226 2921/626/1234
f 2917/621/1230 2922/620/1229 2928/627/1235
f 2917/629/1230 2923/635/1236 2924/630/1237
f 2918/623/1231 2924/630/1237 2925/631/1238
f 2919/624/1232 2925/631/1238 2926/632/1239
f 2920/625/1233 2926/632/1239 2927/633/1240
f 2922/620/1229 2921/626/1234 2927/633/1240
f 2928/627/1235 2934/640/1246 2929/634/1241
f 2923/635/1236 2929/643/1241 2930/636/1242
f 2925/631/1238 2924/630/1237 2930/636/1242
f 2926/632/1239 2925/631/1238 2931/637/1243
f 2926/632/1239 2932/638/1244 2933/639/1245
f 2927/633/1240 2933/639/1245 2934/640/1246
f 2929/634/1241 2934/640/1246 2940/641/1247
f 2929/643/1241 2935/649/1248 2936/644/1249
f 2930/636/1242 2936/644/1249 2937/645/1250
f 2931/637/1243 2937/645/1250 2938/646/1251
f 2932/638/1244 2938/646/1251 2939/647/1252
f 2934/640/1246 2933/639/1245 2939/647/1252
f 2940/641/1247 2946/654/1258 2941/648/1253
f 2935/649/1248 2941/657/1253 2942/650/1254
f 2937/645/1250 2936/644/1249 2942/650/1254
f 2938/646/1251 2937/645/1250 2943/651/1255
f 2938/646/1251 2944/652/1256 2945/653/1257
f 2939/647/1252 2945/653/1257 2946/654/1258
f 2941/648/1253 2946/654/1258 2952/655/1259
f 2941/657/1253 2947/663/1260 2948/658/1261
f 2942/650/1254 2948/658/1261 2949/659/1262
f 2943/651/1255 2949/659/1262 2950/660/1263
f 2944/652/1256 2950/660/1263 2951/661/1264
f 2946/654/1258 2945/653/1257 2951/661/1264
f 2952/655/1259 2958/668/1058 2953/662/1265
f 2947/663/1260 2953/669/1265 2954/664/1266
f 2949/659/1262 2948/658/1261 2954/664/1266
f 2950/660/1263 2949/659/1262 2955/665/1055
f 2950/660/1263 2956/666/1267 2957/667/1268
f 2951/661/1264 2957/667/1268 2958/668/1058
f 2953/662/1265 2958/668/1058 2964/447/1269
f 2953/669/1265 2959/450/1270 2960/443/1271
f 2954/664/1266 2960/443/1271 2961/444/1272
f 2955/665/1055 2961/444/1272 2962/445/1273
f 2956/666/1267 2962/445/1273 2963/446/1274
f 2958/668/1058 2957/667/1268 2963/446/1274
f 2964/447/1269 2970/675/1280 2965/670/1275
f 2959/450/1270 2965/678/1275 2966/671/1276
f 2961/444/1272 2960/443/1271 2966/671/1276
f 2962/445/1273 2961/444/1272 2967/672/1277
f 2962/445/1273 2968/673/1278 2969/674/1279
f 2963/446/1274 2969/674/1279 2970/675/1280
f 2965/670/1275 2970/675/1280 2976/676/1281
f 2965/678/1275 2971/684/1282 2972/679/1283
f 2966/671/1276 2972/679/1283 2973/680/1284
f 2967/672/1277 2973/680/1284 2974/681/1285
f 2968/673/1278 2974/681/1285 2975/682/1286
f 2970/675/1280 2969/674/1279 2975/682/1286
f 2976/676/1281 2982/689/1292 2977/683/1287
f 2971/684/1282 2977/692/1287 2978/685/1288
f 2973/680/1284 2972/679/1283 2978/685/1288
f 2974/681/1285 2973/680/1284 2979/686/1289
f 2974/681/1285 2980/687/1290 2981/688/1291
f 2975/682/1286 2981/688/1291 2982/689/1292
f 2977/683/1287 2982/689/1292 2988/690/1293
f 2977/692/1287 2983/698/1294 2984/693/1295
f 2978/685/1288 2984/693/1295 2985/694/1296
f 2979/686/1289 2985/694/1296 2986/695/1297
f 2980/687/1290 2986/695/1297 2987/696/1298
f 2982/689/1292 2981/688/1291 2987/696/1298
f 2988/690/1293 2994/703/1304 2989/697/1299
f 2983/698/1294 2989/706/1299 2990/699/1300
f 2985/694/1296 2984/693/1295 2990/699/1300
f 2986/695/1297 2985/694/1296 2991/700/1301
f 2986/695/1297 2992/701/1302 2993/702/1303
f 2987/696/1298 2993/702/1303 2994/703/1304
f 2989/697/1299 2994/703/1304 3000/704/1305
f 2989/706/1299 2995/712/1306 2996/707/1307
f 2990/699/1300 2996/707/1307 2997/708/1308
f 2991/700/1301 2997/708/1308 2998/709/1309
f 2992/701/1302 2998/709/1309 2999/710/1310
f 2994/703/1304 2993/702/1303 2999/710/1310
f 3000/704/1305 3006/717/1316 3001/711/1311
f 2995/712/1306 3001/720/1311 3002/713/1312
f 2997/708/1308 2996/707/1307 3002/713/1312
f 2998/709/1309 2997/708/1308 3003/714/1313
f 2998/709/1309 3004/715/1314 3005/716/1315
f 2999/710/1310 3005/716/1315 3006/717/1316
f 3001/711/1311 3006/717/1316 3012/718/1317
f 3001/720/1311 3007/725/1318 3008/721/1319
f 3002/713/1312 3008/721/1319 3009/722/1320
f 3003/714/1313 3009/722/1320 3010/723/1321
f 3004/715/1314 3010/723/1321 3011/724/1322
f 3006/717/1316 3005/716/1315 3011/724/1322
f 3007/719/1318 3012/718/1317 3018/496/1323
f 3007/725/1318 3013/504/1324 3014/499/1325
f 3008/721/1319 3014/499/1325 3015/500/1326
f 3009/722/1320 3015/500/1326 3016/501/1327
f 3010/723/1321 3016/501/1327 3017/502/1328
f 3012/718/1317 3011/724/1322 3017/502/1328
f 3018/496/1323 3024/731/1334 3019/726/1329
f 3013/504/1324 3019/733/1329 3020/727/1330
f 3015/500/1326 3014/499/1325 3020/727/1330
f 3016/501/1327 3015/500/1326 3021/728/1331
f 3016/501/1327 3022/729/1332 3023/730/1333
f 3017/502/1328 3023/730/1333 3024/731/1334
f 3024/731/1334 3030/738/1340 3025/732/1335
f 3019/733/1329 3025/741/1335 3026/734/1336
f 3021/728/1331 3020/727/1330 3026/734/1336
f 3022/729/1332 3021/728/1331 3027/735/1337
f 3022/729/1332 3028/736/1338 3029/737/1339
f 3023/730/1333 3029/737/1339 3030/738/1340
f 3025/732/1335 3030/738/1340 3036/739/1341
f 3025/741/1335 3031/747/1342 3032/742/1343
f 3026/734/1336 3032/742/1343 3033/743/1344
f 3027/735/1337 3033/743/1344 3034/744/1345
f 3028/736/1338 3034/744/1345 3035/745/1346
f 3030/738/1340 3029/737/1339 3035/745/1346
f 3036/739/1341 3042/752/1352 3037/746/1347
f 3031/747/1342 3037/755/1347 3038/748/1348
f 3033/743/1344 3032/742/1343 3038/748/1348
f 3034/744/1345 3033/743/1344 3039/749/1349
f 3034/744/1345 3040/750/1350 3041/751/1351
f 3035/745/1346 3041/751/1351 3042/752/1352
f 3037/746/1347 3042/752/1352 3048/753/1353
f 3037/755/1347 3043/761/1354 3044/756/1355
f 3038/748/1348 3044/756/1355 3045/757/1356
f 3039/749/1349 3045/757/1356 3046/758/1357
f 3040/750/1350 3046/758/1357 3047/759/1358
f 3042/752/1352 3041/751/1351 3047/759/1358
f 3048/753/1353 3054/766/1364 3049/760/1359
f 3043/761/1354 3049/769/1359 3050/762/1360
f 3045/757/1356 3044/756/1355 3050/762/1360
f 3046/758/1357 3045/757/1356 3051/763/1361
f 3046/758/1357 3052/764/1362 3053/765/1363
f 3047/759/1358 3053/765/1363 3054/766/1364
f 3049/760/1359 3054/766/1364 3060/767/1365
f 3049/769/1359 3055/775/1366 3056/770/1367
f 3050/762/1360 3056/770/1367 3057/771/1368
f 3051/763/1361 3057/771/1368 3058/772/1369
f 3052/764/1362 3058/772/1369 3059/773/1370
f 3054/766/1364 3053/765/1363 3059/773/1370
f 3060/767/1365 3066/780/1376 3061/774/1371
f 3055/775/1366 3061/781/1371 3062/776/1372
f 3057/771/1368 3056/770/1367 3062/776/1372
f 3058/772/1369 3057/771/1368 3063/777/1373
f 3058/772/1369 3064/778/1374 3065/779/1375
f 3059/773/1370 3065/779/1375 3066/780/1376
f 3061/774/1371 3066/780/1376 3072/557/1377
f 3061/781/1371 3067/560/1378 3068/553/1379
f 3062/776/1372 3068/553/1379 3069/554/1380
f 3063/777/1373 3069/554/1380 3070/555/1381
f 3064/778/1374 3070/555/1381 3071/556/1382
f 3066/780/1376 3065/779/1375 3071/556/1382
f 3072/557/1377 3078/787/1388 3073/782/1383
f 3067/560/1378 3073/790/1383 3074/783/1384
f 3069/554/1380 3068/553/1379 3074/783/1384
f 3070/555/1381 3069/554/1380 3075/784/1385
f 3070/555/1381 3076/785/1386 3077/786/1387
f 3071/556/1382 3077/786/1387 3078/787/1388
f 3073/782/1383 3078/787/1388 3084/788/1389
f 3073/790/1383 3079/796/1390 3080/791/1391
f 3074/783/1384 3080/791/1391 3081/792/1392
f 3075/784/1385 3081/792/1392 3082/793/1393
f 3076/785/1386 3082/793/1393 3083/794/1394
f 3078/787/1388 3077/786/1387 3083/794/1394
f 3084/788/1389 3090/801/1400 3085/795/1395
f 3079/796/1390 3085/804/1395 3086/797/1396
f 3081/792/1392 3080/791/1391 3086/797/1396
f 3082/793/1393 3081/792/1392 3087/798/1397
f 3082/793/1393 3088/799/1398 3089/800/1399
f 3083/794/1394 3089/800/1399 3090/801/1400
f 3085/795/1395 3090/801/1400 3096/802/1401
f 3085/804/1395 3091/810/1402 3092/805/1403
f 3086/797/1396 3092/805/1403 3093/806/1404
f 3087/798/1397 3093/806/1404 3094/807/1405
f 3088/799/1398 3094/807/1405 3095/808/1406
f 3090/801/1400 3089/800/1399 3095/808/1406
f 3096/802/1401 3102/815/1412 3097/809/1407
f 3091/810/1402 3097/818/1407 3098/811/1408
f 3093/806/1404 3092/805/1403 3098/811/1408
f 3094/807/1405 3093/806/1404 3099/812/1409
f 3094/807/1405 3100/813/1410 3101/814/1411
f 3095/808/1406 3101/814/1411 3102/815/1412
f 3097/809/1407 3102/815/1412 3108/816/1191
f 3097/818/1407 3103/824/1413 3104/819/1414
f 3098/811/1408 3104/819/1414 3105/820/1194
f 3099/812/1409 3105/820/1194 3106/821/1415
f 3100/813/1410 3106/821/1415 3107/822/1416
f 3102/815/1412 3101/814/1411 3107/822/1416
f 3108/816/1191 3114/829/1422 3109/823/1417
f 3103/824/1413 3109/831/1417 3110/825/1418
f 3105/820/1194 3104/819/1414 3110/825/1418
f 3106/821/1415 3105/820/1194 3111/826/1419
f 3106/821/1415 3112/827/1420 3113/828/1421
f 3107/822/1416 3113/828/1421 3114/829/1422
f 3114/829/1422 3120/836/1208 3115/830/1423
f 3109/831/1417 3115/837/1423 3116/832/1424
f 3111/826/1419 3110/825/1418 3116/832/1424
f 3112/827/1420 3111/826/1419 3117/833/1205
f 3112/827/1420 3118/834/1425 3119/835/1426
f 3113/828/1421 3119/835/1426 3120/836/1208
f 3120/836/1208 3126/613/1214 3121/607/1427
f 3115/837/1423 3121/941/1427 3122/609/1428
f 3117/833/1205 3116/832/1424 3122/609/1428
f 3118/834/1425 3117/833/1205 3123/610/1211
f 3118/834/1425 3124/611/1429 3125/612/1430
f 3119/835/1426 3125/612/1430 3126/613/1214
f 3127/387/1217 3132/398/1228 3138/614/1218
f 3127/386/1217 3133/622/1219 3134/616/1220
f 3128/391/1221 3134/616/1220 3135/617/1222
f 3129/393/1223 3135/617/1222 3136/618/1224
f 3130/395/1225 3136/618/1224 3137/619/1226
f 3132/398/1228 3131/397/1227 3137/619/1226
f 3133/615/1219 3138/614/1218 3144/620/1229
f 3133/622/1219 3139/629/1230 3140/623/1231
f 3134/616/1220 3140/623/1231 3141/624/1232
f 3135/617/1222 3141/624/1232 3142/625/1233
f 3136/618/1224 3142/625/1233 3143/626/1234
f 3138/614/1218 3137/619/1226 3143/626/1234
f 3139/621/1230 3144/620/1229 3150/627/1235
f 3139/629/1230 3145/635/1236 3146/630/1237
f 3140/623/1231 3146/630/1237 3147/631/1238
f 3141/624/1232 3147/631/1238 3148/632/1239
f 3142/625/1233 3148/632/1239 3149/633/1240
f 3144/620/1229 3143/626/1234 3149/633/1240
f 3150/627/1235 3156/640/1246 3151/634/1241
f 3145/635/1236 3151/643/1241 3152/636/1242
f 3147/631/1238 3146/630/1237 3152/636/1242
f 3148/632/1239 3147/631/1238 3153/637/1243
f 3148/632/1239 3154/638/1244 3155/639/1245
f 3149/633/1240 3155/639/1245 3156/640/1246
f 3151/634/1241 3156/640/1246 3162/641/1247
f 3151/643/1241 3157/649/1248 3158/644/1249
f 3152/636/1242 3158/644/1249 3159/645/1250
f 3153/637/1243 3159/645/1250 3160/646/1251
f 3154/638/1244 3160/646/1251 3161/647/1252
f 3156/640/1246 3155/639/1245 3161/647/1252
f 3162/641/1247 3168/654/1258 3163/648/1253
f 3157/649/1248 3163/657/1253 3164/650/1254
f 3159/645/1250 3158/644/1249 3164/650/1254
f 3160/646/1251 3159/645/1250 3165/651/1255
f 3160/646/1251 3166/652/1256 3167/653/1257
f 3161/647/1252 3167/653/1257 3168/654/1258
f 3163/648/1253 3168/654/1258 3174/655/1259
f 3163/657/1253 3169/663/1260 3170/658/1261
f 3164/650/1254 3170/658/1261 3171/659/1262
f 3165/651/1255 3171/659/1262 3172/660/1263
f 3166/652/1256 3172/660/1263 3173/661/1264
f 3168/654/1258 3167/653/1257 3173/661/1264
f 3174/655/1259 3180/668/1058 3175/662/1265
f 3169/663/1260 3175/669/1265 3176/664/1266
f 3171/659/1262 3170/658/1261 3176/664/1266
f 3172/660/1263 3171/659/1262 3177/665/1055
f 3172/660/1263 3178/666/1267 3179/667/1268
f 3173/661/1264 3179/667/1268 3180/668/1058
f 3175/662/1265 3180/668/1058 3186/447/1269
f 3175/669/1265 3181/450/1270 3182/443/1271
f 3176/664/1266 3182/443/1271 3183/444/1272
f 3177/665/1055 3183/444/1272 3184/445/1273
f 3178/666/1267 3184/445/1273 3185/446/1274
f 3180/668/1058 3179/667/1268 3185/446/1274
f 3186/447/1269 3192/675/1280 3187/670/1275
f 3181/450/1270 3187/678/1275 3188/671/1276
f 3183/444/1272 3182/443/1271 3188/671/1276
f 3184/445/1273 3183/444/1272 3189/672/1277
f 3184/445/1273 3190/673/1278 3191/674/1279
f 3185/446/1274 3191/674/1279 3192/675/1280
f 3187/670/1275 3192/675/1280 3198/676/1281
f 3187/678/1275 3193/684/1282 3194/679/1283
f 3188/671/1276 3194/679/1283 3195/680/1284
f 3189/672/1277 3195/680/1284 3196/681/1285
f 3190/673/1278 3196/681/1285 3197/682/1286
f 3192/675/1280 3191/674/1279 3197/682/1286
f 3198/676/1281 3204/689/1292 3199/683/1287
f 3193/684/1282 3199/692/1287 3200/685/1288
f 3195/680/1284 3194/679/1283 3200/685/1288
f 3196/681/1285 3195/680/1284 3201/686/1289
f 3196/681/1285 3202/687/1290 3203/688/1291
f 3197/682/1286 3203/688/1291 3204/689/1292
f 3199/683/1287 3204/689/1292 3210/690/1293
f 3199/692/1287 3205/698/1294 3206/693/1295
f 3200/685/1288 3206/693/1295 3207/694/1296
f 3201/686/1289 3207/694/1296 3208/695/1297
f 3202/687/1290 3208/695/1297 3209/696/1298
f 3204/689/1292 3203/688/1291 3209/696/1298
f 3210/690/1293 3216/703/1304 3211/697/1299
f 3205/698/1294 3211/706/1299 3212/699/1300
f 3207/694/1296 3206/693/1295 3212/699/1300
f 3208/695/1297 3207/694/1296 3213/700/1301
f 3208/695/1297 3214/701/1302 3215/702/1303
f 3209/696/1298 3215/702/1303 3216/703/1304
f 3211/697/1299 3216/703/1304 3222/704/1305
f 3211/706/1299 3217/712/1306 3218/707/1307
f 3212/699/1300 3218/707/1307 3219/708/1308
f 3213/700/1301 3219/708/1308 3220/709/1309
f 3214/701/1302 3220/709/1309 3221/710/1310
f 3216/703/1304 3215/702/1303 3221/710/1310
f 3222/704/1305 3228/717/1316 3223/711/1311
f 3217/712/1306 3223/720/1311 3224/713/1312
f 3219/708/1308 3218/707/1307 3224/713/1312
f 3220/709/1309 3219/708/1308 3225/714/1313
f 3220/709/1309 3226/715/1314 3227/716/1315
f 3221/710/1310 3227/716/1315 3228/717/1316
f 3223/711/1311 3228/717/1316 3234/718/1317
f 3223/720/1311 3229/725/1318 3230/721/1319
f 3224/713/1312 3230/721/1319 3231/722/1320
f 3225/714/1313 3231/722/1320 3232/723/1321
f 3226/715/1314 3232/723/1321 3233/724/1322
f 3228/717/1316 3227/716/1315 3233/724/1322
f 3229/719/1318 3234/718/1317 3240/496/1431
f 3229/725/1318 3235/504/1324 3236/499/1325
f 3230/721/1319 3236/499/1325 3237/500/1326
f 3231/722/1320 3237/500/1326 3238/501/1327
f 3232/723/1321 3238/501/1327 3239/502/1328
f 3234/718/1317 3233/724/1322 3239/502/1328
f 3240/496/1431 3246/731/1334 3241/726/1329
f 3235/504/1324 3241/733/1329 3242/727/1330
f 3237/500/1326 3236/499/1325 3242/727/1330
f 3238/501/1327 3237/500/1326 3243/728/1331
f 3238/501/1327 3244/729/1332 3245/730/1333
f 3239/502/1328 3245/730/1333 3246/731/1334
f 3246/731/1334 3252/738/1340 3247/732/1335
f 3241/733/1329 3247/741/1335 3248/734/1336
f 3243/728/1331 3242/727/1330 3248/734/1336
f 3244/729/1332 3243/728/1331 3249/735/1337
f 3244/729/1332 3250/736/1338 3251/737/1339
f 3245/730/1333 3251/737/1339 3252/738/1340
f 3247/732/1335 3252/738/1340 3258/739/1341
f 3247/741/1335 3253/747/1342 3254/742/1343
f 3248/734/1336 3254/742/1343 3255/743/1344
f 3249/735/1337 3255/743/1344 3256/744/1345
f 3250/736/1338 3256/744/1345 3257/745/1346
f 3252/738/1340 3251/737/1339 3257/745/1346
f 3258/739/1341 3264/752/1352 3259/746/1347
f 3253/747/1342 3259/755/1347 3260/748/1348
f 3255/743/1344 3254/742/1343 3260/748/1348
f 3256/744/1345 3255/743/1344 3261/749/1349
f 3256/744/1345 3262/750/1350 3263/751/1351
f 3257/745/1346 3263/751/1351 3264/752/1352
f 3259/746/1347 3264/752/1352 3270/753/1353
f 3259/755/1347 3265/761/1354 3266/756/1355
f 3260/748/1348 3266/756/1355 3267/757/1356
f 3261/749/1349 3267/757/1356 3268/758/1357
f 3262/750/1350 3268/758/1357 3269/759/1358
f 3264/752/1352 3263/751/1351 3269/759/1358
f 3270/753/1353 3276/766/1364 3271/760/1359
f 3265/761/1354 3271/769/1359 3272/762/1360
f 3267/757/1356 3266/756/1355 3272/762/1360
f 3268/758/1357 3267/757/1356 3273/763/1361
f 3268/758/1357 3274/764/1362 3275/765/1363
f 3269/759/1358 3275/765/1363 3276/766/1364
f 3271/760/1359 3276/766/1364 3282/767/1365
f 3271/769/1359 3277/775/1366 3278/770/1367
f 3272/762/1360 3278/770/1367 3279/771/1368
f 3273/763/1361 3279/771/1368 3280/772/1369
f 3274/764/1362 3280/772/1369 3281/773/1370
f 3276/766/1364 3275/765/1363 3281/773/1370
f 3282/767/1365 3288/780/1432 3283/774/1371
f 3277/775/1366 3283/781/1371 3284/776/1372
f 3279/771/1368 3278/770/1367 3284/776/1372
f 3280/772/1369 3279/771/1368 3285/777/1373
f 3280/772/1369 3286/778/1374 3287/779/1375
f 3281/773/1370 3287/779/1375 3288/780/1432
f 3283/774/1371 3288/780/1432 3294/557/1377
f 3283/781/1371 3289/560/1378 3290/553/1379
f 3284/776/1372 3290/553/1379 3291/554/1380
f 3285/777/1373 3291/554/1380 3292/555/1381
f 3286/778/1374 3292/555/1381 3293/556/1382
f 3288/780/1432 3287/779/1375 3293/556/1382
f 3294/557/1377 3300/787/1388 3295/782/1383
f 3289/560/1378 3295/790/1383 3296/783/1384
f 3291/554/1380 3290/553/1379 3296/783/1384
f 3292/555/1381 3291/554/1380 3297/784/1385
f 3292/555/1381 3298/785/1386 3299/786/1387
f 3293/556/1382 3299/786/1387 3300/787/1388
f 3295/782/1383 3300/787/1388 3306/788/1389
f 3295/790/1383 3301/796/1390 3302/791/1391
f 3296/783/1384 3302/791/1391 3303/792/1392
f 3297/784/1385 3303/792/1392 3304/793/1393
f 3298/785/1386 3304/793/1393 3305/794/1394
f 3300/787/1388 3299/786/1387 3305/794/1394
f 3306/788/1389 3312/801/1400 3307/795/1395
f 3301/796/1390 3307/804/1395 3308/797/1396
f 3303/792/1392 3302/791/1391 3308/797/1396
f 3304/793/1393 3303/792/1392 3309/798/1397
f 3304/793/1393 3310/799/1398 3311/800/1399
f 3305/794/1394 3311/800/1399 3312/801/1400
f 3307/795/1395 3312/801/1400 3318/802/1401
f 3307/804/1395 3313/810/1402 3314/805/1403
f 3308/797/1396 3314/805/1403 3315/806/1404
f 3309/798/1397 3315/806/1404 3316/807/1405
f 3310/799/1398 3316/807/1405 3317/808/1406
f 3312/801/1400 3311/800/1399 3317/808/1406
f 3318/802/1401 3324/815/1412 3319/809/1407
f 3313/810/1402 3319/818/1407 3320/811/1408
f 3315/806/1404 3314/805/1403 3320/811/1408
f 3316/807/1405 3315/806/1404 3321/812/1409
f 3316/807/1405 3322/813/1410 3323/814/1411
f 3317/808/1406 3323/814/1411 3324/815/1412
f 3319/809/1407 3324/815/1412 3330/816/1191
f 3319/818/1407 3325/824/1413 3326/819/1414
f 3320/811/1408 3326/819/1414 3327/820/1194
f 3321/812/1409 3327/820/1194 3328/821/1415
f 3322/813/1410 3328/821/1415 3329/822/1416
f 3324/815/1412 3323/814/1411 3329/822/1416
f 3330/816/1191 3336/829/1422 3331/823/1417
f 3325/824/1413 3331/831/1417 3332/825/1418
f 3327/820/1194 3326/819/1414 3332/825/1418
f 3328/821/1415 3327/820/1194 3333/826/1419
f 3328/821/1415 3334/827/1420 3335/828/1421
f 3329/822/1416 3335/828/1421 3336/829/1422
f 3336/829/1422 3342/836/1208 3337/830/1423
f 3331/831/1417 3337/837/1423 3338/832/1424
f 3333/826/1419 3332/825/1418 3338/832/1424
f 3334/827/1420 3333/826/1419 3339/833/1205
f 3334/827/1420 3340/834/1425 3341/835/1426
f 3335/828/1421 3341/835/1426 3342/836/1208
f 3342/836/1208 3348/613/1214 3343/607/1427
f 3337/837/1423 3343/941/1427 3344/609/1428
f 3339/833/1205 3338/832/1424 3344/609/1428
f 3340/834/1425 3339/833/1205 3345/610/1211
f 3340/834/1425 3346/611/1429 3347/612/1430
f 3341/835/1426 3347/612/1430 3348/613/1214
s 0
usemtl TealPaint
f 241/64/77 243/65/77 242/66/77
f 244/67/78 246/68/78 245/69/78
f 247/70/79 249/71/79 248/72/79
f 250/73/80 252/74/80 251/75/80
f 253/76/81 255/77/81 254/78/81
f 256/79/82 258/80/82 257/81/82
f 259/82/83 261/83/83 260/84/83
f 262/99/84 264/86/84 263/87/84
f 248/72/85 241/64/85 247/70/85
f 242/88/86 246/68/86 244/67/86
f 246/68/87 250/73/87 245/69/87
f 252/74/88 249/89/88 251/75/88
f 260/84/89 247/70/89 259/82/89
f 251/75/90 262/99/90 250/73/90
f 264/86/91 261/83/91 263/87/91
f 254/78/92 259/82/92 253/76/92
f 263/87/93 256/79/93 262/99/93
f 257/81/94 254/78/94 255/77/94
f 241/64/95 255/77/95 253/76/95
f 257/81/96 245/91/96 256/79/96
f 241/64/47 259/82/47 247/70/47
f 248/92/97 246/68/97 243/93/97
f 242/94/98 257/81/98 255/77/98
f 256/79/50 250/95/50 262/99/50
f 260/84/99 251/75/99 249/89/99
f 254/78/100 263/87/100 261/83/100
f 385/64/77 387/65/77 386/66/77
f 388/67/78 390/68/78 389/69/78
f 391/70/79 393/71/79 392/72/79
f 394/73/80 396/74/80 395/96/80
f 397/76/81 399/77/81 398/78/81
f 400/97/82 402/80/82 401/81/82
f 403/82/83 405/83/83 404/84/83
f 406/85/84 408/86/84 407/98/84
f 392/72/85 385/64/85 391/70/85
f 387/93/86 388/67/86 386/88/86
f 389/69/87 396/74/87 394/73/87
f 396/74/88 393/89/88 395/96/88
f 404/84/89 391/70/89 403/82/89
f 395/96/90 406/85/90 394/73/90
f 408/86/91 405/83/91 407/98/91
f 398/78/92 403/82/92 397/76/92
f 406/85/93 402/80/93 400/97/93
f 401/81/94 398/78/94 399/77/94
f 385/64/95 399/77/95 397/76/95
f 401/81/96 389/91/96 400/97/96
f 385/64/47 403/82/47 391/70/47
f 392/92/97 390/68/97 387/93/97
f 386/94/98 401/81/98 399/77/98
f 406/85/50 389/102/50 394/95/50
f 404/84/99 395/96/99 393/89/99
f 398/78/100 407/98/100 405/83/100
f 457/103/1 459/104/1 458/105/1
f 460/106/2 462/107/2 461/108/2
f 463/109/3 465/110/3 464/111/3
f 466/112/4 468/113/4 467/114/4
f 469/115/5 471/116/5 470/117/5
f 472/118/6 474/119/6 473/120/6
f 475/121/7 477/122/7 476/123/7
f 478/124/8 480/125/8 479/126/8
f 464/111/9 457/103/9 463/109/9
f 459/127/10 460/106/10 458/128/10
f 462/107/11 466/112/11 461/108/11
f 468/113/12 465/129/12 467/114/12
f 476/123/13 463/109/13 475/121/13
f 467/114/14 478/124/14 466/112/14
f 480/125/15 477/122/15 479/126/15
f 470/117/16 475/121/16 469/115/16
f 479/126/17 472/118/17 478/124/17
f 474/119/18 471/116/18 473/120/18
f 458/105/19 469/115/19 457/103/19
f 473/120/20 461/130/20 472/118/20
f 457/103/21 475/121/21 463/109/21
f 464/131/22 462/107/22 459/127/22
f 458/132/23 473/120/23 471/116/23
f 472/118/24 466/133/24 478/124/24
f 476/123/25 467/114/25 465/129/25
f 470/117/26 479/126/26 477/122/26
f 481/103/1 483/104/1 482/105/1
f 484/106/2 486/107/2 485/108/2
f 487/109/3 489/110/3 488/111/3
f 490/112/4 492/113/4 491/134/4
f 493/115/5 495/116/5 494/135/5
f 496/136/6 498/119/6 497/120/6
f 499/121/7 501/137/7 500/123/7
f 502/124/8 504/125/8 503/126/8
f 488/111/9 481/103/9 487/109/9
f 483/127/10 484/106/10 482/128/10
f 486/107/11 490/112/11 485/108/11
f 492/113/12 489/129/12 491/134/12
f 500/123/13 487/109/13 499/121/13
f 491/134/14 502/124/14 490/112/14
f 504/125/15 501/137/15 503/126/15
f 494/135/16 499/121/16 493/115/16
f 503/126/17 496/136/17 502/124/17
f 498/119/18 495/116/18 497/120/18
f 482/105/19 493/115/19 481/103/19
f 497/120/20 485/130/20 496/136/20
f 481/103/21 499/121/21 487/109/21
f 488/131/22 486/107/22 483/127/22
f 482/132/23 497/120/23 495/116/23
f 496/136/24 490/133/24 502/124/24
f 500/123/25 491/134/25 489/129/25
f 494/135/26 503/126/26 501/137/26
f 505/103/1 507/104/1 506/105/1
f 508/106/2 510/107/2 509/108/2
f 511/109/3 513/110/3 512/111/3
f 514/112/4 516/113/4 515/134/4
f 517/115/5 519/116/5 518/135/5
f 520/136/6 522/119/6 521/120/6
f 523/121/7 525/137/7 524/123/7
f 526/124/8 528/125/8 527/126/8
f 512/111/9 505/103/9 511/109/9
f 507/127/10 508/106/10 506/128/10
f 510/107/11 514/112/11 509/108/11
f 516/113/12 513/129/12 515/134/12
f 524/123/13 511/109/13 523/121/13
f 515/134/14 526/124/14 514/112/14
f 528/125/15 525/137/15 527/126/15
f 518/135/16 523/121/16 517/115/16
f 527/126/17 520/136/17 526/124/17
f 522/119/18 519/116/18 521/120/18
f 506/105/19 517/115/19 505/103/19
f 521/120/20 509/130/20 520/136/20
f 505/103/21 523/121/21 511/109/21
f 512/131/22 510/107/22 507/127/22
f 506/132/23 521/120/23 519/116/23
f 520/136/24 514/133/24 526/124/24
f 524/123/25 515/134/25 513/129/25
f 518/135/26 527/126/26 525/137/26
f 529/138/167 531/139/167 530/140/167
f 532/141/168 534/142/168 533/143/168
f 535/144/169 537/145/169 536/146/169
f 538/147/170 540/148/170 539/149/170
f 541/150/171 543/151/171 542/152/171
f 544/153/172 546/154/172 545/155/172
f 547/156/173 549/157/173 548/158/173
f 550/159/174 552/160/174 551/161/174
f 536/146/175 529/138/175 535/144/175
f 531/162/176 532/141/176 530/163/176
f 534/142/177 538/147/177 533/143/177
f 540/148/178 537/164/178 539/149/178
f 548/158/179 535/144/179 547/156/179
f 539/149/180 550/159/180 538/147/180
f 552/160/181 549/157/181 551/161/181
f 542/152/182 547/156/182 541/150/182
f 551/161/183 544/153/183 550/159/183
f 545/155/184 542/152/184 543/151/184
f 530/140/185 541/150/185 529/138/185
f 544/153/186 532/165/186 533/166/186
f 529/138/187 547/156/187 535/144/187
f 536/167/188 534/142/188 531/162/188
f 530/168/23 545/155/23 543/151/23
f 544/153/189 538/169/189 550/159/189
f 548/158/25 539/149/25 537/164/25
f 542/152/190 551/161/190 549/157/190
f 625/138/223 627/139/223 626/140/223
f 628/141/224 630/142/224 629/143/224
f 631/144/225 633/145/225 632/146/225
f 634/147/226 636/148/226 635/149/226
f 637/150/227 639/151/227 638/152/227
f 640/153/228 642/154/228 641/155/228
f 643/156/229 645/157/229 644/158/229
f 646/159/230 648/160/230 647/161/230
f 632/146/9 625/138/9 631/144/9
f 627/162/10 628/141/10 626/163/10
f 630/142/11 634/147/11 629/143/11
f 636/148/12 633/164/12 635/149/12
f 644/158/13 631/144/13 643/156/13
f 635/149/14 646/159/14 634/147/14
f 648/160/15 645/157/15 647/161/15
f 638/152/16 643/156/16 637/150/16
f 647/161/17 640/153/17 646/159/17
f 642/154/18 639/151/18 641/155/18
f 626/140/19 637/150/19 625/138/19
f 641/155/20 629/166/20 640/153/20
f 625/138/21 643/156/21 631/144/21
f 632/167/22 630/142/22 627/162/22
f 626/168/23 641/155/23 639/151/23
f 640/153/24 634/169/24 646/159/24
f 644/158/25 635/149/25 633/164/25
f 638/152/26 647/161/26 645/157/26
f 697/173/1 699/174/1 698/175/1
f 700/176/2 702/177/2 701/178/2
f 703/179/3 705/180/3 704/181/3
f 706/182/4 708/183/4 707/184/4
f 709/185/5 711/186/5 710/187/5
f 712/188/6 714/189/6 713/190/6
f 715/191/7 717/192/7 716/193/7
f 718/194/8 720/195/8 719/196/8
f 704/181/9 697/173/9 703/179/9
f 699/197/10 700/176/10 698/198/10
f 702/177/11 706/182/11 701/178/11
f 708/183/12 705/199/12 707/184/12
f 716/193/13 703/179/13 715/191/13
f 707/184/14 718/194/14 706/182/14
f 720/195/15 717/192/15 719/196/15
f 710/187/16 715/191/16 709/185/16
f 719/196/17 712/188/17 718/194/17
f 714/189/18 711/186/18 713/190/18
f 698/175/19 709/185/19 697/173/19
f 713/190/20 701/200/20 712/188/20
f 697/173/21 715/191/21 703/179/21
f 704/201/22 702/177/22 699/197/22
f 698/202/23 713/190/23 711/186/23
f 712/188/24 706/203/24 718/194/24
f 716/193/25 707/184/25 705/199/25
f 710/187/26 719/196/26 717/192/26
f 793/138/167 795/139/167 794/140/167
f 796/141/168 798/142/168 797/143/168
f 799/144/169 801/145/169 800/146/169
f 802/147/170 804/148/170 803/149/170
f 805/150/171 807/151/171 806/152/171
f 808/153/172 810/154/172 809/155/172
f 811/156/173 813/157/173 812/172/173
f 814/159/174 816/160/174 815/161/174
f 800/146/175 793/138/175 799/144/175
f 795/162/176 796/141/176 794/163/176
f 798/142/177 802/147/177 797/143/177
f 804/148/178 801/164/178 803/149/178
f 811/156/179 801/145/179 799/144/179
f 803/149/180 814/159/180 802/147/180
f 816/160/181 813/157/181 815/161/181
f 806/152/182 811/156/182 805/150/182
f 815/161/183 808/153/183 814/159/183
f 809/155/184 806/152/184 807/151/184
f 793/138/185 807/151/185 805/150/185
f 809/155/186 797/166/186 808/153/186
f 793/138/187 811/156/187 799/144/187
f 800/167/188 798/142/188 795/162/188
f 794/168/23 809/155/23 807/151/23
f 808/153/189 802/169/189 814/159/189
f 812/172/25 803/149/25 801/164/25
f 806/152/190 815/161/190 813/157/190
f 889/138/223 891/139/223 890/140/223
f 892/141/224 894/142/224 893/143/224
f 895/144/225 897/145/225 896/146/225
f 898/147/226 900/148/226 899/149/226
f 901/150/227 903/151/227 902/152/227
f 904/153/228 906/154/228 905/155/228
f 907/156/229 909/157/229 908/172/229
f 910/159/230 912/160/230 911/161/230
f 896/146/9 889/138/9 895/144/9
f 891/162/10 892/141/10 890/163/10
f 894/142/11 898/147/11 893/143/11
f 900/148/12 897/164/12 899/149/12
f 908/172/13 895/144/13 907/156/13
f 899/149/14 910/159/14 898/147/14
f 912/160/15 909/157/15 911/161/15
f 902/152/16 907/156/16 901/150/16
f 911/161/17 904/153/17 910/159/17
f 906/154/18 903/151/18 905/155/18
f 890/140/19 901/150/19 889/138/19
f 905/155/20 893/166/20 904/153/20
f 889/138/21 907/156/21 895/144/21
f 896/167/22 894/142/22 891/162/22
f 890/168/23 905/155/23 903/151/23
f 904/153/24 898/169/24 910/159/24
f 908/172/25 899/149/25 897/164/25
f 902/152/26 911/161/26 909/157/26
f 961/173/1 963/174/1 962/175/1
f 964/176/2 966/177/2 965/178/2
f 967/179/3 969/180/3 968/181/3
f 970/182/4 972/183/4 971/204/4
f 973/185/5 975/186/5 974/205/5
f 976/188/6 978/206/6 977/190/6
f 979/191/7 981/207/7 980/260/7
f 982/194/8 984/195/8 983/208/8
f 968/181/9 961/173/9 967/179/9
f 963/197/10 964/176/10 962/198/10
f 966/177/11 970/182/11 965/178/11
f 972/183/12 969/199/12 971/204/12
f 980/260/13 967/179/13 979/191/13
f 971/204/14 982/194/14 970/182/14
f 984/195/15 981/207/15 983/208/15
f 974/205/16 979/191/16 973/185/16
f 983/208/17 976/188/17 982/194/17
f 978/206/18 975/186/18 977/190/18
f 962/175/19 973/185/19 961/173/19
f 977/190/20 965/200/20 976/188/20
f 961/173/21 979/191/21 967/179/21
f 968/201/22 966/177/22 963/197/22
f 962/202/23 977/190/23 975/186/23
f 976/188/24 970/203/24 982/194/24
f 980/260/25 971/204/25 969/199/25
f 974/205/26 983/208/26 981/207/26
f 1329/386/362 1333/386/362 1332/386/362
f 1330/386/363 1333/386/363 1334/386/363
f 1331/386/364 1333/386/364 1335/386/364
f 1336/386/365 1340/386/365 1339/386/365
f 1337/386/366 1340/386/366 1341/386/366
f 1338/386/367 1340/386/367 1342/386/367
f 1349/386/368 1346/386/368 1343/386/368
f 1344/386/369 1347/386/369 1348/386/369
f 1345/386/370 1347/386/370 1349/386/370
f 1356/386/371 1353/386/371 1350/386/371
f 1351/386/372 1354/386/372 1355/386/372
f 1352/386/373 1354/386/373 1356/386/373
f 1363/386/374 1360/386/374 1357/386/374
f 1358/386/375 1361/386/375 1362/386/375
f 1359/386/376 1361/386/376 1363/386/376
f 1370/386/377 1367/386/377 1364/386/377
f 1365/386/378 1368/386/378 1369/386/378
f 1366/386/379 1368/386/379 1370/386/379
f 1371/386/380 1375/386/380 1374/386/380
f 1372/386/381 1375/386/381 1376/386/381
f 1373/386/382 1375/386/382 1377/386/382
f 1378/386/383 1382/386/383 1381/386/383
f 1379/386/384 1382/386/384 1383/386/384
f 1380/386/385 1382/386/385 1384/386/385
f 1331/386/386 1353/386/386 1351/386/386
f 1335/386/387 1350/386/387 1353/386/387
f 1334/386/388 1336/386/388 1330/386/388
f 1331/386/389 1342/386/389 1334/386/389
f 1341/386/390 1343/386/390 1337/386/390
f 1338/386/391 1349/386/391 1341/386/391
f 1344/386/392 1355/386/392 1352/386/392
f 1345/386/393 1355/386/393 1348/386/393
f 1357/386/394 1384/386/394 1378/386/394
f 1360/386/395 1380/386/395 1384/386/395
f 1373/386/396 1383/386/396 1380/386/396
f 1377/386/397 1379/386/397 1383/386/397
f 1370/386/398 1373/386/398 1366/386/398
f 1364/386/399 1376/386/399 1370/386/399
f 1358/386/400 1369/386/400 1366/386/400
f 1359/386/401 1369/386/401 1362/386/401
f 1332/386/402 1357/386/402 1329/386/402
f 1330/386/403 1363/386/403 1332/386/403
f 1336/386/404 1367/386/404 1365/386/404
f 1339/386/405 1364/386/405 1367/386/405
f 1343/386/406 1374/386/406 1372/386/406
f 1346/386/407 1371/386/407 1374/386/407
f 1356/386/408 1379/386/408 1352/386/408
f 1350/386/409 1381/386/409 1356/386/409
f 1329/386/22 1378/386/22 1350/386/22
f 1351/386/410 1338/386/410 1331/386/410
f 1330/386/23 1365/386/23 1359/386/23
f 1337/386/26 1372/386/26 1364/386/26
f 1352/386/25 1371/386/25 1344/386/25
f 1380/386/411 1366/386/411 1373/386/411
f 2063/386/973 2060/386/973 2057/386/973
f 2058/386/974 2061/386/974 2062/386/974
f 2059/386/975 2061/386/975 2063/386/975
f 2064/386/976 2068/386/976 2067/386/976
f 2067/386/977 2069/386/977 2065/386/977
f 2066/386/978 2068/386/978 2070/386/978
f 2071/386/979 2075/386/979 2074/386/979
f 2072/386/980 2075/386/980 2076/386/980
f 2073/386/981 2075/386/981 2077/386/981
f 2078/386/982 2082/386/982 2081/386/982
f 2079/386/983 2082/386/983 2083/386/983
f 2080/386/984 2082/386/984 2084/386/984
f 2085/386/985 2089/386/985 2088/386/985
f 2086/386/986 2089/386/986 2090/386/986
f 2087/386/987 2089/386/987 2091/386/987
f 2092/386/988 2096/386/988 2095/386/988
f 2093/386/989 2096/386/989 2097/386/989
f 2094/386/990 2096/386/990 2098/386/990
f 2099/386/991 2103/386/991 2102/386/991
f 2102/386/992 2104/386/992 2100/386/992
f 2101/386/993 2103/386/993 2105/386/993
f 2112/386/994 2109/386/994 2106/386/994
f 2107/386/995 2110/386/995 2111/386/995
f 2108/386/996 2110/386/996 2112/386/996
f 2063/386/997 2079/386/997 2059/386/997
f 2057/386/998 2081/386/998 2063/386/998
f 2062/386/999 2064/386/999 2058/386/999
f 2062/386/1000 2066/386/1000 2070/386/1000
f 2065/386/1001 2077/386/1001 2071/386/1001
f 2069/386/1002 2073/386/1002 2077/386/1002
f 2072/386/1003 2083/386/1003 2080/386/1003
f 2076/386/1004 2079/386/1004 2083/386/1004
f 2088/386/1005 2106/386/1005 2085/386/1005
f 2086/386/1006 2112/386/1006 2088/386/1006
f 2105/386/1007 2108/386/1007 2101/386/1007
f 2105/386/1008 2107/386/1008 2111/386/1008
f 2094/386/1009 2104/386/1009 2101/386/1009
f 2098/386/1010 2100/386/1010 2104/386/1010
f 2090/386/1011 2094/386/1011 2086/386/1011
f 2087/386/1012 2097/386/1012 2090/386/1012
f 2057/386/1013 2091/386/1013 2085/386/1013
f 2060/386/403 2087/386/403 2091/386/403
f 2067/386/404 2093/386/404 2064/386/404
f 2065/386/405 2095/386/405 2067/386/405
f 2074/386/406 2100/386/406 2071/386/406
f 2072/386/407 2102/386/407 2074/386/407
f 2080/386/408 2109/386/408 2107/386/408
f 2084/386/1014 2106/386/1014 2109/386/1014
f 2078/386/22 2085/386/22 2106/386/22
f 2059/386/1015 2073/386/1015 2066/386/1015
f 2058/386/23 2093/386/23 2087/386/23
f 2071/386/26 2092/386/26 2065/386/26
f 2080/386/25 2099/386/25 2072/386/25
f 2086/386/1016 2101/386/1016 2108/386/1016
f 248/72/85 243/65/85 241/64/85
f 242/88/86 243/93/86 246/68/86
f 246/68/87 252/74/87 250/73/87
f 252/74/88 248/92/88 249/89/88
f 260/84/89 249/71/89 247/70/89
f 251/75/90 264/86/90 262/99/90
f 264/86/91 260/84/91 261/83/91
f 254/78/92 261/83/92 259/82/92
f 263/87/93 258/80/93 256/79/93
f 257/81/94 258/80/94 254/78/94
f 241/64/95 242/66/95 255/77/95
f 257/81/96 244/90/96 245/91/96
f 241/64/47 253/76/47 259/82/47
f 248/92/97 252/74/97 246/68/97
f 242/94/98 244/90/98 257/81/98
f 256/79/50 245/102/50 250/95/50
f 260/84/99 264/86/99 251/75/99
f 254/78/100 258/80/100 263/87/100
f 392/72/85 387/65/85 385/64/85
f 387/93/86 390/68/86 388/67/86
f 389/69/87 390/68/87 396/74/87
f 396/74/88 392/92/88 393/89/88
f 404/84/89 393/71/89 391/70/89
f 395/96/90 408/86/90 406/85/90
f 408/86/91 404/84/91 405/83/91
f 398/78/92 405/83/92 403/82/92
f 406/85/93 407/98/93 402/80/93
f 401/81/94 402/80/94 398/78/94
f 385/64/95 386/66/95 399/77/95
f 401/81/96 388/90/96 389/91/96
f 385/64/47 397/76/47 403/82/47
f 392/92/97 396/74/97 390/68/97
f 386/94/98 388/90/98 401/81/98
f 406/85/50 400/97/50 389/102/50
f 404/84/99 408/86/99 395/96/99
f 398/78/100 402/80/100 407/98/100
f 464/111/9 459/104/9 457/103/9
f 459/127/10 462/107/10 460/106/10
f 462/107/11 468/113/11 466/112/11
f 468/113/12 464/131/12 465/129/12
f 476/123/13 465/110/13 463/109/13
f 467/114/14 480/125/14 478/124/14
f 480/125/15 476/123/15 477/122/15
f 470/117/16 477/122/16 475/121/16
f 479/126/17 474/119/17 472/118/17
f 474/119/18 470/117/18 471/116/18
f 458/105/19 471/116/19 469/115/19
f 473/120/20 460/930/20 461/130/20
f 457/103/21 469/115/21 475/121/21
f 464/131/22 468/113/22 462/107/22
f 458/132/23 460/930/23 473/120/23
f 472/118/24 461/931/24 466/133/24
f 476/123/25 480/125/25 467/114/25
f 470/117/26 474/119/26 479/126/26
f 488/111/9 483/104/9 481/103/9
f 483/127/10 486/107/10 484/106/10
f 486/107/11 492/113/11 490/112/11
f 492/113/12 488/131/12 489/129/12
f 500/123/13 489/110/13 487/109/13
f 491/134/14 504/125/14 502/124/14
f 504/125/15 500/123/15 501/137/15
f 494/135/16 501/137/16 499/121/16
f 503/126/17 498/119/17 496/136/17
f 498/119/18 494/135/18 495/116/18
f 482/105/19 495/116/19 493/115/19
f 497/120/20 484/930/20 485/130/20
f 481/103/21 493/115/21 499/121/21
f 488/131/22 492/113/22 486/107/22
f 482/132/23 484/930/23 497/120/23
f 496/136/24 485/931/24 490/133/24
f 500/123/25 504/125/25 491/134/25
f 494/135/26 498/119/26 503/126/26
f 512/111/9 507/104/9 505/103/9
f 507/127/10 510/107/10 508/106/10
f 510/107/11 516/113/11 514/112/11
f 516/113/12 512/131/12 513/129/12
f 524/123/13 513/110/13 511/109/13
f 515/134/14 528/125/14 526/124/14
f 528/125/15 524/123/15 525/137/15
f 518/135/16 525/137/16 523/121/16
f 527/126/17 522/119/17 520/136/17
f 522/119/18 518/135/18 519/116/18
f 506/105/19 519/116/19 517/115/19
f 521/120/20 508/930/20 509/130/20
f 505/103/21 517/115/21 523/121/21
f 512/131/22 516/113/22 510/107/22
f 506/132/23 508/930/23 521/120/23
f 520/136/24 509/931/24 514/133/24
f 524/123/25 528/125/25 515/134/25
f 518/135/26 522/119/26 527/126/26
f 536/146/175 531/139/175 529/138/175
f 531/162/176 534/142/176 532/141/176
f 534/142/177 540/148/177 538/147/177
f 540/148/178 536/167/178 537/164/178
f 548/158/179 537/145/179 535/144/179
f 539/149/180 552/160/180 550/159/180
f 552/160/181 548/158/181 549/157/181
f 542/152/182 549/157/182 547/156/182
f 551/161/183 546/154/183 544/153/183
f 545/155/184 546/154/184 542/152/184
f 530/140/185 543/151/185 541/150/185
f 544/153/186 545/155/186 532/165/186
f 529/138/187 541/150/187 547/156/187
f 536/167/188 540/148/188 534/142/188
f 530/168/23 532/165/23 545/155/23
f 544/153/189 533/932/189 538/169/189
f 548/158/25 552/160/25 539/149/25
f 542/152/190 546/154/190 551/161/190
f 632/146/9 627/139/9 625/138/9
f 627/162/10 630/142/10 628/141/10
f 630/142/11 636/148/11 634/147/11
f 636/148/12 632/167/12 633/164/12
f 644/158/13 633/145/13 631/144/13
f 635/149/14 648/160/14 646/159/14
f 648/160/15 644/158/15 645/157/15
f 638/152/16 645/157/16 643/156/16
f 647/161/17 642/154/17 640/153/17
f 642/154/18 638/152/18 639/151/18
f 626/140/19 639/151/19 637/150/19
f 641/155/20 628/165/20 629/166/20
f 625/138/21 637/150/21 643/156/21
f 632/167/22 636/148/22 630/142/22
f 626/168/23 628/165/23 641/155/23
f 640/153/24 629/932/24 634/169/24
f 644/158/25 648/160/25 635/149/25
f 638/152/26 642/154/26 647/161/26
f 704/181/9 699/174/9 697/173/9
f 699/197/10 702/177/10 700/176/10
f 702/177/11 708/183/11 706/182/11
f 708/183/12 704/201/12 705/199/12
f 716/193/13 705/180/13 703/179/13
f 707/184/14 720/195/14 718/194/14
f 720/195/15 716/193/15 717/192/15
f 710/187/16 717/192/16 715/191/16
f 719/196/17 714/189/17 712/188/17
f 714/189/18 710/187/18 711/186/18
f 698/175/19 711/186/19 709/185/19
f 713/190/20 700/933/20 701/200/20
f 697/173/21 709/185/21 715/191/21
f 704/201/22 708/183/22 702/177/22
f 698/202/23 700/933/23 713/190/23
f 712/188/24 701/934/24 706/203/24
f 716/193/25 720/195/25 707/184/25
f 710/187/26 714/189/26 719/196/26
f 800/146/175 795/139/175 793/138/175
f 795/162/176 798/142/176 796/141/176
f 798/142/177 804/148/177 802/147/177
f 804/148/178 800/167/178 801/164/178
f 811/156/179 812/172/179 801/145/179
f 803/149/180 816/160/180 814/159/180
f 816/160/181 812/172/181 813/157/181
f 806/152/182 813/157/182 811/156/182
f 815/161/183 810/154/183 808/153/183
f 809/155/184 810/154/184 806/152/184
f 793/138/185 794/140/185 807/151/185
f 809/155/186 796/165/186 797/166/186
f 793/138/187 805/150/187 811/156/187
f 800/167/188 804/148/188 798/142/188
f 794/168/23 796/165/23 809/155/23
f 808/153/189 797/932/189 802/169/189
f 812/172/25 816/160/25 803/149/25
f 806/152/190 810/154/190 815/161/190
f 896/146/9 891/139/9 889/138/9
f 891/162/10 894/142/10 892/141/10
f 894/142/11 900/148/11 898/147/11
f 900/148/12 896/167/12 897/164/12
f 908/172/13 897/145/13 895/144/13
f 899/149/14 912/160/14 910/159/14
f 912/160/15 908/172/15 909/157/15
f 902/152/16 909/157/16 907/156/16
f 911/161/17 906/154/17 904/153/17
f 906/154/18 902/152/18 903/151/18
f 890/140/19 903/151/19 901/150/19
f 905/155/20 892/165/20 893/166/20
f 889/138/21 901/150/21 907/156/21
f 896/167/22 900/148/22 894/142/22
f 890/168/23 892/165/23 905/155/23
f 904/153/24 893/932/24 898/169/24
f 908/172/25 912/160/25 899/149/25
f 902/152/26 906/154/26 911/161/26
f 968/181/9 963/174/9 961/173/9
f 963/197/10 966/177/10 964/176/10
f 966/177/11 972/183/11 970/182/11
f 972/183/12 968/201/12 969/199/12
f 980/260/13 969/180/13 967/179/13
f 971/204/14 984/195/14 982/194/14
f 984/195/15 980/260/15 981/207/15
f 974/205/16 981/207/16 979/191/16
f 983/208/17 978/206/17 976/188/17
f 978/206/18 974/205/18 975/186/18
f 962/175/19 975/186/19 973/185/19
f 977/190/20 964/933/20 965/200/20
f 961/173/21 973/185/21 979/191/21
f 968/201/22 972/183/22 966/177/22
f 962/202/23 964/933/23 977/190/23
f 976/188/24 965/934/24 970/203/24
f 980/260/25 984/195/25 971/204/25
f 974/205/26 978/206/26 983/208/26
f 1329/386/1484 1335/386/1484 1333/386/1484
f 1330/386/1485 1332/386/1485 1333/386/1485
f 1331/386/1486 1334/386/1486 1333/386/1486
f 1336/386/1487 1342/386/1487 1340/386/1487
f 1337/386/1488 1339/386/1488 1340/386/1488
f 1338/386/1489 1341/386/1489 1340/386/1489
f 1349/386/1490 1347/386/1490 1346/386/1490
f 1344/386/1491 1346/386/1491 1347/386/1491
f 1345/386/1492 1348/386/1492 1347/386/1492
f 1356/386/1493 1354/386/1493 1353/386/1493
f 1351/386/1494 1353/386/1494 1354/386/1494
f 1352/386/1495 1355/386/1495 1354/386/1495
f 1363/386/1496 1361/386/1496 1360/386/1496
f 1358/386/1497 1360/386/1497 1361/386/1497
f 1359/386/1498 1362/386/1498 1361/386/1498
f 1370/386/1499 1368/386/1499 1367/386/1499
f 1365/386/1500 1367/386/1500 1368/386/1500
f 1366/386/1501 1369/386/1501 1368/386/1501
f 1371/386/1502 1377/386/1502 1375/386/1502
f 1372/386/1503 1374/386/1503 1375/386/1503
f 1373/386/1504 1376/386/1504 1375/386/1504
f 1378/386/1505 1384/386/1505 1382/386/1505
f 1379/386/1506 1381/386/1506 1382/386/1506
f 1380/386/1507 1383/386/1507 1382/386/1507
f 1331/386/386 1335/386/386 1353/386/386
f 1335/386/387 1329/386/387 1350/386/387
f 1334/386/1508 1342/386/1508 1336/386/1508
f 1331/386/389 1338/386/389 1342/386/389
f 1341/386/390 1349/386/390 1343/386/390
f 1338/386/391 1345/386/391 1349/386/391
f 1344/386/392 1348/386/392 1355/386/392
f 1345/386/1509 1351/386/1509 1355/386/1509
f 1357/386/1510 1360/386/1510 1384/386/1510
f 1360/386/395 1358/386/395 1380/386/395
f 1373/386/396 1377/386/396 1383/386/396
f 1377/386/1511 1371/386/1511 1379/386/1511
f 1370/386/1512 1376/386/1512 1373/386/1512
f 1364/386/399 1372/386/399 1376/386/399
f 1358/386/1513 1362/386/1513 1369/386/1513
f 1359/386/1514 1365/386/1514 1369/386/1514
f 1332/386/402 1363/386/402 1357/386/402
f 1330/386/403 1359/386/403 1363/386/403
f 1336/386/404 1339/386/404 1367/386/404
f 1339/386/1515 1337/386/1515 1364/386/1515
f 1343/386/1516 1346/386/1516 1374/386/1516
f 1346/386/407 1344/386/407 1371/386/407
f 1356/386/408 1381/386/408 1379/386/408
f 1350/386/1014 1378/386/1014 1381/386/1014
f 1329/386/22 1357/386/22 1378/386/22
f 1351/386/410 1345/386/410 1338/386/410
f 1330/386/23 1336/386/23 1365/386/23
f 1337/386/26 1343/386/26 1372/386/26
f 1352/386/25 1379/386/25 1371/386/25
f 1380/386/411 1358/386/411 1366/386/411
f 2063/386/1883 2061/386/1883 2060/386/1883
f 2058/386/1884 2060/386/1884 2061/386/1884
f 2059/386/1885 2062/386/1885 2061/386/1885
f 2064/386/1886 2070/386/1886 2068/386/1886
f 2067/386/1887 2068/386/1887 2069/386/1887
f 2066/386/1888 2069/386/1888 2068/386/1888
f 2071/386/1889 2077/386/1889 2075/386/1889
f 2072/386/1890 2074/386/1890 2075/386/1890
f 2073/386/1891 2076/386/1891 2075/386/1891
f 2078/386/1892 2084/386/1892 2082/386/1892
f 2079/386/1893 2081/386/1893 2082/386/1893
f 2080/386/1894 2083/386/1894 2082/386/1894
f 2085/386/1895 2091/386/1895 2089/386/1895
f 2086/386/1896 2088/386/1896 2089/386/1896
f 2087/386/1897 2090/386/1897 2089/386/1897
f 2092/386/1898 2098/386/1898 2096/386/1898
f 2093/386/1899 2095/386/1899 2096/386/1899
f 2094/386/1900 2097/386/1900 2096/386/1900
f 2099/386/1901 2105/386/1901 2103/386/1901
f 2102/386/1902 2103/386/1902 2104/386/1902
f 2101/386/1903 2104/386/1903 2103/386/1903
f 2112/386/1904 2110/386/1904 2109/386/1904
f 2107/386/1905 2109/386/1905 2110/386/1905
f 2108/386/1906 2111/386/1906 2110/386/1906
f 2063/386/997 2081/386/997 2079/386/997
f 2057/386/998 2078/386/998 2081/386/998
f 2062/386/1907 2070/386/1907 2064/386/1907
f 2062/386/1908 2059/386/1908 2066/386/1908
f 2065/386/1001 2069/386/1001 2077/386/1001
f 2069/386/1002 2066/386/1002 2073/386/1002
f 2072/386/1909 2076/386/1909 2083/386/1909
f 2076/386/1004 2073/386/1004 2079/386/1004
f 2088/386/1910 2112/386/1910 2106/386/1910
f 2086/386/1006 2108/386/1006 2112/386/1006
f 2105/386/1007 2111/386/1007 2108/386/1007
f 2105/386/1911 2099/386/1911 2107/386/1911
f 2094/386/1912 2098/386/1912 2104/386/1912
f 2098/386/1010 2092/386/1010 2100/386/1010
f 2090/386/1011 2097/386/1011 2094/386/1011
f 2087/386/1913 2093/386/1913 2097/386/1913
f 2057/386/402 2060/386/402 2091/386/402
f 2060/386/403 2058/386/403 2087/386/403
f 2067/386/404 2095/386/404 2093/386/404
f 2065/386/1515 2092/386/1515 2095/386/1515
f 2074/386/1516 2102/386/1516 2100/386/1516
f 2072/386/407 2099/386/407 2102/386/407
f 2080/386/408 2084/386/408 2109/386/408
f 2084/386/1014 2078/386/1014 2106/386/1014
f 2078/386/22 2057/386/22 2085/386/22
f 2059/386/1015 2079/386/1015 2073/386/1015
f 2058/386/23 2064/386/23 2093/386/23
f 2071/386/26 2100/386/26 2092/386/26
f 2080/386/25 2107/386/25 2099/386/25
f 2086/386/1016 2094/386/1016 2101/386/1016
