# Blender 5.2.1 LTS
# www.blender.org
mtllib SM_LT_TraderHub_Sign.mtl
o SM_LT_TraderHub_Sign_EXPORT
v -120.000000 142.000000 460.000000
v -125.000000 137.000000 460.000000
v -120.000000 137.000000 455.000000
v -123.535538 140.535538 460.000000
v -122.886749 139.886749 457.113251
v -123.535538 137.000000 456.464478
v -120.000000 140.535538 456.464478
v -120.000000 -142.000000 460.000000
v -120.000000 -137.000000 455.000000
v -125.000000 -137.000000 460.000000
v -120.000000 -140.535538 456.464478
v -122.886749 -139.886749 457.113251
v -123.535538 -137.000000 456.464478
v -123.535538 -140.535538 460.000000
v -120.000000 -138.095657 518.123474
v -120.000000 -142.000000 510.000000
v -125.000000 -137.000000 512.596863
v -120.000000 -141.083359 514.559509
v -122.886749 -140.118286 514.095642
v -123.535538 -140.308609 510.651611
v -123.535538 -137.547821 516.395752
v -120.000000 -107.038612 539.620178
v -120.000000 -115.904343 535.876526
v -125.000000 -109.978889 534.213745
v -120.000000 -111.690407 538.266785
v -122.886810 -111.423645 537.635132
v -123.535538 -113.588570 535.853760
v -123.535538 -108.637177 537.944580
v -120.000000 0.000000 553.000000
v -125.000000 -0.000000 547.961121
v -123.535538 -0.000000 551.524231
v -120.000000 115.904343 535.876526
v -120.000000 107.038612 539.620178
v -125.000000 109.978889 534.213745
v -120.000000 111.690407 538.266785
v -122.886810 111.423645 537.635132
v -123.535538 108.637184 537.944580
v -123.535538 113.588577 535.853760
v -120.000000 142.000000 510.000000
v -120.000000 138.095657 518.123474
v -125.000000 137.000000 512.596863
v -120.000000 141.083359 514.559509
v -122.886749 140.118286 514.095642
v -123.535538 137.547821 516.395752
v -123.535538 140.308609 510.651611
v -110.000000 142.000000 460.000000
v -110.000000 137.000000 455.000000
v -105.000000 137.000000 460.000000
v -110.000000 140.535538 456.464478
v -107.113251 139.886749 457.113251
v -106.464462 137.000000 456.464478
v -106.464462 140.535538 460.000000
v -110.000000 -137.000000 455.000000
v -110.000000 -142.000000 460.000000
v -105.000000 -137.000000 460.000000
v -110.000000 -140.535538 456.464478
v -107.113251 -139.886749 457.113251
v -106.464462 -140.535538 460.000000
v -106.464462 -137.000000 456.464478
v -110.000000 -142.000000 510.000000
v -110.000000 -138.095657 518.123474
v -105.000000 -137.000000 512.596863
v -110.000000 -141.083359 514.559509
v -107.113251 -140.118286 514.095642
v -106.464462 -137.547821 516.395752
v -106.464462 -140.308609 510.651611
v -110.000000 -115.904343 535.876526
v -110.000000 -107.038612 539.620178
v -105.000000 -109.978889 534.213745
v -110.000000 -111.690407 538.266785
v -107.113190 -111.423645 537.635132
v -106.464470 -108.637177 537.944580
v -106.464470 -113.588577 535.853760
v -110.000000 0.000000 553.000000
v -105.000000 0.000000 547.961121
v -106.464462 0.000000 551.524231
v -110.000000 107.038612 539.620178
v -110.000000 115.904343 535.876526
v -105.000000 109.978889 534.213745
v -110.000000 111.690407 538.266785
v -107.113190 111.423645 537.635132
v -106.464470 113.588570 535.853760
v -106.464470 108.637177 537.944580
v -110.000000 142.000000 510.000000
v -105.000000 137.000000 512.596863
v -110.000000 138.095657 518.123474
v -106.464462 140.308609 510.651550
v -107.113251 140.118286 514.095581
v -106.464462 137.547821 516.395691
v -110.000000 141.083359 514.559448
v -128.500000 125.000000 471.500000
v -131.000000 122.500000 471.500000
v -128.500000 122.500000 469.000000
v -130.267761 124.267769 471.500000
v -129.943375 123.943375 470.056610
v -130.267761 122.500000 469.732239
v -128.500000 124.267769 469.732239
v -128.500000 -125.000000 471.500000
v -128.500000 -122.500000 469.000000
v -131.000000 -122.500000 471.500000
v -128.500000 -124.267769 469.732239
v -129.943375 -123.943375 470.056610
v -130.267761 -122.500000 469.732239
v -130.267761 -124.267769 471.500000
v -128.500000 -122.894325 511.347626
v -128.500000 -125.000000 507.500000
v -131.000000 -122.500000 508.631836
v -128.500000 -124.464928 509.707184
v -129.943375 -124.026703 509.467346
v -130.267761 -124.186096 507.786835
v -130.267761 -122.697159 510.507507
v -128.500000 -100.000000 526.000000
v -131.000000 -99.123306 523.592957
v -130.267761 -99.743240 525.295044
v -128.500000 0.000000 539.000000
v -131.000000 -0.000000 536.479004
v -130.267761 -0.000000 538.261597
v -128.500000 100.000000 526.000000
v -131.000000 99.123306 523.592957
v -130.267761 99.743240 525.295044
v -128.500000 125.000000 507.500000
v -128.500000 122.894318 511.347626
v -131.000000 122.500000 508.631836
v -128.500000 124.464928 509.707184
v -129.943375 124.026703 509.467346
v -130.267761 122.697159 510.507507
v -130.267761 124.186104 507.786835
v -127.500000 125.000000 471.500000
v -127.500000 122.500000 469.000000
v -125.000000 122.500000 471.500000
v -127.500000 124.267769 469.732239
v -126.056625 123.943375 470.056610
v -125.732231 122.500000 469.732239
v -125.732231 124.267769 471.500000
v -127.500000 -122.500000 469.000000
v -127.500000 -125.000000 471.500000
v -125.000000 -122.500000 471.500000
v -127.500000 -124.267769 469.732239
v -126.056625 -123.943375 470.056610
v -125.732231 -124.267769 471.500000
v -125.732231 -122.500000 469.732239
v -127.500000 -125.000000 507.500000
v -127.500000 -122.894318 511.347626
v -125.000000 -122.500000 508.631836
v -127.500000 -124.464928 509.707184
v -126.056625 -124.026703 509.467346
v -125.732231 -122.697159 510.507507
v -125.732231 -124.186104 507.786835
v -127.500000 -100.000000 526.000000
v -125.000000 -99.123306 523.592957
v -125.732231 -99.743240 525.295044
v -127.500000 0.000000 539.000000
v -125.000000 0.000000 536.479004
v -125.732231 0.000000 538.261597
v -127.500000 100.000000 526.000000
v -125.000000 99.123306 523.592957
v -125.732231 99.743240 525.295044
v -127.500000 125.000000 507.500000
v -125.000000 122.500000 508.631836
v -127.500000 122.894325 511.347626
v -125.732231 124.186096 507.786835
v -126.056625 124.026703 509.467346
v -125.732231 122.697159 510.507507
v -127.500000 124.464928 509.707184
v -117.834671 100.099998 540.671753
v -117.834671 103.900002 540.671753
v -115.000000 105.800003 539.000000
v -112.165329 103.900002 537.328247
v -112.165329 100.099998 537.328247
v -115.000000 98.199997 539.000000
v -106.628830 100.099998 560.355774
v -106.628830 103.900002 560.355774
v -103.794174 105.800003 558.684021
v -100.959518 103.900002 557.012268
v -100.959518 100.099998 557.012268
v -103.794174 98.199997 558.684021
v -94.743301 100.099998 579.817749
v -94.743301 103.900002 579.817749
v -92.000000 105.800003 578.000000
v -89.256699 103.900002 576.182251
v -89.256699 100.099998 576.182251
v -92.000000 98.199997 578.000000
v -84.855301 100.099998 593.606567
v -84.855301 103.900002 593.606567
v -82.210861 105.800003 591.647766
v -79.566422 103.900002 589.688965
v -79.566422 100.099998 589.688965
v -82.210861 98.199997 591.647766
v -74.644424 100.099998 606.958801
v -74.644424 103.900002 606.958801
v -72.000000 105.800003 605.000000
v -69.355576 103.900002 603.041199
v -69.355576 100.099998 603.041199
v -72.000000 98.199997 605.000000
v -72.000000 102.000000 593.500000
v -68.968910 102.000000 595.250000
v -68.968910 102.000000 598.750000
v -72.000000 102.000000 600.500000
v -75.031090 102.000000 598.750000
v -75.031090 102.000000 595.250000
v -72.000000 96.451088 594.603760
v -68.968910 97.120789 596.220520
v -68.968910 98.460182 599.454102
v -72.000000 99.129875 601.070923
v -75.031090 98.460182 599.454102
v -75.031090 97.120789 596.220520
v -72.000000 91.746948 597.746948
v -68.968910 92.984390 598.984375
v -68.968910 95.459259 601.459290
v -72.000000 96.696701 602.696716
v -75.031090 95.459259 601.459290
v -75.031090 92.984390 598.984375
v -72.000000 88.603745 602.451111
v -68.968910 90.220535 603.120789
v -68.968910 93.454117 604.460205
v -72.000000 95.070908 605.129883
v -75.031090 93.454117 604.460205
v -75.031090 90.220535 603.120789
v -72.000000 87.500000 608.000000
v -68.968910 89.250000 608.000000
v -68.968910 92.750000 608.000000
v -72.000000 94.500000 608.000000
v -75.031090 92.750000 608.000000
v -75.031090 89.250000 608.000000
v -72.000000 88.603745 613.548889
v -68.968910 90.220535 612.879211
v -68.968910 93.454117 611.539795
v -72.000000 95.070908 610.870117
v -75.031090 93.454117 611.539795
v -75.031090 90.220535 612.879211
v -72.000000 91.746956 618.253052
v -68.968910 92.984390 617.015625
v -68.968910 95.459267 614.540710
v -72.000000 96.696701 613.303284
v -75.031090 95.459267 614.540710
v -75.031090 92.984390 617.015625
v -72.000000 96.451088 621.396240
v -68.968910 97.120789 619.779480
v -68.968910 98.460175 616.545898
v -72.000000 99.129875 614.929077
v -75.031090 98.460175 616.545898
v -75.031090 97.120789 619.779480
v -72.000000 102.000000 622.500000
v -68.968910 102.000000 620.750000
v -68.968910 102.000000 617.250000
v -72.000000 102.000000 615.500000
v -75.031090 102.000000 617.250000
v -75.031090 102.000000 620.750000
v -72.000000 107.548904 621.396240
v -68.968910 106.879211 619.779480
v -68.968910 105.539818 616.545898
v -72.000000 104.870125 614.929077
v -75.031090 105.539818 616.545898
v -75.031090 106.879211 619.779480
v -72.000000 112.253044 618.253052
v -68.968910 111.015610 617.015625
v -68.968910 108.540733 614.540710
v -72.000000 107.303299 613.303284
v -75.031090 108.540733 614.540710
v -75.031090 111.015610 617.015625
v -72.000000 115.396255 613.548889
v -68.968910 113.779465 612.879211
v -68.968910 110.545883 611.539795
v -72.000000 108.929092 610.870117
v -75.031090 110.545883 611.539795
v -75.031090 113.779465 612.879211
v -72.000000 116.500000 608.000000
v -68.968910 114.750000 608.000000
v -68.968910 111.250000 608.000000
v -72.000000 109.500000 608.000000
v -75.031090 111.250000 608.000000
v -75.031090 114.750000 608.000000
v -72.000000 115.396255 602.451111
v -68.968910 113.779465 603.120789
v -68.968910 110.545883 604.460205
v -72.000000 108.929092 605.129883
v -75.031090 110.545883 604.460205
v -75.031090 113.779465 603.120789
v -72.000000 112.253052 597.746948
v -68.968910 111.015617 598.984375
v -68.968910 108.540741 601.459290
v -72.000000 107.303307 602.696716
v -75.031090 108.540741 601.459290
v -75.031090 111.015617 598.984375
v -72.000000 107.548912 594.603760
v -68.968910 106.879219 596.220520
v -68.968910 105.539825 599.454102
v -72.000000 104.870132 601.070923
v -75.031090 105.539825 599.454102
v -75.031090 106.879219 596.220520
v -117.834671 -103.900002 540.671753
v -117.834671 -100.099998 540.671753
v -115.000000 -98.199997 539.000000
v -112.165329 -100.099998 537.328247
v -112.165329 -103.900002 537.328247
v -115.000000 -105.800003 539.000000
v -106.628830 -103.900002 560.355774
v -106.628830 -100.099998 560.355774
v -103.794174 -98.199997 558.684021
v -100.959518 -100.099998 557.012268
v -100.959518 -103.900002 557.012268
v -103.794174 -105.800003 558.684021
v -94.743301 -103.900002 579.817749
v -94.743301 -100.099998 579.817749
v -92.000000 -98.199997 578.000000
v -89.256699 -100.099998 576.182251
v -89.256699 -103.900002 576.182251
v -92.000000 -105.800003 578.000000
v -84.855301 -103.900002 593.606567
v -84.855301 -100.099998 593.606567
v -82.210861 -98.199997 591.647766
v -79.566422 -100.099998 589.688965
v -79.566422 -103.900002 589.688965
v -82.210861 -105.800003 591.647766
v -74.644424 -103.900002 606.958801
v -74.644424 -100.099998 606.958801
v -72.000000 -98.199997 605.000000
v -69.355576 -100.099998 603.041199
v -69.355576 -103.900002 603.041199
v -72.000000 -105.800003 605.000000
v -72.000000 -102.000000 593.500000
v -68.968910 -102.000000 595.250000
v -68.968910 -102.000000 598.750000
v -72.000000 -102.000000 600.500000
v -75.031090 -102.000000 598.750000
v -75.031090 -102.000000 595.250000
v -72.000000 -107.548912 594.603760
v -68.968910 -106.879211 596.220520
v -68.968910 -105.539818 599.454102
v -72.000000 -104.870125 601.070923
v -75.031090 -105.539818 599.454102
v -75.031090 -106.879211 596.220520
v -72.000000 -112.253052 597.746948
v -68.968910 -111.015610 598.984375
v -68.968910 -108.540741 601.459290
v -72.000000 -107.303299 602.696716
v -75.031090 -108.540741 601.459290
v -75.031090 -111.015610 598.984375
v -72.000000 -115.396255 602.451111
v -68.968910 -113.779465 603.120789
v -68.968910 -110.545883 604.460205
v -72.000000 -108.929092 605.129883
v -75.031090 -110.545883 604.460205
v -75.031090 -113.779465 603.120789
v -72.000000 -116.500000 608.000000
v -68.968910 -114.750000 608.000000
v -68.968910 -111.250000 608.000000
v -72.000000 -109.500000 608.000000
v -75.031090 -111.250000 608.000000
v -75.031090 -114.750000 608.000000
v -72.000000 -115.396255 613.548889
v -68.968910 -113.779465 612.879211
v -68.968910 -110.545883 611.539795
v -72.000000 -108.929092 610.870117
v -75.031090 -110.545883 611.539795
v -75.031090 -113.779465 612.879211
v -72.000000 -112.253044 618.253052
v -68.968910 -111.015610 617.015625
v -68.968910 -108.540733 614.540710
v -72.000000 -107.303299 613.303284
v -75.031090 -108.540733 614.540710
v -75.031090 -111.015610 617.015625
v -72.000000 -107.548912 621.396240
v -68.968910 -106.879211 619.779480
v -68.968910 -105.539825 616.545898
v -72.000000 -104.870125 614.929077
v -75.031090 -105.539825 616.545898
v -75.031090 -106.879211 619.779480
v -72.000000 -102.000000 622.500000
v -68.968910 -102.000000 620.750000
v -68.968910 -102.000000 617.250000
v -72.000000 -102.000000 615.500000
v -75.031090 -102.000000 617.250000
v -75.031090 -102.000000 620.750000
v -72.000000 -96.451096 621.396240
v -68.968910 -97.120789 619.779480
v -68.968910 -98.460182 616.545898
v -72.000000 -99.129875 614.929077
v -75.031090 -98.460182 616.545898
v -75.031090 -97.120789 619.779480
v -72.000000 -91.746956 618.253052
v -68.968910 -92.984390 617.015625
v -68.968910 -95.459267 614.540710
v -72.000000 -96.696701 613.303284
v -75.031090 -95.459267 614.540710
v -75.031090 -92.984390 617.015625
v -72.000000 -88.603745 613.548889
v -68.968910 -90.220535 612.879211
v -68.968910 -93.454117 611.539795
v -72.000000 -95.070908 610.870117
v -75.031090 -93.454117 611.539795
v -75.031090 -90.220535 612.879211
v -72.000000 -87.500000 608.000000
v -68.968910 -89.250000 608.000000
v -68.968910 -92.750000 608.000000
v -72.000000 -94.500000 608.000000
v -75.031090 -92.750000 608.000000
v -75.031090 -89.250000 608.000000
v -72.000000 -88.603745 602.451111
v -68.968910 -90.220535 603.120789
v -68.968910 -93.454117 604.460205
v -72.000000 -95.070908 605.129883
v -75.031090 -93.454117 604.460205
v -75.031090 -90.220535 603.120789
v -72.000000 -91.746948 597.746948
v -68.968910 -92.984383 598.984375
v -68.968910 -95.459259 601.459290
v -72.000000 -96.696693 602.696716
v -75.031090 -95.459259 601.459290
v -75.031090 -92.984383 598.984375
v -72.000000 -96.451088 594.603760
v -68.968910 -97.120781 596.220520
v -68.968910 -98.460175 599.454102
v -72.000000 -99.129868 601.070923
v -75.031090 -98.460175 599.454102
v -75.031090 -97.120781 596.220520
v -139.199997 -65.745995 489.317169
v -139.199997 -52.510761 489.317169
v -139.199997 -52.510761 510.682831
v -139.199997 -65.631279 510.682831
v -139.199997 -65.631279 508.288147
v -139.199997 -55.220901 508.288147
v -139.199997 -55.220901 501.319214
v -139.199997 -64.914314 501.319214
v -139.199997 -64.914314 498.924530
v -139.199997 -55.220901 498.924530
v -139.199997 -55.220901 491.711853
v -139.199997 -65.745995 491.711853
v -139.199997 -43.950153 490.105835
v -139.199997 -41.827927 489.299255
v -139.199997 -39.418915 489.030396
v -139.199997 -36.739246 489.365570
v -139.199997 -34.407307 490.371124
v -139.199997 -32.485832 491.991455
v -139.199997 -31.037556 494.171051
v -139.199997 -30.128799 496.854309
v -139.199997 -29.825880 499.985657
v -139.199997 -30.128799 503.138519
v -139.199997 -31.037556 505.828949
v -139.199997 -32.480453 508.008545
v -139.199997 -34.385799 509.628876
v -139.199997 -36.672928 510.634430
v -139.199997 -39.261181 510.969604
v -139.199997 -40.899456 510.844147
v -139.199997 -42.430183 510.467743
v -139.199997 -43.828270 509.856506
v -139.199997 -45.068626 509.026642
v -139.199997 -46.131531 508.001373
v -139.199997 -46.997269 506.804016
v -139.199997 -47.644333 505.450745
v -139.199997 -48.051212 503.957672
v -139.199997 -45.269375 503.957672
v -139.199997 -44.885799 504.948883
v -139.199997 -44.394676 505.828949
v -139.199997 -43.796005 506.596100
v -139.199997 -43.089794 507.248535
v -139.199997 -42.281414 507.771942
v -139.199997 -41.376240 508.151917
v -139.199997 -40.374275 508.383148
v -139.199997 -39.275520 508.460236
v -139.199997 -37.459801 508.214661
v -139.199997 -35.826904 507.477966
v -139.199997 -34.444946 506.268097
v -139.199997 -33.382042 504.602936
v -139.199997 -32.704506 502.502228
v -139.199997 -32.478661 499.985657
v -139.199997 -32.706299 497.483429
v -139.199997 -33.389214 495.397064
v -139.199997 -34.464664 493.740875
v -139.199997 -35.869923 492.529175
v -139.199997 -37.542252 491.787140
v -139.199997 -39.418915 491.539764
v -139.199997 -41.119923 491.731567
v -139.199997 -42.609428 492.306915
v -139.199997 -43.842609 493.237183
v -139.199997 -44.774670 494.493683
v -139.199997 -45.360790 496.035156
v -139.199997 -45.556164 497.820404
v -139.199997 -46.373505 497.677032
v -139.199997 -40.006828 497.677032
v -139.199997 -40.006828 500.057343
v -139.199997 -48.208946 500.057343
v -139.199997 -48.208946 497.720032
v -139.199997 -47.923950 495.253662
v -139.199997 -47.068966 493.131439
v -139.199997 -45.719273 491.399963
v -139.199997 -45.540470 497.677032
v -139.199997 -11.557524 489.317169
v -139.199997 -8.675312 489.317169
v -139.199997 -16.447248 510.682831
v -139.199997 -19.587568 510.682831
v -139.199997 -27.431202 489.317169
v -139.199997 -24.577667 489.317169
v -139.199997 -20.046429 502.021851
v -139.199997 -19.596529 503.341064
v -139.199997 -19.078520 504.947083
v -139.199997 -18.467304 506.936676
v -139.199997 -17.737791 509.406616
v -139.199997 -18.282686 509.406616
v -139.199997 -17.549585 506.909790
v -139.199997 -16.927616 504.896881
v -139.199997 -16.409607 503.292664
v -139.199997 -15.988388 502.021851
v -139.199997 -23.516552 497.662689
v -139.199997 -12.604298 497.662689
v -139.199997 -12.604298 495.282349
v -139.199997 -23.516552 495.282349
v -139.199997 -18.011045 508.481445
v -139.199997 -22.450132 495.282349
v -139.199997 -13.637930 495.282349
v -139.199997 -14.468092 497.662689
v -139.199997 -21.601166 497.662689
v -139.199997 0.487543 489.317169
v -139.199997 3.599185 489.317169
v -139.199997 11.471497 510.682831
v -139.199997 8.617963 510.682831
v -139.199997 4.086724 497.978149
v -139.199997 3.651165 496.718079
v -139.199997 3.118817 495.088776
v -139.199997 2.486092 493.061523
v -139.199997 1.749407 490.607727
v -139.199997 2.308642 490.607727
v -139.199997 1.573750 493.097382
v -139.199997 0.946402 495.117432
v -139.199997 0.423016 496.725250
v -139.199997 0.000004 497.978149
v -139.199997 -4.416520 510.682831
v -139.199997 -7.284393 510.682831
v -139.199997 2.031393 491.546967
v -139.199997 13.493348 489.317169
v -139.199997 26.140669 489.317169
v -139.199997 26.140669 510.682831
v -139.199997 23.430529 510.682831
v -139.199997 23.430529 491.711853
v -139.199997 13.493348 491.711853
v -139.199997 45.240704 489.317169
v -139.199997 48.122917 489.317169
v -139.199997 40.350983 510.682831
v -139.199997 37.210659 510.682831
v -139.199997 29.367027 489.317169
v -139.199997 32.220562 489.317169
v -139.199997 36.751801 502.021851
v -139.199997 37.201698 503.341064
v -139.199997 37.719711 504.947083
v -139.199997 38.330925 506.936676
v -139.199997 39.060440 509.406616
v -139.199997 38.515545 509.406616
v -139.199997 39.248646 506.909790
v -139.199997 39.870613 504.896881
v -139.199997 40.388622 503.292664
v -139.199997 40.809841 502.021851
v -139.199997 33.281677 497.662689
v -139.199997 44.193932 497.662689
v -139.199997 44.193932 495.282349
v -139.199997 33.281677 495.282349
v -139.199997 38.787186 508.481445
v -139.199997 34.348095 495.282349
v -139.199997 43.160297 495.282349
v -139.199997 42.330135 497.662689
v -139.199997 35.197063 497.662689
v -139.199997 53.987717 489.761688
v -139.199997 55.902020 489.148682
v -139.199997 58.174812 488.944336
v -139.199997 60.345432 489.134338
v -139.199997 62.211342 489.704346
v -139.199997 63.736691 490.618469
v -139.199997 64.885635 491.840912
v -139.199997 65.634865 493.332184
v -139.199997 65.961082 495.052917
v -139.199997 63.179249 495.052917
v -139.199997 62.930103 493.923706
v -139.199997 62.383415 493.002380
v -139.199997 61.583996 492.289001
v -139.199997 60.576653 491.783539
v -139.199997 59.420544 491.482422
v -139.199997 58.174812 491.382050
v -139.199997 56.789268 491.498535
v -139.199997 55.557877 491.848083
v -139.199997 54.523647 492.412689
v -139.199997 53.729607 493.174469
v -139.199997 53.224144 494.102936
v -139.199997 53.055653 495.167633
v -139.199997 53.197258 496.092529
v -139.199997 53.622063 496.830994
v -139.199997 54.285255 497.422485
v -139.199997 55.142033 497.906464
v -139.199997 56.154751 498.307953
v -139.199997 57.285770 498.652100
v -139.199997 59.852516 499.369080
v -139.199997 62.202377 500.258118
v -139.199997 63.946404 501.462616
v -139.199997 65.027229 503.018433
v -139.199997 65.387505 504.961426
v -139.199997 65.145531 506.655243
v -139.199997 64.419601 508.123260
v -139.199997 63.277832 509.325958
v -139.199997 61.788330 510.223969
v -139.199997 60.017418 510.783203
v -139.199997 58.031418 510.969604
v -139.199997 56.034660 510.781403
v -139.199997 54.288841 510.216797
v -139.199997 52.838776 509.325958
v -139.199997 51.729263 508.159088
v -139.199997 51.010502 506.764587
v -139.199997 50.732677 505.190857
v -139.199997 53.399799 505.190857
v -139.199997 53.855076 506.617615
v -139.199997 54.876755 507.685883
v -139.199997 56.339371 508.352692
v -139.199997 58.117455 508.574951
v -139.199997 59.411579 508.462006
v -139.199997 60.540806 508.123260
v -139.199997 61.469280 507.587311
v -139.199997 62.161152 506.882904
v -139.199997 62.591335 506.040466
v -139.199997 62.734730 505.090485
v -139.199997 62.568035 504.104645
v -139.199997 62.067947 503.326721
v -139.199997 61.331261 502.722687
v -139.199997 60.454769 502.258453
v -139.199997 59.529881 501.905334
v -139.199997 58.648006 501.634674
v -139.199997 56.468426 501.046783
v -139.199997 55.505894 500.759979
v -139.199997 54.482422 500.387146
v -139.199997 53.460747 499.906799
v -139.199997 52.503590 499.297363
v -139.199997 51.664738 498.539185
v -139.199997 50.997959 497.612488
v -139.199997 50.562401 496.488647
v -139.199997 50.417213 495.138947
v -139.199997 50.646645 493.475586
v -139.199997 51.334930 491.984283
v -139.199997 52.456985 490.726013
v -132.800003 -65.745995 489.317169
v -132.800003 -52.510761 489.317169
v -132.800003 -52.510761 510.682831
v -132.800003 -65.631279 510.682831
v -132.800003 -65.631279 508.288147
v -132.800003 -55.220901 508.288147
v -132.800003 -55.220901 501.319214
v -132.800003 -64.914314 501.319214
v -132.800003 -64.914314 498.924561
v -132.800003 -55.220901 498.924561
v -132.800003 -55.220901 491.711853
v -132.800003 -65.745995 491.711853
v -132.800003 -43.950153 490.105835
v -132.800003 -41.827927 489.299255
v -132.800003 -39.418915 489.030396
v -132.800003 -36.739246 489.365570
v -132.800003 -34.407307 490.371124
v -132.800003 -32.485832 491.991455
v -132.800003 -31.037556 494.171051
v -132.800003 -30.128799 496.854309
v -132.800003 -29.825880 499.985657
v -132.800003 -30.128799 503.138519
v -132.800003 -31.037556 505.828949
v -132.800003 -32.480453 508.008545
v -132.800003 -34.385799 509.628876
v -132.800003 -36.672928 510.634430
v -132.800003 -39.261181 510.969604
v -132.800003 -40.899456 510.844147
v -132.800003 -42.430183 510.467743
v -132.800003 -43.828270 509.856506
v -132.800003 -45.068626 509.026642
v -132.800003 -46.131531 508.001373
v -132.800003 -46.997269 506.804016
v -132.800003 -47.644333 505.450745
v -132.800003 -48.051212 503.957672
v -132.800003 -45.269375 503.957672
v -132.800003 -44.885799 504.948883
v -132.800003 -44.394676 505.828949
v -132.800003 -43.796005 506.596100
v -132.800003 -43.089794 507.248535
v -132.800003 -42.281414 507.771942
v -132.800003 -41.376240 508.151917
v -132.800003 -40.374275 508.383148
v -132.800003 -39.275520 508.460236
v -132.800003 -37.459801 508.214661
v -132.800003 -35.826904 507.477966
v -132.800003 -34.444946 506.268097
v -132.800003 -33.382042 504.602936
v -132.800003 -32.704506 502.502228
v -132.800003 -32.478661 499.985657
v -132.800003 -32.706299 497.483429
v -132.800003 -33.389214 495.397064
v -132.800003 -34.464664 493.740875
v -132.800003 -35.869923 492.529175
v -132.800003 -37.542252 491.787140
v -132.800003 -39.418915 491.539764
v -132.800003 -41.119923 491.731567
v -132.800003 -42.609428 492.306915
v -132.800003 -43.842609 493.237183
v -132.800003 -44.774670 494.493683
v -132.800003 -45.360790 496.035156
v -132.800003 -45.556164 497.820404
v -132.800003 -46.373505 497.677032
v -132.800003 -40.006828 497.677032
v -132.800003 -40.006828 500.057343
v -132.800003 -48.208946 500.057343
v -132.800003 -48.208946 497.720032
v -132.800003 -47.923950 495.253662
v -132.800003 -47.068966 493.131439
v -132.800003 -45.719273 491.399963
v -132.800003 -45.540470 497.677032
v -132.800003 -11.557524 489.317169
v -132.800003 -8.675312 489.317169
v -132.800003 -16.447248 510.682831
v -132.800003 -19.587568 510.682831
v -132.800003 -27.431202 489.317169
v -132.800003 -24.577667 489.317169
v -132.800003 -20.046429 502.021851
v -132.800003 -19.596529 503.341064
v -132.800003 -19.078520 504.947083
v -132.800003 -18.467304 506.936676
v -132.800003 -17.737791 509.406616
v -132.800003 -18.282686 509.406616
v -132.800003 -17.549585 506.909790
v -132.800003 -16.927616 504.896881
v -132.800003 -16.409607 503.292664
v -132.800003 -15.988388 502.021851
v -132.800003 -23.516552 497.662689
v -132.800003 -12.604298 497.662689
v -132.800003 -12.604298 495.282349
v -132.800003 -23.516552 495.282349
v -132.800003 -18.011045 508.481445
v -132.800003 -22.450132 495.282349
v -132.800003 -13.637930 495.282349
v -132.800003 -14.468092 497.662689
v -132.800003 -21.601166 497.662689
v -132.800003 0.487542 489.317169
v -132.800003 3.599185 489.317169
v -132.800003 11.471497 510.682831
v -132.800003 8.617963 510.682831
v -132.800003 4.086724 497.978149
v -132.800003 3.651165 496.718079
v -132.800003 3.118816 495.088776
v -132.800003 2.486092 493.061523
v -132.800003 1.749407 490.607727
v -132.800003 2.308642 490.607727
v -132.800003 1.573750 493.097382
v -132.800003 0.946402 495.117432
v -132.800003 0.423016 496.725250
v -132.800003 0.000004 497.978149
v -132.800003 -4.416520 510.682831
v -132.800003 -7.284393 510.682831
v -132.800003 2.031393 491.546967
v -132.800003 13.493348 489.317169
v -132.800003 26.140669 489.317169
v -132.800003 26.140669 510.682831
v -132.800003 23.430529 510.682831
v -132.800003 23.430529 491.711853
v -132.800003 13.493348 491.711853
v -132.800003 45.240704 489.317169
v -132.800003 48.122917 489.317169
v -132.800003 40.350983 510.682831
v -132.800003 37.210659 510.682831
v -132.800003 29.367027 489.317169
v -132.800003 32.220562 489.317169
v -132.800003 36.751801 502.021851
v -132.800003 37.201698 503.341064
v -132.800003 37.719711 504.947083
v -132.800003 38.330925 506.936676
v -132.800003 39.060440 509.406616
v -132.800003 38.515545 509.406616
v -132.800003 39.248646 506.909790
v -132.800003 39.870613 504.896881
v -132.800003 40.388622 503.292664
v -132.800003 40.809841 502.021851
v -132.800003 33.281677 497.662689
v -132.800003 44.193932 497.662689
v -132.800003 44.193932 495.282349
v -132.800003 33.281677 495.282349
v -132.800003 38.787186 508.481445
v -132.800003 34.348095 495.282349
v -132.800003 43.160297 495.282349
v -132.800003 42.330135 497.662689
v -132.800003 35.197063 497.662689
v -132.800003 53.987717 489.761688
v -132.800003 55.902020 489.148682
v -132.800003 58.174812 488.944336
v -132.800003 60.345432 489.134338
v -132.800003 62.211342 489.704346
v -132.800003 63.736691 490.618469
v -132.800003 64.885635 491.840912
v -132.800003 65.634865 493.332184
v -132.800003 65.961082 495.052917
v -132.800003 63.179249 495.052917
v -132.800003 62.930103 493.923706
v -132.800003 62.383415 493.002380
v -132.800003 61.583996 492.289001
v -132.800003 60.576653 491.783539
v -132.800003 59.420544 491.482422
v -132.800003 58.174812 491.382050
v -132.800003 56.789268 491.498535
v -132.800003 55.557877 491.848083
v -132.800003 54.523647 492.412689
v -132.800003 53.729607 493.174469
v -132.800003 53.224144 494.102936
v -132.800003 53.055653 495.167633
v -132.800003 53.197258 496.092529
v -132.800003 53.622063 496.830994
v -132.800003 54.285255 497.422485
v -132.800003 55.142033 497.906464
v -132.800003 56.154751 498.307953
v -132.800003 57.285770 498.652100
v -132.800003 59.852516 499.369080
v -132.800003 62.202377 500.258118
v -132.800003 63.946404 501.462616
v -132.800003 65.027229 503.018433
v -132.800003 65.387505 504.961426
v -132.800003 65.145531 506.655243
v -132.800003 64.419601 508.123260
v -132.800003 63.277832 509.325958
v -132.800003 61.788330 510.223969
v -132.800003 60.017418 510.783203
v -132.800003 58.031418 510.969604
v -132.800003 56.034660 510.781403
v -132.800003 54.288841 510.216797
v -132.800003 52.838776 509.325958
v -132.800003 51.729263 508.159088
v -132.800003 51.010502 506.764587
v -132.800003 50.732677 505.190857
v -132.800003 53.399799 505.190857
v -132.800003 53.855076 506.617615
v -132.800003 54.876755 507.685883
v -132.800003 56.339371 508.352692
v -132.800003 58.117455 508.574951
v -132.800003 59.411579 508.462006
v -132.800003 60.540806 508.123260
v -132.800003 61.469280 507.587311
v -132.800003 62.161152 506.882904
v -132.800003 62.591335 506.040466
v -132.800003 62.734730 505.090485
v -132.800003 62.568035 504.104645
v -132.800003 62.067947 503.326721
v -132.800003 61.331261 502.722687
v -132.800003 60.454769 502.258453
v -132.800003 59.529881 501.905334
v -132.800003 58.648006 501.634674
v -132.800003 56.468426 501.046783
v -132.800003 55.505894 500.759979
v -132.800003 54.482422 500.387146
v -132.800003 53.460747 499.906799
v -132.800003 52.503590 499.297363
v -132.800003 51.664738 498.539185
v -132.800003 50.997959 497.612488
v -132.800003 50.562401 496.488647
v -132.800003 50.417213 495.138947
v -132.800003 50.646645 493.475586
v -132.800003 51.334930 491.984283
v -132.800003 52.456985 490.726013
v -132.800003 53.987717 489.761688
v -132.907181 53.817425 489.396210
v -133.199997 53.692760 489.128662
v -133.599991 53.647129 489.030731
v -138.399994 53.647129 489.030731
v -138.800003 53.692760 489.128662
v -139.092819 53.817425 489.396210
v -139.199997 53.987717 489.761688
v -132.800003 55.902020 489.148682
v -132.907181 55.822151 488.754242
v -133.199997 55.763683 488.465515
v -133.599991 55.742283 488.359802
v -138.399994 55.742283 488.359802
v -138.800003 55.763683 488.465515
v -139.092819 55.822151 488.754242
v -139.199997 55.902020 489.148682
v -132.800003 58.174812 488.944336
v -132.907181 58.174339 488.542786
v -133.199997 58.173992 488.248810
v -133.599991 58.173866 488.141205
v -138.399994 58.173866 488.141205
v -138.800003 58.173992 488.248810
v -139.092819 58.174339 488.542786
v -139.199997 58.174812 488.944336
v -132.800003 60.345432 489.134338
v -132.907181 60.422138 488.739532
v -133.199997 60.478291 488.450500
v -133.599991 60.498844 488.344727
v -138.399994 60.498844 488.344727
v -138.800003 60.478291 488.450500
v -139.092819 60.422138 488.739532
v -139.199997 60.345432 489.134338
v -132.800003 62.211342 489.704346
v -132.907181 62.374992 489.336090
v -133.199997 62.494797 489.066498
v -133.599991 62.538647 488.967834
v -138.399994 62.538647 488.967834
v -138.800003 62.494797 489.066498
v -139.092819 62.374992 489.336090
v -139.199997 62.211342 489.704346
v -132.800003 63.736691 490.618469
v -132.907181 63.990044 490.303986
v -133.199997 64.175514 490.073730
v -133.599991 64.243401 489.989471
v -138.399994 64.243401 489.989471
v -138.800003 64.175514 490.073730
v -139.092819 63.990044 490.303986
v -139.199997 63.736691 490.618469
v -132.800003 64.885635 491.840912
v -132.907181 65.216942 491.609344
v -133.199997 65.459480 491.439819
v -133.599991 65.548256 491.377777
v -138.399994 65.548256 491.377777
v -138.800003 65.459480 491.439819
v -139.092819 65.216942 491.609344
v -139.199997 64.885635 491.840912
v -132.800003 65.634865 493.332184
v -132.907181 66.017433 493.202667
v -133.199997 66.297493 493.107849
v -133.599991 66.400002 493.073120
v -138.399994 66.400002 493.073120
v -138.800003 66.297493 493.107849
v -139.092819 66.017433 493.202667
v -139.199997 65.634865 493.332184
v -132.800003 65.961082 495.052917
v -132.907181 66.444038 495.452911
v -133.199997 66.797592 495.745728
v -133.599991 66.926994 495.852905
v -138.399994 66.926994 495.852905
v -138.800003 66.797592 495.745728
v -139.092819 66.444038 495.452911
v -139.199997 65.961082 495.052917
v -132.800003 63.179249 495.052917
v -132.907181 62.857883 495.452911
v -133.199997 62.622627 495.745728
v -133.599991 62.536514 495.852905
v -138.399994 62.536514 495.852905
v -138.800003 62.622627 495.745728
v -139.092819 62.857883 495.452911
v -139.199997 63.179249 495.052917
v -132.800003 62.930103 493.923706
v -132.907181 62.553333 494.072571
v -133.199997 62.277519 494.181580
v -133.599991 62.176563 494.221466
v -138.399994 62.176563 494.221466
v -138.800003 62.277519 494.181580
v -139.092819 62.553333 494.072571
v -139.199997 62.930103 493.923706
v -132.800003 62.383415 493.002380
v -132.907181 62.070965 493.259674
v -133.199997 61.842236 493.448029
v -133.599991 61.758514 493.516968
v -138.399994 61.758514 493.516968
v -138.800003 61.842236 493.448029
v -139.092819 62.070965 493.259674
v -139.199997 62.383415 493.002380
v -132.800003 61.583996 492.289001
v -132.907181 61.357220 492.622742
v -133.199997 61.191212 492.867065
v -133.599991 61.130447 492.956482
v -138.399994 61.130447 492.956482
v -138.800003 61.191212 492.867065
v -139.092819 61.357220 492.622742
v -139.199997 61.583996 492.289001
v -132.800003 60.576653 491.783539
v -132.907181 60.434986 492.159973
v -133.199997 60.331276 492.435577
v -133.599991 60.293316 492.536438
v -138.399994 60.293316 492.536438
v -138.800003 60.331276 492.435577
v -139.092819 60.434986 492.159973
v -139.199997 60.576653 491.783539
v -132.800003 59.420544 491.482422
v -132.907181 59.353561 491.878326
v -133.199997 59.304527 492.168121
v -133.599991 59.286579 492.274200
v -138.399994 59.286579 492.274200
v -138.800003 59.304527 492.168121
v -139.092819 59.353561 491.878326
v -139.199997 59.420544 491.482422
v -132.800003 58.174812 491.382050
v -132.907181 58.175514 491.783386
v -133.199997 58.176025 492.077209
v -133.599991 58.176212 492.184753
v -138.399994 58.176212 492.184753
v -138.800003 58.176025 492.077209
v -139.092819 58.175514 491.783386
v -139.199997 58.174812 491.382050
v -132.800003 56.789268 491.498535
v -132.907181 56.861305 491.893890
v -133.199997 56.914040 492.183319
v -133.599991 56.933342 492.289246
v -138.399994 56.933342 492.289246
v -138.800003 56.914040 492.183319
v -139.092819 56.861305 491.893890
v -139.199997 56.789268 491.498535
v -132.800003 55.557877 491.848083
v -132.907181 55.710209 492.220642
v -133.199997 55.821728 492.493378
v -133.599991 55.862545 492.593201
v -138.399994 55.862545 492.593201
v -138.800003 55.821728 492.493378
v -139.092819 55.710209 492.220642
v -139.199997 55.557877 491.848083
v -132.800003 54.523647 492.412689
v -132.907181 54.762100 492.738220
v -133.199997 54.936661 492.976532
v -133.599991 55.000553 493.063782
v -138.399994 55.000553 493.063782
v -138.800003 54.936661 492.976532
v -139.092819 54.762100 492.738220
v -139.199997 54.523647 492.412689
v -132.800003 53.729607 493.174469
v -132.907181 54.051270 493.420166
v -133.199997 54.286747 493.600067
v -133.599991 54.372936 493.665894
v -138.399994 54.372936 493.665894
v -138.800003 54.286747 493.600067
v -139.092819 54.051270 493.420166
v -139.199997 53.729607 493.174469
v -132.800003 53.224144 494.102936
v -132.907181 53.608444 494.233612
v -133.199997 53.889771 494.329254
v -133.599991 53.992744 494.364258
v -138.399994 53.992744 494.364258
v -138.800003 53.889771 494.329254
v -139.092819 53.608444 494.233612
v -139.199997 53.224144 494.102936
v -132.800003 53.055653 495.167633
v -132.907181 53.460468 495.168640
v -133.199997 53.756817 495.169403
v -133.599991 53.865288 495.169678
v -138.399994 53.865288 495.169678
v -138.800003 53.756817 495.169403
v -139.092819 53.460468 495.168640
v -139.199997 53.055653 495.167633
v -132.800003 53.197258 496.092529
v -132.907181 53.581318 495.957977
v -133.199997 53.862473 495.859467
v -133.599991 53.965382 495.823425
v -138.399994 53.965382 495.823425
v -138.800003 53.862473 495.859467
v -139.092819 53.581318 495.957977
v -139.199997 53.197258 496.092529
v -132.800003 53.622063 496.830994
v -132.907181 53.936554 496.575500
v -133.199997 54.166779 496.388489
v -133.599991 54.251045 496.320007
v -138.399994 54.251045 496.320007
v -138.800003 54.166779 496.388489
v -139.092819 53.936554 496.575500
v -139.199997 53.622063 496.830994
v -132.800003 54.285255 497.422485
v -132.907181 54.519417 497.095367
v -133.199997 54.690834 496.855896
v -133.599991 54.753578 496.768219
v -138.399994 54.753578 496.768219
v -138.800003 54.690834 496.855896
v -139.092819 54.519417 497.095367
v -139.199997 54.285255 497.422485
v -132.800003 55.142033 497.906464
v -132.907181 55.314915 497.544708
v -133.199997 55.441471 497.279877
v -133.599991 55.487793 497.182953
v -138.399994 55.487793 497.182953
v -138.800003 55.441471 497.279877
v -139.092819 55.314915 497.544708
v -139.199997 55.142033 497.906464
v -132.800003 56.154751 498.307953
v -132.907181 56.286903 497.930054
v -133.199997 56.383648 497.653412
v -133.599991 56.419056 497.552155
v -138.399994 56.419056 497.552155
v -138.800003 56.383648 497.653412
v -139.092819 56.286903 497.930054
v -139.199997 56.154751 498.307953
v -132.800003 57.285770 498.652100
v -132.907181 57.397812 498.268097
v -133.199997 57.479832 497.986969
v -133.599991 57.509853 497.884064
v -138.399994 57.509853 497.884064
v -138.800003 57.479832 497.986969
v -139.092819 57.397812 498.268097
v -139.199997 57.285770 498.652100
v -132.800003 59.852516 499.369080
v -132.907181 59.977345 498.988617
v -133.199997 60.068722 498.710114
v -133.599991 60.102169 498.608185
v -138.399994 60.102169 498.608185
v -138.800003 60.068722 498.710114
v -139.092819 59.977345 498.988617
v -139.199997 59.852516 499.369080
v -132.800003 62.202377 500.258118
v -132.907181 62.389549 499.901245
v -133.199997 62.526569 499.640015
v -133.599991 62.576721 499.544403
v -138.399994 62.576721 499.544403
v -138.800003 62.526569 499.640015
v -139.092819 62.389549 499.901245
v -139.199997 62.202377 500.258118
v -132.800003 63.946404 501.462616
v -132.907181 64.233475 501.174744
v -133.199997 64.443626 500.964020
v -133.599991 64.520554 500.886902
v -138.399994 64.520554 500.886902
v -138.800003 64.443626 500.964020
v -139.092819 64.233475 501.174744
v -139.199997 63.946404 501.462616
v -132.800003 65.027229 503.018433
v -132.907181 65.404839 502.860901
v -133.199997 65.681267 502.745575
v -133.599991 65.782440 502.703369
v -138.399994 65.782440 502.703369
v -138.800003 65.681267 502.745575
v -139.092819 65.404839 502.860901
v -139.199997 65.027229 503.018433
v -132.800003 65.387505 504.961426
v -132.907181 65.792763 504.953033
v -133.199997 66.089439 504.946869
v -133.599991 66.198029 504.944611
v -138.399994 66.198029 504.944611
v -138.800003 66.089439 504.946869
v -139.092819 65.792763 504.953033
v -139.199997 65.387505 504.961426
v -132.800003 65.145531 506.655243
v -132.907181 65.532455 506.775177
v -133.199997 65.815712 506.862976
v -133.599991 65.919388 506.895111
v -138.399994 65.919388 506.895111
v -138.800003 65.815712 506.862976
v -139.092819 65.532455 506.775177
v -139.199997 65.145531 506.655243
v -132.800003 64.419601 508.123260
v -132.907181 64.751343 508.354767
v -133.199997 64.994194 508.524261
v -133.599991 65.083084 508.586304
v -138.399994 65.083084 508.586304
v -138.800003 64.994194 508.524261
v -139.092819 64.751343 508.354767
v -139.199997 64.419601 508.123260
v -132.800003 63.277832 509.325958
v -132.907181 63.530685 509.640594
v -133.199997 63.715786 509.870911
v -133.599991 63.783539 509.955231
v -138.399994 63.783539 509.955231
v -138.800003 63.715786 509.870911
v -139.092819 63.530685 509.640594
v -139.199997 63.277832 509.325958
v -132.800003 61.788330 510.223969
v -132.907181 61.954128 510.591064
v -133.199997 62.075504 510.859833
v -133.599991 62.119930 510.958191
v -138.399994 62.119930 510.958191
v -138.800003 62.075504 510.859833
v -139.092819 61.954128 510.591064
v -139.199997 61.788330 510.223969
v -132.800003 60.017418 510.783203
v -132.907181 60.097229 511.177460
v -133.199997 60.155659 511.466095
v -133.599991 60.177044 511.571747
v -138.399994 60.177044 511.571747
v -138.800003 60.155659 511.466095
v -139.092819 60.097229 511.177460
v -139.199997 60.017418 510.783203
v -132.800003 58.031418 510.969604
v -132.907181 58.031342 511.371368
v -133.199997 58.031284 511.665497
v -133.599991 58.031261 511.773132
v -138.399994 58.031261 511.773132
v -138.800003 58.031284 511.665497
v -139.092819 58.031342 511.371368
v -139.199997 58.031418 510.969604
v -132.800003 56.034660 510.781403
v -132.907181 55.953381 511.175507
v -133.199997 55.893879 511.464020
v -133.599991 55.872101 511.569641
v -138.399994 55.872101 511.569641
v -138.800003 55.893879 511.464020
v -139.092819 55.953381 511.175507
v -139.199997 56.034660 510.781403
v -132.800003 54.288841 510.216797
v -132.907181 54.120228 510.582672
v -133.199997 53.996796 510.850494
v -133.599991 53.951618 510.948547
v -138.399994 53.951618 510.948547
v -138.800003 53.996796 510.850494
v -139.092819 54.120228 510.582672
v -139.199997 54.288841 510.216797
v -132.800003 52.838776 509.325958
v -132.907181 52.584892 509.639435
v -133.199997 52.399033 509.868927
v -133.599991 52.331005 509.952911
v -138.399994 52.331005 509.952911
v -138.800003 52.399033 509.868927
v -139.092819 52.584892 509.639435
v -139.199997 52.838776 509.325958
v -132.800003 51.729263 508.159088
v -132.907181 51.399940 508.393250
v -133.199997 51.158859 508.564636
v -133.599991 51.070618 508.627380
v -138.399994 51.070618 508.627380
v -138.800003 51.158859 508.564636
v -139.092819 51.399940 508.393250
v -139.199997 51.729263 508.159088
v -132.800003 51.010502 506.764587
v -132.907181 50.627144 506.893890
v -133.199997 50.346508 506.988556
v -133.599991 50.243786 507.023224
v -138.399994 50.243786 507.023224
v -138.800003 50.346508 506.988556
v -139.092819 50.627144 506.893890
v -139.199997 51.010502 506.764587
v -132.800003 50.732677 505.190857
v -132.907181 50.255878 504.790863
v -133.199997 49.906834 504.498016
v -133.599991 49.779076 504.390839
v -138.399994 49.779076 504.390839
v -138.800003 49.906834 504.498016
v -139.092819 50.255878 504.790863
v -139.199997 50.732677 505.190857
v -132.800003 53.399799 505.190857
v -132.907181 53.692032 504.790863
v -133.199997 53.905960 504.498016
v -133.599991 53.984264 504.390839
v -138.399994 53.984264 504.390839
v -138.800003 53.905960 504.498016
v -139.092819 53.692032 504.790863
v -139.199997 53.399799 505.190857
v -132.800003 53.855076 506.617615
v -132.907181 54.208046 506.407959
v -133.199997 54.466434 506.254456
v -133.599991 54.561012 506.198303
v -138.399994 54.561012 506.198303
v -138.800003 54.466434 506.254456
v -139.092819 54.208046 506.407959
v -139.199997 53.855076 506.617615
v -132.800003 54.876755 507.685883
v -132.907181 55.112667 507.353851
v -133.199997 55.285370 507.110748
v -133.599991 55.348583 507.021790
v -138.399994 55.348583 507.021790
v -138.800003 55.285370 507.110748
v -139.092819 55.112667 507.353851
v -139.199997 54.876755 507.685883
v -132.800003 56.339371 508.352692
v -132.907181 56.449657 507.963348
v -133.199997 56.530396 507.678345
v -133.599991 56.559944 507.574036
v -138.399994 56.559944 507.574036
v -138.800003 56.530396 507.678345
v -139.092819 56.449657 507.963348
v -139.199997 56.339371 508.352692
v -132.800003 58.117455 508.574951
v -132.907181 58.124958 508.172760
v -133.199997 58.130455 507.878357
v -133.599991 58.132465 507.770599
v -138.399994 58.132465 507.770599
v -138.800003 58.130455 507.878357
v -139.092819 58.124958 508.172760
v -139.199997 58.117455 508.574951
v -132.800003 59.411579 508.462006
v -132.907181 59.335938 508.067108
v -133.199997 59.280563 507.777985
v -133.599991 59.260296 507.672180
v -138.399994 59.260296 507.672180
v -138.800003 59.280563 507.777985
v -139.092819 59.335938 508.067108
v -139.199997 59.411579 508.462006
v -132.800003 60.540806 508.123260
v -132.907181 60.381214 507.753510
v -133.199997 60.264385 507.482849
v -133.599991 60.221622 507.383789
v -138.399994 60.221622 507.383789
v -138.800003 60.264385 507.482849
v -139.092819 60.381214 507.753510
v -139.199997 60.540806 508.123260
v -132.800003 61.469280 507.587311
v -132.907181 61.222103 507.268127
v -133.199997 61.041157 507.034485
v -133.599991 60.974926 506.948944
v -138.399994 60.974926 506.948944
v -138.800003 61.041157 507.034485
v -139.092819 61.222103 507.268127
v -139.199997 61.469280 507.587311
v -132.800003 62.161152 506.882904
v -132.907181 61.832802 506.646362
v -133.199997 61.592434 506.473206
v -133.599991 61.504452 506.409821
v -138.399994 61.504452 506.409821
v -138.800003 61.592434 506.473206
v -139.092819 61.832802 506.646362
v -139.199997 62.161152 506.882904
v -132.800003 62.591335 506.040466
v -132.907181 62.205521 505.916443
v -133.199997 61.923084 505.825684
v -133.599991 61.819706 505.792450
v -138.399994 61.819706 505.792450
v -138.800003 61.923084 505.825684
v -139.092819 62.205521 505.916443
v -139.199997 62.591335 506.040466
v -132.800003 62.734730 505.090485
v -132.907181 62.329659 505.094055
v -133.199997 62.033123 505.096680
v -133.599991 61.924587 505.097626
v -138.399994 61.924587 505.097626
v -138.800003 62.033123 505.096680
v -139.092819 62.329659 505.094055
v -139.199997 62.734730 505.090485
v -132.800003 62.568035 504.104645
v -132.907181 62.187286 504.252075
v -133.199997 61.908558 504.359985
v -133.599991 61.806538 504.399506
v -138.399994 61.806538 504.399506
v -138.800003 61.908558 504.359985
v -139.092819 62.187286 504.252075
v -139.199997 62.568035 504.104645
v -132.800003 62.067947 503.326721
v -132.907181 61.765572 503.596069
v -133.199997 61.544216 503.793243
v -133.599991 61.463192 503.865417
v -138.399994 61.463192 503.865417
v -138.800003 61.544216 503.793243
v -139.092819 61.765572 503.596069
v -139.199997 62.067947 503.326721
v -132.800003 61.331261 502.722687
v -132.907181 61.108627 503.057404
v -133.199997 60.945648 503.302429
v -133.599991 60.885990 503.392120
v -138.399994 60.885990 503.392120
v -138.800003 60.945648 503.302429
v -139.092819 61.108627 503.057404
v -139.199997 61.331261 502.722687
v -132.800003 60.454769 502.258453
v -132.907181 60.289204 502.623413
v -133.199997 60.168003 502.890564
v -133.599991 60.123638 502.988342
v -138.399994 60.123638 502.988342
v -138.800003 60.168003 502.890564
v -139.092819 60.289204 502.623413
v -139.199997 60.454769 502.258453
v -132.800003 59.529881 501.905334
v -132.907181 59.399719 502.283813
v -133.199997 59.304436 502.560852
v -133.599991 59.269558 502.662262
v -138.399994 59.269558 502.662262
v -138.800003 59.304436 502.560852
v -139.092819 59.399719 502.283813
v -139.199997 59.529881 501.905334
v -132.800003 58.648006 501.634674
v -132.907181 58.537209 502.019104
v -133.199997 58.456097 502.300507
v -133.599991 58.426407 502.403503
v -138.399994 58.426407 502.403503
v -138.800003 58.456097 502.300507
v -139.092819 58.537209 502.019104
v -139.199997 58.648006 501.634674
v -132.800003 56.468426 501.046783
v -132.907181 56.359211 501.431610
v -133.199997 56.279263 501.713318
v -133.599991 56.250000 501.816437
v -138.399994 56.250000 501.816437
v -138.800003 56.279263 501.713318
v -139.092819 56.359211 501.431610
v -139.199997 56.468426 501.046783
v -132.800003 55.505894 500.759979
v -132.907181 55.380219 501.139923
v -133.199997 55.288216 501.418060
v -133.599991 55.254543 501.519836
v -138.399994 55.254543 501.519836
v -138.800003 55.288216 501.418060
v -139.092819 55.380219 501.139923
v -139.199997 55.505894 500.759979
v -132.800003 54.482422 500.387146
v -132.907181 54.328556 500.756836
v -133.199997 54.215919 501.027435
v -133.599991 54.174690 501.126495
v -138.399994 54.174690 501.126495
v -138.800003 54.215919 501.027435
v -139.092819 54.328556 500.756836
v -139.199997 54.482422 500.387146
v -132.800003 53.460747 499.906799
v -132.907181 53.267448 500.257904
v -133.199997 53.125946 500.514954
v -133.599991 53.074150 500.609039
v -138.399994 53.074150 500.609039
v -138.800003 53.125946 500.514954
v -139.092819 53.267448 500.257904
v -139.199997 53.460747 499.906799
v -132.800003 52.503590 499.297363
v -132.907181 52.260353 499.616699
v -133.199997 52.082294 499.850464
v -133.599991 52.017120 499.936035
v -138.399994 52.017120 499.936035
v -138.800003 52.082294 499.850464
v -139.092819 52.260353 499.616699
v -139.199997 52.503590 499.297363
v -132.800003 51.664738 498.539185
v -132.907181 51.364925 498.807373
v -133.199997 51.145451 499.003693
v -133.599991 51.065113 499.075562
v -138.399994 51.065113 499.075562
v -138.800003 51.145451 499.003693
v -139.092819 51.364925 498.807373
v -139.199997 51.664738 498.539185
v -132.800003 50.997959 497.612488
v -132.907181 50.643444 497.804657
v -133.199997 50.383923 497.945343
v -133.599991 50.288933 497.996826
v -138.399994 50.288933 497.996826
v -138.800003 50.383923 497.945343
v -139.092819 50.643444 497.804657
v -139.199997 50.997959 497.612488
v -132.800003 50.562401 496.488647
v -132.907181 50.170345 496.583954
v -133.199997 49.883339 496.653717
v -133.599991 49.778290 496.679230
v -138.399994 49.778290 496.679230
v -138.800003 49.883339 496.653717
v -139.092819 50.170345 496.583954
v -139.199997 50.562401 496.488647
v -132.800003 50.417213 495.138947
v -132.907181 50.014259 495.132935
v -133.199997 49.719273 495.128510
v -133.599991 49.611301 495.126892
v -138.399994 49.611301 495.126892
v -138.800003 49.719273 495.128510
v -139.092819 50.014259 495.132935
v -139.199997 50.417213 495.138947
v -132.800003 50.646645 493.475586
v -132.907181 50.258526 493.362000
v -133.199997 49.974403 493.278839
v -133.599991 49.870407 493.248383
v -138.399994 49.870407 493.248383
v -138.800003 49.974403 493.278839
v -139.092819 50.258526 493.362000
v -139.199997 50.646645 493.475586
v -132.800003 51.334930 491.984283
v -132.907181 50.996723 491.762543
v -133.199997 50.749138 491.600220
v -133.599991 50.658516 491.540833
v -138.399994 50.658516 491.540833
v -138.800003 50.749138 491.600220
v -139.092819 50.996723 491.762543
v -139.199997 51.334930 491.984283
v -132.800003 52.456985 490.726013
v -132.907181 52.196014 490.417664
v -133.199997 52.004971 490.191925
v -133.599991 51.935043 490.109314
v -138.399994 51.935043 490.109314
v -138.800003 52.004971 490.191925
v -139.092819 52.196014 490.417664
v -139.199997 52.456985 490.726013
v -132.800003 45.240704 489.317169
v -132.907181 44.956577 488.917175
v -133.199997 44.748585 488.624359
v -133.599991 44.672455 488.517181
v -138.399994 44.672455 488.517181
v -138.800003 44.748585 488.624359
v -139.092819 44.956577 488.917175
v -139.199997 45.240704 489.317169
v -132.800003 48.122917 489.317169
v -132.907181 48.694061 488.917175
v -133.199997 49.112171 488.624359
v -133.599991 49.265209 488.517181
v -138.399994 49.265209 488.517181
v -138.800003 49.112171 488.624359
v -139.092819 48.694061 488.917175
v -139.199997 48.122917 489.317169
v -132.800003 40.350983 510.682831
v -132.907181 40.631123 511.082825
v -133.199997 40.836197 511.375641
v -133.600006 40.911259 511.482819
v -138.399994 40.911259 511.482819
v -138.800003 40.836197 511.375641
v -139.092819 40.631123 511.082825
v -139.199997 40.350983 510.682831
v -132.800003 37.210659 510.682831
v -132.907181 36.931400 511.082825
v -133.199997 36.726971 511.375641
v -133.600006 36.652145 511.482819
v -138.399994 36.652145 511.482819
v -138.800003 36.726971 511.375641
v -139.092819 36.931400 511.082825
v -139.199997 37.210659 510.682831
v -132.800003 29.367027 489.317169
v -132.907181 28.794079 488.917175
v -133.199997 28.374651 488.624359
v -133.599991 28.221130 488.517181
v -138.399994 28.221130 488.517181
v -138.800003 28.374651 488.624359
v -139.092819 28.794079 488.917175
v -139.199997 29.367027 489.317169
v -132.800003 32.220562 489.317169
v -132.907181 32.502579 488.917175
v -133.199997 32.709030 488.624359
v -133.599991 32.784595 488.517181
v -138.399994 32.784595 488.517181
v -138.800003 32.709030 488.624359
v -139.092819 32.502579 488.917175
v -139.199997 32.220562 489.317169
v -132.800003 36.751801 502.021851
v -132.907181 37.129490 501.890106
v -133.199997 37.405979 501.793640
v -133.599991 37.507183 501.758362
v -138.399994 37.507183 501.758362
v -138.800003 37.405979 501.793640
v -139.092819 37.129490 501.890106
v -139.199997 36.751801 502.021851
v -132.800003 37.201698 503.341064
v -132.907181 37.581364 503.215118
v -133.199997 37.859299 503.122894
v -133.600006 37.961029 503.089142
v -138.399994 37.961029 503.089142
v -138.800003 37.859299 503.122894
v -139.092819 37.581364 503.215118
v -139.199997 37.201698 503.341064
v -132.800003 37.719711 504.947083
v -132.907181 38.101254 504.826935
v -133.199997 38.380566 504.739014
v -133.600006 38.482800 504.706818
v -138.399994 38.482800 504.706818
v -138.800003 38.380566 504.739014
v -139.092819 38.101254 504.826935
v -139.199997 37.719711 504.947083
v -132.800003 38.330925 506.936676
v -132.907181 38.713928 506.821289
v -133.199997 38.994305 506.736816
v -133.600006 39.096928 506.705902
v -138.399994 39.096928 506.705902
v -138.800003 38.994305 506.736816
v -139.092819 38.713928 506.821289
v -139.199997 38.330925 506.936676
v -132.800003 39.060440 509.406616
v -132.907181 39.595665 509.806610
v -133.199997 39.987476 510.099426
v -133.600006 40.130890 510.206635
v -138.399994 40.130890 510.206635
v -138.800003 39.987476 510.099426
v -139.092819 39.595665 509.806610
v -139.199997 39.060440 509.406616
v -132.800003 38.515545 509.406616
v -132.907181 37.981216 509.806610
v -133.199997 37.590057 510.099426
v -133.600006 37.446884 510.206635
v -138.399994 37.446884 510.206635
v -138.800003 37.590057 510.099426
v -139.092819 37.981216 509.806610
v -139.199997 38.515545 509.406616
v -132.800003 39.248646 506.909790
v -132.907181 38.865643 506.794373
v -133.199997 38.585262 506.709900
v -133.600006 38.482635 506.678986
v -138.399994 38.482635 506.678986
v -138.800003 38.585262 506.709900
v -139.092819 38.865643 506.794373
v -139.199997 39.248646 506.909790
v -132.800003 39.870613 504.896881
v -132.907181 39.489189 504.776398
v -133.199997 39.209965 504.688171
v -133.600006 39.107765 504.655884
v -138.399994 39.107765 504.655884
v -138.800003 39.209965 504.688171
v -139.092819 39.489189 504.776398
v -139.199997 39.870613 504.896881
v -132.800003 40.388622 503.292664
v -132.907181 40.008450 503.168304
v -133.199997 39.730145 503.077240
v -133.599991 39.628277 503.043915
v -138.399994 39.628277 503.043915
v -138.800003 39.730145 503.077240
v -139.092819 40.008450 503.168304
v -139.199997 40.388622 503.292664
v -132.800003 40.809841 502.021851
v -132.907181 40.431129 501.893066
v -133.199997 40.153896 501.798767
v -133.599991 40.052418 501.764252
v -138.399994 40.052418 501.764252
v -138.800003 40.153896 501.798767
v -139.092819 40.431129 501.893066
v -139.199997 40.809841 502.021851
v -132.800003 33.281677 497.662689
v -132.907181 33.681679 497.262695
v -133.199997 33.974499 496.969849
v -133.599991 34.081676 496.862671
v -138.399994 34.081676 496.862671
v -138.800003 33.974499 496.969849
v -139.092819 33.681679 497.262695
v -139.199997 33.281677 497.662689
v -132.800003 44.193932 497.662689
v -132.907181 43.793930 497.262695
v -133.199997 43.501110 496.969849
v -133.599991 43.393932 496.862671
v -138.399994 43.393932 496.862671
v -138.800003 43.501110 496.969849
v -139.092819 43.793930 497.262695
v -139.199997 44.193932 497.662689
v -132.800003 44.193932 495.282349
v -132.907181 43.793930 495.682343
v -133.199997 43.501110 495.975159
v -133.599991 43.393932 496.082336
v -138.399994 43.393932 496.082336
v -138.800003 43.501110 495.975159
v -139.092819 43.793930 495.682343
v -139.199997 44.193932 495.282349
v -132.800003 33.281677 495.282349
v -132.907181 33.681679 495.682343
v -133.199997 33.974499 495.975159
v -133.599991 34.081676 496.082336
v -138.399994 34.081676 496.082336
v -138.800003 33.974499 495.975159
v -139.092819 33.681679 495.682343
v -139.199997 33.281677 495.282349
v -132.800003 13.493348 489.317169
v -132.907181 13.093349 488.917175
v -133.199997 12.800528 488.624359
v -133.600006 12.693348 488.517181
v -138.399994 12.693348 488.517181
v -138.800003 12.800528 488.624359
v -139.092819 13.093349 488.917175
v -139.199997 13.493348 489.317169
v -132.800003 26.140669 489.317169
v -132.907181 26.540668 488.917175
v -133.199997 26.833488 488.624359
v -133.599991 26.940668 488.517181
v -138.399994 26.940668 488.517181
v -138.800003 26.833488 488.624359
v -139.092819 26.540668 488.917175
v -139.199997 26.140669 489.317169
v -132.800003 26.140669 510.682831
v -132.907181 26.540668 511.082825
v -133.199997 26.833488 511.375641
v -133.600006 26.940668 511.482819
v -138.399994 26.940668 511.482819
v -138.800003 26.833488 511.375641
v -139.092819 26.540668 511.082825
v -139.199997 26.140669 510.682831
v -132.800003 23.430529 510.682831
v -132.907181 23.030529 511.082825
v -133.199997 22.737709 511.375641
v -133.600006 22.630529 511.482819
v -138.399994 22.630529 511.482819
v -138.800003 22.737709 511.375641
v -139.092819 23.030529 511.082825
v -139.199997 23.430529 510.682831
v -132.800003 23.430529 491.711853
v -132.907181 23.030529 492.111847
v -133.199997 22.737709 492.404663
v -133.600006 22.630529 492.511841
v -138.399994 22.630529 492.511841
v -138.800003 22.737709 492.404663
v -139.092819 23.030529 492.111847
v -139.199997 23.430529 491.711853
v -132.800003 13.493348 491.711853
v -132.907181 13.093349 492.111847
v -133.199997 12.800528 492.404663
v -133.600006 12.693348 492.511841
v -138.399994 12.693348 492.511841
v -138.800003 12.800528 492.404663
v -139.092819 13.093349 492.111847
v -139.199997 13.493348 491.711853
v -132.800003 0.487542 489.317169
v -132.907181 0.207404 488.917175
v -133.199997 0.002328 488.624359
v -133.600006 -0.072735 488.517181
v -138.399994 -0.072735 488.517181
v -138.800003 0.002328 488.624359
v -139.092819 0.207404 488.917175
v -139.199997 0.487543 489.317169
v -132.800003 3.599185 489.317169
v -132.907181 3.878090 488.917175
v -133.199997 4.082264 488.624359
v -133.600006 4.156996 488.517181
v -138.399994 4.156996 488.517181
v -138.800003 4.082264 488.624359
v -139.092819 3.878091 488.917175
v -139.199997 3.599185 489.317169
v -132.800003 11.471497 510.682831
v -132.907181 12.045167 511.082825
v -133.199997 12.465123 511.375641
v -133.600006 12.618838 511.482819
v -138.399994 12.618838 511.482819
v -138.800003 12.465123 511.375641
v -139.092819 12.045167 511.082825
v -139.199997 11.471497 510.682831
v -132.800003 8.617963 510.682831
v -132.907181 8.335947 511.082825
v -133.199997 8.129497 511.375641
v -133.600006 8.053930 511.482819
v -138.399994 8.053930 511.482819
v -138.800003 8.129497 511.375641
v -139.092819 8.335947 511.082825
v -139.199997 8.617963 510.682831
v -132.800003 4.086724 497.978149
v -132.907181 3.709311 498.110687
v -133.199997 3.433026 498.207703
v -133.600006 3.331899 498.243195
v -138.399994 3.331899 498.243195
v -138.800003 3.433027 498.207703
v -139.092819 3.709312 498.110687
v -139.199997 4.086724 497.978149
v -132.800003 3.651165 496.718079
v -132.907181 3.272002 496.845551
v -133.199997 2.994435 496.938843
v -133.600006 2.892839 496.972992
v -138.399994 2.892839 496.972992
v -138.800003 2.994436 496.938843
v -139.092819 3.272002 496.845551
v -139.199997 3.651165 496.718079
v -132.800003 3.118816 495.088776
v -132.907181 2.737773 495.210480
v -133.199997 2.458830 495.299561
v -133.600006 2.356730 495.332184
v -138.399994 2.356730 495.332184
v -138.800003 2.458830 495.299561
v -139.092819 2.737773 495.210480
v -139.199997 3.118817 495.088776
v -132.800003 2.486092 493.061523
v -132.907181 2.103610 493.178650
v -133.199997 1.823614 493.264374
v -133.600006 1.721128 493.295746
v -138.399994 1.721128 493.295746
v -138.800003 1.823614 493.264374
v -139.092819 2.103610 493.178650
v -139.199997 2.486092 493.061523
v -132.800003 1.749407 490.607727
v -132.907181 1.211682 490.207703
v -133.199997 0.818040 489.914886
v -133.600006 0.673957 489.807709
v -138.399994 0.673957 489.807709
v -138.800003 0.818040 489.914886
v -139.092819 1.211682 490.207703
v -139.199997 1.749407 490.607727
v -132.800003 2.308642 490.607727
v -132.907181 2.843774 490.207703
v -133.199997 3.235518 489.914886
v -133.600006 3.378907 489.807709
v -138.399994 3.378907 489.807709
v -138.800003 3.235519 489.914886
v -139.092819 2.843775 490.207703
v -139.199997 2.308642 490.607727
v -132.800003 1.573750 493.097382
v -132.907181 1.956588 493.213318
v -133.199997 2.236845 493.298218
v -133.600006 2.339426 493.329285
v -138.399994 2.339426 493.329285
v -138.800003 2.236845 493.298218
v -139.092819 1.956588 493.213318
v -139.199997 1.573750 493.097382
v -132.800003 0.946402 495.117432
v -132.907181 1.327598 495.238678
v -133.199997 1.606653 495.327423
v -133.600006 1.708794 495.359894
v -138.399994 1.708794 495.359894
v -138.800003 1.606653 495.327423
v -139.092819 1.327598 495.238678
v -139.199997 0.946402 495.117432
v -132.800003 0.423016 496.725250
v -132.907181 0.802695 496.851135
v -133.199997 1.080640 496.943298
v -133.600006 1.182375 496.977020
v -138.399994 1.182375 496.977020
v -138.800003 1.080640 496.943298
v -139.092819 0.802696 496.851135
v -139.199997 0.423016 496.725250
v -132.800003 0.000004 497.978149
v -132.907181 0.378413 498.107788
v -133.199997 0.655428 498.202698
v -133.600006 0.756823 498.237457
v -138.399994 0.756823 498.237457
v -138.800003 0.655429 498.202698
v -139.092819 0.378414 498.107788
v -139.199997 0.000004 497.978149
v -132.800003 -4.416520 510.682831
v -132.907181 -4.132092 511.082825
v -133.199997 -3.923876 511.375641
v -133.600006 -3.847663 511.482819
v -138.399994 -3.847663 511.482819
v -138.800003 -3.923875 511.375641
v -139.092819 -4.132092 511.082825
v -139.199997 -4.416520 510.682831
v -132.800003 -7.284393 510.682831
v -132.907181 -7.855538 511.082825
v -133.199997 -8.273645 511.375641
v -133.600006 -8.426683 511.482819
v -138.399994 -8.426683 511.482819
v -138.800003 -8.273645 511.375641
v -139.092819 -7.855538 511.082825
v -139.199997 -7.284393 510.682831
v -132.800003 -11.557524 489.317169
v -132.907181 -11.841649 488.917175
v -133.199997 -12.049643 488.624359
v -133.600006 -12.125774 488.517181
v -138.399994 -12.125774 488.517181
v -138.800003 -12.049643 488.624359
v -139.092819 -11.841649 488.917175
v -139.199997 -11.557524 489.317169
v -132.800003 -8.675312 489.317169
v -132.907181 -8.104166 488.917175
v -133.199997 -7.686059 488.624359
v -133.600006 -7.533021 488.517181
v -138.399994 -7.533021 488.517181
v -138.800003 -7.686059 488.624359
v -139.092819 -8.104166 488.917175
v -139.199997 -8.675312 489.317169
v -132.800003 -16.447248 510.682831
v -132.907181 -16.167110 511.082825
v -133.199997 -15.962034 511.375641
v -133.600006 -15.886971 511.482819
v -138.399994 -15.886971 511.482819
v -138.800003 -15.962034 511.375641
v -139.092819 -16.167110 511.082825
v -139.199997 -16.447248 510.682831
v -132.800003 -19.587568 510.682831
v -132.907181 -19.866825 511.082825
v -133.199997 -20.071257 511.375641
v -133.600006 -20.146082 511.482819
v -138.399994 -20.146082 511.482819
v -138.800003 -20.071257 511.375641
v -139.092819 -19.866825 511.082825
v -139.199997 -19.587568 510.682831
v -132.800003 -27.431202 489.317169
v -132.907181 -28.004150 488.917175
v -133.199997 -28.423578 488.624359
v -133.600006 -28.577099 488.517181
v -138.399994 -28.577099 488.517181
v -138.800003 -28.423578 488.624359
v -139.092819 -28.004150 488.917175
v -139.199997 -27.431202 489.317169
v -132.800003 -24.577667 489.317169
v -132.907181 -24.295650 488.917175
v -133.199997 -24.089201 488.624359
v -133.600006 -24.013636 488.517181
v -138.399994 -24.013636 488.517181
v -138.800003 -24.089201 488.624359
v -139.092819 -24.295650 488.917175
v -139.199997 -24.577667 489.317169
v -132.800003 -20.046429 502.021851
v -132.907181 -19.668737 501.890106
v -133.199997 -19.392250 501.793640
v -133.600006 -19.291048 501.758362
v -138.399994 -19.291048 501.758362
v -138.800003 -19.392250 501.793640
v -139.092819 -19.668737 501.890106
v -139.199997 -20.046429 502.021851
v -132.800003 -19.596529 503.341064
v -132.907181 -19.216864 503.215118
v -133.199997 -18.938931 503.122894
v -133.600006 -18.837200 503.089142
v -138.399994 -18.837200 503.089142
v -138.800003 -18.938931 503.122894
v -139.092819 -19.216864 503.215118
v -139.199997 -19.596529 503.341064
v -132.800003 -19.078520 504.947083
v -132.907181 -18.696976 504.826935
v -133.199997 -18.417665 504.739014
v -133.600006 -18.315432 504.706818
v -138.399994 -18.315432 504.706818
v -138.800003 -18.417665 504.739014
v -139.092819 -18.696976 504.826935
v -139.199997 -19.078520 504.947083
v -132.800003 -18.467304 506.936676
v -132.907181 -18.084303 506.821289
v -133.199997 -17.803925 506.736816
v -133.600006 -17.701300 506.705902
v -138.399994 -17.701300 506.705902
v -138.800003 -17.803925 506.736816
v -139.092819 -18.084303 506.821289
v -139.199997 -18.467304 506.936676
v -132.800003 -17.737791 509.406616
v -132.907181 -17.202566 509.806610
v -133.199997 -16.810755 510.099426
v -133.600006 -16.667343 510.206635
v -138.399994 -16.667343 510.206635
v -138.800003 -16.810755 510.099426
v -139.092819 -17.202566 509.806610
v -139.199997 -17.737791 509.406616
v -132.800003 -18.282686 509.406616
v -132.907181 -18.817017 509.806610
v -133.199997 -19.208172 510.099426
v -133.600006 -19.351345 510.206635
v -138.399994 -19.351345 510.206635
v -138.800003 -19.208172 510.099426
v -139.092819 -18.817017 509.806610
v -139.199997 -18.282686 509.406616
v -132.800003 -17.549585 506.909790
v -132.907181 -17.932589 506.794373
v -133.199997 -18.212969 506.709900
v -133.600006 -18.315594 506.678986
v -138.399994 -18.315594 506.678986
v -138.800003 -18.212969 506.709900
v -139.092819 -17.932589 506.794373
v -139.199997 -17.549585 506.909790
v -132.800003 -16.927616 504.896881
v -132.907181 -17.309040 504.776398
v -133.199997 -17.588263 504.688171
v -133.600006 -17.690466 504.655884
v -138.399994 -17.690466 504.655884
v -138.800003 -17.588263 504.688171
v -139.092819 -17.309040 504.776398
v -139.199997 -16.927616 504.896881
v -132.800003 -16.409607 503.292664
v -132.907181 -16.789780 503.168304
v -133.199997 -17.068085 503.077240
v -133.600006 -17.169952 503.043915
v -138.399994 -17.169952 503.043915
v -138.800003 -17.068085 503.077240
v -139.092819 -16.789780 503.168304
v -139.199997 -16.409607 503.292664
v -132.800003 -15.988388 502.021851
v -132.907181 -16.367100 501.893066
v -133.199997 -16.644335 501.798767
v -133.600006 -16.745810 501.764252
v -138.399994 -16.745810 501.764252
v -138.800003 -16.644335 501.798767
v -139.092819 -16.367100 501.893066
v -139.199997 -15.988388 502.021851
v -132.800003 -23.516552 497.662689
v -132.907181 -23.116552 497.262695
v -133.199997 -22.823732 496.969849
v -133.600006 -22.716553 496.862671
v -138.399994 -22.716553 496.862671
v -138.800003 -22.823732 496.969849
v -139.092819 -23.116552 497.262695
v -139.199997 -23.516552 497.662689
v -132.800003 -12.604298 497.662689
v -132.907181 -13.004297 497.262695
v -133.199997 -13.297118 496.969849
v -133.600006 -13.404298 496.862671
v -138.399994 -13.404298 496.862671
v -138.800003 -13.297118 496.969849
v -139.092819 -13.004297 497.262695
v -139.199997 -12.604298 497.662689
v -132.800003 -12.604298 495.282349
v -132.907181 -13.004297 495.682343
v -133.199997 -13.297118 495.975159
v -133.600006 -13.404298 496.082336
v -138.399994 -13.404298 496.082336
v -138.800003 -13.297118 495.975159
v -139.092819 -13.004297 495.682343
v -139.199997 -12.604298 495.282349
v -132.800003 -23.516552 495.282349
v -132.907181 -23.116552 495.682343
v -133.199997 -22.823732 495.975159
v -133.600006 -22.716553 496.082336
v -138.399994 -22.716553 496.082336
v -138.800003 -22.823732 495.975159
v -139.092819 -23.116552 495.682343
v -139.199997 -23.516552 495.282349
v -132.800003 -43.950153 490.105835
v -132.907181 -44.142735 489.751099
v -133.199997 -44.283714 489.491455
v -133.600006 -44.335320 489.396393
v -138.399994 -44.335320 489.396393
v -138.800003 -44.283714 489.491455
v -139.092819 -44.142735 489.751099
v -139.199997 -43.950153 490.105835
v -132.800003 -41.827927 489.299255
v -132.907181 -41.922661 488.907349
v -133.199997 -41.992012 488.620422
v -133.600006 -42.017395 488.515411
v -138.399994 -42.017395 488.515411
v -138.800003 -41.992012 488.620422
v -139.092819 -41.922661 488.907349
v -139.199997 -41.827927 489.299255
v -132.800003 -39.418915 489.030396
v -132.907181 -39.416237 488.627594
v -133.199997 -39.414280 488.332733
v -133.600006 -39.413563 488.224823
v -138.399994 -39.413563 488.224823
v -138.800003 -39.414280 488.332733
v -139.092819 -39.416237 488.627594
v -139.199997 -39.418915 489.030396
v -132.800003 -36.739246 489.365570
v -132.907181 -36.633125 488.975708
v -133.199997 -36.555439 488.690338
v -133.600006 -36.527004 488.585876
v -138.399994 -36.527004 488.585876
v -138.800003 -36.555439 488.690338
v -139.092819 -36.633125 488.975708
v -139.199997 -36.739246 489.365570
v -132.800003 -34.407307 490.371124
v -132.907181 -34.194637 490.027222
v -133.199997 -34.038948 489.775452
v -133.600006 -33.981964 489.683319
v -138.399994 -33.981964 489.683319
v -138.800003 -34.038948 489.775452
v -139.092819 -34.194637 490.027222
v -139.199997 -34.407307 490.371124
v -132.800003 -32.485832 491.991455
v -132.907181 -32.184292 491.722504
v -133.199997 -31.963551 491.525604
v -133.600006 -31.882753 491.453552
v -138.399994 -31.882753 491.453552
v -138.800003 -31.963551 491.525604
v -139.092819 -32.184292 491.722504
v -139.199997 -32.485832 491.991455
v -132.800003 -31.037556 494.171051
v -132.907181 -30.675465 493.993225
v -133.199997 -30.410397 493.863037
v -133.600006 -30.313374 493.815399
v -138.399994 -30.313374 493.815399
v -138.800003 -30.410397 493.863037
v -139.092819 -30.675465 493.993225
v -139.199997 -31.037556 494.171051
v -132.800003 -30.128799 496.854309
v -132.907181 -29.735109 496.769775
v -133.199997 -29.446907 496.707886
v -133.600006 -29.341419 496.685242
v -138.399994 -29.341419 496.685242
v -138.800003 -29.446907 496.707886
v -139.092819 -29.735109 496.769775
v -139.199997 -30.128799 496.854309
v -132.800003 -29.825880 499.985657
v -132.907181 -29.424025 499.985535
v -133.199997 -29.129848 499.985443
v -133.600006 -29.022171 499.985382
v -138.399994 -29.022171 499.985382
v -138.800003 -29.129848 499.985443
v -139.092819 -29.424025 499.985535
v -139.199997 -29.825880 499.985657
v -132.800003 -30.128799 503.138519
v -132.907181 -29.735050 503.222778
v -133.199997 -29.446808 503.284424
v -133.600006 -29.341303 503.307007
v -138.399994 -29.341303 503.307007
v -138.800003 -29.446808 503.284424
v -139.092819 -29.735050 503.222778
v -139.199997 -30.128799 503.138519
v -132.800003 -31.037556 505.828949
v -132.907181 -30.675262 506.006317
v -133.199997 -30.410044 506.136139
v -133.600006 -30.312969 506.183685
v -138.400009 -30.312969 506.183685
v -138.800003 -30.410044 506.136139
v -139.092819 -30.675262 506.006317
v -139.199997 -31.037556 505.828949
v -132.800003 -32.480453 508.008545
v -132.907181 -32.178177 508.276550
v -133.199997 -31.956898 508.472778
v -133.600006 -31.875904 508.544586
v -138.400009 -31.875904 508.544586
v -138.800003 -31.956898 508.472778
v -139.092819 -32.178177 508.276550
v -139.199997 -32.480453 508.008545
v -132.800003 -34.385799 509.628876
v -132.907181 -34.171242 509.971497
v -133.199997 -34.014175 510.222321
v -133.600006 -33.956684 510.314117
v -138.400009 -33.956684 510.314117
v -138.800003 -34.014175 510.222321
v -139.092819 -34.171242 509.971497
v -139.199997 -34.385799 509.628876
v -132.800003 -36.672928 510.634430
v -132.907181 -36.564556 511.023743
v -133.199997 -36.485222 511.308716
v -133.600006 -36.456181 511.413055
v -138.400009 -36.456181 511.413055
v -138.800003 -36.485222 511.308716
v -139.092819 -36.564556 511.023743
v -139.199997 -36.672928 510.634430
v -132.800003 -39.261181 510.969604
v -132.907181 -39.250656 511.371582
v -133.199997 -39.242954 511.665863
v -133.600006 -39.240135 511.773560
v -138.400009 -39.240135 511.773560
v -138.800003 -39.242954 511.665863
v -139.092819 -39.250656 511.371582
v -139.199997 -39.261181 510.969604
v -132.800003 -40.899456 510.844147
v -132.907181 -40.962917 511.240448
v -133.199997 -41.009373 511.530579
v -133.600006 -41.026375 511.636780
v -138.400009 -41.026375 511.636780
v -138.800003 -41.009373 511.530579
v -139.092819 -40.962917 511.240448
v -139.199997 -40.899456 510.844147
v -132.800003 -42.430183 510.467743
v -132.907181 -42.558994 510.847961
v -133.199997 -42.653294 511.126343
v -133.600006 -42.687809 511.228210
v -138.400009 -42.687809 511.228210
v -138.800003 -42.653294 511.126343
v -139.092819 -42.558994 510.847961
v -139.199997 -42.430183 510.467743
v -132.800003 -43.828270 509.856506
v -132.907181 -44.021118 510.208771
v -133.199997 -44.162292 510.466614
v -133.600006 -44.213963 510.561005
v -138.400009 -44.213963 510.561005
v -138.800003 -44.162292 510.466614
v -139.092819 -44.021118 510.208771
v -139.199997 -43.828270 509.856506
v -132.800003 -45.068626 509.026642
v -132.907181 -45.320679 509.339264
v -133.199997 -45.505192 509.568115
v -133.600006 -45.572731 509.651886
v -138.400009 -45.572731 509.651886
v -138.800003 -45.505192 509.568115
v -139.092819 -45.320679 509.339264
v -139.199997 -45.068626 509.026642
v -132.800003 -46.131531 508.001373
v -132.907181 -46.434834 508.264557
v -133.199997 -46.656864 508.457245
v -133.600006 -46.738132 508.527771
v -138.400009 -46.738132 508.527771
v -138.800003 -46.656864 508.457245
v -139.092819 -46.434834 508.264557
v -139.199997 -46.131531 508.001373
v -132.800003 -46.997269 506.804016
v -132.907181 -47.342564 507.009155
v -133.199997 -47.595341 507.159302
v -133.600006 -47.687862 507.214264
v -138.400009 -47.687862 507.214264
v -138.800003 -47.595341 507.159302
v -139.092819 -47.342564 507.009155
v -139.199997 -46.997269 506.804016
v -132.800003 -47.644333 505.450745
v -132.907181 -48.020771 505.590729
v -133.199997 -48.296341 505.693207
v -133.600006 -48.397209 505.730713
v -138.400009 -48.397209 505.730713
v -138.800003 -48.296341 505.693207
v -139.092819 -48.020771 505.590729
v -139.199997 -47.644333 505.450745
v -132.800003 -48.051212 503.957672
v -132.907181 -48.574802 503.557648
v -133.199997 -48.958096 503.264832
v -133.600006 -49.098392 503.157654
v -138.400009 -49.098392 503.157654
v -138.800003 -48.958096 503.264832
v -139.092819 -48.574802 503.557648
v -139.199997 -48.051212 503.957672
v -132.800003 -45.269375 503.957672
v -132.907181 -44.995258 503.557648
v -133.199997 -44.794594 503.264832
v -133.600006 -44.721146 503.157654
v -138.400009 -44.721146 503.157654
v -138.800003 -44.794594 503.264832
v -139.092819 -44.995258 503.557648
v -139.199997 -45.269375 503.957672
v -132.800003 -44.885799 504.948883
v -132.907181 -44.522861 504.778412
v -133.199997 -44.257172 504.653595
v -133.600006 -44.159924 504.607941
v -138.400009 -44.159924 504.607941
v -138.800003 -44.257172 504.653595
v -139.092819 -44.522861 504.778412
v -139.199997 -44.885799 504.948883
v -132.800003 -44.394676 505.828949
v -132.907181 -44.060390 505.607147
v -133.199997 -43.815674 505.444763
v -133.600006 -43.726101 505.385315
v -138.400009 -43.726101 505.385315
v -138.800003 -43.815674 505.444763
v -139.092819 -44.060390 505.607147
v -139.199997 -44.394676 505.828949
v -132.800003 -43.796005 506.596100
v -132.907181 -43.500675 506.324371
v -133.199997 -43.284477 506.125458
v -133.600006 -43.205345 506.052643
v -138.400009 -43.205345 506.052643
v -138.800003 -43.284477 506.125458
v -139.092819 -43.500675 506.324371
v -139.199997 -43.796005 506.596100
v -132.800003 -43.089794 507.248535
v -132.907181 -42.843578 506.931427
v -133.199997 -42.663338 506.699310
v -133.600006 -42.597363 506.614319
v -138.400009 -42.597363 506.614319
v -138.800003 -42.663338 506.699310
v -139.092819 -42.843578 506.931427
v -139.199997 -43.089794 507.248535
v -132.800003 -42.281414 507.771942
v -132.907181 -42.093834 507.416870
v -133.199997 -41.956516 507.156921
v -133.600006 -41.906254 507.061798
v -138.400009 -41.906254 507.061798
v -138.800003 -41.956516 507.156921
v -139.092819 -42.093834 507.416870
v -139.199997 -42.281414 507.771942
v -132.800003 -41.376240 508.151917
v -132.907181 -41.252956 507.769867
v -133.199997 -41.162708 507.490173
v -133.600006 -41.129673 507.387787
v -138.400009 -41.129673 507.387787
v -138.800003 -41.162708 507.490173
v -139.092819 -41.252956 507.769867
v -139.199997 -41.376240 508.151917
v -132.800003 -40.374275 508.383148
v -132.907181 -40.314945 507.986328
v -133.199997 -40.271511 507.695831
v -133.600006 -40.255615 507.589508
v -138.400009 -40.255615 507.589508
v -138.800003 -40.271511 507.695831
v -139.092819 -40.314945 507.986328
v -139.199997 -40.374275 508.383148
v -132.800003 -39.275520 508.460236
v -132.907181 -39.288464 508.058319
v -133.199997 -39.297939 507.764130
v -133.600006 -39.301407 507.656433
v -138.400009 -39.301407 507.656433
v -138.800003 -39.297939 507.764130
v -139.092819 -39.288464 508.058319
v -139.199997 -39.275520 508.460236
v -132.800003 -37.459801 508.214661
v -132.907181 -37.571167 507.826080
v -133.199997 -37.652695 507.541626
v -133.600006 -37.682537 507.437500
v -138.400009 -37.682537 507.437500
v -138.800003 -37.652695 507.541626
v -139.092819 -37.571167 507.826080
v -139.199997 -37.459801 508.214661
v -132.800003 -35.826904 507.477966
v -132.907181 -36.045628 507.137817
v -133.199997 -36.205746 506.888824
v -133.600006 -36.264351 506.797699
v -138.400009 -36.264351 506.797699
v -138.800003 -36.205746 506.888824
v -139.092819 -36.045628 507.137817
v -139.199997 -35.826904 507.477966
v -132.800003 -34.444946 506.268097
v -132.907181 -34.751392 506.004761
v -133.199997 -34.975723 505.811951
v -133.600006 -35.057835 505.741394
v -138.400009 -35.057835 505.741394
v -138.800003 -34.975723 505.811951
v -139.092819 -34.751392 506.004761
v -139.199997 -34.444946 506.268097
v -132.800003 -33.382042 504.602936
v -132.907181 -33.746922 504.431122
v -133.199997 -34.014030 504.305359
v -133.600006 -34.111801 504.259338
v -138.400009 -34.111801 504.259338
v -138.800003 -34.014030 504.305359
v -139.092819 -33.746922 504.431122
v -139.199997 -33.382042 504.602936
v -132.800003 -32.704506 502.502228
v -132.907181 -33.098911 502.421967
v -133.199997 -33.387634 502.363220
v -133.600006 -33.493317 502.341705
v -138.400009 -33.493317 502.341705
v -138.800003 -33.387634 502.363220
v -139.092819 -33.098911 502.421967
v -139.199997 -32.704506 502.502228
v -132.800003 -32.478661 499.985657
v -132.907181 -32.880291 499.985901
v -133.199997 -33.174305 499.986084
v -133.600006 -33.281921 499.986145
v -138.399994 -33.281921 499.986145
v -138.800003 -33.174305 499.986084
v -139.092819 -32.880291 499.985901
v -139.199997 -32.478661 499.985657
v -132.800003 -32.706299 497.483429
v -132.907181 -33.100548 497.564819
v -133.199997 -33.389160 497.624359
v -133.600006 -33.494797 497.646179
v -138.399994 -33.494797 497.646179
v -138.800003 -33.389160 497.624359
v -139.092819 -33.100548 497.564819
v -139.199997 -32.706299 497.483429
v -132.800003 -33.389214 495.397064
v -132.907181 -33.753124 495.571106
v -133.199997 -34.019527 495.698517
v -133.600006 -34.117035 495.745178
v -138.399994 -34.117035 495.745178
v -138.800003 -34.019527 495.698517
v -139.092819 -33.753124 495.571106
v -139.199997 -33.389214 495.397064
v -132.800003 -34.464664 493.740875
v -132.907181 -34.769073 494.006561
v -133.199997 -34.991917 494.201050
v -133.600006 -35.073483 494.272247
v -138.399994 -35.073483 494.272247
v -138.800003 -34.991917 494.201050
v -139.092819 -34.769073 494.006561
v -139.199997 -34.464664 493.740875
v -132.800003 -35.869923 492.529175
v -132.907181 -36.086285 492.870789
v -133.199997 -36.244671 493.120880
v -133.600006 -36.302647 493.212402
v -138.399994 -36.302647 493.212402
v -138.800003 -36.244671 493.120880
v -139.092819 -36.086285 492.870789
v -139.199997 -35.869923 492.529175
v -132.800003 -37.542252 491.787140
v -132.907181 -37.651737 492.176147
v -133.199997 -37.731888 492.460938
v -133.600006 -37.761223 492.565186
v -138.399994 -37.761223 492.565186
v -138.800003 -37.731888 492.460938
v -139.092819 -37.651737 492.176147
v -139.199997 -37.542252 491.787140
v -132.800003 -39.418915 491.539764
v -132.907181 -39.422699 491.942749
v -133.199997 -39.425465 492.237732
v -133.600006 -39.426479 492.345703
v -138.399994 -39.426479 492.345703
v -138.800003 -39.425465 492.237732
v -139.092819 -39.422699 491.942749
v -139.199997 -39.418915 491.539764
v -132.800003 -41.119923 491.731567
v -132.907181 -41.023880 492.123260
v -133.199997 -40.953571 492.410004
v -133.600006 -40.927837 492.514984
v -138.399994 -40.927837 492.514984
v -138.800003 -40.953571 492.410004
v -139.092819 -41.023880 492.123260
v -139.199997 -41.119923 491.731567
v -132.800003 -42.609428 492.306915
v -132.907181 -42.413158 492.659912
v -133.199997 -42.269478 492.918335
v -133.600006 -42.216888 493.012909
v -138.399994 -42.216888 493.012909
v -138.800003 -42.269478 492.918335
v -139.092819 -42.413158 492.659912
v -139.199997 -42.609428 492.306915
v -132.800003 -43.842609 493.237183
v -132.907181 -43.555695 493.521820
v -133.199997 -43.345661 493.730164
v -133.600006 -43.268780 493.806427
v -138.400009 -43.268780 493.806427
v -138.800003 -43.345661 493.730164
v -139.092819 -43.555695 493.521820
v -139.199997 -43.842609 493.237183
v -132.800003 -44.774670 494.493683
v -132.907181 -44.420448 494.687561
v -133.199997 -44.161140 494.829498
v -133.600006 -44.066227 494.881439
v -138.400009 -44.066227 494.881439
v -138.800003 -44.161140 494.829498
v -139.092819 -44.420448 494.687561
v -139.199997 -44.774670 494.493683
v -132.800003 -45.360790 496.035156
v -132.907181 -44.968727 496.129517
v -133.199997 -44.681721 496.198608
v -133.600006 -44.576668 496.223877
v -138.400009 -44.576668 496.223877
v -138.800003 -44.681721 496.198608
v -139.092819 -44.968727 496.129517
v -139.199997 -45.360790 496.035156
v -132.800003 -45.556164 497.820404
v -132.907181 -45.204964 498.288147
v -133.199997 -44.947865 498.630524
v -133.600006 -44.853760 498.755859
v -138.400009 -44.853760 498.755859
v -138.800003 -44.947865 498.630524
v -139.092819 -45.204964 498.288147
v -139.199997 -45.556164 497.820404
v -132.800003 -46.373505 497.677032
v -132.907181 -50.968319 497.277008
v -133.199997 -54.331959 496.984192
v -133.600006 -55.563133 496.877014
v -138.400009 -55.563133 496.877014
v -138.800003 -54.331959 496.984192
v -139.092819 -50.968319 497.277008
v -139.199997 -46.373505 497.677032
v -132.800003 -40.006828 497.677032
v -132.907181 -39.606827 497.277008
v -133.199997 -39.314007 496.984192
v -133.600006 -39.206829 496.877014
v -138.400009 -39.206829 496.877014
v -138.800003 -39.314007 496.984192
v -139.092819 -39.606827 497.277008
v -139.199997 -40.006828 497.677032
v -132.800003 -40.006828 500.057343
v -132.907181 -39.606827 500.457367
v -133.199997 -39.314007 500.750183
v -133.600006 -39.206829 500.857361
v -138.400009 -39.206829 500.857361
v -138.800003 -39.314007 500.750183
v -139.092819 -39.606827 500.457367
v -139.199997 -40.006828 500.057343
v -132.800003 -48.208946 500.057343
v -132.907181 -48.608948 500.457367
v -133.199997 -48.901768 500.750183
v -133.600006 -49.008945 500.857361
v -138.400009 -49.008945 500.857361
v -138.800003 -48.901768 500.750183
v -139.092819 -48.608948 500.457367
v -139.199997 -48.208946 500.057343
v -132.800003 -48.208946 497.720032
v -132.907181 -48.608948 497.696991
v -133.199997 -48.901768 497.680145
v -133.600006 -49.008945 497.673981
v -138.400009 -49.008945 497.673981
v -138.800003 -48.901768 497.680145
v -139.092819 -48.608948 497.696991
v -139.199997 -48.208946 497.720032
v -132.800003 -47.923950 495.253662
v -132.907181 -48.315117 495.154205
v -133.199997 -48.601471 495.081390
v -133.600006 -48.706284 495.054718
v -138.400009 -48.706284 495.054718
v -138.800003 -48.601471 495.081390
v -139.092819 -48.315117 495.154205
v -139.199997 -47.923950 495.253662
v -132.800003 -47.068966 493.131439
v -132.907181 -47.418991 492.929840
v -133.199997 -47.675224 492.782257
v -133.600006 -47.769012 492.728241
v -138.400009 -47.769012 492.728241
v -138.800003 -47.675224 492.782257
v -139.092819 -47.418991 492.929840
v -139.199997 -47.068966 493.131439
v -132.800003 -45.719273 491.399963
v -132.907181 -46.000458 491.110046
v -133.199997 -46.206295 490.897827
v -133.600006 -46.281639 490.820129
v -138.400009 -46.281639 490.820129
v -138.800003 -46.206295 490.897827
v -139.092819 -46.000458 491.110046
v -139.199997 -45.719273 491.399963
v -132.800003 -65.745995 489.317169
v -132.907181 -66.145996 488.917175
v -133.199997 -66.438812 488.624359
v -133.600006 -66.545998 488.517181
v -138.400009 -66.545998 488.517181
v -138.800003 -66.438812 488.624359
v -139.092819 -66.145996 488.917175
v -139.199997 -65.745995 489.317169
v -132.800003 -52.510761 489.317169
v -132.907181 -52.110760 488.917175
v -133.199997 -51.817940 488.624359
v -133.600006 -51.710762 488.517181
v -138.400009 -51.710762 488.517181
v -138.800003 -51.817940 488.624359
v -139.092819 -52.110760 488.917175
v -139.199997 -52.510761 489.317169
v -132.800003 -52.510761 510.682831
v -132.907181 -52.110760 511.082825
v -133.199997 -51.817940 511.375641
v -133.600006 -51.710762 511.482819
v -138.400009 -51.710762 511.482819
v -138.800003 -51.817940 511.375641
v -139.092819 -52.110760 511.082825
v -139.199997 -52.510761 510.682831
v -132.800003 -65.631279 510.682831
v -132.907181 -66.031281 511.082825
v -133.199997 -66.324097 511.375641
v -133.600006 -66.431282 511.482819
v -138.400009 -66.431282 511.482819
v -138.800003 -66.324097 511.375641
v -139.092819 -66.031281 511.082825
v -139.199997 -65.631279 510.682831
v -132.800003 -65.631279 508.288147
v -132.907181 -66.031281 507.888153
v -133.199997 -66.324097 507.595337
v -133.600006 -66.431282 507.488159
v -138.400009 -66.431282 507.488159
v -138.800003 -66.324097 507.595337
v -139.092819 -66.031281 507.888153
v -139.199997 -65.631279 508.288147
v -132.800003 -55.220901 508.288147
v -132.907181 -55.620903 507.888153
v -133.199997 -55.913723 507.595337
v -133.600006 -56.020901 507.488159
v -138.400009 -56.020901 507.488159
v -138.800003 -55.913723 507.595337
v -139.092819 -55.620903 507.888153
v -139.199997 -55.220901 508.288147
v -132.800003 -55.220901 501.319214
v -132.907181 -55.620903 501.719208
v -133.199997 -55.913723 502.012054
v -133.600006 -56.020901 502.119232
v -138.400009 -56.020901 502.119232
v -138.800003 -55.913723 502.012024
v -139.092819 -55.620903 501.719208
v -139.199997 -55.220901 501.319214
v -132.800003 -64.914314 501.319214
v -132.907181 -65.314316 501.719208
v -133.199997 -65.607132 502.012054
v -133.600006 -65.714317 502.119232
v -138.400009 -65.714317 502.119232
v -138.800003 -65.607132 502.012024
v -139.092819 -65.314316 501.719208
v -139.199997 -64.914314 501.319214
v -132.800003 -64.914314 498.924561
v -132.907181 -65.314316 498.524536
v -133.199997 -65.607132 498.231720
v -133.600006 -65.714317 498.124542
v -138.400009 -65.714317 498.124542
v -138.800003 -65.607132 498.231720
v -139.092819 -65.314316 498.524536
v -139.199997 -64.914314 498.924530
v -132.800003 -55.220901 498.924561
v -132.907181 -55.620903 498.524536
v -133.199997 -55.913723 498.231720
v -133.600006 -56.020901 498.124542
v -138.400009 -56.020901 498.124542
v -138.800003 -55.913723 498.231720
v -139.092819 -55.620903 498.524536
v -139.199997 -55.220901 498.924530
v -132.800003 -55.220901 491.711853
v -132.907181 -55.620903 492.111847
v -133.199997 -55.913723 492.404663
v -133.600006 -56.020901 492.511841
v -138.400009 -56.020901 492.511841
v -138.800003 -55.913723 492.404663
v -139.092819 -55.620903 492.111847
v -139.199997 -55.220901 491.711853
v -132.800003 -65.745995 491.711853
v -132.907181 -66.145996 492.111847
v -133.199997 -66.438812 492.404663
v -133.600006 -66.545998 492.511841
v -138.400009 -66.545998 492.511841
v -138.800003 -66.438812 492.404663
v -139.092819 -66.145996 492.111847
v -139.199997 -65.745995 491.711853
v -156.000000 -3.464724 541.000000
v -155.000000 -4.500000 541.000000
v -122.000000 -3.464724 541.000000
v -123.000000 -4.500000 541.000000
v -156.000000 -3.000539 539.267639
v -155.000000 -3.897114 538.750000
v -122.000000 -3.000539 539.267639
v -123.000000 -3.897114 538.750000
v -156.000000 -1.732362 537.999451
v -155.000000 -2.250000 537.102905
v -122.000000 -1.732362 537.999451
v -123.000000 -2.250000 537.102905
v -156.000000 0.000000 537.535278
v -155.000000 0.000000 536.500000
v -122.000000 -0.000000 537.535278
v -123.000000 0.000000 536.500000
v -156.000000 1.732362 537.999451
v -155.000000 2.250000 537.102905
v -122.000000 1.732362 537.999451
v -123.000000 2.250000 537.102905
v -156.000000 3.000539 539.267639
v -155.000000 3.897114 538.750000
v -122.000000 3.000539 539.267639
v -123.000000 3.897114 538.750000
v -156.000000 3.464724 541.000000
v -155.000000 4.500000 541.000000
v -122.000000 3.464724 541.000000
v -123.000000 4.500000 541.000000
v -156.000000 3.000539 542.732361
v -155.000000 3.897114 543.250000
v -122.000000 3.000539 542.732361
v -123.000000 3.897114 543.250000
v -156.000000 1.732362 544.000549
v -155.000000 2.250000 544.897095
v -122.000000 1.732362 544.000549
v -123.000000 2.250000 544.897095
v -156.000000 -0.000000 544.464722
v -155.000000 0.000000 545.500000
v -122.000000 0.000000 544.464722
v -123.000000 0.000000 545.500000
v -156.000000 -1.732362 544.000549
v -155.000000 -2.250000 544.897095
v -122.000000 -1.732362 544.000549
v -123.000000 -2.250000 544.897095
v -156.000000 -3.000539 542.732361
v -155.000000 -3.897114 543.250000
v -122.000000 -3.000539 542.732361
v -123.000000 -3.897114 543.250000
v -145.000000 0.000000 548.200012
v -142.575134 0.000000 549.599976
v -142.575134 0.000000 552.400024
v -145.000000 0.000000 553.799988
v -147.424866 0.000000 552.400024
v -147.424866 0.000000 549.599976
v -145.000000 -4.132980 549.022095
v -142.575134 -3.597224 550.315552
v -142.575134 -2.525710 552.902405
v -145.000000 -1.989953 554.195801
v -147.424866 -2.525710 552.902405
v -147.424866 -3.597224 550.315552
v -145.000000 -7.636754 551.363220
v -142.575134 -6.646804 552.353210
v -142.575134 -4.666905 554.333069
v -145.000000 -3.676955 555.323059
v -147.424866 -4.666905 554.333069
v -147.424866 -6.646804 552.353210
v -145.000000 -9.977899 554.867004
v -142.575134 -8.684466 555.402771
v -142.575134 -6.097604 556.474304
v -145.000000 -4.804173 557.010071
v -147.424866 -6.097604 556.474304
v -147.424866 -8.684466 555.402771
v -145.000000 -10.800000 559.000000
v -142.575134 -9.400000 559.000000
v -142.575134 -6.600000 559.000000
v -145.000000 -5.200000 559.000000
v -147.424866 -6.600000 559.000000
v -147.424866 -9.400000 559.000000
v -145.000000 -9.977899 563.132996
v -142.575134 -8.684467 562.597229
v -142.575134 -6.097605 561.525696
v -145.000000 -4.804173 560.989929
v -147.424866 -6.097605 561.525696
v -147.424866 -8.684467 562.597229
v -145.000000 -7.636751 566.636780
v -142.575134 -6.646801 565.646790
v -142.575134 -4.666903 563.666931
v -145.000000 -3.676954 562.676941
v -147.424866 -4.666903 563.666931
v -147.424866 -6.646801 565.646790
v -145.000000 -4.132982 568.977905
v -142.575134 -3.597225 567.684448
v -142.575134 -2.525711 565.097595
v -145.000000 -1.989954 563.804199
v -147.424866 -2.525711 565.097595
v -147.424866 -3.597225 567.684448
v -145.000000 -0.000001 569.799988
v -142.575134 -0.000001 568.400024
v -142.575134 -0.000001 565.599976
v -145.000000 -0.000000 564.200012
v -147.424866 -0.000001 565.599976
v -147.424866 -0.000001 568.400024
v -145.000000 4.132977 568.977905
v -142.575134 3.597221 567.684448
v -142.575134 2.525708 565.097595
v -145.000000 1.989952 563.804199
v -147.424866 2.525708 565.097595
v -147.424866 3.597221 567.684448
v -145.000000 7.636751 566.636780
v -142.575134 6.646801 565.646790
v -142.575134 4.666903 563.666931
v -145.000000 3.676954 562.676941
v -147.424866 4.666903 563.666931
v -147.424866 6.646801 565.646790
v -145.000000 9.977899 563.132996
v -142.575134 8.684467 562.597229
v -142.575134 6.097605 561.525696
v -145.000000 4.804173 560.989929
v -147.424866 6.097605 561.525696
v -147.424866 8.684467 562.597229
v -145.000000 10.800000 559.000000
v -142.575134 9.400000 559.000000
v -142.575134 6.600000 559.000000
v -145.000000 5.200000 559.000000
v -147.424866 6.600000 559.000000
v -147.424866 9.400000 559.000000
v -145.000000 9.977899 554.867004
v -142.575134 8.684466 555.402771
v -142.575134 6.097604 556.474304
v -145.000000 4.804173 557.010071
v -147.424866 6.097604 556.474304
v -147.424866 8.684466 555.402771
v -145.000000 7.636758 551.363281
v -142.575134 6.646807 552.353210
v -142.575134 4.666907 554.333069
v -145.000000 3.676957 555.323059
v -147.424866 4.666907 554.333069
v -147.424866 6.646807 552.353210
v -145.000000 4.132985 549.022095
v -142.575134 3.597228 550.315552
v -142.575134 2.525713 552.902405
v -145.000000 1.989956 554.195801
v -147.424866 2.525713 552.902405
v -147.424866 3.597228 550.315552
vn -0.3672 0.8865 -0.2817
vn -0.8865 0.2818 -0.3672
vn -0.2817 0.3672 -0.8865
vn -0.2818 -0.8865 -0.3672
vn -0.3672 -0.2817 -0.8864
vn -0.8865 -0.3672 -0.2818
vn -0.3382 -0.7212 0.6046
vn -0.4089 -0.9037 0.1270
vn -0.8526 -0.4511 0.2636
vn -0.3123 -0.2654 0.9122
vn -0.3123 -0.4687 0.8263
vn -0.8674 -0.2497 0.4303
vn -0.3123 0.4687 0.8263
vn -0.3123 0.2654 0.9122
vn -0.8674 0.1343 0.4791
vn -0.3382 0.9226 0.1855
vn -0.4089 0.6637 0.6263
vn -0.8526 0.4877 0.1876
vn 0.2818 0.8865 -0.3672
vn 0.3672 0.2817 -0.8864
vn 0.8865 0.3672 -0.2818
vn 0.2817 -0.3672 -0.8865
vn 0.3672 -0.8865 -0.2817
vn 0.8865 -0.2818 -0.3672
vn 0.3382 -0.9226 0.1855
vn 0.4089 -0.6637 0.6263
vn 0.8526 -0.4877 0.1876
vn 0.3123 -0.4687 0.8263
vn 0.3123 -0.2654 0.9122
vn 0.8674 -0.1343 0.4791
vn 0.3123 0.2654 0.9122
vn 0.3123 0.4687 0.8263
vn 0.8674 0.2497 0.4303
vn 0.4089 0.9037 0.1270
vn 0.8526 0.4511 0.2636
vn 0.3382 0.7212 0.6046
vn -0.3827 0.9239 -0.0000
vn -0.9239 0.3827 0.0017
vn -0.9144 0.2528 0.3160
vn -0.3856 0.5817 0.7162
vn -0.9239 0.0475 0.3797
vn -0.3827 0.1146 0.9167
vn -0.9239 -0.0475 0.3797
vn -0.3827 -0.1146 0.9167
vn -0.9144 -0.2528 0.3160
vn -0.3856 -0.5817 0.7162
vn -0.9144 -0.4047 -0.0000
vn -0.4309 -0.9024 0.0040
vn -0.9239 -0.0000 -0.3827
vn -0.3827 -0.0000 -0.9239
vn 0.9144 0.4047 -0.0000
vn 0.4309 0.9024 0.0040
vn 0.3827 -0.0000 -0.9239
vn 0.9239 -0.0000 -0.3827
vn 0.3827 -0.9239 -0.0000
vn 0.9239 -0.3827 0.0017
vn 0.4316 -0.5635 0.7044
vn 0.9244 -0.2405 0.2961
vn 0.3826 -0.1146 0.9168
vn 0.9239 -0.0475 0.3797
vn 0.3826 0.1146 0.9168
vn 0.9239 0.0475 0.3797
vn 0.4316 0.5635 0.7044
vn 0.9244 0.2405 0.2961
vn -0.0000 0.3827 -0.9239
vn -0.0000 0.9239 -0.3827
vn -0.0000 -0.9239 -0.3827
vn -0.0000 -0.3827 -0.9239
vn -0.0000 -0.7663 0.6424
vn -0.0000 -0.9804 0.1971
vn -0.0000 -0.2794 0.9602
vn -0.0000 -0.4934 0.8698
vn -0.0000 0.4934 0.8698
vn -0.0000 0.2794 0.9602
vn -0.0000 0.9804 0.1971
vn -0.0000 0.7663 0.6424
vn -0.0000 1.0000 -0.0000
vn -1.0000 -0.0000 -0.0000
vn -0.0000 -0.0000 -1.0000
vn -0.0000 -1.0000 -0.0000
vn -0.0000 -0.6247 0.7809
vn -0.0000 -0.1240 0.9923
vn -0.0000 0.1240 0.9923
vn -0.0000 0.6247 0.7809
vn 1.0000 -0.0000 -0.0000
vn -0.8865 0.2817 -0.3672
vn -0.2817 -0.8865 -0.3672
vn -0.3671 -0.2817 -0.8865
vn -0.8864 -0.3672 -0.2817
vn -0.3170 -0.6851 0.6559
vn -0.3910 -0.9061 0.1614
vn -0.8539 -0.4335 0.2878
vn -0.3170 0.9217 0.2234
vn -0.3910 0.6244 0.6762
vn -0.8539 0.4761 0.2100
vn 0.2817 0.8865 -0.3672
vn 0.3671 0.2817 -0.8865
vn 0.8864 0.3672 -0.2818
vn 0.8865 -0.2817 -0.3672
vn 0.3170 -0.9217 0.2234
vn 0.3910 -0.6244 0.6762
vn 0.8540 -0.4761 0.2100
vn 0.3910 0.9061 0.1614
vn 0.8540 0.4335 0.2878
vn 0.3170 0.6851 0.6559
vn -0.9239 0.3827 0.0009
vn -0.9172 0.2147 0.3355
vn -0.4179 0.4920 0.7637
vn -0.9239 0.0493 0.3795
vn -0.3827 0.1191 0.9162
vn -0.9239 -0.0493 0.3795
vn -0.3827 -0.1191 0.9162
vn -0.9172 -0.2147 0.3355
vn -0.4179 -0.4920 0.7637
vn -0.9172 -0.3983 -0.0000
vn -0.4179 -0.9085 0.0020
vn 0.9172 0.3983 -0.0000
vn 0.4179 0.9085 0.0020
vn 0.9239 -0.3827 0.0009
vn 0.3827 -0.4980 0.7782
vn 0.9238 -0.2074 0.3219
vn 0.3827 -0.1191 0.9162
vn 0.9239 -0.0493 0.3795
vn 0.3827 0.1191 0.9162
vn 0.9239 0.0493 0.3795
vn 0.3827 0.4980 0.7782
vn 0.9238 0.2074 0.3219
vn -0.0000 -0.7223 0.6916
vn -0.0000 -0.9718 0.2356
vn -0.0000 0.9719 0.2356
vn -0.0000 0.7223 0.6916
vn -0.0000 -0.5391 0.8423
vn -0.0000 -0.1289 0.9917
vn -0.0000 0.1289 0.9917
vn -0.0000 0.5391 0.8423
vn -0.7516 -0.5021 0.4279
vn -0.0042 -1.0000 0.0025
vn -0.7470 -0.4979 0.4406
vn -0.7470 0.4979 0.4406
vn -0.7516 0.5021 0.4279
vn -0.0042 1.0000 0.0025
vn 0.0042 1.0000 -0.0024
vn 0.7449 0.5021 -0.4393
vn 0.7537 0.4979 -0.4291
vn 0.7449 -0.5021 -0.4393
vn 0.7537 -0.4979 -0.4291
vn 0.0042 -1.0000 -0.0024
vn -0.0098 -0.9999 0.0065
vn -0.7243 -0.4950 0.4799
vn -0.7243 0.4950 0.4799
vn -0.0098 0.9999 0.0065
vn 0.7194 0.5052 -0.4767
vn 0.7194 -0.5052 -0.4767
vn -0.6969 -0.4979 0.5162
vn -0.6969 0.4979 0.5162
vn -0.0039 1.0000 0.0029
vn 0.6949 0.5021 -0.5148
vn 0.6949 -0.5021 -0.5148
vn -0.0039 -1.0000 0.0029
vn -0.6870 -0.5021 0.5254
vn -0.6870 0.5021 0.5253
vn 0.0039 1.0000 -0.0030
vn 0.6889 0.4979 -0.5268
vn 0.6889 -0.4979 -0.5268
vn 0.0039 -1.0000 -0.0030
vn 0.8391 -0.2082 -0.5026
vn 0.8391 -0.0000 -0.5439
vn 0.8929 0.1723 0.4160
vn 0.8929 -0.0000 0.4503
vn -0.0000 0.3827 0.9239
vn -0.0000 -0.0000 1.0000
vn -0.8929 0.1723 0.4160
vn -0.8391 -0.0000 -0.5439
vn -0.8929 -0.0000 0.4503
vn -0.8391 -0.2082 -0.5026
vn 0.8391 -0.3846 -0.3846
vn -0.0000 -0.7071 -0.7071
vn 0.8929 0.3184 0.3184
vn -0.8929 0.3184 0.3184
vn -0.0000 0.7071 0.7071
vn -0.8391 -0.3846 -0.3846
vn 0.8391 -0.5025 -0.2082
vn -0.0000 0.9239 0.3827
vn 0.8929 0.4160 0.1723
vn -0.8391 -0.5025 -0.2082
vn -0.8929 0.4160 0.1723
vn 0.8391 -0.5440 -0.0000
vn 0.8929 0.4503 -0.0000
vn -0.8391 -0.5440 -0.0000
vn -0.8929 0.4503 -0.0000
vn 0.8391 -0.5026 0.2082
vn -0.0000 -0.9239 0.3827
vn 0.8929 0.4160 -0.1723
vn -0.8929 0.4160 -0.1723
vn -0.8391 -0.5026 0.2082
vn -0.0000 -0.7071 0.7071
vn 0.8929 0.3184 -0.3184
vn 0.8391 -0.3846 0.3846
vn -0.0000 0.7071 -0.7071
vn -0.8929 0.3184 -0.3184
vn -0.8391 -0.3846 0.3846
vn -0.0000 -0.3827 0.9239
vn 0.8929 0.1723 -0.4160
vn 0.8391 -0.2082 0.5026
vn -0.8929 0.1723 -0.4160
vn -0.8391 -0.2082 0.5026
vn 0.8391 -0.0000 0.5439
vn 0.8929 -0.0000 -0.4503
vn -0.8391 -0.0000 0.5439
vn -0.8929 -0.0000 -0.4503
vn 0.8391 0.2082 0.5026
vn 0.8929 -0.1723 -0.4160
vn -0.8929 -0.1723 -0.4160
vn -0.8391 0.2082 0.5026
vn 0.8391 0.3846 0.3846
vn 0.8929 -0.3184 -0.3184
vn -0.8929 -0.3184 -0.3184
vn -0.8391 0.3846 0.3846
vn 0.8391 0.5025 0.2082
vn 0.8929 -0.4160 -0.1723
vn -0.8391 0.5026 0.2082
vn -0.8929 -0.4160 -0.1723
vn 0.8391 0.5440 -0.0000
vn 0.8929 -0.4503 -0.0000
vn -0.8391 0.5439 -0.0000
vn -0.8929 -0.4503 -0.0000
vn 0.8929 -0.4160 0.1723
vn 0.8391 0.5025 -0.2082
vn -0.8929 -0.4160 0.1723
vn -0.8391 0.5026 -0.2082
vn 0.8929 -0.3184 0.3184
vn 0.8391 0.3846 -0.3846
vn -0.8929 -0.3184 0.3184
vn -0.8391 0.3846 -0.3846
vn 0.8929 -0.1723 0.4160
vn 0.8391 0.2082 -0.5026
vn -0.8929 -0.1723 0.4160
vn -0.8391 0.2082 -0.5026
vn -0.8391 -0.0000 -0.5440
vn -0.8391 -0.5026 -0.2082
vn -0.8391 -0.5439 -0.0000
vn 0.8391 -0.5025 0.2082
vn -0.8391 -0.0000 0.5440
vn 0.8391 0.5026 0.2082
vn -0.8391 0.5440 -0.0000
vn -0.8391 0.5025 -0.2082
vn 0.8593 -0.1015 -0.5012
vn 0.9664 -0.1085 -0.2329
vn 0.8586 -0.2165 -0.4647
vn 0.4942 -0.1725 -0.8520
vn 0.4937 -0.3673 -0.7882
vn 0.1301 -0.1968 -0.9718
vn 0.1302 -0.4188 -0.8987
vn -0.1301 -0.1968 -0.9718
vn -0.1302 -0.4188 -0.8987
vn -0.4937 -0.3673 -0.7882
vn -0.8586 -0.2165 -0.4647
vn -0.4943 -0.1725 -0.8520
vn -0.9664 -0.1085 -0.2329
vn -0.8594 -0.1015 -0.5012
vn 0.8604 -0.0006 -0.5095
vn 0.9663 -0.0511 -0.2522
vn 0.4951 -0.0010 -0.8688
vn 0.1301 -0.0012 -0.9915
vn -0.1301 -0.0012 -0.9915
vn -0.4951 -0.0010 -0.8689
vn -0.9663 -0.0511 -0.2522
vn -0.8604 -0.0006 -0.5095
vn 0.9663 0.0491 -0.2528
vn 0.9662 -0.0003 -0.2579
vn 0.8596 0.0974 -0.5015
vn 0.4944 0.1658 -0.8533
vn -0.1300 0.1891 -0.9733
vn -0.4944 0.1658 -0.8533
vn -0.8596 0.0974 -0.5015
vn -0.9663 0.0491 -0.2528
vn -0.9662 -0.0003 -0.2579
vn 0.9664 0.1044 -0.2349
vn 0.8588 0.2080 -0.4681
vn 0.1300 0.1891 -0.9733
vn 0.4939 0.3531 -0.7946
vn -0.1301 0.4026 -0.9061
vn -0.4939 0.3531 -0.7946
vn -0.8588 0.2081 -0.4681
vn -0.9664 0.1044 -0.2349
vn 0.9665 0.1609 -0.1998
vn 0.8580 0.3222 -0.3999
vn 0.1302 0.4026 -0.9061
vn 0.4934 0.5456 -0.6773
vn -0.1302 0.6220 -0.7721
vn -0.4934 0.5457 -0.6773
vn -0.8580 0.3222 -0.3999
vn -0.9665 0.1609 -0.1998
vn 0.9666 0.2101 -0.1468
vn 0.8578 0.4213 -0.2945
vn 0.1302 0.6220 -0.7721
vn 0.4933 0.7130 -0.4983
vn -0.1303 0.8127 -0.5680
vn -0.4933 0.7130 -0.4983
vn -0.8578 0.4213 -0.2945
vn -0.9666 0.2101 -0.1468
vn 0.8580 0.4865 -0.1647
vn 0.4934 0.8238 -0.2789
vn 0.1302 0.9391 -0.3180
vn 0.1303 0.8127 -0.5680
vn -0.1302 0.9391 -0.3180
vn -0.4934 0.8238 -0.2789
vn -0.8580 0.4865 -0.1647
vn 0.9857 0.1297 0.1075
vn 0.9665 0.2429 -0.0823
vn 0.8949 0.3436 0.2846
vn 0.5788 0.6280 0.5202
vn -0.1810 0.7574 0.6273
vn -0.5788 0.6280 0.5201
vn -0.8950 0.3436 0.2846
vn -0.9857 0.1298 0.1075
vn -0.9666 0.2429 -0.0823
vn 0.8701 -0.3087 0.3842
vn 0.5319 -0.5304 0.6602
vn 0.1550 -0.6187 0.7702
vn 0.1810 0.7574 0.6273
vn -0.1550 -0.6187 0.7702
vn -0.5319 -0.5304 0.6601
vn -0.8701 -0.3087 0.3842
vn 0.8796 -0.4425 0.1748
vn 0.9789 -0.1280 0.1594
vn 0.5159 -0.7967 0.3148
vn 0.1339 -0.9216 0.3642
vn -0.1339 -0.9216 0.3642
vn -0.5159 -0.7967 0.3148
vn -0.9789 -0.1280 0.1594
vn -0.8796 -0.4425 0.1748
vn 0.9667 -0.1976 0.1627
vn 0.9667 -0.2379 0.0940
vn 0.8790 -0.3680 0.3031
vn 0.5152 -0.6616 0.5448
vn -0.1337 -0.7650 0.6300
vn -0.5152 -0.6616 0.5448
vn -0.8790 -0.3680 0.3031
vn -0.9667 -0.1976 0.1627
vn -0.9667 -0.2379 0.0940
vn 0.9665 -0.1443 0.2123
vn 0.8769 -0.2701 0.3975
vn 0.1337 -0.7650 0.6300
vn 0.5125 -0.4826 0.7102
vn -0.1331 -0.5570 0.8198
vn -0.5125 -0.4826 0.7102
vn -0.8770 -0.2701 0.3975
vn -0.9665 -0.1443 0.2123
vn 0.9663 -0.0907 0.2410
vn 0.8745 -0.1708 0.4539
vn 0.1331 -0.5570 0.8198
vn 0.5095 -0.3031 0.8053
vn -0.1323 -0.3491 0.9277
vn -0.5095 -0.3031 0.8054
vn -0.8745 -0.1708 0.4539
vn -0.9663 -0.0907 0.2410
vn 0.9662 -0.0430 0.2543
vn 0.8729 -0.0814 0.4810
vn 0.1323 -0.3491 0.9277
vn 0.5076 -0.1437 0.8495
vn -0.1319 -0.1654 0.9774
vn -0.5076 -0.1437 0.8495
vn -0.8729 -0.0814 0.4810
vn -0.9662 -0.0430 0.2543
vn 0.9661 0.0004 0.2580
vn 0.8725 0.0008 0.4886
vn 0.1319 -0.1654 0.9774
vn 0.5071 0.0015 0.8619
vn -0.1318 0.0017 0.9913
vn -0.5071 0.0015 0.8619
vn -0.8725 0.0008 0.4886
vn -0.9661 0.0004 0.2580
vn 0.8737 0.0872 0.4785
vn 0.5085 0.1544 0.8471
vn 0.1322 0.1777 0.9752
vn 0.1318 0.0017 0.9913
vn -0.1321 0.1777 0.9752
vn -0.5085 0.1544 0.8471
vn -0.8737 0.0872 0.4785
vn 0.8751 0.1831 0.4479
vn 0.9662 0.0462 0.2535
vn 0.5102 0.3255 0.7961
vn 0.1325 0.3751 0.9174
vn -0.1325 0.3751 0.9175
vn -0.5102 0.3255 0.7961
vn -0.9662 0.0462 0.2536
vn -0.8751 0.1831 0.4479
vn 0.8770 0.2839 0.3876
vn 0.9663 0.0974 0.2382
vn 0.5126 0.5074 0.6927
vn 0.1331 0.5857 0.7996
vn -0.1331 0.5856 0.7996
vn -0.5126 0.5074 0.6927
vn -0.9663 0.0974 0.2382
vn -0.8770 0.2839 0.3876
vn 0.8791 0.3788 0.2894
vn 0.9665 0.1517 0.2071
vn 0.5152 0.6811 0.5203
vn 0.1337 0.7875 0.6016
vn -0.1337 0.7875 0.6016
vn -0.5152 0.6811 0.5203
vn -0.9665 0.1517 0.2071
vn -0.8791 0.3788 0.2894
vn 0.8807 0.4484 0.1525
vn 0.9667 0.2034 0.1554
vn 0.5175 0.8102 0.2755
vn 0.1343 0.9382 0.3190
vn -0.1343 0.9382 0.3190
vn -0.5175 0.8102 0.2755
vn -0.9667 0.2034 0.1554
vn -0.8807 0.4484 0.1525
vn 0.9667 0.2559 0.0006
vn 0.9669 0.2417 0.0822
vn 0.8791 0.4766 0.0012
vn 0.5153 0.8570 0.0021
vn -0.1337 0.9910 0.0025
vn -0.5153 0.8570 0.0021
vn -0.8791 0.4766 0.0012
vn -0.9667 0.2560 0.0006
vn -0.9669 0.2417 0.0822
vn 0.8822 0.4444 -0.1557
vn 0.5194 0.8065 -0.2825
vn 0.1348 0.9352 -0.3276
vn 0.1337 0.9910 0.0025
vn -0.1348 0.9351 -0.3276
vn -0.5194 0.8065 -0.2825
vn -0.8822 0.4444 -0.1557
vn 0.9668 0.1985 -0.1612
vn 0.9670 0.2403 -0.0842
vn 0.8797 0.3691 -0.2999
vn 0.5160 0.6648 -0.5401
vn -0.1339 0.7692 -0.6249
vn -0.5160 0.6648 -0.5401
vn -0.8797 0.3691 -0.2999
vn -0.9668 0.1985 -0.1612
vn -0.9670 0.2404 -0.0842
vn 0.9663 0.1498 -0.2093
vn 0.8747 0.2821 -0.3941
vn 0.1339 0.7692 -0.6249
vn 0.5097 0.5008 -0.6996
vn -0.1324 0.5769 -0.8060
vn -0.5097 0.5008 -0.6996
vn -0.8747 0.2821 -0.3941
vn -0.9663 0.1498 -0.2093
vn 0.9661 0.1114 -0.2330
vn 0.8713 0.2116 -0.4428
vn 0.1324 0.5769 -0.8060
vn 0.5057 0.3720 -0.7784
vn -0.1316 0.4275 -0.8944
vn -0.5057 0.3720 -0.7784
vn -0.8713 0.2116 -0.4428
vn -0.9661 0.1114 -0.2330
vn 0.9660 0.0854 -0.2441
vn 0.8691 0.1633 -0.4669
vn 0.1316 0.4274 -0.8944
vn 0.5032 0.2853 -0.8157
vn -0.1310 0.3273 -0.9358
vn -0.5032 0.2853 -0.8157
vn -0.8691 0.1633 -0.4669
vn -0.9660 0.0854 -0.2441
vn 0.9659 0.0725 -0.2484
vn 0.8669 0.1396 -0.4785
vn 0.1310 0.3273 -0.9358
vn 0.5009 0.2424 -0.8309
vn -0.1307 0.2777 -0.9517
vn -0.5009 0.2424 -0.8309
vn -0.8669 0.1396 -0.4786
vn -0.9659 0.0725 -0.2484
vn 0.9660 0.0806 -0.2457
vn 0.8630 0.1575 -0.4800
vn 0.1307 0.2777 -0.9517
vn 0.4972 0.2705 -0.8244
vn -0.1302 0.3091 -0.9421
vn -0.4972 0.2705 -0.8244
vn -0.8630 0.1575 -0.4800
vn -0.9660 0.0806 -0.2457
vn 0.9664 0.1194 -0.2276
vn 0.8588 0.2379 -0.4537
vn 0.1302 0.3091 -0.9421
vn 0.4938 0.4039 -0.7701
vn -0.1301 0.4605 -0.8781
vn -0.4938 0.4039 -0.7701
vn -0.8588 0.2380 -0.4537
vn -0.9664 0.1194 -0.2277
vn 0.9670 0.1800 -0.1805
vn 0.8564 0.3645 -0.3655
vn 0.1301 0.4605 -0.8781
vn 0.4927 0.6145 -0.6162
vn -0.1306 0.7001 -0.7020
vn -0.4927 0.6145 -0.6161
vn -0.8564 0.3645 -0.3655
vn -0.9670 0.1800 -0.1805
vn 0.9674 0.2339 -0.0976
vn 0.8554 0.4780 -0.1994
vn 0.1306 0.7001 -0.7020
vn 0.4926 0.8032 -0.3351
vn -0.1311 0.9149 -0.3817
vn -0.4926 0.8032 -0.3351
vn -0.8554 0.4780 -0.1994
vn -0.9674 0.2339 -0.0976
vn 0.8571 0.5151 -0.0107
vn 0.4930 0.8699 -0.0180
vn 0.1304 0.9912 -0.0205
vn 0.1311 0.9149 -0.3817
vn -0.1304 0.9912 -0.0205
vn -0.4930 0.8699 -0.0180
vn -0.8571 0.5151 -0.0107
vn 0.8572 0.4919 0.1525
vn 0.9668 0.2556 -0.0053
vn 0.4930 0.8310 0.2576
vn 0.1304 0.9470 0.2935
vn -0.1304 0.9470 0.2935
vn -0.4930 0.8310 0.2576
vn -0.9668 0.2556 -0.0053
vn -0.8572 0.4919 0.1525
vn 0.8575 0.4218 0.2944
vn 0.9667 0.2443 0.0757
vn 0.4932 0.7134 0.4979
vn 0.1303 0.8130 0.5674
vn -0.1303 0.8130 0.5674
vn -0.4932 0.7134 0.4979
vn -0.9667 0.2443 0.0757
vn -0.8575 0.4218 0.2944
vn 0.8582 0.3216 0.4001
vn 0.9667 0.2100 0.1466
vn 0.4935 0.5448 0.6779
vn 0.1302 0.6211 0.7728
vn -0.1303 0.6211 0.7728
vn -0.4936 0.5448 0.6779
vn -0.9667 0.2100 0.1466
vn -0.8582 0.3216 0.4001
vn 0.8589 0.2108 0.4667
vn 0.9665 0.1608 0.2000
vn 0.4940 0.3579 0.7924
vn 0.1301 0.4081 0.9036
vn -0.1301 0.4081 0.9036
vn -0.4940 0.3579 0.7924
vn -0.9665 0.1608 0.2000
vn -0.8590 0.2108 0.4667
vn 0.8596 0.1014 0.5009
vn 0.9664 0.1058 0.2343
vn 0.4944 0.1725 0.8519
vn 0.1301 0.1967 0.9718
vn -0.1301 0.1967 0.9718
vn -0.4944 0.1725 0.8519
vn -0.9664 0.1058 0.2343
vn -0.8596 0.1014 0.5009
vn 0.8602 -0.0001 0.5099
vn 0.9663 0.0511 0.2523
vn 0.4949 -0.0002 0.8690
vn 0.1301 -0.0002 0.9915
vn -0.1301 -0.0002 0.9915
vn -0.4949 -0.0002 0.8690
vn -0.9663 0.0511 0.2523
vn -0.8602 -0.0001 0.5099
vn 0.9663 -0.0520 0.2521
vn 0.9662 -0.0001 0.2578
vn 0.8594 -0.1033 0.5008
vn 0.4943 -0.1756 0.8514
vn -0.1301 -0.2003 0.9711
vn -0.4943 -0.1756 0.8514
vn -0.8594 -0.1033 0.5008
vn -0.9663 -0.0520 0.2521
vn -0.9662 -0.0001 0.2578
vn 0.9664 -0.1076 0.2335
vn 0.8589 -0.2143 0.4651
vn 0.1301 -0.2003 0.9711
vn 0.4940 -0.3639 0.7897
vn -0.1302 -0.4150 0.9005
vn -0.4940 -0.3639 0.7897
vn -0.8589 -0.2144 0.4651
vn -0.9664 -0.1076 0.2335
vn 0.9665 -0.1616 0.1995
vn 0.8584 -0.3228 0.3986
vn 0.1301 -0.4150 0.9005
vn 0.4937 -0.5473 0.6758
vn -0.1302 -0.6240 0.7705
vn -0.4936 -0.5473 0.6758
vn -0.8584 -0.3228 0.3986
vn -0.9665 -0.1616 0.1995
vn 0.9666 -0.2089 0.1486
vn 0.8579 -0.4188 0.2978
vn 0.1302 -0.6240 0.7705
vn 0.4933 -0.7089 0.5040
vn -0.1302 -0.8081 0.5745
vn -0.4933 -0.7089 0.5040
vn -0.8579 -0.4188 0.2978
vn -0.9666 -0.2089 0.1486
vn 0.9667 -0.2426 0.0818
vn 0.8575 -0.4874 0.1644
vn 0.1302 -0.8081 0.5745
vn 0.4932 -0.8243 0.2780
vn -0.1303 -0.9395 0.3169
vn -0.4932 -0.8243 0.2780
vn -0.8575 -0.4874 0.1644
vn -0.9667 -0.2426 0.0818
vn 0.9855 -0.1300 -0.1091
vn 0.8940 -0.3433 -0.2880
vn 0.1304 -0.9395 0.3169
vn 0.5770 -0.6257 -0.5249
vn -0.1799 -0.7536 -0.6322
vn -0.5770 -0.6257 -0.5250
vn -0.8940 -0.3433 -0.2880
vn -0.9855 -0.1300 -0.1091
vn 0.8661 0.2949 -0.4037
vn 0.5242 0.5023 -0.6876
vn 0.1508 0.5832 -0.7982
vn 0.1800 -0.7536 -0.6322
vn -0.1508 0.5832 -0.7982
vn -0.5243 0.5023 -0.6876
vn -0.8661 0.2949 -0.4037
vn 0.8866 0.3977 -0.2362
vn 0.9774 0.1247 -0.1707
vn 0.5256 0.7314 -0.4344
vn 0.1364 0.8517 -0.5059
vn -0.1364 0.8517 -0.5059
vn -0.5256 0.7314 -0.4345
vn -0.9774 0.1247 -0.1707
vn -0.8866 0.3977 -0.2362
vn 0.9671 0.1474 -0.2075
vn 0.9676 0.2172 -0.1290
vn 0.8827 0.2722 -0.3831
vn 0.5201 0.4947 -0.6963
vn -0.1349 0.5739 -0.8078
vn -0.5201 0.4947 -0.6963
vn -0.8827 0.2722 -0.3831
vn -0.9671 0.1474 -0.2075
vn -0.9676 0.2172 -0.1290
vn 0.9667 0.0698 -0.2464
vn 0.8789 0.1300 -0.4590
vn 0.1349 0.5739 -0.8078
vn 0.5149 0.2336 -0.8248
vn -0.1336 0.2701 -0.9535
vn -0.5150 0.2336 -0.8247
vn -0.8789 0.1300 -0.4590
vn -0.9667 0.0698 -0.2464
vn 0.9663 0.0048 -0.2574
vn 0.8746 0.0090 -0.4848
vn 0.1336 0.2701 -0.9535
vn 0.5096 0.0161 -0.8603
vn -0.1324 0.0185 -0.9910
vn -0.5095 0.0161 -0.8603
vn -0.8746 0.0091 -0.4848
vn -0.9663 0.0048 -0.2574
vn 0.9663 -0.0485 -0.2530
vn 0.8742 -0.0913 -0.4768
vn 0.1325 0.0185 -0.9910
vn 0.5092 -0.1619 -0.8453
vn -0.1323 -0.1865 -0.9735
vn -0.5092 -0.1619 -0.8453
vn -0.8742 -0.0913 -0.4768
vn -0.9663 -0.0485 -0.2530
vn 0.8755 -0.1915 -0.4437
vn 0.5107 -0.3407 -0.7894
vn 0.1326 -0.3928 -0.9100
vn 0.1323 -0.1865 -0.9735
vn -0.1326 -0.3928 -0.9100
vn -0.5107 -0.3407 -0.7894
vn -0.8755 -0.1915 -0.4436
vn 0.8773 -0.2938 -0.3795
vn 0.9664 -0.1019 -0.2361
vn 0.5130 -0.5256 -0.6787
vn 0.1332 -0.6068 -0.7836
vn -0.1332 -0.6068 -0.7836
vn -0.5130 -0.5256 -0.6787
vn -0.9664 -0.1019 -0.2361
vn -0.8773 -0.2938 -0.3795
vn 0.8789 -0.3870 -0.2788
vn 0.9665 -0.1571 -0.2029
vn 0.5150 -0.6955 -0.5010
vn 0.1336 -0.8041 -0.5793
vn -0.1337 -0.8041 -0.5793
vn -0.5150 -0.6955 -0.5010
vn -0.9665 -0.1571 -0.2029
vn -0.8789 -0.3870 -0.2788
vn 0.8798 -0.4526 -0.1455
vn 0.9667 -0.2077 -0.1496
vn 0.5162 -0.8154 -0.2621
vn 0.1339 -0.9435 -0.3032
vn -0.1339 -0.9435 -0.3032
vn -0.5162 -0.8154 -0.2621
vn -0.9667 -0.2077 -0.1496
vn -0.8798 -0.4526 -0.1455
vn 0.9667 -0.2558 0.0023
vn 0.9668 -0.2434 -0.0782
vn 0.8796 -0.4758 0.0042
vn 0.5159 -0.8566 0.0076
vn -0.1339 -0.9910 0.0088
vn -0.5159 -0.8566 0.0076
vn -0.8795 -0.4758 0.0042
vn -0.9667 -0.2557 0.0023
vn -0.9668 -0.2434 -0.0782
vn 0.8839 -0.4361 0.1689
vn 0.5218 -0.7955 0.3080
vn 0.1354 -0.9239 0.3578
vn 0.1339 -0.9910 0.0088
vn -0.1354 -0.9239 0.3578
vn -0.5218 -0.7955 0.3080
vn -0.8839 -0.4361 0.1689
vn 0.9667 -0.1911 0.1702
vn 0.9672 -0.2367 0.0917
vn 0.8793 -0.3556 0.3168
vn 0.5156 -0.6398 0.5699
vn -0.1338 -0.7400 0.6591
vn -0.5156 -0.6398 0.5699
vn -0.8793 -0.3556 0.3168
vn -0.9667 -0.1911 0.1702
vn -0.9672 -0.2367 0.0917
vn 0.9662 -0.1427 0.2145
vn 0.8740 -0.2691 0.4045
vn 0.1338 -0.7400 0.6591
vn 0.5090 -0.4767 0.7167
vn -0.1323 -0.5490 0.8253
vn -0.5089 -0.4767 0.7167
vn -0.8740 -0.2691 0.4045
vn -0.9662 -0.1427 0.2145
vn 0.9660 -0.1067 0.2353
vn 0.8707 -0.2032 0.4478
vn 0.1323 -0.5490 0.8253
vn 0.5050 -0.3566 0.7860
vn -0.1314 -0.4096 0.9028
vn -0.5050 -0.3566 0.7860
vn -0.8707 -0.2032 0.4478
vn -0.9660 -0.1067 0.2353
vn 0.9660 -0.0841 0.2446
vn 0.8685 -0.1612 0.4687
vn 0.1314 -0.4096 0.9028
vn 0.5026 -0.2811 0.8175
vn -0.1310 -0.3224 0.9375
vn -0.5026 -0.2811 0.8175
vn -0.8685 -0.1612 0.4687
vn -0.9660 -0.0841 0.2446
vn 0.9659 -0.0717 0.2486
vn 0.8673 -0.1379 0.4783
vn 0.1310 -0.3224 0.9375
vn 0.5012 -0.2396 0.8315
vn -0.1307 -0.2746 0.9526
vn -0.5012 -0.2396 0.8315
vn -0.8673 -0.1379 0.4783
vn -0.9659 -0.0717 0.2486
vn 0.9659 -0.0707 0.2490
vn 0.8651 -0.1369 0.4825
vn 0.1307 -0.2746 0.9526
vn 0.4992 -0.2366 0.8336
vn -0.1305 -0.2707 0.9538
vn -0.4992 -0.2366 0.8336
vn -0.8651 -0.1369 0.4825
vn -0.9659 -0.0707 0.2490
vn 0.9660 -0.0812 0.2456
vn 0.8640 -0.1581 0.4780
vn 0.1305 -0.2707 0.9538
vn 0.4980 -0.2723 0.8233
vn -0.1302 -0.3114 0.9413
vn -0.4980 -0.2723 0.8233
vn -0.8640 -0.1581 0.4780
vn -0.9660 -0.0812 0.2456
vn 0.9660 -0.0994 0.2387
vn 0.8630 -0.1942 0.4664
vn 0.1302 -0.3114 0.9413
vn 0.4971 -0.3334 0.8011
vn -0.1303 -0.3810 0.9154
vn -0.4972 -0.3334 0.8010
vn -0.8630 -0.1942 0.4664
vn -0.9660 -0.0994 0.2387
vn 0.9661 -0.1246 0.2263
vn 0.8619 -0.2446 0.4443
vn 0.1302 -0.3810 0.9154
vn 0.4961 -0.4187 0.7606
vn -0.1301 -0.4782 0.8686
vn -0.4962 -0.4187 0.7606
vn -0.8619 -0.2446 0.4443
vn -0.9661 -0.1246 0.2263
vn 0.9662 -0.1563 0.2052
vn 0.8607 -0.3085 0.4050
vn 0.1301 -0.4782 0.8686
vn 0.4952 -0.5264 0.6911
vn -0.1301 -0.6008 0.7888
vn -0.4952 -0.5264 0.6911
vn -0.8607 -0.3085 0.4050
vn -0.9662 -0.1563 0.2052
vn 0.9663 -0.1919 0.1716
vn 0.8595 -0.3809 0.3407
vn 0.1301 -0.6008 0.7888
vn 0.4944 -0.6479 0.5795
vn -0.1301 -0.7390 0.6610
vn -0.4944 -0.6479 0.5795
vn -0.8595 -0.3809 0.3407
vn -0.9663 -0.1919 0.1716
vn 0.9664 -0.2258 0.1224
vn 0.8586 -0.4508 0.2443
vn 0.1301 -0.7390 0.6610
vn 0.4937 -0.7645 0.4144
vn -0.1302 -0.8717 0.4725
vn -0.4937 -0.7645 0.4144
vn -0.8586 -0.4508 0.2443
vn -0.9665 -0.2258 0.1224
vn 0.9665 -0.2495 0.0606
vn 0.8584 -0.4985 0.1212
vn 0.1302 -0.8717 0.4725
vn 0.4936 -0.8451 0.2054
vn -0.1302 -0.9634 0.2342
vn -0.4936 -0.8451 0.2054
vn -0.8584 -0.4985 0.1212
vn -0.9665 -0.2495 0.0606
vn 0.8588 -0.5123 -0.0077
vn 0.4939 -0.8694 -0.0130
vn 0.1302 -0.9914 -0.0148
vn 0.1302 -0.9634 0.2342
vn -0.1302 -0.9914 -0.0148
vn -0.4939 -0.8694 -0.0130
vn -0.8588 -0.5123 -0.0077
vn 0.9666 -0.2459 -0.0720
vn 0.9664 -0.2570 -0.0038
vn 0.8576 -0.4935 -0.1444
vn 0.4932 -0.8349 -0.2444
vn -0.1303 -0.9516 -0.2785
vn -0.4932 -0.8349 -0.2444
vn -0.8576 -0.4935 -0.1444
vn -0.9666 -0.2459 -0.0720
vn -0.9664 -0.2570 -0.0038
vn 0.9666 -0.2142 -0.1405
vn 0.8576 -0.4301 -0.2820
vn 0.1303 -0.9516 -0.2785
vn 0.4932 -0.7275 -0.4769
vn -0.1303 -0.8292 -0.5436
vn -0.4932 -0.7275 -0.4770
vn -0.8576 -0.4301 -0.2820
vn -0.9666 -0.2142 -0.1405
vn 0.8580 -0.3319 -0.3921
vn 0.4934 -0.5619 -0.6639
vn 0.1303 -0.6405 -0.7568
vn 0.1303 -0.8292 -0.5436
vn -0.1303 -0.6405 -0.7568
vn -0.4934 -0.5619 -0.6639
vn -0.8580 -0.3319 -0.3921
vn 0.9666 -0.1656 -0.1958
vn -0.9666 -0.1656 -0.1958
vn 0.8650 -0.2906 -0.4091
vn 0.9884 0.1244 -0.0871
vn 0.9770 -0.1236 -0.1740
vn 0.5221 -0.4939 -0.6953
vn 0.9079 0.3434 -0.2405
vn 0.1496 -0.5726 -0.8061
vn 0.6047 0.6524 -0.4569
vn -0.1961 0.8032 -0.5625
vn -0.1497 -0.5726 -0.8061
vn -0.6048 0.6524 -0.4568
vn -0.5221 -0.4939 -0.6953
vn -0.9079 0.3434 -0.2405
vn -0.8650 -0.2905 -0.4090
vn -0.9884 0.1244 -0.0871
vn -0.9770 -0.1236 -0.1740
vn 0.8645 0.2883 0.4117
vn 0.5212 0.4896 0.6990
vn 0.1492 0.5672 0.8099
vn 0.1961 0.8032 -0.5625
vn -0.1491 0.5672 0.8099
vn -0.5212 0.4896 0.6991
vn -0.8645 0.2883 0.4117
vn 0.8644 -0.2878 0.4123
vn 0.9768 0.1230 0.1756
vn 0.5210 -0.4886 0.6999
vn 0.1491 -0.5660 0.8108
vn -0.1490 -0.5660 0.8108
vn -0.5210 -0.4886 0.6999
vn -0.9768 0.1230 0.1756
vn -0.8644 -0.2878 0.4123
vn 0.9884 -0.1243 -0.0868
vn 0.9767 -0.1228 0.1759
vn 0.9081 -0.3433 -0.2397
vn 0.6052 -0.6527 -0.4557
vn -0.1963 -0.8040 -0.5613
vn -0.6052 -0.6528 -0.4557
vn -0.9081 -0.3433 -0.2397
vn -0.9884 -0.1243 -0.0868
vn -0.9767 -0.1228 0.1760
vn 0.8648 0.2894 -0.4104
vn 0.5216 0.4916 -0.6973
vn 0.1494 0.5698 -0.8081
vn 0.1964 -0.8040 -0.5613
vn -0.1494 0.5698 -0.8081
vn -0.5217 0.4916 -0.6973
vn -0.8647 0.2894 -0.4104
vn 0.8655 0.4729 -0.1650
vn 0.9769 0.1233 -0.1748
vn 0.4995 0.8180 -0.2853
vn 0.1305 0.9361 -0.3265
vn -0.1305 0.9361 -0.3266
vn -0.4995 0.8180 -0.2853
vn -0.9769 0.1233 -0.1748
vn -0.8655 0.4729 -0.1650
vn 0.9659 0.2456 -0.0815
vn 0.9659 0.2444 -0.0852
vn 0.8654 0.4755 -0.1578
vn 0.4994 0.8223 -0.2728
vn 0.1304 0.9410 -0.3122
vn -0.4994 0.8223 -0.2728
vn -0.8654 0.4755 -0.1578
vn -0.9659 0.2457 -0.0815
vn -0.9659 0.2444 -0.0852
vn 0.8655 0.4777 -0.1504
vn 0.4995 0.8263 -0.2602
vn 0.1305 0.9457 -0.2978
vn -0.1305 0.9457 -0.2978
vn -0.1304 0.9410 -0.3122
vn -0.4995 0.8263 -0.2602
vn -0.8655 0.4777 -0.1504
vn 0.8656 0.4794 -0.1444
vn 0.9659 0.2468 -0.0777
vn 0.4996 0.8294 -0.2499
vn 0.1305 0.9493 -0.2860
vn -0.1305 0.9493 -0.2860
vn -0.4996 0.8294 -0.2499
vn -0.9659 0.2468 -0.0777
vn -0.8656 0.4794 -0.1444
vn 0.9874 0.1269 0.0948
vn 0.9659 0.2478 -0.0747
vn 0.9027 0.3446 0.2575
vn 0.5942 0.6443 0.4814
vn -0.1899 0.7864 0.5877
vn -0.5942 0.6443 0.4815
vn -0.9027 0.3446 0.2575
vn -0.9874 0.1269 0.0948
vn -0.9659 0.2478 -0.0747
vn 0.9026 -0.3446 0.2579
vn 0.5940 -0.6440 0.4821
vn 0.1898 -0.7860 0.5884
vn 0.1899 0.7864 0.5877
vn -0.1898 -0.7860 0.5884
vn -0.5940 -0.6440 0.4821
vn -0.9026 -0.3446 0.2580
vn 0.8655 -0.4796 -0.1445
vn 0.9873 -0.1269 0.0951
vn 0.4995 -0.8295 -0.2499
vn 0.1304 -0.9493 -0.2860
vn -0.1304 -0.9493 -0.2860
vn -0.4995 -0.8295 -0.2499
vn -0.9874 -0.1269 0.0951
vn -0.8655 -0.4796 -0.1445
vn 0.8656 -0.4775 -0.1509
vn 0.9659 -0.2478 -0.0747
vn 0.4996 -0.8260 -0.2610
vn 0.1304 -0.9454 -0.2987
vn -0.1305 -0.9454 -0.2987
vn -0.4996 -0.8260 -0.2610
vn -0.9659 -0.2478 -0.0747
vn -0.8656 -0.4775 -0.1509
vn 0.8657 -0.4757 -0.1556
vn 0.9659 -0.2468 -0.0780
vn 0.4997 -0.8233 -0.2693
vn 0.1305 -0.9423 -0.3083
vn -0.1305 -0.9423 -0.3083
vn -0.4997 -0.8232 -0.2693
vn -0.9659 -0.2468 -0.0780
vn -0.8658 -0.4757 -0.1556
vn 0.9659 -0.2450 -0.0833
vn 0.9659 -0.2460 -0.0805
vn 0.8655 -0.4743 -0.1613
vn 0.4995 -0.8202 -0.2789
vn -0.1304 -0.9387 -0.3192
vn -0.4995 -0.8202 -0.2789
vn -0.8655 -0.4743 -0.1613
vn -0.9659 -0.2450 -0.0833
vn -0.9659 -0.2460 -0.0805
vn 0.1305 -0.9387 -0.3192
vn 0.9555 -0.2085 -0.2085
vn 0.9825 0.1316 -0.1316
vn 0.9555 0.2085 -0.2085
vn 0.6875 -0.5135 -0.5134
vn 0.6876 0.5135 -0.5134
vn 0.1964 -0.6933 -0.6933
vn 0.1965 0.6933 -0.6933
vn -0.1965 -0.6933 -0.6933
vn -0.1964 0.6933 -0.6933
vn -0.6876 -0.5135 -0.5134
vn -0.6875 0.5135 -0.5135
vn -0.9555 -0.2085 -0.2085
vn -0.9555 0.2085 -0.2085
vn -0.9825 -0.1316 -0.1316
vn -0.9825 0.1316 -0.1316
vn 0.9555 -0.2085 0.2085
vn 0.9825 -0.1316 -0.1316
vn 0.1964 -0.6933 0.6933
vn -0.1965 -0.6933 0.6933
vn -0.6876 -0.5134 0.5135
vn -0.9555 -0.2085 0.2085
vn -0.9825 -0.1316 0.1316
vn 0.9555 0.2085 0.2085
vn 0.9825 -0.1316 0.1316
vn 0.6875 0.5134 0.5135
vn 0.6875 -0.5135 0.5135
vn 0.1965 0.6933 0.6933
vn -0.1963 0.6933 0.6934
vn -0.6875 0.5135 0.5135
vn -0.9555 0.2085 0.2085
vn -0.9825 0.1316 0.1316
vn 0.9825 0.1316 0.1316
vn 0.8821 0.3332 -0.3331
vn 0.9825 -0.1317 -0.1316
vn 0.8820 -0.3332 -0.3332
vn 0.5542 0.5886 -0.5886
vn 0.5542 -0.5886 -0.5886
vn 0.1672 0.6972 -0.6972
vn 0.1672 -0.6972 -0.6971
vn -0.1672 0.6972 -0.6971
vn -0.1672 -0.6972 -0.6971
vn -0.5542 0.5886 -0.5886
vn -0.5542 -0.5886 -0.5886
vn -0.8820 0.3332 -0.3332
vn -0.8820 -0.3332 -0.3332
vn 0.8820 0.3332 0.3332
vn 0.1673 0.6971 0.6972
vn -0.5542 0.5886 0.5886
vn -0.8820 0.3332 0.3332
vn 0.8820 -0.3332 0.3332
vn 0.5543 0.5886 0.5885
vn 0.1672 -0.6972 0.6972
vn -0.1673 -0.6971 0.6971
vn -0.1672 0.6972 0.6972
vn -0.5543 -0.5885 0.5885
vn -0.8820 -0.3332 0.3332
vn 0.6876 -0.5135 0.5134
vn 0.5542 -0.5886 0.5886
vn 0.1965 -0.6933 0.6933
vn -0.6876 -0.5135 0.5134
vn 0.9825 -0.1316 0.1317
vn -0.1672 -0.6972 0.6972
vn -0.5542 -0.5886 0.5886
vn -0.9825 -0.1317 0.1317
vn 0.1672 -0.6972 0.6971
vn 0.8643 0.2877 -0.4125
vn 0.9767 -0.1230 -0.1756
vn 0.8645 -0.2884 -0.4117
vn 0.5209 0.4882 -0.7002
vn 0.5211 -0.4896 -0.6991
vn 0.1490 0.5656 -0.8111
vn 0.1491 -0.5672 -0.8100
vn -0.1490 0.5656 -0.8111
vn -0.1491 -0.5672 -0.8099
vn -0.5211 -0.4896 -0.6991
vn -0.8645 -0.2883 -0.4117
vn -0.5209 0.4882 -0.7002
vn -0.9768 -0.1230 -0.1756
vn -0.8643 0.2876 -0.4125
vn 0.9885 0.1242 0.0866
vn 0.9767 0.1228 -0.1761
vn 0.9082 0.3433 0.2394
vn 0.6054 0.6529 0.4552
vn -0.1965 0.8043 0.5608
vn -0.6054 0.6529 0.4552
vn -0.9082 0.3433 0.2394
vn -0.9885 0.1243 0.0866
vn -0.9767 0.1228 -0.1761
vn 0.8647 -0.2894 0.4105
vn 0.5217 -0.4916 0.6973
vn 0.1494 -0.5698 0.8081
vn 0.1965 0.8043 0.5608
vn -0.1494 -0.5698 0.8081
vn -0.5216 -0.4916 0.6973
vn -0.8647 -0.2894 0.4105
vn 0.8657 -0.4723 0.1659
vn 0.9768 -0.1233 0.1749
vn 0.4997 -0.8173 0.2870
vn 0.1305 -0.9355 0.3285
vn -0.1304 -0.9355 0.3285
vn -0.4996 -0.8173 0.2870
vn -0.9768 -0.1233 0.1749
vn -0.8657 -0.4723 0.1659
vn 0.9659 -0.2453 0.0825
vn 0.9659 -0.2442 0.0858
vn 0.8654 -0.4749 0.1597
vn 0.4994 -0.8212 0.2761
vn -0.1304 -0.9398 0.3159
vn -0.4994 -0.8212 0.2761
vn -0.8654 -0.4749 0.1597
vn -0.9659 -0.2453 0.0825
vn -0.9659 -0.2442 0.0858
vn 0.8656 -0.4771 0.1524
vn 0.4995 -0.8252 0.2636
vn 0.1305 -0.9444 0.3017
vn 0.1304 -0.9398 0.3159
vn -0.1304 -0.9444 0.3017
vn -0.4995 -0.8252 0.2636
vn -0.8655 -0.4771 0.1524
vn 0.8656 -0.4787 0.1466
vn 0.9659 -0.2465 0.0787
vn 0.4996 -0.8283 0.2536
vn 0.1304 -0.9480 0.2902
vn -0.1305 -0.9480 0.2902
vn -0.4996 -0.8283 0.2536
vn -0.9659 -0.2465 0.0787
vn -0.8656 -0.4787 0.1466
vn 0.9875 -0.1267 -0.0942
vn 0.9659 -0.2475 0.0758
vn 0.9031 -0.3445 -0.2563
vn 0.5949 -0.6449 -0.4797
vn -0.1903 -0.7877 -0.5859
vn -0.5950 -0.6449 -0.4797
vn -0.9031 -0.3445 -0.2563
vn -0.9875 -0.1267 -0.0942
vn -0.9659 -0.2475 0.0758
vn 0.9027 0.3446 -0.2575
vn 0.5943 0.6442 -0.4815
vn 0.1899 0.7864 -0.5878
vn 0.1903 -0.7877 -0.5859
vn -0.1899 0.7864 -0.5878
vn -0.5942 0.6442 -0.4816
vn -0.9027 0.3446 -0.2576
vn 0.8655 0.4794 0.1452
vn 0.9874 0.1269 -0.0948
vn 0.4995 0.8291 0.2511
vn 0.1304 0.9489 0.2874
vn -0.1305 0.9489 0.2874
vn -0.4995 0.8291 0.2511
vn -0.9874 0.1269 -0.0948
vn -0.8655 0.4794 0.1452
vn 0.8656 0.4772 0.1518
vn 0.9659 0.2477 0.0750
vn 0.4996 0.8255 0.2626
vn 0.1305 0.9448 0.3005
vn -0.1305 0.9448 0.3005
vn -0.4995 0.8255 0.2626
vn -0.9659 0.2477 0.0750
vn -0.8656 0.4773 0.1518
vn 0.8656 0.4752 0.1576
vn 0.9659 0.2466 0.0784
vn 0.4996 0.8222 0.2726
vn 0.1305 0.9411 0.3120
vn -0.1305 0.9411 0.3120
vn -0.4996 0.8222 0.2726
vn -0.9659 0.2466 0.0784
vn -0.8656 0.4752 0.1576
vn 0.8657 0.4735 0.1622
vn 0.9659 0.2456 0.0814
vn 0.4997 0.8194 0.2808
vn 0.1305 0.9379 0.3214
vn -0.1305 0.9379 0.3214
vn -0.4997 0.8194 0.2808
vn -0.9659 0.2457 0.0815
vn -0.8657 0.4735 0.1622
vn 0.9770 0.1236 0.1739
vn 0.9659 0.2449 0.0839
vn 0.8650 0.2907 0.4089
vn 0.5223 0.4942 0.6949
vn -0.1498 0.5730 0.8058
vn -0.5223 0.4942 0.6950
vn -0.8650 0.2908 0.4089
vn -0.9770 0.1236 0.1739
vn -0.9659 0.2449 0.0839
vn 0.9884 -0.1244 0.0871
vn 0.9079 -0.3434 0.2405
vn 0.1498 0.5730 0.8058
vn 0.6047 -0.6524 0.4569
vn -0.1960 -0.8032 0.5625
vn -0.6047 -0.6524 0.4569
vn -0.9079 -0.3434 0.2405
vn -0.9884 -0.1244 0.0871
vn 0.1960 -0.8032 0.5625
vn 0.8650 -0.2906 -0.4090
vn 0.9884 0.1244 -0.0872
vn 0.5222 -0.4939 -0.6953
vn 0.9078 0.3434 -0.2406
vn 0.1497 -0.5726 -0.8061
vn -0.6047 0.6524 -0.4569
vn -0.5222 -0.4939 -0.6953
vn -0.9078 0.3434 -0.2406
vn -0.8650 -0.2906 -0.4090
vn -0.9884 0.1244 -0.0872
vn 0.8647 0.2894 -0.4105
vn -0.5216 0.4916 -0.6973
vn -0.8647 0.2894 -0.4105
vn 0.1305 0.9361 -0.3266
vn -0.1304 0.9457 -0.2978
vn 0.9026 -0.3446 0.2580
vn 0.9874 -0.1269 0.0951
vn 0.1305 -0.9493 -0.2860
vn 0.4997 -0.8232 -0.2693
vn 0.1304 -0.9387 -0.3192
vn 0.6875 0.5135 0.5135
vn 0.8586 -0.1204 -0.4983
vn 0.9665 -0.1224 -0.2256
vn 0.8582 -0.2449 -0.4511
vn 0.4938 -0.2043 -0.8453
vn 0.4935 -0.4150 -0.7644
vn 0.1301 -0.2330 -0.9637
vn 0.1302 -0.4731 -0.8714
vn -0.1302 -0.2330 -0.9637
vn -0.1302 -0.4731 -0.8714
vn -0.4935 -0.4150 -0.7644
vn -0.8582 -0.2449 -0.4511
vn -0.4938 -0.2043 -0.8452
vn -0.9665 -0.1224 -0.2256
vn -0.8586 -0.1204 -0.4982
vn 0.8590 0.0034 -0.5120
vn 0.9664 -0.0604 -0.2497
vn 0.4940 0.0058 -0.8695
vn 0.1301 0.0066 -0.9915
vn -0.1301 0.0066 -0.9915
vn -0.4939 0.0058 -0.8695
vn -0.9664 -0.0604 -0.2497
vn -0.8590 0.0034 -0.5120
vn 0.9666 0.0673 -0.2474
vn 0.9664 0.0017 -0.2571
vn 0.8579 0.1350 -0.4957
vn 0.4934 0.2285 -0.8393
vn -0.1303 0.2604 -0.9567
vn -0.4934 0.2285 -0.8393
vn -0.8579 0.1350 -0.4958
vn -0.9666 0.0673 -0.2474
vn -0.9664 0.0017 -0.2571
vn 0.9666 0.1348 -0.2179
vn 0.8577 0.2704 -0.4373
vn 0.1303 0.2604 -0.9567
vn 0.4933 0.4575 -0.7398
vn -0.1303 0.5215 -0.8433
vn -0.4933 0.4575 -0.7398
vn -0.8577 0.2704 -0.4373
vn -0.9666 0.1348 -0.2179
vn 0.8579 0.3834 -0.3420
vn 0.4934 0.6491 -0.5790
vn 0.1303 0.7399 -0.6600
vn 0.1303 0.5215 -0.8433
vn -0.1303 0.7399 -0.6600
vn -0.4934 0.6491 -0.5790
vn -0.8579 0.3834 -0.3420
vn 0.8584 0.4604 -0.2261
vn 0.9666 0.1913 -0.1707
vn 0.4936 0.7806 -0.3834
vn 0.1302 0.8900 -0.4371
vn -0.1302 0.8900 -0.4371
vn -0.4937 0.7806 -0.3834
vn -0.9666 0.1913 -0.1707
vn -0.8584 0.4604 -0.2261
vn 0.8591 0.5004 -0.1074
vn 0.9665 0.2305 -0.1132
vn 0.4941 0.8500 -0.1825
vn 0.1301 0.9694 -0.2081
vn -0.1301 0.9694 -0.2081
vn -0.4941 0.8500 -0.1825
vn -0.9665 0.2305 -0.1132
vn -0.8591 0.5004 -0.1074
vn 0.8601 0.5102 -0.0002
vn 0.9664 0.2515 -0.0540
vn 0.4947 0.8690 -0.0003
vn 0.1301 0.9915 -0.0003
vn -0.1301 0.9915 -0.0003
vn -0.4947 0.8690 -0.0003
vn -0.9664 0.2515 -0.0540
vn -0.8601 0.5102 -0.0002
vn 0.9664 0.2515 0.0538
vn 0.9662 0.2577 -0.0001
vn 0.8591 0.5005 0.1071
vn 0.4941 0.8502 0.1819
vn -0.1301 0.9696 0.2074
vn -0.4941 0.8502 0.1819
vn -0.8591 0.5005 0.1071
vn -0.9664 0.2515 0.0538
vn -0.9662 0.2577 -0.0001
vn 0.9665 0.2306 0.1129
vn 0.8584 0.4607 0.2255
vn 0.1301 0.9696 0.2074
vn 0.4937 0.7811 0.3824
vn 0.1302 0.8905 0.4360
vn -0.4937 0.7811 0.3824
vn -0.8584 0.4607 0.2255
vn -0.9665 0.2306 0.1129
vn 0.9666 0.1919 0.1702
vn 0.8579 0.3844 0.3409
vn 0.4934 0.6508 0.5771
vn -0.1303 0.7418 0.6578
vn -0.1302 0.8905 0.4359
vn -0.4934 0.6508 0.5771
vn -0.8579 0.3844 0.3409
vn -0.9666 0.1919 0.1702
vn 0.9666 0.1360 0.2172
vn 0.8577 0.2729 0.4357
vn 0.1303 0.7418 0.6578
vn 0.4932 0.4617 0.7373
vn -0.1302 0.5262 0.8403
vn -0.4932 0.4617 0.7373
vn -0.8577 0.2729 0.4357
vn -0.9666 0.1360 0.2172
vn 0.8579 0.1378 0.4950
vn 0.4934 0.2333 0.8379
vn 0.1303 0.2659 0.9552
vn 0.1302 0.5262 0.8403
vn -0.1303 0.2659 0.9552
vn -0.4934 0.2333 0.8379
vn -0.8579 0.1378 0.4950
vn 0.8597 0.0134 0.5106
vn 0.9666 0.0687 0.2469
vn 0.4945 0.0227 0.8689
vn 0.1301 0.0260 0.9912
vn -0.1301 0.0260 0.9912
vn -0.4945 0.0228 0.8689
vn -0.9666 0.0687 0.2469
vn -0.8597 0.0134 0.5106
vn 0.8608 -0.0805 0.5025
vn 0.9663 0.0067 0.2575
vn 0.4953 -0.1374 0.8578
vn 0.1300 -0.1568 0.9790
vn -0.1300 -0.1568 0.9790
vn -0.4953 -0.1374 0.8578
vn -0.9663 0.0067 0.2575
vn -0.8608 -0.0805 0.5025
vn 0.9662 -0.0828 0.2443
vn 0.9661 -0.0408 0.2547
vn 0.8606 -0.1634 0.4823
vn 0.4952 -0.2788 0.8229
vn -0.1300 -0.3181 0.9391
vn -0.4952 -0.2788 0.8229
vn -0.8606 -0.1634 0.4823
vn -0.9662 -0.0828 0.2443
vn -0.9662 -0.0408 0.2547
vn 0.9662 -0.1238 0.2262
vn 0.8605 -0.2447 0.4469
vn 0.1301 -0.3181 0.9391
vn 0.4951 -0.4172 0.7621
vn -0.1301 -0.4761 0.8697
vn -0.4951 -0.4172 0.7621
vn -0.8605 -0.2447 0.4469
vn -0.9662 -0.1238 0.2262
vn 0.9662 -0.1619 0.2007
vn 0.8605 -0.3198 0.3967
vn 0.1301 -0.4761 0.8697
vn 0.4951 -0.5453 0.6764
vn -0.1301 -0.6223 0.7719
vn -0.4951 -0.5453 0.6764
vn -0.8605 -0.3198 0.3966
vn -0.9662 -0.1619 0.2008
vn 0.8605 -0.3848 0.3339
vn 0.4950 -0.6562 0.5695
vn 0.1300 -0.7489 0.6499
vn 0.1301 -0.6223 0.7719
vn -0.1300 -0.7489 0.6498
vn -0.4950 -0.6562 0.5695
vn -0.8605 -0.3848 0.3339
vn 0.9662 -0.2217 0.1317
vn 0.9662 -0.1948 0.1690
vn 0.8604 -0.4382 0.2603
vn 0.4950 -0.7470 0.4438
vn -0.1301 -0.8524 0.5064
vn -0.4950 -0.7470 0.4438
vn -0.8604 -0.4382 0.2603
vn -0.9662 -0.2217 0.1317
vn -0.9662 -0.1948 0.1690
vn 0.8604 -0.4777 0.1776
vn 0.4950 -0.8144 0.3029
vn 0.1301 -0.8524 0.5064
vn -0.1301 -0.9293 0.3456
vn -0.4950 -0.8144 0.3029
vn -0.9662 -0.2417 0.0899
vn 0.9870 -0.1276 -0.0975
vn 0.9662 -0.2417 0.0899
vn 0.9010 -0.3447 -0.2633
vn 0.1301 -0.9293 0.3456
vn 0.5908 -0.6411 -0.4898
vn -0.1878 -0.7805 -0.5963
vn -0.5907 -0.6412 -0.4898
vn -0.9010 -0.3447 -0.2633
vn -0.8604 -0.4777 0.1776
vn -0.9870 -0.1276 -0.0975
vn 0.8637 0.2849 -0.4157
vn 0.5197 0.4830 -0.7048
vn 0.1483 0.5590 -0.8158
vn 0.1879 -0.7805 -0.5963
vn -0.1483 0.5590 -0.8158
vn -0.5197 0.4830 -0.7048
vn -0.8637 0.2849 -0.4157
vn 0.8715 0.4439 -0.2085
vn 0.9764 0.1220 -0.1780
vn 0.5058 0.7808 -0.3667
vn 0.1316 0.8973 -0.4214
vn -0.1316 0.8973 -0.4215
vn -0.5058 0.7808 -0.3667
vn -0.9764 0.1220 -0.1780
vn -0.8715 0.4440 -0.2085
vn 0.8720 0.4078 -0.2706
vn 0.9661 0.2337 -0.1098
vn 0.5065 0.7184 -0.4767
vn 0.1317 0.8260 -0.5481
vn -0.1317 0.8260 -0.5481
vn -0.5066 0.7184 -0.4767
vn -0.9661 0.2337 -0.1098
vn -0.8721 0.4078 -0.2706
vn 0.8724 0.3597 -0.3309
vn 0.9661 0.2151 -0.1427
vn 0.5069 0.6343 -0.5836
vn 0.1318 0.7295 -0.6712
vn -0.1318 0.7295 -0.6712
vn -0.5070 0.6343 -0.5836
vn -0.9661 0.2150 -0.1427
vn -0.8724 0.3597 -0.3309
vn 0.8728 0.2993 -0.3855
vn 0.9661 0.1899 -0.1747
vn 0.5074 0.5285 -0.6806
vn 0.1319 0.6079 -0.7830
vn -0.1319 0.6079 -0.7830
vn -0.5074 0.5285 -0.6806
vn -0.9661 0.1899 -0.1747
vn -0.8728 0.2994 -0.3855
vn 0.8731 0.2278 -0.4312
vn 0.9662 0.1582 -0.2037
vn 0.5077 0.4024 -0.7618
vn 0.1319 0.4630 -0.8765
vn -0.1319 0.4630 -0.8765
vn -0.5077 0.4024 -0.7618
vn -0.9662 0.1582 -0.2037
vn -0.8731 0.2278 -0.4312
vn 0.9662 0.0792 -0.2455
vn 0.9662 0.1205 -0.2280
vn 0.8728 0.1499 -0.4645
vn 0.5074 0.2646 -0.8201
vn -0.1320 0.3044 -0.9434
vn -0.5074 0.2646 -0.8201
vn -0.8728 0.1499 -0.4645
vn -0.9662 0.0792 -0.2455
vn -0.9662 0.1205 -0.2280
vn 0.9661 0.0382 -0.2553
vn 0.8722 0.0723 -0.4838
vn 0.1319 0.3044 -0.9434
vn 0.5067 0.1275 -0.8526
vn -0.1318 0.1466 -0.9804
vn -0.5067 0.1275 -0.8526
vn -0.8722 0.0723 -0.4838
vn -0.9661 0.0382 -0.2552
vn 0.8742 -0.0156 -0.4852
vn 0.5091 -0.0277 -0.8603
vn 0.1323 -0.0319 -0.9907
vn 0.1318 0.1466 -0.9804
vn -0.1323 -0.0319 -0.9907
vn -0.5091 -0.0277 -0.8603
vn -0.8742 -0.0156 -0.4852
vn 0.8782 -0.1318 -0.4598
vn 0.9663 -0.0083 -0.2574
vn 0.5141 -0.2363 -0.8246
vn 0.1334 -0.2730 -0.9527
vn -0.1335 -0.2730 -0.9527
vn -0.5141 -0.2363 -0.8245
vn -0.9663 -0.0083 -0.2574
vn -0.8782 -0.1318 -0.4598
vn 0.8785 -0.2584 -0.4019
vn 0.9666 -0.0706 -0.2464
vn 0.5145 -0.4638 -0.7213
vn 0.1335 -0.5360 -0.8336
vn -0.1335 -0.5360 -0.8336
vn -0.5145 -0.4638 -0.7213
vn -0.9666 -0.0706 -0.2463
vn -0.8785 -0.2584 -0.4019
vn 0.9666 -0.1944 -0.1671
vn 0.9666 -0.1385 -0.2154
vn 0.8779 -0.3631 -0.3121
vn 0.5137 -0.6507 -0.5592
vn -0.1333 -0.7517 -0.6459
vn -0.5137 -0.6507 -0.5592
vn -0.8779 -0.3632 -0.3121
vn -0.9666 -0.1945 -0.1671
vn -0.9666 -0.1386 -0.2155
vn 0.9665 -0.2324 -0.1094
vn 0.8766 -0.4354 -0.2050
vn 0.1333 -0.7517 -0.6459
vn 0.5121 -0.7771 -0.3659
vn -0.1330 -0.8967 -0.4222
vn -0.5121 -0.7771 -0.3659
vn -0.8766 -0.4354 -0.2050
vn -0.9665 -0.2324 -0.1094
vn 0.9663 -0.2521 -0.0513
vn 0.8751 -0.4743 -0.0965
vn 0.1330 -0.8967 -0.4222
vn 0.5101 -0.8428 -0.1715
vn -0.1325 -0.9713 -0.1976
vn -0.5101 -0.8428 -0.1715
vn -0.8751 -0.4743 -0.0965
vn -0.9663 -0.2521 -0.0513
vn 0.9662 -0.2578 0.0002
vn 0.8732 -0.4874 0.0003
vn 0.1325 -0.9713 -0.1976
vn 0.5079 -0.8614 0.0005
vn -0.1320 -0.9912 0.0006
vn -0.5079 -0.8614 0.0005
vn -0.8732 -0.4874 0.0003
vn -0.9662 -0.2578 0.0002
vn 0.8752 -0.4738 0.0978
vn 0.5103 -0.8422 0.1738
vn 0.1326 -0.9707 0.2003
vn 0.1320 -0.9912 0.0006
vn -0.1326 -0.9707 0.2003
vn -0.5103 -0.8422 0.1738
vn -0.8752 -0.4737 0.0978
vn 0.8768 -0.4338 0.2075
vn 0.9663 -0.2520 0.0520
vn 0.5123 -0.7748 0.3706
vn 0.1330 -0.8941 0.4276
vn -0.1330 -0.8941 0.4276
vn -0.5123 -0.7748 0.3706
vn -0.9663 -0.2519 0.0520
vn -0.8768 -0.4338 0.2075
vn 0.8779 -0.3608 0.3149
vn 0.9665 -0.2317 0.1108
vn 0.5137 -0.6464 0.5642
vn 0.1334 -0.7467 0.6517
vn -0.1334 -0.7467 0.6517
vn -0.5137 -0.6464 0.5642
vn -0.9665 -0.2317 0.1108
vn -0.8779 -0.3608 0.3149
vn 0.8784 -0.2557 0.4037
vn 0.9666 -0.1932 0.1686
vn 0.5144 -0.4589 0.7245
vn 0.1335 -0.5303 0.8372
vn -0.1335 -0.5303 0.8372
vn -0.5144 -0.4588 0.7245
vn -0.9666 -0.1932 0.1686
vn -0.8784 -0.2557 0.4037
vn 0.9666 -0.0694 0.2467
vn 0.9666 -0.1371 0.2164
vn 0.8781 -0.1296 0.4606
vn 0.5140 -0.2324 0.8257
vn -0.1335 -0.2685 0.9540
vn -0.5139 -0.2324 0.8257
vn -0.8781 -0.1297 0.4607
vn -0.9666 -0.0694 0.2467
vn -0.9666 -0.1371 0.2164
vn 0.9664 -0.0024 0.2570
vn 0.8760 -0.0045 0.4823
vn 0.1334 -0.2685 0.9540
vn 0.5113 -0.0081 0.8594
vn -0.1328 -0.0093 0.9911
vn -0.5113 -0.0081 0.8594
vn -0.8760 -0.0045 0.4823
vn -0.9664 -0.0024 0.2570
vn 0.8766 0.1146 0.4673
vn 0.5121 0.2045 0.8342
vn 0.1330 0.2360 0.9626
vn 0.1328 -0.0093 0.9911
vn -0.1330 0.2360 0.9626
vn -0.5121 0.2045 0.8342
vn -0.8766 0.1146 0.4673
vn 0.8776 0.2329 0.4189
vn 0.9665 0.0612 0.2494
vn 0.5134 0.4170 0.7500
vn 0.1333 0.4816 0.8662
vn -0.1333 0.4816 0.8662
vn -0.5134 0.4170 0.7500
vn -0.9665 0.0612 0.2495
vn -0.8776 0.2329 0.4189
vn 0.8780 0.3398 0.3371
vn 0.9666 0.1246 0.2241
vn 0.5139 0.6090 0.6042
vn 0.1334 0.7036 0.6980
vn -0.1334 0.7036 0.6980
vn -0.5139 0.6090 0.6042
vn -0.9666 0.1246 0.2242
vn -0.8780 0.3398 0.3370
vn 0.9665 0.2250 0.1232
vn 0.9666 0.1820 0.1805
vn 0.8775 0.4207 0.2302
vn 0.5132 0.7529 0.4121
vn -0.1332 0.8694 0.4758
vn -0.5132 0.7529 0.4121
vn -0.8775 0.4207 0.2302
vn -0.9665 0.2250 0.1232
vn -0.9666 0.1820 0.1805
vn 0.9664 0.2497 0.0601
vn 0.8765 0.4680 0.1126
vn 0.1332 0.8694 0.4758
vn 0.5120 0.8351 0.2010
vn -0.1329 0.9636 0.2319
vn -0.5120 0.8352 0.2010
vn -0.8765 0.4680 0.1126
vn -0.9664 0.2497 0.0601
vn 0.9836 0.1083 0.1441
vn 0.8862 0.2782 0.3705
vn 0.1329 0.9636 0.2319
vn 0.5621 0.4966 0.6614
vn -0.1716 0.5915 0.7878
vn -0.5621 0.4966 0.6614
vn -0.8862 0.2782 0.3705
vn -0.9836 0.1083 0.1441
vn 0.9997 -0.0231 -0.0020
vn 0.9965 -0.0836 -0.0072
vn 0.1716 0.5916 0.7878
vn 0.9582 -0.2850 -0.0249
vn -0.4570 -0.8861 -0.0774
vn -0.9582 -0.2850 -0.0249
vn -0.9965 -0.0836 -0.0073
vn -0.9997 -0.0231 -0.0020
vn 0.8820 0.3332 -0.3332
vn 0.1672 0.6972 -0.6971
vn 0.4570 -0.8861 -0.0770
vn 0.5542 0.5886 0.5886
vn 0.1672 0.6972 0.6972
vn -0.1672 -0.6972 0.6971
vn -0.5543 -0.5886 0.5886
vn 0.8622 -0.5057 -0.0291
vn 0.4965 -0.8666 -0.0499
vn 0.1301 -0.9899 -0.0570
vn -0.1301 -0.9899 -0.0570
vn -0.4965 -0.8666 -0.0499
vn -0.8622 -0.5057 -0.0291
vn 0.9665 -0.2487 -0.0632
vn 0.9660 -0.2580 -0.0149
vn 0.8582 -0.4974 -0.1265
vn 0.4935 -0.8429 -0.2143
vn -0.1302 -0.9609 -0.2443
vn -0.4936 -0.8429 -0.2143
vn -0.8582 -0.4974 -0.1265
vn -0.9665 -0.2487 -0.0632
vn -0.9660 -0.2580 -0.0149
vn 0.9666 -0.2223 -0.1280
vn 0.8580 -0.4451 -0.2564
vn 0.1302 -0.9609 -0.2443
vn 0.4934 -0.7537 -0.4341
vn -0.1303 -0.8592 -0.4948
vn -0.4934 -0.7537 -0.4341
vn -0.8580 -0.4451 -0.2564
vn -0.9666 -0.2223 -0.1280
vn 0.8580 -0.3576 -0.3687
vn 0.4934 -0.6056 -0.6244
vn 0.1302 -0.6903 -0.7117
vn 0.1303 -0.8592 -0.4948
vn -0.1302 -0.6903 -0.7117
vn -0.4934 -0.6056 -0.6244
vn -0.8580 -0.3576 -0.3687
vn 0.9665 -0.1786 -0.1841
vn -0.9665 -0.1786 -0.1841
vn 0.8820 -0.3332 -0.3331
vn 0.1672 0.6971 -0.6972
vn 0.1672 0.6972 0.6971
vn -0.1672 0.6971 0.6972
vn 0.1673 -0.6972 -0.6971
vn -0.5543 -0.5885 -0.5886
vn -0.9825 -0.1316 -0.1317
vn 0.9825 -0.1317 -0.1317
vn 0.5543 -0.5885 -0.5885
vn 0.1965 -0.6933 -0.6933
vn -0.1964 -0.6933 -0.6933
vn -0.6875 -0.5135 -0.5135
vn -0.1964 -0.6933 0.6933
vn -0.9555 -0.2085 0.2086
vn -0.1673 -0.6972 0.6971
vn -0.6875 -0.5135 0.5136
vn -0.8820 -0.3332 0.3331
vn -0.9825 -0.1317 0.1316
vn 0.6875 -0.5135 -0.5135
vn -0.6875 -0.5135 0.5135
vn -0.3693 -0.9293 -0.0000
vn -0.9048 -0.3687 -0.2129
vn -0.3692 -0.8048 -0.4647
vn 0.9048 -0.3687 -0.2129
vn 0.3693 -0.9293 -0.0000
vn 0.3692 -0.8048 -0.4647
vn -0.3693 -0.4647 -0.8048
vn 0.3693 -0.4647 -0.8048
vn -0.9048 -0.2129 -0.3687
vn -0.3693 -0.0000 -0.9293
vn 0.3693 -0.0000 -0.9293
vn 0.9048 -0.2129 -0.3687
vn -0.9048 0.2129 -0.3687
vn -0.3693 0.4647 -0.8048
vn 0.9048 0.2129 -0.3687
vn 0.3693 0.4647 -0.8048
vn -0.9048 0.3687 -0.2129
vn -0.3692 0.8048 -0.4647
vn 0.9049 0.3687 -0.2129
vn 0.3692 0.8048 -0.4647
vn -0.3693 0.9293 -0.0000
vn 0.3693 0.9293 -0.0000
vn -0.9048 0.3687 0.2129
vn -0.3692 0.8048 0.4647
vn 0.9048 0.3687 0.2129
vn 0.3692 0.8048 0.4647
vn -0.3692 0.4647 0.8048
vn 0.9048 0.2129 0.3687
vn 0.3693 0.4647 0.8048
vn -0.9048 0.2129 0.3687
vn -0.3692 -0.0000 0.9293
vn 0.3692 -0.0000 0.9293
vn -0.9048 -0.2129 0.3687
vn -0.3692 -0.4647 0.8048
vn 0.9048 -0.2129 0.3687
vn 0.3693 -0.4647 0.8048
vn -0.9048 -0.3687 0.2129
vn -0.3692 -0.8048 0.4647
vn 0.3692 -0.8048 0.4647
vn 0.9048 -0.3687 0.2129
vn -0.9048 -0.0000 0.4258
vn 0.9048 -0.4257 -0.0000
vn 0.8391 -0.0000 -0.5440
vn 0.8391 -0.2082 -0.5025
vn -0.8391 -0.2082 -0.5025
vn -0.8391 -0.5025 0.2082
vn 0.8391 -0.2082 0.5025
vn -0.8391 -0.2082 0.5025
vn 0.8391 -0.0000 0.5440
vn 0.8391 0.2082 0.5025
vn -0.8391 0.2082 0.5025
vn -0.8391 0.5025 0.2082
vn 0.8391 0.2082 -0.5025
vn -0.8391 0.2082 -0.5025
vn -0.2818 0.8865 -0.3672
vn -0.8865 0.3672 -0.2818
vn -0.3672 0.2817 -0.8864
vn -0.3672 -0.8865 -0.2817
vn -0.2817 -0.3672 -0.8865
vn -0.8865 -0.2818 -0.3672
vn -0.4089 -0.6637 0.6263
vn -0.3382 -0.9226 0.1855
vn -0.8526 -0.4877 0.1876
vn -0.2251 -0.1591 0.9613
vn -0.2251 -0.5780 0.7844
vn -0.8674 -0.1343 0.4791
vn -0.2250 0.5780 0.7844
vn -0.2251 0.1591 0.9613
vn -0.8674 0.2497 0.4303
vn -0.4089 0.9037 0.1270
vn -0.3382 0.7212 0.6046
vn -0.8526 0.4511 0.2636
vn 0.3672 0.8865 -0.2817
vn 0.2817 0.3672 -0.8865
vn 0.8865 0.2818 -0.3672
vn 0.3672 -0.2817 -0.8864
vn 0.2818 -0.8865 -0.3672
vn 0.8865 -0.3672 -0.2818
vn 0.4089 -0.9037 0.1270
vn 0.3382 -0.7212 0.6046
vn 0.8526 -0.4511 0.2636
vn 0.2250 -0.5780 0.7844
vn 0.2251 -0.1591 0.9613
vn 0.8674 -0.2497 0.4303
vn 0.2251 0.1591 0.9613
vn 0.2251 0.5780 0.7844
vn 0.8674 0.1343 0.4791
vn 0.3382 0.9226 0.1855
vn 0.8526 0.4877 0.1876
vn 0.4089 0.6637 0.6263
vn -0.4309 0.9024 0.0040
vn -0.9144 0.4047 -0.0000
vn -0.9244 0.2405 0.2961
vn -0.4316 0.5635 0.7044
vn -0.3826 0.1146 0.9168
vn -0.3826 -0.1146 0.9168
vn -0.9244 -0.2405 0.2961
vn -0.4316 -0.5635 0.7044
vn -0.9239 -0.3827 0.0017
vn -0.3827 -0.9239 -0.0000
vn 0.9239 0.3827 0.0017
vn 0.3827 0.9239 -0.0000
vn 0.4309 -0.9024 0.0040
vn 0.9144 -0.4047 -0.0000
vn 0.3856 -0.5817 0.7162
vn 0.9144 -0.2528 0.3160
vn 0.3827 -0.1146 0.9167
vn 0.3827 0.1146 0.9167
vn 0.3856 0.5817 0.7162
vn 0.9144 0.2528 0.3161
vn -0.2817 0.8865 -0.3672
vn -0.8864 0.3672 -0.2817
vn -0.3671 0.2817 -0.8865
vn -0.8865 -0.2817 -0.3672
vn -0.3910 -0.6244 0.6762
vn -0.3170 -0.9217 0.2234
vn -0.8540 -0.4761 0.2100
vn -0.3910 0.9061 0.1614
vn -0.3170 0.6851 0.6559
vn -0.8539 0.4335 0.2878
vn 0.8865 0.2817 -0.3672
vn 0.3671 -0.2817 -0.8865
vn 0.2817 -0.8865 -0.3672
vn 0.8864 -0.3672 -0.2818
vn 0.3910 -0.9061 0.1614
vn 0.3170 -0.6851 0.6559
vn 0.8540 -0.4335 0.2878
vn 0.3170 0.9217 0.2234
vn 0.8540 0.4761 0.2100
vn 0.3910 0.6244 0.6762
vn -0.4179 0.9085 0.0020
vn -0.9172 0.3983 -0.0000
vn -0.9238 0.2074 0.3219
vn -0.3827 0.4980 0.7782
vn -0.9238 -0.2074 0.3219
vn -0.3827 -0.4980 0.7782
vn -0.9239 -0.3827 0.0009
vn 0.9239 0.3827 0.0009
vn 0.4179 -0.9085 0.0020
vn 0.9172 -0.3983 -0.0000
vn 0.4179 -0.4920 0.7637
vn 0.9172 -0.2147 0.3355
vn 0.4179 0.4920 0.7637
vn 0.9172 0.2147 0.3355
vn -0.0000 -0.9719 0.2356
vn -0.0000 0.9718 0.2356
vn -0.9049 -0.4257 -0.0000
vn -0.9048 -0.0000 -0.4258
vn 0.9048 -0.0000 -0.4257
vn -0.9049 0.4257 -0.0000
vn 0.9049 0.4257 -0.0000
vn 0.9048 -0.0000 0.4257
vt 0.000000 0.000000
vt 0.000000 1.000000
vt 0.250000 0.833333
vt 0.250000 1.000000
vt 0.250000 0.166667
vt 0.000000 0.166667
vt 0.250000 0.333333
vt 0.000000 0.333333
vt 0.250000 0.500000
vt 0.000000 0.500000
vt 0.250000 0.666667
vt 0.000000 0.666667
vt 0.000000 0.833333
vt 0.500000 0.833333
vt 0.500000 1.000000
vt 0.250000 0.000000
vt 0.500000 0.166667
vt 0.500000 0.333333
vt 0.500000 0.500000
vt 0.500000 0.666667
vt 0.750000 1.000000
vt 0.500000 0.000000
vt 0.750000 0.166667
vt 0.750000 0.333333
vt 0.750000 0.500000
vt 0.750000 0.666667
vt 0.750000 0.833333
vt 1.000000 1.000000
vt 0.750000 0.000000
vt 1.000000 0.166667
vt 1.000000 0.333333
vt 1.000000 0.500000
vt 1.000000 0.666667
vt 1.000000 0.833333
vt 0.562500 0.666667
vt 0.562500 0.500000
vt 0.562500 0.833333
vt 0.562500 1.000000
vt 0.500000 -0.000000
vt 0.562500 0.166667
vt 0.562500 -0.000000
vt 0.562500 0.333333
vt 0.625000 0.666667
vt 0.625000 0.500000
vt 0.625000 0.833333
vt 0.625000 0.166667
vt 0.625000 -0.000000
vt 0.625000 0.333333
vt 0.687500 0.500000
vt 0.687500 0.666667
vt 0.687500 1.000000
vt 0.687500 0.833333
vt 0.687500 -0.000000
vt 0.687500 0.333333
vt 0.687500 0.166667
vt 0.750000 -0.000000
vt 0.812500 0.666667
vt 0.812500 0.500000
vt 0.812500 0.833333
vt 0.812500 0.166667
vt 0.812500 -0.000000
vt 0.812500 0.333333
vt 0.875000 0.500000
vt 0.875000 0.833333
vt 0.875000 0.666667
vt 0.875000 1.000000
vt 0.875000 -0.000000
vt 0.875000 0.166667
vt 0.875000 0.333333
vt 0.937500 0.500000
vt 0.937500 0.833333
vt 0.937500 0.666667
vt 0.937500 0.166667
vt 0.937500 -0.000000
vt 0.937500 0.333333
vt 1.000000 -0.000000
vt 0.062500 0.666667
vt 0.062500 0.500000
vt 0.062500 0.833333
vt 0.000000 -0.000000
vt 0.062500 0.166667
vt 0.062500 -0.000000
vt 0.062500 0.333333
vt 0.125000 0.666667
vt 0.125000 0.500000
vt 0.062500 1.000000
vt 0.125000 0.833333
vt 0.125000 0.166667
vt 0.125000 -0.000000
vt 0.125000 0.333333
vt 0.187500 0.666667
vt 0.187500 0.500000
vt 0.187500 1.000000
vt 0.187500 0.833333
vt 0.187500 -0.000000
vt 0.187500 0.333333
vt 0.187500 0.166667
vt 0.250000 -0.000000
vt 0.312500 0.500000
vt 0.312500 0.833333
vt 0.312500 0.666667
vt 0.312500 0.166667
vt 0.312500 -0.000000
vt 0.312500 0.333333
vt 0.375000 0.500000
vt 0.375000 0.833333
vt 0.375000 0.666667
vt 0.312500 1.000000
vt 0.375000 0.166667
vt 0.375000 -0.000000
vt 0.375000 0.333333
vt 0.437500 0.500000
vt 0.437500 0.833333
vt 0.437500 0.666667
vt 0.437500 1.000000
vt 0.437500 -0.000000
vt 0.437500 0.166667
vt 0.437500 0.333333
vt 0.625000 1.000000
vt 0.812500 1.000000
vt 0.937500 1.000000
vt 0.125000 1.000000
vt 0.090909 0.000000
vt 0.909091 0.000000
vt 0.818182 0.000000
vt 0.181818 0.000000
vt 0.545455 0.000000
vt 0.454545 0.000000
vt 1.000000 0.000000
vt 0.727273 0.000000
vt 0.636364 0.000000
vt 0.363636 0.000000
vt 0.272727 0.000000
vt 0.120690 0.000000
vt 0.103448 0.000000
vt 0.672414 0.000000
vt 0.655172 0.000000
vt 0.137931 0.000000
vt 0.637931 0.000000
vt 0.620690 0.000000
vt 0.155172 0.000000
vt 0.603448 0.000000
vt 0.172414 0.000000
vt 0.551724 0.000000
vt 0.224138 0.000000
vt 0.568965 0.000000
vt 0.724138 0.000000
vt 0.034483 0.000000
vt 0.741379 0.000000
vt 0.241379 0.000000
vt 0.534483 0.000000
vt 0.517241 0.000000
vt 0.051724 0.000000
vt 0.706897 0.000000
vt 0.068966 0.000000
vt 0.689655 0.000000
vt 0.086207 0.000000
vt 0.586207 0.000000
vt 0.189655 0.000000
vt 0.206897 0.000000
vt 0.017241 0.000000
vt 0.775862 0.000000
vt 0.758621 0.000000
vt 0.482759 0.000000
vt 0.275862 0.000000
vt 0.258621 0.000000
vt 0.793103 0.000000
vt 0.465517 0.000000
vt 0.293103 0.000000
vt 0.948276 0.000000
vt 0.931035 0.000000
vt 0.862069 0.000000
vt 0.913793 0.000000
vt 0.827586 0.000000
vt 0.844828 0.000000
vt 0.379310 0.000000
vt 0.362069 0.000000
vt 0.396552 0.000000
vt 0.413793 0.000000
vt 0.344828 0.000000
vt 0.982759 0.000000
vt 0.965517 0.000000
vt 0.810345 0.000000
vt 0.431034 0.000000
vt 0.327586 0.000000
vt 0.448276 0.000000
vt 0.310345 0.000000
vt 0.879310 0.000000
vt 0.896552 0.000000
vt 0.041667 0.000000
vt 0.708333 0.000000
vt 0.083333 0.000000
vt 0.583333 0.000000
vt 0.541667 0.000000
vt 0.416667 0.000000
vt 0.625000 0.000000
vt 0.125000 0.000000
vt 0.333333 0.000000
vt 0.291667 0.000000
vt 0.375000 0.000000
vt 0.458333 0.000000
vt 0.208333 0.000000
vt 0.166667 0.000000
vt 0.791667 0.000000
vt 0.666667 0.000000
vt 0.916667 0.000000
vt 0.833333 0.000000
vt 0.875000 0.000000
vt 0.958333 0.000000
vt 0.187500 0.000000
vt 0.562500 0.000000
vt 0.437500 0.000000
vt 0.062500 0.000000
vt 0.312500 0.000000
vt 0.687500 0.000000
vt 0.937500 0.000000
vt 0.812500 0.000000
vt 0.400000 0.000000
vt 0.200000 0.000000
vt 0.800000 0.000000
vt 0.600000 0.000000
vt 0.082192 0.000000
vt 0.068493 0.000000
vt 0.150685 0.000000
vt 0.136986 0.000000
vt 0.095890 0.000000
vt 0.123288 0.000000
vt 0.109589 0.000000
vt 0.438356 0.000000
vt 0.424658 0.000000
vt 0.767123 0.000000
vt 0.753425 0.000000
vt 0.452055 0.000000
vt 0.739726 0.000000
vt 0.465753 0.000000
vt 0.712329 0.000000
vt 0.698630 0.000000
vt 0.493151 0.000000
vt 0.191781 0.000000
vt 0.041096 0.000000
vt 0.027397 0.000000
vt 0.205479 0.000000
vt 0.821918 0.000000
vt 0.383562 0.000000
vt 0.835616 0.000000
vt 0.178082 0.000000
vt 0.808219 0.000000
vt 0.684932 0.000000
vt 0.506849 0.000000
vt 0.054795 0.000000
vt 0.164384 0.000000
vt 0.397260 0.000000
vt 0.794521 0.000000
vt 0.410959 0.000000
vt 0.780822 0.000000
vt 0.726027 0.000000
vt 0.479452 0.000000
vt 0.013699 0.000000
vt 0.232877 0.000000
vt 0.219178 0.000000
vt 0.849315 0.000000
vt 0.369863 0.000000
vt 0.356164 0.000000
vt 0.246575 0.000000
vt 0.342466 0.000000
vt 0.876712 0.000000
vt 0.863014 0.000000
vt 0.643836 0.000000
vt 0.547945 0.000000
vt 0.657534 0.000000
vt 0.534247 0.000000
vt 0.986301 0.000000
vt 0.260274 0.000000
vt 0.273973 0.000000
vt 0.972603 0.000000
vt 0.287671 0.000000
vt 0.958904 0.000000
vt 0.945205 0.000000
vt 0.301370 0.000000
vt 0.931507 0.000000
vt 0.315068 0.000000
vt 0.917808 0.000000
vt 0.904110 0.000000
vt 0.602740 0.000000
vt 0.589041 0.000000
vt 0.616438 0.000000
vt 0.328767 0.000000
vt 0.890411 0.000000
vt 0.630137 0.000000
vt 0.575342 0.000000
vt 0.561644 0.000000
vt 0.671233 0.000000
vt 0.520548 0.000000
vt 0.013514 0.142857
vt 0.000000 0.142857
vt 0.013514 0.285714
vt 0.000000 0.285714
vt 0.013514 0.428571
vt 0.000000 0.428571
vt 0.013514 0.571429
vt 0.000000 0.571429
vt 0.000000 0.714286
vt 0.000000 0.857143
vt 0.013514 0.714286
vt 0.013514 0.857143
vt 0.027027 0.142857
vt 0.013514 0.000000
vt 0.027027 0.285714
vt 0.027027 0.428571
vt 0.027027 0.571429
vt 0.027027 0.714286
vt 0.013514 1.000000
vt 0.027027 0.857143
vt 0.040541 0.000000
vt 0.027027 0.000000
vt 0.040541 0.142857
vt 0.040541 0.285714
vt 0.040541 0.571429
vt 0.040541 0.714286
vt 0.040541 0.857143
vt 0.040541 1.000000
vt 0.027027 1.000000
vt 0.054054 0.000000
vt 0.054054 0.142857
vt 0.040541 0.428571
vt 0.054054 0.285714
vt 0.054054 0.571429
vt 0.054054 0.714286
vt 0.054054 0.857143
vt 0.054054 1.000000
vt 0.067568 0.000000
vt 0.067568 0.142857
vt 0.054054 0.428571
vt 0.067568 0.285714
vt 0.067568 0.571429
vt 0.067568 0.714286
vt 0.067568 0.857143
vt 0.067568 1.000000
vt 0.081081 0.000000
vt 0.081081 0.142857
vt 0.067568 0.428571
vt 0.081081 0.285714
vt 0.081081 0.571429
vt 0.081081 0.714286
vt 0.081081 0.857143
vt 0.081081 1.000000
vt 0.094595 0.142857
vt 0.094595 0.285714
vt 0.094595 0.428571
vt 0.081081 0.428571
vt 0.094595 0.571429
vt 0.094595 0.714286
vt 0.094595 0.857143
vt 0.108108 0.000000
vt 0.094595 0.000000
vt 0.108108 0.142857
vt 0.108108 0.285714
vt 0.108108 0.571429
vt 0.108108 0.714286
vt 0.108108 0.857143
vt 0.108108 1.000000
vt 0.094595 1.000000
vt 0.121622 0.142857
vt 0.121622 0.285714
vt 0.121622 0.428571
vt 0.108108 0.428571
vt 0.121622 0.571429
vt 0.121622 0.714286
vt 0.121622 0.857143
vt 0.135135 0.142857
vt 0.121622 0.000000
vt 0.135135 0.285714
vt 0.135135 0.428571
vt 0.135135 0.571429
vt 0.135135 0.714286
vt 0.121622 1.000000
vt 0.135135 0.857143
vt 0.148649 0.000000
vt 0.135135 0.000000
vt 0.148649 0.142857
vt 0.148649 0.285714
vt 0.148649 0.571429
vt 0.148649 0.714286
vt 0.148649 0.857143
vt 0.148649 1.000000
vt 0.135135 1.000000
vt 0.162162 0.000000
vt 0.162162 0.142857
vt 0.148649 0.428571
vt 0.162162 0.285714
vt 0.162162 0.571429
vt 0.162162 0.714286
vt 0.162162 0.857143
vt 0.162162 1.000000
vt 0.175676 0.000000
vt 0.175676 0.142857
vt 0.162162 0.428571
vt 0.175676 0.285714
vt 0.175676 0.571429
vt 0.175676 0.714286
vt 0.175676 0.857143
vt 0.175676 1.000000
vt 0.189189 0.000000
vt 0.189189 0.142857
vt 0.175676 0.428571
vt 0.189189 0.285714
vt 0.189189 0.571429
vt 0.189189 0.714286
vt 0.189189 0.857143
vt 0.189189 1.000000
vt 0.202703 0.000000
vt 0.202703 0.142857
vt 0.189189 0.428571
vt 0.202703 0.285714
vt 0.202703 0.571429
vt 0.202703 0.714286
vt 0.202703 0.857143
vt 0.202703 1.000000
vt 0.216216 0.142857
vt 0.216216 0.285714
vt 0.216216 0.428571
vt 0.202703 0.428571
vt 0.216216 0.571429
vt 0.216216 0.714286
vt 0.216216 0.857143
vt 0.229730 0.142857
vt 0.216216 0.000000
vt 0.229730 0.285714
vt 0.229730 0.428571
vt 0.229730 0.571429
vt 0.229730 0.714286
vt 0.216216 1.000000
vt 0.229730 0.857143
vt 0.243243 0.142857
vt 0.229730 0.000000
vt 0.243243 0.285714
vt 0.243243 0.428571
vt 0.243243 0.571429
vt 0.243243 0.714286
vt 0.229730 1.000000
vt 0.243243 0.857143
vt 0.256757 0.142857
vt 0.243243 0.000000
vt 0.256757 0.285714
vt 0.256757 0.428571
vt 0.256757 0.571429
vt 0.256757 0.714286
vt 0.243243 1.000000
vt 0.256757 0.857143
vt 0.270270 0.142857
vt 0.256757 0.000000
vt 0.270270 0.285714
vt 0.270270 0.428571
vt 0.270270 0.571429
vt 0.270270 0.714286
vt 0.256757 1.000000
vt 0.270270 0.857143
vt 0.283784 0.000000
vt 0.270270 0.000000
vt 0.283784 0.142857
vt 0.283784 0.285714
vt 0.283784 0.571429
vt 0.283784 0.714286
vt 0.283784 0.857143
vt 0.283784 1.000000
vt 0.270270 1.000000
vt 0.297297 0.142857
vt 0.297297 0.285714
vt 0.297297 0.428571
vt 0.283784 0.428571
vt 0.297297 0.571429
vt 0.297297 0.714286
vt 0.297297 0.857143
vt 0.310811 0.000000
vt 0.297297 0.000000
vt 0.310811 0.142857
vt 0.310811 0.285714
vt 0.310811 0.571429
vt 0.310811 0.714286
vt 0.310811 0.857143
vt 0.310811 1.000000
vt 0.297297 1.000000
vt 0.324324 0.000000
vt 0.324324 0.142857
vt 0.310811 0.428571
vt 0.324324 0.285714
vt 0.324324 0.571429
vt 0.324324 0.714286
vt 0.324324 0.857143
vt 0.324324 1.000000
vt 0.337838 0.000000
vt 0.337838 0.142857
vt 0.324324 0.428571
vt 0.337838 0.285714
vt 0.337838 0.571429
vt 0.337838 0.714286
vt 0.337838 0.857143
vt 0.337838 1.000000
vt 0.351351 0.000000
vt 0.351351 0.142857
vt 0.337838 0.428571
vt 0.351351 0.285714
vt 0.351351 0.571429
vt 0.351351 0.714286
vt 0.351351 0.857143
vt 0.351351 1.000000
vt 0.364865 0.000000
vt 0.364865 0.142857
vt 0.351351 0.428571
vt 0.364865 0.285714
vt 0.364865 0.571429
vt 0.364865 0.714286
vt 0.364865 0.857143
vt 0.364865 1.000000
vt 0.378378 0.000000
vt 0.378378 0.142857
vt 0.364865 0.428571
vt 0.378378 0.285714
vt 0.378378 0.571429
vt 0.378378 0.714286
vt 0.378378 0.857143
vt 0.378378 1.000000
vt 0.391892 0.000000
vt 0.391892 0.142857
vt 0.378378 0.428571
vt 0.391892 0.285714
vt 0.391892 0.571429
vt 0.391892 0.714286
vt 0.391892 0.857143
vt 0.391892 1.000000
vt 0.405405 0.000000
vt 0.405405 0.142857
vt 0.391892 0.428571
vt 0.405405 0.285714
vt 0.405405 0.571429
vt 0.405405 0.714286
vt 0.405405 0.857143
vt 0.405405 1.000000
vt 0.418919 0.000000
vt 0.418919 0.142857
vt 0.405405 0.428571
vt 0.418919 0.285714
vt 0.418919 0.571429
vt 0.418919 0.714286
vt 0.418919 0.857143
vt 0.418919 1.000000
vt 0.432432 0.142857
vt 0.432432 0.285714
vt 0.432432 0.428571
vt 0.418919 0.428571
vt 0.432432 0.571429
vt 0.432432 0.714286
vt 0.432432 0.857143
vt 0.445946 0.142857
vt 0.432432 0.000000
vt 0.445946 0.285714
vt 0.445946 0.428571
vt 0.445946 0.571429
vt 0.445946 0.714286
vt 0.432432 1.000000
vt 0.445946 0.857143
vt 0.459459 0.142857
vt 0.445946 0.000000
vt 0.459459 0.285714
vt 0.459459 0.428571
vt 0.459459 0.571429
vt 0.459459 0.714286
vt 0.445946 1.000000
vt 0.459459 0.857143
vt 0.472973 0.142857
vt 0.459459 0.000000
vt 0.472973 0.285714
vt 0.472973 0.428571
vt 0.472973 0.571429
vt 0.472973 0.714286
vt 0.459459 1.000000
vt 0.472973 0.857143
vt 0.486486 0.142857
vt 0.472973 0.000000
vt 0.486486 0.285714
vt 0.486486 0.428571
vt 0.486486 0.571429
vt 0.486486 0.714286
vt 0.472973 1.000000
vt 0.486486 0.857143
vt 0.500000 0.142857
vt 0.486486 0.000000
vt 0.500000 0.285714
vt 0.500000 0.428571
vt 0.500000 0.571429
vt 0.500000 0.714286
vt 0.486486 1.000000
vt 0.500000 0.857143
vt 0.513514 0.142857
vt 0.513514 0.285714
vt 0.513514 0.428571
vt 0.513514 0.571429
vt 0.513514 0.714286
vt 0.513514 0.857143
vt 0.527027 0.000000
vt 0.513514 0.000000
vt 0.527027 0.142857
vt 0.527027 0.285714
vt 0.527027 0.571429
vt 0.527027 0.714286
vt 0.527027 0.857143
vt 0.527027 1.000000
vt 0.513514 1.000000
vt 0.540541 0.000000
vt 0.540541 0.142857
vt 0.527027 0.428571
vt 0.540541 0.285714
vt 0.540541 0.571429
vt 0.540541 0.714286
vt 0.540541 0.857143
vt 0.540541 1.000000
vt 0.554054 0.000000
vt 0.554054 0.142857
vt 0.540541 0.428571
vt 0.554054 0.285714
vt 0.554054 0.571429
vt 0.554054 0.714286
vt 0.554054 0.857143
vt 0.554054 1.000000
vt 0.567568 0.000000
vt 0.567568 0.142857
vt 0.554054 0.428571
vt 0.567568 0.285714
vt 0.567568 0.571429
vt 0.567568 0.714286
vt 0.567568 0.857143
vt 0.567568 1.000000
vt 0.581081 0.000000
vt 0.581081 0.142857
vt 0.567568 0.428571
vt 0.581081 0.285714
vt 0.581081 0.571429
vt 0.581081 0.714286
vt 0.581081 0.857143
vt 0.581081 1.000000
vt 0.594595 0.000000
vt 0.594595 0.142857
vt 0.581081 0.428571
vt 0.594595 0.285714
vt 0.594595 0.571429
vt 0.594595 0.714286
vt 0.594595 0.857143
vt 0.594595 1.000000
vt 0.608108 0.142857
vt 0.608108 0.285714
vt 0.608108 0.428571
vt 0.594595 0.428571
vt 0.608108 0.571429
vt 0.608108 0.714286
vt 0.608108 0.857143
vt 0.621622 0.142857
vt 0.608108 0.000000
vt 0.621622 0.285714
vt 0.621622 0.428571
vt 0.621622 0.571429
vt 0.621622 0.714286
vt 0.608108 1.000000
vt 0.621622 0.857143
vt 0.635135 0.000000
vt 0.621622 0.000000
vt 0.635135 0.142857
vt 0.635135 0.285714
vt 0.635135 0.571429
vt 0.635135 0.714286
vt 0.635135 0.857143
vt 0.635135 1.000000
vt 0.621622 1.000000
vt 0.648649 0.000000
vt 0.648649 0.142857
vt 0.635135 0.428571
vt 0.648649 0.285714
vt 0.648649 0.571429
vt 0.648649 0.714286
vt 0.648649 0.857143
vt 0.648649 1.000000
vt 0.662162 0.000000
vt 0.662162 0.142857
vt 0.648649 0.428571
vt 0.662162 0.285714
vt 0.662162 0.571429
vt 0.662162 0.714286
vt 0.662162 0.857143
vt 0.662162 1.000000
vt 0.675676 0.000000
vt 0.675676 0.142857
vt 0.662162 0.428571
vt 0.675676 0.285714
vt 0.675676 0.571429
vt 0.675676 0.714286
vt 0.675676 0.857143
vt 0.675676 1.000000
vt 0.689189 0.142857
vt 0.689189 0.285714
vt 0.689189 0.428571
vt 0.675676 0.428571
vt 0.689189 0.571429
vt 0.689189 0.714286
vt 0.689189 0.857143
vt 0.702703 0.142857
vt 0.689189 0.000000
vt 0.702703 0.285714
vt 0.702703 0.428571
vt 0.702703 0.571429
vt 0.702703 0.714286
vt 0.689189 1.000000
vt 0.702703 0.857143
vt 0.716216 0.142857
vt 0.702703 0.000000
vt 0.716216 0.285714
vt 0.716216 0.428571
vt 0.716216 0.571429
vt 0.716216 0.714286
vt 0.702703 1.000000
vt 0.716216 0.857143
vt 0.729730 0.142857
vt 0.716216 0.000000
vt 0.729730 0.285714
vt 0.729730 0.428571
vt 0.729730 0.571429
vt 0.729730 0.714286
vt 0.716216 1.000000
vt 0.729730 0.857143
vt 0.743243 0.000000
vt 0.729730 0.000000
vt 0.743243 0.142857
vt 0.743243 0.285714
vt 0.743243 0.571429
vt 0.743243 0.714286
vt 0.743243 0.857143
vt 0.743243 1.000000
vt 0.729730 1.000000
vt 0.756757 0.142857
vt 0.756757 0.285714
vt 0.756757 0.428571
vt 0.743243 0.428571
vt 0.756757 0.571429
vt 0.756757 0.714286
vt 0.756757 0.857143
vt 0.770270 0.000000
vt 0.756757 0.000000
vt 0.770270 0.142857
vt 0.770270 0.285714
vt 0.770270 0.571429
vt 0.770270 0.714286
vt 0.770270 0.857143
vt 0.770270 1.000000
vt 0.756757 1.000000
vt 0.783784 0.000000
vt 0.783784 0.142857
vt 0.770270 0.428571
vt 0.783784 0.285714
vt 0.783784 0.571429
vt 0.783784 0.714286
vt 0.783784 0.857143
vt 0.783784 1.000000
vt 0.797297 0.000000
vt 0.797297 0.142857
vt 0.783784 0.428571
vt 0.797297 0.285714
vt 0.797297 0.571429
vt 0.797297 0.714286
vt 0.797297 0.857143
vt 0.797297 1.000000
vt 0.810811 0.000000
vt 0.810811 0.142857
vt 0.797297 0.428571
vt 0.810811 0.285714
vt 0.810811 0.571429
vt 0.810811 0.714286
vt 0.810811 0.857143
vt 0.810811 1.000000
vt 0.824324 0.000000
vt 0.824324 0.142857
vt 0.810811 0.428571
vt 0.824324 0.285714
vt 0.824324 0.571429
vt 0.824324 0.714286
vt 0.824324 0.857143
vt 0.824324 1.000000
vt 0.837838 0.000000
vt 0.837838 0.142857
vt 0.824324 0.428571
vt 0.837838 0.285714
vt 0.837838 0.571429
vt 0.837838 0.714286
vt 0.837838 0.857143
vt 0.837838 1.000000
vt 0.851351 0.000000
vt 0.851351 0.142857
vt 0.837838 0.428571
vt 0.851351 0.285714
vt 0.851351 0.571429
vt 0.851351 0.714286
vt 0.851351 0.857143
vt 0.851351 1.000000
vt 0.864865 0.000000
vt 0.864865 0.142857
vt 0.851351 0.428571
vt 0.864865 0.285714
vt 0.864865 0.571429
vt 0.864865 0.714286
vt 0.864865 0.857143
vt 0.864865 1.000000
vt 0.878378 0.000000
vt 0.878378 0.142857
vt 0.864865 0.428571
vt 0.878378 0.285714
vt 0.878378 0.571429
vt 0.878378 0.714286
vt 0.878378 0.857143
vt 0.878378 1.000000
vt 0.891892 0.000000
vt 0.891892 0.142857
vt 0.878378 0.428571
vt 0.891892 0.285714
vt 0.891892 0.571429
vt 0.891892 0.714286
vt 0.891892 0.857143
vt 0.891892 1.000000
vt 0.905405 0.000000
vt 0.905405 0.142857
vt 0.891892 0.428571
vt 0.905405 0.285714
vt 0.905405 0.571429
vt 0.905405 0.714286
vt 0.905405 0.857143
vt 0.905405 1.000000
vt 0.918919 0.000000
vt 0.918919 0.142857
vt 0.905405 0.428571
vt 0.918919 0.285714
vt 0.918919 0.571429
vt 0.918919 0.714286
vt 0.918919 0.857143
vt 0.918919 1.000000
vt 0.932432 0.000000
vt 0.932432 0.142857
vt 0.918919 0.428571
vt 0.932432 0.285714
vt 0.932432 0.571429
vt 0.932432 0.714286
vt 0.932432 0.857143
vt 0.932432 1.000000
vt 0.945946 0.142857
vt 0.945946 0.285714
vt 0.945946 0.428571
vt 0.932432 0.428571
vt 0.945946 0.571429
vt 0.945946 0.714286
vt 0.945946 0.857143
vt 0.959459 0.000000
vt 0.945946 0.000000
vt 0.959459 0.142857
vt 0.959459 0.285714
vt 0.959459 0.571429
vt 0.959459 0.714286
vt 0.959459 0.857143
vt 0.959459 1.000000
vt 0.945946 1.000000
vt 0.972973 0.000000
vt 0.972973 0.142857
vt 0.959459 0.428571
vt 0.972973 0.285714
vt 0.972973 0.571429
vt 0.972973 0.714286
vt 0.972973 0.857143
vt 0.972973 1.000000
vt 0.986486 0.142857
vt 0.986486 0.285714
vt 0.986486 0.428571
vt 0.972973 0.428571
vt 0.986486 0.571429
vt 0.986486 0.714286
vt 0.986486 0.857143
vt 1.000000 0.142857
vt 0.986486 0.000000
vt 1.000000 0.285714
vt 1.000000 0.428571
vt 1.000000 0.571429
vt 1.000000 0.714286
vt 0.986486 1.000000
vt 1.000000 0.857143
vt 0.062500 0.142857
vt 0.062500 0.285714
vt 0.062500 0.571429
vt 0.062500 0.714286
vt 0.062500 0.857143
vt 0.125000 0.142857
vt 0.125000 0.285714
vt 0.125000 0.428571
vt 0.062500 0.428571
vt 0.125000 0.571429
vt 0.125000 0.714286
vt 0.125000 0.857143
vt 0.187500 0.142857
vt 0.187500 0.285714
vt 0.187500 0.428571
vt 0.187500 0.571429
vt 0.187500 0.714286
vt 0.187500 0.857143
vt 0.250000 0.142857
vt 0.250000 0.285714
vt 0.250000 0.571429
vt 0.250000 0.714286
vt 0.250000 0.857143
vt 0.312500 0.142857
vt 0.312500 0.285714
vt 0.312500 0.428571
vt 0.250000 0.428571
vt 0.312500 0.571429
vt 0.312500 0.714286
vt 0.312500 0.857143
vt 0.375000 0.142857
vt 0.375000 0.285714
vt 0.375000 0.428571
vt 0.375000 0.571429
vt 0.375000 0.714286
vt 0.375000 0.857143
vt 0.437500 0.142857
vt 0.437500 0.285714
vt 0.437500 0.428571
vt 0.437500 0.714286
vt 0.437500 0.857143
vt 0.375000 1.000000
vt 0.437500 0.571429
vt 0.562500 0.142857
vt 0.562500 0.285714
vt 0.562500 0.428571
vt 0.562500 0.571429
vt 0.562500 0.714286
vt 0.562500 0.857143
vt 0.625000 0.142857
vt 0.625000 0.285714
vt 0.625000 0.571429
vt 0.625000 0.714286
vt 0.625000 0.857143
vt 0.687500 0.142857
vt 0.687500 0.285714
vt 0.687500 0.428571
vt 0.625000 0.428571
vt 0.687500 0.571429
vt 0.687500 0.714286
vt 0.687500 0.857143
vt 0.750000 0.142857
vt 0.750000 0.285714
vt 0.750000 0.428571
vt 0.750000 0.571429
vt 0.750000 0.714286
vt 0.750000 0.857143
vt 0.812500 0.142857
vt 0.812500 0.285714
vt 0.812500 0.428571
vt 0.812500 0.571429
vt 0.812500 0.714286
vt 0.812500 0.857143
vt 0.875000 0.142857
vt 0.875000 0.285714
vt 0.875000 0.428571
vt 0.875000 0.571429
vt 0.875000 0.714286
vt 0.875000 0.857143
vt 0.937500 0.142857
vt 0.937500 0.285714
vt 0.937500 0.571429
vt 0.937500 0.714286
vt 0.937500 0.857143
vt 0.937500 0.428571
vt 0.166667 0.142857
vt 0.166667 0.285714
vt 0.166667 0.428571
vt 0.166667 0.571429
vt 0.166667 0.714286
vt 0.166667 0.857143
vt 0.166667 1.000000
vt 0.333333 0.142857
vt 0.333333 0.428571
vt 0.333333 0.714286
vt 0.333333 0.857143
vt 0.333333 0.285714
vt 0.333333 0.571429
vt 0.333333 1.000000
vt 0.666667 0.142857
vt 0.666667 0.285714
vt 0.666667 0.428571
vt 0.666667 0.571429
vt 0.666667 0.714286
vt 0.666667 0.857143
vt 0.833333 0.142857
vt 0.833333 0.285714
vt 0.833333 0.571429
vt 0.833333 0.714286
vt 0.833333 0.857143
vt 0.833333 1.000000
vt 0.666667 1.000000
vt 0.833333 0.428571
vt 0.017241 0.142857
vt 0.017241 0.285714
vt 0.017241 0.428571
vt 0.017241 0.571429
vt 0.017241 0.714286
vt 0.017241 0.857143
vt 0.034483 0.142857
vt 0.034483 0.285714
vt 0.034483 0.428571
vt 0.034483 0.571429
vt 0.034483 0.714286
vt 0.017241 1.000000
vt 0.034483 0.857143
vt 0.051724 0.142857
vt 0.051724 0.285714
vt 0.051724 0.571429
vt 0.051724 0.714286
vt 0.051724 0.857143
vt 0.051724 1.000000
vt 0.034483 1.000000
vt 0.068966 0.142857
vt 0.051724 0.428571
vt 0.068966 0.285714
vt 0.068966 0.571429
vt 0.068966 0.714286
vt 0.068966 0.857143
vt 0.068966 1.000000
vt 0.086207 0.142857
vt 0.086207 0.285714
vt 0.086207 0.428571
vt 0.068966 0.428571
vt 0.086207 0.571429
vt 0.086207 0.714286
vt 0.086207 0.857143
vt 0.103448 0.142857
vt 0.103448 0.285714
vt 0.103448 0.428571
vt 0.103448 0.571429
vt 0.103448 0.714286
vt 0.086207 1.000000
vt 0.103448 0.857143
vt 0.120690 0.142857
vt 0.120690 0.285714
vt 0.120690 0.428571
vt 0.120690 0.571429
vt 0.120690 0.714286
vt 0.103448 1.000000
vt 0.120690 0.857143
vt 0.137931 0.142857
vt 0.137931 0.285714
vt 0.137931 0.428571
vt 0.137931 0.571429
vt 0.137931 0.714286
vt 0.120690 1.000000
vt 0.137931 0.857143
vt 0.155172 0.142857
vt 0.155172 0.285714
vt 0.155172 0.571429
vt 0.155172 0.714286
vt 0.155172 0.857143
vt 0.155172 1.000000
vt 0.137931 1.000000
vt 0.172414 0.142857
vt 0.155172 0.428571
vt 0.172414 0.285714
vt 0.172414 0.428571
vt 0.172414 0.714286
vt 0.172414 0.857143
vt 0.172414 1.000000
vt 0.189655 0.142857
vt 0.189655 0.285714
vt 0.189655 0.571429
vt 0.172414 0.571429
vt 0.189655 0.714286
vt 0.189655 0.857143
vt 0.189655 1.000000
vt 0.206897 0.142857
vt 0.189655 0.428571
vt 0.206897 0.285714
vt 0.206897 0.571429
vt 0.206897 0.714286
vt 0.206897 0.857143
vt 0.206897 1.000000
vt 0.224138 0.142857
vt 0.224138 0.285714
vt 0.224138 0.428571
vt 0.206897 0.428571
vt 0.224138 0.571429
vt 0.224138 0.714286
vt 0.224138 0.857143
vt 0.241379 0.142857
vt 0.241379 0.285714
vt 0.241379 0.428571
vt 0.241379 0.571429
vt 0.241379 0.714286
vt 0.224138 1.000000
vt 0.241379 0.857143
vt 0.258621 0.142857
vt 0.258621 0.285714
vt 0.258621 0.428571
vt 0.258621 0.571429
vt 0.258621 0.714286
vt 0.241379 1.000000
vt 0.258621 0.857143
vt 0.275862 0.142857
vt 0.275862 0.285714
vt 0.275862 0.571429
vt 0.275862 0.714286
vt 0.275862 0.857143
vt 0.275862 1.000000
vt 0.258621 1.000000
vt 0.293103 0.142857
vt 0.275862 0.428571
vt 0.293103 0.285714
vt 0.293103 0.571429
vt 0.293103 0.714286
vt 0.293103 0.857143
vt 0.293103 1.000000
vt 0.310345 0.142857
vt 0.293103 0.428571
vt 0.310345 0.285714
vt 0.310345 0.571429
vt 0.310345 0.714286
vt 0.310345 0.857143
vt 0.310345 1.000000
vt 0.327586 0.142857
vt 0.327586 0.285714
vt 0.327586 0.428571
vt 0.310345 0.428571
vt 0.327586 0.571429
vt 0.327586 0.714286
vt 0.327586 0.857143
vt 0.344828 0.142857
vt 0.344828 0.285714
vt 0.344828 0.571429
vt 0.344828 0.714286
vt 0.344828 0.857143
vt 0.344828 1.000000
vt 0.327586 1.000000
vt 0.362069 0.142857
vt 0.362069 0.285714
vt 0.344828 0.428571
vt 0.362069 0.571429
vt 0.362069 0.714286
vt 0.362069 1.000000
vt 0.379310 0.142857
vt 0.362069 0.428571
vt 0.379310 0.285714
vt 0.379310 0.571429
vt 0.379310 0.714286
vt 0.379310 0.857143
vt 0.362069 0.857143
vt 0.379310 1.000000
vt 0.396552 0.142857
vt 0.396552 0.285714
vt 0.396552 0.428571
vt 0.379310 0.428571
vt 0.396552 0.571429
vt 0.396552 0.714286
vt 0.396552 0.857143
vt 0.413793 0.142857
vt 0.413793 0.285714
vt 0.413793 0.428571
vt 0.413793 0.571429
vt 0.413793 0.714286
vt 0.396552 1.000000
vt 0.413793 0.857143
vt 0.431034 0.142857
vt 0.431034 0.285714
vt 0.431034 0.428571
vt 0.431034 0.571429
vt 0.431034 0.714286
vt 0.413793 1.000000
vt 0.431034 0.857143
vt 0.448276 0.142857
vt 0.448276 0.285714
vt 0.448276 0.428571
vt 0.448276 0.571429
vt 0.448276 0.714286
vt 0.431034 1.000000
vt 0.448276 0.857143
vt 0.465517 0.142857
vt 0.465517 0.285714
vt 0.465517 0.428571
vt 0.465517 0.571429
vt 0.465517 0.714286
vt 0.448276 1.000000
vt 0.465517 0.857143
vt 0.482759 0.142857
vt 0.482759 0.285714
vt 0.482759 0.428571
vt 0.482759 0.571429
vt 0.482759 0.714286
vt 0.465517 1.000000
vt 0.482759 0.857143
vt 0.482759 1.000000
vt 0.517241 0.142857
vt 0.517241 0.285714
vt 0.517241 0.571429
vt 0.517241 0.714286
vt 0.517241 0.857143
vt 0.517241 1.000000
vt 0.534483 0.142857
vt 0.534483 0.285714
vt 0.534483 0.428571
vt 0.517241 0.428571
vt 0.534483 0.571429
vt 0.534483 0.714286
vt 0.534483 0.857143
vt 0.551724 0.142857
vt 0.551724 0.285714
vt 0.551724 0.428571
vt 0.551724 0.571429
vt 0.551724 0.714286
vt 0.534483 1.000000
vt 0.551724 0.857143
vt 0.568965 0.142857
vt 0.568965 0.285714
vt 0.568965 0.428571
vt 0.568965 0.571429
vt 0.568965 0.714286
vt 0.551724 1.000000
vt 0.568965 0.857143
vt 0.586207 0.142857
vt 0.586207 0.285714
vt 0.586207 0.571429
vt 0.586207 0.714286
vt 0.586207 0.857143
vt 0.586207 1.000000
vt 0.568965 1.000000
vt 0.603448 0.142857
vt 0.586207 0.428571
vt 0.603448 0.285714
vt 0.603448 0.571429
vt 0.603448 0.714286
vt 0.603448 0.857143
vt 0.603448 1.000000
vt 0.620690 0.142857
vt 0.603448 0.428571
vt 0.620690 0.285714
vt 0.620690 0.571429
vt 0.620690 0.714286
vt 0.620690 0.857143
vt 0.620690 1.000000
vt 0.637931 0.142857
vt 0.620690 0.428571
vt 0.637931 0.285714
vt 0.637931 0.571429
vt 0.637931 0.714286
vt 0.637931 0.857143
vt 0.637931 1.000000
vt 0.655172 0.142857
vt 0.655172 0.285714
vt 0.655172 0.428571
vt 0.637931 0.428571
vt 0.655172 0.571429
vt 0.655172 0.714286
vt 0.655172 0.857143
vt 0.672414 0.142857
vt 0.672414 0.285714
vt 0.672414 0.428571
vt 0.672414 0.571429
vt 0.672414 0.714286
vt 0.655172 1.000000
vt 0.672414 0.857143
vt 0.689655 0.142857
vt 0.689655 0.285714
vt 0.689655 0.428571
vt 0.689655 0.571429
vt 0.689655 0.714286
vt 0.672414 1.000000
vt 0.689655 0.857143
vt 0.706897 0.142857
vt 0.706897 0.285714
vt 0.706897 0.428571
vt 0.706897 0.571429
vt 0.706897 0.714286
vt 0.689655 1.000000
vt 0.706897 0.857143
vt 0.724138 0.142857
vt 0.724138 0.285714
vt 0.724138 0.571429
vt 0.724138 0.714286
vt 0.724138 0.857143
vt 0.724138 1.000000
vt 0.706897 1.000000
vt 0.741379 0.142857
vt 0.724138 0.428571
vt 0.741379 0.285714
vt 0.741379 0.571429
vt 0.741379 0.714286
vt 0.741379 0.857143
vt 0.741379 1.000000
vt 0.758621 0.142857
vt 0.758621 0.285714
vt 0.758621 0.428571
vt 0.741379 0.428571
vt 0.758621 0.571429
vt 0.758621 0.714286
vt 0.758621 0.857143
vt 0.775862 0.142857
vt 0.775862 0.285714
vt 0.775862 0.428571
vt 0.775862 0.571429
vt 0.775862 0.714286
vt 0.758621 1.000000
vt 0.775862 0.857143
vt 0.793103 0.142857
vt 0.793103 0.285714
vt 0.793103 0.428571
vt 0.793103 0.571429
vt 0.793103 0.714286
vt 0.775862 1.000000
vt 0.793103 0.857143
vt 0.810345 0.142857
vt 0.810345 0.285714
vt 0.810345 0.571429
vt 0.810345 0.714286
vt 0.810345 0.857143
vt 0.810345 1.000000
vt 0.793103 1.000000
vt 0.827586 0.142857
vt 0.810345 0.428571
vt 0.827586 0.285714
vt 0.827586 0.571429
vt 0.827586 0.714286
vt 0.827586 0.857143
vt 0.827586 1.000000
vt 0.844828 0.142857
vt 0.827586 0.428571
vt 0.844828 0.285714
vt 0.844828 0.571429
vt 0.844828 0.714286
vt 0.844828 0.857143
vt 0.844828 1.000000
vt 0.862069 0.142857
vt 0.844828 0.428571
vt 0.862069 0.285714
vt 0.862069 0.571429
vt 0.862069 0.714286
vt 0.862069 0.857143
vt 0.862069 1.000000
vt 0.879310 0.142857
vt 0.879310 0.285714
vt 0.879310 0.428571
vt 0.862069 0.428571
vt 0.879310 0.571429
vt 0.879310 0.714286
vt 0.879310 0.857143
vt 0.896552 0.142857
vt 0.896552 0.285714
vt 0.896552 0.428571
vt 0.896552 0.571429
vt 0.896552 0.714286
vt 0.896552 0.857143
vt 0.896552 1.000000
vt 0.879310 1.000000
vt 0.913793 0.142857
vt 0.913793 0.285714
vt 0.913793 0.428571
vt 0.913793 0.571429
vt 0.913793 0.714286
vt 0.913793 0.857143
vt 0.931035 0.142857
vt 0.931035 0.285714
vt 0.931035 0.428571
vt 0.931035 0.571429
vt 0.931035 0.714286
vt 0.913793 1.000000
vt 0.931035 0.857143
vt 0.948276 0.142857
vt 0.948276 0.285714
vt 0.948276 0.571429
vt 0.948276 0.714286
vt 0.948276 0.857143
vt 0.948276 1.000000
vt 0.931035 1.000000
vt 0.965517 0.142857
vt 0.948276 0.428571
vt 0.965517 0.285714
vt 0.965517 0.571429
vt 0.965517 0.714286
vt 0.965517 0.857143
vt 0.965517 1.000000
vt 0.982759 0.142857
vt 0.982759 0.285714
vt 0.982759 0.428571
vt 0.965517 0.428571
vt 0.982759 0.571429
vt 0.982759 0.714286
vt 0.982759 0.857143
vt 0.982759 1.000000
vt 0.083333 0.142857
vt 0.083333 0.428571
vt 0.083333 0.571429
vt 0.083333 0.857143
vt 0.083333 1.000000
vt 0.083333 0.285714
vt 0.083333 0.714286
vt 0.416667 0.142857
vt 0.416667 0.285714
vt 0.416667 0.428571
vt 0.416667 0.571429
vt 0.416667 0.714286
vt 0.416667 0.857143
vt 0.416667 1.000000
vt 0.583333 0.142857
vt 0.583333 0.285714
vt 0.583333 0.571429
vt 0.583333 0.714286
vt 0.583333 0.857143
vt 0.583333 1.000000
vt 0.583333 0.428571
vt 0.916667 0.142857
vt 0.916667 0.285714
vt 0.916667 0.571429
vt 0.916667 0.714286
vt 0.916667 0.857143
vt 0.916667 1.000000
vt 0.916667 0.428571
vt 0.750000 0.490000
vt 0.842393 0.410029
vt 0.870000 0.457846
vt 0.342393 0.410029
vt 0.250000 0.490000
vt 0.370000 0.457846
vt 0.957846 0.370000
vt 0.457846 0.370000
vt 0.910029 0.342393
vt 0.990000 0.250000
vt 0.490000 0.250000
vt 0.410029 0.342393
vt 0.910029 0.157607
vt 0.957846 0.130000
vt 0.410029 0.157607
vt 0.457846 0.130000
vt 0.842393 0.089971
vt 0.870000 0.042154
vt 0.342393 0.089971
vt 0.370000 0.042154
vt 0.750000 0.010000
vt 0.250000 0.010000
vt 0.657607 0.089971
vt 0.630000 0.042154
vt 0.157607 0.089971
vt 0.130000 0.042154
vt 0.542154 0.130000
vt 0.089971 0.157607
vt 0.042154 0.130000
vt 0.589971 0.157607
vt 0.510000 0.250000
vt 0.010000 0.250000
vt 0.589971 0.342393
vt 0.542154 0.370000
vt 0.089971 0.342393
vt 0.042154 0.370000
vt 0.657607 0.410029
vt 0.630000 0.457846
vt 0.130000 0.457846
vt 0.157607 0.410029
vt 0.565215 0.250000
vt 0.916667 0.514706
vt 1.000000 0.985294
vt 1.000000 0.514706
vt 0.000000 0.514706
vt 0.083333 0.985294
vt 0.083333 0.514706
vt 0.250000 0.434785
vt 0.833333 0.514706
vt 0.916667 0.985294
vt 0.750000 0.514706
vt 0.833333 0.985294
vt 0.666667 0.514706
vt 0.750000 0.985294
vt 0.583333 0.514706
vt 0.666667 0.985294
vt 0.500000 0.514706
vt 0.583333 0.985294
vt 0.416667 0.514706
vt 0.500000 0.985294
vt 0.333333 0.514706
vt 0.416667 0.985294
vt 0.250000 0.514706
vt 0.333333 0.985294
vt 0.166667 0.514706
vt 0.250000 0.985294
vt 0.166667 0.985294
vt 0.750000 0.434785
vt 0.934785 0.250000
vt 0.434785 0.250000
vt 0.750000 0.065215
vt 0.250000 0.065215
vt 0.065215 0.250000
vt 0.000000 0.985294
s 0
usemtl TealPaint
f 1/1/1 5/1/1 4/1/1
f 2/1/2 5/1/2 6/1/2
f 3/1/3 5/1/3 7/1/3
f 8/1/4 12/1/4 11/1/4
f 9/1/5 12/1/5 13/1/5
f 10/1/6 12/1/6 14/1/6
f 15/1/7 19/1/7 18/1/7
f 16/1/8 19/1/8 20/1/8
f 17/1/9 19/1/9 21/1/9
f 28/1/10 25/1/10 22/1/10
f 25/1/11 27/1/11 23/1/11
f 24/1/12 26/1/12 28/1/12
f 38/1/13 35/1/13 32/1/13
f 35/1/14 37/1/14 33/1/14
f 34/1/15 36/1/15 38/1/15
f 39/1/16 43/1/16 42/1/16
f 40/1/17 43/1/17 44/1/17
f 41/1/18 43/1/18 45/1/18
f 46/1/19 50/1/19 49/1/19
f 47/1/20 50/1/20 51/1/20
f 48/1/21 50/1/21 52/1/21
f 53/1/22 57/1/22 56/1/22
f 54/1/23 57/1/23 58/1/23
f 55/1/24 57/1/24 59/1/24
f 60/1/25 64/1/25 63/1/25
f 61/1/26 64/1/26 65/1/26
f 62/1/27 64/1/27 66/1/27
f 73/1/28 70/1/28 67/1/28
f 70/1/29 72/1/29 68/1/29
f 69/1/30 71/1/30 73/1/30
f 83/1/31 80/1/31 77/1/31
f 80/1/32 82/1/32 78/1/32
f 79/1/33 81/1/33 83/1/33
f 84/1/34 88/1/34 87/1/34
f 85/1/35 88/1/35 89/1/35
f 86/1/36 88/1/36 90/1/36
f 4/1/37 39/1/37 1/1/37
f 2/1/38 45/1/38 4/1/38
f 34/1/39 44/1/39 41/1/39
f 32/1/40 44/1/40 38/1/40
f 30/1/41 37/1/41 34/1/41
f 31/1/42 33/1/42 37/1/42
f 28/1/43 30/1/43 24/1/43
f 22/1/44 31/1/44 28/1/44
f 21/1/45 24/1/45 17/1/45
f 21/1/46 23/1/46 27/1/46
f 10/1/47 20/1/47 17/1/47
f 14/1/48 16/1/48 20/1/48
f 6/1/49 10/1/49 2/1/49
f 3/1/50 13/1/50 6/1/50
f 48/1/51 87/1/51 85/1/51
f 52/1/52 84/1/52 87/1/52
f 51/1/53 53/1/53 47/1/53
f 48/1/54 59/1/54 51/1/54
f 58/1/55 60/1/55 54/1/55
f 55/1/56 66/1/56 58/1/56
f 65/1/57 67/1/57 61/1/57
f 65/1/58 69/1/58 73/1/58
f 68/1/59 76/1/59 74/1/59
f 72/1/60 75/1/60 76/1/60
f 76/1/61 77/1/61 74/1/61
f 75/1/62 83/1/62 76/1/62
f 78/1/63 89/1/63 86/1/63
f 79/1/64 89/1/64 82/1/64
f 7/1/65 47/1/65 3/1/65
f 1/1/66 49/1/66 7/1/66
f 11/1/67 54/1/67 8/1/67
f 9/1/68 56/1/68 11/1/68
f 18/1/69 61/1/69 15/1/69
f 16/1/70 63/1/70 18/1/70
f 25/1/71 68/1/71 22/1/71
f 23/1/72 70/1/72 25/1/72
f 35/1/73 78/1/73 32/1/73
f 33/1/74 80/1/74 35/1/74
f 39/1/75 90/1/75 84/1/75
f 40/1/76 90/1/76 42/1/76
f 84/1/77 1/1/77 39/1/77
f 2/1/78 17/1/78 30/1/78
f 47/1/79 9/1/79 3/1/79
f 54/1/80 16/1/80 8/1/80
f 61/1/81 23/1/81 15/1/81
f 68/1/82 29/1/82 22/1/82
f 74/1/83 33/1/83 29/1/83
f 78/1/84 40/1/84 32/1/84
f 85/1/85 75/1/85 62/1/85
f 1/1/1701 7/1/1701 5/1/1701
f 2/1/1702 4/1/1702 5/1/1702
f 3/1/1703 6/1/1703 5/1/1703
f 8/1/1704 14/1/1704 12/1/1704
f 9/1/1705 11/1/1705 12/1/1705
f 10/1/1706 13/1/1706 12/1/1706
f 15/1/1707 21/1/1707 19/1/1707
f 16/1/1708 18/1/1708 19/1/1708
f 17/1/1709 20/1/1709 19/1/1709
f 28/1/1710 26/1/1710 25/1/1710
f 25/1/1711 26/1/1711 27/1/1711
f 24/1/1712 27/1/1712 26/1/1712
f 38/1/1713 36/1/1713 35/1/1713
f 35/1/1714 36/1/1714 37/1/1714
f 34/1/1715 37/1/1715 36/1/1715
f 39/1/1716 45/1/1716 43/1/1716
f 40/1/1717 42/1/1717 43/1/1717
f 41/1/1718 44/1/1718 43/1/1718
f 46/1/1719 52/1/1719 50/1/1719
f 47/1/1720 49/1/1720 50/1/1720
f 48/1/1721 51/1/1721 50/1/1721
f 53/1/1722 59/1/1722 57/1/1722
f 54/1/1723 56/1/1723 57/1/1723
f 55/1/1724 58/1/1724 57/1/1724
f 60/1/1725 66/1/1725 64/1/1725
f 61/1/1726 63/1/1726 64/1/1726
f 62/1/1727 65/1/1727 64/1/1727
f 73/1/1728 71/1/1728 70/1/1728
f 70/1/1729 71/1/1729 72/1/1729
f 69/1/1730 72/1/1730 71/1/1730
f 83/1/1731 81/1/1731 80/1/1731
f 80/1/1732 81/1/1732 82/1/1732
f 79/1/1733 82/1/1733 81/1/1733
f 84/1/1734 90/1/1734 88/1/1734
f 85/1/1735 87/1/1735 88/1/1735
f 86/1/1736 89/1/1736 88/1/1736
f 4/1/1737 45/1/1737 39/1/1737
f 2/1/1738 41/1/1738 45/1/1738
f 34/1/1739 38/1/1739 44/1/1739
f 32/1/1740 40/1/1740 44/1/1740
f 30/1/41 31/1/41 37/1/41
f 31/1/1741 29/1/1741 33/1/1741
f 28/1/43 31/1/43 30/1/43
f 22/1/1742 29/1/1742 31/1/1742
f 21/1/1743 27/1/1743 24/1/1743
f 21/1/1744 15/1/1744 23/1/1744
f 10/1/1745 14/1/1745 20/1/1745
f 14/1/1746 8/1/1746 16/1/1746
f 6/1/49 13/1/49 10/1/49
f 3/1/50 9/1/50 13/1/50
f 48/1/1747 52/1/1747 87/1/1747
f 52/1/1748 46/1/1748 84/1/1748
f 51/1/53 59/1/53 53/1/53
f 48/1/54 55/1/54 59/1/54
f 58/1/1749 66/1/1749 60/1/1749
f 55/1/1750 62/1/1750 66/1/1750
f 65/1/1751 73/1/1751 67/1/1751
f 65/1/1752 62/1/1752 69/1/1752
f 68/1/1753 72/1/1753 76/1/1753
f 72/1/60 69/1/60 75/1/60
f 76/1/1754 83/1/1754 77/1/1754
f 75/1/62 79/1/62 83/1/62
f 78/1/1755 82/1/1755 89/1/1755
f 79/1/1756 85/1/1756 89/1/1756
f 7/1/65 49/1/65 47/1/65
f 1/1/66 46/1/66 49/1/66
f 11/1/67 56/1/67 54/1/67
f 9/1/68 53/1/68 56/1/68
f 18/1/69 63/1/69 61/1/69
f 16/1/70 60/1/70 63/1/70
f 25/1/71 70/1/71 68/1/71
f 23/1/72 67/1/72 70/1/72
f 35/1/73 80/1/73 78/1/73
f 33/1/74 77/1/74 80/1/74
f 39/1/75 42/1/75 90/1/75
f 40/1/76 86/1/76 90/1/76
f 84/1/77 46/1/77 1/1/77
f 34/1/78 41/1/78 2/1/78
f 2/1/78 10/1/78 17/1/78
f 17/1/78 24/1/78 30/1/78
f 30/1/78 34/1/78 2/1/78
f 47/1/79 53/1/79 9/1/79
f 54/1/80 60/1/80 16/1/80
f 61/1/81 67/1/81 23/1/81
f 68/1/82 74/1/82 29/1/82
f 74/1/83 77/1/83 33/1/83
f 78/1/84 86/1/84 40/1/84
f 55/1/85 48/1/85 85/1/85
f 85/1/85 79/1/85 75/1/85
f 75/1/85 69/1/85 62/1/85
f 62/1/85 55/1/85 85/1/85
usemtl WeatheredCream
f 91/1/1 95/1/1 94/1/1
f 92/1/86 95/1/86 96/1/86
f 93/1/3 95/1/3 97/1/3
f 98/1/87 102/1/87 101/1/87
f 99/1/88 102/1/88 103/1/88
f 100/1/89 102/1/89 104/1/89
f 105/1/90 109/1/90 108/1/90
f 106/1/91 109/1/91 110/1/91
f 107/1/92 109/1/92 111/1/92
f 121/1/93 125/1/93 124/1/93
f 122/1/94 125/1/94 126/1/94
f 123/1/95 125/1/95 127/1/95
f 128/1/96 132/1/96 131/1/96
f 129/1/97 132/1/97 133/1/97
f 130/1/98 132/1/98 134/1/98
f 135/1/22 139/1/22 138/1/22
f 136/1/23 139/1/23 140/1/23
f 137/1/99 139/1/99 141/1/99
f 142/1/100 146/1/100 145/1/100
f 143/1/101 146/1/101 147/1/101
f 144/1/102 146/1/102 148/1/102
f 158/1/103 162/1/103 161/1/103
f 159/1/104 162/1/104 163/1/104
f 160/1/105 162/1/105 164/1/105
f 94/1/37 121/1/37 91/1/37
f 92/1/106 127/1/106 94/1/106
f 119/1/107 126/1/107 123/1/107
f 120/1/108 122/1/108 126/1/108
f 117/1/109 119/1/109 116/1/109
f 115/1/110 120/1/110 117/1/110
f 113/1/111 117/1/111 116/1/111
f 114/1/112 115/1/112 117/1/112
f 111/1/113 113/1/113 107/1/113
f 105/1/114 114/1/114 111/1/114
f 100/1/115 110/1/115 107/1/115
f 104/1/116 106/1/116 110/1/116
f 96/1/49 100/1/49 92/1/49
f 93/1/50 103/1/50 96/1/50
f 130/1/117 161/1/117 159/1/117
f 134/1/118 158/1/118 161/1/118
f 133/1/53 135/1/53 129/1/53
f 130/1/54 141/1/54 133/1/54
f 140/1/55 142/1/55 136/1/55
f 137/1/119 148/1/119 140/1/119
f 143/1/120 151/1/120 149/1/120
f 147/1/121 150/1/121 151/1/121
f 151/1/122 152/1/122 149/1/122
f 150/1/123 154/1/123 151/1/123
f 152/1/124 157/1/124 155/1/124
f 154/1/125 156/1/125 157/1/125
f 157/1/126 160/1/126 155/1/126
f 156/1/127 163/1/127 157/1/127
f 97/1/65 129/1/65 93/1/65
f 91/1/66 131/1/66 97/1/66
f 101/1/67 136/1/67 98/1/67
f 99/1/68 138/1/68 101/1/68
f 105/1/128 145/1/128 143/1/128
f 106/1/129 145/1/129 108/1/129
f 124/1/130 158/1/130 121/1/130
f 124/1/131 160/1/131 164/1/131
f 158/1/77 91/1/77 121/1/77
f 92/1/78 107/1/78 116/1/78
f 129/1/79 99/1/79 93/1/79
f 136/1/80 106/1/80 98/1/80
f 143/1/132 112/1/132 105/1/132
f 149/1/133 115/1/133 112/1/133
f 152/1/134 118/1/134 115/1/134
f 155/1/135 122/1/135 118/1/135
f 159/1/85 153/1/85 144/1/85
f 91/1/1757 97/1/1757 95/1/1757
f 92/1/1758 94/1/1758 95/1/1758
f 93/1/1759 96/1/1759 95/1/1759
f 98/1/1704 104/1/1704 102/1/1704
f 99/1/1705 101/1/1705 102/1/1705
f 100/1/1760 103/1/1760 102/1/1760
f 105/1/1761 111/1/1761 109/1/1761
f 106/1/1762 108/1/1762 109/1/1762
f 107/1/1763 110/1/1763 109/1/1763
f 121/1/1764 127/1/1764 125/1/1764
f 122/1/1765 124/1/1765 125/1/1765
f 123/1/1766 126/1/1766 125/1/1766
f 128/1/1719 134/1/1719 132/1/1719
f 129/1/1720 131/1/1720 132/1/1720
f 130/1/1767 133/1/1767 132/1/1767
f 135/1/1768 141/1/1768 139/1/1768
f 136/1/1769 138/1/1769 139/1/1769
f 137/1/1770 140/1/1770 139/1/1770
f 142/1/1771 148/1/1771 146/1/1771
f 143/1/1772 145/1/1772 146/1/1772
f 144/1/1773 147/1/1773 146/1/1773
f 158/1/1774 164/1/1774 162/1/1774
f 159/1/1775 161/1/1775 162/1/1775
f 160/1/1776 163/1/1776 162/1/1776
f 94/1/1777 127/1/1777 121/1/1777
f 92/1/1778 123/1/1778 127/1/1778
f 119/1/1779 120/1/1779 126/1/1779
f 120/1/1780 118/1/1780 122/1/1780
f 117/1/109 120/1/109 119/1/109
f 115/1/110 118/1/110 120/1/110
f 113/1/111 114/1/111 117/1/111
f 114/1/112 112/1/112 115/1/112
f 111/1/1781 114/1/1781 113/1/1781
f 105/1/1782 112/1/1782 114/1/1782
f 100/1/1783 104/1/1783 110/1/1783
f 104/1/1746 98/1/1746 106/1/1746
f 96/1/49 103/1/49 100/1/49
f 93/1/50 99/1/50 103/1/50
f 130/1/1784 134/1/1784 161/1/1784
f 134/1/1748 128/1/1748 158/1/1748
f 133/1/53 141/1/53 135/1/53
f 130/1/54 137/1/54 141/1/54
f 140/1/1785 148/1/1785 142/1/1785
f 137/1/1786 144/1/1786 148/1/1786
f 143/1/1787 147/1/1787 151/1/1787
f 147/1/1788 144/1/1788 150/1/1788
f 151/1/122 154/1/122 152/1/122
f 150/1/123 153/1/123 154/1/123
f 152/1/124 154/1/124 157/1/124
f 154/1/125 153/1/125 156/1/125
f 157/1/1789 163/1/1789 160/1/1789
f 156/1/1790 159/1/1790 163/1/1790
f 97/1/65 131/1/65 129/1/65
f 91/1/66 128/1/66 131/1/66
f 101/1/67 138/1/67 136/1/67
f 99/1/68 135/1/68 138/1/68
f 105/1/128 108/1/128 145/1/128
f 106/1/1791 142/1/1791 145/1/1791
f 124/1/1792 164/1/1792 158/1/1792
f 124/1/131 122/1/131 160/1/131
f 158/1/77 128/1/77 91/1/77
f 119/1/78 123/1/78 92/1/78
f 92/1/78 100/1/78 107/1/78
f 107/1/78 113/1/78 116/1/78
f 116/1/78 119/1/78 92/1/78
f 129/1/79 135/1/79 99/1/79
f 136/1/80 142/1/80 106/1/80
f 143/1/132 149/1/132 112/1/132
f 149/1/133 152/1/133 115/1/133
f 152/1/134 155/1/134 118/1/134
f 155/1/135 160/1/135 122/1/135
f 137/1/85 130/1/85 159/1/85
f 159/1/85 156/1/85 153/1/85
f 153/1/85 150/1/85 144/1/85
f 144/1/85 137/1/85 159/1/85
s 1
usemtl Rope
f 165/2/136 176/3/137 171/4/138
f 165/1/136 172/5/139 166/6/140
f 166/6/140 173/7/141 167/8/142
f 167/8/142 174/9/143 168/10/144
f 168/10/144 175/11/145 169/12/146
f 170/13/147 175/11/145 176/3/137
f 171/4/138 182/14/148 177/15/149
f 171/16/138 178/17/150 172/5/139
f 172/5/139 179/18/151 173/7/141
f 173/7/141 180/19/152 174/9/143
f 174/9/143 181/20/153 175/11/145
f 176/3/137 181/20/153 182/14/148
f 182/14/148 183/21/154 177/15/149
f 177/22/149 184/23/155 178/17/150
f 179/18/151 184/23/155 185/24/156
f 180/19/152 185/24/156 186/25/157
f 180/19/152 187/26/158 181/20/153
f 181/20/153 188/27/159 182/14/148
f 188/27/159 189/28/160 183/21/154
f 183/29/154 190/30/161 184/23/155
f 185/24/156 190/30/161 191/31/162
f 186/25/157 191/31/162 192/32/163
f 186/25/157 193/33/164 187/26/158
f 187/26/158 194/34/165 188/27/159
f 291/2/136 302/3/137 297/4/138
f 291/1/136 298/5/139 292/6/140
f 292/6/140 299/7/141 293/8/142
f 293/8/142 300/9/143 294/10/144
f 294/10/144 301/11/145 295/12/146
f 296/13/147 301/11/145 302/3/137
f 297/4/138 308/14/148 303/15/149
f 297/16/138 304/17/150 298/5/139
f 298/5/139 305/18/151 299/7/141
f 299/7/141 306/19/152 300/9/143
f 300/9/143 307/20/153 301/11/145
f 302/3/137 307/20/153 308/14/148
f 308/14/148 309/21/154 303/15/149
f 303/22/149 310/23/155 304/17/150
f 305/18/151 310/23/155 311/24/156
f 306/19/152 311/24/156 312/25/157
f 306/19/152 313/26/158 307/20/153
f 307/20/153 314/27/159 308/14/148
f 314/27/159 315/28/160 309/21/154
f 309/29/154 316/30/161 310/23/155
f 311/24/156 316/30/161 317/31/162
f 312/25/157 317/31/162 318/32/163
f 312/25/157 319/33/164 313/26/158
f 313/26/158 320/34/165 314/27/159
f 165/2/136 170/13/147 176/3/137
f 165/1/136 171/16/138 172/5/139
f 166/6/140 172/5/139 173/7/141
f 167/8/142 173/7/141 174/9/143
f 168/10/144 174/9/143 175/11/145
f 170/13/147 169/12/146 175/11/145
f 171/4/138 176/3/137 182/14/148
f 171/16/138 177/22/149 178/17/150
f 172/5/139 178/17/150 179/18/151
f 173/7/141 179/18/151 180/19/152
f 174/9/143 180/19/152 181/20/153
f 176/3/137 175/11/145 181/20/153
f 182/14/148 188/27/159 183/21/154
f 177/22/149 183/29/154 184/23/155
f 179/18/151 178/17/150 184/23/155
f 180/19/152 179/18/151 185/24/156
f 180/19/152 186/25/157 187/26/158
f 181/20/153 187/26/158 188/27/159
f 188/27/159 194/34/165 189/28/160
f 183/29/154 189/129/160 190/30/161
f 185/24/156 184/23/155 190/30/161
f 186/25/157 185/24/156 191/31/162
f 186/25/157 192/32/163 193/33/164
f 187/26/158 193/33/164 194/34/165
f 291/2/136 296/13/147 302/3/137
f 291/1/136 297/16/138 298/5/139
f 292/6/140 298/5/139 299/7/141
f 293/8/142 299/7/141 300/9/143
f 294/10/144 300/9/143 301/11/145
f 296/13/147 295/12/146 301/11/145
f 297/4/138 302/3/137 308/14/148
f 297/16/138 303/22/149 304/17/150
f 298/5/139 304/17/150 305/18/151
f 299/7/141 305/18/151 306/19/152
f 300/9/143 306/19/152 307/20/153
f 302/3/137 301/11/145 307/20/153
f 308/14/148 314/27/159 309/21/154
f 303/22/149 309/29/154 310/23/155
f 305/18/151 304/17/150 310/23/155
f 306/19/152 305/18/151 311/24/156
f 306/19/152 312/25/157 313/26/158
f 307/20/153 313/26/158 314/27/159
f 314/27/159 320/34/165 315/28/160
f 309/29/154 315/129/160 316/30/161
f 311/24/156 310/23/155 316/30/161
f 312/25/157 311/24/156 317/31/162
f 312/25/157 318/32/163 319/33/164
f 313/26/158 319/33/164 320/34/165
usemtl Brass
f 195/19/79 202/35/166 201/36/68
f 196/20/167 203/37/168 202/35/166
f 197/14/169 204/38/170 203/37/168
f 198/39/171 205/40/172 204/41/170
f 200/18/173 205/40/172 199/17/174
f 195/19/79 206/42/175 200/18/173
f 201/36/68 208/43/176 207/44/177
f 203/37/168 208/43/176 202/35/166
f 204/38/170 209/45/178 203/37/168
f 204/41/170 211/46/179 210/47/180
f 205/40/172 212/48/181 211/46/179
f 201/36/68 212/48/181 206/42/175
f 208/43/176 213/49/67 207/44/177
f 209/45/178 214/50/182 208/43/176
f 209/45/178 216/51/183 215/52/184
f 211/46/179 216/53/183 210/47/180
f 211/46/179 218/54/185 217/55/186
f 207/44/177 218/54/185 212/48/181
f 213/49/67 220/26/187 219/25/80
f 215/52/184 220/26/187 214/50/182
f 215/52/184 222/21/77 221/27/188
f 217/55/186 222/56/77 216/53/183
f 217/55/186 224/24/189 223/23/190
f 213/49/67 224/24/189 218/54/185
f 219/25/80 226/57/191 225/58/192
f 220/26/187 227/59/193 226/57/191
f 222/21/77 227/59/193 221/27/188
f 222/56/77 229/60/194 228/61/66
f 224/24/189 229/60/194 223/23/190
f 219/25/80 230/62/195 224/24/189
f 226/57/191 231/63/196 225/58/192
f 226/57/191 233/64/197 232/65/198
f 227/59/193 234/66/199 233/64/197
f 229/60/194 234/67/199 228/61/66
f 230/62/195 235/68/200 229/60/194
f 230/62/195 231/63/196 236/69/201
f 232/65/198 237/70/202 231/63/196
f 232/65/198 239/71/203 238/72/204
f 234/66/199 239/71/203 233/64/197
f 234/67/199 241/73/205 240/74/65
f 236/69/201 241/73/205 235/68/200
f 236/69/201 237/70/202 242/75/206
f 238/72/204 243/32/171 237/70/202
f 239/71/203 244/33/207 238/72/204
f 239/71/203 246/28/79 245/34/208
f 241/73/205 246/76/79 240/74/65
f 241/73/205 248/31/209 247/30/210
f 242/75/206 243/32/171 248/31/209
f 243/10/171 250/77/211 249/78/170
f 244/12/207 251/79/212 250/77/211
f 246/2/79 251/79/212 245/13/208
f 246/80/79 253/81/213 252/82/68
f 248/8/209 253/81/213 247/6/210
f 243/10/171 254/83/214 248/8/209
f 249/78/170 256/84/215 255/85/180
f 251/79/212 256/84/215 250/77/211
f 252/86/68 257/87/216 251/79/212
f 252/82/68 259/88/217 258/89/177
f 253/81/213 260/90/218 259/88/217
f 249/78/170 260/90/218 254/83/214
f 255/85/180 262/91/219 261/92/183
f 257/87/216 262/91/219 256/84/215
f 257/87/216 264/93/67 263/94/220
f 259/88/217 264/95/67 258/89/177
f 259/88/217 266/96/221 265/97/222
f 255/85/180 266/96/221 260/90/218
f 261/92/183 268/11/223 267/9/77
f 263/94/220 268/11/223 262/91/219
f 263/94/220 270/4/80 269/3/224
f 265/97/222 270/98/80 264/95/67
f 265/97/222 272/7/225 271/5/226
f 266/96/221 267/9/77 272/7/225
f 268/11/223 273/99/66 267/9/77
f 268/11/223 275/100/227 274/101/228
f 270/4/80 275/100/227 269/3/224
f 270/98/80 277/102/229 276/103/192
f 272/7/225 277/102/229 271/5/226
f 267/9/77 278/104/230 272/7/225
f 274/101/228 279/105/199 273/99/66
f 274/101/228 281/106/231 280/107/232
f 276/108/192 281/106/231 275/100/227
f 276/103/192 283/109/233 282/110/196
f 278/104/230 283/109/233 277/102/229
f 278/104/230 279/105/199 284/111/234
f 280/107/232 285/112/65 279/105/199
f 280/107/232 287/113/235 286/114/236
f 281/106/231 288/115/202 287/113/235
f 283/109/233 288/116/202 282/110/196
f 284/111/234 289/117/237 283/109/233
f 284/111/234 285/112/65 290/118/238
f 286/114/236 195/19/79 285/112/65
f 287/113/235 196/20/167 286/114/236
f 287/113/235 198/15/171 197/14/169
f 289/117/237 198/39/171 288/116/202
f 289/117/237 200/18/173 199/17/174
f 290/118/238 195/19/79 200/18/173
f 321/19/79 328/35/166 327/36/68
f 322/20/167 329/37/168 328/35/166
f 324/15/171 329/37/168 323/14/169
f 324/39/171 331/40/172 330/41/170
f 326/18/239 331/40/172 325/17/174
f 321/19/79 332/42/175 326/18/239
f 328/35/166 333/44/177 327/36/68
f 329/37/168 334/43/176 328/35/166
f 329/37/168 336/119/180 335/45/178
f 331/40/172 336/47/180 330/41/170
f 331/40/172 338/48/181 337/46/179
f 327/36/68 338/48/181 332/42/175
f 334/43/176 339/49/67 333/44/177
f 335/45/178 340/50/182 334/43/176
f 335/45/178 342/51/183 341/52/184
f 337/46/179 342/53/183 336/47/180
f 337/46/179 344/54/240 343/55/186
f 338/48/181 339/49/67 344/54/240
f 339/49/67 346/26/187 345/25/80
f 341/52/184 346/26/187 340/50/182
f 341/52/184 348/21/77 347/27/188
f 343/55/186 348/56/77 342/53/183
f 343/55/186 350/24/241 349/23/190
f 344/54/240 345/25/80 350/24/241
f 346/26/187 351/58/192 345/25/80
f 346/26/187 353/59/193 352/57/242
f 348/21/77 353/59/193 347/27/188
f 348/56/77 355/60/194 354/61/66
f 350/24/241 355/60/194 349/23/190
f 345/25/80 356/62/195 350/24/241
f 352/57/242 357/63/196 351/58/192
f 352/57/242 359/64/197 358/65/198
f 354/120/66 359/64/197 353/59/193
f 354/61/66 361/68/200 360/67/199
f 356/62/195 361/68/200 355/60/194
f 356/62/195 357/63/196 362/69/201
f 358/65/198 363/70/202 357/63/196
f 358/65/198 365/71/203 364/72/204
f 359/64/197 366/121/65 365/71/203
f 360/67/199 367/73/205 366/74/65
f 362/69/201 367/73/205 361/68/200
f 362/69/201 363/70/202 368/75/206
f 364/72/204 369/32/171 363/70/202
f 365/71/203 370/33/207 364/72/204
f 366/121/65 371/34/208 365/71/203
f 367/73/205 372/76/79 366/74/65
f 367/73/205 374/31/243 373/30/210
f 363/70/202 374/31/243 368/75/206
f 369/10/171 376/77/211 375/78/170
f 370/12/207 377/79/212 376/77/211
f 371/13/208 378/86/68 377/79/212
f 373/6/210 378/82/68 372/80/79
f 374/8/243 379/81/213 373/6/210
f 369/10/171 380/83/214 374/8/243
f 375/78/170 382/84/215 381/85/180
f 377/79/212 382/84/215 376/77/211
f 378/86/68 383/87/216 377/79/212
f 378/82/68 385/88/217 384/89/177
f 379/81/213 386/90/218 385/88/217
f 380/83/214 381/85/180 386/90/218
f 381/85/180 388/91/244 387/92/183
f 383/87/216 388/91/244 382/84/215
f 384/122/177 389/94/220 383/87/216
f 384/89/177 391/97/222 390/95/67
f 385/88/217 392/96/221 391/97/222
f 381/85/180 392/96/221 386/90/218
f 388/91/244 393/9/77 387/92/183
f 389/94/220 394/11/223 388/91/244
f 389/94/220 396/4/80 395/3/224
f 391/97/222 396/98/80 390/95/67
f 391/97/222 398/7/245 397/5/226
f 392/96/221 393/9/77 398/7/245
f 394/11/223 399/99/66 393/9/77
f 394/11/223 401/100/227 400/101/228
f 396/4/80 401/100/227 395/3/224
f 396/98/80 403/102/229 402/103/192
f 398/7/245 403/102/229 397/5/226
f 398/7/245 399/99/66 404/104/246
f 400/101/228 405/105/199 399/99/66
f 400/101/228 407/106/231 406/107/232
f 402/108/192 407/106/231 401/100/227
f 402/103/192 409/109/233 408/110/196
f 404/104/246 409/109/233 403/102/229
f 399/99/66 410/111/234 404/104/246
f 406/107/232 411/112/65 405/105/199
f 406/107/232 413/113/235 412/114/236
f 407/106/231 414/115/202 413/113/235
f 409/109/233 414/116/202 408/110/196
f 410/111/234 415/117/237 409/109/233
f 405/105/199 416/118/238 410/111/234
f 412/114/236 321/19/79 411/112/65
f 413/113/235 322/20/167 412/114/236
f 413/113/235 324/15/171 323/14/169
f 415/117/237 324/39/171 414/116/202
f 415/117/237 326/18/239 325/17/174
f 411/112/65 326/18/239 416/118/238
f 2502/1421/1647 2505/1422/1648 2506/1423/1649
f 2507/1424/1650 2504/1425/1651 2508/1426/1652
f 2505/1422/1648 2510/1427/1653 2506/1423/1649
f 2512/1428/1654 2507/1424/1650 2508/1426/1652
f 2509/1429/1655 2514/1430/1656 2510/1427/1653
f 2516/1431/1657 2511/1432/1658 2512/1428/1654
f 2514/1430/1656 2517/1433/1659 2518/1434/1660
f 2519/1435/1661 2516/1431/1657 2520/1436/1662
f 2518/1434/1660 2521/1437/1663 2522/1438/1664
f 2523/1439/1665 2520/1436/1662 2524/1440/1666
f 2521/1437/1663 2526/1441/1667 2522/1438/1664
f 2528/1442/1668 2523/1439/1665 2524/1440/1666
f 2526/1441/1667 2529/1443/1669 2530/1444/1670
f 2531/1445/1671 2528/1442/1668 2532/1446/1672
f 2529/1443/1669 2534/1447/1673 2530/1444/1670
f 2535/1448/1674 2532/1446/1672 2536/1449/1675
f 2533/1450/1676 2538/1451/1677 2534/1447/1673
f 2540/1452/1678 2535/1448/1674 2536/1449/1675
f 2538/1451/1677 2541/1453/1679 2542/1454/1680
f 2543/1455/1681 2540/1452/1678 2544/1456/1682
f 2542/1454/1680 2545/1457/1683 2546/1458/1684
f 2548/1459/1685 2543/1455/1681 2544/1456/1682
f 2545/1457/1683 2502/1421/1647 2546/1458/1684
f 2504/1425/1651 2547/1460/1686 2548/1459/1685
f 2537/1461/1687 2521/1437/1663 2505/1422/1648
f 2506/1462/1649 2504/1463/1651 2502/1464/1647
f 2502/1465/1647 2548/1466/1685 2546/1467/1684
f 2519/1435/1661 2535/1448/1674 2503/1468/1688
f 2510/1469/1653 2508/1470/1652 2506/1462/1649
f 2514/1471/1656 2512/1472/1654 2510/1469/1653
f 2518/1473/1660 2516/1474/1657 2514/1471/1656
f 2522/1475/1664 2520/1476/1662 2518/1473/1660
f 2526/1477/1667 2524/1478/1666 2522/1475/1664
f 2530/1479/1670 2528/1480/1668 2526/1477/1667
f 2534/1481/1673 2532/1482/1672 2530/1479/1670
f 2538/1483/1677 2536/1484/1675 2534/1481/1673
f 2542/1485/1680 2540/1486/1678 2538/1483/1677
f 2546/1467/1684 2544/1487/1682 2542/1485/1680
f 2550/20/1689 2555/36/68 2549/19/79
f 2551/14/169 2556/35/1690 2550/20/1689
f 2551/14/169 2558/38/170 2557/37/168
f 2553/17/174 2558/41/170 2552/39/171
f 2553/17/174 2560/42/1691 2559/40/172
f 2554/18/239 2555/36/68 2560/42/1691
f 2556/35/1690 2561/44/177 2555/36/68
f 2556/35/1690 2563/45/178 2562/43/176
f 2558/38/170 2563/45/178 2557/37/168
f 2558/41/170 2565/46/179 2564/47/180
f 2560/42/1691 2565/46/179 2559/40/172
f 2555/36/68 2566/48/181 2560/42/1691
f 2562/43/176 2567/49/67 2561/44/177
f 2563/45/178 2568/50/182 2562/43/176
f 2564/119/180 2569/52/184 2563/45/178
f 2564/47/180 2571/55/186 2570/53/183
f 2565/46/179 2572/54/185 2571/55/186
f 2566/48/181 2567/49/67 2572/54/185
f 2568/50/182 2573/25/80 2567/49/67
f 2569/52/184 2574/26/187 2568/50/182
f 2569/52/184 2576/21/77 2575/27/188
f 2571/55/186 2576/56/77 2570/53/183
f 2571/55/186 2578/24/189 2577/23/190
f 2572/54/185 2573/25/80 2578/24/189
f 2573/25/80 2580/57/191 2579/58/192
f 2574/26/187 2581/59/193 2580/57/191
f 2575/27/188 2582/120/66 2581/59/193
f 2577/23/190 2582/61/66 2576/56/77
f 2578/24/189 2583/60/194 2577/23/190
f 2578/24/189 2579/58/192 2584/62/1692
f 2579/58/192 2586/65/198 2585/63/196
f 2580/57/191 2587/64/197 2586/65/198
f 2581/59/193 2588/66/199 2587/64/197
f 2583/60/194 2588/67/199 2582/61/66
f 2584/62/1692 2589/68/200 2583/60/194
f 2579/58/192 2590/69/201 2584/62/1692
f 2586/65/198 2591/70/202 2585/63/196
f 2587/64/197 2592/72/1693 2586/65/198
f 2587/64/197 2594/121/65 2593/71/203
f 2589/68/200 2594/74/65 2588/67/199
f 2589/68/200 2596/75/1694 2595/73/205
f 2585/63/196 2596/75/1694 2590/69/201
f 2591/70/202 2598/33/1695 2597/32/171
f 2592/72/1693 2599/34/208 2598/33/1695
f 2594/121/65 2599/34/208 2593/71/203
f 2594/74/65 2601/30/210 2600/76/79
f 2596/75/1694 2601/30/210 2595/73/205
f 2591/70/202 2602/31/243 2596/75/1694
f 2598/12/1695 2603/78/170 2597/10/171
f 2599/13/208 2604/77/1696 2598/12/1695
f 2599/13/208 2606/86/68 2605/79/212
f 2601/6/210 2606/82/68 2600/80/79
f 2601/6/210 2608/83/1697 2607/81/213
f 2602/8/243 2603/78/170 2608/83/1697
f 2604/77/1696 2609/85/180 2603/78/170
f 2604/77/1696 2611/87/216 2610/84/215
f 2605/79/212 2612/122/177 2611/87/216
f 2607/81/213 2612/89/177 2606/82/68
f 2608/83/1697 2613/88/217 2607/81/213
f 2603/78/170 2614/90/218 2608/83/1697
f 2610/84/215 2615/92/183 2609/85/180
f 2611/87/216 2616/91/244 2610/84/215
f 2612/122/177 2617/94/220 2611/87/216
f 2612/89/177 2619/97/222 2618/95/67
f 2613/88/217 2620/96/1698 2619/97/222
f 2614/90/218 2615/92/183 2620/96/1698
f 2616/91/244 2621/9/77 2615/92/183
f 2617/94/220 2622/11/223 2616/91/244
f 2618/93/67 2623/3/224 2617/94/220
f 2618/95/67 2625/5/226 2624/98/80
f 2619/97/222 2626/7/245 2625/5/226
f 2615/92/183 2626/7/245 2620/96/1698
f 2622/11/223 2627/99/66 2621/9/77
f 2622/11/223 2629/100/227 2628/101/228
f 2624/4/80 2629/100/227 2623/3/224
f 2624/98/80 2631/102/229 2630/103/192
f 2626/7/245 2631/102/229 2625/5/226
f 2621/9/77 2632/104/230 2626/7/245
f 2628/101/228 2633/105/199 2627/99/66
f 2628/101/228 2635/106/231 2634/107/232
f 2629/100/227 2636/929/196 2635/106/231
f 2631/102/229 2636/110/196 2630/103/192
f 2632/104/230 2637/109/233 2631/102/229
f 2632/104/230 2633/105/199 2638/111/234
f 2634/107/232 2639/112/65 2633/105/199
f 2635/106/231 2640/114/1699 2634/107/232
f 2635/106/231 2642/115/202 2641/113/235
f 2636/110/196 2643/117/237 2642/116/202
f 2637/109/233 2644/118/1700 2643/117/237
f 2633/105/199 2644/118/1700 2638/111/234
f 2639/112/65 2550/20/1689 2549/19/79
f 2640/114/1699 2551/14/169 2550/20/1689
f 2642/115/202 2551/14/169 2641/113/235
f 2642/116/202 2553/17/174 2552/39/171
f 2644/118/1700 2553/17/174 2643/117/237
f 2644/118/1700 2549/19/79 2554/18/239
f 195/19/79 196/20/167 202/35/166
f 196/20/167 197/14/169 203/37/168
f 197/14/169 198/15/171 204/38/170
f 198/39/171 199/17/174 205/40/172
f 200/18/173 206/42/175 205/40/172
f 195/19/79 201/36/68 206/42/175
f 201/36/68 202/35/166 208/43/176
f 203/37/168 209/45/178 208/43/176
f 204/38/170 210/119/180 209/45/178
f 204/41/170 205/40/172 211/46/179
f 205/40/172 206/42/175 212/48/181
f 201/36/68 207/44/177 212/48/181
f 208/43/176 214/50/182 213/49/67
f 209/45/178 215/52/184 214/50/182
f 209/45/178 210/119/180 216/51/183
f 211/46/179 217/55/186 216/53/183
f 211/46/179 212/48/181 218/54/185
f 207/44/177 213/49/67 218/54/185
f 213/49/67 214/50/182 220/26/187
f 215/52/184 221/27/188 220/26/187
f 215/52/184 216/51/183 222/21/77
f 217/55/186 223/23/190 222/56/77
f 217/55/186 218/54/185 224/24/189
f 213/49/67 219/25/80 224/24/189
f 219/25/80 220/26/187 226/57/191
f 220/26/187 221/27/188 227/59/193
f 222/21/77 228/120/66 227/59/193
f 222/56/77 223/23/190 229/60/194
f 224/24/189 230/62/195 229/60/194
f 219/25/80 225/58/192 230/62/195
f 226/57/191 232/65/198 231/63/196
f 226/57/191 227/59/193 233/64/197
f 227/59/193 228/120/66 234/66/199
f 229/60/194 235/68/200 234/67/199
f 230/62/195 236/69/201 235/68/200
f 230/62/195 225/58/192 231/63/196
f 232/65/198 238/72/204 237/70/202
f 232/65/198 233/64/197 239/71/203
f 234/66/199 240/121/65 239/71/203
f 234/67/199 235/68/200 241/73/205
f 236/69/201 242/75/206 241/73/205
f 236/69/201 231/63/196 237/70/202
f 238/72/204 244/33/207 243/32/171
f 239/71/203 245/34/208 244/33/207
f 239/71/203 240/121/65 246/28/79
f 241/73/205 247/30/210 246/76/79
f 241/73/205 242/75/206 248/31/209
f 242/75/206 237/70/202 243/32/171
f 243/10/171 244/12/207 250/77/211
f 244/12/207 245/13/208 251/79/212
f 246/2/79 252/86/68 251/79/212
f 246/80/79 247/6/210 253/81/213
f 248/8/209 254/83/214 253/81/213
f 243/10/171 249/78/170 254/83/214
f 249/78/170 250/77/211 256/84/215
f 251/79/212 257/87/216 256/84/215
f 252/86/68 258/122/177 257/87/216
f 252/82/68 253/81/213 259/88/217
f 253/81/213 254/83/214 260/90/218
f 249/78/170 255/85/180 260/90/218
f 255/85/180 256/84/215 262/91/219
f 257/87/216 263/94/220 262/91/219
f 257/87/216 258/122/177 264/93/67
f 259/88/217 265/97/222 264/95/67
f 259/88/217 260/90/218 266/96/221
f 255/85/180 261/92/183 266/96/221
f 261/92/183 262/91/219 268/11/223
f 263/94/220 269/3/224 268/11/223
f 263/94/220 264/93/67 270/4/80
f 265/97/222 271/5/226 270/98/80
f 265/97/222 266/96/221 272/7/225
f 266/96/221 261/92/183 267/9/77
f 268/11/223 274/101/228 273/99/66
f 268/11/223 269/3/224 275/100/227
f 270/4/80 276/108/192 275/100/227
f 270/98/80 271/5/226 277/102/229
f 272/7/225 278/104/230 277/102/229
f 267/9/77 273/99/66 278/104/230
f 274/101/228 280/107/232 279/105/199
f 274/101/228 275/100/227 281/106/231
f 276/108/192 282/929/196 281/106/231
f 276/103/192 277/102/229 283/109/233
f 278/104/230 284/111/234 283/109/233
f 278/104/230 273/99/66 279/105/199
f 280/107/232 286/114/236 285/112/65
f 280/107/232 281/106/231 287/113/235
f 281/106/231 282/929/196 288/115/202
f 283/109/233 289/117/237 288/116/202
f 284/111/234 290/118/238 289/117/237
f 284/111/234 279/105/199 285/112/65
f 286/114/236 196/20/167 195/19/79
f 287/113/235 197/14/169 196/20/167
f 287/113/235 288/115/202 198/15/171
f 289/117/237 199/17/174 198/39/171
f 289/117/237 290/118/238 200/18/173
f 290/118/238 285/112/65 195/19/79
f 321/19/79 322/20/167 328/35/166
f 322/20/167 323/14/169 329/37/168
f 324/15/171 330/38/170 329/37/168
f 324/39/171 325/17/174 331/40/172
f 326/18/239 332/42/175 331/40/172
f 321/19/79 327/36/68 332/42/175
f 328/35/166 334/43/176 333/44/177
f 329/37/168 335/45/178 334/43/176
f 329/37/168 330/38/170 336/119/180
f 331/40/172 337/46/179 336/47/180
f 331/40/172 332/42/175 338/48/181
f 327/36/68 333/44/177 338/48/181
f 334/43/176 340/50/182 339/49/67
f 335/45/178 341/52/184 340/50/182
f 335/45/178 336/119/180 342/51/183
f 337/46/179 343/55/186 342/53/183
f 337/46/179 338/48/181 344/54/240
f 338/48/181 333/44/177 339/49/67
f 339/49/67 340/50/182 346/26/187
f 341/52/184 347/27/188 346/26/187
f 341/52/184 342/51/183 348/21/77
f 343/55/186 349/23/190 348/56/77
f 343/55/186 344/54/240 350/24/241
f 344/54/240 339/49/67 345/25/80
f 346/26/187 352/57/242 351/58/192
f 346/26/187 347/27/188 353/59/193
f 348/21/77 354/120/66 353/59/193
f 348/56/77 349/23/190 355/60/194
f 350/24/241 356/62/195 355/60/194
f 345/25/80 351/58/192 356/62/195
f 352/57/242 358/65/198 357/63/196
f 352/57/242 353/59/193 359/64/197
f 354/120/66 360/66/199 359/64/197
f 354/61/66 355/60/194 361/68/200
f 356/62/195 362/69/201 361/68/200
f 356/62/195 351/58/192 357/63/196
f 358/65/198 364/72/204 363/70/202
f 358/65/198 359/64/197 365/71/203
f 359/64/197 360/66/199 366/121/65
f 360/67/199 361/68/200 367/73/205
f 362/69/201 368/75/206 367/73/205
f 362/69/201 357/63/196 363/70/202
f 364/72/204 370/33/207 369/32/171
f 365/71/203 371/34/208 370/33/207
f 366/121/65 372/28/79 371/34/208
f 367/73/205 373/30/210 372/76/79
f 367/73/205 368/75/206 374/31/243
f 363/70/202 369/32/171 374/31/243
f 369/10/171 370/12/207 376/77/211
f 370/12/207 371/13/208 377/79/212
f 371/13/208 372/2/79 378/86/68
f 373/6/210 379/81/213 378/82/68
f 374/8/243 380/83/214 379/81/213
f 369/10/171 375/78/170 380/83/214
f 375/78/170 376/77/211 382/84/215
f 377/79/212 383/87/216 382/84/215
f 378/86/68 384/122/177 383/87/216
f 378/82/68 379/81/213 385/88/217
f 379/81/213 380/83/214 386/90/218
f 380/83/214 375/78/170 381/85/180
f 381/85/180 382/84/215 388/91/244
f 383/87/216 389/94/220 388/91/244
f 384/122/177 390/93/67 389/94/220
f 384/89/177 385/88/217 391/97/222
f 385/88/217 386/90/218 392/96/221
f 381/85/180 387/92/183 392/96/221
f 388/91/244 394/11/223 393/9/77
f 389/94/220 395/3/224 394/11/223
f 389/94/220 390/93/67 396/4/80
f 391/97/222 397/5/226 396/98/80
f 391/97/222 392/96/221 398/7/245
f 392/96/221 387/92/183 393/9/77
f 394/11/223 400/101/228 399/99/66
f 394/11/223 395/3/224 401/100/227
f 396/4/80 402/108/192 401/100/227
f 396/98/80 397/5/226 403/102/229
f 398/7/245 404/104/246 403/102/229
f 398/7/245 393/9/77 399/99/66
f 400/101/228 406/107/232 405/105/199
f 400/101/228 401/100/227 407/106/231
f 402/108/192 408/929/196 407/106/231
f 402/103/192 403/102/229 409/109/233
f 404/104/246 410/111/234 409/109/233
f 399/99/66 405/105/199 410/111/234
f 406/107/232 412/114/236 411/112/65
f 406/107/232 407/106/231 413/113/235
f 407/106/231 408/929/196 414/115/202
f 409/109/233 415/117/237 414/116/202
f 410/111/234 416/118/238 415/117/237
f 405/105/199 411/112/65 416/118/238
f 412/114/236 322/20/167 321/19/79
f 413/113/235 323/14/169 322/20/167
f 413/113/235 414/115/202 324/15/171
f 415/117/237 325/17/174 324/39/171
f 415/117/237 416/118/238 326/18/239
f 411/112/65 321/19/79 326/18/239
f 2502/1421/1647 2501/1488/1793 2505/1422/1648
f 2507/1424/1650 2503/1468/1688 2504/1425/1651
f 2505/1422/1648 2509/1429/1655 2510/1427/1653
f 2512/1428/1654 2511/1432/1658 2507/1424/1650
f 2509/1429/1655 2513/1489/1794 2514/1430/1656
f 2516/1431/1657 2515/1490/1795 2511/1432/1658
f 2514/1430/1656 2513/1489/1794 2517/1433/1659
f 2519/1435/1661 2515/1490/1795 2516/1431/1657
f 2518/1434/1660 2517/1433/1659 2521/1437/1663
f 2523/1439/1665 2519/1435/1661 2520/1436/1662
f 2521/1437/1663 2525/1491/1796 2526/1441/1667
f 2528/1442/1668 2527/1492/1797 2523/1439/1665
f 2526/1441/1667 2525/1491/1796 2529/1443/1669
f 2531/1445/1671 2527/1492/1797 2528/1442/1668
f 2529/1443/1669 2533/1450/1676 2534/1447/1673
f 2535/1448/1674 2531/1445/1671 2532/1446/1672
f 2533/1450/1676 2537/1461/1687 2538/1451/1677
f 2540/1452/1678 2539/1493/1798 2535/1448/1674
f 2538/1451/1677 2537/1461/1687 2541/1453/1679
f 2543/1455/1681 2539/1493/1798 2540/1452/1678
f 2542/1454/1680 2541/1453/1679 2545/1457/1683
f 2548/1459/1685 2547/1460/1686 2543/1455/1681
f 2545/1457/1683 2501/1488/1793 2502/1421/1647
f 2504/1425/1651 2503/1468/1688 2547/1460/1686
f 2505/1422/1648 2501/1488/1793 2545/1457/1683
f 2545/1457/1683 2541/1453/1679 2537/1461/1687
f 2537/1461/1687 2533/1450/1676 2529/1443/1669
f 2529/1443/1669 2525/1491/1796 2521/1437/1663
f 2521/1437/1663 2517/1433/1659 2513/1489/1794
f 2513/1489/1794 2509/1429/1655 2505/1422/1648
f 2505/1422/1648 2545/1457/1683 2537/1461/1687
f 2537/1461/1687 2529/1443/1669 2521/1437/1663
f 2521/1437/1663 2513/1489/1794 2505/1422/1648
f 2506/1462/1649 2508/1470/1652 2504/1463/1651
f 2502/1465/1647 2504/1494/1651 2548/1466/1685
f 2503/1468/1688 2507/1424/1650 2511/1432/1658
f 2511/1432/1658 2515/1490/1795 2519/1435/1661
f 2519/1435/1661 2523/1439/1665 2527/1492/1797
f 2527/1492/1797 2531/1445/1671 2535/1448/1674
f 2535/1448/1674 2539/1493/1798 2543/1455/1681
f 2543/1455/1681 2547/1460/1686 2503/1468/1688
f 2503/1468/1688 2511/1432/1658 2519/1435/1661
f 2519/1435/1661 2527/1492/1797 2535/1448/1674
f 2535/1448/1674 2543/1455/1681 2503/1468/1688
f 2510/1469/1653 2512/1472/1654 2508/1470/1652
f 2514/1471/1656 2516/1474/1657 2512/1472/1654
f 2518/1473/1660 2520/1476/1662 2516/1474/1657
f 2522/1475/1664 2524/1478/1666 2520/1476/1662
f 2526/1477/1667 2528/1480/1668 2524/1478/1666
f 2530/1479/1670 2532/1482/1672 2528/1480/1668
f 2534/1481/1673 2536/1484/1675 2532/1482/1672
f 2538/1483/1677 2540/1486/1678 2536/1484/1675
f 2542/1485/1680 2544/1487/1682 2540/1486/1678
f 2546/1467/1684 2548/1466/1685 2544/1487/1682
f 2550/20/1689 2556/35/1690 2555/36/68
f 2551/14/169 2557/37/168 2556/35/1690
f 2551/14/169 2552/15/171 2558/38/170
f 2553/17/174 2559/40/172 2558/41/170
f 2553/17/174 2554/18/239 2560/42/1691
f 2554/18/239 2549/19/79 2555/36/68
f 2556/35/1690 2562/43/176 2561/44/177
f 2556/35/1690 2557/37/168 2563/45/178
f 2558/38/170 2564/119/180 2563/45/178
f 2558/41/170 2559/40/172 2565/46/179
f 2560/42/1691 2566/48/181 2565/46/179
f 2555/36/68 2561/44/177 2566/48/181
f 2562/43/176 2568/50/182 2567/49/67
f 2563/45/178 2569/52/184 2568/50/182
f 2564/119/180 2570/51/183 2569/52/184
f 2564/47/180 2565/46/179 2571/55/186
f 2565/46/179 2566/48/181 2572/54/185
f 2566/48/181 2561/44/177 2567/49/67
f 2568/50/182 2574/26/187 2573/25/80
f 2569/52/184 2575/27/188 2574/26/187
f 2569/52/184 2570/51/183 2576/21/77
f 2571/55/186 2577/23/190 2576/56/77
f 2571/55/186 2572/54/185 2578/24/189
f 2572/54/185 2567/49/67 2573/25/80
f 2573/25/80 2574/26/187 2580/57/191
f 2574/26/187 2575/27/188 2581/59/193
f 2575/27/188 2576/21/77 2582/120/66
f 2577/23/190 2583/60/194 2582/61/66
f 2578/24/189 2584/62/1692 2583/60/194
f 2578/24/189 2573/25/80 2579/58/192
f 2579/58/192 2580/57/191 2586/65/198
f 2580/57/191 2581/59/193 2587/64/197
f 2581/59/193 2582/120/66 2588/66/199
f 2583/60/194 2589/68/200 2588/67/199
f 2584/62/1692 2590/69/201 2589/68/200
f 2579/58/192 2585/63/196 2590/69/201
f 2586/65/198 2592/72/1693 2591/70/202
f 2587/64/197 2593/71/203 2592/72/1693
f 2587/64/197 2588/66/199 2594/121/65
f 2589/68/200 2595/73/205 2594/74/65
f 2589/68/200 2590/69/201 2596/75/1694
f 2585/63/196 2591/70/202 2596/75/1694
f 2591/70/202 2592/72/1693 2598/33/1695
f 2592/72/1693 2593/71/203 2599/34/208
f 2594/121/65 2600/28/79 2599/34/208
f 2594/74/65 2595/73/205 2601/30/210
f 2596/75/1694 2602/31/243 2601/30/210
f 2591/70/202 2597/32/171 2602/31/243
f 2598/12/1695 2604/77/1696 2603/78/170
f 2599/13/208 2605/79/212 2604/77/1696
f 2599/13/208 2600/2/79 2606/86/68
f 2601/6/210 2607/81/213 2606/82/68
f 2601/6/210 2602/8/243 2608/83/1697
f 2602/8/243 2597/10/171 2603/78/170
f 2604/77/1696 2610/84/215 2609/85/180
f 2604/77/1696 2605/79/212 2611/87/216
f 2605/79/212 2606/86/68 2612/122/177
f 2607/81/213 2613/88/217 2612/89/177
f 2608/83/1697 2614/90/218 2613/88/217
f 2603/78/170 2609/85/180 2614/90/218
f 2610/84/215 2616/91/244 2615/92/183
f 2611/87/216 2617/94/220 2616/91/244
f 2612/122/177 2618/93/67 2617/94/220
f 2612/89/177 2613/88/217 2619/97/222
f 2613/88/217 2614/90/218 2620/96/1698
f 2614/90/218 2609/85/180 2615/92/183
f 2616/91/244 2622/11/223 2621/9/77
f 2617/94/220 2623/3/224 2622/11/223
f 2618/93/67 2624/4/80 2623/3/224
f 2618/95/67 2619/97/222 2625/5/226
f 2619/97/222 2620/96/1698 2626/7/245
f 2615/92/183 2621/9/77 2626/7/245
f 2622/11/223 2628/101/228 2627/99/66
f 2622/11/223 2623/3/224 2629/100/227
f 2624/4/80 2630/108/192 2629/100/227
f 2624/98/80 2625/5/226 2631/102/229
f 2626/7/245 2632/104/230 2631/102/229
f 2621/9/77 2627/99/66 2632/104/230
f 2628/101/228 2634/107/232 2633/105/199
f 2628/101/228 2629/100/227 2635/106/231
f 2629/100/227 2630/108/192 2636/929/196
f 2631/102/229 2637/109/233 2636/110/196
f 2632/104/230 2638/111/234 2637/109/233
f 2632/104/230 2627/99/66 2633/105/199
f 2634/107/232 2640/114/1699 2639/112/65
f 2635/106/231 2641/113/235 2640/114/1699
f 2635/106/231 2636/929/196 2642/115/202
f 2636/110/196 2637/109/233 2643/117/237
f 2637/109/233 2638/111/234 2644/118/1700
f 2633/105/199 2639/112/65 2644/118/1700
f 2639/112/65 2640/114/1699 2550/20/1689
f 2640/114/1699 2641/113/235 2551/14/169
f 2642/115/202 2552/15/171 2551/14/169
f 2642/116/202 2643/117/237 2553/17/174
f 2644/118/1700 2554/18/239 2553/17/174
f 2644/118/1700 2639/112/65 2549/19/79
s 0
usemtl RustCanvas
f 418/123/78 427/124/78 426/125/78
f 419/126/78 418/123/78 426/125/78
f 426/125/78 423/127/78 419/126/78
f 423/127/78 422/128/78 419/126/78
f 427/124/78 418/123/78 417/1/78
f 417/1/78 428/129/78 427/124/78
f 423/127/78 426/125/78 425/130/78
f 425/130/78 424/131/78 423/127/78
f 421/132/78 420/133/78 422/128/78
f 419/126/78 422/128/78 420/133/78
f 436/134/78 435/135/78 468/136/78
f 468/136/78 467/137/78 436/134/78
f 437/138/78 436/134/78 467/137/78
f 466/139/78 437/138/78 467/137/78
f 437/138/78 466/139/78 465/140/78
f 438/141/78 437/138/78 465/140/78
f 465/140/78 464/142/78 438/141/78
f 439/143/78 438/141/78 464/142/78
f 461/144/78 442/145/78 462/146/78
f 471/147/78 431/148/78 472/149/78
f 443/150/78 460/151/78 459/152/78
f 431/148/78 471/147/78 432/153/78
f 470/154/78 432/153/78 471/147/78
f 460/151/78 443/150/78 461/144/78
f 442/145/78 461/144/78 443/150/78
f 432/153/78 470/154/78 433/155/78
f 470/154/78 469/156/78 433/155/78
f 434/157/78 433/155/78 469/156/78
f 435/135/78 434/157/78 469/156/78
f 468/136/78 435/135/78 469/156/78
f 439/143/78 464/142/78 463/158/78
f 440/159/78 439/143/78 463/158/78
f 441/160/78 440/159/78 463/158/78
f 463/158/78 462/146/78 441/160/78
f 462/146/78 442/145/78 441/160/78
f 430/161/78 474/162/78 473/163/78
f 457/164/78 445/165/78 458/22/78
f 444/166/78 458/22/78 445/165/78
f 474/162/78 430/161/78 429/1/78
f 429/1/78 475/167/78 474/162/78
f 456/168/78 446/169/78 457/164/78
f 445/165/78 457/164/78 446/169/78
f 484/170/78 483/171/78 479/172/78
f 483/171/78 482/173/78 479/172/78
f 484/170/78 479/172/78 477/174/78
f 478/175/78 487/129/78 479/172/78
f 479/172/78 482/173/78 478/175/78
f 451/176/78 450/177/78 452/178/78
f 453/179/78 452/178/78 450/177/78
f 450/177/78 449/180/78 453/179/78
f 475/167/78 429/1/78 486/181/78
f 486/181/78 485/182/78 475/167/78
f 476/183/78 475/167/78 485/182/78
f 485/182/78 484/170/78 476/183/78
f 484/170/78 477/174/78 476/183/78
f 453/179/78 449/180/78 454/184/78
f 449/180/78 448/185/78 454/184/78
f 455/186/78 454/184/78 448/185/78
f 448/185/78 447/187/78 455/186/78
f 456/168/78 455/186/78 447/187/78
f 446/169/78 456/168/78 447/187/78
f 430/161/78 473/163/78 431/148/78
f 472/149/78 431/148/78 473/163/78
f 487/129/78 478/175/78 480/188/78
f 481/189/78 480/188/78 478/175/78
f 478/175/78 482/173/78 481/189/78
f 458/22/78 444/166/78 459/152/78
f 443/150/78 459/152/78 444/166/78
f 477/174/78 479/172/78 487/129/78
f 489/190/78 488/1/78 506/29/78
f 506/29/78 505/191/78 489/190/78
f 490/192/78 502/193/78 501/194/78
f 501/194/78 500/22/78 490/192/78
f 500/22/78 498/195/78 490/192/78
f 505/191/78 503/196/78 502/193/78
f 502/193/78 490/192/78 505/191/78
f 489/190/78 505/191/78 490/192/78
f 491/197/78 496/198/78 495/199/78
f 496/198/78 491/197/78 497/200/78
f 499/201/78 497/200/78 491/197/78
f 493/202/78 492/203/78 507/204/78
f 492/203/78 504/205/78 507/204/78
f 494/16/78 504/205/78 495/199/78
f 491/197/78 495/199/78 504/205/78
f 504/205/78 492/203/78 491/197/78
f 505/191/78 506/29/78 510/206/78
f 498/195/78 500/22/78 508/207/78
f 498/195/78 508/207/78 499/201/78
f 490/192/78 498/195/78 499/201/78
f 499/201/78 491/197/78 490/192/78
f 507/204/78 504/205/78 509/208/78
f 497/200/78 499/201/78 508/207/78
f 509/208/78 512/129/78 510/206/78
f 493/202/78 507/204/78 509/208/78
f 506/29/78 488/1/78 510/206/78
f 503/196/78 505/191/78 511/209/78
f 510/206/78 511/209/78 505/191/78
f 511/209/78 510/206/78 512/129/78
f 504/205/78 494/16/78 512/129/78
f 512/129/78 509/208/78 504/205/78
f 516/210/78 515/197/78 517/16/78
f 522/211/78 520/212/78 514/213/78
f 519/200/78 514/213/78 520/212/78
f 517/16/78 515/197/78 514/213/78
f 518/214/78 517/16/78 514/213/78
f 514/213/78 519/200/78 518/214/78
f 523/196/78 521/22/78 513/1/78
f 513/1/78 524/215/78 523/196/78
f 528/216/78 527/208/78 526/217/78
f 528/216/78 526/217/78 513/1/78
f 526/217/78 525/29/78 513/1/78
f 524/215/78 513/1/78 525/29/78
f 522/211/78 514/213/78 513/1/78
f 513/1/78 521/22/78 522/211/78
f 522/211/78 521/22/78 529/129/78
f 521/22/78 523/196/78 529/129/78
f 520/212/78 522/211/78 529/129/78
f 532/218/78 531/219/78 534/220/78
f 534/220/78 531/219/78 530/1/78
f 530/1/78 535/129/78 534/220/78
f 532/218/78 534/220/78 533/221/78
f 537/190/78 536/1/78 554/29/78
f 554/29/78 553/191/78 537/190/78
f 538/192/78 550/193/78 549/194/78
f 549/194/78 548/22/78 538/192/78
f 548/22/78 546/195/78 538/192/78
f 553/191/78 551/196/78 550/193/78
f 550/193/78 538/192/78 553/191/78
f 537/190/78 553/191/78 538/192/78
f 539/197/78 544/198/78 543/199/78
f 544/198/78 539/197/78 545/200/78
f 547/201/78 545/200/78 539/197/78
f 541/202/78 540/203/78 555/204/78
f 540/203/78 552/205/78 555/204/78
f 542/16/78 552/205/78 543/199/78
f 539/197/78 543/199/78 552/205/78
f 552/205/78 540/203/78 539/197/78
f 553/191/78 554/29/78 558/206/78
f 546/195/78 548/22/78 556/207/78
f 546/195/78 556/207/78 547/201/78
f 538/192/78 546/195/78 547/201/78
f 547/201/78 539/197/78 538/192/78
f 555/204/78 552/205/78 557/208/78
f 545/200/78 547/201/78 556/207/78
f 557/208/78 560/129/78 558/206/78
f 541/202/78 555/204/78 557/208/78
f 554/29/78 536/1/78 558/206/78
f 551/196/78 553/191/78 559/209/78
f 558/206/78 559/209/78 553/191/78
f 559/209/78 558/206/78 560/129/78
f 552/205/78 542/16/78 560/129/78
f 560/129/78 557/208/78 552/205/78
f 567/222/78 566/223/78 572/224/78
f 572/224/78 571/225/78 567/222/78
f 568/226/78 567/222/78 571/225/78
f 571/225/78 570/227/78 568/226/78
f 569/228/78 568/226/78 570/227/78
f 593/229/78 592/230/78 617/231/78
f 617/231/78 616/232/78 593/229/78
f 594/233/78 593/229/78 616/232/78
f 616/232/78 615/234/78 594/233/78
f 595/235/78 594/233/78 615/234/78
f 613/236/78 612/237/78 597/238/78
f 575/239/78 564/240/78 563/241/78
f 563/241/78 576/242/78 575/239/78
f 621/243/78 589/244/78 622/245/78
f 564/240/78 575/239/78 574/246/78
f 589/244/78 621/243/78 620/247/78
f 611/248/78 598/249/78 612/237/78
f 597/238/78 612/237/78 598/249/78
f 564/240/78 574/246/78 565/250/78
f 574/246/78 573/251/78 565/250/78
f 566/223/78 565/250/78 573/251/78
f 572/224/78 566/223/78 573/251/78
f 589/244/78 620/247/78 590/252/78
f 620/247/78 619/253/78 590/252/78
f 591/254/78 590/252/78 619/253/78
f 619/253/78 618/255/78 591/254/78
f 592/230/78 591/254/78 618/255/78
f 617/231/78 592/230/78 618/255/78
f 595/235/78 615/234/78 614/256/78
f 596/257/78 595/235/78 614/256/78
f 614/256/78 613/236/78 596/257/78
f 613/236/78 597/238/78 596/257/78
f 562/258/78 578/259/78 577/260/78
f 623/261/78 588/262/78 587/263/78
f 578/259/78 562/258/78 561/1/78
f 561/1/78 579/264/78 578/259/78
f 586/265/78 625/266/78 587/263/78
f 625/266/78 624/267/78 587/263/78
f 623/261/78 587/263/78 624/267/78
f 608/268/78 601/269/78 609/270/78
f 600/271/78 609/270/78 601/269/78
f 634/129/78 633/272/78 580/273/78
f 581/274/78 580/273/78 633/272/78
f 633/272/78 632/275/78 581/274/78
f 582/276/78 581/274/78 632/275/78
f 632/275/78 631/277/78 582/276/78
f 631/277/78 630/278/78 582/276/78
f 583/279/78 582/276/78 630/278/78
f 630/278/78 629/280/78 583/279/78
f 584/281/78 583/279/78 629/280/78
f 629/280/78 628/282/78 584/281/78
f 627/283/78 584/281/78 628/282/78
f 605/284/78 604/285/78 606/286/78
f 579/264/78 561/1/78 634/129/78
f 634/129/78 580/273/78 579/264/78
f 584/281/78 627/283/78 585/287/78
f 627/283/78 626/288/78 585/287/78
f 586/265/78 585/287/78 626/288/78
f 625/266/78 586/265/78 626/288/78
f 606/286/78 604/285/78 607/289/78
f 604/285/78 603/290/78 607/289/78
f 603/290/78 602/291/78 607/289/78
f 608/268/78 607/289/78 602/291/78
f 601/269/78 608/268/78 602/291/78
f 562/258/78 577/260/78 563/241/78
f 576/242/78 563/241/78 577/260/78
f 622/245/78 589/244/78 588/262/78
f 588/262/78 623/261/78 622/245/78
f 609/270/78 600/271/78 610/292/78
f 600/271/78 599/293/78 610/292/78
f 611/248/78 610/292/78 599/293/78
f 598/249/78 611/248/78 599/293/78
f 636/123/85 644/125/85 645/124/85
f 637/126/85 644/125/85 636/123/85
f 644/125/85 637/126/85 641/127/85
f 641/127/85 637/126/85 640/128/85
f 645/124/85 635/1/85 636/123/85
f 635/1/85 645/124/85 646/129/85
f 641/127/85 643/130/85 644/125/85
f 643/130/85 641/127/85 642/131/85
f 639/132/85 640/128/85 638/133/85
f 637/126/85 638/133/85 640/128/85
f 654/134/85 686/136/85 653/135/85
f 686/136/85 654/134/85 685/137/85
f 655/138/85 685/137/85 654/134/85
f 684/139/85 685/137/85 655/138/85
f 655/138/85 683/140/85 684/139/85
f 656/141/85 683/140/85 655/138/85
f 683/140/85 656/141/85 682/142/85
f 657/143/85 682/142/85 656/141/85
f 679/144/85 680/146/85 660/145/85
f 689/147/85 690/149/85 649/148/85
f 661/150/85 677/152/85 678/151/85
f 649/148/85 650/153/85 689/147/85
f 688/154/85 689/147/85 650/153/85
f 678/151/85 679/144/85 661/150/85
f 660/145/85 661/150/85 679/144/85
f 650/153/85 651/155/85 688/154/85
f 688/154/85 651/155/85 687/156/85
f 652/157/85 687/156/85 651/155/85
f 653/135/85 687/156/85 652/157/85
f 686/136/85 687/156/85 653/135/85
f 657/143/85 681/158/85 682/142/85
f 658/159/85 681/158/85 657/143/85
f 659/160/85 681/158/85 658/159/85
f 681/158/85 659/160/85 680/146/85
f 680/146/85 659/160/85 660/145/85
f 648/161/85 691/163/85 692/162/85
f 675/164/85 676/22/85 663/165/85
f 662/166/85 663/165/85 676/22/85
f 692/162/85 647/1/85 648/161/85
f 647/1/85 692/162/85 693/167/85
f 674/168/85 675/164/85 664/169/85
f 663/165/85 664/169/85 675/164/85
f 702/170/85 697/172/85 701/171/85
f 701/171/85 697/172/85 700/173/85
f 702/170/85 695/174/85 697/172/85
f 696/175/85 697/172/85 705/129/85
f 697/172/85 696/175/85 700/173/85
f 669/176/85 670/178/85 668/177/85
f 671/179/85 668/177/85 670/178/85
f 668/177/85 671/179/85 667/180/85
f 693/167/85 704/181/85 647/1/85
f 704/181/85 693/167/85 703/182/85
f 694/183/85 703/182/85 693/167/85
f 703/182/85 694/183/85 702/170/85
f 702/170/85 694/183/85 695/174/85
f 671/179/85 672/184/85 667/180/85
f 667/180/85 672/184/85 666/185/85
f 673/186/85 666/185/85 672/184/85
f 666/185/85 673/186/85 665/187/85
f 674/168/85 665/187/85 673/186/85
f 664/169/85 665/187/85 674/168/85
f 648/161/85 649/148/85 691/163/85
f 690/149/85 691/163/85 649/148/85
f 705/129/85 698/188/85 696/175/85
f 699/189/85 696/175/85 698/188/85
f 696/175/85 699/189/85 700/173/85
f 676/22/85 677/152/85 662/166/85
f 661/150/85 662/166/85 677/152/85
f 695/174/85 705/129/85 697/172/85
f 707/190/85 724/29/85 706/1/85
f 724/29/85 707/190/85 723/191/85
f 708/192/85 719/194/85 720/193/85
f 719/194/85 708/192/85 718/22/85
f 718/22/85 708/192/85 716/195/85
f 723/191/85 720/193/85 721/196/85
f 720/193/85 723/191/85 708/192/85
f 707/190/85 708/192/85 723/191/85
f 709/197/85 713/199/85 714/198/85
f 714/198/85 715/200/85 709/197/85
f 717/201/85 709/197/85 715/200/85
f 711/202/85 725/204/85 710/203/85
f 710/203/85 725/204/85 722/205/85
f 712/16/85 713/199/85 722/205/85
f 709/197/85 722/205/85 713/199/85
f 722/205/85 709/197/85 710/203/85
f 723/191/85 728/206/85 724/29/85
f 716/195/85 726/207/85 718/22/85
f 716/195/85 717/201/85 726/207/85
f 708/192/85 717/201/85 716/195/85
f 717/201/85 708/192/85 709/197/85
f 725/204/85 727/208/85 722/205/85
f 715/200/85 726/207/85 717/201/85
f 727/208/85 728/206/85 730/129/85
f 711/202/85 727/208/85 725/204/85
f 724/29/85 728/206/85 706/1/85
f 721/196/85 729/209/85 723/191/85
f 728/206/85 723/191/85 729/209/85
f 729/209/85 730/129/85 728/206/85
f 722/205/85 730/129/85 712/16/85
f 730/129/85 722/205/85 727/208/85
f 734/210/85 735/16/85 733/197/85
f 740/211/85 732/213/85 738/212/85
f 737/200/85 738/212/85 732/213/85
f 735/16/85 732/213/85 733/197/85
f 736/214/85 732/213/85 735/16/85
f 732/213/85 736/214/85 737/200/85
f 741/196/85 731/1/85 739/22/85
f 731/1/85 741/196/85 742/215/85
f 746/216/85 744/217/85 745/208/85
f 746/216/85 731/1/85 744/217/85
f 744/217/85 731/1/85 743/29/85
f 742/215/85 743/29/85 731/1/85
f 740/211/85 731/1/85 732/213/85
f 731/1/85 740/211/85 739/22/85
f 740/211/85 747/129/85 739/22/85
f 739/22/85 747/129/85 741/196/85
f 738/212/85 747/129/85 740/211/85
f 750/218/85 752/220/85 749/219/85
f 752/220/85 748/1/85 749/219/85
f 748/1/85 752/220/85 753/129/85
f 750/218/85 751/221/85 752/220/85
f 755/190/85 772/29/85 754/1/85
f 772/29/85 755/190/85 771/191/85
f 756/192/85 767/194/85 768/193/85
f 767/194/85 756/192/85 766/22/85
f 766/22/85 756/192/85 764/195/85
f 771/191/85 768/193/85 769/196/85
f 768/193/85 771/191/85 756/192/85
f 755/190/85 756/192/85 771/191/85
f 757/197/85 761/199/85 762/198/85
f 762/198/85 763/200/85 757/197/85
f 765/201/85 757/197/85 763/200/85
f 759/202/85 773/204/85 758/203/85
f 758/203/85 773/204/85 770/205/85
f 760/16/85 761/199/85 770/205/85
f 757/197/85 770/205/85 761/199/85
f 770/205/85 757/197/85 758/203/85
f 771/191/85 776/206/85 772/29/85
f 764/195/85 774/207/85 766/22/85
f 764/195/85 765/201/85 774/207/85
f 756/192/85 765/201/85 764/195/85
f 765/201/85 756/192/85 757/197/85
f 773/204/85 775/208/85 770/205/85
f 763/200/85 774/207/85 765/201/85
f 775/208/85 776/206/85 778/129/85
f 759/202/85 775/208/85 773/204/85
f 772/29/85 776/206/85 754/1/85
f 769/196/85 777/209/85 771/191/85
f 776/206/85 771/191/85 777/209/85
f 777/209/85 778/129/85 776/206/85
f 770/205/85 778/129/85 760/16/85
f 778/129/85 770/205/85 775/208/85
f 785/222/85 790/224/85 784/223/85
f 790/224/85 785/222/85 789/225/85
f 786/226/85 789/225/85 785/222/85
f 789/225/85 786/226/85 788/227/85
f 787/228/85 788/227/85 786/226/85
f 811/229/85 835/231/85 810/230/85
f 835/231/85 811/229/85 834/232/85
f 812/233/85 834/232/85 811/229/85
f 834/232/85 812/233/85 833/234/85
f 813/235/85 833/234/85 812/233/85
f 831/236/85 815/238/85 830/237/85
f 793/239/85 781/241/85 782/240/85
f 781/241/85 793/239/85 794/242/85
f 839/243/85 840/245/85 807/244/85
f 782/240/85 792/246/85 793/239/85
f 807/244/85 838/247/85 839/243/85
f 829/248/85 830/237/85 816/249/85
f 815/238/85 816/249/85 830/237/85
f 782/240/85 783/250/85 792/246/85
f 792/246/85 783/250/85 791/251/85
f 784/223/85 791/251/85 783/250/85
f 790/224/85 791/251/85 784/223/85
f 807/244/85 808/252/85 838/247/85
f 838/247/85 808/252/85 837/253/85
f 809/254/85 837/253/85 808/252/85
f 837/253/85 809/254/85 836/255/85
f 810/230/85 836/255/85 809/254/85
f 835/231/85 836/255/85 810/230/85
f 813/235/85 832/256/85 833/234/85
f 814/257/85 832/256/85 813/235/85
f 832/256/85 814/257/85 831/236/85
f 831/236/85 814/257/85 815/238/85
f 780/258/85 795/260/85 796/259/85
f 841/261/85 805/263/85 806/262/85
f 796/259/85 779/1/85 780/258/85
f 779/1/85 796/259/85 797/264/85
f 804/265/85 805/263/85 843/266/85
f 843/266/85 805/263/85 842/267/85
f 841/261/85 842/267/85 805/263/85
f 826/268/85 827/270/85 819/269/85
f 818/271/85 819/269/85 827/270/85
f 852/129/85 798/273/85 851/272/85
f 799/274/85 851/272/85 798/273/85
f 851/272/85 799/274/85 850/275/85
f 800/276/85 850/275/85 799/274/85
f 850/275/85 800/276/85 849/277/85
f 849/277/85 800/276/85 848/278/85
f 801/279/85 848/278/85 800/276/85
f 848/278/85 801/279/85 847/280/85
f 802/281/85 847/280/85 801/279/85
f 847/280/85 802/281/85 846/282/85
f 845/283/85 846/282/85 802/281/85
f 823/284/85 824/286/85 822/285/85
f 797/264/85 852/129/85 779/1/85
f 852/129/85 797/264/85 798/273/85
f 802/281/85 803/287/85 845/283/85
f 845/283/85 803/287/85 844/288/85
f 804/265/85 844/288/85 803/287/85
f 843/266/85 844/288/85 804/265/85
f 824/286/85 825/289/85 822/285/85
f 822/285/85 825/289/85 821/290/85
f 821/290/85 825/289/85 820/291/85
f 826/268/85 820/291/85 825/289/85
f 819/269/85 820/291/85 826/268/85
f 780/258/85 781/241/85 795/260/85
f 794/242/85 795/260/85 781/241/85
f 840/245/85 806/262/85 807/244/85
f 806/262/85 840/245/85 841/261/85
f 827/270/85 828/292/85 818/271/85
f 818/271/85 828/292/85 817/293/85
f 829/248/85 817/293/85 828/292/85
f 816/249/85 817/293/85 829/248/85
s 1
f 862/294/247 853/1/248 854/295/249
f 863/296/250 854/295/249 855/297/251
f 864/298/252 855/297/251 856/299/253
f 865/300/254 856/299/253 857/301/255
f 858/302/256 865/300/254 857/301/255
f 859/303/257 866/304/258 858/302/256
f 860/2/259 867/305/260 859/303/257
f 870/306/261 861/307/262 862/294/247
f 871/308/263 862/294/247 863/296/250
f 872/309/264 863/296/250 864/298/252
f 873/310/265 864/298/252 865/300/254
f 866/304/258 873/310/265 865/300/254
f 867/305/260 874/311/266 866/304/258
f 868/312/267 875/313/268 867/305/260
f 870/306/261 877/314/269 869/315/270
f 871/308/263 878/316/271 870/306/261
f 872/309/264 879/317/272 871/308/263
f 881/318/273 872/309/264 873/310/265
f 882/319/274 873/310/265 874/311/266
f 883/320/275 874/311/266 875/313/268
f 884/321/276 875/313/268 876/322/277
f 878/316/271 885/323/278 877/314/269
f 879/317/272 886/324/279 878/316/271
f 880/325/280 887/326/281 879/317/272
f 889/327/282 880/325/280 881/318/273
f 890/328/283 881/318/273 882/319/274
f 891/329/284 882/319/274 883/320/275
f 892/330/285 883/320/275 884/321/276
f 886/324/279 893/331/286 885/323/278
f 887/326/281 894/332/287 886/324/279
f 888/333/288 895/334/289 887/326/281
f 897/335/290 888/333/288 889/327/282
f 898/336/291 889/327/282 890/328/283
f 899/337/292 890/328/283 891/329/284
f 900/338/293 891/329/284 892/330/285
f 894/332/287 901/339/294 893/331/286
f 895/334/289 902/340/295 894/332/287
f 896/341/296 903/342/297 895/334/289
f 905/343/298 896/341/296 897/335/290
f 906/344/299 897/335/290 898/336/291
f 907/345/300 898/336/291 899/337/292
f 908/346/301 899/337/292 900/338/293
f 910/347/302 901/339/294 902/340/295
f 911/348/303 902/340/295 903/342/297
f 912/349/304 903/342/297 904/350/305
f 913/351/306 904/350/305 905/343/298
f 906/344/299 913/351/306 905/343/298
f 907/345/300 914/352/307 906/344/299
f 908/346/301 915/353/308 907/345/300
f 910/347/302 917/354/309 909/355/310
f 911/348/303 918/356/311 910/347/302
f 912/349/304 919/357/312 911/348/303
f 921/358/313 912/349/304 913/351/306
f 922/359/314 913/351/306 914/352/307
f 923/360/315 914/352/307 915/353/308
f 924/361/316 915/353/308 916/362/317
f 926/363/318 917/354/309 918/356/311
f 927/364/319 918/356/311 919/357/312
f 928/365/320 919/357/312 920/366/321
f 929/367/322 920/366/321 921/358/313
f 922/359/314 929/367/322 921/358/313
f 923/360/315 930/368/323 922/359/314
f 924/361/316 931/369/324 923/360/315
f 934/370/325 925/371/326 926/363/318
f 935/372/327 926/363/318 927/364/319
f 936/373/328 927/364/319 928/365/320
f 937/374/329 928/365/320 929/367/322
f 930/368/323 937/374/329 929/367/322
f 931/369/324 938/375/330 930/368/323
f 932/376/331 939/377/332 931/369/324
f 934/370/325 941/378/333 933/379/334
f 935/372/327 942/380/335 934/370/325
f 936/373/328 943/381/336 935/372/327
f 945/382/337 936/373/328 937/374/329
f 946/383/338 937/374/329 938/375/330
f 947/384/339 938/375/330 939/377/332
f 948/385/340 939/377/332 940/386/341
f 942/380/335 949/387/342 941/378/333
f 943/381/336 950/388/343 942/380/335
f 944/389/344 951/390/345 943/381/336
f 953/391/346 944/389/344 945/382/337
f 954/392/347 945/382/337 946/383/338
f 955/393/348 946/383/338 947/384/339
f 956/394/349 947/384/339 948/385/340
f 950/388/343 957/395/350 949/387/342
f 951/390/345 958/396/351 950/388/343
f 952/397/352 959/398/353 951/390/345
f 961/399/354 952/397/352 953/391/346
f 962/400/355 953/391/346 954/392/347
f 963/401/356 954/392/347 955/393/348
f 964/402/357 955/393/348 956/394/349
f 958/396/351 965/403/358 957/395/350
f 959/398/353 966/404/359 958/396/351
f 960/405/360 967/406/361 959/398/353
f 969/407/362 960/405/360 961/399/354
f 970/408/363 961/399/354 962/400/355
f 971/409/364 962/400/355 963/401/356
f 972/410/365 963/401/356 964/402/357
f 966/404/359 973/411/366 965/403/358
f 967/406/361 974/412/367 966/404/359
f 968/413/368 975/414/369 967/406/361
f 977/415/370 968/413/368 969/407/362
f 978/416/371 969/407/362 970/408/363
f 979/417/372 970/408/363 971/409/364
f 980/418/373 971/409/364 972/410/365
f 982/419/374 973/411/366 974/412/367
f 983/420/375 974/412/367 975/414/369
f 984/421/376 975/414/369 976/422/377
f 985/423/378 976/422/377 977/415/370
f 978/416/371 985/423/378 977/415/370
f 979/417/372 986/424/379 978/416/371
f 980/418/373 987/425/380 979/417/372
f 990/426/381 981/427/382 982/419/374
f 991/428/383 982/419/374 983/420/375
f 992/429/384 983/420/375 984/421/376
f 993/430/385 984/421/376 985/423/378
f 986/424/379 993/430/385 985/423/378
f 987/425/380 994/431/386 986/424/379
f 988/432/387 995/433/388 987/425/380
f 998/434/389 989/435/390 990/426/381
f 999/436/391 990/426/381 991/428/383
f 1000/437/392 991/428/383 992/429/384
f 1001/438/393 992/429/384 993/430/385
f 994/431/386 1001/438/393 993/430/385
f 995/433/388 1002/439/394 994/431/386
f 996/440/395 1003/441/396 995/433/388
f 1006/442/397 997/443/398 998/434/389
f 1007/444/399 998/434/389 999/436/391
f 1008/445/400 999/436/391 1000/437/392
f 1009/446/401 1000/437/392 1001/438/393
f 1002/439/394 1009/446/401 1001/438/393
f 1003/441/396 1010/447/402 1002/439/394
f 1004/448/403 1011/449/404 1003/441/396
f 1014/450/405 1005/451/406 1006/442/397
f 1015/452/407 1006/442/397 1007/444/399
f 1016/453/408 1007/444/399 1008/445/400
f 1017/454/409 1008/445/400 1009/446/401
f 1010/447/402 1017/454/409 1009/446/401
f 1011/449/404 1018/455/410 1010/447/402
f 1012/456/411 1019/457/412 1011/449/404
f 1014/450/405 1021/458/413 1013/459/414
f 1015/452/407 1022/460/415 1014/450/405
f 1016/453/408 1023/461/416 1015/452/407
f 1025/462/417 1016/453/408 1017/454/409
f 1026/463/418 1017/454/409 1018/455/410
f 1027/464/419 1018/455/410 1019/457/412
f 1028/465/420 1019/457/412 1020/466/421
f 1030/467/422 1021/458/413 1022/460/415
f 1031/468/423 1022/460/415 1023/461/416
f 1032/469/424 1023/461/416 1024/470/425
f 1033/471/426 1024/470/425 1025/462/417
f 1026/463/418 1033/471/426 1025/462/417
f 1027/464/419 1034/472/427 1026/463/418
f 1028/465/420 1035/473/428 1027/464/419
f 1030/467/422 1037/474/429 1029/475/430
f 1031/468/423 1038/476/431 1030/467/422
f 1032/469/424 1039/477/432 1031/468/423
f 1041/478/433 1032/469/424 1033/471/426
f 1042/479/434 1033/471/426 1034/472/427
f 1043/480/435 1034/472/427 1035/473/428
f 1044/481/436 1035/473/428 1036/482/437
f 1038/476/431 1045/483/438 1037/474/429
f 1039/477/432 1046/484/439 1038/476/431
f 1040/485/440 1047/486/441 1039/477/432
f 1049/487/442 1040/485/440 1041/478/433
f 1050/488/443 1041/478/433 1042/479/434
f 1051/489/444 1042/479/434 1043/480/435
f 1052/490/445 1043/480/435 1044/481/436
f 1046/484/439 1053/491/446 1045/483/438
f 1047/486/441 1054/492/447 1046/484/439
f 1048/493/448 1055/494/449 1047/486/441
f 1057/495/450 1048/493/448 1049/487/442
f 1058/496/451 1049/487/442 1050/488/443
f 1059/497/452 1050/488/443 1051/489/444
f 1060/498/453 1051/489/444 1052/490/445
f 1054/492/447 1061/499/454 1053/491/446
f 1055/494/449 1062/500/455 1054/492/447
f 1056/501/456 1063/502/457 1055/494/449
f 1065/503/458 1056/501/456 1057/495/450
f 1066/504/459 1057/495/450 1058/496/451
f 1067/505/460 1058/496/451 1059/497/452
f 1068/506/461 1059/497/452 1060/498/453
f 1062/500/455 1069/507/462 1061/499/454
f 1063/502/457 1070/508/463 1062/500/455
f 1064/509/464 1071/510/465 1063/502/457
f 1073/511/466 1064/509/464 1065/503/458
f 1074/512/467 1065/503/458 1066/504/459
f 1075/513/468 1066/504/459 1067/505/460
f 1076/514/469 1067/505/460 1068/506/461
f 1070/508/463 1077/515/470 1069/507/462
f 1071/510/465 1078/516/471 1070/508/463
f 1072/517/472 1079/518/473 1071/510/465
f 1081/519/474 1072/517/472 1073/511/466
f 1082/520/475 1073/511/466 1074/512/467
f 1083/521/476 1074/512/467 1075/513/468
f 1084/522/477 1075/513/468 1076/514/469
f 1078/516/471 1085/523/478 1077/515/470
f 1079/518/473 1086/524/479 1078/516/471
f 1080/525/480 1087/526/481 1079/518/473
f 1089/527/482 1080/525/480 1081/519/474
f 1090/528/483 1081/519/474 1082/520/475
f 1091/529/484 1082/520/475 1083/521/476
f 1092/530/485 1083/521/476 1084/522/477
f 1086/524/479 1093/531/486 1085/523/478
f 1087/526/481 1094/532/487 1086/524/479
f 1088/533/488 1095/534/489 1087/526/481
f 1097/535/490 1088/533/488 1089/527/482
f 1098/536/491 1089/527/482 1090/528/483
f 1099/537/492 1090/528/483 1091/529/484
f 1100/538/493 1091/529/484 1092/530/485
f 1094/532/487 1101/539/494 1093/531/486
f 1095/534/489 1102/540/495 1094/532/487
f 1096/541/496 1103/542/497 1095/534/489
f 1105/543/498 1096/541/496 1097/535/490
f 1106/544/499 1097/535/490 1098/536/491
f 1107/545/500 1098/536/491 1099/537/492
f 1108/546/501 1099/537/492 1100/538/493
f 1110/547/502 1101/539/494 1102/540/495
f 1111/548/503 1102/540/495 1103/542/497
f 1112/549/504 1103/542/497 1104/550/505
f 1113/551/506 1104/550/505 1105/543/498
f 1106/544/499 1113/551/506 1105/543/498
f 1107/545/500 1114/552/507 1106/544/499
f 1108/546/501 1115/553/508 1107/545/500
f 1118/554/509 1109/555/510 1110/547/502
f 1119/556/511 1110/547/502 1111/548/503
f 1120/557/512 1111/548/503 1112/549/504
f 1121/558/513 1112/549/504 1113/551/506
f 1114/552/507 1121/558/513 1113/551/506
f 1115/553/508 1122/559/514 1114/552/507
f 1116/560/515 1123/561/516 1115/553/508
f 1126/562/517 1117/563/518 1118/554/509
f 1127/564/519 1118/554/509 1119/556/511
f 1128/565/520 1119/556/511 1120/557/512
f 1129/566/521 1120/557/512 1121/558/513
f 1122/559/514 1129/566/521 1121/558/513
f 1123/561/516 1130/567/522 1122/559/514
f 1124/568/523 1131/569/524 1123/561/516
f 1134/570/525 1125/571/526 1126/562/517
f 1135/572/527 1126/562/517 1127/564/519
f 1136/573/528 1127/564/519 1128/565/520
f 1137/574/529 1128/565/520 1129/566/521
f 1130/567/522 1137/574/529 1129/566/521
f 1131/569/524 1138/575/530 1130/567/522
f 1132/576/531 1139/577/532 1131/569/524
f 1142/578/533 1133/579/534 1134/570/525
f 1143/580/535 1134/570/525 1135/572/527
f 1144/581/536 1135/572/527 1136/573/528
f 1145/582/537 1136/573/528 1137/574/529
f 1138/575/530 1145/582/537 1137/574/529
f 1139/577/532 1146/583/538 1138/575/530
f 1140/584/539 1147/585/540 1139/577/532
f 1150/586/541 1141/587/542 1142/578/533
f 1151/588/543 1142/578/533 1143/580/535
f 1152/589/544 1143/580/535 1144/581/536
f 1153/590/545 1144/581/536 1145/582/537
f 1146/583/538 1153/590/545 1145/582/537
f 1147/585/540 1154/591/546 1146/583/538
f 1148/592/547 1155/593/548 1147/585/540
f 1158/594/549 1149/22/550 1150/586/541
f 1159/595/551 1150/586/541 1151/588/543
f 1160/596/552 1151/588/543 1152/589/544
f 1161/597/553 1152/589/544 1153/590/545
f 1154/591/546 1161/597/553 1153/590/545
f 1155/593/548 1162/598/554 1154/591/546
f 1156/15/555 1163/599/556 1155/593/548
f 1158/594/549 1165/600/557 1157/601/558
f 1159/595/551 1166/602/559 1158/594/549
f 1160/596/552 1167/603/560 1159/595/551
f 1169/604/561 1160/596/552 1161/597/553
f 1170/605/562 1161/597/553 1162/598/554
f 1171/606/563 1162/598/554 1163/599/556
f 1172/607/564 1163/599/556 1164/608/565
f 1166/602/559 1173/609/566 1165/600/557
f 1167/603/560 1174/610/567 1166/602/559
f 1168/611/568 1175/612/569 1167/603/560
f 1177/613/570 1168/611/568 1169/604/561
f 1178/614/571 1169/604/561 1170/605/562
f 1179/615/572 1170/605/562 1171/606/563
f 1180/616/573 1171/606/563 1172/607/564
f 1174/610/567 1181/617/574 1173/609/566
f 1175/612/569 1182/618/575 1174/610/567
f 1176/619/576 1183/620/577 1175/612/569
f 1185/621/578 1176/619/576 1177/613/570
f 1186/622/579 1177/613/570 1178/614/571
f 1187/623/580 1178/614/571 1179/615/572
f 1188/624/581 1179/615/572 1180/616/573
f 1182/618/575 1189/625/582 1181/617/574
f 1183/620/577 1190/626/583 1182/618/575
f 1184/627/584 1191/628/585 1183/620/577
f 1193/629/586 1184/627/584 1185/621/578
f 1194/630/587 1185/621/578 1186/622/579
f 1195/631/588 1186/622/579 1187/623/580
f 1196/632/589 1187/623/580 1188/624/581
f 1190/626/583 1197/633/590 1189/625/582
f 1191/628/585 1198/634/591 1190/626/583
f 1192/635/592 1199/636/593 1191/628/585
f 1201/637/594 1192/635/592 1193/629/586
f 1202/638/595 1193/629/586 1194/630/587
f 1203/639/596 1194/630/587 1195/631/588
f 1204/640/597 1195/631/588 1196/632/589
f 1198/634/591 1205/641/598 1197/633/590
f 1199/636/593 1206/642/599 1198/634/591
f 1200/643/600 1207/644/601 1199/636/593
f 1209/645/602 1200/643/600 1201/637/594
f 1210/646/603 1201/637/594 1202/638/595
f 1211/647/604 1202/638/595 1203/639/596
f 1212/648/605 1203/639/596 1204/640/597
f 1214/649/606 1205/641/598 1206/642/599
f 1215/650/607 1206/642/599 1207/644/601
f 1216/651/608 1207/644/601 1208/652/609
f 1217/653/610 1208/652/609 1209/645/602
f 1210/646/603 1217/653/610 1209/645/602
f 1211/647/604 1218/654/611 1210/646/603
f 1212/648/605 1219/655/612 1211/647/604
f 1222/656/613 1213/657/614 1214/649/606
f 1223/658/615 1214/649/606 1215/650/607
f 1224/659/616 1215/650/607 1216/651/608
f 1225/660/617 1216/651/608 1217/653/610
f 1218/654/611 1225/660/617 1217/653/610
f 1219/655/612 1226/661/618 1218/654/611
f 1220/662/619 1227/663/620 1219/655/612
f 1222/656/613 1229/664/621 1221/665/622
f 1223/658/615 1230/666/623 1222/656/613
f 1224/659/616 1231/667/624 1223/658/615
f 1233/668/625 1224/659/616 1225/660/617
f 1234/669/626 1225/660/617 1226/661/618
f 1235/670/627 1226/661/618 1227/663/620
f 1236/671/628 1227/663/620 1228/672/629
f 1230/666/623 1237/673/630 1229/664/621
f 1231/667/624 1238/674/631 1230/666/623
f 1232/675/632 1239/676/633 1231/667/624
f 1241/677/634 1232/675/632 1233/668/625
f 1242/678/635 1233/668/625 1234/669/626
f 1243/679/636 1234/669/626 1235/670/627
f 1244/680/637 1235/670/627 1236/671/628
f 1238/674/631 1245/681/638 1237/673/630
f 1239/676/633 1246/682/639 1238/674/631
f 1240/683/640 1247/684/641 1239/676/633
f 1249/685/642 1240/683/640 1241/677/634
f 1250/686/643 1241/677/634 1242/678/635
f 1251/687/644 1242/678/635 1243/679/636
f 1252/688/645 1243/679/636 1244/680/637
f 1246/682/639 1253/689/646 1245/681/638
f 1247/684/641 1254/690/647 1246/682/639
f 1248/691/648 1255/692/649 1247/684/641
f 1257/693/650 1248/691/648 1249/685/642
f 1258/694/651 1249/685/642 1250/686/643
f 1259/695/652 1250/686/643 1251/687/644
f 1260/696/653 1251/687/644 1252/688/645
f 1262/697/654 1253/689/646 1254/690/647
f 1263/698/655 1254/690/647 1255/692/649
f 1264/699/656 1255/692/649 1256/700/657
f 1265/701/658 1256/700/657 1257/693/650
f 1258/694/651 1265/701/658 1257/693/650
f 1259/695/652 1266/702/659 1258/694/651
f 1260/696/653 1267/703/660 1259/695/652
f 1270/704/661 1261/705/662 1262/697/654
f 1271/706/663 1262/697/654 1263/698/655
f 1272/707/664 1263/698/655 1264/699/656
f 1273/708/665 1264/699/656 1265/701/658
f 1266/702/659 1273/708/665 1265/701/658
f 1267/703/660 1274/709/666 1266/702/659
f 1268/710/667 1275/711/668 1267/703/660
f 1278/712/669 1269/713/670 1270/704/661
f 1279/714/671 1270/704/661 1271/706/663
f 1280/715/672 1271/706/663 1272/707/664
f 1281/716/673 1272/707/664 1273/708/665
f 1274/709/666 1281/716/673 1273/708/665
f 1275/711/668 1282/717/674 1274/709/666
f 1276/718/675 1283/719/676 1275/711/668
f 1286/720/677 1277/721/678 1278/712/669
f 1287/722/679 1278/712/669 1279/714/671
f 1288/723/680 1279/714/671 1280/715/672
f 1289/724/681 1280/715/672 1281/716/673
f 1282/717/674 1289/724/681 1281/716/673
f 1283/719/676 1290/725/682 1282/717/674
f 1284/726/683 1291/727/684 1283/719/676
f 1286/720/677 1293/728/685 1285/729/686
f 1287/722/679 1294/730/687 1286/720/677
f 1288/723/680 1295/731/688 1287/722/679
f 1297/732/689 1288/723/680 1289/724/681
f 1298/733/690 1289/724/681 1290/725/682
f 1299/734/691 1290/725/682 1291/727/684
f 1300/735/692 1291/727/684 1292/736/693
f 1302/737/694 1293/728/685 1294/730/687
f 1303/738/695 1294/730/687 1295/731/688
f 1304/739/696 1295/731/688 1296/740/697
f 1305/741/698 1296/740/697 1297/732/689
f 1298/733/690 1305/741/698 1297/732/689
f 1299/734/691 1306/742/699 1298/733/690
f 1300/735/692 1307/743/700 1299/734/691
f 1302/737/694 1309/744/701 1301/745/702
f 1303/738/695 1310/746/703 1302/737/694
f 1304/739/696 1311/747/704 1303/738/695
f 1313/748/705 1304/739/696 1305/741/698
f 1314/749/706 1305/741/698 1306/742/699
f 1315/750/707 1306/742/699 1307/743/700
f 1316/751/708 1307/743/700 1308/752/709
f 1310/746/703 1317/753/710 1309/744/701
f 1311/747/704 1318/754/711 1310/746/703
f 1312/755/712 1319/756/713 1311/747/704
f 1321/757/714 1312/755/712 1313/748/705
f 1322/758/715 1313/748/705 1314/749/706
f 1323/759/716 1314/749/706 1315/750/707
f 1324/760/717 1315/750/707 1316/751/708
f 1318/754/711 1325/761/718 1317/753/710
f 1319/756/713 1326/762/719 1318/754/711
f 1320/763/720 1327/764/721 1319/756/713
f 1329/765/722 1320/763/720 1321/757/714
f 1330/766/723 1321/757/714 1322/758/715
f 1331/767/724 1322/758/715 1323/759/716
f 1332/768/725 1323/759/716 1324/760/717
f 1326/762/719 1333/769/726 1325/761/718
f 1327/764/721 1334/770/727 1326/762/719
f 1328/771/728 1335/772/729 1327/764/721
f 1337/773/730 1328/771/728 1329/765/722
f 1338/774/731 1329/765/722 1330/766/723
f 1339/775/732 1330/766/723 1331/767/724
f 1340/776/733 1331/767/724 1332/768/725
f 1334/770/727 1341/777/734 1333/769/726
f 1335/772/729 1342/778/735 1334/770/727
f 1336/779/736 1343/780/737 1335/772/729
f 1345/781/738 1336/779/736 1337/773/730
f 1346/782/739 1337/773/730 1338/774/731
f 1347/783/740 1338/774/731 1339/775/732
f 1348/784/741 1339/775/732 1340/776/733
f 1342/778/735 1349/785/742 1341/777/734
f 1343/780/737 1350/786/743 1342/778/735
f 1344/787/744 1351/788/745 1343/780/737
f 1353/789/746 1344/787/744 1345/781/738
f 1354/790/747 1345/781/738 1346/782/739
f 1355/791/748 1346/782/739 1347/783/740
f 1356/792/749 1347/783/740 1348/784/741
f 1350/786/743 1357/793/750 1349/785/742
f 1351/788/745 1358/794/751 1350/786/743
f 1352/795/752 1359/796/753 1351/788/745
f 1361/797/754 1352/795/752 1353/789/746
f 1362/798/755 1353/789/746 1354/790/747
f 1363/799/756 1354/790/747 1355/791/748
f 1364/800/757 1355/791/748 1356/792/749
f 1358/794/751 1365/801/758 1357/793/750
f 1359/796/753 1366/802/759 1358/794/751
f 1360/803/760 1367/804/761 1359/796/753
f 1369/805/762 1360/803/760 1361/797/754
f 1370/806/763 1361/797/754 1362/798/755
f 1371/807/764 1362/798/755 1363/799/756
f 1372/808/765 1363/799/756 1364/800/757
f 1366/802/759 1373/809/766 1365/801/758
f 1367/804/761 1374/810/767 1366/802/759
f 1368/811/768 1375/812/769 1367/804/761
f 1377/813/770 1368/811/768 1369/805/762
f 1378/814/771 1369/805/762 1370/806/763
f 1379/815/772 1370/806/763 1371/807/764
f 1380/816/773 1371/807/764 1372/808/765
f 1374/810/767 1381/817/774 1373/809/766
f 1375/812/769 1382/818/775 1374/810/767
f 1376/819/776 1383/820/777 1375/812/769
f 1385/821/778 1376/819/776 1377/813/770
f 1386/822/779 1377/813/770 1378/814/771
f 1387/823/780 1378/814/771 1379/815/772
f 1388/824/781 1379/815/772 1380/816/773
f 1382/818/775 1389/825/782 1381/817/774
f 1383/820/777 1390/826/783 1382/818/775
f 1384/827/784 1391/828/785 1383/820/777
f 1393/829/786 1384/827/784 1385/821/778
f 1394/830/787 1385/821/778 1386/822/779
f 1395/831/788 1386/822/779 1387/823/780
f 1396/832/789 1387/823/780 1388/824/781
f 1390/826/783 1397/833/790 1389/825/782
f 1391/828/785 1398/834/791 1390/826/783
f 1392/835/792 1399/836/793 1391/828/785
f 1401/837/794 1392/835/792 1393/829/786
f 1402/838/795 1393/829/786 1394/830/787
f 1403/839/796 1394/830/787 1395/831/788
f 1404/840/797 1395/831/788 1396/832/789
f 1398/834/791 1405/841/798 1397/833/790
f 1399/836/793 1406/842/799 1398/834/791
f 1400/843/800 1407/844/801 1399/836/793
f 1409/845/802 1400/843/800 1401/837/794
f 1410/846/803 1401/837/794 1402/838/795
f 1411/847/804 1402/838/795 1403/839/796
f 1412/848/805 1403/839/796 1404/840/797
f 1414/849/806 1405/841/798 1406/842/799
f 1415/850/807 1406/842/799 1407/844/801
f 1416/851/808 1407/844/801 1408/852/809
f 1417/853/810 1408/852/809 1409/845/802
f 1410/846/803 1417/853/810 1409/845/802
f 1411/847/804 1418/854/811 1410/846/803
f 1412/848/805 1419/855/812 1411/847/804
f 1414/849/806 1421/856/813 1413/857/814
f 1415/850/807 1422/858/815 1414/849/806
f 1416/851/808 1423/859/816 1415/850/807
f 1425/860/817 1416/851/808 1417/853/810
f 1426/861/818 1417/853/810 1418/854/811
f 1427/862/819 1418/854/811 1419/855/812
f 1428/863/820 1419/855/812 1420/864/821
f 1422/858/815 1429/865/822 1421/856/813
f 1423/859/816 1430/866/823 1422/858/815
f 1424/867/824 1431/868/825 1423/859/816
f 1433/869/826 1424/867/824 1425/860/817
f 1434/870/827 1425/860/817 1426/861/818
f 1435/871/828 1426/861/818 1427/862/819
f 1436/872/829 1427/862/819 1428/863/820
f 1438/873/830 1429/865/822 1430/866/823
f 1439/874/831 1430/866/823 1431/868/825
f 1440/875/832 1431/868/825 1432/876/833
f 1441/877/834 1432/876/833 1433/869/826
f 1434/870/827 1441/877/834 1433/869/826
f 1435/871/828 1442/878/835 1434/870/827
f 1436/872/829 1443/879/836 1435/871/828
f 854/880/249 1437/881/837 1438/873/830
f 855/882/251 1438/873/830 1439/874/831
f 856/883/253 1439/874/831 1440/875/832
f 857/884/255 1440/875/832 1441/877/834
f 1442/878/835 857/884/255 1441/877/834
f 1443/879/836 858/885/256 1442/878/835
f 1444/886/838 859/887/257 1443/879/836
f 1446/295/839 1453/213/840 1445/1/841
f 1447/297/842 1454/888/843 1446/295/839
f 1448/299/844 1455/889/845 1447/297/842
f 1457/890/846 1448/299/844 1449/301/847
f 1458/891/848 1449/301/847 1450/302/849
f 1459/892/850 1450/302/849 1451/303/851
f 1460/86/852 1451/303/851 1452/2/853
f 1462/893/854 1453/213/840 1454/888/843
f 1463/894/855 1454/888/843 1455/889/845
f 1464/895/856 1455/889/845 1456/896/857
f 1457/890/846 1464/895/856 1456/896/857
f 1458/891/848 1465/897/858 1457/890/846
f 1459/892/850 1466/898/859 1458/891/848
f 1460/86/852 1467/899/860 1459/892/850
f 1470/900/861 1461/197/862 1462/893/854
f 1471/901/863 1462/893/854 1463/894/855
f 1472/902/864 1463/894/855 1464/895/856
f 1473/903/865 1464/895/856 1465/897/858
f 1466/898/859 1473/903/865 1465/897/858
f 1467/899/860 1474/904/866 1466/898/859
f 1468/122/867 1475/905/868 1467/899/860
f 1470/900/861 1477/16/869 1469/210/870
f 1471/901/863 1478/906/871 1470/900/861
f 1472/902/864 1479/907/872 1471/901/863
f 1481/908/873 1472/902/864 1473/903/865
f 1482/909/874 1473/903/865 1474/904/866
f 1483/910/875 1474/904/866 1475/905/868
f 1484/4/876 1475/905/868 1476/93/877
f 1486/911/878 1477/16/869 1478/906/871
f 1487/912/879 1478/906/871 1479/907/872
f 1488/913/880 1479/907/872 1480/914/881
f 1489/915/882 1480/914/881 1481/908/873
f 1482/909/874 1489/915/882 1481/908/873
f 1483/910/875 1490/916/883 1482/909/874
f 1484/4/876 1491/917/884 1483/910/875
f 1494/918/885 1485/214/886 1486/911/878
f 1495/919/887 1486/911/878 1487/912/879
f 1496/920/888 1487/912/879 1488/913/880
f 1497/921/889 1488/913/880 1489/915/882
f 1490/916/883 1497/921/889 1489/915/882
f 1491/917/884 1498/922/890 1490/916/883
f 1492/108/891 1499/923/892 1491/917/884
f 1494/918/885 1501/212/893 1493/200/894
f 1495/919/887 1502/924/895 1494/918/885
f 1496/920/888 1503/925/896 1495/919/887
f 1497/921/889 1504/926/897 1496/920/888
f 1506/927/898 1497/921/889 1498/922/890
f 1507/928/899 1498/922/890 1499/923/892
f 1508/115/900 1499/923/892 1500/929/901
f 1510/586/902 1501/212/893 1502/924/895
f 1511/588/903 1502/924/895 1503/925/896
f 1512/589/904 1503/925/896 1504/926/897
f 1513/590/905 1504/926/897 1505/930/906
f 1506/927/898 1513/590/905 1505/930/906
f 1507/928/899 1514/591/907 1506/927/898
f 1508/115/900 1515/593/908 1507/928/899
f 1518/931/909 1509/22/910 1510/586/902
f 1519/932/911 1510/586/902 1511/588/903
f 1520/933/912 1511/588/903 1512/589/904
f 1521/934/913 1512/589/904 1513/590/905
f 1514/591/907 1521/934/913 1513/590/905
f 1515/593/908 1522/935/914 1514/591/907
f 1516/15/915 1523/936/916 1515/593/908
f 1518/931/909 1525/196/917 1517/211/918
f 1519/932/911 1526/937/919 1518/931/909
f 1520/933/912 1527/938/920 1519/932/911
f 1529/939/921 1520/933/912 1521/934/913
f 1530/940/922 1521/934/913 1522/935/914
f 1531/941/923 1522/935/914 1523/936/916
f 1532/119/924 1523/936/916 1524/38/925
f 1534/942/926 1525/196/917 1526/937/919
f 1535/943/927 1526/937/919 1527/938/920
f 1536/944/928 1527/938/920 1528/945/929
f 1537/946/930 1528/945/929 1529/939/921
f 1530/940/922 1537/946/930 1529/939/921
f 1531/941/923 1538/947/931 1530/940/922
f 1532/119/924 1539/948/932 1531/941/923
f 1542/949/933 1533/215/934 1534/942/926
f 1543/950/935 1534/942/926 1535/943/927
f 1544/951/936 1535/943/927 1536/944/928
f 1545/952/937 1536/944/928 1537/946/930
f 1538/947/931 1545/952/937 1537/946/930
f 1539/948/932 1546/953/938 1538/947/931
f 1540/51/939 1547/954/940 1539/948/932
f 1550/955/941 1541/29/942 1542/949/933
f 1551/956/943 1542/949/933 1543/950/935
f 1552/957/944 1543/950/935 1544/951/936
f 1553/958/945 1544/951/936 1545/952/937
f 1546/953/938 1553/958/945 1545/952/937
f 1547/954/940 1554/959/946 1546/953/938
f 1548/21/947 1555/960/948 1547/954/940
f 1558/961/949 1549/217/950 1550/955/941
f 1559/962/951 1550/955/941 1551/956/943
f 1560/963/952 1551/956/943 1552/957/944
f 1561/964/953 1552/957/944 1553/958/945
f 1554/959/946 1561/964/953 1553/958/945
f 1555/960/948 1562/965/954 1554/959/946
f 1556/120/955 1563/966/956 1555/960/948
f 1558/961/949 1565/216/957 1557/208/958
f 1559/962/951 1566/967/959 1558/961/949
f 1560/963/952 1567/968/960 1559/962/951
f 1569/969/961 1560/963/952 1561/964/953
f 1570/970/962 1561/964/953 1562/965/954
f 1571/971/963 1562/965/954 1563/966/956
f 1572/121/964 1563/966/956 1564/66/965
f 1566/967/959 1445/129/841 1565/216/957
f 1567/968/960 1446/880/839 1566/967/959
f 1568/972/966 1447/882/842 1567/968/960
f 1449/884/847 1568/972/966 1569/969/961
f 1450/885/849 1569/969/961 1570/970/962
f 1451/887/851 1570/970/962 1571/971/963
f 1452/28/853 1571/971/963 1572/121/964
f 1582/906/967 1573/1/968 1574/295/969
f 1583/907/970 1574/295/969 1575/297/971
f 1584/914/972 1575/297/971 1576/299/973
f 1585/908/974 1576/299/973 1577/301/975
f 1586/909/976 1577/301/975 1578/302/977
f 1587/910/978 1578/302/977 1579/303/979
f 1588/4/980 1579/303/979 1580/2/981
f 1590/586/982 1581/16/983 1582/906/967
f 1583/907/970 1590/586/982 1582/906/967
f 1592/589/984 1583/907/970 1584/914/972
f 1593/590/985 1584/914/972 1585/908/974
f 1594/591/986 1585/908/974 1586/909/976
f 1595/593/987 1586/909/976 1587/910/978
f 1596/15/988 1587/910/978 1588/4/980
f 1598/949/989 1589/22/990 1590/586/982
f 1599/950/991 1590/586/982 1591/588/992
f 1600/951/993 1591/588/992 1592/589/984
f 1601/952/994 1592/589/984 1593/590/985
f 1602/953/995 1593/590/985 1594/591/986
f 1603/954/996 1594/591/986 1595/593/987
f 1604/21/997 1595/593/987 1596/15/988
f 1574/880/969 1597/29/998 1598/949/989
f 1575/882/971 1598/949/989 1599/950/991
f 1576/883/973 1599/950/991 1600/951/993
f 1577/884/975 1600/951/993 1601/952/994
f 1578/885/977 1601/952/994 1602/953/995
f 1603/954/996 1578/885/977 1602/953/995
f 1580/28/981 1603/954/996 1604/21/997
f 1614/973/999 1605/1/1000 1606/295/1001
f 1615/974/1002 1606/295/1001 1607/297/1003
f 1616/975/1004 1607/297/1003 1608/299/1005
f 1617/976/1006 1608/299/1005 1609/301/1007
f 1618/977/1008 1609/301/1007 1610/302/1009
f 1619/978/1010 1610/302/1009 1611/303/1011
f 1620/979/981 1611/303/1011 1612/2/980
f 1622/980/1012 1613/203/968 1614/973/999
f 1615/974/1002 1622/980/1012 1614/973/999
f 1624/981/1013 1615/974/1002 1616/975/1004
f 1617/976/1006 1624/981/1013 1616/975/1004
f 1626/982/1014 1617/976/1006 1618/977/1008
f 1627/983/1015 1618/977/1008 1619/978/1010
f 1620/979/981 1627/983/1015 1619/978/1010
f 1630/586/1016 1621/198/998 1622/980/1012
f 1623/984/1017 1630/586/1016 1622/980/1012
f 1632/589/1018 1623/984/1017 1624/981/1013
f 1633/590/1019 1624/981/1013 1625/985/1020
f 1634/591/1021 1625/985/1020 1626/982/1014
f 1635/593/1022 1626/982/1014 1627/983/1015
f 1636/15/988 1627/983/1015 1628/986/997
f 1638/987/982 1629/22/990 1630/586/1016
f 1639/988/1023 1630/586/1016 1631/588/1024
f 1640/989/1025 1631/588/1024 1632/589/1018
f 1641/990/985 1632/589/1018 1633/590/1019
f 1634/591/1021 1641/990/985 1633/590/1019
f 1635/593/1022 1642/991/1026 1634/591/1021
f 1636/15/988 1643/992/987 1635/593/1022
f 1638/987/982 1645/207/1027 1637/205/990
f 1639/988/1023 1646/993/1016 1638/987/982
f 1640/989/1025 1647/994/1024 1639/988/1023
f 1649/995/1028 1640/989/1025 1641/990/985
f 1650/996/1029 1641/990/985 1642/991/1026
f 1651/997/1022 1642/991/1026 1643/992/987
f 1652/998/1030 1643/992/987 1644/999/988
f 1606/880/1001 1645/207/1027 1646/993/1016
f 1647/994/1024 1606/880/1001 1646/993/1016
f 1608/883/1005 1647/994/1024 1648/1000/1031
f 1609/884/1007 1648/1000/1031 1649/995/1028
f 1610/885/1009 1649/995/1028 1650/996/1029
f 1611/887/1011 1650/996/1029 1651/997/1022
f 1612/28/980 1651/997/1022 1652/998/1030
f 1662/888/1032 1653/1/1033 1654/295/1034
f 1663/889/1035 1654/295/1034 1655/297/1036
f 1664/896/1037 1655/297/1036 1656/299/1038
f 1665/890/1039 1656/299/1038 1657/301/1040
f 1658/302/1041 1665/890/1039 1657/301/1040
f 1659/303/1042 1666/891/1043 1658/302/1041
f 1660/2/1044 1667/892/1045 1659/303/1042
f 1662/888/1032 1669/197/1046 1661/213/1047
f 1663/889/1035 1670/893/1048 1662/888/1032
f 1664/896/1037 1671/894/1049 1663/889/1035
f 1673/897/1050 1664/896/1037 1665/890/1039
f 1674/898/1051 1665/890/1039 1666/891/1043
f 1675/899/1052 1666/891/1043 1667/892/1045
f 1676/122/1053 1667/892/1045 1668/86/1054
f 1678/900/1055 1669/197/1046 1670/893/1048
f 1679/901/1056 1670/893/1048 1671/894/1049
f 1680/902/1057 1671/894/1049 1672/895/1058
f 1681/903/1059 1672/895/1058 1673/897/1050
f 1674/898/1051 1681/903/1059 1673/897/1050
f 1675/899/1052 1682/904/1060 1674/898/1051
f 1676/122/1053 1683/905/1061 1675/899/1052
f 1686/906/1062 1677/210/1063 1678/900/1055
f 1687/907/1064 1678/900/1055 1679/901/1056
f 1688/914/1065 1679/901/1056 1680/902/1057
f 1689/908/1066 1680/902/1057 1681/903/1059
f 1682/904/1060 1689/908/1066 1681/903/1059
f 1683/905/1061 1690/909/1067 1682/904/1060
f 1684/93/1068 1691/910/1069 1683/905/1061
f 1686/906/1062 1693/214/1070 1685/16/1071
f 1687/907/1064 1694/911/1072 1686/906/1062
f 1688/914/1065 1695/912/1073 1687/907/1064
f 1697/915/1074 1688/914/1065 1689/908/1066
f 1698/916/1075 1689/908/1066 1690/909/1067
f 1699/917/1076 1690/909/1067 1691/910/1069
f 1700/108/1077 1691/910/1069 1692/4/1078
f 1702/918/1079 1693/214/1070 1694/911/1072
f 1703/919/1080 1694/911/1072 1695/912/1073
f 1704/920/1081 1695/912/1073 1696/913/1082
f 1705/921/1083 1696/913/1082 1697/915/1074
f 1698/916/1075 1705/921/1083 1697/915/1074
f 1699/917/1076 1706/922/1084 1698/916/1075
f 1700/108/1077 1707/923/1085 1699/917/1076
f 1710/924/1086 1701/200/1087 1702/918/1079
f 1711/925/1088 1702/918/1079 1703/919/1080
f 1712/926/1089 1703/919/1080 1704/920/1081
f 1713/930/1090 1704/920/1081 1705/921/1083
f 1706/922/1084 1713/930/1090 1705/921/1083
f 1707/923/1085 1714/927/1091 1706/922/1084
f 1708/929/1092 1715/928/1093 1707/923/1085
f 1710/924/1086 1717/22/1094 1709/212/1095
f 1711/925/1088 1718/586/1096 1710/924/1086
f 1712/926/1089 1719/588/1097 1711/925/1088
f 1721/590/1098 1712/926/1089 1713/930/1090
f 1722/591/1099 1713/930/1090 1714/927/1091
f 1723/593/1100 1714/927/1091 1715/928/1093
f 1724/15/1101 1715/928/1093 1716/115/1102
f 1726/931/1103 1717/22/1094 1718/586/1096
f 1727/932/1104 1718/586/1096 1719/588/1097
f 1728/933/1105 1719/588/1097 1720/589/1106
f 1721/590/1098 1728/933/1105 1720/589/1106
f 1722/591/1099 1729/934/1107 1721/590/1098
f 1723/593/1100 1730/935/1108 1722/591/1099
f 1724/15/1101 1731/936/1109 1723/593/1100
f 1734/937/1110 1725/211/1111 1726/931/1103
f 1735/938/1112 1726/931/1103 1727/932/1104
f 1736/945/1113 1727/932/1104 1728/933/1105
f 1737/939/1114 1728/933/1105 1729/934/1107
f 1730/935/1108 1737/939/1114 1729/934/1107
f 1731/936/1109 1738/940/1115 1730/935/1108
f 1732/38/1116 1739/941/1117 1731/936/1109
f 1742/942/1118 1733/196/1119 1734/937/1110
f 1743/943/1120 1734/937/1110 1735/938/1112
f 1744/944/1121 1735/938/1112 1736/945/1113
f 1745/946/1122 1736/945/1113 1737/939/1114
f 1738/940/1115 1745/946/1122 1737/939/1114
f 1739/941/1117 1746/947/1123 1738/940/1115
f 1740/119/1124 1747/948/1125 1739/941/1117
f 1750/949/1126 1741/215/1127 1742/942/1118
f 1751/950/1128 1742/942/1118 1743/943/1120
f 1752/951/1129 1743/943/1120 1744/944/1121
f 1753/952/1130 1744/944/1121 1745/946/1122
f 1746/947/1123 1753/952/1130 1745/946/1122
f 1747/948/1125 1754/953/1131 1746/947/1123
f 1748/51/1132 1755/954/1133 1747/948/1125
f 1758/955/1134 1749/29/1135 1750/949/1126
f 1759/956/1136 1750/949/1126 1751/950/1128
f 1760/957/1137 1751/950/1128 1752/951/1129
f 1761/958/1138 1752/951/1129 1753/952/1130
f 1754/953/1131 1761/958/1138 1753/952/1130
f 1755/954/1133 1762/959/1139 1754/953/1131
f 1756/21/1140 1763/960/1141 1755/954/1133
f 1758/955/1134 1765/208/1142 1757/217/1143
f 1759/956/1136 1766/961/1144 1758/955/1134
f 1760/957/1137 1767/962/1145 1759/956/1136
f 1769/964/1146 1760/957/1137 1761/958/1138
f 1770/965/1147 1761/958/1138 1762/959/1139
f 1771/966/1148 1762/959/1139 1763/960/1141
f 1772/66/1149 1763/960/1141 1764/120/1150
f 1766/961/1144 1773/216/1151 1765/208/1142
f 1767/962/1145 1774/967/1152 1766/961/1144
f 1768/963/1153 1775/968/1154 1767/962/1145
f 1777/969/1155 1768/963/1153 1769/964/1146
f 1778/970/1156 1769/964/1146 1770/965/1147
f 1779/971/1157 1770/965/1147 1771/966/1148
f 1780/121/1158 1771/966/1148 1772/66/1149
f 1654/880/1034 1773/216/1151 1774/967/1152
f 1655/882/1036 1774/967/1152 1775/968/1154
f 1656/883/1038 1775/968/1154 1776/972/1159
f 1657/884/1040 1776/972/1159 1777/969/1155
f 1778/970/1156 1657/884/1040 1777/969/1155
f 1779/971/1157 1658/885/1041 1778/970/1156
f 1780/121/1158 1659/887/1042 1779/971/1157
f 1782/295/1160 1789/213/1161 1781/1/841
f 1783/297/1162 1790/888/1163 1782/295/1160
f 1784/299/1164 1791/889/845 1783/297/1162
f 1793/890/846 1784/299/1164 1785/301/847
f 1794/891/1165 1785/301/847 1786/302/1166
f 1795/892/1167 1786/302/1166 1787/303/1168
f 1796/86/1169 1787/303/1168 1788/2/853
f 1798/893/854 1789/213/1161 1790/888/1163
f 1799/894/855 1790/888/1163 1791/889/845
f 1800/895/856 1791/889/845 1792/896/857
f 1801/897/858 1792/896/857 1793/890/846
f 1794/891/1165 1801/897/858 1793/890/846
f 1795/892/1167 1802/898/859 1794/891/1165
f 1796/86/1169 1803/899/860 1795/892/1167
f 1806/900/861 1797/197/862 1798/893/854
f 1807/901/863 1798/893/854 1799/894/855
f 1808/902/864 1799/894/855 1800/895/856
f 1809/903/865 1800/895/856 1801/897/858
f 1802/898/859 1809/903/865 1801/897/858
f 1803/899/860 1810/904/866 1802/898/859
f 1804/122/867 1811/905/868 1803/899/860
f 1806/900/861 1813/16/869 1805/210/870
f 1807/901/863 1814/906/871 1806/900/861
f 1808/902/864 1815/907/872 1807/901/863
f 1817/908/873 1808/902/864 1809/903/865
f 1818/909/874 1809/903/865 1810/904/866
f 1819/910/875 1810/904/866 1811/905/868
f 1820/4/876 1811/905/868 1812/93/877
f 1822/911/1170 1813/16/869 1814/906/871
f 1823/912/879 1814/906/871 1815/907/872
f 1824/913/880 1815/907/872 1816/914/881
f 1825/915/882 1816/914/881 1817/908/873
f 1818/909/874 1825/915/882 1817/908/873
f 1819/910/875 1826/916/1171 1818/909/874
f 1820/4/876 1827/917/1172 1819/910/875
f 1830/918/885 1821/214/886 1822/911/1170
f 1831/919/887 1822/911/1170 1823/912/879
f 1832/920/1173 1823/912/879 1824/913/880
f 1833/921/889 1824/913/880 1825/915/882
f 1826/916/1171 1833/921/889 1825/915/882
f 1827/917/1172 1834/922/890 1826/916/1171
f 1828/108/891 1835/923/892 1827/917/1172
f 1830/918/885 1837/212/893 1829/200/894
f 1831/919/887 1838/924/895 1830/918/885
f 1832/920/1173 1839/925/896 1831/919/887
f 1841/930/906 1832/920/1173 1833/921/889
f 1842/927/898 1833/921/889 1834/922/890
f 1843/928/899 1834/922/890 1835/923/892
f 1844/115/900 1835/923/892 1836/929/901
f 1846/586/902 1837/212/893 1838/924/895
f 1847/588/903 1838/924/895 1839/925/896
f 1848/589/904 1839/925/896 1840/926/897
f 1849/590/1174 1840/926/897 1841/930/906
f 1842/927/898 1849/590/1174 1841/930/906
f 1843/928/899 1850/591/907 1842/927/898
f 1844/115/900 1851/593/908 1843/928/899
f 1854/931/909 1845/22/910 1846/586/902
f 1855/932/911 1846/586/902 1847/588/903
f 1856/933/912 1847/588/903 1848/589/904
f 1857/934/913 1848/589/904 1849/590/1174
f 1850/591/907 1857/934/913 1849/590/1174
f 1851/593/908 1858/935/914 1850/591/907
f 1852/15/915 1859/936/916 1851/593/908
f 1854/931/909 1861/196/917 1853/211/918
f 1855/932/911 1862/937/919 1854/931/909
f 1856/933/912 1863/938/920 1855/932/911
f 1865/939/921 1856/933/912 1857/934/913
f 1866/940/922 1857/934/913 1858/935/914
f 1867/941/923 1858/935/914 1859/936/916
f 1868/119/924 1859/936/916 1860/38/925
f 1870/942/1175 1861/196/917 1862/937/919
f 1871/943/927 1862/937/919 1863/938/920
f 1872/944/928 1863/938/920 1864/945/929
f 1873/946/930 1864/945/929 1865/939/921
f 1866/940/922 1873/946/930 1865/939/921
f 1867/941/923 1874/947/931 1866/940/922
f 1868/119/924 1875/948/932 1867/941/923
f 1878/949/933 1869/215/1176 1870/942/1175
f 1879/950/935 1870/942/1175 1871/943/927
f 1880/951/1177 1871/943/927 1872/944/928
f 1881/952/937 1872/944/928 1873/946/930
f 1874/947/931 1881/952/937 1873/946/930
f 1875/948/932 1882/953/938 1874/947/931
f 1876/51/939 1883/954/940 1875/948/932
f 1886/955/941 1877/29/942 1878/949/933
f 1887/956/943 1878/949/933 1879/950/935
f 1888/957/944 1879/950/935 1880/951/1177
f 1889/958/945 1880/951/1177 1881/952/937
f 1882/953/938 1889/958/945 1881/952/937
f 1883/954/940 1890/959/946 1882/953/938
f 1884/21/947 1891/960/948 1883/954/940
f 1894/961/949 1885/217/950 1886/955/941
f 1895/962/1178 1886/955/941 1887/956/943
f 1896/963/952 1887/956/943 1888/957/944
f 1897/964/953 1888/957/944 1889/958/945
f 1890/959/946 1897/964/953 1889/958/945
f 1891/960/948 1898/965/954 1890/959/946
f 1892/120/955 1899/966/956 1891/960/948
f 1894/961/949 1901/216/957 1893/208/958
f 1895/962/1178 1902/967/959 1894/961/949
f 1896/963/952 1903/968/960 1895/962/1178
f 1905/969/961 1896/963/952 1897/964/953
f 1906/970/962 1897/964/953 1898/965/954
f 1907/971/963 1898/965/954 1899/966/956
f 1908/121/964 1899/966/956 1900/66/965
f 1902/967/959 1781/129/841 1901/216/957
f 1903/968/960 1782/880/1160 1902/967/959
f 1904/972/1179 1783/882/1162 1903/968/960
f 1785/884/847 1904/972/1179 1905/969/961
f 1786/885/1166 1905/969/961 1906/970/962
f 1787/887/1168 1906/970/962 1907/971/963
f 1788/28/853 1907/971/963 1908/121/964
f 1918/906/967 1909/1/968 1910/295/969
f 1919/907/970 1910/295/969 1911/297/971
f 1920/914/972 1911/297/971 1912/299/973
f 1921/908/974 1912/299/973 1913/301/975
f 1922/909/976 1913/301/975 1914/302/977
f 1915/303/979 1922/909/976 1914/302/977
f 1916/2/981 1923/910/978 1915/303/979
f 1926/586/982 1917/16/983 1918/906/967
f 1919/907/970 1926/586/982 1918/906/967
f 1928/589/984 1919/907/970 1920/914/972
f 1929/590/985 1920/914/972 1921/908/974
f 1930/591/986 1921/908/974 1922/909/976
f 1931/593/987 1922/909/976 1923/910/978
f 1932/15/988 1923/910/978 1924/4/980
f 1934/949/989 1925/22/990 1926/586/982
f 1927/588/992 1934/949/989 1926/586/982
f 1936/951/993 1927/588/992 1928/589/984
f 1937/952/994 1928/589/984 1929/590/985
f 1938/953/995 1929/590/985 1930/591/986
f 1939/954/996 1930/591/986 1931/593/987
f 1940/21/997 1931/593/987 1932/15/988
f 1910/880/969 1933/29/998 1934/949/989
f 1911/882/971 1934/949/989 1935/950/1180
f 1912/883/973 1935/950/1180 1936/951/993
f 1913/884/975 1936/951/993 1937/952/994
f 1914/885/977 1937/952/994 1938/953/995
f 1939/954/996 1914/885/977 1938/953/995
f 1916/28/981 1939/954/996 1940/21/997
f 1950/1001/1181 1941/1/1182 1942/295/1183
f 1951/1002/1184 1942/295/1183 1943/297/1185
f 1952/1003/1186 1943/297/1185 1944/299/1187
f 1953/1004/1188 1944/299/1187 1945/301/1189
f 1946/302/1190 1953/1004/1188 1945/301/1189
f 1947/303/1191 1954/1005/1192 1946/302/1190
f 1948/2/1193 1955/1006/1194 1947/303/1191
f 1958/1007/1195 1949/161/1196 1950/1001/1181
f 1959/1008/1197 1950/1001/1181 1951/1002/1184
f 1960/1009/1198 1951/1002/1184 1952/1003/1186
f 1961/1010/1199 1952/1003/1186 1953/1004/1188
f 1954/1005/1192 1961/1010/1199 1953/1004/1188
f 1955/1006/1194 1962/1011/1200 1954/1005/1192
f 1956/1012/1201 1963/1013/1202 1955/1006/1194
f 1958/1007/1195 1965/153/1203 1957/148/1204
f 1959/1008/1197 1966/1014/1205 1958/1007/1195
f 1960/1009/1198 1967/1015/1206 1959/1008/1197
f 1969/1016/1207 1960/1009/1198 1961/1010/1199
f 1970/1017/1208 1961/1010/1199 1962/1011/1200
f 1971/1018/1209 1962/1011/1200 1963/1013/1202
f 1972/1019/1210 1963/1013/1202 1964/1020/1211
f 1966/1014/1205 1973/155/1212 1965/153/1203
f 1967/1015/1206 1974/1021/1213 1966/1014/1205
f 1968/1022/1214 1975/1023/1215 1967/1015/1206
f 1977/1024/1216 1968/1022/1214 1969/1016/1207
f 1978/1025/1217 1969/1016/1207 1970/1017/1208
f 1979/1026/1218 1970/1017/1208 1971/1018/1209
f 1980/1027/1219 1971/1018/1209 1972/1019/1210
f 1982/1028/1220 1973/155/1212 1974/1021/1213
f 1983/1029/1221 1974/1021/1213 1975/1023/1215
f 1984/1030/1222 1975/1023/1215 1976/1031/1223
f 1985/1032/1224 1976/1031/1223 1977/1024/1216
f 1978/1025/1217 1985/1032/1224 1977/1024/1216
f 1979/1026/1218 1986/1033/1225 1978/1025/1217
f 1980/1027/1219 1987/1034/1226 1979/1026/1218
f 1990/1035/1227 1981/157/1228 1982/1028/1220
f 1991/1036/1229 1982/1028/1220 1983/1029/1221
f 1992/1037/1230 1983/1029/1221 1984/1030/1222
f 1993/1038/1231 1984/1030/1222 1985/1032/1224
f 1986/1033/1225 1993/1038/1231 1985/1032/1224
f 1987/1034/1226 1994/1039/1232 1986/1033/1225
f 1988/1040/1233 1995/1041/1234 1987/1034/1226
f 1998/1042/1235 1989/135/1236 1990/1035/1227
f 1999/1043/1237 1990/1035/1227 1991/1036/1229
f 2000/1044/1238 1991/1036/1229 1992/1037/1230
f 2001/1045/1239 1992/1037/1230 1993/1038/1231
f 1994/1039/1232 2001/1045/1239 1993/1038/1231
f 1995/1041/1234 2002/1046/1240 1994/1039/1232
f 1996/1047/1241 2003/1048/1242 1995/1041/1234
f 2006/1049/1243 1997/134/1244 1998/1042/1235
f 2007/1050/1245 1998/1042/1235 1999/1043/1237
f 2008/1051/1246 1999/1043/1237 2000/1044/1238
f 2009/1052/1247 2000/1044/1238 2001/1045/1239
f 2002/1046/1240 2009/1052/1247 2001/1045/1239
f 2003/1048/1242 2010/1053/1248 2002/1046/1240
f 2004/1054/1249 2011/1055/1250 2003/1048/1242
f 2006/1049/1243 2013/141/1251 2005/138/1252
f 2007/1050/1245 2014/1056/1253 2006/1049/1243
f 2008/1051/1246 2015/1057/1254 2007/1050/1245
f 2017/1058/1255 2008/1051/1246 2009/1052/1247
f 2018/1059/1256 2009/1052/1247 2010/1053/1248
f 2019/1060/1257 2010/1053/1248 2011/1055/1250
f 2020/1061/1258 2011/1055/1250 2012/1062/1259
f 2014/1056/1253 2021/143/1260 2013/141/1251
f 2015/1057/1254 2022/1063/1261 2014/1056/1253
f 2016/1064/1262 2023/1065/1263 2015/1057/1254
f 2017/1058/1255 2024/1066/1264 2016/1064/1262
f 2026/1067/1265 2017/1058/1255 2018/1059/1256
f 2027/1068/1266 2018/1059/1256 2019/1060/1257
f 2028/1069/1267 2019/1060/1257 2020/1061/1258
f 2022/1063/1261 2029/159/1268 2021/143/1260
f 2023/1065/1263 2030/1070/1269 2022/1063/1261
f 2024/1066/1264 2031/1071/1270 2023/1065/1263
f 2033/1072/1271 2024/1066/1264 2025/1073/1272
f 2034/1074/1273 2025/1073/1272 2026/1067/1265
f 2035/1075/1274 2026/1067/1265 2027/1068/1266
f 2036/1076/1275 2027/1068/1266 2028/1069/1267
f 2030/1070/1269 2037/160/1276 2029/159/1268
f 2031/1071/1270 2038/1077/1277 2030/1070/1269
f 2032/1078/1278 2039/1079/1279 2031/1071/1270
f 2041/1080/1280 2032/1078/1278 2033/1072/1271
f 2042/1081/1281 2033/1072/1271 2034/1074/1273
f 2043/1082/1282 2034/1074/1273 2035/1075/1274
f 2044/1083/1283 2035/1075/1274 2036/1076/1275
f 2046/1084/1284 2037/160/1276 2038/1077/1277
f 2047/1085/1285 2038/1077/1277 2039/1079/1279
f 2048/1086/1286 2039/1079/1279 2040/1087/1287
f 2049/1088/1288 2040/1087/1287 2041/1080/1280
f 2042/1081/1281 2049/1088/1288 2041/1080/1280
f 2043/1082/1282 2050/1089/1289 2042/1081/1281
f 2044/1083/1283 2051/1090/1290 2043/1082/1282
f 2054/1091/1291 2045/145/1292 2046/1084/1284
f 2055/1092/1293 2046/1084/1284 2047/1085/1285
f 2056/1093/1294 2047/1085/1285 2048/1086/1286
f 2057/1094/1295 2048/1086/1286 2049/1088/1288
f 2050/1089/1289 2057/1094/1295 2049/1088/1288
f 2051/1090/1290 2058/1095/1296 2050/1089/1289
f 2052/1096/1297 2059/1097/1298 2051/1090/1290
f 2062/1098/1299 2053/150/1300 2054/1091/1291
f 2063/1099/1301 2054/1091/1291 2055/1092/1293
f 2064/1100/1302 2055/1092/1293 2056/1093/1294
f 2065/1101/1303 2056/1093/1294 2057/1094/1295
f 2058/1095/1296 2065/1101/1303 2057/1094/1295
f 2059/1097/1298 2066/1102/1304 2058/1095/1296
f 2060/1103/1305 2067/1104/1306 2059/1097/1298
f 2062/1098/1299 2069/165/1307 2061/166/1308
f 2063/1099/1301 2070/1105/1309 2062/1098/1299
f 2064/1100/1302 2071/1106/1310 2063/1099/1301
f 2073/1107/1311 2064/1100/1302 2065/1101/1303
f 2074/1108/1312 2065/1101/1303 2066/1102/1304
f 2075/1109/1313 2066/1102/1304 2067/1104/1306
f 2076/1110/1314 2067/1104/1306 2068/1111/1315
f 2070/1105/1309 2077/169/1316 2069/165/1307
f 2071/1106/1310 2078/1112/1317 2070/1105/1309
f 2072/1113/1318 2079/1114/1319 2071/1106/1310
f 2081/1115/1320 2072/1113/1318 2073/1107/1311
f 2082/1116/1321 2073/1107/1311 2074/1108/1312
f 2083/1117/1322 2074/1108/1312 2075/1109/1313
f 2084/1118/1323 2075/1109/1313 2076/1110/1314
f 2078/1112/1317 2085/187/1324 2077/169/1316
f 2079/1114/1319 2086/1119/1325 2078/1112/1317
f 2080/1120/1326 2087/1121/1327 2079/1114/1319
f 2089/1122/1328 2080/1120/1326 2081/1115/1320
f 2090/1123/1329 2081/1115/1320 2082/1116/1321
f 2091/1124/1330 2082/1116/1321 2083/1117/1322
f 2092/1125/1331 2083/1117/1322 2084/1118/1323
f 2094/1126/1332 2085/187/1324 2086/1119/1325
f 2095/1127/1333 2086/1119/1325 2087/1121/1327
f 2096/1128/1334 2087/1121/1327 2088/1129/1335
f 2097/1130/1336 2088/1129/1335 2089/1122/1328
f 2090/1123/1329 2097/1130/1336 2089/1122/1328
f 2091/1124/1330 2098/1131/1337 2090/1123/1329
f 2092/1125/1331 2099/1132/1338 2091/1124/1330
f 2094/1126/1332 2101/180/1339 2093/185/1340
f 2095/1127/1333 2102/1133/1341 2094/1126/1332
f 2096/1128/1334 2103/1134/1342 2095/1127/1333
f 2105/1135/1343 2096/1128/1334 2097/1130/1336
f 2106/1136/1344 2097/1130/1336 2098/1131/1337
f 2107/1137/1345 2098/1131/1337 2099/1132/1338
f 2108/1138/1346 2099/1132/1338 2100/1139/1347
f 2110/1140/1348 2101/180/1339 2102/1133/1341
f 2111/1141/1349 2102/1133/1341 2103/1134/1342
f 2104/1142/1350 2111/1141/1349 2103/1134/1342
f 2113/1143/1351 2104/1142/1350 2105/1135/1343
f 2114/1144/1352 2105/1135/1343 2106/1136/1344
f 2107/1137/1345 2114/1144/1352 2106/1136/1344
f 2116/1145/1353 2107/1137/1345 2108/1138/1346
f 2110/1140/1348 2117/176/1354 2109/177/1355
f 2111/1141/1349 2118/1146/1356 2110/1140/1348
f 2112/1147/1357 2119/1148/1358 2111/1141/1349
f 2121/1149/1359 2112/1147/1357 2113/1143/1351
f 2122/1150/1360 2113/1143/1351 2114/1144/1352
f 2123/1151/1361 2114/1144/1352 2115/1152/1362
f 2124/1153/1363 2115/1152/1362 2116/1145/1353
f 2126/1154/1364 2117/176/1354 2118/1146/1356
f 2127/1155/1365 2118/1146/1356 2119/1148/1358
f 2128/1156/1366 2119/1148/1358 2120/1157/1367
f 2129/1158/1368 2120/1157/1367 2121/1149/1359
f 2122/1150/1360 2129/1158/1368 2121/1149/1359
f 2123/1151/1361 2130/1159/1369 2122/1150/1360
f 2124/1153/1363 2131/1160/1370 2123/1151/1361
f 2134/1161/1371 2125/178/1372 2126/1154/1364
f 2135/1162/1373 2126/1154/1364 2127/1155/1365
f 2136/1163/1374 2127/1155/1365 2128/1156/1366
f 2137/1164/1375 2128/1156/1366 2129/1158/1368
f 2130/1159/1369 2137/1164/1375 2129/1158/1368
f 2131/1160/1370 2138/1165/1376 2130/1159/1369
f 2132/1166/1377 2139/1167/1378 2131/1160/1370
f 2142/1168/1379 2133/179/1380 2134/1161/1371
f 2143/1169/1381 2134/1161/1371 2135/1162/1373
f 2144/1170/1382 2135/1162/1373 2136/1163/1374
f 2145/1171/1383 2136/1163/1374 2137/1164/1375
f 2138/1165/1376 2145/1171/1383 2137/1164/1375
f 2139/1167/1378 2146/1172/1384 2138/1165/1376
f 2140/1173/1385 2147/1174/1386 2139/1167/1378
f 2150/1175/1387 2141/184/1388 2142/1168/1379
f 2151/1176/1389 2142/1168/1379 2143/1169/1381
f 2152/1177/1390 2143/1169/1381 2144/1170/1382
f 2153/1178/1391 2144/1170/1382 2145/1171/1383
f 2146/1172/1384 2153/1178/1391 2145/1171/1383
f 2147/1174/1386 2154/1179/1392 2146/1172/1384
f 2148/1180/1393 2155/1181/1394 2147/1174/1386
f 2158/1182/1395 2149/186/1396 2150/1175/1387
f 2159/1183/1397 2150/1175/1387 2151/1176/1389
f 2160/1184/1398 2151/1176/1389 2152/1177/1390
f 2161/1185/1399 2152/1177/1390 2153/1178/1391
f 2154/1179/1392 2161/1185/1399 2153/1178/1391
f 2155/1181/1394 2162/1186/1400 2154/1179/1392
f 2156/1187/1401 2163/1188/1402 2155/1181/1394
f 2166/1189/1403 2157/168/1404 2158/1182/1395
f 2167/1190/1405 2158/1182/1395 2159/1183/1397
f 2168/1191/1406 2159/1183/1397 2160/1184/1398
f 2169/1192/1407 2160/1184/1398 2161/1185/1399
f 2162/1186/1400 2169/1192/1407 2161/1185/1399
f 2163/1188/1402 2170/1193/1408 2162/1186/1400
f 2164/1194/1409 2171/1195/1410 2163/1188/1402
f 2166/1189/1403 2173/22/1411 2165/164/1412
f 2167/1190/1405 2174/586/1413 2166/1189/1403
f 2168/1191/1406 2175/588/1414 2167/1190/1405
f 2177/590/1415 2168/1191/1406 2169/1192/1407
f 2178/591/1416 2169/1192/1407 2170/1193/1408
f 2179/593/1417 2170/1193/1408 2171/1195/1410
f 2180/15/1418 2171/1195/1410 2172/1196/1419
f 2174/586/1413 2181/152/1420 2173/22/1411
f 2175/588/1414 2182/1197/1421 2174/586/1413
f 2176/589/1422 2183/1198/1423 2175/588/1414
f 2185/1199/1424 2176/589/1422 2177/590/1415
f 2186/1200/1425 2177/590/1415 2178/591/1416
f 2187/1201/1426 2178/591/1416 2179/593/1417
f 2188/1202/1427 2179/593/1417 2180/15/1418
f 2190/1203/1428 2181/152/1420 2182/1197/1421
f 2191/1204/1429 2182/1197/1421 2183/1198/1423
f 2192/1205/1430 2183/1198/1423 2184/1206/1431
f 2193/1207/1432 2184/1206/1431 2185/1199/1424
f 2186/1200/1425 2193/1207/1432 2185/1199/1424
f 2187/1201/1426 2194/1208/1433 2186/1200/1425
f 2188/1202/1427 2195/1209/1434 2187/1201/1426
f 2198/1210/1435 2189/151/1436 2190/1203/1428
f 2199/1211/1437 2190/1203/1428 2191/1204/1429
f 2200/1212/1438 2191/1204/1429 2192/1205/1430
f 2201/1213/1439 2192/1205/1430 2193/1207/1432
f 2194/1208/1433 2201/1213/1439 2193/1207/1432
f 2195/1209/1434 2202/1214/1440 2194/1208/1433
f 2196/1215/1441 2203/1216/1442 2195/1209/1434
f 2206/1217/1443 2197/144/1444 2198/1210/1435
f 2207/1218/1445 2198/1210/1435 2199/1211/1437
f 2208/1219/1446 2199/1211/1437 2200/1212/1438
f 2209/1220/1447 2200/1212/1438 2201/1213/1439
f 2202/1214/1440 2209/1220/1447 2201/1213/1439
f 2203/1216/1442 2210/1221/1448 2202/1214/1440
f 2204/1222/1449 2211/1223/1450 2203/1216/1442
f 2206/1217/1443 2213/158/1451 2205/146/1452
f 2207/1218/1445 2214/1224/1453 2206/1217/1443
f 2208/1219/1446 2215/1225/1454 2207/1218/1445
f 2217/1226/1455 2208/1219/1446 2209/1220/1447
f 2218/1227/1456 2209/1220/1447 2210/1221/1448
f 2219/1228/1457 2210/1221/1448 2211/1223/1450
f 2220/1229/1458 2211/1223/1450 2212/1230/1459
f 2214/1224/1453 2221/142/1460 2213/158/1451
f 2215/1225/1454 2222/1231/1461 2214/1224/1453
f 2216/1232/1462 2223/1233/1463 2215/1225/1454
f 2225/1234/1464 2216/1232/1462 2217/1226/1455
f 2226/1235/1465 2217/1226/1455 2218/1227/1456
f 2227/1236/1466 2218/1227/1456 2219/1228/1457
f 2228/1237/1467 2219/1228/1457 2220/1229/1458
f 2222/1231/1461 2229/140/1468 2221/142/1460
f 2223/1233/1463 2230/1238/1469 2222/1231/1461
f 2224/1239/1470 2231/1240/1471 2223/1233/1463
f 2233/1241/1472 2224/1239/1470 2225/1234/1464
f 2234/1242/1473 2225/1234/1464 2226/1235/1465
f 2235/1243/1474 2226/1235/1465 2227/1236/1466
f 2236/1244/1475 2227/1236/1466 2228/1237/1467
f 2230/1238/1469 2237/139/1476 2229/140/1468
f 2231/1240/1471 2238/1245/1477 2230/1238/1469
f 2232/1246/1478 2239/1247/1479 2231/1240/1471
f 2241/1248/1480 2232/1246/1478 2233/1241/1472
f 2242/1249/1481 2233/1241/1472 2234/1242/1473
f 2243/1250/1482 2234/1242/1473 2235/1243/1474
f 2244/1251/1483 2235/1243/1474 2236/1244/1475
f 2246/1252/1484 2237/139/1476 2238/1245/1477
f 2247/1253/1485 2238/1245/1477 2239/1247/1479
f 2248/1254/1486 2239/1247/1479 2240/1255/1487
f 2249/1256/1488 2240/1255/1487 2241/1248/1480
f 2242/1249/1481 2249/1256/1488 2241/1248/1480
f 2243/1250/1482 2250/1257/1489 2242/1249/1481
f 2244/1251/1483 2251/1258/1490 2243/1250/1482
f 2254/1259/1491 2245/137/1492 2246/1252/1484
f 2255/1260/1493 2246/1252/1484 2247/1253/1485
f 2256/1261/1494 2247/1253/1485 2248/1254/1486
f 2257/1262/1495 2248/1254/1486 2249/1256/1488
f 2250/1257/1489 2257/1262/1495 2249/1256/1488
f 2251/1258/1490 2258/1263/1496 2250/1257/1489
f 2252/1264/1497 2259/1265/1498 2251/1258/1490
f 2262/1266/1499 2253/136/1500 2254/1259/1491
f 2263/1267/1501 2254/1259/1491 2255/1260/1493
f 2264/1268/1502 2255/1260/1493 2256/1261/1494
f 2265/1269/1503 2256/1261/1494 2257/1262/1495
f 2258/1263/1496 2265/1269/1503 2257/1262/1495
f 2259/1265/1498 2266/1270/1504 2258/1263/1496
f 2260/1271/1505 2267/1272/1506 2259/1265/1498
f 2270/1273/1507 2261/156/1508 2262/1266/1499
f 2271/1274/1509 2262/1266/1499 2263/1267/1501
f 2272/1275/1510 2263/1267/1501 2264/1268/1502
f 2273/1276/1511 2264/1268/1502 2265/1269/1503
f 2266/1270/1504 2273/1276/1511 2265/1269/1503
f 2267/1272/1506 2274/1277/1512 2266/1270/1504
f 2268/1278/1513 2275/1279/1514 2267/1272/1506
f 2270/1273/1507 2277/147/1515 2269/154/1516
f 2271/1274/1509 2278/1280/1517 2270/1273/1507
f 2272/1275/1510 2279/1281/1518 2271/1274/1509
f 2281/1282/1519 2272/1275/1510 2273/1276/1511
f 2282/1283/1520 2273/1276/1511 2274/1277/1512
f 2283/1284/1521 2274/1277/1512 2275/1279/1514
f 2284/1285/1522 2275/1279/1514 2276/1286/1523
f 2278/1280/1517 2285/149/1524 2277/147/1515
f 2279/1281/1518 2286/1287/1525 2278/1280/1517
f 2280/1288/1526 2287/1289/1527 2279/1281/1518
f 2289/1290/1528 2280/1288/1526 2281/1282/1519
f 2290/1291/1529 2281/1282/1519 2282/1283/1520
f 2291/1292/1530 2282/1283/1520 2283/1284/1521
f 2292/1293/1531 2283/1284/1521 2284/1285/1522
f 2294/1294/1532 2285/149/1524 2286/1287/1525
f 2295/1295/1533 2286/1287/1525 2287/1289/1527
f 2296/1296/1534 2287/1289/1527 2288/1297/1535
f 2297/1298/1536 2288/1297/1535 2289/1290/1528
f 2290/1291/1529 2297/1298/1536 2289/1290/1528
f 2291/1292/1530 2298/1299/1537 2290/1291/1529
f 2292/1293/1531 2299/1300/1538 2291/1292/1530
f 2302/1301/1539 2293/163/1540 2294/1294/1532
f 2303/1302/1541 2294/1294/1532 2295/1295/1533
f 2304/1303/1542 2295/1295/1533 2296/1296/1534
f 2305/1304/1543 2296/1296/1534 2297/1298/1536
f 2298/1299/1537 2305/1304/1543 2297/1298/1536
f 2299/1300/1538 2306/1305/1544 2298/1299/1537
f 2300/1306/1545 2307/1307/1546 2299/1300/1538
f 2310/1308/1547 2301/162/1548 2302/1301/1539
f 2311/1309/1549 2302/1301/1539 2303/1302/1541
f 2312/1310/1550 2303/1302/1541 2304/1303/1542
f 2305/1304/1543 2312/1310/1550 2304/1303/1542
f 2306/1305/1544 2313/1311/1551 2305/1304/1543
f 2307/1307/1546 2314/1312/1552 2306/1305/1544
f 2308/1313/1553 2315/1314/1554 2307/1307/1546
f 2310/1308/1547 2317/183/1555 2309/167/1556
f 2311/1309/1549 2318/1315/1557 2310/1308/1547
f 2312/1310/1550 2319/1316/1558 2311/1309/1549
f 2321/1317/1559 2312/1310/1550 2313/1311/1551
f 2322/1318/1560 2313/1311/1551 2314/1312/1552
f 2323/1319/1561 2314/1312/1552 2315/1314/1554
f 2324/1320/1562 2315/1314/1554 2316/1321/1563
f 2318/1315/1557 2325/174/1564 2317/183/1555
f 2319/1316/1558 2326/1322/1565 2318/1315/1557
f 2320/1323/1566 2327/1324/1567 2319/1316/1558
f 2329/1325/1568 2320/1323/1566 2321/1317/1559
f 2330/1326/1569 2321/1317/1559 2322/1318/1560
f 2331/1327/1570 2322/1318/1560 2323/1319/1561
f 2332/1328/1571 2323/1319/1561 2324/1320/1562
f 2326/1322/1565 2333/175/1572 2325/174/1564
f 2327/1324/1567 2334/1329/1573 2326/1322/1565
f 2328/1330/1574 2335/1331/1575 2327/1324/1567
f 2337/1332/1576 2328/1330/1574 2329/1325/1568
f 2338/1333/1577 2329/1325/1568 2330/1326/1569
f 2339/1334/1578 2330/1326/1569 2331/1327/1570
f 2340/1335/1579 2331/1327/1570 2332/1328/1571
f 2334/1329/1573 2341/172/1580 2333/175/1572
f 2335/1331/1575 2342/1336/1581 2334/1329/1573
f 2336/1337/1582 2343/1338/1583 2335/1331/1575
f 2345/1339/1584 2336/1337/1582 2337/1332/1576
f 2346/1340/1585 2337/1332/1576 2338/1333/1577
f 2347/1341/1586 2338/1333/1577 2339/1334/1578
f 2348/1342/1587 2339/1334/1578 2340/1335/1579
f 2350/1343/1588 2341/172/1580 2342/1336/1581
f 2351/1344/1002 2342/1336/1581 2343/1338/1583
f 2352/1345/1589 2343/1338/1583 2344/1346/1590
f 2353/1347/1006 2344/1346/1590 2345/1339/1584
f 2346/1340/1585 2353/1347/1006 2345/1339/1584
f 2347/1341/1586 2354/1348/1008 2346/1340/1585
f 2348/1342/1587 2355/1349/1010 2347/1341/1586
f 2358/1350/1012 2349/188/968 2350/1343/1588
f 2359/1351/1591 2350/1343/1588 2351/1344/1002
f 2360/1352/1592 2351/1344/1002 2352/1345/1589
f 2361/1353/1020 2352/1345/1589 2353/1347/1006
f 2362/1354/1014 2353/1347/1006 2354/1348/1008
f 2363/1355/1015 2354/1348/1008 2355/1349/1010
f 2364/1356/997 2355/1349/1010 2356/1357/981
f 2366/1358/1016 2357/189/998 2358/1350/1012
f 2367/1359/1024 2358/1350/1012 2359/1351/1591
f 2368/1360/1018 2359/1351/1591 2360/1352/1592
f 2369/1361/1593 2360/1352/1592 2361/1353/1020
f 2370/1362/1594 2361/1353/1020 2362/1354/1014
f 2371/1363/1022 2362/1354/1014 2363/1355/1015
f 2364/1356/997 2371/1363/1022 2363/1355/1015
f 2374/1364/1595 2365/173/990 2366/1358/1016
f 2375/1365/1596 2366/1358/1016 2367/1359/1024
f 2376/1366/1597 2367/1359/1024 2368/1360/1018
f 2377/1367/1598 2368/1360/1018 2369/1361/1593
f 2370/1362/1594 2377/1367/1598 2369/1361/1593
f 2371/1363/1022 2378/1368/1599 2370/1362/1594
f 2372/1369/988 2379/1370/1600 2371/1363/1022
f 2374/1364/1595 2381/170/1601 2373/171/1602
f 2375/1365/1596 2382/1371/1603 2374/1364/1595
f 2376/1366/1597 2383/1372/1604 2375/1365/1596
f 2385/1373/1605 2376/1366/1597 2377/1367/1598
f 2386/1374/1606 2377/1367/1598 2378/1368/1599
f 2387/1375/1607 2378/1368/1599 2379/1370/1600
f 2388/1376/1608 2379/1370/1600 2380/1377/1609
f 2382/1371/1603 2389/182/1610 2381/170/1601
f 2383/1372/1604 2390/1378/1611 2382/1371/1603
f 2384/1379/1612 2391/1380/1613 2383/1372/1604
f 2393/1381/1614 2384/1379/1612 2385/1373/1605
f 2394/1382/1615 2385/1373/1605 2386/1374/1606
f 2395/1383/1616 2386/1374/1606 2387/1375/1607
f 2396/1384/1617 2387/1375/1607 2388/1376/1608
f 2398/1385/1618 2389/182/1610 2390/1378/1611
f 2399/1386/1619 2390/1378/1611 2391/1380/1613
f 2400/1387/1620 2391/1380/1613 2392/1388/1621
f 2401/1389/1622 2392/1388/1621 2393/1381/1614
f 2394/1382/1615 2401/1389/1622 2393/1381/1614
f 2395/1383/1616 2402/1390/1623 2394/1382/1615
f 2396/1384/1617 2403/1391/1624 2395/1383/1616
f 1942/880/1183 2397/181/1625 2398/1385/1618
f 1943/882/1185 2398/1385/1618 2399/1386/1619
f 1944/883/1187 2399/1386/1619 2400/1387/1620
f 1945/884/1189 2400/1387/1620 2401/1389/1622
f 2402/1390/1623 1945/884/1189 2401/1389/1622
f 2403/1391/1624 1946/885/1190 2402/1390/1623
f 2404/1392/1626 1947/887/1191 2403/1391/1624
f 2414/1393/1588 2405/1/1000 2406/295/1627
f 2407/297/1003 2414/1393/1588 2406/295/1627
f 2416/1394/1628 2407/297/1003 2408/299/1005
f 2417/1395/1006 2408/299/1005 2409/301/1007
f 2410/302/1009 2417/1395/1006 2409/301/1007
f 2419/1396/1010 2410/302/1009 2411/303/1011
f 2420/1397/981 2411/303/1011 2412/2/980
f 2422/973/1012 2413/192/968 2414/1393/1588
f 2423/974/1591 2414/1393/1588 2415/1398/1002
f 2424/975/1629 2415/1398/1002 2416/1394/1628
f 2425/976/1630 2416/1394/1628 2417/1395/1006
f 2426/977/1014 2417/1395/1006 2418/1399/1008
f 2427/978/1015 2418/1399/1008 2419/1396/1010
f 2428/979/997 2419/1396/1010 2420/1397/981
f 2430/906/1016 2421/203/998 2422/973/1012
f 2431/907/1024 2422/973/1012 2423/974/1591
f 2424/975/1629 2431/907/1024 2423/974/1591
f 2433/908/1028 2424/975/1629 2425/976/1630
f 2434/909/1029 2425/976/1630 2426/977/1014
f 2427/978/1015 2434/909/1029 2426/977/1014
f 2428/979/997 2435/910/1022 2427/978/1015
f 2438/980/1001 2429/16/1027 2430/906/1016
f 2431/907/1024 2438/980/1001 2430/906/1016
f 2440/981/1631 2431/907/1024 2432/914/1031
f 2441/985/1007 2432/914/1031 2433/908/1028
f 2442/982/1632 2433/908/1028 2434/909/1029
f 2443/983/1011 2434/909/1029 2435/910/1022
f 2444/986/1633 2435/910/1022 2436/4/1030
f 2446/1400/967 2437/198/1634 2438/980/1001
f 2447/1401/970 2438/980/1001 2439/984/1635
f 2448/1402/1636 2439/984/1635 2440/981/1631
f 2449/1403/1637 2440/981/1631 2441/985/1007
f 2442/982/1632 2449/1403/1637 2441/985/1007
f 2443/983/1011 2450/1404/1638 2442/982/1632
f 2444/986/1633 2451/1405/978 2443/983/1011
f 2454/586/982 2445/195/983 2446/1400/967
f 2455/588/992 2446/1400/967 2447/1401/970
f 2456/589/984 2447/1401/970 2448/1402/1636
f 2457/590/1639 2448/1402/1636 2449/1403/1637
f 2450/1404/1638 2457/590/1639 2449/1403/1637
f 2459/593/1640 2450/1404/1638 2451/1405/978
f 2460/15/988 2451/1405/978 2452/1406/980
f 2454/586/982 2461/193/990 2453/22/990
f 2455/588/992 2462/1407/1016 2454/586/982
f 2456/589/984 2463/1408/1024 2455/588/992
f 2465/1409/1641 2456/589/984 2457/590/1639
f 2466/1410/1021 2457/590/1639 2458/591/1642
f 2467/1411/1643 2458/591/1642 2459/593/1640
f 2468/1412/1644 2459/593/1640 2460/15/988
f 2462/1407/1016 2469/205/983 2461/193/990
f 2471/988/1003 2462/1407/1016 2463/1408/1024
f 2472/989/1005 2463/1408/1024 2464/1413/1031
f 2473/990/1007 2464/1413/1031 2465/1409/1641
f 2466/1410/1021 2473/990/1007 2465/1409/1641
f 2475/992/1011 2466/1410/1021 2467/1411/1643
f 2476/999/980 2467/1411/1643 2468/1412/1644
f 2478/949/967 2469/205/983 2470/987/1001
f 2479/950/1645 2470/987/1001 2471/988/1003
f 2480/951/972 2471/988/1003 2472/989/1005
f 2481/952/1637 2472/989/1005 2473/990/1007
f 2474/991/1009 2481/952/1637 2473/990/1007
f 2475/992/1011 2482/953/1638 2474/991/1009
f 2476/999/980 2483/954/978 2475/992/1011
f 2478/949/967 2485/207/990 2477/29/983
f 2487/994/992 2478/949/967 2479/950/1645
f 2488/1000/1025 2479/950/1645 2480/951/972
f 2489/995/985 2480/951/972 2481/952/1637
f 2490/996/1646 2481/952/1637 2482/953/1638
f 2491/997/987 2482/953/1638 2483/954/978
f 2492/998/988 2483/954/978 2484/21/1633
f 2486/993/982 2493/206/1027 2485/207/990
f 2487/994/992 2494/1414/1016 2486/993/982
f 2488/1000/1025 2495/1415/1024 2487/994/992
f 2497/1416/1593 2488/1000/1025 2489/995/985
f 2498/1417/1029 2489/995/985 2490/996/1646
f 2499/1418/1022 2490/996/1646 2491/997/987
f 2500/1419/1030 2491/997/987 2492/998/988
f 2406/880/1627 2493/206/1027 2494/1414/1016
f 2495/1415/1024 2406/880/1627 2494/1414/1016
f 2408/883/1005 2495/1415/1024 2496/1420/1031
f 2409/884/1007 2496/1420/1031 2497/1416/1593
f 2410/885/1009 2497/1416/1593 2498/1417/1029
f 2411/887/1011 2498/1417/1029 2499/1418/1022
f 2412/28/980 2499/1418/1022 2500/1419/1030
f 862/294/247 861/307/262 853/1/248
f 863/296/250 862/294/247 854/295/249
f 864/298/252 863/296/250 855/297/251
f 865/300/254 864/298/252 856/299/253
f 858/302/256 866/304/258 865/300/254
f 859/303/257 867/305/260 866/304/258
f 860/2/259 868/312/267 867/305/260
f 870/306/261 869/315/270 861/307/262
f 871/308/263 870/306/261 862/294/247
f 872/309/264 871/308/263 863/296/250
f 873/310/265 872/309/264 864/298/252
f 866/304/258 874/311/266 873/310/265
f 867/305/260 875/313/268 874/311/266
f 868/312/267 876/322/277 875/313/268
f 870/306/261 878/316/271 877/314/269
f 871/308/263 879/317/272 878/316/271
f 872/309/264 880/325/280 879/317/272
f 881/318/273 880/325/280 872/309/264
f 882/319/274 881/318/273 873/310/265
f 883/320/275 882/319/274 874/311/266
f 884/321/276 883/320/275 875/313/268
f 878/316/271 886/324/279 885/323/278
f 879/317/272 887/326/281 886/324/279
f 880/325/280 888/333/288 887/326/281
f 889/327/282 888/333/288 880/325/280
f 890/328/283 889/327/282 881/318/273
f 891/329/284 890/328/283 882/319/274
f 892/330/285 891/329/284 883/320/275
f 886/324/279 894/332/287 893/331/286
f 887/326/281 895/334/289 894/332/287
f 888/333/288 896/341/296 895/334/289
f 897/335/290 896/341/296 888/333/288
f 898/336/291 897/335/290 889/327/282
f 899/337/292 898/336/291 890/328/283
f 900/338/293 899/337/292 891/329/284
f 894/332/287 902/340/295 901/339/294
f 895/334/289 903/342/297 902/340/295
f 896/341/296 904/350/305 903/342/297
f 905/343/298 904/350/305 896/341/296
f 906/344/299 905/343/298 897/335/290
f 907/345/300 906/344/299 898/336/291
f 908/346/301 907/345/300 899/337/292
f 910/347/302 909/355/310 901/339/294
f 911/348/303 910/347/302 902/340/295
f 912/349/304 911/348/303 903/342/297
f 913/351/306 912/349/304 904/350/305
f 906/344/299 914/352/307 913/351/306
f 907/345/300 915/353/308 914/352/307
f 908/346/301 916/362/317 915/353/308
f 910/347/302 918/356/311 917/354/309
f 911/348/303 919/357/312 918/356/311
f 912/349/304 920/366/321 919/357/312
f 921/358/313 920/366/321 912/349/304
f 922/359/314 921/358/313 913/351/306
f 923/360/315 922/359/314 914/352/307
f 924/361/316 923/360/315 915/353/308
f 926/363/318 925/371/326 917/354/309
f 927/364/319 926/363/318 918/356/311
f 928/365/320 927/364/319 919/357/312
f 929/367/322 928/365/320 920/366/321
f 922/359/314 930/368/323 929/367/322
f 923/360/315 931/369/324 930/368/323
f 924/361/316 932/376/331 931/369/324
f 934/370/325 933/379/334 925/371/326
f 935/372/327 934/370/325 926/363/318
f 936/373/328 935/372/327 927/364/319
f 937/374/329 936/373/328 928/365/320
f 930/368/323 938/375/330 937/374/329
f 931/369/324 939/377/332 938/375/330
f 932/376/331 940/386/341 939/377/332
f 934/370/325 942/380/335 941/378/333
f 935/372/327 943/381/336 942/380/335
f 936/373/328 944/389/344 943/381/336
f 945/382/337 944/389/344 936/373/328
f 946/383/338 945/382/337 937/374/329
f 947/384/339 946/383/338 938/375/330
f 948/385/340 947/384/339 939/377/332
f 942/380/335 950/388/343 949/387/342
f 943/381/336 951/390/345 950/388/343
f 944/389/344 952/397/352 951/390/345
f 953/391/346 952/397/352 944/389/344
f 954/392/347 953/391/346 945/382/337
f 955/393/348 954/392/347 946/383/338
f 956/394/349 955/393/348 947/384/339
f 950/388/343 958/396/351 957/395/350
f 951/390/345 959/398/353 958/396/351
f 952/397/352 960/405/360 959/398/353
f 961/399/354 960/405/360 952/397/352
f 962/400/355 961/399/354 953/391/346
f 963/401/356 962/400/355 954/392/347
f 964/402/357 963/401/356 955/393/348
f 958/396/351 966/404/359 965/403/358
f 959/398/353 967/406/361 966/404/359
f 960/405/360 968/413/368 967/406/361
f 969/407/362 968/413/368 960/405/360
f 970/408/363 969/407/362 961/399/354
f 971/409/364 970/408/363 962/400/355
f 972/410/365 971/409/364 963/401/356
f 966/404/359 974/412/367 973/411/366
f 967/406/361 975/414/369 974/412/367
f 968/413/368 976/422/377 975/414/369
f 977/415/370 976/422/377 968/413/368
f 978/416/371 977/415/370 969/407/362
f 979/417/372 978/416/371 970/408/363
f 980/418/373 979/417/372 971/409/364
f 982/419/374 981/427/382 973/411/366
f 983/420/375 982/419/374 974/412/367
f 984/421/376 983/420/375 975/414/369
f 985/423/378 984/421/376 976/422/377
f 978/416/371 986/424/379 985/423/378
f 979/417/372 987/425/380 986/424/379
f 980/418/373 988/432/387 987/425/380
f 990/426/381 989/435/390 981/427/382
f 991/428/383 990/426/381 982/419/374
f 992/429/384 991/428/383 983/420/375
f 993/430/385 992/429/384 984/421/376
f 986/424/379 994/431/386 993/430/385
f 987/425/380 995/433/388 994/431/386
f 988/432/387 996/440/395 995/433/388
f 998/434/389 997/443/398 989/435/390
f 999/436/391 998/434/389 990/426/381
f 1000/437/392 999/436/391 991/428/383
f 1001/438/393 1000/437/392 992/429/384
f 994/431/386 1002/439/394 1001/438/393
f 995/433/388 1003/441/396 1002/439/394
f 996/440/395 1004/448/403 1003/441/396
f 1006/442/397 1005/451/406 997/443/398
f 1007/444/399 1006/442/397 998/434/389
f 1008/445/400 1007/444/399 999/436/391
f 1009/446/401 1008/445/400 1000/437/392
f 1002/439/394 1010/447/402 1009/446/401
f 1003/441/396 1011/449/404 1010/447/402
f 1004/448/403 1012/456/411 1011/449/404
f 1014/450/405 1013/459/414 1005/451/406
f 1015/452/407 1014/450/405 1006/442/397
f 1016/453/408 1015/452/407 1007/444/399
f 1017/454/409 1016/453/408 1008/445/400
f 1010/447/402 1018/455/410 1017/454/409
f 1011/449/404 1019/457/412 1018/455/410
f 1012/456/411 1020/466/421 1019/457/412
f 1014/450/405 1022/460/415 1021/458/413
f 1015/452/407 1023/461/416 1022/460/415
f 1016/453/408 1024/470/425 1023/461/416
f 1025/462/417 1024/470/425 1016/453/408
f 1026/463/418 1025/462/417 1017/454/409
f 1027/464/419 1026/463/418 1018/455/410
f 1028/465/420 1027/464/419 1019/457/412
f 1030/467/422 1029/475/430 1021/458/413
f 1031/468/423 1030/467/422 1022/460/415
f 1032/469/424 1031/468/423 1023/461/416
f 1033/471/426 1032/469/424 1024/470/425
f 1026/463/418 1034/472/427 1033/471/426
f 1027/464/419 1035/473/428 1034/472/427
f 1028/465/420 1036/482/437 1035/473/428
f 1030/467/422 1038/476/431 1037/474/429
f 1031/468/423 1039/477/432 1038/476/431
f 1032/469/424 1040/485/440 1039/477/432
f 1041/478/433 1040/485/440 1032/469/424
f 1042/479/434 1041/478/433 1033/471/426
f 1043/480/435 1042/479/434 1034/472/427
f 1044/481/436 1043/480/435 1035/473/428
f 1038/476/431 1046/484/439 1045/483/438
f 1039/477/432 1047/486/441 1046/484/439
f 1040/485/440 1048/493/448 1047/486/441
f 1049/487/442 1048/493/448 1040/485/440
f 1050/488/443 1049/487/442 1041/478/433
f 1051/489/444 1050/488/443 1042/479/434
f 1052/490/445 1051/489/444 1043/480/435
f 1046/484/439 1054/492/447 1053/491/446
f 1047/486/441 1055/494/449 1054/492/447
f 1048/493/448 1056/501/456 1055/494/449
f 1057/495/450 1056/501/456 1048/493/448
f 1058/496/451 1057/495/450 1049/487/442
f 1059/497/452 1058/496/451 1050/488/443
f 1060/498/453 1059/497/452 1051/489/444
f 1054/492/447 1062/500/455 1061/499/454
f 1055/494/449 1063/502/457 1062/500/455
f 1056/501/456 1064/509/464 1063/502/457
f 1065/503/458 1064/509/464 1056/501/456
f 1066/504/459 1065/503/458 1057/495/450
f 1067/505/460 1066/504/459 1058/496/451
f 1068/506/461 1067/505/460 1059/497/452
f 1062/500/455 1070/508/463 1069/507/462
f 1063/502/457 1071/510/465 1070/508/463
f 1064/509/464 1072/517/472 1071/510/465
f 1073/511/466 1072/517/472 1064/509/464
f 1074/512/467 1073/511/466 1065/503/458
f 1075/513/468 1074/512/467 1066/504/459
f 1076/514/469 1075/513/468 1067/505/460
f 1070/508/463 1078/516/471 1077/515/470
f 1071/510/465 1079/518/473 1078/516/471
f 1072/517/472 1080/525/480 1079/518/473
f 1081/519/474 1080/525/480 1072/517/472
f 1082/520/475 1081/519/474 1073/511/466
f 1083/521/476 1082/520/475 1074/512/467
f 1084/522/477 1083/521/476 1075/513/468
f 1078/516/471 1086/524/479 1085/523/478
f 1079/518/473 1087/526/481 1086/524/479
f 1080/525/480 1088/533/488 1087/526/481
f 1089/527/482 1088/533/488 1080/525/480
f 1090/528/483 1089/527/482 1081/519/474
f 1091/529/484 1090/528/483 1082/520/475
f 1092/530/485 1091/529/484 1083/521/476
f 1086/524/479 1094/532/487 1093/531/486
f 1087/526/481 1095/534/489 1094/532/487
f 1088/533/488 1096/541/496 1095/534/489
f 1097/535/490 1096/541/496 1088/533/488
f 1098/536/491 1097/535/490 1089/527/482
f 1099/537/492 1098/536/491 1090/528/483
f 1100/538/493 1099/537/492 1091/529/484
f 1094/532/487 1102/540/495 1101/539/494
f 1095/534/489 1103/542/497 1102/540/495
f 1096/541/496 1104/550/505 1103/542/497
f 1105/543/498 1104/550/505 1096/541/496
f 1106/544/499 1105/543/498 1097/535/490
f 1107/545/500 1106/544/499 1098/536/491
f 1108/546/501 1107/545/500 1099/537/492
f 1110/547/502 1109/555/510 1101/539/494
f 1111/548/503 1110/547/502 1102/540/495
f 1112/549/504 1111/548/503 1103/542/497
f 1113/551/506 1112/549/504 1104/550/505
f 1106/544/499 1114/552/507 1113/551/506
f 1107/545/500 1115/553/508 1114/552/507
f 1108/546/501 1116/560/515 1115/553/508
f 1118/554/509 1117/563/518 1109/555/510
f 1119/556/511 1118/554/509 1110/547/502
f 1120/557/512 1119/556/511 1111/548/503
f 1121/558/513 1120/557/512 1112/549/504
f 1114/552/507 1122/559/514 1121/558/513
f 1115/553/508 1123/561/516 1122/559/514
f 1116/560/515 1124/568/523 1123/561/516
f 1126/562/517 1125/571/526 1117/563/518
f 1127/564/519 1126/562/517 1118/554/509
f 1128/565/520 1127/564/519 1119/556/511
f 1129/566/521 1128/565/520 1120/557/512
f 1122/559/514 1130/567/522 1129/566/521
f 1123/561/516 1131/569/524 1130/567/522
f 1124/568/523 1132/576/531 1131/569/524
f 1134/570/525 1133/579/534 1125/571/526
f 1135/572/527 1134/570/525 1126/562/517
f 1136/573/528 1135/572/527 1127/564/519
f 1137/574/529 1136/573/528 1128/565/520
f 1130/567/522 1138/575/530 1137/574/529
f 1131/569/524 1139/577/532 1138/575/530
f 1132/576/531 1140/584/539 1139/577/532
f 1142/578/533 1141/587/542 1133/579/534
f 1143/580/535 1142/578/533 1134/570/525
f 1144/581/536 1143/580/535 1135/572/527
f 1145/582/537 1144/581/536 1136/573/528
f 1138/575/530 1146/583/538 1145/582/537
f 1139/577/532 1147/585/540 1146/583/538
f 1140/584/539 1148/592/547 1147/585/540
f 1150/586/541 1149/22/550 1141/587/542
f 1151/588/543 1150/586/541 1142/578/533
f 1152/589/544 1151/588/543 1143/580/535
f 1153/590/545 1152/589/544 1144/581/536
f 1146/583/538 1154/591/546 1153/590/545
f 1147/585/540 1155/593/548 1154/591/546
f 1148/592/547 1156/15/555 1155/593/548
f 1158/594/549 1157/601/558 1149/22/550
f 1159/595/551 1158/594/549 1150/586/541
f 1160/596/552 1159/595/551 1151/588/543
f 1161/597/553 1160/596/552 1152/589/544
f 1154/591/546 1162/598/554 1161/597/553
f 1155/593/548 1163/599/556 1162/598/554
f 1156/15/555 1164/608/565 1163/599/556
f 1158/594/549 1166/602/559 1165/600/557
f 1159/595/551 1167/603/560 1166/602/559
f 1160/596/552 1168/611/568 1167/603/560
f 1169/604/561 1168/611/568 1160/596/552
f 1170/605/562 1169/604/561 1161/597/553
f 1171/606/563 1170/605/562 1162/598/554
f 1172/607/564 1171/606/563 1163/599/556
f 1166/602/559 1174/610/567 1173/609/566
f 1167/603/560 1175/612/569 1174/610/567
f 1168/611/568 1176/619/576 1175/612/569
f 1177/613/570 1176/619/576 1168/611/568
f 1178/614/571 1177/613/570 1169/604/561
f 1179/615/572 1178/614/571 1170/605/562
f 1180/616/573 1179/615/572 1171/606/563
f 1174/610/567 1182/618/575 1181/617/574
f 1175/612/569 1183/620/577 1182/618/575
f 1176/619/576 1184/627/584 1183/620/577
f 1185/621/578 1184/627/584 1176/619/576
f 1186/622/579 1185/621/578 1177/613/570
f 1187/623/580 1186/622/579 1178/614/571
f 1188/624/581 1187/623/580 1179/615/572
f 1182/618/575 1190/626/583 1189/625/582
f 1183/620/577 1191/628/585 1190/626/583
f 1184/627/584 1192/635/592 1191/628/585
f 1193/629/586 1192/635/592 1184/627/584
f 1194/630/587 1193/629/586 1185/621/578
f 1195/631/588 1194/630/587 1186/622/579
f 1196/632/589 1195/631/588 1187/623/580
f 1190/626/583 1198/634/591 1197/633/590
f 1191/628/585 1199/636/593 1198/634/591
f 1192/635/592 1200/643/600 1199/636/593
f 1201/637/594 1200/643/600 1192/635/592
f 1202/638/595 1201/637/594 1193/629/586
f 1203/639/596 1202/638/595 1194/630/587
f 1204/640/597 1203/639/596 1195/631/588
f 1198/634/591 1206/642/599 1205/641/598
f 1199/636/593 1207/644/601 1206/642/599
f 1200/643/600 1208/652/609 1207/644/601
f 1209/645/602 1208/652/609 1200/643/600
f 1210/646/603 1209/645/602 1201/637/594
f 1211/647/604 1210/646/603 1202/638/595
f 1212/648/605 1211/647/604 1203/639/596
f 1214/649/606 1213/657/614 1205/641/598
f 1215/650/607 1214/649/606 1206/642/599
f 1216/651/608 1215/650/607 1207/644/601
f 1217/653/610 1216/651/608 1208/652/609
f 1210/646/603 1218/654/611 1217/653/610
f 1211/647/604 1219/655/612 1218/654/611
f 1212/648/605 1220/662/619 1219/655/612
f 1222/656/613 1221/665/622 1213/657/614
f 1223/658/615 1222/656/613 1214/649/606
f 1224/659/616 1223/658/615 1215/650/607
f 1225/660/617 1224/659/616 1216/651/608
f 1218/654/611 1226/661/618 1225/660/617
f 1219/655/612 1227/663/620 1226/661/618
f 1220/662/619 1228/672/629 1227/663/620
f 1222/656/613 1230/666/623 1229/664/621
f 1223/658/615 1231/667/624 1230/666/623
f 1224/659/616 1232/675/632 1231/667/624
f 1233/668/625 1232/675/632 1224/659/616
f 1234/669/626 1233/668/625 1225/660/617
f 1235/670/627 1234/669/626 1226/661/618
f 1236/671/628 1235/670/627 1227/663/620
f 1230/666/623 1238/674/631 1237/673/630
f 1231/667/624 1239/676/633 1238/674/631
f 1232/675/632 1240/683/640 1239/676/633
f 1241/677/634 1240/683/640 1232/675/632
f 1242/678/635 1241/677/634 1233/668/625
f 1243/679/636 1242/678/635 1234/669/626
f 1244/680/637 1243/679/636 1235/670/627
f 1238/674/631 1246/682/639 1245/681/638
f 1239/676/633 1247/684/641 1246/682/639
f 1240/683/640 1248/691/648 1247/684/641
f 1249/685/642 1248/691/648 1240/683/640
f 1250/686/643 1249/685/642 1241/677/634
f 1251/687/644 1250/686/643 1242/678/635
f 1252/688/645 1251/687/644 1243/679/636
f 1246/682/639 1254/690/647 1253/689/646
f 1247/684/641 1255/692/649 1254/690/647
f 1248/691/648 1256/700/657 1255/692/649
f 1257/693/650 1256/700/657 1248/691/648
f 1258/694/651 1257/693/650 1249/685/642
f 1259/695/652 1258/694/651 1250/686/643
f 1260/696/653 1259/695/652 1251/687/644
f 1262/697/654 1261/705/662 1253/689/646
f 1263/698/655 1262/697/654 1254/690/647
f 1264/699/656 1263/698/655 1255/692/649
f 1265/701/658 1264/699/656 1256/700/657
f 1258/694/651 1266/702/659 1265/701/658
f 1259/695/652 1267/703/660 1266/702/659
f 1260/696/653 1268/710/667 1267/703/660
f 1270/704/661 1269/713/670 1261/705/662
f 1271/706/663 1270/704/661 1262/697/654
f 1272/707/664 1271/706/663 1263/698/655
f 1273/708/665 1272/707/664 1264/699/656
f 1266/702/659 1274/709/666 1273/708/665
f 1267/703/660 1275/711/668 1274/709/666
f 1268/710/667 1276/718/675 1275/711/668
f 1278/712/669 1277/721/678 1269/713/670
f 1279/714/671 1278/712/669 1270/704/661
f 1280/715/672 1279/714/671 1271/706/663
f 1281/716/673 1280/715/672 1272/707/664
f 1274/709/666 1282/717/674 1281/716/673
f 1275/711/668 1283/719/676 1282/717/674
f 1276/718/675 1284/726/683 1283/719/676
f 1286/720/677 1285/729/686 1277/721/678
f 1287/722/679 1286/720/677 1278/712/669
f 1288/723/680 1287/722/679 1279/714/671
f 1289/724/681 1288/723/680 1280/715/672
f 1282/717/674 1290/725/682 1289/724/681
f 1283/719/676 1291/727/684 1290/725/682
f 1284/726/683 1292/736/693 1291/727/684
f 1286/720/677 1294/730/687 1293/728/685
f 1287/722/679 1295/731/688 1294/730/687
f 1288/723/680 1296/740/697 1295/731/688
f 1297/732/689 1296/740/697 1288/723/680
f 1298/733/690 1297/732/689 1289/724/681
f 1299/734/691 1298/733/690 1290/725/682
f 1300/735/692 1299/734/691 1291/727/684
f 1302/737/694 1301/745/702 1293/728/685
f 1303/738/695 1302/737/694 1294/730/687
f 1304/739/696 1303/738/695 1295/731/688
f 1305/741/698 1304/739/696 1296/740/697
f 1298/733/690 1306/742/699 1305/741/698
f 1299/734/691 1307/743/700 1306/742/699
f 1300/735/692 1308/752/709 1307/743/700
f 1302/737/694 1310/746/703 1309/744/701
f 1303/738/695 1311/747/704 1310/746/703
f 1304/739/696 1312/755/712 1311/747/704
f 1313/748/705 1312/755/712 1304/739/696
f 1314/749/706 1313/748/705 1305/741/698
f 1315/750/707 1314/749/706 1306/742/699
f 1316/751/708 1315/750/707 1307/743/700
f 1310/746/703 1318/754/711 1317/753/710
f 1311/747/704 1319/756/713 1318/754/711
f 1312/755/712 1320/763/720 1319/756/713
f 1321/757/714 1320/763/720 1312/755/712
f 1322/758/715 1321/757/714 1313/748/705
f 1323/759/716 1322/758/715 1314/749/706
f 1324/760/717 1323/759/716 1315/750/707
f 1318/754/711 1326/762/719 1325/761/718
f 1319/756/713 1327/764/721 1326/762/719
f 1320/763/720 1328/771/728 1327/764/721
f 1329/765/722 1328/771/728 1320/763/720
f 1330/766/723 1329/765/722 1321/757/714
f 1331/767/724 1330/766/723 1322/758/715
f 1332/768/725 1331/767/724 1323/759/716
f 1326/762/719 1334/770/727 1333/769/726
f 1327/764/721 1335/772/729 1334/770/727
f 1328/771/728 1336/779/736 1335/772/729
f 1337/773/730 1336/779/736 1328/771/728
f 1338/774/731 1337/773/730 1329/765/722
f 1339/775/732 1338/774/731 1330/766/723
f 1340/776/733 1339/775/732 1331/767/724
f 1334/770/727 1342/778/735 1341/777/734
f 1335/772/729 1343/780/737 1342/778/735
f 1336/779/736 1344/787/744 1343/780/737
f 1345/781/738 1344/787/744 1336/779/736
f 1346/782/739 1345/781/738 1337/773/730
f 1347/783/740 1346/782/739 1338/774/731
f 1348/784/741 1347/783/740 1339/775/732
f 1342/778/735 1350/786/743 1349/785/742
f 1343/780/737 1351/788/745 1350/786/743
f 1344/787/744 1352/795/752 1351/788/745
f 1353/789/746 1352/795/752 1344/787/744
f 1354/790/747 1353/789/746 1345/781/738
f 1355/791/748 1354/790/747 1346/782/739
f 1356/792/749 1355/791/748 1347/783/740
f 1350/786/743 1358/794/751 1357/793/750
f 1351/788/745 1359/796/753 1358/794/751
f 1352/795/752 1360/803/760 1359/796/753
f 1361/797/754 1360/803/760 1352/795/752
f 1362/798/755 1361/797/754 1353/789/746
f 1363/799/756 1362/798/755 1354/790/747
f 1364/800/757 1363/799/756 1355/791/748
f 1358/794/751 1366/802/759 1365/801/758
f 1359/796/753 1367/804/761 1366/802/759
f 1360/803/760 1368/811/768 1367/804/761
f 1369/805/762 1368/811/768 1360/803/760
f 1370/806/763 1369/805/762 1361/797/754
f 1371/807/764 1370/806/763 1362/798/755
f 1372/808/765 1371/807/764 1363/799/756
f 1366/802/759 1374/810/767 1373/809/766
f 1367/804/761 1375/812/769 1374/810/767
f 1368/811/768 1376/819/776 1375/812/769
f 1377/813/770 1376/819/776 1368/811/768
f 1378/814/771 1377/813/770 1369/805/762
f 1379/815/772 1378/814/771 1370/806/763
f 1380/816/773 1379/815/772 1371/807/764
f 1374/810/767 1382/818/775 1381/817/774
f 1375/812/769 1383/820/777 1382/818/775
f 1376/819/776 1384/827/784 1383/820/777
f 1385/821/778 1384/827/784 1376/819/776
f 1386/822/779 1385/821/778 1377/813/770
f 1387/823/780 1386/822/779 1378/814/771
f 1388/824/781 1387/823/780 1379/815/772
f 1382/818/775 1390/826/783 1389/825/782
f 1383/820/777 1391/828/785 1390/826/783
f 1384/827/784 1392/835/792 1391/828/785
f 1393/829/786 1392/835/792 1384/827/784
f 1394/830/787 1393/829/786 1385/821/778
f 1395/831/788 1394/830/787 1386/822/779
f 1396/832/789 1395/831/788 1387/823/780
f 1390/826/783 1398/834/791 1397/833/790
f 1391/828/785 1399/836/793 1398/834/791
f 1392/835/792 1400/843/800 1399/836/793
f 1401/837/794 1400/843/800 1392/835/792
f 1402/838/795 1401/837/794 1393/829/786
f 1403/839/796 1402/838/795 1394/830/787
f 1404/840/797 1403/839/796 1395/831/788
f 1398/834/791 1406/842/799 1405/841/798
f 1399/836/793 1407/844/801 1406/842/799
f 1400/843/800 1408/852/809 1407/844/801
f 1409/845/802 1408/852/809 1400/843/800
f 1410/846/803 1409/845/802 1401/837/794
f 1411/847/804 1410/846/803 1402/838/795
f 1412/848/805 1411/847/804 1403/839/796
f 1414/849/806 1413/857/814 1405/841/798
f 1415/850/807 1414/849/806 1406/842/799
f 1416/851/808 1415/850/807 1407/844/801
f 1417/853/810 1416/851/808 1408/852/809
f 1410/846/803 1418/854/811 1417/853/810
f 1411/847/804 1419/855/812 1418/854/811
f 1412/848/805 1420/864/821 1419/855/812
f 1414/849/806 1422/858/815 1421/856/813
f 1415/850/807 1423/859/816 1422/858/815
f 1416/851/808 1424/867/824 1423/859/816
f 1425/860/817 1424/867/824 1416/851/808
f 1426/861/818 1425/860/817 1417/853/810
f 1427/862/819 1426/861/818 1418/854/811
f 1428/863/820 1427/862/819 1419/855/812
f 1422/858/815 1430/866/823 1429/865/822
f 1423/859/816 1431/868/825 1430/866/823
f 1424/867/824 1432/876/833 1431/868/825
f 1433/869/826 1432/876/833 1424/867/824
f 1434/870/827 1433/869/826 1425/860/817
f 1435/871/828 1434/870/827 1426/861/818
f 1436/872/829 1435/871/828 1427/862/819
f 1438/873/830 1437/881/837 1429/865/822
f 1439/874/831 1438/873/830 1430/866/823
f 1440/875/832 1439/874/831 1431/868/825
f 1441/877/834 1440/875/832 1432/876/833
f 1434/870/827 1442/878/835 1441/877/834
f 1435/871/828 1443/879/836 1442/878/835
f 1436/872/829 1444/886/838 1443/879/836
f 854/880/249 853/129/248 1437/881/837
f 855/882/251 854/880/249 1438/873/830
f 856/883/253 855/882/251 1439/874/831
f 857/884/255 856/883/253 1440/875/832
f 1442/878/835 858/885/256 857/884/255
f 1443/879/836 859/887/257 858/885/256
f 1444/886/838 860/28/259 859/887/257
f 1446/295/839 1454/888/843 1453/213/840
f 1447/297/842 1455/889/845 1454/888/843
f 1448/299/844 1456/896/857 1455/889/845
f 1457/890/846 1456/896/857 1448/299/844
f 1458/891/848 1457/890/846 1449/301/847
f 1459/892/850 1458/891/848 1450/302/849
f 1460/86/852 1459/892/850 1451/303/851
f 1462/893/854 1461/197/862 1453/213/840
f 1463/894/855 1462/893/854 1454/888/843
f 1464/895/856 1463/894/855 1455/889/845
f 1457/890/846 1465/897/858 1464/895/856
f 1458/891/848 1466/898/859 1465/897/858
f 1459/892/850 1467/899/860 1466/898/859
f 1460/86/852 1468/122/867 1467/899/860
f 1470/900/861 1469/210/870 1461/197/862
f 1471/901/863 1470/900/861 1462/893/854
f 1472/902/864 1471/901/863 1463/894/855
f 1473/903/865 1472/902/864 1464/895/856
f 1466/898/859 1474/904/866 1473/903/865
f 1467/899/860 1475/905/868 1474/904/866
f 1468/122/867 1476/93/877 1475/905/868
f 1470/900/861 1478/906/871 1477/16/869
f 1471/901/863 1479/907/872 1478/906/871
f 1472/902/864 1480/914/881 1479/907/872
f 1481/908/873 1480/914/881 1472/902/864
f 1482/909/874 1481/908/873 1473/903/865
f 1483/910/875 1482/909/874 1474/904/866
f 1484/4/876 1483/910/875 1475/905/868
f 1486/911/878 1485/214/886 1477/16/869
f 1487/912/879 1486/911/878 1478/906/871
f 1488/913/880 1487/912/879 1479/907/872
f 1489/915/882 1488/913/880 1480/914/881
f 1482/909/874 1490/916/883 1489/915/882
f 1483/910/875 1491/917/884 1490/916/883
f 1484/4/876 1492/108/891 1491/917/884
f 1494/918/885 1493/200/894 1485/214/886
f 1495/919/887 1494/918/885 1486/911/878
f 1496/920/888 1495/919/887 1487/912/879
f 1497/921/889 1496/920/888 1488/913/880
f 1490/916/883 1498/922/890 1497/921/889
f 1491/917/884 1499/923/892 1498/922/890
f 1492/108/891 1500/929/901 1499/923/892
f 1494/918/885 1502/924/895 1501/212/893
f 1495/919/887 1503/925/896 1502/924/895
f 1496/920/888 1504/926/897 1503/925/896
f 1497/921/889 1505/930/906 1504/926/897
f 1506/927/898 1505/930/906 1497/921/889
f 1507/928/899 1506/927/898 1498/922/890
f 1508/115/900 1507/928/899 1499/923/892
f 1510/586/902 1509/22/910 1501/212/893
f 1511/588/903 1510/586/902 1502/924/895
f 1512/589/904 1511/588/903 1503/925/896
f 1513/590/905 1512/589/904 1504/926/897
f 1506/927/898 1514/591/907 1513/590/905
f 1507/928/899 1515/593/908 1514/591/907
f 1508/115/900 1516/15/915 1515/593/908
f 1518/931/909 1517/211/918 1509/22/910
f 1519/932/911 1518/931/909 1510/586/902
f 1520/933/912 1519/932/911 1511/588/903
f 1521/934/913 1520/933/912 1512/589/904
f 1514/591/907 1522/935/914 1521/934/913
f 1515/593/908 1523/936/916 1522/935/914
f 1516/15/915 1524/38/925 1523/936/916
f 1518/931/909 1526/937/919 1525/196/917
f 1519/932/911 1527/938/920 1526/937/919
f 1520/933/912 1528/945/929 1527/938/920
f 1529/939/921 1528/945/929 1520/933/912
f 1530/940/922 1529/939/921 1521/934/913
f 1531/941/923 1530/940/922 1522/935/914
f 1532/119/924 1531/941/923 1523/936/916
f 1534/942/926 1533/215/934 1525/196/917
f 1535/943/927 1534/942/926 1526/937/919
f 1536/944/928 1535/943/927 1527/938/920
f 1537/946/930 1536/944/928 1528/945/929
f 1530/940/922 1538/947/931 1537/946/930
f 1531/941/923 1539/948/932 1538/947/931
f 1532/119/924 1540/51/939 1539/948/932
f 1542/949/933 1541/29/942 1533/215/934
f 1543/950/935 1542/949/933 1534/942/926
f 1544/951/936 1543/950/935 1535/943/927
f 1545/952/937 1544/951/936 1536/944/928
f 1538/947/931 1546/953/938 1545/952/937
f 1539/948/932 1547/954/940 1546/953/938
f 1540/51/939 1548/21/947 1547/954/940
f 1550/955/941 1549/217/950 1541/29/942
f 1551/956/943 1550/955/941 1542/949/933
f 1552/957/944 1551/956/943 1543/950/935
f 1553/958/945 1552/957/944 1544/951/936
f 1546/953/938 1554/959/946 1553/958/945
f 1547/954/940 1555/960/948 1554/959/946
f 1548/21/947 1556/120/955 1555/960/948
f 1558/961/949 1557/208/958 1549/217/950
f 1559/962/951 1558/961/949 1550/955/941
f 1560/963/952 1559/962/951 1551/956/943
f 1561/964/953 1560/963/952 1552/957/944
f 1554/959/946 1562/965/954 1561/964/953
f 1555/960/948 1563/966/956 1562/965/954
f 1556/120/955 1564/66/965 1563/966/956
f 1558/961/949 1566/967/959 1565/216/957
f 1559/962/951 1567/968/960 1566/967/959
f 1560/963/952 1568/972/966 1567/968/960
f 1569/969/961 1568/972/966 1560/963/952
f 1570/970/962 1569/969/961 1561/964/953
f 1571/971/963 1570/970/962 1562/965/954
f 1572/121/964 1571/971/963 1563/966/956
f 1566/967/959 1446/880/839 1445/129/841
f 1567/968/960 1447/882/842 1446/880/839
f 1568/972/966 1448/883/844 1447/882/842
f 1449/884/847 1448/883/844 1568/972/966
f 1450/885/849 1449/884/847 1569/969/961
f 1451/887/851 1450/885/849 1570/970/962
f 1452/28/853 1451/887/851 1571/971/963
f 1582/906/967 1581/16/983 1573/1/968
f 1583/907/970 1582/906/967 1574/295/969
f 1584/914/972 1583/907/970 1575/297/971
f 1585/908/974 1584/914/972 1576/299/973
f 1586/909/976 1585/908/974 1577/301/975
f 1587/910/978 1586/909/976 1578/302/977
f 1588/4/980 1587/910/978 1579/303/979
f 1590/586/982 1589/22/990 1581/16/983
f 1583/907/970 1591/588/992 1590/586/982
f 1592/589/984 1591/588/992 1583/907/970
f 1593/590/985 1592/589/984 1584/914/972
f 1594/591/986 1593/590/985 1585/908/974
f 1595/593/987 1594/591/986 1586/909/976
f 1596/15/988 1595/593/987 1587/910/978
f 1598/949/989 1597/29/998 1589/22/990
f 1599/950/991 1598/949/989 1590/586/982
f 1600/951/993 1599/950/991 1591/588/992
f 1601/952/994 1600/951/993 1592/589/984
f 1602/953/995 1601/952/994 1593/590/985
f 1603/954/996 1602/953/995 1594/591/986
f 1604/21/997 1603/954/996 1595/593/987
f 1574/880/969 1573/129/968 1597/29/998
f 1575/882/971 1574/880/969 1598/949/989
f 1576/883/973 1575/882/971 1599/950/991
f 1577/884/975 1576/883/973 1600/951/993
f 1578/885/977 1577/884/975 1601/952/994
f 1603/954/996 1579/887/979 1578/885/977
f 1580/28/981 1579/887/979 1603/954/996
f 1614/973/999 1613/203/968 1605/1/1000
f 1615/974/1002 1614/973/999 1606/295/1001
f 1616/975/1004 1615/974/1002 1607/297/1003
f 1617/976/1006 1616/975/1004 1608/299/1005
f 1618/977/1008 1617/976/1006 1609/301/1007
f 1619/978/1010 1618/977/1008 1610/302/1009
f 1620/979/981 1619/978/1010 1611/303/1011
f 1622/980/1012 1621/198/998 1613/203/968
f 1615/974/1002 1623/984/1017 1622/980/1012
f 1624/981/1013 1623/984/1017 1615/974/1002
f 1617/976/1006 1625/985/1020 1624/981/1013
f 1626/982/1014 1625/985/1020 1617/976/1006
f 1627/983/1015 1626/982/1014 1618/977/1008
f 1620/979/981 1628/986/997 1627/983/1015
f 1630/586/1016 1629/22/990 1621/198/998
f 1623/984/1017 1631/588/1024 1630/586/1016
f 1632/589/1018 1631/588/1024 1623/984/1017
f 1633/590/1019 1632/589/1018 1624/981/1013
f 1634/591/1021 1633/590/1019 1625/985/1020
f 1635/593/1022 1634/591/1021 1626/982/1014
f 1636/15/988 1635/593/1022 1627/983/1015
f 1638/987/982 1637/205/990 1629/22/990
f 1639/988/1023 1638/987/982 1630/586/1016
f 1640/989/1025 1639/988/1023 1631/588/1024
f 1641/990/985 1640/989/1025 1632/589/1018
f 1634/591/1021 1642/991/1026 1641/990/985
f 1635/593/1022 1643/992/987 1642/991/1026
f 1636/15/988 1644/999/988 1643/992/987
f 1638/987/982 1646/993/1016 1645/207/1027
f 1639/988/1023 1647/994/1024 1646/993/1016
f 1640/989/1025 1648/1000/1031 1647/994/1024
f 1649/995/1028 1648/1000/1031 1640/989/1025
f 1650/996/1029 1649/995/1028 1641/990/985
f 1651/997/1022 1650/996/1029 1642/991/1026
f 1652/998/1030 1651/997/1022 1643/992/987
f 1606/880/1001 1605/129/1000 1645/207/1027
f 1647/994/1024 1607/882/1003 1606/880/1001
f 1608/883/1005 1607/882/1003 1647/994/1024
f 1609/884/1007 1608/883/1005 1648/1000/1031
f 1610/885/1009 1609/884/1007 1649/995/1028
f 1611/887/1011 1610/885/1009 1650/996/1029
f 1612/28/980 1611/887/1011 1651/997/1022
f 1662/888/1032 1661/213/1047 1653/1/1033
f 1663/889/1035 1662/888/1032 1654/295/1034
f 1664/896/1037 1663/889/1035 1655/297/1036
f 1665/890/1039 1664/896/1037 1656/299/1038
f 1658/302/1041 1666/891/1043 1665/890/1039
f 1659/303/1042 1667/892/1045 1666/891/1043
f 1660/2/1044 1668/86/1054 1667/892/1045
f 1662/888/1032 1670/893/1048 1669/197/1046
f 1663/889/1035 1671/894/1049 1670/893/1048
f 1664/896/1037 1672/895/1058 1671/894/1049
f 1673/897/1050 1672/895/1058 1664/896/1037
f 1674/898/1051 1673/897/1050 1665/890/1039
f 1675/899/1052 1674/898/1051 1666/891/1043
f 1676/122/1053 1675/899/1052 1667/892/1045
f 1678/900/1055 1677/210/1063 1669/197/1046
f 1679/901/1056 1678/900/1055 1670/893/1048
f 1680/902/1057 1679/901/1056 1671/894/1049
f 1681/903/1059 1680/902/1057 1672/895/1058
f 1674/898/1051 1682/904/1060 1681/903/1059
f 1675/899/1052 1683/905/1061 1682/904/1060
f 1676/122/1053 1684/93/1068 1683/905/1061
f 1686/906/1062 1685/16/1071 1677/210/1063
f 1687/907/1064 1686/906/1062 1678/900/1055
f 1688/914/1065 1687/907/1064 1679/901/1056
f 1689/908/1066 1688/914/1065 1680/902/1057
f 1682/904/1060 1690/909/1067 1689/908/1066
f 1683/905/1061 1691/910/1069 1690/909/1067
f 1684/93/1068 1692/4/1078 1691/910/1069
f 1686/906/1062 1694/911/1072 1693/214/1070
f 1687/907/1064 1695/912/1073 1694/911/1072
f 1688/914/1065 1696/913/1082 1695/912/1073
f 1697/915/1074 1696/913/1082 1688/914/1065
f 1698/916/1075 1697/915/1074 1689/908/1066
f 1699/917/1076 1698/916/1075 1690/909/1067
f 1700/108/1077 1699/917/1076 1691/910/1069
f 1702/918/1079 1701/200/1087 1693/214/1070
f 1703/919/1080 1702/918/1079 1694/911/1072
f 1704/920/1081 1703/919/1080 1695/912/1073
f 1705/921/1083 1704/920/1081 1696/913/1082
f 1698/916/1075 1706/922/1084 1705/921/1083
f 1699/917/1076 1707/923/1085 1706/922/1084
f 1700/108/1077 1708/929/1092 1707/923/1085
f 1710/924/1086 1709/212/1095 1701/200/1087
f 1711/925/1088 1710/924/1086 1702/918/1079
f 1712/926/1089 1711/925/1088 1703/919/1080
f 1713/930/1090 1712/926/1089 1704/920/1081
f 1706/922/1084 1714/927/1091 1713/930/1090
f 1707/923/1085 1715/928/1093 1714/927/1091
f 1708/929/1092 1716/115/1102 1715/928/1093
f 1710/924/1086 1718/586/1096 1717/22/1094
f 1711/925/1088 1719/588/1097 1718/586/1096
f 1712/926/1089 1720/589/1106 1719/588/1097
f 1721/590/1098 1720/589/1106 1712/926/1089
f 1722/591/1099 1721/590/1098 1713/930/1090
f 1723/593/1100 1722/591/1099 1714/927/1091
f 1724/15/1101 1723/593/1100 1715/928/1093
f 1726/931/1103 1725/211/1111 1717/22/1094
f 1727/932/1104 1726/931/1103 1718/586/1096
f 1728/933/1105 1727/932/1104 1719/588/1097
f 1721/590/1098 1729/934/1107 1728/933/1105
f 1722/591/1099 1730/935/1108 1729/934/1107
f 1723/593/1100 1731/936/1109 1730/935/1108
f 1724/15/1101 1732/38/1116 1731/936/1109
f 1734/937/1110 1733/196/1119 1725/211/1111
f 1735/938/1112 1734/937/1110 1726/931/1103
f 1736/945/1113 1735/938/1112 1727/932/1104
f 1737/939/1114 1736/945/1113 1728/933/1105
f 1730/935/1108 1738/940/1115 1737/939/1114
f 1731/936/1109 1739/941/1117 1738/940/1115
f 1732/38/1116 1740/119/1124 1739/941/1117
f 1742/942/1118 1741/215/1127 1733/196/1119
f 1743/943/1120 1742/942/1118 1734/937/1110
f 1744/944/1121 1743/943/1120 1735/938/1112
f 1745/946/1122 1744/944/1121 1736/945/1113
f 1738/940/1115 1746/947/1123 1745/946/1122
f 1739/941/1117 1747/948/1125 1746/947/1123
f 1740/119/1124 1748/51/1132 1747/948/1125
f 1750/949/1126 1749/29/1135 1741/215/1127
f 1751/950/1128 1750/949/1126 1742/942/1118
f 1752/951/1129 1751/950/1128 1743/943/1120
f 1753/952/1130 1752/951/1129 1744/944/1121
f 1746/947/1123 1754/953/1131 1753/952/1130
f 1747/948/1125 1755/954/1133 1754/953/1131
f 1748/51/1132 1756/21/1140 1755/954/1133
f 1758/955/1134 1757/217/1143 1749/29/1135
f 1759/956/1136 1758/955/1134 1750/949/1126
f 1760/957/1137 1759/956/1136 1751/950/1128
f 1761/958/1138 1760/957/1137 1752/951/1129
f 1754/953/1131 1762/959/1139 1761/958/1138
f 1755/954/1133 1763/960/1141 1762/959/1139
f 1756/21/1140 1764/120/1150 1763/960/1141
f 1758/955/1134 1766/961/1144 1765/208/1142
f 1759/956/1136 1767/962/1145 1766/961/1144
f 1760/957/1137 1768/963/1153 1767/962/1145
f 1769/964/1146 1768/963/1153 1760/957/1137
f 1770/965/1147 1769/964/1146 1761/958/1138
f 1771/966/1148 1770/965/1147 1762/959/1139
f 1772/66/1149 1771/966/1148 1763/960/1141
f 1766/961/1144 1774/967/1152 1773/216/1151
f 1767/962/1145 1775/968/1154 1774/967/1152
f 1768/963/1153 1776/972/1159 1775/968/1154
f 1777/969/1155 1776/972/1159 1768/963/1153
f 1778/970/1156 1777/969/1155 1769/964/1146
f 1779/971/1157 1778/970/1156 1770/965/1147
f 1780/121/1158 1779/971/1157 1771/966/1148
f 1654/880/1034 1653/129/1033 1773/216/1151
f 1655/882/1036 1654/880/1034 1774/967/1152
f 1656/883/1038 1655/882/1036 1775/968/1154
f 1657/884/1040 1656/883/1038 1776/972/1159
f 1778/970/1156 1658/885/1041 1657/884/1040
f 1779/971/1157 1659/887/1042 1658/885/1041
f 1780/121/1158 1660/28/1044 1659/887/1042
f 1782/295/1160 1790/888/1163 1789/213/1161
f 1783/297/1162 1791/889/845 1790/888/1163
f 1784/299/1164 1792/896/857 1791/889/845
f 1793/890/846 1792/896/857 1784/299/1164
f 1794/891/1165 1793/890/846 1785/301/847
f 1795/892/1167 1794/891/1165 1786/302/1166
f 1796/86/1169 1795/892/1167 1787/303/1168
f 1798/893/854 1797/197/862 1789/213/1161
f 1799/894/855 1798/893/854 1790/888/1163
f 1800/895/856 1799/894/855 1791/889/845
f 1801/897/858 1800/895/856 1792/896/857
f 1794/891/1165 1802/898/859 1801/897/858
f 1795/892/1167 1803/899/860 1802/898/859
f 1796/86/1169 1804/122/867 1803/899/860
f 1806/900/861 1805/210/870 1797/197/862
f 1807/901/863 1806/900/861 1798/893/854
f 1808/902/864 1807/901/863 1799/894/855
f 1809/903/865 1808/902/864 1800/895/856
f 1802/898/859 1810/904/866 1809/903/865
f 1803/899/860 1811/905/868 1810/904/866
f 1804/122/867 1812/93/877 1811/905/868
f 1806/900/861 1814/906/871 1813/16/869
f 1807/901/863 1815/907/872 1814/906/871
f 1808/902/864 1816/914/881 1815/907/872
f 1817/908/873 1816/914/881 1808/902/864
f 1818/909/874 1817/908/873 1809/903/865
f 1819/910/875 1818/909/874 1810/904/866
f 1820/4/876 1819/910/875 1811/905/868
f 1822/911/1170 1821/214/886 1813/16/869
f 1823/912/879 1822/911/1170 1814/906/871
f 1824/913/880 1823/912/879 1815/907/872
f 1825/915/882 1824/913/880 1816/914/881
f 1818/909/874 1826/916/1171 1825/915/882
f 1819/910/875 1827/917/1172 1826/916/1171
f 1820/4/876 1828/108/891 1827/917/1172
f 1830/918/885 1829/200/894 1821/214/886
f 1831/919/887 1830/918/885 1822/911/1170
f 1832/920/1173 1831/919/887 1823/912/879
f 1833/921/889 1832/920/1173 1824/913/880
f 1826/916/1171 1834/922/890 1833/921/889
f 1827/917/1172 1835/923/892 1834/922/890
f 1828/108/891 1836/929/901 1835/923/892
f 1830/918/885 1838/924/895 1837/212/893
f 1831/919/887 1839/925/896 1838/924/895
f 1832/920/1173 1840/926/897 1839/925/896
f 1841/930/906 1840/926/897 1832/920/1173
f 1842/927/898 1841/930/906 1833/921/889
f 1843/928/899 1842/927/898 1834/922/890
f 1844/115/900 1843/928/899 1835/923/892
f 1846/586/902 1845/22/910 1837/212/893
f 1847/588/903 1846/586/902 1838/924/895
f 1848/589/904 1847/588/903 1839/925/896
f 1849/590/1174 1848/589/904 1840/926/897
f 1842/927/898 1850/591/907 1849/590/1174
f 1843/928/899 1851/593/908 1850/591/907
f 1844/115/900 1852/15/915 1851/593/908
f 1854/931/909 1853/211/918 1845/22/910
f 1855/932/911 1854/931/909 1846/586/902
f 1856/933/912 1855/932/911 1847/588/903
f 1857/934/913 1856/933/912 1848/589/904
f 1850/591/907 1858/935/914 1857/934/913
f 1851/593/908 1859/936/916 1858/935/914
f 1852/15/915 1860/38/925 1859/936/916
f 1854/931/909 1862/937/919 1861/196/917
f 1855/932/911 1863/938/920 1862/937/919
f 1856/933/912 1864/945/929 1863/938/920
f 1865/939/921 1864/945/929 1856/933/912
f 1866/940/922 1865/939/921 1857/934/913
f 1867/941/923 1866/940/922 1858/935/914
f 1868/119/924 1867/941/923 1859/936/916
f 1870/942/1175 1869/215/1176 1861/196/917
f 1871/943/927 1870/942/1175 1862/937/919
f 1872/944/928 1871/943/927 1863/938/920
f 1873/946/930 1872/944/928 1864/945/929
f 1866/940/922 1874/947/931 1873/946/930
f 1867/941/923 1875/948/932 1874/947/931
f 1868/119/924 1876/51/939 1875/948/932
f 1878/949/933 1877/29/942 1869/215/1176
f 1879/950/935 1878/949/933 1870/942/1175
f 1880/951/1177 1879/950/935 1871/943/927
f 1881/952/937 1880/951/1177 1872/944/928
f 1874/947/931 1882/953/938 1881/952/937
f 1875/948/932 1883/954/940 1882/953/938
f 1876/51/939 1884/21/947 1883/954/940
f 1886/955/941 1885/217/950 1877/29/942
f 1887/956/943 1886/955/941 1878/949/933
f 1888/957/944 1887/956/943 1879/950/935
f 1889/958/945 1888/957/944 1880/951/1177
f 1882/953/938 1890/959/946 1889/958/945
f 1883/954/940 1891/960/948 1890/959/946
f 1884/21/947 1892/120/955 1891/960/948
f 1894/961/949 1893/208/958 1885/217/950
f 1895/962/1178 1894/961/949 1886/955/941
f 1896/963/952 1895/962/1178 1887/956/943
f 1897/964/953 1896/963/952 1888/957/944
f 1890/959/946 1898/965/954 1897/964/953
f 1891/960/948 1899/966/956 1898/965/954
f 1892/120/955 1900/66/965 1899/966/956
f 1894/961/949 1902/967/959 1901/216/957
f 1895/962/1178 1903/968/960 1902/967/959
f 1896/963/952 1904/972/1179 1903/968/960
f 1905/969/961 1904/972/1179 1896/963/952
f 1906/970/962 1905/969/961 1897/964/953
f 1907/971/963 1906/970/962 1898/965/954
f 1908/121/964 1907/971/963 1899/966/956
f 1902/967/959 1782/880/1160 1781/129/841
f 1903/968/960 1783/882/1162 1782/880/1160
f 1904/972/1179 1784/883/1164 1783/882/1162
f 1785/884/847 1784/883/1164 1904/972/1179
f 1786/885/1166 1785/884/847 1905/969/961
f 1787/887/1168 1786/885/1166 1906/970/962
f 1788/28/853 1787/887/1168 1907/971/963
f 1918/906/967 1917/16/983 1909/1/968
f 1919/907/970 1918/906/967 1910/295/969
f 1920/914/972 1919/907/970 1911/297/971
f 1921/908/974 1920/914/972 1912/299/973
f 1922/909/976 1921/908/974 1913/301/975
f 1915/303/979 1923/910/978 1922/909/976
f 1916/2/981 1924/4/980 1923/910/978
f 1926/586/982 1925/22/990 1917/16/983
f 1919/907/970 1927/588/992 1926/586/982
f 1928/589/984 1927/588/992 1919/907/970
f 1929/590/985 1928/589/984 1920/914/972
f 1930/591/986 1929/590/985 1921/908/974
f 1931/593/987 1930/591/986 1922/909/976
f 1932/15/988 1931/593/987 1923/910/978
f 1934/949/989 1933/29/998 1925/22/990
f 1927/588/992 1935/950/1180 1934/949/989
f 1936/951/993 1935/950/1180 1927/588/992
f 1937/952/994 1936/951/993 1928/589/984
f 1938/953/995 1937/952/994 1929/590/985
f 1939/954/996 1938/953/995 1930/591/986
f 1940/21/997 1939/954/996 1931/593/987
f 1910/880/969 1909/129/968 1933/29/998
f 1911/882/971 1910/880/969 1934/949/989
f 1912/883/973 1911/882/971 1935/950/1180
f 1913/884/975 1912/883/973 1936/951/993
f 1914/885/977 1913/884/975 1937/952/994
f 1939/954/996 1915/887/979 1914/885/977
f 1916/28/981 1915/887/979 1939/954/996
f 1950/1001/1181 1949/161/1196 1941/1/1182
f 1951/1002/1184 1950/1001/1181 1942/295/1183
f 1952/1003/1186 1951/1002/1184 1943/297/1185
f 1953/1004/1188 1952/1003/1186 1944/299/1187
f 1946/302/1190 1954/1005/1192 1953/1004/1188
f 1947/303/1191 1955/1006/1194 1954/1005/1192
f 1948/2/1193 1956/1012/1201 1955/1006/1194
f 1958/1007/1195 1957/148/1204 1949/161/1196
f 1959/1008/1197 1958/1007/1195 1950/1001/1181
f 1960/1009/1198 1959/1008/1197 1951/1002/1184
f 1961/1010/1199 1960/1009/1198 1952/1003/1186
f 1954/1005/1192 1962/1011/1200 1961/1010/1199
f 1955/1006/1194 1963/1013/1202 1962/1011/1200
f 1956/1012/1201 1964/1020/1211 1963/1013/1202
f 1958/1007/1195 1966/1014/1205 1965/153/1203
f 1959/1008/1197 1967/1015/1206 1966/1014/1205
f 1960/1009/1198 1968/1022/1214 1967/1015/1206
f 1969/1016/1207 1968/1022/1214 1960/1009/1198
f 1970/1017/1208 1969/1016/1207 1961/1010/1199
f 1971/1018/1209 1970/1017/1208 1962/1011/1200
f 1972/1019/1210 1971/1018/1209 1963/1013/1202
f 1966/1014/1205 1974/1021/1213 1973/155/1212
f 1967/1015/1206 1975/1023/1215 1974/1021/1213
f 1968/1022/1214 1976/1031/1223 1975/1023/1215
f 1977/1024/1216 1976/1031/1223 1968/1022/1214
f 1978/1025/1217 1977/1024/1216 1969/1016/1207
f 1979/1026/1218 1978/1025/1217 1970/1017/1208
f 1980/1027/1219 1979/1026/1218 1971/1018/1209
f 1982/1028/1220 1981/157/1228 1973/155/1212
f 1983/1029/1221 1982/1028/1220 1974/1021/1213
f 1984/1030/1222 1983/1029/1221 1975/1023/1215
f 1985/1032/1224 1984/1030/1222 1976/1031/1223
f 1978/1025/1217 1986/1033/1225 1985/1032/1224
f 1979/1026/1218 1987/1034/1226 1986/1033/1225
f 1980/1027/1219 1988/1040/1233 1987/1034/1226
f 1990/1035/1227 1989/135/1236 1981/157/1228
f 1991/1036/1229 1990/1035/1227 1982/1028/1220
f 1992/1037/1230 1991/1036/1229 1983/1029/1221
f 1993/1038/1231 1992/1037/1230 1984/1030/1222
f 1986/1033/1225 1994/1039/1232 1993/1038/1231
f 1987/1034/1226 1995/1041/1234 1994/1039/1232
f 1988/1040/1233 1996/1047/1241 1995/1041/1234
f 1998/1042/1235 1997/134/1244 1989/135/1236
f 1999/1043/1237 1998/1042/1235 1990/1035/1227
f 2000/1044/1238 1999/1043/1237 1991/1036/1229
f 2001/1045/1239 2000/1044/1238 1992/1037/1230
f 1994/1039/1232 2002/1046/1240 2001/1045/1239
f 1995/1041/1234 2003/1048/1242 2002/1046/1240
f 1996/1047/1241 2004/1054/1249 2003/1048/1242
f 2006/1049/1243 2005/138/1252 1997/134/1244
f 2007/1050/1245 2006/1049/1243 1998/1042/1235
f 2008/1051/1246 2007/1050/1245 1999/1043/1237
f 2009/1052/1247 2008/1051/1246 2000/1044/1238
f 2002/1046/1240 2010/1053/1248 2009/1052/1247
f 2003/1048/1242 2011/1055/1250 2010/1053/1248
f 2004/1054/1249 2012/1062/1259 2011/1055/1250
f 2006/1049/1243 2014/1056/1253 2013/141/1251
f 2007/1050/1245 2015/1057/1254 2014/1056/1253
f 2008/1051/1246 2016/1064/1262 2015/1057/1254
f 2017/1058/1255 2016/1064/1262 2008/1051/1246
f 2018/1059/1256 2017/1058/1255 2009/1052/1247
f 2019/1060/1257 2018/1059/1256 2010/1053/1248
f 2020/1061/1258 2019/1060/1257 2011/1055/1250
f 2014/1056/1253 2022/1063/1261 2021/143/1260
f 2015/1057/1254 2023/1065/1263 2022/1063/1261
f 2016/1064/1262 2024/1066/1264 2023/1065/1263
f 2017/1058/1255 2025/1073/1272 2024/1066/1264
f 2026/1067/1265 2025/1073/1272 2017/1058/1255
f 2027/1068/1266 2026/1067/1265 2018/1059/1256
f 2028/1069/1267 2027/1068/1266 2019/1060/1257
f 2022/1063/1261 2030/1070/1269 2029/159/1268
f 2023/1065/1263 2031/1071/1270 2030/1070/1269
f 2024/1066/1264 2032/1078/1278 2031/1071/1270
f 2033/1072/1271 2032/1078/1278 2024/1066/1264
f 2034/1074/1273 2033/1072/1271 2025/1073/1272
f 2035/1075/1274 2034/1074/1273 2026/1067/1265
f 2036/1076/1275 2035/1075/1274 2027/1068/1266
f 2030/1070/1269 2038/1077/1277 2037/160/1276
f 2031/1071/1270 2039/1079/1279 2038/1077/1277
f 2032/1078/1278 2040/1087/1287 2039/1079/1279
f 2041/1080/1280 2040/1087/1287 2032/1078/1278
f 2042/1081/1281 2041/1080/1280 2033/1072/1271
f 2043/1082/1282 2042/1081/1281 2034/1074/1273
f 2044/1083/1283 2043/1082/1282 2035/1075/1274
f 2046/1084/1284 2045/145/1292 2037/160/1276
f 2047/1085/1285 2046/1084/1284 2038/1077/1277
f 2048/1086/1286 2047/1085/1285 2039/1079/1279
f 2049/1088/1288 2048/1086/1286 2040/1087/1287
f 2042/1081/1281 2050/1089/1289 2049/1088/1288
f 2043/1082/1282 2051/1090/1290 2050/1089/1289
f 2044/1083/1283 2052/1096/1297 2051/1090/1290
f 2054/1091/1291 2053/150/1300 2045/145/1292
f 2055/1092/1293 2054/1091/1291 2046/1084/1284
f 2056/1093/1294 2055/1092/1293 2047/1085/1285
f 2057/1094/1295 2056/1093/1294 2048/1086/1286
f 2050/1089/1289 2058/1095/1296 2057/1094/1295
f 2051/1090/1290 2059/1097/1298 2058/1095/1296
f 2052/1096/1297 2060/1103/1305 2059/1097/1298
f 2062/1098/1299 2061/166/1308 2053/150/1300
f 2063/1099/1301 2062/1098/1299 2054/1091/1291
f 2064/1100/1302 2063/1099/1301 2055/1092/1293
f 2065/1101/1303 2064/1100/1302 2056/1093/1294
f 2058/1095/1296 2066/1102/1304 2065/1101/1303
f 2059/1097/1298 2067/1104/1306 2066/1102/1304
f 2060/1103/1305 2068/1111/1315 2067/1104/1306
f 2062/1098/1299 2070/1105/1309 2069/165/1307
f 2063/1099/1301 2071/1106/1310 2070/1105/1309
f 2064/1100/1302 2072/1113/1318 2071/1106/1310
f 2073/1107/1311 2072/1113/1318 2064/1100/1302
f 2074/1108/1312 2073/1107/1311 2065/1101/1303
f 2075/1109/1313 2074/1108/1312 2066/1102/1304
f 2076/1110/1314 2075/1109/1313 2067/1104/1306
f 2070/1105/1309 2078/1112/1317 2077/169/1316
f 2071/1106/1310 2079/1114/1319 2078/1112/1317
f 2072/1113/1318 2080/1120/1326 2079/1114/1319
f 2081/1115/1320 2080/1120/1326 2072/1113/1318
f 2082/1116/1321 2081/1115/1320 2073/1107/1311
f 2083/1117/1322 2082/1116/1321 2074/1108/1312
f 2084/1118/1323 2083/1117/1322 2075/1109/1313
f 2078/1112/1317 2086/1119/1325 2085/187/1324
f 2079/1114/1319 2087/1121/1327 2086/1119/1325
f 2080/1120/1326 2088/1129/1335 2087/1121/1327
f 2089/1122/1328 2088/1129/1335 2080/1120/1326
f 2090/1123/1329 2089/1122/1328 2081/1115/1320
f 2091/1124/1330 2090/1123/1329 2082/1116/1321
f 2092/1125/1331 2091/1124/1330 2083/1117/1322
f 2094/1126/1332 2093/185/1340 2085/187/1324
f 2095/1127/1333 2094/1126/1332 2086/1119/1325
f 2096/1128/1334 2095/1127/1333 2087/1121/1327
f 2097/1130/1336 2096/1128/1334 2088/1129/1335
f 2090/1123/1329 2098/1131/1337 2097/1130/1336
f 2091/1124/1330 2099/1132/1338 2098/1131/1337
f 2092/1125/1331 2100/1139/1347 2099/1132/1338
f 2094/1126/1332 2102/1133/1341 2101/180/1339
f 2095/1127/1333 2103/1134/1342 2102/1133/1341
f 2096/1128/1334 2104/1142/1350 2103/1134/1342
f 2105/1135/1343 2104/1142/1350 2096/1128/1334
f 2106/1136/1344 2105/1135/1343 2097/1130/1336
f 2107/1137/1345 2106/1136/1344 2098/1131/1337
f 2108/1138/1346 2107/1137/1345 2099/1132/1338
f 2110/1140/1348 2109/177/1355 2101/180/1339
f 2111/1141/1349 2110/1140/1348 2102/1133/1341
f 2104/1142/1350 2112/1147/1357 2111/1141/1349
f 2113/1143/1351 2112/1147/1357 2104/1142/1350
f 2114/1144/1352 2113/1143/1351 2105/1135/1343
f 2107/1137/1345 2115/1152/1362 2114/1144/1352
f 2116/1145/1353 2115/1152/1362 2107/1137/1345
f 2110/1140/1348 2118/1146/1356 2117/176/1354
f 2111/1141/1349 2119/1148/1358 2118/1146/1356
f 2112/1147/1357 2120/1157/1367 2119/1148/1358
f 2121/1149/1359 2120/1157/1367 2112/1147/1357
f 2122/1150/1360 2121/1149/1359 2113/1143/1351
f 2123/1151/1361 2122/1150/1360 2114/1144/1352
f 2124/1153/1363 2123/1151/1361 2115/1152/1362
f 2126/1154/1364 2125/178/1372 2117/176/1354
f 2127/1155/1365 2126/1154/1364 2118/1146/1356
f 2128/1156/1366 2127/1155/1365 2119/1148/1358
f 2129/1158/1368 2128/1156/1366 2120/1157/1367
f 2122/1150/1360 2130/1159/1369 2129/1158/1368
f 2123/1151/1361 2131/1160/1370 2130/1159/1369
f 2124/1153/1363 2132/1166/1377 2131/1160/1370
f 2134/1161/1371 2133/179/1380 2125/178/1372
f 2135/1162/1373 2134/1161/1371 2126/1154/1364
f 2136/1163/1374 2135/1162/1373 2127/1155/1365
f 2137/1164/1375 2136/1163/1374 2128/1156/1366
f 2130/1159/1369 2138/1165/1376 2137/1164/1375
f 2131/1160/1370 2139/1167/1378 2138/1165/1376
f 2132/1166/1377 2140/1173/1385 2139/1167/1378
f 2142/1168/1379 2141/184/1388 2133/179/1380
f 2143/1169/1381 2142/1168/1379 2134/1161/1371
f 2144/1170/1382 2143/1169/1381 2135/1162/1373
f 2145/1171/1383 2144/1170/1382 2136/1163/1374
f 2138/1165/1376 2146/1172/1384 2145/1171/1383
f 2139/1167/1378 2147/1174/1386 2146/1172/1384
f 2140/1173/1385 2148/1180/1393 2147/1174/1386
f 2150/1175/1387 2149/186/1396 2141/184/1388
f 2151/1176/1389 2150/1175/1387 2142/1168/1379
f 2152/1177/1390 2151/1176/1389 2143/1169/1381
f 2153/1178/1391 2152/1177/1390 2144/1170/1382
f 2146/1172/1384 2154/1179/1392 2153/1178/1391
f 2147/1174/1386 2155/1181/1394 2154/1179/1392
f 2148/1180/1393 2156/1187/1401 2155/1181/1394
f 2158/1182/1395 2157/168/1404 2149/186/1396
f 2159/1183/1397 2158/1182/1395 2150/1175/1387
f 2160/1184/1398 2159/1183/1397 2151/1176/1389
f 2161/1185/1399 2160/1184/1398 2152/1177/1390
f 2154/1179/1392 2162/1186/1400 2161/1185/1399
f 2155/1181/1394 2163/1188/1402 2162/1186/1400
f 2156/1187/1401 2164/1194/1409 2163/1188/1402
f 2166/1189/1403 2165/164/1412 2157/168/1404
f 2167/1190/1405 2166/1189/1403 2158/1182/1395
f 2168/1191/1406 2167/1190/1405 2159/1183/1397
f 2169/1192/1407 2168/1191/1406 2160/1184/1398
f 2162/1186/1400 2170/1193/1408 2169/1192/1407
f 2163/1188/1402 2171/1195/1410 2170/1193/1408
f 2164/1194/1409 2172/1196/1419 2171/1195/1410
f 2166/1189/1403 2174/586/1413 2173/22/1411
f 2167/1190/1405 2175/588/1414 2174/586/1413
f 2168/1191/1406 2176/589/1422 2175/588/1414
f 2177/590/1415 2176/589/1422 2168/1191/1406
f 2178/591/1416 2177/590/1415 2169/1192/1407
f 2179/593/1417 2178/591/1416 2170/1193/1408
f 2180/15/1418 2179/593/1417 2171/1195/1410
f 2174/586/1413 2182/1197/1421 2181/152/1420
f 2175/588/1414 2183/1198/1423 2182/1197/1421
f 2176/589/1422 2184/1206/1431 2183/1198/1423
f 2185/1199/1424 2184/1206/1431 2176/589/1422
f 2186/1200/1425 2185/1199/1424 2177/590/1415
f 2187/1201/1426 2186/1200/1425 2178/591/1416
f 2188/1202/1427 2187/1201/1426 2179/593/1417
f 2190/1203/1428 2189/151/1436 2181/152/1420
f 2191/1204/1429 2190/1203/1428 2182/1197/1421
f 2192/1205/1430 2191/1204/1429 2183/1198/1423
f 2193/1207/1432 2192/1205/1430 2184/1206/1431
f 2186/1200/1425 2194/1208/1433 2193/1207/1432
f 2187/1201/1426 2195/1209/1434 2194/1208/1433
f 2188/1202/1427 2196/1215/1441 2195/1209/1434
f 2198/1210/1435 2197/144/1444 2189/151/1436
f 2199/1211/1437 2198/1210/1435 2190/1203/1428
f 2200/1212/1438 2199/1211/1437 2191/1204/1429
f 2201/1213/1439 2200/1212/1438 2192/1205/1430
f 2194/1208/1433 2202/1214/1440 2201/1213/1439
f 2195/1209/1434 2203/1216/1442 2202/1214/1440
f 2196/1215/1441 2204/1222/1449 2203/1216/1442
f 2206/1217/1443 2205/146/1452 2197/144/1444
f 2207/1218/1445 2206/1217/1443 2198/1210/1435
f 2208/1219/1446 2207/1218/1445 2199/1211/1437
f 2209/1220/1447 2208/1219/1446 2200/1212/1438
f 2202/1214/1440 2210/1221/1448 2209/1220/1447
f 2203/1216/1442 2211/1223/1450 2210/1221/1448
f 2204/1222/1449 2212/1230/1459 2211/1223/1450
f 2206/1217/1443 2214/1224/1453 2213/158/1451
f 2207/1218/1445 2215/1225/1454 2214/1224/1453
f 2208/1219/1446 2216/1232/1462 2215/1225/1454
f 2217/1226/1455 2216/1232/1462 2208/1219/1446
f 2218/1227/1456 2217/1226/1455 2209/1220/1447
f 2219/1228/1457 2218/1227/1456 2210/1221/1448
f 2220/1229/1458 2219/1228/1457 2211/1223/1450
f 2214/1224/1453 2222/1231/1461 2221/142/1460
f 2215/1225/1454 2223/1233/1463 2222/1231/1461
f 2216/1232/1462 2224/1239/1470 2223/1233/1463
f 2225/1234/1464 2224/1239/1470 2216/1232/1462
f 2226/1235/1465 2225/1234/1464 2217/1226/1455
f 2227/1236/1466 2226/1235/1465 2218/1227/1456
f 2228/1237/1467 2227/1236/1466 2219/1228/1457
f 2222/1231/1461 2230/1238/1469 2229/140/1468
f 2223/1233/1463 2231/1240/1471 2230/1238/1469
f 2224/1239/1470 2232/1246/1478 2231/1240/1471
f 2233/1241/1472 2232/1246/1478 2224/1239/1470
f 2234/1242/1473 2233/1241/1472 2225/1234/1464
f 2235/1243/1474 2234/1242/1473 2226/1235/1465
f 2236/1244/1475 2235/1243/1474 2227/1236/1466
f 2230/1238/1469 2238/1245/1477 2237/139/1476
f 2231/1240/1471 2239/1247/1479 2238/1245/1477
f 2232/1246/1478 2240/1255/1487 2239/1247/1479
f 2241/1248/1480 2240/1255/1487 2232/1246/1478
f 2242/1249/1481 2241/1248/1480 2233/1241/1472
f 2243/1250/1482 2242/1249/1481 2234/1242/1473
f 2244/1251/1483 2243/1250/1482 2235/1243/1474
f 2246/1252/1484 2245/137/1492 2237/139/1476
f 2247/1253/1485 2246/1252/1484 2238/1245/1477
f 2248/1254/1486 2247/1253/1485 2239/1247/1479
f 2249/1256/1488 2248/1254/1486 2240/1255/1487
f 2242/1249/1481 2250/1257/1489 2249/1256/1488
f 2243/1250/1482 2251/1258/1490 2250/1257/1489
f 2244/1251/1483 2252/1264/1497 2251/1258/1490
f 2254/1259/1491 2253/136/1500 2245/137/1492
f 2255/1260/1493 2254/1259/1491 2246/1252/1484
f 2256/1261/1494 2255/1260/1493 2247/1253/1485
f 2257/1262/1495 2256/1261/1494 2248/1254/1486
f 2250/1257/1489 2258/1263/1496 2257/1262/1495
f 2251/1258/1490 2259/1265/1498 2258/1263/1496
f 2252/1264/1497 2260/1271/1505 2259/1265/1498
f 2262/1266/1499 2261/156/1508 2253/136/1500
f 2263/1267/1501 2262/1266/1499 2254/1259/1491
f 2264/1268/1502 2263/1267/1501 2255/1260/1493
f 2265/1269/1503 2264/1268/1502 2256/1261/1494
f 2258/1263/1496 2266/1270/1504 2265/1269/1503
f 2259/1265/1498 2267/1272/1506 2266/1270/1504
f 2260/1271/1505 2268/1278/1513 2267/1272/1506
f 2270/1273/1507 2269/154/1516 2261/156/1508
f 2271/1274/1509 2270/1273/1507 2262/1266/1499
f 2272/1275/1510 2271/1274/1509 2263/1267/1501
f 2273/1276/1511 2272/1275/1510 2264/1268/1502
f 2266/1270/1504 2274/1277/1512 2273/1276/1511
f 2267/1272/1506 2275/1279/1514 2274/1277/1512
f 2268/1278/1513 2276/1286/1523 2275/1279/1514
f 2270/1273/1507 2278/1280/1517 2277/147/1515
f 2271/1274/1509 2279/1281/1518 2278/1280/1517
f 2272/1275/1510 2280/1288/1526 2279/1281/1518
f 2281/1282/1519 2280/1288/1526 2272/1275/1510
f 2282/1283/1520 2281/1282/1519 2273/1276/1511
f 2283/1284/1521 2282/1283/1520 2274/1277/1512
f 2284/1285/1522 2283/1284/1521 2275/1279/1514
f 2278/1280/1517 2286/1287/1525 2285/149/1524
f 2279/1281/1518 2287/1289/1527 2286/1287/1525
f 2280/1288/1526 2288/1297/1535 2287/1289/1527
f 2289/1290/1528 2288/1297/1535 2280/1288/1526
f 2290/1291/1529 2289/1290/1528 2281/1282/1519
f 2291/1292/1530 2290/1291/1529 2282/1283/1520
f 2292/1293/1531 2291/1292/1530 2283/1284/1521
f 2294/1294/1532 2293/163/1540 2285/149/1524
f 2295/1295/1533 2294/1294/1532 2286/1287/1525
f 2296/1296/1534 2295/1295/1533 2287/1289/1527
f 2297/1298/1536 2296/1296/1534 2288/1297/1535
f 2290/1291/1529 2298/1299/1537 2297/1298/1536
f 2291/1292/1530 2299/1300/1538 2298/1299/1537
f 2292/1293/1531 2300/1306/1545 2299/1300/1538
f 2302/1301/1539 2301/162/1548 2293/163/1540
f 2303/1302/1541 2302/1301/1539 2294/1294/1532
f 2304/1303/1542 2303/1302/1541 2295/1295/1533
f 2305/1304/1543 2304/1303/1542 2296/1296/1534
f 2298/1299/1537 2306/1305/1544 2305/1304/1543
f 2299/1300/1538 2307/1307/1546 2306/1305/1544
f 2300/1306/1545 2308/1313/1553 2307/1307/1546
f 2310/1308/1547 2309/167/1556 2301/162/1548
f 2311/1309/1549 2310/1308/1547 2302/1301/1539
f 2312/1310/1550 2311/1309/1549 2303/1302/1541
f 2305/1304/1543 2313/1311/1551 2312/1310/1550
f 2306/1305/1544 2314/1312/1552 2313/1311/1551
f 2307/1307/1546 2315/1314/1554 2314/1312/1552
f 2308/1313/1553 2316/1321/1563 2315/1314/1554
f 2310/1308/1547 2318/1315/1557 2317/183/1555
f 2311/1309/1549 2319/1316/1558 2318/1315/1557
f 2312/1310/1550 2320/1323/1566 2319/1316/1558
f 2321/1317/1559 2320/1323/1566 2312/1310/1550
f 2322/1318/1560 2321/1317/1559 2313/1311/1551
f 2323/1319/1561 2322/1318/1560 2314/1312/1552
f 2324/1320/1562 2323/1319/1561 2315/1314/1554
f 2318/1315/1557 2326/1322/1565 2325/174/1564
f 2319/1316/1558 2327/1324/1567 2326/1322/1565
f 2320/1323/1566 2328/1330/1574 2327/1324/1567
f 2329/1325/1568 2328/1330/1574 2320/1323/1566
f 2330/1326/1569 2329/1325/1568 2321/1317/1559
f 2331/1327/1570 2330/1326/1569 2322/1318/1560
f 2332/1328/1571 2331/1327/1570 2323/1319/1561
f 2326/1322/1565 2334/1329/1573 2333/175/1572
f 2327/1324/1567 2335/1331/1575 2334/1329/1573
f 2328/1330/1574 2336/1337/1582 2335/1331/1575
f 2337/1332/1576 2336/1337/1582 2328/1330/1574
f 2338/1333/1577 2337/1332/1576 2329/1325/1568
f 2339/1334/1578 2338/1333/1577 2330/1326/1569
f 2340/1335/1579 2339/1334/1578 2331/1327/1570
f 2334/1329/1573 2342/1336/1581 2341/172/1580
f 2335/1331/1575 2343/1338/1583 2342/1336/1581
f 2336/1337/1582 2344/1346/1590 2343/1338/1583
f 2345/1339/1584 2344/1346/1590 2336/1337/1582
f 2346/1340/1585 2345/1339/1584 2337/1332/1576
f 2347/1341/1586 2346/1340/1585 2338/1333/1577
f 2348/1342/1587 2347/1341/1586 2339/1334/1578
f 2350/1343/1588 2349/188/968 2341/172/1580
f 2351/1344/1002 2350/1343/1588 2342/1336/1581
f 2352/1345/1589 2351/1344/1002 2343/1338/1583
f 2353/1347/1006 2352/1345/1589 2344/1346/1590
f 2346/1340/1585 2354/1348/1008 2353/1347/1006
f 2347/1341/1586 2355/1349/1010 2354/1348/1008
f 2348/1342/1587 2356/1357/981 2355/1349/1010
f 2358/1350/1012 2357/189/998 2349/188/968
f 2359/1351/1591 2358/1350/1012 2350/1343/1588
f 2360/1352/1592 2359/1351/1591 2351/1344/1002
f 2361/1353/1020 2360/1352/1592 2352/1345/1589
f 2362/1354/1014 2361/1353/1020 2353/1347/1006
f 2363/1355/1015 2362/1354/1014 2354/1348/1008
f 2364/1356/997 2363/1355/1015 2355/1349/1010
f 2366/1358/1016 2365/173/990 2357/189/998
f 2367/1359/1024 2366/1358/1016 2358/1350/1012
f 2368/1360/1018 2367/1359/1024 2359/1351/1591
f 2369/1361/1593 2368/1360/1018 2360/1352/1592
f 2370/1362/1594 2369/1361/1593 2361/1353/1020
f 2371/1363/1022 2370/1362/1594 2362/1354/1014
f 2364/1356/997 2372/1369/988 2371/1363/1022
f 2374/1364/1595 2373/171/1602 2365/173/990
f 2375/1365/1596 2374/1364/1595 2366/1358/1016
f 2376/1366/1597 2375/1365/1596 2367/1359/1024
f 2377/1367/1598 2376/1366/1597 2368/1360/1018
f 2370/1362/1594 2378/1368/1599 2377/1367/1598
f 2371/1363/1022 2379/1370/1600 2378/1368/1599
f 2372/1369/988 2380/1377/1609 2379/1370/1600
f 2374/1364/1595 2382/1371/1603 2381/170/1601
f 2375/1365/1596 2383/1372/1604 2382/1371/1603
f 2376/1366/1597 2384/1379/1612 2383/1372/1604
f 2385/1373/1605 2384/1379/1612 2376/1366/1597
f 2386/1374/1606 2385/1373/1605 2377/1367/1598
f 2387/1375/1607 2386/1374/1606 2378/1368/1599
f 2388/1376/1608 2387/1375/1607 2379/1370/1600
f 2382/1371/1603 2390/1378/1611 2389/182/1610
f 2383/1372/1604 2391/1380/1613 2390/1378/1611
f 2384/1379/1612 2392/1388/1621 2391/1380/1613
f 2393/1381/1614 2392/1388/1621 2384/1379/1612
f 2394/1382/1615 2393/1381/1614 2385/1373/1605
f 2395/1383/1616 2394/1382/1615 2386/1374/1606
f 2396/1384/1617 2395/1383/1616 2387/1375/1607
f 2398/1385/1618 2397/181/1625 2389/182/1610
f 2399/1386/1619 2398/1385/1618 2390/1378/1611
f 2400/1387/1620 2399/1386/1619 2391/1380/1613
f 2401/1389/1622 2400/1387/1620 2392/1388/1621
f 2394/1382/1615 2402/1390/1623 2401/1389/1622
f 2395/1383/1616 2403/1391/1624 2402/1390/1623
f 2396/1384/1617 2404/1392/1626 2403/1391/1624
f 1942/880/1183 1941/129/1182 2397/181/1625
f 1943/882/1185 1942/880/1183 2398/1385/1618
f 1944/883/1187 1943/882/1185 2399/1386/1619
f 1945/884/1189 1944/883/1187 2400/1387/1620
f 2402/1390/1623 1946/885/1190 1945/884/1189
f 2403/1391/1624 1947/887/1191 1946/885/1190
f 2404/1392/1626 1948/28/1193 1947/887/1191
f 2414/1393/1588 2413/192/968 2405/1/1000
f 2407/297/1003 2415/1398/1002 2414/1393/1588
f 2416/1394/1628 2415/1398/1002 2407/297/1003
f 2417/1395/1006 2416/1394/1628 2408/299/1005
f 2410/302/1009 2418/1399/1008 2417/1395/1006
f 2419/1396/1010 2418/1399/1008 2410/302/1009
f 2420/1397/981 2419/1396/1010 2411/303/1011
f 2422/973/1012 2421/203/998 2413/192/968
f 2423/974/1591 2422/973/1012 2414/1393/1588
f 2424/975/1629 2423/974/1591 2415/1398/1002
f 2425/976/1630 2424/975/1629 2416/1394/1628
f 2426/977/1014 2425/976/1630 2417/1395/1006
f 2427/978/1015 2426/977/1014 2418/1399/1008
f 2428/979/997 2427/978/1015 2419/1396/1010
f 2430/906/1016 2429/16/1027 2421/203/998
f 2431/907/1024 2430/906/1016 2422/973/1012
f 2424/975/1629 2432/914/1031 2431/907/1024
f 2433/908/1028 2432/914/1031 2424/975/1629
f 2434/909/1029 2433/908/1028 2425/976/1630
f 2427/978/1015 2435/910/1022 2434/909/1029
f 2428/979/997 2436/4/1030 2435/910/1022
f 2438/980/1001 2437/198/1634 2429/16/1027
f 2431/907/1024 2439/984/1635 2438/980/1001
f 2440/981/1631 2439/984/1635 2431/907/1024
f 2441/985/1007 2440/981/1631 2432/914/1031
f 2442/982/1632 2441/985/1007 2433/908/1028
f 2443/983/1011 2442/982/1632 2434/909/1029
f 2444/986/1633 2443/983/1011 2435/910/1022
f 2446/1400/967 2445/195/983 2437/198/1634
f 2447/1401/970 2446/1400/967 2438/980/1001
f 2448/1402/1636 2447/1401/970 2439/984/1635
f 2449/1403/1637 2448/1402/1636 2440/981/1631
f 2442/982/1632 2450/1404/1638 2449/1403/1637
f 2443/983/1011 2451/1405/978 2450/1404/1638
f 2444/986/1633 2452/1406/980 2451/1405/978
f 2454/586/982 2453/22/990 2445/195/983
f 2455/588/992 2454/586/982 2446/1400/967
f 2456/589/984 2455/588/992 2447/1401/970
f 2457/590/1639 2456/589/984 2448/1402/1636
f 2450/1404/1638 2458/591/1642 2457/590/1639
f 2459/593/1640 2458/591/1642 2450/1404/1638
f 2460/15/988 2459/593/1640 2451/1405/978
f 2454/586/982 2462/1407/1016 2461/193/990
f 2455/588/992 2463/1408/1024 2462/1407/1016
f 2456/589/984 2464/1413/1031 2463/1408/1024
f 2465/1409/1641 2464/1413/1031 2456/589/984
f 2466/1410/1021 2465/1409/1641 2457/590/1639
f 2467/1411/1643 2466/1410/1021 2458/591/1642
f 2468/1412/1644 2467/1411/1643 2459/593/1640
f 2462/1407/1016 2470/987/1001 2469/205/983
f 2471/988/1003 2470/987/1001 2462/1407/1016
f 2472/989/1005 2471/988/1003 2463/1408/1024
f 2473/990/1007 2472/989/1005 2464/1413/1031
f 2466/1410/1021 2474/991/1009 2473/990/1007
f 2475/992/1011 2474/991/1009 2466/1410/1021
f 2476/999/980 2475/992/1011 2467/1411/1643
f 2478/949/967 2477/29/983 2469/205/983
f 2479/950/1645 2478/949/967 2470/987/1001
f 2480/951/972 2479/950/1645 2471/988/1003
f 2481/952/1637 2480/951/972 2472/989/1005
f 2474/991/1009 2482/953/1638 2481/952/1637
f 2475/992/1011 2483/954/978 2482/953/1638
f 2476/999/980 2484/21/1633 2483/954/978
f 2478/949/967 2486/993/982 2485/207/990
f 2487/994/992 2486/993/982 2478/949/967
f 2488/1000/1025 2487/994/992 2479/950/1645
f 2489/995/985 2488/1000/1025 2480/951/972
f 2490/996/1646 2489/995/985 2481/952/1637
f 2491/997/987 2490/996/1646 2482/953/1638
f 2492/998/988 2491/997/987 2483/954/978
f 2486/993/982 2494/1414/1016 2493/206/1027
f 2487/994/992 2495/1415/1024 2494/1414/1016
f 2488/1000/1025 2496/1420/1031 2495/1415/1024
f 2497/1416/1593 2496/1420/1031 2488/1000/1025
f 2498/1417/1029 2497/1416/1593 2489/995/985
f 2499/1418/1022 2498/1417/1029 2490/996/1646
f 2500/1419/1030 2499/1418/1022 2491/997/987
f 2406/880/1627 2405/129/1000 2493/206/1027
f 2495/1415/1024 2407/882/1003 2406/880/1627
f 2408/883/1005 2407/882/1003 2495/1415/1024
f 2409/884/1007 2408/883/1005 2496/1420/1031
f 2410/885/1009 2409/884/1007 2497/1416/1593
f 2411/887/1011 2410/885/1009 2498/1417/1029
f 2412/28/980 2411/887/1011 2499/1418/1022
