# Blender 5.2.1 LTS
# www.blender.org
mtllib SM_LT_TraderHub_Storage.mtl
o SM_LT_TraderHub_Storage_EXPORT
v 265.299988 278.200012 10.080000
v 265.299988 280.000000 11.879999
v 263.500000 278.200012 11.879999
v 265.299988 280.000000 21.719999
v 265.299988 278.200012 23.519999
v 263.500000 278.200012 21.719999
v 265.299988 191.800003 10.080000
v 263.500000 191.800003 11.879999
v 265.299988 190.000000 11.879999
v 265.299988 191.800003 23.519999
v 265.299988 190.000000 21.719999
v 263.500000 191.800003 21.719999
v 269.700012 278.200012 10.080000
v 271.500000 278.200012 11.879999
v 269.700012 280.000000 11.879999
v 269.700012 278.200012 23.519999
v 269.700012 280.000000 21.719999
v 271.500000 278.200012 21.719999
v 269.700012 191.800003 10.080000
v 269.700012 190.000000 11.879999
v 271.500000 191.800003 11.879999
v 269.700012 191.800003 23.519999
v 271.500000 191.800003 21.719999
v 269.700012 190.000000 21.719999
v 265.299988 278.200012 26.879999
v 265.299988 280.000000 28.679998
v 263.500000 278.200012 28.679998
v 265.299988 280.000000 38.519997
v 265.299988 278.200012 40.320000
v 263.500000 278.200012 38.519997
v 265.299988 191.800003 26.879999
v 263.500000 191.800003 28.679998
v 265.299988 190.000000 28.679998
v 265.299988 191.800003 40.320000
v 265.299988 190.000000 38.519997
v 263.500000 191.800003 38.519997
v 269.700012 278.200012 26.879999
v 271.500000 278.200012 28.679998
v 269.700012 280.000000 28.679998
v 269.700012 278.200012 40.320000
v 269.700012 280.000000 38.519997
v 271.500000 278.200012 38.519997
v 269.700012 191.800003 26.879999
v 269.700012 190.000000 28.679998
v 271.500000 191.800003 28.679998
v 269.700012 191.800003 40.320000
v 271.500000 191.800003 38.519997
v 269.700012 190.000000 38.519997
v 265.299988 278.200012 43.680000
v 265.299988 280.000000 45.480003
v 263.500000 278.200012 45.480003
v 265.299988 280.000000 55.320004
v 265.299988 278.200012 57.120003
v 263.500000 278.200012 55.320004
v 265.299988 191.800003 43.680000
v 263.500000 191.800003 45.480003
v 265.299988 190.000000 45.480003
v 265.299988 191.800003 57.120003
v 265.299988 190.000000 55.320004
v 263.500000 191.800003 55.320004
v 269.700012 278.200012 43.680000
v 271.500000 278.200012 45.480003
v 269.700012 280.000000 45.480003
v 269.700012 278.200012 57.120003
v 269.700012 280.000000 55.320004
v 271.500000 278.200012 55.320004
v 269.700012 191.800003 43.680000
v 269.700012 190.000000 45.480003
v 271.500000 191.800003 45.480003
v 269.700012 191.800003 57.120003
v 271.500000 191.800003 55.320004
v 269.700012 190.000000 55.320004
v 265.299988 278.200012 60.479996
v 265.299988 280.000000 62.279995
v 263.500000 278.200012 62.279995
v 265.299988 280.000000 72.119995
v 265.299988 278.200012 73.919998
v 263.500000 278.200012 72.119995
v 265.299988 191.800003 60.479996
v 263.500000 191.800003 62.279995
v 265.299988 190.000000 62.279995
v 265.299988 191.800003 73.919998
v 265.299988 190.000000 72.119995
v 263.500000 191.800003 72.119995
v 269.700012 278.200012 60.479996
v 271.500000 278.200012 62.279995
v 269.700012 280.000000 62.279995
v 269.700012 278.200012 73.919998
v 269.700012 280.000000 72.119995
v 271.500000 278.200012 72.119995
v 269.700012 191.800003 60.479996
v 269.700012 190.000000 62.279995
v 271.500000 191.800003 62.279995
v 269.700012 191.800003 73.919998
v 271.500000 191.800003 72.119995
v 269.700012 190.000000 72.119995
v 262.000000 273.200012 0.000000
v 262.000000 275.200012 2.000000
v 260.000000 273.200012 2.000000
v 262.000000 275.200012 82.000000
v 262.000000 273.200012 84.000000
v 260.000000 273.200012 82.000000
v 262.000000 265.200012 0.000000
v 260.000000 265.200012 2.000000
v 262.000000 263.200012 2.000000
v 262.000000 265.200012 84.000000
v 262.000000 263.200012 82.000000
v 260.000000 265.200012 82.000000
v 269.000000 273.200012 0.000000
v 271.000000 273.200012 2.000000
v 269.000000 275.200012 2.000000
v 269.000000 273.200012 84.000000
v 269.000000 275.200012 82.000000
v 271.000000 273.200012 82.000000
v 269.000000 265.200012 0.000000
v 269.000000 263.200012 2.000000
v 271.000000 265.200012 2.000000
v 269.000000 265.200012 84.000000
v 271.000000 265.200012 82.000000
v 269.000000 263.200012 82.000000
v 262.000000 204.800003 0.000000
v 262.000000 206.800003 2.000000
v 260.000000 204.800003 2.000000
v 262.000000 206.800003 82.000000
v 262.000000 204.800003 84.000000
v 260.000000 204.800003 82.000000
v 262.000000 196.800003 0.000000
v 260.000000 196.800003 2.000000
v 262.000000 194.800003 2.000000
v 262.000000 196.800003 84.000000
v 262.000000 194.800003 82.000000
v 260.000000 196.800003 82.000000
v 269.000000 204.800003 0.000000
v 271.000000 204.800003 2.000000
v 269.000000 206.800003 2.000000
v 269.000000 204.800003 84.000000
v 269.000000 206.800003 82.000000
v 271.000000 204.800003 82.000000
v 269.000000 196.800003 0.000000
v 269.000000 194.800003 2.000000
v 271.000000 196.800003 2.000000
v 269.000000 196.800003 84.000000
v 271.000000 196.800003 82.000000
v 269.000000 194.800003 82.000000
v 360.299988 278.200012 10.080000
v 360.299988 280.000000 11.879999
v 358.500000 278.200012 11.879999
v 360.299988 280.000000 21.719999
v 360.299988 278.200012 23.519999
v 358.500000 278.200012 21.719999
v 360.299988 191.800003 10.080000
v 358.500000 191.800003 11.879999
v 360.299988 190.000000 11.879999
v 360.299988 191.800003 23.519999
v 360.299988 190.000000 21.719999
v 358.500000 191.800003 21.719999
v 364.700012 278.200012 10.080000
v 366.500000 278.200012 11.879999
v 364.700012 280.000000 11.879999
v 364.700012 278.200012 23.519999
v 364.700012 280.000000 21.719999
v 366.500000 278.200012 21.719999
v 364.700012 191.800003 10.080000
v 364.700012 190.000000 11.879999
v 366.500000 191.800003 11.879999
v 364.700012 191.800003 23.519999
v 366.500000 191.800003 21.719999
v 364.700012 190.000000 21.719999
v 360.299988 278.200012 26.879999
v 360.299988 280.000000 28.679998
v 358.500000 278.200012 28.679998
v 360.299988 280.000000 38.519997
v 360.299988 278.200012 40.320000
v 358.500000 278.200012 38.519997
v 360.299988 191.800003 26.879999
v 358.500000 191.800003 28.679998
v 360.299988 190.000000 28.679998
v 360.299988 191.800003 40.320000
v 360.299988 190.000000 38.519997
v 358.500000 191.800003 38.519997
v 364.700012 278.200012 26.879999
v 366.500000 278.200012 28.679998
v 364.700012 280.000000 28.679998
v 364.700012 278.200012 40.320000
v 364.700012 280.000000 38.519997
v 366.500000 278.200012 38.519997
v 364.700012 191.800003 26.879999
v 364.700012 190.000000 28.679998
v 366.500000 191.800003 28.679998
v 364.700012 191.800003 40.320000
v 366.500000 191.800003 38.519997
v 364.700012 190.000000 38.519997
v 360.299988 278.200012 43.680000
v 360.299988 280.000000 45.480003
v 358.500000 278.200012 45.480003
v 360.299988 280.000000 55.320004
v 360.299988 278.200012 57.120003
v 358.500000 278.200012 55.320004
v 360.299988 191.800003 43.680000
v 358.500000 191.800003 45.480003
v 360.299988 190.000000 45.480003
v 360.299988 191.800003 57.120003
v 360.299988 190.000000 55.320004
v 358.500000 191.800003 55.320004
v 364.700012 278.200012 43.680000
v 366.500000 278.200012 45.480003
v 364.700012 280.000000 45.480003
v 364.700012 278.200012 57.120003
v 364.700012 280.000000 55.320004
v 366.500000 278.200012 55.320004
v 364.700012 191.800003 43.680000
v 364.700012 190.000000 45.480003
v 366.500000 191.800003 45.480003
v 364.700012 191.800003 57.120003
v 366.500000 191.800003 55.320004
v 364.700012 190.000000 55.320004
v 360.299988 278.200012 60.479996
v 360.299988 280.000000 62.279995
v 358.500000 278.200012 62.279995
v 360.299988 280.000000 72.119995
v 360.299988 278.200012 73.919998
v 358.500000 278.200012 72.119995
v 360.299988 191.800003 60.479996
v 358.500000 191.800003 62.279995
v 360.299988 190.000000 62.279995
v 360.299988 191.800003 73.919998
v 360.299988 190.000000 72.119995
v 358.500000 191.800003 72.119995
v 364.700012 278.200012 60.479996
v 366.500000 278.200012 62.279995
v 364.700012 280.000000 62.279995
v 364.700012 278.200012 73.919998
v 364.700012 280.000000 72.119995
v 366.500000 278.200012 72.119995
v 364.700012 191.800003 60.479996
v 364.700012 190.000000 62.279995
v 366.500000 191.800003 62.279995
v 364.700012 191.800003 73.919998
v 366.500000 191.800003 72.119995
v 364.700012 190.000000 72.119995
v 361.000000 273.200012 0.000000
v 361.000000 275.200012 2.000000
v 359.000000 273.200012 2.000000
v 361.000000 275.200012 82.000000
v 361.000000 273.200012 84.000000
v 359.000000 273.200012 82.000000
v 361.000000 265.200012 0.000000
v 359.000000 265.200012 2.000000
v 361.000000 263.200012 2.000000
v 361.000000 265.200012 84.000000
v 361.000000 263.200012 82.000000
v 359.000000 265.200012 82.000000
v 368.000000 273.200012 0.000000
v 370.000000 273.200012 2.000000
v 368.000000 275.200012 2.000000
v 368.000000 273.200012 84.000000
v 368.000000 275.200012 82.000000
v 370.000000 273.200012 82.000000
v 368.000000 265.200012 0.000000
v 368.000000 263.200012 2.000000
v 370.000000 265.200012 2.000000
v 368.000000 265.200012 84.000000
v 370.000000 265.200012 82.000000
v 368.000000 263.200012 82.000000
v 361.000000 204.800003 0.000000
v 361.000000 206.800003 2.000000
v 359.000000 204.800003 2.000000
v 361.000000 206.800003 82.000000
v 361.000000 204.800003 84.000000
v 359.000000 204.800003 82.000000
v 361.000000 196.800003 0.000000
v 359.000000 196.800003 2.000000
v 361.000000 194.800003 2.000000
v 361.000000 196.800003 84.000000
v 361.000000 194.800003 82.000000
v 359.000000 196.800003 82.000000
v 368.000000 204.800003 0.000000
v 370.000000 204.800003 2.000000
v 368.000000 206.800003 2.000000
v 368.000000 204.800003 84.000000
v 368.000000 206.800003 82.000000
v 370.000000 204.800003 82.000000
v 368.000000 196.800003 0.000000
v 368.000000 194.800003 2.000000
v 370.000000 196.800003 2.000000
v 368.000000 196.800003 84.000000
v 370.000000 196.800003 82.000000
v 368.000000 194.800003 82.000000
v 269.299988 282.200012 10.080000
v 269.299988 284.000000 11.879999
v 267.500000 282.200012 11.879999
v 269.299988 284.000000 21.719999
v 269.299988 282.200012 23.519999
v 267.500000 282.200012 21.719999
v 269.299988 277.799988 10.080000
v 267.500000 277.799988 11.879999
v 269.299988 276.000000 11.879999
v 269.299988 277.799988 23.519999
v 269.299988 276.000000 21.719999
v 267.500000 277.799988 21.719999
v 360.700012 282.200012 10.080000
v 362.500000 282.200012 11.879999
v 360.700012 284.000000 11.879999
v 360.700012 282.200012 23.519999
v 360.700012 284.000000 21.719999
v 362.500000 282.200012 21.719999
v 360.700012 277.799988 10.080000
v 360.700012 276.000000 11.879999
v 362.500000 277.799988 11.879999
v 360.700012 277.799988 23.519999
v 362.500000 277.799988 21.719999
v 360.700012 276.000000 21.719999
v 269.299988 282.200012 26.879999
v 269.299988 284.000000 28.679998
v 267.500000 282.200012 28.679998
v 269.299988 284.000000 38.519997
v 269.299988 282.200012 40.320000
v 267.500000 282.200012 38.519997
v 269.299988 277.799988 26.879999
v 267.500000 277.799988 28.679998
v 269.299988 276.000000 28.679998
v 269.299988 277.799988 40.320000
v 269.299988 276.000000 38.519997
v 267.500000 277.799988 38.519997
v 360.700012 282.200012 26.879999
v 362.500000 282.200012 28.679998
v 360.700012 284.000000 28.679998
v 360.700012 282.200012 40.320000
v 360.700012 284.000000 38.519997
v 362.500000 282.200012 38.519997
v 360.700012 277.799988 26.879999
v 360.700012 276.000000 28.679998
v 362.500000 277.799988 28.679998
v 360.700012 277.799988 40.320000
v 362.500000 277.799988 38.519997
v 360.700012 276.000000 38.519997
v 269.299988 282.200012 43.680000
v 269.299988 284.000000 45.480003
v 267.500000 282.200012 45.480003
v 269.299988 284.000000 55.320004
v 269.299988 282.200012 57.120003
v 267.500000 282.200012 55.320004
v 269.299988 277.799988 43.680000
v 267.500000 277.799988 45.480003
v 269.299988 276.000000 45.480003
v 269.299988 277.799988 57.120003
v 269.299988 276.000000 55.320004
v 267.500000 277.799988 55.320004
v 360.700012 282.200012 43.680000
v 362.500000 282.200012 45.480003
v 360.700012 284.000000 45.480003
v 360.700012 282.200012 57.120003
v 360.700012 284.000000 55.320004
v 362.500000 282.200012 55.320004
v 360.700012 277.799988 43.680000
v 360.700012 276.000000 45.480003
v 362.500000 277.799988 45.480003
v 360.700012 277.799988 57.120003
v 362.500000 277.799988 55.320004
v 360.700012 276.000000 55.320004
v 269.299988 282.200012 60.479996
v 269.299988 284.000000 62.279995
v 267.500000 282.200012 62.279995
v 269.299988 284.000000 72.119995
v 269.299988 282.200012 73.919998
v 267.500000 282.200012 72.119995
v 269.299988 277.799988 60.479996
v 267.500000 277.799988 62.279995
v 269.299988 276.000000 62.279995
v 269.299988 277.799988 73.919998
v 269.299988 276.000000 72.119995
v 267.500000 277.799988 72.119995
v 360.700012 282.200012 60.479996
v 362.500000 282.200012 62.279995
v 360.700012 284.000000 62.279995
v 360.700012 282.200012 73.919998
v 360.700012 284.000000 72.119995
v 362.500000 282.200012 72.119995
v 360.700012 277.799988 60.479996
v 360.700012 276.000000 62.279995
v 362.500000 277.799988 62.279995
v 360.700012 277.799988 73.919998
v 362.500000 277.799988 72.119995
v 360.700012 276.000000 72.119995
v 269.299988 192.199997 10.080000
v 269.299988 194.000000 11.879999
v 267.500000 192.199997 11.879999
v 269.299988 194.000000 21.719999
v 269.299988 192.199997 23.519999
v 267.500000 192.199997 21.719999
v 269.299988 187.800003 10.080000
v 267.500000 187.800003 11.879999
v 269.299988 186.000000 11.879999
v 269.299988 187.800003 23.519999
v 269.299988 186.000000 21.719999
v 267.500000 187.800003 21.719999
v 360.700012 192.199997 10.080000
v 362.500000 192.199997 11.879999
v 360.700012 194.000000 11.879999
v 360.700012 192.199997 23.519999
v 360.700012 194.000000 21.719999
v 362.500000 192.199997 21.719999
v 360.700012 187.800003 10.080000
v 360.700012 186.000000 11.879999
v 362.500000 187.800003 11.879999
v 360.700012 187.800003 23.519999
v 362.500000 187.800003 21.719999
v 360.700012 186.000000 21.719999
v 269.299988 192.199997 26.879999
v 269.299988 194.000000 28.679998
v 267.500000 192.199997 28.679998
v 269.299988 194.000000 38.519997
v 269.299988 192.199997 40.320000
v 267.500000 192.199997 38.519997
v 269.299988 187.800003 26.879999
v 267.500000 187.800003 28.679998
v 269.299988 186.000000 28.679998
v 269.299988 187.800003 40.320000
v 269.299988 186.000000 38.519997
v 267.500000 187.800003 38.519997
v 360.700012 192.199997 26.879999
v 362.500000 192.199997 28.679998
v 360.700012 194.000000 28.679998
v 360.700012 192.199997 40.320000
v 360.700012 194.000000 38.519997
v 362.500000 192.199997 38.519997
v 360.700012 187.800003 26.879999
v 360.700012 186.000000 28.679998
v 362.500000 187.800003 28.679998
v 360.700012 187.800003 40.320000
v 362.500000 187.800003 38.519997
v 360.700012 186.000000 38.519997
v 269.299988 192.199997 43.680000
v 269.299988 194.000000 45.480003
v 267.500000 192.199997 45.480003
v 269.299988 194.000000 55.320004
v 269.299988 192.199997 57.120003
v 267.500000 192.199997 55.320004
v 269.299988 187.800003 43.680000
v 267.500000 187.800003 45.480003
v 269.299988 186.000000 45.480003
v 269.299988 187.800003 57.120003
v 269.299988 186.000000 55.320004
v 267.500000 187.800003 55.320004
v 360.700012 192.199997 43.680000
v 362.500000 192.199997 45.480003
v 360.700012 194.000000 45.480003
v 360.700012 192.199997 57.120003
v 360.700012 194.000000 55.320004
v 362.500000 192.199997 55.320004
v 360.700012 187.800003 43.680000
v 360.700012 186.000000 45.480003
v 362.500000 187.800003 45.480003
v 360.700012 187.800003 57.120003
v 362.500000 187.800003 55.320004
v 360.700012 186.000000 55.320004
v 269.299988 192.199997 60.479996
v 269.299988 194.000000 62.279995
v 267.500000 192.199997 62.279995
v 269.299988 194.000000 72.119995
v 269.299988 192.199997 73.919998
v 267.500000 192.199997 72.119995
v 269.299988 187.800003 60.479996
v 267.500000 187.800003 62.279995
v 269.299988 186.000000 62.279995
v 269.299988 187.800003 73.919998
v 269.299988 186.000000 72.119995
v 267.500000 187.800003 72.119995
v 360.700012 192.199997 60.479996
v 362.500000 192.199997 62.279995
v 360.700012 194.000000 62.279995
v 360.700012 192.199997 73.919998
v 360.700012 194.000000 72.119995
v 362.500000 192.199997 72.119995
v 360.700012 187.800003 60.479996
v 360.700012 186.000000 62.279995
v 362.500000 187.800003 62.279995
v 360.700012 187.800003 73.919998
v 362.500000 187.800003 72.119995
v 360.700012 186.000000 72.119995
v 321.799988 244.199997 92.160004
v 321.799988 246.000000 93.960007
v 320.000000 244.199997 93.960007
v 321.799988 246.000000 101.240005
v 321.799988 244.199997 103.040009
v 320.000000 244.199997 101.240005
v 321.799988 175.800003 92.160004
v 320.000000 175.800003 93.960007
v 321.799988 174.000000 93.960007
v 321.799988 175.800003 103.040009
v 321.799988 174.000000 101.240005
v 320.000000 175.800003 101.240005
v 326.200012 244.199997 92.160004
v 328.000000 244.199997 93.960007
v 326.200012 246.000000 93.960007
v 326.200012 244.199997 103.040009
v 326.200012 246.000000 101.240005
v 328.000000 244.199997 101.240005
v 326.200012 175.800003 92.160004
v 326.200012 174.000000 93.960007
v 328.000000 175.800003 93.960007
v 326.200012 175.800003 103.040009
v 328.000000 175.800003 101.240005
v 326.200012 174.000000 101.240005
v 321.799988 244.199997 105.759995
v 321.799988 246.000000 107.559998
v 320.000000 244.199997 107.559998
v 321.799988 246.000000 114.839996
v 321.799988 244.199997 116.639999
v 320.000000 244.199997 114.839996
v 321.799988 175.800003 105.759995
v 320.000000 175.800003 107.559998
v 321.799988 174.000000 107.559998
v 321.799988 175.800003 116.639999
v 321.799988 174.000000 114.839996
v 320.000000 175.800003 114.839996
v 326.200012 244.199997 105.759995
v 328.000000 244.199997 107.559998
v 326.200012 246.000000 107.559998
v 326.200012 244.199997 116.639999
v 326.200012 246.000000 114.839996
v 328.000000 244.199997 114.839996
v 326.200012 175.800003 105.759995
v 326.200012 174.000000 107.559998
v 328.000000 175.800003 107.559998
v 326.200012 175.800003 116.639999
v 328.000000 175.800003 114.839996
v 326.200012 174.000000 114.839996
v 321.799988 244.199997 119.360001
v 321.799988 246.000000 121.160004
v 320.000000 244.199997 121.160004
v 321.799988 246.000000 128.440002
v 321.799988 244.199997 130.240005
v 320.000000 244.199997 128.440002
v 321.799988 175.800003 119.360001
v 320.000000 175.800003 121.160004
v 321.799988 174.000000 121.160004
v 321.799988 175.800003 130.240005
v 321.799988 174.000000 128.440002
v 320.000000 175.800003 128.440002
v 326.200012 244.199997 119.360001
v 328.000000 244.199997 121.160004
v 326.200012 246.000000 121.160004
v 326.200012 244.199997 130.240005
v 326.200012 246.000000 128.440002
v 328.000000 244.199997 128.440002
v 326.200012 175.800003 119.360001
v 326.200012 174.000000 121.160004
v 328.000000 175.800003 121.160004
v 326.200012 175.800003 130.240005
v 328.000000 175.800003 128.440002
v 326.200012 174.000000 128.440002
v 321.799988 244.199997 132.959991
v 321.799988 246.000000 134.759995
v 320.000000 244.199997 134.759995
v 321.799988 246.000000 142.039993
v 321.799988 244.199997 143.839996
v 320.000000 244.199997 142.039993
v 321.799988 175.800003 132.959991
v 320.000000 175.800003 134.759995
v 321.799988 174.000000 134.759995
v 321.799988 175.800003 143.839996
v 321.799988 174.000000 142.039993
v 320.000000 175.800003 142.039993
v 326.200012 244.199997 132.959991
v 328.000000 244.199997 134.759995
v 326.200012 246.000000 134.759995
v 326.200012 244.199997 143.839996
v 326.200012 246.000000 142.039993
v 328.000000 244.199997 142.039993
v 326.200012 175.800003 132.959991
v 326.200012 174.000000 134.759995
v 328.000000 175.800003 134.759995
v 326.200012 175.800003 143.839996
v 328.000000 175.800003 142.039993
v 326.200012 174.000000 142.039993
v 318.500000 241.360001 84.000000
v 318.500000 243.360001 86.000000
v 316.500000 241.360001 86.000000
v 318.500000 243.360001 150.000000
v 318.500000 241.360001 152.000000
v 316.500000 241.360001 150.000000
v 318.500000 233.360001 84.000000
v 316.500000 233.360001 86.000000
v 318.500000 231.360001 86.000000
v 318.500000 233.360001 152.000000
v 318.500000 231.360001 150.000000
v 316.500000 233.360001 150.000000
v 325.500000 241.360001 84.000000
v 327.500000 241.360001 86.000000
v 325.500000 243.360001 86.000000
v 325.500000 241.360001 152.000000
v 325.500000 243.360001 150.000000
v 327.500000 241.360001 150.000000
v 325.500000 233.360001 84.000000
v 325.500000 231.360001 86.000000
v 327.500000 233.360001 86.000000
v 325.500000 233.360001 152.000000
v 327.500000 233.360001 150.000000
v 325.500000 231.360001 150.000000
v 318.500000 186.639999 84.000000
v 318.500000 188.639999 86.000000
v 316.500000 186.639999 86.000000
v 318.500000 188.639999 150.000000
v 318.500000 186.639999 152.000000
v 316.500000 186.639999 150.000000
v 318.500000 178.639999 84.000000
v 316.500000 178.639999 86.000000
v 318.500000 176.639999 86.000000
v 318.500000 178.639999 152.000000
v 318.500000 176.639999 150.000000
v 316.500000 178.639999 150.000000
v 325.500000 186.639999 84.000000
v 327.500000 186.639999 86.000000
v 325.500000 188.639999 86.000000
v 325.500000 186.639999 152.000000
v 325.500000 188.639999 150.000000
v 327.500000 186.639999 150.000000
v 325.500000 178.639999 84.000000
v 325.500000 176.639999 86.000000
v 327.500000 178.639999 86.000000
v 325.500000 178.639999 152.000000
v 327.500000 178.639999 150.000000
v 325.500000 176.639999 150.000000
v 403.799988 244.199997 92.160004
v 403.799988 246.000000 93.960007
v 402.000000 244.199997 93.960007
v 403.799988 246.000000 101.240005
v 403.799988 244.199997 103.040009
v 402.000000 244.199997 101.240005
v 403.799988 175.800003 92.160004
v 402.000000 175.800003 93.960007
v 403.799988 174.000000 93.960007
v 403.799988 175.800003 103.040009
v 403.799988 174.000000 101.240005
v 402.000000 175.800003 101.240005
v 408.200012 244.199997 92.160004
v 410.000000 244.199997 93.960007
v 408.200012 246.000000 93.960007
v 408.200012 244.199997 103.040009
v 408.200012 246.000000 101.240005
v 410.000000 244.199997 101.240005
v 408.200012 175.800003 92.160004
v 408.200012 174.000000 93.960007
v 410.000000 175.800003 93.960007
v 408.200012 175.800003 103.040009
v 410.000000 175.800003 101.240005
v 408.200012 174.000000 101.240005
v 403.799988 244.199997 105.759995
v 403.799988 246.000000 107.559998
v 402.000000 244.199997 107.559998
v 403.799988 246.000000 114.839996
v 403.799988 244.199997 116.639999
v 402.000000 244.199997 114.839996
v 403.799988 175.800003 105.759995
v 402.000000 175.800003 107.559998
v 403.799988 174.000000 107.559998
v 403.799988 175.800003 116.639999
v 403.799988 174.000000 114.839996
v 402.000000 175.800003 114.839996
v 408.200012 244.199997 105.759995
v 410.000000 244.199997 107.559998
v 408.200012 246.000000 107.559998
v 408.200012 244.199997 116.639999
v 408.200012 246.000000 114.839996
v 410.000000 244.199997 114.839996
v 408.200012 175.800003 105.759995
v 408.200012 174.000000 107.559998
v 410.000000 175.800003 107.559998
v 408.200012 175.800003 116.639999
v 410.000000 175.800003 114.839996
v 408.200012 174.000000 114.839996
v 403.799988 244.199997 119.360001
v 403.799988 246.000000 121.160004
v 402.000000 244.199997 121.160004
v 403.799988 246.000000 128.440002
v 403.799988 244.199997 130.240005
v 402.000000 244.199997 128.440002
v 403.799988 175.800003 119.360001
v 402.000000 175.800003 121.160004
v 403.799988 174.000000 121.160004
v 403.799988 175.800003 130.240005
v 403.799988 174.000000 128.440002
v 402.000000 175.800003 128.440002
v 408.200012 244.199997 119.360001
v 410.000000 244.199997 121.160004
v 408.200012 246.000000 121.160004
v 408.200012 244.199997 130.240005
v 408.200012 246.000000 128.440002
v 410.000000 244.199997 128.440002
v 408.200012 175.800003 119.360001
v 408.200012 174.000000 121.160004
v 410.000000 175.800003 121.160004
v 408.200012 175.800003 130.240005
v 410.000000 175.800003 128.440002
v 408.200012 174.000000 128.440002
v 403.799988 244.199997 132.959991
v 403.799988 246.000000 134.759995
v 402.000000 244.199997 134.759995
v 403.799988 246.000000 142.039993
v 403.799988 244.199997 143.839996
v 402.000000 244.199997 142.039993
v 403.799988 175.800003 132.959991
v 402.000000 175.800003 134.759995
v 403.799988 174.000000 134.759995
v 403.799988 175.800003 143.839996
v 403.799988 174.000000 142.039993
v 402.000000 175.800003 142.039993
v 408.200012 244.199997 132.959991
v 410.000000 244.199997 134.759995
v 408.200012 246.000000 134.759995
v 408.200012 244.199997 143.839996
v 408.200012 246.000000 142.039993
v 410.000000 244.199997 142.039993
v 408.200012 175.800003 132.959991
v 408.200012 174.000000 134.759995
v 410.000000 175.800003 134.759995
v 408.200012 175.800003 143.839996
v 410.000000 175.800003 142.039993
v 408.200012 174.000000 142.039993
v 404.500000 241.360001 84.000000
v 404.500000 243.360001 86.000000
v 402.500000 241.360001 86.000000
v 404.500000 243.360001 150.000000
v 404.500000 241.360001 152.000000
v 402.500000 241.360001 150.000000
v 404.500000 233.360001 84.000000
v 402.500000 233.360001 86.000000
v 404.500000 231.360001 86.000000
v 404.500000 233.360001 152.000000
v 404.500000 231.360001 150.000000
v 402.500000 233.360001 150.000000
v 411.500000 241.360001 84.000000
v 413.500000 241.360001 86.000000
v 411.500000 243.360001 86.000000
v 411.500000 241.360001 152.000000
v 411.500000 243.360001 150.000000
v 413.500000 241.360001 150.000000
v 411.500000 233.360001 84.000000
v 411.500000 231.360001 86.000000
v 413.500000 233.360001 86.000000
v 411.500000 233.360001 152.000000
v 413.500000 233.360001 150.000000
v 411.500000 231.360001 150.000000
v 404.500000 186.639999 84.000000
v 404.500000 188.639999 86.000000
v 402.500000 186.639999 86.000000
v 404.500000 188.639999 150.000000
v 404.500000 186.639999 152.000000
v 402.500000 186.639999 150.000000
v 404.500000 178.639999 84.000000
v 402.500000 178.639999 86.000000
v 404.500000 176.639999 86.000000
v 404.500000 178.639999 152.000000
v 404.500000 176.639999 150.000000
v 402.500000 178.639999 150.000000
v 411.500000 186.639999 84.000000
v 413.500000 186.639999 86.000000
v 411.500000 188.639999 86.000000
v 411.500000 186.639999 152.000000
v 411.500000 188.639999 150.000000
v 413.500000 186.639999 150.000000
v 411.500000 178.639999 84.000000
v 411.500000 176.639999 86.000000
v 413.500000 178.639999 86.000000
v 411.500000 178.639999 152.000000
v 413.500000 178.639999 150.000000
v 411.500000 176.639999 150.000000
v 325.799988 248.199997 92.160004
v 325.799988 250.000000 93.960007
v 324.000000 248.199997 93.960007
v 325.799988 250.000000 101.240005
v 325.799988 248.199997 103.040009
v 324.000000 248.199997 101.240005
v 325.799988 243.800003 92.160004
v 324.000000 243.800003 93.960007
v 325.799988 242.000000 93.960007
v 325.799988 243.800003 103.040009
v 325.799988 242.000000 101.240005
v 324.000000 243.800003 101.240005
v 404.200012 248.199997 92.160004
v 406.000000 248.199997 93.960007
v 404.200012 250.000000 93.960007
v 404.200012 248.199997 103.040009
v 404.200012 250.000000 101.240005
v 406.000000 248.199997 101.240005
v 404.200012 243.800003 92.160004
v 404.200012 242.000000 93.960007
v 406.000000 243.800003 93.960007
v 404.200012 243.800003 103.040009
v 406.000000 243.800003 101.240005
v 404.200012 242.000000 101.240005
v 325.799988 248.199997 105.759995
v 325.799988 250.000000 107.559998
v 324.000000 248.199997 107.559998
v 325.799988 250.000000 114.839996
v 325.799988 248.199997 116.639999
v 324.000000 248.199997 114.839996
v 325.799988 243.800003 105.759995
v 324.000000 243.800003 107.559998
v 325.799988 242.000000 107.559998
v 325.799988 243.800003 116.639999
v 325.799988 242.000000 114.839996
v 324.000000 243.800003 114.839996
v 404.200012 248.199997 105.759995
v 406.000000 248.199997 107.559998
v 404.200012 250.000000 107.559998
v 404.200012 248.199997 116.639999
v 404.200012 250.000000 114.839996
v 406.000000 248.199997 114.839996
v 404.200012 243.800003 105.759995
v 404.200012 242.000000 107.559998
v 406.000000 243.800003 107.559998
v 404.200012 243.800003 116.639999
v 406.000000 243.800003 114.839996
v 404.200012 242.000000 114.839996
v 325.799988 248.199997 119.360001
v 325.799988 250.000000 121.160004
v 324.000000 248.199997 121.160004
v 325.799988 250.000000 128.440002
v 325.799988 248.199997 130.240005
v 324.000000 248.199997 128.440002
v 325.799988 243.800003 119.360001
v 324.000000 243.800003 121.160004
v 325.799988 242.000000 121.160004
v 325.799988 243.800003 130.240005
v 325.799988 242.000000 128.440002
v 324.000000 243.800003 128.440002
v 404.200012 248.199997 119.360001
v 406.000000 248.199997 121.160004
v 404.200012 250.000000 121.160004
v 404.200012 248.199997 130.240005
v 404.200012 250.000000 128.440002
v 406.000000 248.199997 128.440002
v 404.200012 243.800003 119.360001
v 404.200012 242.000000 121.160004
v 406.000000 243.800003 121.160004
v 404.200012 243.800003 130.240005
v 406.000000 243.800003 128.440002
v 404.200012 242.000000 128.440002
v 325.799988 248.199997 132.959991
v 325.799988 250.000000 134.759995
v 324.000000 248.199997 134.759995
v 325.799988 250.000000 142.039993
v 325.799988 248.199997 143.839996
v 324.000000 248.199997 142.039993
v 325.799988 243.800003 132.959991
v 324.000000 243.800003 134.759995
v 325.799988 242.000000 134.759995
v 325.799988 243.800003 143.839996
v 325.799988 242.000000 142.039993
v 324.000000 243.800003 142.039993
v 404.200012 248.199997 132.959991
v 406.000000 248.199997 134.759995
v 404.200012 250.000000 134.759995
v 404.200012 248.199997 143.839996
v 404.200012 250.000000 142.039993
v 406.000000 248.199997 142.039993
v 404.200012 243.800003 132.959991
v 404.200012 242.000000 134.759995
v 406.000000 243.800003 134.759995
v 404.200012 243.800003 143.839996
v 406.000000 243.800003 142.039993
v 404.200012 242.000000 142.039993
v 325.799988 176.199997 92.160004
v 325.799988 178.000000 93.960007
v 324.000000 176.199997 93.960007
v 325.799988 178.000000 101.240005
v 325.799988 176.199997 103.040009
v 324.000000 176.199997 101.240005
v 325.799988 171.800003 92.160004
v 324.000000 171.800003 93.960007
v 325.799988 170.000000 93.960007
v 325.799988 171.800003 103.040009
v 325.799988 170.000000 101.240005
v 324.000000 171.800003 101.240005
v 404.200012 176.199997 92.160004
v 406.000000 176.199997 93.960007
v 404.200012 178.000000 93.960007
v 404.200012 176.199997 103.040009
v 404.200012 178.000000 101.240005
v 406.000000 176.199997 101.240005
v 404.200012 171.800003 92.160004
v 404.200012 170.000000 93.960007
v 406.000000 171.800003 93.960007
v 404.200012 171.800003 103.040009
v 406.000000 171.800003 101.240005
v 404.200012 170.000000 101.240005
v 325.799988 176.199997 105.759995
v 325.799988 178.000000 107.559998
v 324.000000 176.199997 107.559998
v 325.799988 178.000000 114.839996
v 325.799988 176.199997 116.639999
v 324.000000 176.199997 114.839996
v 325.799988 171.800003 105.759995
v 324.000000 171.800003 107.559998
v 325.799988 170.000000 107.559998
v 325.799988 171.800003 116.639999
v 325.799988 170.000000 114.839996
v 324.000000 171.800003 114.839996
v 404.200012 176.199997 105.759995
v 406.000000 176.199997 107.559998
v 404.200012 178.000000 107.559998
v 404.200012 176.199997 116.639999
v 404.200012 178.000000 114.839996
v 406.000000 176.199997 114.839996
v 404.200012 171.800003 105.759995
v 404.200012 170.000000 107.559998
v 406.000000 171.800003 107.559998
v 404.200012 171.800003 116.639999
v 406.000000 171.800003 114.839996
v 404.200012 170.000000 114.839996
v 325.799988 176.199997 119.360001
v 325.799988 178.000000 121.160004
v 324.000000 176.199997 121.160004
v 325.799988 178.000000 128.440002
v 325.799988 176.199997 130.240005
v 324.000000 176.199997 128.440002
v 325.799988 171.800003 119.360001
v 324.000000 171.800003 121.160004
v 325.799988 170.000000 121.160004
v 325.799988 171.800003 130.240005
v 325.799988 170.000000 128.440002
v 324.000000 171.800003 128.440002
v 404.200012 176.199997 119.360001
v 406.000000 176.199997 121.160004
v 404.200012 178.000000 121.160004
v 404.200012 176.199997 130.240005
v 404.200012 178.000000 128.440002
v 406.000000 176.199997 128.440002
v 404.200012 171.800003 119.360001
v 404.200012 170.000000 121.160004
v 406.000000 171.800003 121.160004
v 404.200012 171.800003 130.240005
v 406.000000 171.800003 128.440002
v 404.200012 170.000000 128.440002
v 325.799988 176.199997 132.959991
v 325.799988 178.000000 134.759995
v 324.000000 176.199997 134.759995
v 325.799988 178.000000 142.039993
v 325.799988 176.199997 143.839996
v 324.000000 176.199997 142.039993
v 325.799988 171.800003 132.959991
v 324.000000 171.800003 134.759995
v 325.799988 170.000000 134.759995
v 325.799988 171.800003 143.839996
v 325.799988 170.000000 142.039993
v 324.000000 171.800003 142.039993
v 404.200012 176.199997 132.959991
v 406.000000 176.199997 134.759995
v 404.200012 178.000000 134.759995
v 404.200012 176.199997 143.839996
v 404.200012 178.000000 142.039993
v 406.000000 176.199997 142.039993
v 404.200012 171.800003 132.959991
v 404.200012 170.000000 134.759995
v 406.000000 171.800003 134.759995
v 404.200012 171.800003 143.839996
v 406.000000 171.800003 142.039993
v 404.200012 170.000000 142.039993
v 372.700012 -219.700012 3.500000
v 372.700012 -217.500000 5.700001
v 370.500000 -219.700012 5.700001
v 372.700012 -217.500000 99.300003
v 372.700012 -219.700012 101.500000
v 370.500000 -219.700012 99.300003
v 372.700012 -230.299988 3.500000
v 370.500000 -230.299988 5.700001
v 372.700012 -232.500000 5.700001
v 372.700012 -230.299988 101.500000
v 372.700012 -232.500000 99.300003
v 370.500000 -230.299988 99.300003
v 379.299988 -219.700012 3.500000
v 381.500000 -219.700012 5.700001
v 379.299988 -217.500000 5.700001
v 379.299988 -219.700012 101.500000
v 379.299988 -217.500000 99.300003
v 381.500000 -219.700012 99.300003
v 379.299988 -230.299988 3.500000
v 379.299988 -232.500000 5.700001
v 381.500000 -230.299988 5.700001
v 379.299988 -230.299988 101.500000
v 381.500000 -230.299988 99.300003
v 379.299988 -232.500000 99.300003
v 370.770966 -238.751709 3.500000
v 371.725525 -236.769562 5.700001
v 368.788818 -237.797150 5.700001
v 371.725525 -236.769562 99.300003
v 370.770966 -238.751709 101.500000
v 368.788818 -237.797150 99.300003
v 366.171814 -248.301971 3.500000
v 364.189667 -247.347412 5.700001
v 365.217255 -250.284088 5.700001
v 366.171814 -248.301971 101.500000
v 365.217255 -250.284088 99.300003
v 364.189667 -247.347412 99.300003
v 376.717346 -241.615326 3.500000
v 378.699493 -242.569885 5.700001
v 377.671906 -239.633209 5.700001
v 376.717346 -241.615326 101.500000
v 377.671906 -239.633209 99.300003
v 378.699493 -242.569885 99.300003
v 372.118195 -251.165588 3.500000
v 371.163635 -253.147736 5.700001
v 374.100342 -252.120148 5.700001
v 372.118195 -251.165588 101.500000
v 374.100342 -252.120148 99.300003
v 371.163635 -253.147736 99.300003
v 360.766724 -255.079681 3.500000
v 362.486755 -253.708008 5.700001
v 359.395050 -253.359650 5.700001
v 362.486755 -253.708008 99.300003
v 360.766724 -255.079681 101.500000
v 359.395050 -253.359650 99.300003
v 352.479309 -261.688690 3.500000
v 351.107635 -259.968658 5.700001
v 350.759277 -263.060364 5.700001
v 352.479309 -261.688690 101.500000
v 350.759277 -263.060364 99.300003
v 351.107635 -259.968658 99.300003
v 364.881775 -260.239777 3.500000
v 366.253448 -261.959808 5.700001
v 366.601807 -258.868103 5.700001
v 364.881775 -260.239777 101.500000
v 366.601807 -258.868103 99.300003
v 366.253448 -261.959808 99.300003
v 356.594360 -266.848785 3.500000
v 354.874329 -268.220459 5.700001
v 357.966034 -268.568817 5.700001
v 356.594360 -266.848785 101.500000
v 357.966034 -268.568817 99.300003
v 354.874329 -268.220459 99.300003
v 344.668762 -265.450043 3.500000
v 346.813599 -264.960510 5.700001
v 344.179199 -263.305206 5.700001
v 346.813599 -264.960510 99.300003
v 344.668762 -265.450043 101.500000
v 344.179199 -263.305206 99.300003
v 334.334534 -267.808777 3.500000
v 333.844971 -265.663940 5.700001
v 332.189697 -268.298340 5.700001
v 334.334534 -267.808777 101.500000
v 332.189697 -268.298340 99.300003
v 333.844971 -265.663940 99.300003
v 346.137390 -271.884583 3.500000
v 346.626953 -274.029419 5.700001
v 348.282227 -271.395020 5.700001
v 346.137390 -271.884583 101.500000
v 348.282227 -271.395020 99.300003
v 346.626953 -274.029419 99.300003
v 335.803162 -274.243317 3.500000
v 333.658325 -274.732849 5.700001
v 336.292725 -276.388153 5.700001
v 335.803162 -274.243317 101.500000
v 336.292725 -276.388153 99.300003
v 333.658325 -274.732849 99.300003
v 325.665466 -267.808777 3.500000
v 327.810303 -268.298340 5.700001
v 326.155029 -265.663940 5.700001
v 327.810303 -268.298340 99.300003
v 325.665466 -267.808777 101.500000
v 326.155029 -265.663940 99.300003
v 315.331238 -265.450043 3.500000
v 315.820801 -263.305206 5.700001
v 313.186401 -264.960510 5.700001
v 315.331238 -265.450043 101.500000
v 313.186401 -264.960510 99.300003
v 315.820801 -263.305206 99.300003
v 324.196838 -274.243317 3.500000
v 323.707275 -276.388153 5.700001
v 326.341675 -274.732849 5.700001
v 324.196838 -274.243317 101.500000
v 326.341675 -274.732849 99.300003
v 323.707275 -276.388153 99.300003
v 313.862610 -271.884583 3.500000
v 311.717773 -271.395020 5.700001
v 313.373047 -274.029419 5.700001
v 313.862610 -271.884583 101.500000
v 313.373047 -274.029419 99.300003
v 311.717773 -271.395020 99.300003
v 307.520691 -261.688690 3.500000
v 309.240723 -263.060364 5.700001
v 308.892365 -259.968658 5.700001
v 309.240723 -263.060364 99.300003
v 307.520691 -261.688690 101.500000
v 308.892365 -259.968658 99.300003
v 299.233276 -255.079681 3.500000
v 300.604950 -253.359650 5.700001
v 297.513245 -253.708008 5.700001
v 299.233276 -255.079681 101.500000
v 297.513245 -253.708008 99.300003
v 300.604950 -253.359650 99.300003
v 303.405640 -266.848785 3.500000
v 302.033966 -268.568817 5.700001
v 305.125671 -268.220459 5.700001
v 303.405640 -266.848785 101.500000
v 305.125671 -268.220459 99.300003
v 302.033966 -268.568817 99.300003
v 295.118225 -260.239777 3.500000
v 293.398193 -258.868103 5.700001
v 293.746552 -261.959808 5.700001
v 295.118225 -260.239777 101.500000
v 293.746552 -261.959808 99.300003
v 293.398193 -258.868103 99.300003
v 293.828186 -248.301971 3.500000
v 294.782745 -250.284088 5.700001
v 295.810333 -247.347412 5.700001
v 294.782745 -250.284088 99.300003
v 293.828186 -248.301971 101.500000
v 295.810333 -247.347412 99.300003
v 289.229034 -238.751709 3.500000
v 291.211151 -237.797150 5.700001
v 288.274475 -236.769562 5.700001
v 289.229034 -238.751709 101.500000
v 288.274475 -236.769562 99.300003
v 291.211151 -237.797150 99.300003
v 287.881805 -251.165588 3.500000
v 285.899689 -252.120148 5.700001
v 288.836365 -253.147736 5.700001
v 287.881805 -251.165588 101.500000
v 288.836365 -253.147736 99.300003
v 285.899689 -252.120148 99.300003
v 283.282654 -241.615326 3.500000
v 282.328094 -239.633209 5.700001
v 281.300507 -242.569885 5.700001
v 283.282654 -241.615326 101.500000
v 281.300507 -242.569885 99.300003
v 282.328094 -239.633209 99.300003
v 287.299988 -230.299988 3.500000
v 287.299988 -232.500000 5.700001
v 289.500000 -230.299988 5.700001
v 287.299988 -232.500000 99.300003
v 287.299988 -230.299988 101.500000
v 289.500000 -230.299988 99.300003
v 287.299988 -219.700012 3.500000
v 289.500000 -219.700012 5.700001
v 287.299988 -217.500000 5.700001
v 287.299988 -219.700012 101.500000
v 287.299988 -217.500000 99.300003
v 289.500000 -219.700012 99.300003
v 280.700012 -230.299988 3.500000
v 278.500000 -230.299988 5.700001
v 280.700012 -232.500000 5.700001
v 280.700012 -230.299988 101.500000
v 280.700012 -232.500000 99.300003
v 278.500000 -230.299988 99.300003
v 280.700012 -219.700012 3.500000
v 280.700012 -217.500000 5.700001
v 278.500000 -219.700012 5.700001
v 280.700012 -219.700012 101.500000
v 278.500000 -219.700012 99.300003
v 280.700012 -217.500000 99.300003
v 289.229034 -211.248291 3.500000
v 288.274475 -213.230438 5.700001
v 291.211151 -212.202850 5.700001
v 288.274475 -213.230438 99.300003
v 289.229034 -211.248291 101.500000
v 291.211151 -212.202850 99.300003
v 293.828186 -201.698029 3.500000
v 295.810333 -202.652588 5.700001
v 294.782745 -199.715912 5.700001
v 293.828186 -201.698029 101.500000
v 294.782745 -199.715912 99.300003
v 295.810333 -202.652588 99.300003
v 283.282654 -208.384674 3.500000
v 281.300507 -207.430115 5.700001
v 282.328094 -210.366791 5.700001
v 283.282654 -208.384674 101.500000
v 282.328094 -210.366791 99.300003
v 281.300507 -207.430115 99.300003
v 287.881805 -198.834412 3.500000
v 288.836365 -196.852264 5.700001
v 285.899689 -197.879852 5.700001
v 287.881805 -198.834412 101.500000
v 285.899689 -197.879852 99.300003
v 288.836365 -196.852264 99.300003
v 299.233276 -194.920319 3.500000
v 297.513245 -196.291992 5.700001
v 300.604950 -196.640350 5.700001
v 297.513245 -196.291992 99.300003
v 299.233276 -194.920319 101.500000
v 300.604950 -196.640350 99.300003
v 307.520691 -188.311310 3.500000
v 308.892365 -190.031342 5.700001
v 309.240723 -186.939636 5.700001
v 307.520691 -188.311310 101.500000
v 309.240723 -186.939636 99.300003
v 308.892365 -190.031342 99.300003
v 295.118225 -189.760223 3.500000
v 293.746552 -188.040192 5.700001
v 293.398193 -191.131897 5.700001
v 295.118225 -189.760223 101.500000
v 293.398193 -191.131897 99.300003
v 293.746552 -188.040192 99.300003
v 303.405640 -183.151215 3.500000
v 305.125671 -181.779541 5.700001
v 302.033966 -181.431183 5.700001
v 303.405640 -183.151215 101.500000
v 302.033966 -181.431183 99.300003
v 305.125671 -181.779541 99.300003
v 315.331238 -184.549957 3.500000
v 313.186401 -185.039490 5.700001
v 315.820801 -186.694794 5.700001
v 313.186401 -185.039490 99.300003
v 315.331238 -184.549957 101.500000
v 315.820801 -186.694794 99.300003
v 325.665466 -182.191223 3.500000
v 326.155029 -184.336060 5.700001
v 327.810303 -181.701660 5.700001
v 325.665466 -182.191223 101.500000
v 327.810303 -181.701660 99.300003
v 326.155029 -184.336060 99.300003
v 313.862610 -178.115417 3.500000
v 313.373047 -175.970581 5.700001
v 311.717773 -178.604980 5.700001
v 313.862610 -178.115417 101.500000
v 311.717773 -178.604980 99.300003
v 313.373047 -175.970581 99.300003
v 324.196838 -175.756683 3.500000
v 326.341675 -175.267151 5.700001
v 323.707275 -173.611847 5.700001
v 324.196838 -175.756683 101.500000
v 323.707275 -173.611847 99.300003
v 326.341675 -175.267151 99.300003
v 334.334534 -182.191223 3.500000
v 332.189697 -181.701660 5.700001
v 333.844971 -184.336060 5.700001
v 332.189697 -181.701660 99.300003
v 334.334534 -182.191223 101.500000
v 333.844971 -184.336060 99.300003
v 344.668762 -184.549957 3.500000
v 344.179199 -186.694794 5.700001
v 346.813599 -185.039490 5.700001
v 344.668762 -184.549957 101.500000
v 346.813599 -185.039490 99.300003
v 344.179199 -186.694794 99.300003
v 335.803162 -175.756683 3.500000
v 336.292725 -173.611847 5.700001
v 333.658325 -175.267151 5.700001
v 335.803162 -175.756683 101.500000
v 333.658325 -175.267151 99.300003
v 336.292725 -173.611847 99.300003
v 346.137390 -178.115417 3.500000
v 348.282227 -178.604980 5.700001
v 346.626953 -175.970581 5.700001
v 346.137390 -178.115417 101.500000
v 346.626953 -175.970581 99.300003
v 348.282227 -178.604980 99.300003
v 352.479309 -188.311310 3.500000
v 350.759277 -186.939636 5.700001
v 351.107635 -190.031342 5.700001
v 350.759277 -186.939636 99.300003
v 352.479309 -188.311310 101.500000
v 351.107635 -190.031342 99.300003
v 360.766724 -194.920319 3.500000
v 359.395050 -196.640350 5.700001
v 362.486755 -196.291992 5.700001
v 360.766724 -194.920319 101.500000
v 362.486755 -196.291992 99.300003
v 359.395050 -196.640350 99.300003
v 356.594360 -183.151215 3.500000
v 357.966034 -181.431183 5.700001
v 354.874329 -181.779541 5.700001
v 356.594360 -183.151215 101.500000
v 354.874329 -181.779541 99.300003
v 357.966034 -181.431183 99.300003
v 364.881775 -189.760223 3.500000
v 366.601807 -191.131897 5.700001
v 366.253448 -188.040192 5.700001
v 364.881775 -189.760223 101.500000
v 366.253448 -188.040192 99.300003
v 366.601807 -191.131897 99.300003
v 366.171814 -201.698029 3.500000
v 365.217255 -199.715912 5.700001
v 364.189667 -202.652588 5.700001
v 365.217255 -199.715912 99.300003
v 366.171814 -201.698029 101.500000
v 364.189667 -202.652588 99.300003
v 370.770966 -211.248291 3.500000
v 368.788818 -212.202850 5.700001
v 371.725525 -213.230438 5.700001
v 370.770966 -211.248291 101.500000
v 371.725525 -213.230438 99.300003
v 368.788818 -212.202850 99.300003
v 372.118195 -198.834412 3.500000
v 374.100342 -197.879852 5.700001
v 371.163635 -196.852264 5.700001
v 372.118195 -198.834412 101.500000
v 371.163635 -196.852264 99.300003
v 374.100342 -197.879852 99.300003
v 376.717346 -208.384674 3.500000
v 377.671906 -210.366791 5.700001
v 378.699493 -207.430115 5.700001
v 376.717346 -208.384674 101.500000
v 378.699493 -207.430115 99.300003
v 377.671906 -210.366791 99.300003
v 379.700012 -225.000000 13.000000
v 377.488861 -225.000000 16.043381
v 373.911133 -225.000000 14.880913
v 373.911133 -225.000000 11.119087
v 377.488861 -225.000000 9.956619
v 376.702728 -241.998413 13.000000
v 374.624939 -241.242126 16.043381
v 371.262970 -240.018494 14.880913
v 371.262970 -240.018494 11.119087
v 374.624939 -241.242126 9.956619
v 368.072388 -256.946533 13.000000
v 366.378571 -255.525238 16.043381
v 363.637878 -253.225555 14.880913
v 363.637878 -253.225555 11.119087
v 366.378571 -255.525238 9.956619
v 354.850006 -268.041473 13.000000
v 353.744415 -266.126556 16.043381
v 351.955566 -263.028168 14.880913
v 351.955566 -263.028168 11.119087
v 353.744415 -266.126556 9.956619
v 338.630310 -273.944946 13.000000
v 338.246338 -271.767395 16.043381
v 337.625092 -268.244019 14.880913
v 337.625092 -268.244019 11.119087
v 338.246338 -271.767395 9.956619
v 321.369690 -273.944946 13.000000
v 321.753662 -271.767395 16.043381
v 322.374908 -268.244049 14.880913
v 322.374908 -268.244049 11.119087
v 321.753662 -271.767395 9.956619
v 305.150024 -268.041473 13.000000
v 306.255585 -266.126556 16.043381
v 308.044434 -263.028168 14.880913
v 308.044434 -263.028168 11.119087
v 306.255585 -266.126556 9.956619
v 291.927612 -256.946564 13.000000
v 293.621429 -255.525269 16.043381
v 296.362122 -253.225555 14.880913
v 296.362122 -253.225555 11.119087
v 293.621429 -255.525269 9.956619
v 283.297272 -241.998413 13.000000
v 285.375092 -241.242157 16.043381
v 288.737030 -240.018524 14.880913
v 288.737030 -240.018524 11.119087
v 285.375092 -241.242157 9.956619
v 280.299988 -225.000000 13.000000
v 282.511139 -225.000000 16.043381
v 286.088867 -225.000000 14.880913
v 286.088867 -225.000000 11.119087
v 282.511139 -225.000000 9.956619
v 283.297272 -208.001617 13.000000
v 285.375061 -208.757874 16.043381
v 288.737030 -209.981506 14.880913
v 288.737030 -209.981506 11.119087
v 285.375061 -208.757874 9.956619
v 291.927582 -193.053467 13.000000
v 293.621429 -194.474762 16.043381
v 296.362091 -196.774475 14.880913
v 296.362091 -196.774475 11.119087
v 293.621429 -194.474762 9.956619
v 305.150024 -181.958527 13.000000
v 306.255585 -183.873444 16.043381
v 308.044434 -186.971832 14.880913
v 308.044434 -186.971832 11.119087
v 306.255585 -183.873444 9.956619
v 321.369690 -176.055054 13.000000
v 321.753662 -178.232605 16.043381
v 322.374908 -181.755951 14.880913
v 322.374908 -181.755951 11.119087
v 321.753662 -178.232605 9.956619
v 338.630310 -176.055054 13.000000
v 338.246338 -178.232605 16.043381
v 337.625092 -181.755981 14.880913
v 337.625092 -181.755981 11.119087
v 338.246338 -178.232605 9.956619
v 354.850006 -181.958527 13.000000
v 353.744415 -183.873444 16.043381
v 351.955566 -186.971832 14.880913
v 351.955566 -186.971832 11.119087
v 353.744415 -183.873444 9.956619
v 368.072388 -193.053467 13.000000
v 366.378571 -194.474762 16.043381
v 363.637878 -196.774445 14.880913
v 363.637878 -196.774445 11.119087
v 366.378571 -194.474762 9.956619
v 376.702728 -208.001587 13.000000
v 374.624939 -208.757843 16.043381
v 371.262970 -209.981506 14.880913
v 371.262970 -209.981506 11.119087
v 374.624939 -208.757843 9.956619
v 379.700012 -225.000000 52.500000
v 377.488861 -225.000000 55.543381
v 373.911133 -225.000000 54.380913
v 373.911133 -225.000000 50.619087
v 377.488861 -225.000000 49.456619
v 376.702728 -241.998413 52.500000
v 374.624939 -241.242126 55.543381
v 371.262970 -240.018494 54.380913
v 371.262970 -240.018494 50.619087
v 374.624939 -241.242126 49.456619
v 368.072388 -256.946533 52.500000
v 366.378571 -255.525238 55.543381
v 363.637878 -253.225555 54.380913
v 363.637878 -253.225555 50.619087
v 366.378571 -255.525238 49.456619
v 354.850006 -268.041473 52.500000
v 353.744415 -266.126556 55.543381
v 351.955566 -263.028168 54.380913
v 351.955566 -263.028168 50.619087
v 353.744415 -266.126556 49.456619
v 338.630310 -273.944946 52.500000
v 338.246338 -271.767395 55.543381
v 337.625092 -268.244019 54.380913
v 337.625092 -268.244019 50.619087
v 338.246338 -271.767395 49.456619
v 321.369690 -273.944946 52.500000
v 321.753662 -271.767395 55.543381
v 322.374908 -268.244049 54.380913
v 322.374908 -268.244049 50.619087
v 321.753662 -271.767395 49.456619
v 305.150024 -268.041473 52.500000
v 306.255585 -266.126556 55.543381
v 308.044434 -263.028168 54.380913
v 308.044434 -263.028168 50.619087
v 306.255585 -266.126556 49.456619
v 291.927612 -256.946564 52.500000
v 293.621429 -255.525269 55.543381
v 296.362122 -253.225555 54.380913
v 296.362122 -253.225555 50.619087
v 293.621429 -255.525269 49.456619
v 283.297272 -241.998413 52.500000
v 285.375092 -241.242157 55.543381
v 288.737030 -240.018524 54.380913
v 288.737030 -240.018524 50.619087
v 285.375092 -241.242157 49.456619
v 280.299988 -225.000000 52.500000
v 282.511139 -225.000000 55.543381
v 286.088867 -225.000000 54.380913
v 286.088867 -225.000000 50.619087
v 282.511139 -225.000000 49.456619
v 283.297272 -208.001617 52.500000
v 285.375061 -208.757874 55.543381
v 288.737030 -209.981506 54.380913
v 288.737030 -209.981506 50.619087
v 285.375061 -208.757874 49.456619
v 291.927582 -193.053467 52.500000
v 293.621429 -194.474762 55.543381
v 296.362091 -196.774475 54.380913
v 296.362091 -196.774475 50.619087
v 293.621429 -194.474762 49.456619
v 305.150024 -181.958527 52.500000
v 306.255585 -183.873444 55.543381
v 308.044434 -186.971832 54.380913
v 308.044434 -186.971832 50.619087
v 306.255585 -183.873444 49.456619
v 321.369690 -176.055054 52.500000
v 321.753662 -178.232605 55.543381
v 322.374908 -181.755951 54.380913
v 322.374908 -181.755951 50.619087
v 321.753662 -178.232605 49.456619
v 338.630310 -176.055054 52.500000
v 338.246338 -178.232605 55.543381
v 337.625092 -181.755981 54.380913
v 337.625092 -181.755981 50.619087
v 338.246338 -178.232605 49.456619
v 354.850006 -181.958527 52.500000
v 353.744415 -183.873444 55.543381
v 351.955566 -186.971832 54.380913
v 351.955566 -186.971832 50.619087
v 353.744415 -183.873444 49.456619
v 368.072388 -193.053467 52.500000
v 366.378571 -194.474762 55.543381
v 363.637878 -196.774445 54.380913
v 363.637878 -196.774445 50.619087
v 366.378571 -194.474762 49.456619
v 376.702728 -208.001587 52.500000
v 374.624939 -208.757843 55.543381
v 371.262970 -209.981506 54.380913
v 371.262970 -209.981506 50.619087
v 374.624939 -208.757843 49.456619
v 379.700012 -225.000000 92.000000
v 377.488861 -225.000000 95.043381
v 373.911133 -225.000000 93.880905
v 373.911133 -225.000000 90.119080
v 377.488861 -225.000000 88.956619
v 376.702728 -241.998413 92.000000
v 374.624939 -241.242126 95.043381
v 371.262970 -240.018494 93.880905
v 371.262970 -240.018494 90.119080
v 374.624939 -241.242126 88.956619
v 368.072388 -256.946533 92.000000
v 366.378571 -255.525238 95.043381
v 363.637878 -253.225555 93.880905
v 363.637878 -253.225555 90.119080
v 366.378571 -255.525238 88.956619
v 354.850006 -268.041473 92.000000
v 353.744415 -266.126556 95.043381
v 351.955566 -263.028168 93.880905
v 351.955566 -263.028168 90.119080
v 353.744415 -266.126556 88.956619
v 338.630310 -273.944946 92.000000
v 338.246338 -271.767395 95.043381
v 337.625092 -268.244019 93.880905
v 337.625092 -268.244019 90.119080
v 338.246338 -271.767395 88.956619
v 321.369690 -273.944946 92.000000
v 321.753662 -271.767395 95.043381
v 322.374908 -268.244049 93.880905
v 322.374908 -268.244049 90.119080
v 321.753662 -271.767395 88.956619
v 305.150024 -268.041473 92.000000
v 306.255585 -266.126556 95.043381
v 308.044434 -263.028168 93.880905
v 308.044434 -263.028168 90.119080
v 306.255585 -266.126556 88.956619
v 291.927612 -256.946564 92.000000
v 293.621429 -255.525269 95.043381
v 296.362122 -253.225555 93.880905
v 296.362122 -253.225555 90.119080
v 293.621429 -255.525269 88.956619
v 283.297272 -241.998413 92.000000
v 285.375092 -241.242157 95.043381
v 288.737030 -240.018524 93.880905
v 288.737030 -240.018524 90.119080
v 285.375092 -241.242157 88.956619
v 280.299988 -225.000000 92.000000
v 282.511139 -225.000000 95.043381
v 286.088867 -225.000000 93.880905
v 286.088867 -225.000000 90.119080
v 282.511139 -225.000000 88.956619
v 283.297272 -208.001617 92.000000
v 285.375061 -208.757874 95.043381
v 288.737030 -209.981506 93.880905
v 288.737030 -209.981506 90.119080
v 285.375061 -208.757874 88.956619
v 291.927582 -193.053467 92.000000
v 293.621429 -194.474762 95.043381
v 296.362091 -196.774475 93.880905
v 296.362091 -196.774475 90.119080
v 293.621429 -194.474762 88.956619
v 305.150024 -181.958527 92.000000
v 306.255585 -183.873444 95.043381
v 308.044434 -186.971832 93.880905
v 308.044434 -186.971832 90.119080
v 306.255585 -183.873444 88.956619
v 321.369690 -176.055054 92.000000
v 321.753662 -178.232605 95.043381
v 322.374908 -181.755951 93.880905
v 322.374908 -181.755951 90.119080
v 321.753662 -178.232605 88.956619
v 338.630310 -176.055054 92.000000
v 338.246338 -178.232605 95.043381
v 337.625092 -181.755981 93.880905
v 337.625092 -181.755981 90.119080
v 338.246338 -178.232605 88.956619
v 354.850006 -181.958527 92.000000
v 353.744415 -183.873444 95.043381
v 351.955566 -186.971832 93.880905
v 351.955566 -186.971832 90.119080
v 353.744415 -183.873444 88.956619
v 368.072388 -193.053467 92.000000
v 366.378571 -194.474762 95.043381
v 363.637878 -196.774445 93.880905
v 363.637878 -196.774445 90.119080
v 366.378571 -194.474762 88.956619
v 376.702728 -208.001587 92.000000
v 374.624939 -208.757843 95.043381
v 371.262970 -209.981506 93.880905
v 371.262970 -209.981506 90.119080
v 374.624939 -208.757843 88.956619
v 330.000000 -262.776489 100.500000
v 330.000000 -264.000000 101.699997
v 330.000000 -262.776489 105.500000
v 330.000000 -264.000000 104.300003
v 344.456421 -259.900940 100.500000
v 344.924652 -261.031311 101.699997
v 344.456421 -259.900940 105.500000
v 344.924652 -261.031311 104.300003
v 356.712006 -251.712006 100.500000
v 357.577148 -252.577148 101.699997
v 356.712006 -251.712006 105.500000
v 357.577148 -252.577148 104.300003
v 364.900940 -239.456421 100.500000
v 366.031311 -239.924652 101.699997
v 364.900940 -239.456421 105.500000
v 366.031311 -239.924652 104.300003
v 367.776489 -225.000000 100.500000
v 369.000000 -225.000000 101.699997
v 367.776489 -225.000000 105.500000
v 369.000000 -225.000000 104.300003
v 364.900940 -210.543579 100.500000
v 366.031311 -210.075348 101.699997
v 364.900940 -210.543579 105.500000
v 366.031311 -210.075348 104.300003
v 356.712006 -198.287994 100.500000
v 357.577148 -197.422852 101.699997
v 356.712006 -198.287994 105.500000
v 357.577148 -197.422852 104.300003
v 344.456421 -190.099060 100.500000
v 344.924652 -188.968689 101.699997
v 344.456421 -190.099060 105.500000
v 344.924652 -188.968689 104.300003
v 330.000000 -187.223511 100.500000
v 330.000000 -186.000000 101.699997
v 330.000000 -187.223511 105.500000
v 330.000000 -186.000000 104.300003
v 315.543579 -190.099060 100.500000
v 315.075348 -188.968689 101.699997
v 315.543579 -190.099060 105.500000
v 315.075348 -188.968689 104.300003
v 303.287994 -198.287994 100.500000
v 302.422852 -197.422852 101.699997
v 303.287994 -198.287994 105.500000
v 302.422852 -197.422852 104.300003
v 295.099060 -210.543579 100.500000
v 293.968689 -210.075348 101.699997
v 295.099060 -210.543579 105.500000
v 293.968689 -210.075348 104.300003
v 292.223511 -225.000000 100.500000
v 291.000000 -225.000000 101.699997
v 292.223511 -225.000000 105.500000
v 291.000000 -225.000000 104.300003
v 295.099060 -239.456421 100.500000
v 293.968689 -239.924652 101.699997
v 295.099060 -239.456421 105.500000
v 293.968689 -239.924652 104.300003
v 303.287994 -251.712006 100.500000
v 302.422852 -252.577148 101.699997
v 303.287994 -251.712006 105.500000
v 302.422852 -252.577148 104.300003
v 315.543579 -259.900940 100.500000
v 315.075348 -261.031311 101.699997
v 315.543579 -259.900940 105.500000
v 315.075348 -261.031311 104.300003
v 442.700012 -252.700012 3.500000
v 442.700012 -250.500000 5.700001
v 440.500000 -252.700012 5.700001
v 442.700012 -250.500000 72.300003
v 442.700012 -252.700012 74.500000
v 440.500000 -252.700012 72.300003
v 442.700012 -263.299988 3.500000
v 440.500000 -263.299988 5.700001
v 442.700012 -265.500000 5.700001
v 442.700012 -263.299988 74.500000
v 442.700012 -265.500000 72.300003
v 440.500000 -263.299988 72.300003
v 449.299988 -252.700012 3.500000
v 451.500000 -252.700012 5.700001
v 449.299988 -250.500000 5.700001
v 449.299988 -252.700012 74.500000
v 449.299988 -250.500000 72.300003
v 451.500000 -252.700012 72.300003
v 449.299988 -263.299988 3.500000
v 449.299988 -265.500000 5.700001
v 451.500000 -263.299988 5.700001
v 449.299988 -263.299988 74.500000
v 451.500000 -263.299988 72.300003
v 449.299988 -265.500000 72.300003
v 441.761261 -267.412872 3.500000
v 442.715820 -265.430725 5.700001
v 439.779114 -266.458313 5.700001
v 442.715820 -265.430725 72.300003
v 441.761261 -267.412872 74.500000
v 439.779114 -266.458313 72.300003
v 437.162109 -276.963135 3.500000
v 435.179962 -276.008575 5.700001
v 436.207550 -278.945251 5.700001
v 437.162109 -276.963135 74.500000
v 436.207550 -278.945251 72.300003
v 435.179962 -276.008575 72.300003
v 447.707642 -270.276489 3.500000
v 449.689789 -271.231049 5.700001
v 448.662201 -268.294373 5.700001
v 447.707642 -270.276489 74.500000
v 448.662201 -268.294373 72.300003
v 449.689789 -271.231049 72.300003
v 443.108490 -279.826782 3.500000
v 442.153931 -281.808899 5.700001
v 445.090637 -280.781311 5.700001
v 443.108490 -279.826782 74.500000
v 445.090637 -280.781311 72.300003
v 442.153931 -281.808899 72.300003
v 434.531799 -280.261414 3.500000
v 436.251831 -278.889709 5.700001
v 433.160126 -278.541382 5.700001
v 436.251831 -278.889709 72.300003
v 434.531799 -280.261414 74.500000
v 433.160126 -278.541382 72.300003
v 426.244385 -286.870361 3.500000
v 424.872711 -285.150330 5.700001
v 424.524353 -288.242065 5.700001
v 426.244385 -286.870361 74.500000
v 424.524353 -288.242065 72.300003
v 424.872711 -285.150330 72.300003
v 438.646851 -285.421509 3.500000
v 440.018524 -287.141541 5.700001
v 440.366882 -284.049805 5.700001
v 438.646851 -285.421509 74.500000
v 440.366882 -284.049805 72.300003
v 440.018524 -287.141541 72.300003
v 430.359436 -292.030457 3.500000
v 428.639404 -293.402161 5.700001
v 431.731110 -293.750488 5.700001
v 430.359436 -292.030457 74.500000
v 431.731110 -293.750488 72.300003
v 428.639404 -293.402161 72.300003
v 422.443542 -288.700806 3.500000
v 424.588379 -288.211243 5.700001
v 421.953979 -286.555969 5.700001
v 424.588379 -288.211243 72.300003
v 422.443542 -288.700806 74.500000
v 421.953979 -286.555969 72.300003
v 412.109314 -291.059509 3.500000
v 411.619751 -288.914673 5.700001
v 409.964478 -291.549072 5.700001
v 412.109314 -291.059509 74.500000
v 409.964478 -291.549072 72.300003
v 411.619751 -288.914673 72.300003
v 423.912170 -295.135315 3.500000
v 424.401733 -297.280151 5.700001
v 426.057007 -294.645752 5.700001
v 423.912170 -295.135315 74.500000
v 426.057007 -294.645752 72.300003
v 424.401733 -297.280151 72.300003
v 413.577942 -297.494019 3.500000
v 411.433105 -297.983582 5.700001
v 414.067505 -299.638855 5.700001
v 413.577942 -297.494019 74.500000
v 414.067505 -299.638855 72.300003
v 411.433105 -297.983582 72.300003
v 407.890686 -291.059509 3.500000
v 410.035522 -291.549072 5.700001
v 408.380249 -288.914673 5.700001
v 410.035522 -291.549072 72.300003
v 407.890686 -291.059509 74.500000
v 408.380249 -288.914673 72.300003
v 397.556458 -288.700806 3.500000
v 398.046021 -286.555969 5.700001
v 395.411621 -288.211243 5.700001
v 397.556458 -288.700806 74.500000
v 395.411621 -288.211243 72.300003
v 398.046021 -286.555969 72.300003
v 406.422058 -297.494019 3.500000
v 405.932495 -299.638855 5.700001
v 408.566895 -297.983582 5.700001
v 406.422058 -297.494019 74.500000
v 408.566895 -297.983582 72.300003
v 405.932495 -299.638855 72.300003
v 396.087830 -295.135315 3.500000
v 393.942993 -294.645752 5.700001
v 395.598267 -297.280151 5.700001
v 396.087830 -295.135315 74.500000
v 395.598267 -297.280151 72.300003
v 393.942993 -294.645752 72.300003
v 393.755615 -286.870361 3.500000
v 395.475647 -288.242065 5.700001
v 395.127289 -285.150330 5.700001
v 395.475647 -288.242065 72.300003
v 393.755615 -286.870361 74.500000
v 395.127289 -285.150330 72.300003
v 385.468201 -280.261414 3.500000
v 386.839874 -278.541382 5.700001
v 383.748169 -278.889709 5.700001
v 385.468201 -280.261414 74.500000
v 383.748169 -278.889709 72.300003
v 386.839874 -278.541382 72.300003
v 389.640564 -292.030457 3.500000
v 388.268890 -293.750488 5.700001
v 391.360596 -293.402161 5.700001
v 389.640564 -292.030457 74.500000
v 391.360596 -293.402161 72.300003
v 388.268890 -293.750488 72.300003
v 381.353149 -285.421509 3.500000
v 379.633118 -284.049805 5.700001
v 379.981476 -287.141541 5.700001
v 381.353149 -285.421509 74.500000
v 379.981476 -287.141541 72.300003
v 379.633118 -284.049805 72.300003
v 382.837891 -276.963135 3.500000
v 383.792450 -278.945251 5.700001
v 384.820038 -276.008575 5.700001
v 383.792450 -278.945251 72.300003
v 382.837891 -276.963135 74.500000
v 384.820038 -276.008575 72.300003
v 378.238739 -267.412872 3.500000
v 380.220886 -266.458313 5.700001
v 377.284180 -265.430725 5.700001
v 378.238739 -267.412872 74.500000
v 377.284180 -265.430725 72.300003
v 380.220886 -266.458313 72.300003
v 376.891510 -279.826782 3.500000
v 374.909363 -280.781311 5.700001
v 377.846069 -281.808899 5.700001
v 376.891510 -279.826782 74.500000
v 377.846069 -281.808899 72.300003
v 374.909363 -280.781311 72.300003
v 372.292358 -270.276489 3.500000
v 371.337799 -268.294373 5.700001
v 370.310211 -271.231049 5.700001
v 372.292358 -270.276489 74.500000
v 370.310211 -271.231049 72.300003
v 371.337799 -268.294373 72.300003
v 377.299988 -263.299988 3.500000
v 377.299988 -265.500000 5.700001
v 379.500000 -263.299988 5.700001
v 377.299988 -265.500000 72.300003
v 377.299988 -263.299988 74.500000
v 379.500000 -263.299988 72.300003
v 377.299988 -252.700012 3.500000
v 379.500000 -252.700012 5.700001
v 377.299988 -250.500000 5.700001
v 377.299988 -252.700012 74.500000
v 377.299988 -250.500000 72.300003
v 379.500000 -252.700012 72.300003
v 370.700012 -263.299988 3.500000
v 368.500000 -263.299988 5.700001
v 370.700012 -265.500000 5.700001
v 370.700012 -263.299988 74.500000
v 370.700012 -265.500000 72.300003
v 368.500000 -263.299988 72.300003
v 370.700012 -252.700012 3.500000
v 370.700012 -250.500000 5.700001
v 368.500000 -252.700012 5.700001
v 370.700012 -252.700012 74.500000
v 368.500000 -252.700012 72.300003
v 370.700012 -250.500000 72.300003
v 378.238739 -248.587128 3.500000
v 377.284180 -250.569275 5.700001
v 380.220886 -249.541687 5.700001
v 377.284180 -250.569275 72.300003
v 378.238739 -248.587128 74.500000
v 380.220886 -249.541687 72.300003
v 382.837891 -239.036865 3.500000
v 384.820038 -239.991425 5.700001
v 383.792450 -237.054749 5.700001
v 382.837891 -239.036865 74.500000
v 383.792450 -237.054749 72.300003
v 384.820038 -239.991425 72.300003
v 372.292358 -245.723511 3.500000
v 370.310211 -244.768951 5.700001
v 371.337799 -247.705627 5.700001
v 372.292358 -245.723511 74.500000
v 371.337799 -247.705627 72.300003
v 370.310211 -244.768951 72.300003
v 376.891510 -236.173248 3.500000
v 377.846069 -234.191101 5.700001
v 374.909363 -235.218689 5.700001
v 376.891510 -236.173248 74.500000
v 374.909363 -235.218689 72.300003
v 377.846069 -234.191101 72.300003
v 385.468201 -235.738617 3.500000
v 383.748169 -237.110291 5.700001
v 386.839874 -237.458649 5.700001
v 383.748169 -237.110291 72.300003
v 385.468201 -235.738617 74.500000
v 386.839874 -237.458649 72.300003
v 393.755615 -229.129608 3.500000
v 395.127289 -230.849640 5.700001
v 395.475647 -227.757935 5.700001
v 393.755615 -229.129608 74.500000
v 395.475647 -227.757935 72.300003
v 395.127289 -230.849640 72.300003
v 381.353149 -230.578522 3.500000
v 379.981476 -228.858490 5.700001
v 379.633118 -231.950195 5.700001
v 381.353149 -230.578522 74.500000
v 379.633118 -231.950195 72.300003
v 379.981476 -228.858490 72.300003
v 389.640564 -223.969513 3.500000
v 391.360596 -222.597839 5.700001
v 388.268890 -222.249481 5.700001
v 389.640564 -223.969513 74.500000
v 388.268890 -222.249481 72.300003
v 391.360596 -222.597839 72.300003
v 397.556458 -227.299225 3.500000
v 395.411621 -227.788757 5.700001
v 398.046021 -229.444061 5.700001
v 395.411621 -227.788757 72.300003
v 397.556458 -227.299225 74.500000
v 398.046021 -229.444061 72.300003
v 407.890686 -224.940491 3.500000
v 408.380249 -227.085327 5.700001
v 410.035522 -224.450928 5.700001
v 407.890686 -224.940491 74.500000
v 410.035522 -224.450928 72.300003
v 408.380249 -227.085327 72.300003
v 396.087830 -220.864685 3.500000
v 395.598267 -218.719849 5.700001
v 393.942993 -221.354248 5.700001
v 396.087830 -220.864685 74.500000
v 393.942993 -221.354248 72.300003
v 395.598267 -218.719849 72.300003
v 406.422058 -218.505951 3.500000
v 408.566895 -218.016418 5.700001
v 405.932495 -216.361115 5.700001
v 406.422058 -218.505951 74.500000
v 405.932495 -216.361115 72.300003
v 408.566895 -218.016418 72.300003
v 412.109314 -224.940491 3.500000
v 409.964478 -224.450928 5.700001
v 411.619751 -227.085327 5.700001
v 409.964478 -224.450928 72.300003
v 412.109314 -224.940491 74.500000
v 411.619751 -227.085327 72.300003
v 422.443542 -227.299225 3.500000
v 421.953979 -229.444061 5.700001
v 424.588379 -227.788757 5.700001
v 422.443542 -227.299225 74.500000
v 424.588379 -227.788757 72.300003
v 421.953979 -229.444061 72.300003
v 413.577942 -218.505951 3.500000
v 414.067505 -216.361115 5.700001
v 411.433105 -218.016418 5.700001
v 413.577942 -218.505951 74.500000
v 411.433105 -218.016418 72.300003
v 414.067505 -216.361115 72.300003
v 423.912170 -220.864685 3.500000
v 426.057007 -221.354248 5.700001
v 424.401733 -218.719849 5.700001
v 423.912170 -220.864685 74.500000
v 424.401733 -218.719849 72.300003
v 426.057007 -221.354248 72.300003
v 426.244385 -229.129608 3.500000
v 424.524353 -227.757935 5.700001
v 424.872711 -230.849640 5.700001
v 424.524353 -227.757935 72.300003
v 426.244385 -229.129608 74.500000
v 424.872711 -230.849640 72.300003
v 434.531799 -235.738617 3.500000
v 433.160126 -237.458649 5.700001
v 436.251831 -237.110291 5.700001
v 434.531799 -235.738617 74.500000
v 436.251831 -237.110291 72.300003
v 433.160126 -237.458649 72.300003
v 430.359436 -223.969513 3.500000
v 431.731110 -222.249481 5.700001
v 428.639404 -222.597839 5.700001
v 430.359436 -223.969513 74.500000
v 428.639404 -222.597839 72.300003
v 431.731110 -222.249481 72.300003
v 438.646851 -230.578522 3.500000
v 440.366882 -231.950195 5.700001
v 440.018524 -228.858490 5.700001
v 438.646851 -230.578522 74.500000
v 440.018524 -228.858490 72.300003
v 440.366882 -231.950195 72.300003
v 437.162109 -239.036865 3.500000
v 436.207550 -237.054749 5.700001
v 435.179962 -239.991425 5.700001
v 436.207550 -237.054749 72.300003
v 437.162109 -239.036865 74.500000
v 435.179962 -239.991425 72.300003
v 441.761261 -248.587128 3.500000
v 439.779114 -249.541687 5.700001
v 442.715820 -250.569275 5.700001
v 441.761261 -248.587128 74.500000
v 442.715820 -250.569275 72.300003
v 439.779114 -249.541687 72.300003
v 443.108490 -236.173248 3.500000
v 445.090637 -235.218689 5.700001
v 442.153931 -234.191101 5.700001
v 443.108490 -236.173248 74.500000
v 442.153931 -234.191101 72.300003
v 445.090637 -235.218689 72.300003
v 447.707642 -245.723511 3.500000
v 448.662201 -247.705627 5.700001
v 449.689789 -244.768951 5.700001
v 447.707642 -245.723511 74.500000
v 449.689789 -244.768951 72.300003
v 448.662201 -247.705627 72.300003
v 449.700012 -258.000000 13.000000
v 447.488861 -258.000000 16.043381
v 443.911133 -258.000000 14.880913
v 443.911133 -258.000000 11.119087
v 447.488861 -258.000000 9.956619
v 447.305786 -271.578186 13.000000
v 445.227997 -270.821930 16.043381
v 441.866058 -269.598297 14.880913
v 441.866058 -269.598297 11.119087
v 445.227997 -270.821930 9.956619
v 440.411957 -283.518677 13.000000
v 438.718140 -282.097351 16.043381
v 435.977448 -279.797668 14.880913
v 435.977448 -279.797668 11.119087
v 438.718140 -282.097351 9.956619
v 429.850006 -292.381226 13.000000
v 428.744446 -290.466309 16.043381
v 426.955566 -287.367920 14.880913
v 426.955566 -287.367920 11.119087
v 428.744446 -290.466309 9.956619
v 416.893829 -297.096863 13.000000
v 416.509888 -294.919312 16.043381
v 415.888611 -291.395935 14.880913
v 415.888611 -291.395935 11.119087
v 416.509888 -294.919312 9.956619
v 403.106171 -297.096863 13.000000
v 403.490112 -294.919312 16.043381
v 404.111389 -291.395935 14.880913
v 404.111389 -291.395935 11.119087
v 403.490112 -294.919312 9.956619
v 390.150024 -292.381226 13.000000
v 391.255585 -290.466309 16.043381
v 393.044434 -287.367920 14.880913
v 393.044434 -287.367920 11.119087
v 391.255585 -290.466309 9.956619
v 379.588043 -283.518677 13.000000
v 381.281860 -282.097351 16.043381
v 384.022552 -279.797668 14.880913
v 384.022552 -279.797668 11.119087
v 381.281860 -282.097351 9.956619
v 372.694214 -271.578217 13.000000
v 374.772003 -270.821960 16.043381
v 378.133972 -269.598297 14.880913
v 378.133972 -269.598297 11.119087
v 374.772003 -270.821960 9.956619
v 370.299988 -258.000000 13.000000
v 372.511139 -258.000000 16.043381
v 376.088867 -258.000000 14.880913
v 376.088867 -258.000000 11.119087
v 372.511139 -258.000000 9.956619
v 372.694214 -244.421814 13.000000
v 374.772003 -245.178070 16.043381
v 378.133942 -246.401703 14.880913
v 378.133942 -246.401703 11.119087
v 374.772003 -245.178070 9.956619
v 379.588013 -232.481323 13.000000
v 381.281860 -233.902649 16.043381
v 384.022552 -236.202332 14.880913
v 384.022552 -236.202332 11.119087
v 381.281860 -233.902649 9.956619
v 390.150024 -223.618774 13.000000
v 391.255585 -225.533691 16.043381
v 393.044434 -228.632080 14.880913
v 393.044434 -228.632080 11.119087
v 391.255585 -225.533691 9.956619
v 403.106171 -218.903137 13.000000
v 403.490112 -221.080688 16.043381
v 404.111389 -224.604034 14.880913
v 404.111389 -224.604034 11.119087
v 403.490112 -221.080688 9.956619
v 416.893829 -218.903137 13.000000
v 416.509888 -221.080688 16.043381
v 415.888611 -224.604034 14.880913
v 415.888611 -224.604034 11.119087
v 416.509888 -221.080688 9.956619
v 429.850006 -223.618774 13.000000
v 428.744446 -225.533691 16.043381
v 426.955566 -228.632080 14.880913
v 426.955566 -228.632080 11.119087
v 428.744446 -225.533691 9.956619
v 440.411957 -232.481323 13.000000
v 438.718140 -233.902618 16.043381
v 435.977448 -236.202332 14.880913
v 435.977448 -236.202332 11.119087
v 438.718140 -233.902618 9.956619
v 447.305786 -244.421783 13.000000
v 445.227997 -245.178040 16.043381
v 441.866058 -246.401703 14.880913
v 441.866058 -246.401703 11.119087
v 445.227997 -245.178040 9.956619
v 449.700012 -258.000000 39.000000
v 447.488861 -258.000000 42.043381
v 443.911133 -258.000000 40.880913
v 443.911133 -258.000000 37.119087
v 447.488861 -258.000000 35.956619
v 447.305786 -271.578186 39.000000
v 445.227997 -270.821930 42.043381
v 441.866058 -269.598297 40.880913
v 441.866058 -269.598297 37.119087
v 445.227997 -270.821930 35.956619
v 440.411957 -283.518677 39.000000
v 438.718140 -282.097351 42.043381
v 435.977448 -279.797668 40.880913
v 435.977448 -279.797668 37.119087
v 438.718140 -282.097351 35.956619
v 429.850006 -292.381226 39.000000
v 428.744446 -290.466309 42.043381
v 426.955566 -287.367920 40.880913
v 426.955566 -287.367920 37.119087
v 428.744446 -290.466309 35.956619
v 416.893829 -297.096863 39.000000
v 416.509888 -294.919312 42.043381
v 415.888611 -291.395935 40.880913
v 415.888611 -291.395935 37.119087
v 416.509888 -294.919312 35.956619
v 403.106171 -297.096863 39.000000
v 403.490112 -294.919312 42.043381
v 404.111389 -291.395935 40.880913
v 404.111389 -291.395935 37.119087
v 403.490112 -294.919312 35.956619
v 390.150024 -292.381226 39.000000
v 391.255585 -290.466309 42.043381
v 393.044434 -287.367920 40.880913
v 393.044434 -287.367920 37.119087
v 391.255585 -290.466309 35.956619
v 379.588043 -283.518677 39.000000
v 381.281860 -282.097351 42.043381
v 384.022552 -279.797668 40.880913
v 384.022552 -279.797668 37.119087
v 381.281860 -282.097351 35.956619
v 372.694214 -271.578217 39.000000
v 374.772003 -270.821960 42.043381
v 378.133972 -269.598297 40.880913
v 378.133972 -269.598297 37.119087
v 374.772003 -270.821960 35.956619
v 370.299988 -258.000000 39.000000
v 372.511139 -258.000000 42.043381
v 376.088867 -258.000000 40.880913
v 376.088867 -258.000000 37.119087
v 372.511139 -258.000000 35.956619
v 372.694214 -244.421814 39.000000
v 374.772003 -245.178070 42.043381
v 378.133942 -246.401703 40.880913
v 378.133942 -246.401703 37.119087
v 374.772003 -245.178070 35.956619
v 379.588013 -232.481323 39.000000
v 381.281860 -233.902649 42.043381
v 384.022552 -236.202332 40.880913
v 384.022552 -236.202332 37.119087
v 381.281860 -233.902649 35.956619
v 390.150024 -223.618774 39.000000
v 391.255585 -225.533691 42.043381
v 393.044434 -228.632080 40.880913
v 393.044434 -228.632080 37.119087
v 391.255585 -225.533691 35.956619
v 403.106171 -218.903137 39.000000
v 403.490112 -221.080688 42.043381
v 404.111389 -224.604034 40.880913
v 404.111389 -224.604034 37.119087
v 403.490112 -221.080688 35.956619
v 416.893829 -218.903137 39.000000
v 416.509888 -221.080688 42.043381
v 415.888611 -224.604034 40.880913
v 415.888611 -224.604034 37.119087
v 416.509888 -221.080688 35.956619
v 429.850006 -223.618774 39.000000
v 428.744446 -225.533691 42.043381
v 426.955566 -228.632080 40.880913
v 426.955566 -228.632080 37.119087
v 428.744446 -225.533691 35.956619
v 440.411957 -232.481323 39.000000
v 438.718140 -233.902618 42.043381
v 435.977448 -236.202332 40.880913
v 435.977448 -236.202332 37.119087
v 438.718140 -233.902618 35.956619
v 447.305786 -244.421783 39.000000
v 445.227997 -245.178040 42.043381
v 441.866058 -246.401703 40.880913
v 441.866058 -246.401703 37.119087
v 445.227997 -245.178040 35.956619
v 449.700012 -258.000000 65.000000
v 447.488861 -258.000000 68.043381
v 443.911133 -258.000000 66.880913
v 443.911133 -258.000000 63.119087
v 447.488861 -258.000000 61.956619
v 447.305786 -271.578186 65.000000
v 445.227997 -270.821930 68.043381
v 441.866058 -269.598297 66.880913
v 441.866058 -269.598297 63.119087
v 445.227997 -270.821930 61.956619
v 440.411957 -283.518677 65.000000
v 438.718140 -282.097351 68.043381
v 435.977448 -279.797668 66.880913
v 435.977448 -279.797668 63.119087
v 438.718140 -282.097351 61.956619
v 429.850006 -292.381226 65.000000
v 428.744446 -290.466309 68.043381
v 426.955566 -287.367920 66.880913
v 426.955566 -287.367920 63.119087
v 428.744446 -290.466309 61.956619
v 416.893829 -297.096863 65.000000
v 416.509888 -294.919312 68.043381
v 415.888611 -291.395935 66.880913
v 415.888611 -291.395935 63.119087
v 416.509888 -294.919312 61.956619
v 403.106171 -297.096863 65.000000
v 403.490112 -294.919312 68.043381
v 404.111389 -291.395935 66.880913
v 404.111389 -291.395935 63.119087
v 403.490112 -294.919312 61.956619
v 390.150024 -292.381226 65.000000
v 391.255585 -290.466309 68.043381
v 393.044434 -287.367920 66.880913
v 393.044434 -287.367920 63.119087
v 391.255585 -290.466309 61.956619
v 379.588043 -283.518677 65.000000
v 381.281860 -282.097351 68.043381
v 384.022552 -279.797668 66.880913
v 384.022552 -279.797668 63.119087
v 381.281860 -282.097351 61.956619
v 372.694214 -271.578217 65.000000
v 374.772003 -270.821960 68.043381
v 378.133972 -269.598297 66.880913
v 378.133972 -269.598297 63.119087
v 374.772003 -270.821960 61.956619
v 370.299988 -258.000000 65.000000
v 372.511139 -258.000000 68.043381
v 376.088867 -258.000000 66.880913
v 376.088867 -258.000000 63.119087
v 372.511139 -258.000000 61.956619
v 372.694214 -244.421814 65.000000
v 374.772003 -245.178070 68.043381
v 378.133942 -246.401703 66.880913
v 378.133942 -246.401703 63.119087
v 374.772003 -245.178070 61.956619
v 379.588013 -232.481323 65.000000
v 381.281860 -233.902649 68.043381
v 384.022552 -236.202332 66.880913
v 384.022552 -236.202332 63.119087
v 381.281860 -233.902649 61.956619
v 390.150024 -223.618774 65.000000
v 391.255585 -225.533691 68.043381
v 393.044434 -228.632080 66.880913
v 393.044434 -228.632080 63.119087
v 391.255585 -225.533691 61.956619
v 403.106171 -218.903137 65.000000
v 403.490112 -221.080688 68.043381
v 404.111389 -224.604034 66.880913
v 404.111389 -224.604034 63.119087
v 403.490112 -221.080688 61.956619
v 416.893829 -218.903137 65.000000
v 416.509888 -221.080688 68.043381
v 415.888611 -224.604034 66.880913
v 415.888611 -224.604034 63.119087
v 416.509888 -221.080688 61.956619
v 429.850006 -223.618774 65.000000
v 428.744446 -225.533691 68.043381
v 426.955566 -228.632080 66.880913
v 426.955566 -228.632080 63.119087
v 428.744446 -225.533691 61.956619
v 440.411957 -232.481323 65.000000
v 438.718140 -233.902618 68.043381
v 435.977448 -236.202332 66.880913
v 435.977448 -236.202332 63.119087
v 438.718140 -233.902618 61.956619
v 447.305786 -244.421783 65.000000
v 445.227997 -245.178040 68.043381
v 441.866058 -246.401703 66.880913
v 441.866058 -246.401703 63.119087
v 445.227997 -245.178040 61.956619
v 410.000000 -285.776489 73.500000
v 410.000000 -287.000000 74.699997
v 410.000000 -285.776489 78.500000
v 410.000000 -287.000000 77.300003
v 420.629608 -283.662109 73.500000
v 421.097839 -284.792480 74.699997
v 420.629608 -283.662109 78.500000
v 421.097839 -284.792480 77.300003
v 429.640930 -277.640930 73.500000
v 430.506104 -278.506104 74.699997
v 429.640930 -277.640930 78.500000
v 430.506104 -278.506104 77.300003
v 435.662109 -268.629608 73.500000
v 436.792511 -269.097809 74.699997
v 435.662109 -268.629608 78.500000
v 436.792511 -269.097809 77.300003
v 437.776489 -258.000000 73.500000
v 439.000000 -258.000000 74.699997
v 437.776489 -258.000000 78.500000
v 439.000000 -258.000000 77.300003
v 435.662109 -247.370392 73.500000
v 436.792511 -246.902191 74.699997
v 435.662109 -247.370392 78.500000
v 436.792511 -246.902191 77.300003
v 429.640930 -238.359070 73.500000
v 430.506104 -237.493896 74.699997
v 429.640930 -238.359070 78.500000
v 430.506104 -237.493896 77.300003
v 420.629608 -232.337860 73.500000
v 421.097839 -231.207489 74.699997
v 420.629608 -232.337860 78.500000
v 421.097839 -231.207489 77.300003
v 410.000000 -230.223511 73.500000
v 410.000000 -229.000000 74.699997
v 410.000000 -230.223511 78.500000
v 410.000000 -229.000000 77.300003
v 399.370392 -232.337860 73.500000
v 398.902161 -231.207489 74.699997
v 399.370392 -232.337860 78.500000
v 398.902161 -231.207489 77.300003
v 390.359070 -238.359070 73.500000
v 389.493896 -237.493896 74.699997
v 390.359070 -238.359070 78.500000
v 389.493896 -237.493896 77.300003
v 384.337891 -247.370392 73.500000
v 383.207489 -246.902191 74.699997
v 384.337891 -247.370392 78.500000
v 383.207489 -246.902191 77.300003
v 382.223511 -258.000000 73.500000
v 381.000000 -258.000000 74.699997
v 382.223511 -258.000000 78.500000
v 381.000000 -258.000000 77.300003
v 384.337891 -268.629608 73.500000
v 383.207489 -269.097809 74.699997
v 384.337891 -268.629608 78.500000
v 383.207489 -269.097809 77.300003
v 390.359070 -277.640930 73.500000
v 389.493896 -278.506104 74.699997
v 390.359070 -277.640930 78.500000
v 389.493896 -278.506104 77.300003
v 399.370392 -283.662109 73.500000
v 398.902161 -284.792480 74.699997
v 399.370392 -283.662109 78.500000
v 398.902161 -284.792480 77.300003
vn -0.5774 0.5773 -0.5774
vn -0.5774 0.5773 0.5774
vn -0.5774 -0.5773 -0.5774
vn -0.5774 -0.5773 0.5774
vn 0.5773 0.5774 -0.5774
vn 0.5773 0.5774 0.5774
vn 0.5773 -0.5773 -0.5774
vn 0.5773 -0.5773 0.5774
vn -0.7071 -0.0000 -0.7071
vn -0.7071 0.7071 -0.0000
vn -0.7071 -0.0000 0.7071
vn -0.7071 -0.7071 -0.0000
vn -0.0000 -0.7071 -0.7071
vn -0.0000 -0.7071 0.7071
vn 0.7071 -0.7071 -0.0000
vn 0.7071 -0.0000 -0.7071
vn 0.7071 -0.0000 0.7071
vn 0.7071 0.7071 -0.0000
vn -0.0000 0.7071 -0.7071
vn -0.0000 0.7071 0.7071
vn -0.0000 -0.0000 -1.0000
vn -1.0000 -0.0000 -0.0000
vn -0.0000 1.0000 -0.0000
vn -0.0000 -0.0000 1.0000
vn -0.0000 -1.0000 -0.0000
vn 1.0000 -0.0000 -0.0000
vn -0.5773 0.5774 0.5774
vn -0.5773 -0.5773 0.5774
vn -0.5773 0.5774 -0.5774
vn -0.5773 -0.5773 -0.5774
vn -0.5774 0.5774 0.5774
vn 0.5774 0.5774 0.5774
vn 0.5774 -0.5773 0.5774
vn -0.5774 0.5774 -0.5774
vn -0.5774 -0.5774 -0.5774
vn -0.5774 -0.5774 0.5774
vn 0.5774 0.5774 -0.5774
vn 0.5774 -0.5774 -0.5774
vn 0.5774 -0.5774 0.5774
vn -0.5773 -0.5774 -0.5774
vn -0.5773 -0.5774 0.5774
vn 0.5773 -0.5774 -0.5774
vn 0.5773 -0.5774 0.5774
vn -0.5773 0.5773 -0.5774
vn -0.5773 0.5773 0.5774
vn 0.5773 0.5773 -0.5774
vn 0.5773 0.5773 0.5774
vn 0.5774 0.5773 0.5774
vn 0.5774 0.5773 -0.5774
vn 0.5774 -0.5773 -0.5774
vn -0.2697 0.7707 -0.5773
vn -0.2697 0.7707 0.5774
vn -0.7707 -0.2697 -0.5774
vn -0.7707 -0.2697 0.5773
vn 0.7707 0.2697 -0.5774
vn 0.7707 0.2697 0.5774
vn 0.2697 -0.7707 -0.5774
vn 0.2697 -0.7707 0.5774
vn -0.6371 0.3068 -0.7071
vn -0.3303 0.9439 -0.0000
vn -0.6371 0.3068 0.7071
vn -0.9439 -0.3303 -0.0000
vn -0.3068 -0.6371 -0.7071
vn -0.3068 -0.6371 0.7071
vn 0.3303 -0.9439 -0.0000
vn 0.6371 -0.3068 -0.7071
vn 0.6371 -0.3068 0.7071
vn 0.9439 0.3303 -0.0000
vn 0.3068 0.6371 -0.7071
vn 0.3068 0.6371 0.7071
vn -0.9010 0.4339 -0.0000
vn 0.4339 0.9010 -0.0000
vn -0.4339 -0.9010 -0.0000
vn 0.9010 -0.4339 -0.0000
vn 0.0914 0.8114 -0.5773
vn 0.0914 0.8114 0.5774
vn -0.8114 0.0914 -0.5773
vn -0.8114 0.0914 0.5773
vn 0.8114 -0.0914 -0.5773
vn 0.8114 -0.0914 0.5773
vn -0.0914 -0.8114 -0.5774
vn -0.0914 -0.8114 0.5774
vn -0.4409 0.5528 -0.7071
vn 0.1120 0.9937 -0.0000
vn -0.4409 0.5528 0.7071
vn -0.9937 0.1120 -0.0000
vn -0.5528 -0.4409 -0.7071
vn -0.5528 -0.4409 0.7071
vn -0.1120 -0.9937 -0.0000
vn 0.4409 -0.5528 -0.7071
vn 0.4409 -0.5528 0.7071
vn 0.9937 -0.1120 -0.0000
vn 0.5528 0.4409 -0.7071
vn 0.5528 0.4409 0.7071
vn -0.6235 0.7818 -0.0000
vn 0.7818 0.6235 -0.0000
vn -0.7818 -0.6235 -0.0000
vn 0.6235 -0.7818 -0.0000
vn 0.4344 0.6914 -0.5773
vn 0.4344 0.6914 0.5773
vn -0.6913 0.4344 -0.5774
vn -0.6914 0.4344 0.5774
vn 0.6913 -0.4344 -0.5774
vn 0.6914 -0.4344 0.5774
vn -0.4344 -0.6914 -0.5773
vn -0.4344 -0.6914 0.5773
vn -0.1573 0.6894 -0.7071
vn 0.5320 0.8467 -0.0000
vn -0.1573 0.6894 0.7071
vn -0.8467 0.5320 -0.0000
vn -0.6894 -0.1573 -0.7071
vn -0.6894 -0.1573 0.7071
vn -0.5320 -0.8467 -0.0000
vn 0.1573 -0.6894 -0.7071
vn 0.1574 -0.6894 0.7071
vn 0.8467 -0.5320 -0.0000
vn 0.6894 0.1573 -0.7071
vn 0.6894 0.1573 0.7071
vn -0.2225 0.9749 -0.0000
vn 0.9749 0.2225 -0.0000
vn -0.9749 -0.2225 -0.0000
vn 0.2225 -0.9749 -0.0000
vn 0.6913 0.4344 -0.5774
vn 0.6914 0.4344 0.5773
vn -0.4344 0.6914 -0.5773
vn -0.4344 0.6914 0.5773
vn 0.4344 -0.6914 -0.5773
vn 0.4344 -0.6914 0.5773
vn -0.6913 -0.4344 -0.5774
vn -0.6914 -0.4344 0.5774
vn 0.1573 0.6894 -0.7071
vn 0.8467 0.5320 -0.0000
vn 0.1573 0.6894 0.7071
vn -0.5320 0.8467 -0.0000
vn -0.6894 0.1573 -0.7071
vn -0.6894 0.1573 0.7071
vn -0.8467 -0.5320 -0.0000
vn -0.1573 -0.6894 -0.7071
vn -0.1573 -0.6894 0.7071
vn 0.5320 -0.8467 -0.0000
vn 0.6894 -0.1573 -0.7071
vn 0.6894 -0.1573 0.7071
vn 0.2225 0.9749 -0.0000
vn 0.9749 -0.2225 -0.0000
vn -0.9749 0.2225 -0.0000
vn -0.2225 -0.9749 -0.0000
vn 0.8114 0.0914 -0.5773
vn 0.8114 0.0914 0.5773
vn -0.0914 0.8114 -0.5773
vn -0.0914 0.8114 0.5773
vn 0.0914 -0.8114 -0.5774
vn 0.0914 -0.8114 0.5774
vn -0.8114 -0.0914 -0.5773
vn -0.8114 -0.0914 0.5773
vn 0.4409 0.5528 -0.7071
vn 0.9937 0.1120 -0.0000
vn 0.4409 0.5528 0.7071
vn -0.1120 0.9937 -0.0000
vn -0.5528 0.4409 -0.7071
vn -0.5528 0.4409 0.7071
vn -0.9937 -0.1120 -0.0000
vn -0.4409 -0.5528 -0.7071
vn -0.4409 -0.5528 0.7071
vn 0.1120 -0.9937 -0.0000
vn 0.5528 -0.4409 -0.7071
vn 0.5528 -0.4409 0.7071
vn 0.6235 0.7818 -0.0000
vn 0.7818 -0.6235 -0.0000
vn -0.7818 0.6235 -0.0000
vn -0.6235 -0.7818 -0.0000
vn 0.7707 -0.2697 -0.5774
vn 0.7707 -0.2697 0.5773
vn 0.2697 0.7707 -0.5774
vn 0.2697 0.7707 0.5774
vn -0.2697 -0.7707 -0.5774
vn -0.2697 -0.7707 0.5774
vn -0.7707 0.2697 -0.5774
vn -0.7707 0.2697 0.5774
vn 0.6371 0.3068 -0.7071
vn 0.9439 -0.3303 -0.0000
vn 0.6371 0.3068 0.7071
vn 0.3303 0.9439 -0.0000
vn -0.3068 0.6371 -0.7071
vn -0.3068 0.6371 0.7071
vn -0.9439 0.3303 -0.0000
vn -0.6371 -0.3068 -0.7071
vn -0.6371 -0.3068 0.7071
vn -0.3303 -0.9439 -0.0000
vn 0.3068 -0.6371 -0.7071
vn 0.3068 -0.6371 0.7071
vn 0.9010 0.4339 -0.0000
vn 0.4339 -0.9010 -0.0000
vn -0.4339 0.9010 -0.0000
vn -0.9010 -0.4339 -0.0000
vn 0.2697 -0.7707 -0.5773
vn 0.7707 0.2697 0.5773
vn -0.7707 -0.2697 0.5774
vn -0.2697 0.7707 -0.5774
vn 0.8114 -0.0914 -0.5774
vn 0.8114 -0.0914 0.5774
vn 0.0914 0.8114 0.5773
vn -0.4344 -0.6913 -0.5773
vn -0.4344 -0.6913 0.5773
vn 0.6914 -0.4344 -0.5773
vn 0.6914 -0.4344 0.5773
vn 0.4344 0.6913 -0.5774
vn 0.4344 0.6913 0.5774
vn 0.1573 -0.6894 0.7071
vn -0.6914 -0.4344 -0.5773
vn -0.6914 -0.4344 0.5773
vn 0.4344 -0.6913 -0.5773
vn 0.4344 -0.6913 0.5773
vn -0.4344 0.6913 -0.5774
vn -0.4344 0.6913 0.5774
vn 0.6914 0.4344 0.5774
vn -0.8114 -0.0914 -0.5774
vn -0.8114 -0.0914 0.5774
vn -0.7707 0.2697 0.5773
vn -0.2697 -0.7707 -0.5773
vn -0.2697 -0.7707 0.5773
vn 0.7707 -0.2697 0.5774
vn 0.3436 -0.1250 0.9308
vn 0.9397 -0.3420 -0.0000
vn -0.7840 -0.0000 0.6208
vn 0.3656 -0.0000 0.9308
vn -0.7840 -0.0000 -0.6208
vn -0.7367 0.2681 0.6208
vn 0.3436 -0.1250 -0.9308
vn -0.7367 0.2681 -0.6208
vn 0.3656 -0.0000 -0.9308
vn 0.2801 -0.2350 0.9308
vn 0.7660 -0.6428 -0.0000
vn -0.6006 0.5039 0.6208
vn 0.2801 -0.2350 -0.9308
vn -0.6006 0.5039 -0.6208
vn 0.1828 -0.3166 0.9308
vn 0.5000 -0.8660 -0.0000
vn -0.3920 0.6789 0.6208
vn 0.1828 -0.3166 -0.9308
vn -0.3920 0.6789 -0.6208
vn 0.1736 -0.9848 -0.0000
vn -0.1361 0.7721 0.6208
vn 0.0635 -0.3600 0.9308
vn -0.1361 0.7721 -0.6208
vn 0.0635 -0.3600 -0.9308
vn -0.1736 -0.9848 -0.0000
vn -0.0635 -0.3601 0.9308
vn 0.1361 0.7721 0.6208
vn 0.1361 0.7721 -0.6208
vn -0.0635 -0.3600 -0.9308
vn -0.5000 -0.8660 -0.0000
vn 0.3920 0.6789 0.6208
vn -0.1828 -0.3166 0.9308
vn -0.1828 -0.3166 -0.9308
vn 0.3920 0.6789 -0.6208
vn -0.7660 -0.6428 -0.0000
vn -0.2801 -0.2350 0.9308
vn 0.6006 0.5039 0.6208
vn -0.2801 -0.2350 -0.9308
vn 0.6006 0.5039 -0.6208
vn -0.9397 -0.3420 -0.0000
vn 0.7367 0.2681 0.6208
vn -0.3435 -0.1250 0.9308
vn 0.7367 0.2681 -0.6208
vn -0.3435 -0.1250 -0.9308
vn -0.3656 -0.0000 0.9308
vn 0.7840 -0.0000 0.6208
vn -0.3656 -0.0000 -0.9308
vn 0.7840 -0.0000 -0.6208
vn -0.3436 0.1251 0.9308
vn -0.9397 0.3420 -0.0000
vn 0.7367 -0.2681 0.6208
vn -0.3436 0.1251 -0.9308
vn 0.7367 -0.2681 -0.6208
vn -0.7660 0.6428 -0.0000
vn 0.6006 -0.5039 0.6208
vn -0.2801 0.2350 0.9308
vn 0.6006 -0.5039 -0.6208
vn -0.2801 0.2350 -0.9308
vn -0.5000 0.8660 -0.0000
vn 0.3920 -0.6789 0.6208
vn -0.1828 0.3166 0.9308
vn 0.3920 -0.6789 -0.6208
vn -0.1828 0.3166 -0.9308
vn -0.0635 0.3600 0.9308
vn -0.1737 0.9848 -0.0000
vn 0.1361 -0.7721 0.6208
vn 0.1361 -0.7721 -0.6208
vn -0.0635 0.3601 -0.9308
vn 0.1736 0.9848 -0.0000
vn 0.0635 0.3601 0.9308
vn -0.1361 -0.7721 0.6208
vn -0.1361 -0.7721 -0.6208
vn 0.0635 0.3601 -0.9308
vn 0.1828 0.3166 0.9308
vn 0.5000 0.8660 -0.0000
vn -0.3920 -0.6789 0.6208
vn -0.3920 -0.6789 -0.6208
vn 0.1828 0.3166 -0.9308
vn 0.7660 0.6428 -0.0000
vn -0.6006 -0.5039 0.6208
vn 0.2801 0.2350 0.9308
vn -0.6006 -0.5039 -0.6208
vn 0.2801 0.2350 -0.9308
vn 0.9397 0.3420 -0.0000
vn -0.7367 -0.2681 0.6208
vn 0.3435 0.1250 0.9308
vn -0.7367 -0.2681 -0.6208
vn 0.3436 0.1250 -0.9308
vn -0.3436 -0.1250 0.9308
vn -0.0635 0.3601 0.9308
vn 0.0635 0.3600 0.9308
vn 0.0635 -0.3601 0.9308
vn 0.0635 -0.3601 -0.9308
vn -0.0635 -0.3600 0.9308
vn -0.3436 -0.1250 -0.9308
vn -0.3436 0.1250 0.9308
vn -0.3436 0.1250 -0.9308
vn 0.0635 0.3600 -0.9308
vn 0.3436 0.1251 0.9308
vn -0.0000 -0.9286 -0.3710
vn 0.1597 -0.3855 -0.9088
vn 0.3554 -0.8580 -0.3710
vn 0.1597 -0.3855 0.9088
vn -0.0000 -0.9286 0.3710
vn 0.3554 -0.8580 0.3710
vn 0.2950 -0.2950 -0.9088
vn 0.6566 -0.6566 -0.3710
vn 0.2950 -0.2950 0.9088
vn 0.6566 -0.6566 0.3710
vn 0.8580 -0.3554 -0.3710
vn 0.8580 -0.3554 0.3710
vn 0.3855 -0.1597 -0.9088
vn 0.9286 -0.0000 -0.3710
vn 0.9286 -0.0000 0.3710
vn 0.3855 -0.1597 0.9088
vn 0.3855 0.1597 -0.9088
vn 0.8580 0.3554 -0.3710
vn 0.3855 0.1597 0.9088
vn 0.8580 0.3554 0.3710
vn 0.2950 0.2950 -0.9088
vn 0.6566 0.6566 -0.3710
vn 0.2950 0.2950 0.9088
vn 0.6567 0.6566 0.3710
vn 0.3554 0.8580 -0.3710
vn 0.3554 0.8580 0.3710
vn 0.1597 0.3855 -0.9088
vn -0.0000 0.9286 -0.3710
vn -0.0000 0.4172 0.9088
vn -0.0000 0.9286 0.3710
vn -0.0000 0.4172 -0.9088
vn -0.3554 0.8580 -0.3710
vn -0.1597 0.3855 0.9088
vn -0.3554 0.8580 0.3710
vn -0.2950 0.2950 -0.9088
vn -0.6567 0.6566 -0.3710
vn -0.2950 0.2950 0.9088
vn -0.6567 0.6566 0.3710
vn -0.8580 0.3554 -0.3710
vn -0.8580 0.3554 0.3710
vn -0.3855 0.1597 -0.9088
vn -0.9286 -0.0000 -0.3710
vn -0.9286 -0.0000 0.3710
vn -0.3855 0.1597 0.9088
vn -0.3855 -0.1597 -0.9088
vn -0.8580 -0.3554 -0.3710
vn -0.3855 -0.1597 0.9088
vn -0.8580 -0.3554 0.3710
vn -0.2950 -0.2950 -0.9088
vn -0.6566 -0.6566 -0.3710
vn -0.2950 -0.2950 0.9088
vn -0.6567 -0.6566 0.3710
vn -0.3554 -0.8580 -0.3710
vn -0.3554 -0.8580 0.3710
vn -0.1597 -0.3855 -0.9088
vn -0.1597 -0.3855 0.9088
vn -0.1597 0.3855 -0.9088
vn -0.4172 -0.0000 0.9088
vn -0.0000 -0.4172 0.9088
vn -0.8114 0.0914 0.5774
vn -0.6914 0.4344 -0.5773
vn -0.6914 0.4344 0.5773
vn -0.4344 -0.6913 -0.5774
vn -0.4344 -0.6914 0.5774
vn 0.6914 0.4344 -0.5773
vn 0.4344 -0.6913 -0.5774
vn 0.4344 -0.6914 0.5774
vn -0.6894 0.1574 -0.7071
vn 0.7707 0.2697 -0.5773
vn -0.0914 -0.8114 -0.5773
vn -0.0914 -0.8114 0.5773
vn -0.8114 0.0914 -0.5774
vn 0.0914 0.8114 -0.5774
vn 0.4344 0.6913 -0.5773
vn -0.4344 0.6913 -0.5773
vn 0.0914 -0.8114 -0.5773
vn 0.0914 -0.8114 0.5773
vn -0.0914 0.8114 -0.5774
vn -0.0914 0.8114 0.5774
vn 0.8114 0.0914 -0.5774
vn 0.7661 -0.6428 -0.0000
vn -0.1737 -0.9848 -0.0000
vn -0.0635 -0.3601 -0.9308
vn 0.1737 0.9848 -0.0000
vn 0.7661 0.6428 -0.0000
vn 0.3436 0.1250 0.9308
vn 0.6566 -0.6567 0.3710
vn 0.4172 -0.0000 -0.9088
vn 0.4172 -0.0000 0.9088
vn 0.1597 0.3855 0.9088
vn -0.6566 0.6566 -0.3710
vn -0.6566 0.6567 0.3710
vn -0.4172 -0.0000 -0.9088
vn -0.6566 -0.6567 -0.3710
vn 0.6894 0.1574 -0.7071
vn -0.6894 -0.1574 0.7071
vn 0.6894 -0.1574 0.7071
vn -0.0000 -0.4172 -0.9088
vn 0.6894 -0.1574 -0.7071
vt 0.181250 0.745000
vt 0.125000 0.745000
vt 0.181250 0.750000
vt 0.591518 0.000000
vt 0.591518 0.005000
vt 0.625000 0.005000
vt 0.181250 0.505000
vt 0.181250 0.500000
vt 0.125000 0.505000
vt 0.625000 0.265417
vt 0.591518 0.245000
vt 0.591518 0.292188
vt 0.318750 0.745000
vt 0.363616 0.778125
vt 0.400112 0.745000
vt 0.653125 0.775625
vt 0.591518 0.746250
vt 0.591518 0.806250
vt 0.318750 0.505000
vt 0.400112 0.505000
vt 0.363616 0.471875
vt 0.653125 0.474375
vt 0.591518 0.443750
vt 0.591518 0.503750
vt 0.408482 0.005000
vt 0.408482 0.000000
vt 0.408482 0.306250
vt 0.625000 0.943750
vt 0.408482 0.245000
vt 0.408482 0.943750
vt 0.818750 0.505000
vt 0.591518 0.292188
vt 0.400112 0.745000
vt 0.591518 0.746250
vt 0.400112 0.505000
vt 0.591518 0.503750
vt 0.170455 0.708333
vt 0.125000 0.708333
vt 0.170455 0.750000
vt 0.619048 0.000000
vt 0.619048 0.041667
vt 0.625000 0.041667
vt 0.170455 0.541667
vt 0.170455 0.500000
vt 0.125000 0.541667
vt 0.625000 0.237374
vt 0.619048 0.208333
vt 0.619048 0.284091
vt 0.329545 0.708333
vt 0.355249 0.772727
vt 0.379464 0.708333
vt 0.647727 0.751894
vt 0.619048 0.718750
vt 0.619048 0.795455
vt 0.329545 0.541667
vt 0.379464 0.541667
vt 0.355249 0.477273
vt 0.647727 0.498106
vt 0.619048 0.454545
vt 0.619048 0.531250
vt 0.380952 0.041667
vt 0.380952 0.000000
vt 0.380952 0.295455
vt 0.625000 0.954545
vt 0.380952 0.208333
vt 0.380952 0.954545
vt 0.829545 0.541667
vt 0.625000 0.237374
vt 0.619048 0.284091
vt 0.379464 0.708333
vt 0.379464 0.541667
vt 0.129737 0.693750
vt 0.125000 0.693750
vt 0.129737 0.750000
vt 0.591518 0.056250
vt 0.625000 0.056250
vt 0.129737 0.556250
vt 0.129737 0.500000
vt 0.125000 0.556250
vt 0.625000 0.214079
vt 0.591518 0.193750
vt 0.591518 0.253553
vt 0.370263 0.693750
vt 0.389373 0.752368
vt 0.400112 0.693750
vt 0.627368 0.724243
vt 0.591518 0.707813
vt 0.591518 0.754737
vt 0.370263 0.556250
vt 0.400112 0.556250
vt 0.389373 0.497632
vt 0.627368 0.525757
vt 0.591518 0.495263
vt 0.591518 0.542188
vt 0.408482 0.056250
vt 0.408482 0.254737
vt 0.625000 0.995263
vt 0.408482 0.193750
vt 0.408482 0.995263
vt 0.870263 0.556250
vt 0.591518 0.253553
vt 0.627368 0.724243
vt 0.400112 0.556250
vt 0.389373 0.497632
vt 0.591518 0.542188
vt 0.181250 0.743750
vt 0.125000 0.743750
vt 0.181250 0.750000
vt 0.583640 0.000000
vt 0.583640 0.006250
vt 0.625000 0.006250
vt 0.181250 0.506250
vt 0.125000 0.506250
vt 0.625000 0.264583
vt 0.583640 0.243750
vt 0.583640 0.292187
vt 0.318750 0.743750
vt 0.367555 0.778125
vt 0.406020 0.743750
vt 0.653125 0.775000
vt 0.583640 0.745312
vt 0.583640 0.806250
vt 0.318750 0.506250
vt 0.406020 0.506250
vt 0.367555 0.471875
vt 0.653125 0.475000
vt 0.583640 0.443750
vt 0.583640 0.504688
vt 0.416360 0.006250
vt 0.416360 0.000000
vt 0.416360 0.306250
vt 0.416360 0.243750
vt 0.416360 0.943750
vt 0.818750 0.506250
vt 0.583640 0.292187
vt 0.583640 0.504688
vt 0.367555 0.471875
vt 0.617647 0.000000
vt 0.617647 0.041667
vt 0.617647 0.208333
vt 0.617647 0.284091
vt 0.355949 0.772727
vt 0.380515 0.708333
vt 0.617647 0.718750
vt 0.617647 0.795455
vt 0.380515 0.541667
vt 0.355949 0.477273
vt 0.617647 0.454545
vt 0.617647 0.531250
vt 0.382353 0.041667
vt 0.382353 0.000000
vt 0.382353 0.295455
vt 0.382353 0.208333
vt 0.382353 0.954545
vt 0.617647 0.284091
vt 0.380515 0.708333
vt 0.380515 0.541667
vt 0.355949 0.477273
vt 0.617647 0.531250
vt 0.130488 0.693750
vt 0.130488 0.750000
vt 0.583640 0.056250
vt 0.130488 0.556250
vt 0.130488 0.500000
vt 0.625000 0.214329
vt 0.583640 0.193750
vt 0.583640 0.254116
vt 0.369512 0.693750
vt 0.392936 0.752744
vt 0.406020 0.693750
vt 0.627744 0.724619
vt 0.583640 0.707813
vt 0.583640 0.755488
vt 0.369512 0.556250
vt 0.406020 0.556250
vt 0.392936 0.497256
vt 0.627744 0.525381
vt 0.583640 0.494512
vt 0.583640 0.542187
vt 0.416360 0.056250
vt 0.416360 0.000000
vt 0.416360 0.255488
vt 0.625000 0.994512
vt 0.416360 0.193750
vt 0.416360 0.994512
vt 0.869512 0.556250
vt 0.583640 0.254116
vt 0.406020 0.693750
vt 0.583640 0.542187
vt 0.175000 0.713333
vt 0.125000 0.713333
vt 0.175000 0.750000
vt 0.619388 0.000000
vt 0.619388 0.036667
vt 0.625000 0.036667
vt 0.175000 0.536667
vt 0.175000 0.500000
vt 0.125000 0.536667
vt 0.625000 0.242222
vt 0.619388 0.213333
vt 0.619388 0.287500
vt 0.325000 0.713333
vt 0.352806 0.775000
vt 0.379209 0.713333
vt 0.650000 0.756667
vt 0.619388 0.722500
vt 0.619388 0.800000
vt 0.325000 0.536667
vt 0.379209 0.536667
vt 0.352806 0.475000
vt 0.650000 0.493333
vt 0.619388 0.450000
vt 0.619388 0.527500
vt 0.380612 0.036667
vt 0.380612 0.000000
vt 0.380612 0.300000
vt 0.625000 0.950000
vt 0.380612 0.213333
vt 0.380612 0.950000
vt 0.825000 0.536667
vt 0.619388 0.287500
vt 0.379209 0.713333
vt 0.352806 0.475000
vt 0.619388 0.950000
vt 0.825000 0.713333
vt 0.619388 0.036667
vt 0.175000 0.500000
vt 0.125000 0.536667
vt 0.625000 0.242222
vt 0.325000 0.713333
vt 0.352806 0.775000
vt 0.619388 0.450000
vt 0.380612 0.036667
vt 0.380612 0.300000
vt 0.380612 0.950000
vt 0.500000 0.600000
vt 0.555556 0.800000
vt 0.555556 0.600000
vt 0.500000 1.000000
vt 0.500000 0.800000
vt 0.500000 0.200000
vt 0.555556 0.000000
vt 0.500000 0.000000
vt 0.555556 0.400000
vt 0.555556 0.200000
vt 0.500000 0.400000
vt 0.611111 0.800000
vt 0.611111 0.600000
vt 0.555556 1.000000
vt 0.611111 0.000000
vt 0.611111 0.400000
vt 0.611111 0.200000
vt 0.666667 0.800000
vt 0.666667 0.600000
vt 0.611111 1.000000
vt 0.666667 0.000000
vt 0.666667 0.400000
vt 0.666667 0.200000
vt 0.722222 0.600000
vt 0.722222 1.000000
vt 0.722222 0.800000
vt 0.722222 0.000000
vt 0.722222 0.200000
vt 0.722222 0.400000
vt 0.777778 0.600000
vt 0.777778 0.800000
vt 0.777778 0.000000
vt 0.777778 0.200000
vt 0.777778 0.400000
vt 0.833333 0.600000
vt 0.833333 1.000000
vt 0.833333 0.800000
vt 0.833333 0.000000
vt 0.833333 0.400000
vt 0.833333 0.200000
vt 0.888889 0.600000
vt 0.888889 0.800000
vt 0.888889 0.000000
vt 0.888889 0.400000
vt 0.888889 0.200000
vt 0.944444 0.600000
vt 0.944444 1.000000
vt 0.944444 0.800000
vt 0.944444 0.000000
vt 0.944444 0.200000
vt 0.944444 0.400000
vt 1.000000 0.600000
vt 1.000000 0.800000
vt 1.000000 0.000000
vt 1.000000 0.400000
vt 1.000000 0.200000
vt 0.000000 0.600000
vt 0.055556 0.800000
vt 0.055556 0.600000
vt 0.000000 1.000000
vt 0.000000 0.800000
vt 0.000000 0.200000
vt 0.055556 0.000000
vt 0.000000 0.000000
vt 0.055556 0.400000
vt 0.055556 0.200000
vt 0.000000 0.400000
vt 0.111111 0.600000
vt 0.111111 1.000000
vt 0.111111 0.800000
vt 0.111111 0.000000
vt 0.111111 0.200000
vt 0.111111 0.400000
vt 0.166667 0.600000
vt 0.166667 1.000000
vt 0.166667 0.800000
vt 0.166667 0.000000
vt 0.166667 0.200000
vt 0.166667 0.400000
vt 0.222222 0.800000
vt 0.222222 0.600000
vt 0.222222 1.000000
vt 0.222222 0.000000
vt 0.222222 0.200000
vt 0.222222 0.400000
vt 0.277778 0.600000
vt 0.277778 0.800000
vt 0.277778 0.000000
vt 0.277778 0.200000
vt 0.277778 0.400000
vt 0.333333 0.800000
vt 0.333333 0.600000
vt 0.277778 1.000000
vt 0.333333 0.000000
vt 0.333333 0.200000
vt 0.333333 0.400000
vt 0.388889 0.600000
vt 0.388889 1.000000
vt 0.388889 0.800000
vt 0.388889 0.000000
vt 0.388889 0.200000
vt 0.388889 0.400000
vt 0.444444 0.600000
vt 0.444444 1.000000
vt 0.444444 0.800000
vt 0.444444 0.000000
vt 0.444444 0.200000
vt 0.444444 0.400000
vt 0.777778 1.000000
vt 0.888889 1.000000
vt 1.000000 1.000000
vt 0.055556 1.000000
vt 0.333333 1.000000
vt 0.750000 0.490000
vt 0.838963 0.464775
vt 0.841844 0.471731
vt 0.338963 0.464775
vt 0.250000 0.490000
vt 0.341844 0.471731
vt 0.914381 0.414382
vt 0.919706 0.419706
vt 0.414382 0.414382
vt 0.419706 0.419706
vt 0.971731 0.341844
vt 0.471731 0.341844
vt 0.964775 0.338963
vt 0.990000 0.250000
vt 0.490000 0.250000
vt 0.464775 0.338963
vt 0.964775 0.161037
vt 0.971731 0.158156
vt 0.464775 0.161037
vt 0.471731 0.158156
vt 0.914381 0.085618
vt 0.919706 0.080294
vt 0.414382 0.085618
vt 0.419706 0.080294
vt 0.841844 0.028269
vt 0.341844 0.028269
vt 0.838963 0.035225
vt 0.750000 0.010000
vt 0.250000 0.017529
vt 0.250000 0.010000
vt 0.750000 0.017529
vt 0.658156 0.028269
vt 0.161037 0.035225
vt 0.158156 0.028269
vt 0.585618 0.085618
vt 0.580294 0.080294
vt 0.085618 0.085618
vt 0.080294 0.080294
vt 0.528269 0.158156
vt 0.028269 0.158156
vt 0.535225 0.161037
vt 0.510000 0.250000
vt 0.010000 0.250000
vt 0.035225 0.161037
vt 0.535225 0.338963
vt 0.528269 0.341844
vt 0.035225 0.338963
vt 0.028269 0.341844
vt 0.585618 0.414382
vt 0.580294 0.419706
vt 0.085618 0.414382
vt 0.080294 0.419706
vt 0.658156 0.471731
vt 0.158156 0.471731
vt 0.661037 0.464775
vt 0.161037 0.464775
vt 0.661037 0.035225
vt 0.937500 0.620000
vt 1.000000 0.880000
vt 1.000000 0.620000
vt 0.000000 0.620000
vt 0.062500 0.880000
vt 0.062500 0.620000
vt 0.017529 0.250000
vt 0.250000 0.482471
vt 0.875000 0.620000
vt 0.937500 0.880000
vt 0.812500 0.620000
vt 0.875000 0.880000
vt 0.750000 0.620000
vt 0.812500 0.880000
vt 0.687500 0.620000
vt 0.750000 0.880000
vt 0.625000 0.620000
vt 0.687500 0.880000
vt 0.562500 0.620000
vt 0.625000 0.880000
vt 0.500000 0.620000
vt 0.562500 0.880000
vt 0.437500 0.620000
vt 0.500000 0.880000
vt 0.375000 0.620000
vt 0.437500 0.880000
vt 0.312500 0.620000
vt 0.375000 0.880000
vt 0.250000 0.620000
vt 0.312500 0.880000
vt 0.187500 0.620000
vt 0.250000 0.880000
vt 0.125000 0.620000
vt 0.187500 0.880000
vt 0.125000 0.880000
vt 0.175000 0.750000
vt 0.617254 0.000000
vt 0.617253 0.036667
vt 0.617253 0.213333
vt 0.617254 0.287500
vt 0.353873 0.775000
vt 0.380810 0.713333
vt 0.617253 0.722500
vt 0.617254 0.800000
vt 0.380810 0.536667
vt 0.353873 0.475000
vt 0.617254 0.450000
vt 0.617253 0.527500
vt 0.382746 0.036667
vt 0.382746 0.000000
vt 0.382746 0.300000
vt 0.382746 0.213333
vt 0.382746 0.950000
vt 0.380810 0.713333
vt 0.617254 0.722500
vt 0.380810 0.536667
vt 0.353873 0.475000
vt 0.617254 0.527500
vt 0.617254 0.950000
vt 0.617253 0.036667
vt 0.617254 0.213333
vt 0.617254 0.287500
vt 0.380810 0.713333
vt 0.353873 0.475000
vt 0.382746 0.036667
vt 0.382747 0.213333
vt 0.666667 1.000000
vt 0.837969 0.462376
vt 0.337969 0.462376
vt 0.912546 0.412546
vt 0.412546 0.412546
vt 0.962376 0.337969
vt 0.462376 0.337969
vt 0.979874 0.250000
vt 0.479874 0.250000
vt 0.912546 0.087454
vt 0.919706 0.080294
vt 0.419706 0.080294
vt 0.462376 0.162031
vt 0.837969 0.037624
vt 0.841844 0.028269
vt 0.337969 0.037624
vt 0.341844 0.028269
vt 0.750000 0.020126
vt 0.250000 0.020126
vt 0.658156 0.028269
vt 0.162031 0.037624
vt 0.158156 0.028269
vt 0.587454 0.087454
vt 0.580294 0.080294
vt 0.087454 0.087454
vt 0.080294 0.080294
vt 0.537624 0.162031
vt 0.037624 0.162031
vt 0.028269 0.158156
vt 0.520126 0.250000
vt 0.020126 0.250000
vt 0.537624 0.337969
vt 0.028269 0.341844
vt 0.080294 0.419706
vt 0.037624 0.337969
vt 0.662031 0.462376
vt 0.162031 0.462376
vt 0.662031 0.037624
vt 0.962376 0.162031
vt 0.250000 0.479874
vt 0.591518 0.943750
vt 0.818750 0.745000
vt 0.619048 0.954545
vt 0.829545 0.708333
vt 0.591518 0.995263
vt 0.870263 0.693750
vt 0.583640 0.943750
vt 0.818750 0.743750
vt 0.617647 0.954545
vt 0.583640 0.994512
vt 0.869512 0.693750
vt 0.825000 0.713333
vt 0.750000 0.482471
vt 0.982471 0.250000
vt 0.482471 0.250000
vt 0.338963 0.035225
vt 0.517529 0.250000
vt 0.000000 0.880000
vt 0.617254 0.950000
vt 0.750000 0.479874
vt 0.412546 0.087454
vt 0.587454 0.412546
vt 0.087454 0.412546
s 0
usemtl WeatheredCream
f 1/1/1 3/2/1 2/3/1
f 4/4/2 6/5/2 5/6/2
f 7/7/3 9/8/3 8/9/3
f 10/10/4 12/11/4 11/12/4
f 13/13/5 15/14/5 14/15/5
f 16/16/6 18/17/6 17/18/6
f 19/19/7 21/20/7 20/21/7
f 22/22/8 24/23/8 23/24/8
f 8/9/9 1/1/9 7/7/9
f 3/25/10 4/4/10 2/26/10
f 6/5/11 10/10/11 5/6/11
f 12/11/12 9/27/12 11/12/12
f 20/21/13 7/7/13 19/19/13
f 11/12/14 22/22/14 10/10/14
f 24/23/15 21/20/15 23/24/15
f 14/15/16 19/19/16 13/13/16
f 23/24/17 16/16/17 22/22/17
f 18/17/18 15/14/18 17/18/18
f 2/3/19 13/13/19 1/1/19
f 17/18/20 5/28/20 16/16/20
f 1/1/21 19/19/21 7/7/21
f 8/29/22 6/5/22 3/25/22
f 2/30/23 17/18/23 15/14/23
f 16/16/24 10/31/24 22/22/24
f 20/21/25 11/12/25 9/27/25
f 14/15/26 23/24/26 21/20/26
f 25/1/1 27/2/1 26/3/1
f 28/4/27 30/5/27 29/6/27
f 31/7/3 33/8/3 32/9/3
f 34/10/28 36/11/28 35/32/28
f 37/13/5 39/14/5 38/33/5
f 40/16/6 42/34/6 41/18/6
f 43/19/7 45/35/7 44/21/7
f 46/22/8 48/23/8 47/36/8
f 32/9/9 25/1/9 31/7/9
f 27/25/10 28/4/10 26/26/10
f 30/5/11 34/10/11 29/6/11
f 36/11/12 33/27/12 35/32/12
f 44/21/13 31/7/13 43/19/13
f 35/32/14 46/22/14 34/10/14
f 48/23/15 45/35/15 47/36/15
f 38/33/16 43/19/16 37/13/16
f 47/36/17 40/16/17 46/22/17
f 42/34/18 39/14/18 41/18/18
f 26/3/19 37/13/19 25/1/19
f 41/18/20 29/28/20 40/16/20
f 25/1/21 43/19/21 31/7/21
f 32/29/22 30/5/22 27/25/22
f 26/30/23 41/18/23 39/14/23
f 40/16/24 34/31/24 46/22/24
f 44/21/25 35/32/25 33/27/25
f 38/33/26 47/36/26 45/35/26
f 49/1/29 51/2/29 50/3/29
f 52/4/2 54/5/2 53/6/2
f 55/7/30 57/8/30 56/9/30
f 58/10/4 60/11/4 59/12/4
f 61/13/5 63/14/5 62/15/5
f 64/16/6 66/17/6 65/18/6
f 67/19/7 69/20/7 68/21/7
f 70/22/8 72/23/8 71/24/8
f 56/9/9 49/1/9 55/7/9
f 51/25/10 52/4/10 50/26/10
f 54/5/11 58/10/11 53/6/11
f 60/11/12 57/27/12 59/12/12
f 68/21/13 55/7/13 67/19/13
f 59/12/14 70/22/14 58/10/14
f 72/23/15 69/20/15 71/24/15
f 62/15/16 67/19/16 61/13/16
f 71/24/17 64/16/17 70/22/17
f 66/17/18 63/14/18 65/18/18
f 50/3/19 61/13/19 49/1/19
f 65/18/20 53/28/20 64/16/20
f 49/1/21 67/19/21 55/7/21
f 56/29/22 54/5/22 51/25/22
f 50/30/23 65/18/23 63/14/23
f 64/16/24 58/31/24 70/22/24
f 68/21/25 59/12/25 57/27/25
f 62/15/26 71/24/26 69/20/26
f 73/1/1 75/2/1 74/3/1
f 76/4/31 78/5/31 77/6/31
f 79/7/3 81/8/3 80/9/3
f 82/10/4 84/11/4 83/32/4
f 85/13/5 87/14/5 86/33/5
f 88/16/32 90/34/32 89/18/32
f 91/19/7 93/35/7 92/21/7
f 94/22/33 96/23/33 95/36/33
f 80/9/9 73/1/9 79/7/9
f 75/25/10 76/4/10 74/26/10
f 78/5/11 82/10/11 77/6/11
f 84/11/12 81/27/12 83/32/12
f 92/21/13 79/7/13 91/19/13
f 83/32/14 94/22/14 82/10/14
f 96/23/15 93/35/15 95/36/15
f 86/33/16 91/19/16 85/13/16
f 95/36/17 88/16/17 94/22/17
f 90/34/18 87/14/18 89/18/18
f 74/3/19 85/13/19 73/1/19
f 89/18/20 77/28/20 88/16/20
f 73/1/21 91/19/21 79/7/21
f 80/29/22 78/5/22 75/25/22
f 74/30/23 89/18/23 87/14/23
f 88/16/24 82/31/24 94/22/24
f 92/21/25 83/32/25 81/27/25
f 86/33/26 95/36/26 93/35/26
f 145/1/1 147/2/1 146/3/1
f 148/4/2 150/5/2 149/6/2
f 151/7/3 153/8/3 152/9/3
f 154/10/4 156/11/4 155/12/4
f 157/13/5 159/14/5 158/15/5
f 160/16/6 162/17/6 161/18/6
f 163/19/7 165/20/7 164/21/7
f 166/22/8 168/23/8 167/24/8
f 152/9/9 145/1/9 151/7/9
f 147/25/10 148/4/10 146/26/10
f 150/5/11 154/10/11 149/6/11
f 156/11/12 153/27/12 155/12/12
f 164/21/13 151/7/13 163/19/13
f 155/12/14 166/22/14 154/10/14
f 168/23/15 165/20/15 167/24/15
f 158/15/16 163/19/16 157/13/16
f 167/24/17 160/16/17 166/22/17
f 162/17/18 159/14/18 161/18/18
f 146/3/19 157/13/19 145/1/19
f 161/18/20 149/28/20 160/16/20
f 145/1/21 163/19/21 151/7/21
f 152/29/22 150/5/22 147/25/22
f 146/30/23 161/18/23 159/14/23
f 160/16/24 154/31/24 166/22/24
f 164/21/25 155/12/25 153/27/25
f 158/15/26 167/24/26 165/20/26
f 169/1/1 171/2/1 170/3/1
f 172/4/27 174/5/27 173/6/27
f 175/7/3 177/8/3 176/9/3
f 178/10/28 180/11/28 179/32/28
f 181/13/5 183/14/5 182/33/5
f 184/16/6 186/34/6 185/18/6
f 187/19/7 189/35/7 188/21/7
f 190/22/8 192/23/8 191/36/8
f 176/9/9 169/1/9 175/7/9
f 171/25/10 172/4/10 170/26/10
f 174/5/11 178/10/11 173/6/11
f 180/11/12 177/27/12 179/32/12
f 188/21/13 175/7/13 187/19/13
f 179/32/14 190/22/14 178/10/14
f 192/23/15 189/35/15 191/36/15
f 182/33/16 187/19/16 181/13/16
f 191/36/17 184/16/17 190/22/17
f 186/34/18 183/14/18 185/18/18
f 170/3/19 181/13/19 169/1/19
f 185/18/20 173/28/20 184/16/20
f 169/1/21 187/19/21 175/7/21
f 176/29/22 174/5/22 171/25/22
f 170/30/23 185/18/23 183/14/23
f 184/16/24 178/31/24 190/22/24
f 188/21/25 179/32/25 177/27/25
f 182/33/26 191/36/26 189/35/26
f 193/1/29 195/2/29 194/3/29
f 196/4/2 198/5/2 197/6/2
f 199/7/30 201/8/30 200/9/30
f 202/10/4 204/11/4 203/12/4
f 205/13/5 207/14/5 206/15/5
f 208/16/6 210/17/6 209/18/6
f 211/19/7 213/20/7 212/21/7
f 214/22/8 216/23/8 215/24/8
f 200/9/9 193/1/9 199/7/9
f 195/25/10 196/4/10 194/26/10
f 198/5/11 202/10/11 197/6/11
f 204/11/12 201/27/12 203/12/12
f 212/21/13 199/7/13 211/19/13
f 203/12/14 214/22/14 202/10/14
f 216/23/15 213/20/15 215/24/15
f 206/15/16 211/19/16 205/13/16
f 215/24/17 208/16/17 214/22/17
f 210/17/18 207/14/18 209/18/18
f 194/3/19 205/13/19 193/1/19
f 209/18/20 197/28/20 208/16/20
f 193/1/21 211/19/21 199/7/21
f 200/29/22 198/5/22 195/25/22
f 194/30/23 209/18/23 207/14/23
f 208/16/24 202/31/24 214/22/24
f 212/21/25 203/12/25 201/27/25
f 206/15/26 215/24/26 213/20/26
f 217/1/1 219/2/1 218/3/1
f 220/4/31 222/5/31 221/6/31
f 223/7/3 225/8/3 224/9/3
f 226/10/4 228/11/4 227/32/4
f 229/13/5 231/14/5 230/33/5
f 232/16/32 234/34/32 233/18/32
f 235/19/7 237/35/7 236/21/7
f 238/22/33 240/23/33 239/36/33
f 224/9/9 217/1/9 223/7/9
f 219/25/10 220/4/10 218/26/10
f 222/5/11 226/10/11 221/6/11
f 228/11/12 225/27/12 227/32/12
f 236/21/13 223/7/13 235/19/13
f 227/32/14 238/22/14 226/10/14
f 240/23/15 237/35/15 239/36/15
f 230/33/16 235/19/16 229/13/16
f 239/36/17 232/16/17 238/22/17
f 234/34/18 231/14/18 233/18/18
f 218/3/19 229/13/19 217/1/19
f 233/18/20 221/28/20 232/16/20
f 217/1/21 235/19/21 223/7/21
f 224/29/22 222/5/22 219/25/22
f 218/30/23 233/18/23 231/14/23
f 232/16/24 226/31/24 238/22/24
f 236/21/25 227/32/25 225/27/25
f 230/33/26 239/36/26 237/35/26
f 289/72/29 291/73/29 290/74/29
f 292/4/27 294/75/27 293/76/27
f 295/77/40 297/78/40 296/79/40
f 298/80/41 300/81/41 299/82/41
f 301/83/5 303/84/5 302/85/5
f 304/86/6 306/87/6 305/88/6
f 307/89/42 309/90/42 308/91/42
f 310/92/43 312/93/43 311/94/43
f 296/79/9 289/72/9 295/77/9
f 291/95/10 292/4/10 290/26/10
f 294/75/11 298/80/11 293/76/11
f 300/81/12 297/96/12 299/82/12
f 308/91/13 295/77/13 307/89/13
f 299/82/14 310/92/14 298/80/14
f 312/93/15 309/90/15 311/94/15
f 302/85/16 307/89/16 301/83/16
f 311/94/17 304/86/17 310/92/17
f 306/87/18 303/84/18 305/88/18
f 290/74/19 301/83/19 289/72/19
f 305/88/20 293/97/20 304/86/20
f 289/72/21 307/89/21 295/77/21
f 296/98/22 294/75/22 291/95/22
f 290/99/23 305/88/23 303/84/23
f 304/86/24 298/100/24 310/92/24
f 308/91/25 299/82/25 297/96/25
f 302/85/26 311/94/26 309/90/26
f 313/72/29 315/73/29 314/74/29
f 316/4/27 318/75/27 317/76/27
f 319/77/40 321/78/40 320/79/40
f 322/80/41 324/81/41 323/101/41
f 325/83/5 327/84/5 326/85/5
f 328/102/6 330/87/6 329/88/6
f 331/89/42 333/103/42 332/104/42
f 334/92/43 336/93/43 335/105/43
f 320/79/9 313/72/9 319/77/9
f 315/95/10 316/4/10 314/26/10
f 318/75/11 322/80/11 317/76/11
f 324/81/12 321/96/12 323/101/12
f 332/104/13 319/77/13 331/89/13
f 323/101/14 334/92/14 322/80/14
f 336/93/15 333/103/15 335/105/15
f 326/85/16 331/89/16 325/83/16
f 335/105/17 328/102/17 334/92/17
f 330/87/18 327/84/18 329/88/18
f 314/74/19 325/83/19 313/72/19
f 329/88/20 317/97/20 328/102/20
f 313/72/21 331/89/21 319/77/21
f 320/98/22 318/75/22 315/95/22
f 314/99/23 329/88/23 327/84/23
f 328/102/24 322/100/24 334/92/24
f 332/104/25 323/101/25 321/96/25
f 326/85/26 335/105/26 333/103/26
f 337/72/29 339/73/29 338/74/29
f 340/4/27 342/75/27 341/76/27
f 343/77/40 345/78/40 344/79/40
f 346/80/41 348/81/41 347/82/41
f 349/83/5 351/84/5 350/85/5
f 352/86/6 354/87/6 353/88/6
f 355/89/42 357/90/42 356/104/42
f 358/92/43 360/93/43 359/94/43
f 344/79/9 337/72/9 343/77/9
f 339/95/10 340/4/10 338/26/10
f 342/75/11 346/80/11 341/76/11
f 348/81/12 345/96/12 347/82/12
f 356/104/13 343/77/13 355/89/13
f 347/82/14 358/92/14 346/80/14
f 360/93/15 357/90/15 359/94/15
f 350/85/16 355/89/16 349/83/16
f 359/94/17 352/86/17 358/92/17
f 354/87/18 351/84/18 353/88/18
f 338/74/19 349/83/19 337/72/19
f 353/88/20 341/97/20 352/86/20
f 337/72/21 355/89/21 343/77/21
f 344/98/22 342/75/22 339/95/22
f 338/99/23 353/88/23 351/84/23
f 352/86/24 346/100/24 358/92/24
f 356/104/25 347/82/25 345/96/25
f 350/85/26 359/94/26 357/90/26
f 361/72/29 363/73/29 362/74/29
f 364/4/31 366/75/31 365/76/31
f 367/77/40 369/78/40 368/79/40
f 370/80/36 372/81/36 371/101/36
f 373/83/5 375/84/5 374/85/5
f 376/102/32 378/87/32 377/88/32
f 379/89/42 381/103/42 380/91/42
f 382/92/39 384/93/39 383/105/39
f 368/79/9 361/72/9 367/77/9
f 363/95/10 364/4/10 362/26/10
f 366/75/11 370/80/11 365/76/11
f 372/81/12 369/96/12 371/101/12
f 380/91/13 367/77/13 379/89/13
f 371/101/14 382/92/14 370/80/14
f 384/93/15 381/103/15 383/105/15
f 374/85/16 379/89/16 373/83/16
f 383/105/17 376/102/17 382/92/17
f 378/87/18 375/84/18 377/88/18
f 362/74/19 373/83/19 361/72/19
f 377/88/20 365/97/20 376/102/20
f 361/72/21 379/89/21 367/77/21
f 368/98/22 366/75/22 363/95/22
f 362/99/23 377/88/23 375/84/23
f 376/102/24 370/100/24 382/92/24
f 380/91/25 371/101/25 369/96/25
f 374/85/26 383/105/26 381/103/26
f 385/72/44 387/73/44 386/74/44
f 388/4/45 390/75/45 389/76/45
f 391/77/30 393/78/30 392/79/30
f 394/80/28 396/81/28 395/82/28
f 397/83/46 399/84/46 398/85/46
f 400/86/47 402/87/47 401/88/47
f 403/89/7 405/90/7 404/104/7
f 406/92/8 408/93/8 407/94/8
f 392/79/9 385/72/9 391/77/9
f 387/95/10 388/4/10 386/26/10
f 390/75/11 394/80/11 389/76/11
f 396/81/12 393/96/12 395/82/12
f 404/104/13 391/77/13 403/89/13
f 395/82/14 406/92/14 394/80/14
f 408/93/15 405/90/15 407/94/15
f 398/85/16 403/89/16 397/83/16
f 407/94/17 400/86/17 406/92/17
f 402/87/18 399/84/18 401/88/18
f 386/74/19 397/83/19 385/72/19
f 401/88/20 389/97/20 400/86/20
f 385/72/21 403/89/21 391/77/21
f 392/98/22 390/75/22 387/95/22
f 386/99/23 401/88/23 399/84/23
f 400/86/24 394/100/24 406/92/24
f 404/104/25 395/82/25 393/96/25
f 398/85/26 407/94/26 405/90/26
f 409/72/44 411/73/44 410/74/44
f 412/4/45 414/75/45 413/76/45
f 415/77/30 417/78/30 416/79/30
f 418/80/28 420/81/28 419/101/28
f 421/83/46 423/84/46 422/85/46
f 424/102/47 426/87/47 425/88/47
f 427/89/7 429/103/7 428/91/7
f 430/92/8 432/93/8 431/105/8
f 416/79/9 409/72/9 415/77/9
f 411/95/10 412/4/10 410/26/10
f 414/75/11 418/80/11 413/76/11
f 420/81/12 417/96/12 419/101/12
f 428/91/13 415/77/13 427/89/13
f 419/101/14 430/92/14 418/80/14
f 432/93/15 429/103/15 431/105/15
f 422/85/16 427/89/16 421/83/16
f 431/105/17 424/102/17 430/92/17
f 426/87/18 423/84/18 425/88/18
f 410/74/19 421/83/19 409/72/19
f 425/88/20 413/97/20 424/102/20
f 409/72/21 427/89/21 415/77/21
f 416/98/22 414/75/22 411/95/22
f 410/99/23 425/88/23 423/84/23
f 424/102/24 418/100/24 430/92/24
f 428/91/25 419/101/25 417/96/25
f 422/85/26 431/105/26 429/103/26
f 433/72/44 435/73/44 434/74/44
f 436/4/45 438/75/45 437/76/45
f 439/77/30 441/78/30 440/79/30
f 442/80/28 444/81/28 443/82/28
f 445/83/46 447/84/46 446/85/46
f 448/86/47 450/87/47 449/88/47
f 451/89/7 453/90/7 452/91/7
f 454/92/8 456/93/8 455/94/8
f 440/79/9 433/72/9 439/77/9
f 435/95/10 436/4/10 434/26/10
f 438/75/11 442/80/11 437/76/11
f 444/81/12 441/96/12 443/82/12
f 452/91/13 439/77/13 451/89/13
f 443/82/14 454/92/14 442/80/14
f 456/93/15 453/90/15 455/94/15
f 446/85/16 451/89/16 445/83/16
f 455/94/17 448/86/17 454/92/17
f 450/87/18 447/84/18 449/88/18
f 434/74/19 445/83/19 433/72/19
f 449/88/20 437/97/20 448/86/20
f 433/72/21 451/89/21 439/77/21
f 440/98/22 438/75/22 435/95/22
f 434/99/23 449/88/23 447/84/23
f 448/86/24 442/100/24 454/92/24
f 452/91/25 443/82/25 441/96/25
f 446/85/26 455/94/26 453/90/26
f 457/72/44 459/73/44 458/74/44
f 460/4/2 462/75/2 461/76/2
f 463/77/30 465/78/30 464/79/30
f 466/80/4 468/81/4 467/101/4
f 469/83/46 471/84/46 470/85/46
f 472/102/48 474/87/48 473/88/48
f 475/89/7 477/103/7 476/104/7
f 478/92/33 480/93/33 479/105/33
f 464/79/9 457/72/9 463/77/9
f 459/95/10 460/4/10 458/26/10
f 462/75/11 466/80/11 461/76/11
f 468/81/12 465/96/12 467/101/12
f 476/104/13 463/77/13 475/89/13
f 467/101/14 478/92/14 466/80/14
f 480/93/15 477/103/15 479/105/15
f 470/85/16 475/89/16 469/83/16
f 479/105/17 472/102/17 478/92/17
f 474/87/18 471/84/18 473/88/18
f 458/74/19 469/83/19 457/72/19
f 473/88/20 461/97/20 472/102/20
f 457/72/21 475/89/21 463/77/21
f 464/98/22 462/75/22 459/95/22
f 458/99/23 473/88/23 471/84/23
f 472/102/24 466/100/24 478/92/24
f 476/104/25 467/101/25 465/96/25
f 470/85/26 479/105/26 477/103/26
f 481/106/44 483/107/44 482/108/44
f 484/109/2 486/110/2 485/111/2
f 487/112/30 489/8/30 488/113/30
f 490/114/4 492/115/4 491/116/4
f 493/117/46 495/118/46 494/119/46
f 496/120/48 498/121/48 497/122/48
f 499/123/7 501/124/7 500/125/7
f 502/126/33 504/127/33 503/128/33
f 488/113/9 481/106/9 487/112/9
f 483/129/10 484/109/10 482/130/10
f 486/110/11 490/114/11 485/111/11
f 492/115/12 489/131/12 491/116/12
f 500/125/13 487/112/13 499/123/13
f 491/116/14 502/126/14 490/114/14
f 504/127/15 501/124/15 503/128/15
f 494/119/16 499/123/16 493/117/16
f 503/128/17 496/120/17 502/126/17
f 498/121/18 495/118/18 497/122/18
f 482/108/19 493/117/19 481/106/19
f 497/122/20 485/28/20 496/120/20
f 481/106/21 499/123/21 487/112/21
f 488/132/22 486/110/22 483/129/22
f 482/133/23 497/122/23 495/118/23
f 496/120/24 490/134/24 502/126/24
f 500/125/25 491/116/25 489/131/25
f 494/119/26 503/128/26 501/124/26
f 505/106/1 507/107/1 506/108/1
f 508/109/2 510/110/2 509/111/2
f 511/112/3 513/8/3 512/113/3
f 514/114/4 516/115/4 515/135/4
f 517/117/49 519/118/49 518/119/49
f 520/120/48 522/121/48 521/122/48
f 523/123/50 525/124/50 524/125/50
f 526/126/33 528/127/33 527/136/33
f 512/113/9 505/106/9 511/112/9
f 507/129/10 508/109/10 506/130/10
f 510/110/11 514/114/11 509/111/11
f 516/115/12 513/131/12 515/135/12
f 524/125/13 511/112/13 523/123/13
f 515/135/14 526/126/14 514/114/14
f 528/127/15 525/124/15 527/136/15
f 518/119/16 523/123/16 517/117/16
f 527/136/17 520/120/17 526/126/17
f 522/121/18 519/118/18 521/122/18
f 506/108/19 517/117/19 505/106/19
f 521/122/20 509/28/20 520/120/20
f 505/106/21 523/123/21 511/112/21
f 512/132/22 510/110/22 507/129/22
f 506/133/23 521/122/23 519/118/23
f 520/120/24 514/134/24 526/126/24
f 524/125/25 515/135/25 513/131/25
f 518/119/26 527/136/26 525/124/26
f 529/106/1 531/107/1 530/108/1
f 532/109/45 534/110/45 533/111/45
f 535/112/3 537/8/3 536/113/3
f 538/114/28 540/115/28 539/116/28
f 541/117/49 543/118/49 542/119/49
f 544/120/47 546/121/47 545/122/47
f 547/123/50 549/124/50 548/137/50
f 550/126/8 552/127/8 551/128/8
f 536/113/9 529/106/9 535/112/9
f 531/129/10 532/109/10 530/130/10
f 534/110/11 538/114/11 533/111/11
f 540/115/12 537/131/12 539/116/12
f 548/137/13 535/112/13 547/123/13
f 539/116/14 550/126/14 538/114/14
f 552/127/15 549/124/15 551/128/15
f 542/119/16 547/123/16 541/117/16
f 551/128/17 544/120/17 550/126/17
f 546/121/18 543/118/18 545/122/18
f 530/108/19 541/117/19 529/106/19
f 545/122/20 533/28/20 544/120/20
f 529/106/21 547/123/21 535/112/21
f 536/132/22 534/110/22 531/129/22
f 530/133/23 545/122/23 543/118/23
f 544/120/24 538/134/24 550/126/24
f 548/137/25 539/116/25 537/131/25
f 542/119/26 551/128/26 549/124/26
f 553/106/1 555/107/1 554/108/1
f 556/109/2 558/110/2 557/111/2
f 559/112/3 561/8/3 560/113/3
f 562/114/4 564/115/4 563/135/4
f 565/117/49 567/118/49 566/119/49
f 568/120/48 570/121/48 569/122/48
f 571/123/50 573/124/50 572/125/50
f 574/126/33 576/127/33 575/136/33
f 560/113/9 553/106/9 559/112/9
f 555/129/10 556/109/10 554/130/10
f 558/110/11 562/114/11 557/111/11
f 564/115/12 561/131/12 563/135/12
f 572/125/13 559/112/13 571/123/13
f 563/135/14 574/126/14 562/114/14
f 576/127/15 573/124/15 575/136/15
f 566/119/16 571/123/16 565/117/16
f 575/136/17 568/120/17 574/126/17
f 570/121/18 567/118/18 569/122/18
f 554/108/19 565/117/19 553/106/19
f 569/122/20 557/28/20 568/120/20
f 553/106/21 571/123/21 559/112/21
f 560/132/22 558/110/22 555/129/22
f 554/133/23 569/122/23 567/118/23
f 568/120/24 562/134/24 574/126/24
f 572/125/25 563/135/25 561/131/25
f 566/119/26 575/136/26 573/124/26
f 625/106/44 627/107/44 626/108/44
f 628/109/2 630/110/2 629/111/2
f 631/112/30 633/8/30 632/113/30
f 634/114/4 636/115/4 635/116/4
f 637/117/46 639/118/46 638/119/46
f 640/120/48 642/121/48 641/122/48
f 643/123/7 645/124/7 644/125/7
f 646/126/33 648/127/33 647/128/33
f 632/113/9 625/106/9 631/112/9
f 627/129/10 628/109/10 626/130/10
f 630/110/11 634/114/11 629/111/11
f 636/115/12 633/131/12 635/116/12
f 644/125/13 631/112/13 643/123/13
f 635/116/14 646/126/14 634/114/14
f 648/127/15 645/124/15 647/128/15
f 638/119/16 643/123/16 637/117/16
f 647/128/17 640/120/17 646/126/17
f 642/121/18 639/118/18 641/122/18
f 626/108/19 637/117/19 625/106/19
f 641/122/20 629/28/20 640/120/20
f 625/106/21 643/123/21 631/112/21
f 632/132/22 630/110/22 627/129/22
f 626/133/23 641/122/23 639/118/23
f 640/120/24 634/134/24 646/126/24
f 644/125/25 635/116/25 633/131/25
f 638/119/26 647/128/26 645/124/26
f 649/106/1 651/107/1 650/108/1
f 652/109/2 654/110/2 653/111/2
f 655/112/3 657/8/3 656/113/3
f 658/114/4 660/115/4 659/135/4
f 661/117/49 663/118/49 662/119/49
f 664/120/48 666/121/48 665/122/48
f 667/123/50 669/124/50 668/137/50
f 670/126/33 672/127/33 671/136/33
f 656/113/9 649/106/9 655/112/9
f 651/129/10 652/109/10 650/130/10
f 654/110/11 658/114/11 653/111/11
f 660/115/12 657/131/12 659/135/12
f 668/137/13 655/112/13 667/123/13
f 659/135/14 670/126/14 658/114/14
f 672/127/15 669/124/15 671/136/15
f 662/119/16 667/123/16 661/117/16
f 671/136/17 664/120/17 670/126/17
f 666/121/18 663/118/18 665/122/18
f 650/108/19 661/117/19 649/106/19
f 665/122/20 653/28/20 664/120/20
f 649/106/21 667/123/21 655/112/21
f 656/132/22 654/110/22 651/129/22
f 650/133/23 665/122/23 663/118/23
f 664/120/24 658/134/24 670/126/24
f 668/137/25 659/135/25 657/131/25
f 662/119/26 671/136/26 669/124/26
f 673/106/1 675/107/1 674/108/1
f 676/109/45 678/110/45 677/111/45
f 679/112/3 681/8/3 680/113/3
f 682/114/28 684/115/28 683/116/28
f 685/117/49 687/118/49 686/119/49
f 688/120/47 690/121/47 689/122/47
f 691/123/50 693/124/50 692/137/50
f 694/126/8 696/127/8 695/128/8
f 680/113/9 673/106/9 679/112/9
f 675/129/10 676/109/10 674/130/10
f 678/110/11 682/114/11 677/111/11
f 684/115/12 681/131/12 683/116/12
f 692/137/13 679/112/13 691/123/13
f 683/116/14 694/126/14 682/114/14
f 696/127/15 693/124/15 695/128/15
f 686/119/16 691/123/16 685/117/16
f 695/128/17 688/120/17 694/126/17
f 690/121/18 687/118/18 689/122/18
f 674/108/19 685/117/19 673/106/19
f 689/122/20 677/28/20 688/120/20
f 673/106/21 691/123/21 679/112/21
f 680/132/22 678/110/22 675/129/22
f 674/133/23 689/122/23 687/118/23
f 688/120/24 682/134/24 694/126/24
f 692/137/25 683/116/25 681/131/25
f 686/119/26 695/128/26 693/124/26
f 697/106/1 699/107/1 698/108/1
f 700/109/2 702/110/2 701/111/2
f 703/112/3 705/8/3 704/113/3
f 706/114/4 708/115/4 707/135/4
f 709/117/49 711/118/49 710/119/49
f 712/120/48 714/121/48 713/122/48
f 715/123/50 717/124/50 716/125/50
f 718/126/33 720/127/33 719/136/33
f 704/113/9 697/106/9 703/112/9
f 699/129/10 700/109/10 698/130/10
f 702/110/11 706/114/11 701/111/11
f 708/115/12 705/131/12 707/135/12
f 716/125/13 703/112/13 715/123/13
f 707/135/14 718/126/14 706/114/14
f 720/127/15 717/124/15 719/136/15
f 710/119/16 715/123/16 709/117/16
f 719/136/17 712/120/17 718/126/17
f 714/121/18 711/118/18 713/122/18
f 698/108/19 709/117/19 697/106/19
f 713/122/20 701/28/20 712/120/20
f 697/106/21 715/123/21 703/112/21
f 704/132/22 702/110/22 699/129/22
f 698/133/23 713/122/23 711/118/23
f 712/120/24 706/134/24 718/126/24
f 716/125/25 707/135/25 705/131/25
f 710/119/26 719/136/26 717/124/26
f 769/160/44 771/73/44 770/161/44
f 772/109/2 774/162/2 773/76/2
f 775/163/30 777/164/30 776/79/30
f 778/165/4 780/166/4 779/167/4
f 781/168/46 783/169/46 782/170/46
f 784/171/48 786/172/48 785/173/48
f 787/174/7 789/175/7 788/176/7
f 790/177/33 792/178/33 791/179/33
f 776/79/9 769/160/9 775/163/9
f 771/180/10 772/109/10 770/181/10
f 774/162/11 778/165/11 773/76/11
f 780/166/12 777/182/12 779/167/12
f 788/176/13 775/163/13 787/174/13
f 779/167/14 790/177/14 778/165/14
f 792/178/15 789/175/15 791/179/15
f 782/170/16 787/174/16 781/168/16
f 791/179/17 784/171/17 790/177/17
f 786/172/18 783/169/18 785/173/18
f 770/161/19 781/168/19 769/160/19
f 785/173/20 773/183/20 784/171/20
f 769/160/21 787/174/21 775/163/21
f 776/184/22 774/162/22 771/180/22
f 770/185/23 785/173/23 783/169/23
f 784/171/24 778/186/24 790/177/24
f 788/176/25 779/167/25 777/182/25
f 782/170/26 791/179/26 789/175/26
f 793/160/1 795/73/1 794/161/1
f 796/109/2 798/162/2 797/76/2
f 799/163/3 801/164/3 800/79/3
f 802/165/4 804/166/4 803/187/4
f 805/168/49 807/169/49 806/188/49
f 808/171/48 810/172/48 809/173/48
f 811/174/50 813/175/50 812/176/50
f 814/177/33 816/178/33 815/189/33
f 800/79/9 793/160/9 799/163/9
f 795/180/10 796/109/10 794/181/10
f 798/162/11 802/165/11 797/76/11
f 804/166/12 801/182/12 803/187/12
f 812/176/13 799/163/13 811/174/13
f 803/187/14 814/177/14 802/165/14
f 816/178/15 813/175/15 815/189/15
f 806/188/16 811/174/16 805/168/16
f 815/189/17 808/171/17 814/177/17
f 810/172/18 807/169/18 809/173/18
f 794/161/19 805/168/19 793/160/19
f 809/173/20 797/183/20 808/171/20
f 793/160/21 811/174/21 799/163/21
f 800/184/22 798/162/22 795/180/22
f 794/185/23 809/173/23 807/169/23
f 808/171/24 802/186/24 814/177/24
f 812/176/25 803/187/25 801/182/25
f 806/188/26 815/189/26 813/175/26
f 817/160/1 819/73/1 818/161/1
f 820/109/45 822/162/45 821/76/45
f 823/163/3 825/164/3 824/79/3
f 826/165/28 828/166/28 827/167/28
f 829/168/49 831/169/49 830/170/49
f 832/171/47 834/172/47 833/173/47
f 835/174/50 837/175/50 836/176/50
f 838/177/8 840/178/8 839/179/8
f 824/79/9 817/160/9 823/163/9
f 819/180/10 820/109/10 818/181/10
f 822/162/11 826/165/11 821/76/11
f 828/166/12 825/182/12 827/167/12
f 836/176/13 823/163/13 835/174/13
f 827/167/14 838/177/14 826/165/14
f 840/178/15 837/175/15 839/179/15
f 830/170/16 835/174/16 829/168/16
f 839/179/17 832/171/17 838/177/17
f 834/172/18 831/169/18 833/173/18
f 818/161/19 829/168/19 817/160/19
f 833/173/20 821/183/20 832/171/20
f 817/160/21 835/174/21 823/163/21
f 824/184/22 822/162/22 819/180/22
f 818/185/23 833/173/23 831/169/23
f 832/171/24 826/186/24 838/177/24
f 836/176/25 827/167/25 825/182/25
f 830/170/26 839/179/26 837/175/26
f 841/160/1 843/73/1 842/161/1
f 844/109/2 846/162/2 845/76/2
f 847/163/3 849/164/3 848/79/3
f 850/165/4 852/166/4 851/187/4
f 853/168/49 855/169/49 854/188/49
f 856/171/48 858/172/48 857/173/48
f 859/174/50 861/175/50 860/176/50
f 862/177/33 864/178/33 863/189/33
f 848/79/9 841/160/9 847/163/9
f 843/180/10 844/109/10 842/181/10
f 846/162/11 850/165/11 845/76/11
f 852/166/12 849/182/12 851/187/12
f 860/176/13 847/163/13 859/174/13
f 851/187/14 862/177/14 850/165/14
f 864/178/15 861/175/15 863/189/15
f 854/188/16 859/174/16 853/168/16
f 863/189/17 856/171/17 862/177/17
f 858/172/18 855/169/18 857/173/18
f 842/161/19 853/168/19 841/160/19
f 857/173/20 845/183/20 856/171/20
f 841/160/21 859/174/21 847/163/21
f 848/184/22 846/162/22 843/180/22
f 842/185/23 857/173/23 855/169/23
f 856/171/24 850/186/24 862/177/24
f 860/176/25 851/187/25 849/182/25
f 854/188/26 863/189/26 861/175/26
f 865/160/44 867/73/44 866/161/44
f 868/109/2 870/162/2 869/76/2
f 871/163/30 873/164/30 872/79/30
f 874/165/4 876/166/4 875/167/4
f 877/168/46 879/169/46 878/170/46
f 880/171/48 882/172/48 881/173/48
f 883/174/7 885/175/7 884/176/7
f 886/177/33 888/178/33 887/179/33
f 872/79/9 865/160/9 871/163/9
f 867/180/10 868/109/10 866/181/10
f 870/162/11 874/165/11 869/76/11
f 876/166/12 873/182/12 875/167/12
f 884/176/13 871/163/13 883/174/13
f 875/167/14 886/177/14 874/165/14
f 888/178/15 885/175/15 887/179/15
f 878/170/16 883/174/16 877/168/16
f 887/179/17 880/171/17 886/177/17
f 882/172/18 879/169/18 881/173/18
f 866/161/19 877/168/19 865/160/19
f 881/173/20 869/183/20 880/171/20
f 865/160/21 883/174/21 871/163/21
f 872/184/22 870/162/22 867/180/22
f 866/185/23 881/173/23 879/169/23
f 880/171/24 874/186/24 886/177/24
f 884/176/25 875/167/25 873/182/25
f 878/170/26 887/179/26 885/175/26
f 889/160/1 891/73/1 890/161/1
f 892/109/2 894/162/2 893/76/2
f 895/163/3 897/164/3 896/79/3
f 898/165/4 900/166/4 899/187/4
f 901/168/49 903/169/49 902/188/49
f 904/171/48 906/172/48 905/173/48
f 907/174/50 909/175/50 908/176/50
f 910/177/33 912/178/33 911/189/33
f 896/79/9 889/160/9 895/163/9
f 891/180/10 892/109/10 890/181/10
f 894/162/11 898/165/11 893/76/11
f 900/166/12 897/182/12 899/187/12
f 908/176/13 895/163/13 907/174/13
f 899/187/14 910/177/14 898/165/14
f 912/178/15 909/175/15 911/189/15
f 902/188/16 907/174/16 901/168/16
f 911/189/17 904/171/17 910/177/17
f 906/172/18 903/169/18 905/173/18
f 890/161/19 901/168/19 889/160/19
f 905/173/20 893/183/20 904/171/20
f 889/160/21 907/174/21 895/163/21
f 896/184/22 894/162/22 891/180/22
f 890/185/23 905/173/23 903/169/23
f 904/171/24 898/186/24 910/177/24
f 908/176/25 899/187/25 897/182/25
f 902/188/26 911/189/26 909/175/26
f 913/160/1 915/73/1 914/161/1
f 916/109/45 918/162/45 917/76/45
f 919/163/3 921/164/3 920/79/3
f 922/165/28 924/166/28 923/167/28
f 925/168/49 927/169/49 926/170/49
f 928/171/47 930/172/47 929/173/47
f 931/174/50 933/175/50 932/176/50
f 934/177/8 936/178/8 935/179/8
f 920/79/9 913/160/9 919/163/9
f 915/180/10 916/109/10 914/181/10
f 918/162/11 922/165/11 917/76/11
f 924/166/12 921/182/12 923/167/12
f 932/176/13 919/163/13 931/174/13
f 923/167/14 934/177/14 922/165/14
f 936/178/15 933/175/15 935/179/15
f 926/170/16 931/174/16 925/168/16
f 935/179/17 928/171/17 934/177/17
f 930/172/18 927/169/18 929/173/18
f 914/161/19 925/168/19 913/160/19
f 929/173/20 917/183/20 928/171/20
f 913/160/21 931/174/21 919/163/21
f 920/184/22 918/162/22 915/180/22
f 914/185/23 929/173/23 927/169/23
f 928/171/24 922/186/24 934/177/24
f 932/176/25 923/167/25 921/182/25
f 926/170/26 935/179/26 933/175/26
f 937/160/1 939/73/1 938/161/1
f 940/109/2 942/162/2 941/76/2
f 943/163/3 945/164/3 944/79/3
f 946/165/4 948/166/4 947/187/4
f 949/168/49 951/169/49 950/188/49
f 952/171/48 954/172/48 953/173/48
f 955/174/50 957/175/50 956/176/50
f 958/177/33 960/178/33 959/189/33
f 944/79/9 937/160/9 943/163/9
f 939/180/10 940/109/10 938/181/10
f 942/162/11 946/165/11 941/76/11
f 948/166/12 945/182/12 947/187/12
f 956/176/13 943/163/13 955/174/13
f 947/187/14 958/177/14 946/165/14
f 960/178/15 957/175/15 959/189/15
f 950/188/16 955/174/16 949/168/16
f 959/189/17 952/171/17 958/177/17
f 954/172/18 951/169/18 953/173/18
f 938/161/19 949/168/19 937/160/19
f 953/173/20 941/183/20 952/171/20
f 937/160/21 955/174/21 943/163/21
f 944/184/22 942/162/22 939/180/22
f 938/185/23 953/173/23 951/169/23
f 952/171/24 946/186/24 958/177/24
f 956/176/25 947/187/25 945/182/25
f 950/188/26 959/189/26 957/175/26
f 961/190/1 963/191/1 962/192/1
f 964/193/27 966/194/27 965/195/27
f 967/196/3 969/197/3 968/198/3
f 970/199/41 972/200/41 971/201/41
f 973/202/49 975/203/49 974/204/49
f 976/205/6 978/206/6 977/207/6
f 979/208/50 981/209/50 980/210/50
f 982/211/43 984/212/43 983/213/43
f 968/198/9 961/190/9 967/196/9
f 963/214/10 964/193/10 962/215/10
f 966/194/11 970/199/11 965/195/11
f 972/200/12 969/216/12 971/201/12
f 980/210/13 967/196/13 979/208/13
f 971/201/14 982/211/14 970/199/14
f 984/212/15 981/209/15 983/213/15
f 974/204/16 979/208/16 973/202/16
f 983/213/17 976/205/17 982/211/17
f 978/206/18 975/203/18 977/207/18
f 962/192/19 973/202/19 961/190/19
f 977/207/20 965/217/20 976/205/20
f 961/190/21 979/208/21 967/196/21
f 968/218/22 966/194/22 963/214/22
f 962/219/23 977/207/23 975/203/23
f 976/205/24 970/220/24 982/211/24
f 980/210/25 971/201/25 969/216/25
f 974/204/26 983/213/26 981/209/26
f 1033/190/99 1035/191/99 1034/192/99
f 1036/193/100 1038/194/100 1037/195/100
f 1039/196/101 1041/197/101 1040/198/101
f 1042/199/102 1044/200/102 1043/221/102
f 1045/202/103 1047/203/103 1046/222/103
f 1048/205/104 1050/206/104 1049/207/104
f 1051/208/105 1053/209/105 1052/223/105
f 1054/211/106 1056/212/106 1055/213/106
f 1039/196/107 1035/191/107 1033/190/107
f 1035/214/108 1036/193/108 1034/215/108
f 1038/194/109 1042/199/109 1037/195/109
f 1044/200/110 1041/216/110 1043/221/110
f 1051/208/111 1041/197/111 1039/196/111
f 1043/221/112 1054/211/112 1042/199/112
f 1056/212/113 1053/209/113 1055/213/113
f 1046/222/114 1051/208/114 1045/202/114
f 1055/213/115 1048/205/115 1054/211/115
f 1050/206/116 1047/203/116 1049/207/116
f 1034/192/117 1045/202/117 1033/190/117
f 1049/207/118 1037/217/118 1048/205/118
f 1039/196/21 1045/202/21 1051/208/21
f 1040/218/119 1038/194/119 1035/214/119
f 1034/219/120 1049/207/120 1047/203/120
f 1048/205/24 1042/220/24 1054/211/24
f 1052/223/121 1043/221/121 1041/216/121
f 1046/222/122 1055/213/122 1053/209/122
f 1105/190/171 1107/191/171 1106/192/171
f 1108/193/172 1110/194/172 1109/195/172
f 1111/196/173 1113/197/173 1112/198/173
f 1114/199/174 1116/200/174 1115/201/174
f 1117/202/175 1119/203/175 1118/204/175
f 1120/205/176 1122/206/176 1121/207/176
f 1123/208/177 1125/209/177 1124/223/177
f 1126/211/178 1128/212/178 1127/213/178
f 1112/198/179 1105/190/179 1111/196/179
f 1107/214/180 1108/193/180 1106/215/180
f 1109/195/181 1116/200/181 1114/199/181
f 1116/200/182 1113/216/182 1115/201/182
f 1123/208/183 1113/197/183 1111/196/183
f 1115/201/184 1126/211/184 1114/199/184
f 1128/212/185 1125/209/185 1127/213/185
f 1117/202/186 1125/209/186 1123/208/186
f 1127/213/187 1120/205/187 1126/211/187
f 1122/206/188 1119/203/188 1121/207/188
f 1105/190/189 1119/203/189 1117/202/189
f 1121/207/190 1109/217/190 1120/205/190
f 1105/190/21 1123/208/21 1111/196/21
f 1112/218/191 1110/194/191 1107/214/191
f 1106/219/192 1121/207/192 1119/203/192
f 1120/205/24 1114/220/24 1126/211/24
f 1124/223/193 1115/201/193 1113/216/193
f 1118/204/194 1127/213/194 1125/209/194
f 1177/190/81 1179/191/81 1178/192/81
f 1180/193/82 1182/194/82 1181/195/82
f 1183/196/199 1185/197/199 1184/198/199
f 1186/199/200 1188/200/200 1187/221/200
f 1189/202/77 1191/203/77 1190/222/77
f 1192/205/78 1194/206/78 1193/207/78
f 1195/208/75 1197/209/75 1196/223/75
f 1198/211/201 1200/212/201 1199/213/201
f 1184/198/90 1177/190/90 1183/196/90
f 1179/214/89 1180/193/89 1178/215/89
f 1181/195/91 1188/200/91 1186/199/91
f 1188/200/92 1185/216/92 1187/221/92
f 1196/223/93 1183/196/93 1195/208/93
f 1186/199/94 1200/212/94 1198/211/94
f 1200/212/84 1197/209/84 1199/213/84
f 1190/222/83 1195/208/83 1189/202/83
f 1198/211/85 1194/206/85 1192/205/85
f 1194/206/86 1191/203/86 1193/207/86
f 1178/192/87 1189/202/87 1177/190/87
f 1192/205/88 1180/224/88 1181/217/88
f 1177/190/21 1195/208/21 1183/196/21
f 1184/218/98 1182/194/98 1179/214/98
f 1178/219/97 1193/207/97 1191/203/97
f 1198/211/24 1181/225/24 1186/220/24
f 1196/223/96 1187/221/96 1185/216/96
f 1190/222/95 1199/213/95 1197/209/95
f 1249/190/216 1251/191/216 1250/192/216
f 1252/193/217 1254/226/217 1253/195/217
f 1255/196/151 1257/227/151 1256/228/151
f 1258/229/152 1260/200/152 1259/221/152
f 1261/230/149 1263/231/149 1262/222/149
f 1264/205/150 1266/206/150 1265/207/150
f 1267/208/147 1269/209/147 1268/210/147
f 1270/211/148 1272/232/148 1271/213/148
f 1255/196/162 1251/191/162 1249/190/162
f 1251/233/161 1252/193/161 1250/215/161
f 1254/226/163 1258/229/163 1253/195/163
f 1260/200/164 1257/234/164 1259/221/164
f 1267/208/165 1257/227/165 1255/196/165
f 1259/221/166 1270/211/166 1258/229/166
f 1272/232/156 1269/209/156 1271/213/156
f 1261/230/155 1269/209/155 1267/208/155
f 1271/213/157 1264/205/157 1270/211/157
f 1266/206/158 1263/231/158 1265/207/158
f 1249/190/159 1263/231/159 1261/230/159
f 1265/207/160 1253/217/160 1264/205/160
f 1255/196/21 1261/230/21 1267/208/21
f 1256/218/170 1254/226/170 1251/233/170
f 1250/235/169 1265/207/169 1263/231/169
f 1264/205/24 1258/220/24 1270/211/24
f 1268/210/168 1259/221/168 1257/234/168
f 1262/222/167 1271/213/167 1269/209/167
f 1631/190/29 1633/191/29 1632/441/29
f 1634/442/2 1636/443/2 1635/195/2
f 1637/196/40 1639/197/40 1638/198/40
f 1640/199/4 1642/444/4 1641/445/4
f 1643/202/49 1645/446/49 1644/447/49
f 1646/205/48 1648/448/48 1647/449/48
f 1649/208/50 1651/450/50 1650/451/50
f 1652/211/33 1654/452/33 1653/453/33
f 1638/198/9 1631/190/9 1637/196/9
f 1633/454/10 1634/442/10 1632/455/10
f 1636/443/11 1640/199/11 1635/195/11
f 1642/444/12 1639/456/12 1641/445/12
f 1650/451/13 1637/196/13 1649/208/13
f 1641/445/14 1652/211/14 1640/199/14
f 1654/452/15 1651/450/15 1653/453/15
f 1644/447/16 1649/208/16 1643/202/16
f 1653/453/17 1646/205/17 1652/211/17
f 1648/448/18 1645/446/18 1647/449/18
f 1632/441/19 1643/202/19 1631/190/19
f 1647/449/20 1635/217/20 1646/205/20
f 1631/190/21 1649/208/21 1637/196/21
f 1638/457/22 1636/443/22 1633/454/22
f 1632/458/23 1647/449/23 1645/446/23
f 1646/205/24 1640/220/24 1652/211/24
f 1650/451/25 1641/445/25 1639/456/25
f 1644/447/26 1653/453/26 1651/450/26
f 1703/190/99 1705/191/99 1704/441/99
f 1706/442/207 1708/443/207 1707/195/207
f 1709/196/381 1711/197/381 1710/198/381
f 1712/199/382 1714/444/382 1713/445/382
f 1715/202/204 1717/446/204 1716/459/204
f 1718/205/205 1720/460/205 1719/449/205
f 1721/208/383 1723/461/383 1722/451/383
f 1724/211/384 1726/452/384 1725/463/384
f 1709/196/107 1705/191/107 1703/190/107
f 1705/454/108 1706/442/108 1704/455/108
f 1708/443/109 1712/199/109 1707/195/109
f 1714/444/110 1711/456/110 1713/445/110
f 1721/208/111 1711/197/111 1709/196/111
f 1713/445/112 1724/211/112 1712/199/112
f 1726/452/113 1723/461/113 1725/463/113
f 1715/202/114 1723/461/114 1721/208/114
f 1725/463/208 1718/205/208 1724/211/208
f 1720/460/116 1717/446/116 1719/449/116
f 1703/190/117 1717/446/117 1715/202/117
f 1719/449/118 1707/217/118 1718/205/118
f 1703/190/21 1721/208/21 1709/196/21
f 1710/457/119 1708/443/119 1705/454/119
f 1704/458/120 1719/449/120 1717/446/120
f 1724/211/24 1707/225/24 1712/220/24
f 1722/451/121 1713/445/121 1711/456/121
f 1716/459/122 1725/463/122 1723/461/122
f 1775/190/171 1777/191/171 1776/441/171
f 1778/442/221 1780/443/221 1779/195/221
f 1781/196/173 1783/197/173 1782/198/173
f 1784/199/174 1786/444/174 1785/445/174
f 1787/202/175 1789/446/175 1788/447/175
f 1790/205/176 1792/448/176 1791/449/176
f 1793/208/177 1795/450/177 1794/451/177
f 1796/211/178 1798/452/178 1797/453/178
f 1782/198/179 1775/190/179 1781/196/179
f 1777/454/180 1778/442/180 1776/455/180
f 1780/443/181 1784/199/181 1779/195/181
f 1786/444/182 1783/456/182 1785/445/182
f 1794/451/183 1781/196/183 1793/208/183
f 1784/199/184 1798/452/184 1796/211/184
f 1798/452/185 1795/450/185 1797/453/185
f 1788/447/186 1793/208/186 1787/202/186
f 1796/211/187 1792/448/187 1790/205/187
f 1792/448/188 1789/446/188 1791/449/188
f 1775/190/189 1789/446/189 1787/202/189
f 1791/449/190 1779/217/190 1790/205/190
f 1775/190/21 1793/208/21 1781/196/21
f 1782/457/191 1780/443/191 1777/454/191
f 1776/458/192 1791/449/192 1789/446/192
f 1796/211/24 1779/225/24 1784/220/24
f 1794/451/193 1785/445/193 1783/456/193
f 1788/447/194 1797/453/194 1795/450/194
f 1847/190/390 1849/191/390 1848/441/390
f 1850/442/391 1852/443/391 1851/195/391
f 1853/196/199 1855/197/199 1854/198/199
f 1856/199/200 1858/444/200 1857/445/200
f 1859/202/392 1861/446/392 1860/459/392
f 1862/205/78 1864/460/78 1863/449/78
f 1865/208/393 1867/461/393 1866/462/393
f 1868/211/76 1870/452/76 1869/463/76
f 1853/196/90 1849/191/90 1847/190/90
f 1849/454/89 1850/442/89 1848/455/89
f 1852/443/91 1856/199/91 1851/195/91
f 1858/444/92 1855/456/92 1857/445/92
f 1866/462/93 1853/196/93 1865/208/93
f 1856/199/94 1870/452/94 1868/211/94
f 1870/452/84 1867/461/84 1869/463/84
f 1860/459/83 1865/208/83 1859/202/83
f 1868/211/85 1864/460/85 1862/205/85
f 1864/460/86 1861/446/86 1863/449/86
f 1848/441/87 1859/202/87 1847/190/87
f 1862/205/88 1850/464/88 1851/217/88
f 1847/190/21 1865/208/21 1853/196/21
f 1854/457/98 1852/443/98 1849/454/98
f 1848/458/97 1863/449/97 1861/446/97
f 1868/211/24 1851/225/24 1856/220/24
f 1866/462/96 1857/445/96 1855/456/96
f 1860/459/95 1869/463/95 1867/461/95
f 1919/190/216 1921/191/216 1920/192/216
f 1922/442/217 1924/465/217 1923/195/217
f 1925/196/396 1927/227/396 1926/228/396
f 1928/199/397 1930/466/397 1929/467/397
f 1931/230/398 1933/446/398 1932/468/398
f 1934/205/399 1936/460/399 1935/449/399
f 1937/208/400 1939/450/400 1938/469/400
f 1940/211/148 1942/452/148 1941/453/148
f 1925/196/162 1921/191/162 1919/190/162
f 1921/470/161 1922/442/161 1920/455/161
f 1923/195/163 1930/466/163 1928/199/163
f 1930/466/164 1927/456/164 1929/467/164
f 1937/208/165 1927/227/165 1925/196/165
f 1929/467/166 1940/211/166 1928/199/166
f 1942/452/156 1939/450/156 1941/453/156
f 1931/230/155 1939/450/155 1937/208/155
f 1941/453/157 1934/205/157 1940/211/157
f 1936/460/158 1933/446/158 1935/449/158
f 1920/192/159 1931/230/159 1919/190/159
f 1935/449/160 1923/217/160 1934/205/160
f 1925/196/21 1931/230/21 1937/208/21
f 1926/471/170 1924/465/170 1921/470/170
f 1920/458/169 1935/449/169 1933/446/169
f 1934/205/24 1928/220/24 1940/211/24
f 1938/469/168 1929/467/168 1927/456/168
f 1932/468/167 1941/453/167 1939/450/167
f 8/9/9 3/2/9 1/1/9
f 3/25/10 6/5/10 4/4/10
f 6/5/11 12/11/11 10/10/11
f 12/11/12 8/29/12 9/27/12
f 20/21/13 9/8/13 7/7/13
f 11/12/14 24/23/14 22/22/14
f 24/23/15 20/21/15 21/20/15
f 14/15/16 21/20/16 19/19/16
f 23/24/17 18/17/17 16/16/17
f 18/17/18 14/15/18 15/14/18
f 2/3/19 15/14/19 13/13/19
f 17/18/20 4/512/20 5/28/20
f 1/1/21 13/13/21 19/19/21
f 8/29/22 12/11/22 6/5/22
f 2/30/23 4/512/23 17/18/23
f 16/16/24 5/513/24 10/31/24
f 20/21/25 24/23/25 11/12/25
f 14/15/26 18/17/26 23/24/26
f 32/9/9 27/2/9 25/1/9
f 27/25/10 30/5/10 28/4/10
f 30/5/11 36/11/11 34/10/11
f 36/11/12 32/29/12 33/27/12
f 44/21/13 33/8/13 31/7/13
f 35/32/14 48/23/14 46/22/14
f 48/23/15 44/21/15 45/35/15
f 38/33/16 45/35/16 43/19/16
f 47/36/17 42/34/17 40/16/17
f 42/34/18 38/33/18 39/14/18
f 26/3/19 39/14/19 37/13/19
f 41/18/20 28/512/20 29/28/20
f 25/1/21 37/13/21 43/19/21
f 32/29/22 36/11/22 30/5/22
f 26/30/23 28/512/23 41/18/23
f 40/16/24 29/513/24 34/31/24
f 44/21/25 48/23/25 35/32/25
f 38/33/26 42/34/26 47/36/26
f 56/9/9 51/2/9 49/1/9
f 51/25/10 54/5/10 52/4/10
f 54/5/11 60/11/11 58/10/11
f 60/11/12 56/29/12 57/27/12
f 68/21/13 57/8/13 55/7/13
f 59/12/14 72/23/14 70/22/14
f 72/23/15 68/21/15 69/20/15
f 62/15/16 69/20/16 67/19/16
f 71/24/17 66/17/17 64/16/17
f 66/17/18 62/15/18 63/14/18
f 50/3/19 63/14/19 61/13/19
f 65/18/20 52/512/20 53/28/20
f 49/1/21 61/13/21 67/19/21
f 56/29/22 60/11/22 54/5/22
f 50/30/23 52/512/23 65/18/23
f 64/16/24 53/513/24 58/31/24
f 68/21/25 72/23/25 59/12/25
f 62/15/26 66/17/26 71/24/26
f 80/9/9 75/2/9 73/1/9
f 75/25/10 78/5/10 76/4/10
f 78/5/11 84/11/11 82/10/11
f 84/11/12 80/29/12 81/27/12
f 92/21/13 81/8/13 79/7/13
f 83/32/14 96/23/14 94/22/14
f 96/23/15 92/21/15 93/35/15
f 86/33/16 93/35/16 91/19/16
f 95/36/17 90/34/17 88/16/17
f 90/34/18 86/33/18 87/14/18
f 74/3/19 87/14/19 85/13/19
f 89/18/20 76/512/20 77/28/20
f 73/1/21 85/13/21 91/19/21
f 80/29/22 84/11/22 78/5/22
f 74/30/23 76/512/23 89/18/23
f 88/16/24 77/513/24 82/31/24
f 92/21/25 96/23/25 83/32/25
f 86/33/26 90/34/26 95/36/26
f 152/9/9 147/2/9 145/1/9
f 147/25/10 150/5/10 148/4/10
f 150/5/11 156/11/11 154/10/11
f 156/11/12 152/29/12 153/27/12
f 164/21/13 153/8/13 151/7/13
f 155/12/14 168/23/14 166/22/14
f 168/23/15 164/21/15 165/20/15
f 158/15/16 165/20/16 163/19/16
f 167/24/17 162/17/17 160/16/17
f 162/17/18 158/15/18 159/14/18
f 146/3/19 159/14/19 157/13/19
f 161/18/20 148/512/20 149/28/20
f 145/1/21 157/13/21 163/19/21
f 152/29/22 156/11/22 150/5/22
f 146/30/23 148/512/23 161/18/23
f 160/16/24 149/513/24 154/31/24
f 164/21/25 168/23/25 155/12/25
f 158/15/26 162/17/26 167/24/26
f 176/9/9 171/2/9 169/1/9
f 171/25/10 174/5/10 172/4/10
f 174/5/11 180/11/11 178/10/11
f 180/11/12 176/29/12 177/27/12
f 188/21/13 177/8/13 175/7/13
f 179/32/14 192/23/14 190/22/14
f 192/23/15 188/21/15 189/35/15
f 182/33/16 189/35/16 187/19/16
f 191/36/17 186/34/17 184/16/17
f 186/34/18 182/33/18 183/14/18
f 170/3/19 183/14/19 181/13/19
f 185/18/20 172/512/20 173/28/20
f 169/1/21 181/13/21 187/19/21
f 176/29/22 180/11/22 174/5/22
f 170/30/23 172/512/23 185/18/23
f 184/16/24 173/513/24 178/31/24
f 188/21/25 192/23/25 179/32/25
f 182/33/26 186/34/26 191/36/26
f 200/9/9 195/2/9 193/1/9
f 195/25/10 198/5/10 196/4/10
f 198/5/11 204/11/11 202/10/11
f 204/11/12 200/29/12 201/27/12
f 212/21/13 201/8/13 199/7/13
f 203/12/14 216/23/14 214/22/14
f 216/23/15 212/21/15 213/20/15
f 206/15/16 213/20/16 211/19/16
f 215/24/17 210/17/17 208/16/17
f 210/17/18 206/15/18 207/14/18
f 194/3/19 207/14/19 205/13/19
f 209/18/20 196/512/20 197/28/20
f 193/1/21 205/13/21 211/19/21
f 200/29/22 204/11/22 198/5/22
f 194/30/23 196/512/23 209/18/23
f 208/16/24 197/513/24 202/31/24
f 212/21/25 216/23/25 203/12/25
f 206/15/26 210/17/26 215/24/26
f 224/9/9 219/2/9 217/1/9
f 219/25/10 222/5/10 220/4/10
f 222/5/11 228/11/11 226/10/11
f 228/11/12 224/29/12 225/27/12
f 236/21/13 225/8/13 223/7/13
f 227/32/14 240/23/14 238/22/14
f 240/23/15 236/21/15 237/35/15
f 230/33/16 237/35/16 235/19/16
f 239/36/17 234/34/17 232/16/17
f 234/34/18 230/33/18 231/14/18
f 218/3/19 231/14/19 229/13/19
f 233/18/20 220/512/20 221/28/20
f 217/1/21 229/13/21 235/19/21
f 224/29/22 228/11/22 222/5/22
f 218/30/23 220/512/23 233/18/23
f 232/16/24 221/513/24 226/31/24
f 236/21/25 240/23/25 227/32/25
f 230/33/26 234/34/26 239/36/26
f 296/79/9 291/73/9 289/72/9
f 291/95/10 294/75/10 292/4/10
f 294/75/11 300/81/11 298/80/11
f 300/81/12 296/98/12 297/96/12
f 308/91/13 297/78/13 295/77/13
f 299/82/14 312/93/14 310/92/14
f 312/93/15 308/91/15 309/90/15
f 302/85/16 309/90/16 307/89/16
f 311/94/17 306/87/17 304/86/17
f 306/87/18 302/85/18 303/84/18
f 290/74/19 303/84/19 301/83/19
f 305/88/20 292/516/20 293/97/20
f 289/72/21 301/83/21 307/89/21
f 296/98/22 300/81/22 294/75/22
f 290/99/23 292/516/23 305/88/23
f 304/86/24 293/517/24 298/100/24
f 308/91/25 312/93/25 299/82/25
f 302/85/26 306/87/26 311/94/26
f 320/79/9 315/73/9 313/72/9
f 315/95/10 318/75/10 316/4/10
f 318/75/11 324/81/11 322/80/11
f 324/81/12 320/98/12 321/96/12
f 332/104/13 321/78/13 319/77/13
f 323/101/14 336/93/14 334/92/14
f 336/93/15 332/104/15 333/103/15
f 326/85/16 333/103/16 331/89/16
f 335/105/17 330/87/17 328/102/17
f 330/87/18 326/85/18 327/84/18
f 314/74/19 327/84/19 325/83/19
f 329/88/20 316/516/20 317/97/20
f 313/72/21 325/83/21 331/89/21
f 320/98/22 324/81/22 318/75/22
f 314/99/23 316/516/23 329/88/23
f 328/102/24 317/517/24 322/100/24
f 332/104/25 336/93/25 323/101/25
f 326/85/26 330/87/26 335/105/26
f 344/79/9 339/73/9 337/72/9
f 339/95/10 342/75/10 340/4/10
f 342/75/11 348/81/11 346/80/11
f 348/81/12 344/98/12 345/96/12
f 356/104/13 345/78/13 343/77/13
f 347/82/14 360/93/14 358/92/14
f 360/93/15 356/104/15 357/90/15
f 350/85/16 357/90/16 355/89/16
f 359/94/17 354/87/17 352/86/17
f 354/87/18 350/85/18 351/84/18
f 338/74/19 351/84/19 349/83/19
f 353/88/20 340/516/20 341/97/20
f 337/72/21 349/83/21 355/89/21
f 344/98/22 348/81/22 342/75/22
f 338/99/23 340/516/23 353/88/23
f 352/86/24 341/517/24 346/100/24
f 356/104/25 360/93/25 347/82/25
f 350/85/26 354/87/26 359/94/26
f 368/79/9 363/73/9 361/72/9
f 363/95/10 366/75/10 364/4/10
f 366/75/11 372/81/11 370/80/11
f 372/81/12 368/98/12 369/96/12
f 380/91/13 369/78/13 367/77/13
f 371/101/14 384/93/14 382/92/14
f 384/93/15 380/91/15 381/103/15
f 374/85/16 381/103/16 379/89/16
f 383/105/17 378/87/17 376/102/17
f 378/87/18 374/85/18 375/84/18
f 362/74/19 375/84/19 373/83/19
f 377/88/20 364/516/20 365/97/20
f 361/72/21 373/83/21 379/89/21
f 368/98/22 372/81/22 366/75/22
f 362/99/23 364/516/23 377/88/23
f 376/102/24 365/517/24 370/100/24
f 380/91/25 384/93/25 371/101/25
f 374/85/26 378/87/26 383/105/26
f 392/79/9 387/73/9 385/72/9
f 387/95/10 390/75/10 388/4/10
f 390/75/11 396/81/11 394/80/11
f 396/81/12 392/98/12 393/96/12
f 404/104/13 393/78/13 391/77/13
f 395/82/14 408/93/14 406/92/14
f 408/93/15 404/104/15 405/90/15
f 398/85/16 405/90/16 403/89/16
f 407/94/17 402/87/17 400/86/17
f 402/87/18 398/85/18 399/84/18
f 386/74/19 399/84/19 397/83/19
f 401/88/20 388/516/20 389/97/20
f 385/72/21 397/83/21 403/89/21
f 392/98/22 396/81/22 390/75/22
f 386/99/23 388/516/23 401/88/23
f 400/86/24 389/517/24 394/100/24
f 404/104/25 408/93/25 395/82/25
f 398/85/26 402/87/26 407/94/26
f 416/79/9 411/73/9 409/72/9
f 411/95/10 414/75/10 412/4/10
f 414/75/11 420/81/11 418/80/11
f 420/81/12 416/98/12 417/96/12
f 428/91/13 417/78/13 415/77/13
f 419/101/14 432/93/14 430/92/14
f 432/93/15 428/91/15 429/103/15
f 422/85/16 429/103/16 427/89/16
f 431/105/17 426/87/17 424/102/17
f 426/87/18 422/85/18 423/84/18
f 410/74/19 423/84/19 421/83/19
f 425/88/20 412/516/20 413/97/20
f 409/72/21 421/83/21 427/89/21
f 416/98/22 420/81/22 414/75/22
f 410/99/23 412/516/23 425/88/23
f 424/102/24 413/517/24 418/100/24
f 428/91/25 432/93/25 419/101/25
f 422/85/26 426/87/26 431/105/26
f 440/79/9 435/73/9 433/72/9
f 435/95/10 438/75/10 436/4/10
f 438/75/11 444/81/11 442/80/11
f 444/81/12 440/98/12 441/96/12
f 452/91/13 441/78/13 439/77/13
f 443/82/14 456/93/14 454/92/14
f 456/93/15 452/91/15 453/90/15
f 446/85/16 453/90/16 451/89/16
f 455/94/17 450/87/17 448/86/17
f 450/87/18 446/85/18 447/84/18
f 434/74/19 447/84/19 445/83/19
f 449/88/20 436/516/20 437/97/20
f 433/72/21 445/83/21 451/89/21
f 440/98/22 444/81/22 438/75/22
f 434/99/23 436/516/23 449/88/23
f 448/86/24 437/517/24 442/100/24
f 452/91/25 456/93/25 443/82/25
f 446/85/26 450/87/26 455/94/26
f 464/79/9 459/73/9 457/72/9
f 459/95/10 462/75/10 460/4/10
f 462/75/11 468/81/11 466/80/11
f 468/81/12 464/98/12 465/96/12
f 476/104/13 465/78/13 463/77/13
f 467/101/14 480/93/14 478/92/14
f 480/93/15 476/104/15 477/103/15
f 470/85/16 477/103/16 475/89/16
f 479/105/17 474/87/17 472/102/17
f 474/87/18 470/85/18 471/84/18
f 458/74/19 471/84/19 469/83/19
f 473/88/20 460/516/20 461/97/20
f 457/72/21 469/83/21 475/89/21
f 464/98/22 468/81/22 462/75/22
f 458/99/23 460/516/23 473/88/23
f 472/102/24 461/517/24 466/100/24
f 476/104/25 480/93/25 467/101/25
f 470/85/26 474/87/26 479/105/26
f 488/113/9 483/107/9 481/106/9
f 483/129/10 486/110/10 484/109/10
f 486/110/11 492/115/11 490/114/11
f 492/115/12 488/132/12 489/131/12
f 500/125/13 489/8/13 487/112/13
f 491/116/14 504/127/14 502/126/14
f 504/127/15 500/125/15 501/124/15
f 494/119/16 501/124/16 499/123/16
f 503/128/17 498/121/17 496/120/17
f 498/121/18 494/119/18 495/118/18
f 482/108/19 495/118/19 493/117/19
f 497/122/20 484/518/20 485/28/20
f 481/106/21 493/117/21 499/123/21
f 488/132/22 492/115/22 486/110/22
f 482/133/23 484/518/23 497/122/23
f 496/120/24 485/519/24 490/134/24
f 500/125/25 504/127/25 491/116/25
f 494/119/26 498/121/26 503/128/26
f 512/113/9 507/107/9 505/106/9
f 507/129/10 510/110/10 508/109/10
f 510/110/11 516/115/11 514/114/11
f 516/115/12 512/132/12 513/131/12
f 524/125/13 513/8/13 511/112/13
f 515/135/14 528/127/14 526/126/14
f 528/127/15 524/125/15 525/124/15
f 518/119/16 525/124/16 523/123/16
f 527/136/17 522/121/17 520/120/17
f 522/121/18 518/119/18 519/118/18
f 506/108/19 519/118/19 517/117/19
f 521/122/20 508/518/20 509/28/20
f 505/106/21 517/117/21 523/123/21
f 512/132/22 516/115/22 510/110/22
f 506/133/23 508/518/23 521/122/23
f 520/120/24 509/519/24 514/134/24
f 524/125/25 528/127/25 515/135/25
f 518/119/26 522/121/26 527/136/26
f 536/113/9 531/107/9 529/106/9
f 531/129/10 534/110/10 532/109/10
f 534/110/11 540/115/11 538/114/11
f 540/115/12 536/132/12 537/131/12
f 548/137/13 537/8/13 535/112/13
f 539/116/14 552/127/14 550/126/14
f 552/127/15 548/137/15 549/124/15
f 542/119/16 549/124/16 547/123/16
f 551/128/17 546/121/17 544/120/17
f 546/121/18 542/119/18 543/118/18
f 530/108/19 543/118/19 541/117/19
f 545/122/20 532/518/20 533/28/20
f 529/106/21 541/117/21 547/123/21
f 536/132/22 540/115/22 534/110/22
f 530/133/23 532/518/23 545/122/23
f 544/120/24 533/519/24 538/134/24
f 548/137/25 552/127/25 539/116/25
f 542/119/26 546/121/26 551/128/26
f 560/113/9 555/107/9 553/106/9
f 555/129/10 558/110/10 556/109/10
f 558/110/11 564/115/11 562/114/11
f 564/115/12 560/132/12 561/131/12
f 572/125/13 561/8/13 559/112/13
f 563/135/14 576/127/14 574/126/14
f 576/127/15 572/125/15 573/124/15
f 566/119/16 573/124/16 571/123/16
f 575/136/17 570/121/17 568/120/17
f 570/121/18 566/119/18 567/118/18
f 554/108/19 567/118/19 565/117/19
f 569/122/20 556/518/20 557/28/20
f 553/106/21 565/117/21 571/123/21
f 560/132/22 564/115/22 558/110/22
f 554/133/23 556/518/23 569/122/23
f 568/120/24 557/519/24 562/134/24
f 572/125/25 576/127/25 563/135/25
f 566/119/26 570/121/26 575/136/26
f 632/113/9 627/107/9 625/106/9
f 627/129/10 630/110/10 628/109/10
f 630/110/11 636/115/11 634/114/11
f 636/115/12 632/132/12 633/131/12
f 644/125/13 633/8/13 631/112/13
f 635/116/14 648/127/14 646/126/14
f 648/127/15 644/125/15 645/124/15
f 638/119/16 645/124/16 643/123/16
f 647/128/17 642/121/17 640/120/17
f 642/121/18 638/119/18 639/118/18
f 626/108/19 639/118/19 637/117/19
f 641/122/20 628/518/20 629/28/20
f 625/106/21 637/117/21 643/123/21
f 632/132/22 636/115/22 630/110/22
f 626/133/23 628/518/23 641/122/23
f 640/120/24 629/519/24 634/134/24
f 644/125/25 648/127/25 635/116/25
f 638/119/26 642/121/26 647/128/26
f 656/113/9 651/107/9 649/106/9
f 651/129/10 654/110/10 652/109/10
f 654/110/11 660/115/11 658/114/11
f 660/115/12 656/132/12 657/131/12
f 668/137/13 657/8/13 655/112/13
f 659/135/14 672/127/14 670/126/14
f 672/127/15 668/137/15 669/124/15
f 662/119/16 669/124/16 667/123/16
f 671/136/17 666/121/17 664/120/17
f 666/121/18 662/119/18 663/118/18
f 650/108/19 663/118/19 661/117/19
f 665/122/20 652/518/20 653/28/20
f 649/106/21 661/117/21 667/123/21
f 656/132/22 660/115/22 654/110/22
f 650/133/23 652/518/23 665/122/23
f 664/120/24 653/519/24 658/134/24
f 668/137/25 672/127/25 659/135/25
f 662/119/26 666/121/26 671/136/26
f 680/113/9 675/107/9 673/106/9
f 675/129/10 678/110/10 676/109/10
f 678/110/11 684/115/11 682/114/11
f 684/115/12 680/132/12 681/131/12
f 692/137/13 681/8/13 679/112/13
f 683/116/14 696/127/14 694/126/14
f 696/127/15 692/137/15 693/124/15
f 686/119/16 693/124/16 691/123/16
f 695/128/17 690/121/17 688/120/17
f 690/121/18 686/119/18 687/118/18
f 674/108/19 687/118/19 685/117/19
f 689/122/20 676/518/20 677/28/20
f 673/106/21 685/117/21 691/123/21
f 680/132/22 684/115/22 678/110/22
f 674/133/23 676/518/23 689/122/23
f 688/120/24 677/519/24 682/134/24
f 692/137/25 696/127/25 683/116/25
f 686/119/26 690/121/26 695/128/26
f 704/113/9 699/107/9 697/106/9
f 699/129/10 702/110/10 700/109/10
f 702/110/11 708/115/11 706/114/11
f 708/115/12 704/132/12 705/131/12
f 716/125/13 705/8/13 703/112/13
f 707/135/14 720/127/14 718/126/14
f 720/127/15 716/125/15 717/124/15
f 710/119/16 717/124/16 715/123/16
f 719/136/17 714/121/17 712/120/17
f 714/121/18 710/119/18 711/118/18
f 698/108/19 711/118/19 709/117/19
f 713/122/20 700/518/20 701/28/20
f 697/106/21 709/117/21 715/123/21
f 704/132/22 708/115/22 702/110/22
f 698/133/23 700/518/23 713/122/23
f 712/120/24 701/519/24 706/134/24
f 716/125/25 720/127/25 707/135/25
f 710/119/26 714/121/26 719/136/26
f 776/79/9 771/73/9 769/160/9
f 771/180/10 774/162/10 772/109/10
f 774/162/11 780/166/11 778/165/11
f 780/166/12 776/184/12 777/182/12
f 788/176/13 777/164/13 775/163/13
f 779/167/14 792/178/14 790/177/14
f 792/178/15 788/176/15 789/175/15
f 782/170/16 789/175/16 787/174/16
f 791/179/17 786/172/17 784/171/17
f 786/172/18 782/170/18 783/169/18
f 770/161/19 783/169/19 781/168/19
f 785/173/20 772/521/20 773/183/20
f 769/160/21 781/168/21 787/174/21
f 776/184/22 780/166/22 774/162/22
f 770/185/23 772/521/23 785/173/23
f 784/171/24 773/522/24 778/186/24
f 788/176/25 792/178/25 779/167/25
f 782/170/26 786/172/26 791/179/26
f 800/79/9 795/73/9 793/160/9
f 795/180/10 798/162/10 796/109/10
f 798/162/11 804/166/11 802/165/11
f 804/166/12 800/184/12 801/182/12
f 812/176/13 801/164/13 799/163/13
f 803/187/14 816/178/14 814/177/14
f 816/178/15 812/176/15 813/175/15
f 806/188/16 813/175/16 811/174/16
f 815/189/17 810/172/17 808/171/17
f 810/172/18 806/188/18 807/169/18
f 794/161/19 807/169/19 805/168/19
f 809/173/20 796/521/20 797/183/20
f 793/160/21 805/168/21 811/174/21
f 800/184/22 804/166/22 798/162/22
f 794/185/23 796/521/23 809/173/23
f 808/171/24 797/522/24 802/186/24
f 812/176/25 816/178/25 803/187/25
f 806/188/26 810/172/26 815/189/26
f 824/79/9 819/73/9 817/160/9
f 819/180/10 822/162/10 820/109/10
f 822/162/11 828/166/11 826/165/11
f 828/166/12 824/184/12 825/182/12
f 836/176/13 825/164/13 823/163/13
f 827/167/14 840/178/14 838/177/14
f 840/178/15 836/176/15 837/175/15
f 830/170/16 837/175/16 835/174/16
f 839/179/17 834/172/17 832/171/17
f 834/172/18 830/170/18 831/169/18
f 818/161/19 831/169/19 829/168/19
f 833/173/20 820/521/20 821/183/20
f 817/160/21 829/168/21 835/174/21
f 824/184/22 828/166/22 822/162/22
f 818/185/23 820/521/23 833/173/23
f 832/171/24 821/522/24 826/186/24
f 836/176/25 840/178/25 827/167/25
f 830/170/26 834/172/26 839/179/26
f 848/79/9 843/73/9 841/160/9
f 843/180/10 846/162/10 844/109/10
f 846/162/11 852/166/11 850/165/11
f 852/166/12 848/184/12 849/182/12
f 860/176/13 849/164/13 847/163/13
f 851/187/14 864/178/14 862/177/14
f 864/178/15 860/176/15 861/175/15
f 854/188/16 861/175/16 859/174/16
f 863/189/17 858/172/17 856/171/17
f 858/172/18 854/188/18 855/169/18
f 842/161/19 855/169/19 853/168/19
f 857/173/20 844/521/20 845/183/20
f 841/160/21 853/168/21 859/174/21
f 848/184/22 852/166/22 846/162/22
f 842/185/23 844/521/23 857/173/23
f 856/171/24 845/522/24 850/186/24
f 860/176/25 864/178/25 851/187/25
f 854/188/26 858/172/26 863/189/26
f 872/79/9 867/73/9 865/160/9
f 867/180/10 870/162/10 868/109/10
f 870/162/11 876/166/11 874/165/11
f 876/166/12 872/184/12 873/182/12
f 884/176/13 873/164/13 871/163/13
f 875/167/14 888/178/14 886/177/14
f 888/178/15 884/176/15 885/175/15
f 878/170/16 885/175/16 883/174/16
f 887/179/17 882/172/17 880/171/17
f 882/172/18 878/170/18 879/169/18
f 866/161/19 879/169/19 877/168/19
f 881/173/20 868/521/20 869/183/20
f 865/160/21 877/168/21 883/174/21
f 872/184/22 876/166/22 870/162/22
f 866/185/23 868/521/23 881/173/23
f 880/171/24 869/522/24 874/186/24
f 884/176/25 888/178/25 875/167/25
f 878/170/26 882/172/26 887/179/26
f 896/79/9 891/73/9 889/160/9
f 891/180/10 894/162/10 892/109/10
f 894/162/11 900/166/11 898/165/11
f 900/166/12 896/184/12 897/182/12
f 908/176/13 897/164/13 895/163/13
f 899/187/14 912/178/14 910/177/14
f 912/178/15 908/176/15 909/175/15
f 902/188/16 909/175/16 907/174/16
f 911/189/17 906/172/17 904/171/17
f 906/172/18 902/188/18 903/169/18
f 890/161/19 903/169/19 901/168/19
f 905/173/20 892/521/20 893/183/20
f 889/160/21 901/168/21 907/174/21
f 896/184/22 900/166/22 894/162/22
f 890/185/23 892/521/23 905/173/23
f 904/171/24 893/522/24 898/186/24
f 908/176/25 912/178/25 899/187/25
f 902/188/26 906/172/26 911/189/26
f 920/79/9 915/73/9 913/160/9
f 915/180/10 918/162/10 916/109/10
f 918/162/11 924/166/11 922/165/11
f 924/166/12 920/184/12 921/182/12
f 932/176/13 921/164/13 919/163/13
f 923/167/14 936/178/14 934/177/14
f 936/178/15 932/176/15 933/175/15
f 926/170/16 933/175/16 931/174/16
f 935/179/17 930/172/17 928/171/17
f 930/172/18 926/170/18 927/169/18
f 914/161/19 927/169/19 925/168/19
f 929/173/20 916/521/20 917/183/20
f 913/160/21 925/168/21 931/174/21
f 920/184/22 924/166/22 918/162/22
f 914/185/23 916/521/23 929/173/23
f 928/171/24 917/522/24 922/186/24
f 932/176/25 936/178/25 923/167/25
f 926/170/26 930/172/26 935/179/26
f 944/79/9 939/73/9 937/160/9
f 939/180/10 942/162/10 940/109/10
f 942/162/11 948/166/11 946/165/11
f 948/166/12 944/184/12 945/182/12
f 956/176/13 945/164/13 943/163/13
f 947/187/14 960/178/14 958/177/14
f 960/178/15 956/176/15 957/175/15
f 950/188/16 957/175/16 955/174/16
f 959/189/17 954/172/17 952/171/17
f 954/172/18 950/188/18 951/169/18
f 938/161/19 951/169/19 949/168/19
f 953/173/20 940/521/20 941/183/20
f 937/160/21 949/168/21 955/174/21
f 944/184/22 948/166/22 942/162/22
f 938/185/23 940/521/23 953/173/23
f 952/171/24 941/522/24 946/186/24
f 956/176/25 960/178/25 947/187/25
f 950/188/26 954/172/26 959/189/26
f 968/198/9 963/191/9 961/190/9
f 963/214/10 966/194/10 964/193/10
f 966/194/11 972/200/11 970/199/11
f 972/200/12 968/218/12 969/216/12
f 980/210/13 969/197/13 967/196/13
f 971/201/14 984/212/14 982/211/14
f 984/212/15 980/210/15 981/209/15
f 974/204/16 981/209/16 979/208/16
f 983/213/17 978/206/17 976/205/17
f 978/206/18 974/204/18 975/203/18
f 962/192/19 975/203/19 973/202/19
f 977/207/20 964/224/20 965/217/20
f 961/190/21 973/202/21 979/208/21
f 968/218/22 972/200/22 966/194/22
f 962/219/23 964/224/23 977/207/23
f 976/205/24 965/225/24 970/220/24
f 980/210/25 984/212/25 971/201/25
f 974/204/26 978/206/26 983/213/26
f 1039/196/107 1040/198/107 1035/191/107
f 1035/214/108 1038/194/108 1036/193/108
f 1038/194/109 1044/200/109 1042/199/109
f 1044/200/110 1040/218/110 1041/216/110
f 1051/208/111 1052/223/111 1041/197/111
f 1043/221/112 1056/212/112 1054/211/112
f 1056/212/113 1052/223/113 1053/209/113
f 1046/222/114 1053/209/114 1051/208/114
f 1055/213/208 1050/206/208 1048/205/208
f 1050/206/116 1046/222/116 1047/203/116
f 1034/192/117 1047/203/117 1045/202/117
f 1049/207/118 1036/224/118 1037/217/118
f 1039/196/21 1033/190/21 1045/202/21
f 1040/218/119 1044/200/119 1038/194/119
f 1034/219/120 1036/224/120 1049/207/120
f 1048/205/24 1037/225/24 1042/220/24
f 1052/223/121 1056/212/121 1043/221/121
f 1046/222/122 1050/206/122 1055/213/122
f 1112/198/179 1107/191/179 1105/190/179
f 1107/214/180 1110/194/180 1108/193/180
f 1109/195/181 1110/194/181 1116/200/181
f 1116/200/182 1112/218/182 1113/216/182
f 1123/208/183 1124/223/183 1113/197/183
f 1115/201/184 1128/212/184 1126/211/184
f 1128/212/185 1124/223/185 1125/209/185
f 1117/202/186 1118/204/186 1125/209/186
f 1127/213/187 1122/206/187 1120/205/187
f 1122/206/188 1118/204/188 1119/203/188
f 1105/190/189 1106/192/189 1119/203/189
f 1121/207/190 1108/224/190 1109/217/190
f 1105/190/21 1117/202/21 1123/208/21
f 1112/218/191 1116/200/191 1110/194/191
f 1106/219/192 1108/224/192 1121/207/192
f 1120/205/24 1109/225/24 1114/220/24
f 1124/223/193 1128/212/193 1115/201/193
f 1118/204/194 1122/206/194 1127/213/194
f 1184/198/90 1179/191/90 1177/190/90
f 1179/214/89 1182/194/89 1180/193/89
f 1181/195/91 1182/194/91 1188/200/91
f 1188/200/92 1184/218/92 1185/216/92
f 1196/223/93 1185/197/93 1183/196/93
f 1186/199/94 1187/221/94 1200/212/94
f 1200/212/84 1196/223/84 1197/209/84
f 1190/222/83 1197/209/83 1195/208/83
f 1198/211/85 1199/213/85 1194/206/85
f 1194/206/86 1190/222/86 1191/203/86
f 1178/192/87 1191/203/87 1189/202/87
f 1192/205/88 1193/207/88 1180/224/88
f 1177/190/21 1189/202/21 1195/208/21
f 1184/218/98 1188/200/98 1182/194/98
f 1178/219/97 1180/224/97 1193/207/97
f 1198/211/24 1192/205/24 1181/225/24
f 1196/223/96 1200/212/96 1187/221/96
f 1190/222/95 1194/206/95 1199/213/95
f 1255/196/162 1256/228/162 1251/191/162
f 1251/233/161 1254/226/161 1252/193/161
f 1254/226/163 1260/200/163 1258/229/163
f 1260/200/164 1256/218/164 1257/234/164
f 1267/208/165 1268/210/165 1257/227/165
f 1259/221/166 1272/232/166 1270/211/166
f 1272/232/156 1268/210/156 1269/209/156
f 1261/230/155 1262/222/155 1269/209/155
f 1271/213/157 1266/206/157 1264/205/157
f 1266/206/158 1262/222/158 1263/231/158
f 1249/190/159 1250/192/159 1263/231/159
f 1265/207/160 1252/224/160 1253/217/160
f 1255/196/21 1249/190/21 1261/230/21
f 1256/218/170 1260/200/170 1254/226/170
f 1250/235/169 1252/224/169 1265/207/169
f 1264/205/24 1253/523/24 1258/220/24
f 1268/210/168 1272/232/168 1259/221/168
f 1262/222/167 1266/206/167 1271/213/167
f 1638/198/9 1633/191/9 1631/190/9
f 1633/454/10 1636/443/10 1634/442/10
f 1636/443/11 1642/444/11 1640/199/11
f 1642/444/12 1638/457/12 1639/456/12
f 1650/451/13 1639/197/13 1637/196/13
f 1641/445/14 1654/452/14 1652/211/14
f 1654/452/15 1650/451/15 1651/450/15
f 1644/447/16 1651/450/16 1649/208/16
f 1653/453/17 1648/448/17 1646/205/17
f 1648/448/18 1644/447/18 1645/446/18
f 1632/441/19 1645/446/19 1643/202/19
f 1647/449/20 1634/464/20 1635/217/20
f 1631/190/21 1643/202/21 1649/208/21
f 1638/457/22 1642/444/22 1636/443/22
f 1632/458/23 1634/464/23 1647/449/23
f 1646/205/24 1635/225/24 1640/220/24
f 1650/451/25 1654/452/25 1641/445/25
f 1644/447/26 1648/448/26 1653/453/26
f 1709/196/107 1710/198/107 1705/191/107
f 1705/454/108 1708/443/108 1706/442/108
f 1708/443/109 1714/444/109 1712/199/109
f 1714/444/110 1710/457/110 1711/456/110
f 1721/208/111 1722/451/111 1711/197/111
f 1713/445/112 1726/452/112 1724/211/112
f 1726/452/113 1722/451/113 1723/461/113
f 1715/202/114 1716/459/114 1723/461/114
f 1725/463/208 1720/460/208 1718/205/208
f 1720/460/116 1716/459/116 1717/446/116
f 1703/190/117 1704/441/117 1717/446/117
f 1719/449/118 1706/464/118 1707/217/118
f 1703/190/21 1715/202/21 1721/208/21
f 1710/457/119 1714/444/119 1708/443/119
f 1704/458/120 1706/464/120 1719/449/120
f 1724/211/24 1718/205/24 1707/225/24
f 1722/451/121 1726/452/121 1713/445/121
f 1716/459/122 1720/460/122 1725/463/122
f 1782/198/179 1777/191/179 1775/190/179
f 1777/454/180 1780/443/180 1778/442/180
f 1780/443/181 1786/444/181 1784/199/181
f 1786/444/182 1782/457/182 1783/456/182
f 1794/451/183 1783/197/183 1781/196/183
f 1784/199/184 1785/445/184 1798/452/184
f 1798/452/185 1794/451/185 1795/450/185
f 1788/447/186 1795/450/186 1793/208/186
f 1796/211/187 1797/453/187 1792/448/187
f 1792/448/188 1788/447/188 1789/446/188
f 1775/190/189 1776/441/189 1789/446/189
f 1791/449/190 1778/464/190 1779/217/190
f 1775/190/21 1787/202/21 1793/208/21
f 1782/457/191 1786/444/191 1780/443/191
f 1776/458/192 1778/464/192 1791/449/192
f 1796/211/24 1790/205/24 1779/225/24
f 1794/451/193 1798/452/193 1785/445/193
f 1788/447/194 1792/448/194 1797/453/194
f 1853/196/90 1854/198/90 1849/191/90
f 1849/454/89 1852/443/89 1850/442/89
f 1852/443/91 1858/444/91 1856/199/91
f 1858/444/92 1854/457/92 1855/456/92
f 1866/462/93 1855/197/93 1853/196/93
f 1856/199/94 1857/445/94 1870/452/94
f 1870/452/84 1866/462/84 1867/461/84
f 1860/459/83 1867/461/83 1865/208/83
f 1868/211/85 1869/463/85 1864/460/85
f 1864/460/86 1860/459/86 1861/446/86
f 1848/441/87 1861/446/87 1859/202/87
f 1862/205/88 1863/449/88 1850/464/88
f 1847/190/21 1859/202/21 1865/208/21
f 1854/457/98 1858/444/98 1852/443/98
f 1848/458/97 1850/464/97 1863/449/97
f 1868/211/24 1862/205/24 1851/225/24
f 1866/462/96 1870/452/96 1857/445/96
f 1860/459/95 1864/460/95 1869/463/95
f 1925/196/162 1926/228/162 1921/191/162
f 1921/470/161 1924/465/161 1922/442/161
f 1923/195/163 1924/465/163 1930/466/163
f 1930/466/164 1926/471/164 1927/456/164
f 1937/208/165 1938/469/165 1927/227/165
f 1929/467/166 1942/452/166 1940/211/166
f 1942/452/156 1938/469/156 1939/450/156
f 1931/230/155 1932/468/155 1939/450/155
f 1941/453/157 1936/460/157 1934/205/157
f 1936/460/158 1932/468/158 1933/446/158
f 1920/192/159 1933/446/159 1931/230/159
f 1935/449/160 1922/530/160 1923/217/160
f 1925/196/21 1919/190/21 1931/230/21
f 1926/471/170 1930/466/170 1924/465/170
f 1920/458/169 1922/530/169 1935/449/169
f 1934/205/24 1923/523/24 1928/220/24
f 1938/469/168 1942/452/168 1929/467/168
f 1932/468/167 1936/460/167 1941/453/167
usemtl TealPaint
f 97/37/34 99/38/34 98/39/34
f 100/40/31 102/41/31 101/42/31
f 103/43/35 105/44/35 104/45/35
f 106/46/36 108/47/36 107/48/36
f 109/49/37 111/50/37 110/51/37
f 112/52/32 114/53/32 113/54/32
f 115/55/38 117/56/38 116/57/38
f 118/58/39 120/59/39 119/60/39
f 104/45/9 97/37/9 103/43/9
f 99/61/10 100/40/10 98/62/10
f 102/41/11 106/46/11 101/42/11
f 108/47/12 105/63/12 107/48/12
f 116/57/13 103/43/13 115/55/13
f 107/48/14 118/58/14 106/46/14
f 120/59/15 117/56/15 119/60/15
f 110/51/16 115/55/16 109/49/16
f 119/60/17 112/52/17 118/58/17
f 114/53/18 111/50/18 113/54/18
f 98/39/19 109/49/19 97/37/19
f 113/54/20 101/64/20 112/52/20
f 97/37/21 115/55/21 103/43/21
f 104/65/22 102/41/22 99/61/22
f 98/66/23 113/54/23 111/50/23
f 112/52/24 106/67/24 118/58/24
f 116/57/25 107/48/25 105/63/25
f 110/51/26 119/60/26 117/56/26
f 121/37/34 123/38/34 122/39/34
f 124/40/31 126/41/31 125/42/31
f 127/43/35 129/44/35 128/45/35
f 130/68/36 132/47/36 131/69/36
f 133/49/37 135/50/37 134/70/37
f 136/52/32 138/53/32 137/54/32
f 139/55/38 141/71/38 140/57/38
f 142/58/39 144/59/39 143/60/39
f 128/45/9 121/37/9 127/43/9
f 123/61/10 124/40/10 122/62/10
f 126/41/11 130/68/11 125/42/11
f 132/47/12 129/63/12 131/69/12
f 140/57/13 127/43/13 139/55/13
f 131/69/14 142/58/14 130/68/14
f 144/59/15 141/71/15 143/60/15
f 134/70/16 139/55/16 133/49/16
f 143/60/17 136/52/17 142/58/17
f 138/53/18 135/50/18 137/54/18
f 122/39/19 133/49/19 121/37/19
f 137/54/20 125/64/20 136/52/20
f 121/37/21 139/55/21 127/43/21
f 128/65/22 126/41/22 123/61/22
f 122/66/23 137/54/23 135/50/23
f 136/52/24 130/67/24 142/58/24
f 140/57/25 131/69/25 129/63/25
f 134/70/26 143/60/26 141/71/26
f 241/37/34 243/38/34 242/39/34
f 244/40/31 246/41/31 245/42/31
f 247/43/35 249/44/35 248/45/35
f 250/68/36 252/47/36 251/69/36
f 253/49/37 255/50/37 254/70/37
f 256/52/32 258/53/32 257/54/32
f 259/55/38 261/71/38 260/57/38
f 262/58/39 264/59/39 263/60/39
f 248/45/9 241/37/9 247/43/9
f 243/61/10 244/40/10 242/62/10
f 246/41/11 250/68/11 245/42/11
f 252/47/12 249/63/12 251/69/12
f 260/57/13 247/43/13 259/55/13
f 251/69/14 262/58/14 250/68/14
f 264/59/15 261/71/15 263/60/15
f 254/70/16 259/55/16 253/49/16
f 263/60/17 256/52/17 262/58/17
f 258/53/18 255/50/18 257/54/18
f 242/39/19 253/49/19 241/37/19
f 257/54/20 245/64/20 256/52/20
f 241/37/21 259/55/21 247/43/21
f 248/65/22 246/41/22 243/61/22
f 242/66/23 257/54/23 255/50/23
f 256/52/24 250/67/24 262/58/24
f 260/57/25 251/69/25 249/63/25
f 254/70/26 263/60/26 261/71/26
f 265/37/34 267/38/34 266/39/34
f 268/40/31 270/41/31 269/42/31
f 271/43/35 273/44/35 272/45/35
f 274/68/36 276/47/36 275/69/36
f 277/49/37 279/50/37 278/70/37
f 280/52/32 282/53/32 281/54/32
f 283/55/38 285/71/38 284/57/38
f 286/58/39 288/59/39 287/60/39
f 272/45/9 265/37/9 271/43/9
f 267/61/10 268/40/10 266/62/10
f 270/41/11 274/68/11 269/42/11
f 276/47/12 273/63/12 275/69/12
f 284/57/13 271/43/13 283/55/13
f 275/69/14 286/58/14 274/68/14
f 288/59/15 285/71/15 287/60/15
f 278/70/16 283/55/16 277/49/16
f 287/60/17 280/52/17 286/58/17
f 282/53/18 279/50/18 281/54/18
f 266/39/19 277/49/19 265/37/19
f 281/54/20 269/64/20 280/52/20
f 265/37/21 283/55/21 271/43/21
f 272/65/22 270/41/22 267/61/22
f 266/66/23 281/54/23 279/50/23
f 280/52/24 274/67/24 286/58/24
f 284/57/25 275/69/25 273/63/25
f 278/70/26 287/60/26 285/71/26
f 104/45/9 99/38/9 97/37/9
f 99/61/10 102/41/10 100/40/10
f 102/41/11 108/47/11 106/46/11
f 108/47/12 104/65/12 105/63/12
f 116/57/13 105/44/13 103/43/13
f 107/48/14 120/59/14 118/58/14
f 120/59/15 116/57/15 117/56/15
f 110/51/16 117/56/16 115/55/16
f 119/60/17 114/53/17 112/52/17
f 114/53/18 110/51/18 111/50/18
f 98/39/19 111/50/19 109/49/19
f 113/54/20 100/514/20 101/64/20
f 97/37/21 109/49/21 115/55/21
f 104/65/22 108/47/22 102/41/22
f 98/66/23 100/514/23 113/54/23
f 112/52/24 101/515/24 106/67/24
f 116/57/25 120/59/25 107/48/25
f 110/51/26 114/53/26 119/60/26
f 128/45/9 123/38/9 121/37/9
f 123/61/10 126/41/10 124/40/10
f 126/41/11 132/47/11 130/68/11
f 132/47/12 128/65/12 129/63/12
f 140/57/13 129/44/13 127/43/13
f 131/69/14 144/59/14 142/58/14
f 144/59/15 140/57/15 141/71/15
f 134/70/16 141/71/16 139/55/16
f 143/60/17 138/53/17 136/52/17
f 138/53/18 134/70/18 135/50/18
f 122/39/19 135/50/19 133/49/19
f 137/54/20 124/514/20 125/64/20
f 121/37/21 133/49/21 139/55/21
f 128/65/22 132/47/22 126/41/22
f 122/66/23 124/514/23 137/54/23
f 136/52/24 125/515/24 130/67/24
f 140/57/25 144/59/25 131/69/25
f 134/70/26 138/53/26 143/60/26
f 248/45/9 243/38/9 241/37/9
f 243/61/10 246/41/10 244/40/10
f 246/41/11 252/47/11 250/68/11
f 252/47/12 248/65/12 249/63/12
f 260/57/13 249/44/13 247/43/13
f 251/69/14 264/59/14 262/58/14
f 264/59/15 260/57/15 261/71/15
f 254/70/16 261/71/16 259/55/16
f 263/60/17 258/53/17 256/52/17
f 258/53/18 254/70/18 255/50/18
f 242/39/19 255/50/19 253/49/19
f 257/54/20 244/514/20 245/64/20
f 241/37/21 253/49/21 259/55/21
f 248/65/22 252/47/22 246/41/22
f 242/66/23 244/514/23 257/54/23
f 256/52/24 245/515/24 250/67/24
f 260/57/25 264/59/25 251/69/25
f 254/70/26 258/53/26 263/60/26
f 272/45/9 267/38/9 265/37/9
f 267/61/10 270/41/10 268/40/10
f 270/41/11 276/47/11 274/68/11
f 276/47/12 272/65/12 273/63/12
f 284/57/13 273/44/13 271/43/13
f 275/69/14 288/59/14 286/58/14
f 288/59/15 284/57/15 285/71/15
f 278/70/16 285/71/16 283/55/16
f 287/60/17 282/53/17 280/52/17
f 282/53/18 278/70/18 279/50/18
f 266/39/19 279/50/19 277/49/19
f 281/54/20 268/514/20 269/64/20
f 265/37/21 277/49/21 283/55/21
f 272/65/22 276/47/22 270/41/22
f 266/66/23 268/514/23 281/54/23
f 280/52/24 269/515/24 274/67/24
f 284/57/25 288/59/25 275/69/25
f 278/70/26 282/53/26 287/60/26
usemtl DarkWood
f 577/37/34 579/38/34 578/39/34
f 580/138/31 582/139/31 581/42/31
f 583/43/35 585/44/35 584/45/35
f 586/46/36 588/140/36 587/141/36
f 589/49/37 591/142/37 590/143/37
f 592/52/32 594/144/32 593/145/32
f 595/55/38 597/146/38 596/147/38
f 598/58/39 600/148/39 599/149/39
f 584/45/9 577/37/9 583/43/9
f 579/150/10 580/138/10 578/151/10
f 582/139/11 586/46/11 581/42/11
f 588/140/12 585/152/12 587/141/12
f 596/147/13 583/43/13 595/55/13
f 587/141/14 598/58/14 586/46/14
f 600/148/15 597/146/15 599/149/15
f 590/143/16 595/55/16 589/49/16
f 599/149/17 592/52/17 598/58/17
f 594/144/18 591/142/18 593/145/18
f 578/39/19 589/49/19 577/37/19
f 593/145/20 581/64/20 592/52/20
f 577/37/21 595/55/21 583/43/21
f 584/153/22 582/139/22 579/150/22
f 578/154/23 593/145/23 591/142/23
f 592/52/24 586/67/24 598/58/24
f 596/147/25 587/141/25 585/152/25
f 590/143/26 599/149/26 597/146/26
f 601/37/34 603/38/34 602/39/34
f 604/138/31 606/139/31 605/42/31
f 607/43/35 609/44/35 608/45/35
f 610/68/36 612/140/36 611/155/36
f 613/49/37 615/142/37 614/156/37
f 616/52/32 618/144/32 617/145/32
f 619/55/38 621/157/38 620/158/38
f 622/58/39 624/148/39 623/159/39
f 608/45/9 601/37/9 607/43/9
f 603/150/10 604/138/10 602/151/10
f 606/139/11 610/68/11 605/42/11
f 612/140/12 609/152/12 611/155/12
f 620/158/13 607/43/13 619/55/13
f 611/155/14 622/58/14 610/68/14
f 624/148/15 621/157/15 623/159/15
f 614/156/16 619/55/16 613/49/16
f 623/159/17 616/52/17 622/58/17
f 618/144/18 615/142/18 617/145/18
f 602/39/19 613/49/19 601/37/19
f 617/145/20 605/64/20 616/52/20
f 601/37/21 619/55/21 607/43/21
f 608/153/22 606/139/22 603/150/22
f 602/154/23 617/145/23 615/142/23
f 616/52/24 610/67/24 622/58/24
f 620/158/25 611/155/25 609/152/25
f 614/156/26 623/159/26 621/157/26
f 721/37/34 723/38/34 722/39/34
f 724/138/31 726/139/31 725/42/31
f 727/43/35 729/44/35 728/45/35
f 730/46/36 732/140/36 731/141/36
f 733/49/37 735/142/37 734/143/37
f 736/52/32 738/144/32 737/145/32
f 739/55/38 741/146/38 740/158/38
f 742/58/39 744/148/39 743/149/39
f 728/45/9 721/37/9 727/43/9
f 723/150/10 724/138/10 722/151/10
f 726/139/11 730/46/11 725/42/11
f 732/140/12 729/152/12 731/141/12
f 740/158/13 727/43/13 739/55/13
f 731/141/14 742/58/14 730/46/14
f 744/148/15 741/146/15 743/149/15
f 734/143/16 739/55/16 733/49/16
f 743/149/17 736/52/17 742/58/17
f 738/144/18 735/142/18 737/145/18
f 722/39/19 733/49/19 721/37/19
f 737/145/20 725/64/20 736/52/20
f 721/37/21 739/55/21 727/43/21
f 728/153/22 726/139/22 723/150/22
f 722/154/23 737/145/23 735/142/23
f 736/52/24 730/67/24 742/58/24
f 740/158/25 731/141/25 729/152/25
f 734/143/26 743/149/26 741/146/26
f 745/37/34 747/38/34 746/39/34
f 748/138/31 750/139/31 749/42/31
f 751/43/35 753/44/35 752/45/35
f 754/68/36 756/140/36 755/155/36
f 757/49/37 759/142/37 758/156/37
f 760/52/32 762/144/32 761/145/32
f 763/55/38 765/157/38 764/158/38
f 766/58/39 768/148/39 767/159/39
f 752/45/9 745/37/9 751/43/9
f 747/150/10 748/138/10 746/151/10
f 750/139/11 754/68/11 749/42/11
f 756/140/12 753/152/12 755/155/12
f 764/158/13 751/43/13 763/55/13
f 755/155/14 766/58/14 754/68/14
f 768/148/15 765/157/15 767/159/15
f 758/156/16 763/55/16 757/49/16
f 767/159/17 760/52/17 766/58/17
f 762/144/18 759/142/18 761/145/18
f 746/39/19 757/49/19 745/37/19
f 761/145/20 749/64/20 760/52/20
f 745/37/21 763/55/21 751/43/21
f 752/153/22 750/139/22 747/150/22
f 746/154/23 761/145/23 759/142/23
f 760/52/24 754/67/24 766/58/24
f 764/158/25 755/155/25 753/152/25
f 758/156/26 767/159/26 765/157/26
f 985/190/51 987/191/51 986/192/51
f 988/193/52 990/194/52 989/195/52
f 991/196/53 993/197/53 992/198/53
f 994/199/54 996/200/54 995/221/54
f 997/202/55 999/203/55 998/222/55
f 1000/205/56 1002/206/56 1001/207/56
f 1003/208/57 1005/209/57 1004/223/57
f 1006/211/58 1008/212/58 1007/213/58
f 992/198/59 985/190/59 991/196/59
f 987/214/60 988/193/60 986/215/60
f 989/195/61 996/200/61 994/199/61
f 996/200/62 993/216/62 995/221/62
f 1004/223/63 991/196/63 1003/208/63
f 994/199/64 1008/212/64 1006/211/64
f 1008/212/65 1005/209/65 1007/213/65
f 998/222/66 1003/208/66 997/202/66
f 1006/211/67 1002/206/67 1000/205/67
f 1002/206/68 999/203/68 1001/207/68
f 986/192/69 997/202/69 985/190/69
f 1001/207/70 989/217/70 1000/205/70
f 985/190/21 1003/208/21 991/196/21
f 992/218/71 990/194/71 987/214/71
f 986/219/72 1001/207/72 999/203/72
f 1000/205/24 994/220/24 1006/211/24
f 1004/223/73 995/221/73 993/216/73
f 998/222/74 1007/213/74 1005/209/74
f 1009/190/75 1011/191/75 1010/192/75
f 1012/193/76 1014/194/76 1013/195/76
f 1015/196/77 1017/197/77 1016/198/77
f 1018/199/78 1020/200/78 1019/201/78
f 1021/202/79 1023/203/79 1022/204/79
f 1024/205/80 1026/206/80 1025/207/80
f 1027/208/81 1029/209/81 1028/210/81
f 1030/211/82 1032/212/82 1031/213/82
f 1016/198/83 1009/190/83 1015/196/83
f 1011/214/84 1012/193/84 1010/215/84
f 1013/195/85 1020/200/85 1018/199/85
f 1020/200/86 1017/216/86 1019/201/86
f 1028/210/87 1015/196/87 1027/208/87
f 1018/199/88 1032/212/88 1030/211/88
f 1032/212/89 1029/209/89 1031/213/89
f 1022/204/90 1027/208/90 1021/202/90
f 1030/211/91 1026/206/91 1024/205/91
f 1026/206/92 1023/203/92 1025/207/92
f 1009/190/93 1023/203/93 1021/202/93
f 1024/205/94 1012/224/94 1013/217/94
f 1009/190/21 1027/208/21 1015/196/21
f 1016/218/95 1014/194/95 1011/214/95
f 1010/219/96 1025/207/96 1023/203/96
f 1030/211/24 1013/225/24 1018/220/24
f 1028/210/97 1019/201/97 1017/216/97
f 1022/204/98 1031/213/98 1029/209/98
f 1057/190/123 1059/191/123 1058/192/123
f 1060/193/124 1062/194/124 1061/195/124
f 1063/196/125 1065/197/125 1064/198/125
f 1066/199/126 1068/200/126 1067/201/126
f 1069/202/127 1071/203/127 1070/204/127
f 1072/205/128 1074/206/128 1073/207/128
f 1075/208/129 1077/209/129 1076/210/129
f 1078/211/130 1080/212/130 1079/213/130
f 1064/198/131 1057/190/131 1063/196/131
f 1059/214/132 1060/193/132 1058/215/132
f 1061/195/133 1068/200/133 1066/199/133
f 1068/200/134 1065/216/134 1067/201/134
f 1076/210/135 1063/196/135 1075/208/135
f 1066/199/136 1080/212/136 1078/211/136
f 1080/212/137 1077/209/137 1079/213/137
f 1070/204/138 1075/208/138 1069/202/138
f 1079/213/139 1072/205/139 1078/211/139
f 1074/206/140 1071/203/140 1073/207/140
f 1058/192/141 1069/202/141 1057/190/141
f 1072/205/142 1060/224/142 1061/217/142
f 1057/190/21 1075/208/21 1063/196/21
f 1064/218/143 1062/194/143 1059/214/143
f 1058/219/144 1073/207/144 1071/203/144
f 1078/211/24 1061/225/24 1066/220/24
f 1076/210/145 1067/201/145 1065/216/145
f 1070/204/146 1079/213/146 1077/209/146
f 1081/190/147 1083/191/147 1082/192/147
f 1084/193/148 1086/194/148 1085/195/148
f 1087/196/149 1089/197/149 1088/198/149
f 1090/199/150 1092/200/150 1091/221/150
f 1093/202/151 1095/203/151 1094/222/151
f 1096/205/152 1098/206/152 1097/207/152
f 1099/208/153 1101/209/153 1100/223/153
f 1102/211/154 1104/212/154 1103/213/154
f 1087/196/155 1083/191/155 1081/190/155
f 1083/214/156 1084/193/156 1082/215/156
f 1086/194/157 1090/199/157 1085/195/157
f 1092/200/158 1089/216/158 1091/221/158
f 1100/223/159 1087/196/159 1099/208/159
f 1091/221/160 1102/211/160 1090/199/160
f 1104/212/161 1101/209/161 1103/213/161
f 1093/202/162 1101/209/162 1099/208/162
f 1102/211/163 1098/206/163 1096/205/163
f 1098/206/164 1095/203/164 1097/207/164
f 1081/190/165 1095/203/165 1093/202/165
f 1097/207/166 1085/217/166 1096/205/166
f 1087/196/21 1093/202/21 1099/208/21
f 1088/218/167 1086/194/167 1083/214/167
f 1082/219/168 1097/207/168 1095/203/168
f 1096/205/24 1090/220/24 1102/211/24
f 1100/223/169 1091/221/169 1089/216/169
f 1094/222/170 1103/213/170 1101/209/170
f 1129/190/42 1131/191/42 1130/192/42
f 1132/193/43 1134/194/43 1133/195/43
f 1135/196/5 1137/197/5 1136/198/5
f 1138/199/6 1140/200/6 1139/221/6
f 1141/202/3 1143/203/3 1142/222/3
f 1144/205/41 1146/206/41 1145/207/41
f 1147/208/1 1149/209/1 1148/210/1
f 1150/211/27 1152/212/27 1151/213/27
f 1136/198/16 1129/190/16 1135/196/16
f 1131/214/15 1132/193/15 1130/215/15
f 1134/194/17 1138/199/17 1133/195/17
f 1140/200/18 1137/216/18 1139/221/18
f 1148/210/19 1135/196/19 1147/208/19
f 1139/221/20 1150/211/20 1138/199/20
f 1152/212/10 1149/209/10 1151/213/10
f 1142/222/9 1147/208/9 1141/202/9
f 1151/213/11 1144/205/11 1150/211/11
f 1146/206/12 1143/203/12 1145/207/12
f 1130/192/13 1141/202/13 1129/190/13
f 1145/207/14 1133/217/14 1144/205/14
f 1129/190/21 1147/208/21 1135/196/21
f 1136/218/26 1134/194/26 1131/214/26
f 1130/219/25 1145/207/25 1143/203/25
f 1144/205/24 1138/220/24 1150/211/24
f 1148/210/23 1139/221/23 1137/216/23
f 1142/222/22 1151/213/22 1149/209/22
f 1153/190/195 1155/191/195 1154/192/195
f 1156/193/58 1158/194/58 1157/195/58
f 1159/196/55 1161/197/55 1160/198/55
f 1162/199/196 1164/200/196 1163/201/196
f 1165/202/53 1167/203/53 1166/204/53
f 1168/205/197 1170/206/197 1169/207/197
f 1171/208/198 1173/209/198 1172/223/198
f 1174/211/52 1176/212/52 1175/213/52
f 1160/198/66 1153/190/66 1159/196/66
f 1155/214/65 1156/193/65 1154/215/65
f 1158/194/67 1162/199/67 1157/195/67
f 1164/200/68 1161/216/68 1163/201/68
f 1171/208/69 1161/197/69 1159/196/69
f 1163/201/70 1174/211/70 1162/199/70
f 1176/212/60 1173/209/60 1175/213/60
f 1166/204/59 1171/208/59 1165/202/59
f 1174/211/61 1170/206/61 1168/205/61
f 1170/206/62 1167/203/62 1169/207/62
f 1154/192/63 1165/202/63 1153/190/63
f 1168/205/64 1156/224/64 1157/217/64
f 1153/190/21 1171/208/21 1159/196/21
f 1160/218/74 1158/194/74 1155/214/74
f 1154/219/73 1169/207/73 1167/203/73
f 1168/205/24 1162/220/24 1174/211/24
f 1172/223/72 1163/201/72 1161/216/72
f 1166/204/71 1175/213/71 1173/209/71
f 1201/190/202 1203/191/202 1202/192/202
f 1204/193/203 1206/194/203 1205/195/203
f 1207/196/204 1209/197/204 1208/198/204
f 1210/199/205 1212/200/205 1211/201/205
f 1213/202/101 1215/203/101 1214/204/101
f 1216/205/102 1218/206/102 1217/207/102
f 1219/208/206 1221/209/206 1220/210/206
f 1222/211/207 1224/212/207 1223/213/207
f 1207/196/114 1203/191/114 1201/190/114
f 1203/214/113 1204/193/113 1202/215/113
f 1206/194/208 1210/199/208 1205/195/208
f 1212/200/116 1209/216/116 1211/201/116
f 1219/208/117 1209/197/117 1207/196/117
f 1211/201/118 1222/211/118 1210/199/118
f 1224/212/108 1221/209/108 1223/213/108
f 1213/202/107 1221/209/107 1219/208/107
f 1223/213/109 1216/205/109 1222/211/109
f 1218/206/110 1215/203/110 1217/207/110
f 1201/190/111 1215/203/111 1213/202/111
f 1217/207/112 1205/217/112 1216/205/112
f 1207/196/21 1213/202/21 1219/208/21
f 1208/218/122 1206/194/122 1203/214/122
f 1202/219/121 1217/207/121 1215/203/121
f 1216/205/24 1210/220/24 1222/211/24
f 1220/210/120 1211/201/120 1209/216/120
f 1214/204/119 1223/213/119 1221/209/119
f 1225/190/209 1227/191/209 1226/192/209
f 1228/193/210 1230/194/210 1229/195/210
f 1231/196/211 1233/197/211 1232/198/211
f 1234/199/212 1236/200/212 1235/201/212
f 1237/202/213 1239/203/213 1238/204/213
f 1240/205/214 1242/206/214 1241/207/214
f 1243/208/123 1245/209/123 1244/210/123
f 1246/211/215 1248/212/215 1247/213/215
f 1232/198/138 1225/190/138 1231/196/138
f 1227/214/137 1228/193/137 1226/215/137
f 1229/195/139 1236/200/139 1234/199/139
f 1236/200/140 1233/216/140 1235/201/140
f 1243/208/141 1233/197/141 1231/196/141
f 1234/199/142 1248/212/142 1246/211/142
f 1248/212/132 1245/209/132 1247/213/132
f 1238/204/131 1243/208/131 1237/202/131
f 1247/213/133 1240/205/133 1246/211/133
f 1242/206/134 1239/203/134 1241/207/134
f 1225/190/135 1239/203/135 1237/202/135
f 1240/205/136 1228/224/136 1229/217/136
f 1225/190/21 1243/208/21 1231/196/21
f 1232/218/146 1230/194/146 1227/214/146
f 1226/219/145 1241/207/145 1239/203/145
f 1246/211/24 1229/225/24 1234/220/24
f 1244/210/144 1235/201/144 1233/216/144
f 1238/204/143 1247/213/143 1245/209/143
f 1273/190/177 1275/191/177 1274/192/177
f 1276/193/218 1278/194/218 1277/195/218
f 1279/196/219 1281/197/219 1280/198/219
f 1282/199/220 1284/200/220 1283/201/220
f 1285/202/173 1287/203/173 1286/204/173
f 1288/205/174 1290/206/174 1289/207/174
f 1291/208/171 1293/209/171 1292/223/171
f 1294/211/221 1296/212/221 1295/213/221
f 1280/198/186 1273/190/186 1279/196/186
f 1275/214/185 1276/193/185 1274/215/185
f 1278/194/187 1282/199/187 1277/195/187
f 1284/200/188 1281/216/188 1283/201/188
f 1291/208/189 1281/197/189 1279/196/189
f 1283/201/190 1294/211/190 1282/199/190
f 1296/212/180 1293/209/180 1295/213/180
f 1285/202/179 1293/209/179 1291/208/179
f 1295/213/181 1288/205/181 1294/211/181
f 1290/206/182 1287/203/182 1289/207/182
f 1273/190/183 1287/203/183 1285/202/183
f 1289/207/184 1277/217/184 1288/205/184
f 1273/190/21 1291/208/21 1279/196/21
f 1280/218/194 1278/194/194 1275/214/194
f 1274/219/193 1289/207/193 1287/203/193
f 1288/205/24 1282/220/24 1294/211/24
f 1292/223/192 1283/201/192 1281/216/192
f 1286/204/191 1295/213/191 1293/209/191
s 1
f 1568/349/321 1571/350/322 1572/351/323
f 1573/352/324 1570/353/325 1574/354/326
f 1572/351/323 1575/355/327 1576/356/328
f 1577/357/329 1574/354/326 1578/358/330
f 1575/355/327 1580/359/331 1576/356/328
f 1582/360/332 1577/357/329 1578/358/330
f 1579/361/333 1584/362/334 1580/359/331
f 1586/363/335 1581/364/336 1582/360/332
f 1584/362/334 1587/365/337 1588/366/338
f 1589/367/339 1586/363/335 1590/368/340
f 1588/366/338 1591/369/341 1592/370/342
f 1593/371/343 1590/368/340 1594/372/344
f 1591/369/341 1596/373/345 1592/370/342
f 1598/374/346 1593/371/343 1594/372/344
f 1595/375/347 1600/376/348 1596/373/345
f 1601/377/349 1598/374/346 1602/378/350
f 1599/379/351 1604/380/352 1600/376/348
f 1605/381/353 1602/378/350 1606/382/354
f 1604/380/352 1607/383/355 1608/384/356
f 1609/385/357 1606/382/354 1610/386/358
f 1607/383/355 1612/387/359 1608/384/356
f 1614/388/360 1609/385/357 1610/386/358
f 1611/389/361 1616/390/362 1612/387/359
f 1618/391/363 1613/392/364 1614/388/360
f 1616/390/362 1619/393/365 1620/394/366
f 1621/395/367 1618/391/363 1622/396/368
f 1620/394/366 1623/397/369 1624/398/370
f 1625/399/371 1622/396/368 1626/400/372
f 1623/397/369 1628/401/373 1624/398/370
f 1630/402/374 1625/399/371 1626/400/372
f 1627/403/375 1568/349/321 1628/401/373
f 1570/353/325 1629/404/376 1630/402/374
f 1603/405/377 1587/365/337 1571/350/322
f 1572/406/323 1570/407/325 1568/408/321
f 1568/409/321 1630/410/374 1628/411/373
f 1601/377/349 1617/412/378 1569/413/379
f 1576/414/328 1574/415/326 1572/406/323
f 1580/416/331 1578/417/330 1576/414/328
f 1584/418/334 1582/419/332 1580/416/331
f 1588/420/338 1586/421/335 1584/418/334
f 1592/422/342 1590/423/340 1588/420/338
f 1596/424/345 1594/425/344 1592/422/342
f 1600/426/348 1598/427/346 1596/424/345
f 1604/428/352 1602/429/350 1600/426/348
f 1608/430/356 1606/431/354 1604/428/352
f 1612/432/359 1610/433/358 1608/430/356
f 1616/434/362 1614/435/360 1612/432/359
f 1620/436/366 1618/437/363 1616/434/362
f 1624/438/370 1622/439/368 1620/436/366
f 1628/411/373 1626/440/372 1624/438/370
s 0
f 1655/190/198 1657/191/198 1656/441/198
f 1658/442/52 1660/443/52 1659/195/52
f 1661/196/53 1663/197/53 1662/198/53
f 1664/199/197 1666/444/197 1665/445/197
f 1667/202/55 1669/446/55 1668/459/55
f 1670/205/56 1672/460/56 1671/449/56
f 1673/208/57 1675/461/57 1674/462/57
f 1676/211/58 1678/452/58 1677/463/58
f 1662/198/59 1655/190/59 1661/196/59
f 1657/454/60 1658/442/60 1656/455/60
f 1659/195/61 1666/444/61 1664/199/61
f 1666/444/62 1663/456/62 1665/445/62
f 1674/462/63 1661/196/63 1673/208/63
f 1665/445/64 1676/211/64 1664/199/64
f 1678/452/65 1675/461/65 1677/463/65
f 1667/202/66 1675/461/66 1673/208/66
f 1676/211/67 1672/460/67 1670/205/67
f 1672/460/68 1669/446/68 1671/449/68
f 1656/441/69 1667/202/69 1655/190/69
f 1670/205/70 1658/464/70 1659/217/70
f 1661/196/21 1667/202/21 1673/208/21
f 1662/457/71 1660/443/71 1657/454/71
f 1656/458/72 1671/449/72 1669/446/72
f 1670/205/24 1664/220/24 1676/211/24
f 1674/462/73 1665/445/73 1663/456/73
f 1668/459/74 1677/463/74 1675/461/74
f 1679/190/75 1681/191/75 1680/441/75
f 1682/442/76 1684/443/76 1683/195/76
f 1685/196/77 1687/197/77 1686/198/77
f 1688/199/380 1690/444/380 1689/445/380
f 1691/202/199 1693/446/199 1692/447/199
f 1694/205/200 1696/448/200 1695/449/200
f 1697/208/81 1699/450/81 1698/451/81
f 1700/211/82 1702/452/82 1701/453/82
f 1685/196/83 1681/191/83 1679/190/83
f 1681/454/84 1682/442/84 1680/455/84
f 1684/443/85 1688/199/85 1683/195/85
f 1690/444/86 1687/456/86 1689/445/86
f 1697/208/87 1687/197/87 1685/196/87
f 1689/445/88 1700/211/88 1688/199/88
f 1702/452/89 1699/450/89 1701/453/89
f 1692/447/90 1697/208/90 1691/202/90
f 1701/453/91 1694/205/91 1700/211/91
f 1696/448/92 1693/446/92 1695/449/92
f 1679/190/93 1693/446/93 1691/202/93
f 1695/449/94 1683/217/94 1694/205/94
f 1679/190/21 1697/208/21 1685/196/21
f 1686/457/95 1684/443/95 1681/454/95
f 1680/458/96 1695/449/96 1693/446/96
f 1700/211/24 1683/225/24 1688/220/24
f 1698/451/97 1689/445/97 1687/456/97
f 1692/447/98 1701/453/98 1699/450/98
f 1727/190/385 1729/191/385 1728/441/385
f 1730/442/124 1732/443/124 1731/195/124
f 1733/196/125 1735/197/125 1734/198/125
f 1736/199/126 1738/444/126 1737/445/126
f 1739/202/386 1741/446/386 1740/447/386
f 1742/205/387 1744/448/387 1743/449/387
f 1745/208/209 1747/450/209 1746/462/209
f 1748/211/210 1750/452/210 1749/453/210
f 1734/198/131 1727/190/131 1733/196/131
f 1729/454/132 1730/442/132 1728/455/132
f 1731/195/133 1738/444/133 1736/199/133
f 1738/444/134 1735/456/134 1737/445/134
f 1746/462/388 1733/196/388 1745/208/388
f 1736/199/136 1750/452/136 1748/211/136
f 1750/452/137 1747/450/137 1749/453/137
f 1740/447/138 1745/208/138 1739/202/138
f 1748/211/139 1744/448/139 1742/205/139
f 1744/448/140 1741/446/140 1743/449/140
f 1728/441/141 1739/202/141 1727/190/141
f 1742/205/142 1730/464/142 1731/217/142
f 1733/196/21 1739/202/21 1745/208/21
f 1734/457/143 1732/443/143 1729/454/143
f 1728/458/144 1743/449/144 1741/446/144
f 1742/205/24 1736/220/24 1748/211/24
f 1746/462/145 1737/445/145 1735/456/145
f 1740/447/146 1749/453/146 1747/450/146
f 1751/190/147 1753/191/147 1752/441/147
f 1754/442/148 1756/443/148 1755/195/148
f 1757/196/149 1759/197/149 1758/198/149
f 1760/199/150 1762/444/150 1761/445/150
f 1763/202/151 1765/446/151 1764/459/151
f 1766/205/152 1768/460/152 1767/449/152
f 1769/208/216 1771/461/216 1770/451/216
f 1772/211/217 1774/452/217 1773/463/217
f 1758/198/155 1751/190/155 1757/196/155
f 1753/454/156 1754/442/156 1752/455/156
f 1755/195/157 1762/444/157 1760/199/157
f 1762/444/158 1759/456/158 1761/445/158
f 1770/451/159 1757/196/159 1769/208/159
f 1760/199/160 1774/452/160 1772/211/160
f 1774/452/161 1771/461/161 1773/463/161
f 1764/459/162 1769/208/162 1763/202/162
f 1772/211/163 1768/460/163 1766/205/163
f 1768/460/164 1765/446/164 1767/449/164
f 1752/441/165 1763/202/165 1751/190/165
f 1766/205/166 1754/464/166 1755/217/166
f 1757/196/21 1763/202/21 1769/208/21
f 1758/457/167 1756/443/167 1753/454/167
f 1752/458/168 1767/449/168 1765/446/168
f 1766/205/24 1760/220/24 1772/211/24
f 1770/451/169 1761/445/169 1759/456/169
f 1764/459/170 1773/463/170 1771/461/170
f 1799/190/42 1801/191/42 1800/441/42
f 1802/442/33 1804/443/33 1803/195/33
f 1805/196/5 1807/197/5 1806/198/5
f 1808/199/48 1810/444/48 1809/445/48
f 1811/202/3 1813/446/3 1812/459/3
f 1814/205/4 1816/460/4 1815/449/4
f 1817/208/1 1819/461/1 1818/462/1
f 1820/211/2 1822/452/2 1821/463/2
f 1806/198/16 1799/190/16 1805/196/16
f 1801/454/15 1802/442/15 1800/455/15
f 1804/443/17 1808/199/17 1803/195/17
f 1810/444/18 1807/456/18 1809/445/18
f 1818/462/19 1805/196/19 1817/208/19
f 1809/445/20 1820/211/20 1808/199/20
f 1822/452/10 1819/461/10 1821/463/10
f 1812/459/9 1817/208/9 1811/202/9
f 1821/463/11 1814/205/11 1820/211/11
f 1816/460/12 1813/446/12 1815/449/12
f 1800/441/13 1811/202/13 1799/190/13
f 1815/449/14 1803/217/14 1814/205/14
f 1799/190/21 1817/208/21 1805/196/21
f 1806/457/26 1804/443/26 1801/454/26
f 1800/458/25 1815/449/25 1813/446/25
f 1814/205/24 1808/220/24 1820/211/24
f 1818/462/23 1809/445/23 1807/456/23
f 1812/459/22 1821/463/22 1819/461/22
f 1823/190/57 1825/191/57 1824/441/57
f 1826/442/58 1828/443/58 1827/195/58
f 1829/196/389 1831/197/389 1830/198/389
f 1832/199/196 1834/444/196 1833/445/196
f 1835/202/53 1837/446/53 1836/447/53
f 1838/205/197 1840/448/197 1839/449/197
f 1841/208/198 1843/450/198 1842/451/198
f 1844/211/52 1846/452/52 1845/453/52
f 1830/198/66 1823/190/66 1829/196/66
f 1825/454/65 1826/442/65 1824/455/65
f 1827/195/67 1834/444/67 1832/199/67
f 1834/444/68 1831/456/68 1833/445/68
f 1842/451/69 1829/196/69 1841/208/69
f 1832/199/70 1846/452/70 1844/211/70
f 1846/452/60 1843/450/60 1845/453/60
f 1836/447/59 1841/208/59 1835/202/59
f 1844/211/61 1840/448/61 1838/205/61
f 1840/448/62 1837/446/62 1839/449/62
f 1824/441/63 1835/202/63 1823/190/63
f 1838/205/64 1826/464/64 1827/217/64
f 1823/190/21 1841/208/21 1829/196/21
f 1830/457/74 1828/443/74 1825/454/74
f 1824/458/73 1839/449/73 1837/446/73
f 1838/205/24 1832/220/24 1844/211/24
f 1842/451/72 1833/445/72 1831/456/72
f 1836/447/71 1845/453/71 1843/450/71
f 1871/190/202 1873/191/202 1872/441/202
f 1874/442/106 1876/443/106 1875/195/106
f 1877/196/204 1879/197/204 1878/198/204
f 1880/199/205 1882/444/205 1881/445/205
f 1883/202/381 1885/446/381 1884/447/381
f 1886/205/382 1888/448/382 1887/449/382
f 1889/208/394 1891/450/394 1890/462/394
f 1892/211/100 1894/452/100 1893/453/100
f 1877/196/114 1873/191/114 1871/190/114
f 1873/454/113 1874/442/113 1872/455/113
f 1875/195/208 1882/444/208 1880/199/208
f 1882/444/116 1879/456/116 1881/445/116
f 1889/208/117 1879/197/117 1877/196/117
f 1881/445/118 1892/211/118 1880/199/118
f 1894/452/108 1891/450/108 1893/453/108
f 1883/202/107 1891/450/107 1889/208/107
f 1893/453/109 1886/205/109 1892/211/109
f 1888/448/110 1885/446/110 1887/449/110
f 1871/190/111 1885/446/111 1883/202/111
f 1887/449/112 1875/217/112 1886/205/112
f 1877/196/21 1883/202/21 1889/208/21
f 1878/457/122 1876/443/122 1873/454/122
f 1872/458/121 1887/449/121 1885/446/121
f 1886/205/24 1880/220/24 1892/211/24
f 1890/462/120 1881/445/120 1879/456/120
f 1884/447/119 1893/453/119 1891/450/119
f 1895/190/209 1897/191/209 1896/441/209
f 1898/442/210 1900/443/210 1899/195/210
f 1901/196/211 1903/197/211 1902/198/211
f 1904/199/212 1906/444/212 1905/445/212
f 1907/202/395 1909/446/395 1908/459/395
f 1910/205/126 1912/460/126 1911/449/126
f 1913/208/385 1915/461/385 1914/451/385
f 1916/211/124 1918/452/124 1917/463/124
f 1902/198/138 1895/190/138 1901/196/138
f 1897/454/137 1898/442/137 1896/455/137
f 1900/443/139 1904/199/139 1899/195/139
f 1906/444/140 1903/456/140 1905/445/140
f 1914/451/141 1901/196/141 1913/208/141
f 1905/445/142 1916/211/142 1904/199/142
f 1918/452/132 1915/461/132 1917/463/132
f 1908/459/131 1913/208/131 1907/202/131
f 1916/211/133 1912/460/133 1910/205/133
f 1912/460/134 1909/446/134 1911/449/134
f 1896/441/135 1907/202/135 1895/190/135
f 1910/205/136 1898/464/136 1899/217/136
f 1895/190/21 1913/208/21 1901/196/21
f 1902/457/146 1900/443/146 1897/454/146
f 1896/458/145 1911/449/145 1909/446/145
f 1916/211/24 1899/225/24 1904/220/24
f 1914/451/144 1905/445/144 1903/456/144
f 1908/459/143 1917/463/143 1915/461/143
f 1943/190/177 1945/191/177 1944/441/177
f 1946/442/178 1948/443/178 1947/195/178
f 1949/196/175 1951/197/175 1950/198/175
f 1952/199/176 1954/444/176 1953/445/176
f 1955/202/173 1957/446/173 1956/459/173
f 1958/205/174 1960/460/174 1959/449/174
f 1961/208/171 1963/461/171 1962/462/171
f 1964/211/221 1966/452/221 1965/463/221
f 1949/196/186 1945/191/186 1943/190/186
f 1945/454/185 1946/442/185 1944/455/185
f 1948/443/187 1952/199/187 1947/195/187
f 1954/444/188 1951/456/188 1953/445/188
f 1961/208/189 1951/197/189 1949/196/189
f 1953/445/190 1964/211/190 1952/199/190
f 1966/452/180 1963/461/180 1965/463/180
f 1955/202/179 1963/461/179 1961/208/179
f 1965/463/181 1958/205/181 1964/211/181
f 1960/460/182 1957/446/182 1959/449/182
f 1943/190/183 1957/446/183 1955/202/183
f 1959/449/184 1947/217/184 1958/205/184
f 1943/190/21 1961/208/21 1949/196/21
f 1950/457/194 1948/443/194 1945/454/194
f 1944/458/193 1959/449/193 1957/446/193
f 1958/205/24 1952/220/24 1964/211/24
f 1962/462/192 1953/445/192 1951/456/192
f 1956/459/191 1965/463/191 1963/461/191
s 1
f 2238/349/321 2241/473/322 2242/351/323
f 2243/474/324 2240/353/325 2244/354/326
f 2242/351/323 2245/475/327 2246/356/328
f 2247/476/329 2244/354/326 2248/358/407
f 2246/356/328 2249/477/333 2250/359/331
f 2251/478/336 2248/358/407 2252/360/332
f 2249/477/333 2254/362/334 2250/359/331
f 2256/363/335 2251/478/336 2252/360/332
f 2253/479/408 2258/366/338 2254/362/334
f 2260/368/340 2255/480/409 2256/363/335
f 2258/366/338 2261/481/341 2262/482/342
f 2264/483/344 2259/484/339 2260/368/340
f 2262/482/342 2265/485/347 2266/486/345
f 2267/487/410 2264/483/344 2268/488/346
f 2266/486/345 2269/489/351 2270/376/348
f 2271/490/349 2268/488/346 2272/378/350
f 2269/489/351 2274/491/352 2270/376/348
f 2275/492/353 2272/378/350 2276/493/354
f 2274/491/352 2277/494/355 2278/495/411
f 2279/496/357 2276/493/354 2280/497/412
f 2278/495/411 2281/498/361 2282/387/359
f 2283/499/364 2280/497/412 2284/500/360
f 2282/387/359 2285/501/413 2286/390/362
f 2287/502/378 2284/500/360 2288/391/363
f 2286/390/362 2289/503/365 2290/394/366
f 2292/504/368 2287/502/378 2288/391/363
f 2289/503/365 2294/398/414 2290/394/366
f 2296/505/372 2291/506/367 2292/504/368
f 2294/398/414 2297/507/375 2298/401/373
f 2299/508/376 2296/505/372 2300/402/374
f 2297/507/375 2238/349/321 2298/401/373
f 2240/353/325 2299/508/376 2300/402/374
f 2273/509/377 2257/510/337 2241/473/322
f 2242/406/323 2240/407/325 2238/408/321
f 2238/409/321 2300/410/374 2298/411/373
f 2271/490/349 2287/502/378 2239/511/379
f 2246/414/328 2244/415/326 2242/406/323
f 2250/416/331 2248/417/407 2246/414/328
f 2254/418/334 2252/419/332 2250/416/331
f 2258/420/338 2256/421/335 2254/418/334
f 2262/422/342 2260/423/340 2258/420/338
f 2266/424/345 2264/425/344 2262/422/342
f 2270/426/348 2268/427/346 2266/424/345
f 2274/428/352 2272/429/350 2270/426/348
f 2278/430/411 2276/431/354 2274/428/352
f 2282/432/359 2280/433/412 2278/430/411
f 2286/434/362 2284/435/360 2282/432/359
f 2290/436/366 2288/437/363 2286/434/362
f 2294/438/414 2292/439/368 2290/436/366
f 2298/411/373 2296/440/372 2294/438/414
s 0
f 584/45/9 579/38/9 577/37/9
f 579/150/10 582/139/10 580/138/10
f 582/139/11 588/140/11 586/46/11
f 588/140/12 584/153/12 585/152/12
f 596/147/13 585/44/13 583/43/13
f 587/141/14 600/148/14 598/58/14
f 600/148/15 596/147/15 597/146/15
f 590/143/16 597/146/16 595/55/16
f 599/149/17 594/144/17 592/52/17
f 594/144/18 590/143/18 591/142/18
f 578/39/19 591/142/19 589/49/19
f 593/145/20 580/520/20 581/64/20
f 577/37/21 589/49/21 595/55/21
f 584/153/22 588/140/22 582/139/22
f 578/154/23 580/520/23 593/145/23
f 592/52/24 581/515/24 586/67/24
f 596/147/25 600/148/25 587/141/25
f 590/143/26 594/144/26 599/149/26
f 608/45/9 603/38/9 601/37/9
f 603/150/10 606/139/10 604/138/10
f 606/139/11 612/140/11 610/68/11
f 612/140/12 608/153/12 609/152/12
f 620/158/13 609/44/13 607/43/13
f 611/155/14 624/148/14 622/58/14
f 624/148/15 620/158/15 621/157/15
f 614/156/16 621/157/16 619/55/16
f 623/159/17 618/144/17 616/52/17
f 618/144/18 614/156/18 615/142/18
f 602/39/19 615/142/19 613/49/19
f 617/145/20 604/520/20 605/64/20
f 601/37/21 613/49/21 619/55/21
f 608/153/22 612/140/22 606/139/22
f 602/154/23 604/520/23 617/145/23
f 616/52/24 605/515/24 610/67/24
f 620/158/25 624/148/25 611/155/25
f 614/156/26 618/144/26 623/159/26
f 728/45/9 723/38/9 721/37/9
f 723/150/10 726/139/10 724/138/10
f 726/139/11 732/140/11 730/46/11
f 732/140/12 728/153/12 729/152/12
f 740/158/13 729/44/13 727/43/13
f 731/141/14 744/148/14 742/58/14
f 744/148/15 740/158/15 741/146/15
f 734/143/16 741/146/16 739/55/16
f 743/149/17 738/144/17 736/52/17
f 738/144/18 734/143/18 735/142/18
f 722/39/19 735/142/19 733/49/19
f 737/145/20 724/520/20 725/64/20
f 721/37/21 733/49/21 739/55/21
f 728/153/22 732/140/22 726/139/22
f 722/154/23 724/520/23 737/145/23
f 736/52/24 725/515/24 730/67/24
f 740/158/25 744/148/25 731/141/25
f 734/143/26 738/144/26 743/149/26
f 752/45/9 747/38/9 745/37/9
f 747/150/10 750/139/10 748/138/10
f 750/139/11 756/140/11 754/68/11
f 756/140/12 752/153/12 753/152/12
f 764/158/13 753/44/13 751/43/13
f 755/155/14 768/148/14 766/58/14
f 768/148/15 764/158/15 765/157/15
f 758/156/16 765/157/16 763/55/16
f 767/159/17 762/144/17 760/52/17
f 762/144/18 758/156/18 759/142/18
f 746/39/19 759/142/19 757/49/19
f 761/145/20 748/520/20 749/64/20
f 745/37/21 757/49/21 763/55/21
f 752/153/22 756/140/22 750/139/22
f 746/154/23 748/520/23 761/145/23
f 760/52/24 749/515/24 754/67/24
f 764/158/25 768/148/25 755/155/25
f 758/156/26 762/144/26 767/159/26
f 992/198/59 987/191/59 985/190/59
f 987/214/60 990/194/60 988/193/60
f 989/195/61 990/194/61 996/200/61
f 996/200/62 992/218/62 993/216/62
f 1004/223/63 993/197/63 991/196/63
f 994/199/64 995/221/64 1008/212/64
f 1008/212/65 1004/223/65 1005/209/65
f 998/222/66 1005/209/66 1003/208/66
f 1006/211/67 1007/213/67 1002/206/67
f 1002/206/68 998/222/68 999/203/68
f 986/192/69 999/203/69 997/202/69
f 1001/207/70 988/224/70 989/217/70
f 985/190/21 997/202/21 1003/208/21
f 992/218/71 996/200/71 990/194/71
f 986/219/72 988/224/72 1001/207/72
f 1000/205/24 989/225/24 994/220/24
f 1004/223/73 1008/212/73 995/221/73
f 998/222/74 1002/206/74 1007/213/74
f 1016/198/83 1011/191/83 1009/190/83
f 1011/214/84 1014/194/84 1012/193/84
f 1013/195/85 1014/194/85 1020/200/85
f 1020/200/86 1016/218/86 1017/216/86
f 1028/210/87 1017/197/87 1015/196/87
f 1018/199/88 1019/201/88 1032/212/88
f 1032/212/89 1028/210/89 1029/209/89
f 1022/204/90 1029/209/90 1027/208/90
f 1030/211/91 1031/213/91 1026/206/91
f 1026/206/92 1022/204/92 1023/203/92
f 1009/190/93 1010/192/93 1023/203/93
f 1024/205/94 1025/207/94 1012/224/94
f 1009/190/21 1021/202/21 1027/208/21
f 1016/218/95 1020/200/95 1014/194/95
f 1010/219/96 1012/224/96 1025/207/96
f 1030/211/24 1024/205/24 1013/225/24
f 1028/210/97 1032/212/97 1019/201/97
f 1022/204/98 1026/206/98 1031/213/98
f 1064/198/131 1059/191/131 1057/190/131
f 1059/214/132 1062/194/132 1060/193/132
f 1061/195/133 1062/194/133 1068/200/133
f 1068/200/134 1064/218/134 1065/216/134
f 1076/210/135 1065/197/135 1063/196/135
f 1066/199/136 1067/201/136 1080/212/136
f 1080/212/137 1076/210/137 1077/209/137
f 1070/204/138 1077/209/138 1075/208/138
f 1079/213/139 1074/206/139 1072/205/139
f 1074/206/140 1070/204/140 1071/203/140
f 1058/192/141 1071/203/141 1069/202/141
f 1072/205/142 1073/207/142 1060/224/142
f 1057/190/21 1069/202/21 1075/208/21
f 1064/218/143 1068/200/143 1062/194/143
f 1058/219/144 1060/224/144 1073/207/144
f 1078/211/24 1072/205/24 1061/225/24
f 1076/210/145 1080/212/145 1067/201/145
f 1070/204/146 1074/206/146 1079/213/146
f 1087/196/155 1088/198/155 1083/191/155
f 1083/214/156 1086/194/156 1084/193/156
f 1086/194/157 1092/200/157 1090/199/157
f 1092/200/158 1088/218/158 1089/216/158
f 1100/223/159 1089/197/159 1087/196/159
f 1091/221/160 1104/212/160 1102/211/160
f 1104/212/161 1100/223/161 1101/209/161
f 1093/202/162 1094/222/162 1101/209/162
f 1102/211/163 1103/213/163 1098/206/163
f 1098/206/164 1094/222/164 1095/203/164
f 1081/190/165 1082/192/165 1095/203/165
f 1097/207/166 1084/224/166 1085/217/166
f 1087/196/21 1081/190/21 1093/202/21
f 1088/218/167 1092/200/167 1086/194/167
f 1082/219/168 1084/224/168 1097/207/168
f 1096/205/24 1085/225/24 1090/220/24
f 1100/223/169 1104/212/169 1091/221/169
f 1094/222/170 1098/206/170 1103/213/170
f 1136/198/16 1131/191/16 1129/190/16
f 1131/214/15 1134/194/15 1132/193/15
f 1134/194/17 1140/200/17 1138/199/17
f 1140/200/18 1136/218/18 1137/216/18
f 1148/210/19 1137/197/19 1135/196/19
f 1139/221/20 1152/212/20 1150/211/20
f 1152/212/10 1148/210/10 1149/209/10
f 1142/222/9 1149/209/9 1147/208/9
f 1151/213/11 1146/206/11 1144/205/11
f 1146/206/12 1142/222/12 1143/203/12
f 1130/192/13 1143/203/13 1141/202/13
f 1145/207/14 1132/224/14 1133/217/14
f 1129/190/21 1141/202/21 1147/208/21
f 1136/218/26 1140/200/26 1134/194/26
f 1130/219/25 1132/224/25 1145/207/25
f 1144/205/24 1133/225/24 1138/220/24
f 1148/210/23 1152/212/23 1139/221/23
f 1142/222/22 1146/206/22 1151/213/22
f 1160/198/66 1155/191/66 1153/190/66
f 1155/214/65 1158/194/65 1156/193/65
f 1158/194/67 1164/200/67 1162/199/67
f 1164/200/68 1160/218/68 1161/216/68
f 1171/208/69 1172/223/69 1161/197/69
f 1163/201/70 1176/212/70 1174/211/70
f 1176/212/60 1172/223/60 1173/209/60
f 1166/204/59 1173/209/59 1171/208/59
f 1174/211/61 1175/213/61 1170/206/61
f 1170/206/62 1166/204/62 1167/203/62
f 1154/192/63 1167/203/63 1165/202/63
f 1168/205/64 1169/207/64 1156/224/64
f 1153/190/21 1165/202/21 1171/208/21
f 1160/218/74 1164/200/74 1158/194/74
f 1154/219/73 1156/224/73 1169/207/73
f 1168/205/24 1157/225/24 1162/220/24
f 1172/223/72 1176/212/72 1163/201/72
f 1166/204/71 1170/206/71 1175/213/71
f 1207/196/114 1208/198/114 1203/191/114
f 1203/214/113 1206/194/113 1204/193/113
f 1206/194/208 1212/200/208 1210/199/208
f 1212/200/116 1208/218/116 1209/216/116
f 1219/208/415 1220/210/415 1209/197/415
f 1211/201/118 1224/212/118 1222/211/118
f 1224/212/108 1220/210/108 1221/209/108
f 1213/202/107 1214/204/107 1221/209/107
f 1223/213/109 1218/206/109 1216/205/109
f 1218/206/110 1214/204/110 1215/203/110
f 1201/190/111 1202/192/111 1215/203/111
f 1217/207/416 1204/224/416 1205/217/416
f 1207/196/21 1201/190/21 1213/202/21
f 1208/218/122 1212/200/122 1206/194/122
f 1202/219/121 1204/224/121 1217/207/121
f 1216/205/24 1205/225/24 1210/220/24
f 1220/210/120 1224/212/120 1211/201/120
f 1214/204/119 1218/206/119 1223/213/119
f 1232/198/138 1227/191/138 1225/190/138
f 1227/214/137 1230/194/137 1228/193/137
f 1229/195/139 1230/194/139 1236/200/139
f 1236/200/140 1232/218/140 1233/216/140
f 1243/208/141 1244/210/141 1233/197/141
f 1234/199/417 1235/201/417 1248/212/417
f 1248/212/132 1244/210/132 1245/209/132
f 1238/204/131 1245/209/131 1243/208/131
f 1247/213/133 1242/206/133 1240/205/133
f 1242/206/134 1238/204/134 1239/203/134
f 1225/190/135 1226/192/135 1239/203/135
f 1240/205/136 1241/207/136 1228/224/136
f 1225/190/21 1237/202/21 1243/208/21
f 1232/218/146 1236/200/146 1230/194/146
f 1226/219/145 1228/224/145 1241/207/145
f 1246/211/24 1240/205/24 1229/225/24
f 1244/210/144 1248/212/144 1235/201/144
f 1238/204/143 1242/206/143 1247/213/143
f 1280/198/186 1275/191/186 1273/190/186
f 1275/214/185 1278/194/185 1276/193/185
f 1278/194/187 1284/200/187 1282/199/187
f 1284/200/188 1280/218/188 1281/216/188
f 1291/208/189 1292/223/189 1281/197/189
f 1283/201/190 1296/212/190 1294/211/190
f 1296/212/180 1292/223/180 1293/209/180
f 1285/202/179 1286/204/179 1293/209/179
f 1295/213/181 1290/206/181 1288/205/181
f 1290/206/182 1286/204/182 1287/203/182
f 1273/190/183 1274/192/183 1287/203/183
f 1289/207/184 1276/224/184 1277/217/184
f 1273/190/21 1285/202/21 1291/208/21
f 1280/218/194 1284/200/194 1278/194/194
f 1274/219/193 1276/224/193 1289/207/193
f 1288/205/24 1277/225/24 1282/220/24
f 1292/223/192 1296/212/192 1283/201/192
f 1286/204/191 1290/206/191 1295/213/191
s 1
f 1568/349/321 1567/524/418 1571/350/322
f 1573/352/324 1569/413/379 1570/353/325
f 1572/351/323 1571/350/322 1575/355/327
f 1577/357/329 1573/352/324 1574/354/326
f 1575/355/327 1579/361/333 1580/359/331
f 1582/360/332 1581/364/336 1577/357/329
f 1579/361/333 1583/525/408 1584/362/334
f 1586/363/335 1585/526/409 1581/364/336
f 1584/362/334 1583/525/408 1587/365/337
f 1589/367/339 1585/526/409 1586/363/335
f 1588/366/338 1587/365/337 1591/369/341
f 1593/371/343 1589/367/339 1590/368/340
f 1591/369/341 1595/375/347 1596/373/345
f 1598/374/346 1597/527/410 1593/371/343
f 1595/375/347 1599/379/351 1600/376/348
f 1601/377/349 1597/527/410 1598/374/346
f 1599/379/351 1603/405/377 1604/380/352
f 1605/381/353 1601/377/349 1602/378/350
f 1604/380/352 1603/405/377 1607/383/355
f 1609/385/357 1605/381/353 1606/382/354
f 1607/383/355 1611/389/361 1612/387/359
f 1614/388/360 1613/392/364 1609/385/357
f 1611/389/361 1615/528/413 1616/390/362
f 1618/391/363 1617/412/378 1613/392/364
f 1616/390/362 1615/528/413 1619/393/365
f 1621/395/367 1617/412/378 1618/391/363
f 1620/394/366 1619/393/365 1623/397/369
f 1625/399/371 1621/395/367 1622/396/368
f 1623/397/369 1627/403/375 1628/401/373
f 1630/402/374 1629/404/376 1625/399/371
f 1627/403/375 1567/524/418 1568/349/321
f 1570/353/325 1569/413/379 1629/404/376
f 1571/350/322 1567/524/418 1627/403/375
f 1627/403/375 1623/397/369 1619/393/365
f 1619/393/365 1615/528/413 1611/389/361
f 1611/389/361 1607/383/355 1603/405/377
f 1603/405/377 1599/379/351 1595/375/347
f 1595/375/347 1591/369/341 1587/365/337
f 1587/365/337 1583/525/408 1579/361/333
f 1579/361/333 1575/355/327 1571/350/322
f 1571/350/322 1627/403/375 1619/393/365
f 1619/393/365 1611/389/361 1603/405/377
f 1603/405/377 1595/375/347 1587/365/337
f 1587/365/337 1579/361/333 1571/350/322
f 1571/350/322 1619/393/365 1603/405/377
f 1572/406/323 1574/415/326 1570/407/325
f 1568/409/321 1570/529/325 1630/410/374
f 1569/413/379 1573/352/324 1577/357/329
f 1577/357/329 1581/364/336 1585/526/409
f 1585/526/409 1589/367/339 1593/371/343
f 1593/371/343 1597/527/410 1601/377/349
f 1601/377/349 1605/381/353 1609/385/357
f 1609/385/357 1613/392/364 1617/412/378
f 1617/412/378 1621/395/367 1625/399/371
f 1625/399/371 1629/404/376 1569/413/379
f 1569/413/379 1577/357/329 1585/526/409
f 1585/526/409 1593/371/343 1601/377/349
f 1601/377/349 1609/385/357 1617/412/378
f 1617/412/378 1625/399/371 1569/413/379
f 1569/413/379 1585/526/409 1601/377/349
f 1576/414/328 1578/417/330 1574/415/326
f 1580/416/331 1582/419/332 1578/417/330
f 1584/418/334 1586/421/335 1582/419/332
f 1588/420/338 1590/423/340 1586/421/335
f 1592/422/342 1594/425/344 1590/423/340
f 1596/424/345 1598/427/346 1594/425/344
f 1600/426/348 1602/429/350 1598/427/346
f 1604/428/352 1606/431/354 1602/429/350
f 1608/430/356 1610/433/358 1606/431/354
f 1612/432/359 1614/435/360 1610/433/358
f 1616/434/362 1618/437/363 1614/435/360
f 1620/436/366 1622/439/368 1618/437/363
f 1624/438/370 1626/440/372 1622/439/368
f 1628/411/373 1630/410/374 1626/440/372
s 0
f 1662/198/59 1657/191/59 1655/190/59
f 1657/454/60 1660/443/60 1658/442/60
f 1659/195/61 1660/443/61 1666/444/61
f 1666/444/62 1662/457/62 1663/456/62
f 1674/462/63 1663/197/63 1661/196/63
f 1665/445/64 1678/452/64 1676/211/64
f 1678/452/65 1674/462/65 1675/461/65
f 1667/202/66 1668/459/66 1675/461/66
f 1676/211/67 1677/463/67 1672/460/67
f 1672/460/68 1668/459/68 1669/446/68
f 1656/441/69 1669/446/69 1667/202/69
f 1670/205/70 1671/449/70 1658/464/70
f 1661/196/21 1655/190/21 1667/202/21
f 1662/457/71 1666/444/71 1660/443/71
f 1656/458/72 1658/464/72 1671/449/72
f 1670/205/24 1659/225/24 1664/220/24
f 1674/462/73 1678/452/73 1665/445/73
f 1668/459/74 1672/460/74 1677/463/74
f 1685/196/83 1686/198/83 1681/191/83
f 1681/454/84 1684/443/84 1682/442/84
f 1684/443/85 1690/444/85 1688/199/85
f 1690/444/86 1686/457/86 1687/456/86
f 1697/208/87 1698/451/87 1687/197/87
f 1689/445/88 1702/452/88 1700/211/88
f 1702/452/89 1698/451/89 1699/450/89
f 1692/447/90 1699/450/90 1697/208/90
f 1701/453/91 1696/448/91 1694/205/91
f 1696/448/92 1692/447/92 1693/446/92
f 1679/190/93 1680/441/93 1693/446/93
f 1695/449/94 1682/464/94 1683/217/94
f 1679/190/21 1691/202/21 1697/208/21
f 1686/457/95 1690/444/95 1684/443/95
f 1680/458/96 1682/464/96 1695/449/96
f 1700/211/24 1694/205/24 1683/225/24
f 1698/451/97 1702/452/97 1689/445/97
f 1692/447/98 1696/448/98 1701/453/98
f 1734/198/131 1729/191/131 1727/190/131
f 1729/454/132 1732/443/132 1730/442/132
f 1731/195/133 1732/443/133 1738/444/133
f 1738/444/134 1734/457/134 1735/456/134
f 1746/462/135 1735/197/135 1733/196/135
f 1736/199/136 1737/445/136 1750/452/136
f 1750/452/137 1746/462/137 1747/450/137
f 1740/447/138 1747/450/138 1745/208/138
f 1748/211/139 1749/453/139 1744/448/139
f 1744/448/140 1740/447/140 1741/446/140
f 1728/441/141 1741/446/141 1739/202/141
f 1742/205/142 1743/449/142 1730/464/142
f 1733/196/21 1727/190/21 1739/202/21
f 1734/457/143 1738/444/143 1732/443/143
f 1728/458/144 1730/464/144 1743/449/144
f 1742/205/24 1731/225/24 1736/220/24
f 1746/462/145 1750/452/145 1737/445/145
f 1740/447/146 1744/448/146 1749/453/146
f 1758/198/155 1753/191/155 1751/190/155
f 1753/454/156 1756/443/156 1754/442/156
f 1755/195/157 1756/443/157 1762/444/157
f 1762/444/158 1758/457/158 1759/456/158
f 1770/451/159 1759/197/159 1757/196/159
f 1760/199/160 1761/445/160 1774/452/160
f 1774/452/161 1770/451/161 1771/461/161
f 1764/459/162 1771/461/162 1769/208/162
f 1772/211/163 1773/463/163 1768/460/163
f 1768/460/164 1764/459/164 1765/446/164
f 1752/441/165 1765/446/165 1763/202/165
f 1766/205/166 1767/449/166 1754/464/166
f 1757/196/21 1751/190/21 1763/202/21
f 1758/457/167 1762/444/167 1756/443/167
f 1752/458/168 1754/464/168 1767/449/168
f 1766/205/24 1755/225/24 1760/220/24
f 1770/451/169 1774/452/169 1761/445/169
f 1764/459/170 1768/460/170 1773/463/170
f 1806/198/16 1801/191/16 1799/190/16
f 1801/454/15 1804/443/15 1802/442/15
f 1804/443/17 1810/444/17 1808/199/17
f 1810/444/18 1806/457/18 1807/456/18
f 1818/462/19 1807/197/19 1805/196/19
f 1809/445/20 1822/452/20 1820/211/20
f 1822/452/10 1818/462/10 1819/461/10
f 1812/459/9 1819/461/9 1817/208/9
f 1821/463/11 1816/460/11 1814/205/11
f 1816/460/12 1812/459/12 1813/446/12
f 1800/441/13 1813/446/13 1811/202/13
f 1815/449/14 1802/464/14 1803/217/14
f 1799/190/21 1811/202/21 1817/208/21
f 1806/457/26 1810/444/26 1804/443/26
f 1800/458/25 1802/464/25 1815/449/25
f 1814/205/24 1803/225/24 1808/220/24
f 1818/462/23 1822/452/23 1809/445/23
f 1812/459/22 1816/460/22 1821/463/22
f 1830/198/66 1825/191/66 1823/190/66
f 1825/454/65 1828/443/65 1826/442/65
f 1827/195/67 1828/443/67 1834/444/67
f 1834/444/68 1830/457/68 1831/456/68
f 1842/451/69 1831/197/69 1829/196/69
f 1832/199/70 1833/445/70 1846/452/70
f 1846/452/60 1842/451/60 1843/450/60
f 1836/447/59 1843/450/59 1841/208/59
f 1844/211/61 1845/453/61 1840/448/61
f 1840/448/62 1836/447/62 1837/446/62
f 1824/441/63 1837/446/63 1835/202/63
f 1838/205/64 1839/449/64 1826/464/64
f 1823/190/21 1835/202/21 1841/208/21
f 1830/457/74 1834/444/74 1828/443/74
f 1824/458/73 1826/464/73 1839/449/73
f 1838/205/24 1827/225/24 1832/220/24
f 1842/451/72 1846/452/72 1833/445/72
f 1836/447/71 1840/448/71 1845/453/71
f 1877/196/114 1878/198/114 1873/191/114
f 1873/454/113 1876/443/113 1874/442/113
f 1875/195/208 1876/443/208 1882/444/208
f 1882/444/116 1878/457/116 1879/456/116
f 1889/208/117 1890/462/117 1879/197/117
f 1881/445/118 1894/452/118 1892/211/118
f 1894/452/108 1890/462/108 1891/450/108
f 1883/202/107 1884/447/107 1891/450/107
f 1893/453/109 1888/448/109 1886/205/109
f 1888/448/110 1884/447/110 1885/446/110
f 1871/190/111 1872/441/111 1885/446/111
f 1887/449/112 1874/464/112 1875/217/112
f 1877/196/21 1871/190/21 1883/202/21
f 1878/457/122 1882/444/122 1876/443/122
f 1872/458/121 1874/464/121 1887/449/121
f 1886/205/24 1875/225/24 1880/220/24
f 1890/462/120 1894/452/120 1881/445/120
f 1884/447/119 1888/448/119 1893/453/119
f 1902/198/138 1897/191/138 1895/190/138
f 1897/454/137 1900/443/137 1898/442/137
f 1900/443/139 1906/444/139 1904/199/139
f 1906/444/140 1902/457/140 1903/456/140
f 1914/451/419 1903/197/419 1901/196/419
f 1905/445/142 1918/452/142 1916/211/142
f 1918/452/132 1914/451/132 1915/461/132
f 1908/459/131 1915/461/131 1913/208/131
f 1916/211/133 1917/463/133 1912/460/133
f 1912/460/134 1908/459/134 1909/446/134
f 1896/441/135 1909/446/135 1907/202/135
f 1910/205/136 1911/449/136 1898/464/136
f 1895/190/21 1907/202/21 1913/208/21
f 1902/457/146 1906/444/146 1900/443/146
f 1896/458/145 1898/464/145 1911/449/145
f 1916/211/24 1910/205/24 1899/225/24
f 1914/451/144 1918/452/144 1905/445/144
f 1908/459/143 1912/460/143 1917/463/143
f 1949/196/186 1950/198/186 1945/191/186
f 1945/454/185 1948/443/185 1946/442/185
f 1948/443/187 1954/444/187 1952/199/187
f 1954/444/188 1950/457/188 1951/456/188
f 1961/208/189 1962/462/189 1951/197/189
f 1953/445/190 1966/452/190 1964/211/190
f 1966/452/180 1962/462/180 1963/461/180
f 1955/202/179 1956/459/179 1963/461/179
f 1965/463/181 1960/460/181 1958/205/181
f 1960/460/182 1956/459/182 1957/446/182
f 1943/190/183 1944/441/183 1957/446/183
f 1959/449/184 1946/464/184 1947/217/184
f 1943/190/21 1955/202/21 1961/208/21
f 1950/457/194 1954/444/194 1948/443/194
f 1944/458/193 1946/464/193 1959/449/193
f 1958/205/24 1947/225/24 1952/220/24
f 1962/462/192 1966/452/192 1953/445/192
f 1956/459/191 1960/460/191 1965/463/191
s 1
f 2238/349/321 2237/531/418 2241/473/322
f 2243/474/324 2239/511/379 2240/353/325
f 2242/351/323 2241/473/322 2245/475/327
f 2247/476/329 2243/474/324 2244/354/326
f 2246/356/328 2245/475/327 2249/477/333
f 2251/478/336 2247/476/329 2248/358/407
f 2249/477/333 2253/479/408 2254/362/334
f 2256/363/335 2255/480/409 2251/478/336
f 2253/479/408 2257/510/337 2258/366/338
f 2260/368/340 2259/484/339 2255/480/409
f 2258/366/338 2257/510/337 2261/481/341
f 2264/483/344 2263/532/343 2259/484/339
f 2262/482/342 2261/481/341 2265/485/347
f 2267/487/410 2263/532/343 2264/483/344
f 2266/486/345 2265/485/347 2269/489/351
f 2271/490/349 2267/487/410 2268/488/346
f 2269/489/351 2273/509/377 2274/491/352
f 2275/492/353 2271/490/349 2272/378/350
f 2274/491/352 2273/509/377 2277/494/355
f 2279/496/357 2275/492/353 2276/493/354
f 2278/495/411 2277/494/355 2281/498/361
f 2283/499/364 2279/496/357 2280/497/412
f 2282/387/359 2281/498/361 2285/501/413
f 2287/502/378 2283/499/364 2284/500/360
f 2286/390/362 2285/501/413 2289/503/365
f 2292/504/368 2291/506/367 2287/502/378
f 2289/503/365 2293/533/369 2294/398/414
f 2296/505/372 2295/534/371 2291/506/367
f 2294/398/414 2293/533/369 2297/507/375
f 2299/508/376 2295/534/371 2296/505/372
f 2297/507/375 2237/531/418 2238/349/321
f 2240/353/325 2239/511/379 2299/508/376
f 2241/473/322 2237/531/418 2297/507/375
f 2297/507/375 2293/533/369 2289/503/365
f 2289/503/365 2285/501/413 2281/498/361
f 2281/498/361 2277/494/355 2273/509/377
f 2273/509/377 2269/489/351 2265/485/347
f 2265/485/347 2261/481/341 2257/510/337
f 2257/510/337 2253/479/408 2249/477/333
f 2249/477/333 2245/475/327 2241/473/322
f 2241/473/322 2297/507/375 2289/503/365
f 2289/503/365 2281/498/361 2273/509/377
f 2273/509/377 2265/485/347 2257/510/337
f 2257/510/337 2249/477/333 2241/473/322
f 2241/473/322 2289/503/365 2273/509/377
f 2242/406/323 2244/415/326 2240/407/325
f 2238/409/321 2240/529/325 2300/410/374
f 2239/511/379 2243/474/324 2247/476/329
f 2247/476/329 2251/478/336 2255/480/409
f 2255/480/409 2259/484/339 2263/532/343
f 2263/532/343 2267/487/410 2271/490/349
f 2271/490/349 2275/492/353 2279/496/357
f 2279/496/357 2283/499/364 2287/502/378
f 2287/502/378 2291/506/367 2295/534/371
f 2295/534/371 2299/508/376 2239/511/379
f 2239/511/379 2247/476/329 2255/480/409
f 2255/480/409 2263/532/343 2271/490/349
f 2271/490/349 2279/496/357 2287/502/378
f 2287/502/378 2295/534/371 2239/511/379
f 2239/511/379 2255/480/409 2271/490/349
f 2246/414/328 2248/417/407 2244/415/326
f 2250/416/331 2252/419/332 2248/417/407
f 2254/418/334 2256/421/335 2252/419/332
f 2258/420/338 2260/423/340 2256/421/335
f 2262/422/342 2264/425/344 2260/423/340
f 2266/424/345 2268/427/346 2264/425/344
f 2270/426/348 2272/429/350 2268/427/346
f 2274/428/352 2276/431/354 2272/429/350
f 2278/430/411 2280/433/412 2276/431/354
f 2282/432/359 2284/435/360 2280/433/412
f 2286/434/362 2288/437/363 2284/435/360
f 2290/436/366 2292/439/368 2288/437/363
f 2294/438/414 2296/440/372 2292/439/368
f 2298/411/373 2300/410/374 2296/440/372
usemtl Brass
f 1297/236/26 1303/237/222 1302/238/223
f 1299/239/224 1303/237/222 1298/240/225
f 1300/241/226 1304/242/227 1299/243/224
f 1300/241/226 1306/244/228 1305/245/229
f 1297/236/26 1306/244/228 1301/246/230
f 1302/238/223 1308/247/231 1307/248/232
f 1304/249/227 1308/247/231 1303/237/222
f 1305/245/229 1309/250/233 1304/242/227
f 1305/245/229 1311/251/234 1310/252/235
f 1302/238/223 1311/251/234 1306/244/228
f 1307/248/232 1313/253/236 1312/254/237
f 1309/255/233 1313/253/236 1308/247/231
f 1310/252/235 1314/256/238 1309/250/233
f 1310/252/235 1316/257/239 1315/258/240
f 1307/248/232 1316/257/239 1311/251/234
f 1313/253/236 1317/259/241 1312/254/237
f 1313/253/236 1319/260/242 1318/261/243
f 1315/258/240 1319/262/242 1314/256/238
f 1316/257/239 1320/263/244 1315/258/240
f 1316/257/239 1317/259/241 1321/264/245
f 1318/261/243 1322/265/246 1317/259/241
f 1319/260/242 1323/266/247 1318/261/243
f 1320/263/244 1324/267/248 1319/262/242
f 1321/264/245 1325/268/249 1320/263/244
f 1317/259/241 1326/269/250 1321/264/245
f 1323/266/247 1327/270/251 1322/265/246
f 1323/266/247 1329/271/252 1328/272/253
f 1325/268/249 1329/273/252 1324/267/248
f 1325/268/249 1331/274/254 1330/275/255
f 1322/265/246 1331/274/254 1326/269/250
f 1328/272/253 1332/276/256 1327/270/251
f 1329/271/252 1333/277/257 1328/272/253
f 1330/275/255 1334/278/258 1329/273/252
f 1330/275/255 1336/279/259 1335/280/260
f 1331/274/254 1332/276/256 1336/279/259
f 1333/277/257 1337/281/261 1332/276/256
f 1333/277/257 1339/282/262 1338/283/263
f 1335/280/260 1339/284/262 1334/278/258
f 1336/279/259 1340/285/264 1335/280/260
f 1332/276/256 1341/286/265 1336/279/259
f 1338/283/263 1342/287/22 1337/281/261
f 1339/282/262 1343/288/266 1338/283/263
f 1340/285/264 1344/289/267 1339/284/262
f 1340/285/264 1346/290/268 1345/291/269
f 1337/281/261 1346/290/268 1341/286/265
f 1342/292/22 1348/293/270 1347/294/271
f 1344/295/267 1348/293/270 1343/296/266
f 1345/297/269 1349/298/272 1344/299/267
f 1345/297/269 1351/300/273 1350/301/274
f 1342/292/22 1351/300/273 1346/302/268
f 1348/293/270 1352/303/275 1347/294/271
f 1348/293/270 1354/304/276 1353/305/277
f 1350/301/274 1354/306/276 1349/298/272
f 1351/300/273 1355/307/278 1350/301/274
f 1351/300/273 1352/303/275 1356/308/279
f 1353/305/277 1357/309/280 1352/303/275
f 1353/305/277 1359/310/281 1358/311/282
f 1355/307/278 1359/312/281 1354/306/276
f 1356/308/279 1360/313/283 1355/307/278
f 1352/303/275 1361/314/284 1356/308/279
f 1357/309/280 1363/315/285 1362/316/286
f 1358/311/282 1364/317/287 1363/315/285
f 1360/313/283 1364/318/287 1359/312/281
f 1361/314/284 1365/319/288 1360/313/283
f 1357/309/280 1366/320/289 1361/314/284
f 1363/315/285 1367/321/290 1362/316/286
f 1364/317/287 1368/322/291 1363/315/285
f 1365/319/288 1369/323/292 1364/318/287
f 1366/320/289 1370/324/293 1365/319/288
f 1362/316/286 1371/325/294 1366/320/289
f 1367/321/290 1373/326/295 1372/327/296
f 1369/328/292 1373/326/295 1368/322/291
f 1370/324/293 1374/329/297 1369/323/292
f 1371/325/294 1375/330/298 1370/324/293
f 1367/321/290 1376/331/299 1371/325/294
f 1373/326/295 1377/332/300 1372/327/296
f 1373/326/295 1379/333/301 1378/334/302
f 1375/330/298 1379/335/301 1374/329/297
f 1376/331/299 1380/336/303 1375/330/298
f 1372/327/296 1381/337/304 1376/331/299
f 1378/334/302 1382/338/305 1377/332/300
f 1378/334/302 1384/339/306 1383/340/307
f 1380/336/303 1384/341/306 1379/335/301
f 1381/337/304 1385/342/308 1380/336/303
f 1381/337/304 1382/338/305 1386/343/309
f 1382/338/305 1298/240/225 1297/236/26
f 1384/339/306 1298/240/225 1383/340/307
f 1385/342/308 1299/243/224 1384/341/306
f 1386/343/309 1300/241/226 1385/342/308
f 1382/338/305 1301/246/230 1386/343/309
f 1387/236/26 1393/237/222 1392/238/223
f 1389/239/224 1393/237/222 1388/240/225
f 1390/241/226 1394/242/227 1389/243/224
f 1390/241/226 1396/244/228 1395/245/229
f 1387/236/26 1396/244/228 1391/246/230
f 1392/238/223 1398/247/231 1397/248/232
f 1394/249/227 1398/247/231 1393/237/222
f 1395/245/229 1399/250/233 1394/242/227
f 1395/245/229 1401/251/234 1400/252/235
f 1392/238/223 1401/251/234 1396/244/228
f 1397/248/232 1403/253/236 1402/254/237
f 1399/255/233 1403/253/236 1398/247/231
f 1400/252/235 1404/256/238 1399/250/233
f 1400/252/235 1406/257/239 1405/258/240
f 1397/248/232 1406/257/239 1401/251/234
f 1403/253/236 1407/259/241 1402/254/237
f 1403/253/236 1409/260/242 1408/261/243
f 1405/258/240 1409/262/242 1404/256/238
f 1406/257/239 1410/263/244 1405/258/240
f 1406/257/239 1407/259/241 1411/264/245
f 1408/261/243 1412/265/246 1407/259/241
f 1409/260/242 1413/266/247 1408/261/243
f 1410/263/244 1414/267/248 1409/262/242
f 1411/264/245 1415/268/249 1410/263/244
f 1407/259/241 1416/269/250 1411/264/245
f 1413/266/247 1417/270/251 1412/265/246
f 1413/266/247 1419/271/252 1418/272/253
f 1415/268/249 1419/273/252 1414/267/248
f 1415/268/249 1421/274/254 1420/275/255
f 1412/265/246 1421/274/254 1416/269/250
f 1418/272/253 1422/276/256 1417/270/251
f 1419/271/252 1423/277/257 1418/272/253
f 1420/275/255 1424/278/258 1419/273/252
f 1420/275/255 1426/279/259 1425/280/260
f 1421/274/254 1422/276/256 1426/279/259
f 1422/276/256 1428/283/310 1427/281/261
f 1423/277/257 1429/282/262 1428/283/310
f 1425/280/260 1429/284/262 1424/278/258
f 1426/279/259 1430/285/264 1425/280/260
f 1426/279/259 1427/281/261 1431/286/265
f 1428/283/310 1432/287/22 1427/281/261
f 1429/282/262 1433/288/266 1428/283/310
f 1430/285/264 1434/289/267 1429/284/262
f 1430/285/264 1436/290/268 1435/291/269
f 1427/281/261 1436/290/268 1431/286/265
f 1433/296/266 1437/294/271 1432/292/22
f 1434/295/267 1438/293/270 1433/296/266
f 1435/297/269 1439/298/272 1434/299/267
f 1435/297/269 1441/300/273 1440/301/274
f 1432/292/22 1441/300/273 1436/302/268
f 1438/293/270 1442/303/275 1437/294/271
f 1438/293/270 1444/304/276 1443/305/277
f 1440/301/274 1444/306/276 1439/298/272
f 1441/300/273 1445/307/278 1440/301/274
f 1441/300/273 1442/303/275 1446/308/279
f 1443/305/277 1447/309/280 1442/303/275
f 1443/305/277 1449/310/281 1448/311/282
f 1445/307/278 1449/312/281 1444/306/276
f 1446/308/279 1450/313/283 1445/307/278
f 1442/303/275 1451/314/284 1446/308/279
f 1447/309/280 1453/315/311 1452/316/286
f 1448/311/282 1454/317/287 1453/315/311
f 1450/313/283 1454/318/287 1449/312/281
f 1451/314/284 1455/319/288 1450/313/283
f 1447/309/280 1456/320/289 1451/314/284
f 1453/315/311 1457/321/290 1452/316/286
f 1453/315/311 1459/328/292 1458/322/312
f 1455/319/288 1459/323/292 1454/318/287
f 1456/320/289 1460/324/293 1455/319/288
f 1452/316/286 1461/325/294 1456/320/289
f 1457/321/290 1463/326/295 1462/327/296
f 1459/328/292 1463/326/295 1458/322/312
f 1460/324/293 1464/329/297 1459/323/292
f 1461/325/294 1465/330/298 1460/324/293
f 1457/321/290 1466/331/299 1461/325/294
f 1463/326/295 1467/332/300 1462/327/296
f 1463/326/295 1469/333/301 1468/334/302
f 1465/330/298 1469/335/301 1464/329/297
f 1466/331/299 1470/336/303 1465/330/298
f 1462/327/296 1471/337/304 1466/331/299
f 1468/334/302 1472/338/305 1467/332/300
f 1468/334/302 1474/339/306 1473/340/307
f 1470/336/303 1474/341/306 1469/335/301
f 1471/337/304 1475/342/308 1470/336/303
f 1471/337/304 1472/338/305 1476/343/309
f 1472/338/305 1388/240/225 1387/236/26
f 1474/339/306 1388/240/225 1473/340/307
f 1475/342/308 1389/243/224 1474/341/306
f 1476/343/309 1390/241/226 1475/342/308
f 1472/338/305 1391/246/230 1476/343/309
f 1477/236/26 1483/237/222 1482/238/223
f 1479/239/224 1483/237/222 1478/240/225
f 1480/241/226 1484/242/227 1479/243/224
f 1480/241/226 1486/244/228 1485/245/229
f 1477/236/26 1486/244/228 1481/246/230
f 1482/238/223 1488/247/231 1487/248/232
f 1484/249/227 1488/247/231 1483/237/222
f 1485/245/229 1489/250/233 1484/242/227
f 1485/245/229 1491/251/234 1490/252/235
f 1482/238/223 1491/251/234 1486/244/228
f 1487/248/232 1493/253/236 1492/254/237
f 1489/255/233 1493/253/236 1488/247/231
f 1490/252/235 1494/256/238 1489/250/233
f 1490/252/235 1496/257/239 1495/258/240
f 1487/248/232 1496/257/239 1491/251/234
f 1493/253/236 1497/259/241 1492/254/237
f 1493/253/236 1499/260/242 1498/261/313
f 1495/258/240 1499/262/242 1494/256/238
f 1495/258/240 1501/264/314 1500/263/244
f 1496/257/239 1497/259/241 1501/264/314
f 1498/261/313 1502/265/246 1497/259/241
f 1498/261/313 1504/344/248 1503/266/315
f 1500/263/244 1504/267/248 1499/262/242
f 1501/264/314 1505/268/249 1500/263/244
f 1497/259/241 1506/269/250 1501/264/314
f 1503/266/315 1507/270/251 1502/265/246
f 1504/344/248 1508/272/253 1503/266/315
f 1505/268/249 1509/273/252 1504/267/248
f 1505/268/249 1511/274/254 1510/275/255
f 1502/265/246 1511/274/254 1506/269/250
f 1508/272/253 1512/276/256 1507/270/251
f 1508/272/253 1514/345/258 1513/277/257
f 1510/275/255 1514/278/258 1509/273/252
f 1510/275/255 1516/279/259 1515/280/260
f 1511/274/254 1512/276/256 1516/279/259
f 1513/277/257 1517/281/261 1512/276/256
f 1514/345/258 1518/283/310 1513/277/257
f 1515/280/260 1519/284/262 1514/278/258
f 1516/279/259 1520/285/264 1515/280/260
f 1512/276/256 1521/286/316 1516/279/259
f 1518/283/310 1522/287/22 1517/281/261
f 1518/283/310 1524/346/267 1523/288/266
f 1520/285/264 1524/289/267 1519/284/262
f 1521/286/316 1525/291/269 1520/285/264
f 1517/281/261 1526/290/268 1521/286/316
f 1523/296/266 1527/294/271 1522/292/22
f 1524/295/267 1528/293/317 1523/296/266
f 1525/297/269 1529/298/272 1524/299/267
f 1525/297/269 1531/300/318 1530/301/274
f 1522/292/22 1531/300/318 1526/302/268
f 1528/293/317 1532/303/275 1527/294/271
f 1529/347/272 1533/305/277 1528/293/317
f 1530/301/274 1534/306/276 1529/298/272
f 1530/301/274 1536/308/279 1535/307/278
f 1531/300/318 1532/303/275 1536/308/279
f 1533/305/277 1537/309/280 1532/303/275
f 1533/305/277 1539/310/281 1538/311/282
f 1535/307/278 1539/312/281 1534/306/276
f 1536/308/279 1540/313/283 1535/307/278
f 1532/303/275 1541/314/284 1536/308/279
f 1537/309/280 1543/315/285 1542/316/286
f 1538/311/282 1544/317/287 1543/315/285
f 1540/313/283 1544/318/287 1539/312/281
f 1541/314/284 1545/319/288 1540/313/283
f 1537/309/280 1546/320/289 1541/314/284
f 1543/315/285 1547/321/290 1542/316/286
f 1544/317/287 1548/322/291 1543/315/285
f 1545/319/288 1549/323/292 1544/318/287
f 1546/320/289 1550/324/293 1545/319/288
f 1542/316/286 1551/325/319 1546/320/289
f 1547/321/290 1553/326/295 1552/327/296
f 1549/328/292 1553/326/295 1548/322/291
f 1550/324/293 1554/329/297 1549/323/292
f 1550/324/293 1556/331/299 1555/330/298
f 1547/321/290 1556/331/299 1551/325/319
f 1553/326/295 1557/332/300 1552/327/296
f 1554/348/297 1558/334/302 1553/326/295
f 1555/330/298 1559/335/301 1554/329/297
f 1556/331/299 1560/336/303 1555/330/298
f 1552/327/296 1561/337/304 1556/331/299
f 1558/334/302 1562/338/305 1557/332/300
f 1559/333/301 1563/340/320 1558/334/302
f 1560/336/303 1564/341/306 1559/335/301
f 1561/337/304 1565/342/308 1560/336/303
f 1561/337/304 1562/338/305 1566/343/309
f 1562/338/305 1478/240/225 1477/236/26
f 1563/340/320 1479/239/224 1478/240/225
f 1565/342/308 1479/243/224 1564/341/306
f 1566/343/309 1480/241/226 1565/342/308
f 1562/338/305 1481/246/230 1566/343/309
f 1968/240/225 1972/238/223 1967/236/26
f 1969/239/224 1973/237/222 1968/240/225
f 1970/241/226 1974/242/227 1969/243/224
f 1970/241/226 1976/244/228 1975/245/229
f 1971/246/230 1972/238/223 1976/244/228
f 1972/238/223 1978/247/231 1977/248/401
f 1974/249/227 1978/247/231 1973/237/222
f 1975/245/229 1979/250/233 1974/242/227
f 1975/245/229 1981/251/234 1980/252/235
f 1972/238/223 1981/251/234 1976/244/228
f 1977/248/401 1983/253/236 1982/254/237
f 1979/255/233 1983/253/236 1978/247/231
f 1980/252/235 1984/256/238 1979/250/233
f 1980/252/235 1986/257/239 1985/258/240
f 1977/248/401 1986/257/239 1981/251/234
f 1983/253/236 1987/259/241 1982/254/237
f 1984/472/238 1988/261/313 1983/253/236
f 1985/258/240 1989/262/242 1984/256/238
f 1985/258/240 1991/264/314 1990/263/244
f 1982/254/237 1991/264/314 1986/257/239
f 1988/261/313 1992/265/402 1987/259/241
f 1989/260/242 1993/266/247 1988/261/313
f 1990/263/244 1994/267/248 1989/262/242
f 1991/264/314 1995/268/249 1990/263/244
f 1987/259/241 1996/269/403 1991/264/314
f 1993/266/247 1997/270/251 1992/265/402
f 1993/266/247 1999/271/252 1998/272/253
f 1995/268/249 1999/273/252 1994/267/248
f 1996/269/403 2000/275/255 1995/268/249
f 1996/269/403 1997/270/251 2001/274/254
f 1997/270/251 2003/277/257 2002/276/256
f 1999/271/252 2003/277/257 1998/272/253
f 2000/275/255 2004/278/258 1999/273/252
f 2001/274/254 2005/280/260 2000/275/255
f 2001/274/254 2002/276/256 2006/279/259
f 2003/277/257 2007/281/261 2002/276/256
f 2003/277/257 2009/282/262 2008/283/263
f 2005/280/260 2009/284/262 2004/278/258
f 2006/279/259 2010/285/264 2005/280/260
f 2006/279/259 2007/281/261 2011/286/265
f 2007/281/261 2013/288/266 2012/287/22
f 2009/282/262 2013/288/266 2008/283/263
f 2010/285/264 2014/289/267 2009/284/262
f 2010/285/264 2016/290/268 2015/291/269
f 2007/281/261 2016/290/268 2011/286/265
f 2013/296/266 2017/294/271 2012/292/22
f 2014/295/267 2018/293/317 2013/296/266
f 2015/297/269 2019/298/272 2014/299/267
f 2015/297/269 2021/300/318 2020/301/274
f 2012/292/22 2021/300/318 2016/302/268
f 2017/294/271 2023/305/277 2022/303/275
f 2019/347/272 2023/305/277 2018/293/317
f 2020/301/274 2024/306/276 2019/298/272
f 2020/301/274 2026/308/279 2025/307/278
f 2017/294/271 2026/308/279 2021/300/318
f 2022/303/275 2028/311/282 2027/309/280
f 2024/304/276 2028/311/282 2023/305/277
f 2025/307/278 2029/312/281 2024/306/276
f 2025/307/278 2031/314/284 2030/313/283
f 2022/303/275 2031/314/284 2026/308/279
f 2027/309/280 2033/315/311 2032/316/286
f 2029/310/281 2033/315/311 2028/311/282
f 2030/313/283 2034/318/287 2029/312/281
f 2030/313/283 2036/320/289 2035/319/288
f 2027/309/280 2036/320/289 2031/314/284
f 2033/315/311 2037/321/404 2032/316/286
f 2034/317/287 2038/322/291 2033/315/311
f 2035/319/288 2039/323/292 2034/318/287
f 2036/320/289 2040/324/293 2035/319/288
f 2032/316/286 2041/325/294 2036/320/289
f 2038/322/291 2042/327/296 2037/321/404
f 2038/322/291 2044/348/297 2043/326/295
f 2040/324/293 2044/329/297 2039/323/292
f 2041/325/294 2045/330/298 2040/324/293
f 2041/325/294 2042/327/296 2046/331/299
f 2043/326/295 2047/332/405 2042/327/296
f 2043/326/295 2049/333/301 2048/334/302
f 2045/330/298 2049/335/301 2044/329/297
f 2046/331/299 2050/336/303 2045/330/298
f 2046/331/299 2047/332/405 2051/337/304
f 2048/334/302 2052/338/305 2047/332/405
f 2049/333/301 2053/340/406 2048/334/302
f 2050/336/303 2054/341/306 2049/335/301
f 2050/336/303 2056/343/309 2055/342/308
f 2051/337/304 2052/338/305 2056/343/309
f 2052/338/305 1968/240/225 1967/236/26
f 2053/340/406 1969/239/224 1968/240/225
f 2055/342/308 1969/243/224 2054/341/306
f 2056/343/309 1970/241/226 2055/342/308
f 2052/338/305 1971/246/230 2056/343/309
f 2058/240/225 2062/238/223 2057/236/26
f 2059/239/224 2063/237/222 2058/240/225
f 2060/241/226 2064/242/227 2059/243/224
f 2060/241/226 2066/244/228 2065/245/229
f 2061/246/230 2062/238/223 2066/244/228
f 2062/238/223 2068/247/231 2067/248/401
f 2064/249/227 2068/247/231 2063/237/222
f 2065/245/229 2069/250/233 2064/242/227
f 2065/245/229 2071/251/234 2070/252/235
f 2062/238/223 2071/251/234 2066/244/228
f 2067/248/401 2073/253/236 2072/254/237
f 2069/255/233 2073/253/236 2068/247/231
f 2070/252/235 2074/256/238 2069/250/233
f 2070/252/235 2076/257/239 2075/258/240
f 2067/248/401 2076/257/239 2071/251/234
f 2073/253/236 2077/259/241 2072/254/237
f 2074/472/238 2078/261/313 2073/253/236
f 2075/258/240 2079/262/242 2074/256/238
f 2075/258/240 2081/264/314 2080/263/244
f 2072/254/237 2081/264/314 2076/257/239
f 2078/261/313 2082/265/402 2077/259/241
f 2079/260/242 2083/266/247 2078/261/313
f 2080/263/244 2084/267/248 2079/262/242
f 2081/264/314 2085/268/249 2080/263/244
f 2077/259/241 2086/269/403 2081/264/314
f 2083/266/247 2087/270/251 2082/265/402
f 2083/266/247 2089/271/252 2088/272/253
f 2085/268/249 2089/273/252 2084/267/248
f 2086/269/403 2090/275/255 2085/268/249
f 2086/269/403 2087/270/251 2091/274/254
f 2087/270/251 2093/277/257 2092/276/256
f 2089/271/252 2093/277/257 2088/272/253
f 2090/275/255 2094/278/258 2089/273/252
f 2091/274/254 2095/280/260 2090/275/255
f 2091/274/254 2092/276/256 2096/279/259
f 2093/277/257 2097/281/261 2092/276/256
f 2093/277/257 2099/282/262 2098/283/263
f 2095/280/260 2099/284/262 2094/278/258
f 2096/279/259 2100/285/264 2095/280/260
f 2096/279/259 2097/281/261 2101/286/265
f 2097/281/261 2103/288/266 2102/287/22
f 2099/282/262 2103/288/266 2098/283/263
f 2100/285/264 2104/289/267 2099/284/262
f 2100/285/264 2106/290/268 2105/291/269
f 2097/281/261 2106/290/268 2101/286/265
f 2103/296/266 2107/294/271 2102/292/22
f 2104/295/267 2108/293/317 2103/296/266
f 2105/297/269 2109/298/272 2104/299/267
f 2105/297/269 2111/300/318 2110/301/274
f 2102/292/22 2111/300/318 2106/302/268
f 2107/294/271 2113/305/277 2112/303/275
f 2109/347/272 2113/305/277 2108/293/317
f 2110/301/274 2114/306/276 2109/298/272
f 2110/301/274 2116/308/279 2115/307/278
f 2107/294/271 2116/308/279 2111/300/318
f 2112/303/275 2118/311/282 2117/309/280
f 2114/304/276 2118/311/282 2113/305/277
f 2115/307/278 2119/312/281 2114/306/276
f 2115/307/278 2121/314/284 2120/313/283
f 2112/303/275 2121/314/284 2116/308/279
f 2117/309/280 2123/315/311 2122/316/286
f 2119/310/281 2123/315/311 2118/311/282
f 2120/313/283 2124/318/287 2119/312/281
f 2120/313/283 2126/320/289 2125/319/288
f 2117/309/280 2126/320/289 2121/314/284
f 2123/315/311 2127/321/404 2122/316/286
f 2124/317/287 2128/322/291 2123/315/311
f 2125/319/288 2129/323/292 2124/318/287
f 2126/320/289 2130/324/293 2125/319/288
f 2122/316/286 2131/325/294 2126/320/289
f 2128/322/291 2132/327/296 2127/321/404
f 2128/322/291 2134/348/297 2133/326/295
f 2130/324/293 2134/329/297 2129/323/292
f 2131/325/294 2135/330/298 2130/324/293
f 2131/325/294 2132/327/296 2136/331/299
f 2133/326/295 2137/332/405 2132/327/296
f 2133/326/295 2139/333/301 2138/334/302
f 2135/330/298 2139/335/301 2134/329/297
f 2136/331/299 2140/336/303 2135/330/298
f 2136/331/299 2137/332/405 2141/337/304
f 2138/334/302 2142/338/305 2137/332/405
f 2139/333/301 2143/340/406 2138/334/302
f 2140/336/303 2144/341/306 2139/335/301
f 2140/336/303 2146/343/309 2145/342/308
f 2141/337/304 2142/338/305 2146/343/309
f 2142/338/305 2058/240/225 2057/236/26
f 2143/340/406 2059/239/224 2058/240/225
f 2145/342/308 2059/243/224 2144/341/306
f 2146/343/309 2060/241/226 2145/342/308
f 2142/338/305 2061/246/230 2146/343/309
f 2148/240/225 2152/238/223 2147/236/26
f 2149/239/224 2153/237/222 2148/240/225
f 2150/241/226 2154/242/227 2149/243/224
f 2150/241/226 2156/244/228 2155/245/229
f 2151/246/230 2152/238/223 2156/244/228
f 2152/238/223 2158/247/231 2157/248/232
f 2154/249/227 2158/247/231 2153/237/222
f 2155/245/229 2159/250/233 2154/242/227
f 2155/245/229 2161/251/234 2160/252/235
f 2152/238/223 2161/251/234 2156/244/228
f 2157/248/232 2163/253/236 2162/254/237
f 2159/255/233 2163/253/236 2158/247/231
f 2160/252/235 2164/256/238 2159/250/233
f 2160/252/235 2166/257/239 2165/258/240
f 2157/248/232 2166/257/239 2161/251/234
f 2163/253/236 2167/259/241 2162/254/237
f 2164/472/238 2168/261/313 2163/253/236
f 2165/258/240 2169/262/242 2164/256/238
f 2165/258/240 2171/264/314 2170/263/244
f 2162/254/237 2171/264/314 2166/257/239
f 2168/261/313 2172/265/246 2167/259/241
f 2169/260/242 2173/266/247 2168/261/313
f 2170/263/244 2174/267/248 2169/262/242
f 2171/264/314 2175/268/249 2170/263/244
f 2167/259/241 2176/269/403 2171/264/314
f 2173/266/247 2177/270/251 2172/265/246
f 2173/266/247 2179/271/252 2178/272/253
f 2175/268/249 2179/273/252 2174/267/248
f 2176/269/403 2180/275/255 2175/268/249
f 2176/269/403 2177/270/251 2181/274/254
f 2177/270/251 2183/277/257 2182/276/256
f 2179/271/252 2183/277/257 2178/272/253
f 2180/275/255 2184/278/258 2179/273/252
f 2181/274/254 2185/280/260 2180/275/255
f 2181/274/254 2182/276/256 2186/279/259
f 2183/277/257 2187/281/261 2182/276/256
f 2183/277/257 2189/282/262 2188/283/263
f 2185/280/260 2189/284/262 2184/278/258
f 2186/279/259 2190/285/264 2185/280/260
f 2186/279/259 2187/281/261 2191/286/265
f 2187/281/261 2193/288/266 2192/287/22
f 2189/282/262 2193/288/266 2188/283/263
f 2190/285/264 2194/289/267 2189/284/262
f 2190/285/264 2196/290/268 2195/291/269
f 2187/281/261 2196/290/268 2191/286/265
f 2193/296/266 2197/294/271 2192/292/22
f 2194/295/267 2198/293/317 2193/296/266
f 2195/297/269 2199/298/272 2194/299/267
f 2195/297/269 2201/300/318 2200/301/274
f 2192/292/22 2201/300/318 2196/302/268
f 2197/294/271 2203/305/277 2202/303/275
f 2199/347/272 2203/305/277 2198/293/317
f 2200/301/274 2204/306/276 2199/298/272
f 2200/301/274 2206/308/279 2205/307/278
f 2197/294/271 2206/308/279 2201/300/318
f 2202/303/275 2208/311/282 2207/309/280
f 2204/304/276 2208/311/282 2203/305/277
f 2205/307/278 2209/312/281 2204/306/276
f 2205/307/278 2211/314/284 2210/313/283
f 2202/303/275 2211/314/284 2206/308/279
f 2207/309/280 2213/315/311 2212/316/286
f 2209/310/281 2213/315/311 2208/311/282
f 2210/313/283 2214/318/287 2209/312/281
f 2210/313/283 2216/320/289 2215/319/288
f 2207/309/280 2216/320/289 2211/314/284
f 2213/315/311 2217/321/290 2212/316/286
f 2214/317/287 2218/322/291 2213/315/311
f 2215/319/288 2219/323/292 2214/318/287
f 2216/320/289 2220/324/293 2215/319/288
f 2212/316/286 2221/325/294 2216/320/289
f 2218/322/291 2222/327/296 2217/321/290
f 2218/322/291 2224/348/297 2223/326/295
f 2220/324/293 2224/329/297 2219/323/292
f 2221/325/294 2225/330/298 2220/324/293
f 2217/321/290 2226/331/299 2221/325/294
f 2223/326/295 2227/332/405 2222/327/296
f 2223/326/295 2229/333/301 2228/334/302
f 2225/330/298 2229/335/301 2224/329/297
f 2226/331/299 2230/336/303 2225/330/298
f 2226/331/299 2227/332/405 2231/337/304
f 2228/334/302 2232/338/305 2227/332/405
f 2229/333/301 2233/340/406 2228/334/302
f 2230/336/303 2234/341/306 2229/335/301
f 2230/336/303 2236/343/309 2235/342/308
f 2231/337/304 2232/338/305 2236/343/309
f 2232/338/305 2148/240/225 2147/236/26
f 2233/340/406 2149/239/224 2148/240/225
f 2235/342/308 2149/243/224 2234/341/306
f 2236/343/309 2150/241/226 2235/342/308
f 2232/338/305 2151/246/230 2236/343/309
f 1297/236/26 1298/240/225 1303/237/222
f 1299/239/224 1304/249/227 1303/237/222
f 1300/241/226 1305/245/229 1304/242/227
f 1300/241/226 1301/246/230 1306/244/228
f 1297/236/26 1302/238/223 1306/244/228
f 1302/238/223 1303/237/222 1308/247/231
f 1304/249/227 1309/255/233 1308/247/231
f 1305/245/229 1310/252/235 1309/250/233
f 1305/245/229 1306/244/228 1311/251/234
f 1302/238/223 1307/248/232 1311/251/234
f 1307/248/232 1308/247/231 1313/253/236
f 1309/255/233 1314/472/238 1313/253/236
f 1310/252/235 1315/258/240 1314/256/238
f 1310/252/235 1311/251/234 1316/257/239
f 1307/248/232 1312/254/237 1316/257/239
f 1313/253/236 1318/261/243 1317/259/241
f 1313/253/236 1314/472/238 1319/260/242
f 1315/258/240 1320/263/244 1319/262/242
f 1316/257/239 1321/264/245 1320/263/244
f 1316/257/239 1312/254/237 1317/259/241
f 1318/261/243 1323/266/247 1322/265/246
f 1319/260/242 1324/344/248 1323/266/247
f 1320/263/244 1325/268/249 1324/267/248
f 1321/264/245 1326/269/250 1325/268/249
f 1317/259/241 1322/265/246 1326/269/250
f 1323/266/247 1328/272/253 1327/270/251
f 1323/266/247 1324/344/248 1329/271/252
f 1325/268/249 1330/275/255 1329/273/252
f 1325/268/249 1326/269/250 1331/274/254
f 1322/265/246 1327/270/251 1331/274/254
f 1328/272/253 1333/277/257 1332/276/256
f 1329/271/252 1334/345/258 1333/277/257
f 1330/275/255 1335/280/260 1334/278/258
f 1330/275/255 1331/274/254 1336/279/259
f 1331/274/254 1327/270/251 1332/276/256
f 1333/277/257 1338/283/263 1337/281/261
f 1333/277/257 1334/345/258 1339/282/262
f 1335/280/260 1340/285/264 1339/284/262
f 1336/279/259 1341/286/265 1340/285/264
f 1332/276/256 1337/281/261 1341/286/265
f 1338/283/263 1343/288/266 1342/287/22
f 1339/282/262 1344/346/267 1343/288/266
f 1340/285/264 1345/291/269 1344/289/267
f 1340/285/264 1341/286/265 1346/290/268
f 1337/281/261 1342/287/22 1346/290/268
f 1342/292/22 1343/296/266 1348/293/270
f 1344/295/267 1349/347/272 1348/293/270
f 1345/297/269 1350/301/274 1349/298/272
f 1345/297/269 1346/302/268 1351/300/273
f 1342/292/22 1347/294/271 1351/300/273
f 1348/293/270 1353/305/277 1352/303/275
f 1348/293/270 1349/347/272 1354/304/276
f 1350/301/274 1355/307/278 1354/306/276
f 1351/300/273 1356/308/279 1355/307/278
f 1351/300/273 1347/294/271 1352/303/275
f 1353/305/277 1358/311/282 1357/309/280
f 1353/305/277 1354/304/276 1359/310/281
f 1355/307/278 1360/313/283 1359/312/281
f 1356/308/279 1361/314/284 1360/313/283
f 1352/303/275 1357/309/280 1361/314/284
f 1357/309/280 1358/311/282 1363/315/285
f 1358/311/282 1359/310/281 1364/317/287
f 1360/313/283 1365/319/288 1364/318/287
f 1361/314/284 1366/320/289 1365/319/288
f 1357/309/280 1362/316/286 1366/320/289
f 1363/315/285 1368/322/291 1367/321/290
f 1364/317/287 1369/328/292 1368/322/291
f 1365/319/288 1370/324/293 1369/323/292
f 1366/320/289 1371/325/294 1370/324/293
f 1362/316/286 1367/321/290 1371/325/294
f 1367/321/290 1368/322/291 1373/326/295
f 1369/328/292 1374/348/297 1373/326/295
f 1370/324/293 1375/330/298 1374/329/297
f 1371/325/294 1376/331/299 1375/330/298
f 1367/321/290 1372/327/296 1376/331/299
f 1373/326/295 1378/334/302 1377/332/300
f 1373/326/295 1374/348/297 1379/333/301
f 1375/330/298 1380/336/303 1379/335/301
f 1376/331/299 1381/337/304 1380/336/303
f 1372/327/296 1377/332/300 1381/337/304
f 1378/334/302 1383/340/307 1382/338/305
f 1378/334/302 1379/333/301 1384/339/306
f 1380/336/303 1385/342/308 1384/341/306
f 1381/337/304 1386/343/309 1385/342/308
f 1381/337/304 1377/332/300 1382/338/305
f 1382/338/305 1383/340/307 1298/240/225
f 1384/339/306 1299/239/224 1298/240/225
f 1385/342/308 1300/241/226 1299/243/224
f 1386/343/309 1301/246/230 1300/241/226
f 1382/338/305 1297/236/26 1301/246/230
f 1387/236/26 1388/240/225 1393/237/222
f 1389/239/224 1394/249/227 1393/237/222
f 1390/241/226 1395/245/229 1394/242/227
f 1390/241/226 1391/246/230 1396/244/228
f 1387/236/26 1392/238/223 1396/244/228
f 1392/238/223 1393/237/222 1398/247/231
f 1394/249/227 1399/255/233 1398/247/231
f 1395/245/229 1400/252/235 1399/250/233
f 1395/245/229 1396/244/228 1401/251/234
f 1392/238/223 1397/248/232 1401/251/234
f 1397/248/232 1398/247/231 1403/253/236
f 1399/255/233 1404/472/238 1403/253/236
f 1400/252/235 1405/258/240 1404/256/238
f 1400/252/235 1401/251/234 1406/257/239
f 1397/248/232 1402/254/237 1406/257/239
f 1403/253/236 1408/261/243 1407/259/241
f 1403/253/236 1404/472/238 1409/260/242
f 1405/258/240 1410/263/244 1409/262/242
f 1406/257/239 1411/264/245 1410/263/244
f 1406/257/239 1402/254/237 1407/259/241
f 1408/261/243 1413/266/247 1412/265/246
f 1409/260/242 1414/344/248 1413/266/247
f 1410/263/244 1415/268/249 1414/267/248
f 1411/264/245 1416/269/250 1415/268/249
f 1407/259/241 1412/265/246 1416/269/250
f 1413/266/247 1418/272/253 1417/270/251
f 1413/266/247 1414/344/248 1419/271/252
f 1415/268/249 1420/275/255 1419/273/252
f 1415/268/249 1416/269/250 1421/274/254
f 1412/265/246 1417/270/251 1421/274/254
f 1418/272/253 1423/277/257 1422/276/256
f 1419/271/252 1424/345/258 1423/277/257
f 1420/275/255 1425/280/260 1424/278/258
f 1420/275/255 1421/274/254 1426/279/259
f 1421/274/254 1417/270/251 1422/276/256
f 1422/276/256 1423/277/257 1428/283/310
f 1423/277/257 1424/345/258 1429/282/262
f 1425/280/260 1430/285/264 1429/284/262
f 1426/279/259 1431/286/265 1430/285/264
f 1426/279/259 1422/276/256 1427/281/261
f 1428/283/310 1433/288/266 1432/287/22
f 1429/282/262 1434/346/267 1433/288/266
f 1430/285/264 1435/291/269 1434/289/267
f 1430/285/264 1431/286/265 1436/290/268
f 1427/281/261 1432/287/22 1436/290/268
f 1433/296/266 1438/293/270 1437/294/271
f 1434/295/267 1439/347/272 1438/293/270
f 1435/297/269 1440/301/274 1439/298/272
f 1435/297/269 1436/302/268 1441/300/273
f 1432/292/22 1437/294/271 1441/300/273
f 1438/293/270 1443/305/277 1442/303/275
f 1438/293/270 1439/347/272 1444/304/276
f 1440/301/274 1445/307/278 1444/306/276
f 1441/300/273 1446/308/279 1445/307/278
f 1441/300/273 1437/294/271 1442/303/275
f 1443/305/277 1448/311/282 1447/309/280
f 1443/305/277 1444/304/276 1449/310/281
f 1445/307/278 1450/313/283 1449/312/281
f 1446/308/279 1451/314/284 1450/313/283
f 1442/303/275 1447/309/280 1451/314/284
f 1447/309/280 1448/311/282 1453/315/311
f 1448/311/282 1449/310/281 1454/317/287
f 1450/313/283 1455/319/288 1454/318/287
f 1451/314/284 1456/320/289 1455/319/288
f 1447/309/280 1452/316/286 1456/320/289
f 1453/315/311 1458/322/312 1457/321/290
f 1453/315/311 1454/317/287 1459/328/292
f 1455/319/288 1460/324/293 1459/323/292
f 1456/320/289 1461/325/294 1460/324/293
f 1452/316/286 1457/321/290 1461/325/294
f 1457/321/290 1458/322/312 1463/326/295
f 1459/328/292 1464/348/297 1463/326/295
f 1460/324/293 1465/330/298 1464/329/297
f 1461/325/294 1466/331/299 1465/330/298
f 1457/321/290 1462/327/296 1466/331/299
f 1463/326/295 1468/334/302 1467/332/300
f 1463/326/295 1464/348/297 1469/333/301
f 1465/330/298 1470/336/303 1469/335/301
f 1466/331/299 1471/337/304 1470/336/303
f 1462/327/296 1467/332/300 1471/337/304
f 1468/334/302 1473/340/307 1472/338/305
f 1468/334/302 1469/333/301 1474/339/306
f 1470/336/303 1475/342/308 1474/341/306
f 1471/337/304 1476/343/309 1475/342/308
f 1471/337/304 1467/332/300 1472/338/305
f 1472/338/305 1473/340/307 1388/240/225
f 1474/339/306 1389/239/224 1388/240/225
f 1475/342/308 1390/241/226 1389/243/224
f 1476/343/309 1391/246/230 1390/241/226
f 1472/338/305 1387/236/26 1391/246/230
f 1477/236/26 1478/240/225 1483/237/222
f 1479/239/224 1484/249/227 1483/237/222
f 1480/241/226 1485/245/229 1484/242/227
f 1480/241/226 1481/246/230 1486/244/228
f 1477/236/26 1482/238/223 1486/244/228
f 1482/238/223 1483/237/222 1488/247/231
f 1484/249/227 1489/255/233 1488/247/231
f 1485/245/229 1490/252/235 1489/250/233
f 1485/245/229 1486/244/228 1491/251/234
f 1482/238/223 1487/248/232 1491/251/234
f 1487/248/232 1488/247/231 1493/253/236
f 1489/255/233 1494/472/238 1493/253/236
f 1490/252/235 1495/258/240 1494/256/238
f 1490/252/235 1491/251/234 1496/257/239
f 1487/248/232 1492/254/237 1496/257/239
f 1493/253/236 1498/261/313 1497/259/241
f 1493/253/236 1494/472/238 1499/260/242
f 1495/258/240 1500/263/244 1499/262/242
f 1495/258/240 1496/257/239 1501/264/314
f 1496/257/239 1492/254/237 1497/259/241
f 1498/261/313 1503/266/315 1502/265/246
f 1498/261/313 1499/260/242 1504/344/248
f 1500/263/244 1505/268/249 1504/267/248
f 1501/264/314 1506/269/250 1505/268/249
f 1497/259/241 1502/265/246 1506/269/250
f 1503/266/315 1508/272/253 1507/270/251
f 1504/344/248 1509/271/252 1508/272/253
f 1505/268/249 1510/275/255 1509/273/252
f 1505/268/249 1506/269/250 1511/274/254
f 1502/265/246 1507/270/251 1511/274/254
f 1508/272/253 1513/277/257 1512/276/256
f 1508/272/253 1509/271/252 1514/345/258
f 1510/275/255 1515/280/260 1514/278/258
f 1510/275/255 1511/274/254 1516/279/259
f 1511/274/254 1507/270/251 1512/276/256
f 1513/277/257 1518/283/310 1517/281/261
f 1514/345/258 1519/282/262 1518/283/310
f 1515/280/260 1520/285/264 1519/284/262
f 1516/279/259 1521/286/316 1520/285/264
f 1512/276/256 1517/281/261 1521/286/316
f 1518/283/310 1523/288/266 1522/287/22
f 1518/283/310 1519/282/262 1524/346/267
f 1520/285/264 1525/291/269 1524/289/267
f 1521/286/316 1526/290/268 1525/291/269
f 1517/281/261 1522/287/22 1526/290/268
f 1523/296/266 1528/293/317 1527/294/271
f 1524/295/267 1529/347/272 1528/293/317
f 1525/297/269 1530/301/274 1529/298/272
f 1525/297/269 1526/302/268 1531/300/318
f 1522/292/22 1527/294/271 1531/300/318
f 1528/293/317 1533/305/277 1532/303/275
f 1529/347/272 1534/304/276 1533/305/277
f 1530/301/274 1535/307/278 1534/306/276
f 1530/301/274 1531/300/318 1536/308/279
f 1531/300/318 1527/294/271 1532/303/275
f 1533/305/277 1538/311/282 1537/309/280
f 1533/305/277 1534/304/276 1539/310/281
f 1535/307/278 1540/313/283 1539/312/281
f 1536/308/279 1541/314/284 1540/313/283
f 1532/303/275 1537/309/280 1541/314/284
f 1537/309/280 1538/311/282 1543/315/285
f 1538/311/282 1539/310/281 1544/317/287
f 1540/313/283 1545/319/288 1544/318/287
f 1541/314/284 1546/320/289 1545/319/288
f 1537/309/280 1542/316/286 1546/320/289
f 1543/315/285 1548/322/291 1547/321/290
f 1544/317/287 1549/328/292 1548/322/291
f 1545/319/288 1550/324/293 1549/323/292
f 1546/320/289 1551/325/319 1550/324/293
f 1542/316/286 1547/321/290 1551/325/319
f 1547/321/290 1548/322/291 1553/326/295
f 1549/328/292 1554/348/297 1553/326/295
f 1550/324/293 1555/330/298 1554/329/297
f 1550/324/293 1551/325/319 1556/331/299
f 1547/321/290 1552/327/296 1556/331/299
f 1553/326/295 1558/334/302 1557/332/300
f 1554/348/297 1559/333/301 1558/334/302
f 1555/330/298 1560/336/303 1559/335/301
f 1556/331/299 1561/337/304 1560/336/303
f 1552/327/296 1557/332/300 1561/337/304
f 1558/334/302 1563/340/320 1562/338/305
f 1559/333/301 1564/339/306 1563/340/320
f 1560/336/303 1565/342/308 1564/341/306
f 1561/337/304 1566/343/309 1565/342/308
f 1561/337/304 1557/332/300 1562/338/305
f 1562/338/305 1563/340/320 1478/240/225
f 1563/340/320 1564/339/306 1479/239/224
f 1565/342/308 1480/241/226 1479/243/224
f 1566/343/309 1481/246/230 1480/241/226
f 1562/338/305 1477/236/26 1481/246/230
f 1968/240/225 1973/237/222 1972/238/223
f 1969/239/224 1974/249/227 1973/237/222
f 1970/241/226 1975/245/229 1974/242/227
f 1970/241/226 1971/246/230 1976/244/228
f 1971/246/230 1967/236/26 1972/238/223
f 1972/238/223 1973/237/222 1978/247/231
f 1974/249/227 1979/255/233 1978/247/231
f 1975/245/229 1980/252/235 1979/250/233
f 1975/245/229 1976/244/228 1981/251/234
f 1972/238/223 1977/248/401 1981/251/234
f 1977/248/401 1978/247/231 1983/253/236
f 1979/255/233 1984/472/238 1983/253/236
f 1980/252/235 1985/258/240 1984/256/238
f 1980/252/235 1981/251/234 1986/257/239
f 1977/248/401 1982/254/237 1986/257/239
f 1983/253/236 1988/261/313 1987/259/241
f 1984/472/238 1989/260/242 1988/261/313
f 1985/258/240 1990/263/244 1989/262/242
f 1985/258/240 1986/257/239 1991/264/314
f 1982/254/237 1987/259/241 1991/264/314
f 1988/261/313 1993/266/247 1992/265/402
f 1989/260/242 1994/344/248 1993/266/247
f 1990/263/244 1995/268/249 1994/267/248
f 1991/264/314 1996/269/403 1995/268/249
f 1987/259/241 1992/265/402 1996/269/403
f 1993/266/247 1998/272/253 1997/270/251
f 1993/266/247 1994/344/248 1999/271/252
f 1995/268/249 2000/275/255 1999/273/252
f 1996/269/403 2001/274/254 2000/275/255
f 1996/269/403 1992/265/402 1997/270/251
f 1997/270/251 1998/272/253 2003/277/257
f 1999/271/252 2004/345/258 2003/277/257
f 2000/275/255 2005/280/260 2004/278/258
f 2001/274/254 2006/279/259 2005/280/260
f 2001/274/254 1997/270/251 2002/276/256
f 2003/277/257 2008/283/263 2007/281/261
f 2003/277/257 2004/345/258 2009/282/262
f 2005/280/260 2010/285/264 2009/284/262
f 2006/279/259 2011/286/265 2010/285/264
f 2006/279/259 2002/276/256 2007/281/261
f 2007/281/261 2008/283/263 2013/288/266
f 2009/282/262 2014/346/267 2013/288/266
f 2010/285/264 2015/291/269 2014/289/267
f 2010/285/264 2011/286/265 2016/290/268
f 2007/281/261 2012/287/22 2016/290/268
f 2013/296/266 2018/293/317 2017/294/271
f 2014/295/267 2019/347/272 2018/293/317
f 2015/297/269 2020/301/274 2019/298/272
f 2015/297/269 2016/302/268 2021/300/318
f 2012/292/22 2017/294/271 2021/300/318
f 2017/294/271 2018/293/317 2023/305/277
f 2019/347/272 2024/304/276 2023/305/277
f 2020/301/274 2025/307/278 2024/306/276
f 2020/301/274 2021/300/318 2026/308/279
f 2017/294/271 2022/303/275 2026/308/279
f 2022/303/275 2023/305/277 2028/311/282
f 2024/304/276 2029/310/281 2028/311/282
f 2025/307/278 2030/313/283 2029/312/281
f 2025/307/278 2026/308/279 2031/314/284
f 2022/303/275 2027/309/280 2031/314/284
f 2027/309/280 2028/311/282 2033/315/311
f 2029/310/281 2034/317/287 2033/315/311
f 2030/313/283 2035/319/288 2034/318/287
f 2030/313/283 2031/314/284 2036/320/289
f 2027/309/280 2032/316/286 2036/320/289
f 2033/315/311 2038/322/291 2037/321/404
f 2034/317/287 2039/328/292 2038/322/291
f 2035/319/288 2040/324/293 2039/323/292
f 2036/320/289 2041/325/294 2040/324/293
f 2032/316/286 2037/321/404 2041/325/294
f 2038/322/291 2043/326/295 2042/327/296
f 2038/322/291 2039/328/292 2044/348/297
f 2040/324/293 2045/330/298 2044/329/297
f 2041/325/294 2046/331/299 2045/330/298
f 2041/325/294 2037/321/404 2042/327/296
f 2043/326/295 2048/334/302 2047/332/405
f 2043/326/295 2044/348/297 2049/333/301
f 2045/330/298 2050/336/303 2049/335/301
f 2046/331/299 2051/337/304 2050/336/303
f 2046/331/299 2042/327/296 2047/332/405
f 2048/334/302 2053/340/406 2052/338/305
f 2049/333/301 2054/339/306 2053/340/406
f 2050/336/303 2055/342/308 2054/341/306
f 2050/336/303 2051/337/304 2056/343/309
f 2051/337/304 2047/332/405 2052/338/305
f 2052/338/305 2053/340/406 1968/240/225
f 2053/340/406 2054/339/306 1969/239/224
f 2055/342/308 1970/241/226 1969/243/224
f 2056/343/309 1971/246/230 1970/241/226
f 2052/338/305 1967/236/26 1971/246/230
f 2058/240/225 2063/237/222 2062/238/223
f 2059/239/224 2064/249/227 2063/237/222
f 2060/241/226 2065/245/229 2064/242/227
f 2060/241/226 2061/246/230 2066/244/228
f 2061/246/230 2057/236/26 2062/238/223
f 2062/238/223 2063/237/222 2068/247/231
f 2064/249/227 2069/255/233 2068/247/231
f 2065/245/229 2070/252/235 2069/250/233
f 2065/245/229 2066/244/228 2071/251/234
f 2062/238/223 2067/248/401 2071/251/234
f 2067/248/401 2068/247/231 2073/253/236
f 2069/255/233 2074/472/238 2073/253/236
f 2070/252/235 2075/258/240 2074/256/238
f 2070/252/235 2071/251/234 2076/257/239
f 2067/248/401 2072/254/237 2076/257/239
f 2073/253/236 2078/261/313 2077/259/241
f 2074/472/238 2079/260/242 2078/261/313
f 2075/258/240 2080/263/244 2079/262/242
f 2075/258/240 2076/257/239 2081/264/314
f 2072/254/237 2077/259/241 2081/264/314
f 2078/261/313 2083/266/247 2082/265/402
f 2079/260/242 2084/344/248 2083/266/247
f 2080/263/244 2085/268/249 2084/267/248
f 2081/264/314 2086/269/403 2085/268/249
f 2077/259/241 2082/265/402 2086/269/403
f 2083/266/247 2088/272/253 2087/270/251
f 2083/266/247 2084/344/248 2089/271/252
f 2085/268/249 2090/275/255 2089/273/252
f 2086/269/403 2091/274/254 2090/275/255
f 2086/269/403 2082/265/402 2087/270/251
f 2087/270/251 2088/272/253 2093/277/257
f 2089/271/252 2094/345/258 2093/277/257
f 2090/275/255 2095/280/260 2094/278/258
f 2091/274/254 2096/279/259 2095/280/260
f 2091/274/254 2087/270/251 2092/276/256
f 2093/277/257 2098/283/263 2097/281/261
f 2093/277/257 2094/345/258 2099/282/262
f 2095/280/260 2100/285/264 2099/284/262
f 2096/279/259 2101/286/265 2100/285/264
f 2096/279/259 2092/276/256 2097/281/261
f 2097/281/261 2098/283/263 2103/288/266
f 2099/282/262 2104/346/267 2103/288/266
f 2100/285/264 2105/291/269 2104/289/267
f 2100/285/264 2101/286/265 2106/290/268
f 2097/281/261 2102/287/22 2106/290/268
f 2103/296/266 2108/293/317 2107/294/271
f 2104/295/267 2109/347/272 2108/293/317
f 2105/297/269 2110/301/274 2109/298/272
f 2105/297/269 2106/302/268 2111/300/318
f 2102/292/22 2107/294/271 2111/300/318
f 2107/294/271 2108/293/317 2113/305/277
f 2109/347/272 2114/304/276 2113/305/277
f 2110/301/274 2115/307/278 2114/306/276
f 2110/301/274 2111/300/318 2116/308/279
f 2107/294/271 2112/303/275 2116/308/279
f 2112/303/275 2113/305/277 2118/311/282
f 2114/304/276 2119/310/281 2118/311/282
f 2115/307/278 2120/313/283 2119/312/281
f 2115/307/278 2116/308/279 2121/314/284
f 2112/303/275 2117/309/280 2121/314/284
f 2117/309/280 2118/311/282 2123/315/311
f 2119/310/281 2124/317/287 2123/315/311
f 2120/313/283 2125/319/288 2124/318/287
f 2120/313/283 2121/314/284 2126/320/289
f 2117/309/280 2122/316/286 2126/320/289
f 2123/315/311 2128/322/291 2127/321/404
f 2124/317/287 2129/328/292 2128/322/291
f 2125/319/288 2130/324/293 2129/323/292
f 2126/320/289 2131/325/294 2130/324/293
f 2122/316/286 2127/321/404 2131/325/294
f 2128/322/291 2133/326/295 2132/327/296
f 2128/322/291 2129/328/292 2134/348/297
f 2130/324/293 2135/330/298 2134/329/297
f 2131/325/294 2136/331/299 2135/330/298
f 2131/325/294 2127/321/404 2132/327/296
f 2133/326/295 2138/334/302 2137/332/405
f 2133/326/295 2134/348/297 2139/333/301
f 2135/330/298 2140/336/303 2139/335/301
f 2136/331/299 2141/337/304 2140/336/303
f 2136/331/299 2132/327/296 2137/332/405
f 2138/334/302 2143/340/406 2142/338/305
f 2139/333/301 2144/339/306 2143/340/406
f 2140/336/303 2145/342/308 2144/341/306
f 2140/336/303 2141/337/304 2146/343/309
f 2141/337/304 2137/332/405 2142/338/305
f 2142/338/305 2143/340/406 2058/240/225
f 2143/340/406 2144/339/306 2059/239/224
f 2145/342/308 2060/241/226 2059/243/224
f 2146/343/309 2061/246/230 2060/241/226
f 2142/338/305 2057/236/26 2061/246/230
f 2148/240/225 2153/237/222 2152/238/223
f 2149/239/224 2154/249/227 2153/237/222
f 2150/241/226 2155/245/229 2154/242/227
f 2150/241/226 2151/246/230 2156/244/228
f 2151/246/230 2147/236/26 2152/238/223
f 2152/238/223 2153/237/222 2158/247/231
f 2154/249/227 2159/255/233 2158/247/231
f 2155/245/229 2160/252/235 2159/250/233
f 2155/245/229 2156/244/228 2161/251/234
f 2152/238/223 2157/248/232 2161/251/234
f 2157/248/232 2158/247/231 2163/253/236
f 2159/255/233 2164/472/238 2163/253/236
f 2160/252/235 2165/258/240 2164/256/238
f 2160/252/235 2161/251/234 2166/257/239
f 2157/248/232 2162/254/237 2166/257/239
f 2163/253/236 2168/261/313 2167/259/241
f 2164/472/238 2169/260/242 2168/261/313
f 2165/258/240 2170/263/244 2169/262/242
f 2165/258/240 2166/257/239 2171/264/314
f 2162/254/237 2167/259/241 2171/264/314
f 2168/261/313 2173/266/247 2172/265/246
f 2169/260/242 2174/344/248 2173/266/247
f 2170/263/244 2175/268/249 2174/267/248
f 2171/264/314 2176/269/403 2175/268/249
f 2167/259/241 2172/265/246 2176/269/403
f 2173/266/247 2178/272/253 2177/270/251
f 2173/266/247 2174/344/248 2179/271/252
f 2175/268/249 2180/275/255 2179/273/252
f 2176/269/403 2181/274/254 2180/275/255
f 2176/269/403 2172/265/246 2177/270/251
f 2177/270/251 2178/272/253 2183/277/257
f 2179/271/252 2184/345/258 2183/277/257
f 2180/275/255 2185/280/260 2184/278/258
f 2181/274/254 2186/279/259 2185/280/260
f 2181/274/254 2177/270/251 2182/276/256
f 2183/277/257 2188/283/263 2187/281/261
f 2183/277/257 2184/345/258 2189/282/262
f 2185/280/260 2190/285/264 2189/284/262
f 2186/279/259 2191/286/265 2190/285/264
f 2186/279/259 2182/276/256 2187/281/261
f 2187/281/261 2188/283/263 2193/288/266
f 2189/282/262 2194/346/267 2193/288/266
f 2190/285/264 2195/291/269 2194/289/267
f 2190/285/264 2191/286/265 2196/290/268
f 2187/281/261 2192/287/22 2196/290/268
f 2193/296/266 2198/293/317 2197/294/271
f 2194/295/267 2199/347/272 2198/293/317
f 2195/297/269 2200/301/274 2199/298/272
f 2195/297/269 2196/302/268 2201/300/318
f 2192/292/22 2197/294/271 2201/300/318
f 2197/294/271 2198/293/317 2203/305/277
f 2199/347/272 2204/304/276 2203/305/277
f 2200/301/274 2205/307/278 2204/306/276
f 2200/301/274 2201/300/318 2206/308/279
f 2197/294/271 2202/303/275 2206/308/279
f 2202/303/275 2203/305/277 2208/311/282
f 2204/304/276 2209/310/281 2208/311/282
f 2205/307/278 2210/313/283 2209/312/281
f 2205/307/278 2206/308/279 2211/314/284
f 2202/303/275 2207/309/280 2211/314/284
f 2207/309/280 2208/311/282 2213/315/311
f 2209/310/281 2214/317/287 2213/315/311
f 2210/313/283 2215/319/288 2214/318/287
f 2210/313/283 2211/314/284 2216/320/289
f 2207/309/280 2212/316/286 2216/320/289
f 2213/315/311 2218/322/291 2217/321/290
f 2214/317/287 2219/328/292 2218/322/291
f 2215/319/288 2220/324/293 2219/323/292
f 2216/320/289 2221/325/294 2220/324/293
f 2212/316/286 2217/321/290 2221/325/294
f 2218/322/291 2223/326/295 2222/327/296
f 2218/322/291 2219/328/292 2224/348/297
f 2220/324/293 2225/330/298 2224/329/297
f 2221/325/294 2226/331/299 2225/330/298
f 2217/321/290 2222/327/296 2226/331/299
f 2223/326/295 2228/334/302 2227/332/405
f 2223/326/295 2224/348/297 2229/333/301
f 2225/330/298 2230/336/303 2229/335/301
f 2226/331/299 2231/337/304 2230/336/303
f 2226/331/299 2222/327/296 2227/332/405
f 2228/334/302 2233/340/406 2232/338/305
f 2229/333/301 2234/339/306 2233/340/406
f 2230/336/303 2235/342/308 2234/341/306
f 2230/336/303 2231/337/304 2236/343/309
f 2231/337/304 2227/332/405 2232/338/305
f 2232/338/305 2233/340/406 2148/240/225
f 2233/340/406 2234/339/306 2149/239/224
f 2235/342/308 2150/241/226 2149/243/224
f 2236/343/309 2151/246/230 2150/241/226
f 2232/338/305 2147/236/26 2151/246/230
