# Blender 5.2.1 LTS
# www.blender.org
mtllib SM_LT_TraderHub_Awning.mtl
o SM_LT_TraderHub_Awning_EXPORT
v -201.285721 270.000000 292.147430
v -177.571426 270.000000 298.416504
v -153.857147 270.000000 305.558228
v -130.142853 270.000000 314.965546
v -106.428574 270.000000 327.945374
v -82.714287 270.000000 344.734406
v -200.818985 270.014099 290.202698
v -177.015640 270.024902 296.495453
v -153.150482 270.030090 303.687469
v -129.248978 270.028778 313.176636
v -105.359413 270.022095 326.255280
v -81.525246 270.011963 343.126282
v -224.777054 298.179474 285.028442
v -223.798813 299.176514 285.222260
v -224.022491 298.203094 286.195221
v -201.049072 299.162811 289.766022
v -201.285721 298.204193 290.784149
v -177.291885 299.156464 295.781891
v -177.571426 298.204620 296.798126
v -153.503723 299.187378 304.097992
v -153.857147 298.203308 305.050507
v -129.697235 299.231110 315.284119
v -130.142853 298.203827 316.134125
v -105.897072 299.253021 329.329651
v -106.428574 298.205322 330.093811
v -82.124222 299.238739 345.649567
v -82.714287 298.204498 346.391815
v -59.191059 299.223114 362.620483
v -58.388790 298.226074 363.212585
v -59.801258 298.203400 363.407043
v -224.035080 270.000000 286.250122
v -224.781372 270.003723 285.027466
v -58.386501 270.003021 363.214355
v -59.773674 270.000000 363.371460
v -224.785690 241.828186 285.026489
v -224.019135 241.796997 286.177612
v -223.803879 240.830933 285.203094
v -201.285721 241.795074 290.357208
v -201.056961 240.851120 289.322754
v -177.571426 241.793625 296.028687
v -177.297501 240.868393 294.984955
v -153.857147 241.795624 304.091217
v -153.505920 240.843018 303.104309
v -130.142853 241.796738 315.174896
v -129.695877 240.797974 314.290619
v -106.428574 241.795898 329.324432
v -105.893471 240.768890 328.534332
v -82.714287 241.796082 345.964874
v -82.119980 240.772827 345.210632
v -58.384232 241.779861 363.216125
v -59.179508 240.782928 362.614868
v -59.794113 241.796677 363.397522
v -224.776047 298.179321 285.022675
v -223.575607 298.154938 284.246399
v -223.798203 299.175293 285.219604
v -200.812256 298.129761 288.842529
v -201.048660 299.162720 289.764374
v -177.012436 298.117554 294.879974
v -177.291855 299.156433 295.781799
v -153.149796 298.178040 303.179993
v -153.503189 299.187347 304.096588
v -129.248917 298.266205 314.346161
v -129.694534 299.231323 315.278717
v -105.360603 298.311798 328.406311
v -105.892159 299.253540 329.321899
v -81.528633 298.282227 344.783112
v -82.118828 299.239075 345.642242
v -59.185879 299.224365 362.613800
v -58.575077 298.250793 361.827667
v -58.385029 298.226196 363.208069
v -224.779968 270.003723 285.021240
v -223.596420 270.007721 284.298828
v -58.542793 270.006226 361.795197
v -58.382584 270.003021 363.209320
v -224.784225 241.828354 285.021240
v -223.803253 240.832703 285.200195
v -223.589066 241.860565 284.225464
v -201.056564 240.851212 289.321106
v -200.827499 241.897339 288.413177
v -177.297668 240.868347 294.985535
v -177.023468 241.930283 294.110260
v -153.505798 240.843033 303.104004
v -153.154434 241.881622 302.220764
v -129.693573 240.797958 314.286011
v -129.246674 241.792679 313.386932
v -105.888573 240.768600 328.526642
v -105.353668 241.733444 327.639130
v -82.114159 240.772552 345.202820
v -81.520027 241.741501 344.361603
v -58.380627 241.779755 363.211212
v -58.558983 241.761765 361.824860
v -59.173691 240.782089 362.607452
v -229.600006 299.000000 284.600006
v -231.000000 297.600006 284.600006
v -229.600006 297.600006 286.000000
v -230.589951 298.589935 284.600006
v -230.408295 298.408264 285.408295
v -230.589951 297.599976 285.589966
v -229.600006 298.589935 285.589966
v -229.600006 241.000000 284.600006
v -229.600006 242.399994 286.000000
v -231.000000 242.399994 284.600006
v -229.600006 241.410049 285.589935
v -230.408295 241.591705 285.408264
v -230.589951 242.399994 285.589935
v -230.589951 241.410049 284.599976
v -229.600006 242.047516 253.071167
v -229.600006 241.000000 255.399994
v -231.000000 242.399994 254.629730
v -229.600006 241.233810 254.105164
v -230.408295 241.517227 254.232651
v -230.589951 241.483047 255.207230
v -230.589951 242.223755 253.560501
v -229.600006 251.149994 245.000000
v -231.000000 251.907608 246.199341
v -230.589951 251.371902 245.351288
v -229.600006 271.288727 237.546936
v -229.600006 268.711273 237.546951
v -231.000000 270.000000 238.520859
v -229.600006 270.000000 237.231964
v -230.408295 270.000000 237.552567
v -230.589951 269.088745 237.920624
v -230.589951 270.911255 237.920624
v -229.600006 288.850006 245.000000
v -231.000000 288.092377 246.199326
v -230.589951 288.628113 245.351273
v -229.600006 299.000000 255.399994
v -229.600006 297.952484 253.071167
v -231.000000 297.600006 254.629730
v -229.600006 298.766205 254.105164
v -230.408295 298.482788 254.232651
v -230.589951 297.776245 253.560501
v -230.589951 298.516937 255.207230
v -222.399994 299.000000 284.600006
v -222.399994 297.600006 286.000000
v -221.000000 297.600006 284.600006
v -222.399994 298.589935 285.589935
v -221.591705 298.408264 285.408264
v -221.410049 297.599976 285.589935
v -221.410049 298.589935 284.599976
v -222.399994 242.399994 286.000000
v -222.399994 241.000000 284.600006
v -221.000000 242.399994 284.600006
v -222.399994 241.410049 285.589935
v -221.591705 241.591705 285.408264
v -221.410049 241.410049 284.599976
v -221.410049 242.399994 285.589935
v -222.399994 241.000000 255.399994
v -222.399994 242.047516 253.071167
v -221.000000 242.399994 254.629730
v -222.399994 241.233810 254.105164
v -221.591705 241.517227 254.232651
v -221.410049 242.223755 253.560501
v -221.410049 241.483047 255.207230
v -222.399994 251.149994 245.000000
v -221.000000 251.907608 246.199341
v -221.410049 251.371902 245.351288
v -222.399994 268.711273 237.546936
v -222.399994 271.288727 237.546951
v -221.000000 270.000000 238.520859
v -222.399994 270.000000 237.231964
v -221.591705 270.000000 237.552567
v -221.410049 270.911255 237.920624
v -221.410049 269.088745 237.920624
v -222.399994 288.850006 245.000000
v -221.000000 288.092377 246.199326
v -221.410049 288.628113 245.351273
v -222.399994 299.000000 255.399994
v -221.000000 297.600006 254.629730
v -222.399994 297.952484 253.071167
v -221.410049 298.516937 255.207230
v -221.591705 298.482788 254.232651
v -221.410049 297.776245 253.560501
v -222.399994 298.766205 254.105164
v -201.285721 210.000000 291.430328
v -177.571426 210.000000 297.124298
v -153.857147 210.000000 303.946869
v -130.142853 210.000000 313.354187
v -106.428574 210.000000 326.653168
v -82.714287 210.000000 344.017273
v -200.868515 210.028610 289.474548
v -177.048828 210.050537 295.194458
v -153.161896 210.060867 302.072601
v -129.240540 210.057938 311.570221
v -105.338234 210.044327 324.977112
v -81.498337 210.023880 342.429535
v -224.800293 238.184280 285.024017
v -223.819229 239.180649 285.198944
v -224.019577 238.203644 286.176727
v -201.069717 239.170654 289.299835
v -201.285721 238.204391 290.314026
v -177.305603 239.170670 294.946350
v -177.571426 238.204453 295.950989
v -153.508392 239.204895 303.059967
v -153.857147 238.203659 303.994110
v -129.693832 239.247681 314.250641
v -130.142853 238.205154 315.077850
v -105.888519 239.265060 328.505402
v -106.428574 238.206833 329.246826
v -82.113220 239.244812 345.197388
v -82.714287 238.205505 345.921783
v -59.171570 239.226212 362.620758
v -58.377163 238.229675 363.222504
v -59.793343 238.204056 363.397461
v -224.028915 210.000000 286.222382
v -224.809143 210.007523 285.022247
v -58.372753 210.006012 363.226044
v -59.761818 210.000000 363.358063
v -224.818024 181.831161 285.020538
v -224.013763 181.796478 286.140656
v -223.830704 180.834396 285.160248
v -201.285721 181.794098 289.451630
v -201.085892 180.857590 288.404938
v -177.571426 181.792038 294.396881
v -177.317047 180.879700 293.336700
v -153.857147 181.794250 302.056488
v -153.512833 180.856567 301.052704
v -130.142853 181.796082 313.140320
v -129.691132 180.810852 312.243774
v -106.428574 181.795639 327.692841
v -105.881439 180.778778 326.898987
v -82.714287 181.795654 345.059418
v -82.105011 180.778214 344.310822
v -58.368362 181.782104 363.229614
v -59.148712 180.785797 362.610138
v -59.778996 181.796082 363.379028
v -224.799454 238.184128 285.016815
v -223.619339 238.164108 284.217621
v -223.818542 239.179749 285.195648
v -200.853745 238.145706 288.362244
v -201.069229 239.170593 289.297638
v -177.039917 238.145859 294.023956
v -177.305420 239.170654 294.945679
v -153.158844 238.213486 302.120056
v -153.507492 239.204895 303.057556
v -129.241379 238.300827 313.295135
v -129.690430 239.248032 314.243896
v -105.342529 238.337616 327.572601
v -105.882751 239.265762 328.496521
v -81.505714 238.295547 344.330841
v -82.107048 239.245270 345.189270
v -59.165688 239.227707 362.613403
v -58.543076 238.257889 361.837341
v -58.372551 238.229858 363.217377
v -224.807709 210.007568 285.014862
v -223.645767 210.015640 284.259460
v -58.502621 210.012436 361.804321
v -58.368011 210.006042 363.220184
v -224.816238 181.831375 285.014343
v -223.829956 180.836472 285.156281
v -223.648041 181.867279 284.175720
v -201.085434 180.857712 288.402649
v -200.885025 181.909332 287.495667
v -177.317261 180.879639 293.337494
v -177.062408 181.951294 292.469452
v -153.512833 180.856567 301.052704
v -153.168304 181.907318 300.182312
v -129.688599 180.810898 312.238831
v -129.237000 181.817841 311.357361
v -105.875725 180.778564 326.890320
v -105.328903 181.753036 326.022949
v -82.097946 180.777954 344.301727
v -81.488991 181.751877 343.479370
v -58.364010 181.781998 363.223694
v -58.511368 181.767075 361.832336
v -59.141518 180.785141 362.601379
v -229.600006 239.000000 284.600006
v -231.000000 237.600006 284.600006
v -229.600006 237.600006 286.000000
v -230.589951 238.589951 284.600006
v -230.408295 238.408295 285.408295
v -230.589951 237.600006 285.589966
v -229.600006 238.589951 285.589966
v -229.600006 181.000000 284.600006
v -229.600006 182.399994 286.000000
v -231.000000 182.399994 284.600006
v -229.600006 181.410049 285.589935
v -230.408295 181.591705 285.408264
v -230.589951 182.399994 285.589935
v -230.589951 181.410049 284.599976
v -229.600006 182.047516 253.071167
v -229.600006 181.000000 255.399994
v -231.000000 182.399994 254.629730
v -229.600006 181.233810 254.105164
v -230.408295 181.517227 254.232651
v -230.589951 181.483047 255.207230
v -230.589951 182.223755 253.560501
v -229.600006 191.149994 245.000000
v -231.000000 191.907608 246.199341
v -230.589951 191.371902 245.351288
v -229.600006 211.288742 237.546951
v -229.600006 208.711258 237.546951
v -231.000000 210.000000 238.520874
v -229.600006 210.000000 237.231949
v -230.408295 210.000000 237.552551
v -230.589951 209.088715 237.920624
v -230.589951 210.911285 237.920624
v -229.600006 228.850006 245.000000
v -231.000000 228.092392 246.199341
v -230.589951 228.628098 245.351288
v -229.600006 239.000000 255.399994
v -229.600006 237.952484 253.071167
v -231.000000 237.600006 254.629730
v -229.600006 238.766190 254.105164
v -230.408295 238.482773 254.232651
v -230.589951 237.776245 253.560501
v -230.589951 238.516953 255.207230
v -222.399994 239.000000 284.600006
v -222.399994 237.600006 286.000000
v -221.000000 237.600006 284.600006
v -222.399994 238.589951 285.589935
v -221.591705 238.408295 285.408264
v -221.410049 237.600006 285.589935
v -221.410049 238.589951 284.599976
v -222.399994 182.399994 286.000000
v -222.399994 181.000000 284.600006
v -221.000000 182.399994 284.600006
v -222.399994 181.410049 285.589935
v -221.591705 181.591705 285.408264
v -221.410049 181.410049 284.599976
v -221.410049 182.399994 285.589935
v -222.399994 181.000000 255.399994
v -222.399994 182.047516 253.071167
v -221.000000 182.399994 254.629730
v -222.399994 181.233810 254.105164
v -221.591705 181.517227 254.232651
v -221.410049 182.223755 253.560501
v -221.410049 181.483047 255.207230
v -222.399994 191.149994 245.000000
v -221.000000 191.907608 246.199341
v -221.410049 191.371902 245.351288
v -222.399994 208.711258 237.546951
v -222.399994 211.288742 237.546951
v -221.000000 210.000000 238.520874
v -222.399994 210.000000 237.231949
v -221.591705 210.000000 237.552551
v -221.410049 210.911285 237.920624
v -221.410049 209.088715 237.920624
v -222.399994 228.850006 245.000000
v -221.000000 228.092392 246.199341
v -221.410049 228.628098 245.351288
v -222.399994 239.000000 255.399994
v -221.000000 237.600006 254.629730
v -222.399994 237.952484 253.071167
v -221.410049 238.516953 255.207230
v -221.591705 238.482773 254.232651
v -221.410049 237.776245 253.560501
v -222.399994 238.766190 254.105164
v -201.285721 150.000000 290.396423
v -177.571426 150.000000 295.261261
v -153.857147 150.000000 301.623688
v -130.142853 150.000000 311.031006
v -106.428574 150.000000 324.790131
v -82.714287 150.000000 342.983368
v -200.941299 150.033234 288.426575
v -177.097382 150.058746 293.319153
v -153.178329 150.070541 299.743744
v -129.228378 150.066711 309.253571
v -105.308502 150.050674 323.133972
v -81.461266 150.027161 341.424774
v -224.839478 178.186920 285.017639
v -223.853302 179.182419 285.154816
v -224.014420 178.204453 286.139404
v -201.104660 179.174042 288.372253
v -201.285721 178.205063 289.389435
v -177.328918 179.176910 293.281189
v -177.571426 178.205017 294.285004
v -153.516312 179.212646 300.988770
v -153.857147 178.204483 301.916656
v -129.688080 179.254745 312.186127
v -130.142853 178.206390 313.000488
v -105.874466 179.269669 326.857208
v -106.428574 178.208084 327.580963
v -82.095726 179.246811 344.291626
v -82.714287 178.206543 344.997284
v -59.137848 179.227142 362.618530
v -58.358749 178.231430 363.238678
v -59.777897 178.204987 363.378967
v -224.021286 150.000000 286.181458
v -224.849915 150.008728 285.015991
v -58.353977 150.006790 363.242737
v -59.744938 150.000000 363.339813
v -224.860397 121.831001 285.014465
v -224.009354 121.795670 286.097015
v -223.868668 120.835045 285.110443
v -201.285721 121.793205 288.392883
v -201.123703 120.858818 287.338928
v -177.571426 121.791031 292.489044
v -177.342300 120.881668 291.421234
v -153.857147 121.793282 299.677551
v -153.521484 120.858574 298.668854
v -130.142853 121.795219 310.761414
v -129.685013 120.812576 309.866699
v -106.428574 121.794838 325.785156
v -105.866585 120.780342 325.000763
v -82.714287 121.794838 344.000732
v -82.086807 120.779274 343.267090
v -58.349228 121.781898 363.246826
v -59.112263 120.786453 362.607452
v -59.761494 121.795227 363.358948
v -224.838745 178.186768 285.008728
v -223.692657 178.168579 284.165833
v -223.852600 179.181641 285.150574
v -200.923691 178.153152 287.423248
v -201.104126 179.173981 288.369385
v -177.086533 178.158875 292.345337
v -177.328659 179.176880 293.280182
v -153.174454 178.229843 300.036987
v -153.515152 179.212677 300.985596
v -129.229065 178.316345 311.224854
v -129.683868 179.255249 312.177917
v -105.313164 178.348282 325.926941
v -105.867439 179.270554 326.846771
v -81.469299 178.300690 343.434906
v -82.088158 179.247391 344.282135
v -59.130562 179.228745 362.609894
v -58.489620 178.260773 361.850128
v -58.352951 178.231659 363.232452
v -224.848541 150.008804 285.006958
v -223.719742 150.018173 284.204376
v -58.446972 150.014084 361.818329
v -58.348015 150.006866 363.235748
v -224.858536 121.831284 285.006592
v -223.867874 120.837227 285.104919
v -223.728287 121.867874 284.118286
v -201.123169 120.859009 287.335724
v -200.960480 121.910965 286.423096
v -177.342499 120.881599 291.422089
v -177.112823 121.954216 290.549347
v -153.521484 120.858574 298.668823
v -153.185562 121.910355 297.797363
v -129.681961 120.812660 309.860809
v -129.224258 121.820465 308.985046
v -105.859673 120.780106 324.990692
v -105.298035 121.755348 324.135956
v -82.078148 120.778992 343.256470
v -81.451012 121.753159 342.450836
v -58.343624 121.781776 363.239685
v -58.454346 121.767532 361.845490
v -59.103386 120.785805 362.597168
v -229.600006 179.000000 284.600006
v -231.000000 177.600006 284.600006
v -229.600006 177.600006 286.000000
v -230.589951 178.589951 284.600006
v -230.408295 178.408295 285.408295
v -230.589951 177.600006 285.589966
v -229.600006 178.589951 285.589966
v -229.600006 121.000000 284.600006
v -229.600006 122.400002 286.000000
v -231.000000 122.400002 284.600006
v -229.600006 121.410042 285.589935
v -230.408295 121.591705 285.408264
v -230.589951 122.399994 285.589935
v -230.589951 121.410042 284.599976
v -229.600006 122.047508 253.071167
v -229.600006 121.000000 255.399994
v -231.000000 122.400002 254.629730
v -229.600006 121.233803 254.105164
v -230.408295 121.517220 254.232651
v -230.589951 121.483055 255.207230
v -230.589951 122.223755 253.560501
v -229.600006 131.149994 245.000000
v -231.000000 131.907608 246.199341
v -230.589951 131.371902 245.351288
v -229.600006 151.288742 237.546951
v -229.600006 148.711258 237.546951
v -231.000000 150.000000 238.520874
v -229.600006 150.000000 237.231949
v -230.408295 150.000000 237.552551
v -230.589951 149.088715 237.920624
v -230.589951 150.911285 237.920624
v -229.600006 168.850006 245.000000
v -231.000000 168.092392 246.199341
v -230.589951 168.628098 245.351288
v -229.600006 179.000000 255.399994
v -229.600006 177.952484 253.071167
v -231.000000 177.600006 254.629730
v -229.600006 178.766190 254.105164
v -230.408295 178.482773 254.232651
v -230.589951 177.776245 253.560501
v -230.589951 178.516953 255.207230
v -222.399994 179.000000 284.600006
v -222.399994 177.600006 286.000000
v -221.000000 177.600006 284.600006
v -222.399994 178.589951 285.589935
v -221.591705 178.408295 285.408264
v -221.410049 177.600006 285.589935
v -221.410049 178.589951 284.599976
v -222.399994 122.400002 286.000000
v -222.399994 121.000000 284.600006
v -221.000000 122.400002 284.600006
v -222.399994 121.410042 285.589935
v -221.591705 121.591705 285.408264
v -221.410049 121.410042 284.599976
v -221.410049 122.399994 285.589935
v -222.399994 121.000000 255.399994
v -222.399994 122.047508 253.071167
v -221.000000 122.400002 254.629730
v -222.399994 121.233803 254.105164
v -221.591705 121.517220 254.232651
v -221.410049 122.223755 253.560501
v -221.410049 121.483055 255.207230
v -222.399994 131.149994 245.000000
v -221.000000 131.907608 246.199341
v -221.410049 131.371902 245.351288
v -222.399994 148.711258 237.546951
v -222.399994 151.288742 237.546951
v -221.000000 150.000000 238.520874
v -222.399994 150.000000 237.231949
v -221.591705 150.000000 237.552551
v -221.410049 150.911285 237.920624
v -221.410049 149.088715 237.920624
v -222.399994 168.850006 245.000000
v -221.000000 168.092392 246.199341
v -221.410049 168.628098 245.351288
v -222.399994 179.000000 255.399994
v -221.000000 177.600006 254.629730
v -222.399994 177.952484 253.071167
v -221.410049 178.516953 255.207230
v -221.591705 178.482773 254.232651
v -221.410049 177.776245 253.560501
v -222.399994 178.766190 254.105164
v -201.285721 90.000000 289.406891
v -177.571426 90.000000 293.478210
v -153.857147 90.000000 299.400269
v -130.142853 90.000000 308.807587
v -106.428574 90.000000 323.007080
v -82.714287 90.000000 341.993835
v -201.012268 90.026199 287.425842
v -177.144577 90.046387 291.524841
v -153.194046 90.055580 297.514221
v -129.216705 90.052231 307.035706
v -105.280922 90.039391 321.369598
v -81.427612 90.020996 340.462830
v -224.881271 118.186417 285.012512
v -223.890732 119.181160 285.105896
v -224.010025 118.205223 286.095825
v -201.142014 119.171677 287.308075
v -201.285721 118.205933 288.333374
v -177.353851 119.172836 291.368195
v -177.571426 118.205940 292.382050
v -153.524704 119.207855 298.607574
v -153.857147 118.205238 299.543762
v -129.681976 119.249977 309.811432
v -130.142853 118.206871 310.627594
v -105.860107 119.265495 324.960693
v -106.428574 118.208511 325.678101
v -82.078400 119.244232 343.248596
v -82.714287 118.207161 343.941284
v -59.102478 119.225662 362.615417
v -58.340645 118.230766 363.255371
v -59.760464 118.205765 363.358948
v -224.015503 90.000000 286.141449
v -224.889603 90.006874 285.011536
v -58.337116 90.005226 363.258484
v -59.729057 90.000000 363.323456
v -224.897949 61.827686 285.010651
v -224.007339 61.794838 286.062164
v -223.904327 60.832600 285.071442
v -201.285721 61.792706 287.550781
v -201.157181 60.854267 286.497223
v -177.571426 61.791012 290.971680
v -177.364471 60.873432 289.907654
v -153.857147 61.793152 297.785400
v -153.528793 60.848228 296.785492
v -130.142853 61.794518 308.869232
v -129.679611 60.802673 307.989716
v -106.428574 61.793850 324.267792
v -105.854141 60.773304 323.502747
v -82.714287 61.793957 343.158691
v -82.071808 60.775875 342.443970
v -58.333607 61.779476 363.261658
v -59.083015 60.784790 362.607513
v -59.747734 61.794441 363.344147
v -224.880600 118.186226 285.002075
v -223.771896 118.166710 284.110504
v -223.890091 119.180267 285.100525
v -200.998306 118.149254 286.355011
v -201.141510 119.171577 287.304596
v -177.136368 118.151657 290.430817
v -177.353653 119.172806 291.367310
v -153.191223 118.221016 297.657990
v -153.523544 119.207886 298.604279
v -129.216354 118.307320 308.858032
v -129.677216 119.250496 309.802338
v -105.283302 118.340408 324.043915
v -105.851868 119.266441 324.948914
v -81.433174 118.296219 342.408142
v -82.069283 119.244865 343.237701
v -59.093525 119.227203 362.605286
v -58.434795 118.258545 361.862305
v -58.333679 118.231033 363.247986
v -224.888412 90.006950 285.000885
v -223.793518 90.014336 284.153809
v -58.396168 90.010834 361.832489
v -58.329948 90.005287 363.250488
v -224.896362 61.828007 285.001007
v -223.903656 60.834637 285.064819
v -223.801666 61.862015 284.074036
v -201.156662 60.854485 286.493286
v -201.027588 61.901402 285.570587
v -177.364624 60.873379 289.908386
v -177.157227 61.937752 289.020721
v -153.528610 60.848255 296.784973
v -153.200058 61.889576 295.898895
v -129.675858 60.802692 307.982605
v -129.212753 61.799904 307.098694
v -105.846001 60.772926 323.491272
v -105.271873 61.740139 322.637238
v -82.061783 60.775497 342.432190
v -81.419563 61.745380 341.635193
v -58.326767 61.779312 363.253601
v -58.408119 61.763283 361.859406
v -59.072765 60.783989 362.596161
v -229.600006 119.000000 284.600006
v -231.000000 117.599998 284.600006
v -229.600006 117.599998 286.000000
v -230.589951 118.589958 284.600006
v -230.408295 118.408295 285.408295
v -230.589951 117.600006 285.589966
v -229.600006 118.589958 285.589966
v -229.600006 61.000000 284.600006
v -229.600006 62.400002 286.000000
v -231.000000 62.400002 284.600006
v -229.600006 61.410049 285.589935
v -230.408295 61.591709 285.408264
v -230.589951 62.400002 285.589935
v -230.589951 61.410049 284.599976
v -229.600006 62.047516 253.071167
v -229.600006 61.000000 255.399994
v -231.000000 62.400002 254.629730
v -229.600006 61.233803 254.105164
v -230.408295 61.517216 254.232651
v -230.589951 61.483047 255.207230
v -230.589951 62.223755 253.560501
v -229.600006 71.150002 245.000000
v -231.000000 71.907608 246.199341
v -230.589951 71.371902 245.351288
v -229.600006 91.288742 237.546951
v -229.600006 88.711258 237.546951
v -231.000000 90.000000 238.520874
v -229.600006 90.000000 237.231949
v -230.408295 90.000000 237.552551
v -230.589951 89.088722 237.920624
v -230.589951 90.911278 237.920624
v -229.600006 108.849998 245.000000
v -231.000000 108.092392 246.199341
v -230.589951 108.628098 245.351288
v -229.600006 119.000000 255.399994
v -229.600006 117.952492 253.071167
v -231.000000 117.599998 254.629730
v -229.600006 118.766197 254.105164
v -230.408295 118.482780 254.232651
v -230.589951 117.776245 253.560501
v -230.589951 118.516945 255.207230
v -222.399994 119.000000 284.600006
v -222.399994 117.599998 286.000000
v -221.000000 117.599998 284.600006
v -222.399994 118.589958 285.589935
v -221.591705 118.408295 285.408264
v -221.410049 117.600006 285.589935
v -221.410049 118.589958 284.599976
v -222.399994 62.400002 286.000000
v -222.399994 61.000000 284.600006
v -221.000000 62.400002 284.600006
v -222.399994 61.410049 285.589935
v -221.591705 61.591709 285.408264
v -221.410049 61.410049 284.599976
v -221.410049 62.400002 285.589935
v -222.399994 61.000000 255.399994
v -222.399994 62.047512 253.071167
v -221.000000 62.400002 254.629730
v -222.399994 61.233803 254.105164
v -221.591705 61.517220 254.232651
v -221.410049 62.223755 253.560501
v -221.410049 61.483051 255.207230
v -222.399994 71.150002 245.000000
v -221.000000 71.907608 246.199341
v -221.410049 71.371902 245.351288
v -222.399994 88.711258 237.546951
v -222.399994 91.288742 237.546951
v -221.000000 90.000000 238.520874
v -222.399994 90.000000 237.231949
v -221.591705 90.000000 237.552551
v -221.410049 90.911278 237.920624
v -221.410049 89.088722 237.920624
v -222.399994 108.849998 245.000000
v -221.000000 108.092392 246.199341
v -221.410049 108.628098 245.351288
v -222.399994 119.000000 255.399994
v -221.000000 117.599998 254.629730
v -222.399994 117.952492 253.071167
v -221.410049 118.516945 255.207230
v -221.591705 118.482780 254.232651
v -221.410049 117.776245 253.560501
v -222.399994 118.766197 254.105164
v -201.285721 30.000000 288.807434
v -177.571426 30.000000 292.398010
v -153.857147 30.000000 298.053253
v -130.142853 30.000000 307.460602
v -106.428574 30.000000 321.926880
v -82.714287 30.000000 341.394379
v -201.055786 30.009905 286.820709
v -177.173508 30.017557 290.438080
v -153.203568 30.021011 296.163177
v -129.209625 30.019670 305.691803
v -105.264610 30.014771 320.300537
v -81.408051 30.007849 339.879883
v -224.910721 58.182854 285.009827
v -223.917816 59.177258 285.068970
v -224.007706 58.205650 286.061462
v -201.168411 59.164303 286.478699
v -201.285721 58.206680 287.514740
v -177.371552 59.159737 289.875519
v -177.571426 58.207001 290.906891
v -153.530685 59.192116 296.748260
v -153.857147 58.205765 297.704376
v -129.677704 59.235138 307.956207
v -130.142853 58.206570 308.788177
v -105.850266 59.254219 323.478394
v -106.428574 58.208019 324.202942
v -82.066902 59.238163 342.432648
v -82.714287 58.207153 343.122681
v -59.077385 59.222420 362.612213
v -58.328640 58.228008 363.266693
v -59.747173 58.206089 363.344116
v -224.012695 30.000000 286.116882
v -224.913879 30.002598 285.009521
v -58.327366 30.001947 363.267883
v -59.719627 30.000000 363.314026
v -224.917038 1.822480 285.009277
v -224.006989 1.794368 286.048737
v -223.923294 0.827941 285.056122
v -201.285721 1.792807 287.219452
v -201.174164 0.845520 286.172913
v -177.571426 1.791867 290.374817
v -177.375580 0.857781 289.324524
v -153.857147 1.793662 297.041016
v -153.532227 0.829086 296.060822
v -130.142853 1.793989 308.124817
v -129.676804 0.784682 307.268890
v -106.428574 1.792886 323.670868
v -105.848068 0.760311 322.928314
v -82.714287 1.793280 342.827393
v -82.064499 0.769341 342.129059
v -58.326088 1.775807 363.269043
v -59.070183 0.781476 362.609406
v -59.742409 1.794003 363.338745
v -224.909943 58.182598 284.998749
v -223.828354 58.158989 284.070190
v -223.917252 59.176029 285.062744
v -201.050812 58.135201 285.529938
v -201.167953 59.164162 286.474823
v -177.171692 58.126530 288.949036
v -177.371506 59.159725 289.875275
v -153.203384 58.190014 295.814301
v -153.529831 59.192097 296.745789
v -129.207809 58.277176 307.021667
v -129.672913 59.235500 307.947144
v -105.263100 58.317242 322.581421
v -105.841370 59.255054 323.466003
v -81.409218 58.284031 341.609161
v -82.056664 59.238766 342.420776
v -59.067146 59.223763 362.601044
v -58.396893 58.252186 361.869446
v -58.321064 58.228260 363.258606
v -224.912888 30.002626 284.998016
v -223.839462 30.005419 284.124390
v -58.366566 30.004036 361.841278
v -58.319527 30.001970 363.259338
v -224.915924 1.822785 284.998474
v -223.922714 0.829607 285.049286
v -223.839981 1.851864 284.056641
v -201.173706 0.845707 286.168823
v -201.061935 1.883977 285.234192
v -177.375656 0.857759 289.324890
v -177.179596 1.907339 288.417114
v -153.531769 0.829128 296.059448
v -153.206757 1.851830 295.150635
v -129.672424 0.784538 307.260620
v -129.206482 1.763238 306.357849
v -105.839218 0.759706 322.916077
v -105.258888 1.712959 322.050690
v -82.053925 0.768842 342.116882
v -81.404251 1.731513 341.317535
v -58.318558 1.775598 363.260712
v -58.387054 1.755964 361.868500
v -59.059448 0.780415 362.597778
v -229.600006 59.000000 284.600006
v -231.000000 57.599998 284.600006
v -229.600006 57.599998 286.000000
v -230.589951 58.589951 284.600006
v -230.408295 58.408291 285.408295
v -230.589951 57.599998 285.589966
v -229.600006 58.589951 285.589966
v -229.600006 1.000000 284.600006
v -229.600006 2.400000 286.000000
v -231.000000 2.400000 284.600006
v -229.600006 1.410050 285.589935
v -230.408295 1.591710 285.408264
v -230.589951 2.400000 285.589935
v -230.589951 1.410050 284.599976
v -229.600006 2.047515 253.071167
v -229.600006 1.000000 255.399994
v -231.000000 2.400000 254.629730
v -229.600006 1.233808 254.105164
v -230.408295 1.517221 254.232651
v -230.589951 1.483052 255.207230
v -230.589951 2.223758 253.560501
v -229.600006 11.150000 245.000000
v -231.000000 11.907607 246.199341
v -230.589951 11.371897 245.351273
v -229.600006 31.288744 237.546951
v -229.600006 28.711260 237.546951
v -231.000000 30.000000 238.520874
v -229.600006 30.000000 237.231949
v -230.408295 29.999998 237.552551
v -230.589951 29.088720 237.920624
v -230.589951 30.911278 237.920624
v -229.600006 48.849998 245.000000
v -231.000000 48.092384 246.199341
v -230.589951 48.628098 245.351273
v -229.600006 59.000000 255.399994
v -229.600006 57.952488 253.071167
v -231.000000 57.599998 254.629730
v -229.600006 58.766197 254.105164
v -230.408295 58.482780 254.232651
v -230.589951 57.776245 253.560501
v -230.589951 58.516949 255.207230
v -222.399994 59.000000 284.600006
v -222.399994 57.599998 286.000000
v -221.000000 57.599998 284.600006
v -222.399994 58.589951 285.589935
v -221.591705 58.408291 285.408264
v -221.410049 57.599998 285.589935
v -221.410049 58.589951 284.599976
v -222.399994 2.400000 286.000000
v -222.399994 1.000000 284.600006
v -221.000000 2.400000 284.600006
v -222.399994 1.410050 285.589935
v -221.591705 1.591710 285.408264
v -221.410049 1.410050 284.599976
v -221.410049 2.400000 285.589935
v -222.399994 1.000000 255.399994
v -222.399994 2.047511 253.071167
v -221.000000 2.400000 254.629730
v -222.399994 1.233806 254.105164
v -221.591705 1.517220 254.232651
v -221.410049 2.223756 253.560501
v -221.410049 1.483053 255.207230
v -222.399994 11.150000 245.000000
v -221.000000 11.907607 246.199341
v -221.410049 11.371897 245.351273
v -222.399994 28.711256 237.546951
v -222.399994 31.288740 237.546951
v -221.000000 30.000000 238.520874
v -222.399994 30.000000 237.231949
v -221.591705 30.000002 237.552551
v -221.410049 30.911280 237.920624
v -221.410049 29.088722 237.920624
v -222.399994 48.849998 245.000000
v -221.000000 48.092384 246.199341
v -221.410049 48.628098 245.351273
v -222.399994 59.000000 255.399994
v -221.000000 57.599998 254.629730
v -222.399994 57.952484 253.071167
v -221.410049 58.516953 255.207230
v -221.591705 58.482784 254.232651
v -221.410049 57.776245 253.560501
v -222.399994 58.766197 254.105164
v -201.285721 -30.000000 288.807434
v -177.571426 -30.000000 292.398010
v -153.857147 -30.000000 298.053253
v -130.142853 -30.000000 307.460602
v -106.428574 -30.000000 321.926880
v -82.714287 -30.000000 341.394379
v -201.055786 -30.009905 286.820709
v -177.173508 -30.017557 290.438080
v -153.203568 -30.021011 296.163177
v -129.209625 -30.019670 305.691803
v -105.264610 -30.014771 320.300537
v -81.408051 -30.007849 339.879883
v -224.917053 -1.822480 285.009277
v -223.923294 -0.827941 285.056122
v -224.006989 -1.794368 286.048737
v -201.174164 -0.845520 286.172913
v -201.285721 -1.792807 287.219452
v -177.375580 -0.857781 289.324524
v -177.571426 -1.791867 290.374817
v -153.532227 -0.829086 296.060822
v -153.857147 -1.793662 297.041016
v -129.676804 -0.784682 307.268890
v -130.142853 -1.793989 308.124817
v -105.848068 -0.760311 322.928314
v -106.428574 -1.792885 323.670868
v -82.064499 -0.769341 342.129059
v -82.714287 -1.793280 342.827393
v -59.070183 -0.781476 362.609406
v -58.326073 -1.775807 363.269043
v -59.742409 -1.794003 363.338745
v -224.012695 -30.000000 286.116882
v -224.913879 -30.002598 285.009521
v -58.327366 -30.001947 363.267883
v -59.719627 -30.000000 363.314026
v -224.910721 -58.182854 285.009827
v -224.007706 -58.205650 286.061462
v -223.917816 -59.177258 285.068970
v -201.285721 -58.206680 287.514740
v -201.168411 -59.164303 286.478699
v -177.571426 -58.207001 290.906891
v -177.371552 -59.159737 289.875519
v -153.857147 -58.205765 297.704376
v -153.530685 -59.192116 296.748260
v -130.142853 -58.206570 308.788177
v -129.677704 -59.235138 307.956207
v -106.428574 -58.208019 324.202942
v -105.850266 -59.254219 323.478394
v -82.714287 -58.207153 343.122681
v -82.066902 -59.238163 342.432648
v -58.328648 -58.228008 363.266693
v -59.077385 -59.222420 362.612213
v -59.747185 -58.206089 363.344116
v -224.915924 -1.822785 284.998474
v -223.839981 -1.851863 284.056641
v -223.922714 -0.829607 285.049286
v -201.061935 -1.883977 285.234192
v -201.173706 -0.845707 286.168823
v -177.179596 -1.907339 288.417114
v -177.375656 -0.857759 289.324890
v -153.206757 -1.851830 295.150635
v -153.531769 -0.829128 296.059448
v -129.206482 -1.763238 306.357849
v -129.672424 -0.784538 307.260620
v -105.258888 -1.712959 322.050690
v -105.839218 -0.759706 322.916077
v -81.404251 -1.731513 341.317535
v -82.053925 -0.768842 342.116882
v -59.059448 -0.780415 362.597778
v -58.387058 -1.755963 361.868500
v -58.318546 -1.775598 363.260712
v -224.912888 -30.002626 284.998016
v -223.839462 -30.005419 284.124390
v -58.366566 -30.004036 361.841278
v -58.319527 -30.001970 363.259338
v -224.909943 -58.182598 284.998749
v -223.917252 -59.176033 285.062744
v -223.828354 -58.158989 284.070160
v -201.167953 -59.164162 286.474823
v -201.050812 -58.135201 285.529938
v -177.371506 -59.159725 289.875275
v -177.171692 -58.126530 288.949036
v -153.529831 -59.192097 296.745789
v -153.203384 -58.190014 295.814301
v -129.672913 -59.235500 307.947144
v -129.207809 -58.277176 307.021667
v -105.841370 -59.255054 323.466003
v -105.263100 -58.317242 322.581421
v -82.056664 -59.238766 342.420776
v -81.409218 -58.284031 341.609161
v -58.321072 -58.228260 363.258606
v -58.396896 -58.252186 361.869446
v -59.067146 -59.223759 362.601044
v -229.600006 -1.000000 284.600006
v -231.000000 -2.400000 284.600006
v -229.600006 -2.400000 286.000000
v -230.589951 -1.410050 284.600006
v -230.408295 -1.591710 285.408295
v -230.589951 -2.400000 285.589966
v -229.600006 -1.410050 285.589966
v -229.600006 -59.000000 284.600006
v -229.600006 -57.599998 286.000000
v -231.000000 -57.599998 284.600006
v -229.600006 -58.589951 285.589935
v -230.408295 -58.408291 285.408264
v -230.589951 -57.599998 285.589935
v -230.589951 -58.589951 284.599976
v -229.600006 -57.952484 253.071167
v -229.600006 -59.000000 255.399994
v -231.000000 -57.599998 254.629730
v -229.600006 -58.766197 254.105164
v -230.408295 -58.482784 254.232651
v -230.589951 -58.516953 255.207230
v -230.589951 -57.776245 253.560501
v -229.600006 -48.849998 245.000000
v -231.000000 -48.092384 246.199341
v -230.589951 -48.628098 245.351273
v -229.600006 -28.711256 237.546951
v -229.600006 -31.288740 237.546951
v -231.000000 -30.000000 238.520874
v -229.600006 -30.000000 237.231949
v -230.408295 -30.000002 237.552551
v -230.589951 -30.911280 237.920624
v -230.589951 -29.088722 237.920624
v -229.600006 -11.150000 245.000000
v -231.000000 -11.907607 246.199341
v -230.589951 -11.371897 245.351273
v -229.600006 -1.000000 255.399994
v -229.600006 -2.047511 253.071167
v -231.000000 -2.400000 254.629730
v -229.600006 -1.233806 254.105164
v -230.408295 -1.517220 254.232651
v -230.589951 -2.223756 253.560501
v -230.589951 -1.483053 255.207230
v -222.399994 -1.000000 284.600006
v -222.399994 -2.400000 286.000000
v -221.000000 -2.400000 284.600006
v -222.399994 -1.410050 285.589935
v -221.591705 -1.591710 285.408264
v -221.410049 -2.400000 285.589935
v -221.410049 -1.410050 284.599976
v -222.399994 -57.599998 286.000000
v -222.399994 -59.000000 284.600006
v -221.000000 -57.599998 284.600006
v -222.399994 -58.589951 285.589935
v -221.591705 -58.408291 285.408264
v -221.410049 -58.589951 284.599976
v -221.410049 -57.599998 285.589935
v -222.399994 -59.000000 255.399994
v -222.399994 -57.952488 253.071167
v -221.000000 -57.599998 254.629730
v -222.399994 -58.766197 254.105164
v -221.591705 -58.482780 254.232651
v -221.410049 -57.776245 253.560501
v -221.410049 -58.516949 255.207230
v -222.399994 -48.849998 245.000000
v -221.000000 -48.092384 246.199341
v -221.410049 -48.628098 245.351273
v -222.399994 -31.288744 237.546951
v -222.399994 -28.711260 237.546951
v -221.000000 -30.000000 238.520874
v -222.399994 -30.000000 237.231949
v -221.591705 -29.999998 237.552551
v -221.410049 -29.088720 237.920624
v -221.410049 -30.911278 237.920624
v -222.399994 -11.150000 245.000000
v -221.000000 -11.907607 246.199341
v -221.410049 -11.371897 245.351273
v -222.399994 -1.000000 255.399994
v -221.000000 -2.400000 254.629730
v -222.399994 -2.047515 253.071167
v -221.410049 -1.483052 255.207230
v -221.591705 -1.517221 254.232651
v -221.410049 -2.223758 253.560501
v -222.399994 -1.233808 254.105164
v -201.285721 -90.000000 289.406891
v -177.571426 -90.000000 293.478210
v -153.857147 -90.000000 299.400269
v -130.142853 -90.000000 308.807587
v -106.428574 -90.000000 323.007080
v -82.714287 -90.000000 341.993835
v -201.012268 -90.026199 287.425842
v -177.144577 -90.046387 291.524841
v -153.194046 -90.055580 297.514221
v -129.216705 -90.052231 307.035706
v -105.280922 -90.039391 321.369598
v -81.427612 -90.020996 340.462830
v -224.897949 -61.827686 285.010651
v -223.904327 -60.832600 285.071442
v -224.007339 -61.794838 286.062164
v -201.157181 -60.854267 286.497223
v -201.285721 -61.792706 287.550781
v -177.364471 -60.873432 289.907654
v -177.571426 -61.791012 290.971680
v -153.528793 -60.848228 296.785492
v -153.857147 -61.793152 297.785400
v -129.679611 -60.802673 307.989716
v -130.142853 -61.794518 308.869232
v -105.854141 -60.773304 323.502747
v -106.428574 -61.793850 324.267792
v -82.071808 -60.775875 342.443970
v -82.714287 -61.793957 343.158691
v -59.083015 -60.784790 362.607513
v -58.333614 -61.779476 363.261658
v -59.747730 -61.794441 363.344147
v -224.015503 -90.000000 286.141449
v -224.889603 -90.006874 285.011536
v -58.337116 -90.005226 363.258484
v -59.729057 -90.000000 363.323456
v -224.881271 -118.186417 285.012512
v -224.010025 -118.205231 286.095825
v -223.890732 -119.181160 285.105896
v -201.285721 -118.205933 288.333374
v -201.142014 -119.171677 287.308075
v -177.571426 -118.205940 292.382050
v -177.353851 -119.172836 291.368195
v -153.857147 -118.205238 299.543762
v -153.524704 -119.207855 298.607574
v -130.142853 -118.206871 310.627594
v -129.681976 -119.249977 309.811432
v -106.428574 -118.208511 325.678101
v -105.860107 -119.265495 324.960693
v -82.714287 -118.207161 343.941284
v -82.078400 -119.244232 343.248596
v -58.340645 -118.230766 363.255371
v -59.102478 -119.225662 362.615417
v -59.760475 -118.205765 363.358948
v -224.896362 -61.828007 285.001007
v -223.801666 -61.862015 284.074036
v -223.903656 -60.834637 285.064819
v -201.027588 -61.901402 285.570587
v -201.156662 -60.854485 286.493286
v -177.157227 -61.937752 289.020721
v -177.364624 -60.873379 289.908386
v -153.200058 -61.889576 295.898895
v -153.528610 -60.848255 296.784973
v -129.212753 -61.799904 307.098694
v -129.675858 -60.802692 307.982605
v -105.271873 -61.740139 322.637238
v -105.846001 -60.772926 323.491272
v -81.419563 -61.745380 341.635193
v -82.061783 -60.775497 342.432190
v -59.072765 -60.783989 362.596161
v -58.408127 -61.763283 361.859436
v -58.326775 -61.779312 363.253601
v -224.888412 -90.006950 285.000885
v -223.793518 -90.014336 284.153809
v -58.396168 -90.010834 361.832489
v -58.329948 -90.005287 363.250488
v -224.880600 -118.186226 285.002075
v -223.890091 -119.180260 285.100525
v -223.771896 -118.166710 284.110504
v -201.141510 -119.171577 287.304596
v -200.998306 -118.149254 286.355011
v -177.353653 -119.172806 291.367310
v -177.136368 -118.151657 290.430817
v -153.523544 -119.207886 298.604279
v -153.191223 -118.221016 297.657990
v -129.677216 -119.250496 309.802338
v -129.216354 -118.307320 308.858032
v -105.851868 -119.266441 324.948914
v -105.283302 -118.340408 324.043915
v -82.069283 -119.244865 343.237701
v -81.433174 -118.296219 342.408142
v -58.333668 -118.231033 363.247986
v -58.434803 -118.258545 361.862305
v -59.093525 -119.227211 362.605286
v -229.600006 -61.000000 284.600006
v -231.000000 -62.400002 284.600006
v -229.600006 -62.400002 286.000000
v -230.589951 -61.410049 284.600006
v -230.408295 -61.591709 285.408295
v -230.589951 -62.400002 285.589966
v -229.600006 -61.410049 285.589966
v -229.600006 -119.000000 284.600006
v -229.600006 -117.599998 286.000000
v -231.000000 -117.599998 284.600006
v -229.600006 -118.589958 285.589935
v -230.408295 -118.408295 285.408264
v -230.589951 -117.600006 285.589935
v -230.589951 -118.589958 284.599976
v -229.600006 -117.952492 253.071167
v -229.600006 -119.000000 255.399994
v -231.000000 -117.599998 254.629730
v -229.600006 -118.766197 254.105164
v -230.408295 -118.482780 254.232651
v -230.589951 -118.516945 255.207230
v -230.589951 -117.776245 253.560501
v -229.600006 -108.849998 245.000000
v -231.000000 -108.092392 246.199341
v -230.589951 -108.628098 245.351288
v -229.600006 -88.711258 237.546951
v -229.600006 -91.288742 237.546951
v -231.000000 -90.000000 238.520874
v -229.600006 -90.000000 237.231949
v -230.408295 -90.000000 237.552551
v -230.589951 -90.911278 237.920624
v -230.589951 -89.088722 237.920624
v -229.600006 -71.150002 245.000000
v -231.000000 -71.907608 246.199341
v -230.589951 -71.371902 245.351288
v -229.600006 -61.000000 255.399994
v -229.600006 -62.047512 253.071167
v -231.000000 -62.400002 254.629730
v -229.600006 -61.233803 254.105164
v -230.408295 -61.517220 254.232651
v -230.589951 -62.223755 253.560501
v -230.589951 -61.483051 255.207230
v -222.399994 -61.000000 284.600006
v -222.399994 -62.400002 286.000000
v -221.000000 -62.400002 284.600006
v -222.399994 -61.410049 285.589935
v -221.591705 -61.591709 285.408264
v -221.410049 -62.400002 285.589935
v -221.410049 -61.410049 284.599976
v -222.399994 -117.599998 286.000000
v -222.399994 -119.000000 284.600006
v -221.000000 -117.599998 284.600006
v -222.399994 -118.589958 285.589935
v -221.591705 -118.408295 285.408264
v -221.410049 -118.589958 284.599976
v -221.410049 -117.600006 285.589935
v -222.399994 -119.000000 255.399994
v -222.399994 -117.952492 253.071167
v -221.000000 -117.599998 254.629730
v -222.399994 -118.766197 254.105164
v -221.591705 -118.482780 254.232651
v -221.410049 -117.776245 253.560501
v -221.410049 -118.516945 255.207230
v -222.399994 -108.849998 245.000000
v -221.000000 -108.092392 246.199341
v -221.410049 -108.628098 245.351288
v -222.399994 -91.288742 237.546951
v -222.399994 -88.711258 237.546951
v -221.000000 -90.000000 238.520874
v -222.399994 -90.000000 237.231949
v -221.591705 -90.000000 237.552551
v -221.410049 -89.088722 237.920624
v -221.410049 -90.911278 237.920624
v -222.399994 -71.150002 245.000000
v -221.000000 -71.907608 246.199341
v -221.410049 -71.371902 245.351288
v -222.399994 -61.000000 255.399994
v -221.000000 -62.400002 254.629730
v -222.399994 -62.047516 253.071167
v -221.410049 -61.483047 255.207230
v -221.591705 -61.517216 254.232651
v -221.410049 -62.223755 253.560501
v -222.399994 -61.233803 254.105164
v -201.285721 -150.000000 290.396423
v -177.571426 -150.000000 295.261261
v -153.857147 -150.000000 301.623688
v -130.142853 -150.000000 311.031006
v -106.428574 -150.000000 324.790131
v -82.714287 -150.000000 342.983368
v -200.941299 -150.033234 288.426575
v -177.097382 -150.058746 293.319153
v -153.178329 -150.070541 299.743744
v -129.228378 -150.066711 309.253571
v -105.308502 -150.050674 323.133972
v -81.461266 -150.027161 341.424774
v -224.860382 -121.831001 285.014465
v -223.868668 -120.835037 285.110443
v -224.009354 -121.795670 286.097015
v -201.123703 -120.858818 287.338928
v -201.285721 -121.793205 288.392883
v -177.342300 -120.881668 291.421234
v -177.571426 -121.791031 292.489044
v -153.521484 -120.858574 298.668854
v -153.857147 -121.793282 299.677551
v -129.685013 -120.812576 309.866699
v -130.142853 -121.795219 310.761414
v -105.866585 -120.780342 325.000763
v -106.428574 -121.794838 325.785156
v -82.086807 -120.779274 343.267090
v -82.714287 -121.794838 344.000732
v -59.112263 -120.786453 362.607452
v -58.349239 -121.781898 363.246826
v -59.761486 -121.795227 363.358948
v -224.021286 -150.000000 286.181458
v -224.849915 -150.008728 285.015991
v -58.353977 -150.006790 363.242737
v -59.744938 -150.000000 363.339813
v -224.839462 -178.186920 285.017639
v -224.014420 -178.204453 286.139404
v -223.853302 -179.182419 285.154816
v -201.285721 -178.205063 289.389435
v -201.104660 -179.174042 288.372253
v -177.571426 -178.205017 294.285004
v -177.328918 -179.176910 293.281189
v -153.857147 -178.204483 301.916656
v -153.516312 -179.212646 300.988770
v -130.142853 -178.206390 313.000488
v -129.688080 -179.254745 312.186127
v -106.428574 -178.208084 327.580963
v -105.874466 -179.269669 326.857208
v -82.714287 -178.206543 344.997284
v -82.095726 -179.246811 344.291626
v -58.358757 -178.231430 363.238678
v -59.137848 -179.227142 362.618530
v -59.777908 -178.204987 363.378967
v -224.858536 -121.831284 285.006592
v -223.728287 -121.867874 284.118256
v -223.867874 -120.837227 285.104919
v -200.960480 -121.910965 286.423096
v -201.123169 -120.859009 287.335724
v -177.112823 -121.954216 290.549347
v -177.342499 -120.881599 291.422089
v -153.185562 -121.910355 297.797363
v -153.521484 -120.858574 298.668823
v -129.224258 -121.820465 308.985046
v -129.681961 -120.812660 309.860809
v -105.298035 -121.755348 324.135956
v -105.859673 -120.780106 324.990692
v -81.451012 -121.753159 342.450836
v -82.078148 -120.778992 343.256470
v -59.103386 -120.785797 362.597168
v -58.454338 -121.767532 361.845490
v -58.343632 -121.781776 363.239685
v -224.848541 -150.008804 285.006958
v -223.719742 -150.018173 284.204376
v -58.446972 -150.014084 361.818329
v -58.348015 -150.006866 363.235748
v -224.838745 -178.186768 285.008728
v -223.852600 -179.181641 285.150574
v -223.692657 -178.168579 284.165833
v -201.104126 -179.173981 288.369385
v -200.923691 -178.153152 287.423248
v -177.328659 -179.176880 293.280182
v -177.086533 -178.158875 292.345337
v -153.515152 -179.212677 300.985596
v -153.174454 -178.229843 300.036987
v -129.683868 -179.255249 312.177917
v -129.229065 -178.316345 311.224854
v -105.867439 -179.270554 326.846771
v -105.313164 -178.348282 325.926941
v -82.088158 -179.247391 344.282135
v -81.469299 -178.300690 343.434906
v -58.352940 -178.231659 363.232452
v -58.489620 -178.260773 361.850128
v -59.130562 -179.228745 362.609894
v -229.600006 -121.000000 284.600006
v -231.000000 -122.400002 284.600006
v -229.600006 -122.400002 286.000000
v -230.589951 -121.410042 284.600006
v -230.408295 -121.591705 285.408295
v -230.589951 -122.399994 285.589966
v -229.600006 -121.410042 285.589966
v -229.600006 -179.000000 284.600006
v -229.600006 -177.600006 286.000000
v -231.000000 -177.600006 284.600006
v -229.600006 -178.589951 285.589935
v -230.408295 -178.408295 285.408264
v -230.589951 -177.600006 285.589935
v -230.589951 -178.589951 284.599976
v -229.600006 -177.952484 253.071167
v -229.600006 -179.000000 255.399994
v -231.000000 -177.600006 254.629730
v -229.600006 -178.766190 254.105164
v -230.408295 -178.482773 254.232651
v -230.589951 -178.516953 255.207230
v -230.589951 -177.776245 253.560501
v -229.600006 -168.850006 245.000000
v -231.000000 -168.092392 246.199341
v -230.589951 -168.628098 245.351288
v -229.600006 -148.711258 237.546951
v -229.600006 -151.288742 237.546951
v -231.000000 -150.000000 238.520874
v -229.600006 -150.000000 237.231949
v -230.408295 -150.000000 237.552551
v -230.589951 -150.911285 237.920624
v -230.589951 -149.088715 237.920624
v -229.600006 -131.149994 245.000000
v -231.000000 -131.907608 246.199341
v -230.589951 -131.371902 245.351288
v -229.600006 -121.000000 255.399994
v -229.600006 -122.047508 253.071167
v -231.000000 -122.400002 254.629730
v -229.600006 -121.233803 254.105164
v -230.408295 -121.517220 254.232651
v -230.589951 -122.223755 253.560501
v -230.589951 -121.483055 255.207230
v -222.399994 -121.000000 284.600006
v -222.399994 -122.400002 286.000000
v -221.000000 -122.400002 284.600006
v -222.399994 -121.410042 285.589935
v -221.591705 -121.591705 285.408264
v -221.410049 -122.399994 285.589935
v -221.410049 -121.410042 284.599976
v -222.399994 -177.600006 286.000000
v -222.399994 -179.000000 284.600006
v -221.000000 -177.600006 284.600006
v -222.399994 -178.589951 285.589935
v -221.591705 -178.408295 285.408264
v -221.410049 -178.589951 284.599976
v -221.410049 -177.600006 285.589935
v -222.399994 -179.000000 255.399994
v -222.399994 -177.952484 253.071167
v -221.000000 -177.600006 254.629730
v -222.399994 -178.766190 254.105164
v -221.591705 -178.482773 254.232651
v -221.410049 -177.776245 253.560501
v -221.410049 -178.516953 255.207230
v -222.399994 -168.850006 245.000000
v -221.000000 -168.092392 246.199341
v -221.410049 -168.628098 245.351288
v -222.399994 -151.288742 237.546951
v -222.399994 -148.711258 237.546951
v -221.000000 -150.000000 238.520874
v -222.399994 -150.000000 237.231949
v -221.591705 -150.000000 237.552551
v -221.410049 -149.088715 237.920624
v -221.410049 -150.911285 237.920624
v -222.399994 -131.149994 245.000000
v -221.000000 -131.907608 246.199341
v -221.410049 -131.371902 245.351288
v -222.399994 -121.000000 255.399994
v -221.000000 -122.400002 254.629730
v -222.399994 -122.047508 253.071167
v -221.410049 -121.483055 255.207230
v -221.591705 -121.517220 254.232651
v -221.410049 -122.223755 253.560501
v -222.399994 -121.233803 254.105164
v -201.285721 -210.000000 291.430328
v -177.571426 -210.000000 297.124298
v -153.857147 -210.000000 303.946869
v -130.142853 -210.000000 313.354187
v -106.428574 -210.000000 326.653168
v -82.714287 -210.000000 344.017273
v -200.868515 -210.028610 289.474548
v -177.048828 -210.050537 295.194458
v -153.161896 -210.060867 302.072601
v -129.240540 -210.057938 311.570221
v -105.338234 -210.044327 324.977112
v -81.498337 -210.023880 342.429535
v -224.818024 -181.831161 285.020538
v -223.830704 -180.834381 285.160248
v -224.013763 -181.796478 286.140656
v -201.085892 -180.857590 288.404938
v -201.285721 -181.794098 289.451630
v -177.317047 -180.879700 293.336700
v -177.571426 -181.792038 294.396881
v -153.512833 -180.856567 301.052704
v -153.857147 -181.794250 302.056488
v -129.691132 -180.810852 312.243774
v -130.142853 -181.796082 313.140320
v -105.881439 -180.778778 326.898987
v -106.428574 -181.795639 327.692841
v -82.105011 -180.778214 344.310822
v -82.714287 -181.795654 345.059418
v -59.148712 -180.785797 362.610138
v -58.368370 -181.782104 363.229614
v -59.778999 -181.796082 363.379028
v -224.028915 -210.000000 286.222382
v -224.809143 -210.007523 285.022247
v -58.372753 -210.006012 363.226044
v -59.761818 -210.000000 363.358063
v -224.800293 -238.184280 285.024017
v -224.019577 -238.203644 286.176727
v -223.819229 -239.180649 285.198944
v -201.285721 -238.204391 290.314026
v -201.069717 -239.170654 289.299835
v -177.571426 -238.204453 295.950989
v -177.305603 -239.170670 294.946350
v -153.857147 -238.203659 303.994110
v -153.508392 -239.204895 303.059967
v -130.142853 -238.205154 315.077850
v -129.693832 -239.247681 314.250641
v -106.428574 -238.206833 329.246826
v -105.888519 -239.265060 328.505402
v -82.714287 -238.205505 345.921783
v -82.113220 -239.244812 345.197388
v -58.377155 -238.229675 363.222504
v -59.171570 -239.226196 362.620758
v -59.793335 -238.204056 363.397461
v -224.816238 -181.831375 285.014343
v -223.648041 -181.867279 284.175720
v -223.829956 -180.836472 285.156281
v -200.885025 -181.909332 287.495667
v -201.085434 -180.857712 288.402649
v -177.062408 -181.951294 292.469452
v -177.317261 -180.879639 293.337494
v -153.168304 -181.907318 300.182312
v -153.512833 -180.856567 301.052704
v -129.237000 -181.817841 311.357361
v -129.688599 -180.810898 312.238831
v -105.328903 -181.753036 326.022949
v -105.875725 -180.778564 326.890320
v -81.488991 -181.751877 343.479370
v -82.097946 -180.777954 344.301727
v -59.141518 -180.785141 362.601379
v -58.511379 -181.767075 361.832336
v -58.364002 -181.781998 363.223694
v -224.807709 -210.007568 285.014862
v -223.645767 -210.015640 284.259460
v -58.502621 -210.012436 361.804321
v -58.368011 -210.006042 363.220184
v -224.799454 -238.184128 285.016815
v -223.818542 -239.179764 285.195648
v -223.619339 -238.164108 284.217590
v -201.069229 -239.170593 289.297638
v -200.853745 -238.145706 288.362244
v -177.305420 -239.170654 294.945679
v -177.039917 -238.145859 294.023956
v -153.507492 -239.204895 303.057556
v -153.158844 -238.213486 302.120056
v -129.690430 -239.248032 314.243896
v -129.241379 -238.300827 313.295135
v -105.882751 -239.265762 328.496521
v -105.342529 -238.337616 327.572601
v -82.107048 -239.245270 345.189270
v -81.505714 -238.295547 344.330841
v -58.372551 -238.229858 363.217377
v -58.543060 -238.257889 361.837311
v -59.165688 -239.227707 362.613403
v -229.600006 -181.000000 284.600006
v -231.000000 -182.399994 284.600006
v -229.600006 -182.399994 286.000000
v -230.589951 -181.410049 284.600006
v -230.408295 -181.591705 285.408295
v -230.589951 -182.399994 285.589966
v -229.600006 -181.410049 285.589966
v -229.600006 -239.000000 284.600006
v -229.600006 -237.600006 286.000000
v -231.000000 -237.600006 284.600006
v -229.600006 -238.589951 285.589935
v -230.408295 -238.408295 285.408264
v -230.589951 -237.600006 285.589935
v -230.589951 -238.589951 284.599976
v -229.600006 -237.952484 253.071167
v -229.600006 -239.000000 255.399994
v -231.000000 -237.600006 254.629730
v -229.600006 -238.766190 254.105164
v -230.408295 -238.482773 254.232651
v -230.589951 -238.516953 255.207230
v -230.589951 -237.776245 253.560501
v -229.600006 -228.850006 245.000000
v -231.000000 -228.092392 246.199341
v -230.589951 -228.628098 245.351288
v -229.600006 -208.711258 237.546951
v -229.600006 -211.288742 237.546951
v -231.000000 -210.000000 238.520874
v -229.600006 -210.000000 237.231949
v -230.408295 -210.000000 237.552551
v -230.589951 -210.911285 237.920624
v -230.589951 -209.088715 237.920624
v -229.600006 -191.149994 245.000000
v -231.000000 -191.907608 246.199341
v -230.589951 -191.371902 245.351288
v -229.600006 -181.000000 255.399994
v -229.600006 -182.047516 253.071167
v -231.000000 -182.399994 254.629730
v -229.600006 -181.233810 254.105164
v -230.408295 -181.517227 254.232651
v -230.589951 -182.223755 253.560501
v -230.589951 -181.483047 255.207230
v -222.399994 -181.000000 284.600006
v -222.399994 -182.399994 286.000000
v -221.000000 -182.399994 284.600006
v -222.399994 -181.410049 285.589935
v -221.591705 -181.591705 285.408264
v -221.410049 -182.399994 285.589935
v -221.410049 -181.410049 284.599976
v -222.399994 -237.600006 286.000000
v -222.399994 -239.000000 284.600006
v -221.000000 -237.600006 284.600006
v -222.399994 -238.589951 285.589935
v -221.591705 -238.408295 285.408264
v -221.410049 -238.589951 284.599976
v -221.410049 -237.600006 285.589935
v -222.399994 -239.000000 255.399994
v -222.399994 -237.952484 253.071167
v -221.000000 -237.600006 254.629730
v -222.399994 -238.766190 254.105164
v -221.591705 -238.482773 254.232651
v -221.410049 -237.776245 253.560501
v -221.410049 -238.516953 255.207230
v -222.399994 -228.850006 245.000000
v -221.000000 -228.092392 246.199341
v -221.410049 -228.628098 245.351288
v -222.399994 -211.288742 237.546951
v -222.399994 -208.711258 237.546951
v -221.000000 -210.000000 238.520874
v -222.399994 -210.000000 237.231949
v -221.591705 -210.000000 237.552551
v -221.410049 -209.088715 237.920624
v -221.410049 -210.911285 237.920624
v -222.399994 -191.149994 245.000000
v -221.000000 -191.907608 246.199341
v -221.410049 -191.371902 245.351288
v -222.399994 -181.000000 255.399994
v -221.000000 -182.399994 254.629730
v -222.399994 -182.047516 253.071167
v -221.410049 -181.483047 255.207230
v -221.591705 -181.517227 254.232651
v -221.410049 -182.223755 253.560501
v -222.399994 -181.233810 254.105164
v -201.285721 -270.000000 292.147430
v -177.571426 -270.000000 298.416504
v -153.857147 -270.000000 305.558228
v -130.142853 -270.000000 314.965546
v -106.428574 -270.000000 327.945374
v -82.714287 -270.000000 344.734406
v -200.818985 -270.014099 290.202698
v -177.015640 -270.024902 296.495453
v -153.150482 -270.030090 303.687469
v -129.248978 -270.028778 313.176636
v -105.359413 -270.022095 326.255280
v -81.525246 -270.011963 343.126282
v -224.785690 -241.828186 285.026489
v -223.803879 -240.830933 285.203094
v -224.019135 -241.796997 286.177612
v -201.056961 -240.851120 289.322754
v -201.285721 -241.795074 290.357208
v -177.297501 -240.868393 294.984955
v -177.571426 -241.793625 296.028687
v -153.505920 -240.843018 303.104309
v -153.857147 -241.795624 304.091217
v -129.695877 -240.797974 314.290619
v -130.142853 -241.796738 315.174896
v -105.893471 -240.768890 328.534332
v -106.428574 -241.795898 329.324432
v -82.119980 -240.772827 345.210632
v -82.714287 -241.796082 345.964874
v -59.179508 -240.782928 362.614868
v -58.384243 -241.779861 363.216125
v -59.794125 -241.796677 363.397522
v -224.035080 -270.000000 286.250122
v -224.781372 -270.003723 285.027466
v -58.386501 -270.003021 363.214355
v -59.773674 -270.000000 363.371460
v -224.777054 -298.179474 285.028442
v -224.022491 -298.203094 286.195221
v -223.798813 -299.176514 285.222260
v -201.285721 -298.204193 290.784149
v -201.049072 -299.162811 289.766022
v -177.571426 -298.204620 296.798126
v -177.291885 -299.156464 295.781891
v -153.857147 -298.203308 305.050507
v -153.503723 -299.187378 304.097992
v -130.142853 -298.203827 316.134125
v -129.697235 -299.231110 315.284119
v -106.428574 -298.205322 330.093811
v -105.897072 -299.253021 329.329651
v -82.714287 -298.204498 346.391815
v -82.124222 -299.238739 345.649567
v -58.388779 -298.226074 363.212585
v -59.191059 -299.223114 362.620483
v -59.801250 -298.203400 363.407043
v -224.784225 -241.828354 285.021240
v -223.589066 -241.860565 284.225464
v -223.803253 -240.832687 285.200195
v -200.827499 -241.897339 288.413177
v -201.056564 -240.851212 289.321106
v -177.023468 -241.930283 294.110260
v -177.297668 -240.868347 294.985535
v -153.154434 -241.881622 302.220764
v -153.505798 -240.843033 303.104004
v -129.246674 -241.792694 313.386932
v -129.693573 -240.797958 314.286011
v -105.353668 -241.733444 327.639130
v -105.888573 -240.768600 328.526642
v -81.520027 -241.741501 344.361603
v -82.114159 -240.772552 345.202820
v -59.173691 -240.782104 362.607452
v -58.558971 -241.761765 361.824860
v -58.380619 -241.779755 363.211212
v -224.779968 -270.003723 285.021240
v -223.596420 -270.007721 284.298828
v -58.542793 -270.006226 361.795197
v -58.382584 -270.003021 363.209320
v -224.776047 -298.179321 285.022675
v -223.798203 -299.175323 285.219604
v -223.575607 -298.154938 284.246429
v -201.048660 -299.162720 289.764374
v -200.812256 -298.129761 288.842529
v -177.291855 -299.156433 295.781799
v -177.012436 -298.117554 294.879974
v -153.503189 -299.187347 304.096588
v -153.149796 -298.178040 303.179993
v -129.694534 -299.231323 315.278717
v -129.248917 -298.266205 314.346161
v -105.892159 -299.253540 329.321899
v -105.360603 -298.311798 328.406311
v -82.118828 -299.239075 345.642242
v -81.528633 -298.282227 344.783112
v -58.385025 -298.226196 363.208069
v -58.575077 -298.250793 361.827698
v -59.185879 -299.224365 362.613800
v -229.600006 -241.000000 284.600006
v -231.000000 -242.399994 284.600006
v -229.600006 -242.399994 286.000000
v -230.589951 -241.410049 284.600006
v -230.408295 -241.591705 285.408295
v -230.589951 -242.399994 285.589966
v -229.600006 -241.410049 285.589966
v -229.600006 -299.000000 284.600006
v -229.600006 -297.600006 286.000000
v -231.000000 -297.600006 284.600006
v -229.600006 -298.589935 285.589935
v -230.408295 -298.408264 285.408264
v -230.589951 -297.599976 285.589935
v -230.589951 -298.589935 284.599976
v -229.600006 -297.952484 253.071167
v -229.600006 -299.000000 255.399994
v -231.000000 -297.600006 254.629730
v -229.600006 -298.766205 254.105164
v -230.408295 -298.482788 254.232651
v -230.589951 -298.516937 255.207230
v -230.589951 -297.776245 253.560501
v -229.600006 -288.850006 245.000000
v -231.000000 -288.092377 246.199326
v -230.589951 -288.628113 245.351273
v -229.600006 -268.711273 237.546936
v -229.600006 -271.288727 237.546951
v -231.000000 -270.000000 238.520859
v -229.600006 -270.000000 237.231964
v -230.408295 -270.000000 237.552567
v -230.589951 -270.911255 237.920624
v -230.589951 -269.088745 237.920624
v -229.600006 -251.149994 245.000000
v -231.000000 -251.907608 246.199341
v -230.589951 -251.371902 245.351288
v -229.600006 -241.000000 255.399994
v -229.600006 -242.047516 253.071167
v -231.000000 -242.399994 254.629730
v -229.600006 -241.233810 254.105164
v -230.408295 -241.517227 254.232651
v -230.589951 -242.223755 253.560501
v -230.589951 -241.483047 255.207230
v -222.399994 -241.000000 284.600006
v -222.399994 -242.399994 286.000000
v -221.000000 -242.399994 284.600006
v -222.399994 -241.410049 285.589935
v -221.591705 -241.591705 285.408264
v -221.410049 -242.399994 285.589935
v -221.410049 -241.410049 284.599976
v -222.399994 -297.600006 286.000000
v -222.399994 -299.000000 284.600006
v -221.000000 -297.600006 284.600006
v -222.399994 -298.589935 285.589935
v -221.591705 -298.408264 285.408264
v -221.410049 -298.589935 284.599976
v -221.410049 -297.599976 285.589935
v -222.399994 -299.000000 255.399994
v -222.399994 -297.952484 253.071167
v -221.000000 -297.600006 254.629730
v -222.399994 -298.766205 254.105164
v -221.591705 -298.482788 254.232651
v -221.410049 -297.776245 253.560501
v -221.410049 -298.516937 255.207230
v -222.399994 -288.850006 245.000000
v -221.000000 -288.092377 246.199326
v -221.410049 -288.628113 245.351273
v -222.399994 -271.288727 237.546936
v -222.399994 -268.711273 237.546951
v -221.000000 -270.000000 238.520859
v -222.399994 -270.000000 237.231964
v -221.591705 -270.000000 237.552567
v -221.410049 -269.088745 237.920624
v -221.410049 -270.911255 237.920624
v -222.399994 -251.149994 245.000000
v -221.000000 -251.907608 246.199341
v -221.410049 -251.371902 245.351288
v -222.399994 -241.000000 255.399994
v -221.000000 -242.399994 254.629730
v -222.399994 -242.047516 253.071167
v -221.410049 -241.483047 255.207230
v -221.591705 -241.517227 254.232651
v -221.410049 -242.223755 253.560501
v -222.399994 -241.233810 254.105164
v -61.000000 309.500000 356.000000
v -61.000000 312.500000 359.000000
v -64.000000 309.500000 359.000000
v -61.000000 312.500000 371.000000
v -61.000000 309.500000 374.000000
v -64.000000 309.500000 371.000000
v -61.000000 -309.500000 356.000000
v -64.000000 -309.500000 359.000000
v -61.000000 -312.500000 359.000000
v -61.000000 -309.500000 374.000000
v -61.000000 -312.500000 371.000000
v -64.000000 -309.500000 371.000000
v -49.000000 309.500000 356.000000
v -46.000000 309.500000 359.000000
v -49.000000 312.500000 359.000000
v -49.000000 309.500000 374.000000
v -49.000000 312.500000 371.000000
v -46.000000 309.500000 371.000000
v -49.000000 -309.500000 356.000000
v -49.000000 -312.500000 359.000000
v -46.000000 -309.500000 359.000000
v -49.000000 -309.500000 374.000000
v -46.000000 -309.500000 371.000000
v -49.000000 -312.500000 371.000000
v -231.000000 309.500000 278.000000
v -231.000000 312.500000 281.000000
v -234.000000 309.500000 281.000000
v -231.000000 312.500000 291.000000
v -231.000000 309.500000 294.000000
v -234.000000 309.500000 291.000000
v -231.000000 -309.500000 278.000000
v -234.000000 -309.500000 281.000000
v -231.000000 -312.500000 281.000000
v -231.000000 -309.500000 294.000000
v -231.000000 -312.500000 291.000000
v -234.000000 -309.500000 291.000000
v -221.000000 309.500000 278.000000
v -218.000000 309.500000 281.000000
v -221.000000 312.500000 281.000000
v -221.000000 309.500000 294.000000
v -221.000000 312.500000 291.000000
v -218.000000 309.500000 291.000000
v -221.000000 -309.500000 278.000000
v -221.000000 -312.500000 281.000000
v -218.000000 -309.500000 281.000000
v -221.000000 -309.500000 294.000000
v -218.000000 -309.500000 291.000000
v -221.000000 -312.500000 291.000000
v -230.226868 298.500000 289.290161
v -230.226868 301.500000 289.290161
v -229.000000 303.000000 287.000000
v -227.773132 301.500000 284.709839
v -227.773132 298.500000 284.709839
v -229.000000 297.000000 287.000000
v -188.626678 298.500000 312.598206
v -188.626678 301.500000 312.598206
v -187.399841 303.000000 310.308044
v -186.173004 301.500000 308.017883
v -186.173004 298.500000 308.017883
v -187.399841 297.000000 310.308044
v -146.076385 298.500000 334.364624
v -146.076385 301.500000 334.364624
v -145.000000 303.000000 332.000000
v -143.923615 301.500000 329.635376
v -143.923615 298.500000 329.635376
v -145.000000 297.000000 332.000000
v -102.760086 298.500000 351.741760
v -102.760086 301.500000 351.741760
v -101.838638 303.000000 349.312561
v -100.917191 301.500000 346.883362
v -100.917191 298.500000 346.883362
v -101.838638 297.000000 349.312561
v -58.921417 298.500000 367.429199
v -58.921417 301.500000 367.429199
v -58.000000 303.000000 365.000000
v -57.078583 301.500000 362.570801
v -57.078583 298.500000 362.570801
v -58.000000 297.000000 365.000000
v -230.226868 -301.500000 289.290161
v -230.226868 -298.500000 289.290161
v -229.000000 -297.000000 287.000000
v -227.773132 -298.500000 284.709839
v -227.773132 -301.500000 284.709839
v -229.000000 -303.000000 287.000000
v -188.626678 -301.500000 312.598206
v -188.626678 -298.500000 312.598206
v -187.399841 -297.000000 310.308044
v -186.173004 -298.500000 308.017883
v -186.173004 -301.500000 308.017883
v -187.399841 -303.000000 310.308044
v -146.076385 -301.500000 334.364624
v -146.076385 -298.500000 334.364624
v -145.000000 -297.000000 332.000000
v -143.923615 -298.500000 329.635376
v -143.923615 -301.500000 329.635376
v -145.000000 -303.000000 332.000000
v -102.760086 -301.500000 351.741760
v -102.760086 -298.500000 351.741760
v -101.838638 -297.000000 349.312561
v -100.917191 -298.500000 346.883362
v -100.917191 -301.500000 346.883362
v -101.838638 -303.000000 349.312561
v -58.921417 -301.500000 367.429199
v -58.921417 -298.500000 367.429199
v -58.000000 -297.000000 365.000000
v -57.078583 -298.500000 362.570801
v -57.078583 -301.500000 362.570801
v -58.000000 -303.000000 365.000000
vn -0.6846 0.5880 0.4308
vn 0.1033 0.5680 0.8165
vn -0.6787 -0.5910 0.4360
vn 0.0981 -0.5702 0.8156
vn -0.4386 0.5683 -0.6961
vn 0.8044 0.5856 -0.1003
vn -0.4468 -0.5649 -0.6938
vn 0.8067 -0.5831 -0.0962
vn -0.8397 0.0014 0.5430
vn -0.1320 0.7368 0.6631
vn -0.1644 0.7421 0.6498
vn -0.2223 0.7413 0.6332
vn -0.2975 0.7170 0.6304
vn -0.3808 0.6631 0.6444
vn -0.4174 0.6749 0.6086
vn -0.4254 0.6985 0.5755
vn 0.1364 0.0001 0.9907
vn -0.8324 -0.0019 0.5542
vn -0.1259 -0.7183 0.6843
vn -0.1548 -0.7466 0.6470
vn -0.2165 -0.7398 0.6370
vn -0.3006 -0.7041 0.6433
vn -0.3757 -0.6801 0.6296
vn -0.4208 -0.6806 0.5997
vn 0.1276 0.0001 0.9918
vn -0.4415 -0.6843 0.5804
vn -0.5430 0.0001 -0.8397
vn 0.1464 0.6771 -0.7212
vn 0.1824 0.6721 -0.7177
vn 0.2417 0.6724 -0.6997
vn 0.3015 0.6967 -0.6509
vn 0.3458 0.7297 -0.5899
vn 0.3777 0.7462 -0.5483
vn 0.4040 0.7364 -0.5427
vn 0.9907 0.0013 -0.1364
vn -0.5542 0.0001 -0.8324
vn 0.1285 -0.6964 -0.7061
vn 0.1733 -0.6669 -0.7247
vn 0.2438 -0.6535 -0.7165
vn 0.2981 -0.7103 -0.6377
vn 0.3492 -0.7319 -0.5852
vn 0.3936 -0.7283 -0.5609
vn 0.9918 -0.0007 -0.1276
vn 0.4242 -0.7126 -0.5588
vn -0.6902 0.7097 -0.1410
vn 0.4938 0.7031 0.5116
vn -0.5718 -0.6392 -0.5143
vn 0.5645 -0.7046 0.4299
vn -0.9848 0.0002 -0.1734
vn -0.1978 0.0020 0.9802
vn 0.0111 0.9972 -0.0741
vn -0.2456 0.0468 0.9683
vn 0.0135 0.9992 -0.0371
vn -0.3282 0.0541 0.9431
vn 0.0055 0.9997 -0.0258
vn -0.4231 -0.0375 0.9053
vn -0.0165 0.9992 0.0368
vn -0.5062 -0.0655 0.8599
vn -0.0187 0.9994 0.0301
vn -0.5657 -0.0484 0.8232
vn -0.0315 0.9981 0.0525
vn -0.5962 -0.0016 0.8028
vn -0.0867 0.9890 0.1202
vn 0.7902 0.0001 0.6128
vn -0.2505 -0.0613 0.9662
vn -0.9630 0.0002 -0.2695
vn -0.6302 0.0338 0.7757
vn 0.0917 -0.8543 -0.5117
vn -0.2547 -0.0816 0.9636
vn -0.0184 0.9997 0.0135
vn -0.2880 -0.0497 0.9563
vn 0.0141 -0.9996 0.0246
vn -0.3687 0.0069 0.9295
vn 0.0180 -0.9998 -0.0000
vn -0.4801 0.0065 0.8772
vn -0.0172 -0.9996 0.0240
vn -0.5774 0.0399 0.8155
vn -0.0181 -0.9995 0.0258
vn -0.0534 -0.9961 0.0706
vn 0.1979 -0.0020 -0.9802
vn 0.2456 -0.0469 -0.9682
vn 0.3282 -0.0543 -0.9431
vn 0.3689 -0.0168 -0.9293
vn 0.4799 0.0363 -0.8766
vn 0.5767 0.0620 -0.8146
vn 0.6299 0.0455 -0.7754
vn 0.1809 0.0026 -0.9835
vn 0.6301 -0.0338 -0.7757
vn 0.2322 0.0617 -0.9707
vn 0.3208 0.0800 -0.9437
vn 0.4228 0.0471 -0.9050
vn 0.4802 -0.0065 -0.8771
vn 0.5773 -0.0398 -0.8156
vn 0.3672 -0.8864 -0.2818
vn 0.8864 -0.2818 -0.3672
vn 0.2818 -0.3672 -0.8864
vn 0.2817 0.8865 -0.3672
vn 0.3672 0.2817 -0.8864
vn 0.8865 0.3672 -0.2817
vn 0.3496 0.7363 0.5794
vn 0.4186 0.9015 0.1096
vn 0.8525 0.4584 0.2514
vn 0.3595 -0.2215 0.9065
vn 0.4271 0.2641 0.8648
vn 0.8526 -0.0405 0.5210
vn 0.3495 -0.9220 0.1664
vn 0.4186 -0.6802 0.6018
vn 0.8525 -0.4922 0.1762
vn -0.2817 -0.8865 -0.3672
vn -0.3672 -0.2817 -0.8864
vn -0.8865 -0.3672 -0.2817
vn -0.2818 0.3672 -0.8864
vn -0.3672 0.8864 -0.2818
vn -0.8864 0.2818 -0.3672
vn -0.3495 0.9220 0.1665
vn -0.4186 0.6802 0.6018
vn -0.8525 0.4922 0.1761
vn -0.3595 0.2215 0.9065
vn -0.4271 -0.2641 0.8648
vn -0.8526 0.0405 0.5210
vn -0.4186 -0.9015 0.1096
vn -0.8525 -0.4584 0.2514
vn -0.3496 -0.7363 0.5794
vn 0.3827 -0.9239 -0.0000
vn 0.9239 -0.3827 0.0010
vn 0.9129 -0.2708 0.3055
vn 0.4377 -0.6005 0.6692
vn 0.9115 -0.1607 0.3787
vn 0.4441 -0.3465 0.8263
vn 0.9115 0.1607 0.3787
vn 0.4440 0.3465 0.8263
vn 0.9129 0.2708 0.3054
vn 0.4377 0.6005 0.6692
vn 0.9129 0.4082 -0.0000
vn 0.4382 0.8989 0.0022
vn 0.9239 -0.0000 -0.3827
vn 0.3827 -0.0000 -0.9239
vn -0.9129 -0.4082 -0.0000
vn -0.4382 -0.8989 0.0022
vn -0.3827 -0.0000 -0.9239
vn -0.9239 -0.0000 -0.3827
vn -0.3827 0.9239 -0.0000
vn -0.9239 0.3827 0.0010
vn -0.3827 0.6129 0.6913
vn -0.9237 0.2558 0.2851
vn -0.3827 0.3609 0.8505
vn -0.9238 0.1481 0.3531
vn -0.3827 -0.3609 0.8504
vn -0.9238 -0.1481 0.3531
vn -0.3827 -0.6129 0.6913
vn -0.9237 -0.2558 0.2851
vn -0.0000 -0.3827 -0.9239
vn -0.0000 -0.9238 -0.3828
vn -0.0000 0.9239 -0.3827
vn -0.0000 0.3827 -0.9239
vn -0.0000 0.7858 0.6184
vn -0.0000 0.9841 0.1777
vn -0.0000 -0.2374 0.9714
vn -0.0000 0.2374 0.9714
vn -0.0000 -0.9841 0.1777
vn -0.0000 -0.7858 0.6184
vn -0.0000 -1.0000 -0.0000
vn 1.0000 -0.0000 -0.0000
vn -0.0000 -0.0000 -1.0000
vn -0.0000 1.0000 -0.0000
vn -0.0000 0.6634 0.7482
vn -0.0000 0.3907 0.9205
vn -0.0000 -0.3907 0.9205
vn -0.0000 -0.6635 0.7482
vn -1.0000 -0.0000 -0.0000
vn -0.6752 0.5863 0.4475
vn 0.0909 0.5669 0.8188
vn -0.6629 -0.5925 0.4577
vn 0.0809 -0.5712 0.8168
vn -0.4540 0.5702 -0.6847
vn 0.8050 0.5868 -0.0876
vn -0.4704 -0.5632 -0.6794
vn 0.8095 -0.5817 -0.0795
vn -0.8280 0.0012 0.5608
vn -0.1207 0.7314 0.6712
vn -0.1574 0.7323 0.6626
vn -0.2210 0.7315 0.6450
vn -0.3029 0.7044 0.6419
vn -0.3892 0.6535 0.6492
vn -0.4261 0.6701 0.6078
vn -0.4331 0.6974 0.5710
vn 0.1226 0.0001 0.9925
vn -0.8123 -0.0021 0.5832
vn -0.1002 -0.7194 0.6873
vn -0.1348 -0.7511 0.6463
vn -0.2035 -0.7493 0.6302
vn -0.2966 -0.7136 0.6347
vn -0.3798 -0.6875 0.6189
vn -0.4288 -0.6879 0.5856
vn 0.1053 0.0001 0.9944
vn -0.4528 -0.6882 0.5669
vn -0.5607 0.0002 -0.8280
vn 0.1313 0.6832 -0.7183
vn 0.1690 0.6830 -0.7106
vn 0.2328 0.6830 -0.6923
vn 0.2963 0.7092 -0.6397
vn 0.3436 0.7409 -0.5771
vn 0.3785 0.7543 -0.5364
vn 0.4081 0.7407 -0.5337
vn 0.9925 0.0016 -0.1226
vn -0.5832 0.0002 -0.8123
vn 0.1022 -0.6950 -0.7117
vn 0.1530 -0.6620 -0.7338
vn 0.2351 -0.6449 -0.7272
vn 0.3020 -0.7010 -0.6461
vn 0.3603 -0.7248 -0.5872
vn 0.4073 -0.7244 -0.5563
vn 0.9944 -0.0004 -0.1053
vn 0.4382 -0.7115 -0.5494
vn -0.7003 0.7078 -0.0928
vn 0.4787 0.7009 0.5288
vn -0.5931 -0.6602 -0.4609
vn 0.5599 -0.7085 0.4296
vn -0.9933 0.0003 -0.1156
vn -0.1790 0.0017 0.9838
vn 0.0052 0.9998 -0.0188
vn -0.2311 0.0385 0.9722
vn 0.0063 0.9995 -0.0325
vn -0.3209 0.0394 0.9463
vn 0.0056 0.9998 -0.0172
vn -0.4228 -0.0553 0.9045
vn -0.0015 1.0000 0.0005
vn -0.5113 -0.0787 0.8558
vn -0.0345 0.9978 0.0564
vn -0.5743 -0.0552 0.8168
vn -0.0252 0.9990 0.0363
vn -0.6063 -0.0018 0.7952
vn -0.0944 0.9877 0.1245
vn 0.7785 0.0002 0.6276
vn -0.2227 -0.0682 0.9725
vn -0.9607 0.0003 -0.2775
vn -0.6441 0.0282 0.7644
vn 0.7762 0.0002 0.6305
vn 0.0655 -0.8906 -0.4500
vn -0.2324 -0.0936 0.9681
vn -0.0161 0.9957 0.0918
vn -0.2759 -0.0643 0.9590
vn -0.0000 -0.0000 1.0000
vn -0.3687 -0.0070 0.9295
vn 0.0019 -0.9999 -0.0136
vn -0.4891 -0.0066 0.8722
vn 0.0033 -1.0000 -0.0063
vn -0.5905 0.0297 0.8065
vn -0.0133 -0.9997 0.0191
vn -0.0138 -0.9998 0.0173
vn 0.1791 -0.0016 -0.9838
vn 0.2311 -0.0386 -0.9722
vn 0.3209 -0.0395 -0.9463
vn 0.3690 0.0015 -0.9294
vn 0.4885 0.0532 -0.8709
vn 0.5891 0.0739 -0.8047
vn 0.6435 0.0515 -0.7637
vn 0.1443 0.0029 -0.9895
vn 0.6441 -0.0282 -0.7645
vn 0.2038 0.0686 -0.9766
vn 0.3060 0.0917 -0.9476
vn 0.4225 0.0606 -0.9043
vn 0.4892 0.0066 -0.8721
vn 0.5904 -0.0296 -0.8065
vn 0.8865 -0.2818 -0.3672
vn 0.2818 -0.3672 -0.8865
vn 0.3595 -0.2216 0.9065
vn 0.4271 0.2641 0.8647
vn 0.3495 -0.9220 0.1665
vn 0.8525 -0.4922 0.1761
vn -0.8525 0.4922 0.1762
vn -0.3595 0.2216 0.9065
vn -0.4271 -0.2641 0.8647
vn 0.9129 -0.2708 0.3054
vn 0.4440 -0.3465 0.8263
vn -0.3828 0.3609 0.8504
vn -0.0000 -0.9239 -0.3827
vn -0.0000 -0.6634 0.7482
vn -0.6572 0.5857 0.4743
vn 0.0706 0.5666 0.8210
vn -0.6424 -0.5928 0.4856
vn 0.0596 -0.5714 0.8185
vn -0.4804 0.5711 -0.6656
vn 0.8067 0.5871 -0.0674
vn -0.4994 -0.5629 -0.6586
vn 0.8116 -0.5813 -0.0585
vn -0.8056 0.0011 0.5925
vn -0.0956 0.7292 0.6776
vn -0.1387 0.7280 0.6714
vn -0.2124 0.7272 0.6528
vn -0.3053 0.6987 0.6470
vn -0.3991 0.6495 0.6472
vn -0.4394 0.6684 0.6002
vn -0.4470 0.6970 0.5607
vn 0.0984 0.0002 0.9952
vn -0.7862 -0.0022 0.6180
vn -0.0699 -0.7197 0.6908
vn -0.1123 -0.7520 0.6495
vn -0.1915 -0.7509 0.6321
vn -0.2961 -0.7148 0.6336
vn -0.3881 -0.6886 0.6126
vn -0.4415 -0.6890 0.5748
vn 0.0791 0.0002 0.9969
vn -0.4673 -0.6890 0.5541
vn -0.5925 0.0003 -0.8056
vn 0.1035 0.6859 -0.7203
vn 0.1466 0.6878 -0.7110
vn 0.2205 0.6877 -0.6917
vn 0.2940 0.7146 -0.6348
vn 0.3483 0.7455 -0.5682
vn 0.3875 0.7572 -0.5257
vn 0.4200 0.7421 -0.5225
vn 0.9951 0.0016 -0.0984
vn -0.6179 0.0002 -0.7862
vn 0.0709 -0.6948 -0.7157
vn 0.1277 -0.6611 -0.7393
vn 0.2222 -0.6435 -0.7324
vn 0.3025 -0.6998 -0.6472
vn 0.3693 -0.7237 -0.5830
vn 0.4205 -0.7235 -0.5475
vn 0.9969 -0.0003 -0.0792
vn 0.4529 -0.7111 -0.5377
vn -0.7012 0.7094 -0.0706
vn 0.4731 0.7035 0.5304
vn -0.6397 -0.6782 -0.3617
vn 0.5466 -0.7091 0.4455
vn -0.9967 0.0004 -0.0816
vn -0.1416 0.0015 0.9899
vn 0.0253 0.9843 -0.1745
vn -0.2021 0.0349 0.9788
vn 0.0041 0.9999 -0.0142
vn -0.3062 0.0329 0.9514
vn -0.0041 1.0000 -0.0000
vn -0.4226 -0.0631 0.9041
vn -0.0246 0.9985 0.0482
vn -0.5219 -0.0840 0.8489
vn -0.0373 0.9974 0.0609
vn -0.5910 -0.0575 0.8047
vn -0.0409 0.9975 0.0574
vn -0.6254 -0.0018 0.7803
vn -0.0871 0.9897 0.1136
vn 0.7639 0.0002 0.6453
vn -0.1818 -0.0697 0.9809
vn -0.9732 0.0004 -0.2300
vn -0.6630 0.0270 0.7481
vn 0.7620 0.0002 0.6476
vn 0.0365 -0.9307 -0.3639
vn -0.2000 -0.0958 0.9751
vn -0.0142 0.9978 0.0645
vn -0.2586 -0.0665 0.9637
vn -0.3687 -0.0089 0.9295
vn -0.5018 -0.0083 0.8649
vn -0.0113 -0.9998 0.0164
vn -0.6085 0.0280 0.7931
vn -0.0118 -0.9998 0.0147
vn -0.0131 -0.9998 0.0166
vn 0.1416 -0.0015 -0.9899
vn 0.2021 -0.0350 -0.9787
vn 0.3061 -0.0331 -0.9514
vn 0.3690 0.0096 -0.9294
vn 0.5010 0.0603 -0.8633
vn 0.6068 0.0782 -0.7910
vn 0.6623 0.0533 -0.7474
vn 0.1007 0.0030 -0.9949
vn 0.6630 -0.0269 -0.7482
vn 0.1700 0.0699 -0.9830
vn 0.2888 0.0937 -0.9528
vn 0.4224 0.0624 -0.9042
vn 0.5019 0.0083 -0.8649
vn 0.6083 -0.0279 -0.7932
vn 0.8864 0.3672 -0.2817
vn -0.6362 0.5864 0.5015
vn 0.0500 0.5671 0.8221
vn -0.6241 -0.5919 0.5101
vn 0.0418 -0.5708 0.8200
vn -0.5085 0.5706 -0.6449
vn 0.8087 0.5863 -0.0474
vn -0.5234 -0.5640 -0.6387
vn 0.8122 -0.5819 -0.0407
vn -0.7793 0.0012 0.6267
vn -0.0655 0.7309 0.6793
vn -0.1148 0.7311 0.6726
vn -0.1996 0.7301 0.6535
vn -0.3039 0.7021 0.6440
vn -0.4069 0.6526 0.6391
vn -0.4520 0.6703 0.5886
vn -0.4616 0.6974 0.5482
vn 0.0728 0.0001 0.9973
vn -0.7631 -0.0020 0.6463
vn -0.0455 -0.7190 0.6936
vn -0.0946 -0.7491 0.6557
vn -0.1845 -0.7439 0.6424
vn -0.2992 -0.7075 0.6403
vn -0.3978 -0.6831 0.6125
vn -0.4547 -0.6838 0.5707
vn 0.0582 0.0001 0.9983
vn -0.4801 -0.6864 0.5462
vn -0.6267 0.0002 -0.7793
vn 0.0721 0.6842 -0.7257
vn 0.1226 0.6848 -0.7183
vn 0.2088 0.6848 -0.6982
vn 0.2954 0.7112 -0.6379
vn 0.3584 0.7422 -0.5664
vn 0.4015 0.7543 -0.5196
vn 0.4350 0.7401 -0.5128
vn 0.9973 0.0014 -0.0728
vn -0.6462 0.0002 -0.7632
vn 0.0456 -0.6958 -0.7168
vn 0.1067 -0.6648 -0.7394
vn 0.2100 -0.6500 -0.7303
vn 0.2994 -0.7070 -0.6407
vn 0.3730 -0.7286 -0.5745
vn 0.4285 -0.7259 -0.5380
vn 0.9983 -0.0005 -0.0582
vn 0.4634 -0.7117 -0.5280
vn -0.7027 0.7090 -0.0593
vn 0.4757 0.7039 0.5275
vn -0.6701 -0.6875 -0.2799
vn 0.5315 -0.7073 0.4661
vn -0.9979 0.0003 -0.0642
vn -0.0980 0.0016 0.9952
vn 0.0161 0.9863 -0.1643
vn -0.1682 0.0375 0.9850
vn 0.0047 0.9997 -0.0242
vn -0.2889 0.0372 0.9566
vn -0.0039 1.0000 0.0056
vn -0.4227 -0.0584 0.9044
vn -0.0229 0.9986 0.0469
vn -0.5341 -0.0797 0.8416
vn -0.0357 0.9978 0.0553
vn -0.6093 -0.0546 0.7911
vn -0.0266 0.9990 0.0355
vn -0.6458 -0.0017 0.7635
vn -0.0282 0.9990 0.0343
vn 0.7430 0.0002 0.6693
vn -0.1419 -0.0650 0.9877
vn -0.9867 0.0003 -0.1625
vn -0.6799 0.0303 0.7327
vn 0.7450 0.0002 0.6670
vn 0.0192 -0.9560 -0.2926
vn -0.1686 -0.0872 0.9818
vn -0.0109 0.9977 0.0668
vn -0.2419 -0.0555 0.9687
vn 0.0124 -0.9988 -0.0482
vn -0.3687 0.0020 0.9295
vn -0.0005 -1.0000 -0.0038
vn -0.5137 0.0019 0.8580
vn -0.0155 -0.9996 0.0219
vn -0.6246 0.0349 0.7801
vn -0.0167 -0.9996 0.0211
vn -0.0343 -0.9986 0.0396
vn 0.0981 -0.0016 -0.9952
vn 0.1683 -0.0376 -0.9850
vn 0.2888 -0.0373 -0.9566
vn 0.3691 0.0047 -0.9294
vn 0.5130 0.0552 -0.8566
vn 0.6232 0.0736 -0.7786
vn 0.6793 0.0505 -0.7321
vn 0.0656 0.0028 -0.9978
vn 0.6798 -0.0302 -0.7327
vn 0.1426 0.0651 -0.9876
vn 0.2751 0.0852 -0.9576
vn 0.4227 0.0518 -0.9048
vn 0.5138 -0.0018 -0.8579
vn 0.6245 -0.0348 -0.7802
vn 0.2817 -0.3672 -0.8865
vn 0.4272 0.2641 0.8647
vn -0.8864 -0.3672 -0.2817
vn -0.3672 0.8864 -0.2817
vn -0.4186 0.6801 0.6018
vn -0.4272 -0.2641 0.8647
vn 0.4440 0.3466 0.8263
vn -0.3827 -0.3609 0.8505
vn -0.6199 0.5881 0.5195
vn 0.0361 0.5682 0.8221
vn -0.6152 -0.5901 0.5227
vn 0.0331 -0.5696 0.8213
vn -0.5286 0.5688 -0.6301
vn 0.8104 0.5848 -0.0342
vn -0.5341 -0.5663 -0.6277
vn 0.8117 -0.5832 -0.0317
vn -0.7587 0.0014 0.6514
vn -0.0414 0.7361 0.6757
vn -0.0949 0.7403 0.6655
vn -0.1874 0.7394 0.6467
vn -0.2991 0.7134 0.6338
vn -0.4097 0.6615 0.6281
vn -0.4596 0.6749 0.5773
vn -0.4718 0.6984 0.5381
vn 0.0545 -0.0000 0.9985
vn -0.7524 -0.0017 0.6587
vn -0.0359 -0.7175 0.6956
vn -0.0883 -0.7432 0.6633
vn -0.1848 -0.7304 0.6575
vn -0.3049 -0.6939 0.6523
vn -0.4056 -0.6729 0.6186
vn -0.4641 -0.6741 0.5746
vn 0.0491 -0.0000 0.9988
vn -0.4874 -0.6816 0.5459
vn -0.6514 0.0001 -0.7588
vn 0.0477 0.6785 -0.7330
vn 0.1048 0.6750 -0.7303
vn 0.2015 0.6751 -0.7096
vn 0.3001 0.7001 -0.6480
vn 0.3704 0.7320 -0.5718
vn 0.4156 0.7465 -0.5197
vn 0.4482 0.7357 -0.5079
vn 0.9985 0.0011 -0.0545
vn -0.6586 0.0001 -0.7525
vn 0.0357 -0.6977 -0.7155
vn 0.0977 -0.6716 -0.7344
vn 0.2030 -0.6620 -0.7215
vn 0.2939 -0.7199 -0.6288
vn 0.3701 -0.7378 -0.5645
vn 0.4291 -0.7306 -0.5312
vn 0.9988 -0.0008 -0.0491
vn 0.4666 -0.7129 -0.5235
vn -0.7036 0.7074 -0.0665
vn 0.4815 0.7037 0.5224
vn -0.6839 -0.6933 -0.2269
vn 0.5146 -0.7077 0.4842
vn -0.9975 0.0001 -0.0702
vn -0.0638 0.0020 0.9980
vn 0.0028 0.9993 -0.0384
vn -0.1415 0.0453 0.9889
vn 0.0067 0.9991 -0.0408
vn -0.2752 0.0508 0.9601
vn 0.0118 0.9994 -0.0329
vn -0.4230 -0.0426 0.9051
vn -0.0165 0.9994 0.0317
vn -0.5438 -0.0675 0.8365
vn -0.0200 0.9994 0.0294
vn -0.6229 -0.0478 0.7808
vn -0.0236 0.9993 0.0297
vn -0.6608 -0.0014 0.7505
vn -0.0249 0.9993 0.0288
vn 0.7355 0.0001 0.6775
vn -0.1174 -0.0558 0.9915
vn -0.9947 0.0001 -0.1025
vn -0.6895 0.0367 0.7233
vn 0.7369 0.0001 0.6759
vn 0.0123 -0.9717 -0.2357
vn -0.1493 -0.0707 0.9863
vn -0.0082 0.9983 0.0578
vn -0.2318 -0.0349 0.9721
vn 0.0068 -0.9996 -0.0282
vn -0.3687 0.0219 0.9293
vn 0.0107 -0.9996 -0.0266
vn -0.5207 0.0201 0.8535
vn -0.0093 -0.9999 0.0125
vn -0.6338 0.0477 0.7720
vn -0.0192 -0.9995 0.0243
vn -0.0442 -0.9978 0.0502
vn 0.0640 -0.0019 -0.9980
vn 0.1416 -0.0454 -0.9889
vn 0.2751 -0.0509 -0.9601
vn 0.3691 -0.0115 -0.9293
vn 0.5204 0.0401 -0.8530
vn 0.6332 0.0621 -0.7715
vn 0.6893 0.0443 -0.7232
vn 0.0516 0.0024 -0.9987
vn 0.6895 -0.0367 -0.7234
vn 0.1318 0.0558 -0.9897
vn 0.2699 0.0690 -0.9604
vn 0.4230 0.0325 -0.9056
vn 0.5207 -0.0201 -0.8535
vn 0.6337 -0.0476 -0.7721
vn 0.3672 -0.8865 -0.2817
vn 0.4186 -0.6801 0.6018
vn 0.9129 0.2708 0.3055
vn -0.6152 0.5901 0.5227
vn 0.0331 0.5696 0.8213
vn -0.6199 -0.5881 0.5195
vn 0.0361 -0.5682 0.8221
vn -0.5341 0.5663 -0.6277
vn 0.8117 0.5832 -0.0317
vn -0.5286 -0.5688 -0.6301
vn 0.8104 -0.5848 -0.0342
vn -0.7524 0.0017 0.6587
vn -0.0323 0.7427 0.6688
vn -0.0861 0.7524 0.6531
vn -0.1802 0.7514 0.6347
vn -0.2925 0.7283 0.6197
vn -0.3962 0.6934 0.6019
vn -0.4600 0.6807 0.5701
vn -0.4749 0.6997 0.5337
vn -0.7587 -0.0014 0.6514
vn -0.0446 -0.7159 0.6968
vn -0.0958 -0.7364 0.6698
vn -0.1926 -0.7151 0.6720
vn -0.3110 -0.6787 0.6653
vn -0.4002 -0.6789 0.6156
vn -0.4668 -0.6632 0.5851
vn -0.4870 -0.6760 0.5531
vn -0.6586 -0.0001 -0.7525
vn 0.0392 0.6709 -0.7406
vn 0.0997 0.6615 -0.7433
vn 0.1954 0.6854 -0.7014
vn 0.3062 0.6849 -0.6612
vn 0.3802 0.7184 -0.5825
vn 0.4254 0.7365 -0.5260
vn 0.4555 0.7302 -0.5092
vn 0.9988 0.0008 -0.0491
vn -0.6514 -0.0001 -0.7587
vn 0.0446 -0.6998 -0.7130
vn 0.1040 -0.6791 -0.7266
vn 0.1966 -0.7011 -0.6854
vn 0.2876 -0.7339 -0.6154
vn 0.3618 -0.7480 -0.5565
vn 0.4222 -0.7361 -0.5291
vn 0.9985 -0.0011 -0.0545
vn 0.4619 -0.7144 -0.5256
vn -0.7045 0.7036 -0.0929
vn 0.4851 0.7067 0.5150
vn -0.6892 -0.6968 -0.1985
vn 0.5054 -0.7063 0.4957
vn -0.9946 -0.0001 -0.1039
vn -0.0515 0.0024 0.9987
vn 0.0123 0.9717 -0.2357
vn -0.1317 0.0557 0.9897
vn 0.0065 0.9990 -0.0450
vn -0.2700 0.0689 0.9604
vn -0.0148 -0.9983 0.0566
vn -0.4232 0.0325 0.9055
vn -0.0080 0.9999 0.0131
vn -0.5475 -0.0516 0.8352
vn -0.0227 0.9992 0.0330
vn -0.6279 -0.0395 0.7773
vn -0.0192 0.9995 0.0243
vn -0.6660 -0.0012 0.7459
vn -0.0442 0.9978 0.0502
vn 0.7383 -0.0001 0.6745
vn -0.1174 -0.0455 0.9920
vn -0.9975 -0.0001 -0.0703
vn -0.6893 0.0443 0.7231
vn 0.7369 -0.0001 0.6760
vn 0.0124 -0.9811 -0.1934
vn -0.1495 -0.0522 0.9874
vn 0.0053 -0.9994 -0.0338
vn -0.2320 -0.0120 0.9727
vn 0.0008 -1.0000 -0.0051
vn -0.3687 -0.0115 0.9295
vn 0.0016 -1.0000 -0.0071
vn -0.5204 0.0401 0.8530
vn -0.0304 -0.9985 0.0455
vn -0.6333 0.0622 0.7714
vn -0.0235 -0.9993 0.0299
vn -0.0577 -0.9962 0.0659
vn 0.0516 -0.0024 -0.9987
vn 0.1318 -0.0558 -0.9897
vn 0.2699 -0.0690 -0.9604
vn 0.4230 -0.0325 -0.9056
vn 0.5207 0.0201 -0.8535
vn 0.6337 0.0476 -0.7721
vn 0.6895 0.0367 -0.7234
vn 0.0640 0.0019 -0.9980
vn 0.6893 -0.0443 -0.7232
vn 0.1416 0.0454 -0.9889
vn 0.2751 0.0509 -0.9601
vn 0.3691 0.0115 -0.9293
vn 0.5204 -0.0401 -0.8530
vn 0.6332 -0.0621 -0.7715
vn 0.3672 -0.8865 -0.2818
vn -0.6241 0.5919 0.5101
vn 0.0418 0.5708 0.8200
vn -0.6361 -0.5864 0.5015
vn 0.0500 -0.5671 0.8221
vn -0.5234 0.5640 -0.6387
vn 0.8123 0.5819 -0.0407
vn -0.5085 -0.5706 -0.6449
vn 0.8087 -0.5863 -0.0474
vn -0.7631 0.0020 0.6463
vn -0.0408 0.7486 0.6618
vn -0.0911 0.7628 0.6401
vn -0.1803 0.7620 0.6220
vn -0.2864 0.7415 0.6067
vn -0.3869 0.7063 0.5928
vn -0.4534 0.6858 0.5693
vn -0.4702 0.7009 0.5364
vn 0.0582 -0.0001 0.9983
vn -0.7793 -0.0012 0.6267
vn -0.0686 -0.7146 0.6962
vn -0.1148 -0.7311 0.6725
vn -0.2055 -0.7035 0.6804
vn -0.3154 -0.6673 0.6747
vn -0.3988 -0.6679 0.6284
vn -0.4612 -0.6546 0.5990
vn 0.0728 -0.0001 0.9973
vn -0.4786 -0.6714 0.5658
vn -0.6462 -0.0002 -0.7632
vn 0.0502 0.6638 -0.7462
vn 0.1098 0.6491 -0.7527
vn 0.2034 0.6709 -0.7131
vn 0.3117 0.6709 -0.6729
vn 0.3844 0.7059 -0.5950
vn 0.4275 0.7276 -0.5366
vn 0.4546 0.7256 -0.5166
vn 0.9983 0.0005 -0.0582
vn -0.6266 -0.0002 -0.7793
vn 0.0690 -0.7012 -0.7096
vn 0.1227 -0.6846 -0.7185
vn 0.2029 -0.7125 -0.6717
vn 0.2829 -0.7441 -0.6052
vn 0.3510 -0.7558 -0.5528
vn 0.4101 -0.7405 -0.5324
vn 0.9973 -0.0014 -0.0728
vn 0.4505 -0.7157 -0.5337
vn -0.6970 0.7038 -0.1376
vn 0.4990 0.7067 0.5015
vn -0.6859 -0.6995 -0.2007
vn 0.5016 -0.7058 0.5002
vn -0.9867 -0.0003 -0.1625
vn -0.0654 0.0028 0.9979
vn 0.0192 0.9562 -0.2920
vn -0.1425 0.0650 0.9877
vn 0.0085 0.9984 -0.0552
vn -0.2751 0.0851 0.9576
vn -0.0187 -0.9966 0.0797
vn -0.4229 0.0518 0.9047
vn -0.0005 1.0000 -0.0035
vn -0.5442 -0.0375 0.8381
vn -0.0155 0.9996 0.0220
vn -0.6227 -0.0323 0.7818
vn -0.0151 0.9997 0.0192
vn -0.6602 -0.0010 0.7511
vn -0.0343 0.9986 0.0396
vn 0.7459 -0.0002 0.6661
vn -0.1421 -0.0376 0.9891
vn -0.9979 -0.0003 -0.0643
vn -0.6793 0.0505 0.7321
vn 0.7439 -0.0002 0.6683
vn 0.0162 -0.9864 -0.1637
vn -0.1691 -0.0383 0.9849
vn 0.0056 -0.9998 -0.0186
vn -0.2423 0.0049 0.9702
vn 0.0084 -0.9997 -0.0217
vn -0.3687 0.0047 0.9295
vn -0.0052 -1.0000 0.0053
vn -0.5129 0.0553 0.8566
vn -0.0357 -0.9978 0.0550
vn -0.6233 0.0737 0.7785
vn -0.0395 -0.9979 0.0520
vn -0.0282 -0.9990 0.0343
vn 0.0656 -0.0028 -0.9978
vn 0.1426 -0.0651 -0.9876
vn 0.2751 -0.0852 -0.9576
vn 0.4227 -0.0518 -0.9048
vn 0.5138 0.0018 -0.8579
vn 0.6245 0.0348 -0.7802
vn 0.6798 0.0302 -0.7327
vn 0.0981 0.0016 -0.9952
vn 0.6793 -0.0505 -0.7321
vn 0.1683 0.0376 -0.9850
vn 0.2888 0.0373 -0.9566
vn 0.3691 -0.0047 -0.9294
vn 0.5130 -0.0552 -0.8566
vn 0.6232 -0.0736 -0.7786
vn -0.6424 0.5928 0.4856
vn 0.0596 0.5714 0.8185
vn -0.6572 -0.5857 0.4743
vn 0.0706 -0.5666 0.8210
vn -0.4994 0.5629 -0.6586
vn 0.8116 0.5813 -0.0585
vn -0.4804 -0.5711 -0.6656
vn 0.8067 -0.5871 -0.0674
vn -0.7862 0.0022 0.6180
vn -0.0635 0.7516 0.6566
vn -0.1076 0.7682 0.6311
vn -0.1873 0.7673 0.6133
vn -0.2831 0.7486 0.5995
vn -0.3765 0.7135 0.5910
vn -0.4418 0.6885 0.5751
vn -0.4588 0.7015 0.5453
vn 0.0791 -0.0002 0.9969
vn -0.8056 -0.0011 0.5925
vn -0.0991 -0.7141 0.6930
vn -0.1383 -0.7293 0.6701
vn -0.2188 -0.6998 0.6800
vn -0.3168 -0.6638 0.6776
vn -0.3915 -0.6644 0.6367
vn -0.4491 -0.6514 0.6116
vn 0.0983 -0.0002 0.9952
vn -0.4645 -0.6695 0.5797
vn -0.6179 -0.0002 -0.7862
vn 0.0769 0.6601 -0.7472
vn 0.1318 0.6425 -0.7549
vn 0.2159 0.6629 -0.7169
vn 0.3146 0.6632 -0.6791
vn 0.3813 0.6989 -0.6051
vn 0.4209 0.7228 -0.5481
vn 0.4455 0.7232 -0.5277
vn 0.9969 0.0003 -0.0792
vn -0.5925 -0.0003 -0.8056
vn 0.1001 -0.7016 -0.7055
vn 0.1471 -0.6862 -0.7124
vn 0.2140 -0.7158 -0.6647
vn 0.2814 -0.7473 -0.6020
vn 0.3413 -0.7586 -0.5550
vn 0.3966 -0.7424 -0.5399
vn 0.9951 -0.0016 -0.0984
vn 0.4357 -0.7163 -0.5450
vn -0.6871 0.7022 -0.1865
vn 0.5154 0.7047 0.4876
vn -0.6804 -0.6942 -0.2349
vn 0.5063 -0.7039 0.4981
vn -0.9736 -0.0004 -0.2285
vn -0.1005 0.0030 0.9949
vn 0.0366 0.9299 -0.3661
vn -0.1698 0.0698 0.9830
vn 0.0108 0.9982 -0.0582
vn -0.2888 0.0936 0.9528
vn -0.0218 -0.9972 0.0718
vn -0.4226 0.0624 0.9042
vn -0.5349 -0.0298 0.8444
vn -0.0113 0.9998 0.0170
vn -0.6089 -0.0286 0.7927
vn -0.0126 0.9998 0.0166
vn -0.6447 -0.0009 0.7644
vn -0.0131 0.9998 0.0168
vn 0.7608 -0.0002 0.6490
vn -0.1822 -0.0351 0.9826
vn -0.9968 -0.0004 -0.0800
vn -0.6623 0.0534 0.7473
vn 0.7627 -0.0002 0.6467
vn 0.0253 -0.9842 -0.1752
vn -0.2008 -0.0339 0.9790
vn 0.0041 -0.9999 -0.0138
vn -0.2591 0.0100 0.9658
vn 0.0077 -0.9993 -0.0377
vn -0.3687 0.0097 0.9295
vn -0.0246 -0.9985 0.0479
vn -0.5009 0.0603 0.8634
vn -0.0373 -0.9974 0.0614
vn -0.6068 0.0783 0.7910
vn -0.0276 -0.9989 0.0373
vn -0.0292 -0.9988 0.0383
vn 0.1007 -0.0030 -0.9949
vn 0.1700 -0.0699 -0.9830
vn 0.2888 -0.0937 -0.9528
vn 0.4224 -0.0624 -0.9042
vn 0.5019 -0.0083 -0.8649
vn 0.6083 0.0279 -0.7932
vn 0.6630 0.0269 -0.7482
vn 0.1416 0.0015 -0.9899
vn 0.6623 -0.0533 -0.7474
vn 0.2021 0.0350 -0.9787
vn 0.3061 0.0331 -0.9514
vn 0.3690 -0.0096 -0.9294
vn 0.5010 -0.0603 -0.8633
vn 0.6068 -0.0782 -0.7910
vn -0.6629 0.5925 0.4577
vn 0.0808 0.5712 0.8168
vn -0.6752 -0.5863 0.4475
vn 0.0909 -0.5669 0.8188
vn -0.4704 0.5632 -0.6794
vn 0.8095 0.5817 -0.0795
vn -0.4540 -0.5702 -0.6846
vn 0.8050 -0.5868 -0.0876
vn -0.8123 0.0021 0.5832
vn -0.0925 0.7508 0.6541
vn -0.1297 0.7668 0.6287
vn -0.1989 0.7659 0.6114
vn -0.2837 0.7473 0.6008
vn -0.3685 0.7124 0.5972
vn -0.4289 0.6878 0.5857
vn -0.4442 0.7014 0.5575
vn 0.1053 -0.0001 0.9944
vn -0.8280 -0.0012 0.5608
vn -0.1253 -0.7145 0.6883
vn -0.1577 -0.7315 0.6634
vn -0.2276 -0.7055 0.6712
vn -0.3146 -0.6695 0.6730
vn -0.3809 -0.6698 0.6374
vn -0.4346 -0.6549 0.6182
vn 0.1226 -0.0001 0.9925
vn -0.4495 -0.6710 0.5897
vn -0.5832 -0.0002 -0.8124
vn 0.1095 0.6611 -0.7423
vn 0.1575 0.6439 -0.7487
vn 0.2285 0.6644 -0.7116
vn 0.3141 0.6646 -0.6780
vn 0.3719 0.7003 -0.6094
vn 0.4075 0.7240 -0.5565
vn 0.4307 0.7241 -0.5386
vn 0.9944 0.0004 -0.1053
vn -0.5608 -0.0002 -0.8280
vn 0.1269 -0.7009 -0.7019
vn 0.1688 -0.6836 -0.7101
vn 0.2263 -0.7101 -0.6668
vn 0.2837 -0.7424 -0.6069
vn 0.3361 -0.7555 -0.5624
vn 0.3863 -0.7410 -0.5493
vn 0.9925 -0.0016 -0.1226
vn 0.4226 -0.7160 -0.5557
vn -0.6752 0.7043 -0.2194
vn 0.5224 0.7045 0.4804
vn -0.6460 -0.6921 -0.3219
vn 0.5138 -0.7055 0.4881
vn -0.9606 -0.0003 -0.2780
vn -0.1442 0.0029 0.9896
vn 0.0084 0.9985 -0.0546
vn -0.2037 0.0685 0.9766
vn 0.0115 0.9990 -0.0438
vn -0.3061 0.0916 0.9476
vn -0.0221 -0.9983 0.0542
vn -0.4226 0.0606 0.9043
vn -0.5228 -0.0314 0.8519
vn 0.0033 1.0000 -0.0060
vn -0.5906 -0.0298 0.8064
vn -0.0133 0.9997 0.0202
vn -0.6241 -0.0010 0.7813
vn -0.0138 0.9997 0.0184
vn 0.7749 -0.0002 0.6321
vn -0.2230 -0.0386 0.9740
vn -0.9933 -0.0003 -0.1157
vn -0.6435 0.0516 0.7637
vn 0.7773 -0.0002 0.6292
vn 0.0453 -0.9630 -0.2657
vn -0.2333 -0.0404 0.9716
vn 0.0063 -0.9993 -0.0355
vn -0.2765 0.0016 0.9610
vn 0.0056 -1.0000 -0.0000
vn -0.3687 0.0016 0.9295
vn -0.0212 -0.9989 0.0429
vn -0.4884 0.0532 0.8710
vn -0.0345 -0.9979 0.0553
vn -0.5892 0.0740 0.8046
vn -0.0253 -0.9990 0.0356
vn -0.0953 -0.9876 0.1247
vn 0.1443 -0.0029 -0.9895
vn 0.2038 -0.0686 -0.9766
vn 0.3060 -0.0917 -0.9476
vn 0.4225 -0.0606 -0.9043
vn 0.4892 -0.0066 -0.8721
vn 0.5904 0.0296 -0.8065
vn 0.6441 0.0282 -0.7645
vn 0.1791 0.0016 -0.9838
vn 0.6435 -0.0515 -0.7637
vn 0.2311 0.0386 -0.9722
vn 0.3209 0.0395 -0.9463
vn 0.3690 -0.0015 -0.9294
vn 0.4885 -0.0532 -0.8709
vn 0.5891 -0.0739 -0.8047
vn -0.6787 0.5910 0.4360
vn 0.0981 0.5702 0.8156
vn -0.6846 -0.5880 0.4308
vn 0.1033 -0.5680 0.8165
vn -0.4467 0.5649 -0.6938
vn 0.8067 0.5831 -0.0962
vn -0.4386 -0.5683 -0.6962
vn 0.8043 -0.5856 -0.1003
vn -0.8324 0.0019 0.5542
vn -0.1180 0.7464 0.6550
vn -0.1504 0.7591 0.6334
vn -0.2113 0.7583 0.6167
vn -0.2880 0.7382 0.6100
vn -0.3656 0.7034 0.6096
vn -0.4190 0.6837 0.5975
vn -0.4312 0.7005 0.5687
vn 0.1276 -0.0001 0.9918
vn -0.8397 -0.0014 0.5430
vn -0.1382 -0.7159 0.6844
vn -0.1662 -0.7369 0.6552
vn -0.2287 -0.7182 0.6571
vn -0.3096 -0.6823 0.6623
vn -0.3709 -0.6823 0.6300
vn -0.4234 -0.6642 0.6161
vn 0.1364 -0.0001 0.9907
vn -0.4395 -0.6756 0.5919
vn -0.5542 -0.0001 -0.8324
vn 0.1360 0.6662 -0.7333
vn 0.1772 0.6528 -0.7365
vn 0.2363 0.6746 -0.6993
vn 0.3103 0.6746 -0.6698
vn 0.3598 0.7094 -0.6061
vn 0.3921 0.7310 -0.5585
vn 0.4154 0.7281 -0.5453
vn 0.9918 0.0007 -0.1276
vn -0.5430 -0.0001 -0.8397
vn 0.1404 -0.6992 -0.7010
vn 0.1808 -0.6776 -0.7129
vn 0.2357 -0.6973 -0.6769
vn 0.2890 -0.7309 -0.6183
vn 0.3372 -0.7472 -0.5727
vn 0.3830 -0.7367 -0.5573
vn 0.9907 -0.0013 -0.1364
vn 0.4163 -0.7148 -0.5619
vn -0.6809 0.7017 -0.2098
vn 0.5175 0.7047 0.4854
vn -0.6077 -0.6682 -0.4292
vn 0.5321 -0.7069 0.4659
vn -0.9630 -0.0002 -0.2695
vn -0.1808 0.0026 0.9835
vn 0.0918 0.8618 -0.4988
vn -0.2322 0.0616 0.9707
vn 0.0132 0.9979 -0.0631
vn -0.3209 0.0799 0.9438
vn -0.0234 -0.9984 0.0513
vn -0.4229 0.0471 0.9049
vn -0.0028 1.0000 -0.0072
vn -0.5119 -0.0420 0.8580
vn -0.0025 1.0000 0.0050
vn -0.5740 -0.0357 0.8181
vn -0.0181 0.9995 0.0250
vn -0.6054 -0.0012 0.7959
vn -0.0168 0.9996 0.0228
vn 0.7902 -0.0001 0.6128
vn -0.2507 -0.0467 0.9669
vn -0.9848 -0.0002 -0.1735
vn -0.6299 0.0456 0.7753
vn 0.0111 -0.9964 -0.0844
vn -0.2552 -0.0554 0.9653
vn 0.0666 -0.7976 -0.5996
vn -0.2883 -0.0172 0.9574
vn 0.0056 -0.9995 -0.0319
vn -0.3687 -0.0167 0.9294
vn 0.0072 -0.9997 -0.0248
vn -0.4798 0.0363 0.8766
vn -0.0294 -0.9985 0.0452
vn -0.5767 0.0620 0.8146
vn -0.0205 -0.9993 0.0311
vn -0.0215 -0.9993 0.0301
vn 0.1809 -0.0026 -0.9835
vn 0.2322 -0.0617 -0.9707
vn 0.3208 -0.0800 -0.9437
vn 0.4228 -0.0471 -0.9050
vn 0.4802 0.0065 -0.8771
vn 0.5773 0.0398 -0.8156
vn 0.6301 0.0338 -0.7757
vn 0.1979 0.0020 -0.9802
vn 0.6299 -0.0455 -0.7754
vn 0.2456 0.0469 -0.9682
vn 0.3282 0.0543 -0.9431
vn 0.3689 0.0168 -0.9293
vn 0.4799 -0.0363 -0.8766
vn 0.5767 -0.0620 -0.8146
vn -0.3495 0.9220 0.1664
vn -0.5774 0.5774 -0.5774
vn -0.5774 0.5774 0.5774
vn -0.5774 -0.5774 -0.5774
vn -0.5774 -0.5774 0.5774
vn 0.5774 0.5774 -0.5774
vn 0.5774 0.5774 0.5774
vn 0.5774 -0.5774 -0.5774
vn 0.5774 -0.5774 0.5774
vn -0.7071 -0.0000 -0.7071
vn -0.7071 0.7071 -0.0000
vn -0.7071 -0.0000 0.7071
vn -0.7071 -0.7071 -0.0000
vn -0.0000 -0.7071 -0.7071
vn -0.0000 -0.7071 0.7071
vn 0.7071 -0.7071 -0.0000
vn 0.7071 -0.0000 -0.7071
vn 0.7071 -0.0000 0.7071
vn 0.7071 0.7071 -0.0000
vn -0.0000 0.7071 -0.7071
vn -0.0000 0.7071 0.7071
vn -0.4226 -0.5026 0.7542
vn -0.0028 -1.0000 0.0053
vn -0.4096 -0.4974 0.7647
vn -0.4096 0.4974 0.7647
vn -0.4226 0.5026 0.7542
vn -0.0028 1.0000 0.0053
vn 0.0029 1.0000 -0.0053
vn 0.4082 0.5026 -0.7620
vn 0.4241 0.4973 -0.7569
vn 0.4082 -0.5026 -0.7620
vn 0.4241 -0.4973 -0.7568
vn 0.0029 -1.0000 -0.0053
vn -0.0060 -0.9999 0.0132
vn -0.3603 -0.4938 0.7914
vn -0.3603 0.4938 0.7914
vn -0.0060 0.9999 0.0132
vn 0.3572 0.5064 -0.7848
vn 0.3572 -0.5064 -0.7848
vn -0.3077 -0.4974 0.8111
vn -0.3077 0.4974 0.8111
vn -0.0021 1.0000 0.0056
vn 0.3066 0.5026 -0.8083
vn 0.3066 -0.5026 -0.8083
vn -0.0021 -1.0000 0.0056
vn -0.2913 -0.5026 0.8140
vn -0.2913 0.5026 0.8140
vn 0.0020 1.0000 -0.0057
vn 0.2923 0.4973 -0.8168
vn 0.2923 -0.4973 -0.8168
vn 0.0020 -1.0000 -0.0057
vn 0.4083 -0.5026 -0.7620
vn 0.4241 -0.4973 -0.7569
vn 0.2923 0.4974 -0.8168
vn -0.8536 0.0001 0.5210
vn -0.1382 0.7159 0.6844
vn -0.1662 0.7369 0.6552
vn -0.2287 0.7182 0.6571
vn -0.3096 0.6823 0.6623
vn -0.3709 0.6823 0.6300
vn -0.4234 0.6642 0.6161
vn -0.4395 0.6756 0.5919
vn 0.1126 -0.0011 0.9936
vn -0.1180 -0.7464 0.6550
vn -0.1504 -0.7591 0.6334
vn -0.2113 -0.7583 0.6167
vn -0.2880 -0.7382 0.6100
vn -0.3656 -0.7034 0.6096
vn -0.4190 -0.6837 0.5975
vn 0.1126 0.0008 0.9936
vn -0.4312 -0.7005 0.5687
vn -0.5210 -0.0012 -0.8536
vn 0.1404 0.6992 -0.7010
vn 0.1808 0.6776 -0.7129
vn 0.2357 0.6973 -0.6769
vn 0.2890 0.7309 -0.6183
vn 0.3372 0.7472 -0.5727
vn 0.3830 0.7367 -0.5573
vn 0.4163 0.7149 -0.5619
vn 0.9936 0.0001 -0.1126
vn -0.5210 0.0021 -0.8535
vn 0.1360 -0.6662 -0.7333
vn 0.1772 -0.6528 -0.7365
vn 0.2363 -0.6746 -0.6993
vn 0.3103 -0.6746 -0.6698
vn 0.3598 -0.7094 -0.6061
vn 0.3921 -0.7310 -0.5585
vn 0.4154 -0.7281 -0.5453
vn -0.6016 0.6652 -0.4422
vn 0.5322 0.7071 0.4656
vn -0.6760 -0.7049 -0.2147
vn 0.5177 -0.7044 0.4856
vn -0.9756 0.0001 -0.2195
vn -0.2507 0.0467 0.9669
vn 0.0807 0.9148 -0.3958
vn -0.2552 0.0554 0.9653
vn 0.0626 0.7459 -0.6631
vn -0.2883 0.0172 0.9574
vn 0.0913 0.8825 -0.4613
vn -0.3687 0.0167 0.9294
vn 0.0072 0.9998 -0.0191
vn -0.4798 -0.0363 0.8766
vn -0.0294 0.9985 0.0461
vn -0.5767 -0.0620 0.8146
vn -0.0205 0.9995 0.0261
vn -0.6299 -0.0456 0.7753
vn -0.0215 0.9995 0.0250
vn 0.7691 0.0001 0.6391
vn -0.1808 -0.0026 0.9835
vn -0.6054 0.0012 0.7959
vn 0.8063 0.0001 0.5915
vn 0.0104 -0.9994 -0.0325
vn -0.2322 -0.0616 0.9707
vn 0.0132 -0.9996 -0.0237
vn -0.3209 -0.0799 0.9438
vn -0.0235 0.9976 0.0644
vn -0.4229 -0.0471 0.9049
vn -0.0028 -1.0000 0.0019
vn -0.5119 0.0420 0.8580
vn -0.0025 -1.0000 0.0069
vn -0.5740 0.0357 0.8181
vn -0.0161 -0.9995 0.0258
vn -0.0168 -0.9996 0.0244
vn 0.2506 -0.0468 -0.9669
vn 0.2552 -0.0555 -0.9653
vn 0.2885 -0.0173 -0.9573
vn 0.4229 0.0375 -0.9054
vn 0.5061 0.0654 -0.8600
vn 0.5657 0.0483 -0.8232
vn 0.5962 0.0016 -0.8029
vn 0.2504 0.0614 -0.9662
vn 0.6054 -0.0012 -0.7959
vn 0.2547 0.0817 -0.9636
vn 0.2882 0.0498 -0.9563
vn 0.3690 -0.0069 -0.9294
vn 0.5118 -0.0419 -0.8581
vn 0.5740 -0.0356 -0.8181
vn 0.2817 -0.8865 -0.3672
vn 0.8865 -0.3672 -0.2817
vn 0.3672 -0.2817 -0.8865
vn 0.3672 0.8864 -0.2818
vn 0.2818 0.3672 -0.8864
vn 0.8864 0.2818 -0.3672
vn 0.4186 0.6802 0.6018
vn 0.3495 0.9220 0.1665
vn 0.8525 0.4922 0.1761
vn 0.4272 -0.2641 0.8647
vn 0.3595 0.2216 0.9064
vn 0.8526 0.0405 0.5210
vn 0.4186 -0.9015 0.1096
vn 0.3496 -0.7363 0.5794
vn 0.8525 -0.4584 0.2514
vn -0.3672 -0.8864 -0.2818
vn -0.2818 -0.3672 -0.8864
vn -0.8864 -0.2818 -0.3672
vn -0.3672 0.2817 -0.8864
vn -0.2817 0.8865 -0.3672
vn -0.8865 0.3672 -0.2817
vn -0.4186 0.9015 0.1096
vn -0.3496 0.7363 0.5794
vn -0.8525 0.4584 0.2514
vn -0.4272 0.2641 0.8647
vn -0.3595 -0.2216 0.9064
vn -0.8526 -0.0405 0.5210
vn -0.3495 -0.9220 0.1664
vn -0.8525 -0.4922 0.1762
vn -0.4186 -0.6802 0.6018
vn 0.4382 -0.8989 0.0022
vn 0.9129 -0.4082 -0.0000
vn 0.9237 -0.2558 0.2851
vn 0.3827 -0.6129 0.6913
vn 0.9238 -0.1481 0.3531
vn 0.3827 -0.3609 0.8505
vn 0.9238 0.1481 0.3531
vn 0.3827 0.3609 0.8504
vn 0.9237 0.2558 0.2851
vn 0.3827 0.6129 0.6913
vn 0.9239 0.3827 0.0010
vn 0.3827 0.9239 -0.0000
vn -0.9239 -0.3827 0.0010
vn -0.3827 -0.9239 -0.0000
vn -0.4382 0.8989 0.0022
vn -0.9129 0.4082 -0.0000
vn -0.4377 0.6005 0.6692
vn -0.9129 0.2708 0.3054
vn -0.4441 0.3466 0.8263
vn -0.9115 0.1607 0.3787
vn -0.4440 -0.3466 0.8263
vn -0.9115 -0.1607 0.3787
vn -0.4377 -0.6005 0.6692
vn -0.9129 -0.2708 0.3055
vn -0.8384 0.0002 0.5451
vn -0.1253 0.7145 0.6883
vn -0.1577 0.7315 0.6634
vn -0.2276 0.7055 0.6712
vn -0.3146 0.6695 0.6730
vn -0.3809 0.6698 0.6374
vn -0.4346 0.6549 0.6182
vn -0.4495 0.6710 0.5897
vn 0.0946 -0.0013 0.9955
vn -0.0925 -0.7508 0.6541
vn -0.1297 -0.7668 0.6287
vn -0.1989 -0.7659 0.6114
vn -0.2837 -0.7473 0.6008
vn -0.3685 -0.7124 0.5972
vn -0.4289 -0.6878 0.5857
vn 0.0946 0.0007 0.9955
vn -0.4442 -0.7014 0.5575
vn -0.5451 -0.0007 -0.8384
vn 0.1269 0.7008 -0.7019
vn 0.1688 0.6836 -0.7101
vn 0.2263 0.7101 -0.6668
vn 0.2837 0.7424 -0.6069
vn 0.3361 0.7555 -0.5624
vn 0.3863 0.7410 -0.5493
vn 0.4226 0.7160 -0.5557
vn 0.9955 0.0002 -0.0946
vn -0.5450 0.0025 -0.8384
vn 0.1095 -0.6611 -0.7423
vn 0.1575 -0.6439 -0.7487
vn 0.2285 -0.6644 -0.7116
vn 0.3141 -0.6646 -0.6780
vn 0.3719 -0.7003 -0.6094
vn 0.4075 -0.7240 -0.5565
vn 0.9955 0.0001 -0.0947
vn 0.4307 -0.7241 -0.5386
vn -0.6476 0.6884 -0.3265
vn 0.5129 0.7050 0.4899
vn -0.6752 -0.7043 -0.2194
vn 0.5222 -0.7047 0.4803
vn -0.9817 0.0003 -0.1905
vn -0.2230 0.0386 0.9740
vn 0.0461 0.9640 -0.2620
vn -0.2333 0.0404 0.9716
vn 0.0051 1.0000 -0.0000
vn -0.2765 -0.0016 0.9610
vn -0.0013 1.0000 -0.0000
vn -0.3687 -0.0016 0.9295
vn -0.0212 0.9988 0.0442
vn -0.4884 -0.0532 0.8710
vn -0.0245 0.9988 0.0432
vn -0.5892 -0.0740 0.8046
vn -0.0374 0.9978 0.0549
vn -0.6435 -0.0516 0.7637
vn -0.0266 0.9991 0.0339
vn 0.7435 0.0002 0.6687
vn -0.1442 -0.0029 0.9896
vn -0.9820 0.0003 -0.1890
vn -0.6241 0.0010 0.7813
vn 0.8104 0.0002 0.5859
vn 0.0083 -0.9980 -0.0629
vn -0.2037 -0.0685 0.9766
vn 0.0115 -0.9986 -0.0518
vn -0.3061 -0.0916 0.9476
vn -0.0220 0.9986 0.0476
vn -0.4226 -0.0606 0.9043
vn -0.5228 0.0314 0.8519
vn -0.0118 -0.9998 0.0157
vn -0.5906 0.0298 0.8064
vn -0.0122 -0.9998 0.0160
vn -0.0359 -0.9983 0.0462
vn 0.2230 -0.0387 -0.9740
vn 0.2333 -0.0406 -0.9716
vn 0.2767 0.0016 -0.9610
vn 0.4225 0.0553 -0.9047
vn 0.5112 0.0786 -0.8559
vn 0.5743 0.0551 -0.8168
vn 0.6063 0.0018 -0.7952
vn 0.2226 0.0683 -0.9725
vn 0.6241 -0.0010 -0.7814
vn 0.2324 0.0938 -0.9681
vn 0.2761 0.0643 -0.9590
vn 0.3690 0.0071 -0.9294
vn 0.5226 -0.0313 -0.8520
vn 0.5905 -0.0298 -0.8065
vn 0.8525 0.4922 0.1762
vn 0.4271 -0.2641 0.8647
vn 0.3595 0.2216 0.9065
vn -0.4271 0.2641 0.8647
vn -0.3595 -0.2216 0.9065
vn -0.3495 -0.9220 0.1665
vn -0.8525 -0.4922 0.1761
vn 0.3827 -0.3609 0.8504
vn -0.4440 0.3466 0.8263
vn -0.9129 -0.2708 0.3054
vn -0.8150 0.0003 0.5795
vn -0.0991 0.7141 0.6930
vn -0.1383 0.7293 0.6701
vn -0.2188 0.6998 0.6800
vn -0.3168 0.6638 0.6776
vn -0.3915 0.6644 0.6367
vn -0.4491 0.6514 0.6116
vn -0.4645 0.6695 0.5797
vn 0.0696 -0.0013 0.9976
vn -0.8150 0.0003 0.5794
vn -0.0635 -0.7516 0.6566
vn -0.1076 -0.7682 0.6311
vn -0.1873 -0.7673 0.6133
vn -0.2831 -0.7486 0.5995
vn -0.3765 -0.7135 0.5910
vn -0.4418 -0.6885 0.5751
vn 0.0696 0.0006 0.9976
vn -0.4588 -0.7015 0.5453
vn -0.5795 -0.0006 -0.8150
vn 0.1001 0.7016 -0.7055
vn 0.1471 0.6862 -0.7124
vn 0.2140 0.7158 -0.6647
vn 0.2814 0.7473 -0.6020
vn 0.3413 0.7586 -0.5550
vn 0.3966 0.7424 -0.5399
vn 0.4357 0.7163 -0.5450
vn 0.9976 0.0002 -0.0696
vn -0.5795 0.0027 -0.8150
vn 0.0769 -0.6601 -0.7472
vn 0.1318 -0.6425 -0.7549
vn 0.2159 -0.6629 -0.7169
vn 0.3146 -0.6632 -0.6791
vn 0.3813 -0.6989 -0.6051
vn 0.4209 -0.7228 -0.5481
vn 0.9976 0.0001 -0.0696
vn 0.4455 -0.7232 -0.5277
vn -0.6801 0.6945 -0.2348
vn 0.5071 0.7032 0.4984
vn -0.6869 -0.7020 -0.1878
vn 0.5133 -0.7061 0.4878
vn -0.9886 0.0004 -0.1504
vn -0.1822 0.0351 0.9826
vn 0.0033 0.9998 -0.0219
vn -0.2008 0.0339 0.9790
vn 0.0058 0.9992 -0.0388
vn -0.2591 -0.0100 0.9658
vn 0.0077 0.9999 0.0071
vn -0.3687 -0.0097 0.9295
vn -0.0054 1.0000 0.0070
vn -0.5009 -0.0603 0.8634
vn -0.0292 0.9985 0.0458
vn -0.6068 -0.0783 0.7910
vn -0.0276 0.9989 0.0382
vn -0.6623 -0.0534 0.7473
vn -0.0293 0.9989 0.0365
vn 0.7324 0.0002 0.6809
vn -0.1005 -0.0030 0.9949
vn -0.9887 0.0004 -0.1501
vn -0.6447 0.0009 0.7644
vn 0.7832 0.0002 0.6218
vn 0.0067 -0.9984 -0.0567
vn -0.1698 -0.0698 0.9830
vn 0.0108 -0.9987 -0.0498
vn -0.2888 -0.0936 0.9528
vn -0.0217 0.9976 0.0665
vn -0.4226 -0.0624 0.9042
vn 0.0038 -0.9999 -0.0135
vn -0.5349 0.0298 0.8444
vn 0.0058 -0.9999 -0.0131
vn -0.6089 0.0286 0.7927
vn -0.0126 -0.9998 0.0165
vn -0.0305 -0.9989 0.0367
vn 0.1822 -0.0352 -0.9826
vn 0.2009 -0.0340 -0.9790
vn 0.2594 0.0100 -0.9657
vn 0.4223 0.0631 -0.9043
vn 0.5218 0.0839 -0.8490
vn 0.5910 0.0574 -0.8047
vn 0.6253 0.0018 -0.7803
vn 0.1818 0.0698 -0.9809
vn 0.6447 -0.0009 -0.7644
vn 0.2000 0.0960 -0.9751
vn 0.2588 0.0665 -0.9636
vn 0.3690 0.0089 -0.9294
vn 0.5347 -0.0297 -0.8445
vn 0.6089 -0.0285 -0.7928
vn -0.8864 0.3672 -0.2817
vn -0.7909 0.0002 0.6119
vn -0.0686 0.7146 0.6962
vn -0.1148 0.7311 0.6725
vn -0.2055 0.7035 0.6804
vn -0.3154 0.6673 0.6747
vn -0.3988 0.6679 0.6284
vn -0.4612 0.6546 0.5990
vn -0.4786 0.6714 0.5658
vn 0.0466 -0.0012 0.9989
vn -0.0408 -0.7486 0.6618
vn -0.0911 -0.7628 0.6401
vn -0.1803 -0.7620 0.6220
vn -0.2864 -0.7415 0.6067
vn -0.3869 -0.7063 0.5928
vn -0.4534 -0.6858 0.5693
vn 0.0466 0.0007 0.9989
vn -0.4702 -0.7009 0.5364
vn -0.6119 -0.0007 -0.7909
vn 0.0690 0.7012 -0.7096
vn 0.1227 0.6846 -0.7185
vn 0.2029 0.7125 -0.6717
vn 0.2829 0.7441 -0.6052
vn 0.3510 0.7558 -0.5528
vn 0.4101 0.7405 -0.5324
vn 0.4505 0.7157 -0.5337
vn 0.9989 0.0001 -0.0466
vn -0.6119 0.0024 -0.7909
vn 0.0502 -0.6638 -0.7462
vn 0.1098 -0.6491 -0.7527
vn 0.2034 -0.6709 -0.7131
vn 0.3117 -0.6709 -0.6729
vn 0.3844 -0.7059 -0.5950
vn 0.4275 -0.7276 -0.5366
vn 0.4546 -0.7256 -0.5166
vn -0.6873 0.6987 -0.1985
vn 0.5022 0.7055 0.5000
vn -0.6970 -0.7038 -0.1376
vn 0.4992 -0.7065 0.5016
vn -0.9939 0.0003 -0.1107
vn -0.1421 0.0376 0.9891
vn 0.0031 0.9995 -0.0304
vn -0.1691 0.0383 0.9849
vn 0.0057 0.9990 -0.0449
vn -0.2423 -0.0049 0.9702
vn 0.0084 0.9996 -0.0255
vn -0.3687 -0.0047 0.9295
vn -0.0053 1.0000 0.0066
vn -0.5129 -0.0553 0.8566
vn -0.0277 0.9987 0.0429
vn -0.6233 -0.0737 0.7785
vn -0.0395 0.9979 0.0523
vn -0.6793 -0.0505 0.7321
vn -0.0726 0.9934 0.0884
vn 0.7294 0.0002 0.6841
vn -0.0654 -0.0028 0.9979
vn -0.9939 0.0003 -0.1105
vn -0.6602 0.0010 0.7511
vn 0.7611 0.0002 0.6486
vn 0.0043 -0.9986 -0.0522
vn -0.1425 -0.0650 0.9877
vn 0.0085 -0.9985 -0.0536
vn -0.2751 -0.0851 0.9576
vn -0.0185 0.9977 0.0648
vn -0.4229 -0.0518 0.9047
vn 0.0195 -0.9992 -0.0345
vn -0.5442 0.0375 0.8381
vn 0.0004 -1.0000 -0.0032
vn -0.6227 0.0323 0.7818
vn -0.0151 -0.9997 0.0193
vn -0.0159 -0.9997 0.0186
vn 0.1421 -0.0377 -0.9891
vn 0.1692 -0.0384 -0.9848
vn 0.2426 0.0049 -0.9701
vn 0.4224 0.0583 -0.9046
vn 0.5340 0.0796 -0.8417
vn 0.6092 0.0545 -0.7911
vn 0.6458 0.0017 -0.7635
vn 0.1418 0.0651 -0.9877
vn 0.6602 -0.0010 -0.7511
vn 0.1685 0.0874 -0.9818
vn 0.2422 0.0555 -0.9686
vn 0.3691 -0.0020 -0.9294
vn 0.5440 -0.0374 -0.8383
vn 0.6227 -0.0322 -0.7818
vn 0.8864 -0.3672 -0.2817
vn 0.3672 0.8864 -0.2817
vn 0.4186 0.6801 0.6018
vn -0.7756 0.0001 0.6312
vn -0.0446 0.7159 0.6968
vn -0.0958 0.7364 0.6698
vn -0.1926 0.7151 0.6720
vn -0.3110 0.6787 0.6653
vn -0.4002 0.6789 0.6156
vn -0.4668 0.6632 0.5851
vn -0.4870 0.6760 0.5531
vn 0.0331 -0.0010 0.9995
vn -0.0323 -0.7427 0.6688
vn -0.0861 -0.7524 0.6531
vn -0.1802 -0.7514 0.6347
vn -0.2925 -0.7283 0.6197
vn -0.3962 -0.6934 0.6019
vn -0.4600 -0.6807 0.5701
vn 0.0331 0.0008 0.9995
vn -0.4749 -0.6997 0.5337
vn -0.6312 -0.0012 -0.7756
vn 0.0446 0.6997 -0.7130
vn 0.1040 0.6791 -0.7266
vn 0.1966 0.7011 -0.6854
vn 0.2876 0.7339 -0.6154
vn 0.3618 0.7480 -0.5565
vn 0.4222 0.7361 -0.5291
vn 0.4619 0.7144 -0.5256
vn 0.9995 0.0001 -0.0332
vn -0.6312 0.0019 -0.7756
vn 0.0392 -0.6709 -0.7406
vn 0.0997 -0.6615 -0.7433
vn 0.1954 -0.6854 -0.7014
vn 0.3062 -0.6849 -0.6612
vn 0.3802 -0.7184 -0.5825
vn 0.4254 -0.7365 -0.5260
vn 0.9995 -0.0000 -0.0332
vn 0.4555 -0.7302 -0.5092
vn -0.6869 0.6989 -0.1991
vn 0.5055 0.7061 0.4959
vn -0.7046 -0.7036 -0.0919
vn 0.4873 -0.7056 0.5144
vn -0.9963 0.0001 -0.0858
vn -0.1174 0.0455 0.9920
vn 0.0125 0.9813 -0.1923
vn -0.1495 0.0522 0.9874
vn 0.0053 0.9993 -0.0367
vn -0.2320 0.0120 0.9727
vn 0.0008 1.0000 -0.0075
vn -0.3687 0.0115 0.9295
vn 0.0015 1.0000 -0.0059
vn -0.5204 -0.0401 0.8530
vn -0.0304 0.9985 0.0456
vn -0.6333 -0.0622 0.7714
vn -0.0337 0.9985 0.0433
vn -0.6893 -0.0443 0.7231
vn -0.0579 0.9961 0.0667
vn 0.7291 0.0001 0.6844
vn -0.0515 -0.0024 0.9987
vn -0.9963 0.0001 -0.0856
vn -0.6660 0.0012 0.7459
vn 0.7462 0.0001 0.6657
vn 0.0029 -0.9990 -0.0454
vn -0.1317 -0.0557 0.9897
vn 0.0065 -0.9990 -0.0450
vn -0.2700 -0.0689 0.9604
vn -0.0152 0.9982 0.0582
vn -0.4232 -0.0325 0.9055
vn -0.0081 -0.9999 0.0132
vn -0.5475 0.0516 0.8352
vn -0.0227 -0.9992 0.0330
vn -0.6279 0.0395 0.7773
vn -0.0250 -0.9992 0.0314
vn -0.0203 -0.9995 0.0233
vn 0.1174 -0.0455 -0.9920
vn 0.1496 -0.0523 -0.9874
vn 0.2323 -0.0120 -0.9726
vn 0.4227 0.0426 -0.9053
vn 0.5436 0.0674 -0.8367
vn 0.6229 0.0478 -0.7808
vn 0.6608 0.0015 -0.7506
vn 0.1173 0.0559 -0.9915
vn 0.6660 -0.0012 -0.7459
vn 0.1494 0.0709 -0.9862
vn 0.2322 0.0349 -0.9720
vn 0.3690 -0.0219 -0.9292
vn 0.5473 -0.0515 -0.8354
vn 0.6279 -0.0394 -0.7773
vn -0.3672 -0.8864 -0.2817
vn -0.4186 -0.6801 0.6018
vn -0.4440 0.3465 0.8263
vn -0.7756 -0.0001 0.6312
vn -0.0359 0.7175 0.6956
vn -0.0883 0.7432 0.6633
vn -0.1848 0.7304 0.6575
vn -0.3049 0.6939 0.6523
vn -0.4056 0.6729 0.6186
vn -0.4641 0.6741 0.5746
vn -0.4874 0.6816 0.5459
vn 0.0331 -0.0008 0.9995
vn -0.0414 -0.7361 0.6757
vn -0.0949 -0.7403 0.6655
vn -0.1874 -0.7394 0.6467
vn -0.2991 -0.7134 0.6338
vn -0.4097 -0.6615 0.6281
vn -0.4596 -0.6749 0.5773
vn 0.0332 0.0010 0.9994
vn -0.4718 -0.6985 0.5381
vn -0.6313 -0.0019 -0.7756
vn 0.0357 0.6977 -0.7155
vn 0.0977 0.6716 -0.7344
vn 0.2030 0.6620 -0.7215
vn 0.2939 0.7199 -0.6288
vn 0.3701 0.7378 -0.5645
vn 0.4291 0.7306 -0.5312
vn 0.4666 0.7129 -0.5235
vn -0.6312 0.0012 -0.7756
vn 0.0477 -0.6785 -0.7330
vn 0.1048 -0.6750 -0.7303
vn 0.2015 -0.6751 -0.7096
vn 0.3001 -0.7001 -0.6480
vn 0.3704 -0.7320 -0.5718
vn 0.4156 -0.7465 -0.5197
vn 0.9995 -0.0001 -0.0332
vn 0.4482 -0.7357 -0.5079
vn -0.6829 0.6943 -0.2272
vn 0.5164 0.7067 0.4836
vn -0.7017 -0.7094 -0.0666
vn 0.4793 -0.7047 0.5232
vn -0.9963 -0.0001 -0.0857
vn -0.1174 0.0558 0.9915
vn 0.0029 0.9990 -0.0454
vn -0.1493 0.0707 0.9863
vn -0.0082 -0.9983 0.0573
vn -0.2318 0.0349 0.9721
vn 0.0067 0.9996 -0.0281
vn -0.3687 -0.0219 0.9293
vn 0.0108 0.9996 -0.0269
vn -0.5207 -0.0201 0.8535
vn -0.0093 0.9999 0.0125
vn -0.6338 -0.0477 0.7720
vn -0.0250 0.9992 0.0314
vn -0.6895 -0.0367 0.7233
vn -0.0203 0.9995 0.0233
vn 0.7459 -0.0001 0.6660
vn -0.0638 -0.0020 0.9980
vn -0.9963 -0.0001 -0.0859
vn -0.6608 0.0014 0.7505
vn 0.7302 -0.0001 0.6833
vn 0.0028 -0.9994 -0.0354
vn -0.1415 -0.0453 0.9889
vn 0.0067 -0.9959 -0.0897
vn -0.2752 -0.0508 0.9601
vn 0.0112 -0.9968 -0.0797
vn -0.4230 0.0426 0.9051
vn -0.0165 -0.9994 0.0317
vn -0.5438 0.0675 0.8365
vn -0.0200 -0.9994 0.0294
vn -0.6229 0.0478 0.7808
vn -0.0337 -0.9985 0.0432
vn -0.0250 -0.9993 0.0295
vn 0.1173 -0.0559 -0.9915
vn 0.1494 -0.0709 -0.9862
vn 0.2322 -0.0349 -0.9720
vn 0.3690 0.0219 -0.9292
vn 0.5473 0.0515 -0.8354
vn 0.6279 0.0394 -0.7773
vn 0.6660 0.0012 -0.7459
vn 0.1174 0.0455 -0.9920
vn 0.6608 -0.0015 -0.7506
vn 0.1496 0.0523 -0.9874
vn 0.2323 0.0120 -0.9726
vn 0.4227 -0.0426 -0.9053
vn 0.5436 -0.0674 -0.8367
vn 0.6229 -0.0478 -0.7808
vn 0.3672 -0.2817 -0.8864
vn 0.3827 0.3609 0.8505
vn -0.7909 -0.0002 0.6119
vn -0.0455 0.7190 0.6936
vn -0.0946 0.7491 0.6557
vn -0.1845 0.7439 0.6424
vn -0.2992 0.7075 0.6403
vn -0.3978 0.6831 0.6125
vn -0.4547 0.6838 0.5707
vn -0.4801 0.6864 0.5462
vn 0.0466 -0.0007 0.9989
vn -0.0655 -0.7309 0.6793
vn -0.1148 -0.7311 0.6726
vn -0.1996 -0.7301 0.6535
vn -0.3039 -0.7021 0.6440
vn -0.4069 -0.6526 0.6391
vn -0.4520 -0.6703 0.5886
vn 0.0466 0.0012 0.9989
vn -0.4615 -0.6974 0.5482
vn -0.6119 -0.0024 -0.7909
vn 0.0456 0.6958 -0.7168
vn 0.1067 0.6648 -0.7394
vn 0.2100 0.6500 -0.7303
vn 0.2994 0.7070 -0.6407
vn 0.3730 0.7286 -0.5745
vn 0.4285 0.7259 -0.5380
vn 0.4634 0.7117 -0.5280
vn 0.9989 -0.0001 -0.0466
vn -0.6119 0.0007 -0.7909
vn 0.0721 -0.6842 -0.7257
vn 0.1226 -0.6848 -0.7183
vn 0.2088 -0.6848 -0.6982
vn 0.2954 -0.7112 -0.6379
vn 0.3584 -0.7422 -0.5664
vn 0.4015 -0.7543 -0.5196
vn 0.4350 -0.7401 -0.5128
vn -0.6701 0.6875 -0.2799
vn 0.5317 0.7071 0.4663
vn -0.7049 -0.7070 -0.0580
vn 0.4757 -0.7032 0.5284
vn -0.9939 -0.0003 -0.1106
vn -0.1419 0.0650 0.9877
vn 0.0043 0.9987 -0.0512
vn -0.1686 0.0872 0.9818
vn -0.0108 -0.9967 0.0808
vn -0.2419 0.0555 0.9687
vn 0.0125 0.9974 -0.0712
vn -0.3687 -0.0020 0.9295
vn 0.0193 0.9991 -0.0388
vn -0.5137 -0.0019 0.8580
vn 0.0004 1.0000 -0.0029
vn -0.6246 -0.0349 0.7801
vn -0.0167 0.9996 0.0212
vn -0.6799 -0.0303 0.7327
vn -0.0159 0.9997 0.0185
vn 0.7612 -0.0002 0.6485
vn -0.0980 -0.0016 0.9952
vn -0.9938 -0.0003 -0.1108
vn -0.6458 0.0017 0.7635
vn 0.7278 -0.0002 0.6858
vn 0.0031 -0.9996 -0.0291
vn -0.1682 -0.0375 0.9850
vn 0.0047 -0.9996 -0.0288
vn -0.2889 -0.0372 0.9566
vn -0.0039 -1.0000 0.0043
vn -0.4227 0.0584 0.9044
vn -0.0229 -0.9987 0.0462
vn -0.5341 0.0797 0.8416
vn -0.0277 -0.9987 0.0422
vn -0.6093 0.0546 0.7911
vn -0.0266 -0.9990 0.0355
vn -0.0730 -0.9934 0.0881
vn 0.1418 -0.0651 -0.9877
vn 0.1685 -0.0874 -0.9818
vn 0.2422 -0.0555 -0.9686
vn 0.3691 0.0020 -0.9294
vn 0.5440 0.0374 -0.8383
vn 0.6227 0.0322 -0.7818
vn 0.6602 0.0010 -0.7511
vn 0.1421 0.0377 -0.9891
vn 0.6458 -0.0017 -0.7635
vn 0.1692 0.0384 -0.9848
vn 0.2426 -0.0049 -0.9701
vn 0.4224 -0.0583 -0.9046
vn 0.5340 -0.0796 -0.8417
vn 0.6092 -0.0545 -0.7911
vn -0.8150 -0.0003 0.5794
vn -0.0699 0.7197 0.6908
vn -0.1123 0.7520 0.6495
vn -0.1915 0.7509 0.6321
vn -0.2961 0.7148 0.6336
vn -0.3881 0.6886 0.6126
vn -0.4415 0.6890 0.5748
vn -0.4673 0.6890 0.5541
vn 0.0696 -0.0006 0.9976
vn -0.8150 -0.0003 0.5795
vn -0.0956 -0.7292 0.6776
vn -0.1387 -0.7280 0.6714
vn -0.2124 -0.7272 0.6528
vn -0.3053 -0.6987 0.6470
vn -0.3991 -0.6495 0.6472
vn -0.4394 -0.6684 0.6002
vn 0.0696 0.0013 0.9976
vn -0.4470 -0.6970 0.5607
vn -0.5795 -0.0027 -0.8150
vn 0.0709 0.6948 -0.7157
vn 0.1277 0.6611 -0.7393
vn 0.2222 0.6435 -0.7324
vn 0.3025 0.6998 -0.6472
vn 0.3693 0.7237 -0.5830
vn 0.4205 0.7235 -0.5475
vn 0.4529 0.7111 -0.5377
vn 0.9976 -0.0001 -0.0696
vn -0.5794 0.0006 -0.8150
vn 0.1035 -0.6859 -0.7203
vn 0.1466 -0.6878 -0.7110
vn 0.2205 -0.6877 -0.6917
vn 0.2940 -0.7146 -0.6348
vn 0.3483 -0.7455 -0.5682
vn 0.3875 -0.7572 -0.5257
vn 0.9976 -0.0002 -0.0696
vn 0.4200 -0.7421 -0.5225
vn -0.6385 0.6791 -0.3621
vn 0.5464 0.7094 0.4452
vn -0.7013 -0.7096 -0.0682
vn 0.4733 -0.7032 0.5305
vn -0.9886 -0.0004 -0.1504
vn -0.1818 0.0697 0.9809
vn 0.0067 0.9982 -0.0592
vn -0.2000 0.0958 0.9751
vn -0.0142 -0.9957 0.0921
vn -0.2586 0.0665 0.9637
vn -0.3687 0.0089 0.9295
vn 0.0038 0.9999 -0.0140
vn -0.5018 0.0083 0.8649
vn 0.0058 0.9999 -0.0135
vn -0.6085 -0.0280 0.7931
vn -0.0118 0.9998 0.0152
vn -0.6630 -0.0270 0.7481
vn -0.0309 0.9988 0.0371
vn 0.7842 -0.0002 0.6205
vn -0.1416 -0.0015 0.9899
vn -0.9886 -0.0004 -0.1507
vn -0.6254 0.0018 0.7803
vn 0.7308 -0.0002 0.6826
vn 0.0033 -0.9998 -0.0214
vn -0.2021 -0.0349 0.9788
vn 0.0058 -0.9989 -0.0461
vn -0.3062 -0.0329 0.9514
vn -0.0041 -0.9999 0.0159
vn -0.4226 0.0631 0.9041
vn -0.0054 -0.9999 0.0110
vn -0.5219 0.0840 0.8489
vn -0.0292 -0.9985 0.0455
vn -0.5910 0.0575 0.8047
vn -0.0409 -0.9975 0.0578
vn -0.0871 -0.9902 0.1095
vn 0.1818 -0.0698 -0.9809
vn 0.2000 -0.0960 -0.9751
vn 0.2588 -0.0665 -0.9636
vn 0.3690 -0.0089 -0.9294
vn 0.5347 0.0297 -0.8445
vn 0.6089 0.0285 -0.7928
vn 0.6447 0.0009 -0.7644
vn 0.1822 0.0352 -0.9826
vn 0.6253 -0.0018 -0.7803
vn 0.2009 0.0340 -0.9790
vn 0.2594 -0.0100 -0.9657
vn 0.4223 -0.0631 -0.9043
vn 0.5218 -0.0839 -0.8490
vn 0.5910 -0.0574 -0.8047
vn -0.8384 -0.0002 0.5451
vn -0.1002 0.7194 0.6873
vn -0.1348 0.7511 0.6463
vn -0.2035 0.7493 0.6302
vn -0.2966 0.7136 0.6347
vn -0.3798 0.6875 0.6189
vn -0.4288 0.6879 0.5856
vn -0.4528 0.6882 0.5669
vn 0.0946 -0.0007 0.9955
vn -0.1207 -0.7314 0.6712
vn -0.1574 -0.7323 0.6626
vn -0.2210 -0.7315 0.6450
vn -0.3029 -0.7044 0.6419
vn -0.3892 -0.6535 0.6492
vn -0.4261 -0.6701 0.6078
vn 0.0946 0.0013 0.9955
vn -0.4331 -0.6974 0.5710
vn -0.5451 -0.0025 -0.8384
vn 0.1022 0.6950 -0.7117
vn 0.1530 0.6620 -0.7338
vn 0.2351 0.6449 -0.7272
vn 0.3020 0.7010 -0.6461
vn 0.3603 0.7248 -0.5872
vn 0.4073 0.7244 -0.5563
vn 0.4382 0.7115 -0.5494
vn 0.9955 -0.0001 -0.0946
vn -0.5450 0.0007 -0.8384
vn 0.1313 -0.6832 -0.7183
vn 0.1690 -0.6830 -0.7106
vn 0.2328 -0.6830 -0.6923
vn 0.2963 -0.7092 -0.6397
vn 0.3436 -0.7409 -0.5771
vn 0.3785 -0.7543 -0.5364
vn 0.9955 -0.0002 -0.0946
vn 0.4081 -0.7407 -0.5337
vn -0.5945 0.6570 -0.4637
vn 0.5595 0.7094 0.4286
vn -0.7001 -0.7076 -0.0957
vn 0.4822 -0.6994 0.5276
vn -0.9819 -0.0003 -0.1893
vn -0.2227 0.0682 0.9725
vn 0.0658 0.8867 -0.4577
vn -0.2324 0.0936 0.9681
vn -0.0157 -0.9952 0.0965
vn -0.2759 0.0643 0.9590
vn -0.3687 0.0070 0.9295
vn 0.0019 0.9999 -0.0133
vn -0.4891 0.0066 0.8722
vn -0.0117 0.9998 0.0168
vn -0.5905 -0.0297 0.8065
vn -0.0122 0.9998 0.0170
vn -0.6441 -0.0282 0.7644
vn -0.0359 0.9983 0.0469
vn 0.8085 -0.0002 0.5884
vn -0.1790 -0.0017 0.9838
vn -0.9816 -0.0003 -0.1907
vn -0.6063 0.0018 0.7952
vn 0.7436 -0.0002 0.6686
vn 0.0052 -0.9997 -0.0220
vn -0.2311 -0.0385 0.9722
vn 0.0051 -0.9998 0.0181
vn -0.3209 -0.0394 0.9463
vn -0.0013 -1.0000 -0.0005
vn -0.4228 0.0553 0.9045
vn -0.0015 -1.0000 -0.0000
vn -0.5113 0.0787 0.8558
vn -0.0245 -0.9988 0.0420
vn -0.5743 0.0552 0.8168
vn -0.0374 -0.9978 0.0539
vn -0.0266 -0.9991 0.0332
vn 0.2226 -0.0683 -0.9725
vn 0.2324 -0.0938 -0.9681
vn 0.2761 -0.0643 -0.9590
vn 0.3690 -0.0071 -0.9294
vn 0.5226 0.0313 -0.8520
vn 0.5905 0.0298 -0.8065
vn 0.6241 0.0010 -0.7814
vn 0.2230 0.0387 -0.9740
vn 0.6063 -0.0018 -0.7952
vn 0.2333 0.0406 -0.9716
vn 0.2767 -0.0016 -0.9610
vn 0.4225 -0.0553 -0.9047
vn 0.5112 -0.0786 -0.8559
vn 0.5743 -0.0551 -0.8168
vn -0.8536 -0.0001 0.5210
vn -0.1259 0.7183 0.6843
vn -0.1548 0.7466 0.6470
vn -0.2165 0.7398 0.6370
vn -0.3006 0.7041 0.6433
vn -0.3757 0.6801 0.6296
vn -0.4208 0.6806 0.5997
vn -0.4415 0.6842 0.5804
vn 0.1126 -0.0008 0.9936
vn -0.1320 -0.7368 0.6631
vn -0.1644 -0.7421 0.6498
vn -0.2223 -0.7413 0.6332
vn -0.2975 -0.7170 0.6304
vn -0.3808 -0.6631 0.6444
vn -0.4174 -0.6749 0.6086
vn 0.1126 0.0011 0.9936
vn -0.4254 -0.6985 0.5755
vn -0.5210 -0.0021 -0.8535
vn 0.1285 0.6964 -0.7061
vn 0.1733 0.6669 -0.7247
vn 0.2438 0.6535 -0.7165
vn 0.2981 0.7103 -0.6377
vn 0.3492 0.7319 -0.5852
vn 0.3936 0.7283 -0.5609
vn 0.4242 0.7126 -0.5588
vn 0.9936 -0.0001 -0.1126
vn -0.5210 0.0012 -0.8536
vn 0.1464 -0.6771 -0.7212
vn 0.1824 -0.6721 -0.7177
vn 0.2417 -0.6724 -0.6997
vn 0.3015 -0.6967 -0.6509
vn 0.3458 -0.7297 -0.5899
vn 0.3777 -0.7462 -0.5483
vn 0.4040 -0.7364 -0.5427
vn -0.5682 0.6412 -0.5158
vn 0.5639 0.7048 0.4303
vn -0.6895 -0.7090 -0.1483
vn 0.4940 -0.7028 0.5118
vn -0.9756 -0.0001 -0.2195
vn -0.2505 0.0613 0.9662
vn 0.0104 0.9987 -0.0498
vn -0.2547 0.0816 0.9636
vn -0.0180 -0.9913 0.1300
vn -0.2880 0.0497 0.9563
vn 0.0140 0.9999 -0.0000
vn -0.3687 -0.0069 0.9295
vn 0.0179 0.9960 0.0879
vn -0.4801 -0.0065 0.8772
vn -0.0172 0.9996 0.0232
vn -0.5774 -0.0399 0.8155
vn -0.0161 0.9996 0.0242
vn -0.6302 -0.0338 0.7757
vn -0.0524 0.9961 0.0717
vn 0.8037 -0.0001 0.5951
vn -0.1978 -0.0020 0.9802
vn -0.5962 0.0016 0.8028
vn 0.7678 -0.0001 0.6407
vn 0.0788 -0.9150 -0.3957
vn -0.2456 -0.0468 0.9683
vn 0.0135 -0.9988 -0.0470
vn -0.3282 -0.0541 0.9431
vn 0.0953 -0.9242 -0.3697
vn -0.4231 0.0375 0.9053
vn -0.0165 -0.9992 0.0361
vn -0.5062 0.0655 0.8599
vn -0.0188 -0.9994 0.0294
vn -0.5657 0.0484 0.8232
vn -0.0315 -0.9984 0.0479
vn -0.0867 -0.9893 0.1178
vn 0.2504 -0.0614 -0.9662
vn 0.2547 -0.0817 -0.9636
vn 0.2882 -0.0498 -0.9563
vn 0.3690 0.0069 -0.9294
vn 0.5118 0.0419 -0.8581
vn 0.5740 0.0356 -0.8181
vn 0.6054 0.0012 -0.7959
vn 0.2506 0.0468 -0.9669
vn 0.5962 -0.0016 -0.8029
vn 0.2552 0.0555 -0.9653
vn 0.2885 0.0173 -0.9573
vn 0.4229 -0.0375 -0.9054
vn 0.5061 -0.0654 -0.8600
vn 0.5657 -0.0483 -0.8232
vn 0.3495 0.9220 0.1664
vn -0.9129 0.2708 0.3055
vn -0.4441 0.3465 0.8263
vn -0.0000 0.9238 -0.3828
vn -0.0000 0.6635 0.7482
vt 0.000000 0.000000
vt 0.166667 0.748800
vt 0.125000 0.748800
vt 0.166667 0.750000
vt 0.583333 0.000000
vt 0.583333 0.001200
vt 0.625000 0.001200
vt 0.166667 0.501200
vt 0.166667 0.500000
vt 0.125000 0.501200
vt 0.625000 0.263089
vt 0.583333 0.248800
vt 0.583333 0.281250
vt 0.333333 0.748800
vt 0.375000 0.770833
vt 0.406250 0.748800
vt 0.645833 0.770233
vt 0.583333 0.749100
vt 0.583333 0.791667
vt 0.333333 0.501200
vt 0.406250 0.501200
vt 0.375000 0.479167
vt 0.645833 0.479767
vt 0.583333 0.458333
vt 0.583333 0.500900
vt 0.416667 0.001200
vt 0.416667 0.000000
vt 0.416667 0.291667
vt 0.625000 0.958333
vt 0.416667 0.248800
vt 0.416667 0.958333
vt 0.833333 0.501200
vt 0.171875 0.748800
vt 0.171875 0.750000
vt 0.578125 0.000000
vt 0.578125 0.001200
vt 0.171875 0.501200
vt 0.171875 0.500000
vt 0.625000 0.264825
vt 0.578125 0.248800
vt 0.578125 0.285156
vt 0.328125 0.748800
vt 0.375000 0.773438
vt 0.410156 0.748800
vt 0.648438 0.772838
vt 0.578125 0.749100
vt 0.578125 0.796875
vt 0.328125 0.501200
vt 0.410156 0.501200
vt 0.375000 0.476562
vt 0.648438 0.477163
vt 0.578125 0.453125
vt 0.578125 0.500900
vt 0.421875 0.001200
vt 0.421875 0.000000
vt 0.421875 0.296875
vt 0.625000 0.953125
vt 0.421875 0.248800
vt 0.421875 0.953125
vt 0.828125 0.501200
vt 0.000000 1.000000
vt 0.250000 0.833333
vt 0.250000 1.000000
vt 0.250000 0.166667
vt 0.000000 0.166667
vt 0.250000 0.333333
vt 0.000000 0.333333
vt 0.250000 0.500000
vt 0.000000 0.500000
vt 0.250000 0.666667
vt 0.000000 0.666667
vt 0.000000 0.833333
vt 0.500000 0.833333
vt 0.500000 1.000000
vt 0.250000 0.000000
vt 0.500000 0.166667
vt 0.500000 0.333333
vt 0.500000 0.500000
vt 0.500000 0.666667
vt 0.750000 1.000000
vt 0.500000 0.000000
vt 0.750000 0.166667
vt 0.750000 0.333333
vt 0.750000 0.500000
vt 0.750000 0.666667
vt 0.750000 0.833333
vt 1.000000 1.000000
vt 0.750000 0.000000
vt 1.000000 0.166667
vt 1.000000 0.333333
vt 1.000000 0.500000
vt 1.000000 0.666667
vt 1.000000 0.833333
vt 0.583333 0.958333
vt 0.833333 0.748800
vt 0.578125 0.953125
vt 0.828125 0.748800
vt 1.000000 0.000000
s 0
usemtl RustCanvas
f 13/1/1 15/1/1 14/1/1
f 28/1/2 30/1/2 29/1/2
f 35/1/3 37/1/3 36/1/3
f 50/1/4 52/1/4 51/1/4
f 53/1/5 55/1/5 54/1/5
f 68/1/6 70/1/6 69/1/6
f 75/1/7 77/1/7 76/1/7
f 90/1/8 92/1/8 91/1/8
f 13/1/9 31/1/9 15/1/9
f 14/1/10 17/1/10 16/1/10
f 16/1/11 19/1/11 18/1/11
f 19/1/12 20/1/12 18/1/12
f 21/1/13 22/1/13 20/1/13
f 22/1/14 25/1/14 24/1/14
f 24/1/15 27/1/15 26/1/15
f 26/1/16 30/1/16 28/1/16
f 30/1/17 33/1/17 29/1/17
f 31/1/18 35/1/18 36/1/18
f 37/1/19 38/1/19 36/1/19
f 39/1/20 40/1/20 38/1/20
f 40/1/21 43/1/21 42/1/21
f 42/1/22 45/1/22 44/1/22
f 44/1/23 47/1/23 46/1/23
f 47/1/24 48/1/24 46/1/24
f 33/1/25 52/1/25 50/1/25
f 49/1/26 52/1/26 48/1/26
f 54/1/27 71/1/27 53/1/27
f 54/1/28 57/1/28 56/1/28
f 56/1/29 59/1/29 58/1/29
f 59/1/30 60/1/30 58/1/30
f 61/1/31 62/1/31 60/1/31
f 63/1/32 64/1/32 62/1/32
f 65/1/33 66/1/33 64/1/33
f 67/1/34 69/1/34 66/1/34
f 70/1/35 73/1/35 69/1/35
f 71/1/36 77/1/36 75/1/36
f 77/1/37 78/1/37 76/1/37
f 79/1/38 80/1/38 78/1/38
f 81/1/39 82/1/39 80/1/39
f 82/1/40 85/1/40 84/1/40
f 84/1/41 87/1/41 86/1/41
f 86/1/42 89/1/42 88/1/42
f 73/1/43 90/1/43 91/1/43
f 88/1/44 91/1/44 92/1/44
f 13/1/45 55/1/45 53/1/45
f 28/1/46 70/1/46 68/1/46
f 35/1/47 76/1/47 37/1/47
f 51/1/48 90/1/48 50/1/48
f 53/1/49 32/1/49 13/1/49
f 31/1/50 17/1/50 15/1/50
f 57/1/51 14/1/51 16/1/51
f 1/1/52 19/1/52 17/1/52
f 18/1/53 57/1/53 16/1/53
f 2/1/54 21/1/54 19/1/54
f 61/1/55 18/1/55 20/1/55
f 21/1/56 4/1/56 23/1/56
f 63/1/57 20/1/57 22/1/57
f 23/1/58 5/1/58 25/1/58
f 24/1/59 63/1/59 22/1/59
f 25/1/60 6/1/60 27/1/60
f 26/1/61 65/1/61 24/1/61
f 27/1/62 34/1/62 30/1/62
f 68/1/63 26/1/63 28/1/63
f 74/1/64 29/1/64 33/1/64
f 31/1/65 38/1/65 1/1/65
f 32/1/66 75/1/66 35/1/66
f 48/1/67 34/1/67 6/1/67
f 50/1/64 74/1/64 33/1/64
f 76/1/68 39/1/68 37/1/68
f 1/1/69 40/1/69 2/1/69
f 39/1/70 80/1/70 41/1/70
f 2/1/71 42/1/71 3/1/71
f 41/1/72 82/1/72 43/1/72
f 3/1/73 44/1/73 4/1/73
f 82/1/74 45/1/74 43/1/74
f 44/1/75 5/1/75 4/1/75
f 45/1/76 86/1/76 47/1/76
f 46/1/77 6/1/77 5/1/77
f 86/1/78 49/1/78 47/1/78
f 49/1/79 92/1/79 51/1/79
f 56/1/80 72/1/80 54/1/80
f 58/1/81 7/1/81 56/1/81
f 60/1/82 8/1/82 58/1/82
f 60/1/83 10/1/83 9/1/83
f 62/1/84 11/1/84 10/1/84
f 64/1/85 12/1/85 11/1/85
f 66/1/86 73/1/86 12/1/86
f 72/1/87 79/1/87 77/1/87
f 73/1/88 89/1/88 12/1/88
f 7/1/89 81/1/89 79/1/89
f 8/1/90 83/1/90 81/1/90
f 9/1/91 85/1/91 83/1/91
f 11/1/92 85/1/92 10/1/92
f 12/1/93 87/1/93 11/1/93
f 93/1/94 97/1/94 96/1/94
f 94/1/95 97/1/95 98/1/95
f 95/1/96 97/1/96 99/1/96
f 100/1/97 104/1/97 103/1/97
f 101/1/98 104/1/98 105/1/98
f 102/1/99 104/1/99 106/1/99
f 107/1/100 111/1/100 110/1/100
f 108/1/101 111/1/101 112/1/101
f 109/1/102 111/1/102 113/1/102
f 117/1/103 121/1/103 120/1/103
f 118/1/104 121/1/104 122/1/104
f 119/1/105 121/1/105 123/1/105
f 127/1/106 131/1/106 130/1/106
f 128/1/107 131/1/107 132/1/107
f 129/1/108 131/1/108 133/1/108
f 134/1/109 138/1/109 137/1/109
f 135/1/110 138/1/110 139/1/110
f 136/1/111 138/1/111 140/1/111
f 141/1/112 145/1/112 144/1/112
f 142/1/113 145/1/113 146/1/113
f 143/1/114 145/1/114 147/1/114
f 148/1/115 152/1/115 151/1/115
f 149/1/116 152/1/116 153/1/116
f 150/1/117 152/1/117 154/1/117
f 158/1/118 162/1/118 161/1/118
f 159/1/119 162/1/119 163/1/119
f 160/1/120 162/1/120 164/1/120
f 168/1/121 172/1/121 171/1/121
f 169/1/122 172/1/122 173/1/122
f 170/1/123 172/1/123 174/1/123
f 96/1/124 127/1/124 93/1/124
f 94/1/125 133/1/125 96/1/125
f 125/1/126 132/1/126 129/1/126
f 126/1/127 128/1/127 132/1/127
f 123/1/128 125/1/128 119/1/128
f 117/1/129 126/1/129 123/1/129
f 115/1/130 122/1/130 119/1/130
f 116/1/131 118/1/131 122/1/131
f 113/1/132 115/1/132 109/1/132
f 107/1/133 116/1/133 113/1/133
f 102/1/134 112/1/134 109/1/134
f 106/1/135 108/1/135 112/1/135
f 98/1/136 102/1/136 94/1/136
f 98/1/137 101/1/137 105/1/137
f 136/1/138 171/1/138 169/1/138
f 140/1/139 168/1/139 171/1/139
f 139/1/140 141/1/140 135/1/140
f 139/1/141 143/1/141 147/1/141
f 146/1/142 148/1/142 142/1/142
f 143/1/143 154/1/143 146/1/143
f 149/1/144 157/1/144 155/1/144
f 153/1/145 156/1/145 157/1/145
f 157/1/146 158/1/146 155/1/146
f 156/1/147 164/1/147 157/1/147
f 159/1/148 167/1/148 165/1/148
f 163/1/149 166/1/149 167/1/149
f 167/1/150 170/1/150 165/1/150
f 166/1/151 173/1/151 167/1/151
f 99/1/152 135/1/152 95/1/152
f 93/1/153 137/1/153 99/1/153
f 103/1/154 142/1/154 100/1/154
f 101/1/155 144/1/155 103/1/155
f 110/1/156 149/1/156 107/1/156
f 108/1/157 151/1/157 110/1/157
f 117/1/158 161/1/158 159/1/158
f 118/1/159 161/1/159 120/1/159
f 130/1/160 168/1/160 127/1/160
f 128/1/161 174/1/161 130/1/161
f 168/1/162 93/1/162 127/1/162
f 94/1/163 109/1/163 119/1/163
f 135/1/164 101/1/164 95/1/164
f 142/1/165 108/1/165 100/1/165
f 149/1/166 114/1/166 107/1/166
f 155/1/167 118/1/167 114/1/167
f 159/1/168 124/1/168 117/1/168
f 165/1/169 128/1/169 124/1/169
f 169/1/170 160/1/170 150/1/170
f 361/1/279 363/1/279 362/1/279
f 376/1/280 378/1/280 377/1/280
f 383/1/281 385/1/281 384/1/281
f 398/1/282 400/1/282 399/1/282
f 401/1/283 403/1/283 402/1/283
f 416/1/284 418/1/284 417/1/284
f 423/1/285 425/1/285 424/1/285
f 438/1/286 440/1/286 439/1/286
f 361/1/287 379/1/287 363/1/287
f 362/1/288 365/1/288 364/1/288
f 364/1/289 367/1/289 366/1/289
f 367/1/290 368/1/290 366/1/290
f 369/1/291 370/1/291 368/1/291
f 370/1/292 373/1/292 372/1/292
f 372/1/293 375/1/293 374/1/293
f 374/1/294 378/1/294 376/1/294
f 378/1/295 381/1/295 377/1/295
f 379/1/296 383/1/296 384/1/296
f 385/1/297 386/1/297 384/1/297
f 387/1/298 388/1/298 386/1/298
f 388/1/299 391/1/299 390/1/299
f 390/1/300 393/1/300 392/1/300
f 392/1/301 395/1/301 394/1/301
f 395/1/302 396/1/302 394/1/302
f 381/1/303 400/1/303 398/1/303
f 397/1/304 400/1/304 396/1/304
f 402/1/305 419/1/305 401/1/305
f 402/1/306 405/1/306 404/1/306
f 404/1/307 407/1/307 406/1/307
f 407/1/308 408/1/308 406/1/308
f 409/1/309 410/1/309 408/1/309
f 411/1/310 412/1/310 410/1/310
f 413/1/311 414/1/311 412/1/311
f 415/1/312 417/1/312 414/1/312
f 418/1/313 421/1/313 417/1/313
f 419/1/314 425/1/314 423/1/314
f 425/1/315 426/1/315 424/1/315
f 427/1/316 428/1/316 426/1/316
f 429/1/317 430/1/317 428/1/317
f 430/1/318 433/1/318 432/1/318
f 432/1/319 435/1/319 434/1/319
f 434/1/320 437/1/320 436/1/320
f 421/1/321 438/1/321 439/1/321
f 436/1/322 439/1/322 440/1/322
f 361/1/323 403/1/323 401/1/323
f 376/1/324 418/1/324 416/1/324
f 383/1/325 424/1/325 385/1/325
f 399/1/326 438/1/326 398/1/326
f 401/1/327 380/1/327 361/1/327
f 379/1/328 365/1/328 363/1/328
f 364/1/329 403/1/329 362/1/329
f 349/1/330 367/1/330 365/1/330
f 366/1/331 405/1/331 364/1/331
f 350/1/332 369/1/332 367/1/332
f 409/1/333 366/1/333 368/1/333
f 369/1/334 352/1/334 371/1/334
f 411/1/335 368/1/335 370/1/335
f 371/1/336 353/1/336 373/1/336
f 413/1/337 370/1/337 372/1/337
f 373/1/338 354/1/338 375/1/338
f 374/1/339 413/1/339 372/1/339
f 375/1/340 382/1/340 378/1/340
f 416/1/341 374/1/341 376/1/341
f 422/1/342 377/1/342 381/1/342
f 379/1/343 386/1/343 349/1/343
f 380/1/344 423/1/344 383/1/344
f 396/1/345 382/1/345 354/1/345
f 398/1/346 422/1/346 381/1/346
f 424/1/347 387/1/347 385/1/347
f 349/1/348 388/1/348 350/1/348
f 387/1/349 428/1/349 389/1/349
f 350/1/350 390/1/350 351/1/350
f 389/1/162 430/1/162 391/1/162
f 351/1/351 392/1/351 352/1/351
f 430/1/162 393/1/162 391/1/162
f 392/1/352 353/1/352 352/1/352
f 393/1/353 434/1/353 395/1/353
f 394/1/354 354/1/354 353/1/354
f 434/1/355 397/1/355 395/1/355
f 436/1/356 399/1/356 397/1/356
f 404/1/357 420/1/357 402/1/357
f 406/1/358 355/1/358 404/1/358
f 408/1/359 356/1/359 406/1/359
f 408/1/360 358/1/360 357/1/360
f 410/1/361 359/1/361 358/1/361
f 412/1/362 360/1/362 359/1/362
f 414/1/363 421/1/363 360/1/363
f 420/1/364 427/1/364 425/1/364
f 421/1/365 437/1/365 360/1/365
f 355/1/366 429/1/366 427/1/366
f 356/1/367 431/1/367 429/1/367
f 357/1/368 433/1/368 431/1/368
f 359/1/369 433/1/369 358/1/369
f 360/1/370 435/1/370 359/1/370
f 441/1/94 445/1/94 444/1/94
f 442/1/265 445/1/265 446/1/265
f 443/1/266 445/1/266 447/1/266
f 448/1/97 452/1/97 451/1/97
f 449/1/98 452/1/98 453/1/98
f 450/1/371 452/1/371 454/1/371
f 455/1/100 459/1/100 458/1/100
f 456/1/101 459/1/101 460/1/101
f 457/1/102 459/1/102 461/1/102
f 465/1/267 469/1/267 468/1/267
f 466/1/268 469/1/268 470/1/268
f 467/1/105 469/1/105 471/1/105
f 475/1/269 479/1/269 478/1/269
f 476/1/107 479/1/107 480/1/107
f 477/1/108 479/1/108 481/1/108
f 482/1/109 486/1/109 485/1/109
f 483/1/110 486/1/110 487/1/110
f 484/1/111 486/1/111 488/1/111
f 489/1/112 493/1/112 492/1/112
f 490/1/113 493/1/113 494/1/113
f 491/1/114 493/1/114 495/1/114
f 496/1/115 500/1/115 499/1/115
f 497/1/116 500/1/116 501/1/116
f 498/1/117 500/1/117 502/1/117
f 506/1/272 510/1/272 509/1/272
f 507/1/273 510/1/273 511/1/273
f 508/1/120 510/1/120 512/1/120
f 516/1/121 520/1/121 519/1/121
f 517/1/122 520/1/122 521/1/122
f 518/1/123 520/1/123 522/1/123
f 444/1/124 475/1/124 441/1/124
f 442/1/125 481/1/125 444/1/125
f 473/1/274 480/1/274 477/1/274
f 474/1/127 476/1/127 480/1/127
f 471/1/128 473/1/128 467/1/128
f 465/1/275 474/1/275 471/1/275
f 463/1/130 470/1/130 467/1/130
f 464/1/131 466/1/131 470/1/131
f 461/1/132 463/1/132 457/1/132
f 455/1/133 464/1/133 461/1/133
f 450/1/134 460/1/134 457/1/134
f 454/1/135 456/1/135 460/1/135
f 446/1/136 450/1/136 442/1/136
f 443/1/137 453/1/137 446/1/137
f 484/1/138 519/1/138 517/1/138
f 488/1/139 516/1/139 519/1/139
f 487/1/140 489/1/140 483/1/140
f 487/1/141 491/1/141 495/1/141
f 494/1/142 496/1/142 490/1/142
f 491/1/143 502/1/143 494/1/143
f 497/1/144 505/1/144 503/1/144
f 501/1/145 504/1/145 505/1/145
f 505/1/276 506/1/276 503/1/276
f 504/1/147 512/1/147 505/1/147
f 507/1/148 515/1/148 513/1/148
f 511/1/149 514/1/149 515/1/149
f 515/1/150 518/1/150 513/1/150
f 514/1/151 521/1/151 515/1/151
f 447/1/152 483/1/152 443/1/152
f 441/1/277 485/1/277 447/1/277
f 451/1/154 490/1/154 448/1/154
f 449/1/155 492/1/155 451/1/155
f 458/1/156 497/1/156 455/1/156
f 456/1/157 499/1/157 458/1/157
f 468/1/158 507/1/158 465/1/158
f 466/1/159 509/1/159 468/1/159
f 478/1/160 516/1/160 475/1/160
f 476/1/161 522/1/161 478/1/161
f 516/1/162 441/1/162 475/1/162
f 442/1/163 457/1/163 467/1/163
f 483/1/164 449/1/164 443/1/164
f 490/1/165 456/1/165 448/1/165
f 497/1/166 462/1/166 455/1/166
f 503/1/167 466/1/167 462/1/167
f 507/1/168 472/1/168 465/1/168
f 513/1/278 476/1/278 472/1/278
f 517/1/170 508/1/170 498/1/170
f 709/1/474 711/1/474 710/1/474
f 724/1/475 726/1/475 725/1/475
f 731/1/476 733/1/476 732/1/476
f 746/1/477 748/1/477 747/1/477
f 749/1/478 751/1/478 750/1/478
f 764/1/479 766/1/479 765/1/479
f 771/1/480 773/1/480 772/1/480
f 786/1/481 788/1/481 787/1/481
f 709/1/482 727/1/482 711/1/482
f 710/1/483 713/1/483 712/1/483
f 712/1/484 715/1/484 714/1/484
f 715/1/485 716/1/485 714/1/485
f 717/1/486 718/1/486 716/1/486
f 718/1/487 721/1/487 720/1/487
f 720/1/488 723/1/488 722/1/488
f 722/1/489 726/1/489 724/1/489
f 726/1/490 729/1/490 725/1/490
f 727/1/491 731/1/491 732/1/491
f 733/1/492 734/1/492 732/1/492
f 735/1/493 736/1/493 734/1/493
f 736/1/494 739/1/494 738/1/494
f 738/1/495 741/1/495 740/1/495
f 740/1/496 743/1/496 742/1/496
f 743/1/497 744/1/497 742/1/497
f 729/1/498 748/1/498 746/1/498
f 745/1/499 748/1/499 744/1/499
f 750/1/500 767/1/500 749/1/500
f 750/1/501 753/1/501 752/1/501
f 752/1/502 755/1/502 754/1/502
f 755/1/503 756/1/503 754/1/503
f 757/1/504 758/1/504 756/1/504
f 759/1/505 760/1/505 758/1/505
f 761/1/506 762/1/506 760/1/506
f 763/1/507 765/1/507 762/1/507
f 766/1/508 769/1/508 765/1/508
f 767/1/509 773/1/509 771/1/509
f 773/1/510 774/1/510 772/1/510
f 775/1/511 776/1/511 774/1/511
f 777/1/512 778/1/512 776/1/512
f 778/1/513 781/1/513 780/1/513
f 780/1/514 783/1/514 782/1/514
f 782/1/515 785/1/515 784/1/515
f 769/1/516 786/1/516 787/1/516
f 784/1/517 787/1/517 788/1/517
f 709/1/518 751/1/518 749/1/518
f 724/1/519 766/1/519 764/1/519
f 731/1/520 772/1/520 733/1/520
f 747/1/521 786/1/521 746/1/521
f 749/1/522 728/1/522 709/1/522
f 727/1/523 713/1/523 711/1/523
f 753/1/524 710/1/524 712/1/524
f 697/1/525 715/1/525 713/1/525
f 755/1/526 712/1/526 714/1/526
f 698/1/527 717/1/527 715/1/527
f 716/1/528 755/1/528 714/1/528
f 717/1/529 700/1/529 719/1/529
f 759/1/530 716/1/530 718/1/530
f 719/1/531 701/1/531 721/1/531
f 720/1/532 759/1/532 718/1/532
f 721/1/533 702/1/533 723/1/533
f 763/1/534 720/1/534 722/1/534
f 723/1/535 730/1/535 726/1/535
f 724/1/536 763/1/536 722/1/536
f 770/1/537 725/1/537 729/1/537
f 727/1/538 734/1/538 697/1/538
f 728/1/539 771/1/539 731/1/539
f 744/1/540 730/1/540 702/1/540
f 746/1/541 770/1/541 729/1/541
f 772/1/542 735/1/542 733/1/542
f 697/1/543 736/1/543 698/1/543
f 735/1/544 776/1/544 737/1/544
f 698/1/545 738/1/545 699/1/545
f 737/1/546 778/1/546 739/1/546
f 699/1/547 740/1/547 700/1/547
f 778/1/548 741/1/548 739/1/548
f 740/1/549 701/1/549 700/1/549
f 780/1/550 743/1/550 741/1/550
f 742/1/551 702/1/551 701/1/551
f 743/1/552 784/1/552 745/1/552
f 745/1/553 788/1/553 747/1/553
f 752/1/554 768/1/554 750/1/554
f 754/1/555 703/1/555 752/1/555
f 756/1/556 704/1/556 754/1/556
f 756/1/557 706/1/557 705/1/557
f 758/1/558 707/1/558 706/1/558
f 760/1/559 708/1/559 707/1/559
f 762/1/560 769/1/560 708/1/560
f 768/1/561 775/1/561 773/1/561
f 769/1/562 785/1/562 708/1/562
f 703/1/563 777/1/563 775/1/563
f 704/1/564 779/1/564 777/1/564
f 705/1/565 781/1/565 779/1/565
f 707/1/566 781/1/566 706/1/566
f 708/1/567 783/1/567 707/1/567
f 789/1/568 793/1/568 792/1/568
f 790/1/265 793/1/265 794/1/265
f 791/1/466 793/1/466 795/1/466
f 796/1/97 800/1/97 799/1/97
f 797/1/98 800/1/98 801/1/98
f 798/1/371 800/1/371 802/1/371
f 803/1/100 807/1/100 806/1/100
f 804/1/101 807/1/101 808/1/101
f 805/1/102 807/1/102 809/1/102
f 813/1/267 817/1/267 816/1/267
f 814/1/467 817/1/467 818/1/467
f 815/1/105 817/1/105 819/1/105
f 823/1/269 827/1/269 826/1/269
f 824/1/569 827/1/569 828/1/569
f 825/1/270 827/1/270 829/1/270
f 830/1/109 834/1/109 833/1/109
f 831/1/110 834/1/110 835/1/110
f 832/1/111 834/1/111 836/1/111
f 837/1/112 841/1/112 840/1/112
f 838/1/469 841/1/469 842/1/469
f 839/1/114 841/1/114 843/1/114
f 844/1/115 848/1/115 847/1/115
f 845/1/116 848/1/116 849/1/116
f 846/1/117 848/1/117 850/1/117
f 854/1/272 858/1/272 857/1/272
f 855/1/471 858/1/471 859/1/471
f 856/1/120 858/1/120 860/1/120
f 864/1/121 868/1/121 867/1/121
f 865/1/122 868/1/122 869/1/122
f 866/1/123 868/1/123 870/1/123
f 792/1/124 823/1/124 789/1/124
f 790/1/125 829/1/125 792/1/125
f 821/1/274 828/1/274 825/1/274
f 822/1/127 824/1/127 828/1/127
f 819/1/128 821/1/128 815/1/128
f 813/1/129 822/1/129 819/1/129
f 811/1/130 818/1/130 815/1/130
f 812/1/472 814/1/472 818/1/472
f 809/1/570 811/1/570 805/1/570
f 803/1/133 812/1/133 809/1/133
f 798/1/134 808/1/134 805/1/134
f 802/1/135 804/1/135 808/1/135
f 794/1/136 798/1/136 790/1/136
f 791/1/137 801/1/137 794/1/137
f 832/1/138 867/1/138 865/1/138
f 836/1/139 864/1/139 867/1/139
f 835/1/140 837/1/140 831/1/140
f 832/1/141 843/1/141 835/1/141
f 842/1/142 844/1/142 838/1/142
f 839/1/143 850/1/143 842/1/143
f 845/1/144 853/1/144 851/1/144
f 849/1/145 852/1/145 853/1/145
f 853/1/146 854/1/146 851/1/146
f 852/1/147 860/1/147 853/1/147
f 855/1/473 863/1/473 861/1/473
f 859/1/149 862/1/149 863/1/149
f 863/1/150 866/1/150 861/1/150
f 862/1/151 869/1/151 863/1/151
f 791/1/152 833/1/152 831/1/152
f 789/1/277 833/1/277 795/1/277
f 799/1/154 838/1/154 796/1/154
f 797/1/155 840/1/155 799/1/155
f 806/1/156 845/1/156 803/1/156
f 804/1/157 847/1/157 806/1/157
f 816/1/158 855/1/158 813/1/158
f 814/1/159 857/1/159 816/1/159
f 826/1/160 864/1/160 823/1/160
f 824/1/161 870/1/161 826/1/161
f 864/1/162 789/1/162 823/1/162
f 790/1/163 805/1/163 815/1/163
f 831/1/164 797/1/164 791/1/164
f 838/1/165 804/1/165 796/1/165
f 845/1/166 810/1/166 803/1/166
f 851/1/167 814/1/167 810/1/167
f 813/1/168 861/1/168 820/1/168
f 861/1/278 824/1/278 820/1/278
f 865/1/170 856/1/170 846/1/170
f 1057/1/664 1059/1/664 1058/1/664
f 1072/1/665 1074/1/665 1073/1/665
f 1079/1/666 1081/1/666 1080/1/666
f 1094/1/667 1096/1/667 1095/1/667
f 1097/1/668 1099/1/668 1098/1/668
f 1112/1/669 1114/1/669 1113/1/669
f 1119/1/670 1121/1/670 1120/1/670
f 1134/1/671 1136/1/671 1135/1/671
f 1057/1/672 1075/1/672 1059/1/672
f 1058/1/673 1061/1/673 1060/1/673
f 1060/1/674 1063/1/674 1062/1/674
f 1063/1/675 1064/1/675 1062/1/675
f 1065/1/676 1066/1/676 1064/1/676
f 1067/1/677 1068/1/677 1066/1/677
f 1068/1/678 1071/1/678 1070/1/678
f 1070/1/679 1074/1/679 1072/1/679
f 1074/1/680 1077/1/680 1073/1/680
f 1075/1/681 1079/1/681 1080/1/681
f 1081/1/682 1082/1/682 1080/1/682
f 1083/1/683 1084/1/683 1082/1/683
f 1084/1/684 1087/1/684 1086/1/684
f 1086/1/685 1089/1/685 1088/1/685
f 1089/1/686 1090/1/686 1088/1/686
f 1091/1/687 1092/1/687 1090/1/687
f 1077/1/688 1096/1/688 1094/1/688
f 1093/1/689 1096/1/689 1092/1/689
f 1098/1/690 1115/1/690 1097/1/690
f 1098/1/691 1101/1/691 1100/1/691
f 1100/1/692 1103/1/692 1102/1/692
f 1102/1/693 1105/1/693 1104/1/693
f 1105/1/694 1106/1/694 1104/1/694
f 1107/1/695 1108/1/695 1106/1/695
f 1109/1/696 1110/1/696 1108/1/696
f 1111/1/697 1113/1/697 1110/1/697
f 1114/1/698 1117/1/698 1113/1/698
f 1115/1/699 1121/1/699 1119/1/699
f 1121/1/700 1122/1/700 1120/1/700
f 1123/1/701 1124/1/701 1122/1/701
f 1124/1/702 1127/1/702 1126/1/702
f 1126/1/703 1129/1/703 1128/1/703
f 1128/1/704 1131/1/704 1130/1/704
f 1130/1/705 1133/1/705 1132/1/705
f 1117/1/706 1134/1/706 1135/1/706
f 1132/1/707 1135/1/707 1136/1/707
f 1057/1/708 1099/1/708 1097/1/708
f 1072/1/709 1114/1/709 1112/1/709
f 1079/1/710 1120/1/710 1081/1/710
f 1095/1/711 1134/1/711 1094/1/711
f 1097/1/712 1076/1/712 1057/1/712
f 1075/1/713 1061/1/713 1059/1/713
f 1060/1/714 1099/1/714 1058/1/714
f 1045/1/715 1063/1/715 1061/1/715
f 1062/1/716 1101/1/716 1060/1/716
f 1046/1/717 1065/1/717 1063/1/717
f 1064/1/718 1103/1/718 1062/1/718
f 1047/1/719 1067/1/719 1065/1/719
f 1107/1/720 1064/1/720 1066/1/720
f 1067/1/721 1049/1/721 1069/1/721
f 1109/1/722 1066/1/722 1068/1/722
f 1069/1/723 1050/1/723 1071/1/723
f 1111/1/724 1068/1/724 1070/1/724
f 1071/1/725 1078/1/725 1074/1/725
f 1112/1/726 1070/1/726 1072/1/726
f 1118/1/727 1073/1/727 1077/1/727
f 1075/1/728 1082/1/728 1045/1/728
f 1076/1/729 1119/1/729 1079/1/729
f 1092/1/730 1078/1/730 1050/1/730
f 1094/1/731 1118/1/731 1077/1/731
f 1120/1/732 1083/1/732 1081/1/732
f 1045/1/733 1084/1/733 1046/1/733
f 1083/1/734 1124/1/734 1085/1/734
f 1046/1/735 1086/1/735 1047/1/735
f 1124/1/736 1087/1/736 1085/1/736
f 1086/1/737 1048/1/737 1047/1/737
f 1126/1/738 1089/1/738 1087/1/738
f 1088/1/739 1049/1/739 1048/1/739
f 1089/1/740 1130/1/740 1091/1/740
f 1090/1/741 1050/1/741 1049/1/741
f 1130/1/742 1093/1/742 1091/1/742
f 1132/1/743 1095/1/743 1093/1/743
f 1100/1/744 1116/1/744 1098/1/744
f 1102/1/745 1051/1/745 1100/1/745
f 1104/1/746 1052/1/746 1102/1/746
f 1106/1/747 1053/1/747 1104/1/747
f 1106/1/748 1055/1/748 1054/1/748
f 1108/1/749 1056/1/749 1055/1/749
f 1110/1/750 1117/1/750 1056/1/750
f 1116/1/751 1123/1/751 1121/1/751
f 1117/1/752 1133/1/752 1056/1/752
f 1051/1/753 1125/1/753 1123/1/753
f 1052/1/754 1127/1/754 1125/1/754
f 1054/1/755 1127/1/755 1053/1/755
f 1055/1/756 1129/1/756 1054/1/756
f 1056/1/757 1131/1/757 1055/1/757
f 1137/1/568 1141/1/568 1140/1/568
f 1138/1/265 1141/1/265 1142/1/265
f 1139/1/466 1141/1/466 1143/1/466
f 1144/1/97 1148/1/97 1147/1/97
f 1145/1/98 1148/1/98 1149/1/98
f 1146/1/371 1148/1/371 1150/1/371
f 1151/1/100 1155/1/100 1154/1/100
f 1152/1/101 1155/1/101 1156/1/101
f 1153/1/102 1155/1/102 1157/1/102
f 1161/1/267 1165/1/267 1164/1/267
f 1162/1/467 1165/1/467 1166/1/467
f 1163/1/105 1165/1/105 1167/1/105
f 1171/1/269 1175/1/269 1174/1/269
f 1172/1/569 1175/1/569 1176/1/569
f 1173/1/270 1175/1/270 1177/1/270
f 1178/1/109 1182/1/109 1181/1/109
f 1179/1/110 1182/1/110 1183/1/110
f 1180/1/111 1182/1/111 1184/1/111
f 1185/1/112 1189/1/112 1188/1/112
f 1186/1/113 1189/1/113 1190/1/113
f 1187/1/114 1189/1/114 1191/1/114
f 1192/1/115 1196/1/115 1195/1/115
f 1193/1/116 1196/1/116 1197/1/116
f 1194/1/117 1196/1/117 1198/1/117
f 1202/1/272 1206/1/272 1205/1/272
f 1203/1/471 1206/1/471 1207/1/471
f 1204/1/120 1206/1/120 1208/1/120
f 1212/1/121 1216/1/121 1215/1/121
f 1213/1/122 1216/1/122 1217/1/122
f 1214/1/123 1216/1/123 1218/1/123
f 1140/1/124 1171/1/124 1137/1/124
f 1138/1/125 1177/1/125 1140/1/125
f 1169/1/274 1176/1/274 1173/1/274
f 1170/1/127 1172/1/127 1176/1/127
f 1167/1/128 1169/1/128 1163/1/128
f 1161/1/275 1170/1/275 1167/1/275
f 1159/1/130 1166/1/130 1163/1/130
f 1160/1/472 1162/1/472 1166/1/472
f 1157/1/132 1159/1/132 1153/1/132
f 1151/1/133 1160/1/133 1157/1/133
f 1146/1/134 1156/1/134 1153/1/134
f 1150/1/135 1152/1/135 1156/1/135
f 1142/1/136 1146/1/136 1138/1/136
f 1139/1/137 1149/1/137 1142/1/137
f 1180/1/138 1215/1/138 1213/1/138
f 1184/1/139 1212/1/139 1215/1/139
f 1183/1/140 1185/1/140 1179/1/140
f 1183/1/141 1187/1/141 1191/1/141
f 1190/1/142 1192/1/142 1186/1/142
f 1187/1/143 1198/1/143 1190/1/143
f 1193/1/144 1201/1/144 1199/1/144
f 1197/1/145 1200/1/145 1201/1/145
f 1201/1/146 1202/1/146 1199/1/146
f 1200/1/147 1208/1/147 1201/1/147
f 1203/1/473 1211/1/473 1209/1/473
f 1207/1/149 1210/1/149 1211/1/149
f 1211/1/150 1214/1/150 1209/1/150
f 1210/1/151 1217/1/151 1211/1/151
f 1143/1/152 1179/1/152 1139/1/152
f 1137/1/277 1181/1/277 1143/1/277
f 1147/1/154 1186/1/154 1144/1/154
f 1145/1/155 1188/1/155 1147/1/155
f 1154/1/156 1193/1/156 1151/1/156
f 1152/1/157 1195/1/157 1154/1/157
f 1164/1/158 1203/1/158 1161/1/158
f 1162/1/159 1205/1/159 1164/1/159
f 1174/1/160 1212/1/160 1171/1/160
f 1172/1/161 1218/1/161 1174/1/161
f 1212/1/162 1137/1/162 1171/1/162
f 1138/1/163 1153/1/163 1163/1/163
f 1179/1/164 1145/1/164 1139/1/164
f 1186/1/165 1152/1/165 1144/1/165
f 1193/1/166 1158/1/166 1151/1/166
f 1199/1/167 1162/1/167 1158/1/167
f 1203/1/168 1168/1/168 1161/1/168
f 1209/1/278 1172/1/278 1168/1/278
f 1213/1/170 1204/1/170 1194/1/170
f 1405/1/851 1407/1/851 1406/1/851
f 1420/1/852 1422/1/852 1421/1/852
f 1427/1/853 1429/1/853 1428/1/853
f 1442/1/854 1444/1/854 1443/1/854
f 1445/1/855 1447/1/855 1446/1/855
f 1460/1/856 1462/1/856 1461/1/856
f 1467/1/857 1469/1/857 1468/1/857
f 1482/1/858 1484/1/858 1483/1/858
f 1405/1/859 1423/1/859 1407/1/859
f 1406/1/860 1409/1/860 1408/1/860
f 1408/1/861 1411/1/861 1410/1/861
f 1411/1/862 1412/1/862 1410/1/862
f 1413/1/863 1414/1/863 1412/1/863
f 1415/1/864 1416/1/864 1414/1/864
f 1416/1/865 1419/1/865 1418/1/865
f 1418/1/866 1422/1/866 1420/1/866
f 1422/1/867 1425/1/867 1421/1/867
f 1423/1/868 1427/1/868 1428/1/868
f 1429/1/869 1430/1/869 1428/1/869
f 1431/1/870 1432/1/870 1430/1/870
f 1432/1/871 1435/1/871 1434/1/871
f 1434/1/872 1437/1/872 1436/1/872
f 1437/1/873 1438/1/873 1436/1/873
f 1439/1/874 1440/1/874 1438/1/874
f 1425/1/875 1444/1/875 1442/1/875
f 1441/1/876 1444/1/876 1440/1/876
f 1446/1/877 1463/1/877 1445/1/877
f 1446/1/878 1449/1/878 1448/1/878
f 1448/1/879 1451/1/879 1450/1/879
f 1450/1/880 1453/1/880 1452/1/880
f 1453/1/881 1454/1/881 1452/1/881
f 1455/1/882 1456/1/882 1454/1/882
f 1457/1/883 1458/1/883 1456/1/883
f 1459/1/884 1461/1/884 1458/1/884
f 1462/1/885 1465/1/885 1461/1/885
f 1463/1/886 1469/1/886 1467/1/886
f 1469/1/887 1470/1/887 1468/1/887
f 1471/1/888 1472/1/888 1470/1/888
f 1472/1/889 1475/1/889 1474/1/889
f 1474/1/890 1477/1/890 1476/1/890
f 1476/1/891 1479/1/891 1478/1/891
f 1478/1/892 1481/1/892 1480/1/892
f 1465/1/893 1482/1/893 1483/1/893
f 1480/1/894 1483/1/894 1484/1/894
f 1405/1/895 1447/1/895 1445/1/895
f 1420/1/896 1462/1/896 1460/1/896
f 1427/1/897 1468/1/897 1429/1/897
f 1443/1/898 1482/1/898 1442/1/898
f 1445/1/899 1424/1/899 1405/1/899
f 1423/1/900 1409/1/900 1407/1/900
f 1449/1/901 1406/1/901 1408/1/901
f 1393/1/902 1411/1/902 1409/1/902
f 1410/1/903 1449/1/903 1408/1/903
f 1394/1/904 1413/1/904 1411/1/904
f 1412/1/905 1451/1/905 1410/1/905
f 1395/1/906 1415/1/906 1413/1/906
f 1414/1/243 1453/1/243 1412/1/243
f 1415/1/907 1397/1/907 1417/1/907
f 1416/1/908 1455/1/908 1414/1/908
f 1417/1/909 1398/1/909 1419/1/909
f 1459/1/910 1416/1/910 1418/1/910
f 1419/1/911 1426/1/911 1422/1/911
f 1420/1/912 1459/1/912 1418/1/912
f 1466/1/913 1421/1/913 1425/1/913
f 1423/1/914 1430/1/914 1393/1/914
f 1424/1/915 1467/1/915 1427/1/915
f 1440/1/916 1426/1/916 1398/1/916
f 1442/1/917 1466/1/917 1425/1/917
f 1468/1/918 1431/1/918 1429/1/918
f 1393/1/919 1432/1/919 1394/1/919
f 1470/1/920 1433/1/920 1431/1/920
f 1394/1/921 1434/1/921 1395/1/921
f 1472/1/922 1435/1/922 1433/1/922
f 1434/1/923 1396/1/923 1395/1/923
f 1435/1/924 1476/1/924 1437/1/924
f 1436/1/925 1397/1/925 1396/1/925
f 1437/1/926 1478/1/926 1439/1/926
f 1438/1/927 1398/1/927 1397/1/927
f 1439/1/928 1480/1/928 1441/1/928
f 1441/1/929 1484/1/929 1443/1/929
f 1448/1/930 1464/1/930 1446/1/930
f 1450/1/931 1399/1/931 1448/1/931
f 1452/1/932 1400/1/932 1450/1/932
f 1454/1/933 1401/1/933 1452/1/933
f 1454/1/934 1403/1/934 1402/1/934
f 1456/1/935 1404/1/935 1403/1/935
f 1458/1/936 1465/1/936 1404/1/936
f 1464/1/937 1471/1/937 1469/1/937
f 1465/1/938 1481/1/938 1404/1/938
f 1399/1/939 1473/1/939 1471/1/939
f 1400/1/940 1475/1/940 1473/1/940
f 1402/1/941 1475/1/941 1401/1/941
f 1403/1/942 1477/1/942 1402/1/942
f 1404/1/943 1479/1/943 1403/1/943
f 1485/1/94 1489/1/94 1488/1/94
f 1486/1/265 1489/1/265 1490/1/265
f 1487/1/266 1489/1/266 1491/1/266
f 1492/1/97 1496/1/97 1495/1/97
f 1493/1/98 1496/1/98 1497/1/98
f 1494/1/99 1496/1/99 1498/1/99
f 1499/1/100 1503/1/100 1502/1/100
f 1500/1/101 1503/1/101 1504/1/101
f 1501/1/102 1503/1/102 1505/1/102
f 1509/1/267 1513/1/267 1512/1/267
f 1510/1/268 1513/1/268 1514/1/268
f 1511/1/105 1513/1/105 1515/1/105
f 1519/1/269 1523/1/269 1522/1/269
f 1520/1/107 1523/1/107 1524/1/107
f 1521/1/108 1523/1/108 1525/1/108
f 1526/1/109 1530/1/109 1529/1/109
f 1527/1/110 1530/1/110 1531/1/110
f 1528/1/111 1530/1/111 1532/1/111
f 1533/1/112 1537/1/112 1536/1/112
f 1534/1/113 1537/1/113 1538/1/113
f 1535/1/114 1537/1/114 1539/1/114
f 1540/1/115 1544/1/115 1543/1/115
f 1541/1/116 1544/1/116 1545/1/116
f 1542/1/117 1544/1/117 1546/1/117
f 1550/1/272 1554/1/272 1553/1/272
f 1551/1/273 1554/1/273 1555/1/273
f 1552/1/120 1554/1/120 1556/1/120
f 1560/1/121 1564/1/121 1563/1/121
f 1561/1/122 1564/1/122 1565/1/122
f 1562/1/123 1564/1/123 1566/1/123
f 1488/1/124 1519/1/124 1485/1/124
f 1486/1/125 1525/1/125 1488/1/125
f 1517/1/274 1524/1/274 1521/1/274
f 1518/1/127 1520/1/127 1524/1/127
f 1515/1/128 1517/1/128 1511/1/128
f 1509/1/275 1518/1/275 1515/1/275
f 1507/1/130 1514/1/130 1511/1/130
f 1508/1/131 1510/1/131 1514/1/131
f 1505/1/132 1507/1/132 1501/1/132
f 1499/1/133 1508/1/133 1505/1/133
f 1494/1/134 1504/1/134 1501/1/134
f 1498/1/135 1500/1/135 1504/1/135
f 1490/1/136 1494/1/136 1486/1/136
f 1487/1/137 1497/1/137 1490/1/137
f 1528/1/138 1563/1/138 1561/1/138
f 1532/1/139 1560/1/139 1563/1/139
f 1531/1/140 1533/1/140 1527/1/140
f 1528/1/141 1539/1/141 1531/1/141
f 1538/1/142 1540/1/142 1534/1/142
f 1535/1/143 1546/1/143 1538/1/143
f 1541/1/144 1549/1/144 1547/1/144
f 1545/1/145 1548/1/145 1549/1/145
f 1549/1/276 1550/1/276 1547/1/276
f 1548/1/147 1556/1/147 1549/1/147
f 1551/1/148 1559/1/148 1557/1/148
f 1555/1/149 1558/1/149 1559/1/149
f 1559/1/150 1562/1/150 1557/1/150
f 1558/1/151 1565/1/151 1559/1/151
f 1491/1/152 1527/1/152 1487/1/152
f 1485/1/277 1529/1/277 1491/1/277
f 1495/1/154 1534/1/154 1492/1/154
f 1493/1/155 1536/1/155 1495/1/155
f 1502/1/156 1541/1/156 1499/1/156
f 1500/1/157 1543/1/157 1502/1/157
f 1512/1/158 1551/1/158 1509/1/158
f 1510/1/159 1553/1/159 1512/1/159
f 1522/1/160 1560/1/160 1519/1/160
f 1520/1/161 1566/1/161 1522/1/161
f 1560/1/162 1485/1/162 1519/1/162
f 1486/1/163 1501/1/163 1511/1/163
f 1527/1/164 1493/1/164 1487/1/164
f 1534/1/165 1500/1/165 1492/1/165
f 1541/1/166 1506/1/166 1499/1/166
f 1547/1/167 1510/1/167 1506/1/167
f 1551/1/168 1516/1/168 1509/1/168
f 1557/1/278 1520/1/278 1516/1/278
f 1561/1/170 1552/1/170 1542/1/170
f 13/1/1091 32/1/1091 31/1/1091
f 14/1/1092 15/1/1092 17/1/1092
f 16/1/1093 17/1/1093 19/1/1093
f 19/1/1094 21/1/1094 20/1/1094
f 21/1/1095 23/1/1095 22/1/1095
f 22/1/1096 23/1/1096 25/1/1096
f 24/1/1097 25/1/1097 27/1/1097
f 26/1/1098 27/1/1098 30/1/1098
f 30/1/1099 34/1/1099 33/1/1099
f 31/1/1091 32/1/1091 35/1/1091
f 37/1/1100 39/1/1100 38/1/1100
f 39/1/1101 41/1/1101 40/1/1101
f 40/1/1102 41/1/1102 43/1/1102
f 42/1/1103 43/1/1103 45/1/1103
f 44/1/1104 45/1/1104 47/1/1104
f 47/1/1105 49/1/1105 48/1/1105
f 33/1/1106 34/1/1106 52/1/1106
f 49/1/1107 51/1/1107 52/1/1107
f 54/1/1108 72/1/1108 71/1/1108
f 54/1/1109 55/1/1109 57/1/1109
f 56/1/1110 57/1/1110 59/1/1110
f 59/1/1111 61/1/1111 60/1/1111
f 61/1/1112 63/1/1112 62/1/1112
f 63/1/1113 65/1/1113 64/1/1113
f 65/1/1114 67/1/1114 66/1/1114
f 67/1/1115 68/1/1115 69/1/1115
f 70/1/1116 74/1/1116 73/1/1116
f 71/1/1117 72/1/1117 77/1/1117
f 77/1/1118 79/1/1118 78/1/1118
f 79/1/1119 81/1/1119 80/1/1119
f 81/1/1120 83/1/1120 82/1/1120
f 82/1/1121 83/1/1121 85/1/1121
f 84/1/1122 85/1/1122 87/1/1122
f 86/1/1123 87/1/1123 89/1/1123
f 73/1/1116 74/1/1116 90/1/1116
f 88/1/1124 89/1/1124 91/1/1124
f 13/1/1125 14/1/1125 55/1/1125
f 28/1/1126 29/1/1126 70/1/1126
f 35/1/1127 75/1/1127 76/1/1127
f 51/1/1128 92/1/1128 90/1/1128
f 53/1/1129 71/1/1129 32/1/1129
f 31/1/1130 1/1/1130 17/1/1130
f 57/1/1131 55/1/1131 14/1/1131
f 1/1/1132 2/1/1132 19/1/1132
f 18/1/1133 59/1/1133 57/1/1133
f 2/1/1134 3/1/1134 21/1/1134
f 61/1/1135 59/1/1135 18/1/1135
f 21/1/1136 3/1/1136 4/1/1136
f 63/1/1137 61/1/1137 20/1/1137
f 23/1/1138 4/1/1138 5/1/1138
f 24/1/1139 65/1/1139 63/1/1139
f 25/1/1140 5/1/1140 6/1/1140
f 26/1/1141 67/1/1141 65/1/1141
f 27/1/1142 6/1/1142 34/1/1142
f 68/1/1143 67/1/1143 26/1/1143
f 74/1/1144 70/1/1144 29/1/1144
f 31/1/1145 36/1/1145 38/1/1145
f 32/1/1129 71/1/1129 75/1/1129
f 48/1/1146 52/1/1146 34/1/1146
f 50/1/1147 90/1/1147 74/1/1147
f 76/1/1148 78/1/1148 39/1/1148
f 1/1/1149 38/1/1149 40/1/1149
f 39/1/1150 78/1/1150 80/1/1150
f 2/1/1151 40/1/1151 42/1/1151
f 41/1/1152 80/1/1152 82/1/1152
f 3/1/1153 42/1/1153 44/1/1153
f 82/1/1154 84/1/1154 45/1/1154
f 44/1/1155 46/1/1155 5/1/1155
f 45/1/1156 84/1/1156 86/1/1156
f 46/1/1157 48/1/1157 6/1/1157
f 86/1/1158 88/1/1158 49/1/1158
f 49/1/1159 88/1/1159 92/1/1159
f 56/1/1160 7/1/1160 72/1/1160
f 58/1/1161 8/1/1161 7/1/1161
f 60/1/1162 9/1/1162 8/1/1162
f 60/1/1163 62/1/1163 10/1/1163
f 62/1/1164 64/1/1164 11/1/1164
f 64/1/1165 66/1/1165 12/1/1165
f 66/1/1166 69/1/1166 73/1/1166
f 72/1/1167 7/1/1167 79/1/1167
f 73/1/1168 91/1/1168 89/1/1168
f 7/1/1169 8/1/1169 81/1/1169
f 8/1/1170 9/1/1170 83/1/1170
f 9/1/1171 10/1/1171 85/1/1171
f 11/1/1172 87/1/1172 85/1/1172
f 12/1/1173 89/1/1173 87/1/1173
f 93/1/1174 99/1/1174 97/1/1174
f 94/1/1175 96/1/1175 97/1/1175
f 95/1/1176 98/1/1176 97/1/1176
f 100/1/1177 106/1/1177 104/1/1177
f 101/1/1178 103/1/1178 104/1/1178
f 102/1/1179 105/1/1179 104/1/1179
f 107/1/1180 113/1/1180 111/1/1180
f 108/1/1181 110/1/1181 111/1/1181
f 109/1/1182 112/1/1182 111/1/1182
f 117/1/1183 123/1/1183 121/1/1183
f 118/1/1184 120/1/1184 121/1/1184
f 119/1/1185 122/1/1185 121/1/1185
f 127/1/1186 133/1/1186 131/1/1186
f 128/1/1187 130/1/1187 131/1/1187
f 129/1/1188 132/1/1188 131/1/1188
f 134/1/1189 140/1/1189 138/1/1189
f 135/1/1190 137/1/1190 138/1/1190
f 136/1/1191 139/1/1191 138/1/1191
f 141/1/1192 147/1/1192 145/1/1192
f 142/1/1193 144/1/1193 145/1/1193
f 143/1/1194 146/1/1194 145/1/1194
f 148/1/1195 154/1/1195 152/1/1195
f 149/1/1196 151/1/1196 152/1/1196
f 150/1/1197 153/1/1197 152/1/1197
f 158/1/1198 164/1/1198 162/1/1198
f 159/1/1199 161/1/1199 162/1/1199
f 160/1/1200 163/1/1200 162/1/1200
f 168/1/1201 174/1/1201 172/1/1201
f 169/1/1202 171/1/1202 172/1/1202
f 170/1/1203 173/1/1203 172/1/1203
f 96/1/1204 133/1/1204 127/1/1204
f 94/1/1205 129/1/1205 133/1/1205
f 125/1/1206 126/1/1206 132/1/1206
f 126/1/1207 124/1/1207 128/1/1207
f 123/1/1208 126/1/1208 125/1/1208
f 117/1/1209 124/1/1209 126/1/1209
f 115/1/1210 116/1/1210 122/1/1210
f 116/1/1211 114/1/1211 118/1/1211
f 113/1/1212 116/1/1212 115/1/1212
f 107/1/1213 114/1/1213 116/1/1213
f 102/1/1214 106/1/1214 112/1/1214
f 106/1/1215 100/1/1215 108/1/1215
f 98/1/136 105/1/136 102/1/136
f 98/1/137 95/1/137 101/1/137
f 136/1/1216 140/1/1216 171/1/1216
f 140/1/1217 134/1/1217 168/1/1217
f 139/1/140 147/1/140 141/1/140
f 139/1/141 136/1/141 143/1/141
f 146/1/1218 154/1/1218 148/1/1218
f 143/1/1219 150/1/1219 154/1/1219
f 149/1/1220 153/1/1220 157/1/1220
f 153/1/1221 150/1/1221 156/1/1221
f 157/1/1222 164/1/1222 158/1/1222
f 156/1/1223 160/1/1223 164/1/1223
f 159/1/1224 163/1/1224 167/1/1224
f 163/1/1225 160/1/1225 166/1/1225
f 167/1/1226 173/1/1226 170/1/1226
f 166/1/1227 169/1/1227 173/1/1227
f 99/1/152 137/1/152 135/1/152
f 93/1/277 134/1/277 137/1/277
f 103/1/154 144/1/154 142/1/154
f 101/1/155 141/1/155 144/1/155
f 110/1/156 151/1/156 149/1/156
f 108/1/157 148/1/157 151/1/157
f 117/1/158 120/1/158 161/1/158
f 118/1/159 158/1/159 161/1/159
f 130/1/160 174/1/160 168/1/160
f 128/1/161 170/1/161 174/1/161
f 168/1/162 134/1/162 93/1/162
f 125/1/163 129/1/163 94/1/163
f 94/1/163 102/1/163 109/1/163
f 109/1/163 115/1/163 119/1/163
f 119/1/163 125/1/163 94/1/163
f 135/1/164 141/1/164 101/1/164
f 142/1/165 148/1/165 108/1/165
f 149/1/166 155/1/166 114/1/166
f 155/1/167 158/1/167 118/1/167
f 159/1/168 165/1/168 124/1/168
f 165/1/278 170/1/278 128/1/278
f 143/1/170 136/1/170 169/1/170
f 169/1/170 166/1/170 160/1/170
f 160/1/170 156/1/170 150/1/170
f 150/1/170 143/1/170 169/1/170
f 361/1/1322 380/1/1322 379/1/1322
f 362/1/1323 363/1/1323 365/1/1323
f 364/1/1324 365/1/1324 367/1/1324
f 367/1/1325 369/1/1325 368/1/1325
f 369/1/1326 371/1/1326 370/1/1326
f 370/1/1327 371/1/1327 373/1/1327
f 372/1/1328 373/1/1328 375/1/1328
f 374/1/1329 375/1/1329 378/1/1329
f 378/1/1330 382/1/1330 381/1/1330
f 379/1/1331 380/1/1331 383/1/1331
f 385/1/1332 387/1/1332 386/1/1332
f 387/1/1333 389/1/1333 388/1/1333
f 388/1/1334 389/1/1334 391/1/1334
f 390/1/1335 391/1/1335 393/1/1335
f 392/1/1336 393/1/1336 395/1/1336
f 395/1/1337 397/1/1337 396/1/1337
f 381/1/1338 382/1/1338 400/1/1338
f 397/1/1339 399/1/1339 400/1/1339
f 402/1/1340 420/1/1340 419/1/1340
f 402/1/1341 403/1/1341 405/1/1341
f 404/1/1342 405/1/1342 407/1/1342
f 407/1/1343 409/1/1343 408/1/1343
f 409/1/1344 411/1/1344 410/1/1344
f 411/1/1345 413/1/1345 412/1/1345
f 413/1/1346 415/1/1346 414/1/1346
f 415/1/1347 416/1/1347 417/1/1347
f 418/1/1348 422/1/1348 421/1/1348
f 419/1/1349 420/1/1349 425/1/1349
f 425/1/1350 427/1/1350 426/1/1350
f 427/1/1351 429/1/1351 428/1/1351
f 429/1/1352 431/1/1352 430/1/1352
f 430/1/1353 431/1/1353 433/1/1353
f 432/1/1354 433/1/1354 435/1/1354
f 434/1/1355 435/1/1355 437/1/1355
f 421/1/1356 422/1/1356 438/1/1356
f 436/1/1357 437/1/1357 439/1/1357
f 361/1/1358 362/1/1358 403/1/1358
f 376/1/1359 377/1/1359 418/1/1359
f 383/1/1360 423/1/1360 424/1/1360
f 399/1/1361 440/1/1361 438/1/1361
f 401/1/1362 419/1/1362 380/1/1362
f 379/1/1363 349/1/1363 365/1/1363
f 364/1/1364 405/1/1364 403/1/1364
f 349/1/1365 350/1/1365 367/1/1365
f 366/1/1366 407/1/1366 405/1/1366
f 350/1/1367 351/1/1367 369/1/1367
f 409/1/1368 407/1/1368 366/1/1368
f 369/1/1369 351/1/1369 352/1/1369
f 411/1/1370 409/1/1370 368/1/1370
f 371/1/1371 352/1/1371 353/1/1371
f 413/1/1372 411/1/1372 370/1/1372
f 373/1/1373 353/1/1373 354/1/1373
f 374/1/1374 415/1/1374 413/1/1374
f 375/1/1375 354/1/1375 382/1/1375
f 416/1/1376 415/1/1376 374/1/1376
f 422/1/1377 418/1/1377 377/1/1377
f 379/1/1378 384/1/1378 386/1/1378
f 380/1/1379 419/1/1379 423/1/1379
f 396/1/1380 400/1/1380 382/1/1380
f 398/1/1381 438/1/1381 422/1/1381
f 424/1/1382 426/1/1382 387/1/1382
f 349/1/1383 386/1/1383 388/1/1383
f 387/1/1384 426/1/1384 428/1/1384
f 350/1/1385 388/1/1385 390/1/1385
f 389/1/1386 428/1/1386 430/1/1386
f 351/1/1387 390/1/1387 392/1/1387
f 430/1/1388 432/1/1388 393/1/1388
f 392/1/1389 394/1/1389 353/1/1389
f 393/1/1390 432/1/1390 434/1/1390
f 394/1/1391 396/1/1391 354/1/1391
f 434/1/1392 436/1/1392 397/1/1392
f 436/1/1393 440/1/1393 399/1/1393
f 404/1/1394 355/1/1394 420/1/1394
f 406/1/1395 356/1/1395 355/1/1395
f 408/1/1396 357/1/1396 356/1/1396
f 408/1/1397 410/1/1397 358/1/1397
f 410/1/1398 412/1/1398 359/1/1398
f 412/1/1399 414/1/1399 360/1/1399
f 414/1/1400 417/1/1400 421/1/1400
f 420/1/1401 355/1/1401 427/1/1401
f 421/1/1402 439/1/1402 437/1/1402
f 355/1/1403 356/1/1403 429/1/1403
f 356/1/1404 357/1/1404 431/1/1404
f 357/1/1405 358/1/1405 433/1/1405
f 359/1/1406 435/1/1406 433/1/1406
f 360/1/1407 437/1/1407 435/1/1407
f 441/1/1174 447/1/1174 445/1/1174
f 442/1/1175 444/1/1175 445/1/1175
f 443/1/1176 446/1/1176 445/1/1176
f 448/1/1177 454/1/1177 452/1/1177
f 449/1/1178 451/1/1178 452/1/1178
f 450/1/1179 453/1/1179 452/1/1179
f 455/1/1180 461/1/1180 459/1/1180
f 456/1/1181 458/1/1181 459/1/1181
f 457/1/1182 460/1/1182 459/1/1182
f 465/1/1313 471/1/1313 469/1/1313
f 466/1/1314 468/1/1314 469/1/1314
f 467/1/1185 470/1/1185 469/1/1185
f 475/1/1186 481/1/1186 479/1/1186
f 476/1/1187 478/1/1187 479/1/1187
f 477/1/1188 480/1/1188 479/1/1188
f 482/1/1189 488/1/1189 486/1/1189
f 483/1/1190 485/1/1190 486/1/1190
f 484/1/1191 487/1/1191 486/1/1191
f 489/1/1192 495/1/1192 493/1/1192
f 490/1/1193 492/1/1193 493/1/1193
f 491/1/1408 494/1/1408 493/1/1408
f 496/1/1195 502/1/1195 500/1/1195
f 497/1/1196 499/1/1196 500/1/1196
f 498/1/1197 501/1/1197 500/1/1197
f 506/1/1315 512/1/1315 510/1/1315
f 507/1/1316 509/1/1316 510/1/1316
f 508/1/1200 511/1/1200 510/1/1200
f 516/1/1317 522/1/1317 520/1/1317
f 517/1/1202 519/1/1202 520/1/1202
f 518/1/1203 521/1/1203 520/1/1203
f 444/1/1204 481/1/1204 475/1/1204
f 442/1/1205 477/1/1205 481/1/1205
f 473/1/1206 474/1/1206 480/1/1206
f 474/1/1207 472/1/1207 476/1/1207
f 471/1/1208 474/1/1208 473/1/1208
f 465/1/1319 472/1/1319 474/1/1319
f 463/1/1210 464/1/1210 470/1/1210
f 464/1/1211 462/1/1211 466/1/1211
f 461/1/1212 464/1/1212 463/1/1212
f 455/1/1213 462/1/1213 464/1/1213
f 450/1/1214 454/1/1214 460/1/1214
f 454/1/1215 448/1/1215 456/1/1215
f 446/1/136 453/1/136 450/1/136
f 443/1/137 449/1/137 453/1/137
f 484/1/1216 488/1/1216 519/1/1216
f 488/1/1217 482/1/1217 516/1/1217
f 487/1/140 495/1/140 489/1/140
f 487/1/141 484/1/141 491/1/141
f 494/1/1218 502/1/1218 496/1/1218
f 491/1/1219 498/1/1219 502/1/1219
f 497/1/1220 501/1/1220 505/1/1220
f 501/1/1221 498/1/1221 504/1/1221
f 505/1/1320 512/1/1320 506/1/1320
f 504/1/1223 508/1/1223 512/1/1223
f 507/1/1224 511/1/1224 515/1/1224
f 511/1/1225 508/1/1225 514/1/1225
f 515/1/1226 521/1/1226 518/1/1226
f 514/1/1321 517/1/1321 521/1/1321
f 447/1/152 485/1/152 483/1/152
f 441/1/277 482/1/277 485/1/277
f 451/1/154 492/1/154 490/1/154
f 449/1/155 489/1/155 492/1/155
f 458/1/156 499/1/156 497/1/156
f 456/1/157 496/1/157 499/1/157
f 468/1/158 509/1/158 507/1/158
f 466/1/159 506/1/159 509/1/159
f 478/1/160 522/1/160 516/1/160
f 476/1/161 518/1/161 522/1/161
f 516/1/162 482/1/162 441/1/162
f 473/1/163 477/1/163 442/1/163
f 442/1/163 450/1/163 457/1/163
f 457/1/163 463/1/163 467/1/163
f 467/1/163 473/1/163 442/1/163
f 483/1/164 489/1/164 449/1/164
f 490/1/165 496/1/165 456/1/165
f 497/1/166 503/1/166 462/1/166
f 503/1/167 506/1/167 466/1/167
f 507/1/168 513/1/168 472/1/168
f 513/1/278 518/1/278 476/1/278
f 491/1/170 484/1/170 517/1/170
f 517/1/170 514/1/170 508/1/170
f 508/1/170 504/1/170 498/1/170
f 498/1/170 491/1/170 517/1/170
f 709/1/1496 728/1/1496 727/1/1496
f 710/1/1497 711/1/1497 713/1/1497
f 712/1/1498 713/1/1498 715/1/1498
f 715/1/1499 717/1/1499 716/1/1499
f 717/1/1500 719/1/1500 718/1/1500
f 718/1/1501 719/1/1501 721/1/1501
f 720/1/1502 721/1/1502 723/1/1502
f 722/1/1503 723/1/1503 726/1/1503
f 726/1/1504 730/1/1504 729/1/1504
f 727/1/1496 728/1/1496 731/1/1496
f 733/1/1505 735/1/1505 734/1/1505
f 735/1/1506 737/1/1506 736/1/1506
f 736/1/1507 737/1/1507 739/1/1507
f 738/1/1508 739/1/1508 741/1/1508
f 740/1/1509 741/1/1509 743/1/1509
f 743/1/1510 745/1/1510 744/1/1510
f 729/1/1511 730/1/1511 748/1/1511
f 745/1/1512 747/1/1512 748/1/1512
f 750/1/1513 768/1/1513 767/1/1513
f 750/1/1514 751/1/1514 753/1/1514
f 752/1/1515 753/1/1515 755/1/1515
f 755/1/1516 757/1/1516 756/1/1516
f 757/1/1517 759/1/1517 758/1/1517
f 759/1/1518 761/1/1518 760/1/1518
f 761/1/1519 763/1/1519 762/1/1519
f 763/1/1520 764/1/1520 765/1/1520
f 766/1/1521 770/1/1521 769/1/1521
f 767/1/1522 768/1/1522 773/1/1522
f 773/1/1523 775/1/1523 774/1/1523
f 775/1/1524 777/1/1524 776/1/1524
f 777/1/1525 779/1/1525 778/1/1525
f 778/1/1526 779/1/1526 781/1/1526
f 780/1/1527 781/1/1527 783/1/1527
f 782/1/1528 783/1/1528 785/1/1528
f 769/1/1529 770/1/1529 786/1/1529
f 784/1/1530 785/1/1530 787/1/1530
f 709/1/1531 710/1/1531 751/1/1531
f 724/1/1532 725/1/1532 766/1/1532
f 731/1/1533 771/1/1533 772/1/1533
f 747/1/1534 788/1/1534 786/1/1534
f 749/1/1535 767/1/1535 728/1/1535
f 727/1/1536 697/1/1536 713/1/1536
f 753/1/1537 751/1/1537 710/1/1537
f 697/1/1538 698/1/1538 715/1/1538
f 755/1/1539 753/1/1539 712/1/1539
f 698/1/1540 699/1/1540 717/1/1540
f 716/1/1541 757/1/1541 755/1/1541
f 717/1/1542 699/1/1542 700/1/1542
f 759/1/1543 757/1/1543 716/1/1543
f 719/1/1544 700/1/1544 701/1/1544
f 720/1/1545 761/1/1545 759/1/1545
f 721/1/1546 701/1/1546 702/1/1546
f 763/1/1547 761/1/1547 720/1/1547
f 723/1/1548 702/1/1548 730/1/1548
f 724/1/1549 764/1/1549 763/1/1549
f 770/1/1550 766/1/1550 725/1/1550
f 727/1/1551 732/1/1551 734/1/1551
f 728/1/1552 767/1/1552 771/1/1552
f 744/1/1553 748/1/1553 730/1/1553
f 746/1/1554 786/1/1554 770/1/1554
f 772/1/1555 774/1/1555 735/1/1555
f 697/1/1556 734/1/1556 736/1/1556
f 735/1/1557 774/1/1557 776/1/1557
f 698/1/1558 736/1/1558 738/1/1558
f 737/1/1559 776/1/1559 778/1/1559
f 699/1/1560 738/1/1560 740/1/1560
f 778/1/1561 780/1/1561 741/1/1561
f 740/1/1562 742/1/1562 701/1/1562
f 780/1/1563 782/1/1563 743/1/1563
f 742/1/1564 744/1/1564 702/1/1564
f 743/1/1565 782/1/1565 784/1/1565
f 745/1/1566 784/1/1566 788/1/1566
f 752/1/1567 703/1/1567 768/1/1567
f 754/1/1568 704/1/1568 703/1/1568
f 756/1/1569 705/1/1569 704/1/1569
f 756/1/1570 758/1/1570 706/1/1570
f 758/1/1571 760/1/1571 707/1/1571
f 760/1/1572 762/1/1572 708/1/1572
f 762/1/1573 765/1/1573 769/1/1573
f 768/1/1574 703/1/1574 775/1/1574
f 769/1/1575 787/1/1575 785/1/1575
f 703/1/1576 704/1/1576 777/1/1576
f 704/1/1577 705/1/1577 779/1/1577
f 705/1/1578 706/1/1578 781/1/1578
f 707/1/1579 783/1/1579 781/1/1579
f 708/1/1580 785/1/1580 783/1/1580
f 789/1/1174 795/1/1174 793/1/1174
f 790/1/1175 792/1/1175 793/1/1175
f 791/1/1176 794/1/1176 793/1/1176
f 796/1/1494 802/1/1494 800/1/1494
f 797/1/1178 799/1/1178 800/1/1178
f 798/1/1179 801/1/1179 800/1/1179
f 803/1/1495 809/1/1495 807/1/1495
f 804/1/1181 806/1/1181 807/1/1181
f 805/1/1182 808/1/1182 807/1/1182
f 813/1/1313 819/1/1313 817/1/1313
f 814/1/1314 816/1/1314 817/1/1314
f 815/1/1185 818/1/1185 817/1/1185
f 823/1/1186 829/1/1186 827/1/1186
f 824/1/1187 826/1/1187 827/1/1187
f 825/1/1188 828/1/1188 827/1/1188
f 830/1/1581 836/1/1581 834/1/1581
f 831/1/1190 833/1/1190 834/1/1190
f 832/1/1191 835/1/1191 834/1/1191
f 837/1/1192 843/1/1192 841/1/1192
f 838/1/1193 840/1/1193 841/1/1193
f 839/1/1408 842/1/1408 841/1/1408
f 844/1/1195 850/1/1195 848/1/1195
f 845/1/1196 847/1/1196 848/1/1196
f 846/1/1197 849/1/1197 848/1/1197
f 854/1/1315 860/1/1315 858/1/1315
f 855/1/1316 857/1/1316 858/1/1316
f 856/1/1200 859/1/1200 858/1/1200
f 864/1/1317 870/1/1317 868/1/1317
f 865/1/1318 867/1/1318 868/1/1318
f 866/1/1582 869/1/1582 868/1/1582
f 792/1/1204 829/1/1204 823/1/1204
f 790/1/1205 825/1/1205 829/1/1205
f 821/1/1206 822/1/1206 828/1/1206
f 822/1/1207 820/1/1207 824/1/1207
f 819/1/1208 822/1/1208 821/1/1208
f 813/1/1209 820/1/1209 822/1/1209
f 811/1/1210 812/1/1210 818/1/1210
f 812/1/1211 810/1/1211 814/1/1211
f 809/1/1212 812/1/1212 811/1/1212
f 803/1/1213 810/1/1213 812/1/1213
f 798/1/1214 802/1/1214 808/1/1214
f 802/1/1215 796/1/1215 804/1/1215
f 794/1/136 801/1/136 798/1/136
f 791/1/137 797/1/137 801/1/137
f 832/1/1216 836/1/1216 867/1/1216
f 836/1/1217 830/1/1217 864/1/1217
f 835/1/140 843/1/140 837/1/140
f 832/1/141 839/1/141 843/1/141
f 842/1/1218 850/1/1218 844/1/1218
f 839/1/1219 846/1/1219 850/1/1219
f 845/1/1220 849/1/1220 853/1/1220
f 849/1/1221 846/1/1221 852/1/1221
f 853/1/1583 860/1/1583 854/1/1583
f 852/1/1223 856/1/1223 860/1/1223
f 855/1/1224 859/1/1224 863/1/1224
f 859/1/1225 856/1/1225 862/1/1225
f 863/1/1226 869/1/1226 866/1/1226
f 862/1/1321 865/1/1321 869/1/1321
f 791/1/152 795/1/152 833/1/152
f 789/1/277 830/1/277 833/1/277
f 799/1/154 840/1/154 838/1/154
f 797/1/155 837/1/155 840/1/155
f 806/1/156 847/1/156 845/1/156
f 804/1/157 844/1/157 847/1/157
f 816/1/158 857/1/158 855/1/158
f 814/1/159 854/1/159 857/1/159
f 826/1/160 870/1/160 864/1/160
f 824/1/161 866/1/161 870/1/161
f 864/1/162 830/1/162 789/1/162
f 821/1/163 825/1/163 790/1/163
f 790/1/163 798/1/163 805/1/163
f 805/1/163 811/1/163 815/1/163
f 815/1/163 821/1/163 790/1/163
f 831/1/164 837/1/164 797/1/164
f 838/1/165 844/1/165 804/1/165
f 845/1/166 851/1/166 810/1/166
f 851/1/167 854/1/167 814/1/167
f 813/1/168 855/1/168 861/1/168
f 861/1/278 866/1/278 824/1/278
f 839/1/170 832/1/170 865/1/170
f 865/1/170 862/1/170 856/1/170
f 856/1/170 852/1/170 846/1/170
f 846/1/170 839/1/170 865/1/170
f 1057/1/1670 1076/1/1670 1075/1/1670
f 1058/1/1671 1059/1/1671 1061/1/1671
f 1060/1/1672 1061/1/1672 1063/1/1672
f 1063/1/1673 1065/1/1673 1064/1/1673
f 1065/1/1674 1067/1/1674 1066/1/1674
f 1067/1/1675 1069/1/1675 1068/1/1675
f 1068/1/1676 1069/1/1676 1071/1/1676
f 1070/1/1677 1071/1/1677 1074/1/1677
f 1074/1/1678 1078/1/1678 1077/1/1678
f 1075/1/1670 1076/1/1670 1079/1/1670
f 1081/1/1679 1083/1/1679 1082/1/1679
f 1083/1/1680 1085/1/1680 1084/1/1680
f 1084/1/1681 1085/1/1681 1087/1/1681
f 1086/1/1682 1087/1/1682 1089/1/1682
f 1089/1/1683 1091/1/1683 1090/1/1683
f 1091/1/1684 1093/1/1684 1092/1/1684
f 1077/1/1685 1078/1/1685 1096/1/1685
f 1093/1/1686 1095/1/1686 1096/1/1686
f 1098/1/1687 1116/1/1687 1115/1/1687
f 1098/1/1688 1099/1/1688 1101/1/1688
f 1100/1/1689 1101/1/1689 1103/1/1689
f 1102/1/1690 1103/1/1690 1105/1/1690
f 1105/1/1691 1107/1/1691 1106/1/1691
f 1107/1/1692 1109/1/1692 1108/1/1692
f 1109/1/1693 1111/1/1693 1110/1/1693
f 1111/1/1694 1112/1/1694 1113/1/1694
f 1114/1/1695 1118/1/1695 1117/1/1695
f 1115/1/1696 1116/1/1696 1121/1/1696
f 1121/1/1697 1123/1/1697 1122/1/1697
f 1123/1/1698 1125/1/1698 1124/1/1698
f 1124/1/1699 1125/1/1699 1127/1/1699
f 1126/1/1700 1127/1/1700 1129/1/1700
f 1128/1/1701 1129/1/1701 1131/1/1701
f 1130/1/1702 1131/1/1702 1133/1/1702
f 1117/1/1695 1118/1/1695 1134/1/1695
f 1132/1/1703 1133/1/1703 1135/1/1703
f 1057/1/1704 1058/1/1704 1099/1/1704
f 1072/1/1705 1073/1/1705 1114/1/1705
f 1079/1/1706 1119/1/1706 1120/1/1706
f 1095/1/1707 1136/1/1707 1134/1/1707
f 1097/1/1708 1115/1/1708 1076/1/1708
f 1075/1/1709 1045/1/1709 1061/1/1709
f 1060/1/1710 1101/1/1710 1099/1/1710
f 1045/1/1711 1046/1/1711 1063/1/1711
f 1062/1/1712 1103/1/1712 1101/1/1712
f 1046/1/1713 1047/1/1713 1065/1/1713
f 1064/1/1714 1105/1/1714 1103/1/1714
f 1047/1/1715 1048/1/1715 1067/1/1715
f 1107/1/1716 1105/1/1716 1064/1/1716
f 1067/1/1717 1048/1/1717 1049/1/1717
f 1109/1/1718 1107/1/1718 1066/1/1718
f 1069/1/1719 1049/1/1719 1050/1/1719
f 1111/1/1720 1109/1/1720 1068/1/1720
f 1071/1/1721 1050/1/1721 1078/1/1721
f 1112/1/1722 1111/1/1722 1070/1/1722
f 1118/1/1723 1114/1/1723 1073/1/1723
f 1075/1/1724 1080/1/1724 1082/1/1724
f 1076/1/1725 1115/1/1725 1119/1/1725
f 1092/1/1726 1096/1/1726 1078/1/1726
f 1094/1/1727 1134/1/1727 1118/1/1727
f 1120/1/1728 1122/1/1728 1083/1/1728
f 1045/1/1729 1082/1/1729 1084/1/1729
f 1083/1/1730 1122/1/1730 1124/1/1730
f 1046/1/1731 1084/1/1731 1086/1/1731
f 1124/1/1732 1126/1/1732 1087/1/1732
f 1086/1/1733 1088/1/1733 1048/1/1733
f 1126/1/1734 1128/1/1734 1089/1/1734
f 1088/1/1735 1090/1/1735 1049/1/1735
f 1089/1/1736 1128/1/1736 1130/1/1736
f 1090/1/1737 1092/1/1737 1050/1/1737
f 1130/1/1738 1132/1/1738 1093/1/1738
f 1132/1/1739 1136/1/1739 1095/1/1739
f 1100/1/1740 1051/1/1740 1116/1/1740
f 1102/1/1741 1052/1/1741 1051/1/1741
f 1104/1/1742 1053/1/1742 1052/1/1742
f 1106/1/1743 1054/1/1743 1053/1/1743
f 1106/1/1744 1108/1/1744 1055/1/1744
f 1108/1/1745 1110/1/1745 1056/1/1745
f 1110/1/1746 1113/1/1746 1117/1/1746
f 1116/1/1747 1051/1/1747 1123/1/1747
f 1117/1/1748 1135/1/1748 1133/1/1748
f 1051/1/1749 1052/1/1749 1125/1/1749
f 1052/1/1750 1053/1/1750 1127/1/1750
f 1054/1/1751 1129/1/1751 1127/1/1751
f 1055/1/1752 1131/1/1752 1129/1/1752
f 1056/1/1753 1133/1/1753 1131/1/1753
f 1137/1/1174 1143/1/1174 1141/1/1174
f 1138/1/1175 1140/1/1175 1141/1/1175
f 1139/1/1176 1142/1/1176 1141/1/1176
f 1144/1/1177 1150/1/1177 1148/1/1177
f 1145/1/1178 1147/1/1178 1148/1/1178
f 1146/1/1179 1149/1/1179 1148/1/1179
f 1151/1/1180 1157/1/1180 1155/1/1180
f 1152/1/1181 1154/1/1181 1155/1/1181
f 1153/1/1182 1156/1/1182 1155/1/1182
f 1161/1/1183 1167/1/1183 1165/1/1183
f 1162/1/1314 1164/1/1314 1165/1/1314
f 1163/1/1185 1166/1/1185 1165/1/1185
f 1171/1/1186 1177/1/1186 1175/1/1186
f 1172/1/1187 1174/1/1187 1175/1/1187
f 1173/1/1188 1176/1/1188 1175/1/1188
f 1178/1/1581 1184/1/1581 1182/1/1581
f 1179/1/1190 1181/1/1190 1182/1/1190
f 1180/1/1191 1183/1/1191 1182/1/1191
f 1185/1/1192 1191/1/1192 1189/1/1192
f 1186/1/1193 1188/1/1193 1189/1/1193
f 1187/1/1408 1190/1/1408 1189/1/1408
f 1192/1/1195 1198/1/1195 1196/1/1195
f 1193/1/1196 1195/1/1196 1196/1/1196
f 1194/1/1197 1197/1/1197 1196/1/1197
f 1202/1/1198 1208/1/1198 1206/1/1198
f 1203/1/1316 1205/1/1316 1206/1/1316
f 1204/1/1200 1207/1/1200 1206/1/1200
f 1212/1/1317 1218/1/1317 1216/1/1317
f 1213/1/1318 1215/1/1318 1216/1/1318
f 1214/1/1582 1217/1/1582 1216/1/1582
f 1140/1/1204 1177/1/1204 1171/1/1204
f 1138/1/1205 1173/1/1205 1177/1/1205
f 1169/1/1206 1170/1/1206 1176/1/1206
f 1170/1/1207 1168/1/1207 1172/1/1207
f 1167/1/1208 1170/1/1208 1169/1/1208
f 1161/1/1319 1168/1/1319 1170/1/1319
f 1159/1/1210 1160/1/1210 1166/1/1210
f 1160/1/1211 1158/1/1211 1162/1/1211
f 1157/1/1212 1160/1/1212 1159/1/1212
f 1151/1/1213 1158/1/1213 1160/1/1213
f 1146/1/1214 1150/1/1214 1156/1/1214
f 1150/1/1215 1144/1/1215 1152/1/1215
f 1142/1/136 1149/1/136 1146/1/136
f 1139/1/137 1145/1/137 1149/1/137
f 1180/1/1216 1184/1/1216 1215/1/1216
f 1184/1/1217 1178/1/1217 1212/1/1217
f 1183/1/140 1191/1/140 1185/1/140
f 1183/1/141 1180/1/141 1187/1/141
f 1190/1/1218 1198/1/1218 1192/1/1218
f 1187/1/1219 1194/1/1219 1198/1/1219
f 1193/1/1220 1197/1/1220 1201/1/1220
f 1197/1/1221 1194/1/1221 1200/1/1221
f 1201/1/1320 1208/1/1320 1202/1/1320
f 1200/1/1223 1204/1/1223 1208/1/1223
f 1203/1/1224 1207/1/1224 1211/1/1224
f 1207/1/1225 1204/1/1225 1210/1/1225
f 1211/1/1226 1217/1/1226 1214/1/1226
f 1210/1/1321 1213/1/1321 1217/1/1321
f 1143/1/152 1181/1/152 1179/1/152
f 1137/1/277 1178/1/277 1181/1/277
f 1147/1/154 1188/1/154 1186/1/154
f 1145/1/155 1185/1/155 1188/1/155
f 1154/1/156 1195/1/156 1193/1/156
f 1152/1/157 1192/1/157 1195/1/157
f 1164/1/158 1205/1/158 1203/1/158
f 1162/1/159 1202/1/159 1205/1/159
f 1174/1/160 1218/1/160 1212/1/160
f 1172/1/161 1214/1/161 1218/1/161
f 1212/1/162 1178/1/162 1137/1/162
f 1169/1/163 1173/1/163 1138/1/163
f 1138/1/163 1146/1/163 1153/1/163
f 1153/1/163 1159/1/163 1163/1/163
f 1163/1/163 1169/1/163 1138/1/163
f 1179/1/164 1185/1/164 1145/1/164
f 1186/1/165 1192/1/165 1152/1/165
f 1193/1/166 1199/1/166 1158/1/166
f 1199/1/167 1202/1/167 1162/1/167
f 1203/1/168 1209/1/168 1168/1/168
f 1209/1/278 1214/1/278 1172/1/278
f 1187/1/170 1180/1/170 1213/1/170
f 1213/1/170 1210/1/170 1204/1/170
f 1204/1/170 1200/1/170 1194/1/170
f 1194/1/170 1187/1/170 1213/1/170
f 1405/1/1839 1424/1/1839 1423/1/1839
f 1406/1/1840 1407/1/1840 1409/1/1840
f 1408/1/1841 1409/1/1841 1411/1/1841
f 1411/1/1842 1413/1/1842 1412/1/1842
f 1413/1/1843 1415/1/1843 1414/1/1843
f 1415/1/1844 1417/1/1844 1416/1/1844
f 1416/1/1845 1417/1/1845 1419/1/1845
f 1418/1/1846 1419/1/1846 1422/1/1846
f 1422/1/1847 1426/1/1847 1425/1/1847
f 1423/1/1839 1424/1/1839 1427/1/1839
f 1429/1/1848 1431/1/1848 1430/1/1848
f 1431/1/1849 1433/1/1849 1432/1/1849
f 1432/1/1850 1433/1/1850 1435/1/1850
f 1434/1/1851 1435/1/1851 1437/1/1851
f 1437/1/1852 1439/1/1852 1438/1/1852
f 1439/1/1853 1441/1/1853 1440/1/1853
f 1425/1/1854 1426/1/1854 1444/1/1854
f 1441/1/1855 1443/1/1855 1444/1/1855
f 1446/1/1856 1464/1/1856 1463/1/1856
f 1446/1/1857 1447/1/1857 1449/1/1857
f 1448/1/1858 1449/1/1858 1451/1/1858
f 1450/1/1859 1451/1/1859 1453/1/1859
f 1453/1/1860 1455/1/1860 1454/1/1860
f 1455/1/1861 1457/1/1861 1456/1/1861
f 1457/1/1862 1459/1/1862 1458/1/1862
f 1459/1/1863 1460/1/1863 1461/1/1863
f 1462/1/1864 1466/1/1864 1465/1/1864
f 1463/1/1865 1464/1/1865 1469/1/1865
f 1469/1/1866 1471/1/1866 1470/1/1866
f 1471/1/1867 1473/1/1867 1472/1/1867
f 1472/1/1868 1473/1/1868 1475/1/1868
f 1474/1/1869 1475/1/1869 1477/1/1869
f 1476/1/1870 1477/1/1870 1479/1/1870
f 1478/1/1871 1479/1/1871 1481/1/1871
f 1465/1/1872 1466/1/1872 1482/1/1872
f 1480/1/1873 1481/1/1873 1483/1/1873
f 1405/1/1874 1406/1/1874 1447/1/1874
f 1420/1/1875 1421/1/1875 1462/1/1875
f 1427/1/1876 1467/1/1876 1468/1/1876
f 1443/1/1877 1484/1/1877 1482/1/1877
f 1445/1/1878 1463/1/1878 1424/1/1878
f 1423/1/1879 1393/1/1879 1409/1/1879
f 1449/1/1880 1447/1/1880 1406/1/1880
f 1393/1/1881 1394/1/1881 1411/1/1881
f 1410/1/1882 1451/1/1882 1449/1/1882
f 1394/1/1883 1395/1/1883 1413/1/1883
f 1412/1/243 1453/1/243 1451/1/243
f 1395/1/1884 1396/1/1884 1415/1/1884
f 1414/1/1885 1455/1/1885 1453/1/1885
f 1415/1/1886 1396/1/1886 1397/1/1886
f 1416/1/1887 1457/1/1887 1455/1/1887
f 1417/1/1888 1397/1/1888 1398/1/1888
f 1459/1/1889 1457/1/1889 1416/1/1889
f 1419/1/1890 1398/1/1890 1426/1/1890
f 1420/1/1891 1460/1/1891 1459/1/1891
f 1466/1/1892 1462/1/1892 1421/1/1892
f 1423/1/1893 1428/1/1893 1430/1/1893
f 1424/1/1894 1463/1/1894 1467/1/1894
f 1440/1/1895 1444/1/1895 1426/1/1895
f 1442/1/1896 1482/1/1896 1466/1/1896
f 1468/1/1897 1470/1/1897 1431/1/1897
f 1393/1/1898 1430/1/1898 1432/1/1898
f 1470/1/1899 1472/1/1899 1433/1/1899
f 1394/1/1900 1432/1/1900 1434/1/1900
f 1472/1/1901 1474/1/1901 1435/1/1901
f 1434/1/1902 1436/1/1902 1396/1/1902
f 1435/1/1903 1474/1/1903 1476/1/1903
f 1436/1/1904 1438/1/1904 1397/1/1904
f 1437/1/1905 1476/1/1905 1478/1/1905
f 1438/1/1906 1440/1/1906 1398/1/1906
f 1439/1/1907 1478/1/1907 1480/1/1907
f 1441/1/1908 1480/1/1908 1484/1/1908
f 1448/1/1909 1399/1/1909 1464/1/1909
f 1450/1/1910 1400/1/1910 1399/1/1910
f 1452/1/1911 1401/1/1911 1400/1/1911
f 1454/1/1912 1402/1/1912 1401/1/1912
f 1454/1/1913 1456/1/1913 1403/1/1913
f 1456/1/1914 1458/1/1914 1404/1/1914
f 1458/1/1915 1461/1/1915 1465/1/1915
f 1464/1/1916 1399/1/1916 1471/1/1916
f 1465/1/1917 1483/1/1917 1481/1/1917
f 1399/1/1918 1400/1/1918 1473/1/1918
f 1400/1/1919 1401/1/1919 1475/1/1919
f 1402/1/1920 1477/1/1920 1475/1/1920
f 1403/1/1921 1479/1/1921 1477/1/1921
f 1404/1/1922 1481/1/1922 1479/1/1922
f 1485/1/1174 1491/1/1174 1489/1/1174
f 1486/1/1175 1488/1/1175 1489/1/1175
f 1487/1/1176 1490/1/1176 1489/1/1176
f 1492/1/1177 1498/1/1177 1496/1/1177
f 1493/1/1178 1495/1/1178 1496/1/1178
f 1494/1/1179 1497/1/1179 1496/1/1179
f 1499/1/1180 1505/1/1180 1503/1/1180
f 1500/1/1181 1502/1/1181 1503/1/1181
f 1501/1/1182 1504/1/1182 1503/1/1182
f 1509/1/1313 1515/1/1313 1513/1/1313
f 1510/1/1314 1512/1/1314 1513/1/1314
f 1511/1/1185 1514/1/1185 1513/1/1185
f 1519/1/1186 1525/1/1186 1523/1/1186
f 1520/1/1187 1522/1/1187 1523/1/1187
f 1521/1/1188 1524/1/1188 1523/1/1188
f 1526/1/1189 1532/1/1189 1530/1/1189
f 1527/1/1190 1529/1/1190 1530/1/1190
f 1528/1/1191 1531/1/1191 1530/1/1191
f 1533/1/1192 1539/1/1192 1537/1/1192
f 1534/1/1193 1536/1/1193 1537/1/1193
f 1535/1/1194 1538/1/1194 1537/1/1194
f 1540/1/1195 1546/1/1195 1544/1/1195
f 1541/1/1196 1543/1/1196 1544/1/1196
f 1542/1/1197 1545/1/1197 1544/1/1197
f 1550/1/1315 1556/1/1315 1554/1/1315
f 1551/1/1316 1553/1/1316 1554/1/1316
f 1552/1/1200 1555/1/1200 1554/1/1200
f 1560/1/1317 1566/1/1317 1564/1/1317
f 1561/1/1202 1563/1/1202 1564/1/1202
f 1562/1/1203 1565/1/1203 1564/1/1203
f 1488/1/1204 1525/1/1204 1519/1/1204
f 1486/1/1205 1521/1/1205 1525/1/1205
f 1517/1/1206 1518/1/1206 1524/1/1206
f 1518/1/1207 1516/1/1207 1520/1/1207
f 1515/1/1208 1518/1/1208 1517/1/1208
f 1509/1/1319 1516/1/1319 1518/1/1319
f 1507/1/1210 1508/1/1210 1514/1/1210
f 1508/1/1211 1506/1/1211 1510/1/1211
f 1505/1/1212 1508/1/1212 1507/1/1212
f 1499/1/1213 1506/1/1213 1508/1/1213
f 1494/1/1214 1498/1/1214 1504/1/1214
f 1498/1/1215 1492/1/1215 1500/1/1215
f 1490/1/136 1497/1/136 1494/1/136
f 1487/1/137 1493/1/137 1497/1/137
f 1528/1/1216 1532/1/1216 1563/1/1216
f 1532/1/1217 1526/1/1217 1560/1/1217
f 1531/1/140 1539/1/140 1533/1/140
f 1528/1/141 1535/1/141 1539/1/141
f 1538/1/1218 1546/1/1218 1540/1/1218
f 1535/1/1219 1542/1/1219 1546/1/1219
f 1541/1/1220 1545/1/1220 1549/1/1220
f 1545/1/1221 1542/1/1221 1548/1/1221
f 1549/1/1320 1556/1/1320 1550/1/1320
f 1548/1/1223 1552/1/1223 1556/1/1223
f 1551/1/1224 1555/1/1224 1559/1/1224
f 1555/1/1225 1552/1/1225 1558/1/1225
f 1559/1/1226 1565/1/1226 1562/1/1226
f 1558/1/1321 1561/1/1321 1565/1/1321
f 1491/1/152 1529/1/152 1527/1/152
f 1485/1/277 1526/1/277 1529/1/277
f 1495/1/154 1536/1/154 1534/1/154
f 1493/1/155 1533/1/155 1536/1/155
f 1502/1/156 1543/1/156 1541/1/156
f 1500/1/157 1540/1/157 1543/1/157
f 1512/1/158 1553/1/158 1551/1/158
f 1510/1/159 1550/1/159 1553/1/159
f 1522/1/160 1566/1/160 1560/1/160
f 1520/1/161 1562/1/161 1566/1/161
f 1560/1/162 1526/1/162 1485/1/162
f 1517/1/163 1521/1/163 1486/1/163
f 1486/1/163 1494/1/163 1501/1/163
f 1501/1/163 1507/1/163 1511/1/163
f 1511/1/163 1517/1/163 1486/1/163
f 1527/1/164 1533/1/164 1493/1/164
f 1534/1/165 1540/1/165 1500/1/165
f 1541/1/166 1547/1/166 1506/1/166
f 1547/1/167 1550/1/167 1510/1/167
f 1551/1/168 1557/1/168 1516/1/168
f 1557/1/278 1562/1/278 1520/1/278
f 1535/1/170 1528/1/170 1561/1/170
f 1561/1/170 1558/1/170 1552/1/170
f 1552/1/170 1548/1/170 1542/1/170
f 1542/1/170 1535/1/170 1561/1/170
usemtl CreamCanvas
f 187/1/171 189/1/171 188/1/171
f 202/1/172 204/1/172 203/1/172
f 209/1/173 211/1/173 210/1/173
f 224/1/174 226/1/174 225/1/174
f 227/1/175 229/1/175 228/1/175
f 242/1/176 244/1/176 243/1/176
f 249/1/177 251/1/177 250/1/177
f 264/1/178 266/1/178 265/1/178
f 187/1/179 205/1/179 189/1/179
f 188/1/180 191/1/180 190/1/180
f 190/1/181 193/1/181 192/1/181
f 193/1/182 194/1/182 192/1/182
f 195/1/183 196/1/183 194/1/183
f 196/1/184 199/1/184 198/1/184
f 198/1/185 201/1/185 200/1/185
f 200/1/186 204/1/186 202/1/186
f 204/1/187 207/1/187 203/1/187
f 205/1/188 209/1/188 210/1/188
f 211/1/189 212/1/189 210/1/189
f 213/1/190 214/1/190 212/1/190
f 214/1/191 217/1/191 216/1/191
f 216/1/192 219/1/192 218/1/192
f 218/1/193 221/1/193 220/1/193
f 221/1/194 222/1/194 220/1/194
f 207/1/195 226/1/195 224/1/195
f 223/1/196 226/1/196 222/1/196
f 228/1/197 245/1/197 227/1/197
f 228/1/198 231/1/198 230/1/198
f 230/1/199 233/1/199 232/1/199
f 233/1/200 234/1/200 232/1/200
f 235/1/201 236/1/201 234/1/201
f 237/1/202 238/1/202 236/1/202
f 239/1/203 240/1/203 238/1/203
f 241/1/204 243/1/204 240/1/204
f 244/1/205 247/1/205 243/1/205
f 245/1/206 251/1/206 249/1/206
f 251/1/207 252/1/207 250/1/207
f 253/1/208 254/1/208 252/1/208
f 255/1/209 256/1/209 254/1/209
f 256/1/210 259/1/210 258/1/210
f 258/1/211 261/1/211 260/1/211
f 260/1/212 263/1/212 262/1/212
f 247/1/213 264/1/213 265/1/213
f 262/1/214 265/1/214 266/1/214
f 187/1/215 229/1/215 227/1/215
f 202/1/216 244/1/216 242/1/216
f 209/1/217 250/1/217 211/1/217
f 225/1/218 264/1/218 224/1/218
f 227/1/219 206/1/219 187/1/219
f 205/1/220 191/1/220 189/1/220
f 231/1/221 188/1/221 190/1/221
f 175/1/222 193/1/222 191/1/222
f 192/1/223 231/1/223 190/1/223
f 176/1/224 195/1/224 193/1/224
f 194/1/225 233/1/225 192/1/225
f 195/1/226 178/1/226 197/1/226
f 196/1/227 235/1/227 194/1/227
f 197/1/228 179/1/228 199/1/228
f 239/1/229 196/1/229 198/1/229
f 199/1/230 180/1/230 201/1/230
f 241/1/231 198/1/231 200/1/231
f 201/1/232 208/1/232 204/1/232
f 242/1/233 200/1/233 202/1/233
f 248/1/234 203/1/234 207/1/234
f 205/1/235 212/1/235 175/1/235
f 206/1/236 249/1/236 209/1/236
f 222/1/237 208/1/237 180/1/237
f 224/1/238 248/1/238 207/1/238
f 250/1/239 213/1/239 211/1/239
f 175/1/240 214/1/240 176/1/240
f 213/1/241 254/1/241 215/1/241
f 176/1/242 216/1/242 177/1/242
f 215/1/243 256/1/243 217/1/243
f 177/1/244 218/1/244 178/1/244
f 217/1/245 258/1/245 219/1/245
f 218/1/246 179/1/246 178/1/246
f 258/1/247 221/1/247 219/1/247
f 220/1/248 180/1/248 179/1/248
f 221/1/249 262/1/249 223/1/249
f 262/1/250 225/1/250 223/1/250
f 230/1/251 246/1/251 228/1/251
f 232/1/252 181/1/252 230/1/252
f 234/1/253 182/1/253 232/1/253
f 234/1/254 184/1/254 183/1/254
f 236/1/255 185/1/255 184/1/255
f 238/1/256 186/1/256 185/1/256
f 240/1/257 247/1/257 186/1/257
f 246/1/258 253/1/258 251/1/258
f 247/1/259 263/1/259 186/1/259
f 181/1/260 255/1/260 253/1/260
f 182/1/261 257/1/261 255/1/261
f 183/1/262 259/1/262 257/1/262
f 185/1/263 259/1/263 184/1/263
f 186/1/264 261/1/264 185/1/264
f 267/1/94 271/1/94 270/1/94
f 268/1/265 271/1/265 272/1/265
f 269/1/266 271/1/266 273/1/266
f 274/1/97 278/1/97 277/1/97
f 275/1/98 278/1/98 279/1/98
f 276/1/99 278/1/99 280/1/99
f 281/1/100 285/1/100 284/1/100
f 282/1/101 285/1/101 286/1/101
f 283/1/102 285/1/102 287/1/102
f 291/1/267 295/1/267 294/1/267
f 292/1/268 295/1/268 296/1/268
f 293/1/105 295/1/105 297/1/105
f 301/1/269 305/1/269 304/1/269
f 302/1/107 305/1/107 306/1/107
f 303/1/270 305/1/270 307/1/270
f 308/1/109 312/1/109 311/1/109
f 309/1/110 312/1/110 313/1/110
f 310/1/111 312/1/111 314/1/111
f 315/1/112 319/1/112 318/1/112
f 316/1/113 319/1/113 320/1/113
f 317/1/114 319/1/114 321/1/114
f 322/1/115 326/1/115 325/1/115
f 323/1/116 326/1/116 327/1/116
f 324/1/271 326/1/271 328/1/271
f 332/1/272 336/1/272 335/1/272
f 333/1/273 336/1/273 337/1/273
f 334/1/120 336/1/120 338/1/120
f 342/1/121 346/1/121 345/1/121
f 343/1/122 346/1/122 347/1/122
f 344/1/123 346/1/123 348/1/123
f 270/1/124 301/1/124 267/1/124
f 268/1/125 307/1/125 270/1/125
f 299/1/274 306/1/274 303/1/274
f 300/1/127 302/1/127 306/1/127
f 297/1/128 299/1/128 293/1/128
f 291/1/275 300/1/275 297/1/275
f 289/1/130 296/1/130 293/1/130
f 290/1/131 292/1/131 296/1/131
f 287/1/132 289/1/132 283/1/132
f 281/1/133 290/1/133 287/1/133
f 276/1/134 286/1/134 283/1/134
f 280/1/135 282/1/135 286/1/135
f 272/1/136 276/1/136 268/1/136
f 269/1/137 279/1/137 272/1/137
f 310/1/138 345/1/138 343/1/138
f 314/1/139 342/1/139 345/1/139
f 313/1/140 315/1/140 309/1/140
f 310/1/141 321/1/141 313/1/141
f 320/1/142 322/1/142 316/1/142
f 317/1/143 328/1/143 320/1/143
f 323/1/144 331/1/144 329/1/144
f 327/1/145 330/1/145 331/1/145
f 331/1/276 332/1/276 329/1/276
f 330/1/147 338/1/147 331/1/147
f 333/1/148 341/1/148 339/1/148
f 337/1/149 340/1/149 341/1/149
f 341/1/150 344/1/150 339/1/150
f 340/1/151 347/1/151 341/1/151
f 273/1/152 309/1/152 269/1/152
f 267/1/277 311/1/277 273/1/277
f 277/1/154 316/1/154 274/1/154
f 275/1/155 318/1/155 277/1/155
f 284/1/156 323/1/156 281/1/156
f 282/1/157 325/1/157 284/1/157
f 294/1/158 333/1/158 291/1/158
f 292/1/159 335/1/159 294/1/159
f 304/1/160 342/1/160 301/1/160
f 302/1/161 348/1/161 304/1/161
f 342/1/162 267/1/162 301/1/162
f 268/1/163 283/1/163 293/1/163
f 309/1/164 275/1/164 269/1/164
f 316/1/165 282/1/165 274/1/165
f 323/1/166 288/1/166 281/1/166
f 329/1/167 292/1/167 288/1/167
f 333/1/168 298/1/168 291/1/168
f 339/1/278 302/1/278 298/1/278
f 343/1/170 334/1/170 324/1/170
f 535/1/372 537/1/372 536/1/372
f 550/1/373 552/1/373 551/1/373
f 557/1/374 559/1/374 558/1/374
f 572/1/375 574/1/375 573/1/375
f 575/1/376 577/1/376 576/1/376
f 590/1/377 592/1/377 591/1/377
f 597/1/378 599/1/378 598/1/378
f 612/1/379 614/1/379 613/1/379
f 535/1/380 553/1/380 537/1/380
f 536/1/381 539/1/381 538/1/381
f 538/1/382 541/1/382 540/1/382
f 541/1/383 542/1/383 540/1/383
f 543/1/384 544/1/384 542/1/384
f 544/1/385 547/1/385 546/1/385
f 546/1/386 549/1/386 548/1/386
f 548/1/387 552/1/387 550/1/387
f 552/1/388 555/1/388 551/1/388
f 553/1/389 557/1/389 558/1/389
f 559/1/390 560/1/390 558/1/390
f 561/1/391 562/1/391 560/1/391
f 562/1/392 565/1/392 564/1/392
f 564/1/393 567/1/393 566/1/393
f 566/1/394 569/1/394 568/1/394
f 569/1/395 570/1/395 568/1/395
f 555/1/396 574/1/396 572/1/396
f 571/1/397 574/1/397 570/1/397
f 576/1/398 593/1/398 575/1/398
f 576/1/399 579/1/399 578/1/399
f 578/1/400 581/1/400 580/1/400
f 581/1/401 582/1/401 580/1/401
f 583/1/402 584/1/402 582/1/402
f 585/1/403 586/1/403 584/1/403
f 587/1/404 588/1/404 586/1/404
f 589/1/405 591/1/405 588/1/405
f 592/1/406 595/1/406 591/1/406
f 593/1/407 599/1/407 597/1/407
f 599/1/408 600/1/408 598/1/408
f 601/1/409 602/1/409 600/1/409
f 603/1/410 604/1/410 602/1/410
f 604/1/411 607/1/411 606/1/411
f 606/1/412 609/1/412 608/1/412
f 608/1/413 611/1/413 610/1/413
f 595/1/414 612/1/414 613/1/414
f 610/1/415 613/1/415 614/1/415
f 535/1/416 577/1/416 575/1/416
f 550/1/417 592/1/417 590/1/417
f 557/1/418 598/1/418 559/1/418
f 573/1/419 612/1/419 572/1/419
f 575/1/420 554/1/420 535/1/420
f 553/1/421 539/1/421 537/1/421
f 538/1/422 577/1/422 536/1/422
f 523/1/423 541/1/423 539/1/423
f 540/1/424 579/1/424 538/1/424
f 524/1/425 543/1/425 541/1/425
f 583/1/426 540/1/426 542/1/426
f 543/1/427 526/1/427 545/1/427
f 585/1/428 542/1/428 544/1/428
f 545/1/429 527/1/429 547/1/429
f 587/1/430 544/1/430 546/1/430
f 547/1/431 528/1/431 549/1/431
f 589/1/432 546/1/432 548/1/432
f 549/1/433 556/1/433 552/1/433
f 550/1/434 589/1/434 548/1/434
f 596/1/435 551/1/435 555/1/435
f 553/1/436 560/1/436 523/1/436
f 554/1/437 597/1/437 557/1/437
f 570/1/438 556/1/438 528/1/438
f 572/1/439 596/1/439 555/1/439
f 598/1/440 561/1/440 559/1/440
f 523/1/441 562/1/441 524/1/441
f 561/1/442 602/1/442 563/1/442
f 524/1/443 564/1/443 525/1/443
f 563/1/444 604/1/444 565/1/444
f 525/1/445 566/1/445 526/1/445
f 565/1/446 606/1/446 567/1/446
f 566/1/447 527/1/447 526/1/447
f 567/1/448 608/1/448 569/1/448
f 568/1/449 528/1/449 527/1/449
f 608/1/450 571/1/450 569/1/450
f 571/1/451 614/1/451 573/1/451
f 578/1/452 594/1/452 576/1/452
f 580/1/453 529/1/453 578/1/453
f 582/1/454 530/1/454 580/1/454
f 582/1/455 532/1/455 531/1/455
f 584/1/456 533/1/456 532/1/456
f 586/1/457 534/1/457 533/1/457
f 588/1/458 595/1/458 534/1/458
f 594/1/459 601/1/459 599/1/459
f 595/1/460 611/1/460 534/1/460
f 529/1/461 603/1/461 601/1/461
f 530/1/462 605/1/462 603/1/462
f 531/1/463 607/1/463 605/1/463
f 533/1/464 607/1/464 532/1/464
f 534/1/465 609/1/465 533/1/465
f 615/1/94 619/1/94 618/1/94
f 616/1/265 619/1/265 620/1/265
f 617/1/466 619/1/466 621/1/466
f 622/1/97 626/1/97 625/1/97
f 623/1/98 626/1/98 627/1/98
f 624/1/99 626/1/99 628/1/99
f 629/1/100 633/1/100 632/1/100
f 630/1/101 633/1/101 634/1/101
f 631/1/102 633/1/102 635/1/102
f 639/1/267 643/1/267 642/1/267
f 640/1/467 643/1/467 644/1/467
f 641/1/105 643/1/105 645/1/105
f 649/1/269 653/1/269 652/1/269
f 650/1/107 653/1/107 654/1/107
f 651/1/270 653/1/270 655/1/270
f 656/1/109 660/1/109 659/1/109
f 657/1/110 660/1/110 661/1/110
f 658/1/468 660/1/468 662/1/468
f 663/1/112 667/1/112 666/1/112
f 664/1/469 667/1/469 668/1/469
f 665/1/114 667/1/114 669/1/114
f 670/1/115 674/1/115 673/1/115
f 671/1/470 674/1/470 675/1/470
f 672/1/117 674/1/117 676/1/117
f 680/1/272 684/1/272 683/1/272
f 681/1/471 684/1/471 685/1/471
f 682/1/120 684/1/120 686/1/120
f 690/1/121 694/1/121 693/1/121
f 691/1/122 694/1/122 695/1/122
f 692/1/123 694/1/123 696/1/123
f 618/1/124 649/1/124 615/1/124
f 616/1/125 655/1/125 618/1/125
f 647/1/274 654/1/274 651/1/274
f 648/1/127 650/1/127 654/1/127
f 645/1/128 647/1/128 641/1/128
f 639/1/275 648/1/275 645/1/275
f 637/1/130 644/1/130 641/1/130
f 638/1/472 640/1/472 644/1/472
f 635/1/132 637/1/132 631/1/132
f 629/1/133 638/1/133 635/1/133
f 624/1/134 634/1/134 631/1/134
f 628/1/135 630/1/135 634/1/135
f 620/1/136 624/1/136 616/1/136
f 617/1/137 627/1/137 620/1/137
f 658/1/138 693/1/138 691/1/138
f 662/1/139 690/1/139 693/1/139
f 661/1/140 663/1/140 657/1/140
f 658/1/141 669/1/141 661/1/141
f 668/1/142 670/1/142 664/1/142
f 665/1/143 676/1/143 668/1/143
f 671/1/144 679/1/144 677/1/144
f 675/1/145 678/1/145 679/1/145
f 679/1/146 680/1/146 677/1/146
f 678/1/147 686/1/147 679/1/147
f 681/1/473 689/1/473 687/1/473
f 685/1/149 688/1/149 689/1/149
f 689/1/150 692/1/150 687/1/150
f 688/1/151 695/1/151 689/1/151
f 617/1/152 659/1/152 657/1/152
f 615/1/277 659/1/277 621/1/277
f 625/1/154 664/1/154 622/1/154
f 623/1/155 666/1/155 625/1/155
f 632/1/156 671/1/156 629/1/156
f 630/1/157 673/1/157 632/1/157
f 642/1/158 681/1/158 639/1/158
f 640/1/159 683/1/159 642/1/159
f 652/1/160 690/1/160 649/1/160
f 650/1/161 696/1/161 652/1/161
f 690/1/162 615/1/162 649/1/162
f 616/1/163 631/1/163 641/1/163
f 657/1/164 623/1/164 617/1/164
f 664/1/165 630/1/165 622/1/165
f 671/1/166 636/1/166 629/1/166
f 677/1/167 640/1/167 636/1/167
f 681/1/168 646/1/168 639/1/168
f 687/1/278 650/1/278 646/1/278
f 691/1/170 682/1/170 672/1/170
f 883/1/571 885/1/571 884/1/571
f 898/1/572 900/1/572 899/1/572
f 905/1/573 907/1/573 906/1/573
f 920/1/574 922/1/574 921/1/574
f 923/1/575 925/1/575 924/1/575
f 938/1/576 940/1/576 939/1/576
f 945/1/577 947/1/577 946/1/577
f 960/1/578 962/1/578 961/1/578
f 883/1/579 901/1/579 885/1/579
f 884/1/580 887/1/580 886/1/580
f 886/1/581 889/1/581 888/1/581
f 889/1/582 890/1/582 888/1/582
f 891/1/583 892/1/583 890/1/583
f 893/1/584 894/1/584 892/1/584
f 894/1/585 897/1/585 896/1/585
f 896/1/586 900/1/586 898/1/586
f 900/1/498 903/1/498 899/1/498
f 901/1/587 905/1/587 906/1/587
f 907/1/588 908/1/588 906/1/588
f 909/1/589 910/1/589 908/1/589
f 910/1/590 913/1/590 912/1/590
f 912/1/591 915/1/591 914/1/591
f 915/1/592 916/1/592 914/1/592
f 917/1/593 918/1/593 916/1/593
f 903/1/490 922/1/490 920/1/490
f 919/1/594 922/1/594 918/1/594
f 924/1/595 941/1/595 923/1/595
f 924/1/596 927/1/596 926/1/596
f 926/1/597 929/1/597 928/1/597
f 928/1/598 931/1/598 930/1/598
f 931/1/599 932/1/599 930/1/599
f 933/1/600 934/1/600 932/1/600
f 935/1/601 936/1/601 934/1/601
f 937/1/602 939/1/602 936/1/602
f 940/1/603 943/1/603 939/1/603
f 941/1/604 947/1/604 945/1/604
f 947/1/605 948/1/605 946/1/605
f 949/1/606 950/1/606 948/1/606
f 950/1/607 953/1/607 952/1/607
f 952/1/608 955/1/608 954/1/608
f 954/1/609 957/1/609 956/1/609
f 956/1/610 959/1/610 958/1/610
f 943/1/611 960/1/611 961/1/611
f 958/1/612 961/1/612 962/1/612
f 883/1/613 925/1/613 923/1/613
f 898/1/614 940/1/614 938/1/614
f 905/1/615 946/1/615 907/1/615
f 921/1/616 960/1/616 920/1/616
f 923/1/617 902/1/617 883/1/617
f 901/1/618 887/1/618 885/1/618
f 886/1/619 925/1/619 884/1/619
f 871/1/620 889/1/620 887/1/620
f 888/1/621 927/1/621 886/1/621
f 872/1/622 891/1/622 889/1/622
f 890/1/623 929/1/623 888/1/623
f 873/1/624 893/1/624 891/1/624
f 933/1/625 890/1/625 892/1/625
f 893/1/626 875/1/626 895/1/626
f 935/1/627 892/1/627 894/1/627
f 895/1/628 876/1/628 897/1/628
f 937/1/629 894/1/629 896/1/629
f 897/1/630 904/1/630 900/1/630
f 938/1/631 896/1/631 898/1/631
f 944/1/632 899/1/632 903/1/632
f 901/1/633 908/1/633 871/1/633
f 902/1/634 945/1/634 905/1/634
f 918/1/635 904/1/635 876/1/635
f 920/1/636 944/1/636 903/1/636
f 946/1/637 909/1/637 907/1/637
f 871/1/638 910/1/638 872/1/638
f 948/1/639 911/1/639 909/1/639
f 872/1/640 912/1/640 873/1/640
f 911/1/641 952/1/641 913/1/641
f 912/1/642 874/1/642 873/1/642
f 952/1/643 915/1/643 913/1/643
f 914/1/644 875/1/644 874/1/644
f 915/1/645 956/1/645 917/1/645
f 916/1/646 876/1/646 875/1/646
f 917/1/647 958/1/647 919/1/647
f 919/1/648 962/1/648 921/1/648
f 926/1/649 942/1/649 924/1/649
f 928/1/650 877/1/650 926/1/650
f 930/1/651 878/1/651 928/1/651
f 932/1/652 879/1/652 930/1/652
f 932/1/653 881/1/653 880/1/653
f 934/1/654 882/1/654 881/1/654
f 936/1/655 943/1/655 882/1/655
f 942/1/656 949/1/656 947/1/656
f 943/1/657 959/1/657 882/1/657
f 877/1/658 951/1/658 949/1/658
f 878/1/659 953/1/659 951/1/659
f 880/1/660 953/1/660 879/1/660
f 881/1/661 955/1/661 880/1/661
f 882/1/662 957/1/662 881/1/662
f 963/1/663 967/1/663 966/1/663
f 964/1/265 967/1/265 968/1/265
f 965/1/466 967/1/466 969/1/466
f 970/1/97 974/1/97 973/1/97
f 971/1/98 974/1/98 975/1/98
f 972/1/99 974/1/99 976/1/99
f 977/1/100 981/1/100 980/1/100
f 978/1/101 981/1/101 982/1/101
f 979/1/102 981/1/102 983/1/102
f 987/1/267 991/1/267 990/1/267
f 988/1/467 991/1/467 992/1/467
f 989/1/105 991/1/105 993/1/105
f 997/1/269 1001/1/269 1000/1/269
f 998/1/107 1001/1/107 1002/1/107
f 999/1/270 1001/1/270 1003/1/270
f 1004/1/109 1008/1/109 1007/1/109
f 1005/1/110 1008/1/110 1009/1/110
f 1006/1/468 1008/1/468 1010/1/468
f 1011/1/112 1015/1/112 1014/1/112
f 1012/1/469 1015/1/469 1016/1/469
f 1013/1/114 1015/1/114 1017/1/114
f 1018/1/115 1022/1/115 1021/1/115
f 1019/1/470 1022/1/470 1023/1/470
f 1020/1/117 1022/1/117 1024/1/117
f 1028/1/272 1032/1/272 1031/1/272
f 1029/1/471 1032/1/471 1033/1/471
f 1030/1/120 1032/1/120 1034/1/120
f 1038/1/121 1042/1/121 1041/1/121
f 1039/1/122 1042/1/122 1043/1/122
f 1040/1/123 1042/1/123 1044/1/123
f 966/1/124 997/1/124 963/1/124
f 964/1/125 1003/1/125 966/1/125
f 995/1/274 1002/1/274 999/1/274
f 996/1/127 998/1/127 1002/1/127
f 993/1/128 995/1/128 989/1/128
f 987/1/129 996/1/129 993/1/129
f 985/1/130 992/1/130 989/1/130
f 986/1/472 988/1/472 992/1/472
f 983/1/132 985/1/132 979/1/132
f 977/1/133 986/1/133 983/1/133
f 972/1/134 982/1/134 979/1/134
f 976/1/135 978/1/135 982/1/135
f 968/1/136 972/1/136 964/1/136
f 965/1/137 975/1/137 968/1/137
f 1006/1/138 1041/1/138 1039/1/138
f 1010/1/139 1038/1/139 1041/1/139
f 1009/1/140 1011/1/140 1005/1/140
f 1006/1/141 1017/1/141 1009/1/141
f 1016/1/142 1018/1/142 1012/1/142
f 1013/1/143 1024/1/143 1016/1/143
f 1019/1/144 1027/1/144 1025/1/144
f 1023/1/145 1026/1/145 1027/1/145
f 1027/1/146 1028/1/146 1025/1/146
f 1026/1/147 1034/1/147 1027/1/147
f 1029/1/473 1037/1/473 1035/1/473
f 1033/1/149 1036/1/149 1037/1/149
f 1037/1/150 1040/1/150 1035/1/150
f 1036/1/151 1043/1/151 1037/1/151
f 965/1/152 1007/1/152 1005/1/152
f 963/1/277 1007/1/277 969/1/277
f 973/1/154 1012/1/154 970/1/154
f 971/1/155 1014/1/155 973/1/155
f 980/1/156 1019/1/156 977/1/156
f 978/1/157 1021/1/157 980/1/157
f 990/1/158 1029/1/158 987/1/158
f 988/1/159 1031/1/159 990/1/159
f 1000/1/160 1038/1/160 997/1/160
f 998/1/161 1044/1/161 1000/1/161
f 1038/1/162 963/1/162 997/1/162
f 964/1/163 979/1/163 989/1/163
f 1005/1/164 971/1/164 965/1/164
f 1012/1/165 978/1/165 970/1/165
f 1019/1/166 984/1/166 977/1/166
f 1025/1/167 988/1/167 984/1/167
f 1029/1/168 994/1/168 987/1/168
f 1035/1/278 998/1/278 994/1/278
f 1039/1/170 1030/1/170 1020/1/170
f 1231/1/758 1233/1/758 1232/1/758
f 1246/1/759 1248/1/759 1247/1/759
f 1253/1/760 1255/1/760 1254/1/760
f 1268/1/761 1270/1/761 1269/1/761
f 1271/1/762 1273/1/762 1272/1/762
f 1286/1/763 1288/1/763 1287/1/763
f 1293/1/764 1295/1/764 1294/1/764
f 1308/1/765 1310/1/765 1309/1/765
f 1231/1/766 1249/1/766 1233/1/766
f 1232/1/767 1235/1/767 1234/1/767
f 1234/1/768 1237/1/768 1236/1/768
f 1237/1/769 1238/1/769 1236/1/769
f 1239/1/770 1240/1/770 1238/1/770
f 1241/1/771 1242/1/771 1240/1/771
f 1242/1/772 1245/1/772 1244/1/772
f 1244/1/773 1248/1/773 1246/1/773
f 1248/1/774 1251/1/774 1247/1/774
f 1249/1/775 1253/1/775 1254/1/775
f 1255/1/776 1256/1/776 1254/1/776
f 1257/1/777 1258/1/777 1256/1/777
f 1258/1/778 1261/1/778 1260/1/778
f 1260/1/779 1263/1/779 1262/1/779
f 1263/1/780 1264/1/780 1262/1/780
f 1265/1/781 1266/1/781 1264/1/781
f 1251/1/782 1270/1/782 1268/1/782
f 1267/1/783 1270/1/783 1266/1/783
f 1272/1/784 1289/1/784 1271/1/784
f 1272/1/785 1275/1/785 1274/1/785
f 1274/1/786 1277/1/786 1276/1/786
f 1276/1/787 1279/1/787 1278/1/787
f 1279/1/788 1280/1/788 1278/1/788
f 1281/1/789 1282/1/789 1280/1/789
f 1283/1/790 1284/1/790 1282/1/790
f 1285/1/791 1287/1/791 1284/1/791
f 1288/1/792 1291/1/792 1287/1/792
f 1289/1/793 1295/1/793 1293/1/793
f 1295/1/794 1296/1/794 1294/1/794
f 1297/1/795 1298/1/795 1296/1/795
f 1298/1/796 1301/1/796 1300/1/796
f 1300/1/797 1303/1/797 1302/1/797
f 1302/1/798 1305/1/798 1304/1/798
f 1304/1/799 1307/1/799 1306/1/799
f 1291/1/800 1308/1/800 1309/1/800
f 1306/1/801 1309/1/801 1310/1/801
f 1231/1/802 1273/1/802 1271/1/802
f 1246/1/803 1288/1/803 1286/1/803
f 1253/1/804 1294/1/804 1255/1/804
f 1269/1/805 1308/1/805 1268/1/805
f 1271/1/806 1250/1/806 1231/1/806
f 1249/1/807 1235/1/807 1233/1/807
f 1234/1/808 1273/1/808 1232/1/808
f 1219/1/809 1237/1/809 1235/1/809
f 1236/1/810 1275/1/810 1234/1/810
f 1220/1/811 1239/1/811 1237/1/811
f 1238/1/812 1277/1/812 1236/1/812
f 1221/1/813 1241/1/813 1239/1/813
f 1240/1/165 1279/1/165 1238/1/165
f 1241/1/814 1223/1/814 1243/1/814
f 1283/1/815 1240/1/815 1242/1/815
f 1243/1/816 1224/1/816 1245/1/816
f 1285/1/817 1242/1/817 1244/1/817
f 1245/1/818 1252/1/818 1248/1/818
f 1246/1/819 1285/1/819 1244/1/819
f 1292/1/820 1247/1/820 1251/1/820
f 1249/1/821 1256/1/821 1219/1/821
f 1250/1/822 1293/1/822 1253/1/822
f 1266/1/823 1252/1/823 1224/1/823
f 1268/1/824 1292/1/824 1251/1/824
f 1294/1/825 1257/1/825 1255/1/825
f 1219/1/826 1258/1/826 1220/1/826
f 1296/1/827 1259/1/827 1257/1/827
f 1220/1/828 1260/1/828 1221/1/828
f 1298/1/829 1261/1/829 1259/1/829
f 1260/1/830 1222/1/830 1221/1/830
f 1261/1/831 1302/1/831 1263/1/831
f 1262/1/832 1223/1/832 1222/1/832
f 1263/1/833 1304/1/833 1265/1/833
f 1264/1/834 1224/1/834 1223/1/834
f 1265/1/835 1306/1/835 1267/1/835
f 1306/1/836 1269/1/836 1267/1/836
f 1274/1/837 1290/1/837 1272/1/837
f 1276/1/838 1225/1/838 1274/1/838
f 1278/1/839 1226/1/839 1276/1/839
f 1280/1/840 1227/1/840 1278/1/840
f 1280/1/841 1229/1/841 1228/1/841
f 1282/1/842 1230/1/842 1229/1/842
f 1284/1/843 1291/1/843 1230/1/843
f 1290/1/844 1297/1/844 1295/1/844
f 1291/1/845 1307/1/845 1230/1/845
f 1225/1/846 1299/1/846 1297/1/846
f 1226/1/847 1301/1/847 1299/1/847
f 1228/1/848 1301/1/848 1227/1/848
f 1229/1/849 1303/1/849 1228/1/849
f 1230/1/850 1305/1/850 1229/1/850
f 1311/1/94 1315/1/94 1314/1/94
f 1312/1/265 1315/1/265 1316/1/265
f 1313/1/466 1315/1/466 1317/1/466
f 1318/1/97 1322/1/97 1321/1/97
f 1319/1/98 1322/1/98 1323/1/98
f 1320/1/99 1322/1/99 1324/1/99
f 1325/1/100 1329/1/100 1328/1/100
f 1326/1/101 1329/1/101 1330/1/101
f 1327/1/102 1329/1/102 1331/1/102
f 1335/1/267 1339/1/267 1338/1/267
f 1336/1/268 1339/1/268 1340/1/268
f 1337/1/105 1339/1/105 1341/1/105
f 1345/1/269 1349/1/269 1348/1/269
f 1346/1/107 1349/1/107 1350/1/107
f 1347/1/270 1349/1/270 1351/1/270
f 1352/1/109 1356/1/109 1355/1/109
f 1353/1/110 1356/1/110 1357/1/110
f 1354/1/468 1356/1/468 1358/1/468
f 1359/1/112 1363/1/112 1362/1/112
f 1360/1/113 1363/1/113 1364/1/113
f 1361/1/114 1363/1/114 1365/1/114
f 1366/1/115 1370/1/115 1369/1/115
f 1367/1/116 1370/1/116 1371/1/116
f 1368/1/271 1370/1/271 1372/1/271
f 1376/1/272 1380/1/272 1379/1/272
f 1377/1/273 1380/1/273 1381/1/273
f 1378/1/120 1380/1/120 1382/1/120
f 1386/1/121 1390/1/121 1389/1/121
f 1387/1/122 1390/1/122 1391/1/122
f 1388/1/123 1390/1/123 1392/1/123
f 1314/1/124 1345/1/124 1311/1/124
f 1312/1/125 1351/1/125 1314/1/125
f 1343/1/274 1350/1/274 1347/1/274
f 1344/1/127 1346/1/127 1350/1/127
f 1341/1/128 1343/1/128 1337/1/128
f 1335/1/275 1344/1/275 1341/1/275
f 1333/1/130 1340/1/130 1337/1/130
f 1334/1/131 1336/1/131 1340/1/131
f 1331/1/132 1333/1/132 1327/1/132
f 1325/1/133 1334/1/133 1331/1/133
f 1320/1/134 1330/1/134 1327/1/134
f 1324/1/135 1326/1/135 1330/1/135
f 1316/1/136 1320/1/136 1312/1/136
f 1313/1/137 1323/1/137 1316/1/137
f 1354/1/138 1389/1/138 1387/1/138
f 1358/1/139 1386/1/139 1389/1/139
f 1357/1/140 1359/1/140 1353/1/140
f 1354/1/141 1365/1/141 1357/1/141
f 1364/1/142 1366/1/142 1360/1/142
f 1361/1/143 1372/1/143 1364/1/143
f 1367/1/144 1375/1/144 1373/1/144
f 1371/1/145 1374/1/145 1375/1/145
f 1375/1/276 1376/1/276 1373/1/276
f 1374/1/147 1382/1/147 1375/1/147
f 1377/1/148 1385/1/148 1383/1/148
f 1381/1/149 1384/1/149 1385/1/149
f 1385/1/150 1388/1/150 1383/1/150
f 1384/1/151 1391/1/151 1385/1/151
f 1317/1/152 1353/1/152 1313/1/152
f 1311/1/277 1355/1/277 1317/1/277
f 1321/1/154 1360/1/154 1318/1/154
f 1319/1/155 1362/1/155 1321/1/155
f 1328/1/156 1367/1/156 1325/1/156
f 1326/1/157 1369/1/157 1328/1/157
f 1338/1/158 1377/1/158 1335/1/158
f 1336/1/159 1379/1/159 1338/1/159
f 1348/1/160 1386/1/160 1345/1/160
f 1346/1/161 1392/1/161 1348/1/161
f 1386/1/162 1311/1/162 1345/1/162
f 1312/1/163 1327/1/163 1337/1/163
f 1353/1/164 1319/1/164 1313/1/164
f 1360/1/165 1326/1/165 1318/1/165
f 1367/1/166 1332/1/166 1325/1/166
f 1373/1/167 1336/1/167 1332/1/167
f 1377/1/168 1342/1/168 1335/1/168
f 1383/1/278 1346/1/278 1342/1/278
f 1387/1/170 1378/1/170 1368/1/170
f 1579/1/944 1581/1/944 1580/1/944
f 1594/1/945 1596/1/945 1595/1/945
f 1601/1/946 1603/1/946 1602/1/946
f 1616/1/947 1618/1/947 1617/1/947
f 1619/1/948 1621/1/948 1620/1/948
f 1634/1/949 1636/1/949 1635/1/949
f 1641/1/950 1643/1/950 1642/1/950
f 1656/1/951 1658/1/951 1657/1/951
f 1579/1/952 1597/1/952 1581/1/952
f 1580/1/953 1583/1/953 1582/1/953
f 1582/1/954 1585/1/954 1584/1/954
f 1585/1/955 1586/1/955 1584/1/955
f 1587/1/956 1588/1/956 1586/1/956
f 1589/1/957 1590/1/957 1588/1/957
f 1590/1/958 1593/1/958 1592/1/958
f 1592/1/959 1596/1/959 1594/1/959
f 1596/1/960 1599/1/960 1595/1/960
f 1597/1/961 1601/1/961 1602/1/961
f 1603/1/962 1604/1/962 1602/1/962
f 1605/1/963 1606/1/963 1604/1/963
f 1606/1/964 1609/1/964 1608/1/964
f 1608/1/965 1611/1/965 1610/1/965
f 1611/1/966 1612/1/966 1610/1/966
f 1613/1/967 1614/1/967 1612/1/967
f 1599/1/968 1618/1/968 1616/1/968
f 1615/1/969 1618/1/969 1614/1/969
f 1620/1/970 1637/1/970 1619/1/970
f 1620/1/971 1623/1/971 1622/1/971
f 1622/1/972 1625/1/972 1624/1/972
f 1624/1/973 1627/1/973 1626/1/973
f 1627/1/974 1628/1/974 1626/1/974
f 1629/1/975 1630/1/975 1628/1/975
f 1631/1/976 1632/1/976 1630/1/976
f 1633/1/977 1635/1/977 1632/1/977
f 1636/1/978 1639/1/978 1635/1/978
f 1637/1/979 1643/1/979 1641/1/979
f 1643/1/980 1644/1/980 1642/1/980
f 1645/1/981 1646/1/981 1644/1/981
f 1646/1/982 1649/1/982 1648/1/982
f 1648/1/983 1651/1/983 1650/1/983
f 1650/1/984 1653/1/984 1652/1/984
f 1652/1/985 1655/1/985 1654/1/985
f 1639/1/986 1656/1/986 1657/1/986
f 1654/1/987 1657/1/987 1658/1/987
f 1579/1/988 1621/1/988 1619/1/988
f 1594/1/989 1636/1/989 1634/1/989
f 1601/1/990 1642/1/990 1603/1/990
f 1617/1/991 1656/1/991 1616/1/991
f 1619/1/992 1598/1/992 1579/1/992
f 1597/1/993 1583/1/993 1581/1/993
f 1582/1/994 1621/1/994 1580/1/994
f 1567/1/995 1585/1/995 1583/1/995
f 1584/1/996 1623/1/996 1582/1/996
f 1568/1/997 1587/1/997 1585/1/997
f 1586/1/998 1625/1/998 1584/1/998
f 1569/1/999 1589/1/999 1587/1/999
f 1629/1/1000 1586/1/1000 1588/1/1000
f 1589/1/1001 1571/1/1001 1591/1/1001
f 1590/1/1002 1629/1/1002 1588/1/1002
f 1591/1/1003 1572/1/1003 1593/1/1003
f 1592/1/1004 1631/1/1004 1590/1/1004
f 1593/1/1005 1600/1/1005 1596/1/1005
f 1594/1/1006 1633/1/1006 1592/1/1006
f 1640/1/1007 1595/1/1007 1599/1/1007
f 1597/1/1008 1604/1/1008 1567/1/1008
f 1598/1/1009 1641/1/1009 1601/1/1009
f 1614/1/1010 1600/1/1010 1572/1/1010
f 1616/1/1007 1640/1/1007 1599/1/1007
f 1603/1/1011 1644/1/1011 1605/1/1011
f 1567/1/1012 1606/1/1012 1568/1/1012
f 1605/1/1013 1646/1/1013 1607/1/1013
f 1568/1/1014 1608/1/1014 1569/1/1014
f 1607/1/1015 1648/1/1015 1609/1/1015
f 1608/1/1016 1570/1/1016 1569/1/1016
f 1648/1/1017 1611/1/1017 1609/1/1017
f 1610/1/1018 1571/1/1018 1570/1/1018
f 1611/1/1019 1652/1/1019 1613/1/1019
f 1612/1/1020 1572/1/1020 1571/1/1020
f 1613/1/1021 1654/1/1021 1615/1/1021
f 1654/1/1022 1617/1/1022 1615/1/1022
f 1622/1/1023 1638/1/1023 1620/1/1023
f 1624/1/1024 1573/1/1024 1622/1/1024
f 1626/1/1025 1574/1/1025 1624/1/1025
f 1628/1/1026 1575/1/1026 1626/1/1026
f 1628/1/1027 1577/1/1027 1576/1/1027
f 1630/1/1028 1578/1/1028 1577/1/1028
f 1632/1/1029 1639/1/1029 1578/1/1029
f 1638/1/1030 1645/1/1030 1643/1/1030
f 1639/1/1031 1655/1/1031 1578/1/1031
f 1573/1/1032 1647/1/1032 1645/1/1032
f 1574/1/1033 1649/1/1033 1647/1/1033
f 1576/1/1034 1649/1/1034 1575/1/1034
f 1577/1/1035 1651/1/1035 1576/1/1035
f 1578/1/1036 1653/1/1036 1577/1/1036
f 1659/1/94 1663/1/94 1662/1/94
f 1660/1/265 1663/1/265 1664/1/265
f 1661/1/266 1663/1/266 1665/1/266
f 1666/1/97 1670/1/97 1669/1/97
f 1667/1/98 1670/1/98 1671/1/98
f 1668/1/99 1670/1/99 1672/1/99
f 1673/1/100 1677/1/100 1676/1/100
f 1674/1/101 1677/1/101 1678/1/101
f 1675/1/102 1677/1/102 1679/1/102
f 1683/1/103 1687/1/103 1686/1/103
f 1684/1/104 1687/1/104 1688/1/104
f 1685/1/105 1687/1/105 1689/1/105
f 1693/1/269 1697/1/269 1696/1/269
f 1694/1/107 1697/1/107 1698/1/107
f 1695/1/270 1697/1/270 1699/1/270
f 1700/1/109 1704/1/109 1703/1/109
f 1701/1/110 1704/1/110 1705/1/110
f 1702/1/111 1704/1/111 1706/1/111
f 1707/1/112 1711/1/112 1710/1/112
f 1708/1/113 1711/1/113 1712/1/113
f 1709/1/114 1711/1/114 1713/1/114
f 1714/1/1037 1718/1/1037 1717/1/1037
f 1715/1/116 1718/1/116 1719/1/116
f 1716/1/271 1718/1/271 1720/1/271
f 1724/1/118 1728/1/118 1727/1/118
f 1725/1/119 1728/1/119 1729/1/119
f 1726/1/120 1728/1/120 1730/1/120
f 1734/1/121 1738/1/121 1737/1/121
f 1735/1/122 1738/1/122 1739/1/122
f 1736/1/123 1738/1/123 1740/1/123
f 1662/1/124 1693/1/124 1659/1/124
f 1660/1/125 1699/1/125 1662/1/125
f 1691/1/274 1698/1/274 1695/1/274
f 1692/1/127 1694/1/127 1698/1/127
f 1689/1/128 1691/1/128 1685/1/128
f 1683/1/129 1692/1/129 1689/1/129
f 1681/1/130 1688/1/130 1685/1/130
f 1682/1/472 1684/1/472 1688/1/472
f 1679/1/570 1681/1/570 1675/1/570
f 1673/1/133 1682/1/133 1679/1/133
f 1668/1/134 1678/1/134 1675/1/134
f 1672/1/135 1674/1/135 1678/1/135
f 1660/1/136 1671/1/136 1668/1/136
f 1661/1/137 1671/1/137 1664/1/137
f 1702/1/138 1737/1/138 1735/1/138
f 1706/1/139 1734/1/139 1737/1/139
f 1701/1/140 1713/1/140 1707/1/140
f 1702/1/141 1713/1/141 1705/1/141
f 1712/1/142 1714/1/142 1708/1/142
f 1709/1/143 1720/1/143 1712/1/143
f 1715/1/144 1723/1/144 1721/1/144
f 1719/1/145 1722/1/145 1723/1/145
f 1723/1/146 1724/1/146 1721/1/146
f 1722/1/147 1730/1/147 1723/1/147
f 1725/1/148 1733/1/148 1731/1/148
f 1729/1/149 1732/1/149 1733/1/149
f 1733/1/150 1736/1/150 1731/1/150
f 1732/1/151 1739/1/151 1733/1/151
f 1665/1/152 1701/1/152 1661/1/152
f 1659/1/277 1703/1/277 1665/1/277
f 1669/1/154 1708/1/154 1666/1/154
f 1667/1/155 1710/1/155 1669/1/155
f 1676/1/156 1715/1/156 1673/1/156
f 1674/1/157 1717/1/157 1676/1/157
f 1686/1/158 1725/1/158 1683/1/158
f 1686/1/159 1724/1/159 1727/1/159
f 1696/1/160 1734/1/160 1693/1/160
f 1694/1/161 1740/1/161 1696/1/161
f 1734/1/162 1659/1/162 1693/1/162
f 1660/1/163 1675/1/163 1685/1/163
f 1701/1/164 1667/1/164 1661/1/164
f 1708/1/165 1674/1/165 1666/1/165
f 1715/1/166 1680/1/166 1673/1/166
f 1721/1/167 1684/1/167 1680/1/167
f 1725/1/168 1690/1/168 1683/1/168
f 1731/1/278 1694/1/278 1690/1/278
f 1735/1/170 1726/1/170 1716/1/170
f 187/1/1228 206/1/1228 205/1/1228
f 188/1/1229 189/1/1229 191/1/1229
f 190/1/1230 191/1/1230 193/1/1230
f 193/1/1231 195/1/1231 194/1/1231
f 195/1/1232 197/1/1232 196/1/1232
f 196/1/1233 197/1/1233 199/1/1233
f 198/1/1234 199/1/1234 201/1/1234
f 200/1/1235 201/1/1235 204/1/1235
f 204/1/1236 208/1/1236 207/1/1236
f 205/1/1228 206/1/1228 209/1/1228
f 211/1/1237 213/1/1237 212/1/1237
f 213/1/1238 215/1/1238 214/1/1238
f 214/1/1239 215/1/1239 217/1/1239
f 216/1/1240 217/1/1240 219/1/1240
f 218/1/1241 219/1/1241 221/1/1241
f 221/1/1242 223/1/1242 222/1/1242
f 207/1/1243 208/1/1243 226/1/1243
f 223/1/1244 225/1/1244 226/1/1244
f 228/1/1245 246/1/1245 245/1/1245
f 228/1/1246 229/1/1246 231/1/1246
f 230/1/1247 231/1/1247 233/1/1247
f 233/1/1248 235/1/1248 234/1/1248
f 235/1/1249 237/1/1249 236/1/1249
f 237/1/1250 239/1/1250 238/1/1250
f 239/1/1251 241/1/1251 240/1/1251
f 241/1/1252 242/1/1252 243/1/1252
f 244/1/1253 248/1/1253 247/1/1253
f 245/1/1254 246/1/1254 251/1/1254
f 251/1/1255 253/1/1255 252/1/1255
f 253/1/1256 255/1/1256 254/1/1256
f 255/1/1257 257/1/1257 256/1/1257
f 256/1/1258 257/1/1258 259/1/1258
f 258/1/1259 259/1/1259 261/1/1259
f 260/1/1260 261/1/1260 263/1/1260
f 247/1/1261 248/1/1261 264/1/1261
f 262/1/1262 263/1/1262 265/1/1262
f 187/1/1263 188/1/1263 229/1/1263
f 202/1/1264 203/1/1264 244/1/1264
f 209/1/1265 249/1/1265 250/1/1265
f 225/1/1266 266/1/1266 264/1/1266
f 227/1/1267 245/1/1267 206/1/1267
f 205/1/1268 175/1/1268 191/1/1268
f 231/1/1269 229/1/1269 188/1/1269
f 175/1/1270 176/1/1270 193/1/1270
f 192/1/1271 233/1/1271 231/1/1271
f 176/1/1272 177/1/1272 195/1/1272
f 194/1/1273 235/1/1273 233/1/1273
f 195/1/1274 177/1/1274 178/1/1274
f 196/1/1275 237/1/1275 235/1/1275
f 197/1/1276 178/1/1276 179/1/1276
f 239/1/1277 237/1/1277 196/1/1277
f 199/1/1278 179/1/1278 180/1/1278
f 241/1/1279 239/1/1279 198/1/1279
f 201/1/1280 180/1/1280 208/1/1280
f 242/1/1281 241/1/1281 200/1/1281
f 248/1/1282 244/1/1282 203/1/1282
f 205/1/1283 210/1/1283 212/1/1283
f 206/1/1284 245/1/1284 249/1/1284
f 222/1/1285 226/1/1285 208/1/1285
f 224/1/1286 264/1/1286 248/1/1286
f 250/1/1287 252/1/1287 213/1/1287
f 175/1/1288 212/1/1288 214/1/1288
f 213/1/1289 252/1/1289 254/1/1289
f 176/1/1290 214/1/1290 216/1/1290
f 215/1/1291 254/1/1291 256/1/1291
f 177/1/1292 216/1/1292 218/1/1292
f 217/1/243 256/1/243 258/1/243
f 218/1/1293 220/1/1293 179/1/1293
f 258/1/1294 260/1/1294 221/1/1294
f 220/1/1295 222/1/1295 180/1/1295
f 221/1/1296 260/1/1296 262/1/1296
f 262/1/1297 266/1/1297 225/1/1297
f 230/1/1298 181/1/1298 246/1/1298
f 232/1/1299 182/1/1299 181/1/1299
f 234/1/1300 183/1/1300 182/1/1300
f 234/1/1301 236/1/1301 184/1/1301
f 236/1/1302 238/1/1302 185/1/1302
f 238/1/1303 240/1/1303 186/1/1303
f 240/1/1304 243/1/1304 247/1/1304
f 246/1/1305 181/1/1305 253/1/1305
f 247/1/1306 265/1/1306 263/1/1306
f 181/1/1307 182/1/1307 255/1/1307
f 182/1/1308 183/1/1308 257/1/1308
f 183/1/1309 184/1/1309 259/1/1309
f 185/1/1310 261/1/1310 259/1/1310
f 186/1/1311 263/1/1311 261/1/1311
f 267/1/1174 273/1/1174 271/1/1174
f 268/1/1175 270/1/1175 271/1/1175
f 269/1/1176 272/1/1176 271/1/1176
f 274/1/1177 280/1/1177 278/1/1177
f 275/1/1178 277/1/1178 278/1/1178
f 276/1/1179 279/1/1179 278/1/1179
f 281/1/1180 287/1/1180 285/1/1180
f 282/1/1181 284/1/1181 285/1/1181
f 283/1/1312 286/1/1312 285/1/1312
f 291/1/1313 297/1/1313 295/1/1313
f 292/1/1314 294/1/1314 295/1/1314
f 293/1/1185 296/1/1185 295/1/1185
f 301/1/1186 307/1/1186 305/1/1186
f 302/1/1187 304/1/1187 305/1/1187
f 303/1/1188 306/1/1188 305/1/1188
f 308/1/1189 314/1/1189 312/1/1189
f 309/1/1190 311/1/1190 312/1/1190
f 310/1/1191 313/1/1191 312/1/1191
f 315/1/1192 321/1/1192 319/1/1192
f 316/1/1193 318/1/1193 319/1/1193
f 317/1/1194 320/1/1194 319/1/1194
f 322/1/1195 328/1/1195 326/1/1195
f 323/1/1196 325/1/1196 326/1/1196
f 324/1/1197 327/1/1197 326/1/1197
f 332/1/1315 338/1/1315 336/1/1315
f 333/1/1316 335/1/1316 336/1/1316
f 334/1/1200 337/1/1200 336/1/1200
f 342/1/1317 348/1/1317 346/1/1317
f 343/1/1318 345/1/1318 346/1/1318
f 344/1/1203 347/1/1203 346/1/1203
f 270/1/1204 307/1/1204 301/1/1204
f 268/1/1205 303/1/1205 307/1/1205
f 299/1/1206 300/1/1206 306/1/1206
f 300/1/1207 298/1/1207 302/1/1207
f 297/1/1208 300/1/1208 299/1/1208
f 291/1/1319 298/1/1319 300/1/1319
f 289/1/1210 290/1/1210 296/1/1210
f 290/1/1211 288/1/1211 292/1/1211
f 287/1/1212 290/1/1212 289/1/1212
f 281/1/1213 288/1/1213 290/1/1213
f 276/1/1214 280/1/1214 286/1/1214
f 280/1/1215 274/1/1215 282/1/1215
f 272/1/136 279/1/136 276/1/136
f 269/1/137 275/1/137 279/1/137
f 310/1/1216 314/1/1216 345/1/1216
f 314/1/1217 308/1/1217 342/1/1217
f 313/1/140 321/1/140 315/1/140
f 310/1/141 317/1/141 321/1/141
f 320/1/1218 328/1/1218 322/1/1218
f 317/1/1219 324/1/1219 328/1/1219
f 323/1/1220 327/1/1220 331/1/1220
f 327/1/1221 324/1/1221 330/1/1221
f 331/1/1320 338/1/1320 332/1/1320
f 330/1/1223 334/1/1223 338/1/1223
f 333/1/1224 337/1/1224 341/1/1224
f 337/1/1225 334/1/1225 340/1/1225
f 341/1/1226 347/1/1226 344/1/1226
f 340/1/1321 343/1/1321 347/1/1321
f 273/1/152 311/1/152 309/1/152
f 267/1/277 308/1/277 311/1/277
f 277/1/154 318/1/154 316/1/154
f 275/1/155 315/1/155 318/1/155
f 284/1/156 325/1/156 323/1/156
f 282/1/157 322/1/157 325/1/157
f 294/1/158 335/1/158 333/1/158
f 292/1/159 332/1/159 335/1/159
f 304/1/160 348/1/160 342/1/160
f 302/1/161 344/1/161 348/1/161
f 342/1/162 308/1/162 267/1/162
f 299/1/163 303/1/163 268/1/163
f 268/1/163 276/1/163 283/1/163
f 283/1/163 289/1/163 293/1/163
f 293/1/163 299/1/163 268/1/163
f 309/1/164 315/1/164 275/1/164
f 316/1/165 322/1/165 282/1/165
f 323/1/166 329/1/166 288/1/166
f 329/1/167 332/1/167 292/1/167
f 333/1/168 339/1/168 298/1/168
f 339/1/278 344/1/278 302/1/278
f 317/1/170 310/1/170 343/1/170
f 343/1/170 340/1/170 334/1/170
f 334/1/170 330/1/170 324/1/170
f 324/1/170 317/1/170 343/1/170
f 535/1/1409 554/1/1409 553/1/1409
f 536/1/1410 537/1/1410 539/1/1410
f 538/1/1411 539/1/1411 541/1/1411
f 541/1/1412 543/1/1412 542/1/1412
f 543/1/1413 545/1/1413 544/1/1413
f 544/1/1414 545/1/1414 547/1/1414
f 546/1/1415 547/1/1415 549/1/1415
f 548/1/1416 549/1/1416 552/1/1416
f 552/1/1417 556/1/1417 555/1/1417
f 553/1/1409 554/1/1409 557/1/1409
f 559/1/1418 561/1/1418 560/1/1418
f 561/1/1419 563/1/1419 562/1/1419
f 562/1/1420 563/1/1420 565/1/1420
f 564/1/1421 565/1/1421 567/1/1421
f 566/1/1422 567/1/1422 569/1/1422
f 569/1/1423 571/1/1423 570/1/1423
f 555/1/1424 556/1/1424 574/1/1424
f 571/1/1425 573/1/1425 574/1/1425
f 576/1/1426 594/1/1426 593/1/1426
f 576/1/1427 577/1/1427 579/1/1427
f 578/1/1428 579/1/1428 581/1/1428
f 581/1/1429 583/1/1429 582/1/1429
f 583/1/1430 585/1/1430 584/1/1430
f 585/1/1431 587/1/1431 586/1/1431
f 587/1/1432 589/1/1432 588/1/1432
f 589/1/1433 590/1/1433 591/1/1433
f 592/1/1434 596/1/1434 595/1/1434
f 593/1/1435 594/1/1435 599/1/1435
f 599/1/1436 601/1/1436 600/1/1436
f 601/1/1437 603/1/1437 602/1/1437
f 603/1/1438 605/1/1438 604/1/1438
f 604/1/1439 605/1/1439 607/1/1439
f 606/1/1440 607/1/1440 609/1/1440
f 608/1/1441 609/1/1441 611/1/1441
f 595/1/1434 596/1/1434 612/1/1434
f 610/1/1442 611/1/1442 613/1/1442
f 535/1/1443 536/1/1443 577/1/1443
f 550/1/1444 551/1/1444 592/1/1444
f 557/1/1445 597/1/1445 598/1/1445
f 573/1/1446 614/1/1446 612/1/1446
f 575/1/1447 593/1/1447 554/1/1447
f 553/1/1448 523/1/1448 539/1/1448
f 538/1/1449 579/1/1449 577/1/1449
f 523/1/1450 524/1/1450 541/1/1450
f 540/1/1451 581/1/1451 579/1/1451
f 524/1/1452 525/1/1452 543/1/1452
f 583/1/1453 581/1/1453 540/1/1453
f 543/1/1454 525/1/1454 526/1/1454
f 585/1/1455 583/1/1455 542/1/1455
f 545/1/1456 526/1/1456 527/1/1456
f 587/1/1457 585/1/1457 544/1/1457
f 547/1/1458 527/1/1458 528/1/1458
f 589/1/1459 587/1/1459 546/1/1459
f 549/1/1460 528/1/1460 556/1/1460
f 550/1/1461 590/1/1461 589/1/1461
f 596/1/1462 592/1/1462 551/1/1462
f 553/1/1463 558/1/1463 560/1/1463
f 554/1/1464 593/1/1464 597/1/1464
f 570/1/1465 574/1/1465 556/1/1465
f 572/1/1466 612/1/1466 596/1/1466
f 598/1/1467 600/1/1467 561/1/1467
f 523/1/1468 560/1/1468 562/1/1468
f 561/1/1469 600/1/1469 602/1/1469
f 524/1/1470 562/1/1470 564/1/1470
f 563/1/1471 602/1/1471 604/1/1471
f 525/1/1472 564/1/1472 566/1/1472
f 565/1/1473 604/1/1473 606/1/1473
f 566/1/1474 568/1/1474 527/1/1474
f 567/1/1475 606/1/1475 608/1/1475
f 568/1/1476 570/1/1476 528/1/1476
f 608/1/1477 610/1/1477 571/1/1477
f 571/1/1478 610/1/1478 614/1/1478
f 578/1/1479 529/1/1479 594/1/1479
f 580/1/1480 530/1/1480 529/1/1480
f 582/1/1481 531/1/1481 530/1/1481
f 582/1/1482 584/1/1482 532/1/1482
f 584/1/1483 586/1/1483 533/1/1483
f 586/1/1484 588/1/1484 534/1/1484
f 588/1/1485 591/1/1485 595/1/1485
f 594/1/1486 529/1/1486 601/1/1486
f 595/1/1487 613/1/1487 611/1/1487
f 529/1/1488 530/1/1488 603/1/1488
f 530/1/1489 531/1/1489 605/1/1489
f 531/1/1490 532/1/1490 607/1/1490
f 533/1/1491 609/1/1491 607/1/1491
f 534/1/1492 611/1/1492 609/1/1492
f 615/1/1174 621/1/1174 619/1/1174
f 616/1/1493 618/1/1493 619/1/1493
f 617/1/1176 620/1/1176 619/1/1176
f 622/1/1494 628/1/1494 626/1/1494
f 623/1/1178 625/1/1178 626/1/1178
f 624/1/1179 627/1/1179 626/1/1179
f 629/1/1495 635/1/1495 633/1/1495
f 630/1/1181 632/1/1181 633/1/1181
f 631/1/1182 634/1/1182 633/1/1182
f 639/1/1183 645/1/1183 643/1/1183
f 640/1/1314 642/1/1314 643/1/1314
f 641/1/1185 644/1/1185 643/1/1185
f 649/1/1186 655/1/1186 653/1/1186
f 650/1/1187 652/1/1187 653/1/1187
f 651/1/1188 654/1/1188 653/1/1188
f 656/1/1189 662/1/1189 660/1/1189
f 657/1/1190 659/1/1190 660/1/1190
f 658/1/1191 661/1/1191 660/1/1191
f 663/1/1192 669/1/1192 667/1/1192
f 664/1/1193 666/1/1193 667/1/1193
f 665/1/1194 668/1/1194 667/1/1194
f 670/1/1195 676/1/1195 674/1/1195
f 671/1/1196 673/1/1196 674/1/1196
f 672/1/1197 675/1/1197 674/1/1197
f 680/1/1198 686/1/1198 684/1/1198
f 681/1/1316 683/1/1316 684/1/1316
f 682/1/1200 685/1/1200 684/1/1200
f 690/1/1317 696/1/1317 694/1/1317
f 691/1/1318 693/1/1318 694/1/1318
f 692/1/1203 695/1/1203 694/1/1203
f 618/1/1204 655/1/1204 649/1/1204
f 616/1/1205 651/1/1205 655/1/1205
f 647/1/1206 648/1/1206 654/1/1206
f 648/1/1207 646/1/1207 650/1/1207
f 645/1/1208 648/1/1208 647/1/1208
f 639/1/1319 646/1/1319 648/1/1319
f 637/1/1210 638/1/1210 644/1/1210
f 638/1/1211 636/1/1211 640/1/1211
f 635/1/1212 638/1/1212 637/1/1212
f 629/1/1213 636/1/1213 638/1/1213
f 624/1/1214 628/1/1214 634/1/1214
f 628/1/1215 622/1/1215 630/1/1215
f 620/1/136 627/1/136 624/1/136
f 617/1/137 623/1/137 627/1/137
f 658/1/1216 662/1/1216 693/1/1216
f 662/1/1217 656/1/1217 690/1/1217
f 661/1/140 669/1/140 663/1/140
f 658/1/141 665/1/141 669/1/141
f 668/1/1218 676/1/1218 670/1/1218
f 665/1/1219 672/1/1219 676/1/1219
f 671/1/1220 675/1/1220 679/1/1220
f 675/1/1221 672/1/1221 678/1/1221
f 679/1/1320 686/1/1320 680/1/1320
f 678/1/1223 682/1/1223 686/1/1223
f 681/1/1224 685/1/1224 689/1/1224
f 685/1/1225 682/1/1225 688/1/1225
f 689/1/1226 695/1/1226 692/1/1226
f 688/1/1321 691/1/1321 695/1/1321
f 617/1/152 621/1/152 659/1/152
f 615/1/277 656/1/277 659/1/277
f 625/1/154 666/1/154 664/1/154
f 623/1/155 663/1/155 666/1/155
f 632/1/156 673/1/156 671/1/156
f 630/1/157 670/1/157 673/1/157
f 642/1/158 683/1/158 681/1/158
f 640/1/159 680/1/159 683/1/159
f 652/1/160 696/1/160 690/1/160
f 650/1/161 692/1/161 696/1/161
f 690/1/162 656/1/162 615/1/162
f 647/1/163 651/1/163 616/1/163
f 616/1/163 624/1/163 631/1/163
f 631/1/163 637/1/163 641/1/163
f 641/1/163 647/1/163 616/1/163
f 657/1/164 663/1/164 623/1/164
f 664/1/165 670/1/165 630/1/165
f 671/1/166 677/1/166 636/1/166
f 677/1/167 680/1/167 640/1/167
f 681/1/168 687/1/168 646/1/168
f 687/1/278 692/1/278 650/1/278
f 665/1/170 658/1/170 691/1/170
f 691/1/170 688/1/170 682/1/170
f 682/1/170 678/1/170 672/1/170
f 672/1/170 665/1/170 691/1/170
f 883/1/1584 902/1/1584 901/1/1584
f 884/1/1585 885/1/1585 887/1/1585
f 886/1/1586 887/1/1586 889/1/1586
f 889/1/1587 891/1/1587 890/1/1587
f 891/1/1588 893/1/1588 892/1/1588
f 893/1/1589 895/1/1589 894/1/1589
f 894/1/1590 895/1/1590 897/1/1590
f 896/1/1591 897/1/1591 900/1/1591
f 900/1/1592 904/1/1592 903/1/1592
f 901/1/1584 902/1/1584 905/1/1584
f 907/1/1593 909/1/1593 908/1/1593
f 909/1/1594 911/1/1594 910/1/1594
f 910/1/1595 911/1/1595 913/1/1595
f 912/1/1596 913/1/1596 915/1/1596
f 915/1/1597 917/1/1597 916/1/1597
f 917/1/1598 919/1/1598 918/1/1598
f 903/1/1599 904/1/1599 922/1/1599
f 919/1/1600 921/1/1600 922/1/1600
f 924/1/1601 942/1/1601 941/1/1601
f 924/1/1602 925/1/1602 927/1/1602
f 926/1/1603 927/1/1603 929/1/1603
f 928/1/1604 929/1/1604 931/1/1604
f 931/1/1605 933/1/1605 932/1/1605
f 933/1/1606 935/1/1606 934/1/1606
f 935/1/1607 937/1/1607 936/1/1607
f 937/1/1608 938/1/1608 939/1/1608
f 940/1/1529 944/1/1529 943/1/1529
f 941/1/1609 942/1/1609 947/1/1609
f 947/1/1610 949/1/1610 948/1/1610
f 949/1/1611 951/1/1611 950/1/1611
f 950/1/1612 951/1/1612 953/1/1612
f 952/1/1613 953/1/1613 955/1/1613
f 954/1/1614 955/1/1614 957/1/1614
f 956/1/1615 957/1/1615 959/1/1615
f 943/1/1616 944/1/1616 960/1/1616
f 958/1/1617 959/1/1617 961/1/1617
f 883/1/1618 884/1/1618 925/1/1618
f 898/1/1619 899/1/1619 940/1/1619
f 905/1/1620 945/1/1620 946/1/1620
f 921/1/1621 962/1/1621 960/1/1621
f 923/1/1622 941/1/1622 902/1/1622
f 901/1/1623 871/1/1623 887/1/1623
f 886/1/1624 927/1/1624 925/1/1624
f 871/1/1625 872/1/1625 889/1/1625
f 888/1/1626 929/1/1626 927/1/1626
f 872/1/1627 873/1/1627 891/1/1627
f 890/1/1628 931/1/1628 929/1/1628
f 873/1/1629 874/1/1629 893/1/1629
f 933/1/1630 931/1/1630 890/1/1630
f 893/1/1631 874/1/1631 875/1/1631
f 935/1/1632 933/1/1632 892/1/1632
f 895/1/1633 875/1/1633 876/1/1633
f 937/1/1634 935/1/1634 894/1/1634
f 897/1/1635 876/1/1635 904/1/1635
f 938/1/1636 937/1/1636 896/1/1636
f 944/1/1637 940/1/1637 899/1/1637
f 901/1/1638 906/1/1638 908/1/1638
f 902/1/1639 941/1/1639 945/1/1639
f 918/1/1640 922/1/1640 904/1/1640
f 920/1/1641 960/1/1641 944/1/1641
f 946/1/1642 948/1/1642 909/1/1642
f 871/1/1643 908/1/1643 910/1/1643
f 948/1/1644 950/1/1644 911/1/1644
f 872/1/1645 910/1/1645 912/1/1645
f 911/1/1646 950/1/1646 952/1/1646
f 912/1/1647 914/1/1647 874/1/1647
f 952/1/1648 954/1/1648 915/1/1648
f 914/1/1649 916/1/1649 875/1/1649
f 915/1/1650 954/1/1650 956/1/1650
f 916/1/1651 918/1/1651 876/1/1651
f 917/1/1652 956/1/1652 958/1/1652
f 919/1/1653 958/1/1653 962/1/1653
f 926/1/1654 877/1/1654 942/1/1654
f 928/1/1655 878/1/1655 877/1/1655
f 930/1/1656 879/1/1656 878/1/1656
f 932/1/1657 880/1/1657 879/1/1657
f 932/1/1658 934/1/1658 881/1/1658
f 934/1/1659 936/1/1659 882/1/1659
f 936/1/1660 939/1/1660 943/1/1660
f 942/1/1661 877/1/1661 949/1/1661
f 943/1/1662 961/1/1662 959/1/1662
f 877/1/1663 878/1/1663 951/1/1663
f 878/1/1664 879/1/1664 953/1/1664
f 880/1/1665 955/1/1665 953/1/1665
f 881/1/1666 957/1/1666 955/1/1666
f 882/1/1667 959/1/1667 957/1/1667
f 963/1/1174 969/1/1174 967/1/1174
f 964/1/1493 966/1/1493 967/1/1493
f 965/1/1668 968/1/1668 967/1/1668
f 970/1/1494 976/1/1494 974/1/1494
f 971/1/1178 973/1/1178 974/1/1178
f 972/1/1179 975/1/1179 974/1/1179
f 977/1/1495 983/1/1495 981/1/1495
f 978/1/1181 980/1/1181 981/1/1181
f 979/1/1182 982/1/1182 981/1/1182
f 987/1/1313 993/1/1313 991/1/1313
f 988/1/1314 990/1/1314 991/1/1314
f 989/1/1185 992/1/1185 991/1/1185
f 997/1/1186 1003/1/1186 1001/1/1186
f 998/1/1187 1000/1/1187 1001/1/1187
f 999/1/1188 1002/1/1188 1001/1/1188
f 1004/1/1581 1010/1/1581 1008/1/1581
f 1005/1/1190 1007/1/1190 1008/1/1190
f 1006/1/1191 1009/1/1191 1008/1/1191
f 1011/1/1192 1017/1/1192 1015/1/1192
f 1012/1/1193 1014/1/1193 1015/1/1193
f 1013/1/1194 1016/1/1194 1015/1/1194
f 1018/1/1195 1024/1/1195 1022/1/1195
f 1019/1/1196 1021/1/1196 1022/1/1196
f 1020/1/1197 1023/1/1197 1022/1/1197
f 1028/1/1315 1034/1/1315 1032/1/1315
f 1029/1/1316 1031/1/1316 1032/1/1316
f 1030/1/1200 1033/1/1200 1032/1/1200
f 1038/1/1317 1044/1/1317 1042/1/1317
f 1039/1/1318 1041/1/1318 1042/1/1318
f 1040/1/1582 1043/1/1582 1042/1/1582
f 966/1/1204 1003/1/1204 997/1/1204
f 964/1/1205 999/1/1205 1003/1/1205
f 995/1/1206 996/1/1206 1002/1/1206
f 996/1/1207 994/1/1207 998/1/1207
f 993/1/1208 996/1/1208 995/1/1208
f 987/1/1209 994/1/1209 996/1/1209
f 985/1/1210 986/1/1210 992/1/1210
f 986/1/1669 984/1/1669 988/1/1669
f 983/1/1212 986/1/1212 985/1/1212
f 977/1/1213 984/1/1213 986/1/1213
f 972/1/1214 976/1/1214 982/1/1214
f 976/1/1215 970/1/1215 978/1/1215
f 968/1/136 975/1/136 972/1/136
f 965/1/137 971/1/137 975/1/137
f 1006/1/1216 1010/1/1216 1041/1/1216
f 1010/1/1217 1004/1/1217 1038/1/1217
f 1009/1/140 1017/1/140 1011/1/140
f 1006/1/141 1013/1/141 1017/1/141
f 1016/1/1218 1024/1/1218 1018/1/1218
f 1013/1/1219 1020/1/1219 1024/1/1219
f 1019/1/1220 1023/1/1220 1027/1/1220
f 1023/1/1221 1020/1/1221 1026/1/1221
f 1027/1/1583 1034/1/1583 1028/1/1583
f 1026/1/1223 1030/1/1223 1034/1/1223
f 1029/1/1224 1033/1/1224 1037/1/1224
f 1033/1/1225 1030/1/1225 1036/1/1225
f 1037/1/1226 1043/1/1226 1040/1/1226
f 1036/1/1321 1039/1/1321 1043/1/1321
f 965/1/152 969/1/152 1007/1/152
f 963/1/277 1004/1/277 1007/1/277
f 973/1/154 1014/1/154 1012/1/154
f 971/1/155 1011/1/155 1014/1/155
f 980/1/156 1021/1/156 1019/1/156
f 978/1/157 1018/1/157 1021/1/157
f 990/1/158 1031/1/158 1029/1/158
f 988/1/159 1028/1/159 1031/1/159
f 1000/1/160 1044/1/160 1038/1/160
f 998/1/161 1040/1/161 1044/1/161
f 1038/1/162 1004/1/162 963/1/162
f 995/1/163 999/1/163 964/1/163
f 964/1/163 972/1/163 979/1/163
f 979/1/163 985/1/163 989/1/163
f 989/1/163 995/1/163 964/1/163
f 1005/1/164 1011/1/164 971/1/164
f 1012/1/165 1018/1/165 978/1/165
f 1019/1/166 1025/1/166 984/1/166
f 1025/1/167 1028/1/167 988/1/167
f 1029/1/168 1035/1/168 994/1/168
f 1035/1/278 1040/1/278 998/1/278
f 1013/1/170 1006/1/170 1039/1/170
f 1039/1/170 1036/1/170 1030/1/170
f 1030/1/170 1026/1/170 1020/1/170
f 1020/1/170 1013/1/170 1039/1/170
f 1231/1/1754 1250/1/1754 1249/1/1754
f 1232/1/1755 1233/1/1755 1235/1/1755
f 1234/1/1756 1235/1/1756 1237/1/1756
f 1237/1/1757 1239/1/1757 1238/1/1757
f 1239/1/1758 1241/1/1758 1240/1/1758
f 1241/1/1759 1243/1/1759 1242/1/1759
f 1242/1/1760 1243/1/1760 1245/1/1760
f 1244/1/1761 1245/1/1761 1248/1/1761
f 1248/1/1762 1252/1/1762 1251/1/1762
f 1249/1/1763 1250/1/1763 1253/1/1763
f 1255/1/1764 1257/1/1764 1256/1/1764
f 1257/1/1765 1259/1/1765 1258/1/1765
f 1258/1/1766 1259/1/1766 1261/1/1766
f 1260/1/1767 1261/1/1767 1263/1/1767
f 1263/1/1768 1265/1/1768 1264/1/1768
f 1265/1/1769 1267/1/1769 1266/1/1769
f 1251/1/1770 1252/1/1770 1270/1/1770
f 1267/1/1771 1269/1/1771 1270/1/1771
f 1272/1/1772 1290/1/1772 1289/1/1772
f 1272/1/1773 1273/1/1773 1275/1/1773
f 1274/1/1774 1275/1/1774 1277/1/1774
f 1276/1/1775 1277/1/1775 1279/1/1775
f 1279/1/1776 1281/1/1776 1280/1/1776
f 1281/1/1777 1283/1/1777 1282/1/1777
f 1283/1/1778 1285/1/1778 1284/1/1778
f 1285/1/1779 1286/1/1779 1287/1/1779
f 1288/1/1780 1292/1/1780 1291/1/1780
f 1289/1/1781 1290/1/1781 1295/1/1781
f 1295/1/1782 1297/1/1782 1296/1/1782
f 1297/1/1783 1299/1/1783 1298/1/1783
f 1298/1/1784 1299/1/1784 1301/1/1784
f 1300/1/1785 1301/1/1785 1303/1/1785
f 1302/1/1786 1303/1/1786 1305/1/1786
f 1304/1/1787 1305/1/1787 1307/1/1787
f 1291/1/1788 1292/1/1788 1308/1/1788
f 1306/1/1789 1307/1/1789 1309/1/1789
f 1231/1/1790 1232/1/1790 1273/1/1790
f 1246/1/1791 1247/1/1791 1288/1/1791
f 1253/1/1792 1293/1/1792 1294/1/1792
f 1269/1/1793 1310/1/1793 1308/1/1793
f 1271/1/1794 1289/1/1794 1250/1/1794
f 1249/1/1795 1219/1/1795 1235/1/1795
f 1234/1/1796 1275/1/1796 1273/1/1796
f 1219/1/1797 1220/1/1797 1237/1/1797
f 1236/1/1798 1277/1/1798 1275/1/1798
f 1220/1/1799 1221/1/1799 1239/1/1799
f 1238/1/165 1279/1/165 1277/1/165
f 1221/1/1800 1222/1/1800 1241/1/1800
f 1240/1/1801 1281/1/1801 1279/1/1801
f 1241/1/1802 1222/1/1802 1223/1/1802
f 1283/1/1803 1281/1/1803 1240/1/1803
f 1243/1/1804 1223/1/1804 1224/1/1804
f 1285/1/1805 1283/1/1805 1242/1/1805
f 1245/1/1806 1224/1/1806 1252/1/1806
f 1246/1/1807 1286/1/1807 1285/1/1807
f 1292/1/1808 1288/1/1808 1247/1/1808
f 1249/1/1809 1254/1/1809 1256/1/1809
f 1250/1/1810 1289/1/1810 1293/1/1810
f 1266/1/1811 1270/1/1811 1252/1/1811
f 1268/1/1812 1308/1/1812 1292/1/1812
f 1294/1/1813 1296/1/1813 1257/1/1813
f 1219/1/1814 1256/1/1814 1258/1/1814
f 1296/1/1815 1298/1/1815 1259/1/1815
f 1220/1/1816 1258/1/1816 1260/1/1816
f 1298/1/1817 1300/1/1817 1261/1/1817
f 1260/1/1818 1262/1/1818 1222/1/1818
f 1261/1/1819 1300/1/1819 1302/1/1819
f 1262/1/1820 1264/1/1820 1223/1/1820
f 1263/1/1821 1302/1/1821 1304/1/1821
f 1264/1/1822 1266/1/1822 1224/1/1822
f 1265/1/1823 1304/1/1823 1306/1/1823
f 1306/1/1824 1310/1/1824 1269/1/1824
f 1274/1/1825 1225/1/1825 1290/1/1825
f 1276/1/1826 1226/1/1826 1225/1/1826
f 1278/1/1827 1227/1/1827 1226/1/1827
f 1280/1/1828 1228/1/1828 1227/1/1828
f 1280/1/1829 1282/1/1829 1229/1/1829
f 1282/1/1830 1284/1/1830 1230/1/1830
f 1284/1/1831 1287/1/1831 1291/1/1831
f 1290/1/1832 1225/1/1832 1297/1/1832
f 1291/1/1833 1309/1/1833 1307/1/1833
f 1225/1/1834 1226/1/1834 1299/1/1834
f 1226/1/1835 1227/1/1835 1301/1/1835
f 1228/1/1836 1303/1/1836 1301/1/1836
f 1229/1/1837 1305/1/1837 1303/1/1837
f 1230/1/1838 1307/1/1838 1305/1/1838
f 1311/1/1174 1317/1/1174 1315/1/1174
f 1312/1/1493 1314/1/1493 1315/1/1493
f 1313/1/1176 1316/1/1176 1315/1/1176
f 1318/1/1177 1324/1/1177 1322/1/1177
f 1319/1/1178 1321/1/1178 1322/1/1178
f 1320/1/1179 1323/1/1179 1322/1/1179
f 1325/1/1180 1331/1/1180 1329/1/1180
f 1326/1/1181 1328/1/1181 1329/1/1181
f 1327/1/1312 1330/1/1312 1329/1/1312
f 1335/1/1313 1341/1/1313 1339/1/1313
f 1336/1/1314 1338/1/1314 1339/1/1314
f 1337/1/1185 1340/1/1185 1339/1/1185
f 1345/1/1186 1351/1/1186 1349/1/1186
f 1346/1/1187 1348/1/1187 1349/1/1187
f 1347/1/1188 1350/1/1188 1349/1/1188
f 1352/1/1189 1358/1/1189 1356/1/1189
f 1353/1/1190 1355/1/1190 1356/1/1190
f 1354/1/1191 1357/1/1191 1356/1/1191
f 1359/1/1192 1365/1/1192 1363/1/1192
f 1360/1/1193 1362/1/1193 1363/1/1193
f 1361/1/1194 1364/1/1194 1363/1/1194
f 1366/1/1195 1372/1/1195 1370/1/1195
f 1367/1/1196 1369/1/1196 1370/1/1196
f 1368/1/1197 1371/1/1197 1370/1/1197
f 1376/1/1315 1382/1/1315 1380/1/1315
f 1377/1/1316 1379/1/1316 1380/1/1316
f 1378/1/1200 1381/1/1200 1380/1/1200
f 1386/1/1317 1392/1/1317 1390/1/1317
f 1387/1/1318 1389/1/1318 1390/1/1318
f 1388/1/1203 1391/1/1203 1390/1/1203
f 1314/1/1204 1351/1/1204 1345/1/1204
f 1312/1/1205 1347/1/1205 1351/1/1205
f 1343/1/1206 1344/1/1206 1350/1/1206
f 1344/1/1207 1342/1/1207 1346/1/1207
f 1341/1/1208 1344/1/1208 1343/1/1208
f 1335/1/1319 1342/1/1319 1344/1/1319
f 1333/1/1210 1334/1/1210 1340/1/1210
f 1334/1/1211 1332/1/1211 1336/1/1211
f 1331/1/1212 1334/1/1212 1333/1/1212
f 1325/1/1213 1332/1/1213 1334/1/1213
f 1320/1/1214 1324/1/1214 1330/1/1214
f 1324/1/1215 1318/1/1215 1326/1/1215
f 1316/1/136 1323/1/136 1320/1/136
f 1313/1/137 1319/1/137 1323/1/137
f 1354/1/1216 1358/1/1216 1389/1/1216
f 1358/1/1217 1352/1/1217 1386/1/1217
f 1357/1/140 1365/1/140 1359/1/140
f 1354/1/141 1361/1/141 1365/1/141
f 1364/1/1218 1372/1/1218 1366/1/1218
f 1361/1/1219 1368/1/1219 1372/1/1219
f 1367/1/1220 1371/1/1220 1375/1/1220
f 1371/1/1221 1368/1/1221 1374/1/1221
f 1375/1/1320 1382/1/1320 1376/1/1320
f 1374/1/1223 1378/1/1223 1382/1/1223
f 1377/1/1224 1381/1/1224 1385/1/1224
f 1381/1/1225 1378/1/1225 1384/1/1225
f 1385/1/1226 1391/1/1226 1388/1/1226
f 1384/1/1321 1387/1/1321 1391/1/1321
f 1317/1/152 1355/1/152 1353/1/152
f 1311/1/277 1352/1/277 1355/1/277
f 1321/1/154 1362/1/154 1360/1/154
f 1319/1/155 1359/1/155 1362/1/155
f 1328/1/156 1369/1/156 1367/1/156
f 1326/1/157 1366/1/157 1369/1/157
f 1338/1/158 1379/1/158 1377/1/158
f 1336/1/159 1376/1/159 1379/1/159
f 1348/1/160 1392/1/160 1386/1/160
f 1346/1/161 1388/1/161 1392/1/161
f 1386/1/162 1352/1/162 1311/1/162
f 1343/1/163 1347/1/163 1312/1/163
f 1312/1/163 1320/1/163 1327/1/163
f 1327/1/163 1333/1/163 1337/1/163
f 1337/1/163 1343/1/163 1312/1/163
f 1353/1/164 1359/1/164 1319/1/164
f 1360/1/165 1366/1/165 1326/1/165
f 1367/1/166 1373/1/166 1332/1/166
f 1373/1/167 1376/1/167 1336/1/167
f 1377/1/168 1383/1/168 1342/1/168
f 1383/1/278 1388/1/278 1346/1/278
f 1361/1/170 1354/1/170 1387/1/170
f 1387/1/170 1384/1/170 1378/1/170
f 1378/1/170 1374/1/170 1368/1/170
f 1368/1/170 1361/1/170 1387/1/170
f 1579/1/1923 1598/1/1923 1597/1/1923
f 1580/1/1924 1581/1/1924 1583/1/1924
f 1582/1/1925 1583/1/1925 1585/1/1925
f 1585/1/1926 1587/1/1926 1586/1/1926
f 1587/1/1927 1589/1/1927 1588/1/1927
f 1589/1/1928 1591/1/1928 1590/1/1928
f 1590/1/1929 1591/1/1929 1593/1/1929
f 1592/1/1930 1593/1/1930 1596/1/1930
f 1596/1/1931 1600/1/1931 1599/1/1931
f 1597/1/1923 1598/1/1923 1601/1/1923
f 1603/1/1932 1605/1/1932 1604/1/1932
f 1605/1/1933 1607/1/1933 1606/1/1933
f 1606/1/1934 1607/1/1934 1609/1/1934
f 1608/1/1935 1609/1/1935 1611/1/1935
f 1611/1/1936 1613/1/1936 1612/1/1936
f 1613/1/1937 1615/1/1937 1614/1/1937
f 1599/1/1938 1600/1/1938 1618/1/1938
f 1615/1/1939 1617/1/1939 1618/1/1939
f 1620/1/1940 1638/1/1940 1637/1/1940
f 1620/1/1941 1621/1/1941 1623/1/1941
f 1622/1/1942 1623/1/1942 1625/1/1942
f 1624/1/1943 1625/1/1943 1627/1/1943
f 1627/1/1944 1629/1/1944 1628/1/1944
f 1629/1/1945 1631/1/1945 1630/1/1945
f 1631/1/1946 1633/1/1946 1632/1/1946
f 1633/1/1947 1634/1/1947 1635/1/1947
f 1636/1/1948 1640/1/1948 1639/1/1948
f 1637/1/1949 1638/1/1949 1643/1/1949
f 1643/1/1950 1645/1/1950 1644/1/1950
f 1645/1/1951 1647/1/1951 1646/1/1951
f 1646/1/1952 1647/1/1952 1649/1/1952
f 1648/1/1953 1649/1/1953 1651/1/1953
f 1650/1/1954 1651/1/1954 1653/1/1954
f 1652/1/1955 1653/1/1955 1655/1/1955
f 1639/1/1948 1640/1/1948 1656/1/1948
f 1654/1/1956 1655/1/1956 1657/1/1956
f 1579/1/1957 1580/1/1957 1621/1/1957
f 1594/1/1958 1595/1/1958 1636/1/1958
f 1601/1/1959 1641/1/1959 1642/1/1959
f 1617/1/1960 1658/1/1960 1656/1/1960
f 1619/1/1961 1637/1/1961 1598/1/1961
f 1597/1/1962 1567/1/1962 1583/1/1962
f 1582/1/1963 1623/1/1963 1621/1/1963
f 1567/1/1964 1568/1/1964 1585/1/1964
f 1584/1/1965 1625/1/1965 1623/1/1965
f 1568/1/1966 1569/1/1966 1587/1/1966
f 1586/1/1967 1627/1/1967 1625/1/1967
f 1569/1/1968 1570/1/1968 1589/1/1968
f 1629/1/1969 1627/1/1969 1586/1/1969
f 1589/1/1970 1570/1/1970 1571/1/1970
f 1590/1/1971 1631/1/1971 1629/1/1971
f 1591/1/1972 1571/1/1972 1572/1/1972
f 1592/1/1973 1633/1/1973 1631/1/1973
f 1593/1/1974 1572/1/1974 1600/1/1974
f 1594/1/1975 1634/1/1975 1633/1/1975
f 1640/1/1976 1636/1/1976 1595/1/1976
f 1597/1/1977 1602/1/1977 1604/1/1977
f 1598/1/1961 1637/1/1961 1641/1/1961
f 1614/1/1978 1618/1/1978 1600/1/1978
f 1616/1/1979 1656/1/1979 1640/1/1979
f 1603/1/1980 1642/1/1980 1644/1/1980
f 1567/1/1981 1604/1/1981 1606/1/1981
f 1605/1/1982 1644/1/1982 1646/1/1982
f 1568/1/1983 1606/1/1983 1608/1/1983
f 1607/1/1984 1646/1/1984 1648/1/1984
f 1608/1/1985 1610/1/1985 1570/1/1985
f 1648/1/1986 1650/1/1986 1611/1/1986
f 1610/1/1987 1612/1/1987 1571/1/1987
f 1611/1/1988 1650/1/1988 1652/1/1988
f 1612/1/1989 1614/1/1989 1572/1/1989
f 1613/1/1990 1652/1/1990 1654/1/1990
f 1654/1/1991 1658/1/1991 1617/1/1991
f 1622/1/1992 1573/1/1992 1638/1/1992
f 1624/1/1993 1574/1/1993 1573/1/1993
f 1626/1/1994 1575/1/1994 1574/1/1994
f 1628/1/1995 1576/1/1995 1575/1/1995
f 1628/1/1996 1630/1/1996 1577/1/1996
f 1630/1/1997 1632/1/1997 1578/1/1997
f 1632/1/1998 1635/1/1998 1639/1/1998
f 1638/1/1999 1573/1/1999 1645/1/1999
f 1639/1/2000 1657/1/2000 1655/1/2000
f 1573/1/2001 1574/1/2001 1647/1/2001
f 1574/1/2002 1575/1/2002 1649/1/2002
f 1576/1/2003 1651/1/2003 1649/1/2003
f 1577/1/2004 1653/1/2004 1651/1/2004
f 1578/1/2005 1655/1/2005 1653/1/2005
f 1659/1/1174 1665/1/1174 1663/1/1174
f 1660/1/1175 1662/1/1175 1663/1/1175
f 1661/1/1176 1664/1/1176 1663/1/1176
f 1666/1/1177 1672/1/1177 1670/1/1177
f 1667/1/1178 1669/1/1178 1670/1/1178
f 1668/1/1179 1671/1/1179 1670/1/1179
f 1673/1/1180 1679/1/1180 1677/1/1180
f 1674/1/2006 1676/1/2006 1677/1/2006
f 1675/1/1312 1678/1/1312 1677/1/1312
f 1683/1/1183 1689/1/1183 1687/1/1183
f 1684/1/1184 1686/1/1184 1687/1/1184
f 1685/1/1185 1688/1/1185 1687/1/1185
f 1693/1/1186 1699/1/1186 1697/1/1186
f 1694/1/1187 1696/1/1187 1697/1/1187
f 1695/1/1188 1698/1/1188 1697/1/1188
f 1700/1/1189 1706/1/1189 1704/1/1189
f 1701/1/1190 1703/1/1190 1704/1/1190
f 1702/1/1191 1705/1/1191 1704/1/1191
f 1707/1/1192 1713/1/1192 1711/1/1192
f 1708/1/1193 1710/1/1193 1711/1/1193
f 1709/1/1194 1712/1/1194 1711/1/1194
f 1714/1/1195 1720/1/1195 1718/1/1195
f 1715/1/1196 1717/1/1196 1718/1/1196
f 1716/1/1197 1719/1/1197 1718/1/1197
f 1724/1/1198 1730/1/1198 1728/1/1198
f 1725/1/1199 1727/1/1199 1728/1/1199
f 1726/1/1200 1729/1/1200 1728/1/1200
f 1734/1/1317 1740/1/1317 1738/1/1317
f 1735/1/1318 1737/1/1318 1738/1/1318
f 1736/1/1203 1739/1/1203 1738/1/1203
f 1662/1/1204 1699/1/1204 1693/1/1204
f 1660/1/1205 1695/1/1205 1699/1/1205
f 1691/1/1206 1692/1/1206 1698/1/1206
f 1692/1/1207 1690/1/1207 1694/1/1207
f 1689/1/1208 1692/1/1208 1691/1/1208
f 1683/1/1209 1690/1/1209 1692/1/1209
f 1681/1/1210 1682/1/1210 1688/1/1210
f 1682/1/1211 1680/1/1211 1684/1/1211
f 1679/1/1212 1682/1/1212 1681/1/1212
f 1673/1/1213 1680/1/1213 1682/1/1213
f 1668/1/1214 1672/1/1214 1678/1/1214
f 1672/1/1215 1666/1/1215 1674/1/1215
f 1660/1/136 1664/1/136 1671/1/136
f 1661/1/137 1667/1/137 1671/1/137
f 1702/1/1216 1706/1/1216 1737/1/1216
f 1706/1/1217 1700/1/1217 1734/1/1217
f 1701/1/140 1705/1/140 1713/1/140
f 1702/1/141 1709/1/141 1713/1/141
f 1712/1/1218 1720/1/1218 1714/1/1218
f 1709/1/1219 1716/1/1219 1720/1/1219
f 1715/1/1220 1719/1/1220 1723/1/1220
f 1719/1/2007 1716/1/2007 1722/1/2007
f 1723/1/2008 1730/1/2008 1724/1/2008
f 1722/1/1223 1726/1/1223 1730/1/1223
f 1725/1/1224 1729/1/1224 1733/1/1224
f 1729/1/1225 1726/1/1225 1732/1/1225
f 1733/1/1226 1739/1/1226 1736/1/1226
f 1732/1/1321 1735/1/1321 1739/1/1321
f 1665/1/152 1703/1/152 1701/1/152
f 1659/1/277 1700/1/277 1703/1/277
f 1669/1/2009 1710/1/2009 1708/1/2009
f 1667/1/155 1707/1/155 1710/1/155
f 1676/1/156 1717/1/156 1715/1/156
f 1674/1/157 1714/1/157 1717/1/157
f 1686/1/158 1727/1/158 1725/1/158
f 1686/1/159 1684/1/159 1724/1/159
f 1696/1/160 1740/1/160 1734/1/160
f 1694/1/161 1736/1/161 1740/1/161
f 1734/1/162 1700/1/162 1659/1/162
f 1691/1/163 1695/1/163 1660/1/163
f 1660/1/163 1668/1/163 1675/1/163
f 1675/1/163 1681/1/163 1685/1/163
f 1685/1/163 1691/1/163 1660/1/163
f 1701/1/164 1707/1/164 1667/1/164
f 1708/1/165 1714/1/165 1674/1/165
f 1715/1/2010 1721/1/2010 1680/1/2010
f 1721/1/167 1724/1/167 1684/1/167
f 1725/1/168 1731/1/168 1690/1/168
f 1731/1/278 1736/1/278 1694/1/278
f 1709/1/170 1702/1/170 1735/1/170
f 1735/1/170 1732/1/170 1726/1/170
f 1726/1/170 1722/1/170 1716/1/170
f 1716/1/170 1709/1/170 1735/1/170
usemtl Brass
f 1741/2/1038 1743/3/1038 1742/4/1038
f 1744/5/1039 1746/6/1039 1745/7/1039
f 1747/8/1040 1749/9/1040 1748/10/1040
f 1750/11/1041 1752/12/1041 1751/13/1041
f 1753/14/1042 1755/15/1042 1754/16/1042
f 1756/17/1043 1758/18/1043 1757/19/1043
f 1759/20/1044 1761/21/1044 1760/22/1044
f 1762/23/1045 1764/24/1045 1763/25/1045
f 1748/10/1046 1741/2/1046 1747/8/1046
f 1743/26/1047 1744/5/1047 1742/27/1047
f 1746/6/1048 1750/11/1048 1745/7/1048
f 1752/12/1049 1749/28/1049 1751/13/1049
f 1760/22/1050 1747/8/1050 1759/20/1050
f 1751/13/1051 1762/23/1051 1750/11/1051
f 1764/24/1052 1761/21/1052 1763/25/1052
f 1754/16/1053 1759/20/1053 1753/14/1053
f 1763/25/1054 1756/17/1054 1762/23/1054
f 1758/18/1055 1755/15/1055 1757/19/1055
f 1742/4/1056 1753/14/1056 1741/2/1056
f 1757/19/1057 1745/29/1057 1756/17/1057
f 1741/2/164 1759/20/164 1747/8/164
f 1748/30/170 1746/6/170 1743/26/170
f 1742/31/165 1757/19/165 1755/15/165
f 1756/17/243 1750/32/243 1762/23/243
f 1760/22/162 1751/13/162 1749/28/162
f 1754/16/163 1763/25/163 1761/21/163
f 1748/10/1046 1743/3/1046 1741/2/1046
f 1743/26/1047 1746/6/1047 1744/5/1047
f 1746/6/1048 1752/12/1048 1750/11/1048
f 1752/12/1049 1748/30/1049 1749/28/1049
f 1760/22/1050 1749/9/1050 1747/8/1050
f 1751/13/1051 1764/24/1051 1762/23/1051
f 1764/24/1052 1760/22/1052 1761/21/1052
f 1754/16/1053 1761/21/1053 1759/20/1053
f 1763/25/1054 1758/18/1054 1756/17/1054
f 1758/18/1055 1754/16/1055 1755/15/1055
f 1742/4/1056 1755/15/1056 1753/14/1056
f 1757/19/1057 1744/94/1057 1745/29/1057
f 1741/2/164 1753/14/164 1759/20/164
f 1748/30/170 1752/12/170 1746/6/170
f 1742/31/165 1744/94/165 1757/19/165
f 1756/17/243 1745/95/243 1750/32/243
f 1760/22/162 1764/24/162 1751/13/162
f 1754/16/163 1758/18/163 1763/25/163
usemtl DarkWood
f 1765/33/1038 1767/3/1038 1766/34/1038
f 1768/35/1039 1770/36/1039 1769/7/1039
f 1771/37/1040 1773/38/1040 1772/10/1040
f 1774/39/1041 1776/40/1041 1775/41/1041
f 1777/42/1042 1779/43/1042 1778/44/1042
f 1780/45/1043 1782/46/1043 1781/47/1043
f 1783/48/1044 1785/49/1044 1784/50/1044
f 1786/51/1045 1788/52/1045 1787/53/1045
f 1772/10/1046 1765/33/1046 1771/37/1046
f 1767/54/1047 1768/35/1047 1766/55/1047
f 1770/36/1048 1774/39/1048 1769/7/1048
f 1776/40/1049 1773/56/1049 1775/41/1049
f 1784/50/1050 1771/37/1050 1783/48/1050
f 1775/41/1051 1786/51/1051 1774/39/1051
f 1788/52/1052 1785/49/1052 1787/53/1052
f 1778/44/1053 1783/48/1053 1777/42/1053
f 1787/53/1054 1780/45/1054 1786/51/1054
f 1782/46/1055 1779/43/1055 1781/47/1055
f 1766/34/1056 1777/42/1056 1765/33/1056
f 1781/47/1057 1769/57/1057 1780/45/1057
f 1765/33/164 1783/48/164 1771/37/164
f 1772/58/170 1770/36/170 1767/54/170
f 1766/59/165 1781/47/165 1779/43/165
f 1780/45/243 1774/60/243 1786/51/243
f 1784/50/162 1775/41/162 1773/56/162
f 1778/44/163 1787/53/163 1785/49/163
f 1772/10/1046 1767/3/1046 1765/33/1046
f 1767/54/1047 1770/36/1047 1768/35/1047
f 1770/36/1048 1776/40/1048 1774/39/1048
f 1776/40/1049 1772/58/1049 1773/56/1049
f 1784/50/1050 1773/38/1050 1771/37/1050
f 1775/41/1051 1788/52/1051 1786/51/1051
f 1788/52/1052 1784/50/1052 1785/49/1052
f 1778/44/1053 1785/49/1053 1783/48/1053
f 1787/53/1054 1782/46/1054 1780/45/1054
f 1782/46/1055 1778/44/1055 1779/43/1055
f 1766/34/1056 1779/43/1056 1777/42/1056
f 1781/47/1057 1768/96/1057 1769/57/1057
f 1765/33/164 1777/42/164 1783/48/164
f 1772/58/170 1776/40/170 1770/36/170
f 1766/59/165 1768/96/165 1781/47/165
f 1780/45/243 1769/97/243 1774/60/243
f 1784/50/162 1788/52/162 1775/41/162
f 1778/44/163 1782/46/163 1787/53/163
s 1
usemtl Rope
f 1789/61/1058 1800/62/1059 1795/63/1060
f 1789/1/1058 1796/64/1061 1790/65/1062
f 1790/65/1062 1797/66/1063 1791/67/1064
f 1791/67/1064 1798/68/1065 1792/69/1066
f 1792/69/1066 1799/70/1067 1793/71/1068
f 1794/72/1069 1799/70/1067 1800/62/1059
f 1795/63/1060 1806/73/1070 1801/74/1071
f 1795/75/1060 1802/76/1072 1796/64/1061
f 1796/64/1061 1803/77/1073 1797/66/1063
f 1797/66/1063 1804/78/1074 1798/68/1065
f 1798/68/1065 1805/79/1075 1799/70/1067
f 1800/62/1059 1805/79/1075 1806/73/1070
f 1806/73/1070 1807/80/1076 1801/74/1071
f 1801/81/1071 1808/82/1077 1802/76/1072
f 1803/77/1073 1808/82/1077 1809/83/1078
f 1804/78/1074 1809/83/1078 1810/84/1079
f 1804/78/1074 1811/85/1080 1805/79/1075
f 1805/79/1075 1812/86/1081 1806/73/1070
f 1812/86/1081 1813/87/1082 1807/80/1076
f 1807/88/1076 1814/89/1083 1808/82/1077
f 1809/83/1078 1814/89/1083 1815/90/1084
f 1810/84/1079 1815/90/1084 1816/91/1085
f 1810/84/1079 1817/92/1086 1811/85/1080
f 1811/85/1080 1818/93/1087 1812/86/1081
f 1819/61/1058 1830/62/1059 1825/63/1060
f 1819/1/1058 1826/64/1061 1820/65/1062
f 1820/65/1062 1827/66/1063 1821/67/1064
f 1821/67/1064 1828/68/1065 1822/69/1066
f 1822/69/1066 1829/70/1088 1823/71/1089
f 1824/72/1069 1829/70/1088 1830/62/1059
f 1825/63/1060 1836/73/1070 1831/74/1071
f 1825/75/1060 1832/76/1072 1826/64/1061
f 1826/64/1061 1833/77/1073 1827/66/1063
f 1827/66/1063 1834/78/1074 1828/68/1065
f 1828/68/1065 1835/79/1075 1829/70/1088
f 1830/62/1059 1835/79/1075 1836/73/1070
f 1836/73/1070 1837/80/1076 1831/74/1071
f 1831/81/1071 1838/82/1077 1832/76/1072
f 1833/77/1073 1838/82/1077 1839/83/1078
f 1834/78/1074 1839/83/1078 1840/84/1079
f 1834/78/1074 1841/85/1080 1835/79/1075
f 1835/79/1075 1842/86/1081 1836/73/1070
f 1842/86/1081 1843/87/1082 1837/80/1076
f 1837/88/1076 1844/89/1083 1838/82/1077
f 1839/83/1078 1844/89/1083 1845/90/1084
f 1840/84/1079 1845/90/1084 1846/91/1090
f 1840/84/1079 1847/92/1086 1841/85/1080
f 1841/85/1080 1848/93/1087 1842/86/1081
f 1789/61/1058 1794/72/1069 1800/62/1059
f 1789/1/1058 1795/75/1060 1796/64/1061
f 1790/65/1062 1796/64/1061 1797/66/1063
f 1791/67/1064 1797/66/1063 1798/68/1065
f 1792/69/1066 1798/68/1065 1799/70/1067
f 1794/72/1069 1793/71/1068 1799/70/1067
f 1795/63/1060 1800/62/1059 1806/73/1070
f 1795/75/1060 1801/81/1071 1802/76/1072
f 1796/64/1061 1802/76/1072 1803/77/1073
f 1797/66/1063 1803/77/1073 1804/78/1074
f 1798/68/1065 1804/78/1074 1805/79/1075
f 1800/62/1059 1799/70/1067 1805/79/1075
f 1806/73/1070 1812/86/1081 1807/80/1076
f 1801/81/1071 1807/88/1076 1808/82/1077
f 1803/77/1073 1802/76/1072 1808/82/1077
f 1804/78/1074 1803/77/1073 1809/83/1078
f 1804/78/1074 1810/84/1079 1811/85/1080
f 1805/79/1075 1811/85/1080 1812/86/1081
f 1812/86/1081 1818/93/1087 1813/87/1082
f 1807/88/1076 1813/98/1082 1814/89/1083
f 1809/83/1078 1808/82/1077 1814/89/1083
f 1810/84/1079 1809/83/1078 1815/90/1084
f 1810/84/1079 1816/91/1085 1817/92/1086
f 1811/85/1080 1817/92/1086 1818/93/1087
f 1819/61/1058 1824/72/1069 1830/62/1059
f 1819/1/1058 1825/75/1060 1826/64/1061
f 1820/65/1062 1826/64/1061 1827/66/1063
f 1821/67/1064 1827/66/1063 1828/68/1065
f 1822/69/1066 1828/68/1065 1829/70/1088
f 1824/72/1069 1823/71/1089 1829/70/1088
f 1825/63/1060 1830/62/1059 1836/73/1070
f 1825/75/1060 1831/81/1071 1832/76/1072
f 1826/64/1061 1832/76/1072 1833/77/1073
f 1827/66/1063 1833/77/1073 1834/78/1074
f 1828/68/1065 1834/78/1074 1835/79/1075
f 1830/62/1059 1829/70/1088 1835/79/1075
f 1836/73/1070 1842/86/1081 1837/80/1076
f 1831/81/1071 1837/88/1076 1838/82/1077
f 1833/77/1073 1832/76/1072 1838/82/1077
f 1834/78/1074 1833/77/1073 1839/83/1078
f 1834/78/1074 1840/84/1079 1841/85/1080
f 1835/79/1075 1841/85/1080 1842/86/1081
f 1842/86/1081 1848/93/1087 1843/87/1082
f 1837/88/1076 1843/98/1082 1844/89/1083
f 1839/83/1078 1838/82/1077 1844/89/1083
f 1840/84/1079 1839/83/1078 1845/90/1084
f 1840/84/1079 1846/91/1090 1847/92/1086
f 1841/85/1080 1847/92/1086 1848/93/1087
