# Blender 5.2.1 LTS
# www.blender.org
mtllib SM_LT_TraderHub_Nautical.mtl
o SM_LT_TraderHub_Nautical_EXPORT
v 278.200012 -235.000000 5.000000
v 275.297882 -235.000000 8.994437
v 270.602142 -235.000000 7.468698
v 270.602142 -235.000000 2.531302
v 275.297882 -235.000000 1.005563
v 276.652649 -245.762177 5.000000
v 273.868042 -244.944550 8.994437
v 269.362518 -243.621613 7.468698
v 269.362518 -243.621613 2.531302
v 273.868042 -244.944550 1.005563
v 272.135895 -255.652481 5.000000
v 269.694458 -254.083466 8.994437
v 265.744141 -251.544754 7.468698
v 265.744141 -251.544754 2.531302
v 269.694458 -254.083466 1.005563
v 265.015686 -263.869629 5.000000
v 263.115204 -261.676361 8.994437
v 260.040131 -258.127533 7.468698
v 260.040131 -258.127533 2.531302
v 263.115204 -261.676361 1.005563
v 255.868866 -269.747925 5.000000
v 254.663269 -267.108063 8.994437
v 252.712585 -262.836670 7.468698
v 252.712585 -262.836670 2.531302
v 254.663269 -267.108063 1.005563
v 245.436417 -272.811188 5.000000
v 245.023407 -269.938599 8.994437
v 244.355133 -265.290649 7.468698
v 244.355133 -265.290649 2.531302
v 245.023407 -269.938599 1.005563
v 234.563568 -272.811188 5.000000
v 234.976578 -269.938599 8.994437
v 235.644867 -265.290649 7.468698
v 235.644867 -265.290649 2.531302
v 234.976578 -269.938599 1.005563
v 224.131149 -269.747925 5.000000
v 225.336731 -267.108063 8.994437
v 227.287415 -262.836670 7.468698
v 227.287415 -262.836670 2.531302
v 225.336731 -267.108063 1.005563
v 214.984314 -263.869629 5.000000
v 216.884811 -261.676361 8.994437
v 219.959869 -258.127563 7.468698
v 219.959869 -258.127563 2.531302
v 216.884811 -261.676361 1.005563
v 207.864120 -255.652481 5.000000
v 210.305542 -254.083481 8.994437
v 214.255859 -251.544769 7.468698
v 214.255859 -251.544769 2.531302
v 210.305542 -254.083481 1.005563
v 203.347366 -245.762177 5.000000
v 206.131943 -244.944550 8.994437
v 210.637466 -243.621613 7.468698
v 210.637466 -243.621613 2.531302
v 206.131943 -244.944550 1.005563
v 201.800003 -235.000000 5.000000
v 204.702133 -235.000000 8.994437
v 209.397873 -235.000000 7.468698
v 209.397873 -235.000000 2.531302
v 204.702133 -235.000000 1.005563
v 203.347366 -224.237823 5.000000
v 206.131943 -225.055450 8.994437
v 210.637466 -226.378387 7.468698
v 210.637466 -226.378387 2.531302
v 206.131943 -225.055450 1.005563
v 207.864105 -214.347534 5.000000
v 210.305542 -215.916534 8.994437
v 214.255844 -218.455246 7.468698
v 214.255844 -218.455246 2.531302
v 210.305542 -215.916534 1.005563
v 214.984314 -206.130371 5.000000
v 216.884796 -208.323654 8.994437
v 219.959854 -211.872467 7.468698
v 219.959854 -211.872467 2.531302
v 216.884796 -208.323654 1.005563
v 224.131149 -200.252060 5.000000
v 225.336731 -202.891937 8.994437
v 227.287415 -207.163330 7.468698
v 227.287415 -207.163330 2.531302
v 225.336731 -202.891937 1.005563
v 234.563553 -197.188828 5.000000
v 234.976562 -200.061417 8.994437
v 235.644852 -204.709351 7.468698
v 235.644852 -204.709351 2.531302
v 234.976562 -200.061417 1.005563
v 245.436417 -197.188812 5.000000
v 245.023407 -200.061401 8.994437
v 244.355133 -204.709351 7.468698
v 244.355133 -204.709351 2.531302
v 245.023407 -200.061401 1.005563
v 255.868866 -200.252060 5.000000
v 254.663269 -202.891937 8.994437
v 252.712585 -207.163330 7.468698
v 252.712585 -207.163330 2.531302
v 254.663269 -202.891937 1.005563
v 265.015656 -206.130356 5.000000
v 263.115173 -208.323639 8.994437
v 260.040131 -211.872452 7.468698
v 260.040131 -211.872452 2.531302
v 263.115173 -208.323639 1.005563
v 272.135895 -214.347519 5.000000
v 269.694458 -215.916534 8.994437
v 265.744141 -218.455246 7.468698
v 265.744141 -218.455246 2.531302
v 269.694458 -215.916534 1.005563
v 276.652618 -224.237793 5.000000
v 273.868042 -225.055420 8.994437
v 269.362518 -226.378372 7.468698
v 269.362518 -226.378372 2.531302
v 273.868042 -225.055420 1.005563
v 272.200012 -235.000000 10.000000
v 269.297882 -235.000000 13.994437
v 264.602142 -235.000000 12.468699
v 264.602142 -235.000000 7.531302
v 269.297882 -235.000000 6.005563
v 270.895691 -244.071793 10.000000
v 268.111115 -243.254166 13.994437
v 263.605560 -241.931213 12.468699
v 263.605560 -241.931213 7.531302
v 268.111115 -243.254166 6.005563
v 267.088379 -252.408630 10.000000
v 264.646942 -250.839630 13.994437
v 260.696625 -248.300919 12.468699
v 260.696625 -248.300919 7.531302
v 264.646942 -250.839630 6.005563
v 261.086517 -259.335144 10.000000
v 259.186035 -257.141846 13.994437
v 256.110962 -253.593048 12.468699
v 256.110962 -253.593048 7.531302
v 259.186035 -257.141846 6.005563
v 253.376373 -264.290161 10.000000
v 252.170776 -261.650269 13.994437
v 250.220093 -257.378876 12.468699
v 250.220093 -257.378876 7.531302
v 252.170776 -261.650269 6.005563
v 244.582535 -266.872253 10.000000
v 244.169510 -263.999664 13.994437
v 243.501236 -259.351715 12.468699
v 243.501236 -259.351715 7.531302
v 244.169510 -263.999664 6.005563
v 235.417465 -266.872253 10.000000
v 235.830475 -263.999664 13.994437
v 236.498749 -259.351715 12.468699
v 236.498749 -259.351715 7.531302
v 235.830475 -263.999664 6.005563
v 226.623642 -264.290161 10.000000
v 227.829224 -261.650269 13.994437
v 229.779907 -257.378876 12.468699
v 229.779907 -257.378876 7.531302
v 227.829224 -261.650269 6.005563
v 218.913483 -259.335144 10.000000
v 220.813980 -257.141846 13.994437
v 223.889038 -253.593048 12.468699
v 223.889038 -253.593048 7.531302
v 220.813980 -257.141846 6.005563
v 212.911636 -252.408646 10.000000
v 215.353058 -250.839630 13.994437
v 219.303375 -248.300919 12.468699
v 219.303375 -248.300919 7.531302
v 215.353058 -250.839630 6.005563
v 209.104324 -244.071777 10.000000
v 211.888901 -243.254166 13.994437
v 216.394424 -241.931213 12.468699
v 216.394424 -241.931213 7.531302
v 211.888901 -243.254166 6.005563
v 207.800003 -235.000000 10.000000
v 210.702133 -235.000000 13.994437
v 215.397873 -235.000000 12.468699
v 215.397873 -235.000000 7.531302
v 210.702133 -235.000000 6.005563
v 209.104324 -225.928223 10.000000
v 211.888901 -226.745834 13.994437
v 216.394424 -228.068787 12.468699
v 216.394424 -228.068787 7.531302
v 211.888901 -226.745834 6.005563
v 212.911636 -217.591370 10.000000
v 215.353058 -219.160385 13.994437
v 219.303375 -221.699097 12.468699
v 219.303375 -221.699097 7.531302
v 215.353058 -219.160385 6.005563
v 218.913483 -210.664871 10.000000
v 220.813965 -212.858154 13.994437
v 223.889023 -216.406952 12.468699
v 223.889023 -216.406952 7.531302
v 220.813965 -212.858154 6.005563
v 226.623642 -205.709854 10.000000
v 227.829224 -208.349716 13.994437
v 229.779907 -212.621124 12.468699
v 229.779907 -212.621124 7.531302
v 227.829224 -208.349716 6.005563
v 235.417450 -203.127747 10.000000
v 235.830460 -206.000336 13.994437
v 236.498734 -210.648285 12.468699
v 236.498734 -210.648285 7.531302
v 235.830460 -206.000336 6.005563
v 244.582535 -203.127747 10.000000
v 244.169510 -206.000336 13.994437
v 243.501236 -210.648285 12.468699
v 243.501236 -210.648285 7.531302
v 244.169510 -206.000336 6.005563
v 253.376373 -205.709854 10.000000
v 252.170776 -208.349716 13.994437
v 250.220093 -212.621124 12.468699
v 250.220093 -212.621124 7.531302
v 252.170776 -208.349716 6.005563
v 261.086517 -210.664856 10.000000
v 259.186005 -212.858139 13.994437
v 256.110962 -216.406952 12.468699
v 256.110962 -216.406952 7.531302
v 259.186005 -212.858139 6.005563
v 267.088379 -217.591370 10.000000
v 264.646942 -219.160370 13.994437
v 260.696625 -221.699081 12.468699
v 260.696625 -221.699081 7.531302
v 264.646942 -219.160370 6.005563
v 270.895660 -225.928192 10.000000
v 268.111084 -226.745819 13.994437
v 263.605560 -228.068771 12.468699
v 263.605560 -228.068771 7.531302
v 268.111084 -226.745819 6.005563
v 266.200012 -235.000000 15.000000
v 263.297882 -235.000000 18.994438
v 258.602142 -235.000000 17.468699
v 258.602142 -235.000000 12.531301
v 263.297882 -235.000000 11.005563
v 265.138733 -242.381393 15.000000
v 262.354156 -241.563766 18.994438
v 257.848602 -240.240829 17.468699
v 257.848602 -240.240829 12.531301
v 262.354156 -241.563766 11.005563
v 262.040833 -249.164795 15.000000
v 259.599426 -247.595779 18.994438
v 255.649109 -245.057068 17.468699
v 255.649109 -245.057068 12.531301
v 259.599426 -247.595779 11.005563
v 257.157349 -254.800644 15.000000
v 255.256866 -252.607361 18.994438
v 252.181808 -249.058548 17.468699
v 252.181808 -249.058548 12.531301
v 255.256866 -252.607361 11.005563
v 250.883881 -258.832367 15.000000
v 249.678284 -256.192474 18.994438
v 247.727600 -251.921082 17.468699
v 247.727600 -251.921082 12.531301
v 249.678284 -256.192474 11.005563
v 243.728638 -260.933319 15.000000
v 243.315628 -258.060730 18.994438
v 242.647354 -253.412781 17.468699
v 242.647354 -253.412781 12.531301
v 243.315628 -258.060730 11.005563
v 236.271347 -260.933319 15.000000
v 236.684372 -258.060730 18.994438
v 237.352646 -253.412781 17.468699
v 237.352646 -253.412781 12.531301
v 236.684372 -258.060730 11.005563
v 229.116119 -258.832367 15.000000
v 230.321716 -256.192474 18.994438
v 232.272400 -251.921097 17.468699
v 232.272400 -251.921097 12.531301
v 230.321716 -256.192474 11.005563
v 222.842651 -254.800644 15.000000
v 224.743134 -252.607361 18.994438
v 227.818192 -249.058548 17.468699
v 227.818192 -249.058548 12.531301
v 224.743134 -252.607361 11.005563
v 217.959152 -249.164795 15.000000
v 220.400589 -247.595779 18.994438
v 224.350891 -245.057068 17.468699
v 224.350891 -245.057068 12.531301
v 220.400589 -247.595779 11.005563
v 214.861282 -242.381393 15.000000
v 217.645859 -241.563766 18.994438
v 222.151382 -240.240829 17.468699
v 222.151382 -240.240829 12.531301
v 217.645859 -241.563766 11.005563
v 213.800003 -235.000000 15.000000
v 216.702133 -235.000000 18.994438
v 221.397873 -235.000000 17.468699
v 221.397873 -235.000000 12.531301
v 216.702133 -235.000000 11.005563
v 214.861282 -227.618607 15.000000
v 217.645859 -228.436234 18.994438
v 222.151382 -229.759171 17.468699
v 222.151382 -229.759171 12.531301
v 217.645859 -228.436234 11.005563
v 217.959152 -220.835220 15.000000
v 220.400574 -222.404221 18.994438
v 224.350891 -224.942932 17.468699
v 224.350891 -224.942932 12.531301
v 220.400574 -222.404221 11.005563
v 222.842636 -215.199371 15.000000
v 224.743134 -217.392654 18.994438
v 227.818192 -220.941452 17.468699
v 227.818192 -220.941452 12.531301
v 224.743134 -217.392654 11.005563
v 229.116119 -211.167648 15.000000
v 230.321716 -213.807510 18.994438
v 232.272400 -218.078903 17.468699
v 232.272400 -218.078903 12.531301
v 230.321716 -213.807510 11.005563
v 236.271332 -209.066681 15.000000
v 236.684357 -211.939270 18.994438
v 237.352631 -216.587219 17.468699
v 237.352631 -216.587219 12.531301
v 236.684357 -211.939270 11.005563
v 243.728638 -209.066681 15.000000
v 243.315628 -211.939270 18.994438
v 242.647354 -216.587219 17.468699
v 242.647354 -216.587219 12.531301
v 243.315628 -211.939270 11.005563
v 250.883881 -211.167648 15.000000
v 249.678284 -213.807510 18.994438
v 247.727600 -218.078918 17.468699
v 247.727600 -218.078918 12.531301
v 249.678284 -213.807510 11.005563
v 257.157349 -215.199356 15.000000
v 255.256851 -217.392639 18.994438
v 252.181793 -220.941437 17.468699
v 252.181793 -220.941437 12.531301
v 255.256851 -217.392639 11.005563
v 262.040833 -220.835205 15.000000
v 259.599426 -222.404221 18.994438
v 255.649109 -224.942932 17.468699
v 255.649109 -224.942932 12.531301
v 259.599426 -222.404221 11.005563
v 265.138702 -227.618591 15.000000
v 262.354126 -228.436218 18.994438
v 257.848602 -229.759171 17.468699
v 257.848602 -229.759171 12.531301
v 262.354126 -228.436218 11.005563
v 241.278229 -203.331909 12.636427
v 238.598557 -206.565994 12.636428
v 237.320328 -208.234085 9.000001
v 238.721771 -206.668091 5.363574
v 241.401443 -203.434006 5.363573
v 242.679672 -201.765915 8.999999
v 225.239624 -185.443527 12.172667
v 222.582138 -188.695862 12.173301
v 221.315323 -190.373352 8.537201
v 222.705994 -188.798477 4.900465
v 225.363480 -185.546143 4.899831
v 226.630295 -183.868652 8.535932
v 204.997192 -173.838898 11.601336
v 204.815750 -178.034409 11.669769
v 204.818558 -180.195526 8.068434
v 205.002808 -178.161102 4.398664
v 205.184250 -173.965591 4.330230
v 205.181442 -171.804474 7.931566
v 185.444672 -182.874237 11.115585
v 187.194275 -186.690582 11.235666
v 188.193680 -188.655991 7.660986
v 187.443481 -186.805054 3.966224
v 185.693878 -182.988708 3.846143
v 184.694473 -181.023300 7.420823
v 168.102951 -190.854385 10.609119
v 167.654449 -195.030060 10.660530
v 167.551498 -197.175674 7.051412
v 167.897049 -195.145615 3.390881
v 168.345551 -190.969940 3.339470
v 168.448502 -188.824326 6.948589
v 157.037384 -182.476578 10.146051
v 154.029800 -185.407806 10.096992
v 152.636505 -186.925934 6.437214
v 154.250763 -185.512833 2.826494
v 157.258347 -182.581604 2.875552
v 158.651642 -181.063477 6.535331
v 147.406479 -168.495529 9.660376
v 144.372696 -171.399582 9.610128
v 142.966217 -172.904068 5.949754
v 144.593521 -171.504486 2.339624
v 147.627304 -168.600418 2.389871
v 149.033783 -167.095932 6.050247
v 69.274994 -310.761993 92.210220
v 70.725006 -310.761993 92.210220
v 71.449997 -312.000000 92.000000
v 70.725006 -313.238007 91.789780
v 69.274994 -313.238007 91.789780
v 68.550003 -312.000000 92.000000
v 69.274994 -314.792755 114.677963
v 70.725006 -314.792755 114.677963
v 71.449997 -316.030762 114.467743
v 70.725006 -317.268768 114.257523
v 69.274994 -317.268768 114.257523
v 68.550003 -316.030762 114.467743
v 69.274994 -318.398468 137.180237
v 70.725006 -318.398468 137.180237
v 71.449997 -319.641205 137.000000
v 70.725006 -320.883942 136.819763
v 69.274994 -320.883942 136.819763
v 68.550003 -319.641205 137.000000
v 69.274994 -321.308075 159.578598
v 70.725006 -321.308075 159.578598
v 71.449997 -322.556946 159.447540
v 70.725006 -323.805817 159.316483
v 69.274994 -323.805817 159.316483
v 68.550003 -322.556946 159.447540
v 69.274994 -323.109924 182.069366
v 70.725006 -323.109924 182.069366
v 71.449997 -324.363739 182.000000
v 70.725006 -325.617554 181.930634
v 69.274994 -325.617554 181.930634
v 68.550003 -324.363739 182.000000
v 69.274994 -323.796570 204.500000
v 70.725006 -323.796570 204.500000
v 71.449997 -325.052307 204.500000
v 70.725006 -326.308044 204.500000
v 69.274994 -326.308044 204.500000
v 68.550003 -325.052307 204.500000
v 69.274994 -323.109924 226.930634
v 70.725006 -323.109924 226.930634
v 71.449997 -324.363739 227.000000
v 70.725006 -325.617554 227.069366
v 69.274994 -325.617554 227.069366
v 68.550003 -324.363739 227.000000
v 69.274994 -321.308075 249.421402
v 70.725006 -321.308075 249.421402
v 71.449997 -322.556946 249.552460
v 70.725006 -323.805817 249.683517
v 69.274994 -323.805817 249.683517
v 68.550003 -322.556946 249.552460
v 69.274994 -318.398468 271.819763
v 70.725006 -318.398468 271.819763
v 71.449997 -319.641205 272.000000
v 70.725006 -320.883942 272.180237
v 69.274994 -320.883942 272.180237
v 68.550003 -319.641205 272.000000
v 69.274994 -314.792755 294.322052
v 70.725006 -314.792755 294.322052
v 71.449997 -316.030762 294.532257
v 70.725006 -317.268768 294.742462
v 69.274994 -317.268768 294.742462
v 68.550003 -316.030762 294.532257
v 69.274994 -310.761993 316.789764
v 70.725006 -310.761993 316.789764
v 71.449997 -312.000000 317.000000
v 70.725006 -313.238007 317.210236
v 69.274994 -313.238007 317.210236
v 68.550003 -312.000000 317.000000
v 117.275002 -315.761993 92.210220
v 118.724998 -315.761993 92.210220
v 119.449997 -317.000000 92.000000
v 118.724998 -318.238007 91.789780
v 117.275002 -318.238007 91.789780
v 116.550003 -317.000000 92.000000
v 117.275002 -319.792755 114.677963
v 118.724998 -319.792755 114.677963
v 119.449997 -321.030762 114.467743
v 118.724998 -322.268768 114.257523
v 117.275002 -322.268768 114.257523
v 116.550003 -321.030762 114.467743
v 117.275002 -323.398468 137.180237
v 118.724998 -323.398468 137.180237
v 119.449997 -324.641205 137.000000
v 118.724998 -325.883942 136.819763
v 117.275002 -325.883942 136.819763
v 116.550003 -324.641205 137.000000
v 117.275002 -326.308075 159.578598
v 118.724998 -326.308075 159.578598
v 119.449997 -327.556946 159.447540
v 118.724998 -328.805817 159.316483
v 117.275002 -328.805817 159.316483
v 116.550003 -327.556946 159.447540
v 117.275002 -328.109924 182.069366
v 118.724998 -328.109924 182.069366
v 119.449997 -329.363739 182.000000
v 118.724998 -330.617554 181.930634
v 117.275002 -330.617554 181.930634
v 116.550003 -329.363739 182.000000
v 117.275002 -328.796570 204.500000
v 118.724998 -328.796570 204.500000
v 119.449997 -330.052307 204.500000
v 118.724998 -331.308044 204.500000
v 117.275002 -331.308044 204.500000
v 116.550003 -330.052307 204.500000
v 117.275002 -328.109924 226.930634
v 118.724998 -328.109924 226.930634
v 119.449997 -329.363739 227.000000
v 118.724998 -330.617554 227.069366
v 117.275002 -330.617554 227.069366
v 116.550003 -329.363739 227.000000
v 117.275002 -326.308075 249.421402
v 118.724998 -326.308075 249.421402
v 119.449997 -327.556946 249.552460
v 118.724998 -328.805817 249.683517
v 117.275002 -328.805817 249.683517
v 116.550003 -327.556946 249.552460
v 117.275002 -323.398468 271.819763
v 118.724998 -323.398468 271.819763
v 119.449997 -324.641205 272.000000
v 118.724998 -325.883942 272.180237
v 117.275002 -325.883942 272.180237
v 116.550003 -324.641205 272.000000
v 117.275002 -319.792755 294.322052
v 118.724998 -319.792755 294.322052
v 119.449997 -321.030762 294.532257
v 118.724998 -322.268768 294.742462
v 117.275002 -322.268768 294.742462
v 116.550003 -321.030762 294.532257
v 117.275002 -315.761993 316.789764
v 118.724998 -315.761993 316.789764
v 119.449997 -317.000000 317.000000
v 118.724998 -318.238007 317.210236
v 117.275002 -318.238007 317.210236
v 116.550003 -317.000000 317.000000
v 165.274994 -310.761993 92.210220
v 166.725006 -310.761993 92.210220
v 167.449997 -312.000000 92.000000
v 166.725006 -313.238007 91.789780
v 165.274994 -313.238007 91.789780
v 164.550003 -312.000000 92.000000
v 165.274994 -314.792755 114.677963
v 166.725006 -314.792755 114.677963
v 167.449997 -316.030762 114.467743
v 166.725006 -317.268768 114.257523
v 165.274994 -317.268768 114.257523
v 164.550003 -316.030762 114.467743
v 165.274994 -318.398468 137.180237
v 166.725006 -318.398468 137.180237
v 167.449997 -319.641205 137.000000
v 166.725006 -320.883942 136.819763
v 165.274994 -320.883942 136.819763
v 164.550003 -319.641205 137.000000
v 165.274994 -321.308075 159.578598
v 166.725006 -321.308075 159.578598
v 167.449997 -322.556946 159.447540
v 166.725006 -323.805817 159.316483
v 165.274994 -323.805817 159.316483
v 164.550003 -322.556946 159.447540
v 165.274994 -323.109924 182.069366
v 166.725006 -323.109924 182.069366
v 167.449997 -324.363739 182.000000
v 166.725006 -325.617554 181.930634
v 165.274994 -325.617554 181.930634
v 164.550003 -324.363739 182.000000
v 165.274994 -323.796570 204.500000
v 166.725006 -323.796570 204.500000
v 167.449997 -325.052307 204.500000
v 166.725006 -326.308044 204.500000
v 165.274994 -326.308044 204.500000
v 164.550003 -325.052307 204.500000
v 165.274994 -323.109924 226.930634
v 166.725006 -323.109924 226.930634
v 167.449997 -324.363739 227.000000
v 166.725006 -325.617554 227.069366
v 165.274994 -325.617554 227.069366
v 164.550003 -324.363739 227.000000
v 165.274994 -321.308075 249.421402
v 166.725006 -321.308075 249.421402
v 167.449997 -322.556946 249.552460
v 166.725006 -323.805817 249.683517
v 165.274994 -323.805817 249.683517
v 164.550003 -322.556946 249.552460
v 165.274994 -318.398468 271.819763
v 166.725006 -318.398468 271.819763
v 167.449997 -319.641205 272.000000
v 166.725006 -320.883942 272.180237
v 165.274994 -320.883942 272.180237
v 164.550003 -319.641205 272.000000
v 165.274994 -314.792755 294.322052
v 166.725006 -314.792755 294.322052
v 167.449997 -316.030762 294.532257
v 166.725006 -317.268768 294.742462
v 165.274994 -317.268768 294.742462
v 164.550003 -316.030762 294.532257
v 165.274994 -310.761993 316.789764
v 166.725006 -310.761993 316.789764
v 167.449997 -312.000000 317.000000
v 166.725006 -313.238007 317.210236
v 165.274994 -313.238007 317.210236
v 164.550003 -312.000000 317.000000
v 213.274994 -315.761993 92.210220
v 214.725006 -315.761993 92.210220
v 215.449997 -317.000000 92.000000
v 214.725006 -318.238007 91.789780
v 213.274994 -318.238007 91.789780
v 212.550003 -317.000000 92.000000
v 213.274994 -319.792755 114.677963
v 214.725006 -319.792755 114.677963
v 215.449997 -321.030762 114.467743
v 214.725006 -322.268768 114.257523
v 213.274994 -322.268768 114.257523
v 212.550003 -321.030762 114.467743
v 213.274994 -323.398468 137.180237
v 214.725006 -323.398468 137.180237
v 215.449997 -324.641205 137.000000
v 214.725006 -325.883942 136.819763
v 213.274994 -325.883942 136.819763
v 212.550003 -324.641205 137.000000
v 213.274994 -326.308075 159.578598
v 214.725006 -326.308075 159.578598
v 215.449997 -327.556946 159.447540
v 214.725006 -328.805817 159.316483
v 213.274994 -328.805817 159.316483
v 212.550003 -327.556946 159.447540
v 213.274994 -328.109924 182.069366
v 214.725006 -328.109924 182.069366
v 215.449997 -329.363739 182.000000
v 214.725006 -330.617554 181.930634
v 213.274994 -330.617554 181.930634
v 212.550003 -329.363739 182.000000
v 213.274994 -328.796570 204.500000
v 214.725006 -328.796570 204.500000
v 215.449997 -330.052307 204.500000
v 214.725006 -331.308044 204.500000
v 213.274994 -331.308044 204.500000
v 212.550003 -330.052307 204.500000
v 213.274994 -328.109924 226.930634
v 214.725006 -328.109924 226.930634
v 215.449997 -329.363739 227.000000
v 214.725006 -330.617554 227.069366
v 213.274994 -330.617554 227.069366
v 212.550003 -329.363739 227.000000
v 213.274994 -326.308075 249.421402
v 214.725006 -326.308075 249.421402
v 215.449997 -327.556946 249.552460
v 214.725006 -328.805817 249.683517
v 213.274994 -328.805817 249.683517
v 212.550003 -327.556946 249.552460
v 213.274994 -323.398468 271.819763
v 214.725006 -323.398468 271.819763
v 215.449997 -324.641205 272.000000
v 214.725006 -325.883942 272.180237
v 213.274994 -325.883942 272.180237
v 212.550003 -324.641205 272.000000
v 213.274994 -319.792755 294.322052
v 214.725006 -319.792755 294.322052
v 215.449997 -321.030762 294.532257
v 214.725006 -322.268768 294.742462
v 213.274994 -322.268768 294.742462
v 212.550003 -321.030762 294.532257
v 213.274994 -315.761993 316.789764
v 214.725006 -315.761993 316.789764
v 215.449997 -317.000000 317.000000
v 214.725006 -318.238007 317.210236
v 213.274994 -318.238007 317.210236
v 212.550003 -317.000000 317.000000
v 261.274994 -310.761993 92.210220
v 262.725006 -310.761993 92.210220
v 263.450012 -312.000000 92.000000
v 262.725006 -313.238007 91.789780
v 261.274994 -313.238007 91.789780
v 260.549988 -312.000000 92.000000
v 261.274994 -314.792755 114.677963
v 262.725006 -314.792755 114.677963
v 263.450012 -316.030762 114.467743
v 262.725006 -317.268768 114.257523
v 261.274994 -317.268768 114.257523
v 260.549988 -316.030762 114.467743
v 261.274994 -318.398468 137.180237
v 262.725006 -318.398468 137.180237
v 263.450012 -319.641205 137.000000
v 262.725006 -320.883942 136.819763
v 261.274994 -320.883942 136.819763
v 260.549988 -319.641205 137.000000
v 261.274994 -321.308075 159.578598
v 262.725006 -321.308075 159.578598
v 263.450012 -322.556946 159.447540
v 262.725006 -323.805817 159.316483
v 261.274994 -323.805817 159.316483
v 260.549988 -322.556946 159.447540
v 261.274994 -323.109924 182.069366
v 262.725006 -323.109924 182.069366
v 263.450012 -324.363739 182.000000
v 262.725006 -325.617554 181.930634
v 261.274994 -325.617554 181.930634
v 260.549988 -324.363739 182.000000
v 261.274994 -323.796570 204.500000
v 262.725006 -323.796570 204.500000
v 263.450012 -325.052307 204.500000
v 262.725006 -326.308044 204.500000
v 261.274994 -326.308044 204.500000
v 260.549988 -325.052307 204.500000
v 261.274994 -323.109924 226.930634
v 262.725006 -323.109924 226.930634
v 263.450012 -324.363739 227.000000
v 262.725006 -325.617554 227.069366
v 261.274994 -325.617554 227.069366
v 260.549988 -324.363739 227.000000
v 261.274994 -321.308075 249.421402
v 262.725006 -321.308075 249.421402
v 263.450012 -322.556946 249.552460
v 262.725006 -323.805817 249.683517
v 261.274994 -323.805817 249.683517
v 260.549988 -322.556946 249.552460
v 261.274994 -318.398468 271.819763
v 262.725006 -318.398468 271.819763
v 263.450012 -319.641205 272.000000
v 262.725006 -320.883942 272.180237
v 261.274994 -320.883942 272.180237
v 260.549988 -319.641205 272.000000
v 261.274994 -314.792755 294.322052
v 262.725006 -314.792755 294.322052
v 263.450012 -316.030762 294.532257
v 262.725006 -317.268768 294.742462
v 261.274994 -317.268768 294.742462
v 260.549988 -316.030762 294.532257
v 261.274994 -310.761993 316.789764
v 262.725006 -310.761993 316.789764
v 263.450012 -312.000000 317.000000
v 262.725006 -313.238007 317.210236
v 261.274994 -313.238007 317.210236
v 260.549988 -312.000000 317.000000
v 309.274994 -315.761993 92.210220
v 310.725006 -315.761993 92.210220
v 311.450012 -317.000000 92.000000
v 310.725006 -318.238007 91.789780
v 309.274994 -318.238007 91.789780
v 308.549988 -317.000000 92.000000
v 309.274994 -319.792755 114.677963
v 310.725006 -319.792755 114.677963
v 311.450012 -321.030762 114.467743
v 310.725006 -322.268768 114.257523
v 309.274994 -322.268768 114.257523
v 308.549988 -321.030762 114.467743
v 309.274994 -323.398468 137.180237
v 310.725006 -323.398468 137.180237
v 311.450012 -324.641205 137.000000
v 310.725006 -325.883942 136.819763
v 309.274994 -325.883942 136.819763
v 308.549988 -324.641205 137.000000
v 309.274994 -326.308075 159.578598
v 310.725006 -326.308075 159.578598
v 311.450012 -327.556946 159.447540
v 310.725006 -328.805817 159.316483
v 309.274994 -328.805817 159.316483
v 308.549988 -327.556946 159.447540
v 309.274994 -328.109924 182.069366
v 310.725006 -328.109924 182.069366
v 311.450012 -329.363739 182.000000
v 310.725006 -330.617554 181.930634
v 309.274994 -330.617554 181.930634
v 308.549988 -329.363739 182.000000
v 309.274994 -328.796570 204.500000
v 310.725006 -328.796570 204.500000
v 311.450012 -330.052307 204.500000
v 310.725006 -331.308044 204.500000
v 309.274994 -331.308044 204.500000
v 308.549988 -330.052307 204.500000
v 309.274994 -328.109924 226.930634
v 310.725006 -328.109924 226.930634
v 311.450012 -329.363739 227.000000
v 310.725006 -330.617554 227.069366
v 309.274994 -330.617554 227.069366
v 308.549988 -329.363739 227.000000
v 309.274994 -326.308075 249.421402
v 310.725006 -326.308075 249.421402
v 311.450012 -327.556946 249.552460
v 310.725006 -328.805817 249.683517
v 309.274994 -328.805817 249.683517
v 308.549988 -327.556946 249.552460
v 309.274994 -323.398468 271.819763
v 310.725006 -323.398468 271.819763
v 311.450012 -324.641205 272.000000
v 310.725006 -325.883942 272.180237
v 309.274994 -325.883942 272.180237
v 308.549988 -324.641205 272.000000
v 309.274994 -319.792755 294.322052
v 310.725006 -319.792755 294.322052
v 311.450012 -321.030762 294.532257
v 310.725006 -322.268768 294.742462
v 309.274994 -322.268768 294.742462
v 308.549988 -321.030762 294.532257
v 309.274994 -315.761993 316.789764
v 310.725006 -315.761993 316.789764
v 311.450012 -317.000000 317.000000
v 310.725006 -318.238007 317.210236
v 309.274994 -318.238007 317.210236
v 308.549988 -317.000000 317.000000
v 69.866272 -315.661621 93.169136
v 70.133728 -314.338379 93.169136
v 70.267456 -313.676758 92.000000
v 70.133728 -314.338379 90.830864
v 69.866272 -315.661621 90.830864
v 69.732544 -316.323242 92.000000
v 93.745956 -321.375092 93.169136
v 94.013321 -320.051849 93.169136
v 94.147003 -319.390198 92.000000
v 94.013321 -320.051849 90.830864
v 93.745956 -321.375092 90.830864
v 93.612274 -322.036743 92.000000
v 117.954727 -325.375763 93.169136
v 118.045273 -324.028778 93.169136
v 118.090546 -323.355316 92.000000
v 118.045273 -324.028778 90.830864
v 117.954727 -325.375763 90.830864
v 117.909454 -326.049225 92.000000
v 142.011246 -324.665588 93.169136
v 141.952438 -323.316895 93.169136
v 141.923035 -322.642517 92.000000
v 141.952438 -323.316895 90.830864
v 142.011246 -324.665588 90.830864
v 142.040649 -325.339966 92.000000
v 165.978516 -323.283112 93.169136
v 166.021484 -321.933807 93.169136
v 166.042969 -321.259155 92.000000
v 166.021484 -321.933807 90.830864
v 165.978516 -323.283112 90.830864
v 165.957031 -323.957764 92.000000
v 189.930008 -326.202454 93.169136
v 190.069839 -324.859741 93.169136
v 190.139755 -324.188354 92.000000
v 190.069839 -324.859741 90.830864
v 189.930008 -326.202454 90.830864
v 189.860092 -326.873840 92.000000
v 214.021149 -328.283142 93.169136
v 213.978851 -326.933777 93.169136
v 213.957703 -326.259125 92.000000
v 213.978851 -326.933777 90.830864
v 214.021149 -328.283142 90.830864
v 214.042297 -328.957794 92.000000
v 238.128494 -324.668365 93.169136
v 237.909103 -323.336334 93.169136
v 237.799423 -322.670288 92.000000
v 237.909103 -323.336334 90.830864
v 238.128494 -324.668365 90.830864
v 238.238174 -325.334412 92.000000
v 262.066040 -320.374023 93.169136
v 261.933960 -319.030518 93.169136
v 261.867889 -318.358765 92.000000
v 261.933960 -319.030518 90.830864
v 262.066040 -320.374023 90.830864
v 262.132111 -321.045807 92.000000
v 285.974304 -319.931274 93.169136
v 285.982666 -318.581299 93.169136
v 285.986816 -317.906311 92.000000
v 285.982666 -318.581299 90.830864
v 285.974304 -319.931274 90.830864
v 285.970154 -320.606262 92.000000
v 309.995819 -320.674988 93.169136
v 310.004181 -319.325012 93.169136
v 310.008362 -318.650024 92.000000
v 310.004181 -319.325012 90.830864
v 309.995819 -320.674988 90.830864
v 309.991638 -321.349976 92.000000
v 69.866272 -315.661621 138.169128
v 70.133728 -314.338379 138.169128
v 70.267456 -313.676758 137.000000
v 70.133728 -314.338379 135.830872
v 69.866272 -315.661621 135.830872
v 69.732544 -316.323242 137.000000
v 93.745956 -321.375092 138.169128
v 94.013321 -320.051849 138.169128
v 94.147003 -319.390198 137.000000
v 94.013321 -320.051849 135.830872
v 93.745956 -321.375092 135.830872
v 93.612274 -322.036743 137.000000
v 117.954727 -325.375763 138.169128
v 118.045273 -324.028778 138.169128
v 118.090546 -323.355316 137.000000
v 118.045273 -324.028778 135.830872
v 117.954727 -325.375763 135.830872
v 117.909454 -326.049225 137.000000
v 142.011246 -324.665588 138.169128
v 141.952438 -323.316895 138.169128
v 141.923035 -322.642517 137.000000
v 141.952438 -323.316895 135.830872
v 142.011246 -324.665588 135.830872
v 142.040649 -325.339966 137.000000
v 165.978516 -323.283112 138.169128
v 166.021484 -321.933807 138.169128
v 166.042969 -321.259155 137.000000
v 166.021484 -321.933807 135.830872
v 165.978516 -323.283112 135.830872
v 165.957031 -323.957764 137.000000
v 189.930008 -326.202454 138.169128
v 190.069839 -324.859741 138.169128
v 190.139755 -324.188354 137.000000
v 190.069839 -324.859741 135.830872
v 189.930008 -326.202454 135.830872
v 189.860092 -326.873840 137.000000
v 214.021149 -328.283142 138.169128
v 213.978851 -326.933777 138.169128
v 213.957703 -326.259125 137.000000
v 213.978851 -326.933777 135.830872
v 214.021149 -328.283142 135.830872
v 214.042297 -328.957794 137.000000
v 238.128494 -324.668365 138.169128
v 237.909103 -323.336334 138.169128
v 237.799423 -322.670288 137.000000
v 237.909103 -323.336334 135.830872
v 238.128494 -324.668365 135.830872
v 238.238174 -325.334412 137.000000
v 262.066040 -320.374023 138.169128
v 261.933960 -319.030518 138.169128
v 261.867889 -318.358765 137.000000
v 261.933960 -319.030518 135.830872
v 262.066040 -320.374023 135.830872
v 262.132111 -321.045807 137.000000
v 285.974304 -319.931274 138.169128
v 285.982666 -318.581299 138.169128
v 285.986816 -317.906311 137.000000
v 285.982666 -318.581299 135.830872
v 285.974304 -319.931274 135.830872
v 285.970154 -320.606262 137.000000
v 309.995819 -320.674988 138.169128
v 310.004181 -319.325012 138.169128
v 310.008362 -318.650024 137.000000
v 310.004181 -319.325012 135.830872
v 309.995819 -320.674988 135.830872
v 309.991638 -321.349976 137.000000
v 69.866272 -315.661621 183.169128
v 70.133728 -314.338379 183.169128
v 70.267456 -313.676758 182.000000
v 70.133728 -314.338379 180.830872
v 69.866272 -315.661621 180.830872
v 69.732544 -316.323242 182.000000
v 93.745956 -321.375092 183.169128
v 94.013321 -320.051849 183.169128
v 94.147003 -319.390198 182.000000
v 94.013321 -320.051849 180.830872
v 93.745956 -321.375092 180.830872
v 93.612274 -322.036743 182.000000
v 117.954727 -325.375763 183.169128
v 118.045273 -324.028778 183.169128
v 118.090546 -323.355316 182.000000
v 118.045273 -324.028778 180.830872
v 117.954727 -325.375763 180.830872
v 117.909454 -326.049225 182.000000
v 142.011246 -324.665588 183.169128
v 141.952438 -323.316895 183.169128
v 141.923035 -322.642517 182.000000
v 141.952438 -323.316895 180.830872
v 142.011246 -324.665588 180.830872
v 142.040649 -325.339966 182.000000
v 165.978516 -323.283112 183.169128
v 166.021484 -321.933807 183.169128
v 166.042969 -321.259155 182.000000
v 166.021484 -321.933807 180.830872
v 165.978516 -323.283112 180.830872
v 165.957031 -323.957764 182.000000
v 189.930008 -326.202454 183.169128
v 190.069839 -324.859741 183.169128
v 190.139755 -324.188354 182.000000
v 190.069839 -324.859741 180.830872
v 189.930008 -326.202454 180.830872
v 189.860092 -326.873840 182.000000
v 214.021149 -328.283142 183.169128
v 213.978851 -326.933777 183.169128
v 213.957703 -326.259125 182.000000
v 213.978851 -326.933777 180.830872
v 214.021149 -328.283142 180.830872
v 214.042297 -328.957794 182.000000
v 238.128494 -324.668365 183.169128
v 237.909103 -323.336334 183.169128
v 237.799423 -322.670288 182.000000
v 237.909103 -323.336334 180.830872
v 238.128494 -324.668365 180.830872
v 238.238174 -325.334412 182.000000
v 262.066040 -320.374023 183.169128
v 261.933960 -319.030518 183.169128
v 261.867889 -318.358765 182.000000
v 261.933960 -319.030518 180.830872
v 262.066040 -320.374023 180.830872
v 262.132111 -321.045807 182.000000
v 285.974304 -319.931274 183.169128
v 285.982666 -318.581299 183.169128
v 285.986816 -317.906311 182.000000
v 285.982666 -318.581299 180.830872
v 285.974304 -319.931274 180.830872
v 285.970154 -320.606262 182.000000
v 309.995819 -320.674988 183.169128
v 310.004181 -319.325012 183.169128
v 310.008362 -318.650024 182.000000
v 310.004181 -319.325012 180.830872
v 309.995819 -320.674988 180.830872
v 309.991638 -321.349976 182.000000
v 69.866272 -315.661621 228.169128
v 70.133728 -314.338379 228.169128
v 70.267456 -313.676758 227.000000
v 70.133728 -314.338379 225.830872
v 69.866272 -315.661621 225.830872
v 69.732544 -316.323242 227.000000
v 93.745956 -321.375092 228.169128
v 94.013321 -320.051849 228.169128
v 94.147003 -319.390198 227.000000
v 94.013321 -320.051849 225.830872
v 93.745956 -321.375092 225.830872
v 93.612274 -322.036743 227.000000
v 117.954727 -325.375763 228.169128
v 118.045273 -324.028778 228.169128
v 118.090546 -323.355316 227.000000
v 118.045273 -324.028778 225.830872
v 117.954727 -325.375763 225.830872
v 117.909454 -326.049225 227.000000
v 142.011246 -324.665588 228.169128
v 141.952438 -323.316895 228.169128
v 141.923035 -322.642517 227.000000
v 141.952438 -323.316895 225.830872
v 142.011246 -324.665588 225.830872
v 142.040649 -325.339966 227.000000
v 165.978516 -323.283112 228.169128
v 166.021484 -321.933807 228.169128
v 166.042969 -321.259155 227.000000
v 166.021484 -321.933807 225.830872
v 165.978516 -323.283112 225.830872
v 165.957031 -323.957764 227.000000
v 189.930008 -326.202454 228.169128
v 190.069839 -324.859741 228.169128
v 190.139755 -324.188354 227.000000
v 190.069839 -324.859741 225.830872
v 189.930008 -326.202454 225.830872
v 189.860092 -326.873840 227.000000
v 214.021149 -328.283142 228.169128
v 213.978851 -326.933777 228.169128
v 213.957703 -326.259125 227.000000
v 213.978851 -326.933777 225.830872
v 214.021149 -328.283142 225.830872
v 214.042297 -328.957794 227.000000
v 238.128494 -324.668365 228.169128
v 237.909103 -323.336334 228.169128
v 237.799423 -322.670288 227.000000
v 237.909103 -323.336334 225.830872
v 238.128494 -324.668365 225.830872
v 238.238174 -325.334412 227.000000
v 262.066040 -320.374023 228.169128
v 261.933960 -319.030518 228.169128
v 261.867889 -318.358765 227.000000
v 261.933960 -319.030518 225.830872
v 262.066040 -320.374023 225.830872
v 262.132111 -321.045807 227.000000
v 285.974304 -319.931274 228.169128
v 285.982666 -318.581299 228.169128
v 285.986816 -317.906311 227.000000
v 285.982666 -318.581299 225.830872
v 285.974304 -319.931274 225.830872
v 285.970154 -320.606262 227.000000
v 309.995819 -320.674988 228.169128
v 310.004181 -319.325012 228.169128
v 310.008362 -318.650024 227.000000
v 310.004181 -319.325012 225.830872
v 309.995819 -320.674988 225.830872
v 309.991638 -321.349976 227.000000
v 69.866272 -315.661621 273.169128
v 70.133728 -314.338379 273.169128
v 70.267456 -313.676758 272.000000
v 70.133728 -314.338379 270.830872
v 69.866272 -315.661621 270.830872
v 69.732544 -316.323242 272.000000
v 93.745956 -321.375092 273.169128
v 94.013321 -320.051849 273.169128
v 94.147003 -319.390198 272.000000
v 94.013321 -320.051849 270.830872
v 93.745956 -321.375092 270.830872
v 93.612274 -322.036743 272.000000
v 117.954727 -325.375763 273.169128
v 118.045273 -324.028778 273.169128
v 118.090546 -323.355316 272.000000
v 118.045273 -324.028778 270.830872
v 117.954727 -325.375763 270.830872
v 117.909454 -326.049225 272.000000
v 142.011246 -324.665588 273.169128
v 141.952438 -323.316895 273.169128
v 141.923035 -322.642517 272.000000
v 141.952438 -323.316895 270.830872
v 142.011246 -324.665588 270.830872
v 142.040649 -325.339966 272.000000
v 165.978516 -323.283112 273.169128
v 166.021484 -321.933807 273.169128
v 166.042969 -321.259155 272.000000
v 166.021484 -321.933807 270.830872
v 165.978516 -323.283112 270.830872
v 165.957031 -323.957764 272.000000
v 189.930008 -326.202454 273.169128
v 190.069839 -324.859741 273.169128
v 190.139755 -324.188354 272.000000
v 190.069839 -324.859741 270.830872
v 189.930008 -326.202454 270.830872
v 189.860092 -326.873840 272.000000
v 214.021149 -328.283142 273.169128
v 213.978851 -326.933777 273.169128
v 213.957703 -326.259125 272.000000
v 213.978851 -326.933777 270.830872
v 214.021149 -328.283142 270.830872
v 214.042297 -328.957794 272.000000
v 238.128494 -324.668365 273.169128
v 237.909103 -323.336334 273.169128
v 237.799423 -322.670288 272.000000
v 237.909103 -323.336334 270.830872
v 238.128494 -324.668365 270.830872
v 238.238174 -325.334412 272.000000
v 262.066040 -320.374023 273.169128
v 261.933960 -319.030518 273.169128
v 261.867889 -318.358765 272.000000
v 261.933960 -319.030518 270.830872
v 262.066040 -320.374023 270.830872
v 262.132111 -321.045807 272.000000
v 285.974304 -319.931274 273.169128
v 285.982666 -318.581299 273.169128
v 285.986816 -317.906311 272.000000
v 285.982666 -318.581299 270.830872
v 285.974304 -319.931274 270.830872
v 285.970154 -320.606262 272.000000
v 309.995819 -320.674988 273.169128
v 310.004181 -319.325012 273.169128
v 310.008362 -318.650024 272.000000
v 310.004181 -319.325012 270.830872
v 309.995819 -320.674988 270.830872
v 309.991638 -321.349976 272.000000
v 69.866272 -315.661621 318.169128
v 70.133728 -314.338379 318.169128
v 70.267456 -313.676758 317.000000
v 70.133728 -314.338379 315.830872
v 69.866272 -315.661621 315.830872
v 69.732544 -316.323242 317.000000
v 93.745956 -321.375092 318.169128
v 94.013321 -320.051849 318.169128
v 94.147003 -319.390198 317.000000
v 94.013321 -320.051849 315.830872
v 93.745956 -321.375092 315.830872
v 93.612274 -322.036743 317.000000
v 117.954727 -325.375763 318.169128
v 118.045273 -324.028778 318.169128
v 118.090546 -323.355316 317.000000
v 118.045273 -324.028778 315.830872
v 117.954727 -325.375763 315.830872
v 117.909454 -326.049225 317.000000
v 142.011246 -324.665588 318.169128
v 141.952438 -323.316895 318.169128
v 141.923035 -322.642517 317.000000
v 141.952438 -323.316895 315.830872
v 142.011246 -324.665588 315.830872
v 142.040649 -325.339966 317.000000
v 165.978516 -323.283112 318.169128
v 166.021484 -321.933807 318.169128
v 166.042969 -321.259155 317.000000
v 166.021484 -321.933807 315.830872
v 165.978516 -323.283112 315.830872
v 165.957031 -323.957764 317.000000
v 189.930008 -326.202454 318.169128
v 190.069839 -324.859741 318.169128
v 190.139755 -324.188354 317.000000
v 190.069839 -324.859741 315.830872
v 189.930008 -326.202454 315.830872
v 189.860092 -326.873840 317.000000
v 214.021149 -328.283142 318.169128
v 213.978851 -326.933777 318.169128
v 213.957703 -326.259125 317.000000
v 213.978851 -326.933777 315.830872
v 214.021149 -328.283142 315.830872
v 214.042297 -328.957794 317.000000
v 238.128494 -324.668365 318.169128
v 237.909103 -323.336334 318.169128
v 237.799423 -322.670288 317.000000
v 237.909103 -323.336334 315.830872
v 238.128494 -324.668365 315.830872
v 238.238174 -325.334412 317.000000
v 262.066040 -320.374023 318.169128
v 261.933960 -319.030518 318.169128
v 261.867889 -318.358765 317.000000
v 261.933960 -319.030518 315.830872
v 262.066040 -320.374023 315.830872
v 262.132111 -321.045807 317.000000
v 285.974304 -319.931274 318.169128
v 285.982666 -318.581299 318.169128
v 285.986816 -317.906311 317.000000
v 285.982666 -318.581299 315.830872
v 285.974304 -319.931274 315.830872
v 285.970154 -320.606262 317.000000
v 309.995819 -320.674988 318.169128
v 310.004181 -319.325012 318.169128
v 310.008362 -318.650024 317.000000
v 310.004181 -319.325012 315.830872
v 309.995819 -320.674988 315.830872
v 309.991638 -321.349976 317.000000
v 70.000000 -325.000000 94.400002
v 70.000000 -321.000000 94.400002
v 71.697052 -325.000000 93.697060
v 71.697052 -321.000000 93.697060
v 72.399994 -325.000000 92.000000
v 72.399994 -321.000000 92.000000
v 71.697052 -325.000000 90.302940
v 71.697052 -321.000000 90.302940
v 70.000000 -325.000000 89.599998
v 70.000000 -321.000000 89.599998
v 68.302948 -325.000000 90.302940
v 68.302948 -321.000000 90.302940
v 67.600006 -325.000000 92.000000
v 67.600006 -321.000000 92.000000
v 68.302948 -325.000000 93.697060
v 68.302948 -321.000000 93.697060
v 70.000000 -325.000000 184.399994
v 70.000000 -321.000000 184.399994
v 71.697052 -325.000000 183.697052
v 71.697052 -321.000000 183.697052
v 72.399994 -325.000000 182.000000
v 72.399994 -321.000000 182.000000
v 71.697052 -325.000000 180.302948
v 71.697052 -321.000000 180.302948
v 70.000000 -325.000000 179.600006
v 70.000000 -321.000000 179.600006
v 68.302948 -325.000000 180.302948
v 68.302948 -321.000000 180.302948
v 67.600006 -325.000000 182.000000
v 67.600006 -321.000000 182.000000
v 68.302948 -325.000000 183.697052
v 68.302948 -321.000000 183.697052
v 70.000000 -325.000000 274.399994
v 70.000000 -321.000000 274.399994
v 71.697052 -325.000000 273.697052
v 71.697052 -321.000000 273.697052
v 72.399994 -325.000000 272.000000
v 72.399994 -321.000000 272.000000
v 71.697052 -325.000000 270.302948
v 71.697052 -321.000000 270.302948
v 70.000000 -325.000000 269.600006
v 70.000000 -321.000000 269.600006
v 68.302948 -325.000000 270.302948
v 68.302948 -321.000000 270.302948
v 67.600006 -325.000000 272.000000
v 67.600006 -321.000000 272.000000
v 68.302948 -325.000000 273.697052
v 68.302948 -321.000000 273.697052
v 118.000000 -330.000000 139.399994
v 118.000000 -326.000000 139.399994
v 119.697060 -330.000000 138.697052
v 119.697060 -326.000000 138.697052
v 120.400002 -330.000000 137.000000
v 120.400002 -326.000000 137.000000
v 119.697060 -330.000000 135.302948
v 119.697060 -326.000000 135.302948
v 118.000000 -330.000000 134.600006
v 118.000000 -326.000000 134.600006
v 116.302940 -330.000000 135.302948
v 116.302940 -326.000000 135.302948
v 115.599998 -330.000000 137.000000
v 115.599998 -326.000000 137.000000
v 116.302940 -330.000000 138.697052
v 116.302940 -326.000000 138.697052
v 118.000000 -330.000000 229.399994
v 118.000000 -326.000000 229.399994
v 119.697060 -330.000000 228.697052
v 119.697060 -326.000000 228.697052
v 120.400002 -330.000000 227.000000
v 120.400002 -326.000000 227.000000
v 119.697060 -330.000000 225.302948
v 119.697060 -326.000000 225.302948
v 118.000000 -330.000000 224.600006
v 118.000000 -326.000000 224.600006
v 116.302940 -330.000000 225.302948
v 116.302940 -326.000000 225.302948
v 115.599998 -330.000000 227.000000
v 115.599998 -326.000000 227.000000
v 116.302940 -330.000000 228.697052
v 116.302940 -326.000000 228.697052
v 118.000000 -330.000000 319.399994
v 118.000000 -326.000000 319.399994
v 119.697060 -330.000000 318.697052
v 119.697060 -326.000000 318.697052
v 120.400002 -330.000000 317.000000
v 120.400002 -326.000000 317.000000
v 119.697060 -330.000000 315.302948
v 119.697060 -326.000000 315.302948
v 118.000000 -330.000000 314.600006
v 118.000000 -326.000000 314.600006
v 116.302940 -330.000000 315.302948
v 116.302940 -326.000000 315.302948
v 115.599998 -330.000000 317.000000
v 115.599998 -326.000000 317.000000
v 116.302940 -330.000000 318.697052
v 116.302940 -326.000000 318.697052
v 166.000000 -325.000000 94.400002
v 166.000000 -321.000000 94.400002
v 167.697052 -325.000000 93.697060
v 167.697052 -321.000000 93.697060
v 168.399994 -325.000000 92.000000
v 168.399994 -321.000000 92.000000
v 167.697052 -325.000000 90.302940
v 167.697052 -321.000000 90.302940
v 166.000000 -325.000000 89.599998
v 166.000000 -321.000000 89.599998
v 164.302948 -325.000000 90.302940
v 164.302948 -321.000000 90.302940
v 163.600006 -325.000000 92.000000
v 163.600006 -321.000000 92.000000
v 164.302948 -325.000000 93.697060
v 164.302948 -321.000000 93.697060
v 166.000000 -325.000000 184.399994
v 166.000000 -321.000000 184.399994
v 167.697052 -325.000000 183.697052
v 167.697052 -321.000000 183.697052
v 168.399994 -325.000000 182.000000
v 168.399994 -321.000000 182.000000
v 167.697052 -325.000000 180.302948
v 167.697052 -321.000000 180.302948
v 166.000000 -325.000000 179.600006
v 166.000000 -321.000000 179.600006
v 164.302948 -325.000000 180.302948
v 164.302948 -321.000000 180.302948
v 163.600006 -325.000000 182.000000
v 163.600006 -321.000000 182.000000
v 164.302948 -325.000000 183.697052
v 164.302948 -321.000000 183.697052
v 166.000000 -325.000000 274.399994
v 166.000000 -321.000000 274.399994
v 167.697052 -325.000000 273.697052
v 167.697052 -321.000000 273.697052
v 168.399994 -325.000000 272.000000
v 168.399994 -321.000000 272.000000
v 167.697052 -325.000000 270.302948
v 167.697052 -321.000000 270.302948
v 166.000000 -325.000000 269.600006
v 166.000000 -321.000000 269.600006
v 164.302948 -325.000000 270.302948
v 164.302948 -321.000000 270.302948
v 163.600006 -325.000000 272.000000
v 163.600006 -321.000000 272.000000
v 164.302948 -325.000000 273.697052
v 164.302948 -321.000000 273.697052
v 214.000000 -330.000000 139.399994
v 214.000000 -326.000000 139.399994
v 215.697052 -330.000000 138.697052
v 215.697052 -326.000000 138.697052
v 216.399994 -330.000000 137.000000
v 216.399994 -326.000000 137.000000
v 215.697052 -330.000000 135.302948
v 215.697052 -326.000000 135.302948
v 214.000000 -330.000000 134.600006
v 214.000000 -326.000000 134.600006
v 212.302948 -330.000000 135.302948
v 212.302948 -326.000000 135.302948
v 211.600006 -330.000000 137.000000
v 211.600006 -326.000000 137.000000
v 212.302948 -330.000000 138.697052
v 212.302948 -326.000000 138.697052
v 214.000000 -330.000000 229.399994
v 214.000000 -326.000000 229.399994
v 215.697052 -330.000000 228.697052
v 215.697052 -326.000000 228.697052
v 216.399994 -330.000000 227.000000
v 216.399994 -326.000000 227.000000
v 215.697052 -330.000000 225.302948
v 215.697052 -326.000000 225.302948
v 214.000000 -330.000000 224.600006
v 214.000000 -326.000000 224.600006
v 212.302948 -330.000000 225.302948
v 212.302948 -326.000000 225.302948
v 211.600006 -330.000000 227.000000
v 211.600006 -326.000000 227.000000
v 212.302948 -330.000000 228.697052
v 212.302948 -326.000000 228.697052
v 214.000000 -330.000000 319.399994
v 214.000000 -326.000000 319.399994
v 215.697052 -330.000000 318.697052
v 215.697052 -326.000000 318.697052
v 216.399994 -330.000000 317.000000
v 216.399994 -326.000000 317.000000
v 215.697052 -330.000000 315.302948
v 215.697052 -326.000000 315.302948
v 214.000000 -330.000000 314.600006
v 214.000000 -326.000000 314.600006
v 212.302948 -330.000000 315.302948
v 212.302948 -326.000000 315.302948
v 211.600006 -330.000000 317.000000
v 211.600006 -326.000000 317.000000
v 212.302948 -330.000000 318.697052
v 212.302948 -326.000000 318.697052
v 262.000000 -325.000000 94.400002
v 262.000000 -321.000000 94.400002
v 263.697052 -325.000000 93.697060
v 263.697052 -321.000000 93.697060
v 264.399994 -325.000000 92.000000
v 264.399994 -321.000000 92.000000
v 263.697052 -325.000000 90.302940
v 263.697052 -321.000000 90.302940
v 262.000000 -325.000000 89.599998
v 262.000000 -321.000000 89.599998
v 260.302948 -325.000000 90.302940
v 260.302948 -321.000000 90.302940
v 259.600006 -325.000000 92.000000
v 259.600006 -321.000000 92.000000
v 260.302948 -325.000000 93.697060
v 260.302948 -321.000000 93.697060
v 262.000000 -325.000000 184.399994
v 262.000000 -321.000000 184.399994
v 263.697052 -325.000000 183.697052
v 263.697052 -321.000000 183.697052
v 264.399994 -325.000000 182.000000
v 264.399994 -321.000000 182.000000
v 263.697052 -325.000000 180.302948
v 263.697052 -321.000000 180.302948
v 262.000000 -325.000000 179.600006
v 262.000000 -321.000000 179.600006
v 260.302948 -325.000000 180.302948
v 260.302948 -321.000000 180.302948
v 259.600006 -325.000000 182.000000
v 259.600006 -321.000000 182.000000
v 260.302948 -325.000000 183.697052
v 260.302948 -321.000000 183.697052
v 262.000000 -325.000000 274.399994
v 262.000000 -321.000000 274.399994
v 263.697052 -325.000000 273.697052
v 263.697052 -321.000000 273.697052
v 264.399994 -325.000000 272.000000
v 264.399994 -321.000000 272.000000
v 263.697052 -325.000000 270.302948
v 263.697052 -321.000000 270.302948
v 262.000000 -325.000000 269.600006
v 262.000000 -321.000000 269.600006
v 260.302948 -325.000000 270.302948
v 260.302948 -321.000000 270.302948
v 259.600006 -325.000000 272.000000
v 259.600006 -321.000000 272.000000
v 260.302948 -325.000000 273.697052
v 260.302948 -321.000000 273.697052
v 310.000000 -330.000000 139.399994
v 310.000000 -326.000000 139.399994
v 311.697052 -330.000000 138.697052
v 311.697052 -326.000000 138.697052
v 312.399994 -330.000000 137.000000
v 312.399994 -326.000000 137.000000
v 311.697052 -330.000000 135.302948
v 311.697052 -326.000000 135.302948
v 310.000000 -330.000000 134.600006
v 310.000000 -326.000000 134.600006
v 308.302948 -330.000000 135.302948
v 308.302948 -326.000000 135.302948
v 307.600006 -330.000000 137.000000
v 307.600006 -326.000000 137.000000
v 308.302948 -330.000000 138.697052
v 308.302948 -326.000000 138.697052
v 310.000000 -330.000000 229.399994
v 310.000000 -326.000000 229.399994
v 311.697052 -330.000000 228.697052
v 311.697052 -326.000000 228.697052
v 312.399994 -330.000000 227.000000
v 312.399994 -326.000000 227.000000
v 311.697052 -330.000000 225.302948
v 311.697052 -326.000000 225.302948
v 310.000000 -330.000000 224.600006
v 310.000000 -326.000000 224.600006
v 308.302948 -330.000000 225.302948
v 308.302948 -326.000000 225.302948
v 307.600006 -330.000000 227.000000
v 307.600006 -326.000000 227.000000
v 308.302948 -330.000000 228.697052
v 308.302948 -326.000000 228.697052
v 310.000000 -330.000000 319.399994
v 310.000000 -326.000000 319.399994
v 311.697052 -330.000000 318.697052
v 311.697052 -326.000000 318.697052
v 312.399994 -330.000000 317.000000
v 312.399994 -326.000000 317.000000
v 311.697052 -330.000000 315.302948
v 311.697052 -326.000000 315.302948
v 310.000000 -330.000000 314.600006
v 310.000000 -326.000000 314.600006
v 308.302948 -330.000000 315.302948
v 308.302948 -326.000000 315.302948
v 307.600006 -330.000000 317.000000
v 307.600006 -326.000000 317.000000
v 308.302948 -330.000000 318.697052
v 308.302948 -326.000000 318.697052
v 251.029633 354.160645 91.000000
v 251.389191 352.121521 93.000000
v 251.029633 354.160645 223.000000
v 251.389191 352.121521 221.000000
v 253.811371 355.457764 91.000000
v 255.142303 353.871643 93.000000
v 253.811371 355.457764 223.000000
v 255.142303 353.871643 221.000000
v 255.571854 357.971985 91.000000
v 257.517548 357.263855 93.000000
v 255.571854 357.971985 223.000000
v 257.517548 357.263855 221.000000
v 255.839371 361.029663 91.000000
v 257.878448 361.389160 93.000000
v 255.839371 361.029663 223.000000
v 257.878448 361.389160 221.000000
v 254.542221 363.811401 91.000000
v 256.128357 365.142273 93.000000
v 254.542221 363.811401 223.000000
v 256.128357 365.142273 221.000000
v 252.027985 365.571838 91.000000
v 252.736160 367.517517 93.000000
v 252.027985 365.571838 223.000000
v 252.736160 367.517517 221.000000
v 248.970367 365.839355 91.000000
v 248.610809 367.878479 93.000000
v 248.970367 365.839355 223.000000
v 248.610809 367.878479 221.000000
v 246.188629 364.542236 91.000000
v 244.857697 366.128357 93.000000
v 246.188629 364.542236 223.000000
v 244.857697 366.128357 221.000000
v 244.428146 362.028015 91.000000
v 242.482452 362.736145 93.000000
v 244.428146 362.028015 223.000000
v 242.482452 362.736145 221.000000
v 244.160629 358.970337 91.000000
v 242.121536 358.610840 93.000000
v 244.160629 358.970337 223.000000
v 242.121536 358.610840 221.000000
v 245.457779 356.188599 91.000000
v 243.871643 354.857727 93.000000
v 245.457779 356.188599 223.000000
v 243.871643 354.857727 221.000000
v 247.972015 354.428162 91.000000
v 247.263840 352.482483 93.000000
v 247.972015 354.428162 223.000000
v 247.263840 352.482483 221.000000
v 262.500000 360.000000 233.000000
v 260.429199 364.300049 233.000000
v 255.776138 365.362122 233.000000
v 252.044678 362.386353 233.000000
v 252.044678 357.613647 233.000000
v 255.776138 354.637878 233.000000
v 260.429199 355.699951 233.000000
v 261.349823 360.000000 240.261902
v 259.380371 364.300049 239.621979
v 254.955048 365.362122 238.184113
v 251.406219 362.386353 237.031021
v 251.406219 357.613647 237.031021
v 254.955048 354.637878 238.184113
v 259.380371 355.699951 239.621979
v 258.011902 360.000000 246.812958
v 256.336578 364.300049 245.595764
v 252.572174 365.362122 242.860764
v 249.553360 362.386353 240.667465
v 249.553360 357.613647 240.667465
v 252.572174 354.637878 242.860764
v 256.336578 355.699951 245.595764
v 252.812958 360.000000 252.011902
v 251.595764 364.300049 250.336578
v 248.860764 365.362122 246.572174
v 246.667465 362.386353 243.553360
v 246.667465 357.613647 243.553360
v 248.860764 354.637878 246.572174
v 251.595764 355.699951 250.336578
v 246.261902 360.000000 255.349823
v 245.621994 364.300049 253.380371
v 244.184113 365.362122 248.955048
v 243.031021 362.386353 245.406219
v 243.031021 357.613647 245.406219
v 244.184113 354.637878 248.955048
v 245.621994 355.699951 253.380371
v 239.000000 360.000000 256.500000
v 239.000000 364.300049 254.429199
v 239.000000 365.362122 249.776138
v 239.000000 362.386353 246.044678
v 239.000000 357.613647 246.044678
v 239.000000 354.637878 249.776138
v 239.000000 355.699951 254.429199
v 231.738098 360.000000 255.349823
v 232.378021 364.300049 253.380371
v 233.815887 365.362122 248.955048
v 234.968979 362.386353 245.406219
v 234.968979 357.613647 245.406219
v 233.815887 354.637878 248.955048
v 232.378021 355.699951 253.380371
v 225.187042 360.000000 252.011902
v 226.404236 364.300049 250.336578
v 229.139236 365.362122 246.572174
v 231.332535 362.386353 243.553360
v 231.332535 357.613647 243.553360
v 229.139236 354.637878 246.572174
v 226.404236 355.699951 250.336578
v 219.988098 360.000000 246.812943
v 221.663422 364.300049 245.595764
v 225.427826 365.362122 242.860764
v 228.446640 362.386353 240.667465
v 228.446640 357.613647 240.667465
v 225.427826 354.637878 242.860764
v 221.663422 355.699951 245.595764
v 216.650177 360.000000 240.261902
v 218.619629 364.300049 239.621979
v 223.044952 365.362122 238.184113
v 226.593781 362.386353 237.031021
v 226.593781 357.613647 237.031021
v 223.044952 354.637878 238.184113
v 218.619629 355.699951 239.621979
v 215.500000 360.000000 233.000000
v 217.570801 364.300049 233.000000
v 222.223862 365.362122 233.000000
v 225.955322 362.386353 233.000000
v 225.955322 357.613647 233.000000
v 222.223862 354.637878 233.000000
v 217.570801 355.699951 233.000000
v 216.650177 360.000000 225.738113
v 218.619629 364.300049 226.378021
v 223.044952 365.362122 227.815903
v 226.593781 362.386353 228.968979
v 226.593781 357.613647 228.968979
v 223.044952 354.637878 227.815903
v 218.619629 355.699951 226.378021
v 219.988098 360.000000 219.187057
v 221.663422 364.300049 220.404236
v 225.427826 365.362122 223.139236
v 228.446640 362.386353 225.332535
v 228.446640 357.613647 225.332535
v 225.427826 354.637878 223.139236
v 221.663422 355.699951 220.404236
v 225.187042 360.000000 213.988098
v 226.404236 364.300049 215.663422
v 229.139236 365.362122 219.427826
v 231.332535 362.386353 222.446640
v 231.332535 357.613647 222.446640
v 229.139236 354.637878 219.427826
v 226.404236 355.699951 215.663422
v 231.738098 360.000000 210.650177
v 232.378021 364.300049 212.619629
v 233.815887 365.362122 217.044952
v 234.968979 362.386353 220.593781
v 234.968979 357.613647 220.593781
v 233.815887 354.637878 217.044952
v 232.378021 355.699951 212.619629
v 239.000000 360.000000 209.500000
v 239.000000 364.300049 211.570801
v 239.000000 365.362122 216.223862
v 239.000000 362.386353 219.955322
v 239.000000 357.613647 219.955322
v 239.000000 354.637878 216.223862
v 239.000000 355.699951 211.570801
v 246.261902 360.000000 210.650177
v 245.621994 364.300049 212.619629
v 244.184113 365.362122 217.044952
v 243.031021 362.386353 220.593781
v 243.031021 357.613647 220.593781
v 244.184113 354.637878 217.044952
v 245.621994 355.699951 212.619629
v 252.812943 360.000000 213.988098
v 251.595749 364.300049 215.663406
v 248.860748 365.362122 219.427811
v 246.667465 362.386353 222.446640
v 246.667465 357.613647 222.446640
v 248.860748 354.637878 219.427811
v 251.595749 355.699951 215.663406
v 258.011902 360.000000 219.187042
v 256.336578 364.300049 220.404221
v 252.572174 365.362122 223.139221
v 249.553360 362.386353 225.332535
v 249.553360 357.613647 225.332535
v 252.572174 354.637878 223.139221
v 256.336578 355.699951 220.404221
v 261.349823 360.000000 225.738098
v 259.380371 364.300049 226.378006
v 254.955048 365.362122 227.815887
v 251.406219 362.386353 228.968964
v 251.406219 357.613647 228.968964
v 254.955048 354.637878 227.815887
v 259.380371 355.699951 226.378006
v 199.182877 355.001648 186.111191
v 198.051910 358.498413 189.715775
v 195.134171 354.287781 189.209183
v 197.267929 358.360168 195.380096
v 197.401123 354.687500 198.984680
v 194.350189 354.149536 194.873505
v 200.176147 349.368530 186.111191
v 196.127441 348.654663 189.209183
v 200.309326 345.695862 189.715775
v 198.394379 349.054382 198.984680
v 199.525360 345.557617 195.380096
v 195.343460 348.516418 194.873505
v 289.605621 370.945618 199.015320
v 292.656525 371.483582 203.126495
v 288.474640 374.442383 202.619904
v 287.823853 370.631470 211.888809
v 287.690674 374.304138 208.284225
v 291.872559 371.345337 208.790817
v 290.598877 365.312500 199.015320
v 290.732056 361.639832 202.619904
v 293.649811 365.850464 203.126495
v 288.817139 364.998352 211.888809
v 292.865845 365.712219 208.790817
v 289.948090 361.501587 208.284225
v 240.031052 353.599976 88.529327
v 240.737747 352.000000 89.964798
v 242.173218 353.599976 89.258110
v 246.391296 352.000000 101.448586
v 247.097992 353.599976 102.884064
v 247.826782 353.599976 100.741898
v 240.031052 366.400024 88.529327
v 242.173218 366.400024 89.258110
v 240.737747 368.000000 89.964806
v 247.097992 366.400024 102.884064
v 246.391296 368.000000 101.448593
v 247.826782 366.400024 100.741898
v 177.902008 353.599976 119.115936
v 177.173218 353.599976 121.258102
v 178.608704 352.000000 120.551407
v 184.968948 353.599976 133.470673
v 184.262253 352.000000 132.035187
v 182.826782 353.599976 132.741882
v 177.902008 366.400024 119.115936
v 178.608704 368.000000 120.551414
v 177.173218 366.400024 121.258102
v 184.968948 366.400024 133.470673
v 182.826782 366.400024 132.741882
v 184.262253 368.000000 132.035202
v 249.968948 366.400024 88.529327
v 249.262253 368.000000 89.964798
v 247.826782 366.400024 89.258102
v 243.608704 368.000000 101.448578
v 242.902008 366.400024 102.884056
v 242.173218 366.400024 100.741890
v 249.968948 353.599976 88.529327
v 247.826782 353.599976 89.258102
v 249.262253 352.000000 89.964798
v 242.902008 353.599976 102.884056
v 243.608704 352.000000 101.448578
v 242.173218 353.599976 100.741890
v 312.097992 366.400024 119.115944
v 312.826782 366.400024 121.258110
v 311.391296 368.000000 120.551422
v 305.031067 366.400024 133.470673
v 305.737732 368.000000 132.035202
v 307.173218 366.400024 132.741898
v 312.097992 353.599976 119.115944
v 311.391296 352.000000 120.551422
v 312.826782 353.599976 121.258110
v 305.031067 353.599976 133.470673
v 307.173218 353.599976 132.741898
v 305.737732 352.000000 132.035202
v 169.527008 365.500000 96.979454
v 173.645401 368.000000 98.225136
v 170.480698 365.500000 95.310089
v 171.072449 367.267761 97.538071
v 170.039963 366.943359 96.165390
v 171.746811 367.267761 96.357651
v 168.834671 365.500000 95.476822
v 207.005981 365.500000 102.293892
v 205.519302 365.500000 99.689911
v 204.379715 368.000000 102.066925
v 207.012405 365.500000 100.563820
v 206.500641 366.943359 100.856018
v 205.155365 367.267761 100.403336
v 206.206604 367.267761 102.244629
v 193.472992 365.500000 128.020538
v 195.994019 365.500000 127.706108
v 194.391052 368.000000 125.117653
v 194.859604 365.500000 128.874496
v 194.758667 366.943359 128.065170
v 195.508774 367.267761 126.821838
v 193.726135 367.267761 127.044174
v 169.527008 354.500000 96.979454
v 170.480698 354.500000 95.310089
v 173.645401 352.000000 98.225136
v 168.834641 354.500000 95.476822
v 170.039932 353.056641 96.165390
v 171.746780 352.732239 96.357651
v 171.072418 352.732239 97.538071
v 205.519302 354.500000 99.689911
v 207.005981 354.500000 102.293892
v 204.379715 352.000000 102.066925
v 207.012405 354.500000 100.563820
v 206.500641 353.056641 100.856018
v 206.206604 352.732239 102.244629
v 205.155365 352.732239 100.403336
v 193.472992 354.500000 128.020538
v 194.391052 352.000000 125.117653
v 195.994019 354.500000 127.706108
v 193.726135 352.732239 127.044174
v 194.758667 353.056641 128.065170
v 195.508774 352.732239 126.821838
v 194.859604 354.500000 128.874496
v 292.994019 365.500000 102.293892
v 295.620300 368.000000 102.066925
v 294.480682 365.500000 99.689911
v 293.793365 367.267761 102.244629
v 293.499329 366.943359 100.856018
v 294.844604 367.267761 100.403336
v 292.987549 365.500000 100.563820
v 330.472992 365.500000 96.979454
v 329.519318 365.500000 95.310089
v 326.354614 368.000000 98.225136
v 331.165344 365.500000 95.476822
v 329.960052 366.943359 96.165390
v 328.253235 367.267761 96.357651
v 328.927582 367.267761 97.538071
v 304.005981 365.500000 127.706108
v 306.527008 365.500000 128.020538
v 305.608948 368.000000 125.117653
v 305.140350 365.500000 128.874496
v 305.241302 366.943359 128.065170
v 306.273834 367.267761 127.044174
v 304.491180 367.267761 126.821838
v 292.994019 354.500000 102.293892
v 294.480682 354.500000 99.689911
v 295.620300 352.000000 102.066925
v 292.987579 354.500000 100.563820
v 293.499359 353.056641 100.856018
v 294.844635 352.732239 100.403336
v 293.793396 352.732239 102.244629
v 329.519318 354.500000 95.310089
v 330.472992 354.500000 96.979454
v 326.354614 352.000000 98.225136
v 331.165344 354.500000 95.476822
v 329.960052 353.056641 96.165390
v 328.927582 352.732239 97.538071
v 328.253235 352.732239 96.357651
v 304.005981 354.500000 127.706108
v 305.608948 352.000000 125.117653
v 306.527008 354.500000 128.020538
v 304.491211 352.732239 126.821838
v 305.241333 353.056641 128.065170
v 306.273865 352.732239 127.044174
v 305.140381 354.500000 128.874496
vn 0.3557 -0.0000 0.9346
vn 0.9595 -0.2817 -0.0000
vn 1.0000 -0.0000 -0.0000
vn -0.7889 -0.0000 0.6145
vn 0.3413 -0.1002 0.9346
vn -0.7889 -0.0000 -0.6145
vn -0.7570 0.2223 0.6145
vn 0.3413 -0.1002 -0.9346
vn -0.7570 0.2223 -0.6145
vn 0.3557 -0.0000 -0.9346
vn 0.2992 -0.1923 0.9346
vn 0.8413 -0.5406 -0.0000
vn -0.6637 0.4265 0.6145
vn -0.6637 0.4265 -0.6145
vn 0.2992 -0.1923 -0.9346
vn 0.6549 -0.7558 -0.0000
vn -0.5166 0.5962 0.6145
vn 0.2329 -0.2688 0.9346
vn -0.5166 0.5962 -0.6145
vn 0.2329 -0.2688 -0.9346
vn 0.4154 -0.9096 -0.0000
vn 0.1478 -0.3236 0.9346
vn -0.3277 0.7176 0.6145
vn 0.1478 -0.3236 -0.9346
vn -0.3277 0.7176 -0.6145
vn 0.0506 -0.3521 0.9346
vn 0.1423 -0.9898 -0.0000
vn -0.1123 0.7809 0.6145
vn -0.1123 0.7809 -0.6145
vn 0.0506 -0.3521 -0.9346
vn -0.1423 -0.9898 -0.0000
vn 0.1123 0.7809 0.6145
vn -0.0506 -0.3521 0.9346
vn 0.1123 0.7809 -0.6145
vn -0.0506 -0.3521 -0.9346
vn -0.4154 -0.9096 -0.0000
vn 0.3277 0.7176 0.6145
vn -0.1478 -0.3235 0.9346
vn -0.1478 -0.3235 -0.9346
vn 0.3277 0.7176 -0.6145
vn -0.2329 -0.2688 0.9346
vn -0.6549 -0.7558 -0.0000
vn 0.5166 0.5962 0.6145
vn -0.2329 -0.2688 -0.9346
vn 0.5166 0.5962 -0.6145
vn -0.8413 -0.5406 -0.0000
vn 0.6637 0.4265 0.6145
vn -0.2992 -0.1923 0.9346
vn 0.6637 0.4265 -0.6145
vn -0.2992 -0.1923 -0.9346
vn -0.9595 -0.2817 -0.0000
vn 0.7570 0.2223 0.6145
vn -0.3413 -0.1002 0.9346
vn 0.7570 0.2223 -0.6145
vn -0.3413 -0.1002 -0.9346
vn -0.3557 -0.0000 0.9346
vn -1.0000 -0.0000 -0.0000
vn 0.7889 -0.0000 0.6145
vn 0.7889 -0.0000 -0.6145
vn -0.3557 -0.0000 -0.9346
vn -0.3413 0.1002 0.9346
vn -0.9595 0.2817 -0.0000
vn 0.7570 -0.2223 0.6145
vn -0.3413 0.1002 -0.9346
vn 0.7570 -0.2223 -0.6145
vn -0.8413 0.5406 -0.0000
vn -0.2992 0.1923 0.9346
vn 0.6637 -0.4265 0.6145
vn 0.6637 -0.4265 -0.6145
vn -0.2992 0.1923 -0.9346
vn -0.6549 0.7557 -0.0000
vn 0.5166 -0.5962 0.6145
vn -0.2329 0.2688 0.9346
vn 0.5166 -0.5962 -0.6145
vn -0.2329 0.2688 -0.9346
vn -0.1478 0.3235 0.9346
vn -0.4154 0.9096 -0.0000
vn 0.3277 -0.7176 0.6145
vn 0.3277 -0.7176 -0.6145
vn -0.1478 0.3235 -0.9346
vn -0.0506 0.3521 0.9346
vn -0.1423 0.9898 -0.0000
vn 0.1123 -0.7809 0.6145
vn -0.0506 0.3521 -0.9346
vn 0.1123 -0.7809 -0.6145
vn 0.1423 0.9898 -0.0000
vn 0.0506 0.3521 0.9346
vn -0.1123 -0.7809 0.6145
vn 0.0506 0.3521 -0.9346
vn -0.1123 -0.7809 -0.6145
vn 0.4154 0.9096 -0.0000
vn 0.1478 0.3235 0.9346
vn -0.3277 -0.7176 0.6145
vn 0.1478 0.3235 -0.9346
vn -0.3277 -0.7176 -0.6145
vn 0.6549 0.7557 -0.0000
vn 0.2329 0.2688 0.9346
vn -0.5166 -0.5962 0.6145
vn 0.2329 0.2688 -0.9346
vn -0.5166 -0.5962 -0.6145
vn 0.8413 0.5406 -0.0000
vn 0.2992 0.1923 0.9346
vn -0.6637 -0.4265 0.6145
vn 0.2992 0.1923 -0.9346
vn -0.6637 -0.4265 -0.6145
vn 0.9595 0.2817 -0.0000
vn 0.3413 0.1002 0.9346
vn -0.7570 -0.2223 0.6145
vn 0.3413 0.1002 -0.9346
vn -0.7570 -0.2223 -0.6145
vn 0.6549 -0.7557 -0.0000
vn 0.1478 -0.3235 0.9346
vn 0.1478 -0.3235 -0.9346
vn -0.6549 -0.7557 -0.0000
vn 0.6549 0.7558 -0.0000
vn 0.7445 0.6676 0.0024
vn 0.3225 0.4286 0.8440
vn 0.3347 0.3230 0.8853
vn -0.3121 -0.3438 0.8857
vn -0.4136 -0.3488 0.8410
vn -0.6419 -0.7668 0.0007
vn -0.7447 -0.6674 -0.0040
vn -0.3876 -0.3692 -0.8447
vn -0.2825 -0.3691 -0.8854
vn 0.3608 0.3006 -0.8828
vn 0.3518 0.4052 -0.8438
vn 0.6288 0.7776 0.0006
vn 0.0063 0.6072 0.7945
vn -0.0394 -0.3461 0.9374
vn -0.0420 -0.9989 0.0194
vn 0.0086 -0.3796 -0.9251
vn 0.0477 0.5812 -0.8124
vn 0.0449 0.9989 -0.0146
vn -0.4250 0.9048 -0.0281
vn -0.2425 0.4675 0.8501
vn 0.1845 -0.4466 0.8755
vn 0.4217 -0.9063 0.0292
vn 0.2439 -0.4741 -0.8460
vn -0.1834 0.4406 -0.8788
vn 0.1098 0.9939 -0.0134
vn 0.0068 0.3637 0.9315
vn -0.0899 -0.5839 0.8068
vn -0.1056 -0.9943 0.0116
vn -0.0365 -0.6085 -0.7927
vn 0.0691 0.3335 -0.9402
vn 0.3099 0.3300 0.8916
vn -0.4090 -0.3677 0.8352
vn -0.7103 -0.7038 -0.0116
vn -0.3578 -0.3919 -0.8476
vn 0.3636 0.3044 -0.8804
vn 0.7307 0.6826 0.0122
vn 0.4202 0.3189 0.8495
vn -0.4089 -0.2514 0.8773
vn -0.8229 -0.5679 -0.0166
vn -0.3559 -0.2764 -0.8927
vn 0.4708 0.2954 -0.8313
vn 0.8232 0.5675 0.0170
vn -1.0000 0.0029 0.0005
vn -0.5013 0.8531 0.1449
vn -0.4987 0.8532 0.1531
vn 0.5013 0.8531 0.1449
vn 0.4987 0.8531 0.1531
vn 1.0000 0.0029 0.0005
vn 1.0000 -0.0029 -0.0005
vn 0.5013 -0.8517 -0.1528
vn 0.4987 -0.8545 -0.1451
vn -0.4987 -0.8545 -0.1451
vn -0.5013 -0.8517 -0.1528
vn -1.0000 -0.0029 -0.0005
vn -0.5021 0.8559 0.1241
vn 0.5021 0.8559 0.1241
vn 1.0000 -0.0047 -0.0007
vn 0.4980 -0.8582 -0.1245
vn -0.4980 -0.8582 -0.1245
vn -1.0000 -0.0047 -0.0007
vn -0.5034 0.8593 0.0902
vn 0.5034 0.8593 0.0902
vn 1.0000 -0.0078 -0.0008
vn 0.4966 -0.8632 -0.0906
vn -0.4966 -0.8632 -0.0906
vn -1.0000 -0.0078 -0.0008
vn -0.5034 0.8627 0.0477
vn 0.5034 0.8627 0.0477
vn 1.0000 -0.0078 -0.0004
vn 0.4966 -0.8666 -0.0479
vn -0.4966 -0.8666 -0.0479
vn -1.0000 -0.0078 -0.0004
vn -0.5043 0.8635 -0.0000
vn 0.5043 0.8635 -0.0000
vn 1.0000 -0.0097 -0.0000
vn 0.4958 -0.8684 -0.0000
vn -0.4958 -0.8684 -0.0000
vn -1.0000 -0.0097 -0.0000
vn -1.0000 -0.0078 0.0004
vn -0.5034 0.8627 -0.0477
vn 0.5034 0.8627 -0.0477
vn 1.0000 -0.0078 0.0004
vn 0.4966 -0.8666 0.0479
vn -0.4966 -0.8666 0.0479
vn -1.0000 -0.0078 0.0008
vn -0.5034 0.8593 -0.0902
vn 0.5034 0.8593 -0.0902
vn 1.0000 -0.0078 0.0008
vn 0.4966 -0.8632 0.0906
vn -0.4966 -0.8632 0.0906
vn -1.0000 -0.0047 0.0007
vn -0.5021 0.8559 -0.1241
vn 0.5021 0.8559 -0.1241
vn 1.0000 -0.0047 0.0007
vn 0.4980 -0.8582 0.1245
vn -0.4980 -0.8582 0.1245
vn -1.0000 -0.0029 0.0005
vn -0.5013 0.8531 -0.1449
vn 0.5013 0.8531 -0.1449
vn 1.0000 -0.0029 0.0005
vn 0.4987 -0.8545 0.1451
vn -0.4987 -0.8545 0.1451
vn -1.0000 0.0029 -0.0005
vn -0.4987 0.8531 -0.1531
vn 0.4987 0.8532 -0.1531
vn 1.0000 0.0029 -0.0005
vn 0.5013 -0.8517 0.1528
vn -0.5013 -0.8517 0.1528
vn 0.4987 0.8532 0.1531
vn -0.5043 0.8636 -0.0000
vn 0.5043 0.8636 -0.0000
vn -0.4987 0.8532 -0.1531
vn 0.4987 0.8531 -0.1531
vn -0.4987 0.8531 0.1531
vn -0.2327 -0.9726 -0.0000
vn -0.1007 -0.4983 0.8611
vn -0.1144 -0.4782 0.8708
vn 0.0974 0.4817 0.8709
vn 0.1183 0.4946 0.8610
vn 0.1982 0.9802 -0.0000
vn 0.2327 0.9726 -0.0000
vn 0.1183 0.4946 -0.8610
vn 0.0974 0.4817 -0.8709
vn -0.1144 -0.4782 -0.8708
vn -0.1007 -0.4983 -0.8611
vn -0.1980 -0.9802 -0.0000
vn -0.0350 -0.5212 0.8527
vn 0.0319 0.4751 0.8793
vn 0.0671 0.9977 -0.0000
vn 0.0319 0.4751 -0.8793
vn -0.0350 -0.5212 -0.8527
vn -0.0671 -0.9977 -0.0000
vn 0.0436 -0.9990 -0.0000
vn 0.0219 -0.5029 0.8641
vn -0.0217 0.4962 0.8679
vn -0.0436 0.9990 -0.0000
vn -0.0217 0.4962 -0.8679
vn 0.0219 -0.5029 -0.8641
vn -0.0318 -0.9995 -0.0000
vn -0.0152 -0.4778 0.8783
vn 0.0166 0.5204 0.8538
vn 0.0318 0.9995 -0.0000
vn 0.0166 0.5204 -0.8538
vn -0.0152 -0.4778 -0.8783
vn -0.0522 -0.5015 0.8636
vn 0.0514 0.4932 0.8684
vn 0.1037 0.9946 -0.0000
vn 0.0514 0.4932 -0.8684
vn -0.0522 -0.5015 -0.8636
vn -0.1036 -0.9946 -0.0000
vn 0.0165 -0.5267 0.8499
vn -0.0148 0.4706 0.8822
vn -0.0313 0.9995 -0.0000
vn -0.0148 0.4706 -0.8822
vn 0.0165 -0.5267 -0.8499
vn 0.0313 -0.9995 -0.0000
vn 0.1625 -0.9867 -0.0000
vn 0.0818 -0.4967 0.8640
vn -0.0808 0.4900 0.8679
vn -0.1626 0.9867 -0.0000
vn -0.0808 0.4900 -0.8679
vn 0.0818 -0.4967 -0.8640
vn 0.0979 -0.9952 -0.0000
vn 0.0470 -0.4783 0.8770
vn -0.0507 0.5160 0.8551
vn -0.0978 0.9952 -0.0000
vn -0.0507 0.5160 -0.8551
vn 0.0470 -0.4783 -0.8770
vn -0.0031 -0.4940 0.8694
vn 0.0031 0.5059 0.8626
vn 0.0061 1.0000 -0.0000
vn 0.0031 0.5059 -0.8626
vn -0.0031 -0.4940 -0.8694
vn -0.0063 -1.0000 -0.0000
vn -0.0157 -0.5057 0.8625
vn 0.0153 0.4939 0.8694
vn 0.0309 0.9995 -0.0000
vn 0.0153 0.4939 -0.8694
vn -0.0157 -0.5057 -0.8625
vn -0.0309 -0.9995 -0.0000
vn 0.2327 0.9725 -0.0000
vn 0.0470 -0.4782 0.8770
vn -0.0979 0.9952 -0.0000
vn 0.0470 -0.4782 -0.8770
vn -0.2327 -0.9725 -0.0000
vn 0.5490 -0.6303 0.5490
vn -0.0000 0.6303 0.7764
vn -0.0000 -0.6303 0.7764
vn 0.7764 -0.6303 -0.0000
vn 0.5490 0.6303 0.5490
vn 0.5490 -0.6303 -0.5490
vn 0.7764 0.6303 -0.0000
vn -0.0000 -0.6303 -0.7764
vn 0.5490 0.6303 -0.5490
vn -0.5490 -0.6303 -0.5490
vn -0.0000 0.6303 -0.7764
vn -0.7764 -0.6303 -0.0000
vn -0.5490 0.6303 -0.5490
vn -0.7764 0.6303 -0.0000
vn -0.5490 -0.6303 0.5490
vn -0.5490 0.6303 0.5490
vn 0.1614 -0.9152 -0.3693
vn 0.2737 -0.3261 -0.9048
vn 0.5974 -0.7119 -0.3693
vn 0.2737 -0.3261 0.9049
vn 0.1614 -0.9152 0.3693
vn 0.5974 -0.7119 0.3693
vn 0.4001 -0.1456 -0.9049
vn 0.8733 -0.3178 -0.3692
vn 0.4001 -0.1456 0.9048
vn 0.8733 -0.3178 0.3692
vn 0.4193 0.0739 -0.9048
vn 0.9152 0.1614 -0.3692
vn 0.4193 0.0739 0.9048
vn 0.9152 0.1614 0.3692
vn 0.7119 0.5974 -0.3693
vn 0.7119 0.5974 0.3692
vn 0.3261 0.2737 -0.9048
vn 0.3179 0.8733 -0.3693
vn 0.3179 0.8733 0.3692
vn 0.3261 0.2737 0.9048
vn 0.1456 0.4001 -0.9048
vn -0.1614 0.9152 -0.3693
vn -0.1614 0.9152 0.3693
vn 0.1456 0.4001 0.9049
vn -0.2737 0.3261 -0.9048
vn -0.5974 0.7119 -0.3693
vn -0.2737 0.3261 0.9049
vn -0.5974 0.7119 0.3693
vn -0.4001 0.1456 -0.9049
vn -0.8733 0.3178 -0.3692
vn -0.4001 0.1456 0.9048
vn -0.8733 0.3178 0.3692
vn -0.9152 -0.1614 -0.3692
vn -0.9152 -0.1614 0.3692
vn -0.4193 -0.0739 -0.9048
vn -0.7119 -0.5974 -0.3693
vn -0.7119 -0.5974 0.3692
vn -0.4193 -0.0739 0.9048
vn -0.3261 -0.2737 -0.9048
vn -0.3179 -0.8733 -0.3693
vn -0.3179 -0.8733 0.3693
vn -0.3261 -0.2737 0.9048
vn 0.0739 -0.4193 -0.9049
vn 0.0739 -0.4193 0.9048
vn 0.6168 0.7611 0.2004
vn 0.9511 -0.0000 0.3090
vn -0.1806 0.9836 -0.0000
vn 0.6486 0.7611 -0.0000
vn -0.8922 0.4517 -0.0000
vn -0.1717 0.9836 -0.0558
vn -0.8922 -0.4517 -0.0000
vn -0.8485 0.4517 -0.2757
vn -0.1717 -0.9836 -0.0558
vn -0.8485 -0.4517 -0.2757
vn -0.1806 -0.9836 -0.0000
vn 0.6168 -0.7611 0.2004
vn 0.6486 -0.7611 -0.0000
vn 0.5247 0.7611 0.3812
vn 0.8090 -0.0000 0.5878
vn -0.1461 0.9836 -0.1061
vn -0.7218 0.4517 -0.5244
vn -0.7218 -0.4517 -0.5244
vn -0.1461 -0.9836 -0.1061
vn 0.5247 -0.7611 0.3812
vn 0.3812 0.7611 0.5247
vn 0.5878 -0.0000 0.8090
vn -0.1061 0.9836 -0.1461
vn -0.5244 0.4517 -0.7218
vn -0.1061 -0.9836 -0.1461
vn -0.5244 -0.4517 -0.7218
vn 0.3812 -0.7611 0.5247
vn 0.3090 -0.0000 0.9511
vn 0.2004 0.7611 0.6168
vn -0.2757 0.4517 -0.8485
vn -0.0558 0.9836 -0.1717
vn -0.0558 -0.9836 -0.1717
vn -0.2757 -0.4517 -0.8485
vn 0.2004 -0.7611 0.6168
vn -0.0000 -0.0000 1.0000
vn -0.0000 0.9836 -0.1806
vn -0.0000 0.7611 0.6486
vn -0.0000 0.4517 -0.8922
vn -0.0000 -0.4517 -0.8922
vn -0.0000 -0.9836 -0.1806
vn -0.0000 -0.7611 0.6486
vn -0.2004 0.7611 0.6169
vn -0.3090 -0.0000 0.9511
vn 0.0558 0.9836 -0.1717
vn 0.2757 0.4517 -0.8485
vn 0.0558 -0.9836 -0.1717
vn 0.2757 -0.4517 -0.8485
vn -0.2004 -0.7611 0.6168
vn -0.5878 -0.0000 0.8090
vn -0.3812 0.7611 0.5247
vn 0.1061 0.9836 -0.1461
vn 0.5244 0.4517 -0.7218
vn 0.5244 -0.4517 -0.7218
vn 0.1061 -0.9836 -0.1461
vn -0.3812 -0.7611 0.5247
vn -0.5247 0.7611 0.3812
vn -0.8090 -0.0000 0.5878
vn 0.1461 0.9836 -0.1061
vn 0.7218 0.4517 -0.5244
vn 0.7218 -0.4517 -0.5244
vn 0.1461 -0.9836 -0.1061
vn -0.5247 -0.7611 0.3812
vn -0.9511 -0.0000 0.3090
vn -0.6168 0.7611 0.2004
vn 0.8485 0.4517 -0.2757
vn 0.1717 0.9836 -0.0558
vn 0.8485 -0.4517 -0.2757
vn 0.1717 -0.9836 -0.0558
vn -0.6168 -0.7611 0.2004
vn 0.1806 0.9836 -0.0000
vn -0.6486 0.7611 -0.0000
vn 0.8922 0.4517 -0.0000
vn 0.1806 -0.9836 -0.0000
vn 0.8922 -0.4517 -0.0000
vn -0.6486 -0.7611 -0.0000
vn -0.6169 0.7611 -0.2004
vn -0.9511 -0.0000 -0.3090
vn 0.1717 0.9836 0.0558
vn 0.8485 0.4517 0.2757
vn 0.1717 -0.9836 0.0558
vn 0.8485 -0.4517 0.2757
vn -0.6168 -0.7611 -0.2004
vn -0.8090 -0.0000 -0.5878
vn 0.1461 0.9836 0.1061
vn -0.5247 0.7611 -0.3812
vn 0.7218 0.4517 0.5244
vn 0.7218 -0.4517 0.5244
vn 0.1461 -0.9836 0.1061
vn -0.5247 -0.7611 -0.3812
vn -0.5878 -0.0000 -0.8090
vn -0.3812 0.7611 -0.5247
vn 0.5244 0.4517 0.7218
vn 0.1061 0.9836 0.1461
vn 0.1061 -0.9836 0.1461
vn 0.5244 -0.4517 0.7218
vn -0.3812 -0.7611 -0.5247
vn -0.2004 0.7611 -0.6169
vn -0.3090 -0.0000 -0.9511
vn 0.0558 0.9836 0.1717
vn 0.2757 0.4517 0.8485
vn 0.0558 -0.9836 0.1717
vn 0.2757 -0.4517 0.8485
vn -0.2004 -0.7611 -0.6169
vn -0.0000 -0.0000 -1.0000
vn -0.0000 0.9836 0.1806
vn -0.0000 0.7611 -0.6486
vn -0.0000 0.4517 0.8922
vn -0.0000 -0.4517 0.8922
vn -0.0000 -0.9836 0.1806
vn -0.0000 -0.7611 -0.6486
vn 0.3090 -0.0000 -0.9511
vn -0.0558 0.9836 0.1717
vn 0.2004 0.7611 -0.6169
vn -0.2757 0.4517 0.8485
vn -0.0558 -0.9836 0.1717
vn -0.2757 -0.4517 0.8485
vn 0.2004 -0.7611 -0.6168
vn 0.5878 -0.0000 -0.8090
vn -0.1061 0.9836 0.1461
vn 0.3812 0.7611 -0.5247
vn -0.5244 0.4517 0.7218
vn -0.1061 -0.9836 0.1461
vn -0.5244 -0.4517 0.7218
vn 0.3812 -0.7611 -0.5247
vn 0.5247 0.7611 -0.3812
vn 0.8090 -0.0000 -0.5878
vn -0.1461 0.9836 0.1061
vn -0.7218 0.4517 0.5244
vn -0.1461 -0.9836 0.1061
vn -0.7218 -0.4517 0.5244
vn 0.5247 -0.7611 -0.3812
vn 0.6169 0.7611 -0.2004
vn 0.9511 -0.0000 -0.3090
vn -0.1717 0.9836 0.0558
vn -0.8485 0.4517 0.2757
vn -0.1717 -0.9836 0.0558
vn -0.8485 -0.4517 0.2757
vn 0.6168 -0.7611 -0.2004
vn -0.5842 0.4832 -0.6521
vn -0.7424 0.4553 0.4914
vn -0.3837 -0.6539 -0.6521
vn -0.5419 -0.6818 0.4914
vn 0.5419 0.6818 -0.4914
vn 0.3837 0.6539 0.6521
vn 0.7424 -0.4553 -0.4914
vn 0.5842 -0.4832 0.6521
vn -0.5927 -0.1045 -0.7986
vn -0.8124 0.5748 -0.0984
vn -0.7865 -0.1387 0.6018
vn -0.5668 -0.8180 -0.0984
vn 0.2197 -0.6793 -0.7002
vn 0.0259 -0.7135 0.7002
vn 0.8124 -0.5748 0.0984
vn 0.7865 0.1387 -0.6018
vn 0.5927 0.1045 0.7986
vn 0.5668 0.8180 0.0984
vn -0.0259 0.7135 -0.7002
vn -0.2197 0.6793 0.7002
vn 0.1371 0.0242 -0.9903
vn -0.9752 -0.1720 -0.1392
vn -0.1736 0.9848 -0.0000
vn -0.1371 -0.0242 0.9903
vn 0.1736 -0.9848 -0.0000
vn 0.9752 0.1720 0.1392
vn 0.2630 -0.5774 -0.7730
vn 0.7730 -0.5773 0.2630
vn 0.2630 0.5774 -0.7730
vn 0.7730 0.5774 0.2630
vn -0.7730 -0.5774 -0.2630
vn -0.2630 -0.5774 0.7730
vn -0.7730 0.5774 -0.2630
vn -0.2630 0.5774 0.7730
vn 0.3221 -0.0000 -0.9467
vn 0.6344 -0.7071 -0.3123
vn 0.9467 -0.0000 0.3221
vn 0.6344 0.7071 -0.3123
vn -0.3123 0.7071 -0.6344
vn 0.3123 0.7071 0.6344
vn -0.6344 0.7071 0.3123
vn -0.9467 -0.0000 -0.3221
vn -0.3221 -0.0000 0.9467
vn -0.6344 -0.7071 0.3123
vn -0.3123 -0.7071 -0.6344
vn 0.3123 -0.7071 0.6344
vn -0.4417 -0.0000 -0.8972
vn 0.8972 -0.0000 -0.4417
vn -0.0000 -1.0000 -0.0000
vn 0.4417 -0.0000 0.8972
vn -0.0000 1.0000 -0.0000
vn -0.8972 -0.0000 0.4417
vn -0.2630 0.5774 -0.7730
vn -0.7730 0.5774 0.2630
vn -0.2630 -0.5774 -0.7730
vn -0.7730 -0.5774 0.2630
vn 0.7730 0.5774 -0.2630
vn 0.2630 0.5774 0.7730
vn 0.7730 -0.5774 -0.2630
vn 0.2630 -0.5774 0.7730
vn -0.3221 -0.0000 -0.9467
vn -0.6344 0.7071 -0.3123
vn -0.9467 -0.0000 0.3221
vn -0.6344 -0.7071 -0.3123
vn 0.3123 -0.7071 -0.6344
vn -0.3123 -0.7071 0.6344
vn 0.6344 -0.7071 0.3123
vn 0.9467 -0.0000 -0.3221
vn 0.3221 -0.0000 0.9467
vn 0.6344 0.7071 0.3123
vn 0.3123 0.7071 -0.6344
vn -0.3123 0.7071 0.6344
vn 0.4417 -0.0000 -0.8972
vn -0.8972 -0.0000 -0.4417
vn -0.4417 -0.0000 0.8972
vn 0.8972 -0.0000 0.4417
vn 0.7411 -0.5098 -0.4369
vn 0.2375 -0.9619 0.1357
vn 0.0880 -0.4878 0.8685
vn -0.9427 -0.3335 -0.0035
vn -0.3783 -0.4124 0.8288
vn -0.3813 -0.8985 0.2177
vn 0.4798 -0.4033 -0.7791
vn -0.6998 -0.4638 -0.5432
vn -0.0460 -0.9284 -0.3687
vn 0.7928 0.4878 -0.3653
vn -0.0000 0.5098 0.8603
vn 0.2375 0.9619 0.1357
vn -0.4762 0.3335 0.8136
vn -0.9060 0.4124 -0.0955
vn -0.3813 0.8985 0.2177
vn 0.5449 0.4638 -0.6985
vn -0.0460 0.9284 -0.3687
vn -0.6565 0.4033 -0.6374
vn 0.7084 -0.4466 -0.5465
vn 0.3263 -0.9115 -0.2505
vn -0.3547 -0.9223 -0.1537
vn -0.8436 -0.3917 -0.3672
vn -0.0479 -0.9223 0.3836
vn -0.1106 -0.3915 0.9135
vn 0.3127 0.9187 -0.2413
vn 0.7233 0.4103 -0.5554
vn -0.1110 0.4466 0.8878
vn -0.0494 0.9118 0.4077
vn -0.8365 0.4109 -0.3625
vn -0.3618 0.9188 -0.1575
vn 0.1008 -0.0000 0.9949
vn 0.9082 -0.0000 -0.4185
vn -1.0000 -0.0000 -0.0037
vn -0.5051 -0.0000 0.8630
vn 0.5244 -0.0000 -0.8515
vn -0.7175 -0.0000 -0.6966
vn 0.7918 -0.0000 -0.6108
vn -0.1240 -0.0000 0.9923
vn -0.9176 -0.0000 -0.3976
vn 0.9060 -0.4124 -0.0955
vn 0.3813 -0.8985 0.2177
vn 0.4762 -0.3335 0.8136
vn -0.7928 -0.4878 -0.3653
vn -0.0000 -0.5098 0.8603
vn -0.2375 -0.9619 0.1357
vn 0.6565 -0.4033 -0.6374
vn -0.5449 -0.4638 -0.6985
vn 0.0460 -0.9284 -0.3687
vn 0.9427 0.3336 -0.0035
vn 0.3783 0.4124 0.8288
vn 0.3813 0.8985 0.2177
vn -0.0880 0.4878 0.8685
vn -0.7411 0.5098 -0.4369
vn -0.2375 0.9619 0.1357
vn 0.6998 0.4638 -0.5432
vn 0.0460 0.9284 -0.3687
vn -0.4799 0.4033 -0.7791
vn 0.8365 -0.4109 -0.3625
vn 0.3618 -0.9189 -0.1575
vn -0.3127 -0.9187 -0.2413
vn -0.7233 -0.4103 -0.5554
vn 0.0479 -0.9223 0.3836
vn 0.1106 -0.3915 0.9135
vn 0.3547 0.9223 -0.1537
vn 0.8436 0.3917 -0.3672
vn 0.1110 0.4466 0.8878
vn 0.0494 0.9118 0.4077
vn -0.7084 0.4466 -0.5465
vn -0.3263 0.9115 -0.2505
vn 0.5051 -0.0000 0.8630
vn 1.0000 -0.0000 -0.0037
vn -0.9082 -0.0000 -0.4185
vn -0.1008 -0.0000 0.9949
vn 0.7175 -0.0000 -0.6966
vn -0.5244 -0.0000 -0.8515
vn 0.9176 -0.0000 -0.3976
vn 0.1240 -0.0000 0.9923
vn -0.7918 -0.0000 -0.6108
vn -0.0739 0.4193 -0.9049
vn -0.0739 0.4193 0.9049
vn -0.1456 -0.4001 -0.9049
vn -0.1456 -0.4001 0.9049
vn -0.0259 0.7134 -0.7002
vn 0.7929 -0.4878 -0.3653
vn 0.1749 -0.9795 0.0999
vn -0.9060 -0.4124 -0.0955
vn -0.4762 -0.3335 0.8136
vn -0.2823 -0.9457 0.1612
vn 0.5449 -0.4638 -0.6985
vn -0.6565 -0.4033 -0.6374
vn -0.0338 -0.9619 -0.2714
vn 0.7411 0.5098 -0.4369
vn 0.0880 0.4878 0.8685
vn 0.1749 0.9795 0.0999
vn -0.3783 0.4124 0.8288
vn -0.9427 0.3335 -0.0035
vn -0.2823 0.9457 0.1612
vn 0.4798 0.4033 -0.7791
vn -0.0338 0.9619 -0.2714
vn -0.6998 0.4638 -0.5432
vn 0.7233 -0.4103 -0.5553
vn 0.3127 -0.9187 -0.2412
vn -0.3618 -0.9188 -0.1575
vn -0.8365 -0.4109 -0.3625
vn -0.0494 -0.9118 0.4077
vn -0.1110 -0.4466 0.8878
vn 0.3263 0.9115 -0.2505
vn 0.7084 0.4466 -0.5465
vn -0.1106 0.3915 0.9135
vn -0.0479 0.9223 0.3836
vn -0.8436 0.3917 -0.3672
vn -0.3547 0.9223 -0.1537
vn 0.9427 -0.3335 -0.0035
vn 0.2823 -0.9457 0.1612
vn 0.3783 -0.4124 0.8287
vn -0.7411 -0.5098 -0.4369
vn -0.0880 -0.4878 0.8685
vn -0.1749 -0.9795 0.0999
vn 0.6998 -0.4638 -0.5432
vn -0.4798 -0.4033 -0.7791
vn 0.0338 -0.9619 -0.2714
vn 0.9060 0.4123 -0.0955
vn 0.4762 0.3336 0.8136
vn 0.2823 0.9457 0.1612
vn -0.7928 0.4878 -0.3653
vn -0.1749 0.9795 0.0999
vn 0.6565 0.4033 -0.6374
vn 0.0338 0.9619 -0.2714
vn -0.5449 0.4638 -0.6985
vn 0.8436 -0.3917 -0.3672
vn 0.3547 -0.9223 -0.1537
vn -0.3263 -0.9115 -0.2505
vn -0.7084 -0.4466 -0.5465
vn 0.0494 -0.9118 0.4077
vn 0.1110 -0.4466 0.8878
vn 0.3618 0.9188 -0.1575
vn 0.8365 0.4109 -0.3625
vn 0.1106 0.3915 0.9135
vn 0.0479 0.9223 0.3836
vn -0.7233 0.4103 -0.5554
vn -0.3127 0.9187 -0.2413
vt 0.545455 0.800000
vt 0.590909 0.600000
vt 0.545455 0.600000
vt 0.545455 1.000000
vt 0.590909 0.800000
vt 0.545455 0.200000
vt 0.590909 0.000000
vt 0.545455 0.000000
vt 0.590909 0.400000
vt 0.590909 0.200000
vt 0.545455 0.400000
vt 0.636364 0.800000
vt 0.636364 0.600000
vt 0.590909 1.000000
vt 0.636364 0.000000
vt 0.636364 0.200000
vt 0.636364 0.400000
vt 0.681818 0.600000
vt 0.681818 1.000000
vt 0.681818 0.800000
vt 0.681818 0.000000
vt 0.681818 0.200000
vt 0.681818 0.400000
vt 0.727273 0.600000
vt 0.727273 0.800000
vt 0.727273 0.000000
vt 0.727273 0.400000
vt 0.727273 0.200000
vt 0.772727 0.800000
vt 0.772727 0.600000
vt 0.772727 1.000000
vt 0.772727 0.000000
vt 0.772727 0.200000
vt 0.772727 0.400000
vt 0.818182 0.600000
vt 0.818182 1.000000
vt 0.818182 0.800000
vt 0.818182 0.000000
vt 0.818182 0.200000
vt 0.818182 0.400000
vt 0.863636 0.600000
vt 0.863636 1.000000
vt 0.863636 0.800000
vt 0.863636 0.000000
vt 0.863636 0.400000
vt 0.863636 0.200000
vt 0.909091 0.800000
vt 0.909091 0.600000
vt 0.909091 0.000000
vt 0.909091 0.400000
vt 0.909091 0.200000
vt 0.954545 0.600000
vt 0.954545 1.000000
vt 0.954545 0.800000
vt 0.954545 0.000000
vt 0.954545 0.200000
vt 0.954545 0.400000
vt 1.000000 0.600000
vt 1.000000 1.000000
vt 1.000000 0.800000
vt 1.000000 0.000000
vt 1.000000 0.200000
vt 1.000000 0.400000
vt -0.000000 0.600000
vt 0.045455 0.800000
vt 0.045455 0.600000
vt -0.000000 1.000000
vt -0.000000 0.800000
vt -0.000000 0.200000
vt 0.045455 0.000000
vt -0.000000 0.000000
vt -0.000000 0.400000
vt 0.045455 0.200000
vt 0.045455 0.400000
vt 0.090909 0.800000
vt 0.090909 0.600000
vt 0.090909 1.000000
vt 0.090909 0.000000
vt 0.090909 0.400000
vt 0.090909 0.200000
vt 0.136364 0.600000
vt 0.136364 0.800000
vt 0.136364 0.000000
vt 0.136364 0.200000
vt 0.136364 0.400000
vt 0.181818 0.600000
vt 0.181818 1.000000
vt 0.181818 0.800000
vt 0.181818 0.000000
vt 0.181818 0.200000
vt 0.181818 0.400000
vt 0.227273 0.800000
vt 0.227273 0.600000
vt 0.227273 1.000000
vt 0.227273 0.000000
vt 0.227273 0.200000
vt 0.227273 0.400000
vt 0.272727 0.800000
vt 0.272727 0.600000
vt 0.272727 1.000000
vt 0.272727 0.000000
vt 0.272727 0.400000
vt 0.272727 0.200000
vt 0.318182 0.600000
vt 0.318182 0.800000
vt 0.318182 0.000000
vt 0.318182 0.400000
vt 0.318182 0.200000
vt 0.363636 0.600000
vt 0.318182 1.000000
vt 0.363636 0.800000
vt 0.363636 0.000000
vt 0.363636 0.400000
vt 0.363636 0.200000
vt 0.409091 0.600000
vt 0.363636 1.000000
vt 0.409091 0.800000
vt 0.409091 0.000000
vt 0.409091 0.400000
vt 0.409091 0.200000
vt 0.454545 0.600000
vt 0.409091 1.000000
vt 0.454545 0.800000
vt 0.454545 0.000000
vt 0.454545 0.400000
vt 0.454545 0.200000
vt 0.500000 0.600000
vt 0.454545 1.000000
vt 0.500000 0.800000
vt 0.500000 0.000000
vt 0.500000 0.400000
vt 0.500000 0.200000
vt 0.500000 1.000000
vt 0.636364 1.000000
vt 0.909091 1.000000
vt 0.045455 1.000000
vt 0.136364 1.000000
vt 0.727273 1.000000
vt 0.000000 0.833333
vt 0.166667 1.000000
vt 0.000000 1.000000
vt 0.000000 0.000000
vt 0.166667 0.166667
vt 0.000000 0.166667
vt 0.166667 0.333333
vt 0.000000 0.333333
vt 0.000000 0.500000
vt 0.166667 0.500000
vt 0.000000 0.666667
vt 0.166667 0.666667
vt 0.166667 0.833333
vt 0.333333 1.000000
vt 0.166667 0.000000
vt 0.333333 0.166667
vt 0.333333 0.333333
vt 0.333333 0.500000
vt 0.333333 0.666667
vt 0.333333 0.833333
vt 0.500000 0.833333
vt 0.500000 0.166667
vt 0.500000 0.333333
vt 0.500000 0.500000
vt 0.500000 0.666667
vt 0.666667 0.833333
vt 0.666667 1.000000
vt 0.666667 0.000000
vt 0.666667 0.166667
vt 0.666667 0.333333
vt 0.666667 0.500000
vt 0.666667 0.666667
vt 0.833333 1.000000
vt 0.833333 0.166667
vt 0.833333 0.333333
vt 0.833333 0.500000
vt 0.833333 0.666667
vt 0.833333 0.833333
vt 0.833333 0.000000
vt 1.000000 0.166667
vt 1.000000 0.333333
vt 1.000000 0.500000
vt 1.000000 0.666667
vt 1.000000 0.833333
vt 0.100000 1.000000
vt 0.100000 0.166667
vt 0.100000 0.333333
vt 0.100000 0.500000
vt 0.100000 0.666667
vt 0.100000 0.833333
vt 0.200000 1.000000
vt 0.100000 0.000000
vt 0.200000 0.166667
vt 0.200000 0.333333
vt 0.200000 0.500000
vt 0.200000 0.666667
vt 0.200000 0.833333
vt 0.300000 1.000000
vt 0.200000 0.000000
vt 0.300000 0.166667
vt 0.300000 0.333333
vt 0.300000 0.500000
vt 0.300000 0.666667
vt 0.300000 0.833333
vt 0.400000 1.000000
vt 0.300000 0.000000
vt 0.400000 0.166667
vt 0.400000 0.333333
vt 0.400000 0.500000
vt 0.400000 0.666667
vt 0.400000 0.833333
vt 0.400000 0.000000
vt 0.600000 0.833333
vt 0.600000 1.000000
vt 0.600000 0.166667
vt 0.600000 0.333333
vt 0.600000 0.500000
vt 0.600000 0.666667
vt 0.700000 0.833333
vt 0.700000 1.000000
vt 0.600000 0.000000
vt 0.700000 0.166667
vt 0.700000 0.333333
vt 0.700000 0.500000
vt 0.700000 0.666667
vt 0.800000 0.833333
vt 0.800000 1.000000
vt 0.700000 0.000000
vt 0.800000 0.166667
vt 0.800000 0.333333
vt 0.800000 0.500000
vt 0.800000 0.666667
vt 0.900000 0.833333
vt 0.900000 1.000000
vt 0.800000 0.000000
vt 0.900000 0.166667
vt 0.900000 0.333333
vt 0.900000 0.500000
vt 0.900000 0.666667
vt 0.900000 0.000000
vt 0.875000 0.500000
vt 0.750000 0.500000
vt 0.875000 1.000000
vt 0.625000 0.500000
vt 0.750000 1.000000
vt 0.625000 1.000000
vt 0.375000 0.500000
vt 0.250000 0.500000
vt 0.375000 1.000000
vt 0.250000 0.010000
vt 0.010000 0.250000
vt 0.250000 0.490000
vt 0.125000 0.500000
vt 0.250000 1.000000
vt 0.125000 1.000000
vt 0.580294 0.080294
vt 0.919706 0.080294
vt 0.919706 0.419706
vt 0.750000 0.490000
vt 0.838942 0.404052
vt 0.870000 0.457846
vt 0.338942 0.404052
vt 0.370000 0.457846
vt 0.904052 0.338942
vt 0.957846 0.370000
vt 0.404052 0.338942
vt 0.457846 0.370000
vt 0.927884 0.250000
vt 0.990000 0.250000
vt 0.427883 0.250000
vt 0.490000 0.250000
vt 0.957846 0.130000
vt 0.457846 0.130000
vt 0.904052 0.161058
vt 0.870000 0.042154
vt 0.370000 0.042154
vt 0.404052 0.161058
vt 0.838942 0.095948
vt 0.750000 0.010000
vt 0.338942 0.095948
vt 0.661058 0.095948
vt 0.630000 0.042154
vt 0.161058 0.095948
vt 0.130000 0.042154
vt 0.595948 0.161058
vt 0.542154 0.130000
vt 0.095948 0.161058
vt 0.042154 0.130000
vt 0.510000 0.250000
vt 0.572117 0.250000
vt 0.542154 0.370000
vt 0.042154 0.370000
vt 0.072117 0.250000
vt 0.595948 0.338942
vt 0.630000 0.457846
vt 0.130000 0.457846
vt 0.095948 0.338942
vt 0.750000 0.427883
vt 0.250000 0.427883
vt 0.916667 0.507576
vt 1.000000 0.992424
vt 1.000000 0.507576
vt 0.000000 0.507576
vt 0.083333 0.992424
vt 0.083333 0.507576
vt 0.833333 0.507576
vt 0.916667 0.992424
vt 0.750000 0.507576
vt 0.833333 0.992424
vt 0.666667 0.507576
vt 0.750000 0.992424
vt 0.583333 0.507576
vt 0.666667 0.992424
vt 0.500000 0.507576
vt 0.583333 0.992424
vt 0.416667 0.507576
vt 0.500000 0.992424
vt 0.333333 0.507576
vt 0.416667 0.992424
vt 0.250000 0.507576
vt 0.333333 0.992424
vt 0.166667 0.507576
vt 0.250000 0.992424
vt 0.166667 0.992424
vt 0.550000 0.571429
vt 0.600000 0.714286
vt 0.600000 0.571429
vt 0.550000 0.857143
vt 0.550000 0.714286
vt 0.550000 1.000000
vt 0.600000 0.857143
vt 0.550000 0.142857
vt 0.600000 -0.000000
vt 0.550000 -0.000000
vt 0.600000 0.285714
vt 0.600000 0.142857
vt 0.550000 0.285714
vt 0.600000 0.428571
vt 0.550000 0.428571
vt 0.650000 0.714286
vt 0.650000 0.571429
vt 0.650000 0.857143
vt 0.650000 1.000000
vt 0.650000 -0.000000
vt 0.650000 0.142857
vt 0.650000 0.285714
vt 0.650000 0.428571
vt 0.700000 0.714286
vt 0.700000 0.571429
vt 0.700000 0.857143
vt 0.700000 -0.000000
vt 0.700000 0.285714
vt 0.700000 0.142857
vt 0.700000 0.428571
vt 0.750000 0.571429
vt 0.750000 0.714286
vt 0.750000 0.857143
vt 0.750000 -0.000000
vt 0.750000 0.285714
vt 0.750000 0.142857
vt 0.750000 0.428571
vt 0.800000 0.571429
vt 0.800000 0.857143
vt 0.800000 0.714286
vt 0.800000 -0.000000
vt 0.800000 0.142857
vt 0.800000 0.285714
vt 0.800000 0.428571
vt 0.850000 0.714286
vt 0.850000 0.571429
vt 0.850000 0.857143
vt 0.850000 -0.000000
vt 0.850000 0.285714
vt 0.850000 0.142857
vt 0.850000 0.428571
vt 0.900000 0.571429
vt 0.900000 0.714286
vt 0.850000 1.000000
vt 0.900000 0.857143
vt 0.900000 -0.000000
vt 0.900000 0.142857
vt 0.900000 0.285714
vt 0.900000 0.428571
vt 0.950000 0.714286
vt 0.950000 0.571429
vt 0.950000 0.857143
vt 0.950000 -0.000000
vt 0.950000 0.142857
vt 0.950000 0.285714
vt 0.950000 0.428571
vt 1.000000 0.571429
vt 1.000000 0.714286
vt 1.000000 0.857143
vt 1.000000 -0.000000
vt 1.000000 0.142857
vt 1.000000 0.285714
vt 1.000000 0.428571
vt 0.000000 0.714286
vt 0.050000 0.571429
vt 0.000000 0.571429
vt 0.050000 0.857143
vt 0.050000 0.714286
vt 0.000000 1.000000
vt 0.000000 0.857143
vt 0.000000 0.142857
vt 0.050000 -0.000000
vt 0.000000 -0.000000
vt 0.050000 0.285714
vt 0.050000 0.142857
vt 0.000000 0.428571
vt 0.000000 0.285714
vt 0.050000 0.428571
vt 0.100000 0.714286
vt 0.100000 0.571429
vt 0.100000 0.857143
vt 0.050000 1.000000
vt 0.100000 -0.000000
vt 0.100000 0.285714
vt 0.100000 0.142857
vt 0.100000 0.428571
vt 0.150000 0.571429
vt 0.150000 0.857143
vt 0.150000 0.714286
vt 0.150000 1.000000
vt 0.150000 -0.000000
vt 0.150000 0.142857
vt 0.150000 0.285714
vt 0.150000 0.428571
vt 0.200000 0.571429
vt 0.200000 0.714286
vt 0.200000 0.857143
vt 0.200000 -0.000000
vt 0.200000 0.285714
vt 0.200000 0.142857
vt 0.200000 0.428571
vt 0.250000 0.714286
vt 0.250000 0.571429
vt 0.250000 0.857143
vt 0.250000 -0.000000
vt 0.250000 0.285714
vt 0.250000 0.142857
vt 0.250000 0.428571
vt 0.300000 0.571429
vt 0.300000 0.857143
vt 0.300000 0.714286
vt 0.300000 -0.000000
vt 0.300000 0.142857
vt 0.300000 0.285714
vt 0.300000 0.428571
vt 0.350000 0.571429
vt 0.350000 0.857143
vt 0.350000 0.714286
vt 0.350000 -0.000000
vt 0.350000 0.285714
vt 0.350000 0.142857
vt 0.350000 0.428571
vt 0.400000 0.571429
vt 0.400000 0.857143
vt 0.400000 0.714286
vt 0.350000 1.000000
vt 0.400000 -0.000000
vt 0.400000 0.285714
vt 0.400000 0.142857
vt 0.400000 0.428571
vt 0.450000 0.714286
vt 0.450000 0.571429
vt 0.450000 0.857143
vt 0.450000 -0.000000
vt 0.450000 0.285714
vt 0.450000 0.142857
vt 0.450000 0.428571
vt 0.500000 0.714286
vt 0.500000 0.571429
vt 0.500000 0.857143
vt 0.450000 1.000000
vt 0.500000 -0.000000
vt 0.500000 0.285714
vt 0.500000 0.142857
vt 0.500000 0.428571
vt 0.134100 0.680000
vt 0.125000 0.680000
vt 0.134100 0.750000
vt 0.555000 0.000000
vt 0.555000 0.070000
vt 0.625000 0.070000
vt 0.134100 0.570000
vt 0.134100 0.500000
vt 0.125000 0.570000
vt 0.625000 0.206367
vt 0.555000 0.180000
vt 0.555000 0.256825
vt 0.365900 0.680000
vt 0.405450 0.754550
vt 0.427500 0.680000
vt 0.629550 0.719550
vt 0.555000 0.697500
vt 0.555000 0.759100
vt 0.365900 0.570000
vt 0.427500 0.570000
vt 0.405450 0.495450
vt 0.629550 0.530450
vt 0.555000 0.490900
vt 0.555000 0.552500
vt 0.445000 0.070000
vt 0.445000 0.000000
vt 0.445000 0.180000
vt 0.445000 0.259100
vt 0.625000 0.990900
vt 0.445000 0.990900
vt 0.865900 0.570000
vt 0.130521 0.725000
vt 0.125000 0.725000
vt 0.130521 0.750000
vt 0.600000 0.025000
vt 0.625000 0.025000
vt 0.130521 0.525000
vt 0.130521 0.500000
vt 0.125000 0.525000
vt 0.625000 0.235174
vt 0.600000 0.225000
vt 0.600000 0.254141
vt 0.369479 0.725000
vt 0.384740 0.752761
vt 0.393750 0.725000
vt 0.627761 0.740261
vt 0.600000 0.731250
vt 0.600000 0.755521
vt 0.369479 0.525000
vt 0.393750 0.525000
vt 0.384740 0.497239
vt 0.627761 0.509739
vt 0.600000 0.494479
vt 0.600000 0.518750
vt 0.400000 0.025000
vt 0.400000 0.000000
vt 0.400000 0.225000
vt 0.400000 0.255521
vt 0.600000 0.994479
vt 0.625000 0.994479
vt 0.869479 0.525000
vt 0.333333 0.000000
vt 0.419706 0.419706
vt 0.419706 0.080294
vt 0.080294 0.080294
vt 0.080294 0.419706
vt 0.580294 0.419706
vt 0.750000 0.072117
vt 0.250000 0.072117
vt 0.661058 0.404052
vt 0.161058 0.404052
vt 0.000000 0.992424
vt 0.950000 1.000000
vt 0.555000 0.990900
vt 0.865900 0.680000
vt 0.400000 0.994479
vt 0.869479 0.725000
s 1
usemtl Rope
f 2/1/1 6/2/2 1/3/3
f 3/4/4 7/5/5 2/1/1
f 4/6/6 8/7/7 3/8/4
f 4/6/6 10/9/8 9/10/9
f 5/11/10 6/2/2 10/9/8
f 6/2/2 12/12/11 11/13/12
f 8/14/7 12/12/11 7/5/5
f 9/10/9 13/15/13 8/7/7
f 10/9/8 14/16/14 9/10/9
f 6/2/2 15/17/15 10/9/8
f 12/12/11 16/18/16 11/13/12
f 12/12/11 18/19/17 17/20/18
f 14/16/14 18/21/17 13/15/13
f 15/17/15 19/22/19 14/16/14
f 11/13/12 20/23/20 15/17/15
f 17/20/18 21/24/21 16/18/16
f 18/19/17 22/25/22 17/20/18
f 19/22/19 23/26/23 18/21/17
f 19/22/19 25/27/24 24/28/25
f 20/23/20 21/24/21 25/27/24
f 21/24/21 27/29/26 26/30/27
f 22/25/22 28/31/28 27/29/26
f 24/28/25 28/32/28 23/26/23
f 25/27/24 29/33/29 24/28/25
f 21/24/21 30/34/30 25/27/24
f 27/29/26 31/35/31 26/30/27
f 27/29/26 33/36/32 32/37/33
f 29/33/29 33/38/32 28/32/28
f 30/34/30 34/39/34 29/33/29
f 26/30/27 35/40/35 30/34/30
f 32/37/33 36/41/36 31/35/31
f 32/37/33 38/42/37 37/43/38
f 34/39/34 38/44/37 33/38/32
f 34/39/34 40/45/39 39/46/40
f 35/40/35 36/41/36 40/45/39
f 36/41/36 42/47/41 41/48/42
f 38/42/37 42/47/41 37/43/38
f 39/46/40 43/49/43 38/44/37
f 39/46/40 45/50/44 44/51/45
f 36/41/36 45/50/44 40/45/39
f 42/47/41 46/52/46 41/48/42
f 42/47/41 48/53/47 47/54/48
f 44/51/45 48/55/47 43/49/43
f 45/50/44 49/56/49 44/51/45
f 41/48/42 50/57/50 45/50/44
f 47/54/48 51/58/51 46/52/46
f 47/54/48 53/59/52 52/60/53
f 49/56/49 53/61/52 48/55/47
f 50/57/50 54/62/54 49/56/49
f 46/52/46 55/63/55 50/57/50
f 51/64/51 57/65/56 56/66/57
f 53/67/52 57/65/56 52/68/53
f 54/69/54 58/70/58 53/71/52
f 55/72/55 59/73/59 54/69/54
f 51/64/51 60/74/60 55/72/55
f 56/66/57 62/75/61 61/76/62
f 57/65/56 63/77/63 62/75/61
f 59/73/59 63/78/63 58/70/58
f 59/73/59 65/79/64 64/80/65
f 56/66/57 65/79/64 60/74/60
f 62/75/61 66/81/66 61/76/62
f 63/77/63 67/82/67 62/75/61
f 64/80/65 68/83/68 63/78/63
f 65/79/64 69/84/69 64/80/65
f 65/79/64 66/81/66 70/85/70
f 67/82/67 71/86/71 66/81/66
f 67/82/67 73/87/72 72/88/73
f 69/84/69 73/89/72 68/83/68
f 70/85/70 74/90/74 69/84/69
f 70/85/70 71/86/71 75/91/75
f 71/86/71 77/92/76 76/93/77
f 72/88/73 78/94/78 77/92/76
f 74/90/74 78/95/78 73/89/72
f 75/91/75 79/96/79 74/90/74
f 71/86/71 80/97/80 75/91/75
f 76/93/77 82/98/81 81/99/82
f 77/92/76 83/100/83 82/98/81
f 79/96/79 83/101/83 78/95/78
f 79/96/79 85/102/84 84/103/85
f 76/93/77 85/102/84 80/97/80
f 82/98/81 86/104/86 81/99/82
f 83/100/83 87/105/87 82/98/81
f 84/103/85 88/106/88 83/101/83
f 84/103/85 90/107/89 89/108/90
f 81/99/82 90/107/89 85/102/84
f 87/105/87 91/109/91 86/104/86
f 88/110/88 92/111/92 87/105/87
f 89/108/90 93/112/93 88/106/88
f 89/108/90 95/113/94 94/114/95
f 90/107/89 91/109/91 95/113/94
f 92/111/92 96/115/96 91/109/91
f 93/116/93 97/117/97 92/111/92
f 94/114/95 98/118/98 93/112/93
f 94/114/95 100/119/99 99/120/100
f 91/109/91 100/119/99 95/113/94
f 97/117/97 101/121/101 96/115/96
f 98/122/98 102/123/102 97/117/97
f 99/120/100 103/124/103 98/118/98
f 99/120/100 105/125/104 104/126/105
f 100/119/99 101/121/101 105/125/104
f 102/123/102 106/127/106 101/121/101
f 103/128/103 107/129/107 102/123/102
f 104/126/105 108/130/108 103/124/103
f 104/126/105 110/131/109 109/132/110
f 105/125/104 106/127/106 110/131/109
f 107/129/107 1/3/3 106/127/106
f 108/133/108 2/1/1 107/129/107
f 109/132/110 3/8/4 108/130/108
f 110/131/109 4/6/6 109/132/110
f 110/131/109 1/3/3 5/11/10
f 112/1/1 116/2/2 111/3/3
f 113/4/4 117/5/5 112/1/1
f 114/6/6 118/7/7 113/8/4
f 114/6/6 120/9/8 119/10/9
f 115/11/10 116/2/2 120/9/8
f 117/5/5 121/13/12 116/2/2
f 118/14/7 122/12/11 117/5/5
f 119/10/9 123/15/13 118/7/7
f 120/9/8 124/16/14 119/10/9
f 120/9/8 121/13/12 125/17/15
f 121/13/12 127/20/18 126/18/111
f 123/134/13 127/20/18 122/12/11
f 124/16/14 128/21/17 123/15/13
f 124/16/14 130/23/20 129/22/19
f 121/13/12 130/23/20 125/17/15
f 126/18/111 132/25/112 131/24/21
f 128/19/17 132/25/112 127/20/18
f 129/22/19 133/26/23 128/21/17
f 129/22/19 135/27/113 134/28/25
f 126/18/111 135/27/113 130/23/20
f 132/25/112 136/30/27 131/24/21
f 132/25/112 138/31/28 137/29/26
f 134/28/25 138/32/28 133/26/23
f 135/27/113 139/33/29 134/28/25
f 135/27/113 136/30/27 140/34/30
f 137/29/26 141/35/31 136/30/27
f 138/31/28 142/37/33 137/29/26
f 139/33/29 143/38/32 138/32/28
f 140/34/30 144/39/34 139/33/29
f 140/34/30 141/35/31 145/40/35
f 142/37/33 146/41/36 141/35/31
f 143/36/32 147/43/38 142/37/33
f 144/39/34 148/44/37 143/38/32
f 145/40/35 149/46/40 144/39/34
f 141/35/31 150/45/39 145/40/35
f 147/43/38 151/48/114 146/41/36
f 147/43/38 153/135/43 152/47/41
f 149/46/40 153/49/43 148/44/37
f 149/46/40 155/50/44 154/51/45
f 150/45/39 151/48/114 155/50/44
f 152/47/41 156/52/46 151/48/114
f 152/47/41 158/53/47 157/54/48
f 154/51/45 158/55/47 153/49/43
f 155/50/44 159/56/49 154/51/45
f 155/50/44 156/52/46 160/57/50
f 156/52/46 162/60/53 161/58/51
f 157/54/48 163/59/52 162/60/53
f 159/56/49 163/61/52 158/55/47
f 160/57/50 164/62/54 159/56/49
f 160/57/50 161/58/51 165/63/55
f 161/64/51 167/65/56 166/66/57
f 162/68/53 168/136/58 167/65/56
f 164/69/54 168/70/58 163/71/52
f 165/72/55 169/73/59 164/69/54
f 161/64/51 170/74/60 165/72/55
f 167/65/56 171/76/62 166/66/57
f 167/65/56 173/77/63 172/75/61
f 169/73/59 173/78/63 168/70/58
f 170/74/60 174/80/65 169/73/59
f 170/74/60 171/76/62 175/79/64
f 172/75/61 176/81/66 171/76/62
f 172/75/61 178/137/68 177/82/67
f 174/80/65 178/83/68 173/78/63
f 175/79/64 179/84/69 174/80/65
f 175/79/64 176/81/66 180/85/70
f 177/82/67 181/86/71 176/81/66
f 177/82/67 183/87/72 182/88/73
f 179/84/69 183/89/72 178/83/68
f 179/84/69 185/91/75 184/90/74
f 180/85/70 181/86/71 185/91/75
f 181/86/71 187/92/76 186/93/77
f 183/87/72 187/92/76 182/88/73
f 184/90/74 188/95/78 183/89/72
f 185/91/75 189/96/79 184/90/74
f 181/86/71 190/97/80 185/91/75
f 186/93/77 192/98/81 191/99/82
f 187/92/76 193/100/83 192/98/81
f 189/96/79 193/101/83 188/95/78
f 190/97/80 194/103/85 189/96/79
f 186/93/77 195/102/84 190/97/80
f 191/99/82 197/105/87 196/104/86
f 192/98/81 198/110/88 197/105/87
f 194/103/85 198/106/88 193/101/83
f 195/102/84 199/108/90 194/103/85
f 191/99/82 200/107/89 195/102/84
f 196/104/86 202/111/92 201/109/91
f 198/110/88 202/111/92 197/105/87
f 199/108/90 203/112/93 198/106/88
f 199/108/90 205/113/94 204/114/95
f 196/104/86 205/113/94 200/107/89
f 201/109/91 207/117/97 206/115/115
f 203/116/93 207/117/97 202/111/92
f 204/114/95 208/118/98 203/112/93
f 204/114/95 210/119/99 209/120/100
f 201/109/91 210/119/99 205/113/94
f 206/115/115 212/123/102 211/121/101
f 208/122/98 212/123/102 207/117/97
f 209/120/100 213/124/103 208/118/98
f 209/120/100 215/125/104 214/126/105
f 206/115/115 215/125/104 210/119/99
f 212/123/102 216/127/106 211/121/101
f 212/123/102 218/133/108 217/129/107
f 214/126/105 218/130/108 213/124/103
f 215/125/104 219/132/110 214/126/105
f 211/121/101 220/131/109 215/125/104
f 216/127/106 112/1/1 111/3/3
f 217/129/107 113/4/4 112/1/1
f 219/132/110 113/8/4 218/130/108
f 219/132/110 115/11/10 114/6/6
f 216/127/106 115/11/10 220/131/109
f 222/1/1 226/2/2 221/3/3
f 223/4/4 227/5/5 222/1/1
f 224/6/6 228/7/7 223/8/4
f 224/6/6 230/9/8 229/10/9
f 225/11/10 226/2/2 230/9/8
f 226/2/2 232/12/11 231/13/12
f 228/14/7 232/12/11 227/5/5
f 229/10/9 233/15/13 228/7/7
f 229/10/9 235/17/15 234/16/14
f 226/2/2 235/17/15 230/9/8
f 232/12/11 236/18/111 231/13/12
f 233/134/13 237/20/18 232/12/11
f 234/16/14 238/21/17 233/15/13
f 234/16/14 240/23/20 239/22/19
f 231/13/12 240/23/20 235/17/15
f 237/20/18 241/24/21 236/18/111
f 238/19/17 242/25/112 237/20/18
f 239/22/19 243/26/23 238/21/17
f 239/22/19 245/27/113 244/28/25
f 236/18/111 245/27/113 240/23/20
f 242/25/112 246/30/27 241/24/21
f 243/138/23 247/29/26 242/25/112
f 244/28/25 248/32/28 243/26/23
f 245/27/113 249/33/29 244/28/25
f 241/24/21 250/34/30 245/27/113
f 246/30/27 252/37/33 251/35/31
f 248/31/28 252/37/33 247/29/26
f 249/33/29 253/38/32 248/32/28
f 250/34/30 254/39/34 249/33/29
f 246/30/27 255/40/35 250/34/30
f 252/37/33 256/41/36 251/35/31
f 253/36/32 257/43/38 252/37/33
f 254/39/34 258/44/37 253/38/32
f 255/40/35 259/46/40 254/39/34
f 255/40/35 256/41/36 260/45/39
f 256/41/36 262/47/41 261/48/114
f 258/42/37 262/47/41 257/43/38
f 259/46/40 263/49/43 258/44/37
f 259/46/40 265/50/44 264/51/45
f 260/45/39 261/48/114 265/50/44
f 261/48/114 267/54/48 266/52/46
f 263/135/43 267/54/48 262/47/41
f 264/51/45 268/55/47 263/49/43
f 264/51/45 270/57/50 269/56/49
f 261/48/114 270/57/50 265/50/44
f 266/52/46 272/60/53 271/58/51
f 267/54/48 273/59/52 272/60/53
f 269/56/49 273/61/52 268/55/47
f 270/57/50 274/62/54 269/56/49
f 266/52/46 275/63/55 270/57/50
f 272/68/53 276/66/57 271/64/51
f 273/67/52 277/65/56 272/68/53
f 274/69/54 278/70/58 273/71/52
f 274/69/54 280/74/60 279/73/59
f 271/64/51 280/74/60 275/72/55
f 276/66/57 282/75/61 281/76/62
f 278/136/58 282/75/61 277/65/56
f 279/73/59 283/78/63 278/70/58
f 280/74/60 284/80/65 279/73/59
f 276/66/57 285/79/64 280/74/60
f 282/75/61 286/81/66 281/76/62
f 283/77/63 287/82/67 282/75/61
f 284/80/65 288/83/68 283/78/63
f 285/79/64 289/84/69 284/80/65
f 285/79/64 286/81/66 290/85/70
f 287/82/67 291/86/71 286/81/66
f 288/137/68 292/88/73 287/82/67
f 289/84/69 293/89/72 288/83/68
f 289/84/69 295/91/75 294/90/74
f 290/85/70 291/86/71 295/91/75
f 292/88/73 296/93/77 291/86/71
f 292/88/73 298/94/78 297/92/76
f 294/90/74 298/95/78 293/89/72
f 295/91/75 299/96/79 294/90/74
f 291/86/71 300/97/80 295/91/75
f 297/92/76 301/99/82 296/93/77
f 297/92/76 303/100/83 302/98/81
f 299/96/79 303/101/83 298/95/78
f 300/97/80 304/103/85 299/96/79
f 300/97/80 301/99/82 305/102/84
f 302/98/81 306/104/86 301/99/82
f 303/100/83 307/105/87 302/98/81
f 304/103/85 308/106/88 303/101/83
f 305/102/84 309/108/90 304/103/85
f 305/102/84 306/104/86 310/107/89
f 307/105/87 311/109/91 306/104/86
f 308/110/88 312/111/92 307/105/87
f 309/108/90 313/112/93 308/106/88
f 310/107/89 314/114/95 309/108/90
f 310/107/89 311/109/91 315/113/94
f 311/109/91 317/117/97 316/115/96
f 312/111/92 318/122/98 317/117/97
f 314/114/95 318/118/98 313/112/93
f 315/113/94 319/120/100 314/114/95
f 311/109/91 320/119/99 315/113/94
f 316/115/96 322/123/102 321/121/101
f 317/117/97 323/128/103 322/123/102
f 319/120/100 323/124/103 318/118/98
f 320/119/99 324/126/105 319/120/100
f 320/119/99 321/121/101 325/125/104
f 322/123/102 326/127/106 321/121/101
f 323/128/103 327/129/107 322/123/102
f 324/126/105 328/130/108 323/124/103
f 324/126/105 330/131/109 329/132/110
f 325/125/104 326/127/106 330/131/109
f 326/127/106 222/1/1 221/3/3
f 327/129/107 223/4/4 222/1/1
f 329/132/110 223/8/4 328/130/108
f 330/131/109 224/6/6 329/132/110
f 326/127/106 225/11/10 330/131/109
f 336/139/116 337/140/117 331/141/118
f 331/142/118 338/143/119 332/144/120
f 332/144/120 339/145/121 333/146/122
f 334/147/123 339/145/121 340/148/124
f 335/149/125 340/148/124 341/150/126
f 336/139/116 341/150/126 342/151/127
f 342/151/127 343/152/128 337/140/117
f 337/153/117 344/154/129 338/143/119
f 338/143/119 345/155/130 339/145/121
f 340/148/124 345/155/130 346/156/131
f 341/150/126 346/156/131 347/157/132
f 342/151/127 347/157/132 348/158/133
f 343/152/128 354/159/134 349/133/135
f 344/154/129 349/130/135 350/160/136
f 345/155/130 350/160/136 351/161/137
f 345/155/130 352/162/138 346/156/131
f 346/156/131 353/163/139 347/157/132
f 347/157/132 354/159/134 348/158/133
f 349/133/135 360/164/140 355/165/141
f 350/160/136 355/166/141 356/167/142
f 351/161/137 356/167/142 357/168/143
f 351/161/137 358/169/144 352/162/138
f 352/162/138 359/170/145 353/163/139
f 353/163/139 360/164/140 354/159/134
f 360/164/140 361/171/146 355/165/141
f 355/166/141 362/172/147 356/167/142
f 356/167/142 363/173/148 357/168/143
f 358/169/144 363/173/148 364/174/149
f 359/170/145 364/174/149 365/175/150
f 360/164/140 365/175/150 366/176/151
f 366/176/151 367/59/152 361/171/146
f 361/177/146 368/178/153 362/172/147
f 362/172/147 369/179/154 363/173/148
f 364/174/149 369/179/154 370/180/155
f 365/175/150 370/180/155 371/181/156
f 366/176/151 371/181/156 372/182/157
f 378/139/158 379/183/159 373/141/160
f 373/142/160 380/184/161 374/144/162
f 375/146/163 380/184/161 381/185/164
f 376/147/165 381/185/164 382/186/166
f 376/147/165 383/187/167 377/149/168
f 377/149/168 384/188/169 378/139/158
f 384/188/169 385/189/170 379/183/159
f 379/190/159 386/191/171 380/184/161
f 381/185/164 386/191/171 387/192/172
f 382/186/166 387/192/172 388/193/173
f 382/186/166 389/194/174 383/187/167
f 383/187/167 390/195/175 384/188/169
f 390/195/175 391/196/176 385/189/170
f 385/197/170 392/198/177 386/191/171
f 387/192/172 392/198/177 393/199/178
f 388/193/173 393/199/178 394/200/179
f 388/193/173 395/201/180 389/194/174
f 389/194/174 396/202/181 390/195/175
f 396/202/181 397/203/182 391/196/176
f 391/204/176 398/205/183 392/198/177
f 393/199/178 398/205/183 399/206/184
f 394/200/179 399/206/184 400/207/185
f 394/200/179 401/208/186 395/201/180
f 395/201/180 402/209/187 396/202/181
f 402/209/187 403/133/188 397/203/182
f 397/210/182 404/160/189 398/205/183
f 399/206/184 404/160/189 405/161/190
f 400/207/185 405/161/190 406/162/191
f 400/207/185 407/163/192 401/208/186
f 401/208/186 408/159/193 402/209/187
f 403/133/188 414/211/194 409/212/195
f 403/130/188 410/213/196 404/160/189
f 404/160/189 411/214/197 405/161/190
f 405/161/190 412/215/198 406/162/191
f 406/162/191 413/216/199 407/163/192
f 408/159/193 413/216/199 414/211/194
f 409/212/195 420/217/200 415/218/201
f 409/219/195 416/220/202 410/213/196
f 410/213/196 417/221/203 411/214/197
f 411/214/197 418/222/204 412/215/198
f 412/215/198 419/223/205 413/216/199
f 414/211/194 419/223/205 420/217/200
f 415/218/201 426/224/206 421/225/207
f 415/226/201 422/227/208 416/220/202
f 416/220/202 423/228/209 417/221/203
f 417/221/203 424/229/210 418/222/204
f 418/222/204 425/230/211 419/223/205
f 420/217/200 425/230/211 426/224/206
f 421/225/207 432/231/212 427/232/213
f 421/233/207 428/234/214 422/227/208
f 422/227/208 429/235/215 423/228/209
f 423/228/209 430/236/216 424/229/210
f 424/229/210 431/237/217 425/230/211
f 426/224/206 431/237/217 432/231/212
f 427/232/213 438/182/218 433/59/219
f 427/238/213 434/178/220 428/234/214
f 428/234/214 435/179/221 429/235/215
f 429/235/215 436/180/222 430/236/216
f 430/236/216 437/181/223 431/237/217
f 432/231/212 437/181/223 438/182/218
f 444/139/158 445/183/159 439/141/160
f 439/142/160 446/184/161 440/144/224
f 441/146/163 446/184/161 447/185/164
f 442/147/165 447/185/164 448/186/166
f 442/147/165 449/187/167 443/149/168
f 443/149/168 450/188/169 444/139/158
f 450/188/169 451/189/170 445/183/159
f 445/190/159 452/191/171 446/184/161
f 447/185/164 452/191/171 453/192/172
f 448/186/166 453/192/172 454/193/173
f 448/186/166 455/194/174 449/187/167
f 449/187/167 456/195/175 450/188/169
f 456/195/175 457/196/176 451/189/170
f 451/197/170 458/198/177 452/191/171
f 453/192/172 458/198/177 459/199/178
f 454/193/173 459/199/178 460/200/179
f 454/193/173 461/201/180 455/194/174
f 455/194/174 462/202/181 456/195/175
f 462/202/181 463/203/182 457/196/176
f 457/204/176 464/205/183 458/198/177
f 459/199/178 464/205/183 465/206/184
f 460/200/179 465/206/184 466/207/185
f 460/200/179 467/208/186 461/201/180
f 461/201/180 468/209/187 462/202/181
f 468/209/187 469/133/225 463/203/182
f 463/210/182 470/160/226 464/205/183
f 465/206/184 470/160/226 471/161/190
f 466/207/185 471/161/190 472/162/191
f 466/207/185 473/163/192 467/208/186
f 467/208/186 474/159/193 468/209/187
f 469/133/225 480/211/194 475/212/195
f 469/130/225 476/213/196 470/160/226
f 470/160/226 477/214/197 471/161/190
f 471/161/190 478/215/198 472/162/191
f 472/162/191 479/216/199 473/163/192
f 474/159/193 479/216/199 480/211/194
f 475/212/195 486/217/200 481/218/201
f 475/219/195 482/220/202 476/213/196
f 476/213/196 483/221/203 477/214/197
f 477/214/197 484/222/204 478/215/198
f 478/215/198 485/223/205 479/216/199
f 480/211/194 485/223/205 486/217/200
f 481/218/201 492/224/206 487/225/207
f 481/226/201 488/227/208 482/220/202
f 482/220/202 489/228/209 483/221/203
f 483/221/203 490/229/210 484/222/204
f 484/222/204 491/230/211 485/223/205
f 486/217/200 491/230/211 492/224/206
f 487/225/207 498/231/212 493/232/213
f 487/233/207 494/234/214 488/227/208
f 488/227/208 495/235/215 489/228/209
f 489/228/209 496/236/216 490/229/210
f 490/229/210 497/237/217 491/230/211
f 492/224/206 497/237/217 498/231/212
f 493/232/213 504/182/218 499/59/227
f 493/238/213 500/178/220 494/234/214
f 494/234/214 501/179/221 495/235/215
f 495/235/215 502/180/222 496/236/216
f 496/236/216 503/181/223 497/237/217
f 498/231/212 503/181/223 504/182/218
f 510/139/158 511/183/159 505/141/160
f 505/142/160 512/184/161 506/144/162
f 507/146/163 512/184/161 513/185/164
f 508/147/165 513/185/164 514/186/166
f 508/147/165 515/187/167 509/149/168
f 509/149/168 516/188/169 510/139/158
f 516/188/169 517/189/170 511/183/159
f 511/190/159 518/191/171 512/184/161
f 513/185/164 518/191/171 519/192/172
f 514/186/166 519/192/172 520/193/173
f 514/186/166 521/194/174 515/187/167
f 515/187/167 522/195/175 516/188/169
f 522/195/175 523/196/176 517/189/170
f 517/197/170 524/198/177 518/191/171
f 519/192/172 524/198/177 525/199/178
f 520/193/173 525/199/178 526/200/179
f 520/193/173 527/201/180 521/194/174
f 521/194/174 528/202/181 522/195/175
f 528/202/181 529/203/182 523/196/176
f 523/204/176 530/205/183 524/198/177
f 525/199/178 530/205/183 531/206/184
f 526/200/179 531/206/184 532/207/185
f 526/200/179 533/208/186 527/201/180
f 527/201/180 534/209/187 528/202/181
f 534/209/187 535/133/225 529/203/182
f 529/210/182 536/160/226 530/205/183
f 531/206/184 536/160/226 537/161/190
f 532/207/185 537/161/190 538/162/191
f 532/207/185 539/163/192 533/208/186
f 533/208/186 540/159/193 534/209/187
f 535/133/225 546/211/194 541/212/195
f 535/130/225 542/213/196 536/160/226
f 536/160/226 543/214/197 537/161/190
f 537/161/190 544/215/198 538/162/191
f 538/162/191 545/216/199 539/163/192
f 540/159/193 545/216/199 546/211/194
f 541/212/195 552/217/200 547/218/201
f 541/219/195 548/220/202 542/213/196
f 542/213/196 549/221/203 543/214/197
f 543/214/197 550/222/204 544/215/198
f 544/215/198 551/223/205 545/216/199
f 546/211/194 551/223/205 552/217/200
f 547/218/201 558/224/206 553/225/207
f 547/226/201 554/227/208 548/220/202
f 548/220/202 555/228/209 549/221/203
f 549/221/203 556/229/210 550/222/204
f 550/222/204 557/230/211 551/223/205
f 552/217/200 557/230/211 558/224/206
f 553/225/207 564/231/212 559/232/213
f 553/233/207 560/234/214 554/227/208
f 554/227/208 561/235/215 555/228/209
f 555/228/209 562/236/216 556/229/210
f 556/229/210 563/237/217 557/230/211
f 558/224/206 563/237/217 564/231/212
f 559/232/213 570/182/218 565/59/219
f 559/238/213 566/178/228 560/234/214
f 560/234/214 567/179/221 561/235/215
f 561/235/215 568/180/222 562/236/216
f 562/236/216 569/181/223 563/237/217
f 564/231/212 569/181/223 570/182/218
f 576/139/158 577/183/159 571/141/229
f 571/142/229 578/184/161 572/144/162
f 573/146/163 578/184/161 579/185/164
f 574/147/165 579/185/164 580/186/166
f 574/147/165 581/187/167 575/149/168
f 575/149/168 582/188/169 576/139/158
f 582/188/169 583/189/170 577/183/159
f 577/190/159 584/191/171 578/184/161
f 579/185/164 584/191/171 585/192/172
f 580/186/166 585/192/172 586/193/173
f 580/186/166 587/194/174 581/187/167
f 581/187/167 588/195/175 582/188/169
f 588/195/175 589/196/176 583/189/170
f 583/197/170 590/198/177 584/191/171
f 585/192/172 590/198/177 591/199/178
f 586/193/173 591/199/178 592/200/179
f 586/193/173 593/201/180 587/194/174
f 587/194/174 594/202/181 588/195/175
f 594/202/181 595/203/182 589/196/176
f 589/204/176 596/205/183 590/198/177
f 591/199/178 596/205/183 597/206/184
f 592/200/179 597/206/184 598/207/185
f 592/200/179 599/208/186 593/201/180
f 593/201/180 600/209/187 594/202/181
f 600/209/187 601/133/188 595/203/182
f 595/210/182 602/160/189 596/205/183
f 597/206/184 602/160/189 603/161/190
f 598/207/185 603/161/190 604/162/191
f 598/207/185 605/163/192 599/208/186
f 599/208/186 606/159/193 600/209/187
f 601/133/188 612/211/194 607/212/195
f 601/130/188 608/213/196 602/160/189
f 602/160/189 609/214/197 603/161/190
f 603/161/190 610/215/198 604/162/191
f 604/162/191 611/216/199 605/163/192
f 606/159/193 611/216/199 612/211/194
f 607/212/195 618/217/200 613/218/201
f 607/219/195 614/220/202 608/213/196
f 608/213/196 615/221/203 609/214/197
f 609/214/197 616/222/204 610/215/198
f 610/215/198 617/223/205 611/216/199
f 612/211/194 617/223/205 618/217/200
f 613/218/201 624/224/206 619/225/207
f 613/226/201 620/227/208 614/220/202
f 614/220/202 621/228/209 615/221/203
f 615/221/203 622/229/210 616/222/204
f 616/222/204 623/230/211 617/223/205
f 618/217/200 623/230/211 624/224/206
f 619/225/207 630/231/212 625/232/213
f 619/233/207 626/234/214 620/227/208
f 620/227/208 627/235/215 621/228/209
f 621/228/209 628/236/216 622/229/210
f 622/229/210 629/237/217 623/230/211
f 624/224/206 629/237/217 630/231/212
f 625/232/213 636/182/218 631/59/219
f 625/238/213 632/178/228 626/234/214
f 626/234/214 633/179/221 627/235/215
f 627/235/215 634/180/222 628/236/216
f 628/236/216 635/181/223 629/237/217
f 630/231/212 635/181/223 636/182/218
f 642/139/158 643/183/159 637/141/160
f 637/142/160 644/184/161 638/144/224
f 639/146/163 644/184/161 645/185/164
f 640/147/165 645/185/164 646/186/166
f 640/147/165 647/187/167 641/149/168
f 641/149/168 648/188/169 642/139/158
f 648/188/169 649/189/170 643/183/159
f 643/190/159 650/191/171 644/184/161
f 645/185/164 650/191/171 651/192/172
f 646/186/166 651/192/172 652/193/173
f 646/186/166 653/194/174 647/187/167
f 647/187/167 654/195/175 648/188/169
f 654/195/175 655/196/176 649/189/170
f 649/197/170 656/198/177 650/191/171
f 651/192/172 656/198/177 657/199/178
f 652/193/173 657/199/178 658/200/179
f 652/193/173 659/201/180 653/194/174
f 653/194/174 660/202/181 654/195/175
f 660/202/181 661/203/182 655/196/176
f 655/204/176 662/205/183 656/198/177
f 657/199/178 662/205/183 663/206/184
f 658/200/179 663/206/184 664/207/185
f 658/200/179 665/208/186 659/201/180
f 659/201/180 666/209/187 660/202/181
f 666/209/187 667/133/188 661/203/182
f 661/210/182 668/160/189 662/205/183
f 663/206/184 668/160/189 669/161/190
f 664/207/185 669/161/190 670/162/191
f 664/207/185 671/163/192 665/208/186
f 665/208/186 672/159/193 666/209/187
f 667/133/188 678/211/194 673/212/195
f 667/130/188 674/213/196 668/160/189
f 668/160/189 675/214/197 669/161/190
f 669/161/190 676/215/198 670/162/191
f 670/162/191 677/216/199 671/163/192
f 672/159/193 677/216/199 678/211/194
f 673/212/195 684/217/200 679/218/201
f 673/219/195 680/220/202 674/213/196
f 674/213/196 681/221/203 675/214/197
f 675/214/197 682/222/204 676/215/198
f 676/215/198 683/223/205 677/216/199
f 678/211/194 683/223/205 684/217/200
f 679/218/201 690/224/206 685/225/207
f 679/226/201 686/227/208 680/220/202
f 680/220/202 687/228/209 681/221/203
f 681/221/203 688/229/210 682/222/204
f 682/222/204 689/230/211 683/223/205
f 684/217/200 689/230/211 690/224/206
f 685/225/207 696/231/212 691/232/213
f 685/233/207 692/234/214 686/227/208
f 686/227/208 693/235/215 687/228/209
f 687/228/209 694/236/216 688/229/210
f 688/229/210 695/237/217 689/230/211
f 690/224/206 695/237/217 696/231/212
f 691/232/213 702/182/218 697/59/227
f 691/238/213 698/178/220 692/234/214
f 692/234/214 699/179/221 693/235/215
f 693/235/215 700/180/222 694/236/216
f 694/236/216 701/181/223 695/237/217
f 696/231/212 701/181/223 702/182/218
f 708/139/158 709/183/159 703/141/160
f 703/142/160 710/184/161 704/144/224
f 705/146/163 710/184/161 711/185/164
f 706/147/165 711/185/164 712/186/166
f 706/147/165 713/187/167 707/149/168
f 707/149/168 714/188/169 708/139/158
f 714/188/169 715/189/170 709/183/159
f 709/190/159 716/191/171 710/184/161
f 711/185/164 716/191/171 717/192/172
f 712/186/166 717/192/172 718/193/173
f 712/186/166 719/194/174 713/187/167
f 713/187/167 720/195/175 714/188/169
f 720/195/175 721/196/176 715/189/170
f 715/197/170 722/198/177 716/191/171
f 717/192/172 722/198/177 723/199/178
f 718/193/173 723/199/178 724/200/179
f 718/193/173 725/201/180 719/194/174
f 719/194/174 726/202/181 720/195/175
f 726/202/181 727/203/182 721/196/176
f 721/204/176 728/205/183 722/198/177
f 723/199/178 728/205/183 729/206/184
f 724/200/179 729/206/184 730/207/185
f 724/200/179 731/208/186 725/201/180
f 725/201/180 732/209/187 726/202/181
f 732/209/187 733/133/188 727/203/182
f 727/210/182 734/160/189 728/205/183
f 729/206/184 734/160/189 735/161/190
f 730/207/185 735/161/190 736/162/191
f 730/207/185 737/163/192 731/208/186
f 731/208/186 738/159/193 732/209/187
f 733/133/188 744/211/194 739/212/195
f 733/130/188 740/213/196 734/160/189
f 734/160/189 741/214/197 735/161/190
f 735/161/190 742/215/198 736/162/191
f 736/162/191 743/216/199 737/163/192
f 738/159/193 743/216/199 744/211/194
f 739/212/195 750/217/200 745/218/201
f 739/219/195 746/220/202 740/213/196
f 740/213/196 747/221/203 741/214/197
f 741/214/197 748/222/204 742/215/198
f 742/215/198 749/223/205 743/216/199
f 744/211/194 749/223/205 750/217/200
f 745/218/201 756/224/206 751/225/207
f 745/226/201 752/227/208 746/220/202
f 746/220/202 753/228/209 747/221/203
f 747/221/203 754/229/210 748/222/204
f 748/222/204 755/230/211 749/223/205
f 750/217/200 755/230/211 756/224/206
f 751/225/207 762/231/212 757/232/213
f 751/233/207 758/234/214 752/227/208
f 752/227/208 759/235/215 753/228/209
f 753/228/209 760/236/216 754/229/210
f 754/229/210 761/237/217 755/230/211
f 756/224/206 761/237/217 762/231/212
f 757/232/213 768/182/218 763/59/227
f 757/238/213 764/178/220 758/234/214
f 758/234/214 765/179/221 759/235/215
f 759/235/215 766/180/222 760/236/216
f 760/236/216 767/181/223 761/237/217
f 762/231/212 767/181/223 768/182/218
f 774/139/230 775/183/231 769/141/232
f 769/142/232 776/184/233 770/144/234
f 770/144/234 777/185/235 771/146/236
f 772/147/237 777/185/235 778/186/238
f 773/149/239 778/186/238 779/187/240
f 774/139/230 779/187/240 780/188/241
f 780/188/241 781/189/242 775/183/231
f 775/190/231 782/191/243 776/184/233
f 776/184/233 783/192/244 777/185/235
f 778/186/238 783/192/244 784/193/245
f 779/187/240 784/193/245 785/194/246
f 780/188/241 785/194/246 786/195/247
f 781/189/242 792/202/248 787/196/249
f 782/191/243 787/204/249 788/198/250
f 783/192/244 788/198/250 789/199/251
f 783/192/244 790/200/252 784/193/245
f 784/193/245 791/201/253 785/194/246
f 785/194/246 792/202/248 786/195/247
f 787/196/249 798/209/254 793/203/255
f 788/198/250 793/210/255 794/205/256
f 789/199/251 794/205/256 795/206/257
f 789/199/251 796/207/258 790/200/252
f 790/200/252 797/208/259 791/201/253
f 791/201/253 798/209/254 792/202/248
f 798/209/254 799/133/260 793/203/255
f 793/210/255 800/160/261 794/205/256
f 794/205/256 801/161/262 795/206/257
f 796/207/258 801/161/262 802/162/263
f 797/208/259 802/162/263 803/163/264
f 798/209/254 803/163/264 804/159/265
f 804/159/265 805/212/266 799/133/260
f 799/130/260 806/213/267 800/160/261
f 800/160/261 807/214/268 801/161/262
f 802/162/263 807/214/268 808/215/269
f 803/163/264 808/215/269 809/216/270
f 804/159/265 809/216/270 810/211/271
f 805/212/266 816/217/272 811/218/273
f 806/213/267 811/226/273 812/220/274
f 807/214/268 812/220/274 813/221/275
f 807/214/268 814/222/276 808/215/269
f 808/215/269 815/223/277 809/216/270
f 809/216/270 816/217/272 810/211/271
f 811/218/273 822/224/278 817/225/279
f 812/220/274 817/233/279 818/227/280
f 813/221/275 818/227/280 819/228/281
f 813/221/275 820/229/282 814/222/276
f 814/222/276 821/230/283 815/223/277
f 815/223/277 822/224/278 816/217/272
f 822/224/278 823/232/284 817/225/279
f 817/233/279 824/234/285 818/227/280
f 818/227/280 825/235/286 819/228/281
f 820/229/282 825/235/286 826/236/287
f 821/230/283 826/236/287 827/237/288
f 822/224/278 827/237/288 828/231/289
f 828/231/289 829/59/290 823/232/284
f 823/238/284 830/178/291 824/234/285
f 824/234/285 831/179/292 825/235/286
f 826/236/287 831/179/292 832/180/293
f 827/237/288 832/180/293 833/181/294
f 828/231/289 833/181/294 834/182/295
f 840/139/230 841/183/231 835/141/232
f 835/142/232 842/184/233 836/144/234
f 836/144/234 843/185/235 837/146/296
f 838/147/237 843/185/235 844/186/238
f 839/149/239 844/186/238 845/187/240
f 840/139/230 845/187/240 846/188/241
f 846/188/241 847/189/242 841/183/231
f 841/190/231 848/191/243 842/184/233
f 842/184/233 849/192/244 843/185/235
f 844/186/238 849/192/244 850/193/245
f 845/187/240 850/193/245 851/194/246
f 846/188/241 851/194/246 852/195/247
f 847/189/242 858/202/248 853/196/249
f 848/191/243 853/204/249 854/198/250
f 849/192/244 854/198/250 855/199/251
f 849/192/244 856/200/252 850/193/245
f 850/193/245 857/201/253 851/194/246
f 851/194/246 858/202/248 852/195/247
f 853/196/249 864/209/254 859/203/255
f 854/198/250 859/210/255 860/205/256
f 855/199/251 860/205/256 861/206/257
f 855/199/251 862/207/258 856/200/252
f 856/200/252 863/208/259 857/201/253
f 857/201/253 864/209/254 858/202/248
f 864/209/254 865/133/260 859/203/255
f 859/210/255 866/160/261 860/205/256
f 860/205/256 867/161/262 861/206/257
f 862/207/258 867/161/262 868/162/263
f 863/208/259 868/162/263 869/163/264
f 864/209/254 869/163/264 870/159/265
f 870/159/265 871/212/266 865/133/260
f 865/130/260 872/213/267 866/160/261
f 866/160/261 873/214/268 867/161/262
f 868/162/263 873/214/268 874/215/269
f 869/163/264 874/215/269 875/216/270
f 870/159/265 875/216/270 876/211/271
f 871/212/266 882/217/272 877/218/273
f 872/213/267 877/226/273 878/220/274
f 873/214/268 878/220/274 879/221/275
f 873/214/268 880/222/276 874/215/269
f 874/215/269 881/223/277 875/216/270
f 875/216/270 882/217/272 876/211/271
f 877/218/273 888/224/278 883/225/297
f 878/220/274 883/233/297 884/227/280
f 879/221/275 884/227/280 885/228/298
f 879/221/275 886/229/282 880/222/276
f 880/222/276 887/230/299 881/223/277
f 881/223/277 888/224/278 882/217/272
f 888/224/278 889/232/284 883/225/297
f 883/233/297 890/234/285 884/227/280
f 884/227/280 891/235/286 885/228/298
f 886/229/282 891/235/286 892/236/287
f 887/230/299 892/236/287 893/237/288
f 888/224/278 893/237/288 894/231/289
f 894/231/289 895/59/290 889/232/284
f 889/238/284 896/178/291 890/234/285
f 890/234/285 897/179/292 891/235/286
f 892/236/287 897/179/292 898/180/293
f 893/237/288 898/180/293 899/181/294
f 894/231/289 899/181/294 900/182/295
f 906/139/230 907/183/231 901/141/232
f 901/142/232 908/184/233 902/144/234
f 902/144/234 909/185/235 903/146/236
f 904/147/237 909/185/235 910/186/238
f 905/149/239 910/186/238 911/187/240
f 906/139/230 911/187/240 912/188/241
f 912/188/241 913/189/242 907/183/231
f 907/190/231 914/191/243 908/184/233
f 908/184/233 915/192/244 909/185/235
f 910/186/238 915/192/244 916/193/245
f 911/187/240 916/193/245 917/194/246
f 912/188/241 917/194/246 918/195/247
f 913/189/242 924/202/248 919/196/249
f 914/191/243 919/204/249 920/198/250
f 915/192/244 920/198/250 921/199/251
f 915/192/244 922/200/252 916/193/245
f 916/193/245 923/201/253 917/194/246
f 917/194/246 924/202/248 918/195/247
f 919/196/249 930/209/254 925/203/255
f 920/198/250 925/210/255 926/205/256
f 921/199/251 926/205/256 927/206/257
f 921/199/251 928/207/258 922/200/252
f 922/200/252 929/208/259 923/201/253
f 923/201/253 930/209/254 924/202/248
f 930/209/254 931/133/260 925/203/255
f 925/210/255 932/160/261 926/205/256
f 926/205/256 933/161/262 927/206/257
f 928/207/258 933/161/262 934/162/263
f 929/208/259 934/162/263 935/163/264
f 930/209/254 935/163/264 936/159/265
f 936/159/265 937/212/266 931/133/260
f 931/130/260 938/213/267 932/160/261
f 932/160/261 939/214/268 933/161/262
f 934/162/263 939/214/268 940/215/269
f 935/163/264 940/215/269 941/216/270
f 936/159/265 941/216/270 942/211/271
f 937/212/266 948/217/272 943/218/273
f 938/213/267 943/226/273 944/220/274
f 939/214/268 944/220/274 945/221/275
f 939/214/268 946/222/276 940/215/269
f 940/215/269 947/223/277 941/216/270
f 941/216/270 948/217/272 942/211/271
f 943/218/273 954/224/278 949/225/297
f 944/220/274 949/233/297 950/227/280
f 945/221/275 950/227/280 951/228/298
f 945/221/275 952/229/282 946/222/276
f 946/222/276 953/230/299 947/223/277
f 947/223/277 954/224/278 948/217/272
f 954/224/278 955/232/284 949/225/297
f 949/233/297 956/234/285 950/227/280
f 950/227/280 957/235/286 951/228/298
f 952/229/282 957/235/286 958/236/287
f 953/230/299 958/236/287 959/237/288
f 954/224/278 959/237/288 960/231/289
f 960/231/289 961/59/290 955/232/284
f 955/238/284 962/178/291 956/234/285
f 956/234/285 963/179/292 957/235/286
f 958/236/287 963/179/292 964/180/293
f 959/237/288 964/180/293 965/181/294
f 960/231/289 965/181/294 966/182/295
f 972/139/300 973/183/231 967/141/232
f 967/142/232 974/184/233 968/144/234
f 968/144/234 975/185/235 969/146/236
f 970/147/237 975/185/235 976/186/238
f 971/149/239 976/186/238 977/187/240
f 972/139/300 977/187/240 978/188/241
f 978/188/241 979/189/242 973/183/231
f 973/190/231 980/191/243 974/184/233
f 974/184/233 981/192/244 975/185/235
f 976/186/238 981/192/244 982/193/245
f 977/187/240 982/193/245 983/194/246
f 978/188/241 983/194/246 984/195/247
f 979/189/242 990/202/248 985/196/249
f 980/191/243 985/204/249 986/198/250
f 981/192/244 986/198/250 987/199/251
f 981/192/244 988/200/252 982/193/245
f 982/193/245 989/201/253 983/194/246
f 983/194/246 990/202/248 984/195/247
f 985/196/249 996/209/254 991/203/255
f 986/198/250 991/210/255 992/205/256
f 987/199/251 992/205/256 993/206/257
f 987/199/251 994/207/258 988/200/252
f 988/200/252 995/208/259 989/201/253
f 989/201/253 996/209/254 990/202/248
f 996/209/254 997/133/260 991/203/255
f 991/210/255 998/160/261 992/205/256
f 992/205/256 999/161/262 993/206/257
f 994/207/258 999/161/262 1000/162/263
f 995/208/259 1000/162/263 1001/163/264
f 996/209/254 1001/163/264 1002/159/265
f 1002/159/265 1003/212/266 997/133/260
f 997/130/260 1004/213/267 998/160/261
f 998/160/261 1005/214/268 999/161/262
f 1000/162/263 1005/214/268 1006/215/269
f 1001/163/264 1006/215/269 1007/216/270
f 1002/159/265 1007/216/270 1008/211/271
f 1003/212/266 1014/217/272 1009/218/273
f 1004/213/267 1009/226/273 1010/220/274
f 1005/214/268 1010/220/274 1011/221/275
f 1005/214/268 1012/222/276 1006/215/269
f 1006/215/269 1013/223/277 1007/216/270
f 1007/216/270 1014/217/272 1008/211/271
f 1009/218/273 1020/224/278 1015/225/297
f 1010/220/274 1015/233/297 1016/227/280
f 1011/221/275 1016/227/280 1017/228/298
f 1011/221/275 1018/229/282 1012/222/276
f 1012/222/276 1019/230/299 1013/223/277
f 1013/223/277 1020/224/278 1014/217/272
f 1020/224/278 1021/232/284 1015/225/297
f 1015/233/297 1022/234/285 1016/227/280
f 1016/227/280 1023/235/286 1017/228/298
f 1018/229/282 1023/235/286 1024/236/287
f 1019/230/299 1024/236/287 1025/237/288
f 1020/224/278 1025/237/288 1026/231/289
f 1026/231/289 1027/59/290 1021/232/284
f 1021/238/284 1028/178/291 1022/234/285
f 1022/234/285 1029/179/292 1023/235/286
f 1024/236/287 1029/179/292 1030/180/293
f 1025/237/288 1030/180/293 1031/181/294
f 1026/231/289 1031/181/294 1032/182/295
f 1038/139/300 1039/183/231 1033/141/232
f 1033/142/232 1040/184/233 1034/144/234
f 1034/144/234 1041/185/235 1035/146/236
f 1036/147/237 1041/185/235 1042/186/238
f 1037/149/239 1042/186/238 1043/187/240
f 1038/139/300 1043/187/240 1044/188/241
f 1044/188/241 1045/189/242 1039/183/231
f 1039/190/231 1046/191/243 1040/184/233
f 1040/184/233 1047/192/244 1041/185/235
f 1042/186/238 1047/192/244 1048/193/245
f 1043/187/240 1048/193/245 1049/194/246
f 1044/188/241 1049/194/246 1050/195/247
f 1045/189/242 1056/202/248 1051/196/249
f 1046/191/243 1051/204/249 1052/198/250
f 1047/192/244 1052/198/250 1053/199/251
f 1047/192/244 1054/200/252 1048/193/245
f 1048/193/245 1055/201/253 1049/194/246
f 1049/194/246 1056/202/248 1050/195/247
f 1051/196/249 1062/209/254 1057/203/255
f 1052/198/250 1057/210/255 1058/205/256
f 1053/199/251 1058/205/256 1059/206/257
f 1053/199/251 1060/207/258 1054/200/252
f 1054/200/252 1061/208/259 1055/201/253
f 1055/201/253 1062/209/254 1056/202/248
f 1062/209/254 1063/133/260 1057/203/255
f 1057/210/255 1064/160/261 1058/205/256
f 1058/205/256 1065/161/262 1059/206/257
f 1060/207/258 1065/161/262 1066/162/263
f 1061/208/259 1066/162/263 1067/163/264
f 1062/209/254 1067/163/264 1068/159/265
f 1068/159/265 1069/212/266 1063/133/260
f 1063/130/260 1070/213/267 1064/160/261
f 1064/160/261 1071/214/268 1065/161/262
f 1066/162/263 1071/214/268 1072/215/269
f 1067/163/264 1072/215/269 1073/216/270
f 1068/159/265 1073/216/270 1074/211/271
f 1069/212/266 1080/217/272 1075/218/273
f 1070/213/267 1075/226/273 1076/220/274
f 1071/214/268 1076/220/274 1077/221/275
f 1071/214/268 1078/222/276 1072/215/269
f 1072/215/269 1079/223/277 1073/216/270
f 1073/216/270 1080/217/272 1074/211/271
f 1075/218/273 1086/224/278 1081/225/297
f 1076/220/274 1081/233/297 1082/227/280
f 1077/221/275 1082/227/280 1083/228/298
f 1077/221/275 1084/229/282 1078/222/276
f 1078/222/276 1085/230/299 1079/223/277
f 1079/223/277 1086/224/278 1080/217/272
f 1086/224/278 1087/232/284 1081/225/297
f 1081/233/297 1088/234/285 1082/227/280
f 1082/227/280 1089/235/286 1083/228/298
f 1084/229/282 1089/235/286 1090/236/287
f 1085/230/299 1090/236/287 1091/237/288
f 1086/224/278 1091/237/288 1092/231/289
f 1092/231/289 1093/59/290 1087/232/284
f 1087/238/284 1094/178/291 1088/234/285
f 1088/234/285 1095/179/292 1089/235/286
f 1090/236/287 1095/179/292 1096/180/293
f 1091/237/288 1096/180/293 1097/181/294
f 1092/231/289 1097/181/294 1098/182/295
f 1104/139/300 1105/183/231 1099/141/232
f 1099/142/232 1106/184/233 1100/144/234
f 1100/144/234 1107/185/235 1101/146/236
f 1102/147/237 1107/185/235 1108/186/238
f 1103/149/239 1108/186/238 1109/187/240
f 1104/139/300 1109/187/240 1110/188/241
f 1110/188/241 1111/189/242 1105/183/231
f 1105/190/231 1112/191/243 1106/184/233
f 1106/184/233 1113/192/244 1107/185/235
f 1108/186/238 1113/192/244 1114/193/245
f 1109/187/240 1114/193/245 1115/194/246
f 1110/188/241 1115/194/246 1116/195/247
f 1111/189/242 1122/202/248 1117/196/249
f 1112/191/243 1117/204/249 1118/198/250
f 1113/192/244 1118/198/250 1119/199/251
f 1113/192/244 1120/200/252 1114/193/245
f 1114/193/245 1121/201/253 1115/194/246
f 1115/194/246 1122/202/248 1116/195/247
f 1117/196/249 1128/209/254 1123/203/255
f 1118/198/250 1123/210/255 1124/205/256
f 1119/199/251 1124/205/256 1125/206/257
f 1119/199/251 1126/207/258 1120/200/252
f 1120/200/252 1127/208/259 1121/201/253
f 1121/201/253 1128/209/254 1122/202/248
f 1128/209/254 1129/133/260 1123/203/255
f 1123/210/255 1130/160/261 1124/205/256
f 1124/205/256 1131/161/262 1125/206/257
f 1126/207/258 1131/161/262 1132/162/263
f 1127/208/259 1132/162/263 1133/163/264
f 1128/209/254 1133/163/264 1134/159/265
f 1134/159/265 1135/212/266 1129/133/260
f 1129/130/260 1136/213/267 1130/160/261
f 1130/160/261 1137/214/268 1131/161/262
f 1132/162/263 1137/214/268 1138/215/269
f 1133/163/264 1138/215/269 1139/216/270
f 1134/159/265 1139/216/270 1140/211/271
f 1135/212/266 1146/217/272 1141/218/273
f 1136/213/267 1141/226/273 1142/220/274
f 1137/214/268 1142/220/274 1143/221/275
f 1137/214/268 1144/222/276 1138/215/269
f 1138/215/269 1145/223/277 1139/216/270
f 1139/216/270 1146/217/272 1140/211/271
f 1141/218/273 1152/224/278 1147/225/297
f 1142/220/274 1147/233/297 1148/227/280
f 1143/221/275 1148/227/280 1149/228/298
f 1143/221/275 1150/229/282 1144/222/276
f 1144/222/276 1151/230/299 1145/223/277
f 1145/223/277 1152/224/278 1146/217/272
f 1152/224/278 1153/232/284 1147/225/297
f 1147/233/297 1154/234/285 1148/227/280
f 1148/227/280 1155/235/286 1149/228/298
f 1150/229/282 1155/235/286 1156/236/287
f 1151/230/299 1156/236/287 1157/237/288
f 1152/224/278 1157/237/288 1158/231/289
f 1158/231/289 1159/59/290 1153/232/284
f 1153/238/284 1160/178/291 1154/234/285
f 1154/234/285 1161/179/292 1155/235/286
f 1156/236/287 1161/179/292 1162/180/293
f 1157/237/288 1162/180/293 1163/181/294
f 1158/231/289 1163/181/294 1164/182/295
f 1167/239/301 1166/59/302 1165/180/303
f 1169/240/304 1168/241/305 1167/239/301
f 1171/242/306 1170/243/307 1169/240/304
f 1173/162/308 1172/244/309 1171/242/306
f 1175/245/310 1174/133/311 1173/162/308
f 1177/246/312 1176/247/313 1175/245/310
f 1174/248/311 1178/249/314 1166/250/302
f 1179/251/315 1178/252/314 1177/246/312
f 1165/147/303 1180/253/316 1179/251/315
f 1175/254/310 1171/255/306 1167/256/301
f 1183/239/301 1182/59/302 1181/180/303
f 1185/240/304 1184/241/305 1183/239/301
f 1187/242/306 1186/243/307 1185/240/304
f 1189/162/308 1188/244/309 1187/242/306
f 1191/245/310 1190/133/311 1189/162/308
f 1193/246/312 1192/247/313 1191/245/310
f 1190/248/311 1194/249/314 1182/250/302
f 1195/251/315 1194/252/314 1193/246/312
f 1181/147/303 1196/253/316 1195/251/315
f 1191/254/310 1187/255/306 1183/256/301
f 1199/239/301 1198/59/302 1197/180/303
f 1201/240/304 1200/241/305 1199/239/301
f 1203/242/306 1202/243/307 1201/240/304
f 1205/162/308 1204/244/309 1203/242/306
f 1207/245/310 1206/133/311 1205/162/308
f 1209/246/312 1208/247/313 1207/245/310
f 1206/248/311 1210/249/314 1198/250/302
f 1211/251/315 1210/252/314 1209/246/312
f 1197/147/303 1212/253/316 1211/251/315
f 1207/254/310 1203/255/306 1199/256/301
f 1215/239/301 1214/59/302 1213/180/303
f 1217/240/304 1216/241/305 1215/239/301
f 1219/242/306 1218/243/307 1217/240/304
f 1221/162/308 1220/244/309 1219/242/306
f 1223/245/310 1222/133/311 1221/162/308
f 1225/246/312 1224/247/313 1223/245/310
f 1222/248/311 1226/249/314 1214/250/302
f 1227/251/315 1226/252/314 1225/246/312
f 1213/147/303 1228/253/316 1227/251/315
f 1223/254/310 1219/255/306 1215/256/301
f 1231/239/301 1230/59/302 1229/180/303
f 1233/240/304 1232/241/305 1231/239/301
f 1235/242/306 1234/243/307 1233/240/304
f 1237/162/308 1236/244/309 1235/242/306
f 1239/245/310 1238/133/311 1237/162/308
f 1241/246/312 1240/247/313 1239/245/310
f 1238/248/311 1242/249/314 1230/250/302
f 1243/251/315 1242/252/314 1241/246/312
f 1229/147/303 1244/253/316 1243/251/315
f 1239/254/310 1235/255/306 1231/256/301
f 1247/239/301 1246/59/302 1245/180/303
f 1249/240/304 1248/241/305 1247/239/301
f 1251/242/306 1250/243/307 1249/240/304
f 1253/162/308 1252/244/309 1251/242/306
f 1255/245/310 1254/133/311 1253/162/308
f 1257/246/312 1256/247/313 1255/245/310
f 1254/248/311 1258/249/314 1246/250/302
f 1259/251/315 1258/252/314 1257/246/312
f 1245/147/303 1260/253/316 1259/251/315
f 1255/254/310 1251/255/306 1247/256/301
f 1263/239/301 1262/59/302 1261/180/303
f 1265/240/304 1264/241/305 1263/239/301
f 1267/242/306 1266/243/307 1265/240/304
f 1269/162/308 1268/244/309 1267/242/306
f 1271/245/310 1270/133/311 1269/162/308
f 1273/246/312 1272/247/313 1271/245/310
f 1270/248/311 1274/249/314 1262/250/302
f 1275/251/315 1274/252/314 1273/246/312
f 1261/147/303 1276/253/316 1275/251/315
f 1271/254/310 1267/255/306 1263/256/301
f 1279/239/301 1278/59/302 1277/180/303
f 1281/240/304 1280/241/305 1279/239/301
f 1283/242/306 1282/243/307 1281/240/304
f 1285/162/308 1284/244/309 1283/242/306
f 1287/245/310 1286/133/311 1285/162/308
f 1289/246/312 1288/247/313 1287/245/310
f 1286/248/311 1290/249/314 1278/250/302
f 1291/251/315 1290/252/314 1289/246/312
f 1277/147/303 1292/253/316 1291/251/315
f 1287/254/310 1283/255/306 1279/256/301
f 1295/239/301 1294/59/302 1293/180/303
f 1297/240/304 1296/241/305 1295/239/301
f 1299/242/306 1298/243/307 1297/240/304
f 1301/162/308 1300/244/309 1299/242/306
f 1303/245/310 1302/133/311 1301/162/308
f 1305/246/312 1304/247/313 1303/245/310
f 1302/248/311 1306/249/314 1294/250/302
f 1307/251/315 1306/252/314 1305/246/312
f 1293/147/303 1308/253/316 1307/251/315
f 1303/254/310 1299/255/306 1295/256/301
f 1311/239/301 1310/59/302 1309/180/303
f 1313/240/304 1312/241/305 1311/239/301
f 1315/242/306 1314/243/307 1313/240/304
f 1317/162/308 1316/244/309 1315/242/306
f 1319/245/310 1318/133/311 1317/162/308
f 1321/246/312 1320/247/313 1319/245/310
f 1318/248/311 1322/249/314 1310/250/302
f 1323/251/315 1322/252/314 1321/246/312
f 1309/147/303 1324/253/316 1323/251/315
f 1319/254/310 1315/255/306 1311/256/301
f 1327/239/301 1326/59/302 1325/180/303
f 1329/240/304 1328/241/305 1327/239/301
f 1331/242/306 1330/243/307 1329/240/304
f 1333/162/308 1332/244/309 1331/242/306
f 1335/245/310 1334/133/311 1333/162/308
f 1337/246/312 1336/247/313 1335/245/310
f 1334/248/311 1338/249/314 1326/250/302
f 1339/251/315 1338/252/314 1337/246/312
f 1325/147/303 1340/253/316 1339/251/315
f 1335/254/310 1331/255/306 1327/256/301
f 1343/239/301 1342/59/302 1341/180/303
f 1345/240/304 1344/241/305 1343/239/301
f 1347/242/306 1346/243/307 1345/240/304
f 1349/162/308 1348/244/309 1347/242/306
f 1351/245/310 1350/133/311 1349/162/308
f 1353/246/312 1352/247/313 1351/245/310
f 1350/248/311 1354/249/314 1342/250/302
f 1355/251/315 1354/252/314 1353/246/312
f 1341/147/303 1356/253/316 1355/251/315
f 1351/254/310 1347/255/306 1343/256/301
f 1359/239/301 1358/59/302 1357/180/303
f 1361/240/304 1360/241/305 1359/239/301
f 1363/242/306 1362/243/307 1361/240/304
f 1365/162/308 1364/244/309 1363/242/306
f 1367/245/310 1366/133/311 1365/162/308
f 1369/246/312 1368/247/313 1367/245/310
f 1366/248/311 1370/249/314 1358/250/302
f 1371/251/315 1370/252/314 1369/246/312
f 1357/147/303 1372/253/316 1371/251/315
f 1367/254/310 1363/255/306 1359/256/301
f 1375/239/301 1374/59/302 1373/180/303
f 1377/240/304 1376/241/305 1375/239/301
f 1379/242/306 1378/243/307 1377/240/304
f 1381/162/308 1380/244/309 1379/242/306
f 1383/245/310 1382/133/311 1381/162/308
f 1385/246/312 1384/247/313 1383/245/310
f 1382/248/311 1386/249/314 1374/250/302
f 1387/251/315 1386/252/314 1385/246/312
f 1373/147/303 1388/253/316 1387/251/315
f 1383/254/310 1379/255/306 1375/256/301
f 1391/239/301 1390/59/302 1389/180/303
f 1393/240/304 1392/241/305 1391/239/301
f 1395/242/306 1394/243/307 1393/240/304
f 1397/162/308 1396/244/309 1395/242/306
f 1399/245/310 1398/133/311 1397/162/308
f 1401/246/312 1400/247/313 1399/245/310
f 1398/248/311 1402/249/314 1390/250/302
f 1403/251/315 1402/252/314 1401/246/312
f 1389/147/303 1404/253/316 1403/251/315
f 1399/254/310 1395/255/306 1391/256/301
f 1407/239/301 1406/59/302 1405/180/303
f 1409/240/304 1408/241/305 1407/239/301
f 1411/242/306 1410/243/307 1409/240/304
f 1413/162/308 1412/244/309 1411/242/306
f 1415/245/310 1414/133/311 1413/162/308
f 1417/246/312 1416/247/313 1415/245/310
f 1414/248/311 1418/249/314 1406/250/302
f 1419/251/315 1418/252/314 1417/246/312
f 1405/147/303 1420/253/316 1419/251/315
f 1415/254/310 1411/255/306 1407/256/301
f 1423/239/301 1422/59/302 1421/180/303
f 1425/240/304 1424/241/305 1423/239/301
f 1427/242/306 1426/243/307 1425/240/304
f 1429/162/308 1428/244/309 1427/242/306
f 1431/245/310 1430/133/311 1429/162/308
f 1433/246/312 1432/247/313 1431/245/310
f 1430/248/311 1434/249/314 1422/250/302
f 1435/251/315 1434/252/314 1433/246/312
f 1421/147/303 1436/253/316 1435/251/315
f 1431/254/310 1427/255/306 1423/256/301
f 1439/239/301 1438/59/302 1437/180/303
f 1441/240/304 1440/241/305 1439/239/301
f 1443/242/306 1442/243/307 1441/240/304
f 1445/162/308 1444/244/309 1443/242/306
f 1447/245/310 1446/133/311 1445/162/308
f 1449/246/312 1448/247/313 1447/245/310
f 1446/248/311 1450/249/314 1438/250/302
f 1451/251/315 1450/252/314 1449/246/312
f 1437/147/303 1452/253/316 1451/251/315
f 1447/254/310 1443/255/306 1439/256/301
f 2/1/1 7/5/5 6/2/2
f 3/4/4 8/14/7 7/5/5
f 4/6/6 9/10/9 8/7/7
f 4/6/6 5/11/10 10/9/8
f 5/11/10 1/3/3 6/2/2
f 6/2/2 7/5/5 12/12/11
f 8/14/7 13/134/13 12/12/11
f 9/10/9 14/16/14 13/15/13
f 10/9/8 15/17/15 14/16/14
f 6/2/2 11/13/12 15/17/15
f 12/12/11 17/20/18 16/18/16
f 12/12/11 13/134/13 18/19/17
f 14/16/14 19/22/19 18/21/17
f 15/17/15 20/23/20 19/22/19
f 11/13/12 16/18/16 20/23/20
f 17/20/18 22/25/22 21/24/21
f 18/19/17 23/138/23 22/25/22
f 19/22/19 24/28/25 23/26/23
f 19/22/19 20/23/20 25/27/24
f 20/23/20 16/18/16 21/24/21
f 21/24/21 22/25/22 27/29/26
f 22/25/22 23/138/23 28/31/28
f 24/28/25 29/33/29 28/32/28
f 25/27/24 30/34/30 29/33/29
f 21/24/21 26/30/27 30/34/30
f 27/29/26 32/37/33 31/35/31
f 27/29/26 28/31/28 33/36/32
f 29/33/29 34/39/34 33/38/32
f 30/34/30 35/40/35 34/39/34
f 26/30/27 31/35/31 35/40/35
f 32/37/33 37/43/38 36/41/36
f 32/37/33 33/36/32 38/42/37
f 34/39/34 39/46/40 38/44/37
f 34/39/34 35/40/35 40/45/39
f 35/40/35 31/35/31 36/41/36
f 36/41/36 37/43/38 42/47/41
f 38/42/37 43/135/43 42/47/41
f 39/46/40 44/51/45 43/49/43
f 39/46/40 40/45/39 45/50/44
f 36/41/36 41/48/42 45/50/44
f 42/47/41 47/54/48 46/52/46
f 42/47/41 43/135/43 48/53/47
f 44/51/45 49/56/49 48/55/47
f 45/50/44 50/57/50 49/56/49
f 41/48/42 46/52/46 50/57/50
f 47/54/48 52/60/53 51/58/51
f 47/54/48 48/53/47 53/59/52
f 49/56/49 54/62/54 53/61/52
f 50/57/50 55/63/55 54/62/54
f 46/52/46 51/58/51 55/63/55
f 51/64/51 52/68/53 57/65/56
f 53/67/52 58/136/58 57/65/56
f 54/69/54 59/73/59 58/70/58
f 55/72/55 60/74/60 59/73/59
f 51/64/51 56/66/57 60/74/60
f 56/66/57 57/65/56 62/75/61
f 57/65/56 58/136/58 63/77/63
f 59/73/59 64/80/65 63/78/63
f 59/73/59 60/74/60 65/79/64
f 56/66/57 61/76/62 65/79/64
f 62/75/61 67/82/67 66/81/66
f 63/77/63 68/137/68 67/82/67
f 64/80/65 69/84/69 68/83/68
f 65/79/64 70/85/70 69/84/69
f 65/79/64 61/76/62 66/81/66
f 67/82/67 72/88/73 71/86/71
f 67/82/67 68/137/68 73/87/72
f 69/84/69 74/90/74 73/89/72
f 70/85/70 75/91/75 74/90/74
f 70/85/70 66/81/66 71/86/71
f 71/86/71 72/88/73 77/92/76
f 72/88/73 73/87/72 78/94/78
f 74/90/74 79/96/79 78/95/78
f 75/91/75 80/97/80 79/96/79
f 71/86/71 76/93/77 80/97/80
f 76/93/77 77/92/76 82/98/81
f 77/92/76 78/94/78 83/100/83
f 79/96/79 84/103/85 83/101/83
f 79/96/79 80/97/80 85/102/84
f 76/93/77 81/99/82 85/102/84
f 82/98/81 87/105/87 86/104/86
f 83/100/83 88/110/88 87/105/87
f 84/103/85 89/108/90 88/106/88
f 84/103/85 85/102/84 90/107/89
f 81/99/82 86/104/86 90/107/89
f 87/105/87 92/111/92 91/109/91
f 88/110/88 93/116/93 92/111/92
f 89/108/90 94/114/95 93/112/93
f 89/108/90 90/107/89 95/113/94
f 90/107/89 86/104/86 91/109/91
f 92/111/92 97/117/97 96/115/96
f 93/116/93 98/122/98 97/117/97
f 94/114/95 99/120/100 98/118/98
f 94/114/95 95/113/94 100/119/99
f 91/109/91 96/115/96 100/119/99
f 97/117/97 102/123/102 101/121/101
f 98/122/98 103/128/103 102/123/102
f 99/120/100 104/126/105 103/124/103
f 99/120/100 100/119/99 105/125/104
f 100/119/99 96/115/96 101/121/101
f 102/123/102 107/129/107 106/127/106
f 103/128/103 108/133/108 107/129/107
f 104/126/105 109/132/110 108/130/108
f 104/126/105 105/125/104 110/131/109
f 105/125/104 101/121/101 106/127/106
f 107/129/107 2/1/1 1/3/3
f 108/133/108 3/4/4 2/1/1
f 109/132/110 4/6/6 3/8/4
f 110/131/109 5/11/10 4/6/6
f 110/131/109 106/127/106 1/3/3
f 112/1/1 117/5/5 116/2/2
f 113/4/4 118/14/7 117/5/5
f 114/6/6 119/10/9 118/7/7
f 114/6/6 115/11/10 120/9/8
f 115/11/10 111/3/3 116/2/2
f 117/5/5 122/12/11 121/13/12
f 118/14/7 123/134/13 122/12/11
f 119/10/9 124/16/14 123/15/13
f 120/9/8 125/17/15 124/16/14
f 120/9/8 116/2/2 121/13/12
f 121/13/12 122/12/11 127/20/18
f 123/134/13 128/19/17 127/20/18
f 124/16/14 129/22/19 128/21/17
f 124/16/14 125/17/15 130/23/20
f 121/13/12 126/18/111 130/23/20
f 126/18/111 127/20/18 132/25/112
f 128/19/17 133/138/23 132/25/112
f 129/22/19 134/28/25 133/26/23
f 129/22/19 130/23/20 135/27/113
f 126/18/111 131/24/21 135/27/113
f 132/25/112 137/29/26 136/30/27
f 132/25/112 133/138/23 138/31/28
f 134/28/25 139/33/29 138/32/28
f 135/27/113 140/34/30 139/33/29
f 135/27/113 131/24/21 136/30/27
f 137/29/26 142/37/33 141/35/31
f 138/31/28 143/36/32 142/37/33
f 139/33/29 144/39/34 143/38/32
f 140/34/30 145/40/35 144/39/34
f 140/34/30 136/30/27 141/35/31
f 142/37/33 147/43/38 146/41/36
f 143/36/32 148/42/37 147/43/38
f 144/39/34 149/46/40 148/44/37
f 145/40/35 150/45/39 149/46/40
f 141/35/31 146/41/36 150/45/39
f 147/43/38 152/47/41 151/48/114
f 147/43/38 148/42/37 153/135/43
f 149/46/40 154/51/45 153/49/43
f 149/46/40 150/45/39 155/50/44
f 150/45/39 146/41/36 151/48/114
f 152/47/41 157/54/48 156/52/46
f 152/47/41 153/135/43 158/53/47
f 154/51/45 159/56/49 158/55/47
f 155/50/44 160/57/50 159/56/49
f 155/50/44 151/48/114 156/52/46
f 156/52/46 157/54/48 162/60/53
f 157/54/48 158/53/47 163/59/52
f 159/56/49 164/62/54 163/61/52
f 160/57/50 165/63/55 164/62/54
f 160/57/50 156/52/46 161/58/51
f 161/64/51 162/68/53 167/65/56
f 162/68/53 163/67/52 168/136/58
f 164/69/54 169/73/59 168/70/58
f 165/72/55 170/74/60 169/73/59
f 161/64/51 166/66/57 170/74/60
f 167/65/56 172/75/61 171/76/62
f 167/65/56 168/136/58 173/77/63
f 169/73/59 174/80/65 173/78/63
f 170/74/60 175/79/64 174/80/65
f 170/74/60 166/66/57 171/76/62
f 172/75/61 177/82/67 176/81/66
f 172/75/61 173/77/63 178/137/68
f 174/80/65 179/84/69 178/83/68
f 175/79/64 180/85/70 179/84/69
f 175/79/64 171/76/62 176/81/66
f 177/82/67 182/88/73 181/86/71
f 177/82/67 178/137/68 183/87/72
f 179/84/69 184/90/74 183/89/72
f 179/84/69 180/85/70 185/91/75
f 180/85/70 176/81/66 181/86/71
f 181/86/71 182/88/73 187/92/76
f 183/87/72 188/94/78 187/92/76
f 184/90/74 189/96/79 188/95/78
f 185/91/75 190/97/80 189/96/79
f 181/86/71 186/93/77 190/97/80
f 186/93/77 187/92/76 192/98/81
f 187/92/76 188/94/78 193/100/83
f 189/96/79 194/103/85 193/101/83
f 190/97/80 195/102/84 194/103/85
f 186/93/77 191/99/82 195/102/84
f 191/99/82 192/98/81 197/105/87
f 192/98/81 193/100/83 198/110/88
f 194/103/85 199/108/90 198/106/88
f 195/102/84 200/107/89 199/108/90
f 191/99/82 196/104/86 200/107/89
f 196/104/86 197/105/87 202/111/92
f 198/110/88 203/116/93 202/111/92
f 199/108/90 204/114/95 203/112/93
f 199/108/90 200/107/89 205/113/94
f 196/104/86 201/109/91 205/113/94
f 201/109/91 202/111/92 207/117/97
f 203/116/93 208/122/98 207/117/97
f 204/114/95 209/120/100 208/118/98
f 204/114/95 205/113/94 210/119/99
f 201/109/91 206/115/115 210/119/99
f 206/115/115 207/117/97 212/123/102
f 208/122/98 213/128/103 212/123/102
f 209/120/100 214/126/105 213/124/103
f 209/120/100 210/119/99 215/125/104
f 206/115/115 211/121/101 215/125/104
f 212/123/102 217/129/107 216/127/106
f 212/123/102 213/128/103 218/133/108
f 214/126/105 219/132/110 218/130/108
f 215/125/104 220/131/109 219/132/110
f 211/121/101 216/127/106 220/131/109
f 216/127/106 217/129/107 112/1/1
f 217/129/107 218/133/108 113/4/4
f 219/132/110 114/6/6 113/8/4
f 219/132/110 220/131/109 115/11/10
f 216/127/106 111/3/3 115/11/10
f 222/1/1 227/5/5 226/2/2
f 223/4/4 228/14/7 227/5/5
f 224/6/6 229/10/9 228/7/7
f 224/6/6 225/11/10 230/9/8
f 225/11/10 221/3/3 226/2/2
f 226/2/2 227/5/5 232/12/11
f 228/14/7 233/134/13 232/12/11
f 229/10/9 234/16/14 233/15/13
f 229/10/9 230/9/8 235/17/15
f 226/2/2 231/13/12 235/17/15
f 232/12/11 237/20/18 236/18/111
f 233/134/13 238/19/17 237/20/18
f 234/16/14 239/22/19 238/21/17
f 234/16/14 235/17/15 240/23/20
f 231/13/12 236/18/111 240/23/20
f 237/20/18 242/25/112 241/24/21
f 238/19/17 243/138/23 242/25/112
f 239/22/19 244/28/25 243/26/23
f 239/22/19 240/23/20 245/27/113
f 236/18/111 241/24/21 245/27/113
f 242/25/112 247/29/26 246/30/27
f 243/138/23 248/31/28 247/29/26
f 244/28/25 249/33/29 248/32/28
f 245/27/113 250/34/30 249/33/29
f 241/24/21 246/30/27 250/34/30
f 246/30/27 247/29/26 252/37/33
f 248/31/28 253/36/32 252/37/33
f 249/33/29 254/39/34 253/38/32
f 250/34/30 255/40/35 254/39/34
f 246/30/27 251/35/31 255/40/35
f 252/37/33 257/43/38 256/41/36
f 253/36/32 258/42/37 257/43/38
f 254/39/34 259/46/40 258/44/37
f 255/40/35 260/45/39 259/46/40
f 255/40/35 251/35/31 256/41/36
f 256/41/36 257/43/38 262/47/41
f 258/42/37 263/135/43 262/47/41
f 259/46/40 264/51/45 263/49/43
f 259/46/40 260/45/39 265/50/44
f 260/45/39 256/41/36 261/48/114
f 261/48/114 262/47/41 267/54/48
f 263/135/43 268/53/47 267/54/48
f 264/51/45 269/56/49 268/55/47
f 264/51/45 265/50/44 270/57/50
f 261/48/114 266/52/46 270/57/50
f 266/52/46 267/54/48 272/60/53
f 267/54/48 268/53/47 273/59/52
f 269/56/49 274/62/54 273/61/52
f 270/57/50 275/63/55 274/62/54
f 266/52/46 271/58/51 275/63/55
f 272/68/53 277/65/56 276/66/57
f 273/67/52 278/136/58 277/65/56
f 274/69/54 279/73/59 278/70/58
f 274/69/54 275/72/55 280/74/60
f 271/64/51 276/66/57 280/74/60
f 276/66/57 277/65/56 282/75/61
f 278/136/58 283/77/63 282/75/61
f 279/73/59 284/80/65 283/78/63
f 280/74/60 285/79/64 284/80/65
f 276/66/57 281/76/62 285/79/64
f 282/75/61 287/82/67 286/81/66
f 283/77/63 288/137/68 287/82/67
f 284/80/65 289/84/69 288/83/68
f 285/79/64 290/85/70 289/84/69
f 285/79/64 281/76/62 286/81/66
f 287/82/67 292/88/73 291/86/71
f 288/137/68 293/87/72 292/88/73
f 289/84/69 294/90/74 293/89/72
f 289/84/69 290/85/70 295/91/75
f 290/85/70 286/81/66 291/86/71
f 292/88/73 297/92/76 296/93/77
f 292/88/73 293/87/72 298/94/78
f 294/90/74 299/96/79 298/95/78
f 295/91/75 300/97/80 299/96/79
f 291/86/71 296/93/77 300/97/80
f 297/92/76 302/98/81 301/99/82
f 297/92/76 298/94/78 303/100/83
f 299/96/79 304/103/85 303/101/83
f 300/97/80 305/102/84 304/103/85
f 300/97/80 296/93/77 301/99/82
f 302/98/81 307/105/87 306/104/86
f 303/100/83 308/110/88 307/105/87
f 304/103/85 309/108/90 308/106/88
f 305/102/84 310/107/89 309/108/90
f 305/102/84 301/99/82 306/104/86
f 307/105/87 312/111/92 311/109/91
f 308/110/88 313/116/93 312/111/92
f 309/108/90 314/114/95 313/112/93
f 310/107/89 315/113/94 314/114/95
f 310/107/89 306/104/86 311/109/91
f 311/109/91 312/111/92 317/117/97
f 312/111/92 313/116/93 318/122/98
f 314/114/95 319/120/100 318/118/98
f 315/113/94 320/119/99 319/120/100
f 311/109/91 316/115/96 320/119/99
f 316/115/96 317/117/97 322/123/102
f 317/117/97 318/122/98 323/128/103
f 319/120/100 324/126/105 323/124/103
f 320/119/99 325/125/104 324/126/105
f 320/119/99 316/115/96 321/121/101
f 322/123/102 327/129/107 326/127/106
f 323/128/103 328/133/108 327/129/107
f 324/126/105 329/132/110 328/130/108
f 324/126/105 325/125/104 330/131/109
f 325/125/104 321/121/101 326/127/106
f 326/127/106 327/129/107 222/1/1
f 327/129/107 328/133/108 223/4/4
f 329/132/110 224/6/6 223/8/4
f 330/131/109 225/11/10 224/6/6
f 326/127/106 221/3/3 225/11/10
f 336/139/116 342/151/127 337/140/117
f 331/142/118 337/153/117 338/143/119
f 332/144/120 338/143/119 339/145/121
f 334/147/123 333/146/122 339/145/121
f 335/149/125 334/147/123 340/148/124
f 336/139/116 335/149/125 341/150/126
f 342/151/127 348/158/133 343/152/128
f 337/153/117 343/539/128 344/154/129
f 338/143/119 344/154/129 345/155/130
f 340/148/124 339/145/121 345/155/130
f 341/150/126 340/148/124 346/156/131
f 342/151/127 341/150/126 347/157/132
f 343/152/128 348/158/133 354/159/134
f 344/154/129 343/539/128 349/130/135
f 345/155/130 344/154/129 350/160/136
f 345/155/130 351/161/137 352/162/138
f 346/156/131 352/162/138 353/163/139
f 347/157/132 353/163/139 354/159/134
f 349/133/135 354/159/134 360/164/140
f 350/160/136 349/130/135 355/166/141
f 351/161/137 350/160/136 356/167/142
f 351/161/137 357/168/143 358/169/144
f 352/162/138 358/169/144 359/170/145
f 353/163/139 359/170/145 360/164/140
f 360/164/140 366/176/151 361/171/146
f 355/166/141 361/177/146 362/172/147
f 356/167/142 362/172/147 363/173/148
f 358/169/144 357/168/143 363/173/148
f 359/170/145 358/169/144 364/174/149
f 360/164/140 359/170/145 365/175/150
f 366/176/151 372/182/157 367/59/152
f 361/177/146 367/61/152 368/178/153
f 362/172/147 368/178/153 369/179/154
f 364/174/149 363/173/148 369/179/154
f 365/175/150 364/174/149 370/180/155
f 366/176/151 365/175/150 371/181/156
f 378/139/158 384/188/169 379/183/159
f 373/142/160 379/190/159 380/184/161
f 375/146/163 374/144/162 380/184/161
f 376/147/165 375/146/163 381/185/164
f 376/147/165 382/186/166 383/187/167
f 377/149/168 383/187/167 384/188/169
f 384/188/169 390/195/175 385/189/170
f 379/190/159 385/197/170 386/191/171
f 381/185/164 380/184/161 386/191/171
f 382/186/166 381/185/164 387/192/172
f 382/186/166 388/193/173 389/194/174
f 383/187/167 389/194/174 390/195/175
f 390/195/175 396/202/181 391/196/176
f 385/197/170 391/204/176 392/198/177
f 387/192/172 386/191/171 392/198/177
f 388/193/173 387/192/172 393/199/178
f 388/193/173 394/200/179 395/201/180
f 389/194/174 395/201/180 396/202/181
f 396/202/181 402/209/187 397/203/182
f 391/204/176 397/210/182 398/205/183
f 393/199/178 392/198/177 398/205/183
f 394/200/179 393/199/178 399/206/184
f 394/200/179 400/207/185 401/208/186
f 395/201/180 401/208/186 402/209/187
f 402/209/187 408/159/193 403/133/188
f 397/210/182 403/130/188 404/160/189
f 399/206/184 398/205/183 404/160/189
f 400/207/185 399/206/184 405/161/190
f 400/207/185 406/162/191 407/163/192
f 401/208/186 407/163/192 408/159/193
f 403/133/188 408/159/193 414/211/194
f 403/130/188 409/219/195 410/213/196
f 404/160/189 410/213/196 411/214/197
f 405/161/190 411/214/197 412/215/198
f 406/162/191 412/215/198 413/216/199
f 408/159/193 407/163/192 413/216/199
f 409/212/195 414/211/194 420/217/200
f 409/219/195 415/226/201 416/220/202
f 410/213/196 416/220/202 417/221/203
f 411/214/197 417/221/203 418/222/204
f 412/215/198 418/222/204 419/223/205
f 414/211/194 413/216/199 419/223/205
f 415/218/201 420/217/200 426/224/206
f 415/226/201 421/233/207 422/227/208
f 416/220/202 422/227/208 423/228/209
f 417/221/203 423/228/209 424/229/210
f 418/222/204 424/229/210 425/230/211
f 420/217/200 419/223/205 425/230/211
f 421/225/207 426/224/206 432/231/212
f 421/233/207 427/238/213 428/234/214
f 422/227/208 428/234/214 429/235/215
f 423/228/209 429/235/215 430/236/216
f 424/229/210 430/236/216 431/237/217
f 426/224/206 425/230/211 431/237/217
f 427/232/213 432/231/212 438/182/218
f 427/238/213 433/61/219 434/178/220
f 428/234/214 434/178/220 435/179/221
f 429/235/215 435/179/221 436/180/222
f 430/236/216 436/180/222 437/181/223
f 432/231/212 431/237/217 437/181/223
f 444/139/158 450/188/169 445/183/159
f 439/142/160 445/190/159 446/184/161
f 441/146/163 440/144/224 446/184/161
f 442/147/165 441/146/163 447/185/164
f 442/147/165 448/186/166 449/187/167
f 443/149/168 449/187/167 450/188/169
f 450/188/169 456/195/175 451/189/170
f 445/190/159 451/197/170 452/191/171
f 447/185/164 446/184/161 452/191/171
f 448/186/166 447/185/164 453/192/172
f 448/186/166 454/193/173 455/194/174
f 449/187/167 455/194/174 456/195/175
f 456/195/175 462/202/181 457/196/176
f 451/197/170 457/204/176 458/198/177
f 453/192/172 452/191/171 458/198/177
f 454/193/173 453/192/172 459/199/178
f 454/193/173 460/200/179 461/201/180
f 455/194/174 461/201/180 462/202/181
f 462/202/181 468/209/187 463/203/182
f 457/204/176 463/210/182 464/205/183
f 459/199/178 458/198/177 464/205/183
f 460/200/179 459/199/178 465/206/184
f 460/200/179 466/207/185 467/208/186
f 461/201/180 467/208/186 468/209/187
f 468/209/187 474/159/193 469/133/225
f 463/210/182 469/130/225 470/160/226
f 465/206/184 464/205/183 470/160/226
f 466/207/185 465/206/184 471/161/190
f 466/207/185 472/162/191 473/163/192
f 467/208/186 473/163/192 474/159/193
f 469/133/225 474/159/193 480/211/194
f 469/130/225 475/219/195 476/213/196
f 470/160/226 476/213/196 477/214/197
f 471/161/190 477/214/197 478/215/198
f 472/162/191 478/215/198 479/216/199
f 474/159/193 473/163/192 479/216/199
f 475/212/195 480/211/194 486/217/200
f 475/219/195 481/226/201 482/220/202
f 476/213/196 482/220/202 483/221/203
f 477/214/197 483/221/203 484/222/204
f 478/215/198 484/222/204 485/223/205
f 480/211/194 479/216/199 485/223/205
f 481/218/201 486/217/200 492/224/206
f 481/226/201 487/233/207 488/227/208
f 482/220/202 488/227/208 489/228/209
f 483/221/203 489/228/209 490/229/210
f 484/222/204 490/229/210 491/230/211
f 486/217/200 485/223/205 491/230/211
f 487/225/207 492/224/206 498/231/212
f 487/233/207 493/238/213 494/234/214
f 488/227/208 494/234/214 495/235/215
f 489/228/209 495/235/215 496/236/216
f 490/229/210 496/236/216 497/237/217
f 492/224/206 491/230/211 497/237/217
f 493/232/213 498/231/212 504/182/218
f 493/238/213 499/61/227 500/178/220
f 494/234/214 500/178/220 501/179/221
f 495/235/215 501/179/221 502/180/222
f 496/236/216 502/180/222 503/181/223
f 498/231/212 497/237/217 503/181/223
f 510/139/158 516/188/169 511/183/159
f 505/142/160 511/190/159 512/184/161
f 507/146/163 506/144/162 512/184/161
f 508/147/165 507/146/163 513/185/164
f 508/147/165 514/186/166 515/187/167
f 509/149/168 515/187/167 516/188/169
f 516/188/169 522/195/175 517/189/170
f 511/190/159 517/197/170 518/191/171
f 513/185/164 512/184/161 518/191/171
f 514/186/166 513/185/164 519/192/172
f 514/186/166 520/193/173 521/194/174
f 515/187/167 521/194/174 522/195/175
f 522/195/175 528/202/181 523/196/176
f 517/197/170 523/204/176 524/198/177
f 519/192/172 518/191/171 524/198/177
f 520/193/173 519/192/172 525/199/178
f 520/193/173 526/200/179 527/201/180
f 521/194/174 527/201/180 528/202/181
f 528/202/181 534/209/187 529/203/182
f 523/204/176 529/210/182 530/205/183
f 525/199/178 524/198/177 530/205/183
f 526/200/179 525/199/178 531/206/184
f 526/200/179 532/207/185 533/208/186
f 527/201/180 533/208/186 534/209/187
f 534/209/187 540/159/193 535/133/225
f 529/210/182 535/130/225 536/160/226
f 531/206/184 530/205/183 536/160/226
f 532/207/185 531/206/184 537/161/190
f 532/207/185 538/162/191 539/163/192
f 533/208/186 539/163/192 540/159/193
f 535/133/225 540/159/193 546/211/194
f 535/130/225 541/219/195 542/213/196
f 536/160/226 542/213/196 543/214/197
f 537/161/190 543/214/197 544/215/198
f 538/162/191 544/215/198 545/216/199
f 540/159/193 539/163/192 545/216/199
f 541/212/195 546/211/194 552/217/200
f 541/219/195 547/226/201 548/220/202
f 542/213/196 548/220/202 549/221/203
f 543/214/197 549/221/203 550/222/204
f 544/215/198 550/222/204 551/223/205
f 546/211/194 545/216/199 551/223/205
f 547/218/201 552/217/200 558/224/206
f 547/226/201 553/233/207 554/227/208
f 548/220/202 554/227/208 555/228/209
f 549/221/203 555/228/209 556/229/210
f 550/222/204 556/229/210 557/230/211
f 552/217/200 551/223/205 557/230/211
f 553/225/207 558/224/206 564/231/212
f 553/233/207 559/238/213 560/234/214
f 554/227/208 560/234/214 561/235/215
f 555/228/209 561/235/215 562/236/216
f 556/229/210 562/236/216 563/237/217
f 558/224/206 557/230/211 563/237/217
f 559/232/213 564/231/212 570/182/218
f 559/238/213 565/61/219 566/178/228
f 560/234/214 566/178/228 567/179/221
f 561/235/215 567/179/221 568/180/222
f 562/236/216 568/180/222 569/181/223
f 564/231/212 563/237/217 569/181/223
f 576/139/158 582/188/169 577/183/159
f 571/142/229 577/190/159 578/184/161
f 573/146/163 572/144/162 578/184/161
f 574/147/165 573/146/163 579/185/164
f 574/147/165 580/186/166 581/187/167
f 575/149/168 581/187/167 582/188/169
f 582/188/169 588/195/175 583/189/170
f 577/190/159 583/197/170 584/191/171
f 579/185/164 578/184/161 584/191/171
f 580/186/166 579/185/164 585/192/172
f 580/186/166 586/193/173 587/194/174
f 581/187/167 587/194/174 588/195/175
f 588/195/175 594/202/181 589/196/176
f 583/197/170 589/204/176 590/198/177
f 585/192/172 584/191/171 590/198/177
f 586/193/173 585/192/172 591/199/178
f 586/193/173 592/200/179 593/201/180
f 587/194/174 593/201/180 594/202/181
f 594/202/181 600/209/187 595/203/182
f 589/204/176 595/210/182 596/205/183
f 591/199/178 590/198/177 596/205/183
f 592/200/179 591/199/178 597/206/184
f 592/200/179 598/207/185 599/208/186
f 593/201/180 599/208/186 600/209/187
f 600/209/187 606/159/193 601/133/188
f 595/210/182 601/130/188 602/160/189
f 597/206/184 596/205/183 602/160/189
f 598/207/185 597/206/184 603/161/190
f 598/207/185 604/162/191 605/163/192
f 599/208/186 605/163/192 606/159/193
f 601/133/188 606/159/193 612/211/194
f 601/130/188 607/219/195 608/213/196
f 602/160/189 608/213/196 609/214/197
f 603/161/190 609/214/197 610/215/198
f 604/162/191 610/215/198 611/216/199
f 606/159/193 605/163/192 611/216/199
f 607/212/195 612/211/194 618/217/200
f 607/219/195 613/226/201 614/220/202
f 608/213/196 614/220/202 615/221/203
f 609/214/197 615/221/203 616/222/204
f 610/215/198 616/222/204 617/223/205
f 612/211/194 611/216/199 617/223/205
f 613/218/201 618/217/200 624/224/206
f 613/226/201 619/233/207 620/227/208
f 614/220/202 620/227/208 621/228/209
f 615/221/203 621/228/209 622/229/210
f 616/222/204 622/229/210 623/230/211
f 618/217/200 617/223/205 623/230/211
f 619/225/207 624/224/206 630/231/212
f 619/233/207 625/238/213 626/234/214
f 620/227/208 626/234/214 627/235/215
f 621/228/209 627/235/215 628/236/216
f 622/229/210 628/236/216 629/237/217
f 624/224/206 623/230/211 629/237/217
f 625/232/213 630/231/212 636/182/218
f 625/238/213 631/61/219 632/178/228
f 626/234/214 632/178/228 633/179/221
f 627/235/215 633/179/221 634/180/222
f 628/236/216 634/180/222 635/181/223
f 630/231/212 629/237/217 635/181/223
f 642/139/158 648/188/169 643/183/159
f 637/142/160 643/190/159 644/184/161
f 639/146/163 638/144/224 644/184/161
f 640/147/165 639/146/163 645/185/164
f 640/147/165 646/186/166 647/187/167
f 641/149/168 647/187/167 648/188/169
f 648/188/169 654/195/175 649/189/170
f 643/190/159 649/197/170 650/191/171
f 645/185/164 644/184/161 650/191/171
f 646/186/166 645/185/164 651/192/172
f 646/186/166 652/193/173 653/194/174
f 647/187/167 653/194/174 654/195/175
f 654/195/175 660/202/181 655/196/176
f 649/197/170 655/204/176 656/198/177
f 651/192/172 650/191/171 656/198/177
f 652/193/173 651/192/172 657/199/178
f 652/193/173 658/200/179 659/201/180
f 653/194/174 659/201/180 660/202/181
f 660/202/181 666/209/187 661/203/182
f 655/204/176 661/210/182 662/205/183
f 657/199/178 656/198/177 662/205/183
f 658/200/179 657/199/178 663/206/184
f 658/200/179 664/207/185 665/208/186
f 659/201/180 665/208/186 666/209/187
f 666/209/187 672/159/193 667/133/188
f 661/210/182 667/130/188 668/160/189
f 663/206/184 662/205/183 668/160/189
f 664/207/185 663/206/184 669/161/190
f 664/207/185 670/162/191 671/163/192
f 665/208/186 671/163/192 672/159/193
f 667/133/188 672/159/193 678/211/194
f 667/130/188 673/219/195 674/213/196
f 668/160/189 674/213/196 675/214/197
f 669/161/190 675/214/197 676/215/198
f 670/162/191 676/215/198 677/216/199
f 672/159/193 671/163/192 677/216/199
f 673/212/195 678/211/194 684/217/200
f 673/219/195 679/226/201 680/220/202
f 674/213/196 680/220/202 681/221/203
f 675/214/197 681/221/203 682/222/204
f 676/215/198 682/222/204 683/223/205
f 678/211/194 677/216/199 683/223/205
f 679/218/201 684/217/200 690/224/206
f 679/226/201 685/233/207 686/227/208
f 680/220/202 686/227/208 687/228/209
f 681/221/203 687/228/209 688/229/210
f 682/222/204 688/229/210 689/230/211
f 684/217/200 683/223/205 689/230/211
f 685/225/207 690/224/206 696/231/212
f 685/233/207 691/238/213 692/234/214
f 686/227/208 692/234/214 693/235/215
f 687/228/209 693/235/215 694/236/216
f 688/229/210 694/236/216 695/237/217
f 690/224/206 689/230/211 695/237/217
f 691/232/213 696/231/212 702/182/218
f 691/238/213 697/61/227 698/178/220
f 692/234/214 698/178/220 699/179/221
f 693/235/215 699/179/221 700/180/222
f 694/236/216 700/180/222 701/181/223
f 696/231/212 695/237/217 701/181/223
f 708/139/158 714/188/169 709/183/159
f 703/142/160 709/190/159 710/184/161
f 705/146/163 704/144/224 710/184/161
f 706/147/165 705/146/163 711/185/164
f 706/147/165 712/186/166 713/187/167
f 707/149/168 713/187/167 714/188/169
f 714/188/169 720/195/175 715/189/170
f 709/190/159 715/197/170 716/191/171
f 711/185/164 710/184/161 716/191/171
f 712/186/166 711/185/164 717/192/172
f 712/186/166 718/193/173 719/194/174
f 713/187/167 719/194/174 720/195/175
f 720/195/175 726/202/181 721/196/176
f 715/197/170 721/204/176 722/198/177
f 717/192/172 716/191/171 722/198/177
f 718/193/173 717/192/172 723/199/178
f 718/193/173 724/200/179 725/201/180
f 719/194/174 725/201/180 726/202/181
f 726/202/181 732/209/187 727/203/182
f 721/204/176 727/210/182 728/205/183
f 723/199/178 722/198/177 728/205/183
f 724/200/179 723/199/178 729/206/184
f 724/200/179 730/207/185 731/208/186
f 725/201/180 731/208/186 732/209/187
f 732/209/187 738/159/193 733/133/188
f 727/210/182 733/130/188 734/160/189
f 729/206/184 728/205/183 734/160/189
f 730/207/185 729/206/184 735/161/190
f 730/207/185 736/162/191 737/163/192
f 731/208/186 737/163/192 738/159/193
f 733/133/188 738/159/193 744/211/194
f 733/130/188 739/219/195 740/213/196
f 734/160/189 740/213/196 741/214/197
f 735/161/190 741/214/197 742/215/198
f 736/162/191 742/215/198 743/216/199
f 738/159/193 737/163/192 743/216/199
f 739/212/195 744/211/194 750/217/200
f 739/219/195 745/226/201 746/220/202
f 740/213/196 746/220/202 747/221/203
f 741/214/197 747/221/203 748/222/204
f 742/215/198 748/222/204 749/223/205
f 744/211/194 743/216/199 749/223/205
f 745/218/201 750/217/200 756/224/206
f 745/226/201 751/233/207 752/227/208
f 746/220/202 752/227/208 753/228/209
f 747/221/203 753/228/209 754/229/210
f 748/222/204 754/229/210 755/230/211
f 750/217/200 749/223/205 755/230/211
f 751/225/207 756/224/206 762/231/212
f 751/233/207 757/238/213 758/234/214
f 752/227/208 758/234/214 759/235/215
f 753/228/209 759/235/215 760/236/216
f 754/229/210 760/236/216 761/237/217
f 756/224/206 755/230/211 761/237/217
f 757/232/213 762/231/212 768/182/218
f 757/238/213 763/61/227 764/178/220
f 758/234/214 764/178/220 765/179/221
f 759/235/215 765/179/221 766/180/222
f 760/236/216 766/180/222 767/181/223
f 762/231/212 761/237/217 767/181/223
f 774/139/230 780/188/241 775/183/231
f 769/142/232 775/190/231 776/184/233
f 770/144/234 776/184/233 777/185/235
f 772/147/237 771/146/236 777/185/235
f 773/149/239 772/147/237 778/186/238
f 774/139/230 773/149/239 779/187/240
f 780/188/241 786/195/247 781/189/242
f 775/190/231 781/197/242 782/191/243
f 776/184/233 782/191/243 783/192/244
f 778/186/238 777/185/235 783/192/244
f 779/187/240 778/186/238 784/193/245
f 780/188/241 779/187/240 785/194/246
f 781/189/242 786/195/247 792/202/248
f 782/191/243 781/197/242 787/204/249
f 783/192/244 782/191/243 788/198/250
f 783/192/244 789/199/251 790/200/252
f 784/193/245 790/200/252 791/201/253
f 785/194/246 791/201/253 792/202/248
f 787/196/249 792/202/248 798/209/254
f 788/198/250 787/204/249 793/210/255
f 789/199/251 788/198/250 794/205/256
f 789/199/251 795/206/257 796/207/258
f 790/200/252 796/207/258 797/208/259
f 791/201/253 797/208/259 798/209/254
f 798/209/254 804/159/265 799/133/260
f 793/210/255 799/130/260 800/160/261
f 794/205/256 800/160/261 801/161/262
f 796/207/258 795/206/257 801/161/262
f 797/208/259 796/207/258 802/162/263
f 798/209/254 797/208/259 803/163/264
f 804/159/265 810/211/271 805/212/266
f 799/130/260 805/219/266 806/213/267
f 800/160/261 806/213/267 807/214/268
f 802/162/263 801/161/262 807/214/268
f 803/163/264 802/162/263 808/215/269
f 804/159/265 803/163/264 809/216/270
f 805/212/266 810/211/271 816/217/272
f 806/213/267 805/219/266 811/226/273
f 807/214/268 806/213/267 812/220/274
f 807/214/268 813/221/275 814/222/276
f 808/215/269 814/222/276 815/223/277
f 809/216/270 815/223/277 816/217/272
f 811/218/273 816/217/272 822/224/278
f 812/220/274 811/226/273 817/233/279
f 813/221/275 812/220/274 818/227/280
f 813/221/275 819/228/281 820/229/282
f 814/222/276 820/229/282 821/230/283
f 815/223/277 821/230/283 822/224/278
f 822/224/278 828/231/289 823/232/284
f 817/233/279 823/238/284 824/234/285
f 818/227/280 824/234/285 825/235/286
f 820/229/282 819/228/281 825/235/286
f 821/230/283 820/229/282 826/236/287
f 822/224/278 821/230/283 827/237/288
f 828/231/289 834/182/295 829/59/290
f 823/238/284 829/61/290 830/178/291
f 824/234/285 830/178/291 831/179/292
f 826/236/287 825/235/286 831/179/292
f 827/237/288 826/236/287 832/180/293
f 828/231/289 827/237/288 833/181/294
f 840/139/230 846/188/241 841/183/231
f 835/142/232 841/190/231 842/184/233
f 836/144/234 842/184/233 843/185/235
f 838/147/237 837/146/296 843/185/235
f 839/149/239 838/147/237 844/186/238
f 840/139/230 839/149/239 845/187/240
f 846/188/241 852/195/247 847/189/242
f 841/190/231 847/197/242 848/191/243
f 842/184/233 848/191/243 849/192/244
f 844/186/238 843/185/235 849/192/244
f 845/187/240 844/186/238 850/193/245
f 846/188/241 845/187/240 851/194/246
f 847/189/242 852/195/247 858/202/248
f 848/191/243 847/197/242 853/204/249
f 849/192/244 848/191/243 854/198/250
f 849/192/244 855/199/251 856/200/252
f 850/193/245 856/200/252 857/201/253
f 851/194/246 857/201/253 858/202/248
f 853/196/249 858/202/248 864/209/254
f 854/198/250 853/204/249 859/210/255
f 855/199/251 854/198/250 860/205/256
f 855/199/251 861/206/257 862/207/258
f 856/200/252 862/207/258 863/208/259
f 857/201/253 863/208/259 864/209/254
f 864/209/254 870/159/265 865/133/260
f 859/210/255 865/130/260 866/160/261
f 860/205/256 866/160/261 867/161/262
f 862/207/258 861/206/257 867/161/262
f 863/208/259 862/207/258 868/162/263
f 864/209/254 863/208/259 869/163/264
f 870/159/265 876/211/271 871/212/266
f 865/130/260 871/219/266 872/213/267
f 866/160/261 872/213/267 873/214/268
f 868/162/263 867/161/262 873/214/268
f 869/163/264 868/162/263 874/215/269
f 870/159/265 869/163/264 875/216/270
f 871/212/266 876/211/271 882/217/272
f 872/213/267 871/219/266 877/226/273
f 873/214/268 872/213/267 878/220/274
f 873/214/268 879/221/275 880/222/276
f 874/215/269 880/222/276 881/223/277
f 875/216/270 881/223/277 882/217/272
f 877/218/273 882/217/272 888/224/278
f 878/220/274 877/226/273 883/233/297
f 879/221/275 878/220/274 884/227/280
f 879/221/275 885/228/298 886/229/282
f 880/222/276 886/229/282 887/230/299
f 881/223/277 887/230/299 888/224/278
f 888/224/278 894/231/289 889/232/284
f 883/233/297 889/238/284 890/234/285
f 884/227/280 890/234/285 891/235/286
f 886/229/282 885/228/298 891/235/286
f 887/230/299 886/229/282 892/236/287
f 888/224/278 887/230/299 893/237/288
f 894/231/289 900/182/295 895/59/290
f 889/238/284 895/61/290 896/178/291
f 890/234/285 896/178/291 897/179/292
f 892/236/287 891/235/286 897/179/292
f 893/237/288 892/236/287 898/180/293
f 894/231/289 893/237/288 899/181/294
f 906/139/230 912/188/241 907/183/231
f 901/142/232 907/190/231 908/184/233
f 902/144/234 908/184/233 909/185/235
f 904/147/237 903/146/236 909/185/235
f 905/149/239 904/147/237 910/186/238
f 906/139/230 905/149/239 911/187/240
f 912/188/241 918/195/247 913/189/242
f 907/190/231 913/197/242 914/191/243
f 908/184/233 914/191/243 915/192/244
f 910/186/238 909/185/235 915/192/244
f 911/187/240 910/186/238 916/193/245
f 912/188/241 911/187/240 917/194/246
f 913/189/242 918/195/247 924/202/248
f 914/191/243 913/197/242 919/204/249
f 915/192/244 914/191/243 920/198/250
f 915/192/244 921/199/251 922/200/252
f 916/193/245 922/200/252 923/201/253
f 917/194/246 923/201/253 924/202/248
f 919/196/249 924/202/248 930/209/254
f 920/198/250 919/204/249 925/210/255
f 921/199/251 920/198/250 926/205/256
f 921/199/251 927/206/257 928/207/258
f 922/200/252 928/207/258 929/208/259
f 923/201/253 929/208/259 930/209/254
f 930/209/254 936/159/265 931/133/260
f 925/210/255 931/130/260 932/160/261
f 926/205/256 932/160/261 933/161/262
f 928/207/258 927/206/257 933/161/262
f 929/208/259 928/207/258 934/162/263
f 930/209/254 929/208/259 935/163/264
f 936/159/265 942/211/271 937/212/266
f 931/130/260 937/219/266 938/213/267
f 932/160/261 938/213/267 939/214/268
f 934/162/263 933/161/262 939/214/268
f 935/163/264 934/162/263 940/215/269
f 936/159/265 935/163/264 941/216/270
f 937/212/266 942/211/271 948/217/272
f 938/213/267 937/219/266 943/226/273
f 939/214/268 938/213/267 944/220/274
f 939/214/268 945/221/275 946/222/276
f 940/215/269 946/222/276 947/223/277
f 941/216/270 947/223/277 948/217/272
f 943/218/273 948/217/272 954/224/278
f 944/220/274 943/226/273 949/233/297
f 945/221/275 944/220/274 950/227/280
f 945/221/275 951/228/298 952/229/282
f 946/222/276 952/229/282 953/230/299
f 947/223/277 953/230/299 954/224/278
f 954/224/278 960/231/289 955/232/284
f 949/233/297 955/238/284 956/234/285
f 950/227/280 956/234/285 957/235/286
f 952/229/282 951/228/298 957/235/286
f 953/230/299 952/229/282 958/236/287
f 954/224/278 953/230/299 959/237/288
f 960/231/289 966/182/295 961/59/290
f 955/238/284 961/61/290 962/178/291
f 956/234/285 962/178/291 963/179/292
f 958/236/287 957/235/286 963/179/292
f 959/237/288 958/236/287 964/180/293
f 960/231/289 959/237/288 965/181/294
f 972/139/300 978/188/241 973/183/231
f 967/142/232 973/190/231 974/184/233
f 968/144/234 974/184/233 975/185/235
f 970/147/237 969/146/236 975/185/235
f 971/149/239 970/147/237 976/186/238
f 972/139/300 971/149/239 977/187/240
f 978/188/241 984/195/247 979/189/242
f 973/190/231 979/197/242 980/191/243
f 974/184/233 980/191/243 981/192/244
f 976/186/238 975/185/235 981/192/244
f 977/187/240 976/186/238 982/193/245
f 978/188/241 977/187/240 983/194/246
f 979/189/242 984/195/247 990/202/248
f 980/191/243 979/197/242 985/204/249
f 981/192/244 980/191/243 986/198/250
f 981/192/244 987/199/251 988/200/252
f 982/193/245 988/200/252 989/201/253
f 983/194/246 989/201/253 990/202/248
f 985/196/249 990/202/248 996/209/254
f 986/198/250 985/204/249 991/210/255
f 987/199/251 986/198/250 992/205/256
f 987/199/251 993/206/257 994/207/258
f 988/200/252 994/207/258 995/208/259
f 989/201/253 995/208/259 996/209/254
f 996/209/254 1002/159/265 997/133/260
f 991/210/255 997/130/260 998/160/261
f 992/205/256 998/160/261 999/161/262
f 994/207/258 993/206/257 999/161/262
f 995/208/259 994/207/258 1000/162/263
f 996/209/254 995/208/259 1001/163/264
f 1002/159/265 1008/211/271 1003/212/266
f 997/130/260 1003/219/266 1004/213/267
f 998/160/261 1004/213/267 1005/214/268
f 1000/162/263 999/161/262 1005/214/268
f 1001/163/264 1000/162/263 1006/215/269
f 1002/159/265 1001/163/264 1007/216/270
f 1003/212/266 1008/211/271 1014/217/272
f 1004/213/267 1003/219/266 1009/226/273
f 1005/214/268 1004/213/267 1010/220/274
f 1005/214/268 1011/221/275 1012/222/276
f 1006/215/269 1012/222/276 1013/223/277
f 1007/216/270 1013/223/277 1014/217/272
f 1009/218/273 1014/217/272 1020/224/278
f 1010/220/274 1009/226/273 1015/233/297
f 1011/221/275 1010/220/274 1016/227/280
f 1011/221/275 1017/228/298 1018/229/282
f 1012/222/276 1018/229/282 1019/230/299
f 1013/223/277 1019/230/299 1020/224/278
f 1020/224/278 1026/231/289 1021/232/284
f 1015/233/297 1021/238/284 1022/234/285
f 1016/227/280 1022/234/285 1023/235/286
f 1018/229/282 1017/228/298 1023/235/286
f 1019/230/299 1018/229/282 1024/236/287
f 1020/224/278 1019/230/299 1025/237/288
f 1026/231/289 1032/182/295 1027/59/290
f 1021/238/284 1027/61/290 1028/178/291
f 1022/234/285 1028/178/291 1029/179/292
f 1024/236/287 1023/235/286 1029/179/292
f 1025/237/288 1024/236/287 1030/180/293
f 1026/231/289 1025/237/288 1031/181/294
f 1038/139/300 1044/188/241 1039/183/231
f 1033/142/232 1039/190/231 1040/184/233
f 1034/144/234 1040/184/233 1041/185/235
f 1036/147/237 1035/146/236 1041/185/235
f 1037/149/239 1036/147/237 1042/186/238
f 1038/139/300 1037/149/239 1043/187/240
f 1044/188/241 1050/195/247 1045/189/242
f 1039/190/231 1045/197/242 1046/191/243
f 1040/184/233 1046/191/243 1047/192/244
f 1042/186/238 1041/185/235 1047/192/244
f 1043/187/240 1042/186/238 1048/193/245
f 1044/188/241 1043/187/240 1049/194/246
f 1045/189/242 1050/195/247 1056/202/248
f 1046/191/243 1045/197/242 1051/204/249
f 1047/192/244 1046/191/243 1052/198/250
f 1047/192/244 1053/199/251 1054/200/252
f 1048/193/245 1054/200/252 1055/201/253
f 1049/194/246 1055/201/253 1056/202/248
f 1051/196/249 1056/202/248 1062/209/254
f 1052/198/250 1051/204/249 1057/210/255
f 1053/199/251 1052/198/250 1058/205/256
f 1053/199/251 1059/206/257 1060/207/258
f 1054/200/252 1060/207/258 1061/208/259
f 1055/201/253 1061/208/259 1062/209/254
f 1062/209/254 1068/159/265 1063/133/260
f 1057/210/255 1063/130/260 1064/160/261
f 1058/205/256 1064/160/261 1065/161/262
f 1060/207/258 1059/206/257 1065/161/262
f 1061/208/259 1060/207/258 1066/162/263
f 1062/209/254 1061/208/259 1067/163/264
f 1068/159/265 1074/211/271 1069/212/266
f 1063/130/260 1069/219/266 1070/213/267
f 1064/160/261 1070/213/267 1071/214/268
f 1066/162/263 1065/161/262 1071/214/268
f 1067/163/264 1066/162/263 1072/215/269
f 1068/159/265 1067/163/264 1073/216/270
f 1069/212/266 1074/211/271 1080/217/272
f 1070/213/267 1069/219/266 1075/226/273
f 1071/214/268 1070/213/267 1076/220/274
f 1071/214/268 1077/221/275 1078/222/276
f 1072/215/269 1078/222/276 1079/223/277
f 1073/216/270 1079/223/277 1080/217/272
f 1075/218/273 1080/217/272 1086/224/278
f 1076/220/274 1075/226/273 1081/233/297
f 1077/221/275 1076/220/274 1082/227/280
f 1077/221/275 1083/228/298 1084/229/282
f 1078/222/276 1084/229/282 1085/230/299
f 1079/223/277 1085/230/299 1086/224/278
f 1086/224/278 1092/231/289 1087/232/284
f 1081/233/297 1087/238/284 1088/234/285
f 1082/227/280 1088/234/285 1089/235/286
f 1084/229/282 1083/228/298 1089/235/286
f 1085/230/299 1084/229/282 1090/236/287
f 1086/224/278 1085/230/299 1091/237/288
f 1092/231/289 1098/182/295 1093/59/290
f 1087/238/284 1093/61/290 1094/178/291
f 1088/234/285 1094/178/291 1095/179/292
f 1090/236/287 1089/235/286 1095/179/292
f 1091/237/288 1090/236/287 1096/180/293
f 1092/231/289 1091/237/288 1097/181/294
f 1104/139/300 1110/188/241 1105/183/231
f 1099/142/232 1105/190/231 1106/184/233
f 1100/144/234 1106/184/233 1107/185/235
f 1102/147/237 1101/146/236 1107/185/235
f 1103/149/239 1102/147/237 1108/186/238
f 1104/139/300 1103/149/239 1109/187/240
f 1110/188/241 1116/195/247 1111/189/242
f 1105/190/231 1111/197/242 1112/191/243
f 1106/184/233 1112/191/243 1113/192/244
f 1108/186/238 1107/185/235 1113/192/244
f 1109/187/240 1108/186/238 1114/193/245
f 1110/188/241 1109/187/240 1115/194/246
f 1111/189/242 1116/195/247 1122/202/248
f 1112/191/243 1111/197/242 1117/204/249
f 1113/192/244 1112/191/243 1118/198/250
f 1113/192/244 1119/199/251 1120/200/252
f 1114/193/245 1120/200/252 1121/201/253
f 1115/194/246 1121/201/253 1122/202/248
f 1117/196/249 1122/202/248 1128/209/254
f 1118/198/250 1117/204/249 1123/210/255
f 1119/199/251 1118/198/250 1124/205/256
f 1119/199/251 1125/206/257 1126/207/258
f 1120/200/252 1126/207/258 1127/208/259
f 1121/201/253 1127/208/259 1128/209/254
f 1128/209/254 1134/159/265 1129/133/260
f 1123/210/255 1129/130/260 1130/160/261
f 1124/205/256 1130/160/261 1131/161/262
f 1126/207/258 1125/206/257 1131/161/262
f 1127/208/259 1126/207/258 1132/162/263
f 1128/209/254 1127/208/259 1133/163/264
f 1134/159/265 1140/211/271 1135/212/266
f 1129/130/260 1135/219/266 1136/213/267
f 1130/160/261 1136/213/267 1137/214/268
f 1132/162/263 1131/161/262 1137/214/268
f 1133/163/264 1132/162/263 1138/215/269
f 1134/159/265 1133/163/264 1139/216/270
f 1135/212/266 1140/211/271 1146/217/272
f 1136/213/267 1135/219/266 1141/226/273
f 1137/214/268 1136/213/267 1142/220/274
f 1137/214/268 1143/221/275 1144/222/276
f 1138/215/269 1144/222/276 1145/223/277
f 1139/216/270 1145/223/277 1146/217/272
f 1141/218/273 1146/217/272 1152/224/278
f 1142/220/274 1141/226/273 1147/233/297
f 1143/221/275 1142/220/274 1148/227/280
f 1143/221/275 1149/228/298 1150/229/282
f 1144/222/276 1150/229/282 1151/230/299
f 1145/223/277 1151/230/299 1152/224/278
f 1152/224/278 1158/231/289 1153/232/284
f 1147/233/297 1153/238/284 1154/234/285
f 1148/227/280 1154/234/285 1155/235/286
f 1150/229/282 1149/228/298 1155/235/286
f 1151/230/299 1150/229/282 1156/236/287
f 1152/224/278 1151/230/299 1157/237/288
f 1158/231/289 1164/182/295 1159/59/290
f 1153/238/284 1159/61/290 1160/178/291
f 1154/234/285 1160/178/291 1161/179/292
f 1156/236/287 1155/235/286 1161/179/292
f 1157/237/288 1156/236/287 1162/180/293
f 1158/231/289 1157/237/288 1163/181/294
f 1167/239/301 1168/241/305 1166/59/302
f 1169/240/304 1170/243/307 1168/241/305
f 1171/242/306 1172/244/309 1170/243/307
f 1173/162/308 1174/133/311 1172/244/309
f 1175/245/310 1176/247/313 1174/133/311
f 1177/246/312 1178/252/314 1176/247/313
f 1166/250/302 1168/540/305 1170/269/307
f 1170/269/307 1172/541/309 1174/248/311
f 1174/248/311 1176/542/313 1178/249/314
f 1178/249/314 1180/543/316 1166/250/302
f 1166/250/302 1170/269/307 1174/248/311
f 1179/251/315 1180/253/316 1178/252/314
f 1165/147/303 1166/141/302 1180/253/316
f 1167/256/301 1165/257/303 1179/544/315
f 1179/544/315 1177/287/312 1175/254/310
f 1175/254/310 1173/277/308 1171/255/306
f 1171/255/306 1169/267/304 1167/256/301
f 1167/256/301 1179/544/315 1175/254/310
f 1183/239/301 1184/241/305 1182/59/302
f 1185/240/304 1186/243/307 1184/241/305
f 1187/242/306 1188/244/309 1186/243/307
f 1189/162/308 1190/133/311 1188/244/309
f 1191/245/310 1192/247/313 1190/133/311
f 1193/246/312 1194/252/314 1192/247/313
f 1182/250/302 1184/540/305 1186/269/307
f 1186/269/307 1188/541/309 1190/248/311
f 1190/248/311 1192/542/313 1194/249/314
f 1194/249/314 1196/543/316 1182/250/302
f 1182/250/302 1186/269/307 1190/248/311
f 1195/251/315 1196/253/316 1194/252/314
f 1181/147/303 1182/141/302 1196/253/316
f 1183/256/301 1181/257/303 1195/544/315
f 1195/544/315 1193/287/312 1191/254/310
f 1191/254/310 1189/277/308 1187/255/306
f 1187/255/306 1185/267/304 1183/256/301
f 1183/256/301 1195/544/315 1191/254/310
f 1199/239/301 1200/241/305 1198/59/302
f 1201/240/304 1202/243/307 1200/241/305
f 1203/242/306 1204/244/309 1202/243/307
f 1205/162/308 1206/133/311 1204/244/309
f 1207/245/310 1208/247/313 1206/133/311
f 1209/246/312 1210/252/314 1208/247/313
f 1198/250/302 1200/540/305 1202/269/307
f 1202/269/307 1204/541/309 1206/248/311
f 1206/248/311 1208/542/313 1210/249/314
f 1210/249/314 1212/543/316 1198/250/302
f 1198/250/302 1202/269/307 1206/248/311
f 1211/251/315 1212/253/316 1210/252/314
f 1197/147/303 1198/141/302 1212/253/316
f 1199/256/301 1197/257/303 1211/544/315
f 1211/544/315 1209/287/312 1207/254/310
f 1207/254/310 1205/277/308 1203/255/306
f 1203/255/306 1201/267/304 1199/256/301
f 1199/256/301 1211/544/315 1207/254/310
f 1215/239/301 1216/241/305 1214/59/302
f 1217/240/304 1218/243/307 1216/241/305
f 1219/242/306 1220/244/309 1218/243/307
f 1221/162/308 1222/133/311 1220/244/309
f 1223/245/310 1224/247/313 1222/133/311
f 1225/246/312 1226/252/314 1224/247/313
f 1214/250/302 1216/540/305 1218/269/307
f 1218/269/307 1220/541/309 1222/248/311
f 1222/248/311 1224/542/313 1226/249/314
f 1226/249/314 1228/543/316 1214/250/302
f 1214/250/302 1218/269/307 1222/248/311
f 1227/251/315 1228/253/316 1226/252/314
f 1213/147/303 1214/141/302 1228/253/316
f 1215/256/301 1213/257/303 1227/544/315
f 1227/544/315 1225/287/312 1223/254/310
f 1223/254/310 1221/277/308 1219/255/306
f 1219/255/306 1217/267/304 1215/256/301
f 1215/256/301 1227/544/315 1223/254/310
f 1231/239/301 1232/241/305 1230/59/302
f 1233/240/304 1234/243/307 1232/241/305
f 1235/242/306 1236/244/309 1234/243/307
f 1237/162/308 1238/133/311 1236/244/309
f 1239/245/310 1240/247/313 1238/133/311
f 1241/246/312 1242/252/314 1240/247/313
f 1230/250/302 1232/540/305 1234/269/307
f 1234/269/307 1236/541/309 1238/248/311
f 1238/248/311 1240/542/313 1242/249/314
f 1242/249/314 1244/543/316 1230/250/302
f 1230/250/302 1234/269/307 1238/248/311
f 1243/251/315 1244/253/316 1242/252/314
f 1229/147/303 1230/141/302 1244/253/316
f 1231/256/301 1229/257/303 1243/544/315
f 1243/544/315 1241/287/312 1239/254/310
f 1239/254/310 1237/277/308 1235/255/306
f 1235/255/306 1233/267/304 1231/256/301
f 1231/256/301 1243/544/315 1239/254/310
f 1247/239/301 1248/241/305 1246/59/302
f 1249/240/304 1250/243/307 1248/241/305
f 1251/242/306 1252/244/309 1250/243/307
f 1253/162/308 1254/133/311 1252/244/309
f 1255/245/310 1256/247/313 1254/133/311
f 1257/246/312 1258/252/314 1256/247/313
f 1246/250/302 1248/540/305 1250/269/307
f 1250/269/307 1252/541/309 1254/248/311
f 1254/248/311 1256/542/313 1258/249/314
f 1258/249/314 1260/543/316 1246/250/302
f 1246/250/302 1250/269/307 1254/248/311
f 1259/251/315 1260/253/316 1258/252/314
f 1245/147/303 1246/141/302 1260/253/316
f 1247/256/301 1245/257/303 1259/544/315
f 1259/544/315 1257/287/312 1255/254/310
f 1255/254/310 1253/277/308 1251/255/306
f 1251/255/306 1249/267/304 1247/256/301
f 1247/256/301 1259/544/315 1255/254/310
f 1263/239/301 1264/241/305 1262/59/302
f 1265/240/304 1266/243/307 1264/241/305
f 1267/242/306 1268/244/309 1266/243/307
f 1269/162/308 1270/133/311 1268/244/309
f 1271/245/310 1272/247/313 1270/133/311
f 1273/246/312 1274/252/314 1272/247/313
f 1262/250/302 1264/540/305 1266/269/307
f 1266/269/307 1268/541/309 1270/248/311
f 1270/248/311 1272/542/313 1274/249/314
f 1274/249/314 1276/543/316 1262/250/302
f 1262/250/302 1266/269/307 1270/248/311
f 1275/251/315 1276/253/316 1274/252/314
f 1261/147/303 1262/141/302 1276/253/316
f 1263/256/301 1261/257/303 1275/544/315
f 1275/544/315 1273/287/312 1271/254/310
f 1271/254/310 1269/277/308 1267/255/306
f 1267/255/306 1265/267/304 1263/256/301
f 1263/256/301 1275/544/315 1271/254/310
f 1279/239/301 1280/241/305 1278/59/302
f 1281/240/304 1282/243/307 1280/241/305
f 1283/242/306 1284/244/309 1282/243/307
f 1285/162/308 1286/133/311 1284/244/309
f 1287/245/310 1288/247/313 1286/133/311
f 1289/246/312 1290/252/314 1288/247/313
f 1278/250/302 1280/540/305 1282/269/307
f 1282/269/307 1284/541/309 1286/248/311
f 1286/248/311 1288/542/313 1290/249/314
f 1290/249/314 1292/543/316 1278/250/302
f 1278/250/302 1282/269/307 1286/248/311
f 1291/251/315 1292/253/316 1290/252/314
f 1277/147/303 1278/141/302 1292/253/316
f 1279/256/301 1277/257/303 1291/544/315
f 1291/544/315 1289/287/312 1287/254/310
f 1287/254/310 1285/277/308 1283/255/306
f 1283/255/306 1281/267/304 1279/256/301
f 1279/256/301 1291/544/315 1287/254/310
f 1295/239/301 1296/241/305 1294/59/302
f 1297/240/304 1298/243/307 1296/241/305
f 1299/242/306 1300/244/309 1298/243/307
f 1301/162/308 1302/133/311 1300/244/309
f 1303/245/310 1304/247/313 1302/133/311
f 1305/246/312 1306/252/314 1304/247/313
f 1294/250/302 1296/540/305 1298/269/307
f 1298/269/307 1300/541/309 1302/248/311
f 1302/248/311 1304/542/313 1306/249/314
f 1306/249/314 1308/543/316 1294/250/302
f 1294/250/302 1298/269/307 1302/248/311
f 1307/251/315 1308/253/316 1306/252/314
f 1293/147/303 1294/141/302 1308/253/316
f 1295/256/301 1293/257/303 1307/544/315
f 1307/544/315 1305/287/312 1303/254/310
f 1303/254/310 1301/277/308 1299/255/306
f 1299/255/306 1297/267/304 1295/256/301
f 1295/256/301 1307/544/315 1303/254/310
f 1311/239/301 1312/241/305 1310/59/302
f 1313/240/304 1314/243/307 1312/241/305
f 1315/242/306 1316/244/309 1314/243/307
f 1317/162/308 1318/133/311 1316/244/309
f 1319/245/310 1320/247/313 1318/133/311
f 1321/246/312 1322/252/314 1320/247/313
f 1310/250/302 1312/540/305 1314/269/307
f 1314/269/307 1316/541/309 1318/248/311
f 1318/248/311 1320/542/313 1322/249/314
f 1322/249/314 1324/543/316 1310/250/302
f 1310/250/302 1314/269/307 1318/248/311
f 1323/251/315 1324/253/316 1322/252/314
f 1309/147/303 1310/141/302 1324/253/316
f 1311/256/301 1309/257/303 1323/544/315
f 1323/544/315 1321/287/312 1319/254/310
f 1319/254/310 1317/277/308 1315/255/306
f 1315/255/306 1313/267/304 1311/256/301
f 1311/256/301 1323/544/315 1319/254/310
f 1327/239/301 1328/241/305 1326/59/302
f 1329/240/304 1330/243/307 1328/241/305
f 1331/242/306 1332/244/309 1330/243/307
f 1333/162/308 1334/133/311 1332/244/309
f 1335/245/310 1336/247/313 1334/133/311
f 1337/246/312 1338/252/314 1336/247/313
f 1326/250/302 1328/540/305 1330/269/307
f 1330/269/307 1332/541/309 1334/248/311
f 1334/248/311 1336/542/313 1338/249/314
f 1338/249/314 1340/543/316 1326/250/302
f 1326/250/302 1330/269/307 1334/248/311
f 1339/251/315 1340/253/316 1338/252/314
f 1325/147/303 1326/141/302 1340/253/316
f 1327/256/301 1325/257/303 1339/544/315
f 1339/544/315 1337/287/312 1335/254/310
f 1335/254/310 1333/277/308 1331/255/306
f 1331/255/306 1329/267/304 1327/256/301
f 1327/256/301 1339/544/315 1335/254/310
f 1343/239/301 1344/241/305 1342/59/302
f 1345/240/304 1346/243/307 1344/241/305
f 1347/242/306 1348/244/309 1346/243/307
f 1349/162/308 1350/133/311 1348/244/309
f 1351/245/310 1352/247/313 1350/133/311
f 1353/246/312 1354/252/314 1352/247/313
f 1342/250/302 1344/540/305 1346/269/307
f 1346/269/307 1348/541/309 1350/248/311
f 1350/248/311 1352/542/313 1354/249/314
f 1354/249/314 1356/543/316 1342/250/302
f 1342/250/302 1346/269/307 1350/248/311
f 1355/251/315 1356/253/316 1354/252/314
f 1341/147/303 1342/141/302 1356/253/316
f 1343/256/301 1341/257/303 1355/544/315
f 1355/544/315 1353/287/312 1351/254/310
f 1351/254/310 1349/277/308 1347/255/306
f 1347/255/306 1345/267/304 1343/256/301
f 1343/256/301 1355/544/315 1351/254/310
f 1359/239/301 1360/241/305 1358/59/302
f 1361/240/304 1362/243/307 1360/241/305
f 1363/242/306 1364/244/309 1362/243/307
f 1365/162/308 1366/133/311 1364/244/309
f 1367/245/310 1368/247/313 1366/133/311
f 1369/246/312 1370/252/314 1368/247/313
f 1358/250/302 1360/540/305 1362/269/307
f 1362/269/307 1364/541/309 1366/248/311
f 1366/248/311 1368/542/313 1370/249/314
f 1370/249/314 1372/543/316 1358/250/302
f 1358/250/302 1362/269/307 1366/248/311
f 1371/251/315 1372/253/316 1370/252/314
f 1357/147/303 1358/141/302 1372/253/316
f 1359/256/301 1357/257/303 1371/544/315
f 1371/544/315 1369/287/312 1367/254/310
f 1367/254/310 1365/277/308 1363/255/306
f 1363/255/306 1361/267/304 1359/256/301
f 1359/256/301 1371/544/315 1367/254/310
f 1375/239/301 1376/241/305 1374/59/302
f 1377/240/304 1378/243/307 1376/241/305
f 1379/242/306 1380/244/309 1378/243/307
f 1381/162/308 1382/133/311 1380/244/309
f 1383/245/310 1384/247/313 1382/133/311
f 1385/246/312 1386/252/314 1384/247/313
f 1374/250/302 1376/540/305 1378/269/307
f 1378/269/307 1380/541/309 1382/248/311
f 1382/248/311 1384/542/313 1386/249/314
f 1386/249/314 1388/543/316 1374/250/302
f 1374/250/302 1378/269/307 1382/248/311
f 1387/251/315 1388/253/316 1386/252/314
f 1373/147/303 1374/141/302 1388/253/316
f 1375/256/301 1373/257/303 1387/544/315
f 1387/544/315 1385/287/312 1383/254/310
f 1383/254/310 1381/277/308 1379/255/306
f 1379/255/306 1377/267/304 1375/256/301
f 1375/256/301 1387/544/315 1383/254/310
f 1391/239/301 1392/241/305 1390/59/302
f 1393/240/304 1394/243/307 1392/241/305
f 1395/242/306 1396/244/309 1394/243/307
f 1397/162/308 1398/133/311 1396/244/309
f 1399/245/310 1400/247/313 1398/133/311
f 1401/246/312 1402/252/314 1400/247/313
f 1390/250/302 1392/540/305 1394/269/307
f 1394/269/307 1396/541/309 1398/248/311
f 1398/248/311 1400/542/313 1402/249/314
f 1402/249/314 1404/543/316 1390/250/302
f 1390/250/302 1394/269/307 1398/248/311
f 1403/251/315 1404/253/316 1402/252/314
f 1389/147/303 1390/141/302 1404/253/316
f 1391/256/301 1389/257/303 1403/544/315
f 1403/544/315 1401/287/312 1399/254/310
f 1399/254/310 1397/277/308 1395/255/306
f 1395/255/306 1393/267/304 1391/256/301
f 1391/256/301 1403/544/315 1399/254/310
f 1407/239/301 1408/241/305 1406/59/302
f 1409/240/304 1410/243/307 1408/241/305
f 1411/242/306 1412/244/309 1410/243/307
f 1413/162/308 1414/133/311 1412/244/309
f 1415/245/310 1416/247/313 1414/133/311
f 1417/246/312 1418/252/314 1416/247/313
f 1406/250/302 1408/540/305 1410/269/307
f 1410/269/307 1412/541/309 1414/248/311
f 1414/248/311 1416/542/313 1418/249/314
f 1418/249/314 1420/543/316 1406/250/302
f 1406/250/302 1410/269/307 1414/248/311
f 1419/251/315 1420/253/316 1418/252/314
f 1405/147/303 1406/141/302 1420/253/316
f 1407/256/301 1405/257/303 1419/544/315
f 1419/544/315 1417/287/312 1415/254/310
f 1415/254/310 1413/277/308 1411/255/306
f 1411/255/306 1409/267/304 1407/256/301
f 1407/256/301 1419/544/315 1415/254/310
f 1423/239/301 1424/241/305 1422/59/302
f 1425/240/304 1426/243/307 1424/241/305
f 1427/242/306 1428/244/309 1426/243/307
f 1429/162/308 1430/133/311 1428/244/309
f 1431/245/310 1432/247/313 1430/133/311
f 1433/246/312 1434/252/314 1432/247/313
f 1422/250/302 1424/540/305 1426/269/307
f 1426/269/307 1428/541/309 1430/248/311
f 1430/248/311 1432/542/313 1434/249/314
f 1434/249/314 1436/543/316 1422/250/302
f 1422/250/302 1426/269/307 1430/248/311
f 1435/251/315 1436/253/316 1434/252/314
f 1421/147/303 1422/141/302 1436/253/316
f 1423/256/301 1421/257/303 1435/544/315
f 1435/544/315 1433/287/312 1431/254/310
f 1431/254/310 1429/277/308 1427/255/306
f 1427/255/306 1425/267/304 1423/256/301
f 1423/256/301 1435/544/315 1431/254/310
f 1439/239/301 1440/241/305 1438/59/302
f 1441/240/304 1442/243/307 1440/241/305
f 1443/242/306 1444/244/309 1442/243/307
f 1445/162/308 1446/133/311 1444/244/309
f 1447/245/310 1448/247/313 1446/133/311
f 1449/246/312 1450/252/314 1448/247/313
f 1438/250/302 1440/540/305 1442/269/307
f 1442/269/307 1444/541/309 1446/248/311
f 1446/248/311 1448/542/313 1450/249/314
f 1450/249/314 1452/543/316 1438/250/302
f 1438/250/302 1442/269/307 1446/248/311
f 1451/251/315 1452/253/316 1450/252/314
f 1437/147/303 1438/141/302 1452/253/316
f 1439/256/301 1437/257/303 1451/544/315
f 1451/544/315 1449/287/312 1447/254/310
f 1447/254/310 1445/277/308 1443/255/306
f 1443/255/306 1441/267/304 1439/256/301
f 1439/256/301 1451/544/315 1447/254/310
usemtl Brass
f 1454/257/317 1457/258/318 1458/259/319
f 1459/260/320 1456/250/321 1460/261/322
f 1458/259/319 1461/262/323 1462/263/324
f 1463/264/325 1460/261/322 1464/265/326
f 1462/263/324 1465/266/327 1466/267/328
f 1467/268/329 1464/265/326 1468/269/330
f 1465/266/327 1470/270/331 1466/267/328
f 1472/271/332 1467/268/329 1468/269/330
f 1469/272/333 1474/273/334 1470/270/331
f 1476/274/335 1471/275/336 1472/271/332
f 1473/276/337 1478/277/338 1474/273/334
f 1480/248/339 1475/278/340 1476/274/335
f 1478/277/338 1481/279/341 1482/280/342
f 1483/281/343 1480/248/339 1484/282/344
f 1482/280/342 1485/283/345 1486/284/346
f 1487/285/347 1484/282/344 1488/286/348
f 1485/283/345 1490/287/349 1486/284/346
f 1492/249/350 1487/285/347 1488/286/348
f 1489/288/351 1494/289/352 1490/287/349
f 1496/290/353 1491/291/354 1492/249/350
f 1493/292/355 1498/293/356 1494/289/352
f 1500/294/357 1495/295/358 1496/290/353
f 1498/293/356 1453/296/359 1454/257/317
f 1455/297/360 1500/294/357 1456/250/321
f 1489/288/351 1473/276/337 1457/258/318
f 1458/298/319 1456/299/321 1454/300/317
f 1454/301/317 1500/302/357 1498/303/356
f 1471/275/336 1487/285/347 1455/297/360
f 1462/304/324 1460/305/322 1458/298/319
f 1466/306/328 1464/307/326 1462/304/324
f 1470/308/331 1468/309/330 1466/306/328
f 1474/310/334 1472/311/332 1470/308/331
f 1478/312/338 1476/313/335 1474/310/334
f 1482/314/342 1480/315/339 1478/312/338
f 1486/316/346 1484/317/344 1482/314/342
f 1490/318/349 1488/319/348 1486/316/346
f 1494/320/352 1492/321/350 1490/318/349
f 1498/303/356 1496/322/353 1494/320/352
f 1501/323/3 1509/324/361 1508/325/362
f 1503/326/363 1509/324/361 1502/327/364
f 1504/328/365 1510/329/366 1503/326/363
f 1505/330/367 1511/331/368 1504/332/365
f 1505/330/367 1513/333/369 1512/334/370
f 1506/335/371 1514/336/372 1513/333/369
f 1501/323/3 1514/336/372 1507/337/373
f 1508/325/362 1516/338/374 1515/339/375
f 1509/324/361 1517/340/376 1516/338/374
f 1510/329/366 1518/341/377 1517/340/376
f 1512/334/370 1518/342/377 1511/331/368
f 1513/333/369 1519/343/378 1512/334/370
f 1514/336/372 1520/344/379 1513/333/369
f 1508/325/362 1521/345/380 1514/336/372
f 1515/339/375 1523/346/381 1522/347/382
f 1516/338/374 1524/348/383 1523/346/381
f 1518/341/377 1524/348/383 1517/340/376
f 1519/343/378 1525/349/384 1518/342/377
f 1519/343/378 1527/350/385 1526/351/386
f 1521/345/380 1527/350/385 1520/344/379
f 1521/345/380 1522/347/382 1528/352/387
f 1523/346/381 1529/353/388 1522/347/382
f 1524/348/383 1530/354/389 1523/346/381
f 1524/348/383 1532/243/390 1531/355/391
f 1526/351/386 1532/356/390 1525/349/384
f 1526/351/386 1534/357/392 1533/358/393
f 1527/350/385 1535/359/394 1534/357/392
f 1528/352/387 1529/353/388 1535/359/394
f 1530/354/389 1536/360/395 1529/353/388
f 1530/354/389 1538/361/396 1537/362/397
f 1531/355/391 1539/225/398 1538/361/396
f 1533/358/393 1539/363/398 1532/356/390
f 1534/357/392 1540/364/399 1533/358/393
f 1535/359/394 1541/365/400 1534/357/392
f 1535/359/394 1536/360/395 1542/366/401
f 1536/360/395 1544/367/402 1543/368/403
f 1538/361/396 1544/367/402 1537/362/397
f 1539/225/398 1545/369/404 1538/361/396
f 1540/364/399 1546/370/405 1539/363/398
f 1540/364/399 1548/371/406 1547/372/407
f 1541/365/400 1549/373/408 1548/371/406
f 1536/360/395 1549/373/408 1542/366/401
f 1544/367/402 1550/374/409 1543/368/403
f 1545/369/404 1551/375/410 1544/367/402
f 1546/376/405 1552/377/411 1545/369/404
f 1547/372/407 1553/378/412 1546/370/405
f 1548/371/406 1554/379/413 1547/372/407
f 1549/373/408 1555/380/414 1548/371/406
f 1543/368/403 1556/381/415 1549/373/408
f 1550/374/409 1558/382/416 1557/383/417
f 1551/375/410 1559/384/418 1558/382/416
f 1553/232/412 1559/384/418 1552/377/411
f 1554/379/413 1560/385/419 1553/378/412
f 1555/380/414 1561/386/420 1554/379/413
f 1556/381/415 1562/387/421 1555/380/414
f 1550/374/409 1563/388/422 1556/381/415
f 1558/382/416 1564/389/423 1557/383/417
f 1559/384/418 1565/390/424 1558/382/416
f 1559/384/418 1567/59/425 1566/391/426
f 1561/386/420 1567/392/425 1560/385/419
f 1562/387/421 1568/393/427 1561/386/420
f 1563/388/422 1569/394/428 1562/387/421
f 1563/388/422 1564/389/423 1570/395/429
f 1565/396/424 1571/397/57 1564/398/423
f 1565/396/424 1573/399/430 1572/400/431
f 1567/401/425 1573/399/430 1566/402/426
f 1568/403/427 1574/404/432 1567/405/425
f 1568/403/427 1576/406/433 1575/407/434
f 1570/408/429 1576/406/433 1569/409/428
f 1564/398/423 1577/410/435 1570/408/429
f 1571/397/57 1579/411/436 1578/412/437
f 1572/400/431 1580/413/438 1579/411/436
f 1574/414/432 1580/413/438 1573/399/430
f 1575/407/434 1581/415/439 1574/404/432
f 1575/407/434 1583/416/440 1582/417/441
f 1577/410/435 1583/416/440 1576/406/433
f 1577/410/435 1578/412/437 1584/418/442
f 1579/411/436 1585/419/443 1578/412/437
f 1579/411/436 1587/420/444 1586/421/445
f 1580/413/438 1588/422/446 1587/420/444
f 1582/417/441 1588/423/446 1581/415/439
f 1583/416/440 1589/424/447 1582/417/441
f 1584/418/442 1590/425/448 1583/416/440
f 1584/418/442 1585/419/443 1591/426/449
f 1586/421/445 1592/427/450 1585/419/443
f 1587/420/444 1593/428/451 1586/421/445
f 1587/420/444 1595/189/452 1594/429/453
f 1589/424/447 1595/430/452 1588/423/446
f 1589/424/447 1597/431/454 1596/432/455
f 1590/425/448 1598/433/456 1597/431/454
f 1591/426/449 1592/427/450 1598/433/456
f 1592/427/450 1600/434/457 1599/435/458
f 1593/428/451 1601/436/459 1600/434/457
f 1595/189/452 1601/436/459 1594/429/453
f 1596/432/455 1602/437/460 1595/430/452
f 1596/432/455 1604/438/461 1603/439/462
f 1598/433/456 1604/438/461 1597/431/454
f 1592/427/450 1605/440/463 1598/433/456
f 1600/434/457 1606/441/464 1599/435/458
f 1600/434/457 1608/442/465 1607/443/466
f 1601/436/459 1609/196/467 1608/442/465
f 1603/439/462 1609/444/467 1602/437/460
f 1604/438/461 1610/445/468 1603/439/462
f 1605/440/463 1611/446/469 1604/438/461
f 1605/440/463 1606/441/464 1612/447/470
f 1607/443/466 1613/448/471 1606/441/464
f 1607/443/466 1615/449/472 1614/450/473
f 1609/196/467 1615/449/472 1608/442/465
f 1610/445/468 1616/451/474 1609/444/467
f 1610/445/468 1618/452/475 1617/453/476
f 1611/446/469 1619/454/477 1618/452/475
f 1606/441/464 1619/454/477 1612/447/470
f 1614/450/473 1620/455/478 1613/448/471
f 1614/450/473 1622/456/479 1621/457/480
f 1616/458/474 1622/456/479 1615/449/472
f 1617/453/476 1623/459/481 1616/451/474
f 1617/453/476 1625/460/482 1624/461/483
f 1619/454/477 1625/460/482 1618/452/475
f 1619/454/477 1620/455/478 1626/462/484
f 1620/455/478 1628/463/485 1627/464/486
f 1621/457/480 1629/465/487 1628/463/485
f 1623/203/481 1629/465/487 1622/456/479
f 1624/461/483 1630/466/488 1623/459/481
f 1624/461/483 1632/467/489 1631/468/490
f 1626/462/484 1632/467/489 1625/460/482
f 1620/455/478 1633/469/491 1626/462/484
f 1627/464/486 1635/470/492 1634/471/493
f 1628/463/485 1636/472/494 1635/470/492
f 1630/473/488 1636/472/494 1629/465/487
f 1631/468/490 1637/474/495 1630/466/488
f 1631/468/490 1639/475/496 1638/476/497
f 1632/467/489 1640/477/498 1639/475/496
f 1627/464/486 1640/477/498 1633/469/491
f 1634/471/493 1502/327/364 1501/323/3
f 1635/470/492 1503/326/363 1502/327/364
f 1636/472/494 1504/328/365 1503/326/363
f 1638/476/497 1504/332/365 1637/474/495
f 1639/475/496 1505/330/367 1638/476/497
f 1640/477/498 1506/335/371 1639/475/496
f 1634/471/493 1507/337/373 1640/477/498
s 0
f 1641/478/499 1643/479/499 1642/480/499
f 1644/481/500 1646/482/500 1645/483/500
f 1647/484/501 1649/485/501 1648/486/501
f 1650/487/502 1652/488/502 1651/489/502
f 1653/490/503 1655/491/503 1654/492/503
f 1656/493/504 1658/494/504 1657/495/504
f 1659/496/505 1661/497/505 1660/498/505
f 1662/499/506 1664/500/506 1663/501/506
f 1648/486/507 1641/478/507 1647/484/507
f 1643/502/508 1644/481/508 1642/503/508
f 1646/482/509 1650/487/509 1645/483/509
f 1651/489/510 1648/504/510 1649/505/510
f 1659/496/511 1649/485/511 1647/484/511
f 1650/487/512 1664/500/512 1662/499/512
f 1664/500/513 1661/497/513 1663/501/513
f 1654/492/514 1659/496/514 1653/490/514
f 1662/499/515 1658/494/515 1656/493/515
f 1657/495/516 1654/492/516 1655/491/516
f 1642/480/517 1653/490/517 1641/478/517
f 1657/495/518 1645/506/518 1656/493/518
f 1647/484/519 1653/490/519 1659/496/519
f 1648/504/520 1646/482/520 1643/502/520
f 1642/507/521 1657/495/521 1655/491/521
f 1656/493/522 1650/508/522 1662/499/522
f 1660/498/523 1651/489/523 1649/505/523
f 1654/492/524 1663/501/524 1661/497/524
f 1665/509/525 1667/510/525 1666/511/525
f 1668/219/526 1670/512/526 1669/513/526
f 1671/514/527 1673/515/527 1672/516/527
f 1674/517/528 1676/518/528 1675/519/528
f 1677/520/529 1679/521/529 1678/522/529
f 1680/523/530 1682/524/530 1681/525/530
f 1683/526/531 1685/527/531 1684/528/531
f 1686/529/532 1688/530/532 1687/531/532
f 1672/516/533 1665/509/533 1671/514/533
f 1667/532/534 1668/219/534 1666/533/534
f 1670/512/535 1674/517/535 1669/513/535
f 1675/519/536 1672/534/536 1673/535/536
f 1683/526/537 1673/515/537 1671/514/537
f 1674/517/538 1688/530/538 1686/529/538
f 1687/531/539 1684/528/539 1685/527/539
f 1678/522/540 1683/526/540 1677/520/540
f 1687/531/541 1680/523/541 1686/529/541
f 1682/524/542 1679/521/542 1681/525/542
f 1665/509/543 1679/521/543 1677/520/543
f 1680/523/544 1668/536/544 1669/537/544
f 1665/509/545 1683/526/545 1671/514/545
f 1672/534/546 1670/512/546 1667/532/546
f 1679/521/547 1668/536/547 1681/525/547
f 1680/523/548 1674/538/548 1686/529/548
f 1673/535/549 1688/530/549 1675/519/549
f 1678/522/550 1687/531/550 1685/527/550
f 1689/509/551 1691/510/551 1690/511/551
f 1692/219/552 1694/512/552 1693/513/552
f 1695/514/553 1697/515/553 1696/516/553
f 1698/517/554 1700/518/554 1699/519/554
f 1701/520/555 1703/521/555 1702/522/555
f 1704/523/556 1706/524/556 1705/525/556
f 1707/526/557 1709/527/557 1708/528/557
f 1710/529/558 1712/530/558 1711/531/558
f 1696/516/559 1689/509/559 1695/514/559
f 1691/532/560 1692/219/560 1690/533/560
f 1694/512/561 1698/517/561 1693/513/561
f 1699/519/562 1696/534/562 1697/535/562
f 1707/526/563 1697/515/563 1695/514/563
f 1699/519/564 1710/529/564 1698/517/564
f 1711/531/565 1708/528/565 1709/527/565
f 1702/522/566 1707/526/566 1701/520/566
f 1711/531/567 1704/523/567 1710/529/567
f 1706/524/568 1703/521/568 1705/525/568
f 1689/509/569 1703/521/569 1701/520/569
f 1705/525/570 1693/537/570 1704/523/570
f 1689/509/571 1707/526/571 1695/514/571
f 1696/534/572 1694/512/572 1691/532/572
f 1703/521/549 1692/536/549 1705/525/549
f 1704/523/573 1698/538/573 1710/529/573
f 1708/528/547 1699/519/547 1697/535/547
f 1702/522/574 1711/531/574 1709/527/574
f 1713/142/575 1717/142/575 1716/142/575
f 1716/142/576 1718/142/576 1714/142/576
f 1715/142/577 1717/142/577 1719/142/577
f 1720/142/578 1724/142/578 1723/142/578
f 1721/142/579 1724/142/579 1725/142/579
f 1725/142/580 1726/142/580 1722/142/580
f 1727/142/581 1731/142/581 1730/142/581
f 1728/142/582 1731/142/582 1732/142/582
f 1732/142/583 1733/142/583 1729/142/583
f 1734/142/584 1738/142/584 1737/142/584
f 1735/142/585 1738/142/585 1739/142/585
f 1739/142/586 1740/142/586 1736/142/586
f 1741/142/587 1745/142/587 1744/142/587
f 1742/142/588 1745/142/588 1746/142/588
f 1746/142/589 1747/142/589 1743/142/589
f 1748/142/590 1752/142/590 1751/142/590
f 1751/142/591 1753/142/591 1749/142/591
f 1750/142/592 1752/142/592 1754/142/592
f 1716/142/593 1727/142/593 1713/142/593
f 1714/142/594 1733/142/594 1716/142/594
f 1726/142/595 1729/142/595 1722/142/595
f 1720/142/596 1732/142/596 1726/142/596
f 1714/142/597 1725/142/597 1722/142/597
f 1718/142/598 1721/142/598 1725/142/598
f 1736/142/599 1751/142/599 1749/142/599
f 1740/142/600 1748/142/600 1751/142/600
f 1739/142/601 1741/142/601 1735/142/601
f 1736/142/602 1747/142/602 1739/142/602
f 1742/142/603 1753/142/603 1750/142/603
f 1746/142/604 1749/142/604 1753/142/604
f 1719/142/605 1735/142/605 1715/142/605
f 1713/142/606 1737/142/606 1719/142/606
f 1723/142/607 1742/142/607 1720/142/607
f 1721/142/608 1744/142/608 1723/142/608
f 1730/142/609 1748/142/609 1727/142/609
f 1728/142/610 1754/142/610 1730/142/610
f 1748/142/611 1713/142/611 1727/142/611
f 1729/142/547 1714/142/547 1722/142/547
f 1735/142/612 1721/142/612 1715/142/612
f 1742/142/613 1728/142/613 1720/142/613
f 1736/142/549 1749/142/549 1743/142/549
f 1755/142/614 1759/142/614 1758/142/614
f 1758/142/615 1760/142/615 1756/142/615
f 1757/142/616 1759/142/616 1761/142/616
f 1762/142/617 1766/142/617 1765/142/617
f 1763/142/618 1766/142/618 1767/142/618
f 1767/142/619 1768/142/619 1764/142/619
f 1769/142/620 1773/142/620 1772/142/620
f 1770/142/621 1773/142/621 1774/142/621
f 1774/142/622 1775/142/622 1771/142/622
f 1776/142/623 1780/142/623 1779/142/623
f 1777/142/624 1780/142/624 1781/142/624
f 1781/142/625 1782/142/625 1778/142/625
f 1783/142/626 1787/142/626 1786/142/626
f 1784/142/627 1787/142/627 1788/142/627
f 1788/142/628 1789/142/628 1785/142/628
f 1790/142/629 1794/142/629 1793/142/629
f 1793/142/630 1795/142/630 1791/142/630
f 1792/142/631 1794/142/631 1796/142/631
f 1755/142/632 1775/142/632 1769/142/632
f 1758/142/633 1771/142/633 1775/142/633
f 1764/142/634 1774/142/634 1771/142/634
f 1768/142/635 1770/142/635 1774/142/635
f 1760/142/636 1764/142/636 1756/142/636
f 1757/142/637 1767/142/637 1760/142/637
f 1782/142/638 1791/142/638 1778/142/638
f 1776/142/639 1793/142/639 1782/142/639
f 1777/142/640 1789/142/640 1783/142/640
f 1781/142/641 1785/142/641 1789/142/641
f 1788/142/642 1792/142/642 1784/142/642
f 1785/142/643 1795/142/643 1788/142/643
f 1761/142/644 1777/142/644 1757/142/644
f 1755/142/645 1779/142/645 1761/142/645
f 1765/142/646 1784/142/646 1762/142/646
f 1763/142/647 1786/142/647 1765/142/647
f 1772/142/648 1790/142/648 1769/142/648
f 1770/142/649 1796/142/649 1772/142/649
f 1790/142/650 1755/142/650 1769/142/650
f 1771/142/547 1756/142/547 1764/142/547
f 1777/142/651 1763/142/651 1757/142/651
f 1784/142/652 1770/142/652 1762/142/652
f 1778/142/549 1791/142/549 1785/142/549
s 1
f 1454/257/317 1453/296/359 1457/258/318
f 1459/260/320 1455/297/360 1456/250/321
f 1458/259/319 1457/258/318 1461/262/323
f 1463/264/325 1459/260/320 1460/261/322
f 1462/263/324 1461/262/323 1465/266/327
f 1467/268/329 1463/264/325 1464/265/326
f 1465/266/327 1469/272/333 1470/270/331
f 1472/271/332 1471/275/336 1467/268/329
f 1469/272/333 1473/276/337 1474/273/334
f 1476/274/335 1475/278/340 1471/275/336
f 1473/276/337 1477/545/653 1478/277/338
f 1480/248/339 1479/546/654 1475/278/340
f 1478/277/338 1477/545/653 1481/279/341
f 1483/281/343 1479/546/654 1480/248/339
f 1482/280/342 1481/279/341 1485/283/345
f 1487/285/347 1483/281/343 1484/282/344
f 1485/283/345 1489/288/351 1490/287/349
f 1492/249/350 1491/291/354 1487/285/347
f 1489/288/351 1493/292/355 1494/289/352
f 1496/290/353 1495/295/358 1491/291/354
f 1493/292/355 1497/547/655 1498/293/356
f 1500/294/357 1499/548/656 1495/295/358
f 1498/293/356 1497/547/655 1453/296/359
f 1455/297/360 1499/548/656 1500/294/357
f 1457/258/318 1453/296/359 1497/547/655
f 1497/547/655 1493/292/355 1489/288/351
f 1489/288/351 1485/283/345 1481/279/341
f 1481/279/341 1477/545/653 1473/276/337
f 1473/276/337 1469/272/333 1465/266/327
f 1465/266/327 1461/262/323 1457/258/318
f 1457/258/318 1497/547/655 1489/288/351
f 1489/288/351 1481/279/341 1473/276/337
f 1473/276/337 1465/266/327 1457/258/318
f 1458/298/319 1460/305/322 1456/299/321
f 1454/301/317 1456/549/321 1500/302/357
f 1455/297/360 1459/260/320 1463/264/325
f 1463/264/325 1467/268/329 1471/275/336
f 1471/275/336 1475/278/340 1479/546/654
f 1479/546/654 1483/281/343 1487/285/347
f 1487/285/347 1491/291/354 1495/295/358
f 1495/295/358 1499/548/656 1455/297/360
f 1455/297/360 1463/264/325 1471/275/336
f 1471/275/336 1479/546/654 1487/285/347
f 1487/285/347 1495/295/358 1455/297/360
f 1462/304/324 1464/307/326 1460/305/322
f 1466/306/328 1468/309/330 1464/307/326
f 1470/308/331 1472/311/332 1468/309/330
f 1474/310/334 1476/313/335 1472/311/332
f 1478/312/338 1480/315/339 1476/313/335
f 1482/314/342 1484/317/344 1480/315/339
f 1486/316/346 1488/319/348 1484/317/344
f 1490/318/349 1492/321/350 1488/319/348
f 1494/320/352 1496/322/353 1492/321/350
f 1498/303/356 1500/302/357 1496/322/353
f 1501/323/3 1502/327/364 1509/324/361
f 1503/326/363 1510/329/366 1509/324/361
f 1504/328/365 1511/212/368 1510/329/366
f 1505/330/367 1512/334/370 1511/331/368
f 1505/330/367 1506/335/371 1513/333/369
f 1506/335/371 1507/337/373 1514/336/372
f 1501/323/3 1508/325/362 1514/336/372
f 1508/325/362 1509/324/361 1516/338/374
f 1509/324/361 1510/329/366 1517/340/376
f 1510/329/366 1511/212/368 1518/341/377
f 1512/334/370 1519/343/378 1518/342/377
f 1513/333/369 1520/344/379 1519/343/378
f 1514/336/372 1521/345/380 1520/344/379
f 1508/325/362 1515/339/375 1521/345/380
f 1515/339/375 1516/338/374 1523/346/381
f 1516/338/374 1517/340/376 1524/348/383
f 1518/341/377 1525/218/384 1524/348/383
f 1519/343/378 1526/351/386 1525/349/384
f 1519/343/378 1520/344/379 1527/350/385
f 1521/345/380 1528/352/387 1527/350/385
f 1521/345/380 1515/339/375 1522/347/382
f 1523/346/381 1530/354/389 1529/353/388
f 1524/348/383 1531/355/391 1530/354/389
f 1524/348/383 1525/218/384 1532/243/390
f 1526/351/386 1533/358/393 1532/356/390
f 1526/351/386 1527/350/385 1534/357/392
f 1527/350/385 1528/352/387 1535/359/394
f 1528/352/387 1522/347/382 1529/353/388
f 1530/354/389 1537/362/397 1536/360/395
f 1530/354/389 1531/355/391 1538/361/396
f 1531/355/391 1532/243/390 1539/225/398
f 1533/358/393 1540/364/399 1539/363/398
f 1534/357/392 1541/365/400 1540/364/399
f 1535/359/394 1542/366/401 1541/365/400
f 1535/359/394 1529/353/388 1536/360/395
f 1536/360/395 1537/362/397 1544/367/402
f 1538/361/396 1545/369/404 1544/367/402
f 1539/225/398 1546/376/405 1545/369/404
f 1540/364/399 1547/372/407 1546/370/405
f 1540/364/399 1541/365/400 1548/371/406
f 1541/365/400 1542/366/401 1549/373/408
f 1536/360/395 1543/368/403 1549/373/408
f 1544/367/402 1551/375/410 1550/374/409
f 1545/369/404 1552/377/411 1551/375/410
f 1546/376/405 1553/232/412 1552/377/411
f 1547/372/407 1554/379/413 1553/378/412
f 1548/371/406 1555/380/414 1554/379/413
f 1549/373/408 1556/381/415 1555/380/414
f 1543/368/403 1550/374/409 1556/381/415
f 1550/374/409 1551/375/410 1558/382/416
f 1551/375/410 1552/377/411 1559/384/418
f 1553/232/412 1560/550/419 1559/384/418
f 1554/379/413 1561/386/420 1560/385/419
f 1555/380/414 1562/387/421 1561/386/420
f 1556/381/415 1563/388/422 1562/387/421
f 1550/374/409 1557/383/417 1563/388/422
f 1558/382/416 1565/390/424 1564/389/423
f 1559/384/418 1566/391/426 1565/390/424
f 1559/384/418 1560/550/419 1567/59/425
f 1561/386/420 1568/393/427 1567/392/425
f 1562/387/421 1569/394/428 1568/393/427
f 1563/388/422 1570/395/429 1569/394/428
f 1563/388/422 1557/383/417 1564/389/423
f 1565/396/424 1572/400/431 1571/397/57
f 1565/396/424 1566/402/426 1573/399/430
f 1567/401/425 1574/414/432 1573/399/430
f 1568/403/427 1575/407/434 1574/404/432
f 1568/403/427 1569/409/428 1576/406/433
f 1570/408/429 1577/410/435 1576/406/433
f 1564/398/423 1571/397/57 1577/410/435
f 1571/397/57 1572/400/431 1579/411/436
f 1572/400/431 1573/399/430 1580/413/438
f 1574/414/432 1581/183/439 1580/413/438
f 1575/407/434 1582/417/441 1581/415/439
f 1575/407/434 1576/406/433 1583/416/440
f 1577/410/435 1584/418/442 1583/416/440
f 1577/410/435 1571/397/57 1578/412/437
f 1579/411/436 1586/421/445 1585/419/443
f 1579/411/436 1580/413/438 1587/420/444
f 1580/413/438 1581/183/439 1588/422/446
f 1582/417/441 1589/424/447 1588/423/446
f 1583/416/440 1590/425/448 1589/424/447
f 1584/418/442 1591/426/449 1590/425/448
f 1584/418/442 1578/412/437 1585/419/443
f 1586/421/445 1593/428/451 1592/427/450
f 1587/420/444 1594/429/453 1593/428/451
f 1587/420/444 1588/422/446 1595/189/452
f 1589/424/447 1596/432/455 1595/430/452
f 1589/424/447 1590/425/448 1597/431/454
f 1590/425/448 1591/426/449 1598/433/456
f 1591/426/449 1585/419/443 1592/427/450
f 1592/427/450 1593/428/451 1600/434/457
f 1593/428/451 1594/429/453 1601/436/459
f 1595/189/452 1602/252/460 1601/436/459
f 1596/432/455 1603/439/462 1602/437/460
f 1596/432/455 1597/431/454 1604/438/461
f 1598/433/456 1605/440/463 1604/438/461
f 1592/427/450 1599/435/458 1605/440/463
f 1600/434/457 1607/443/466 1606/441/464
f 1600/434/457 1601/436/459 1608/442/465
f 1601/436/459 1602/252/460 1609/196/467
f 1603/439/462 1610/445/468 1609/444/467
f 1604/438/461 1611/446/469 1610/445/468
f 1605/440/463 1612/447/470 1611/446/469
f 1605/440/463 1599/435/458 1606/441/464
f 1607/443/466 1614/450/473 1613/448/471
f 1607/443/466 1608/442/465 1615/449/472
f 1609/196/467 1616/458/474 1615/449/472
f 1610/445/468 1617/453/476 1616/451/474
f 1610/445/468 1611/446/469 1618/452/475
f 1611/446/469 1612/447/470 1619/454/477
f 1606/441/464 1613/448/471 1619/454/477
f 1614/450/473 1621/457/480 1620/455/478
f 1614/450/473 1615/449/472 1622/456/479
f 1616/458/474 1623/203/481 1622/456/479
f 1617/453/476 1624/461/483 1623/459/481
f 1617/453/476 1618/452/475 1625/460/482
f 1619/454/477 1626/462/484 1625/460/482
f 1619/454/477 1613/448/471 1620/455/478
f 1620/455/478 1621/457/480 1628/463/485
f 1621/457/480 1622/456/479 1629/465/487
f 1623/203/481 1630/473/488 1629/465/487
f 1624/461/483 1631/468/490 1630/466/488
f 1624/461/483 1625/460/482 1632/467/489
f 1626/462/484 1633/469/491 1632/467/489
f 1620/455/478 1627/464/486 1633/469/491
f 1627/464/486 1628/463/485 1635/470/492
f 1628/463/485 1629/465/487 1636/472/494
f 1630/473/488 1637/133/495 1636/472/494
f 1631/468/490 1638/476/497 1637/474/495
f 1631/468/490 1632/467/489 1639/475/496
f 1632/467/489 1633/469/491 1640/477/498
f 1627/464/486 1634/471/493 1640/477/498
f 1634/471/493 1635/470/492 1502/327/364
f 1635/470/492 1636/472/494 1503/326/363
f 1636/472/494 1637/133/495 1504/328/365
f 1638/476/497 1505/330/367 1504/332/365
f 1639/475/496 1506/335/371 1505/330/367
f 1640/477/498 1507/337/373 1506/335/371
f 1634/471/493 1501/323/3 1507/337/373
s 0
f 1648/486/507 1643/479/507 1641/478/507
f 1643/502/508 1646/482/508 1644/481/508
f 1646/482/509 1652/488/509 1650/487/509
f 1651/489/510 1652/488/510 1648/504/510
f 1659/496/511 1660/498/511 1649/485/511
f 1650/487/512 1651/489/512 1664/500/512
f 1664/500/513 1660/498/513 1661/497/513
f 1654/492/514 1661/497/514 1659/496/514
f 1662/499/515 1663/501/515 1658/494/515
f 1657/495/516 1658/494/516 1654/492/516
f 1642/480/657 1655/491/657 1653/490/657
f 1657/495/518 1644/551/518 1645/506/518
f 1647/484/519 1641/478/519 1653/490/519
f 1648/504/520 1652/488/520 1646/482/520
f 1642/507/521 1644/551/521 1657/495/521
f 1656/493/522 1645/552/522 1650/508/522
f 1660/498/523 1664/500/523 1651/489/523
f 1654/492/524 1658/494/524 1663/501/524
f 1672/516/533 1667/510/533 1665/509/533
f 1667/532/534 1670/512/534 1668/219/534
f 1670/512/535 1676/518/535 1674/517/535
f 1675/519/536 1676/518/536 1672/534/536
f 1683/526/537 1684/528/537 1673/515/537
f 1674/517/538 1675/519/538 1688/530/538
f 1687/531/539 1688/530/539 1684/528/539
f 1678/522/540 1685/527/540 1683/526/540
f 1687/531/541 1682/524/541 1680/523/541
f 1682/524/542 1678/522/542 1679/521/542
f 1665/509/543 1666/511/543 1679/521/543
f 1680/523/544 1681/525/544 1668/536/544
f 1665/509/545 1677/520/545 1683/526/545
f 1672/534/546 1676/518/546 1670/512/546
f 1679/521/547 1666/553/547 1668/536/547
f 1680/523/548 1669/554/548 1674/538/548
f 1673/535/549 1684/528/549 1688/530/549
f 1678/522/550 1682/524/550 1687/531/550
f 1696/516/559 1691/510/559 1689/509/559
f 1691/532/560 1694/512/560 1692/219/560
f 1694/512/561 1700/518/561 1698/517/561
f 1699/519/562 1700/518/562 1696/534/562
f 1707/526/563 1708/528/563 1697/515/563
f 1699/519/564 1712/530/564 1710/529/564
f 1711/531/565 1712/530/565 1708/528/565
f 1702/522/566 1709/527/566 1707/526/566
f 1711/531/567 1706/524/567 1704/523/567
f 1706/524/568 1702/522/568 1703/521/568
f 1689/509/569 1690/511/569 1703/521/569
f 1705/525/570 1692/536/570 1693/537/570
f 1689/509/571 1701/520/571 1707/526/571
f 1696/534/572 1700/518/572 1694/512/572
f 1703/521/549 1690/553/549 1692/536/549
f 1704/523/573 1693/554/573 1698/538/573
f 1708/528/547 1712/530/547 1699/519/547
f 1702/522/574 1706/524/574 1711/531/574
f 1713/142/658 1719/142/658 1717/142/658
f 1716/142/659 1717/142/659 1718/142/659
f 1715/142/618 1718/142/618 1717/142/618
f 1720/142/660 1726/142/660 1724/142/660
f 1721/142/661 1723/142/661 1724/142/661
f 1725/142/662 1724/142/662 1726/142/662
f 1727/142/663 1733/142/663 1731/142/663
f 1728/142/664 1730/142/664 1731/142/664
f 1732/142/665 1731/142/665 1733/142/665
f 1734/142/666 1740/142/666 1738/142/666
f 1735/142/667 1737/142/667 1738/142/667
f 1739/142/668 1738/142/668 1740/142/668
f 1741/142/669 1747/142/669 1745/142/669
f 1742/142/670 1744/142/670 1745/142/670
f 1746/142/671 1745/142/671 1747/142/671
f 1748/142/672 1754/142/672 1752/142/672
f 1751/142/673 1752/142/673 1753/142/673
f 1750/142/674 1753/142/674 1752/142/674
f 1716/142/675 1733/142/675 1727/142/675
f 1714/142/676 1729/142/676 1733/142/676
f 1726/142/677 1732/142/677 1729/142/677
f 1720/142/678 1728/142/678 1732/142/678
f 1714/142/679 1718/142/679 1725/142/679
f 1718/142/680 1715/142/680 1721/142/680
f 1736/142/681 1740/142/681 1751/142/681
f 1740/142/682 1734/142/682 1748/142/682
f 1739/142/683 1747/142/683 1741/142/683
f 1736/142/684 1743/142/684 1747/142/684
f 1742/142/685 1746/142/685 1753/142/685
f 1746/142/686 1743/142/686 1749/142/686
f 1719/142/605 1737/142/605 1735/142/605
f 1713/142/606 1734/142/606 1737/142/606
f 1723/142/607 1744/142/607 1742/142/607
f 1721/142/608 1741/142/608 1744/142/608
f 1730/142/609 1754/142/609 1748/142/609
f 1728/142/610 1750/142/610 1754/142/610
f 1748/142/611 1734/142/611 1713/142/611
f 1735/142/612 1741/142/612 1721/142/612
f 1742/142/613 1750/142/613 1728/142/613
f 1755/142/687 1761/142/687 1759/142/687
f 1758/142/688 1759/142/688 1760/142/688
f 1757/142/689 1760/142/689 1759/142/689
f 1762/142/690 1768/142/690 1766/142/690
f 1763/142/691 1765/142/691 1766/142/691
f 1767/142/692 1766/142/692 1768/142/692
f 1769/142/693 1775/142/693 1773/142/693
f 1770/142/694 1772/142/694 1773/142/694
f 1774/142/695 1773/142/695 1775/142/695
f 1776/142/696 1782/142/696 1780/142/696
f 1777/142/697 1779/142/697 1780/142/697
f 1781/142/698 1780/142/698 1782/142/698
f 1783/142/585 1789/142/585 1787/142/585
f 1784/142/699 1786/142/699 1787/142/699
f 1788/142/700 1787/142/700 1789/142/700
f 1790/142/701 1796/142/701 1794/142/701
f 1793/142/702 1794/142/702 1795/142/702
f 1792/142/703 1795/142/703 1794/142/703
f 1755/142/704 1758/142/704 1775/142/704
f 1758/142/705 1756/142/705 1771/142/705
f 1764/142/706 1768/142/706 1774/142/706
f 1768/142/707 1762/142/707 1770/142/707
f 1760/142/708 1767/142/708 1764/142/708
f 1757/142/709 1763/142/709 1767/142/709
f 1782/142/710 1793/142/710 1791/142/710
f 1776/142/711 1790/142/711 1793/142/711
f 1777/142/712 1781/142/712 1789/142/712
f 1781/142/713 1778/142/713 1785/142/713
f 1788/142/714 1795/142/714 1792/142/714
f 1785/142/715 1791/142/715 1795/142/715
f 1761/142/644 1779/142/644 1777/142/644
f 1755/142/645 1776/142/645 1779/142/645
f 1765/142/646 1786/142/646 1784/142/646
f 1763/142/647 1783/142/647 1786/142/647
f 1772/142/648 1796/142/648 1790/142/648
f 1770/142/649 1792/142/649 1796/142/649
f 1790/142/650 1776/142/650 1755/142/650
f 1777/142/651 1783/142/651 1763/142/651
f 1784/142/652 1792/142/652 1770/142/652
