# Blender 5.2.1 LTS
# www.blender.org
mtllib SM_LT_Parrot_Head.mtl
o SM_LT_Parrot_Head
v 1.000000 0.000000 19.000000
v 1.000000 -2.847009 18.557037
v 1.000000 -5.500000 17.258331
v 1.000000 -10.625184 9.364647
v 1.000000 -11.000000 6.000000
v 1.000000 -10.625184 2.635353
v 1.000000 -5.500000 -5.258331
v 1.000000 -2.847009 -6.557037
v 1.000000 0.000000 -7.000000
v 1.999744 -2.707667 18.557037
v 2.931356 -5.230811 17.258331
v 3.731350 -7.397484 15.192390
v 4.345207 -9.060030 12.500000
v 4.731094 -10.105151 9.364647
v 4.862713 -10.461622 6.000000
v 4.731094 -10.105151 2.635353
v 4.345207 -9.060030 -0.500000
v 3.731350 -7.397484 -3.192387
v 2.931356 -5.230811 -5.258331
v 1.999744 -2.707667 -6.557037
v 2.901625 -2.303279 18.557037
v 4.673658 -4.449594 17.258331
v 6.195337 -6.292675 15.192390
v 7.362961 -7.706922 12.500000
v 8.096962 -8.595955 9.364647
v 8.347317 -8.899187 6.000000
v 8.096962 -8.595955 2.635353
v 7.362961 -7.706922 -0.500000
v 6.195337 -6.292675 -3.192387
v 4.673658 -4.449594 -5.258331
v 2.901625 -2.303279 -6.557037
v 3.617363 -1.673430 18.557037
v 6.056356 -3.232819 17.258331
v 8.150768 -4.571897 15.192390
v 9.757866 -5.599407 12.500000
v 10.768131 -6.245327 9.364647
v 11.112713 -6.465638 6.000000
v 10.768131 -6.245327 2.635353
v 9.757866 -5.599407 -0.500000
v 8.150768 -4.571897 -3.192387
v 6.056356 -3.232819 -5.258331
v 3.617363 -1.673430 -6.557037
v 4.076895 -0.879774 18.557037
v 6.944103 -1.699593 17.258331
v 9.406231 -2.403588 15.192390
v 11.295490 -2.943783 12.500000
v 12.483128 -3.283363 9.364647
v 12.888206 -3.399187 6.000000
v 12.483128 -3.283363 2.635353
v 11.295490 -2.943783 -0.500000
v 9.406231 -2.403588 -3.192387
v 6.944103 -1.699593 -5.258331
v 4.076895 -0.879774 -6.557037
v 4.235237 0.000000 18.557037
v 7.250000 0.000000 17.258331
v 9.838837 0.000000 15.192390
v 11.825319 -0.000000 12.500000
v 13.074074 0.000000 9.364647
v 13.500002 0.000000 6.000000
v 13.074074 0.000000 2.635353
v 11.825319 -0.000000 -0.500000
v 9.838837 0.000000 -3.192387
v 7.250000 0.000000 -5.258331
v 4.235237 0.000000 -6.557037
v 4.076895 0.879775 18.557037
v 6.944103 1.699594 17.258331
v 9.406231 2.403588 15.192390
v 11.295490 2.943782 12.500000
v 12.483128 3.283363 9.364647
v 12.888208 3.399188 6.000000
v 12.483128 3.283363 2.635353
v 11.295490 2.943782 -0.500000
v 9.406231 2.403588 -3.192387
v 6.944103 1.699594 -5.258331
v 4.076895 0.879775 -6.557037
v 3.617363 1.673430 18.557037
v 6.056356 3.232820 17.258331
v 8.150768 4.571897 15.192390
v 9.757868 5.599407 12.500000
v 10.768131 6.245328 9.364647
v 11.112713 6.465639 6.000000
v 10.768131 6.245328 2.635353
v 9.757868 5.599407 -0.500000
v 8.150768 4.571897 -3.192387
v 6.056356 3.232820 -5.258331
v 3.617363 1.673430 -6.557037
v 2.901625 2.303279 18.557037
v 4.673658 4.449594 17.258331
v 6.195337 6.292676 15.192390
v 7.362965 7.706923 12.500000
v 8.096964 8.595957 9.364647
v 8.347317 8.899189 6.000000
v 8.096964 8.595957 2.635353
v 7.362965 7.706923 -0.500000
v 6.195337 6.292676 -3.192387
v 4.673658 4.449594 -5.258331
v 2.901625 2.303279 -6.557037
v 1.999743 2.707667 18.557037
v 2.931356 5.230812 17.258331
v 3.731350 7.397484 15.192390
v 4.345209 9.060033 12.500000
v 4.731094 10.105154 9.364647
v 4.862713 10.461624 6.000000
v 4.731094 10.105154 2.635353
v 4.345209 9.060033 -0.500000
v 3.731350 7.397484 -3.192387
v 2.931356 5.230812 -5.258331
v 1.999743 2.707667 -6.557037
v 1.000000 2.847010 18.557037
v 1.000000 5.500001 17.258331
v 1.000000 7.778176 15.192390
v 1.000000 9.526282 12.500000
v 1.000000 10.625189 9.364647
v 1.000000 11.000003 6.000000
v 1.000000 10.625189 2.635353
v 1.000000 9.526282 -0.500000
v 1.000000 7.778176 -3.192387
v 1.000000 5.500001 -5.258331
v 1.000000 2.847010 -6.557037
v 0.000256 2.707667 18.557037
v -0.931356 5.230812 17.258331
v -1.731350 7.397485 15.192390
v -2.345208 9.060034 12.500000
v -2.731095 10.105155 9.364647
v -2.862713 10.461624 6.000000
v -2.731095 10.105155 2.635353
v -2.345208 9.060034 -0.500000
v -1.731350 7.397485 -3.192387
v -0.931356 5.230812 -5.258331
v 0.000256 2.707667 -6.557037
v -0.901627 2.303279 18.557037
v -2.673658 4.449595 17.258331
v -4.195337 6.292677 15.192390
v -5.362965 7.706925 12.500000
v -6.096966 8.595959 9.364647
v -6.347318 8.899190 6.000000
v -6.096966 8.595959 2.635353
v -5.362965 7.706925 -0.500000
v -4.195337 6.292677 -3.192387
v -2.673658 4.449595 -5.258331
v -0.901627 2.303279 -6.557037
v -1.617363 1.673430 18.557037
v -4.056358 3.232820 17.258331
v -6.150769 4.571898 15.192390
v -7.757869 5.599409 12.500000
v -8.768136 6.245329 9.364647
v -9.112717 6.465640 6.000000
v -8.768136 6.245329 2.635353
v -7.757869 5.599409 -0.500000
v -6.150769 4.571898 -3.192387
v -4.056358 3.232820 -5.258331
v -1.617363 1.673430 -6.557037
v -2.076895 0.879774 18.557037
v -4.944106 1.699594 17.258331
v -7.406234 2.403589 15.192390
v -9.295493 2.943784 12.500000
v -10.483132 3.283364 9.364647
v -10.888212 3.399189 6.000000
v -10.483132 3.283364 2.635353
v -9.295493 2.943784 -0.500000
v -7.406234 2.403589 -3.192387
v -4.944106 1.699594 -5.258331
v -2.076895 0.879774 -6.557037
v -2.235239 -0.000000 18.557037
v -5.250003 0.000000 17.258331
v -7.838838 0.000000 15.192390
v -9.825322 0.000000 12.500000
v -11.074080 -0.000001 9.364647
v -11.500006 0.000000 6.000000
v -11.074080 -0.000001 2.635353
v -9.825322 0.000000 -0.500000
v -7.838838 0.000000 -3.192387
v -5.250003 0.000000 -5.258331
v -2.235239 -0.000000 -6.557037
v -2.076895 -0.879775 18.557037
v -4.944107 -1.699594 17.258331
v -7.406235 -2.403589 15.192390
v -9.295494 -2.943784 12.500000
v -10.483133 -3.283365 9.364647
v -10.888213 -3.399189 6.000000
v -10.483133 -3.283365 2.635353
v -9.295494 -2.943784 -0.500000
v -7.406235 -2.403589 -3.192387
v -4.944107 -1.699594 -5.258331
v -2.076895 -0.879775 -6.557037
v -1.617363 -1.673431 18.557037
v -4.056359 -3.232821 17.258331
v -6.150770 -4.571898 15.192390
v -7.757871 -5.599410 12.500000
v -8.768137 -6.245331 9.364647
v -9.112719 -6.465641 6.000000
v -8.768137 -6.245331 2.635353
v -7.757871 -5.599410 -0.500000
v -6.150770 -4.571898 -3.192387
v -4.056359 -3.232821 -5.258331
v -1.617363 -1.673431 -6.557037
v -0.901625 -2.303280 18.557037
v -2.673660 -4.449596 17.258331
v -4.195339 -6.292677 15.192390
v -5.362965 -7.706927 12.500000
v -6.096966 -8.595961 9.364647
v -6.347321 -8.899193 6.000000
v -6.096966 -8.595961 2.635353
v -5.362965 -7.706927 -0.500000
v -4.195339 -6.292677 -3.192387
v -2.673660 -4.449596 -5.258331
v -0.901625 -2.303280 -6.557037
v 0.000257 -2.707668 18.557037
v -0.931358 -5.230814 17.258331
v -1.731352 -7.397486 15.192390
v -2.345208 -9.060036 12.500000
v -2.731096 -10.105158 9.364647
v -2.862715 -10.461629 6.000000
v -2.731096 -10.105158 2.635353
v -2.345208 -9.060036 -0.500000
v -1.731352 -7.397486 -3.192387
v -0.931358 -5.230814 -5.258331
v 0.000257 -2.707668 -6.557037
v 1.000000 -7.778178 15.192390
v 1.000002 -9.526285 12.500000
v 1.000002 -9.526285 -0.500000
v 1.000000 -7.778178 -3.192387
v 5.000000 8.600000 11.800003
v 5.000000 6.658360 8.584724
v 5.000000 6.200000 4.000000
v 5.000000 6.317465 1.589668
v 5.000000 6.658360 -0.584724
v 5.000000 7.858359 -3.418243
v 5.000000 8.600000 -3.799999
v 5.827789 7.914814 11.418243
v 6.574551 7.296698 10.310333
v 7.167183 6.806158 8.584724
v 7.547676 6.491212 6.410332
v 7.678783 6.382689 4.000000
v 7.547676 6.491212 1.589668
v 7.167183 6.806158 -0.584724
v 6.574551 7.296698 -2.310333
v 5.827789 7.914814 -3.418243
v 6.529556 8.075582 11.418243
v 7.909389 7.602496 10.310333
v 9.004429 7.227053 8.584724
v 9.707489 6.986004 6.410332
v 9.949749 6.902944 4.000000
v 9.707489 6.986004 1.589668
v 9.004429 7.227053 -0.584724
v 7.909389 7.602496 -2.310333
v 6.529556 8.075582 -3.418243
v 6.998463 8.316187 11.418243
v 8.801300 8.060155 10.310333
v 10.232040 7.856967 8.584724
v 11.150631 7.726512 6.410332
v 11.467157 7.681561 4.000000
v 11.150631 7.726512 1.589668
v 10.232040 7.856967 -0.584724
v 8.801300 8.060155 -2.310333
v 6.998463 8.316187 -3.418243
v 7.163120 8.600000 11.418243
v 9.114496 8.600000 10.310333
v 10.663118 8.600000 8.584724
v 11.657394 8.600000 6.410332
v 12.000000 8.600000 4.000000
v 11.657394 8.600000 1.589668
v 10.663118 8.600000 -0.584724
v 9.114496 8.600000 -2.310333
v 7.163120 8.600000 -3.418243
v 6.998461 8.883814 11.418243
v 8.801298 9.139846 10.310333
v 10.232038 9.343035 8.584724
v 11.150631 9.473489 6.410332
v 11.467155 9.518441 4.000000
v 11.150631 9.473489 1.589668
v 10.232038 9.343035 -0.584724
v 8.801298 9.139846 -2.310333
v 6.998461 8.883814 -3.418243
v 6.529556 9.124420 11.418243
v 7.909388 9.597506 10.310333
v 9.004429 9.972948 8.584724
v 9.707489 10.213997 6.410332
v 9.949745 10.297057 4.000000
v 9.707489 10.213997 1.589668
v 9.004429 9.972948 -0.584724
v 7.909388 9.597506 -2.310333
v 6.529556 9.124420 -3.418243
v 5.827789 9.285187 11.418243
v 6.574549 9.903303 10.310333
v 7.167179 10.393843 8.584724
v 7.547672 10.708788 6.410332
v 7.678782 10.817311 4.000000
v 7.547672 10.708788 1.589668
v 7.167179 10.393843 -0.584724
v 6.574549 9.903303 -2.310333
v 5.827789 9.285187 -3.418243
v 5.000000 9.341641 11.418243
v 4.999998 10.010685 10.310333
v 4.999998 10.541640 8.584724
v 4.999998 10.882536 6.410332
v 4.999998 11.000000 4.000000
v 4.999998 10.882536 1.589668
v 4.999998 10.541640 -0.584724
v 4.999998 10.010685 -2.310333
v 5.000000 9.341641 -3.418243
v 4.172209 9.285187 11.418243
v 3.425449 9.903302 10.310333
v 2.832817 10.393842 8.584724
v 2.452324 10.708788 6.410332
v 2.321213 10.817311 4.000000
v 2.452324 10.708788 1.589668
v 2.832817 10.393842 -0.584724
v 3.425449 9.903302 -2.310333
v 4.172209 9.285187 -3.418243
v 3.470444 9.124419 11.418243
v 2.090611 9.597505 10.310333
v 0.995571 9.972947 8.584724
v 0.292511 10.213996 6.410332
v 0.050251 10.297056 4.000000
v 0.292511 10.213996 1.589668
v 0.995571 9.972947 -0.584724
v 2.090611 9.597505 -2.310333
v 3.470444 9.124419 -3.418243
v 3.001537 8.883814 11.418243
v 1.198700 9.139845 10.310333
v -0.232038 9.343033 8.584724
v -1.150631 9.473488 6.410332
v -1.467157 9.518439 4.000000
v -1.150631 9.473488 1.589668
v -0.232038 9.343033 -0.584724
v 1.198700 9.139845 -2.310333
v 3.001537 8.883814 -3.418243
v 2.836880 8.600000 11.418243
v 0.885504 8.599999 10.310333
v -0.663116 8.599999 8.584724
v -1.657393 8.599999 6.410332
v -2.000000 8.599999 4.000000
v -1.657393 8.599999 1.589668
v -0.663116 8.599999 -0.584724
v 0.885504 8.599999 -2.310333
v 2.836880 8.600000 -3.418243
v 3.001539 8.316186 11.418243
v 1.198702 8.060154 10.310333
v -0.232037 7.856966 8.584724
v -1.150629 7.726511 6.410332
v -1.467155 7.681559 4.000000
v -1.150629 7.726511 1.589668
v -0.232037 7.856966 -0.584724
v 1.198702 8.060154 -2.310333
v 3.001539 8.316186 -3.418243
v 3.470444 8.075581 11.418243
v 2.090614 7.602496 10.310333
v 0.995575 7.227053 8.584724
v 0.292515 6.986003 6.410332
v 0.050255 6.902943 4.000000
v 0.292515 6.986003 1.589668
v 0.995575 7.227053 -0.584724
v 2.090614 7.602496 -2.310333
v 3.470444 8.075581 -3.418243
v 4.172211 7.914814 11.418243
v 3.425453 7.296698 10.310333
v 2.832821 6.806159 8.584724
v 2.452330 6.491212 6.410332
v 2.321220 6.382689 4.000000
v 2.452330 6.491212 1.589668
v 2.832821 6.806159 -0.584724
v 3.425453 7.296698 -2.310333
v 4.172211 7.914814 -3.418243
v 5.000000 7.858359 11.418243
v 5.000002 7.189316 10.310333
v 5.000004 6.317465 6.410332
v 5.000002 7.189316 -2.310333
v 5.000000 -8.600000 11.800003
v 5.000000 -10.541641 8.584724
v 5.000000 -11.000000 4.000000
v 5.000000 -10.882536 1.589668
v 5.000000 -10.541641 -0.584724
v 5.000000 -9.341641 -3.418243
v 5.000000 -8.600000 -3.799999
v 5.827789 -9.285187 11.418243
v 6.574551 -9.903303 10.310333
v 7.167183 -10.393843 8.584724
v 7.547676 -10.708788 6.410332
v 7.678783 -10.817311 4.000000
v 7.547676 -10.708788 1.589668
v 7.167183 -10.393843 -0.584724
v 6.574551 -9.903303 -2.310333
v 5.827789 -9.285187 -3.418243
v 6.529556 -9.124419 11.418243
v 7.909389 -9.597505 10.310333
v 9.004429 -9.972948 8.584724
v 9.707489 -10.213997 6.410332
v 9.949749 -10.297056 4.000000
v 9.707489 -10.213997 1.589668
v 9.004429 -9.972948 -0.584724
v 7.909389 -9.597505 -2.310333
v 6.529556 -9.124419 -3.418243
v 6.998463 -8.883814 11.418243
v 8.801300 -9.139846 10.310333
v 10.232040 -9.343034 8.584724
v 11.150631 -9.473489 6.410332
v 11.467157 -9.518440 4.000000
v 11.150631 -9.473489 1.589668
v 10.232040 -9.343034 -0.584724
v 8.801300 -9.139846 -2.310333
v 6.998463 -8.883814 -3.418243
v 7.163120 -8.600000 11.418243
v 9.114496 -8.600000 10.310333
v 10.663118 -8.600000 8.584724
v 11.657394 -8.600000 6.410332
v 12.000000 -8.600000 4.000000
v 11.657394 -8.600000 1.589668
v 10.663118 -8.600000 -0.584724
v 9.114496 -8.600000 -2.310333
v 7.163120 -8.600000 -3.418243
v 6.998461 -8.316187 11.418243
v 8.801298 -8.060155 10.310333
v 10.232038 -7.856966 8.584724
v 11.150631 -7.726511 6.410332
v 11.467155 -7.681560 4.000000
v 11.150631 -7.726511 1.589668
v 10.232038 -7.856966 -0.584724
v 8.801298 -8.060155 -2.310333
v 6.998461 -8.316187 -3.418243
v 6.529556 -8.075581 11.418243
v 7.909388 -7.602496 10.310333
v 9.004429 -7.227053 8.584724
v 9.707489 -6.986004 6.410332
v 9.949745 -6.902944 4.000000
v 9.707489 -6.986004 1.589668
v 9.004429 -7.227053 -0.584724
v 7.909388 -7.602496 -2.310333
v 6.529556 -8.075581 -3.418243
v 5.827789 -7.914814 11.418243
v 6.574549 -7.296698 10.310333
v 7.167179 -6.806159 8.584724
v 7.547672 -6.491212 6.410332
v 7.678782 -6.382689 4.000000
v 7.547672 -6.491212 1.589668
v 7.167179 -6.806159 -0.584724
v 6.574549 -7.296698 -2.310333
v 5.827789 -7.914814 -3.418243
v 5.000000 -7.858359 11.418243
v 4.999998 -7.189316 10.310333
v 4.999998 -6.658360 8.584724
v 4.999998 -6.317465 6.410332
v 4.999998 -6.200000 4.000000
v 4.999998 -6.317465 1.589668
v 4.999998 -6.658360 -0.584724
v 4.999998 -7.189316 -2.310333
v 5.000000 -7.858359 -3.418243
v 4.172209 -7.914814 11.418243
v 3.425449 -7.296698 10.310333
v 2.832817 -6.806159 8.584724
v 2.452324 -6.491213 6.410332
v 2.321213 -6.382689 4.000000
v 2.452324 -6.491213 1.589668
v 2.832817 -6.806159 -0.584724
v 3.425449 -7.296698 -2.310333
v 4.172209 -7.914814 -3.418243
v 3.470444 -8.075582 11.418243
v 2.090611 -7.602496 10.310333
v 0.995571 -7.227054 8.584724
v 0.292511 -6.986005 6.410332
v 0.050251 -6.902945 4.000000
v 0.292511 -6.986005 1.589668
v 0.995571 -7.227054 -0.584724
v 2.090611 -7.602496 -2.310333
v 3.470444 -8.075582 -3.418243
v 3.001537 -8.316187 11.418243
v 1.198700 -8.060156 10.310333
v -0.232038 -7.856967 8.584724
v -1.150631 -7.726513 6.410332
v -1.467157 -7.681561 4.000000
v -1.150631 -7.726513 1.589668
v -0.232038 -7.856967 -0.584724
v 1.198700 -8.060156 -2.310333
v 3.001537 -8.316187 -3.418243
v 2.836880 -8.600000 11.418243
v 0.885504 -8.600001 10.310333
v -0.663116 -8.600001 8.584724
v -1.657393 -8.600001 6.410332
v -2.000000 -8.600001 4.000000
v -1.657393 -8.600001 1.589668
v -0.663116 -8.600001 -0.584724
v 0.885504 -8.600001 -2.310333
v 2.836880 -8.600000 -3.418243
v 3.001539 -8.883815 11.418243
v 1.198702 -9.139847 10.310333
v -0.232037 -9.343035 8.584724
v -1.150629 -9.473490 6.410332
v -1.467155 -9.518442 4.000000
v -1.150629 -9.473490 1.589668
v -0.232037 -9.343035 -0.584724
v 1.198702 -9.139847 -2.310333
v 3.001539 -8.883815 -3.418243
v 3.470444 -9.124420 11.418243
v 2.090614 -9.597506 10.310333
v 0.995575 -9.972948 8.584724
v 0.292515 -10.213997 6.410332
v 0.050255 -10.297057 4.000000
v 0.292515 -10.213997 1.589668
v 0.995575 -9.972948 -0.584724
v 2.090614 -9.597506 -2.310333
v 3.470444 -9.124420 -3.418243
v 4.172211 -9.285188 11.418243
v 3.425453 -9.903303 10.310333
v 2.832821 -10.393842 8.584724
v 2.452330 -10.708788 6.410332
v 2.321220 -10.817312 4.000000
v 2.452330 -10.708788 1.589668
v 2.832821 -10.393842 -0.584724
v 3.425453 -9.903303 -2.310333
v 4.172211 -9.285188 -3.418243
v 5.000000 -9.341641 11.418243
v 5.000002 -10.010685 10.310333
v 5.000004 -10.882536 6.410332
v 5.000002 -10.010685 -2.310333
v 6.000000 -7.200000 4.000000
v 21.000000 -2.000000 4.000000
v 6.000000 -7.019481 2.397850
v 21.000000 -1.949856 3.554958
v 6.000000 -6.486976 0.876038
v 21.000000 -1.801938 3.132233
v 6.000000 -5.629186 -0.489128
v 21.000000 -1.563663 2.753021
v 6.000000 -4.489127 -1.629185
v 21.000000 -1.246980 2.436337
v 6.000000 -3.123963 -2.486977
v 21.000000 -0.867768 2.198063
v 6.000000 -1.602151 -3.019478
v 21.000000 -0.445042 2.050144
v 6.000000 0.000000 -3.199997
v 21.000000 0.000000 2.000000
v 6.000000 1.602151 -3.019478
v 21.000000 0.445042 2.050144
v 6.000000 3.123963 -2.486977
v 21.000000 0.867768 2.198063
v 6.000000 4.489127 -1.629185
v 21.000000 1.246980 2.436337
v 6.000000 5.629186 -0.489128
v 21.000000 1.563663 2.753021
v 6.000000 6.486976 0.876038
v 21.000000 1.801938 3.132233
v 6.000000 7.019481 2.397850
v 21.000000 1.949856 3.554958
v 6.000000 7.200000 4.000000
v 21.000000 2.000000 4.000000
v 6.000000 7.019481 5.602150
v 21.000000 1.949856 4.445042
v 6.000000 6.486976 7.123962
v 21.000000 1.801938 4.867767
v 6.000000 5.629186 8.489128
v 21.000000 1.563663 5.246979
v 6.000000 4.489127 9.629189
v 21.000000 1.246980 5.563663
v 6.000000 3.123963 10.486977
v 21.000000 0.867768 5.801937
v 6.000000 1.602151 11.019478
v 21.000000 0.445042 5.949856
v 6.000000 0.000000 11.199997
v 21.000000 0.000000 6.000000
v 6.000000 -1.602151 11.019478
v 21.000000 -0.445042 5.949856
v 6.000000 -3.123963 10.486977
v 21.000000 -0.867768 5.801937
v 6.000000 -4.489127 9.629189
v 21.000000 -1.246980 5.563663
v 6.000000 -5.629186 8.489128
v 21.000000 -1.563663 5.246979
v 6.000000 -6.486976 7.123962
v 21.000000 -1.801938 4.867767
v 6.000000 -7.019481 5.602150
v 21.000000 -1.949856 4.445042
v 13.815506 -4.800000 2.736790
v 22.184494 -0.600000 -2.736790
v 13.135506 -4.636444 1.697083
v 22.099495 -0.579556 -2.866753
v 12.501848 -4.156922 0.728233
v 22.020287 -0.519615 -2.987858
v 11.957712 -3.394113 -0.103741
v 21.952271 -0.424264 -3.091854
v 11.540184 -2.400000 -0.742134
v 21.900078 -0.300000 -3.171654
v 11.277714 -1.242332 -1.143444
v 21.867271 -0.155291 -3.221817
v 11.188190 0.000000 -1.280327
v 21.856079 0.000000 -3.238930
v 11.277714 1.242332 -1.143444
v 21.867271 0.155291 -3.221817
v 11.540184 2.400000 -0.742134
v 21.900078 0.300000 -3.171654
v 11.957712 3.394113 -0.103741
v 21.952271 0.424264 -3.091854
v 12.501848 4.156922 0.728233
v 22.020287 0.519615 -2.987858
v 13.135506 4.636444 1.697083
v 22.099495 0.579556 -2.866753
v 13.815506 4.800000 2.736790
v 22.184494 0.600000 -2.736790
v 14.495506 4.636444 3.776493
v 22.269493 0.579556 -2.606827
v 15.129166 4.156922 4.745346
v 22.348701 0.519615 -2.485718
v 15.673302 3.394113 5.577316
v 22.416718 0.424264 -2.381721
v 16.090828 2.400000 6.215714
v 22.468910 0.300000 -2.301926
v 16.353302 1.242332 6.617023
v 22.501717 0.155291 -2.251759
v 16.442825 0.000000 6.753902
v 22.512909 0.000000 -2.234650
v 16.353302 -1.242332 6.617023
v 22.501717 -0.155291 -2.251759
v 16.090828 -2.400000 6.215714
v 22.468910 -0.300000 -2.301926
v 15.673302 -3.394113 5.577316
v 22.416718 -0.424264 -2.381721
v 15.129166 -4.156922 4.745346
v 22.348701 -0.519615 -2.485718
v 14.495506 -4.636444 3.776493
v 22.269493 -0.579556 -2.606827
v 7.000000 10.000000 10.900002
v 7.000000 9.222182 10.343506
v 7.000000 8.900000 9.000000
v 7.000000 10.000000 7.099998
v 7.363548 9.635445 10.755371
v 7.671751 9.326390 10.343506
v 7.877686 9.119886 9.727097
v 7.950001 9.047372 9.000000
v 7.877686 9.119886 8.272903
v 7.671751 9.326390 7.656498
v 7.363548 9.635445 7.244629
v 7.629686 9.789524 10.755371
v 8.163507 9.611092 10.343506
v 8.520195 9.491866 9.727097
v 8.645449 9.450000 9.000000
v 8.520195 9.491866 8.272903
v 8.163507 9.611092 7.656498
v 7.629686 9.789524 7.244629
v 7.727098 10.000000 10.755371
v 8.343502 10.000000 10.343506
v 8.755371 10.000000 9.727097
v 8.900000 10.000000 9.000000
v 8.755371 10.000000 8.272903
v 8.343502 10.000000 7.656498
v 7.727098 10.000000 7.244629
v 7.629686 10.210476 10.755371
v 8.163507 10.388908 10.343506
v 8.520195 10.508134 9.727097
v 8.645449 10.550000 9.000000
v 8.520195 10.508134 8.272903
v 8.163507 10.388908 7.656498
v 7.629686 10.210476 7.244629
v 7.363548 10.364555 10.755371
v 7.671751 10.673610 10.343506
v 7.877686 10.880114 9.727097
v 7.950001 10.952628 9.000000
v 7.877686 10.880114 8.272903
v 7.671751 10.673610 7.656498
v 7.363548 10.364555 7.244629
v 7.000000 10.420952 10.755371
v 7.000000 10.777818 10.343506
v 7.000000 11.016268 9.727097
v 7.000000 11.100000 9.000000
v 7.000000 11.016268 8.272903
v 7.000000 10.777818 7.656498
v 7.000000 10.420952 7.244629
v 6.636452 10.364555 10.755371
v 6.328249 10.673610 10.343506
v 6.122314 10.880114 9.727097
v 6.049999 10.952628 9.000000
v 6.122314 10.880114 8.272903
v 6.328249 10.673610 7.656498
v 6.636452 10.364555 7.244629
v 6.370314 10.210476 10.755371
v 5.836493 10.388908 10.343506
v 5.479805 10.508134 9.727097
v 5.354551 10.550000 9.000000
v 5.479805 10.508134 8.272903
v 5.836493 10.388908 7.656498
v 6.370314 10.210476 7.244629
v 6.272902 10.000000 10.755371
v 5.656498 10.000000 10.343506
v 5.244629 10.000000 9.727097
v 5.100000 10.000000 9.000000
v 5.244629 10.000000 8.272903
v 5.656498 10.000000 7.656498
v 6.272902 10.000000 7.244629
v 6.370314 9.789524 10.755371
v 5.836493 9.611092 10.343506
v 5.479805 9.491866 9.727097
v 5.354551 9.450000 9.000000
v 5.479805 9.491866 8.272903
v 5.836493 9.611092 7.656498
v 6.370314 9.789524 7.244629
v 6.636452 9.635445 10.755371
v 6.328249 9.326390 10.343506
v 6.122314 9.119886 9.727097
v 6.049999 9.047372 9.000000
v 6.122314 9.119886 8.272903
v 6.328249 9.326390 7.656498
v 6.636452 9.635445 7.244629
v 7.000000 9.579048 10.755371
v 7.000000 8.983732 9.727097
v 7.000000 8.983732 8.272903
v 7.000000 9.222182 7.656498
v 7.000000 9.579048 7.244629
v 7.000000 -10.000000 10.900002
v 7.000000 -10.777818 10.343506
v 7.000000 -11.100000 9.000000
v 7.000000 -10.000000 7.099998
v 7.363548 -10.364555 10.755371
v 7.671751 -10.673610 10.343506
v 7.877686 -10.880114 9.727097
v 7.950001 -10.952628 9.000000
v 7.877686 -10.880114 8.272903
v 7.671751 -10.673610 7.656498
v 7.363548 -10.364555 7.244629
v 7.629686 -10.210476 10.755371
v 8.163507 -10.388908 10.343506
v 8.520195 -10.508134 9.727097
v 8.645449 -10.550000 9.000000
v 8.520195 -10.508134 8.272903
v 8.163507 -10.388908 7.656498
v 7.629686 -10.210476 7.244629
v 7.727098 -10.000000 10.755371
v 8.343502 -10.000000 10.343506
v 8.755371 -10.000000 9.727097
v 8.900000 -10.000000 9.000000
v 8.755371 -10.000000 8.272903
v 8.343502 -10.000000 7.656498
v 7.727098 -10.000000 7.244629
v 7.629686 -9.789524 10.755371
v 8.163507 -9.611092 10.343506
v 8.520195 -9.491866 9.727097
v 8.645449 -9.450000 9.000000
v 8.520195 -9.491866 8.272903
v 8.163507 -9.611092 7.656498
v 7.629686 -9.789524 7.244629
v 7.363548 -9.635445 10.755371
v 7.671751 -9.326390 10.343506
v 7.877686 -9.119886 9.727097
v 7.950001 -9.047372 9.000000
v 7.877686 -9.119886 8.272903
v 7.671751 -9.326390 7.656498
v 7.363548 -9.635445 7.244629
v 7.000000 -9.579048 10.755371
v 7.000000 -9.222182 10.343506
v 7.000000 -8.983732 9.727097
v 7.000000 -8.900000 9.000000
v 7.000000 -8.983732 8.272903
v 7.000000 -9.222182 7.656498
v 7.000000 -9.579048 7.244629
v 6.636452 -9.635445 10.755371
v 6.328249 -9.326390 10.343506
v 6.122314 -9.119886 9.727097
v 6.049999 -9.047372 9.000000
v 6.122314 -9.119886 8.272903
v 6.328249 -9.326390 7.656498
v 6.636452 -9.635445 7.244629
v 6.370314 -9.789524 10.755371
v 5.836493 -9.611092 10.343506
v 5.479805 -9.491866 9.727097
v 5.354551 -9.450000 9.000000
v 5.479805 -9.491866 8.272903
v 5.836493 -9.611092 7.656498
v 6.370314 -9.789524 7.244629
v 6.272902 -10.000000 10.755371
v 5.656498 -10.000000 10.343506
v 5.244629 -10.000000 9.727097
v 5.100000 -10.000000 9.000000
v 5.244629 -10.000000 8.272903
v 5.656498 -10.000000 7.656498
v 6.272902 -10.000000 7.244629
v 6.370314 -10.210476 10.755371
v 5.836493 -10.388908 10.343506
v 5.479805 -10.508134 9.727097
v 5.354551 -10.550000 9.000000
v 5.479805 -10.508134 8.272903
v 5.836493 -10.388908 7.656498
v 6.370314 -10.210476 7.244629
v 6.636452 -10.364555 10.755371
v 6.328249 -10.673610 10.343506
v 6.122314 -10.880114 9.727097
v 6.049999 -10.952628 9.000000
v 6.122314 -10.880114 8.272903
v 6.328249 -10.673610 7.656498
v 6.636452 -10.364555 7.244629
v 7.000000 -10.420952 10.755371
v 7.000000 -11.016268 9.727097
v 7.000000 -11.016268 8.272903
v 7.000000 -10.777818 7.656498
v 7.000000 -10.420952 7.244629
v -3.114062 -0.300000 9.833450
v -6.885938 1.950000 20.166550
v -2.215356 -0.109699 10.161507
v -6.796067 1.969030 20.199356
v -1.453470 0.432233 10.439613
v -6.719879 2.023223 20.227165
v -0.944393 1.243291 10.625443
v -6.668971 2.104329 20.245750
v -0.765631 2.200000 10.690697
v -6.651094 2.200000 20.252274
v -0.944393 3.156709 10.625443
v -6.668971 2.295671 20.245750
v -1.453470 3.967767 10.439613
v -6.719879 2.376777 20.227165
v -2.215356 4.509699 10.161507
v -6.796067 2.430970 20.199356
v -3.114062 4.700000 9.833450
v -6.885938 2.450000 20.166550
v -4.012768 4.509699 9.505398
v -6.975809 2.430970 20.133743
v -4.774654 3.967767 9.227287
v -7.051997 2.376777 20.105934
v -5.283730 3.156709 9.041458
v -7.102905 2.295671 20.087349
v -5.462494 2.200000 8.976204
v -7.120781 2.200000 20.080826
v -5.283730 1.243291 9.041458
v -7.102905 2.104329 20.087349
v -4.774654 0.432233 9.227287
v -7.051997 2.023223 20.105934
v -4.012768 -0.109699 9.505398
v -6.975809 1.969030 20.133743
v -5.056889 -2.500000 10.128922
v -9.343111 -0.250000 21.871078
v -4.158182 -2.309699 10.456970
v -9.253241 -0.230970 21.903885
v -3.396297 -1.767767 10.735085
v -9.177052 -0.176777 21.931694
v -2.887220 -0.956709 10.920914
v -9.126144 -0.095671 21.950279
v -2.708457 0.000000 10.986168
v -9.108268 0.000000 21.956802
v -2.887220 0.956709 10.920914
v -9.126144 0.095671 21.950279
v -3.396297 1.767767 10.735085
v -9.177052 0.176777 21.931694
v -4.158182 2.309699 10.456970
v -9.253241 0.230970 21.903885
v -5.056889 2.500000 10.128922
v -9.343111 0.250000 21.871078
v -5.955595 2.309699 9.800865
v -9.432981 0.230970 21.838272
v -6.717481 1.767767 9.522758
v -9.509171 0.176777 21.810463
v -7.226557 0.956709 9.336929
v -9.560078 0.095671 21.791878
v -7.405320 0.000000 9.271675
v -9.577954 0.000000 21.785355
v -7.226557 -0.956709 9.336929
v -9.560078 -0.095671 21.791878
v -6.717481 -1.767767 9.522758
v -9.509171 -0.176777 21.810463
v -5.955595 -2.309699 9.800865
v -9.432981 -0.230970 21.838272
v -6.999715 -4.700000 10.424393
v -11.800284 -2.450000 23.575607
v -6.101009 -4.509699 10.752441
v -11.710413 -2.430970 23.608414
v -5.339123 -3.967767 11.030556
v -11.634225 -2.376777 23.636230
v -4.830048 -3.156709 11.216385
v -11.583317 -2.295671 23.654808
v -4.651283 -2.200000 11.281631
v -11.565441 -2.200000 23.661331
v -4.830048 -1.243291 11.216385
v -11.583317 -2.104329 23.654808
v -5.339123 -0.432233 11.030556
v -11.634225 -2.023223 23.636230
v -6.101009 0.109699 10.752441
v -11.710413 -1.969030 23.608414
v -6.999715 0.300000 10.424393
v -11.800284 -1.950000 23.575607
v -7.898421 0.109699 10.096336
v -11.890155 -1.969030 23.542801
v -8.660307 -0.432233 9.818226
v -11.966343 -2.023223 23.514992
v -9.169383 -1.243291 9.632401
v -12.017251 -2.104329 23.496414
v -9.348146 -2.200000 9.567146
v -12.035128 -2.200000 23.489883
v -9.169383 -3.156709 9.632401
v -12.017251 -2.295671 23.496414
v -8.660307 -3.967767 9.818226
v -11.966343 -2.376777 23.514992
v -7.898421 -4.509699 10.096336
v -11.890155 -2.430970 23.542801
vn -0.0000 -0.0000 1.0000
vn -0.0000 -0.3120 0.9501
vn -0.0000 -0.5696 0.8219
vn -0.0000 -0.9755 0.2200
vn -0.0000 -1.0000 -0.0000
vn -0.0000 -0.9755 -0.2200
vn -0.0000 -0.5696 -0.8219
vn -0.0000 -0.3120 -0.9501
vn -0.0000 -0.0000 -1.0000
vn 0.0843 -0.2977 0.9509
vn 0.1555 -0.5440 0.8246
vn 0.2105 -0.7334 0.6464
vn 0.2483 -0.8628 0.4404
vn 0.2700 -0.9369 0.2222
vn 0.2771 -0.9609 -0.0000
vn 0.2700 -0.9369 -0.2222
vn 0.2483 -0.8628 -0.4404
vn 0.2105 -0.7334 -0.6464
vn 0.1555 -0.5440 -0.8246
vn 0.0843 -0.2977 -0.9509
vn 0.1618 -0.2554 0.9532
vn 0.2991 -0.4680 0.8316
vn 0.4074 -0.6346 0.6568
vn 0.4833 -0.7507 0.4504
vn 0.5275 -0.8183 0.2283
vn 0.5420 -0.8403 -0.0000
vn 0.5275 -0.8183 -0.2283
vn 0.4833 -0.7507 -0.4504
vn 0.4074 -0.6346 -0.6568
vn 0.2991 -0.4680 -0.8316
vn 0.1618 -0.2554 -0.9532
vn 0.2252 -0.1877 0.9561
vn 0.4176 -0.3450 0.8406
vn 0.5732 -0.4713 0.6703
vn 0.6852 -0.5617 0.4637
vn 0.7520 -0.6154 0.2364
vn 0.7741 -0.6331 -0.0000
vn 0.7520 -0.6154 -0.2364
vn 0.6852 -0.5617 -0.4637
vn 0.5732 -0.4713 -0.6703
vn 0.4176 -0.3450 -0.8406
vn 0.2252 -0.1877 -0.9561
vn 0.2673 -0.0996 0.9584
vn 0.4970 -0.1836 0.8481
vn 0.6866 -0.2525 0.6818
vn 0.8261 -0.3028 0.4752
vn 0.9109 -0.3332 0.2436
vn 0.9392 -0.3433 -0.0000
vn 0.9109 -0.3332 -0.2436
vn 0.8261 -0.3028 -0.4752
vn 0.6866 -0.2525 -0.6818
vn 0.4970 -0.1836 -0.8481
vn 0.2673 -0.0996 -0.9584
vn 0.2822 -0.0000 0.9594
vn 0.5252 -0.0000 0.8510
vn 0.7273 -0.0000 0.6863
vn 0.8774 -0.0000 0.4798
vn 0.9692 -0.0000 0.2464
vn 1.0000 -0.0000 -0.0000
vn 0.9692 -0.0000 -0.2464
vn 0.8774 -0.0000 -0.4798
vn 0.7273 -0.0000 -0.6863
vn 0.5252 -0.0000 -0.8510
vn 0.2822 -0.0000 -0.9594
vn 0.2673 0.0996 0.9584
vn 0.4970 0.1836 0.8481
vn 0.6866 0.2525 0.6818
vn 0.8261 0.3028 0.4752
vn 0.9109 0.3332 0.2436
vn 0.9392 0.3433 -0.0000
vn 0.9109 0.3332 -0.2436
vn 0.8261 0.3028 -0.4752
vn 0.6866 0.2525 -0.6818
vn 0.4970 0.1836 -0.8481
vn 0.2673 0.0996 -0.9584
vn 0.2252 0.1877 0.9561
vn 0.4176 0.3450 0.8406
vn 0.5732 0.4713 0.6703
vn 0.6852 0.5617 0.4637
vn 0.7520 0.6154 0.2364
vn 0.7741 0.6331 -0.0000
vn 0.7520 0.6154 -0.2364
vn 0.6852 0.5617 -0.4637
vn 0.5732 0.4713 -0.6703
vn 0.4176 0.3450 -0.8406
vn 0.2252 0.1877 -0.9561
vn 0.1618 0.2554 0.9532
vn 0.2991 0.4680 0.8316
vn 0.4074 0.6346 0.6568
vn 0.4833 0.7507 0.4504
vn 0.5275 0.8183 0.2283
vn 0.5420 0.8403 -0.0000
vn 0.5275 0.8183 -0.2283
vn 0.4833 0.7507 -0.4504
vn 0.4074 0.6346 -0.6568
vn 0.2991 0.4680 -0.8316
vn 0.1618 0.2554 -0.9532
vn 0.0843 0.2977 0.9509
vn 0.1555 0.5440 0.8246
vn 0.2105 0.7334 0.6464
vn 0.2483 0.8628 0.4404
vn 0.2700 0.9369 0.2222
vn 0.2771 0.9609 -0.0000
vn 0.2700 0.9369 -0.2222
vn 0.2483 0.8628 -0.4404
vn 0.2105 0.7334 -0.6464
vn 0.1555 0.5440 -0.8246
vn 0.0843 0.2977 -0.9509
vn -0.0000 0.3120 0.9501
vn -0.0000 0.5696 0.8219
vn -0.0000 0.7663 0.6425
vn -0.0000 0.8996 0.4367
vn -0.0000 0.9755 0.2200
vn -0.0000 1.0000 -0.0000
vn -0.0000 0.9755 -0.2200
vn -0.0000 0.8996 -0.4367
vn -0.0000 0.7663 -0.6425
vn -0.0000 0.5696 -0.8219
vn -0.0000 0.3120 -0.9501
vn -0.0843 0.2977 0.9509
vn -0.1555 0.5440 0.8246
vn -0.2105 0.7334 0.6464
vn -0.2483 0.8628 0.4404
vn -0.2700 0.9369 0.2222
vn -0.2771 0.9609 -0.0000
vn -0.2700 0.9369 -0.2222
vn -0.2483 0.8628 -0.4404
vn -0.2105 0.7334 -0.6464
vn -0.1555 0.5440 -0.8246
vn -0.0843 0.2977 -0.9509
vn -0.1618 0.2554 0.9532
vn -0.2991 0.4680 0.8316
vn -0.4074 0.6346 0.6568
vn -0.4833 0.7507 0.4504
vn -0.5275 0.8183 0.2283
vn -0.5420 0.8403 -0.0000
vn -0.5275 0.8183 -0.2283
vn -0.4833 0.7507 -0.4504
vn -0.4074 0.6346 -0.6568
vn -0.2991 0.4680 -0.8316
vn -0.1618 0.2554 -0.9532
vn -0.2252 0.1877 0.9561
vn -0.4176 0.3450 0.8406
vn -0.5732 0.4713 0.6703
vn -0.6852 0.5617 0.4637
vn -0.7520 0.6154 0.2364
vn -0.7741 0.6331 -0.0000
vn -0.7520 0.6154 -0.2364
vn -0.6852 0.5617 -0.4637
vn -0.5732 0.4713 -0.6703
vn -0.4176 0.3450 -0.8406
vn -0.2252 0.1877 -0.9561
vn -0.2673 0.0996 0.9584
vn -0.4970 0.1836 0.8481
vn -0.6866 0.2525 0.6818
vn -0.8261 0.3028 0.4752
vn -0.9109 0.3332 0.2436
vn -0.9392 0.3433 -0.0000
vn -0.9109 0.3332 -0.2436
vn -0.8261 0.3028 -0.4752
vn -0.6866 0.2525 -0.6818
vn -0.4970 0.1836 -0.8481
vn -0.2673 0.0996 -0.9584
vn -0.2822 -0.0000 0.9594
vn -0.5252 -0.0000 0.8510
vn -0.7273 -0.0000 0.6863
vn -0.8774 -0.0000 0.4798
vn -0.9692 -0.0000 0.2464
vn -1.0000 -0.0000 -0.0000
vn -0.9692 -0.0000 -0.2464
vn -0.8774 -0.0000 -0.4798
vn -0.7273 -0.0000 -0.6863
vn -0.5252 -0.0000 -0.8510
vn -0.2822 -0.0000 -0.9594
vn -0.2673 -0.0996 0.9584
vn -0.4970 -0.1836 0.8481
vn -0.6866 -0.2525 0.6818
vn -0.8261 -0.3028 0.4752
vn -0.9109 -0.3332 0.2436
vn -0.9392 -0.3433 -0.0000
vn -0.9109 -0.3332 -0.2436
vn -0.8261 -0.3028 -0.4752
vn -0.6866 -0.2525 -0.6818
vn -0.4970 -0.1836 -0.8481
vn -0.2673 -0.0996 -0.9584
vn -0.2252 -0.1877 0.9561
vn -0.4176 -0.3450 0.8406
vn -0.5732 -0.4713 0.6703
vn -0.6852 -0.5617 0.4637
vn -0.7520 -0.6154 0.2364
vn -0.7741 -0.6331 -0.0000
vn -0.7520 -0.6154 -0.2364
vn -0.6852 -0.5617 -0.4637
vn -0.5732 -0.4713 -0.6703
vn -0.4176 -0.3450 -0.8406
vn -0.2252 -0.1877 -0.9561
vn -0.1618 -0.2554 0.9532
vn -0.2991 -0.4680 0.8316
vn -0.4074 -0.6346 0.6568
vn -0.4833 -0.7507 0.4504
vn -0.5275 -0.8183 0.2283
vn -0.5420 -0.8403 -0.0000
vn -0.5275 -0.8183 -0.2283
vn -0.4833 -0.7507 -0.4504
vn -0.4074 -0.6346 -0.6568
vn -0.2991 -0.4680 -0.8316
vn -0.1618 -0.2554 -0.9532
vn -0.0843 -0.2977 0.9509
vn -0.1555 -0.5440 0.8246
vn -0.2105 -0.7334 0.6464
vn -0.2483 -0.8628 0.4404
vn -0.2700 -0.9369 0.2222
vn -0.2771 -0.9609 -0.0000
vn -0.2700 -0.9369 -0.2222
vn -0.2483 -0.8628 -0.4404
vn -0.2105 -0.7334 -0.6464
vn -0.1555 -0.5440 -0.8246
vn -0.0843 -0.2977 -0.9509
vn -0.0000 -0.7663 0.6425
vn -0.0000 -0.8996 0.4367
vn -0.0000 -0.8996 -0.4367
vn -0.0000 -0.7663 -0.6425
vn -0.0000 -0.9745 0.2244
vn -0.0000 -0.9948 -0.1017
vn -0.0000 -0.9745 -0.2244
vn -0.0000 -0.6889 -0.7249
vn 0.0935 -0.6601 0.7453
vn 0.1338 -0.8913 0.4332
vn 0.1443 -0.9596 0.2415
vn 0.1476 -0.9829 0.1098
vn 0.1484 -0.9889 -0.0000
vn 0.1476 -0.9829 -0.1098
vn 0.1443 -0.9596 -0.2415
vn 0.1338 -0.8913 -0.4332
vn 0.0935 -0.6601 -0.7453
vn 0.1914 -0.5684 0.8001
vn 0.2929 -0.8035 0.5183
vn 0.3310 -0.8937 0.3029
vn 0.3450 -0.9281 0.1401
vn 0.3486 -0.9373 -0.0000
vn 0.3450 -0.9281 -0.1401
vn 0.3310 -0.8937 -0.3029
vn 0.2929 -0.8035 -0.5183
vn 0.1914 -0.5684 -0.8001
vn 0.3037 -0.3771 0.8750
vn 0.5026 -0.5572 0.6610
vn 0.6211 -0.6542 0.4317
vn 0.6809 -0.7012 0.2114
vn 0.6989 -0.7152 -0.0000
vn 0.6809 -0.7012 -0.2114
vn 0.6211 -0.6542 -0.4317
vn 0.5026 -0.5572 -0.6610
vn 0.3037 -0.3771 -0.8750
vn 0.3868 -0.0000 0.9222
vn 0.6571 -0.0000 0.7538
vn 0.8499 -0.0000 0.5269
vn 0.9630 -0.0000 0.2695
vn 0.9630 -0.0000 -0.2695
vn 0.8499 -0.0000 -0.5269
vn 0.6571 -0.0000 -0.7538
vn 0.3868 -0.0000 -0.9222
vn 0.3037 0.3771 0.8750
vn 0.5026 0.5572 0.6610
vn 0.6211 0.6542 0.4317
vn 0.6809 0.7012 0.2114
vn 0.6989 0.7152 -0.0000
vn 0.6809 0.7012 -0.2114
vn 0.6211 0.6542 -0.4317
vn 0.5026 0.5572 -0.6610
vn 0.3037 0.3771 -0.8750
vn 0.1914 0.5684 0.8001
vn 0.2929 0.8035 0.5183
vn 0.3310 0.8937 0.3029
vn 0.3450 0.9281 0.1401
vn 0.3486 0.9373 -0.0000
vn 0.3450 0.9281 -0.1401
vn 0.3310 0.8937 -0.3029
vn 0.2929 0.8035 -0.5183
vn 0.1914 0.5684 -0.8001
vn 0.0935 0.6601 0.7453
vn 0.1338 0.8913 0.4332
vn 0.1443 0.9596 0.2415
vn 0.1476 0.9829 0.1098
vn 0.1484 0.9889 -0.0000
vn 0.1476 0.9829 -0.1098
vn 0.1443 0.9596 -0.2415
vn 0.1338 0.8913 -0.4332
vn 0.0935 0.6601 -0.7453
vn -0.0000 0.6889 0.7249
vn -0.0000 0.9136 0.4066
vn -0.0000 0.9745 0.2244
vn -0.0000 0.9948 0.1017
vn -0.0000 0.9948 -0.1017
vn -0.0000 0.9745 -0.2244
vn -0.0000 0.9136 -0.4066
vn -0.0000 0.6889 -0.7249
vn -0.0935 0.6601 0.7453
vn -0.1338 0.8913 0.4332
vn -0.1443 0.9596 0.2415
vn -0.1476 0.9829 0.1098
vn -0.1484 0.9889 -0.0000
vn -0.1476 0.9829 -0.1098
vn -0.1443 0.9596 -0.2415
vn -0.1338 0.8913 -0.4332
vn -0.0935 0.6601 -0.7453
vn -0.1914 0.5684 0.8001
vn -0.2929 0.8035 0.5183
vn -0.3310 0.8937 0.3029
vn -0.3450 0.9281 0.1401
vn -0.3486 0.9373 -0.0000
vn -0.3450 0.9281 -0.1401
vn -0.3310 0.8937 -0.3029
vn -0.2929 0.8035 -0.5183
vn -0.1914 0.5684 -0.8001
vn -0.3037 0.3771 0.8750
vn -0.5026 0.5572 0.6610
vn -0.6211 0.6542 0.4317
vn -0.6809 0.7012 0.2114
vn -0.6989 0.7152 -0.0000
vn -0.6809 0.7012 -0.2114
vn -0.6211 0.6542 -0.4317
vn -0.5026 0.5572 -0.6610
vn -0.3037 0.3771 -0.8750
vn -0.3868 -0.0000 0.9222
vn -0.6571 -0.0000 0.7538
vn -0.8499 -0.0000 0.5269
vn -0.9630 -0.0000 0.2695
vn -0.9630 -0.0000 -0.2695
vn -0.8499 -0.0000 -0.5269
vn -0.6571 -0.0000 -0.7538
vn -0.3868 -0.0000 -0.9222
vn -0.3037 -0.3771 0.8750
vn -0.5026 -0.5572 0.6610
vn -0.6211 -0.6542 0.4317
vn -0.6809 -0.7012 0.2114
vn -0.6989 -0.7152 -0.0000
vn -0.6809 -0.7012 -0.2114
vn -0.6211 -0.6542 -0.4317
vn -0.5026 -0.5572 -0.6610
vn -0.3037 -0.3771 -0.8750
vn -0.1914 -0.5684 0.8001
vn -0.2929 -0.8035 0.5183
vn -0.3310 -0.8937 0.3029
vn -0.3450 -0.9281 0.1401
vn -0.3486 -0.9373 -0.0000
vn -0.3450 -0.9281 -0.1401
vn -0.3310 -0.8937 -0.3029
vn -0.2929 -0.8035 -0.5183
vn -0.1914 -0.5684 -0.8001
vn -0.0935 -0.6601 0.7453
vn -0.1338 -0.8913 0.4332
vn -0.1443 -0.9596 0.2415
vn -0.1476 -0.9829 0.1098
vn -0.1484 -0.9889 -0.0000
vn -0.1476 -0.9829 -0.1098
vn -0.1443 -0.9596 -0.2415
vn -0.1338 -0.8913 -0.4332
vn -0.0935 -0.6601 -0.7453
vn -0.0000 -0.6889 0.7249
vn -0.0000 -0.9136 0.4066
vn -0.0000 -0.9948 0.1017
vn -0.0000 -0.9136 -0.4066
vn 0.5026 -0.5572 -0.6611
vn -0.5539 -0.8326 -0.0000
vn 0.7954 -0.6061 -0.0000
vn -0.5539 -0.8117 -0.1853
vn 0.7954 -0.5909 -0.1349
vn -0.5539 -0.7501 -0.3612
vn 0.7954 -0.5460 -0.2630
vn -0.5539 -0.6509 -0.5191
vn 0.7954 -0.4738 -0.3779
vn -0.5539 -0.5191 -0.6509
vn 0.7954 -0.3779 -0.4739
vn -0.5539 -0.3612 -0.7501
vn 0.7954 -0.2630 -0.5460
vn -0.5539 -0.1853 -0.8117
vn 0.7954 -0.1349 -0.5909
vn -0.5539 -0.0000 -0.8326
vn 0.7954 -0.0000 -0.6060
vn -0.5539 0.1853 -0.8117
vn 0.7954 0.1349 -0.5909
vn -0.5539 0.3613 -0.7502
vn 0.7954 0.2630 -0.5460
vn -0.5539 0.5191 -0.6509
vn 0.7954 0.3779 -0.4738
vn -0.5539 0.6509 -0.5191
vn 0.7954 0.4738 -0.3779
vn -0.5539 0.7501 -0.3612
vn 0.7954 0.5461 -0.2630
vn -0.5539 0.8117 -0.1853
vn 0.7954 0.5909 -0.1349
vn -0.5539 0.8326 -0.0000
vn 0.7954 0.6061 -0.0000
vn -0.5539 0.8117 0.1853
vn 0.7954 0.5909 0.1349
vn -0.5539 0.7501 0.3612
vn 0.7954 0.5461 0.2630
vn -0.5539 0.6510 0.5191
vn 0.7954 0.4738 0.3779
vn -0.5539 0.5191 0.6509
vn 0.7954 0.3779 0.4738
vn -0.5539 0.3612 0.7501
vn 0.7954 0.2630 0.5460
vn -0.5539 0.1853 0.8117
vn 0.7954 0.1349 0.5909
vn -0.5539 -0.0000 0.8326
vn 0.7954 -0.0000 0.6061
vn -0.5539 -0.1853 0.8117
vn 0.7954 -0.1349 0.5909
vn -0.5539 -0.3612 0.7501
vn 0.7954 -0.2630 0.5460
vn -0.5539 -0.5191 0.6509
vn 0.7954 -0.3779 0.4738
vn -0.5539 -0.6510 0.5191
vn 0.7954 -0.4738 0.3779
vn -0.5539 -0.7501 0.3612
vn 0.7954 -0.5460 0.2630
vn -0.5539 -0.8117 0.1853
vn 0.7954 -0.5909 0.1349
vn -0.4383 -0.8519 0.2867
vn 0.6794 -0.5839 -0.4443
vn -0.5590 -0.8229 0.1021
vn 0.5967 -0.5639 -0.5709
vn -0.6715 -0.7377 -0.0698
vn 0.5196 -0.5057 -0.6887
vn -0.7680 -0.6024 -0.2175
vn 0.4534 -0.4129 -0.7899
vn -0.8421 -0.4259 -0.3307
vn 0.4026 -0.2920 -0.8676
vn -0.8887 -0.2205 -0.4020
vn 0.3707 -0.1511 -0.9164
vn -0.9046 -0.0000 -0.4263
vn 0.3598 -0.0000 -0.9330
vn -0.8887 0.2205 -0.4020
vn 0.3707 0.1511 -0.9164
vn -0.8421 0.4259 -0.3307
vn 0.4026 0.2920 -0.8676
vn -0.7680 0.6024 -0.2175
vn 0.4534 0.4129 -0.7899
vn -0.6715 0.7377 -0.0698
vn 0.5196 0.5057 -0.6887
vn -0.5590 0.8229 0.1021
vn 0.5967 0.5639 -0.5709
vn -0.4383 0.8519 0.2867
vn 0.6794 0.5839 -0.4443
vn -0.3176 0.8229 0.4712
vn 0.7622 0.5640 -0.3179
vn -0.2052 0.7377 0.6431
vn 0.8392 0.5057 -0.2000
vn -0.1086 0.6024 0.7908
vn 0.9054 0.4129 -0.0988
vn -0.0345 0.4259 0.9041
vn 0.9562 0.2920 -0.0211
vn 0.0121 0.2205 0.9753
vn 0.9881 0.1512 0.0277
vn 0.0279 -0.0000 0.9996
vn 0.9990 -0.0000 0.0443
vn 0.0121 -0.2205 0.9753
vn 0.9881 -0.1511 0.0277
vn -0.0345 -0.4259 0.9041
vn 0.9562 -0.2920 -0.0211
vn -0.1086 -0.6024 0.7908
vn 0.9054 -0.4129 -0.0988
vn -0.2052 -0.7377 0.6431
vn 0.8392 -0.5057 -0.2000
vn -0.3176 -0.8229 0.4712
vn 0.7622 -0.5640 -0.3179
vn -0.0000 -0.8612 0.5082
vn 0.1720 -0.5222 0.8353
vn 0.2794 -0.7920 0.5427
vn 0.3266 -0.9089 0.2594
vn 0.3394 -0.9407 -0.0000
vn 0.3266 -0.9089 -0.2594
vn 0.2794 -0.7920 -0.5427
vn 0.1720 -0.5222 -0.8353
vn 0.3366 -0.3413 0.8776
vn 0.5686 -0.5311 0.6282
vn 0.7039 -0.6327 0.3229
vn 0.7475 -0.6642 -0.0000
vn 0.7039 -0.6327 -0.3229
vn 0.5686 -0.5311 -0.6282
vn 0.3366 -0.3413 -0.8776
vn 0.4265 -0.0000 0.9045
vn 0.7317 -0.0000 0.6816
vn 0.9309 -0.0000 0.3653
vn 0.9309 -0.0000 -0.3653
vn 0.7317 -0.0000 -0.6816
vn 0.4265 -0.0000 -0.9045
vn 0.3366 0.3413 0.8776
vn 0.5686 0.5311 0.6282
vn 0.7039 0.6327 0.3229
vn 0.7475 0.6642 -0.0000
vn 0.7039 0.6327 -0.3229
vn 0.5686 0.5311 -0.6282
vn 0.3366 0.3413 -0.8776
vn 0.1720 0.5222 0.8353
vn 0.2794 0.7920 0.5427
vn 0.3266 0.9089 0.2594
vn 0.3394 0.9407 -0.0000
vn 0.3266 0.9089 -0.2594
vn 0.2794 0.7920 -0.5427
vn 0.1720 0.5222 -0.8353
vn -0.0000 0.5766 0.8171
vn -0.0000 0.8612 0.5082
vn -0.0000 0.9716 0.2367
vn -0.0000 0.9716 -0.2367
vn -0.0000 0.8612 -0.5082
vn -0.0000 0.5766 -0.8171
vn -0.1720 0.5222 0.8353
vn -0.2794 0.7920 0.5427
vn -0.3266 0.9089 0.2594
vn -0.3394 0.9407 -0.0000
vn -0.3266 0.9089 -0.2594
vn -0.2794 0.7920 -0.5427
vn -0.1720 0.5222 -0.8353
vn -0.3366 0.3413 0.8776
vn -0.5686 0.5311 0.6282
vn -0.7039 0.6327 0.3229
vn -0.7475 0.6642 -0.0000
vn -0.7039 0.6327 -0.3229
vn -0.5686 0.5311 -0.6282
vn -0.3366 0.3413 -0.8776
vn -0.4265 -0.0000 0.9045
vn -0.7317 -0.0000 0.6816
vn -0.9309 -0.0000 0.3653
vn -0.9309 -0.0000 -0.3653
vn -0.7317 -0.0000 -0.6816
vn -0.4265 -0.0000 -0.9045
vn -0.3366 -0.3413 0.8776
vn -0.5686 -0.5311 0.6282
vn -0.7039 -0.6327 0.3229
vn -0.7475 -0.6642 -0.0000
vn -0.7039 -0.6327 -0.3229
vn -0.5686 -0.5311 -0.6282
vn -0.3366 -0.3413 -0.8776
vn -0.1720 -0.5222 0.8353
vn -0.2794 -0.7920 0.5427
vn -0.3266 -0.9089 0.2594
vn -0.3394 -0.9407 -0.0000
vn -0.3266 -0.9089 -0.2594
vn -0.2794 -0.7920 -0.5427
vn -0.1720 -0.5222 -0.8353
vn -0.0000 -0.5766 0.8171
vn -0.0000 -0.9716 0.2367
vn -0.0000 -0.9716 -0.2367
vn -0.0000 -0.8612 -0.5082
vn -0.0000 -0.5766 -0.8171
vn 0.2019 -0.8082 -0.5532
vn -0.2529 -0.6752 0.6929
vn 0.4925 -0.7467 -0.4471
vn -0.0102 -0.6238 0.7815
vn 0.7388 -0.5715 -0.3572
vn 0.1956 -0.4775 0.8566
vn 0.9034 -0.3093 -0.2971
vn 0.3330 -0.2584 0.9068
vn 0.9612 -0.0000 -0.2760
vn 0.3814 -0.0000 0.9244
vn 0.9034 0.3093 -0.2971
vn 0.3330 0.2584 0.9068
vn 0.7388 0.5715 -0.3572
vn 0.1956 0.4775 0.8566
vn 0.4925 0.7467 -0.4471
vn -0.0102 0.6238 0.7815
vn 0.2019 0.8082 -0.5532
vn -0.2529 0.6752 0.6929
vn -0.0886 0.7467 -0.6592
vn -0.4957 0.6238 0.6042
vn -0.3349 0.5715 -0.7491
vn -0.7014 0.4775 0.5292
vn -0.4995 0.3093 -0.8092
vn -0.8390 0.2584 0.4789
vn -0.5573 -0.0000 -0.8303
vn -0.8872 -0.0000 0.4613
vn -0.4995 -0.3093 -0.8092
vn -0.8390 -0.2584 0.4789
vn -0.3349 -0.5715 -0.7491
vn -0.7014 -0.4775 0.5292
vn -0.0886 -0.7467 -0.6592
vn -0.4957 -0.6238 0.6042
vn 0.2051 -0.8014 -0.5618
vn -0.2501 -0.6840 0.6852
vn 0.4932 -0.7404 -0.4567
vn -0.0042 -0.6319 0.7750
vn 0.7374 -0.5667 -0.3675
vn 0.2042 -0.4837 0.8511
vn 0.9006 -0.3067 -0.3079
vn 0.3435 -0.2617 0.9019
vn 0.9579 -0.0000 -0.2870
vn 0.3925 -0.0000 0.9198
vn 0.9006 0.3067 -0.3079
vn 0.3435 0.2617 0.9019
vn 0.7374 0.5667 -0.3675
vn 0.2042 0.4837 0.8511
vn 0.4932 0.7404 -0.4567
vn -0.0043 0.6319 0.7750
vn 0.2051 0.8014 -0.5618
vn -0.2501 0.6840 0.6852
vn -0.0830 0.7404 -0.6670
vn -0.4960 0.6320 0.5955
vn -0.3272 0.5667 -0.7562
vn -0.7045 0.4837 0.5194
vn -0.4905 0.3067 -0.8157
vn -0.8438 0.2618 0.4685
vn -0.5477 -0.0000 -0.8367
vn -0.8927 -0.0000 0.4507
vn -0.4905 -0.3067 -0.8157
vn -0.8438 -0.2618 0.4685
vn -0.3272 -0.5667 -0.7562
vn -0.7045 -0.4837 0.5194
vn -0.0830 -0.7404 -0.6670
vn -0.4960 -0.6320 0.5955
vn 0.2076 -0.7959 -0.5687
vn -0.2479 -0.6909 0.6791
vn 0.4937 -0.7354 -0.4642
vn 0.0005 -0.6383 0.7697
vn 0.7363 -0.5628 -0.3757
vn 0.2110 -0.4885 0.8467
vn 0.8984 -0.3046 -0.3165
vn 0.3517 -0.2644 0.8980
vn 0.9553 -0.0000 -0.2958
vn 0.4011 -0.0000 0.9160
vn 0.8984 0.3046 -0.3165
vn 0.3517 0.2644 0.8980
vn 0.7363 0.5628 -0.3757
vn 0.2110 0.4885 0.8467
vn 0.4937 0.7354 -0.4642
vn 0.0005 0.6383 0.7698
vn 0.2076 0.7959 -0.5687
vn -0.2479 0.6909 0.6791
vn -0.0785 0.7354 -0.6731
vn -0.4963 0.6383 0.5884
vn -0.3211 0.5628 -0.7617
vn -0.7068 0.4885 0.5116
vn -0.4832 0.3046 -0.8208
vn -0.8475 0.2643 0.4604
vn -0.5401 -0.0000 -0.8416
vn -0.8969 -0.0000 0.4422
vn -0.4832 -0.3046 -0.8208
vn -0.8475 -0.2643 0.4604
vn -0.3211 -0.5628 -0.7617
vn -0.7068 -0.4885 0.5116
vn -0.0786 -0.7354 -0.6731
vn -0.4963 -0.6383 0.5884
vt 0.750000 0.500000
vt 0.700000 0.583333
vt 0.750000 0.583333
vt 0.750000 0.750000
vt 0.700000 0.833333
vt 0.750000 0.833333
vt 0.700000 0.166667
vt 0.750000 0.250000
vt 0.750000 0.166667
vt 0.700000 0.416667
vt 0.750000 0.416667
vt 0.750000 0.666667
vt 0.700000 0.750000
vt 0.700000 0.083333
vt 0.750000 0.083333
vt 0.750000 0.916667
vt 0.700000 0.916667
vt 0.725000 1.000000
vt 0.700000 0.333333
vt 0.750000 0.333333
vt 0.700000 0.666667
vt 0.725000 0.000000
vt 0.700000 0.250000
vt 0.650000 0.083333
vt 0.650000 0.916667
vt 0.675000 1.000000
vt 0.650000 0.333333
vt 0.650000 0.666667
vt 0.675000 0.000000
vt 0.650000 0.250000
vt 0.700000 0.500000
vt 0.650000 0.583333
vt 0.650000 0.833333
vt 0.650000 0.166667
vt 0.650000 0.416667
vt 0.650000 0.750000
vt 0.600000 0.833333
vt 0.600000 0.166667
vt 0.600000 0.416667
vt 0.650000 0.500000
vt 0.600000 0.750000
vt 0.600000 0.083333
vt 0.600000 0.916667
vt 0.625000 1.000000
vt 0.600000 0.333333
vt 0.600000 0.666667
vt 0.625000 0.000000
vt 0.600000 0.250000
vt 0.600000 0.583333
vt 0.575000 0.000000
vt 0.550000 0.083333
vt 0.550000 0.916667
vt 0.550000 0.250000
vt 0.600000 0.500000
vt 0.550000 0.583333
vt 0.550000 0.833333
vt 0.550000 0.166667
vt 0.550000 0.416667
vt 0.550000 0.750000
vt 0.575000 1.000000
vt 0.550000 0.333333
vt 0.550000 0.666667
vt 0.500000 0.750000
vt 0.500000 0.083333
vt 0.500000 0.916667
vt 0.525000 1.000000
vt 0.500000 0.333333
vt 0.500000 0.666667
vt 0.525000 0.000000
vt 0.500000 0.250000
vt 0.550000 0.500000
vt 0.500000 0.583333
vt 0.500000 0.833333
vt 0.500000 0.166667
vt 0.500000 0.416667
vt 0.450000 0.750000
vt 0.450000 0.250000
vt 0.450000 0.500000
vt 0.500000 0.500000
vt 0.450000 0.666667
vt 0.450000 0.166667
vt 0.450000 0.916667
vt 0.475000 1.000000
vt 0.450000 0.416667
vt 0.450000 0.583333
vt 0.475000 0.000000
vt 0.450000 0.083333
vt 0.450000 0.833333
vt 0.450000 0.333333
vt 0.400000 0.583333
vt 0.425000 0.000000
vt 0.400000 0.083333
vt 0.400000 0.833333
vt 0.400000 0.333333
vt 0.400000 0.500000
vt 0.400000 0.750000
vt 0.400000 0.250000
vt 0.400000 0.666667
vt 0.400000 0.166667
vt 0.400000 0.916667
vt 0.425000 1.000000
vt 0.400000 0.416667
vt 0.350000 0.666667
vt 0.350000 0.166667
vt 0.350000 0.916667
vt 0.375000 1.000000
vt 0.350000 0.416667
vt 0.350000 0.583333
vt 0.375000 0.000000
vt 0.350000 0.083333
vt 0.350000 0.833333
vt 0.350000 0.333333
vt 0.350000 0.500000
vt 0.350000 0.750000
vt 0.350000 0.250000
vt 0.300000 0.500000
vt 0.300000 0.750000
vt 0.300000 0.250000
vt 0.300000 0.666667
vt 0.300000 0.166667
vt 0.300000 0.916667
vt 0.325000 1.000000
vt 0.300000 0.416667
vt 0.300000 0.583333
vt 0.325000 0.000000
vt 0.300000 0.083333
vt 0.300000 0.833333
vt 0.300000 0.333333
vt 0.250000 0.583333
vt 0.275000 0.000000
vt 0.250000 0.083333
vt 0.250000 0.833333
vt 0.250000 0.333333
vt 0.250000 0.500000
vt 0.250000 0.750000
vt 0.250000 0.250000
vt 0.250000 0.666667
vt 0.250000 0.166667
vt 0.250000 0.916667
vt 0.275000 1.000000
vt 0.250000 0.416667
vt 0.200000 0.416667
vt 0.200000 0.750000
vt 0.200000 0.083333
vt 0.200000 0.916667
vt 0.225000 1.000000
vt 0.200000 0.333333
vt 0.200000 0.666667
vt 0.225000 0.000000
vt 0.200000 0.250000
vt 0.200000 0.583333
vt 0.200000 0.833333
vt 0.200000 0.166667
vt 0.200000 0.500000
vt 0.150000 0.583333
vt 0.150000 0.833333
vt 0.150000 0.166667
vt 0.150000 0.416667
vt 0.150000 0.750000
vt 0.150000 0.083333
vt 0.150000 0.916667
vt 0.175000 1.000000
vt 0.150000 0.333333
vt 0.150000 0.666667
vt 0.175000 0.000000
vt 0.150000 0.250000
vt 0.100000 0.333333
vt 0.100000 0.666667
vt 0.125000 0.000000
vt 0.100000 0.083333
vt 0.100000 0.916667
vt 0.100000 0.250000
vt 0.150000 0.500000
vt 0.100000 0.583333
vt 0.100000 0.833333
vt 0.100000 0.166667
vt 0.100000 0.416667
vt 0.100000 0.750000
vt 0.125000 1.000000
vt 0.050000 0.416667
vt 0.100000 0.500000
vt 0.050000 0.750000
vt 0.050000 0.083333
vt 0.050000 0.916667
vt 0.075000 1.000000
vt 0.050000 0.333333
vt 0.050000 0.666667
vt 0.075000 0.000000
vt 0.050000 0.250000
vt 0.050000 0.583333
vt 0.050000 0.833333
vt 0.050000 0.166667
vt 0.000000 0.250000
vt 0.050000 0.500000
vt 0.000000 0.583333
vt 0.000000 0.833333
vt 0.000000 0.166667
vt 0.000000 0.416667
vt 0.000000 0.750000
vt 0.000000 0.083333
vt 0.000000 0.916667
vt 0.025000 1.000000
vt 0.000000 0.333333
vt 0.000000 0.666667
vt 0.025000 0.000000
vt 1.000000 0.916667
vt 0.950000 0.916667
vt 0.975000 1.000000
vt 1.000000 0.333333
vt 0.950000 0.416667
vt 1.000000 0.416667
vt 0.950000 0.583333
vt 1.000000 0.666667
vt 1.000000 0.583333
vt 0.975000 0.000000
vt 0.950000 0.083333
vt 1.000000 0.083333
vt 0.950000 0.833333
vt 1.000000 0.833333
vt 1.000000 0.250000
vt 0.950000 0.333333
vt 0.950000 0.500000
vt 1.000000 0.500000
vt 0.950000 0.750000
vt 1.000000 0.750000
vt 1.000000 0.166667
vt 0.950000 0.250000
vt 0.950000 0.666667
vt 0.950000 0.166667
vt 0.900000 0.250000
vt 0.900000 0.500000
vt 0.900000 0.666667
vt 0.900000 0.166667
vt 0.900000 0.916667
vt 0.925000 1.000000
vt 0.900000 0.416667
vt 0.900000 0.583333
vt 0.925000 0.000000
vt 0.900000 0.083333
vt 0.900000 0.833333
vt 0.900000 0.333333
vt 0.900000 0.750000
vt 0.850000 0.833333
vt 0.850000 0.333333
vt 0.850000 0.500000
vt 0.850000 0.750000
vt 0.850000 0.250000
vt 0.850000 0.666667
vt 0.850000 0.166667
vt 0.850000 0.916667
vt 0.875000 1.000000
vt 0.850000 0.416667
vt 0.850000 0.583333
vt 0.875000 0.000000
vt 0.850000 0.083333
vt 0.800000 0.166667
vt 0.800000 0.916667
vt 0.825000 1.000000
vt 0.800000 0.416667
vt 0.800000 0.583333
vt 0.825000 0.000000
vt 0.800000 0.083333
vt 0.800000 0.833333
vt 0.800000 0.333333
vt 0.800000 0.500000
vt 0.800000 0.750000
vt 0.800000 0.250000
vt 0.800000 0.666667
vt 0.775000 1.000000
vt 0.775000 0.000000
vt 0.687500 0.600000
vt 0.750000 0.600000
vt 0.750000 0.800000
vt 0.687500 0.900000
vt 0.750000 0.900000
vt 0.687500 0.100000
vt 0.750000 0.200000
vt 0.750000 0.100000
vt 0.687500 0.400000
vt 0.750000 0.400000
vt 0.750000 0.700000
vt 0.687500 0.800000
vt 0.718750 0.000000
vt 0.687500 0.300000
vt 0.750000 0.300000
vt 0.687500 0.700000
vt 0.718750 1.000000
vt 0.687500 0.200000
vt 0.625000 0.900000
vt 0.625000 0.100000
vt 0.625000 0.400000
vt 0.687500 0.500000
vt 0.625000 0.800000
vt 0.656250 0.000000
vt 0.625000 0.300000
vt 0.625000 0.700000
vt 0.656250 1.000000
vt 0.625000 0.200000
vt 0.625000 0.600000
vt 0.562500 0.200000
vt 0.625000 0.500000
vt 0.562500 0.600000
vt 0.562500 0.900000
vt 0.562500 0.100000
vt 0.562500 0.400000
vt 0.562500 0.800000
vt 0.593750 0.000000
vt 0.562500 0.300000
vt 0.562500 0.700000
vt 0.593750 1.000000
vt 0.500000 0.700000
vt 0.500000 0.900000
vt 0.531250 1.000000
vt 0.500000 0.200000
vt 0.562500 0.500000
vt 0.500000 0.600000
vt 0.500000 0.100000
vt 0.500000 0.400000
vt 0.500000 0.800000
vt 0.531250 0.000000
vt 0.500000 0.300000
vt 0.437500 0.400000
vt 0.437500 0.600000
vt 0.437500 0.900000
vt 0.468750 1.000000
vt 0.437500 0.300000
vt 0.437500 0.500000
vt 0.500000 0.500000
vt 0.437500 0.800000
vt 0.437500 0.200000
vt 0.437500 0.700000
vt 0.468750 0.000000
vt 0.437500 0.100000
vt 0.375000 0.700000
vt 0.406250 0.000000
vt 0.375000 0.100000
vt 0.375000 0.400000
vt 0.375000 0.600000
vt 0.375000 0.900000
vt 0.406250 1.000000
vt 0.375000 0.300000
vt 0.375000 0.500000
vt 0.375000 0.800000
vt 0.375000 0.200000
vt 0.312500 0.200000
vt 0.312500 0.500000
vt 0.312500 0.700000
vt 0.343750 0.000000
vt 0.312500 0.100000
vt 0.312500 0.400000
vt 0.312500 0.600000
vt 0.312500 0.900000
vt 0.343750 1.000000
vt 0.312500 0.300000
vt 0.312500 0.800000
vt 0.250000 0.500000
vt 0.250000 0.800000
vt 0.250000 0.200000
vt 0.250000 0.700000
vt 0.281250 0.000000
vt 0.250000 0.100000
vt 0.250000 0.400000
vt 0.250000 0.600000
vt 0.250000 0.900000
vt 0.281250 1.000000
vt 0.250000 0.300000
vt 0.187500 0.900000
vt 0.218750 1.000000
vt 0.187500 0.200000
vt 0.187500 0.600000
vt 0.187500 0.100000
vt 0.187500 0.400000
vt 0.187500 0.800000
vt 0.218750 0.000000
vt 0.187500 0.300000
vt 0.187500 0.700000
vt 0.125000 0.700000
vt 0.125000 0.900000
vt 0.156250 1.000000
vt 0.125000 0.200000
vt 0.187500 0.500000
vt 0.125000 0.600000
vt 0.125000 0.100000
vt 0.125000 0.400000
vt 0.125000 0.800000
vt 0.156250 0.000000
vt 0.125000 0.300000
vt 0.093750 0.000000
vt 0.062500 0.100000
vt 0.062500 0.300000
vt 0.062500 0.700000
vt 0.062500 0.900000
vt 0.093750 1.000000
vt 0.062500 0.200000
vt 0.125000 0.500000
vt 0.062500 0.600000
vt 0.062500 0.400000
vt 0.062500 0.800000
vt 0.000000 0.400000
vt 0.062500 0.500000
vt 0.000000 0.800000
vt 0.031250 0.000000
vt 0.000000 0.100000
vt 0.000000 0.300000
vt 0.000000 0.700000
vt 0.000000 0.900000
vt 0.031250 1.000000
vt 0.000000 0.200000
vt 0.000000 0.600000
vt 0.937500 0.800000
vt 1.000000 0.900000
vt 1.000000 0.800000
vt 1.000000 0.100000
vt 0.937500 0.200000
vt 1.000000 0.200000
vt 1.000000 0.400000
vt 0.937500 0.500000
vt 0.937500 0.700000
vt 1.000000 0.700000
vt 0.968750 0.000000
vt 0.937500 0.100000
vt 1.000000 0.300000
vt 0.937500 0.400000
vt 0.937500 0.600000
vt 1.000000 0.600000
vt 0.937500 0.900000
vt 0.968750 1.000000
vt 0.937500 0.300000
vt 0.875000 0.500000
vt 0.875000 0.800000
vt 0.875000 0.200000
vt 0.875000 0.700000
vt 0.906250 0.000000
vt 0.875000 0.100000
vt 0.875000 0.400000
vt 0.875000 0.600000
vt 0.875000 0.900000
vt 0.906250 1.000000
vt 0.875000 0.300000
vt 0.812500 0.900000
vt 0.843750 1.000000
vt 0.812500 0.300000
vt 0.812500 0.500000
vt 0.812500 0.800000
vt 0.812500 0.200000
vt 0.812500 0.700000
vt 0.843750 0.000000
vt 0.812500 0.100000
vt 0.812500 0.400000
vt 0.812500 0.600000
vt 0.781250 1.000000
vt 0.781250 0.000000
vt 0.964286 0.500000
vt 1.000000 1.000000
vt 0.928571 1.000000
vt 0.964286 1.000000
vt 0.892857 0.500000
vt 0.928571 0.500000
vt 0.857143 1.000000
vt 0.892857 1.000000
vt 0.821429 0.500000
vt 0.857143 0.500000
vt 0.785714 0.500000
vt 0.821429 1.000000
vt 0.750000 0.500000
vt 0.785714 1.000000
vt 0.714286 1.000000
vt 0.750000 1.000000
vt 0.678572 0.500000
vt 0.714286 0.500000
vt 0.642857 1.000000
vt 0.678572 1.000000
vt 0.642857 0.500000
vt 0.607143 1.000000
vt 0.571429 0.500000
vt 0.607143 0.500000
vt 0.535715 0.500000
vt 0.571429 1.000000
vt 0.500000 0.500000
vt 0.535715 1.000000
vt 0.464286 0.500000
vt 0.500000 1.000000
vt 0.428572 1.000000
vt 0.464286 1.000000
vt 0.392857 0.500000
vt 0.428572 0.500000
vt 0.357143 0.500000
vt 0.392857 1.000000
vt 0.321429 0.500000
vt 0.357143 1.000000
vt 0.285714 1.000000
vt 0.321429 1.000000
vt 0.285714 0.500000
vt 0.250000 1.000000
vt 0.250000 0.500000
vt 0.214286 1.000000
vt 0.178572 0.500000
vt 0.214286 0.500000
vt 0.142857 1.000000
vt 0.178572 1.000000
vt 0.107143 0.500000
vt 0.142857 0.500000
vt 0.071429 0.500000
vt 0.107143 1.000000
vt 0.483983 0.196595
vt 0.145868 0.033767
vt 0.062360 0.399638
vt 0.035714 0.500000
vt 0.071429 1.000000
vt 0.000000 0.500000
vt 0.035714 1.000000
vt 0.510000 0.250000
vt 0.803405 0.016017
vt 0.966233 0.354132
vt 0.958333 0.500000
vt 0.916667 1.000000
vt 0.958333 1.000000
vt 0.875000 0.500000
vt 0.916667 0.500000
vt 0.833333 0.500000
vt 0.791667 0.500000
vt 0.833333 1.000000
vt 0.750000 1.000000
vt 0.791667 1.000000
vt 0.708333 0.500000
vt 0.750000 0.500000
vt 0.666667 0.500000
vt 0.708333 1.000000
vt 0.625000 1.000000
vt 0.666667 1.000000
vt 0.583333 0.500000
vt 0.625000 0.500000
vt 0.541666 0.500000
vt 0.583333 1.000000
vt 0.500000 1.000000
vt 0.541666 1.000000
vt 0.458333 0.500000
vt 0.500000 0.500000
vt 0.416666 1.000000
vt 0.458333 1.000000
vt 0.416666 0.500000
vt 0.375000 1.000000
vt 0.333333 0.500000
vt 0.375000 0.500000
vt 0.291667 1.000000
vt 0.333333 1.000000
vt 0.291667 0.500000
vt 0.250000 1.000000
vt 0.250000 0.500000
vt 0.208333 1.000000
vt 0.166666 0.500000
vt 0.208333 0.500000
vt 0.125000 1.000000
vt 0.166666 1.000000
vt 0.083333 0.500000
vt 0.125000 0.500000
vt 0.457846 0.130000
vt 0.042154 0.130000
vt 0.250000 0.490000
vt 0.041666 0.500000
vt 0.083333 1.000000
vt -0.000000 0.500000
vt 0.041666 1.000000
vt 0.518178 0.187883
vt 0.919706 0.080294
vt 0.812117 0.481822
vt 0.666667 0.125000
vt 0.750000 0.250000
vt 0.750000 0.125000
vt 0.666667 0.375000
vt 0.750000 0.375000
vt 0.750000 0.625000
vt 0.666667 0.750000
vt 0.750000 0.750000
vt 0.750000 0.875000
vt 0.666667 0.875000
vt 0.708333 1.000000
vt 0.708333 0.000000
vt 0.666667 0.250000
vt 0.666667 0.625000
vt 0.583333 0.875000
vt 0.583333 0.125000
vt 0.583333 0.250000
vt 0.666667 0.500000
vt 0.583333 0.625000
vt 0.583333 0.375000
vt 0.583333 0.750000
vt 0.583333 0.500000
vt 0.500000 0.625000
vt 0.500000 0.875000
vt 0.500000 0.125000
vt 0.500000 0.375000
vt 0.500000 0.750000
vt 0.541667 1.000000
vt 0.541667 0.000000
vt 0.416667 0.250000
vt 0.416667 0.500000
vt 0.416667 0.625000
vt 0.416667 0.875000
vt 0.458333 1.000000
vt 0.458333 0.000000
vt 0.416667 0.125000
vt 0.416667 0.375000
vt 0.416667 0.750000
vt 0.333333 0.500000
vt 0.333333 0.625000
vt 0.333333 0.875000
vt 0.333333 0.125000
vt 0.333333 0.375000
vt 0.333333 0.750000
vt 0.333333 0.250000
vt 0.291667 0.000000
vt 0.250000 0.125000
vt 0.250000 0.375000
vt 0.250000 0.750000
vt 0.250000 0.625000
vt 0.250000 0.875000
vt 0.291667 1.000000
vt 0.166667 0.625000
vt 0.166667 0.875000
vt 0.166667 0.125000
vt 0.166667 0.375000
vt 0.166667 0.750000
vt 0.208333 1.000000
vt 0.208333 0.000000
vt 0.166667 0.250000
vt 0.083333 0.125000
vt 0.083333 0.375000
vt 0.166667 0.500000
vt 0.083333 0.750000
vt 0.083333 0.875000
vt 0.083333 0.250000
vt 0.083333 0.625000
vt 0.000000 0.750000
vt 0.000000 0.875000
vt 0.041667 1.000000
vt 0.041667 0.000000
vt 0.000000 0.125000
vt 0.000000 0.250000
vt 0.083333 0.500000
vt 0.000000 0.625000
vt 0.000000 0.375000
vt 0.958333 0.000000
vt 0.916667 0.125000
vt 1.000000 0.125000
vt 1.000000 0.250000
vt 0.916667 0.375000
vt 1.000000 0.375000
vt 1.000000 0.625000
vt 0.916667 0.750000
vt 1.000000 0.875000
vt 1.000000 0.750000
vt 0.916667 0.250000
vt 0.916667 0.625000
vt 0.916667 0.875000
vt 0.833333 0.750000
vt 0.833333 0.250000
vt 0.833333 0.500000
vt 0.833333 0.625000
vt 0.833333 0.875000
vt 0.875000 1.000000
vt 0.875000 0.000000
vt 0.833333 0.125000
vt 0.833333 0.375000
vt 0.791667 1.000000
vt 0.791667 0.000000
vt 0.937500 0.500000
vt 0.937500 1.000000
vt 0.812500 0.500000
vt 0.875000 0.500000
vt 0.750000 1.000000
vt 0.812500 1.000000
vt 0.687500 1.000000
vt 0.500000 1.000000
vt 0.562500 1.000000
vt 0.437500 0.500000
vt 0.375000 0.500000
vt 0.437500 1.000000
vt 0.312500 1.000000
vt 0.312500 0.500000
vt 0.187500 1.000000
vt 0.250000 1.000000
vt 0.125000 0.500000
vt 0.187500 0.500000
vt 0.250000 0.010000
vt 0.010000 0.250000
vt 0.062500 0.500000
vt 0.000000 0.500000
vt 0.062500 1.000000
vt 0.658156 0.028269
vt 0.971731 0.158156
vt 0.841844 0.471731
vt 0.303405 0.483983
vt 0.354132 0.466233
vt 0.399638 0.437640
vt 0.437640 0.399638
vt 0.466233 0.354132
vt 0.483983 0.303405
vt 0.490000 0.250000
vt 0.466233 0.145868
vt 0.437640 0.100362
vt 0.399638 0.062360
vt 0.354132 0.033767
vt 0.303405 0.016017
vt 0.196595 0.016017
vt 0.100362 0.062360
vt 0.062360 0.100362
vt 0.033767 0.145868
vt 0.016017 0.196595
vt 0.016017 0.303405
vt 0.033767 0.354132
vt 0.100362 0.437640
vt 0.145868 0.466233
vt 0.196595 0.483983
vt 0.000000 1.000000
vt 0.803405 0.483983
vt 0.750000 0.490000
vt 0.696595 0.483983
vt 0.645868 0.466233
vt 0.600362 0.437640
vt 0.562360 0.399638
vt 0.533767 0.354132
vt 0.516017 0.303405
vt 0.516017 0.196595
vt 0.533767 0.145868
vt 0.562360 0.100362
vt 0.600362 0.062360
vt 0.645868 0.033767
vt 0.696595 0.016017
vt 0.750000 0.010000
vt 0.854132 0.033767
vt 0.899638 0.062360
vt 0.937640 0.100362
vt 0.966233 0.145868
vt 0.983983 0.196595
vt 0.990000 0.250000
vt 0.983983 0.303405
vt 0.937640 0.399638
vt 0.899638 0.437640
vt 0.854132 0.466233
vt 0.312117 0.481822
vt 0.370000 0.457846
vt 0.419706 0.419706
vt 0.457846 0.370000
vt 0.481822 0.312117
vt 0.481822 0.187883
vt 0.419706 0.080294
vt 0.370000 0.042154
vt 0.312117 0.018178
vt 0.187883 0.018178
vt 0.130000 0.042154
vt 0.080294 0.080294
vt 0.018178 0.187883
vt 0.018178 0.312117
vt 0.042154 0.370000
vt 0.080294 0.419706
vt 0.130000 0.457846
vt 0.187883 0.481822
vt -0.000000 1.000000
vt 0.687883 0.481822
vt 0.630000 0.457846
vt 0.580294 0.419706
vt 0.542154 0.370000
vt 0.518178 0.312117
vt 0.542154 0.130000
vt 0.580294 0.080294
vt 0.630000 0.042154
vt 0.687883 0.018178
vt 0.750000 0.010000
vt 0.812117 0.018178
vt 0.870000 0.042154
vt 0.957846 0.130000
vt 0.981822 0.187883
vt 0.981822 0.312117
vt 0.957846 0.370000
vt 0.919706 0.419706
vt 0.870000 0.457846
vt 0.341844 0.471731
vt 0.471731 0.341844
vt 0.471731 0.158156
vt 0.341844 0.028269
vt 0.158156 0.028269
vt 0.028269 0.158156
vt 0.028269 0.341844
vt 0.158156 0.471731
vt 0.000000 1.000000
vt 0.658156 0.471731
vt 0.528269 0.341844
vt 0.528269 0.158156
vt 0.580294 0.080294
vt 0.841844 0.028269
vt 0.919706 0.080294
vt 0.971731 0.341844
s 1
usemtl CoralRed
f 5/1/5 14/2/14 4/3/4
f 219/4/219 11/5/11 3/6/3
f 19/7/19 222/8/222 7/9/7
f 16/10/16 5/1/5 6/11/6
f 220/12/220 12/13/12 219/4/219
f 20/14/20 7/9/7 8/15/8
f 2/16/2 10/17/10 1/18/1
f 17/19/17 6/11/6 221/20/221
f 4/3/4 13/21/13 220/12/220
f 9/22/9 20/14/20 8/15/8
f 3/6/3 10/17/10 2/16/2
f 18/23/18 221/20/221 222/8/222
f 31/24/31 19/7/19 20/14/20
f 10/17/10 21/25/21 1/26/1
f 28/27/28 16/10/16 17/19/17
f 14/2/14 24/28/24 13/21/13
f 9/29/9 31/24/31 20/14/20
f 11/5/11 21/25/21 10/17/10
f 29/30/29 17/19/17 18/23/18
f 15/31/15 25/32/25 14/2/14
f 12/13/12 22/33/22 11/5/11
f 30/34/30 18/23/18 19/7/19
f 27/35/27 15/31/15 16/10/16
f 13/21/13 23/36/23 12/13/12
f 23/36/23 33/37/33 22/33/22
f 41/38/41 29/30/29 30/34/30
f 38/39/38 26/40/26 27/35/27
f 24/28/24 34/41/34 23/36/23
f 42/42/42 30/34/30 31/24/31
f 21/25/21 32/43/32 1/44/1
f 39/45/39 27/35/27 28/27/28
f 25/32/25 35/46/35 24/28/24
f 9/47/9 42/42/42 31/24/31
f 22/33/22 32/43/32 21/25/21
f 40/48/40 28/27/28 29/30/29
f 26/40/26 36/49/36 25/32/25
f 9/50/9 53/51/53 42/42/42
f 33/37/33 43/52/43 32/43/32
f 51/53/51 39/45/39 40/48/40
f 37/54/37 47/55/47 36/49/36
f 34/41/34 44/56/44 33/37/33
f 52/57/52 40/48/40 41/38/41
f 49/58/49 37/54/37 38/39/38
f 35/46/35 45/59/45 34/41/34
f 53/51/53 41/38/41 42/42/42
f 32/43/32 43/52/43 1/60/1
f 50/61/50 38/39/38 39/45/39
f 36/49/36 46/62/46 35/46/35
f 46/62/46 56/63/56 45/59/45
f 64/64/64 52/57/52 53/51/53
f 43/52/43 54/65/54 1/66/1
f 61/67/61 49/58/49 50/61/50
f 47/55/47 57/68/57 46/62/46
f 9/69/9 64/64/64 53/51/53
f 44/56/44 54/65/54 43/52/43
f 62/70/62 50/61/50 51/53/51
f 48/71/48 58/72/58 47/55/47
f 45/59/45 55/73/55 44/56/44
f 63/74/63 51/53/51 52/57/52
f 60/75/60 48/71/48 49/58/49
f 67/76/67 55/73/55 56/63/56
f 63/74/63 73/77/73 62/70/62
f 60/75/60 70/78/70 59/79/59
f 68/80/68 56/63/56 57/68/57
f 64/64/64 74/81/74 63/74/63
f 54/65/54 65/82/65 1/83/1
f 61/67/61 71/84/71 60/75/60
f 69/85/69 57/68/57 58/72/58
f 9/86/9 75/87/75 64/64/64
f 66/88/66 54/65/54 55/73/55
f 62/70/62 72/89/72 61/67/61
f 70/78/70 58/72/58 59/79/59
f 80/90/80 68/80/68 69/85/69
f 9/91/9 86/92/86 75/87/75
f 77/93/77 65/82/65 66/88/66
f 73/77/73 83/94/83 72/89/72
f 81/95/81 69/85/69 70/78/70
f 78/96/78 66/88/66 67/76/67
f 74/81/74 84/97/84 73/77/73
f 71/84/71 81/95/81 70/78/70
f 79/98/79 67/76/67 68/80/68
f 75/87/75 85/99/85 74/81/74
f 65/82/65 76/100/76 1/101/1
f 72/89/72 82/102/82 71/84/71
f 90/103/90 78/96/78 79/98/79
f 86/92/86 96/104/96 85/99/85
f 76/100/76 87/105/87 1/106/1
f 83/94/83 93/107/93 82/102/82
f 91/108/91 79/98/79 80/90/80
f 9/109/9 97/110/97 86/92/86
f 88/111/88 76/100/76 77/93/77
f 84/97/84 94/112/94 83/94/83
f 92/113/92 80/90/80 81/95/81
f 89/114/89 77/93/77 78/96/78
f 85/99/85 95/115/95 84/97/84
f 82/102/82 92/113/92 81/95/81
f 103/116/103 91/108/91 92/113/92
f 100/117/100 88/111/88 89/114/89
f 96/104/96 106/118/106 95/115/95
f 93/107/93 103/116/103 92/113/92
f 101/119/101 89/114/89 90/103/90
f 97/110/97 107/120/107 96/104/96
f 87/105/87 98/121/98 1/122/1
f 94/112/94 104/123/104 93/107/93
f 102/124/102 90/103/90 91/108/91
f 9/125/9 108/126/108 97/110/97
f 99/127/99 87/105/87 88/111/88
f 95/115/95 105/128/105 94/112/94
f 113/129/113 101/119/101 102/124/102
f 9/130/9 119/131/119 108/126/108
f 110/132/110 98/121/98 99/127/99
f 106/118/106 116/133/116 105/128/105
f 114/134/114 102/124/102 103/116/103
f 111/135/111 99/127/99 100/117/100
f 107/120/107 117/136/117 106/118/106
f 104/123/104 114/134/114 103/116/103
f 112/137/112 100/117/100 101/119/101
f 108/126/108 118/138/118 107/120/107
f 98/121/98 109/139/109 1/140/1
f 105/128/105 115/141/115 104/123/104
f 126/142/126 114/134/114 115/141/115
f 112/137/112 122/143/122 111/135/111
f 130/144/130 118/138/118 119/131/119
f 109/139/109 120/145/120 1/146/1
f 127/147/127 115/141/115 116/133/116
f 113/129/113 123/148/123 112/137/112
f 9/149/9 130/144/130 119/131/119
f 110/132/110 120/145/120 109/139/109
f 128/150/128 116/133/116 117/136/117
f 114/134/114 124/151/124 113/129/113
f 111/135/111 121/152/121 110/132/110
f 129/153/129 117/136/117 118/138/118
f 125/154/125 135/155/135 124/151/124
f 122/143/122 132/156/132 121/152/121
f 140/157/140 128/150/128 129/153/129
f 137/158/137 125/154/125 126/142/126
f 123/148/123 133/159/133 122/143/122
f 141/160/141 129/153/129 130/144/130
f 120/145/120 131/161/131 1/162/1
f 138/163/138 126/142/126 127/147/127
f 124/151/124 134/164/134 123/148/123
f 9/165/9 141/160/141 130/144/130
f 121/152/121 131/161/131 120/145/120
f 139/166/139 127/147/127 128/150/128
f 149/167/149 137/158/137 138/163/138
f 135/155/135 145/168/145 134/164/134
f 9/169/9 152/170/152 141/160/141
f 132/156/132 142/171/142 131/161/131
f 150/172/150 138/163/138 139/166/139
f 136/173/136 146/174/146 135/155/135
f 133/159/133 143/175/143 132/156/132
f 151/176/151 139/166/139 140/157/140
f 148/177/148 136/173/136 137/158/137
f 134/164/134 144/178/144 133/159/133
f 152/170/152 140/157/140 141/160/141
f 131/161/131 142/171/142 1/179/1
f 159/180/159 147/181/147 148/177/148
f 145/168/145 155/182/155 144/178/144
f 163/183/163 151/176/151 152/170/152
f 142/171/142 153/184/153 1/185/1
f 160/186/160 148/177/148 149/167/149
f 146/174/146 156/187/156 145/168/145
f 9/188/9 163/183/163 152/170/152
f 143/175/143 153/184/153 142/171/142
f 161/189/161 149/167/149 150/172/150
f 147/181/147 157/190/157 146/174/146
f 144/178/144 154/191/154 143/175/143
f 162/192/162 150/172/150 151/176/151
f 172/193/172 160/186/160 161/189/161
f 158/194/158 168/195/168 157/190/157
f 155/182/155 165/196/165 154/191/154
f 173/197/173 161/189/161 162/192/162
f 170/198/170 158/194/158 159/180/159
f 156/187/156 166/199/166 155/182/155
f 174/200/174 162/192/162 163/183/163
f 153/184/153 164/201/164 1/202/1
f 171/203/171 159/180/159 160/186/160
f 157/190/157 167/204/167 156/187/156
f 9/205/9 174/200/174 163/183/163
f 154/191/154 164/201/164 153/184/153
f 164/206/164 175/207/175 1/208/1
f 171/209/171 181/210/181 170/211/170
f 179/212/179 167/213/167 168/214/168
f 9/215/9 185/216/185 174/217/174
f 176/218/176 164/206/164 165/219/165
f 172/220/172 182/221/182 171/209/171
f 180/222/180 168/214/168 169/223/169
f 177/224/177 165/219/165 166/225/166
f 173/226/173 183/227/183 172/220/172
f 170/211/170 180/222/180 169/223/169
f 178/228/178 166/225/166 167/213/167
f 174/217/174 184/229/184 173/226/173
f 184/229/184 194/230/194 183/227/183
f 181/210/181 191/231/191 180/222/180
f 189/232/189 177/224/177 178/228/178
f 185/216/185 195/233/195 184/229/184
f 175/207/175 186/234/186 1/235/1
f 182/221/182 192/236/192 181/210/181
f 190/237/190 178/228/178 179/212/179
f 9/238/9 196/239/196 185/216/185
f 187/240/187 175/207/175 176/218/176
f 183/227/183 193/241/193 182/221/182
f 191/231/191 179/212/179 180/222/180
f 188/242/188 176/218/176 177/224/177
f 198/243/198 186/234/186 187/240/187
f 194/230/194 204/244/204 193/241/193
f 202/245/202 190/237/190 191/231/191
f 199/246/199 187/240/187 188/242/188
f 195/233/195 205/247/205 194/230/194
f 192/236/192 202/245/202 191/231/191
f 200/248/200 188/242/188 189/232/189
f 196/239/196 206/249/206 195/233/195
f 186/234/186 197/250/197 1/251/1
f 193/241/193 203/252/203 192/236/192
f 201/253/201 189/232/189 190/237/190
f 9/254/9 207/255/207 196/239/196
f 207/255/207 217/256/217 206/249/206
f 197/250/197 208/257/208 1/258/1
f 204/244/204 214/259/214 203/252/203
f 212/260/212 200/248/200 201/253/201
f 9/261/9 218/262/218 207/255/207
f 209/263/209 197/250/197 198/243/198
f 205/247/205 215/264/215 204/244/204
f 213/265/213 201/253/201 202/245/202
f 210/266/210 198/243/198 199/246/199
f 206/249/206 216/267/216 205/247/205
f 203/252/203 213/265/213 202/245/202
f 211/268/211 199/246/199 200/248/200
f 219/4/219 209/263/209 210/266/210
f 217/256/217 222/8/222 216/267/216
f 214/259/214 5/1/5 213/265/213
f 220/12/220 210/266/210 211/268/211
f 218/262/218 7/9/7 217/256/217
f 208/257/208 2/16/2 1/269/1
f 215/264/215 6/11/6 214/259/214
f 4/3/4 211/268/211 212/260/212
f 9/270/9 8/15/8 218/262/218
f 3/6/3 208/257/208 209/263/209
f 216/267/216 221/20/221 215/264/215
f 5/1/5 212/260/212 213/265/213
f 5/1/5 15/31/15 14/2/14
f 219/4/219 12/13/12 11/5/11
f 19/7/19 18/23/18 222/8/222
f 16/10/16 15/31/15 5/1/5
f 220/12/220 13/21/13 12/13/12
f 20/14/20 19/7/19 7/9/7
f 17/19/17 16/10/16 6/11/6
f 4/3/4 14/2/14 13/21/13
f 3/6/3 11/5/11 10/17/10
f 18/23/18 17/19/17 221/20/221
f 31/24/31 30/34/30 19/7/19
f 28/27/28 27/35/27 16/10/16
f 14/2/14 25/32/25 24/28/24
f 11/5/11 22/33/22 21/25/21
f 29/30/29 28/27/28 17/19/17
f 15/31/15 26/40/26 25/32/25
f 12/13/12 23/36/23 22/33/22
f 30/34/30 29/30/29 18/23/18
f 27/35/27 26/40/26 15/31/15
f 13/21/13 24/28/24 23/36/23
f 23/36/23 34/41/34 33/37/33
f 41/38/41 40/48/40 29/30/29
f 38/39/38 37/54/37 26/40/26
f 24/28/24 35/46/35 34/41/34
f 42/42/42 41/38/41 30/34/30
f 39/45/39 38/39/38 27/35/27
f 25/32/25 36/49/36 35/46/35
f 22/33/22 33/37/33 32/43/32
f 40/48/40 39/45/39 28/27/28
f 26/40/26 37/54/37 36/49/36
f 33/37/33 44/56/44 43/52/43
f 51/53/51 50/61/50 39/45/39
f 37/54/37 48/71/48 47/55/47
f 34/41/34 45/59/45 44/56/44
f 52/57/52 51/53/51 40/48/40
f 49/58/49 48/71/48 37/54/37
f 35/46/35 46/62/46 45/59/45
f 53/51/53 52/57/52 41/38/41
f 50/61/50 49/58/49 38/39/38
f 36/49/36 47/55/47 46/62/46
f 46/62/46 57/68/57 56/63/56
f 64/64/64 63/74/63 52/57/52
f 61/67/61 60/75/60 49/58/49
f 47/55/47 58/72/58 57/68/57
f 44/56/44 55/73/55 54/65/54
f 62/70/62 61/67/61 50/61/50
f 48/71/48 59/79/59 58/72/58
f 45/59/45 56/63/56 55/73/55
f 63/74/63 62/70/62 51/53/51
f 60/75/60 59/79/59 48/71/48
f 67/76/67 66/88/66 55/73/55
f 63/74/63 74/81/74 73/77/73
f 60/75/60 71/84/71 70/78/70
f 68/80/68 67/76/67 56/63/56
f 64/64/64 75/87/75 74/81/74
f 61/67/61 72/89/72 71/84/71
f 69/85/69 68/80/68 57/68/57
f 66/88/66 65/82/65 54/65/54
f 62/70/62 73/77/73 72/89/72
f 70/78/70 69/85/69 58/72/58
f 80/90/80 79/98/79 68/80/68
f 77/93/77 76/100/76 65/82/65
f 73/77/73 84/97/84 83/94/83
f 81/95/81 80/90/80 69/85/69
f 78/96/78 77/93/77 66/88/66
f 74/81/74 85/99/85 84/97/84
f 71/84/71 82/102/82 81/95/81
f 79/98/79 78/96/78 67/76/67
f 75/87/75 86/92/86 85/99/85
f 72/89/72 83/94/83 82/102/82
f 90/103/90 89/114/89 78/96/78
f 86/92/86 97/110/97 96/104/96
f 83/94/83 94/112/94 93/107/93
f 91/108/91 90/103/90 79/98/79
f 88/111/88 87/105/87 76/100/76
f 84/97/84 95/115/95 94/112/94
f 92/113/92 91/108/91 80/90/80
f 89/114/89 88/111/88 77/93/77
f 85/99/85 96/104/96 95/115/95
f 82/102/82 93/107/93 92/113/92
f 103/116/103 102/124/102 91/108/91
f 100/117/100 99/127/99 88/111/88
f 96/104/96 107/120/107 106/118/106
f 93/107/93 104/123/104 103/116/103
f 101/119/101 100/117/100 89/114/89
f 97/110/97 108/126/108 107/120/107
f 94/112/94 105/128/105 104/123/104
f 102/124/102 101/119/101 90/103/90
f 99/127/99 98/121/98 87/105/87
f 95/115/95 106/118/106 105/128/105
f 113/129/113 112/137/112 101/119/101
f 110/132/110 109/139/109 98/121/98
f 106/118/106 117/136/117 116/133/116
f 114/134/114 113/129/113 102/124/102
f 111/135/111 110/132/110 99/127/99
f 107/120/107 118/138/118 117/136/117
f 104/123/104 115/141/115 114/134/114
f 112/137/112 111/135/111 100/117/100
f 108/126/108 119/131/119 118/138/118
f 105/128/105 116/133/116 115/141/115
f 126/142/126 125/154/125 114/134/114
f 112/137/112 123/148/123 122/143/122
f 130/144/130 129/153/129 118/138/118
f 127/147/127 126/142/126 115/141/115
f 113/129/113 124/151/124 123/148/123
f 110/132/110 121/152/121 120/145/120
f 128/150/128 127/147/127 116/133/116
f 114/134/114 125/154/125 124/151/124
f 111/135/111 122/143/122 121/152/121
f 129/153/129 128/150/128 117/136/117
f 125/154/125 136/173/136 135/155/135
f 122/143/122 133/159/133 132/156/132
f 140/157/140 139/166/139 128/150/128
f 137/158/137 136/173/136 125/154/125
f 123/148/123 134/164/134 133/159/133
f 141/160/141 140/157/140 129/153/129
f 138/163/138 137/158/137 126/142/126
f 124/151/124 135/155/135 134/164/134
f 121/152/121 132/156/132 131/161/131
f 139/166/139 138/163/138 127/147/127
f 149/167/149 148/177/148 137/158/137
f 135/155/135 146/174/146 145/168/145
f 132/156/132 143/175/143 142/171/142
f 150/172/150 149/167/149 138/163/138
f 136/173/136 147/181/147 146/174/146
f 133/159/133 144/178/144 143/175/143
f 151/176/151 150/172/150 139/166/139
f 148/177/148 147/181/147 136/173/136
f 134/164/134 145/168/145 144/178/144
f 152/170/152 151/176/151 140/157/140
f 159/180/159 158/194/158 147/181/147
f 145/168/145 156/187/156 155/182/155
f 163/183/163 162/192/162 151/176/151
f 160/186/160 159/180/159 148/177/148
f 146/174/146 157/190/157 156/187/156
f 143/175/143 154/191/154 153/184/153
f 161/189/161 160/186/160 149/167/149
f 147/181/147 158/194/158 157/190/157
f 144/178/144 155/182/155 154/191/154
f 162/192/162 161/189/161 150/172/150
f 172/193/172 171/203/171 160/186/160
f 158/194/158 169/688/169 168/195/168
f 155/182/155 166/199/166 165/196/165
f 173/197/173 172/193/172 161/189/161
f 170/198/170 169/688/169 158/194/158
f 156/187/156 167/204/167 166/199/166
f 174/200/174 173/197/173 162/192/162
f 171/203/171 170/198/170 159/180/159
f 157/190/157 168/195/168 167/204/167
f 154/191/154 165/196/165 164/201/164
f 171/209/171 182/221/182 181/210/181
f 179/212/179 178/228/178 167/213/167
f 176/218/176 175/207/175 164/206/164
f 172/220/172 183/227/183 182/221/182
f 180/222/180 179/212/179 168/214/168
f 177/224/177 176/218/176 165/219/165
f 173/226/173 184/229/184 183/227/183
f 170/211/170 181/210/181 180/222/180
f 178/228/178 177/224/177 166/225/166
f 174/217/174 185/216/185 184/229/184
f 184/229/184 195/233/195 194/230/194
f 181/210/181 192/236/192 191/231/191
f 189/232/189 188/242/188 177/224/177
f 185/216/185 196/239/196 195/233/195
f 182/221/182 193/241/193 192/236/192
f 190/237/190 189/232/189 178/228/178
f 187/240/187 186/234/186 175/207/175
f 183/227/183 194/230/194 193/241/193
f 191/231/191 190/237/190 179/212/179
f 188/242/188 187/240/187 176/218/176
f 198/243/198 197/250/197 186/234/186
f 194/230/194 205/247/205 204/244/204
f 202/245/202 201/253/201 190/237/190
f 199/246/199 198/243/198 187/240/187
f 195/233/195 206/249/206 205/247/205
f 192/236/192 203/252/203 202/245/202
f 200/248/200 199/246/199 188/242/188
f 196/239/196 207/255/207 206/249/206
f 193/241/193 204/244/204 203/252/203
f 201/253/201 200/248/200 189/232/189
f 207/255/207 218/262/218 217/256/217
f 204/244/204 215/264/215 214/259/214
f 212/260/212 211/268/211 200/248/200
f 209/263/209 208/257/208 197/250/197
f 205/247/205 216/267/216 215/264/215
f 213/265/213 212/260/212 201/253/201
f 210/266/210 209/263/209 198/243/198
f 206/249/206 217/256/217 216/267/216
f 203/252/203 214/259/214 213/265/213
f 211/268/211 210/266/210 199/246/199
f 219/4/219 3/6/3 209/263/209
f 217/256/217 7/9/7 222/8/222
f 214/259/214 6/11/6 5/1/5
f 220/12/220 219/4/219 210/266/210
f 218/262/218 8/15/8 7/9/7
f 215/264/215 221/20/221 6/11/6
f 4/3/4 220/12/220 211/268/211
f 3/6/3 2/16/2 208/257/208
f 216/267/216 222/8/222 221/20/221
f 5/1/5 4/3/4 212/260/212
usemtl Cream
f 225/1/5 233/271/230 367/272/361
f 366/273/360 230/274/227 365/275/359
f 238/276/235 368/277/362 228/278/226
f 235/279/232 225/1/5 226/280/224
f 224/281/223 231/282/228 366/273/360
f 229/283/9 238/276/235 228/278/226
f 236/284/233 226/280/224 227/285/225
f 367/272/361 232/286/229 224/281/223
f 365/275/359 230/274/227 223/287/1
f 237/288/234 227/285/225 368/277/362
f 231/282/228 239/289/236 230/274/227
f 247/290/244 237/288/234 238/276/235
f 244/291/241 234/292/231 235/279/232
f 232/286/229 240/293/237 231/282/228
f 229/294/9 247/290/244 238/276/235
f 245/295/242 235/279/232 236/284/233
f 233/271/230 241/296/238 232/286/229
f 230/274/227 239/289/236 223/297/1
f 246/298/243 236/284/233 237/288/234
f 234/292/231 242/299/239 233/271/230
f 255/300/252 245/295/242 246/298/243
f 243/301/240 251/302/248 242/299/239
f 240/293/237 248/303/245 239/289/236
f 256/304/253 246/298/243 247/290/244
f 253/305/250 243/301/240 244/291/241
f 241/296/238 249/306/246 240/293/237
f 229/307/9 256/304/253 247/290/244
f 254/308/251 244/291/241 245/295/242
f 242/299/239 250/309/247 241/296/238
f 239/289/236 248/303/245 223/310/1
f 251/302/248 259/311/256 250/309/247
f 248/303/245 257/312/254 223/313/1
f 264/314/260 254/308/251 255/300/252
f 252/315/249 260/316/257 251/302/248
f 249/306/246 257/312/254 248/303/245
f 265/317/261 255/300/252 256/304/253
f 262/318/258 252/315/249 253/305/250
f 250/309/247 258/319/255 249/306/246
f 229/320/9 265/317/261 256/304/253
f 263/321/259 253/305/250 254/308/251
f 263/321/259 271/322/267 262/318/258
f 269/323/265 259/311/256 260/316/257
f 257/312/254 266/324/262 223/325/1
f 264/314/260 272/326/268 263/321/259
f 270/327/266 260/316/257 261/328/59
f 267/329/263 257/312/254 258/319/255
f 265/317/261 273/330/269 264/314/260
f 262/318/258 270/327/266 261/328/59
f 268/331/264 258/319/255 259/311/256
f 229/332/9 274/333/270 265/317/261
f 277/334/273 267/329/263 268/331/264
f 229/335/9 283/336/279 274/333/270
f 272/326/268 280/337/276 271/322/267
f 278/338/274 268/331/264 269/323/265
f 266/324/262 275/339/271 223/340/1
f 273/330/269 281/341/277 272/326/268
f 279/342/275 269/323/265 270/327/266
f 276/343/272 266/324/262 267/329/263
f 274/333/270 282/344/278 273/330/269
f 271/322/267 279/342/275 270/327/266
f 283/336/279 291/345/287 282/344/278
f 280/337/276 288/346/284 279/342/275
f 286/347/282 276/343/272 277/334/273
f 229/348/9 292/349/288 283/336/279
f 281/341/277 289/350/285 280/337/276
f 287/351/283 277/334/273 278/338/274
f 275/339/271 284/352/280 223/353/1
f 282/344/278 290/354/286 281/341/277
f 288/346/284 278/338/274 279/342/275
f 285/355/281 275/339/271 276/343/272
f 297/356/114 287/351/283 288/346/284
f 294/357/290 284/352/280 285/355/281
f 292/349/288 300/358/295 291/345/287
f 289/350/285 297/356/114 288/346/284
f 295/359/291 285/355/281 286/347/282
f 229/360/9 301/361/296 292/349/288
f 290/354/286 298/362/293 289/350/285
f 296/363/292 286/347/282 287/351/283
f 284/352/280 293/364/289 223/365/1
f 291/345/287 299/366/294 290/354/286
f 293/364/289 302/367/297 223/368/1
f 309/369/304 299/366/294 300/358/295
f 297/356/114 305/370/300 296/363/292
f 294/357/290 302/367/297 293/364/289
f 310/371/305 300/358/295 301/361/296
f 307/372/302 297/356/114 298/362/293
f 295/359/291 303/373/298 294/357/290
f 229/374/9 310/371/305 301/361/296
f 308/375/303 298/362/293 299/366/294
f 296/363/292 304/376/299 295/359/291
f 305/370/300 313/377/308 304/376/299
f 302/367/297 311/378/306 223/379/1
f 318/380/313 308/375/303 309/369/304
f 306/381/301 314/382/309 305/370/300
f 303/373/298 311/378/306 302/367/297
f 319/383/314 309/369/304 310/371/305
f 316/384/311 306/381/301 307/372/302
f 304/376/299 312/385/307 303/373/298
f 229/386/9 319/383/314 310/371/305
f 317/387/312 307/372/302 308/375/303
f 229/388/9 328/389/323 319/383/314
f 326/390/321 316/384/311 317/387/312
f 314/382/309 322/391/317 313/377/308
f 311/378/306 320/392/315 223/393/1
f 327/394/322 317/387/312 318/380/313
f 315/395/310 323/396/318 314/382/309
f 312/385/307 320/392/315 311/378/306
f 328/389/323 318/380/313 319/383/314
f 325/397/320 315/395/310 316/384/311
f 313/377/308 321/398/316 312/385/307
f 334/399/328 324/400/319 325/397/320
f 322/391/317 330/401/325 321/398/316
f 229/402/9 337/403/331 328/389/323
f 335/404/329 325/397/320 326/390/321
f 323/396/318 331/405/326 322/391/317
f 320/392/315 329/406/324 223/407/1
f 336/408/330 326/390/321 327/394/322
f 324/400/319 332/409/327 323/396/318
f 321/398/316 329/406/324 320/392/315
f 337/403/331 327/394/322 328/389/323
f 339/410/333 329/411/324 330/412/325
f 337/413/331 345/414/339 336/415/330
f 334/416/328 342/417/336 333/223/169
f 340/418/334 330/412/325 331/419/326
f 229/420/9 346/421/340 337/413/331
f 335/422/329 343/423/337 334/416/328
f 341/424/335 331/419/326 332/425/327
f 329/411/324 338/426/332 223/427/1
f 336/415/330 344/428/338 335/422/329
f 342/417/336 332/425/327 333/223/169
f 351/429/345 341/424/335 342/417/336
f 348/430/342 338/426/332 339/410/333
f 346/421/340 354/431/348 345/414/339
f 343/423/337 351/429/345 342/417/336
f 349/432/343 339/410/333 340/418/334
f 229/433/9 355/434/349 346/421/340
f 344/428/338 352/435/346 343/423/337
f 350/436/344 340/418/334 341/424/335
f 338/426/332 347/437/341 223/438/1
f 345/414/339 353/439/347 344/428/338
f 347/437/341 356/440/350 223/441/1
f 354/431/348 362/442/356 353/439/347
f 360/443/354 350/436/344 351/429/345
f 357/444/351 347/437/341 348/430/342
f 355/434/349 363/445/357 354/431/348
f 352/435/346 360/443/354 351/429/345
f 358/446/352 348/430/342 349/432/343
f 229/447/9 364/448/358 355/434/349
f 353/439/347 361/449/355 352/435/346
f 359/450/353 349/432/343 350/436/344
f 362/442/356 226/280/224 361/449/355
f 367/272/361 358/446/352 359/450/353
f 356/440/350 365/275/359 223/451/1
f 363/445/357 227/285/225 362/442/356
f 225/1/5 359/450/353 360/443/354
f 366/273/360 356/440/350 357/444/351
f 364/448/358 368/277/362 363/445/357
f 361/449/355 225/1/5 360/443/354
f 224/281/223 357/444/351 358/446/352
f 229/452/9 228/278/226 364/448/358
f 513/272/361 378/286/229 370/281/223
f 511/275/359 376/274/227 369/287/1
f 383/288/234 373/285/225 514/277/362
f 371/1/5 379/271/230 513/272/361
f 512/273/360 376/274/227 511/275/359
f 384/276/235 514/277/362 374/278/226
f 381/279/232 371/1/5 372/280/224
f 370/281/223 377/282/228 512/273/360
f 375/283/9 384/276/235 374/278/226
f 382/284/233 372/280/224 373/285/225
f 379/271/230 387/296/238 378/286/229
f 376/274/227 385/289/236 369/297/1
f 392/298/243 382/284/233 383/288/234
f 380/292/231 388/299/239 379/271/230
f 377/282/228 385/289/236 376/274/227
f 393/290/244 383/288/234 384/276/235
f 390/291/241 380/292/231 381/279/232
f 378/286/229 386/293/237 377/282/228
f 375/294/9 393/290/244 384/276/235
f 391/295/242 381/279/232 382/284/233
f 400/308/251 390/291/241 391/295/242
f 388/299/239 396/309/247 387/296/238
f 385/289/236 394/303/245 369/310/1
f 401/300/363 391/295/242 392/298/243
f 389/301/240 397/302/248 388/299/239
f 386/293/237 394/303/245 385/289/236
f 402/304/253 392/298/243 393/290/244
f 399/305/250 389/301/240 390/291/241
f 387/296/238 395/306/246 386/293/237
f 375/307/9 402/304/253 393/290/244
f 396/309/247 404/319/255 395/306/246
f 375/320/9 411/317/261 402/304/253
f 409/321/259 399/305/250 400/308/251
f 397/302/248 405/311/256 396/309/247
f 394/303/245 403/312/254 369/313/1
f 410/314/260 400/308/251 401/300/363
f 398/315/249 406/316/257 397/302/248
f 395/306/246 403/312/254 394/303/245
f 411/317/261 401/300/363 402/304/253
f 408/318/258 398/315/249 399/305/250
f 411/317/261 419/330/269 410/314/260
f 408/318/258 416/327/266 407/328/59
f 414/331/264 404/319/255 405/311/256
f 375/332/9 420/333/270 411/317/261
f 409/321/259 417/322/267 408/318/258
f 415/323/265 405/311/256 406/316/257
f 403/312/254 412/324/262 369/325/1
f 410/314/260 418/326/268 409/321/259
f 416/327/266 406/316/257 407/328/59
f 413/329/263 403/312/254 404/319/255
f 425/342/275 415/323/265 416/327/266
f 422/343/272 412/324/262 413/329/263
f 420/333/270 428/344/278 419/330/269
f 417/322/267 425/342/275 416/327/266
f 423/334/273 413/329/263 414/331/264
f 375/335/9 429/336/279 420/333/270
f 418/326/268 426/337/276 417/322/267
f 424/338/274 414/331/264 415/323/265
f 412/324/262 421/339/271 369/340/1
f 419/330/269 427/341/277 418/326/268
f 421/339/271 430/352/280 369/353/1
f 428/344/278 436/354/286 427/341/277
f 434/346/284 424/338/274 425/342/275
f 431/355/281 421/339/271 422/343/272
f 429/336/279 437/345/287 428/344/278
f 426/337/276 434/346/284 425/342/275
f 432/347/282 422/343/272 423/334/273
f 375/348/9 438/349/288 429/336/279
f 427/341/277 435/350/285 426/337/276
f 433/351/283 423/334/273 424/338/274
f 442/363/292 432/347/282 433/351/283
f 430/352/280 439/364/289 369/365/1
f 437/345/287 445/366/294 436/354/286
f 443/356/114 433/351/283 434/346/284
f 440/357/290 430/352/280 431/355/281
f 438/349/288 446/358/295 437/345/287
f 435/350/285 443/356/114 434/346/284
f 441/359/291 431/355/281 432/347/282
f 375/360/9 447/361/296 438/349/288
f 436/354/286 444/362/293 435/350/285
f 375/374/9 456/371/305 447/361/296
f 454/375/303 444/362/293 445/366/294
f 442/363/292 450/376/299 441/359/291
f 439/364/289 448/367/297 369/368/1
f 455/369/304 445/366/294 446/358/295
f 443/356/114 451/370/300 442/363/292
f 440/357/290 448/367/297 439/364/289
f 456/371/305 446/358/295 447/361/296
f 453/372/302 443/356/114 444/362/293
f 441/359/291 449/373/298 440/357/290
f 462/384/311 452/381/301 453/372/302
f 450/376/299 458/385/307 449/373/298
f 375/386/9 465/383/314 456/371/305
f 463/387/312 453/372/302 454/375/303
f 451/370/300 459/377/308 450/376/299
f 448/367/297 457/378/306 369/379/1
f 464/380/313 454/375/303 455/369/304
f 452/381/301 460/382/309 451/370/300
f 449/373/298 457/378/306 448/367/297
f 465/383/314 455/369/304 456/371/305
f 458/385/307 466/392/315 457/378/306
f 474/389/323 464/380/313 465/383/314
f 471/397/320 461/395/310 462/384/311
f 459/377/308 467/398/316 458/385/307
f 375/388/9 474/389/323 465/383/314
f 472/390/321 462/384/311 463/387/312
f 460/382/309 468/391/317 459/377/308
f 457/378/306 466/392/315 369/393/1
f 473/394/322 463/387/312 464/380/313
f 461/395/310 469/396/318 460/382/309
f 470/400/319 478/409/327 469/396/318
f 467/398/316 475/406/324 466/392/315
f 483/403/331 473/394/322 474/389/323
f 480/399/328 470/400/319 471/397/320
f 468/391/317 476/401/325 467/398/316
f 375/402/9 483/403/331 474/389/323
f 481/404/329 471/397/320 472/390/321
f 469/396/318 477/405/326 468/391/317
f 466/392/315 475/406/324 369/407/1
f 482/408/330 472/390/321 473/394/322
f 475/411/324 484/426/332 369/427/1
f 482/415/330 490/428/338 481/422/329
f 488/417/336 478/425/327 479/223/169
f 485/410/333 475/411/324 476/412/325
f 483/413/331 491/414/339 482/415/330
f 480/416/328 488/417/336 479/223/169
f 486/418/334 476/412/325 477/419/326
f 375/420/9 492/421/340 483/413/331
f 481/422/329 489/423/337 480/416/328
f 487/424/335 477/419/326 478/425/327
f 490/428/338 498/435/346 489/423/337
f 496/436/344 486/418/334 487/424/335
f 484/426/332 493/437/341 369/438/1
f 491/414/339 499/439/347 490/428/338
f 497/429/345 487/424/335 488/417/336
f 494/430/342 484/426/332 485/410/333
f 492/421/340 500/431/348 491/414/339
f 489/423/337 497/429/345 488/417/336
f 495/432/343 485/410/333 486/418/334
f 375/433/9 501/434/349 492/421/340
f 504/446/352 494/430/342 495/432/343
f 375/447/9 510/448/358 501/434/349
f 499/439/347 507/449/355 498/435/346
f 505/450/353 495/432/343 496/436/344
f 493/437/341 502/440/350 369/441/1
f 500/431/348 508/442/356 499/439/347
f 506/443/354 496/436/344 497/429/345
f 503/444/351 493/437/341 494/430/342
f 501/434/349 509/445/357 500/431/348
f 498/435/346 506/443/354 497/429/345
f 507/449/355 371/1/5 506/443/354
f 370/281/223 503/444/351 504/446/352
f 375/452/9 374/278/226 510/448/358
f 508/442/356 372/280/224 507/449/355
f 513/272/361 504/446/352 505/450/353
f 502/440/350 511/275/359 369/451/1
f 509/445/357 373/285/225 508/442/356
f 371/1/5 505/450/353 506/443/354
f 512/273/360 502/440/350 503/444/351
f 510/448/358 514/277/362 509/445/357
f 225/1/5 234/292/231 233/271/230
f 366/273/360 231/282/228 230/274/227
f 238/276/235 237/288/234 368/277/362
f 235/279/232 234/292/231 225/1/5
f 224/281/223 232/286/229 231/282/228
f 236/284/233 235/279/232 226/280/224
f 367/272/361 233/271/230 232/286/229
f 237/288/234 236/284/233 227/285/225
f 231/282/228 240/293/237 239/289/236
f 247/290/244 246/298/243 237/288/234
f 244/291/241 243/301/240 234/292/231
f 232/286/229 241/296/238 240/293/237
f 245/295/242 244/291/241 235/279/232
f 233/271/230 242/299/239 241/296/238
f 246/298/243 245/295/242 236/284/233
f 234/292/231 243/301/240 242/299/239
f 255/300/252 254/308/251 245/295/242
f 243/301/240 252/315/249 251/302/248
f 240/293/237 249/306/246 248/303/245
f 256/304/253 255/300/252 246/298/243
f 253/305/250 252/315/249 243/301/240
f 241/296/238 250/309/247 249/306/246
f 254/308/251 253/305/250 244/291/241
f 242/299/239 251/302/248 250/309/247
f 251/302/248 260/316/257 259/311/256
f 264/314/260 263/321/259 254/308/251
f 252/315/249 261/328/59 260/316/257
f 249/306/246 258/319/255 257/312/254
f 265/317/261 264/314/260 255/300/252
f 262/318/258 261/328/59 252/315/249
f 250/309/247 259/311/256 258/319/255
f 263/321/259 262/318/258 253/305/250
f 263/321/259 272/326/268 271/322/267
f 269/323/265 268/331/264 259/311/256
f 264/314/260 273/330/269 272/326/268
f 270/327/266 269/323/265 260/316/257
f 267/329/263 266/324/262 257/312/254
f 265/317/261 274/333/270 273/330/269
f 262/318/258 271/322/267 270/327/266
f 268/331/264 267/329/263 258/319/255
f 277/334/273 276/343/272 267/329/263
f 272/326/268 281/341/277 280/337/276
f 278/338/274 277/334/273 268/331/264
f 273/330/269 282/344/278 281/341/277
f 279/342/275 278/338/274 269/323/265
f 276/343/272 275/339/271 266/324/262
f 274/333/270 283/336/279 282/344/278
f 271/322/267 280/337/276 279/342/275
f 283/336/279 292/349/288 291/345/287
f 280/337/276 289/350/285 288/346/284
f 286/347/282 285/355/281 276/343/272
f 281/341/277 290/354/286 289/350/285
f 287/351/283 286/347/282 277/334/273
f 282/344/278 291/345/287 290/354/286
f 288/346/284 287/351/283 278/338/274
f 285/355/281 284/352/280 275/339/271
f 297/356/114 296/363/292 287/351/283
f 294/357/290 293/364/289 284/352/280
f 292/349/288 301/361/296 300/358/295
f 289/350/285 298/362/293 297/356/114
f 295/359/291 294/357/290 285/355/281
f 290/354/286 299/366/294 298/362/293
f 296/363/292 295/359/291 286/347/282
f 291/345/287 300/358/295 299/366/294
f 309/369/304 308/375/303 299/366/294
f 297/356/114 306/381/301 305/370/300
f 294/357/290 303/373/298 302/367/297
f 310/371/305 309/369/304 300/358/295
f 307/372/302 306/381/301 297/356/114
f 295/359/291 304/376/299 303/373/298
f 308/375/303 307/372/302 298/362/293
f 296/363/292 305/370/300 304/376/299
f 305/370/300 314/382/309 313/377/308
f 318/380/313 317/387/312 308/375/303
f 306/381/301 315/395/310 314/382/309
f 303/373/298 312/385/307 311/378/306
f 319/383/314 318/380/313 309/369/304
f 316/384/311 315/395/310 306/381/301
f 304/376/299 313/377/308 312/385/307
f 317/387/312 316/384/311 307/372/302
f 326/390/321 325/397/320 316/384/311
f 314/382/309 323/396/318 322/391/317
f 327/394/322 326/390/321 317/387/312
f 315/395/310 324/400/319 323/396/318
f 312/385/307 321/398/316 320/392/315
f 328/389/323 327/394/322 318/380/313
f 325/397/320 324/400/319 315/395/310
f 313/377/308 322/391/317 321/398/316
f 334/399/328 333/688/169 324/400/319
f 322/391/317 331/405/326 330/401/325
f 335/404/329 334/399/328 325/397/320
f 323/396/318 332/409/327 331/405/326
f 336/408/330 335/404/329 326/390/321
f 324/400/319 333/688/169 332/409/327
f 321/398/316 330/401/325 329/406/324
f 337/403/331 336/408/330 327/394/322
f 339/410/333 338/426/332 329/411/324
f 337/413/331 346/421/340 345/414/339
f 334/416/328 343/423/337 342/417/336
f 340/418/334 339/410/333 330/412/325
f 335/422/329 344/428/338 343/423/337
f 341/424/335 340/418/334 331/419/326
f 336/415/330 345/414/339 344/428/338
f 342/417/336 341/424/335 332/425/327
f 351/429/345 350/436/344 341/424/335
f 348/430/342 347/437/341 338/426/332
f 346/421/340 355/434/349 354/431/348
f 343/423/337 352/435/346 351/429/345
f 349/432/343 348/430/342 339/410/333
f 344/428/338 353/439/347 352/435/346
f 350/436/344 349/432/343 340/418/334
f 345/414/339 354/431/348 353/439/347
f 354/431/348 363/445/357 362/442/356
f 360/443/354 359/450/353 350/436/344
f 357/444/351 356/440/350 347/437/341
f 355/434/349 364/448/358 363/445/357
f 352/435/346 361/449/355 360/443/354
f 358/446/352 357/444/351 348/430/342
f 353/439/347 362/442/356 361/449/355
f 359/450/353 358/446/352 349/432/343
f 362/442/356 227/285/225 226/280/224
f 367/272/361 224/281/223 358/446/352
f 363/445/357 368/277/362 227/285/225
f 225/1/5 367/272/361 359/450/353
f 366/273/360 365/275/359 356/440/350
f 364/448/358 228/278/226 368/277/362
f 361/449/355 226/280/224 225/1/5
f 224/281/223 366/273/360 357/444/351
f 513/272/361 379/271/230 378/286/229
f 383/288/234 382/284/233 373/285/225
f 371/1/5 380/292/231 379/271/230
f 512/273/360 377/282/228 376/274/227
f 384/276/235 383/288/234 514/277/362
f 381/279/232 380/292/231 371/1/5
f 370/281/223 378/286/229 377/282/228
f 382/284/233 381/279/232 372/280/224
f 379/271/230 388/299/239 387/296/238
f 392/298/243 391/295/242 382/284/233
f 380/292/231 389/301/240 388/299/239
f 377/282/228 386/293/237 385/289/236
f 393/290/244 392/298/243 383/288/234
f 390/291/241 389/301/240 380/292/231
f 378/286/229 387/296/238 386/293/237
f 391/295/242 390/291/241 381/279/232
f 400/308/251 399/305/250 390/291/241
f 388/299/239 397/302/248 396/309/247
f 401/300/363 400/308/251 391/295/242
f 389/301/240 398/315/249 397/302/248
f 386/293/237 395/306/246 394/303/245
f 402/304/253 401/300/363 392/298/243
f 399/305/250 398/315/249 389/301/240
f 387/296/238 396/309/247 395/306/246
f 396/309/247 405/311/256 404/319/255
f 409/321/259 408/318/258 399/305/250
f 397/302/248 406/316/257 405/311/256
f 410/314/260 409/321/259 400/308/251
f 398/315/249 407/328/59 406/316/257
f 395/306/246 404/319/255 403/312/254
f 411/317/261 410/314/260 401/300/363
f 408/318/258 407/328/59 398/315/249
f 411/317/261 420/333/270 419/330/269
f 408/318/258 417/322/267 416/327/266
f 414/331/264 413/329/263 404/319/255
f 409/321/259 418/326/268 417/322/267
f 415/323/265 414/331/264 405/311/256
f 410/314/260 419/330/269 418/326/268
f 416/327/266 415/323/265 406/316/257
f 413/329/263 412/324/262 403/312/254
f 425/342/275 424/338/274 415/323/265
f 422/343/272 421/339/271 412/324/262
f 420/333/270 429/336/279 428/344/278
f 417/322/267 426/337/276 425/342/275
f 423/334/273 422/343/272 413/329/263
f 418/326/268 427/341/277 426/337/276
f 424/338/274 423/334/273 414/331/264
f 419/330/269 428/344/278 427/341/277
f 428/344/278 437/345/287 436/354/286
f 434/346/284 433/351/283 424/338/274
f 431/355/281 430/352/280 421/339/271
f 429/336/279 438/349/288 437/345/287
f 426/337/276 435/350/285 434/346/284
f 432/347/282 431/355/281 422/343/272
f 427/341/277 436/354/286 435/350/285
f 433/351/283 432/347/282 423/334/273
f 442/363/292 441/359/291 432/347/282
f 437/345/287 446/358/295 445/366/294
f 443/356/114 442/363/292 433/351/283
f 440/357/290 439/364/289 430/352/280
f 438/349/288 447/361/296 446/358/295
f 435/350/285 444/362/293 443/356/114
f 441/359/291 440/357/290 431/355/281
f 436/354/286 445/366/294 444/362/293
f 454/375/303 453/372/302 444/362/293
f 442/363/292 451/370/300 450/376/299
f 455/369/304 454/375/303 445/366/294
f 443/356/114 452/381/301 451/370/300
f 440/357/290 449/373/298 448/367/297
f 456/371/305 455/369/304 446/358/295
f 453/372/302 452/381/301 443/356/114
f 441/359/291 450/376/299 449/373/298
f 462/384/311 461/395/310 452/381/301
f 450/376/299 459/377/308 458/385/307
f 463/387/312 462/384/311 453/372/302
f 451/370/300 460/382/309 459/377/308
f 464/380/313 463/387/312 454/375/303
f 452/381/301 461/395/310 460/382/309
f 449/373/298 458/385/307 457/378/306
f 465/383/314 464/380/313 455/369/304
f 458/385/307 467/398/316 466/392/315
f 474/389/323 473/394/322 464/380/313
f 471/397/320 470/400/319 461/395/310
f 459/377/308 468/391/317 467/398/316
f 472/390/321 471/397/320 462/384/311
f 460/382/309 469/396/318 468/391/317
f 473/394/322 472/390/321 463/387/312
f 461/395/310 470/400/319 469/396/318
f 470/400/319 479/688/169 478/409/327
f 467/398/316 476/401/325 475/406/324
f 483/403/331 482/408/330 473/394/322
f 480/399/328 479/688/169 470/400/319
f 468/391/317 477/405/326 476/401/325
f 481/404/329 480/399/328 471/397/320
f 469/396/318 478/409/327 477/405/326
f 482/408/330 481/404/329 472/390/321
f 482/415/330 491/414/339 490/428/338
f 488/417/336 487/424/335 478/425/327
f 485/410/333 484/426/332 475/411/324
f 483/413/331 492/421/340 491/414/339
f 480/416/328 489/423/337 488/417/336
f 486/418/334 485/410/333 476/412/325
f 481/422/329 490/428/338 489/423/337
f 487/424/335 486/418/334 477/419/326
f 490/428/338 499/439/347 498/435/346
f 496/436/344 495/432/343 486/418/334
f 491/414/339 500/431/348 499/439/347
f 497/429/345 496/436/344 487/424/335
f 494/430/342 493/437/341 484/426/332
f 492/421/340 501/434/349 500/431/348
f 489/423/337 498/435/346 497/429/345
f 495/432/343 494/430/342 485/410/333
f 504/446/352 503/444/351 494/430/342
f 499/439/347 508/442/356 507/449/355
f 505/450/353 504/446/352 495/432/343
f 500/431/348 509/445/357 508/442/356
f 506/443/354 505/450/353 496/436/344
f 503/444/351 502/440/350 493/437/341
f 501/434/349 510/448/358 509/445/357
f 498/435/346 507/449/355 506/443/354
f 507/449/355 372/280/224 371/1/5
f 370/281/223 512/273/360 503/444/351
f 508/442/356 373/285/225 372/280/224
f 513/272/361 370/281/223 504/446/352
f 509/445/357 514/277/362 373/285/225
f 371/1/5 513/272/361 505/450/353
f 512/273/360 511/275/359 502/440/350
f 510/448/358 374/278/226 514/277/362
usemtl Beak
f 517/453/366 516/454/365 515/223/364
f 517/453/366 520/455/369 518/456/367
f 521/457/370 520/455/369 519/458/368
f 521/457/370 524/459/373 522/460/371
f 525/461/374 524/459/373 523/462/372
f 527/463/376 526/464/375 525/461/374
f 529/465/378 528/466/377 527/463/376
f 529/465/378 532/467/381 530/468/379
f 533/469/382 532/467/381 531/470/380
f 533/469/382 536/471/385 534/472/383
f 535/473/384 538/474/387 536/471/385
f 539/475/388 538/474/387 537/476/386
f 541/477/390 540/478/389 539/475/388
f 543/479/392 542/480/391 541/477/390
f 545/481/394 544/482/393 543/479/392
f 545/481/394 548/483/397 546/484/395
f 549/485/398 548/483/397 547/486/396
f 551/487/400 550/488/399 549/485/398
f 553/489/402 552/490/401 551/487/400
f 553/489/402 556/491/405 554/492/403
f 555/493/404 558/494/407 556/491/405
f 557/495/406 560/496/409 558/494/407
f 561/497/410 560/496/409 559/498/408
f 561/497/410 564/499/413 562/500/411
f 565/501/414 564/499/413 563/502/412
f 567/503/416 566/504/415 565/501/414
f 532/505/381 548/506/397 564/507/413
f 569/508/418 568/509/417 567/503/416
f 515/510/364 570/511/419 569/508/418
f 557/512/406 541/513/390 525/514/374
f 573/515/422 572/454/421 571/223/420
f 573/515/422 576/516/425 574/517/423
f 577/518/426 576/516/425 575/519/424
f 579/520/428 578/251/427 577/518/426
f 581/521/430 580/522/429 579/520/428
f 581/521/430 584/523/433 582/524/431
f 585/525/434 584/523/433 583/526/432
f 587/527/436 586/528/435 585/525/434
f 587/527/436 590/529/439 588/530/437
f 591/531/440 590/529/439 589/532/438
f 593/533/442 592/534/441 591/531/440
f 593/533/442 596/535/445 594/536/443
f 597/537/446 596/535/445 595/538/444
f 597/537/446 600/539/449 598/540/447
f 599/541/448 602/542/451 600/539/449
f 603/543/452 602/542/451 601/544/450
f 603/543/452 606/545/455 604/546/453
f 605/547/454 608/548/457 606/545/455
f 607/549/456 610/550/459 608/548/457
f 611/551/460 610/550/459 609/552/458
f 611/551/460 614/553/463 612/554/461
f 615/555/464 614/553/463 613/556/462
f 588/557/437 604/558/453 572/559/421
f 617/560/466 616/561/465 615/555/464
f 571/562/420 618/563/467 617/560/466
f 605/564/454 589/565/438 573/566/422
f 517/453/366 518/456/367 516/454/365
f 517/453/366 519/458/368 520/455/369
f 521/457/370 522/460/371 520/455/369
f 521/457/370 523/462/372 524/459/373
f 525/461/374 526/464/375 524/459/373
f 527/463/376 528/466/377 526/464/375
f 529/465/378 530/468/379 528/466/377
f 529/465/378 531/470/380 532/467/381
f 533/469/382 534/472/383 532/467/381
f 533/469/382 535/473/384 536/471/385
f 535/473/384 537/476/386 538/474/387
f 539/475/388 540/478/389 538/474/387
f 541/477/390 542/480/391 540/478/389
f 543/479/392 544/482/393 542/480/391
f 545/481/394 546/484/395 544/482/393
f 545/481/394 547/486/396 548/483/397
f 549/485/398 550/488/399 548/483/397
f 551/487/400 552/490/401 550/488/399
f 553/489/402 554/492/403 552/490/401
f 553/489/402 555/493/404 556/491/405
f 555/493/404 557/495/406 558/494/407
f 557/495/406 559/498/408 560/496/409
f 561/497/410 562/500/411 560/496/409
f 561/497/410 563/502/412 564/499/413
f 565/501/414 566/504/415 564/499/413
f 567/503/416 568/509/417 566/504/415
f 516/559/365 518/693/367 520/694/369
f 520/694/369 522/695/371 524/696/373
f 524/696/373 526/697/375 528/698/377
f 528/698/377 530/699/379 532/505/381
f 532/505/381 534/700/383 536/701/385
f 536/701/385 538/702/387 540/703/389
f 540/703/389 542/704/391 544/685/393
f 544/685/393 546/705/395 548/506/397
f 548/506/397 550/706/399 552/707/401
f 552/707/401 554/708/403 556/709/405
f 556/709/405 558/686/407 560/710/409
f 560/710/409 562/711/411 564/507/413
f 564/507/413 566/712/415 568/713/417
f 568/713/417 570/714/419 516/559/365
f 516/559/365 520/694/369 524/696/373
f 524/696/373 528/698/377 532/505/381
f 532/505/381 536/701/385 540/703/389
f 540/703/389 544/685/393 548/506/397
f 548/506/397 552/707/401 556/709/405
f 556/709/405 560/710/409 564/507/413
f 564/507/413 568/713/417 516/559/365
f 516/559/365 524/696/373 532/505/381
f 532/505/381 540/703/389 548/506/397
f 548/506/397 556/709/405 564/507/413
f 564/507/413 516/559/365 532/505/381
f 569/508/418 570/511/419 568/509/417
f 515/510/364 516/715/365 570/511/419
f 517/716/366 515/717/364 569/718/418
f 569/718/418 567/719/416 565/720/414
f 565/720/414 563/721/412 561/722/410
f 561/722/410 559/723/408 557/512/406
f 557/512/406 555/724/404 553/725/402
f 553/725/402 551/726/400 549/727/398
f 549/727/398 547/728/396 545/729/394
f 545/729/394 543/730/392 541/513/390
f 541/513/390 539/731/388 537/732/386
f 537/732/386 535/733/384 533/734/382
f 533/734/382 531/735/380 529/736/378
f 529/736/378 527/737/376 525/514/374
f 525/514/374 523/738/372 521/739/370
f 521/739/370 519/740/368 517/716/366
f 517/716/366 569/718/418 565/720/414
f 565/720/414 561/722/410 557/512/406
f 557/512/406 553/725/402 549/727/398
f 549/727/398 545/729/394 541/513/390
f 541/513/390 537/732/386 533/734/382
f 533/734/382 529/736/378 525/514/374
f 525/514/374 521/739/370 517/716/366
f 517/716/366 565/720/414 557/512/406
f 557/512/406 549/727/398 541/513/390
f 541/513/390 533/734/382 525/514/374
f 525/514/374 517/716/366 557/512/406
f 573/515/422 574/517/423 572/454/421
f 573/515/422 575/519/424 576/516/425
f 577/518/426 578/251/427 576/516/425
f 579/520/428 580/522/429 578/251/427
f 581/521/430 582/524/431 580/522/429
f 581/521/430 583/526/432 584/523/433
f 585/525/434 586/528/435 584/523/433
f 587/527/436 588/530/437 586/528/435
f 587/527/436 589/532/438 590/529/439
f 591/531/440 592/534/441 590/529/439
f 593/533/442 594/536/443 592/534/441
f 593/533/442 595/538/444 596/535/445
f 597/537/446 598/540/447 596/535/445
f 597/537/446 599/541/448 600/539/449
f 599/541/448 601/544/450 602/542/451
f 603/543/452 604/546/453 602/542/451
f 603/543/452 605/547/454 606/545/455
f 605/547/454 607/549/456 608/548/457
f 607/549/456 609/552/458 610/550/459
f 611/551/460 612/554/461 610/550/459
f 611/551/460 613/556/462 614/553/463
f 615/555/464 616/561/465 614/553/463
f 572/559/421 574/741/423 576/742/425
f 576/742/425 578/743/427 580/744/429
f 580/744/429 582/745/431 584/699/433
f 584/699/433 586/746/435 588/557/437
f 588/557/437 590/747/439 592/748/441
f 592/748/441 594/749/443 596/685/445
f 596/685/445 598/750/447 600/751/449
f 600/751/449 602/752/451 604/558/453
f 604/558/453 606/753/455 608/686/457
f 608/686/457 610/754/459 612/755/461
f 612/755/461 614/756/463 616/757/465
f 616/757/465 618/758/467 572/559/421
f 572/559/421 576/742/425 580/744/429
f 580/744/429 584/699/433 588/557/437
f 588/557/437 592/748/441 596/685/445
f 596/685/445 600/751/449 604/558/453
f 604/558/453 608/686/457 612/755/461
f 612/755/461 616/757/465 572/559/421
f 572/559/421 580/744/429 588/557/437
f 588/557/437 596/685/445 604/558/453
f 604/558/453 612/755/461 572/559/421
f 617/560/466 618/563/467 616/561/465
f 571/562/420 572/759/421 618/563/467
f 573/566/422 571/717/420 617/760/466
f 617/760/466 615/761/464 613/762/462
f 613/762/462 611/763/460 609/764/458
f 609/764/458 607/512/456 605/564/454
f 605/564/454 603/765/452 601/766/450
f 601/766/450 599/767/448 597/768/446
f 597/768/446 595/769/444 593/770/442
f 593/770/442 591/771/440 589/565/438
f 589/565/438 587/772/436 585/773/434
f 585/773/434 583/736/432 581/774/430
f 581/774/430 579/775/428 577/776/426
f 577/776/426 575/777/424 573/566/422
f 573/566/422 617/760/466 613/762/462
f 613/762/462 609/764/458 605/564/454
f 605/564/454 601/766/450 597/768/446
f 597/768/446 593/770/442 589/565/438
f 589/565/438 585/773/434 581/774/430
f 581/774/430 577/776/426 573/566/422
f 573/566/422 613/762/462 605/564/454
f 605/564/454 597/768/446 589/565/438
f 589/565/438 581/774/430 573/566/422
usemtl Eye
f 629/567/475 703/568/546 704/569/547
f 627/570/473 621/1/5 702/571/545
f 701/572/544 624/573/470 620/574/468
f 700/575/543 623/576/469 619/577/1
f 622/578/9 629/567/475 704/569/547
f 628/579/474 702/571/545 703/568/546
f 621/1/5 625/580/471 701/572/544
f 620/574/468 623/576/469 700/575/543
f 623/576/469 630/581/476 619/44/1
f 622/47/9 636/582/482 629/567/475
f 635/583/481 627/570/473 628/579/474
f 626/584/472 632/585/478 625/580/471
f 624/573/470 630/581/476 623/576/469
f 636/582/482 628/579/474 629/567/475
f 634/586/480 626/584/472 627/570/473
f 625/580/471 631/587/477 624/573/470
f 642/70/487 634/586/480 635/583/481
f 633/588/479 639/589/485 632/585/478
f 631/587/477 637/590/483 630/581/476
f 643/591/488 635/583/481 636/582/482
f 641/592/486 633/588/479 634/586/480
f 632/585/478 638/593/484 631/587/477
f 630/581/476 637/590/483 619/594/1
f 622/595/9 643/591/488 636/582/482
f 643/591/488 649/596/494 642/70/487
f 641/592/486 647/597/492 640/79/59
f 646/598/491 638/593/484 639/589/485
f 637/590/483 644/599/489 619/600/1
f 622/601/9 650/602/495 643/591/488
f 642/70/487 648/603/493 641/592/486
f 647/597/492 639/589/485 640/79/59
f 645/604/490 637/590/483 638/593/484
f 648/603/493 654/605/499 647/597/492
f 653/606/498 645/604/490 646/598/491
f 644/599/489 651/607/496 619/106/1
f 622/109/9 657/608/502 650/602/495
f 649/596/494 655/609/500 648/603/493
f 654/605/499 646/598/491 647/597/492
f 652/610/497 644/599/489 645/604/490
f 650/602/495 656/611/501 649/596/494
f 622/612/9 664/613/508 657/608/502
f 656/611/501 662/614/506 655/609/500
f 661/134/114 653/606/498 654/605/499
f 659/615/504 651/607/496 652/610/497
f 657/608/502 663/136/507 656/611/501
f 655/609/500 661/134/114 654/605/499
f 660/616/505 652/610/497 653/606/498
f 651/607/496 658/617/503 619/618/1
f 661/134/114 667/619/511 660/616/505
f 659/615/504 665/620/509 658/617/503
f 671/621/515 663/136/507 664/613/508
f 669/622/513 661/134/114 662/614/506
f 660/616/505 666/623/510 659/615/504
f 658/617/503 665/620/509 619/624/1
f 622/625/9 671/621/515 664/613/508
f 670/626/514 662/614/506 663/136/507
f 678/627/522 670/626/514 671/621/515
f 676/628/520 668/629/512 669/622/513
f 667/619/511 673/630/517 666/623/510
f 665/620/509 672/631/516 619/179/1
f 622/169/9 678/627/522 671/621/515
f 677/632/521 669/622/513 670/626/514
f 668/629/512 674/633/518 667/619/511
f 666/623/510 672/631/516 665/620/509
f 674/633/518 680/634/524 673/630/517
f 672/631/516 679/635/523 619/636/1
f 622/637/9 685/638/528 678/627/522
f 684/639/527 676/628/520 677/632/521
f 675/640/519 681/641/525 674/633/518
f 673/630/517 679/635/523 672/631/516
f 685/638/528 677/632/521 678/627/522
f 683/642/526 675/640/519 676/628/520
f 622/643/9 692/644/535 685/645/528
f 684/646/527 690/647/533 683/648/526
f 689/519/532 681/649/525 682/223/169
f 687/650/530 679/651/523 680/652/524
f 685/645/528 691/653/534 684/646/527
f 683/648/526 689/519/532 682/223/169
f 688/654/531 680/652/524 681/649/525
f 679/651/523 686/655/529 619/517/1
f 694/656/537 686/655/529 687/650/530
f 692/644/535 698/657/541 691/653/534
f 690/647/533 696/658/539 689/519/532
f 695/659/538 687/650/530 688/654/531
f 686/655/529 693/660/536 619/661/1
f 622/662/9 699/663/542 692/644/535
f 691/653/534 697/664/540 690/647/533
f 696/658/539 688/654/531 689/519/532
f 699/663/542 703/568/546 698/657/541
f 697/664/540 621/1/5 696/658/539
f 701/572/544 694/656/537 695/659/538
f 693/660/536 700/575/543 619/665/1
f 622/666/9 704/569/547 699/663/542
f 698/657/541 702/571/545 697/664/540
f 621/1/5 695/659/538 696/658/539
f 620/574/468 693/660/536 694/656/537
f 786/575/543 709/576/469 705/577/1
f 708/578/9 715/567/475 790/569/547
f 714/579/474 788/571/545 789/568/546
f 707/1/5 711/580/471 787/572/544
f 706/574/468 709/576/469 786/575/543
f 715/567/475 789/568/546 790/569/547
f 713/570/473 707/1/5 788/571/545
f 787/572/544 710/573/470 706/574/468
f 712/584/472 718/585/478 711/580/471
f 710/573/470 716/581/476 709/576/469
f 722/582/482 714/579/474 715/567/475
f 720/586/480 712/584/472 713/570/473
f 711/580/471 717/587/477 710/573/470
f 709/576/469 716/581/476 705/44/1
f 708/47/9 722/582/482 715/567/475
f 721/583/481 713/570/473 714/579/474
f 729/591/488 721/583/481 722/582/482
f 727/592/486 719/588/479 720/586/480
f 718/585/478 724/593/484 717/587/477
f 716/581/476 723/590/483 705/594/1
f 708/595/9 729/591/488 722/582/482
f 728/70/487 720/586/480 721/583/481
f 719/588/479 725/589/485 718/585/478
f 717/587/477 723/590/483 716/581/476
f 732/598/491 724/593/484 725/589/485
f 723/590/483 730/599/489 705/600/1
f 708/601/9 736/602/495 729/591/488
f 728/70/487 734/603/493 727/592/486
f 733/597/492 725/589/485 726/79/59
f 731/604/490 723/590/483 724/593/484
f 729/591/488 735/596/494 728/70/487
f 727/592/486 733/597/492 726/79/59
f 708/109/9 743/608/502 736/602/495
f 735/596/494 741/609/500 734/603/493
f 740/605/499 732/598/491 733/597/492
f 738/610/497 730/599/489 731/604/490
f 736/602/495 742/611/501 735/596/494
f 734/603/493 740/605/499 733/597/492
f 739/606/498 731/604/490 732/598/491
f 730/599/489 737/607/496 705/106/1
f 745/615/504 737/607/496 738/610/497
f 743/608/502 749/136/507 742/611/501
f 741/609/500 747/134/114 740/605/499
f 746/616/505 738/610/497 739/606/498
f 737/607/496 744/617/503 705/618/1
f 708/612/9 750/613/508 743/608/502
f 742/611/501 748/614/506 741/609/500
f 747/134/114 739/606/498 740/605/499
f 757/621/515 749/136/507 750/613/508
f 755/622/513 747/134/114 748/614/506
f 746/616/505 752/623/510 745/615/504
f 744/617/503 751/620/509 705/624/1
f 708/625/9 757/621/515 750/613/508
f 756/626/514 748/614/506 749/136/507
f 747/134/114 753/619/511 746/616/505
f 745/615/504 751/620/509 744/617/503
f 751/620/509 758/631/516 705/179/1
f 708/169/9 764/627/522 757/621/515
f 763/632/521 755/622/513 756/626/514
f 754/629/512 760/633/518 753/619/511
f 752/623/510 758/631/516 751/620/509
f 764/627/522 756/626/514 757/621/515
f 762/628/520 754/629/512 755/622/513
f 753/619/511 759/630/517 752/623/510
f 770/639/527 762/628/520 763/632/521
f 761/640/519 767/641/525 760/633/518
f 759/630/517 765/635/523 758/631/516
f 771/638/528 763/632/521 764/627/522
f 769/642/526 761/640/519 762/628/520
f 760/633/518 766/634/524 759/630/517
f 758/631/516 765/635/523 705/636/1
f 708/637/9 771/638/528 764/627/522
f 771/645/528 777/653/534 770/646/527
f 769/648/526 775/519/532 768/223/169
f 774/654/531 766/652/524 767/649/525
f 765/651/523 772/655/529 705/517/1
f 708/643/9 778/644/535 771/645/528
f 770/646/527 776/647/533 769/648/526
f 775/519/532 767/649/525 768/223/169
f 773/650/530 765/651/523 766/652/524
f 776/647/533 782/658/539 775/519/532
f 781/659/538 773/650/530 774/654/531
f 772/655/529 779/660/536 705/661/1
f 708/662/9 785/663/542 778/644/535
f 777/653/534 783/664/540 776/647/533
f 782/658/539 774/654/531 775/519/532
f 780/656/537 772/655/529 773/650/530
f 778/644/535 784/657/541 777/653/534
f 708/666/9 790/569/547 785/663/542
f 784/657/541 788/571/545 783/664/540
f 707/1/5 781/659/538 782/658/539
f 706/574/468 779/660/536 780/656/537
f 785/663/542 789/568/546 784/657/541
f 783/664/540 707/1/5 782/658/539
f 787/572/544 780/656/537 781/659/538
f 779/660/536 786/575/543 705/665/1
f 629/567/475 628/579/474 703/568/546
f 627/570/473 626/584/472 621/1/5
f 701/572/544 625/580/471 624/573/470
f 628/579/474 627/570/473 702/571/545
f 621/1/5 626/584/472 625/580/471
f 620/574/468 624/573/470 623/576/469
f 635/583/481 634/586/480 627/570/473
f 626/584/472 633/588/479 632/585/478
f 624/573/470 631/587/477 630/581/476
f 636/582/482 635/583/481 628/579/474
f 634/586/480 633/588/479 626/584/472
f 625/580/471 632/585/478 631/587/477
f 642/70/487 641/592/486 634/586/480
f 633/588/479 640/79/59 639/589/485
f 631/587/477 638/593/484 637/590/483
f 643/591/488 642/70/487 635/583/481
f 641/592/486 640/79/59 633/588/479
f 632/585/478 639/589/485 638/593/484
f 643/591/488 650/602/495 649/596/494
f 641/592/486 648/603/493 647/597/492
f 646/598/491 645/604/490 638/593/484
f 642/70/487 649/596/494 648/603/493
f 647/597/492 646/598/491 639/589/485
f 645/604/490 644/599/489 637/590/483
f 648/603/493 655/609/500 654/605/499
f 653/606/498 652/610/497 645/604/490
f 649/596/494 656/611/501 655/609/500
f 654/605/499 653/606/498 646/598/491
f 652/610/497 651/607/496 644/599/489
f 650/602/495 657/608/502 656/611/501
f 656/611/501 663/136/507 662/614/506
f 661/134/114 660/616/505 653/606/498
f 659/615/504 658/617/503 651/607/496
f 657/608/502 664/613/508 663/136/507
f 655/609/500 662/614/506 661/134/114
f 660/616/505 659/615/504 652/610/497
f 661/134/114 668/629/512 667/619/511
f 659/615/504 666/623/510 665/620/509
f 671/621/515 670/626/514 663/136/507
f 669/622/513 668/629/512 661/134/114
f 660/616/505 667/619/511 666/623/510
f 670/626/514 669/622/513 662/614/506
f 678/627/522 677/632/521 670/626/514
f 676/628/520 675/640/519 668/629/512
f 667/619/511 674/633/518 673/630/517
f 677/632/521 676/628/520 669/622/513
f 668/629/512 675/640/519 674/633/518
f 666/623/510 673/630/517 672/631/516
f 674/633/518 681/641/525 680/634/524
f 684/639/527 683/642/526 676/628/520
f 675/640/519 682/688/169 681/641/525
f 673/630/517 680/634/524 679/635/523
f 685/638/528 684/639/527 677/632/521
f 683/642/526 682/688/169 675/640/519
f 684/646/527 691/653/534 690/647/533
f 689/519/532 688/654/531 681/649/525
f 687/650/530 686/655/529 679/651/523
f 685/645/528 692/644/535 691/653/534
f 683/648/526 690/647/533 689/519/532
f 688/654/531 687/650/530 680/652/524
f 694/656/537 693/660/536 686/655/529
f 692/644/535 699/663/542 698/657/541
f 690/647/533 697/664/540 696/658/539
f 695/659/538 694/656/537 687/650/530
f 691/653/534 698/657/541 697/664/540
f 696/658/539 695/659/538 688/654/531
f 699/663/542 704/569/547 703/568/546
f 697/664/540 702/571/545 621/1/5
f 701/572/544 620/574/468 694/656/537
f 698/657/541 703/568/546 702/571/545
f 621/1/5 701/572/544 695/659/538
f 620/574/468 700/575/543 693/660/536
f 714/579/474 713/570/473 788/571/545
f 707/1/5 712/584/472 711/580/471
f 706/574/468 710/573/470 709/576/469
f 715/567/475 714/579/474 789/568/546
f 713/570/473 712/584/472 707/1/5
f 787/572/544 711/580/471 710/573/470
f 712/584/472 719/588/479 718/585/478
f 710/573/470 717/587/477 716/581/476
f 722/582/482 721/583/481 714/579/474
f 720/586/480 719/588/479 712/584/472
f 711/580/471 718/585/478 717/587/477
f 721/583/481 720/586/480 713/570/473
f 729/591/488 728/70/487 721/583/481
f 727/592/486 726/79/59 719/588/479
f 718/585/478 725/589/485 724/593/484
f 728/70/487 727/592/486 720/586/480
f 719/588/479 726/79/59 725/589/485
f 717/587/477 724/593/484 723/590/483
f 732/598/491 731/604/490 724/593/484
f 728/70/487 735/596/494 734/603/493
f 733/597/492 732/598/491 725/589/485
f 731/604/490 730/599/489 723/590/483
f 729/591/488 736/602/495 735/596/494
f 727/592/486 734/603/493 733/597/492
f 735/596/494 742/611/501 741/609/500
f 740/605/499 739/606/498 732/598/491
f 738/610/497 737/607/496 730/599/489
f 736/602/495 743/608/502 742/611/501
f 734/603/493 741/609/500 740/605/499
f 739/606/498 738/610/497 731/604/490
f 745/615/504 744/617/503 737/607/496
f 743/608/502 750/613/508 749/136/507
f 741/609/500 748/614/506 747/134/114
f 746/616/505 745/615/504 738/610/497
f 742/611/501 749/136/507 748/614/506
f 747/134/114 746/616/505 739/606/498
f 757/621/515 756/626/514 749/136/507
f 755/622/513 754/629/512 747/134/114
f 746/616/505 753/619/511 752/623/510
f 756/626/514 755/622/513 748/614/506
f 747/134/114 754/629/512 753/619/511
f 745/615/504 752/623/510 751/620/509
f 763/632/521 762/628/520 755/622/513
f 754/629/512 761/640/519 760/633/518
f 752/623/510 759/630/517 758/631/516
f 764/627/522 763/632/521 756/626/514
f 762/628/520 761/640/519 754/629/512
f 753/619/511 760/633/518 759/630/517
f 770/639/527 769/642/526 762/628/520
f 761/640/519 768/688/169 767/641/525
f 759/630/517 766/634/524 765/635/523
f 771/638/528 770/639/527 763/632/521
f 769/642/526 768/688/169 761/640/519
f 760/633/518 767/641/525 766/634/524
f 771/645/528 778/644/535 777/653/534
f 769/648/526 776/647/533 775/519/532
f 774/654/531 773/650/530 766/652/524
f 770/646/527 777/653/534 776/647/533
f 775/519/532 774/654/531 767/649/525
f 773/650/530 772/655/529 765/651/523
f 776/647/533 783/664/540 782/658/539
f 781/659/538 780/656/537 773/650/530
f 777/653/534 784/657/541 783/664/540
f 782/658/539 781/659/538 774/654/531
f 780/656/537 779/660/536 772/655/529
f 778/644/535 785/663/542 784/657/541
f 784/657/541 789/568/546 788/571/545
f 707/1/5 787/572/544 781/659/538
f 706/574/468 786/575/543 779/660/536
f 785/663/542 790/569/547 789/568/546
f 783/664/540 788/571/545 707/1/5
f 787/572/544 706/574/468 780/656/537
usemtl DeepRed
f 793/667/550 792/454/549 791/223/548
f 793/667/550 796/661/553 794/668/551
f 797/669/554 796/661/553 795/670/552
f 797/669/554 800/671/557 798/672/555
f 801/292/558 800/671/557 799/1/556
f 801/292/558 804/44/561 802/673/559
f 805/315/562 804/44/561 803/301/560
f 805/315/562 808/674/565 806/675/563
f 809/676/566 808/674/565 807/79/564
f 811/677/568 810/678/567 809/676/566
f 811/677/568 814/679/571 812/106/569
f 815/134/572 814/679/571 813/680/570
f 815/134/572 818/681/575 816/682/573
f 819/683/576 818/681/575 817/684/574
f 808/685/565 816/686/573 792/559/549
f 821/687/578 820/179/577 819/683/576
f 791/688/548 822/689/579 821/687/578
f 809/690/566 801/691/558 793/692/550
f 825/667/582 824/454/581 823/223/580
f 827/670/584 826/668/583 825/667/582
f 829/669/586 828/661/585 827/670/584
f 829/669/586 832/671/589 830/672/587
f 833/292/590 832/671/589 831/1/588
f 833/292/590 836/44/593 834/673/591
f 837/315/594 836/44/593 835/301/592
f 839/79/596 838/675/595 837/315/594
f 839/79/596 842/678/599 840/674/597
f 843/677/600 842/678/599 841/676/598
f 843/677/600 846/679/603 844/106/601
f 847/134/604 846/679/603 845/680/602
f 847/134/604 850/681/607 848/682/605
f 851/683/608 850/681/607 849/684/606
f 840/685/597 848/686/605 824/559/581
f 853/687/610 852/179/609 851/683/608
f 823/688/580 854/689/611 853/687/610
f 841/690/598 833/691/590 825/692/582
f 855/223/612 858/668/615 856/454/613
f 859/670/616 858/668/615 857/667/614
f 859/670/616 862/672/619 860/661/617
f 863/1/620 862/672/619 861/669/618
f 865/292/622 864/671/621 863/1/620
f 867/301/624 866/673/623 865/292/622
f 867/301/624 870/675/627 868/44/625
f 869/315/626 872/674/629 870/675/627
f 873/676/630 872/674/629 871/79/628
f 873/676/630 876/106/633 874/678/631
f 877/680/634 876/106/633 875/677/632
f 877/680/634 880/682/637 878/679/635
f 881/684/638 880/682/637 879/134/636
f 881/684/638 884/179/641 882/681/639
f 872/685/629 880/686/637 856/559/613
f 883/683/640 886/689/643 884/179/641
f 855/688/612 886/689/643 885/687/642
f 873/690/630 865/691/622 857/692/614
f 793/667/550 794/668/551 792/454/549
f 793/667/550 795/670/552 796/661/553
f 797/669/554 798/672/555 796/661/553
f 797/669/554 799/1/556 800/671/557
f 801/292/558 802/673/559 800/671/557
f 801/292/558 803/301/560 804/44/561
f 805/315/562 806/675/563 804/44/561
f 805/315/562 807/79/564 808/674/565
f 809/676/566 810/678/567 808/674/565
f 811/677/568 812/106/569 810/678/567
f 811/677/568 813/680/570 814/679/571
f 815/134/572 816/682/573 814/679/571
f 815/134/572 817/684/574 818/681/575
f 819/683/576 820/179/577 818/681/575
f 792/559/549 794/778/551 796/743/553
f 796/743/553 798/779/555 800/699/557
f 800/699/557 802/780/559 804/747/561
f 804/747/561 806/781/563 808/685/565
f 808/685/565 810/782/567 812/752/569
f 812/752/569 814/783/571 816/686/573
f 816/686/573 818/784/575 820/756/577
f 820/756/577 822/785/579 792/559/549
f 792/559/549 796/743/553 800/699/557
f 800/699/557 804/747/561 808/685/565
f 808/685/565 812/752/569 816/686/573
f 816/686/573 820/756/577 792/559/549
f 792/559/549 800/699/557 808/685/565
f 821/687/578 822/689/579 820/179/577
f 791/688/548 792/786/549 822/689/579
f 793/692/550 791/717/548 821/787/578
f 821/787/578 819/762/576 817/788/574
f 817/788/574 815/512/572 813/789/570
f 813/789/570 811/790/568 809/690/566
f 809/690/566 807/730/564 805/791/562
f 805/791/562 803/792/560 801/691/558
f 801/691/558 799/736/556 797/793/554
f 797/793/554 795/776/552 793/692/550
f 793/692/550 821/787/578 817/788/574
f 817/788/574 813/789/570 809/690/566
f 809/690/566 805/791/562 801/691/558
f 801/691/558 797/793/554 793/692/550
f 793/692/550 817/788/574 809/690/566
f 825/667/582 826/668/583 824/454/581
f 827/670/584 828/661/585 826/668/583
f 829/669/586 830/672/587 828/661/585
f 829/669/586 831/1/588 832/671/589
f 833/292/590 834/673/591 832/671/589
f 833/292/590 835/301/592 836/44/593
f 837/315/594 838/675/595 836/44/593
f 839/79/596 840/674/597 838/675/595
f 839/79/596 841/676/598 842/678/599
f 843/677/600 844/106/601 842/678/599
f 843/677/600 845/680/602 846/679/603
f 847/134/604 848/682/605 846/679/603
f 847/134/604 849/684/606 850/681/607
f 851/683/608 852/179/609 850/681/607
f 824/559/581 826/778/583 828/743/585
f 828/743/585 830/779/587 832/699/589
f 832/699/589 834/780/591 836/747/593
f 836/747/593 838/781/595 840/685/597
f 840/685/597 842/782/599 844/752/601
f 844/752/601 846/783/603 848/686/605
f 848/686/605 850/784/607 852/756/609
f 852/756/609 854/785/611 824/559/581
f 824/559/581 828/743/585 832/699/589
f 832/699/589 836/747/593 840/685/597
f 840/685/597 844/752/601 848/686/605
f 848/686/605 852/756/609 824/559/581
f 824/559/581 832/699/589 840/685/597
f 853/687/610 854/689/611 852/179/609
f 823/688/580 824/786/581 854/689/611
f 825/692/582 823/717/580 853/787/610
f 853/787/610 851/762/608 849/788/606
f 849/788/606 847/512/604 845/789/602
f 845/789/602 843/790/600 841/690/598
f 841/690/598 839/730/596 837/791/594
f 837/791/594 835/792/592 833/691/590
f 833/691/590 831/736/588 829/793/586
f 829/793/586 827/776/584 825/692/582
f 825/692/582 853/787/610 849/788/606
f 849/788/606 845/789/602 841/690/598
f 841/690/598 837/791/594 833/691/590
f 833/691/590 829/793/586 825/692/582
f 825/692/582 849/788/606 841/690/598
f 855/223/612 857/667/614 858/668/615
f 859/670/616 860/661/617 858/668/615
f 859/670/616 861/669/618 862/672/619
f 863/1/620 864/671/621 862/672/619
f 865/292/622 866/673/623 864/671/621
f 867/301/624 868/44/625 866/673/623
f 867/301/624 869/315/626 870/675/627
f 869/315/626 871/79/628 872/674/629
f 873/676/630 874/678/631 872/674/629
f 873/676/630 875/677/632 876/106/633
f 877/680/634 878/679/635 876/106/633
f 877/680/634 879/134/636 880/682/637
f 881/684/638 882/681/639 880/682/637
f 881/684/638 883/683/640 884/179/641
f 856/559/613 858/778/615 860/743/617
f 860/743/617 862/779/619 864/699/621
f 864/699/621 866/780/623 868/747/625
f 868/747/625 870/781/627 872/685/629
f 872/685/629 874/782/631 876/752/633
f 876/752/633 878/783/635 880/686/637
f 880/686/637 882/784/639 884/756/641
f 884/756/641 886/785/643 856/559/613
f 856/559/613 860/743/617 864/699/621
f 864/699/621 868/747/625 872/685/629
f 872/685/629 876/752/633 880/686/637
f 880/686/637 884/756/641 856/559/613
f 856/559/613 864/699/621 872/685/629
f 883/683/640 885/687/642 886/689/643
f 855/688/612 856/786/613 886/689/643
f 857/692/614 855/717/612 885/787/642
f 885/787/642 883/762/640 881/788/638
f 881/788/638 879/512/636 877/789/634
f 877/789/634 875/790/632 873/690/630
f 873/690/630 871/730/628 869/791/626
f 869/791/626 867/792/624 865/691/622
f 865/691/622 863/736/620 861/793/618
f 861/793/618 859/776/616 857/692/614
f 857/692/614 885/787/642 881/788/638
f 881/788/638 877/789/634 873/690/630
f 873/690/630 869/791/626 865/691/622
f 865/691/622 861/793/618 857/692/614
f 857/692/614 881/788/638 873/690/630
