# Blender 5.2.1 LTS
# www.blender.org
mtllib SM_LT_Parrot_Wing_R.mtl
o SM_LT_Parrot_Wing_R
v -6.948770 -0.923136 13.502602
v 0.948769 -1.476868 -17.502598
v -5.696805 -1.942417 13.031479
v -4.180860 -2.889026 11.088974
v -2.549323 -3.670300 7.865227
v -0.961901 -4.209765 3.675800
v 0.426016 -4.454615 -1.069210
v 1.478572 -4.380878 -5.905331
v 2.092734 -3.995776 -10.359173
v 2.208383 -3.337005 -13.994761
v 1.814200 -2.469048 -16.456217
v -4.696640 -1.840408 13.284416
v -2.278431 -2.694994 11.570087
v 0.069146 -3.403240 8.527424
v 2.116293 -3.895817 4.454262
v 3.662622 -4.124509 -0.250687
v 4.556767 -4.066930 -5.126873
v 4.711203 -3.728716 -9.696976
v 4.110812 -3.142973 -13.513645
v 2.814366 -2.367040 -16.203279
v -3.944803 -1.629398 13.472153
v -0.848352 -2.293629 11.927185
v 2.037480 -2.850807 9.018925
v 4.430208 -3.246393 5.032055
v 6.095617 -3.441665 0.356842
v 6.870682 -3.417506 -4.549076
v 6.679537 -3.176283 -9.205475
v 5.540891 -2.741608 -13.156549
v 3.566203 -2.156029 -16.015543
v -3.531978 -1.334837 13.572044
v -0.063113 -1.733339 12.117191
v 3.118270 -2.079636 9.280445
v 5.700754 -2.339827 5.339493
v 7.431546 -2.488443 0.680099
v 8.141228 -2.510939 -4.241638
v 7.760326 -2.405111 -8.943951
v 6.326130 -2.181318 -12.966541
v 3.979028 -1.861467 -15.915649
v -3.507958 -0.992252 13.572044
v -0.017424 -1.081705 12.117191
v 3.181155 -1.182737 9.280445
v 5.774681 -1.285460 5.339493
v 7.509277 -1.379817 0.680099
v 8.215155 -1.456573 -4.241638
v 7.823212 -1.508213 -8.943951
v 6.371819 -1.529684 -12.966541
v 4.003048 -1.518883 -15.915649
v -3.875640 -0.642965 13.472153
v -0.716796 -0.417322 11.927185
v 2.218552 -0.268293 9.018925
v 4.643073 -0.210466 5.032055
v 6.319434 -0.249502 0.356842
v 7.083546 -0.381578 -4.549076
v 6.860609 -0.593769 -9.205475
v 5.672447 -0.865301 -13.156549
v 3.635365 -1.169597 -16.015543
v -4.590675 -0.329106 13.284416
v -2.076874 0.179674 11.570087
v 0.346564 0.553401 8.527424
v 2.442419 0.755494 4.454262
v 4.005529 0.766169 -0.250687
v 4.882893 0.584382 -5.126873
v 4.988621 0.227925 -9.696976
v 4.312368 -0.268306 -13.513645
v 2.920331 -0.855738 -16.203279
v -5.566821 -0.088530 13.031479
v -3.933614 0.637277 11.088974
v -2.209018 1.183238 7.865227
v -0.561850 1.495912 3.675800
v 0.846655 1.544690 -1.069210
v 1.878624 1.324800 -5.905331
v 2.433038 0.857762 -10.359173
v 2.455628 0.189298 -13.994761
v 1.944185 -0.615161 -16.456215
v -6.686339 0.049747 12.743851
v -6.063064 0.900294 10.541870
v -5.139955 1.545250 7.112202
v -4.007374 1.921483 2.790569
v -2.776182 1.992161 -1.999996
v -1.566900 1.750370 -6.790565
v -0.497899 1.219774 -11.112196
v 0.326179 0.452315 -14.541864
v 0.824667 -0.476885 -16.743847
v -7.814199 0.069044 12.456223
v -8.208383 0.937001 9.994766
v -8.092731 1.595772 6.359177
v -7.478572 1.980875 1.905334
v -6.426015 2.054610 -2.930786
v -5.038098 1.809762 -7.675797
v -3.450675 1.270297 -11.865219
v -1.819140 0.489022 -15.088966
v -0.303194 -0.457586 -17.031475
v -8.814365 -0.032964 12.203285
v -10.110811 0.742970 9.513649
v -10.711201 1.328712 5.696980
v -10.556767 1.666926 1.126877
v -9.662621 1.724505 -3.749310
v -8.116293 1.495814 -8.454258
v -6.069144 1.003236 -12.527418
v -3.721569 0.294991 -15.570084
v -1.303360 -0.559595 -17.284412
v -9.566202 -0.243975 12.015549
v -11.540890 0.341604 9.156555
v -12.679535 0.776279 5.205479
v -12.870682 1.017504 0.549080
v -12.095615 1.041662 -4.356838
v -10.430208 0.846391 -9.032051
v -8.037477 0.450804 -13.018919
v -5.151648 -0.106375 -15.927179
v -2.055197 -0.770605 -17.472149
v -9.979028 -0.538536 11.915653
v -12.326130 -0.218685 8.966545
v -13.760324 0.005108 4.943954
v -14.141226 0.110936 0.241642
v -13.431545 0.088440 -4.680096
v -11.700752 -0.060177 -9.339489
v -9.118267 -0.320368 -13.280441
v -5.936888 -0.666664 -16.117188
v -2.468022 -1.065166 -17.572041
v -10.003048 -0.881121 11.915653
v -12.371820 -0.870319 8.966545
v -13.823211 -0.891789 4.943954
v -14.215155 -0.943431 0.241642
v -13.509275 -1.020186 -4.680096
v -11.774681 -1.114543 -9.339489
v -9.181154 -1.217265 -13.280441
v -5.982577 -1.318298 -16.117188
v -2.492043 -1.407751 -17.572041
v -9.635366 -1.230407 12.015549
v -11.672448 -1.534701 9.156555
v -12.860609 -1.806233 5.205479
v -13.083546 -2.018424 0.549080
v -12.319435 -2.150501 -4.356838
v -10.643072 -2.189537 -9.032051
v -8.218553 -2.131709 -13.018921
v -5.283206 -1.982680 -15.927179
v -2.124361 -1.757037 -17.472149
v -8.920331 -1.544266 12.203285
v -10.312370 -2.131698 9.513649
v -10.988622 -2.627929 5.696980
v -10.882895 -2.984385 1.126877
v -10.005531 -3.166171 -3.749310
v -8.442421 -3.155497 -8.454258
v -6.346565 -2.953404 -12.527420
v -3.923127 -2.579677 -15.570084
v -1.409325 -2.070897 -17.284412
v -7.944185 -1.784842 12.456223
v -8.455631 -2.589302 9.994766
v -8.433040 -3.257766 6.359177
v -7.878626 -3.724802 1.905334
v -6.846658 -3.944694 -2.930786
v -5.438152 -3.895914 -7.675797
v -3.790983 -3.583241 -11.865221
v -2.066388 -3.037281 -15.088968
v -0.433180 -2.311474 -17.031475
v -6.824667 -1.923119 12.743851
v -6.326180 -2.852319 10.541870
v -5.502103 -3.619778 7.112198
v -4.433103 -4.150373 2.790569
v -3.223820 -4.392164 -2.000000
v -1.992629 -4.321486 -6.790565
v -0.860046 -3.945253 -11.112198
v 0.063063 -3.300298 -14.541864
v 0.686338 -2.449749 -16.743847
v -5.102963 -2.200001 4.031036
v -4.194127 -3.331372 1.093014
v -2.000001 -3.800001 -5.999996
v 1.102962 -2.200001 -16.031033
v -4.099022 -2.730263 3.504959
v -2.775524 -3.179797 1.531841
v -1.333960 -3.480166 -1.587933
v 0.006206 -3.585642 -5.379406
v 1.040945 -3.480165 -9.265354
v 1.612727 -3.179797 -12.654184
v 1.634505 -2.730263 -15.029972
v -3.536996 -2.506147 3.678814
v -1.737035 -2.765686 1.853081
v 0.022891 -2.939105 -1.168209
v 1.474851 -3.000001 -4.925098
v 2.397796 -2.939104 -8.845631
v 2.651216 -2.765686 -12.332943
v 2.196531 -2.506147 -14.856119
v -3.331280 -2.200001 3.742451
v -1.356922 -2.200001 1.970665
v 0.519533 -2.200001 -1.014580
v 2.012412 -2.200001 -4.758812
v 2.894438 -2.200001 -8.692001
v 3.031329 -2.200001 -12.215359
v 2.402246 -2.200001 -14.792482
v -3.536996 -1.893854 3.678814
v -1.737035 -1.634315 1.853081
v 0.022891 -1.460897 -1.168209
v 1.474851 -1.400002 -4.925098
v 2.397796 -1.460897 -8.845634
v 2.651216 -1.634315 -12.332943
v 2.196531 -1.893854 -14.856119
v -4.099022 -1.669740 3.504959
v -2.775525 -1.220205 1.531837
v -1.333960 -0.919836 -1.587933
v 0.006206 -0.814361 -5.379406
v 1.040945 -0.919836 -9.265356
v 1.612727 -1.220205 -12.654184
v 1.634505 -1.669740 -15.029976
v -4.866765 -1.587708 3.267471
v -4.194127 -1.068630 1.093014
v -3.187453 -0.721794 -2.161285
v -2.000001 -0.600001 -5.999996
v -0.812549 -0.721794 -9.838707
v 0.194125 -1.068630 -13.093010
v 0.866762 -1.587708 -15.267464
v -5.634506 -1.669740 3.029980
v -5.612729 -1.220205 0.654190
v -5.040947 -0.919836 -2.734638
v -4.006207 -0.814361 -6.620590
v -2.666042 -0.919836 -10.412060
v -1.224477 -1.220205 -13.531834
v 0.099020 -1.669740 -15.504955
v -6.196532 -1.893854 2.856125
v -6.651218 -1.634315 0.332947
v -6.397798 -1.460897 -3.154362
v -5.474853 -1.400001 -7.074894
v -4.022893 -1.460897 -10.831783
v -2.262966 -1.634315 -13.853077
v -0.463006 -1.893854 -15.678810
v -6.402248 -2.200001 2.792488
v -7.031331 -2.200002 0.215363
v -6.894440 -2.200001 -3.307991
v -6.012414 -2.200001 -7.241180
v -4.519535 -2.200001 -10.985413
v -2.643080 -2.200001 -13.970661
v -0.668722 -2.200001 -15.742445
v -6.196533 -2.506147 2.856125
v -6.651217 -2.765687 0.332947
v -6.397798 -2.939105 -3.154362
v -5.474853 -3.000001 -7.074894
v -4.022893 -2.939104 -10.831783
v -2.262966 -2.765686 -13.853077
v -0.463006 -2.506147 -15.678810
v -5.634506 -2.730263 3.029980
v -5.612729 -3.179796 0.654190
v -5.040947 -3.480165 -2.734638
v -4.006207 -3.585642 -6.620590
v -2.666042 -3.480165 -10.412060
v -1.224477 -3.179797 -13.531834
v 0.099020 -2.730263 -15.504955
v -4.866765 -2.812295 3.267471
v -3.187454 -3.678208 -2.161285
v -0.812549 -3.678208 -9.838707
v 0.194125 -3.331372 -13.093010
v 0.866762 -2.812295 -15.267464
v -6.422915 -2.200002 1.613422
v -5.464300 -3.331373 -1.231571
v -3.150000 -3.800002 -8.099998
v 0.122915 -2.200002 -17.813417
v -5.412214 -2.730264 1.130642
v -4.057111 -3.179797 -0.757423
v -2.563909 -3.480167 -3.763325
v -1.159934 -3.585642 -7.429447
v -0.058928 -3.480166 -11.197657
v 0.571490 -3.179797 -14.494274
v 0.635344 -2.730264 -16.817417
v -4.854710 -2.506148 1.318489
v -3.026977 -2.765687 -0.410320
v -1.217974 -2.939105 -3.309814
v 0.296896 -3.000002 -6.938572
v 1.287007 -2.939105 -10.744146
v 1.601624 -2.765687 -14.147171
v 1.192849 -2.506148 -16.629570
v -4.650649 -2.200002 1.387249
v -2.649922 -2.200002 -0.283272
v -0.725328 -2.200002 -3.143818
v 0.830132 -2.200002 -6.758900
v 1.779653 -2.200002 -10.578150
v 1.978679 -2.200002 -14.020123
v 1.396910 -2.200002 -16.560810
v -4.854710 -1.893855 1.318493
v -3.026977 -1.634316 -0.410320
v -1.217974 -1.460898 -3.309814
v 0.296896 -1.400002 -6.938572
v 1.287006 -1.460898 -10.744146
v 1.601624 -1.634316 -14.147171
v 1.192849 -1.893855 -16.629568
v -5.412214 -1.669740 1.130642
v -4.057112 -1.220205 -0.757423
v -2.563909 -0.919837 -3.763325
v -1.159934 -0.814361 -7.429447
v -0.058928 -0.919837 -11.197655
v 0.571489 -1.220205 -14.494274
v 0.635344 -1.669740 -16.817421
v -6.173779 -1.587708 0.874035
v -5.464301 -1.068631 -1.231571
v -4.402491 -0.721794 -4.382832
v -3.150000 -0.600001 -8.099998
v -1.897510 -0.721794 -11.817162
v -0.835700 -1.068630 -14.968422
v -0.126221 -1.587708 -17.074026
v -6.935345 -1.669740 0.617424
v -6.871490 -1.220206 -1.705723
v -6.241072 -0.919837 -5.002338
v -5.140067 -0.814361 -8.770546
v -3.736091 -0.919837 -12.436668
v -2.242889 -1.220206 -15.442570
v -0.887787 -1.669740 -17.330635
v -7.492849 -1.893855 0.429577
v -7.901624 -1.634316 -2.052822
v -7.587007 -1.460898 -5.455849
v -6.596896 -1.400002 -9.261421
v -5.082026 -1.460898 -12.890179
v -3.273023 -1.634316 -15.789673
v -1.445292 -1.893855 -17.518484
v -7.696910 -2.200002 0.360817
v -8.278679 -2.200002 -2.179871
v -8.079654 -2.200002 -5.621841
v -7.130133 -2.200002 -9.441093
v -5.574673 -2.200002 -13.056175
v -3.650078 -2.200002 -15.916721
v -1.649352 -2.200002 -17.587242
v -7.492849 -2.506148 0.429577
v -7.901624 -2.765687 -2.052822
v -7.587008 -2.939105 -5.455849
v -6.596897 -3.000002 -9.261421
v -5.082026 -2.939105 -12.890179
v -3.273023 -2.765687 -15.789673
v -1.445291 -2.506148 -17.518484
v -6.935345 -2.730264 0.617424
v -6.871490 -3.179797 -1.705723
v -6.241072 -3.480167 -5.002338
v -5.140067 -3.585642 -8.770546
v -3.736092 -3.480166 -12.436668
v -2.242888 -3.179798 -15.442572
v -0.887787 -2.730263 -17.330635
v -6.173779 -2.812295 0.874031
v -4.402491 -3.678209 -4.382832
v -1.897510 -3.678209 -11.817162
v -0.835700 -3.331372 -14.968422
v -0.126221 -2.812295 -17.074026
v -7.728980 -2.200001 -0.806271
v -6.724655 -3.331372 -3.557629
v -4.300001 -3.800001 -10.199997
v -0.871022 -2.200001 -19.593725
v -6.713051 -2.730263 -1.245762
v -5.329757 -3.179797 -3.048454
v -3.789693 -3.480166 -5.939903
v -2.327318 -3.585642 -9.479912
v -1.165267 -3.480166 -13.129551
v -0.480450 -3.179797 -16.333191
v -0.377125 -2.730263 -18.603106
v -6.160416 -2.506147 -1.044033
v -4.308622 -2.765687 -2.675709
v -2.455515 -2.939105 -5.452888
v -0.883214 -3.000001 -8.952774
v 0.168911 -2.939105 -12.642536
v 0.540686 -2.765687 -15.960445
v 0.175509 -2.506147 -18.401379
v -5.958138 -2.200001 -0.970196
v -3.934860 -2.200001 -2.539276
v -1.967172 -2.200001 -5.274628
v -0.354635 -2.200001 -8.759827
v 0.657255 -2.200001 -12.464279
v 0.914447 -2.200001 -15.824013
v 0.377788 -2.200001 -18.327541
v -6.160416 -1.893854 -1.044033
v -4.308622 -1.634315 -2.675709
v -2.455515 -1.460897 -5.452888
v -0.883214 -1.400002 -8.952774
v 0.168911 -1.460897 -12.642538
v 0.540685 -1.634315 -15.960445
v 0.175509 -1.893854 -18.401379
v -6.713051 -1.669740 -1.245762
v -5.329758 -1.220205 -3.048454
v -3.789693 -0.919836 -5.939903
v -2.327318 -0.814361 -9.479914
v -1.165267 -0.919836 -13.129551
v -0.480450 -1.220205 -16.333191
v -0.377125 -1.669740 -18.603106
v -7.467963 -1.587708 -1.521324
v -6.724655 -1.068630 -3.557629
v -5.612214 -0.721794 -6.605175
v -4.300001 -0.600001 -10.199999
v -2.987788 -0.721794 -13.794823
v -1.875348 -1.068630 -16.842365
v -1.132038 -1.587708 -18.878672
v -8.222877 -1.669740 -1.796890
v -8.119553 -1.220205 -4.066807
v -7.434735 -0.919836 -7.270447
v -6.272684 -0.814361 -10.920084
v -4.810308 -0.919836 -14.460094
v -3.270245 -1.220205 -17.351543
v -1.886951 -1.669740 -19.154236
v -8.775511 -1.893854 -1.998619
v -9.140688 -1.634315 -4.439552
v -8.768913 -1.460897 -7.757462
v -7.716788 -1.400002 -11.447224
v -6.144486 -1.460897 -14.947109
v -4.291380 -1.634315 -17.724289
v -2.439585 -1.893854 -19.355963
v -8.977790 -2.200001 -2.072456
v -9.514449 -2.200002 -4.575985
v -9.257257 -2.200001 -7.935719
v -8.245367 -2.200001 -11.640169
v -6.632830 -2.200001 -15.125368
v -4.665142 -2.200001 -17.860722
v -2.641865 -2.200001 -19.429800
v -8.775511 -2.506147 -1.998619
v -9.140688 -2.765687 -4.439552
v -8.768913 -2.939105 -7.757458
v -7.716787 -3.000001 -11.447224
v -6.144487 -2.939105 -14.947109
v -4.291379 -2.765687 -17.724287
v -2.439586 -2.506147 -19.355963
v -8.222877 -2.730263 -1.796890
v -8.119552 -3.179797 -4.066807
v -7.434735 -3.480166 -7.270447
v -6.272684 -3.585642 -10.920084
v -4.810308 -3.480165 -14.460094
v -3.270244 -3.179797 -17.351543
v -1.886951 -2.730263 -19.154236
v -7.467964 -2.812295 -1.521328
v -5.612215 -3.678208 -6.605175
v -2.987788 -3.678208 -13.794823
v -1.875346 -3.331372 -16.842367
v -1.132038 -2.812295 -18.878672
v -9.021157 -2.200002 -3.227547
v -7.975190 -3.331373 -5.884808
v -5.450001 -3.800002 -12.299997
v -1.878843 -2.200002 -21.372448
v -8.001531 -2.730264 -3.623798
v -6.593456 -3.179798 -5.340919
v -5.011302 -3.480167 -8.117500
v -3.495934 -3.585642 -11.530827
v -2.278056 -3.480167 -15.061251
v -1.543077 -3.179798 -18.171301
v -1.402893 -2.730264 -20.387497
v -7.454111 -2.506148 -3.408321
v -5.581958 -2.765687 -4.942768
v -3.689715 -2.939105 -7.597286
v -2.065459 -3.000002 -10.967752
v -0.956470 -2.939105 -14.541039
v -0.531579 -2.765687 -17.773148
v -0.855473 -2.506148 -20.172020
v -7.253741 -2.200002 -3.329449
v -5.211723 -2.200002 -4.797035
v -3.205981 -2.200002 -7.406876
v -1.541869 -2.200002 -10.761654
v -0.472735 -2.200002 -14.350628
v -0.161345 -2.200002 -17.627415
v -0.655105 -2.200002 -20.093149
v -7.454111 -1.893855 -3.408321
v -5.581958 -1.634316 -4.942768
v -3.689715 -1.460898 -7.597286
v -2.065459 -1.400002 -10.967754
v -0.956470 -1.460898 -14.541039
v -0.531579 -1.634316 -17.773148
v -0.855474 -1.893855 -20.172018
v -8.001530 -1.669740 -3.623798
v -6.593457 -1.220205 -5.340919
v -5.011302 -0.919837 -8.117500
v -3.495934 -0.814361 -11.530827
v -2.278056 -0.919837 -15.061251
v -1.543078 -1.220205 -18.171301
v -1.402893 -1.669740 -20.387497
v -8.749319 -1.587708 -3.918148
v -7.975190 -1.068631 -5.884808
v -6.816623 -0.721794 -8.828121
v -5.450000 -0.600001 -12.299997
v -4.083378 -0.721795 -15.771873
v -2.924811 -1.068631 -18.715187
v -2.150681 -1.587708 -20.681847
v -9.497108 -1.669740 -4.212498
v -9.356922 -1.220206 -6.428696
v -8.621944 -0.919837 -9.538744
v -7.404066 -0.814362 -13.069168
v -5.888699 -0.919837 -16.482496
v -4.306544 -1.220206 -19.259075
v -2.898470 -1.669740 -20.976196
v -10.044527 -1.893855 -4.427979
v -10.368422 -1.634316 -6.826847
v -9.943531 -1.460898 -10.058956
v -8.834540 -1.400002 -13.632244
v -7.210286 -1.460898 -17.002708
v -5.318043 -1.634316 -19.657227
v -3.445889 -1.893855 -21.191673
v -10.244896 -2.200002 -4.506847
v -10.738655 -2.200002 -6.972580
v -10.427265 -2.200002 -10.249367
v -9.358131 -2.200002 -13.838343
v -7.694021 -2.200002 -17.193119
v -5.688277 -2.200002 -19.802963
v -3.646259 -2.200002 -21.270546
v -10.044527 -2.506148 -4.427979
v -10.368422 -2.765687 -6.826847
v -9.943531 -2.939105 -10.058956
v -8.834541 -3.000002 -13.632244
v -7.210285 -2.939105 -17.002708
v -5.318042 -2.765687 -19.657228
v -3.445889 -2.506148 -21.191675
v -9.497107 -2.730264 -4.212498
v -9.356922 -3.179798 -6.428696
v -8.621944 -3.480166 -9.538744
v -7.404065 -3.585643 -13.069168
v -5.888699 -3.480167 -16.482494
v -4.306543 -3.179798 -19.259075
v -2.898470 -2.730264 -20.976196
v -8.749319 -2.812295 -3.918148
v -6.816622 -3.678209 -8.828121
v -4.083377 -3.678209 -15.771873
v -2.924810 -3.331373 -18.715189
v -2.150681 -2.812295 -20.681847
v -10.299476 -2.200001 -5.649918
v -9.215925 -3.331372 -8.212757
v -6.600001 -3.800001 -14.399998
v -2.900526 -2.200001 -23.150080
v -9.277673 -2.730263 -6.003029
v -7.848219 -3.179797 -7.634499
v -6.228735 -3.480166 -10.295958
v -4.665773 -3.585642 -13.582218
v -3.397280 -3.480166 -16.992979
v -2.616372 -3.179797 -20.008982
v -2.441935 -2.730263 -22.171066
v -8.735811 -2.506148 -5.773933
v -6.846989 -2.765687 -7.211185
v -4.920565 -2.939105 -9.742872
v -3.249820 -3.000001 -12.983562
v -2.089110 -2.939105 -16.439894
v -1.615143 -2.765687 -19.585667
v -1.900074 -2.506148 -21.941971
v -8.537476 -2.200001 -5.690079
v -6.480513 -2.200001 -7.056244
v -4.441742 -2.200001 -9.540428
v -2.731545 -2.200001 -12.764441
v -1.610287 -2.200001 -16.237452
v -1.248667 -2.200001 -19.430725
v -1.701739 -2.200001 -21.858114
v -8.735811 -1.893854 -5.773933
v -6.846989 -1.634315 -7.211185
v -4.920566 -1.460897 -9.742872
v -3.249820 -1.400002 -12.983562
v -2.089110 -1.460897 -16.439896
v -1.615142 -1.634315 -19.585667
v -1.900074 -1.893854 -21.941971
v -9.277673 -1.669740 -6.003029
v -7.848219 -1.220205 -7.634499
v -6.228735 -0.919836 -10.295958
v -4.665772 -0.814361 -13.582218
v -3.397280 -0.919836 -16.992979
v -2.616373 -1.220205 -20.008984
v -2.441936 -1.669740 -22.171066
v -10.017870 -1.587708 -6.315979
v -9.215925 -1.068630 -8.212757
v -8.015728 -0.721794 -11.051487
v -6.600001 -0.600001 -14.399996
v -5.184274 -0.721794 -17.748508
v -3.984078 -1.068630 -20.587236
v -3.182133 -1.587708 -22.484018
v -10.758068 -1.669740 -6.628929
v -10.583631 -1.220205 -8.791012
v -9.802721 -0.919836 -11.807014
v -8.534229 -0.814361 -15.217775
v -6.971267 -0.919836 -18.504038
v -5.351783 -1.220205 -21.165495
v -3.922329 -1.669740 -22.796967
v -11.299930 -1.893854 -6.858025
v -11.584859 -1.634316 -9.214325
v -11.110891 -1.460897 -12.360100
v -9.950181 -1.400002 -15.816431
v -8.279437 -1.460897 -19.057123
v -6.353013 -1.634316 -21.588808
v -4.464191 -1.893854 -23.026062
v -11.498264 -2.200001 -6.941879
v -11.951336 -2.200002 -9.369270
v -11.589716 -2.200001 -12.562544
v -10.468457 -2.200001 -16.035553
v -8.758261 -2.200001 -19.259565
v -6.719490 -2.200002 -21.743752
v -4.662527 -2.200001 -23.109917
v -11.299928 -2.506148 -6.858025
v -11.584859 -2.765687 -9.214325
v -11.110892 -2.939105 -12.360100
v -9.950182 -3.000001 -15.816431
v -8.279437 -2.939105 -19.057121
v -6.353014 -2.765687 -21.588808
v -4.464192 -2.506148 -23.026064
v -10.758066 -2.730263 -6.628929
v -10.583630 -3.179797 -8.791012
v -9.802722 -3.480166 -11.807014
v -8.534229 -3.585642 -15.217775
v -6.971267 -3.480165 -18.504036
v -5.351783 -3.179797 -21.165495
v -3.922329 -2.730263 -22.796968
v -10.017870 -2.812295 -6.315979
v -8.015729 -3.678208 -11.051487
v -5.184274 -3.678208 -17.748508
v -3.984077 -3.331372 -20.587238
v -3.182133 -2.812295 -22.484016
v -11.563969 -2.200002 -8.072891
v -10.446884 -3.331373 -10.541134
v -7.750001 -3.800002 -16.500000
v -3.936035 -2.200002 -24.927109
v -10.541504 -2.730264 -8.383011
v -9.094060 -3.179797 -9.928867
v -7.441995 -3.480167 -12.475121
v -5.836821 -3.585642 -15.634125
v -4.522911 -3.480167 -18.924952
v -3.700296 -3.179798 -21.846601
v -3.494213 -2.730264 -23.954277
v -10.005539 -2.506148 -8.140442
v -8.103724 -2.765687 -9.480659
v -6.148058 -2.939105 -11.889507
v -4.436275 -3.000002 -15.000263
v -3.228974 -2.939105 -18.339338
v -2.709960 -2.765687 -21.398390
v -2.958247 -2.506148 -23.711706
v -9.809361 -2.200002 -8.051655
v -7.741237 -2.200002 -9.316603
v -5.674446 -2.200002 -11.675159
v -3.923639 -2.200002 -14.768253
v -2.755361 -2.200002 -18.124989
v -2.347472 -2.200002 -21.234337
v -2.762070 -2.200002 -23.622919
v -10.005539 -1.893855 -8.140442
v -8.103725 -1.634316 -9.480659
v -6.148059 -1.460898 -11.889507
v -4.436275 -1.400002 -15.000263
v -3.228975 -1.460898 -18.339338
v -2.709960 -1.634316 -21.398392
v -2.958247 -1.893855 -23.711710
v -10.541505 -1.669740 -8.383011
v -9.094061 -1.220205 -9.928867
v -7.441995 -0.919837 -12.475121
v -5.836820 -0.814362 -15.634125
v -4.522910 -0.919837 -18.924952
v -3.700296 -1.220206 -21.846601
v -3.494213 -1.669740 -23.954275
v -11.273647 -1.587708 -8.714367
v -10.446884 -1.068631 -10.541134
v -9.209543 -0.721795 -13.275085
v -7.750002 -0.600001 -16.500000
v -6.290459 -0.721795 -19.724916
v -5.053119 -1.068631 -22.458864
v -4.226357 -1.587708 -24.285631
v -12.005791 -1.669740 -9.045723
v -11.799707 -1.220206 -11.153399
v -10.977093 -0.919837 -14.075047
v -9.663183 -0.814362 -17.365873
v -8.058008 -0.919837 -20.524878
v -6.405944 -1.220206 -23.071131
v -4.958498 -1.669740 -24.616989
v -12.541756 -1.893855 -9.288292
v -12.790043 -1.634316 -11.601608
v -12.271029 -1.460898 -14.660660
v -11.063727 -1.400002 -17.999737
v -9.351944 -1.460898 -21.110489
v -7.396278 -1.634316 -23.519339
v -5.494464 -1.893855 -24.859558
v -12.737933 -2.200002 -9.377079
v -13.152531 -2.200002 -11.765663
v -12.744641 -2.200002 -14.875010
v -11.576365 -2.200002 -18.231747
v -9.825558 -2.200002 -21.324839
v -7.758766 -2.200002 -23.683395
v -5.690641 -2.200002 -24.948343
v -12.541756 -2.506148 -9.288290
v -12.790042 -2.765687 -11.601608
v -12.271029 -2.939105 -14.660660
v -11.063729 -3.000002 -17.999737
v -9.351944 -2.939106 -21.110491
v -7.396277 -2.765687 -23.519341
v -5.494464 -2.506148 -24.859556
v -12.005791 -2.730264 -9.045723
v -11.799706 -3.179798 -11.153397
v -10.977092 -3.480166 -14.075047
v -9.663183 -3.585642 -17.365873
v -8.058009 -3.480167 -20.524878
v -6.405942 -3.179798 -23.071131
v -4.958498 -2.730264 -24.616989
v -11.273647 -2.812295 -8.714367
v -9.209543 -3.678209 -13.275084
v -6.290459 -3.678209 -19.724915
v -5.053119 -3.331373 -22.458864
v -4.226356 -2.812295 -24.285631
v -12.814690 -2.200002 -10.495972
v -11.668104 -3.331372 -12.869587
v -8.900000 -3.800001 -18.599998
v -4.985311 -2.200002 -26.704021
v -11.793072 -2.730263 -10.763302
v -10.331009 -3.179797 -12.223696
v -8.651087 -3.480166 -14.654823
v -7.009062 -3.585642 -17.686569
v -5.654913 -3.480166 -20.857378
v -4.794801 -3.179797 -23.684517
v -4.559668 -2.730263 -25.737587
v -11.263336 -2.506148 -10.507410
v -9.352185 -2.765687 -11.750872
v -7.372195 -2.939105 -14.037048
v -5.624799 -3.000002 -17.017895
v -4.376021 -2.939105 -20.239601
v -3.815979 -2.765687 -23.211691
v -4.029933 -2.506148 -25.481695
v -11.069440 -2.200002 -10.413748
v -8.993913 -2.200002 -11.577805
v -6.904088 -2.200002 -13.810928
v -5.118123 -2.200002 -16.773144
v -3.907914 -2.200001 -20.013479
v -3.457705 -2.200002 -23.038628
v -3.836037 -2.200002 -25.388035
v -11.263336 -1.893854 -10.507412
v -9.352186 -1.634315 -11.750872
v -7.372195 -1.460897 -14.037050
v -5.624798 -1.400002 -17.017895
v -4.376021 -1.460897 -20.239601
v -3.815979 -1.634315 -23.211695
v -4.029933 -1.893854 -25.481695
v -11.793071 -1.669740 -10.763302
v -10.331010 -1.220205 -12.223696
v -8.651088 -0.919836 -14.654823
v -7.009062 -0.814361 -17.686569
v -5.654913 -0.919836 -20.857378
v -4.794801 -1.220205 -23.684519
v -4.559667 -1.669740 -25.737587
v -12.516702 -1.587708 -11.112856
v -11.668104 -1.068630 -12.869587
v -10.398088 -0.721794 -15.498722
v -8.900000 -0.600001 -18.599998
v -7.401913 -0.721794 -21.701273
v -6.131896 -1.068630 -24.330408
v -5.283299 -1.587708 -26.087139
v -13.240333 -1.669740 -11.462410
v -13.005199 -1.220205 -13.515480
v -12.145087 -0.919836 -16.342617
v -10.790939 -0.814361 -19.513426
v -9.148913 -0.919836 -22.545172
v -7.468993 -1.220205 -24.976301
v -6.006930 -1.669740 -26.436693
v -13.770068 -1.893855 -11.718300
v -13.984022 -1.634316 -13.988304
v -13.423979 -1.460897 -16.960394
v -12.175203 -1.400002 -20.182100
v -10.427805 -1.460897 -23.162945
v -8.447814 -1.634316 -25.449123
v -6.536664 -1.893854 -26.692587
v -13.963964 -2.200002 -11.811962
v -14.342296 -2.200002 -14.161369
v -13.892086 -2.200002 -17.186516
v -12.681878 -2.200002 -20.426853
v -10.895912 -2.200002 -23.389069
v -8.806087 -2.200002 -25.622190
v -6.730560 -2.200002 -26.786247
v -13.770068 -2.506148 -11.718300
v -13.984022 -2.765687 -13.988304
v -13.423979 -2.939105 -16.960394
v -12.175203 -3.000001 -20.182102
v -10.427806 -2.939105 -23.162947
v -8.447813 -2.765687 -25.449123
v -6.536664 -2.506148 -26.692583
v -13.240334 -2.730263 -11.462410
v -13.005199 -3.179797 -13.515478
v -12.145087 -3.480166 -16.342619
v -10.790939 -3.585642 -19.513426
v -9.148912 -3.480166 -22.545174
v -7.468992 -3.179797 -24.976299
v -6.006930 -2.730263 -26.436693
v -12.516703 -2.812295 -11.112856
v -10.398088 -3.678209 -15.498722
v -7.401913 -3.678209 -21.701273
v -6.131896 -3.331372 -24.330410
v -5.283299 -2.812295 -26.087141
v -14.051712 -2.200002 -12.918690
v -12.879638 -3.331373 -15.197781
v -10.049999 -3.800002 -20.700001
v -6.048289 -2.200002 -28.481314
v -13.032433 -2.730264 -13.143471
v -11.559106 -3.179798 -14.518669
v -9.856031 -3.480166 -16.834915
v -8.182486 -3.585643 -19.739590
v -6.793252 -3.480167 -22.790476
v -5.899831 -3.179798 -25.523108
v -5.638233 -2.730264 -27.521461
v -12.509260 -2.506148 -12.874418
v -10.592409 -2.765687 -14.021523
v -8.592980 -2.939105 -16.185366
v -6.815371 -3.000002 -19.036520
v -5.530203 -2.939106 -22.140926
v -4.933134 -2.765687 -25.025961
v -5.115061 -2.506149 -27.252407
v -12.317765 -2.200002 -12.775940
v -10.238573 -2.200002 -13.839554
v -8.130672 -2.200002 -15.947613
v -6.314971 -2.200002 -18.779179
v -5.067895 -2.200002 -21.903172
v -4.579298 -2.200002 -24.843992
v -4.923567 -2.200002 -27.153927
v -12.509260 -1.893855 -12.874418
v -10.592409 -1.634316 -14.021523
v -8.592979 -1.460898 -16.185366
v -6.815370 -1.400002 -19.036520
v -5.530203 -1.460898 -22.140924
v -4.933134 -1.634316 -25.025961
v -5.115061 -1.893855 -27.252409
v -13.032432 -1.669741 -13.143473
v -11.559105 -1.220206 -14.518669
v -9.856031 -0.919837 -16.834917
v -8.182486 -0.814362 -19.739590
v -6.793253 -0.919837 -22.790476
v -5.899830 -1.220206 -25.523106
v -5.638234 -1.669741 -27.521461
v -13.747099 -1.587708 -13.511005
v -12.879638 -1.068631 -15.197781
v -11.581389 -0.721795 -17.722221
v -10.050001 -0.600002 -20.700001
v -8.518612 -0.721795 -23.677780
v -7.220363 -1.068631 -26.202217
v -6.352901 -1.587708 -27.888994
v -14.461765 -1.669741 -13.878538
v -14.200170 -1.220206 -15.876894
v -13.306746 -0.919837 -18.609524
v -11.917515 -0.814362 -21.660410
v -10.243969 -0.919837 -24.565084
v -8.540895 -1.220206 -26.881332
v -7.067568 -1.669741 -28.256527
v -14.984939 -1.893855 -14.147593
v -15.166867 -1.634316 -16.374039
v -14.569797 -1.460898 -19.259075
v -13.284630 -1.400002 -22.363482
v -11.507019 -1.460898 -25.214634
v -9.507592 -1.634316 -27.378479
v -7.590741 -1.893855 -28.525583
v -15.176434 -2.200002 -14.246073
v -15.520702 -2.200002 -16.556007
v -15.032105 -2.200002 -19.496828
v -13.785028 -2.200002 -22.620823
v -11.969328 -2.200002 -25.452389
v -9.861427 -2.200003 -27.560444
v -7.782235 -2.200002 -28.624062
v -14.984939 -2.506148 -14.147591
v -15.166866 -2.765688 -16.374039
v -14.569798 -2.939106 -19.259075
v -13.284632 -3.000002 -22.363480
v -11.507020 -2.939106 -25.214634
v -9.507591 -2.765688 -27.378477
v -7.590740 -2.506149 -28.525579
v -14.461766 -2.730264 -13.878540
v -14.200170 -3.179798 -15.876894
v -13.306748 -3.480167 -18.609524
v -11.917515 -3.585643 -21.660410
v -10.243970 -3.480167 -24.565083
v -8.540894 -3.179798 -26.881332
v -7.067568 -2.730264 -28.256527
v -13.747100 -2.812295 -13.511005
v -11.581389 -3.678209 -17.722221
v -8.518612 -3.678209 -23.677780
v -7.220362 -3.331373 -26.202219
v -6.352901 -2.812296 -27.888994
v 2.999999 -3.100002 5.800003
v 2.999999 -3.877819 4.394115
v 3.000000 -4.200002 1.000004
v 2.999999 -3.100001 -3.799999
v 3.956709 -3.464557 5.434624
v 4.767766 -3.773612 4.394115
v 5.309698 -3.980115 2.836884
v 5.499999 -4.052629 1.000004
v 5.309698 -3.980115 -0.836880
v 4.767766 -3.773611 -2.394112
v 3.956708 -3.464557 -3.434620
v 4.657067 -3.310478 5.434624
v 6.061862 -3.488911 4.394115
v 7.000515 -3.608135 2.836884
v 7.330127 -3.650002 1.000004
v 7.000515 -3.608135 -0.836880
v 6.061862 -3.488911 -2.394112
v 4.657068 -3.310478 -3.434620
v 4.913417 -3.100001 5.434624
v 6.535533 -3.100001 4.394115
v 7.619396 -3.100001 2.836884
v 7.999998 -3.100001 1.000004
v 7.619396 -3.100001 -0.836880
v 6.535533 -3.100001 -2.394112
v 4.913417 -3.100002 -3.434620
v 4.657067 -2.889525 5.434624
v 6.061861 -2.711093 4.394115
v 7.000516 -2.591868 2.836884
v 7.330127 -2.550001 1.000004
v 7.000515 -2.591868 -0.836876
v 6.061861 -2.711093 -2.394112
v 4.657067 -2.889525 -3.434620
v 3.956708 -2.735447 5.434624
v 4.767766 -2.426392 4.394115
v 5.309698 -2.219889 2.836884
v 5.499999 -2.147374 1.000004
v 5.309698 -2.219889 -0.836880
v 4.767766 -2.426392 -2.394112
v 3.956708 -2.735447 -3.434620
v 3.000000 -2.679050 5.434624
v 2.999999 -2.322185 4.394115
v 2.999999 -2.083735 2.836884
v 3.000000 -2.000002 1.000004
v 2.999999 -2.083735 -0.836880
v 2.999999 -2.322185 -2.394112
v 3.000000 -2.679050 -3.434620
v 2.043290 -2.735447 5.434624
v 1.232232 -2.426393 4.394115
v 0.690300 -2.219889 2.836884
v 0.499999 -2.147374 1.000004
v 0.690301 -2.219889 -0.836880
v 1.232232 -2.426393 -2.394112
v 2.043291 -2.735447 -3.434620
v 1.342932 -2.889525 5.434624
v -0.061863 -2.711093 4.394115
v -1.000516 -2.591868 2.836884
v -1.330127 -2.550002 1.000004
v -1.000516 -2.591868 -0.836880
v -0.061863 -2.711093 -2.394112
v 1.342931 -2.889526 -3.434620
v 1.086582 -3.100002 5.434624
v -0.535534 -3.100002 4.394115
v -1.619398 -3.100001 2.836884
v -2.000001 -3.100002 1.000004
v -1.619398 -3.100002 -0.836880
v -0.535534 -3.100002 -2.394112
v 1.086582 -3.100002 -3.434620
v 1.342932 -3.310478 5.434624
v -0.061862 -3.488911 4.394115
v -1.000516 -3.608135 2.836884
v -1.330128 -3.650002 1.000004
v -1.000516 -3.608135 -0.836880
v -0.061862 -3.488911 -2.394112
v 1.342931 -3.310478 -3.434620
v 2.043291 -3.464557 5.434624
v 1.232233 -3.773611 4.394115
v 0.690301 -3.980116 2.836884
v 0.499999 -4.052629 1.000004
v 0.690301 -3.980116 -0.836880
v 1.232234 -3.773611 -2.394112
v 2.043291 -3.464557 -3.434620
v 2.999999 -3.520953 5.434624
v 3.000000 -4.116269 2.836884
v 3.000000 -4.116269 -0.836880
v 3.000000 -3.877819 -2.394112
v 2.999999 -3.520954 -3.434620
v 0.499999 -3.100001 3.400002
v 0.499999 -3.877819 1.994114
v 0.499999 -4.200002 -1.399998
v 0.499999 -3.100001 -6.199997
v 1.456707 -3.464557 3.034626
v 2.267766 -3.773611 1.994114
v 2.809697 -3.980115 0.436882
v 2.999999 -4.052629 -1.399998
v 2.809697 -3.980115 -3.236877
v 2.267766 -3.773611 -4.794109
v 1.456707 -3.464557 -5.834621
v 2.157066 -3.310478 3.034626
v 3.561861 -3.488911 1.994114
v 4.500515 -3.608135 0.436882
v 4.830125 -3.650002 -1.399998
v 4.500515 -3.608135 -3.236877
v 3.561861 -3.488911 -4.794109
v 2.157067 -3.310478 -5.834621
v 2.413415 -3.100001 3.034626
v 4.035532 -3.100001 1.994114
v 5.119396 -3.100001 0.436882
v 5.499999 -3.100001 -1.399998
v 5.119396 -3.100001 -3.236877
v 4.035532 -3.100001 -4.794109
v 2.413416 -3.100001 -5.834621
v 2.157066 -2.889525 3.034626
v 3.561861 -2.711093 1.994114
v 4.500514 -2.591868 0.436882
v 4.830126 -2.550002 -1.399998
v 4.500514 -2.591868 -3.236877
v 3.561861 -2.711093 -4.794109
v 2.157066 -2.889525 -5.834621
v 1.456707 -2.735447 3.034626
v 2.267765 -2.426392 1.994114
v 2.809698 -2.219889 0.436882
v 2.999999 -2.147374 -1.399998
v 2.809697 -2.219889 -3.236877
v 2.267766 -2.426392 -4.794109
v 1.456707 -2.735447 -5.834618
v 0.499999 -2.679050 3.034626
v 0.499998 -2.322185 1.994114
v 0.499999 -2.083735 0.436882
v 0.499999 -2.000002 -1.399998
v 0.499999 -2.083735 -3.236877
v 0.499998 -2.322185 -4.794109
v 0.499999 -2.679049 -5.834621
v -0.456710 -2.735447 3.034626
v -1.267768 -2.426393 1.994114
v -1.809700 -2.219889 0.436882
v -2.000001 -2.147374 -1.399998
v -1.809700 -2.219889 -3.236877
v -1.267768 -2.426393 -4.794109
v -0.456710 -2.735447 -5.834618
v -1.157069 -2.889525 3.034626
v -2.561863 -2.711093 1.994114
v -3.500517 -2.591868 0.436882
v -3.830128 -2.550002 -1.399998
v -3.500517 -2.591868 -3.236877
v -2.561863 -2.711093 -4.794109
v -1.157069 -2.889525 -5.834618
v -1.413419 -3.100001 3.034622
v -3.035535 -3.100002 1.994114
v -4.119399 -3.100001 0.436882
v -4.500001 -3.100002 -1.399998
v -4.119399 -3.100001 -3.236877
v -3.035535 -3.100002 -4.794109
v -1.413419 -3.100001 -5.834618
v -1.157070 -3.310478 3.034626
v -2.561863 -3.488911 1.994114
v -3.500517 -3.608135 0.436882
v -3.830128 -3.650002 -1.399998
v -3.500517 -3.608135 -3.236877
v -2.561863 -3.488911 -4.794109
v -1.157069 -3.310478 -5.834621
v -0.456710 -3.464557 3.034626
v -1.267767 -3.773611 1.994114
v -1.809700 -3.980115 0.436882
v -2.000001 -4.052629 -1.399998
v -1.809700 -3.980115 -3.236877
v -1.267768 -3.773611 -4.794109
v -0.456710 -3.464557 -5.834621
v 0.499999 -3.520954 3.034626
v 0.499998 -4.116269 0.436882
v 0.499999 -4.116269 -3.236877
v 0.500000 -3.877819 -4.794109
v 0.499999 -3.520954 -5.834621
v -2.000001 -3.100002 1.000004
v -2.000001 -3.877819 -0.405884
v -2.000001 -4.200002 -3.799999
v -2.000001 -3.100002 -8.599998
v -1.043292 -3.464557 0.634624
v -0.232234 -3.773611 -0.405884
v 0.309698 -3.980115 -1.963116
v 0.499999 -4.052629 -3.799999
v 0.309698 -3.980115 -5.636879
v -0.232234 -3.773611 -7.194111
v -1.043292 -3.464557 -8.234619
v -0.342933 -3.310477 0.634624
v 1.061861 -3.488911 -0.405884
v 2.000515 -3.608135 -1.963116
v 2.330126 -3.650002 -3.799999
v 2.000515 -3.608135 -5.636879
v 1.061861 -3.488911 -7.194111
v -0.342933 -3.310478 -8.234619
v -0.086584 -3.100002 0.634624
v 1.535532 -3.100002 -0.405884
v 2.619396 -3.100001 -1.963116
v 2.999999 -3.100001 -3.799999
v 2.619397 -3.100001 -5.636879
v 1.535533 -3.100001 -7.194111
v -0.086584 -3.100002 -8.234619
v -0.342933 -2.889525 0.634624
v 1.061861 -2.711093 -0.405884
v 2.000515 -2.591868 -1.963116
v 2.330126 -2.550002 -3.799995
v 2.000515 -2.591868 -5.636879
v 1.061861 -2.711093 -7.194111
v -0.342933 -2.889526 -8.234619
v -1.043292 -2.735447 0.634624
v -0.232234 -2.426392 -0.405884
v 0.309698 -2.219889 -1.963116
v 0.499999 -2.147374 -3.799999
v 0.309698 -2.219889 -5.636879
v -0.232234 -2.426392 -7.194111
v -1.043292 -2.735447 -8.234619
v -2.000001 -2.679050 0.634624
v -2.000001 -2.322185 -0.405884
v -2.000001 -2.083735 -1.963116
v -2.000001 -2.000002 -3.799999
v -2.000001 -2.083735 -5.636879
v -2.000001 -2.322185 -7.194111
v -2.000001 -2.679050 -8.234619
v -2.956710 -2.735447 0.634624
v -3.767768 -2.426393 -0.405884
v -4.309700 -2.219889 -1.963116
v -4.500001 -2.147374 -3.799999
v -4.309700 -2.219889 -5.636879
v -3.767768 -2.426393 -7.194111
v -2.956709 -2.735447 -8.234619
v -3.657069 -2.889526 0.634624
v -5.061863 -2.711093 -0.405884
v -6.000517 -2.591868 -1.963116
v -6.330128 -2.550002 -3.799999
v -6.000516 -2.591868 -5.636879
v -5.061863 -2.711093 -7.194111
v -3.657068 -2.889526 -8.234619
v -3.913418 -3.100002 0.634624
v -5.535534 -3.100002 -0.405884
v -6.619399 -3.100002 -1.963116
v -7.000000 -3.100002 -3.799999
v -6.619399 -3.100002 -5.636879
v -5.535534 -3.100002 -7.194111
v -3.913418 -3.100002 -8.234619
v -3.657069 -3.310478 0.634624
v -5.061862 -3.488911 -0.405884
v -6.000516 -3.608135 -1.963116
v -6.330128 -3.650002 -3.799999
v -6.000517 -3.608135 -5.636879
v -5.061862 -3.488911 -7.194111
v -3.657069 -3.310478 -8.234619
v -2.956710 -3.464557 0.634624
v -3.767767 -3.773611 -0.405884
v -4.309700 -3.980115 -1.963116
v -4.500001 -4.052629 -3.799999
v -4.309700 -3.980115 -5.636879
v -3.767767 -3.773611 -7.194111
v -2.956710 -3.464557 -8.234619
v -2.000001 -3.520954 0.634624
v -2.000001 -4.116269 -1.963116
v -2.000001 -4.116269 -5.636879
v -2.000000 -3.877819 -7.194111
v -2.000001 -3.520954 -8.234619
v -4.500000 -3.100002 -1.399998
v -4.500001 -3.877819 -2.805885
v -4.500000 -4.200003 -6.199997
v -4.500000 -3.100002 -10.999998
v -3.543292 -3.464557 -1.765373
v -2.732234 -3.773611 -2.805885
v -2.190302 -3.980115 -4.363117
v -2.000000 -4.052629 -6.199997
v -2.190302 -3.980116 -8.036880
v -2.732234 -3.773611 -9.594110
v -3.543292 -3.464557 -10.634621
v -2.842933 -3.310478 -1.765377
v -1.438139 -3.488911 -2.805885
v -0.499485 -3.608135 -4.363117
v -0.169874 -3.650002 -6.199997
v -0.499485 -3.608135 -8.036880
v -1.438138 -3.488911 -9.594110
v -2.842933 -3.310478 -10.634619
v -2.586583 -3.100002 -1.765373
v -0.964467 -3.100002 -2.805885
v 0.119397 -3.100001 -4.363117
v 0.500000 -3.100002 -6.199997
v 0.119396 -3.100002 -8.036877
v -0.964467 -3.100002 -9.594110
v -2.586584 -3.100002 -10.634621
v -2.842933 -2.889526 -1.765373
v -1.438139 -2.711093 -2.805885
v -0.499485 -2.591868 -4.363117
v -0.169873 -2.550002 -6.199997
v -0.499485 -2.591868 -8.036877
v -1.438139 -2.711093 -9.594110
v -2.842933 -2.889526 -10.634621
v -3.543292 -2.735447 -1.765373
v -2.732234 -2.426393 -2.805885
v -2.190302 -2.219889 -4.363117
v -2.000000 -2.147374 -6.199997
v -2.190302 -2.219889 -8.036877
v -2.732234 -2.426393 -9.594110
v -3.543292 -2.735447 -10.634621
v -4.500000 -2.679050 -1.765377
v -4.500001 -2.322185 -2.805885
v -4.500000 -2.083735 -4.363117
v -4.500001 -2.000002 -6.199997
v -4.500001 -2.083735 -8.036877
v -4.500000 -2.322185 -9.594110
v -4.500001 -2.679050 -10.634621
v -5.456709 -2.735447 -1.765373
v -6.267768 -2.426393 -2.805885
v -6.809699 -2.219889 -4.363117
v -7.000000 -2.147374 -6.199997
v -6.809699 -2.219889 -8.036880
v -6.267768 -2.426393 -9.594110
v -5.456709 -2.735447 -10.634621
v -6.157068 -2.889526 -1.765373
v -7.561862 -2.711093 -2.805885
v -8.500517 -2.591868 -4.363117
v -8.830127 -2.550002 -6.199997
v -8.500517 -2.591868 -8.036877
v -7.561862 -2.711093 -9.594110
v -6.157068 -2.889526 -10.634621
v -6.413418 -3.100002 -1.765377
v -8.035534 -3.100002 -2.805885
v -9.119398 -3.100002 -4.363117
v -9.500001 -3.100002 -6.199997
v -9.119398 -3.100002 -8.036877
v -8.035534 -3.100002 -9.594110
v -6.413417 -3.100002 -10.634621
v -6.157068 -3.310478 -1.765373
v -7.561862 -3.488911 -2.805885
v -8.500516 -3.608135 -4.363117
v -8.830128 -3.650002 -6.199997
v -8.500516 -3.608135 -8.036877
v -7.561862 -3.488911 -9.594109
v -6.157069 -3.310478 -10.634621
v -5.456709 -3.464557 -1.765377
v -6.267767 -3.773612 -2.805885
v -6.809700 -3.980115 -4.363117
v -7.000000 -4.052629 -6.199997
v -6.809700 -3.980116 -8.036877
v -6.267767 -3.773611 -9.594110
v -5.456709 -3.464557 -10.634621
v -4.500001 -3.520954 -1.765377
v -4.500001 -4.116269 -4.363117
v -4.500001 -4.116270 -8.036877
v -4.500000 -3.877819 -9.594110
v -4.500000 -3.520954 -10.634621
vn -0.2468 0.0173 0.9689
vn 0.2468 -0.0173 -0.9689
vn -0.1229 -0.7789 0.6150
vn -0.0375 -0.9484 0.3150
vn -0.0024 -0.9836 0.1801
vn 0.0192 -0.9952 0.0957
vn 0.0366 -0.9990 0.0272
vn 0.0541 -0.9977 -0.0414
vn 0.0756 -0.9891 -0.1263
vn 0.1096 -0.9587 -0.2625
vn 0.1796 -0.8001 -0.5724
vn -0.0436 -0.7165 0.6962
vn 0.0759 -0.9121 0.4029
vn 0.1245 -0.9610 0.2470
vn 0.1527 -0.9775 0.1454
vn 0.1745 -0.9827 0.0620
vn 0.1953 -0.9805 -0.0218
vn 0.2192 -0.9676 -0.1250
vn 0.2516 -0.9244 -0.2867
vn 0.2885 -0.7398 -0.6078
vn 0.0532 -0.5791 0.8136
vn 0.2389 -0.7884 0.5669
vn 0.3281 -0.8644 0.3810
vn 0.3782 -0.8936 0.2417
vn 0.4125 -0.9028 0.1212
vn 0.4400 -0.8980 -0.0013
vn 0.4630 -0.8738 -0.1485
vn 0.4742 -0.8049 -0.3569
vn 0.4308 -0.6055 -0.6691
vn 0.1914 -0.2738 0.9426
vn 0.4798 -0.3879 0.7870
vn 0.6652 -0.4454 0.5993
vn 0.7789 -0.4734 0.4113
vn 0.8460 -0.4839 0.2241
vn 0.8767 -0.4802 0.0274
vn 0.8670 -0.4595 -0.1928
vn 0.7944 -0.4100 -0.4482
vn 0.6165 -0.3036 -0.7265
vn 0.2277 0.2444 0.9426
vn 0.5292 0.3172 0.7870
vn 0.7209 0.3482 0.5993
vn 0.8374 0.3600 0.4113
vn 0.9052 0.3611 0.2241
vn 0.9352 0.3532 0.0274
vn 0.9226 0.3340 -0.1928
vn 0.8438 0.2951 -0.4482
vn 0.6529 0.2146 -0.7264
vn 0.1335 0.5660 0.8136
vn 0.3466 0.7473 0.5669
vn 0.4455 0.8101 0.3810
vn 0.4992 0.8321 0.2417
vn 0.5345 0.8364 0.1212
vn 0.5610 0.8278 -0.0013
vn 0.5804 0.8007 -0.1485
vn 0.5819 0.7308 -0.3569
vn 0.5111 0.5395 -0.6691
vn 0.0568 0.7156 0.6962
vn 0.2025 0.8926 0.4029
vn 0.2573 0.9342 0.2470
vn 0.2876 0.9466 0.1454
vn 0.3100 0.9487 0.0620
vn 0.3302 0.9436 -0.0218
vn 0.3521 0.9276 -0.1250
vn 0.3781 0.8803 -0.2867
vn 0.3889 0.6923 -0.6078
vn -0.0130 0.7884 0.6150
vn 0.0952 0.9443 0.3150
vn 0.1349 0.9744 0.1801
vn 0.1579 0.9828 0.0957
vn 0.1757 0.9841 0.0272
vn 0.1928 0.9804 -0.0414
vn 0.2129 0.9689 -0.1263
vn 0.2423 0.9340 -0.2625
vn 0.2895 0.7672 -0.5724
vn -0.0895 0.8148 0.5728
vn -0.0022 0.9622 0.2723
vn 0.0325 0.9890 0.1441
vn 0.0534 0.9965 0.0644
vn 0.0699 0.9976 -0.0000
vn 0.0862 0.9942 -0.0644
vn 0.1059 0.9839 -0.1441
vn 0.1365 0.9525 -0.2723
vn 0.2023 0.7943 -0.5728
vn -0.1796 0.8001 0.5724
vn -0.1096 0.9587 0.2625
vn -0.0756 0.9891 0.1263
vn -0.0541 0.9977 0.0414
vn -0.0366 0.9990 -0.0272
vn -0.0192 0.9952 -0.0957
vn 0.0024 0.9836 -0.1801
vn 0.0375 0.9484 -0.3150
vn 0.1229 0.7789 -0.6150
vn -0.2885 0.7398 0.6078
vn -0.2516 0.9244 0.2867
vn -0.2192 0.9676 0.1250
vn -0.1953 0.9805 0.0218
vn -0.1745 0.9827 -0.0620
vn -0.1527 0.9775 -0.1454
vn -0.1245 0.9610 -0.2470
vn -0.0759 0.9121 -0.4029
vn 0.0436 0.7165 -0.6962
vn -0.4308 0.6055 0.6691
vn -0.4742 0.8049 0.3569
vn -0.4630 0.8738 0.1485
vn -0.4400 0.8980 0.0013
vn -0.4125 0.9028 -0.1212
vn -0.3782 0.8936 -0.2417
vn -0.3281 0.8644 -0.3810
vn -0.2389 0.7884 -0.5669
vn -0.0532 0.5791 -0.8136
vn -0.6165 0.3036 0.7265
vn -0.7944 0.4100 0.4482
vn -0.8670 0.4595 0.1928
vn -0.8767 0.4802 -0.0274
vn -0.8460 0.4839 -0.2241
vn -0.7789 0.4734 -0.4113
vn -0.6652 0.4454 -0.5993
vn -0.4798 0.3879 -0.7870
vn -0.1914 0.2738 -0.9426
vn -0.6529 -0.2146 0.7264
vn -0.8438 -0.2951 0.4482
vn -0.9226 -0.3340 0.1928
vn -0.9352 -0.3532 -0.0274
vn -0.9052 -0.3611 -0.2241
vn -0.8374 -0.3600 -0.4113
vn -0.7209 -0.3482 -0.5993
vn -0.5292 -0.3172 -0.7870
vn -0.2277 -0.2444 -0.9426
vn -0.5111 -0.5395 0.6691
vn -0.5819 -0.7308 0.3569
vn -0.5804 -0.8007 0.1485
vn -0.5610 -0.8278 0.0013
vn -0.5345 -0.8364 -0.1212
vn -0.4992 -0.8321 -0.2417
vn -0.4455 -0.8101 -0.3810
vn -0.3466 -0.7473 -0.5669
vn -0.1335 -0.5660 -0.8136
vn -0.3889 -0.6923 0.6078
vn -0.3781 -0.8803 0.2867
vn -0.3521 -0.9276 0.1250
vn -0.3302 -0.9436 0.0218
vn -0.3100 -0.9487 -0.0620
vn -0.2876 -0.9466 -0.1454
vn -0.2573 -0.9342 -0.2470
vn -0.2025 -0.8926 -0.4029
vn -0.0568 -0.7156 -0.6962
vn -0.2895 -0.7672 0.5724
vn -0.2423 -0.9340 0.2625
vn -0.2129 -0.9689 0.1263
vn -0.1928 -0.9804 0.0414
vn -0.1757 -0.9841 -0.0272
vn -0.1579 -0.9828 -0.0957
vn -0.1349 -0.9744 -0.1801
vn -0.0952 -0.9443 -0.3150
vn 0.0130 -0.7884 -0.6150
vn -0.2023 -0.7943 0.5728
vn -0.1365 -0.9525 0.2723
vn -0.1059 -0.9839 0.1441
vn -0.0862 -0.9942 0.0644
vn -0.0699 -0.9976 -0.0000
vn -0.0534 -0.9965 -0.0644
vn -0.0325 -0.9890 -0.1441
vn 0.0022 -0.9622 -0.2723
vn 0.0895 -0.8148 -0.5728
vn -0.2955 -0.0000 0.9553
vn -0.0477 -0.9869 0.1543
vn -0.0000 -1.0000 -0.0000
vn 0.2955 -0.0000 -0.9553
vn 0.0618 -0.8591 0.5081
vn 0.1659 -0.9551 0.2453
vn 0.2003 -0.9695 0.1410
vn 0.2230 -0.9724 0.0690
vn 0.2449 -0.9695 -0.0033
vn 0.2754 -0.9551 -0.1088
vn 0.3379 -0.8591 -0.3844
vn 0.2866 -0.6396 0.7133
vn 0.4860 -0.7533 0.4430
vn 0.5539 -0.7789 0.2941
vn 0.5926 -0.7844 0.1833
vn 0.6233 -0.7789 0.0700
vn 0.6513 -0.7533 -0.0912
vn 0.6393 -0.6396 -0.4269
vn 0.4938 -0.0000 0.8696
vn 0.7765 -0.0000 0.6301
vn 0.8939 -0.0000 0.4483
vn 0.9553 -0.0000 0.2955
vn 0.9909 -0.0000 0.1347
vn 0.9967 -0.0000 -0.0815
vn 0.8986 -0.0000 -0.4388
vn 0.2866 0.6396 0.7133
vn 0.4860 0.7533 0.4430
vn 0.5539 0.7789 0.2941
vn 0.5926 0.7844 0.1833
vn 0.6233 0.7789 0.0700
vn 0.6513 0.7533 -0.0912
vn 0.6393 0.6396 -0.4269
vn 0.0618 0.8591 0.5081
vn 0.1659 0.9551 0.2453
vn 0.2003 0.9695 0.1410
vn 0.2230 0.9724 0.0690
vn 0.2449 0.9695 -0.0033
vn 0.2754 0.9551 -0.1088
vn 0.3379 0.8591 -0.3844
vn -0.1241 0.9076 0.4010
vn -0.0477 0.9869 0.1543
vn -0.0194 0.9978 0.0628
vn -0.0000 1.0000 -0.0000
vn 0.0194 0.9978 -0.0628
vn 0.0477 0.9869 -0.1543
vn 0.1241 0.9076 -0.4010
vn -0.3379 0.8591 0.3844
vn -0.2754 0.9551 0.1088
vn -0.2449 0.9695 0.0033
vn -0.2230 0.9724 -0.0690
vn -0.2003 0.9695 -0.1410
vn -0.1659 0.9551 -0.2453
vn -0.0618 0.8591 -0.5081
vn -0.6393 0.6396 0.4269
vn -0.6513 0.7533 0.0912
vn -0.6233 0.7789 -0.0700
vn -0.5926 0.7844 -0.1833
vn -0.5539 0.7789 -0.2941
vn -0.4860 0.7533 -0.4430
vn -0.2866 0.6396 -0.7133
vn -0.8986 -0.0000 0.4388
vn -0.9967 -0.0000 0.0815
vn -0.9909 -0.0000 -0.1347
vn -0.9553 -0.0000 -0.2955
vn -0.8939 -0.0000 -0.4483
vn -0.7765 -0.0000 -0.6301
vn -0.4938 -0.0000 -0.8696
vn -0.6393 -0.6396 0.4269
vn -0.6513 -0.7533 0.0912
vn -0.6233 -0.7789 -0.0700
vn -0.5926 -0.7844 -0.1833
vn -0.5539 -0.7789 -0.2941
vn -0.4860 -0.7533 -0.4430
vn -0.2866 -0.6396 -0.7133
vn -0.3379 -0.8591 0.3844
vn -0.2754 -0.9551 0.1088
vn -0.2449 -0.9695 0.0033
vn -0.2230 -0.9724 -0.0690
vn -0.2003 -0.9695 -0.1410
vn -0.1659 -0.9551 -0.2453
vn -0.0618 -0.8591 -0.5081
vn -0.1241 -0.9076 0.4010
vn -0.0194 -0.9978 0.0628
vn 0.0194 -0.9978 -0.0628
vn 0.0477 -0.9869 -0.1543
vn 0.1241 -0.9076 -0.4010
vn -0.3193 -0.0000 0.9477
vn -0.0528 -0.9862 0.1566
vn 0.3193 -0.0000 -0.9477
vn 0.0455 -0.8551 0.5164
vn 0.1582 -0.9543 0.2534
vn 0.1962 -0.9694 0.1477
vn 0.2212 -0.9724 0.0745
vn 0.2456 -0.9694 0.0011
vn 0.2793 -0.9543 -0.1060
vn 0.3487 -0.8551 -0.3835
vn 0.2625 -0.6360 0.7257
vn 0.4718 -0.7520 0.4604
vn 0.5455 -0.7785 0.3105
vn 0.5880 -0.7842 0.1981
vn 0.6221 -0.7785 0.0829
vn 0.6542 -0.7520 -0.0810
vn 0.6481 -0.6360 -0.4189
vn 0.4636 -0.0000 0.8861
vn 0.7555 -0.0000 0.6551
vn 0.8806 -0.0000 0.4739
vn 0.9477 -0.0000 0.3193
vn 0.9878 -0.0000 0.1557
vn 0.9979 -0.0000 -0.0643
vn 0.9053 -0.0000 -0.4248
vn 0.2625 0.6360 0.7257
vn 0.4718 0.7520 0.4604
vn 0.5455 0.7785 0.3105
vn 0.5880 0.7842 0.1981
vn 0.6221 0.7785 0.0829
vn 0.6542 0.7520 -0.0810
vn 0.6481 0.6360 -0.4189
vn 0.0455 0.8551 0.5164
vn 0.1582 0.9543 0.2534
vn 0.1962 0.9694 0.1477
vn 0.2212 0.9724 0.0745
vn 0.2456 0.9694 0.0011
vn 0.2793 0.9543 -0.1060
vn 0.3487 0.8551 -0.3835
vn -0.1364 0.9041 0.4049
vn -0.0528 0.9862 0.1566
vn -0.0215 0.9977 0.0638
vn 0.0215 0.9977 -0.0638
vn 0.0528 0.9862 -0.1566
vn 0.1364 0.9041 -0.4049
vn -0.3487 0.8551 0.3835
vn -0.2793 0.9543 0.1060
vn -0.2456 0.9694 -0.0011
vn -0.2212 0.9724 -0.0745
vn -0.1962 0.9694 -0.1477
vn -0.1582 0.9543 -0.2534
vn -0.0455 0.8551 -0.5164
vn -0.6481 0.6360 0.4189
vn -0.6542 0.7520 0.0810
vn -0.6221 0.7785 -0.0829
vn -0.5880 0.7842 -0.1981
vn -0.5455 0.7785 -0.3105
vn -0.4718 0.7520 -0.4604
vn -0.2625 0.6360 -0.7257
vn -0.9053 -0.0000 0.4248
vn -0.9979 -0.0000 0.0643
vn -0.9878 -0.0000 -0.1557
vn -0.9477 -0.0000 -0.3193
vn -0.8806 -0.0000 -0.4739
vn -0.7555 -0.0000 -0.6551
vn -0.4636 -0.0000 -0.8861
vn -0.6481 -0.6360 0.4189
vn -0.6542 -0.7520 0.0810
vn -0.6221 -0.7785 -0.0829
vn -0.5880 -0.7842 -0.1981
vn -0.5455 -0.7785 -0.3105
vn -0.4718 -0.7520 -0.4604
vn -0.2625 -0.6360 -0.7257
vn -0.3487 -0.8551 0.3835
vn -0.2793 -0.9543 0.1060
vn -0.2456 -0.9694 -0.0011
vn -0.2212 -0.9724 -0.0745
vn -0.1962 -0.9694 -0.1477
vn -0.1582 -0.9543 -0.2534
vn -0.0455 -0.8551 -0.5164
vn -0.1364 -0.9041 0.4049
vn -0.0215 -0.9977 0.0638
vn 0.0215 -0.9977 -0.0638
vn 0.0528 -0.9862 -0.1566
vn 0.1364 -0.9041 -0.4049
vn -0.3429 -0.0000 0.9394
vn -0.0580 -0.9856 0.1590
vn 0.3429 -0.0000 -0.9394
vn 0.0287 -0.8510 0.5243
vn 0.1502 -0.9535 0.2615
vn 0.1918 -0.9692 0.1544
vn 0.2194 -0.9724 0.0801
vn 0.2462 -0.9692 0.0055
vn 0.2833 -0.9535 -0.1032
vn 0.3597 -0.8510 -0.3825
vn 0.2378 -0.6322 0.7374
vn 0.4568 -0.7506 0.4775
vn 0.5364 -0.7781 0.3268
vn 0.5830 -0.7841 0.2128
vn 0.6208 -0.7781 0.0956
vn 0.6570 -0.7506 -0.0710
vn 0.6569 -0.6322 -0.4108
vn 0.4325 -0.0000 0.9016
vn 0.7335 -0.0000 0.6797
vn 0.8665 -0.0000 0.4991
vn 0.9394 -0.0000 0.3429
vn 0.9843 -0.0000 0.1765
vn 0.9989 -0.0000 -0.0473
vn 0.9116 -0.0000 -0.4110
vn 0.2378 0.6322 0.7374
vn 0.4568 0.7506 0.4775
vn 0.5364 0.7781 0.3268
vn 0.5830 0.7841 0.2128
vn 0.6208 0.7781 0.0956
vn 0.6570 0.7506 -0.0710
vn 0.6569 0.6322 -0.4108
vn 0.0287 0.8510 0.5243
vn 0.1502 0.9535 0.2615
vn 0.1918 0.9692 0.1544
vn 0.2194 0.9724 0.0801
vn 0.2462 0.9692 0.0055
vn 0.2833 0.9535 -0.1032
vn 0.3597 0.8510 -0.3825
vn -0.1492 0.9004 0.4087
vn -0.0580 0.9856 0.1590
vn -0.0236 0.9976 0.0648
vn 0.0236 0.9976 -0.0648
vn 0.0580 0.9856 -0.1590
vn 0.1492 0.9004 -0.4087
vn -0.3597 0.8510 0.3825
vn -0.2833 0.9535 0.1032
vn -0.2462 0.9692 -0.0055
vn -0.2194 0.9724 -0.0801
vn -0.1918 0.9692 -0.1544
vn -0.1502 0.9535 -0.2615
vn -0.0287 0.8510 -0.5243
vn -0.6569 0.6322 0.4108
vn -0.6570 0.7506 0.0710
vn -0.6208 0.7781 -0.0956
vn -0.5830 0.7841 -0.2128
vn -0.5364 0.7781 -0.3268
vn -0.4568 0.7506 -0.4775
vn -0.2378 0.6322 -0.7374
vn -0.9116 -0.0000 0.4110
vn -0.9989 -0.0000 0.0473
vn -0.9843 -0.0000 -0.1765
vn -0.9394 -0.0000 -0.3429
vn -0.8665 -0.0000 -0.4991
vn -0.7335 -0.0000 -0.6797
vn -0.4325 -0.0000 -0.9016
vn -0.6569 -0.6322 0.4108
vn -0.6570 -0.7506 0.0710
vn -0.6208 -0.7781 -0.0956
vn -0.5830 -0.7841 -0.2128
vn -0.5364 -0.7781 -0.3268
vn -0.4568 -0.7506 -0.4775
vn -0.2378 -0.6322 -0.7374
vn -0.3597 -0.8510 0.3825
vn -0.2833 -0.9535 0.1032
vn -0.2462 -0.9692 -0.0055
vn -0.2194 -0.9724 -0.0801
vn -0.1918 -0.9692 -0.1544
vn -0.1502 -0.9535 -0.2615
vn -0.0287 -0.8510 -0.5243
vn -0.1492 -0.9004 0.4087
vn -0.0236 -0.9976 0.0648
vn 0.0236 -0.9976 -0.0648
vn 0.0580 -0.9856 -0.1590
vn 0.1492 -0.9004 -0.4087
vn -0.3663 -0.0000 0.9305
vn -0.0635 -0.9849 0.1614
vn 0.3663 -0.0000 -0.9305
vn 0.0114 -0.8467 0.5319
vn 0.1417 -0.9525 0.2695
vn 0.1872 -0.9690 0.1610
vn 0.2173 -0.9723 0.0856
vn 0.2467 -0.9690 0.0098
vn 0.2874 -0.9525 -0.1006
vn 0.3709 -0.8467 -0.3815
vn 0.2124 -0.6282 0.7484
vn 0.4410 -0.7490 0.4944
vn 0.5269 -0.7777 0.3429
vn 0.5777 -0.7840 0.2274
vn 0.6192 -0.7777 0.1082
vn 0.6597 -0.7490 -0.0611
vn 0.6656 -0.6282 -0.4028
vn 0.4007 -0.0000 0.9162
vn 0.7104 -0.0000 0.7038
vn 0.8516 -0.0000 0.5241
vn 0.9305 -0.0000 0.3663
vn 0.9804 -0.0000 0.1970
vn 0.9995 -0.0000 -0.0307
vn 0.9177 -0.0000 -0.3973
vn 0.2124 0.6282 0.7484
vn 0.4410 0.7490 0.4944
vn 0.5269 0.7777 0.3429
vn 0.5777 0.7840 0.2274
vn 0.6192 0.7777 0.1082
vn 0.6597 0.7490 -0.0611
vn 0.6656 0.6282 -0.4028
vn 0.0114 0.8467 0.5319
vn 0.1417 0.9525 0.2695
vn 0.1872 0.9690 0.1610
vn 0.2173 0.9723 0.0856
vn 0.2467 0.9690 0.0098
vn 0.2874 0.9525 -0.1006
vn 0.3709 0.8467 -0.3815
vn -0.1623 0.8965 0.4122
vn -0.0635 0.9849 0.1614
vn -0.0259 0.9975 0.0658
vn 0.0259 0.9975 -0.0658
vn 0.0635 0.9849 -0.1614
vn 0.1623 0.8965 -0.4122
vn -0.3709 0.8467 0.3815
vn -0.2874 0.9525 0.1006
vn -0.2467 0.9690 -0.0098
vn -0.2173 0.9723 -0.0856
vn -0.1872 0.9690 -0.1610
vn -0.1417 0.9525 -0.2695
vn -0.0114 0.8467 -0.5319
vn -0.6656 0.6282 0.4028
vn -0.6597 0.7490 0.0611
vn -0.6192 0.7777 -0.1082
vn -0.5777 0.7840 -0.2274
vn -0.5269 0.7777 -0.3429
vn -0.4410 0.7490 -0.4944
vn -0.2124 0.6282 -0.7484
vn -0.9177 -0.0000 0.3973
vn -0.9995 -0.0000 0.0307
vn -0.9804 -0.0000 -0.1970
vn -0.9305 -0.0000 -0.3663
vn -0.8516 -0.0000 -0.5241
vn -0.7104 -0.0000 -0.7038
vn -0.4007 -0.0000 -0.9162
vn -0.6656 -0.6282 0.4028
vn -0.6597 -0.7490 0.0611
vn -0.6192 -0.7777 -0.1082
vn -0.5777 -0.7840 -0.2274
vn -0.5269 -0.7777 -0.3429
vn -0.4410 -0.7490 -0.4944
vn -0.2124 -0.6282 -0.7484
vn -0.3709 -0.8467 0.3815
vn -0.2874 -0.9525 0.1006
vn -0.2467 -0.9690 -0.0098
vn -0.2173 -0.9723 -0.0856
vn -0.1872 -0.9690 -0.1610
vn -0.1417 -0.9525 -0.2695
vn -0.0114 -0.8467 -0.5319
vn -0.1623 -0.8965 0.4122
vn -0.0259 -0.9975 0.0658
vn 0.0259 -0.9975 -0.0658
vn 0.0635 -0.9849 -0.1614
vn 0.1623 -0.8965 -0.4122
vn -0.3894 -0.0000 0.9211
vn -0.0692 -0.9841 0.1637
vn 0.3894 -0.0000 -0.9211
vn -0.0064 -0.8422 0.5392
vn 0.1328 -0.9515 0.2775
vn 0.1823 -0.9689 0.1676
vn 0.2152 -0.9723 0.0910
vn 0.2472 -0.9689 0.0140
vn 0.2916 -0.9515 -0.0980
vn 0.3823 -0.8422 -0.3803
vn 0.1865 -0.6241 0.7587
vn 0.4246 -0.7474 0.5110
vn 0.5167 -0.7773 0.3589
vn 0.5720 -0.7838 0.2418
vn 0.6175 -0.7773 0.1207
vn 0.6624 -0.7474 -0.0515
vn 0.6742 -0.6241 -0.3948
vn 0.3681 -0.0000 0.9298
vn 0.6863 -0.0000 0.7273
vn 0.8359 -0.0000 0.5489
vn 0.9211 -0.0000 0.3894
vn 0.9761 -0.0000 0.2172
vn 0.9999 -0.0000 -0.0143
vn 0.9234 -0.0000 -0.3837
vn 0.1865 0.6241 0.7587
vn 0.4246 0.7474 0.5110
vn 0.5167 0.7773 0.3589
vn 0.5720 0.7838 0.2418
vn 0.6175 0.7773 0.1207
vn 0.6624 0.7474 -0.0515
vn 0.6742 0.6241 -0.3948
vn -0.0064 0.8422 0.5392
vn 0.1328 0.9515 0.2775
vn 0.1823 0.9689 0.1676
vn 0.2152 0.9723 0.0910
vn 0.2472 0.9689 0.0140
vn 0.2916 0.9515 -0.0980
vn 0.3823 0.8422 -0.3803
vn -0.1757 0.8924 0.4157
vn -0.0692 0.9841 0.1637
vn -0.0282 0.9974 0.0668
vn 0.0282 0.9974 -0.0668
vn 0.0692 0.9841 -0.1637
vn 0.1757 0.8924 -0.4157
vn -0.3823 0.8422 0.3803
vn -0.2916 0.9515 0.0980
vn -0.2472 0.9689 -0.0140
vn -0.2152 0.9723 -0.0910
vn -0.1823 0.9689 -0.1676
vn -0.1328 0.9515 -0.2775
vn 0.0064 0.8422 -0.5392
vn -0.6742 0.6241 0.3948
vn -0.6624 0.7474 0.0515
vn -0.6175 0.7773 -0.1207
vn -0.5720 0.7838 -0.2418
vn -0.5167 0.7773 -0.3589
vn -0.4246 0.7474 -0.5110
vn -0.1865 0.6241 -0.7587
vn -0.9234 -0.0000 0.3837
vn -0.9999 -0.0000 0.0143
vn -0.9761 -0.0000 -0.2172
vn -0.9211 -0.0000 -0.3894
vn -0.8359 -0.0000 -0.5489
vn -0.6863 -0.0000 -0.7273
vn -0.3681 -0.0000 -0.9298
vn -0.6742 -0.6241 0.3948
vn -0.6624 -0.7474 0.0515
vn -0.6175 -0.7773 -0.1207
vn -0.5720 -0.7838 -0.2418
vn -0.5167 -0.7773 -0.3589
vn -0.4246 -0.7474 -0.5110
vn -0.1865 -0.6241 -0.7587
vn -0.3823 -0.8422 0.3803
vn -0.2916 -0.9515 0.0980
vn -0.2472 -0.9689 -0.0140
vn -0.2152 -0.9723 -0.0910
vn -0.1823 -0.9689 -0.1676
vn -0.1328 -0.9515 -0.2775
vn 0.0064 -0.8422 -0.5392
vn -0.1757 -0.8924 0.4157
vn -0.0282 -0.9974 0.0668
vn 0.0282 -0.9974 -0.0668
vn 0.0692 -0.9841 -0.1637
vn 0.1757 -0.8924 -0.4157
vn -0.4123 -0.0000 0.9110
vn -0.0752 -0.9832 0.1661
vn 0.4123 -0.0000 -0.9110
vn -0.0248 -0.8374 0.5461
vn 0.1235 -0.9504 0.2854
vn 0.1772 -0.9686 0.1742
vn 0.2129 -0.9723 0.0964
vn 0.2478 -0.9686 0.0181
vn 0.2959 -0.9504 -0.0955
vn 0.3939 -0.8374 -0.3790
vn 0.1599 -0.6199 0.7682
vn 0.4073 -0.7457 0.5273
vn 0.5061 -0.7768 0.3747
vn 0.5659 -0.7837 0.2561
vn 0.6155 -0.7768 0.1329
vn 0.6650 -0.7457 -0.0420
vn 0.6827 -0.6199 -0.3869
vn 0.3348 -0.0000 0.9423
vn 0.6612 -0.0000 0.7502
vn 0.8193 -0.0000 0.5733
vn 0.9110 -0.0000 0.4123
vn 0.9715 -0.0000 0.2372
vn 1.0000 -0.0000 0.0016
vn 0.9289 -0.0000 -0.3704
vn 0.1599 0.6199 0.7682
vn 0.4073 0.7457 0.5273
vn 0.5061 0.7768 0.3747
vn 0.5659 0.7837 0.2561
vn 0.6155 0.7768 0.1329
vn 0.6650 0.7457 -0.0420
vn 0.6827 0.6199 -0.3869
vn -0.0248 0.8374 0.5461
vn 0.1235 0.9504 0.2854
vn 0.1772 0.9686 0.1742
vn 0.2129 0.9723 0.0964
vn 0.2478 0.9686 0.0181
vn 0.2959 0.9504 -0.0955
vn 0.3939 0.8374 -0.3790
vn -0.1896 0.8880 0.4189
vn -0.0752 0.9832 0.1661
vn -0.0307 0.9972 0.0678
vn 0.0307 0.9972 -0.0678
vn 0.0752 0.9832 -0.1661
vn 0.1896 0.8880 -0.4189
vn -0.3939 0.8374 0.3790
vn -0.2959 0.9504 0.0955
vn -0.2478 0.9686 -0.0181
vn -0.2129 0.9723 -0.0964
vn -0.1772 0.9686 -0.1742
vn -0.1235 0.9504 -0.2854
vn 0.0248 0.8374 -0.5461
vn -0.6827 0.6199 0.3869
vn -0.6650 0.7457 0.0420
vn -0.6155 0.7768 -0.1329
vn -0.5659 0.7837 -0.2561
vn -0.5061 0.7768 -0.3747
vn -0.4073 0.7457 -0.5273
vn -0.1599 0.6199 -0.7682
vn -0.9289 -0.0000 0.3704
vn -1.0000 -0.0000 -0.0016
vn -0.9715 -0.0000 -0.2372
vn -0.9110 -0.0000 -0.4123
vn -0.8193 -0.0000 -0.5733
vn -0.6612 -0.0000 -0.7502
vn -0.3348 -0.0000 -0.9423
vn -0.6827 -0.6199 0.3869
vn -0.6650 -0.7457 0.0420
vn -0.6155 -0.7768 -0.1329
vn -0.5659 -0.7837 -0.2561
vn -0.5061 -0.7768 -0.3747
vn -0.4073 -0.7457 -0.5273
vn -0.1599 -0.6199 -0.7682
vn -0.3939 -0.8374 0.3790
vn -0.2959 -0.9504 0.0955
vn -0.2478 -0.9686 -0.0181
vn -0.2129 -0.9723 -0.0964
vn -0.1772 -0.9686 -0.1742
vn -0.1235 -0.9504 -0.2854
vn 0.0248 -0.8374 -0.5461
vn -0.1896 -0.8880 0.4189
vn -0.0307 -0.9972 0.0678
vn 0.0307 -0.9972 -0.0678
vn 0.0752 -0.9832 -0.1661
vn 0.1896 -0.8880 -0.4189
vn -0.4350 -0.0000 0.9004
vn -0.0814 -0.9823 0.1685
vn 0.4350 -0.0000 -0.9004
vn -0.0437 -0.8324 0.5525
vn 0.1138 -0.9493 0.2932
vn 0.1718 -0.9684 0.1807
vn 0.2105 -0.9723 0.1017
vn 0.2483 -0.9684 0.0222
vn 0.3004 -0.9493 -0.0931
vn 0.4057 -0.8324 -0.3777
vn 0.1328 -0.6154 0.7769
vn 0.3892 -0.7438 0.5433
vn 0.4949 -0.7763 0.3904
vn 0.5595 -0.7835 0.2703
vn 0.6134 -0.7763 0.1449
vn 0.6675 -0.7438 -0.0328
vn 0.6912 -0.6154 -0.3789
vn 0.3008 -0.0000 0.9537
vn 0.6350 -0.0000 0.7725
vn 0.8019 -0.0000 0.5974
vn 0.9004 -0.0000 0.4350
vn 0.9665 -0.0000 0.2568
vn 0.9999 -0.0000 0.0172
vn 0.9340 -0.0000 -0.3572
vn 0.1328 0.6154 0.7769
vn 0.3892 0.7438 0.5433
vn 0.4949 0.7763 0.3904
vn 0.5595 0.7835 0.2703
vn 0.6134 0.7763 0.1449
vn 0.6675 0.7438 -0.0328
vn 0.6912 0.6154 -0.3789
vn -0.0437 0.8324 0.5525
vn 0.1138 0.9493 0.2932
vn 0.1718 0.9684 0.1807
vn 0.2105 0.9723 0.1017
vn 0.2483 0.9684 0.0222
vn 0.3004 0.9493 -0.0931
vn 0.4057 0.8324 -0.3777
vn -0.2038 0.8834 0.4219
vn -0.0814 0.9823 0.1685
vn -0.0333 0.9971 0.0689
vn 0.0333 0.9971 -0.0689
vn 0.0814 0.9823 -0.1685
vn 0.2038 0.8834 -0.4219
vn -0.4057 0.8324 0.3777
vn -0.3004 0.9493 0.0931
vn -0.2483 0.9684 -0.0222
vn -0.2105 0.9723 -0.1017
vn -0.1718 0.9684 -0.1807
vn -0.1138 0.9493 -0.2932
vn 0.0437 0.8324 -0.5525
vn -0.6912 0.6154 0.3789
vn -0.6675 0.7438 0.0328
vn -0.6134 0.7763 -0.1449
vn -0.5595 0.7835 -0.2703
vn -0.4949 0.7763 -0.3904
vn -0.3892 0.7438 -0.5433
vn -0.1328 0.6154 -0.7770
vn -0.9340 -0.0000 0.3572
vn -0.9999 -0.0000 -0.0172
vn -0.9665 -0.0000 -0.2568
vn -0.9004 -0.0000 -0.4350
vn -0.8019 -0.0000 -0.5974
vn -0.6350 -0.0000 -0.7725
vn -0.3008 -0.0000 -0.9537
vn -0.6912 -0.6154 0.3789
vn -0.6675 -0.7438 0.0328
vn -0.6134 -0.7763 -0.1449
vn -0.5595 -0.7835 -0.2703
vn -0.4949 -0.7763 -0.3904
vn -0.3892 -0.7438 -0.5433
vn -0.1328 -0.6154 -0.7769
vn -0.4057 -0.8324 0.3777
vn -0.3004 -0.9493 0.0931
vn -0.2483 -0.9684 -0.0222
vn -0.2105 -0.9723 -0.1017
vn -0.1718 -0.9684 -0.1807
vn -0.1138 -0.9493 -0.2932
vn 0.0437 -0.8324 -0.5525
vn -0.2038 -0.8834 0.4219
vn -0.0333 -0.9971 0.0689
vn 0.0333 -0.9971 -0.0689
vn 0.0814 -0.9823 -0.1685
vn 0.2038 -0.8834 -0.4219
vn -0.4573 -0.0000 0.8893
vn -0.0879 -0.9813 0.1710
vn 0.4573 -0.0000 -0.8893
vn -0.0631 -0.8271 0.5586
vn 0.1036 -0.9480 0.3009
vn 0.1661 -0.9682 0.1871
vn 0.2080 -0.9723 0.1070
vn 0.2488 -0.9682 0.0262
vn 0.3050 -0.9480 -0.0908
vn 0.4176 -0.8271 -0.3762
vn 0.1051 -0.6107 0.7848
vn 0.3704 -0.7419 0.5590
vn 0.4831 -0.7758 0.4059
vn 0.5528 -0.7834 0.2843
vn 0.6112 -0.7758 0.1568
vn 0.6701 -0.7419 -0.0239
vn 0.6995 -0.6107 -0.3711
vn 0.2660 -0.0000 0.9640
vn 0.6078 -0.0000 0.7941
vn 0.7837 -0.0000 0.6212
vn 0.8893 -0.0000 0.4573
vn 0.9611 -0.0000 0.2761
vn 0.9995 -0.0000 0.0324
vn 0.9388 -0.0000 -0.3443
vn 0.1051 0.6107 0.7848
vn 0.3704 0.7419 0.5590
vn 0.4831 0.7758 0.4059
vn 0.5528 0.7834 0.2843
vn 0.6112 0.7758 0.1568
vn 0.6701 0.7419 -0.0239
vn 0.6995 0.6107 -0.3711
vn -0.0631 0.8271 0.5586
vn 0.1036 0.9480 0.3009
vn 0.1661 0.9682 0.1871
vn 0.2080 0.9723 0.1070
vn 0.2488 0.9682 0.0262
vn 0.3050 0.9480 -0.0908
vn 0.4176 0.8271 -0.3762
vn -0.2185 0.8785 0.4248
vn -0.0879 0.9813 0.1710
vn -0.0360 0.9969 0.0700
vn 0.0360 0.9969 -0.0700
vn 0.0879 0.9813 -0.1710
vn 0.2185 0.8785 -0.4248
vn -0.4176 0.8271 0.3762
vn -0.3050 0.9480 0.0908
vn -0.2488 0.9682 -0.0262
vn -0.2080 0.9723 -0.1070
vn -0.1661 0.9682 -0.1871
vn -0.1036 0.9480 -0.3009
vn 0.0631 0.8271 -0.5586
vn -0.6995 0.6107 0.3711
vn -0.6701 0.7419 0.0239
vn -0.6112 0.7758 -0.1568
vn -0.5528 0.7834 -0.2843
vn -0.4831 0.7758 -0.4059
vn -0.3704 0.7419 -0.5590
vn -0.1051 0.6107 -0.7848
vn -0.9388 -0.0000 0.3443
vn -0.9995 -0.0000 -0.0324
vn -0.9611 -0.0000 -0.2761
vn -0.8893 -0.0000 -0.4573
vn -0.7837 -0.0000 -0.6212
vn -0.6078 -0.0000 -0.7941
vn -0.2660 -0.0000 -0.9640
vn -0.6995 -0.6107 0.3711
vn -0.6701 -0.7419 0.0239
vn -0.6112 -0.7758 -0.1568
vn -0.5528 -0.7834 -0.2843
vn -0.4831 -0.7758 -0.4059
vn -0.3704 -0.7419 -0.5590
vn -0.1051 -0.6107 -0.7848
vn -0.4176 -0.8271 0.3762
vn -0.3050 -0.9480 0.0908
vn -0.2488 -0.9682 -0.0262
vn -0.2080 -0.9723 -0.1070
vn -0.1661 -0.9682 -0.1871
vn -0.1036 -0.9480 -0.3009
vn 0.0631 -0.8271 -0.5586
vn -0.2185 -0.8785 0.4248
vn -0.0360 -0.9969 0.0700
vn 0.0360 -0.9969 -0.0700
vn 0.0879 -0.9813 -0.1710
vn 0.2185 -0.8785 -0.4248
vn -0.0000 -0.0000 1.0000
vn -0.0000 -0.9712 0.2381
vn -0.0000 -0.0000 -1.0000
vn 0.1065 -0.7845 0.6110
vn 0.1371 -0.9500 0.2806
vn 0.1414 -0.9830 0.1168
vn 0.1421 -0.9899 -0.0000
vn 0.1414 -0.9830 -0.1168
vn 0.1371 -0.9500 -0.2806
vn 0.1065 -0.7845 -0.6110
vn 0.2464 -0.6086 0.7543
vn 0.3850 -0.7973 0.4648
vn 0.4416 -0.8708 0.2163
vn 0.4562 -0.8899 -0.0000
vn 0.4416 -0.8708 -0.2163
vn 0.3850 -0.7973 -0.4648
vn 0.2464 -0.6086 -0.7543
vn 0.4525 -0.0000 0.8918
vn 0.7395 -0.0000 0.6732
vn 0.9318 -0.0000 0.3629
vn 1.0000 -0.0000 -0.0000
vn 0.9318 -0.0000 -0.3629
vn 0.7395 -0.0000 -0.6732
vn 0.4525 -0.0000 -0.8918
vn 0.2464 0.6086 0.7543
vn 0.3850 0.7973 0.4648
vn 0.4416 0.8708 0.2163
vn 0.4562 0.8899 -0.0000
vn 0.4416 0.8708 -0.2163
vn 0.3850 0.7973 -0.4648
vn 0.2464 0.6086 -0.7543
vn 0.1065 0.7845 0.6110
vn 0.1371 0.9500 0.2806
vn 0.1414 0.9830 0.1168
vn 0.1421 0.9899 -0.0000
vn 0.1414 0.9830 -0.1168
vn 0.1371 0.9500 -0.2806
vn 0.1065 0.7845 -0.6110
vn -0.0000 0.8322 0.5545
vn -0.0000 0.9712 0.2381
vn -0.0000 0.9951 0.0984
vn -0.0000 0.9951 -0.0984
vn -0.0000 0.9712 -0.2381
vn -0.0000 0.8322 -0.5545
vn -0.1065 0.7845 0.6110
vn -0.1371 0.9500 0.2806
vn -0.1414 0.9830 0.1168
vn -0.1421 0.9899 -0.0000
vn -0.1414 0.9830 -0.1168
vn -0.1371 0.9500 -0.2806
vn -0.1065 0.7845 -0.6110
vn -0.2464 0.6086 0.7543
vn -0.3850 0.7973 0.4648
vn -0.4416 0.8708 0.2163
vn -0.4562 0.8899 -0.0000
vn -0.4416 0.8708 -0.2163
vn -0.3850 0.7973 -0.4648
vn -0.2464 0.6086 -0.7543
vn -0.4525 -0.0000 0.8918
vn -0.7395 -0.0000 0.6732
vn -0.9318 -0.0000 0.3629
vn -1.0000 -0.0000 -0.0000
vn -0.9318 -0.0000 -0.3629
vn -0.7395 -0.0000 -0.6732
vn -0.4525 -0.0000 -0.8918
vn -0.2464 -0.6086 0.7543
vn -0.3850 -0.7973 0.4648
vn -0.4416 -0.8708 0.2163
vn -0.4562 -0.8899 -0.0000
vn -0.4416 -0.8708 -0.2163
vn -0.3850 -0.7973 -0.4648
vn -0.2464 -0.6086 -0.7543
vn -0.1065 -0.7845 0.6110
vn -0.1371 -0.9500 0.2806
vn -0.1414 -0.9830 0.1168
vn -0.1421 -0.9899 -0.0000
vn -0.1414 -0.9830 -0.1168
vn -0.1371 -0.9500 -0.2806
vn -0.1065 -0.7845 -0.6110
vn -0.0000 -0.8322 0.5545
vn -0.0000 -0.9951 0.0984
vn -0.0000 -0.9951 -0.0984
vn -0.0000 -0.9712 -0.2381
vn -0.0000 -0.8322 -0.5545
vt 0.722222 0.600000
vt 0.666667 0.700000
vt 0.722222 0.700000
vt 0.722222 0.900000
vt 0.666667 0.900000
vt 0.694444 1.000000
vt 0.666667 0.200000
vt 0.722222 0.300000
vt 0.722222 0.200000
vt 0.722222 0.500000
vt 0.666667 0.600000
vt 0.722222 0.800000
vt 0.666667 0.100000
vt 0.722222 0.100000
vt 0.666667 0.400000
vt 0.722222 0.400000
vt 0.666667 0.800000
vt 0.694444 0.000000
vt 0.666667 0.300000
vt 0.611111 0.900000
vt 0.638889 1.000000
vt 0.611111 0.200000
vt 0.666667 0.500000
vt 0.611111 0.600000
vt 0.611111 0.100000
vt 0.611111 0.400000
vt 0.611111 0.800000
vt 0.638889 0.000000
vt 0.611111 0.300000
vt 0.611111 0.700000
vt 0.555556 0.300000
vt 0.555556 0.700000
vt 0.555556 0.900000
vt 0.583333 1.000000
vt 0.555556 0.200000
vt 0.611111 0.500000
vt 0.555555 0.600000
vt 0.555556 0.100000
vt 0.555555 0.400000
vt 0.555556 0.800000
vt 0.583333 0.000000
vt 0.500000 0.800000
vt 0.527778 0.000000
vt 0.500000 0.100000
vt 0.500000 0.300000
vt 0.500000 0.700000
vt 0.500000 0.900000
vt 0.527778 1.000000
vt 0.500000 0.200000
vt 0.555555 0.500000
vt 0.500000 0.600000
vt 0.500000 0.400000
vt 0.444444 0.400000
vt 0.500000 0.500000
vt 0.444444 0.700000
vt 0.472222 0.000000
vt 0.444444 0.100000
vt 0.444444 0.300000
vt 0.444444 0.600000
vt 0.444444 0.900000
vt 0.472222 1.000000
vt 0.444444 0.200000
vt 0.444444 0.500000
vt 0.444444 0.800000
vt 0.388889 0.800000
vt 0.388889 0.200000
vt 0.388889 0.500000
vt 0.388889 0.700000
vt 0.416667 0.000000
vt 0.388889 0.100000
vt 0.388889 0.400000
vt 0.388889 0.600000
vt 0.388889 0.900000
vt 0.416667 1.000000
vt 0.388889 0.300000
vt 0.333333 0.300000
vt 0.333333 0.500000
vt 0.333333 0.800000
vt 0.333333 0.200000
vt 0.333333 0.700000
vt 0.361111 0.000000
vt 0.333333 0.100000
vt 0.333333 0.400000
vt 0.333333 0.600000
vt 0.333333 0.900000
vt 0.361111 1.000000
vt 0.277778 0.600000
vt 0.277778 0.900000
vt 0.305556 1.000000
vt 0.277778 0.300000
vt 0.277778 0.500000
vt 0.277778 0.800000
vt 0.277778 0.200000
vt 0.277778 0.700000
vt 0.305556 0.000000
vt 0.277778 0.100000
vt 0.277778 0.400000
vt 0.222222 0.400000
vt 0.222222 0.600000
vt 0.222222 0.900000
vt 0.250000 1.000000
vt 0.222222 0.300000
vt 0.222222 0.500000
vt 0.222222 0.800000
vt 0.222222 0.200000
vt 0.222222 0.700000
vt 0.250000 0.000000
vt 0.222222 0.100000
vt 0.166667 0.800000
vt 0.194444 0.000000
vt 0.166667 0.100000
vt 0.166667 0.300000
vt 0.166667 0.700000
vt 0.166667 0.900000
vt 0.194444 1.000000
vt 0.166667 0.200000
vt 0.166667 0.600000
vt 0.166667 0.400000
vt 0.111111 0.100000
vt 0.111111 0.400000
vt 0.166667 0.500000
vt 0.111111 0.800000
vt 0.138889 0.000000
vt 0.111111 0.300000
vt 0.111111 0.700000
vt 0.111111 0.900000
vt 0.138889 1.000000
vt 0.111111 0.200000
vt 0.111111 0.600000
vt 0.111111 0.500000
vt 0.055556 0.600000
vt 0.055556 0.900000
vt 0.055556 0.100000
vt 0.055556 0.400000
vt 0.055556 0.800000
vt 0.083333 0.000000
vt 0.055556 0.300000
vt 0.055556 0.700000
vt 0.083333 1.000000
vt 0.055556 0.200000
vt 0.000000 0.900000
vt 0.027778 1.000000
vt 0.000000 0.200000
vt 0.055556 0.500000
vt 0.000000 0.600000
vt 0.000000 0.100000
vt 0.000000 0.400000
vt 0.000000 0.800000
vt 0.027778 0.000000
vt 0.000000 0.300000
vt 0.000000 0.700000
vt 0.944444 0.600000
vt 1.000000 0.700000
vt 1.000000 0.600000
vt 1.000000 0.900000
vt 0.944444 0.900000
vt 0.972222 1.000000
vt 0.944444 0.200000
vt 1.000000 0.300000
vt 1.000000 0.200000
vt 0.944444 0.500000
vt 1.000000 0.500000
vt 1.000000 0.800000
vt 0.944444 0.100000
vt 1.000000 0.100000
vt 0.944444 0.400000
vt 1.000000 0.400000
vt 0.944444 0.700000
vt 0.972222 0.000000
vt 0.944444 0.300000
vt 0.916667 0.000000
vt 0.888889 0.100000
vt 0.888889 0.400000
vt 0.888889 0.600000
vt 0.888889 0.900000
vt 0.916667 1.000000
vt 0.888889 0.300000
vt 0.888889 0.500000
vt 0.888889 0.800000
vt 0.944444 0.800000
vt 0.888889 0.200000
vt 0.888889 0.700000
vt 0.833333 0.500000
vt 0.833333 0.700000
vt 0.861111 0.000000
vt 0.833333 0.100000
vt 0.833333 0.400000
vt 0.833333 0.600000
vt 0.833333 0.900000
vt 0.861111 1.000000
vt 0.833333 0.300000
vt 0.833333 0.800000
vt 0.833333 0.200000
vt 0.777778 0.800000
vt 0.777778 0.200000
vt 0.777778 0.500000
vt 0.777778 0.700000
vt 0.805556 0.000000
vt 0.777778 0.100000
vt 0.777778 0.400000
vt 0.777778 0.600000
vt 0.777778 0.900000
vt 0.805556 1.000000
vt 0.777778 0.300000
vt 0.750000 0.000000
vt 0.750000 1.000000
vt 0.750000 0.500000
vt 0.666667 0.625000
vt 0.750000 0.625000
vt 0.750000 0.750000
vt 0.666667 0.875000
vt 0.750000 0.875000
vt 0.666667 0.125000
vt 0.750000 0.250000
vt 0.750000 0.125000
vt 0.666667 0.375000
vt 0.750000 0.375000
vt 0.666667 0.750000
vt 0.708333 1.000000
vt 0.708333 0.000000
vt 0.666667 0.250000
vt 0.583333 0.125000
vt 0.583333 0.375000
vt 0.666667 0.500000
vt 0.583333 0.750000
vt 0.583333 0.875000
vt 0.625000 1.000000
vt 0.625000 0.000000
vt 0.583333 0.250000
vt 0.583333 0.625000
vt 0.500000 0.875000
vt 0.541667 1.000000
vt 0.541667 0.000000
vt 0.500000 0.125000
vt 0.500000 0.250000
vt 0.583333 0.500000
vt 0.500000 0.625000
vt 0.500000 0.375000
vt 0.500000 0.750000
vt 0.416667 0.375000
vt 0.416667 0.500000
vt 0.500000 0.500000
vt 0.416667 0.750000
vt 0.416667 0.250000
vt 0.416667 0.625000
vt 0.416667 0.875000
vt 0.458333 1.000000
vt 0.458333 0.000000
vt 0.416667 0.125000
vt 0.333333 0.250000
vt 0.333333 0.625000
vt 0.333333 0.875000
vt 0.375000 1.000000
vt 0.375000 0.000000
vt 0.333333 0.125000
vt 0.333333 0.375000
vt 0.333333 0.750000
vt 0.250000 0.500000
vt 0.250000 0.625000
vt 0.250000 0.875000
vt 0.291667 1.000000
vt 0.291667 0.000000
vt 0.250000 0.125000
vt 0.250000 0.375000
vt 0.250000 0.750000
vt 0.250000 0.250000
vt 0.208333 0.000000
vt 0.166667 0.125000
vt 0.166667 0.250000
vt 0.166667 0.625000
vt 0.166667 0.875000
vt 0.166667 0.375000
vt 0.166667 0.750000
vt 0.208333 1.000000
vt 0.083333 0.625000
vt 0.083333 0.875000
vt 0.083333 0.125000
vt 0.083333 0.375000
vt 0.083333 0.750000
vt 0.125000 1.000000
vt 0.125000 0.000000
vt 0.083333 0.250000
vt 0.000000 0.125000
vt 0.000000 0.375000
vt 0.083333 0.500000
vt 0.000000 0.750000
vt 0.000000 0.875000
vt 0.041667 1.000000
vt 0.041667 0.000000
vt 0.000000 0.250000
vt 0.000000 0.625000
vt 0.916667 0.625000
vt 1.000000 0.750000
vt 1.000000 0.625000
vt 1.000000 0.875000
vt 0.916667 0.875000
vt 0.958333 1.000000
vt 0.958333 0.000000
vt 0.916667 0.125000
vt 1.000000 0.125000
vt 1.000000 0.250000
vt 0.916667 0.375000
vt 1.000000 0.375000
vt 0.916667 0.500000
vt 0.916667 0.750000
vt 0.916667 0.250000
vt 0.875000 0.000000
vt 0.833333 0.125000
vt 0.833333 0.375000
vt 0.833333 0.750000
vt 0.833333 0.250000
vt 0.833333 0.625000
vt 0.833333 0.875000
vt 0.875000 1.000000
vt 0.791667 1.000000
vt 0.791667 0.000000
vt 0.000000 0.500000
s 1
usemtl WingBlue
f 159/1/159 5/2/5 158/3/158
f 156/4/156 3/5/3 1/6/1
f 10/7/10 162/8/162 163/9/163
f 160/10/160 6/11/6 159/1/159
f 157/12/157 3/5/3 156/4/156
f 11/13/11 163/9/163 164/14/164
f 8/15/8 160/10/160 161/16/161
f 158/3/158 4/17/4 157/12/157
f 2/18/2 11/13/11 164/14/164
f 9/19/9 161/16/161 162/8/162
f 3/5/3 12/20/12 1/21/1
f 19/22/19 9/19/9 10/7/10
f 7/23/7 15/24/15 6/11/6
f 4/17/4 12/20/12 3/5/3
f 20/25/20 10/7/10 11/13/11
f 17/26/17 7/23/7 8/15/8
f 5/2/5 13/27/13 4/17/4
f 2/28/2 20/25/20 11/13/11
f 18/29/18 8/15/8 9/19/9
f 6/11/6 14/30/14 5/2/5
f 27/31/27 17/26/17 18/29/18
f 15/24/15 23/32/23 14/30/14
f 12/20/12 21/33/21 1/34/1
f 28/35/28 18/29/18 19/22/19
f 16/36/16 24/37/24 15/24/15
f 13/27/13 21/33/21 12/20/12
f 29/38/29 19/22/19 20/25/20
f 26/39/26 16/36/16 17/26/17
f 14/30/14 22/40/22 13/27/13
f 2/41/2 29/38/29 20/25/20
f 23/32/23 31/42/31 22/40/22
f 2/43/2 38/44/38 29/38/29
f 36/45/36 26/39/26 27/31/27
f 24/37/24 32/46/32 23/32/23
f 21/33/21 30/47/30 1/48/1
f 37/49/37 27/31/27 28/35/28
f 25/50/25 33/51/33 24/37/24
f 22/40/22 30/47/30 21/33/21
f 38/44/38 28/35/28 29/38/29
f 35/52/35 25/50/25 26/39/26
f 44/53/44 34/54/34 35/52/35
f 41/55/41 31/42/31 32/46/32
f 2/56/2 47/57/47 38/44/38
f 45/58/45 35/52/35 36/45/36
f 42/59/42 32/46/32 33/51/33
f 30/47/30 39/60/39 1/61/1
f 46/62/46 36/45/36 37/49/37
f 43/63/43 33/51/33 34/54/34
f 40/64/40 30/47/30 31/42/31
f 47/57/47 37/49/37 38/44/38
f 49/65/49 39/60/39 40/64/40
f 47/57/47 55/66/55 46/62/46
f 44/53/44 52/67/52 43/63/43
f 50/68/50 40/64/40 41/55/41
f 2/69/2 56/70/56 47/57/47
f 45/58/45 53/71/53 44/53/44
f 51/72/51 41/55/41 42/59/42
f 39/60/39 48/73/48 1/74/1
f 46/62/46 54/75/54 45/58/45
f 52/67/52 42/59/42 43/63/43
f 55/66/55 63/76/63 54/75/54
f 61/77/61 51/72/51 52/67/52
f 58/78/58 48/73/48 49/65/49
f 56/70/56 64/79/64 55/66/55
f 53/71/53 61/77/61 52/67/52
f 59/80/59 49/65/49 50/68/50
f 2/81/2 65/82/65 56/70/56
f 54/75/54 62/83/62 53/71/53
f 60/84/60 50/68/50 51/72/51
f 48/73/48 57/85/57 1/86/1
f 69/87/69 59/80/59 60/84/60
f 57/85/57 66/88/66 1/89/1
f 64/79/64 72/90/72 63/76/63
f 70/91/70 60/84/60 61/77/61
f 67/92/67 57/85/57 58/78/58
f 65/82/65 73/93/73 64/79/64
f 62/83/62 70/91/70 61/77/61
f 68/94/68 58/78/58 59/80/59
f 2/95/2 74/96/74 65/82/65
f 63/76/63 71/97/71 62/83/62
f 72/90/72 80/98/80 71/97/71
f 78/99/78 68/94/68 69/87/69
f 66/88/66 75/100/75 1/101/1
f 73/93/73 81/102/81 72/90/72
f 79/103/79 69/87/69 70/91/70
f 76/104/76 66/88/66 67/92/67
f 74/96/74 82/105/82 73/93/73
f 71/97/71 79/103/79 70/91/70
f 77/106/77 67/92/67 68/94/68
f 2/107/2 83/108/83 74/96/74
f 77/106/77 85/109/85 76/104/76
f 2/110/2 92/111/92 83/108/83
f 90/112/90 80/98/80 81/102/81
f 78/99/78 86/113/86 77/106/77
f 75/100/75 84/114/84 1/115/1
f 91/116/91 81/102/81 82/105/82
f 79/103/79 87/117/87 78/99/78
f 76/104/76 84/114/84 75/100/75
f 92/111/92 82/105/82 83/108/83
f 89/118/89 79/103/79 80/98/80
f 101/119/101 91/116/91 92/111/92
f 98/120/98 88/121/88 89/118/89
f 86/113/86 94/122/94 85/109/85
f 2/123/2 101/119/101 92/111/92
f 99/124/99 89/118/89 90/112/90
f 87/117/87 95/125/95 86/113/86
f 84/114/84 93/126/93 1/127/1
f 100/128/100 90/112/90 91/116/91
f 88/121/88 96/129/96 87/117/87
f 85/109/85 93/126/93 84/114/84
f 97/130/97 105/131/105 96/129/96
f 94/122/94 102/132/102 93/126/93
f 110/133/110 100/128/100 101/119/101
f 107/134/107 97/130/97 98/120/98
f 95/125/95 103/135/103 94/122/94
f 2/136/2 110/133/110 101/119/101
f 108/137/108 98/120/98 99/124/99
f 96/129/96 104/138/104 95/125/95
f 93/126/93 102/132/102 1/139/1
f 109/140/109 99/124/99 100/128/100
f 102/132/102 111/141/111 1/142/1
f 118/143/118 108/137/108 109/140/109
f 106/144/106 114/145/114 105/131/105
f 103/135/103 111/141/111 102/132/102
f 119/146/119 109/140/109 110/133/110
f 116/147/116 106/144/106 107/134/107
f 104/138/104 112/148/112 103/135/103
f 2/149/2 119/146/119 110/133/110
f 117/150/117 107/134/107 108/137/108
f 105/131/105 113/151/113 104/138/104
f 123/152/123 113/153/113 114/154/114
f 111/155/111 120/156/120 1/157/1
f 127/158/127 117/159/117 118/160/118
f 124/161/124 114/154/114 115/162/115
f 112/163/112 120/156/120 111/155/111
f 128/164/128 118/160/118 119/165/119
f 125/166/125 115/162/115 116/167/116
f 122/168/122 112/163/112 113/153/113
f 2/169/2 128/164/128 119/165/119
f 126/170/126 116/167/116 117/159/117
f 2/171/2 137/172/137 128/164/128
f 126/170/126 134/173/134 125/166/125
f 132/174/132 122/168/122 123/152/123
f 120/156/120 129/175/129 1/176/1
f 127/158/127 135/177/135 126/170/126
f 133/178/133 123/152/123 124/161/124
f 130/179/130 120/156/120 121/180/121
f 128/164/128 136/181/136 127/158/127
f 125/166/125 133/178/133 124/161/124
f 131/182/131 121/180/121 122/168/122
f 134/173/134 142/183/142 133/178/133
f 140/184/140 130/179/130 131/182/131
f 2/185/2 146/186/146 137/172/137
f 135/177/135 143/187/143 134/173/134
f 141/188/141 131/182/131 132/174/132
f 129/175/129 138/189/138 1/190/1
f 136/181/136 144/191/144 135/177/135
f 142/183/142 132/174/132 133/178/133
f 139/192/139 129/175/129 130/179/130
f 137/172/137 145/193/145 136/181/136
f 148/194/148 138/189/138 139/192/139
f 146/186/146 154/195/154 145/193/145
f 143/187/143 151/196/151 142/183/142
f 149/197/149 139/192/139 140/184/140
f 2/198/2 155/199/155 146/186/146
f 144/191/144 152/200/152 143/187/143
f 150/201/150 140/184/140 141/188/141
f 138/189/138 147/202/147 1/203/1
f 145/193/145 153/204/153 144/191/144
f 151/196/151 141/188/141 142/183/142
f 160/10/160 150/201/150 151/196/151
f 157/12/157 147/202/147 148/194/148
f 155/199/155 163/9/163 154/195/154
f 152/200/152 160/10/160 151/196/151
f 158/3/158 148/194/148 149/197/149
f 2/205/2 164/14/164 155/199/155
f 153/204/153 161/16/161 152/200/152
f 159/1/159 149/197/149 150/201/150
f 147/202/147 156/4/156 1/206/1
f 154/195/154 162/8/162 153/204/153
f 167/207/167 171/208/171 247/209/247
f 166/210/166 169/211/169 246/212/246
f 175/213/175 249/214/249 250/215/250
f 173/216/173 167/207/167 248/217/248
f 247/209/247 170/218/170 166/210/166
f 246/212/246 169/211/169 165/219/165
f 168/220/168 175/213/175 250/215/250
f 174/221/174 248/217/248 249/214/249
f 182/222/182 174/221/174 175/213/175
f 180/223/180 172/224/172 173/216/173
f 171/208/171 177/225/177 170/218/170
f 169/211/169 176/226/176 165/227/165
f 168/228/168 182/222/182 175/213/175
f 181/229/181 173/216/173 174/221/174
f 172/224/172 178/230/178 171/208/171
f 170/218/170 176/226/176 169/211/169
f 176/226/176 183/231/183 165/232/165
f 168/233/168 189/234/189 182/222/182
f 188/235/188 180/223/180 181/229/181
f 179/236/179 185/237/185 178/230/178
f 177/225/177 183/231/183 176/226/176
f 189/234/189 181/229/181 182/222/182
f 187/238/187 179/236/179 180/223/180
f 178/230/178 184/239/184 177/225/177
f 188/235/188 194/240/194 187/238/187
f 193/241/193 185/237/185 186/242/186
f 191/243/191 183/231/183 184/239/184
f 189/234/189 195/244/195 188/235/188
f 187/238/187 193/241/193 186/242/186
f 192/245/192 184/239/184 185/237/185
f 183/231/183 190/246/190 165/247/165
f 168/248/168 196/249/196 189/234/189
f 196/249/196 202/250/202 195/244/195
f 194/240/194 200/77/200 193/241/193
f 199/251/199 191/243/191 192/245/192
f 190/246/190 197/252/197 165/253/165
f 168/254/168 203/255/203 196/249/196
f 195/244/195 201/256/201 194/240/194
f 200/77/200 192/245/192 193/241/193
f 198/257/198 190/246/190 191/243/191
f 201/256/201 207/258/207 200/77/200
f 206/259/206 198/257/198 199/251/199
f 197/252/197 204/260/204 165/261/165
f 168/262/168 210/263/210 203/255/203
f 202/250/202 208/264/208 201/256/201
f 207/258/207 199/251/199 200/77/200
f 205/265/205 197/252/197 198/257/198
f 203/255/203 209/266/209 202/250/202
f 168/267/168 217/268/217 210/263/210
f 216/269/216 208/264/208 209/266/209
f 207/258/207 213/270/213 206/259/206
f 205/265/205 211/271/211 204/260/204
f 217/268/217 209/266/209 210/263/210
f 215/272/215 207/258/207 208/264/208
f 206/259/206 212/273/212 205/265/205
f 204/260/204 211/271/211 165/274/165
f 214/121/214 220/275/220 213/270/213
f 212/273/212 218/276/218 211/271/211
f 224/277/224 216/269/216 217/268/217
f 222/278/222 214/121/214 215/272/215
f 213/270/213 219/279/219 212/273/212
f 211/271/211 218/276/218 165/280/165
f 168/281/168 224/277/224 217/268/217
f 223/282/223 215/272/215 216/269/216
f 231/283/231 223/282/223 224/277/224
f 229/284/229 221/285/221 222/278/222
f 220/275/220 226/286/226 219/279/219
f 218/276/218 225/287/225 165/288/165
f 168/289/168 231/283/231 224/277/224
f 230/290/230 222/278/222 223/282/223
f 221/285/221 227/291/227 220/275/220
f 219/279/219 225/287/225 218/276/218
f 234/292/234 226/293/226 227/294/227
f 225/295/225 232/296/232 165/297/165
f 168/298/168 238/299/238 231/300/231
f 230/301/230 236/302/236 229/303/229
f 235/304/235 227/294/227 228/162/228
f 233/305/233 225/295/225 226/293/226
f 231/300/231 237/306/237 230/301/230
f 229/303/229 235/304/235 228/162/228
f 168/307/168 245/308/245 238/299/238
f 237/306/237 243/309/243 236/302/236
f 242/183/242 234/292/234 235/304/235
f 240/310/240 232/296/232 233/305/233
f 238/299/238 244/311/244 237/306/237
f 236/302/236 242/183/242 235/304/235
f 241/312/241 233/305/233 234/292/234
f 232/296/232 239/313/239 165/314/165
f 166/210/166 239/313/239 240/310/240
f 245/308/245 249/214/249 244/311/244
f 243/309/243 167/207/167 242/183/242
f 247/209/247 240/310/240 241/312/241
f 239/313/239 246/212/246 165/315/165
f 168/316/168 250/215/250 245/308/245
f 244/311/244 248/217/248 243/309/243
f 167/207/167 241/312/241 242/183/242
f 259/216/258 253/207/167 334/217/332
f 333/209/331 256/218/255 252/210/252
f 332/212/330 255/211/254 251/219/251
f 254/220/253 261/213/260 336/215/334
f 260/221/259 334/217/332 335/214/333
f 253/207/167 257/208/256 333/209/331
f 252/210/252 255/211/254 332/212/330
f 261/213/260 335/214/333 336/215/334
f 254/228/253 268/222/267 261/213/260
f 267/229/266 259/216/258 260/221/259
f 258/224/257 264/230/263 257/208/256
f 256/218/255 262/226/261 255/211/254
f 268/222/267 260/221/259 261/213/260
f 266/223/265 258/224/257 259/216/258
f 257/208/256 263/225/262 256/218/255
f 255/211/254 262/226/261 251/227/251
f 263/225/262 269/231/268 262/226/261
f 275/234/274 267/229/266 268/222/267
f 273/238/272 265/236/264 266/223/265
f 264/230/263 270/239/269 263/225/262
f 262/226/261 269/231/268 251/232/251
f 254/233/253 275/234/274 268/222/267
f 274/235/273 266/223/265 267/229/266
f 265/236/264 271/237/270 264/230/263
f 275/234/274 281/244/280 274/235/273
f 273/238/272 279/241/278 272/242/271
f 278/245/277 270/239/269 271/237/270
f 269/231/268 276/246/275 251/247/251
f 254/248/253 282/249/281 275/234/274
f 274/235/273 280/240/279 273/238/272
f 279/241/278 271/237/270 272/242/271
f 277/243/276 269/231/268 270/239/269
f 276/246/275 283/252/282 251/253/251
f 254/254/253 289/255/288 282/249/281
f 281/244/280 287/256/286 280/240/279
f 286/77/285 278/245/277 279/241/278
f 284/257/283 276/246/275 277/243/276
f 282/249/281 288/250/287 281/244/280
f 280/240/279 286/77/285 279/241/278
f 285/251/284 277/243/276 278/245/277
f 288/250/287 294/264/292 287/256/286
f 293/258/207 285/251/284 286/77/285
f 291/265/290 283/252/282 284/257/283
f 289/255/288 295/266/293 288/250/287
f 287/256/286 293/258/207 286/77/285
f 292/259/291 284/257/283 285/251/284
f 283/252/282 290/260/289 251/261/251
f 254/262/253 296/263/294 289/255/288
f 303/268/301 295/266/293 296/263/294
f 301/272/299 293/258/207 294/264/292
f 292/259/291 298/273/296 291/265/290
f 290/260/289 297/271/295 251/274/251
f 254/267/253 303/268/301 296/263/294
f 302/269/300 294/264/292 295/266/293
f 293/258/207 299/270/297 292/259/291
f 291/265/290 297/271/295 290/260/289
f 308/278/306 300/121/298 301/272/299
f 299/270/297 305/279/303 298/273/296
f 297/271/295 304/276/302 251/280/251
f 254/281/253 310/277/308 303/268/301
f 309/282/307 301/272/299 302/269/300
f 300/121/298 306/275/304 299/270/297
f 298/273/296 304/276/302 297/271/295
f 310/277/308 302/269/300 303/268/301
f 254/289/253 317/283/315 310/277/308
f 316/290/314 308/278/306 309/282/307
f 307/285/305 313/291/311 306/275/304
f 305/279/303 311/287/309 304/276/302
f 317/283/315 309/282/307 310/277/308
f 315/284/313 307/285/305 308/278/306
f 306/275/304 312/286/310 305/279/303
f 304/276/302 311/287/309 251/288/251
f 321/304/319 313/294/311 314/162/312
f 319/305/317 311/295/309 312/293/310
f 317/300/315 323/306/321 316/301/314
f 315/303/313 321/304/319 314/162/312
f 320/292/318 312/293/310 313/294/311
f 311/295/309 318/296/316 251/297/251
f 254/298/253 324/299/322 317/300/315
f 316/301/314 322/302/320 315/303/313
f 324/299/322 330/311/328 323/306/321
f 322/302/320 328/183/326 321/304/319
f 327/312/325 319/305/317 320/292/318
f 318/296/316 325/313/323 251/314/251
f 254/307/253 331/308/329 324/299/322
f 323/306/321 329/309/327 322/302/320
f 328/183/326 320/292/318 321/304/319
f 326/310/324 318/296/316 319/305/317
f 333/209/331 326/310/324 327/312/325
f 325/313/323 332/212/330 251/315/251
f 254/316/253 336/215/334 331/308/329
f 330/311/328 334/217/332 329/309/327
f 253/207/167 327/312/325 328/183/326
f 252/210/252 325/313/323 326/310/324
f 331/308/329 335/214/333 330/311/328
f 329/309/327 253/207/167 328/183/326
f 346/221/343 420/217/416 421/214/417
f 339/207/167 343/208/340 419/209/415
f 338/210/336 341/211/338 418/212/414
f 347/213/344 421/214/417 422/215/418
f 345/216/342 339/207/167 420/217/416
f 419/209/415 342/218/339 338/210/336
f 418/212/414 341/211/338 337/219/335
f 340/220/337 347/213/344 422/215/418
f 354/222/351 346/221/343 347/213/344
f 352/223/349 344/224/341 345/216/342
f 343/208/340 349/225/346 342/218/339
f 341/211/338 348/226/345 337/227/335
f 340/228/337 354/222/351 347/213/344
f 353/229/350 345/216/342 346/221/343
f 344/224/341 350/230/347 343/208/340
f 342/218/339 348/226/345 341/211/338
f 350/230/347 356/239/353 349/225/346
f 348/226/345 355/231/352 337/232/335
f 340/233/337 361/234/358 354/222/351
f 360/235/357 352/223/349 353/229/350
f 351/236/348 357/237/354 350/230/347
f 349/225/346 355/231/352 348/226/345
f 361/234/358 353/229/350 354/222/351
f 359/238/356 351/236/348 352/223/349
f 340/248/337 368/249/365 361/234/358
f 360/235/357 366/240/363 359/238/356
f 365/241/362 357/237/354 358/242/355
f 363/243/360 355/231/352 356/239/353
f 361/234/358 367/244/364 360/235/357
f 359/238/356 365/241/362 358/242/355
f 364/245/361 356/239/353 357/237/354
f 355/231/352 362/246/359 337/247/335
f 370/257/367 362/246/359 363/243/360
f 368/249/365 374/250/371 367/244/364
f 366/240/363 372/77/369 365/241/362
f 371/251/368 363/243/360 364/245/361
f 362/246/359 369/252/366 337/253/335
f 340/254/337 375/255/372 368/249/365
f 367/244/364 373/256/370 366/240/363
f 372/77/369 364/245/361 365/241/362
f 375/255/372 381/266/377 374/250/371
f 373/256/370 379/258/207 372/77/369
f 378/259/375 370/257/367 371/251/368
f 369/252/366 376/260/373 337/261/335
f 340/262/337 382/263/378 375/255/372
f 374/250/371 380/264/376 373/256/370
f 379/258/207 371/251/368 372/77/369
f 377/265/374 369/252/366 370/257/367
f 376/260/373 383/271/379 337/274/335
f 340/267/337 389/268/385 382/263/378
f 388/269/384 380/264/376 381/266/377
f 379/258/207 385/270/381 378/259/375
f 377/265/374 383/271/379 376/260/373
f 389/268/385 381/266/377 382/263/378
f 387/272/383 379/258/207 380/264/376
f 378/259/375 384/273/380 377/265/374
f 395/282/391 387/272/383 388/269/384
f 386/121/382 392/275/388 385/270/381
f 384/273/380 390/276/386 383/271/379
f 396/277/392 388/269/384 389/268/385
f 394/278/390 386/121/382 387/272/383
f 385/270/381 391/279/387 384/273/380
f 383/271/379 390/276/386 337/280/335
f 340/281/337 396/277/392 389/268/385
f 403/283/399 395/282/391 396/277/392
f 401/284/397 393/285/389 394/278/390
f 392/275/388 398/286/394 391/279/387
f 390/276/386 397/287/393 337/288/335
f 340/289/337 403/283/399 396/277/392
f 402/290/398 394/278/390 395/282/391
f 393/285/389 399/291/395 392/275/388
f 391/279/387 397/287/393 390/276/386
f 401/303/397 407/304/403 400/162/396
f 406/292/402 398/293/394 399/294/395
f 397/295/393 404/296/400 337/297/335
f 340/298/337 410/299/406 403/300/399
f 402/301/398 408/302/404 401/303/397
f 407/304/403 399/294/395 400/162/396
f 405/305/401 397/295/393 398/293/394
f 403/300/399 409/306/405 402/301/398
f 340/307/337 417/308/413 410/299/406
f 409/306/405 415/309/411 408/302/404
f 414/183/410 406/292/402 407/304/403
f 412/310/408 404/296/400 405/305/401
f 410/299/406 416/311/412 409/306/405
f 408/302/404 414/183/410 407/304/403
f 413/312/409 405/305/401 406/292/402
f 404/296/400 411/313/407 337/314/335
f 339/207/167 413/312/409 414/183/410
f 338/210/336 411/313/407 412/310/408
f 417/308/413 421/214/417 416/311/412
f 415/309/411 339/207/167 414/183/410
f 419/209/415 412/310/408 413/312/409
f 411/313/407 418/212/414 337/315/335
f 340/316/337 422/215/418 417/308/413
f 416/311/412 420/217/416 415/309/411
f 505/209/499 428/218/423 424/210/420
f 504/212/498 427/211/422 423/219/419
f 426/220/421 433/213/428 508/215/502
f 432/221/427 506/217/500 507/214/501
f 425/207/167 429/208/424 505/209/499
f 424/210/420 427/211/422 504/212/498
f 433/213/428 507/214/501 508/215/502
f 431/216/426 425/207/167 506/217/500
f 439/229/434 431/216/426 432/221/427
f 430/224/425 436/230/431 429/208/424
f 428/218/423 434/226/429 427/211/422
f 440/222/435 432/221/427 433/213/428
f 438/223/433 430/224/425 431/216/426
f 429/208/424 435/225/430 428/218/423
f 427/211/422 434/226/429 423/227/419
f 426/228/421 440/222/435 433/213/428
f 447/234/442 439/229/434 440/222/435
f 445/238/440 437/236/432 438/223/433
f 436/230/431 442/239/437 435/225/430
f 434/226/429 441/231/436 423/232/419
f 426/233/421 447/234/442 440/222/435
f 446/235/441 438/223/433 439/229/434
f 437/236/432 443/237/438 436/230/431
f 435/225/430 441/231/436 434/226/429
f 445/238/440 451/241/446 444/242/439
f 450/245/445 442/239/437 443/237/438
f 441/231/436 448/246/443 423/247/419
f 426/248/421 454/249/449 447/234/442
f 446/235/441 452/240/447 445/238/440
f 451/241/446 443/237/438 444/242/439
f 449/243/444 441/231/436 442/239/437
f 447/234/442 453/244/448 446/235/441
f 426/254/421 461/255/456 454/249/449
f 453/244/448 459/256/454 452/240/447
f 458/77/453 450/245/445 451/241/446
f 456/257/451 448/246/443 449/243/444
f 454/249/449 460/250/455 453/244/448
f 452/240/447 458/77/453 451/241/446
f 457/251/452 449/243/444 450/245/445
f 448/246/443 455/252/450 423/253/419
f 465/258/207 457/251/452 458/77/453
f 463/265/458 455/252/450 456/257/451
f 461/255/456 467/266/461 460/250/455
f 459/256/454 465/258/207 458/77/453
f 464/259/459 456/257/451 457/251/452
f 455/252/450 462/260/457 423/261/419
f 426/262/421 468/263/462 461/255/456
f 460/250/455 466/264/460 459/256/454
f 475/268/469 467/266/461 468/263/462
f 473/272/467 465/258/207 466/264/460
f 464/259/459 470/273/464 463/265/458
f 462/260/457 469/271/463 423/274/419
f 426/267/421 475/268/469 468/263/462
f 474/269/468 466/264/460 467/266/461
f 465/258/207 471/270/465 464/259/459
f 463/265/458 469/271/463 462/260/457
f 471/270/465 477/279/471 470/273/464
f 469/271/463 476/276/470 423/280/419
f 426/281/421 482/277/476 475/268/469
f 481/282/475 473/272/467 474/269/468
f 472/121/466 478/275/472 471/270/465
f 470/273/464 476/276/470 469/271/463
f 482/277/476 474/269/468 475/268/469
f 480/278/474 472/121/466 473/272/467
f 426/289/421 489/283/483 482/277/476
f 488/290/482 480/278/474 481/282/475
f 479/285/473 485/291/479 478/275/472
f 477/279/471 483/287/477 476/276/470
f 489/283/483 481/282/475 482/277/476
f 487/284/481 479/285/473 480/278/474
f 478/275/472 484/286/478 477/279/471
f 476/276/470 483/287/477 423/288/419
f 491/305/485 483/295/477 484/293/478
f 489/300/483 495/306/489 488/301/482
f 487/303/481 493/304/487 486/162/480
f 492/292/486 484/293/478 485/294/479
f 483/295/477 490/296/484 423/297/419
f 426/298/421 496/299/490 489/300/483
f 488/301/482 494/302/488 487/303/481
f 493/304/487 485/294/479 486/162/480
f 496/299/490 502/311/496 495/306/489
f 494/302/488 500/183/494 493/304/487
f 499/312/493 491/305/485 492/292/486
f 490/296/484 497/313/491 423/314/419
f 426/307/421 503/308/497 496/299/490
f 495/306/489 501/309/495 494/302/488
f 500/183/494 492/292/486 493/304/487
f 498/310/492 490/296/484 491/305/485
f 497/313/491 504/212/498 423/315/419
f 426/316/421 508/215/502 503/308/497
f 502/311/496 506/217/500 501/309/495
f 425/207/167 499/312/493 500/183/494
f 424/210/420 497/313/491 498/310/492
f 503/308/497 507/214/501 502/311/496
f 501/309/495 425/207/167 500/183/494
f 505/209/499 498/310/492 499/312/493
f 590/212/582 513/211/506 509/219/503
f 512/220/505 519/213/512 594/215/586
f 518/221/511 592/217/584 593/214/585
f 511/207/167 515/208/508 591/209/583
f 510/210/504 513/211/506 590/212/582
f 519/213/512 593/214/585 594/215/586
f 517/216/510 511/207/167 592/217/584
f 591/209/583 514/218/507 510/210/504
f 516/224/509 522/230/515 515/208/508
f 514/218/507 520/226/513 513/211/506
f 526/222/519 518/221/511 519/213/512
f 524/223/517 516/224/509 517/216/510
f 515/208/508 521/225/514 514/218/507
f 513/211/506 520/226/513 509/227/503
f 512/228/505 526/222/519 519/213/512
f 525/229/518 517/216/510 518/221/511
f 533/234/526 525/229/518 526/222/519
f 531/238/524 523/236/516 524/223/517
f 522/230/515 528/239/521 521/225/514
f 520/226/513 527/231/520 509/232/503
f 512/233/505 533/234/526 526/222/519
f 532/235/525 524/223/517 525/229/518
f 523/236/516 529/237/522 522/230/515
f 521/225/514 527/231/520 520/226/513
f 536/245/529 528/239/521 529/237/522
f 527/231/520 534/246/527 509/247/503
f 512/248/505 540/249/533 533/234/526
f 532/235/525 538/240/531 531/238/524
f 537/241/530 529/237/522 530/242/523
f 535/243/528 527/231/520 528/239/521
f 533/234/526 539/244/532 532/235/525
f 531/238/524 537/241/530 530/242/523
f 512/254/505 547/255/540 540/249/533
f 539/244/532 545/256/538 538/240/531
f 544/77/537 536/245/529 537/241/530
f 542/257/535 534/246/527 535/243/528
f 540/249/533 546/250/539 539/244/532
f 538/240/531 544/77/537 537/241/530
f 543/251/536 535/243/528 536/245/529
f 534/246/527 541/252/534 509/253/503
f 549/265/542 541/252/534 542/257/535
f 547/255/540 553/266/545 546/250/539
f 545/256/538 551/258/207 544/77/537
f 550/259/543 542/257/535 543/251/536
f 541/252/534 548/260/541 509/261/503
f 512/262/505 554/263/546 547/255/540
f 546/250/539 552/264/544 545/256/538
f 551/258/207 543/251/536 544/77/537
f 561/268/553 553/266/545 554/263/546
f 559/272/551 551/258/207 552/264/544
f 550/259/543 556/273/548 549/265/542
f 548/260/541 555/271/547 509/274/503
f 512/267/505 561/268/553 554/263/546
f 560/269/552 552/264/544 553/266/545
f 551/258/207 557/270/549 550/259/543
f 549/265/542 555/271/547 548/260/541
f 555/271/547 562/276/554 509/280/503
f 512/281/505 568/277/560 561/268/553
f 567/282/559 559/272/551 560/269/552
f 558/121/550 564/275/556 557/270/549
f 556/273/548 562/276/554 555/271/547
f 568/277/560 560/269/552 561/268/553
f 566/278/558 558/121/550 559/272/551
f 557/270/549 563/279/555 556/273/548
f 574/290/566 566/278/558 567/282/559
f 565/285/557 571/291/563 564/275/556
f 563/279/555 569/287/561 562/276/554
f 575/283/567 567/282/559 568/277/560
f 573/284/565 565/285/557 566/278/558
f 564/275/556 570/286/562 563/279/555
f 562/276/554 569/287/561 509/288/503
f 512/289/505 575/283/567 568/277/560
f 575/300/567 581/306/573 574/301/566
f 573/303/565 579/304/571 572/162/564
f 578/292/570 570/293/562 571/294/563
f 569/295/561 576/296/568 509/297/503
f 512/298/505 582/299/574 575/300/567
f 574/301/566 580/302/572 573/303/565
f 579/304/571 571/294/563 572/162/564
f 577/305/569 569/295/561 570/293/562
f 580/302/572 586/183/578 579/304/571
f 585/312/577 577/305/569 578/292/570
f 576/296/568 583/313/575 509/314/503
f 512/307/505 589/308/581 582/299/574
f 581/306/573 587/309/579 580/302/572
f 586/183/578 578/292/570 579/304/571
f 584/310/576 576/296/568 577/305/569
f 582/299/574 588/311/580 581/306/573
f 512/316/505 594/215/586 589/308/581
f 588/311/580 592/217/584 587/309/579
f 511/207/167 585/312/577 586/183/578
f 510/210/504 583/313/575 584/310/576
f 589/308/581 593/214/585 588/311/580
f 587/309/579 511/207/167 586/183/578
f 591/209/583 584/310/576 585/312/577
f 583/313/575 590/212/582 509/315/503
f 159/1/159 6/11/6 5/2/5
f 10/7/10 9/19/9 162/8/162
f 160/10/160 7/23/7 6/11/6
f 157/12/157 4/17/4 3/5/3
f 11/13/11 10/7/10 163/9/163
f 8/15/8 7/23/7 160/10/160
f 158/3/158 5/2/5 4/17/4
f 9/19/9 8/15/8 161/16/161
f 19/22/19 18/29/18 9/19/9
f 7/23/7 16/36/16 15/24/15
f 4/17/4 13/27/13 12/20/12
f 20/25/20 19/22/19 10/7/10
f 17/26/17 16/36/16 7/23/7
f 5/2/5 14/30/14 13/27/13
f 18/29/18 17/26/17 8/15/8
f 6/11/6 15/24/15 14/30/14
f 27/31/27 26/39/26 17/26/17
f 15/24/15 24/37/24 23/32/23
f 28/35/28 27/31/27 18/29/18
f 16/36/16 25/50/25 24/37/24
f 13/27/13 22/40/22 21/33/21
f 29/38/29 28/35/28 19/22/19
f 26/39/26 25/50/25 16/36/16
f 14/30/14 23/32/23 22/40/22
f 23/32/23 32/46/32 31/42/31
f 36/45/36 35/52/35 26/39/26
f 24/37/24 33/51/33 32/46/32
f 37/49/37 36/45/36 27/31/27
f 25/50/25 34/54/34 33/51/33
f 22/40/22 31/42/31 30/47/30
f 38/44/38 37/49/37 28/35/28
f 35/52/35 34/54/34 25/50/25
f 44/53/44 43/63/43 34/54/34
f 41/55/41 40/64/40 31/42/31
f 45/58/45 44/53/44 35/52/35
f 42/59/42 41/55/41 32/46/32
f 46/62/46 45/58/45 36/45/36
f 43/63/43 42/59/42 33/51/33
f 40/64/40 39/60/39 30/47/30
f 47/57/47 46/62/46 37/49/37
f 49/65/49 48/73/48 39/60/39
f 47/57/47 56/70/56 55/66/55
f 44/53/44 53/71/53 52/67/52
f 50/68/50 49/65/49 40/64/40
f 45/58/45 54/75/54 53/71/53
f 51/72/51 50/68/50 41/55/41
f 46/62/46 55/66/55 54/75/54
f 52/67/52 51/72/51 42/59/42
f 55/66/55 64/79/64 63/76/63
f 61/77/61 60/84/60 51/72/51
f 58/78/58 57/85/57 48/73/48
f 56/70/56 65/82/65 64/79/64
f 53/71/53 62/83/62 61/77/61
f 59/80/59 58/78/58 49/65/49
f 54/75/54 63/76/63 62/83/62
f 60/84/60 59/80/59 50/68/50
f 69/87/69 68/94/68 59/80/59
f 64/79/64 73/93/73 72/90/72
f 70/91/70 69/87/69 60/84/60
f 67/92/67 66/88/66 57/85/57
f 65/82/65 74/96/74 73/93/73
f 62/83/62 71/97/71 70/91/70
f 68/94/68 67/92/67 58/78/58
f 63/76/63 72/90/72 71/97/71
f 72/90/72 81/102/81 80/98/80
f 78/99/78 77/106/77 68/94/68
f 73/93/73 82/105/82 81/102/81
f 79/103/79 78/99/78 69/87/69
f 76/104/76 75/100/75 66/88/66
f 74/96/74 83/108/83 82/105/82
f 71/97/71 80/98/80 79/103/79
f 77/106/77 76/104/76 67/92/67
f 77/106/77 86/113/86 85/109/85
f 90/112/90 89/118/89 80/98/80
f 78/99/78 87/117/87 86/113/86
f 91/116/91 90/112/90 81/102/81
f 79/103/79 88/121/88 87/117/87
f 76/104/76 85/109/85 84/114/84
f 92/111/92 91/116/91 82/105/82
f 89/118/89 88/121/88 79/103/79
f 101/119/101 100/128/100 91/116/91
f 98/120/98 97/130/97 88/121/88
f 86/113/86 95/125/95 94/122/94
f 99/124/99 98/120/98 89/118/89
f 87/117/87 96/129/96 95/125/95
f 100/128/100 99/124/99 90/112/90
f 88/121/88 97/130/97 96/129/96
f 85/109/85 94/122/94 93/126/93
f 97/130/97 106/144/106 105/131/105
f 94/122/94 103/135/103 102/132/102
f 110/133/110 109/140/109 100/128/100
f 107/134/107 106/144/106 97/130/97
f 95/125/95 104/138/104 103/135/103
f 108/137/108 107/134/107 98/120/98
f 96/129/96 105/131/105 104/138/104
f 109/140/109 108/137/108 99/124/99
f 118/143/118 117/150/117 108/137/108
f 106/144/106 115/317/115 114/145/114
f 103/135/103 112/148/112 111/141/111
f 119/146/119 118/143/118 109/140/109
f 116/147/116 115/317/115 106/144/106
f 104/138/104 113/151/113 112/148/112
f 117/150/117 116/147/116 107/134/107
f 105/131/105 114/145/114 113/151/113
f 123/152/123 122/168/122 113/153/113
f 127/158/127 126/170/126 117/159/117
f 124/161/124 123/152/123 114/154/114
f 112/163/112 121/180/121 120/156/120
f 128/164/128 127/158/127 118/160/118
f 125/166/125 124/161/124 115/162/115
f 122/168/122 121/180/121 112/163/112
f 126/170/126 125/166/125 116/167/116
f 126/170/126 135/177/135 134/173/134
f 132/174/132 131/182/131 122/168/122
f 127/158/127 136/181/136 135/177/135
f 133/178/133 132/174/132 123/152/123
f 130/179/130 129/175/129 120/156/120
f 128/164/128 137/172/137 136/181/136
f 125/166/125 134/173/134 133/178/133
f 131/182/131 130/179/130 121/180/121
f 134/173/134 143/187/143 142/183/142
f 140/184/140 139/192/139 130/179/130
f 135/177/135 144/191/144 143/187/143
f 141/188/141 140/184/140 131/182/131
f 136/181/136 145/193/145 144/191/144
f 142/183/142 141/188/141 132/174/132
f 139/192/139 138/189/138 129/175/129
f 137/172/137 146/186/146 145/193/145
f 148/194/148 147/202/147 138/189/138
f 146/186/146 155/199/155 154/195/154
f 143/187/143 152/200/152 151/196/151
f 149/197/149 148/194/148 139/192/139
f 144/191/144 153/204/153 152/200/152
f 150/201/150 149/197/149 140/184/140
f 145/193/145 154/195/154 153/204/153
f 151/196/151 150/201/150 141/188/141
f 160/10/160 159/1/159 150/201/150
f 157/12/157 156/4/156 147/202/147
f 155/199/155 164/14/164 163/9/163
f 152/200/152 161/16/161 160/10/160
f 158/3/158 157/12/157 148/194/148
f 153/204/153 162/8/162 161/16/161
f 159/1/159 158/3/158 149/197/149
f 154/195/154 163/9/163 162/8/162
f 167/207/167 172/224/172 171/208/171
f 166/210/166 170/218/170 169/211/169
f 175/213/175 174/221/174 249/214/249
f 173/216/173 172/224/172 167/207/167
f 247/209/247 171/208/171 170/218/170
f 174/221/174 173/216/173 248/217/248
f 182/222/182 181/229/181 174/221/174
f 180/223/180 179/236/179 172/224/172
f 171/208/171 178/230/178 177/225/177
f 181/229/181 180/223/180 173/216/173
f 172/224/172 179/236/179 178/230/178
f 170/218/170 177/225/177 176/226/176
f 188/235/188 187/238/187 180/223/180
f 179/236/179 186/242/186 185/237/185
f 177/225/177 184/239/184 183/231/183
f 189/234/189 188/235/188 181/229/181
f 187/238/187 186/242/186 179/236/179
f 178/230/178 185/237/185 184/239/184
f 188/235/188 195/244/195 194/240/194
f 193/241/193 192/245/192 185/237/185
f 191/243/191 190/246/190 183/231/183
f 189/234/189 196/249/196 195/244/195
f 187/238/187 194/240/194 193/241/193
f 192/245/192 191/243/191 184/239/184
f 196/249/196 203/255/203 202/250/202
f 194/240/194 201/256/201 200/77/200
f 199/251/199 198/257/198 191/243/191
f 195/244/195 202/250/202 201/256/201
f 200/77/200 199/251/199 192/245/192
f 198/257/198 197/252/197 190/246/190
f 201/256/201 208/264/208 207/258/207
f 206/259/206 205/265/205 198/257/198
f 202/250/202 209/266/209 208/264/208
f 207/258/207 206/259/206 199/251/199
f 205/265/205 204/260/204 197/252/197
f 203/255/203 210/263/210 209/266/209
f 216/269/216 215/272/215 208/264/208
f 207/258/207 214/121/214 213/270/213
f 205/265/205 212/273/212 211/271/211
f 217/268/217 216/269/216 209/266/209
f 215/272/215 214/121/214 207/258/207
f 206/259/206 213/270/213 212/273/212
f 214/121/214 221/285/221 220/275/220
f 212/273/212 219/279/219 218/276/218
f 224/277/224 223/282/223 216/269/216
f 222/278/222 221/285/221 214/121/214
f 213/270/213 220/275/220 219/279/219
f 223/282/223 222/278/222 215/272/215
f 231/283/231 230/290/230 223/282/223
f 229/284/229 228/317/228 221/285/221
f 220/275/220 227/291/227 226/286/226
f 230/290/230 229/284/229 222/278/222
f 221/285/221 228/317/228 227/291/227
f 219/279/219 226/286/226 225/287/225
f 234/292/234 233/305/233 226/293/226
f 230/301/230 237/306/237 236/302/236
f 235/304/235 234/292/234 227/294/227
f 233/305/233 232/296/232 225/295/225
f 231/300/231 238/299/238 237/306/237
f 229/303/229 236/302/236 235/304/235
f 237/306/237 244/311/244 243/309/243
f 242/183/242 241/312/241 234/292/234
f 240/310/240 239/313/239 232/296/232
f 238/299/238 245/308/245 244/311/244
f 236/302/236 243/309/243 242/183/242
f 241/312/241 240/310/240 233/305/233
f 166/210/166 246/212/246 239/313/239
f 245/308/245 250/215/250 249/214/249
f 243/309/243 248/217/248 167/207/167
f 247/209/247 166/210/166 240/310/240
f 244/311/244 249/214/249 248/217/248
f 167/207/167 247/209/247 241/312/241
f 259/216/258 258/224/257 253/207/167
f 333/209/331 257/208/256 256/218/255
f 260/221/259 259/216/258 334/217/332
f 253/207/167 258/224/257 257/208/256
f 252/210/252 256/218/255 255/211/254
f 261/213/260 260/221/259 335/214/333
f 267/229/266 266/223/265 259/216/258
f 258/224/257 265/236/264 264/230/263
f 256/218/255 263/225/262 262/226/261
f 268/222/267 267/229/266 260/221/259
f 266/223/265 265/236/264 258/224/257
f 257/208/256 264/230/263 263/225/262
f 263/225/262 270/239/269 269/231/268
f 275/234/274 274/235/273 267/229/266
f 273/238/272 272/242/271 265/236/264
f 264/230/263 271/237/270 270/239/269
f 274/235/273 273/238/272 266/223/265
f 265/236/264 272/242/271 271/237/270
f 275/234/274 282/249/281 281/244/280
f 273/238/272 280/240/279 279/241/278
f 278/245/277 277/243/276 270/239/269
f 274/235/273 281/244/280 280/240/279
f 279/241/278 278/245/277 271/237/270
f 277/243/276 276/246/275 269/231/268
f 281/244/280 288/250/287 287/256/286
f 286/77/285 285/251/284 278/245/277
f 284/257/283 283/252/282 276/246/275
f 282/249/281 289/255/288 288/250/287
f 280/240/279 287/256/286 286/77/285
f 285/251/284 284/257/283 277/243/276
f 288/250/287 295/266/293 294/264/292
f 293/258/207 292/259/291 285/251/284
f 291/265/290 290/260/289 283/252/282
f 289/255/288 296/263/294 295/266/293
f 287/256/286 294/264/292 293/258/207
f 292/259/291 291/265/290 284/257/283
f 303/268/301 302/269/300 295/266/293
f 301/272/299 300/121/298 293/258/207
f 292/259/291 299/270/297 298/273/296
f 302/269/300 301/272/299 294/264/292
f 293/258/207 300/121/298 299/270/297
f 291/265/290 298/273/296 297/271/295
f 308/278/306 307/285/305 300/121/298
f 299/270/297 306/275/304 305/279/303
f 309/282/307 308/278/306 301/272/299
f 300/121/298 307/285/305 306/275/304
f 298/273/296 305/279/303 304/276/302
f 310/277/308 309/282/307 302/269/300
f 316/290/314 315/284/313 308/278/306
f 307/285/305 314/317/312 313/291/311
f 305/279/303 312/286/310 311/287/309
f 317/283/315 316/290/314 309/282/307
f 315/284/313 314/317/312 307/285/305
f 306/275/304 313/291/311 312/286/310
f 321/304/319 320/292/318 313/294/311
f 319/305/317 318/296/316 311/295/309
f 317/300/315 324/299/322 323/306/321
f 315/303/313 322/302/320 321/304/319
f 320/292/318 319/305/317 312/293/310
f 316/301/314 323/306/321 322/302/320
f 324/299/322 331/308/329 330/311/328
f 322/302/320 329/309/327 328/183/326
f 327/312/325 326/310/324 319/305/317
f 323/306/321 330/311/328 329/309/327
f 328/183/326 327/312/325 320/292/318
f 326/310/324 325/313/323 318/296/316
f 333/209/331 252/210/252 326/310/324
f 330/311/328 335/214/333 334/217/332
f 253/207/167 333/209/331 327/312/325
f 252/210/252 332/212/330 325/313/323
f 331/308/329 336/215/334 335/214/333
f 329/309/327 334/217/332 253/207/167
f 346/221/343 345/216/342 420/217/416
f 339/207/167 344/224/341 343/208/340
f 338/210/336 342/218/339 341/211/338
f 347/213/344 346/221/343 421/214/417
f 345/216/342 344/224/341 339/207/167
f 419/209/415 343/208/340 342/218/339
f 354/222/351 353/229/350 346/221/343
f 352/223/349 351/236/348 344/224/341
f 343/208/340 350/230/347 349/225/346
f 353/229/350 352/223/349 345/216/342
f 344/224/341 351/236/348 350/230/347
f 342/218/339 349/225/346 348/226/345
f 350/230/347 357/237/354 356/239/353
f 360/235/357 359/238/356 352/223/349
f 351/236/348 358/242/355 357/237/354
f 349/225/346 356/239/353 355/231/352
f 361/234/358 360/235/357 353/229/350
f 359/238/356 358/242/355 351/236/348
f 360/235/357 367/244/364 366/240/363
f 365/241/362 364/245/361 357/237/354
f 363/243/360 362/246/359 355/231/352
f 361/234/358 368/249/365 367/244/364
f 359/238/356 366/240/363 365/241/362
f 364/245/361 363/243/360 356/239/353
f 370/257/367 369/252/366 362/246/359
f 368/249/365 375/255/372 374/250/371
f 366/240/363 373/256/370 372/77/369
f 371/251/368 370/257/367 363/243/360
f 367/244/364 374/250/371 373/256/370
f 372/77/369 371/251/368 364/245/361
f 375/255/372 382/263/378 381/266/377
f 373/256/370 380/264/376 379/258/207
f 378/259/375 377/265/374 370/257/367
f 374/250/371 381/266/377 380/264/376
f 379/258/207 378/259/375 371/251/368
f 377/265/374 376/260/373 369/252/366
f 388/269/384 387/272/383 380/264/376
f 379/258/207 386/121/382 385/270/381
f 377/265/374 384/273/380 383/271/379
f 389/268/385 388/269/384 381/266/377
f 387/272/383 386/121/382 379/258/207
f 378/259/375 385/270/381 384/273/380
f 395/282/391 394/278/390 387/272/383
f 386/121/382 393/285/389 392/275/388
f 384/273/380 391/279/387 390/276/386
f 396/277/392 395/282/391 388/269/384
f 394/278/390 393/285/389 386/121/382
f 385/270/381 392/275/388 391/279/387
f 403/283/399 402/290/398 395/282/391
f 401/284/397 400/317/396 393/285/389
f 392/275/388 399/291/395 398/286/394
f 402/290/398 401/284/397 394/278/390
f 393/285/389 400/317/396 399/291/395
f 391/279/387 398/286/394 397/287/393
f 401/303/397 408/302/404 407/304/403
f 406/292/402 405/305/401 398/293/394
f 402/301/398 409/306/405 408/302/404
f 407/304/403 406/292/402 399/294/395
f 405/305/401 404/296/400 397/295/393
f 403/300/399 410/299/406 409/306/405
f 409/306/405 416/311/412 415/309/411
f 414/183/410 413/312/409 406/292/402
f 412/310/408 411/313/407 404/296/400
f 410/299/406 417/308/413 416/311/412
f 408/302/404 415/309/411 414/183/410
f 413/312/409 412/310/408 405/305/401
f 339/207/167 419/209/415 413/312/409
f 338/210/336 418/212/414 411/313/407
f 417/308/413 422/215/418 421/214/417
f 415/309/411 420/217/416 339/207/167
f 419/209/415 338/210/336 412/310/408
f 416/311/412 421/214/417 420/217/416
f 505/209/499 429/208/424 428/218/423
f 432/221/427 431/216/426 506/217/500
f 425/207/167 430/224/425 429/208/424
f 424/210/420 428/218/423 427/211/422
f 433/213/428 432/221/427 507/214/501
f 431/216/426 430/224/425 425/207/167
f 439/229/434 438/223/433 431/216/426
f 430/224/425 437/236/432 436/230/431
f 428/218/423 435/225/430 434/226/429
f 440/222/435 439/229/434 432/221/427
f 438/223/433 437/236/432 430/224/425
f 429/208/424 436/230/431 435/225/430
f 447/234/442 446/235/441 439/229/434
f 445/238/440 444/242/439 437/236/432
f 436/230/431 443/237/438 442/239/437
f 446/235/441 445/238/440 438/223/433
f 437/236/432 444/242/439 443/237/438
f 435/225/430 442/239/437 441/231/436
f 445/238/440 452/240/447 451/241/446
f 450/245/445 449/243/444 442/239/437
f 446/235/441 453/244/448 452/240/447
f 451/241/446 450/245/445 443/237/438
f 449/243/444 448/246/443 441/231/436
f 447/234/442 454/249/449 453/244/448
f 453/244/448 460/250/455 459/256/454
f 458/77/453 457/251/452 450/245/445
f 456/257/451 455/252/450 448/246/443
f 454/249/449 461/255/456 460/250/455
f 452/240/447 459/256/454 458/77/453
f 457/251/452 456/257/451 449/243/444
f 465/258/207 464/259/459 457/251/452
f 463/265/458 462/260/457 455/252/450
f 461/255/456 468/263/462 467/266/461
f 459/256/454 466/264/460 465/258/207
f 464/259/459 463/265/458 456/257/451
f 460/250/455 467/266/461 466/264/460
f 475/268/469 474/269/468 467/266/461
f 473/272/467 472/121/466 465/258/207
f 464/259/459 471/270/465 470/273/464
f 474/269/468 473/272/467 466/264/460
f 465/258/207 472/121/466 471/270/465
f 463/265/458 470/273/464 469/271/463
f 471/270/465 478/275/472 477/279/471
f 481/282/475 480/278/474 473/272/467
f 472/121/466 479/285/473 478/275/472
f 470/273/464 477/279/471 476/276/470
f 482/277/476 481/282/475 474/269/468
f 480/278/474 479/285/473 472/121/466
f 488/290/482 487/284/481 480/278/474
f 479/285/473 486/317/480 485/291/479
f 477/279/471 484/286/478 483/287/477
f 489/283/483 488/290/482 481/282/475
f 487/284/481 486/317/480 479/285/473
f 478/275/472 485/291/479 484/286/478
f 491/305/485 490/296/484 483/295/477
f 489/300/483 496/299/490 495/306/489
f 487/303/481 494/302/488 493/304/487
f 492/292/486 491/305/485 484/293/478
f 488/301/482 495/306/489 494/302/488
f 493/304/487 492/292/486 485/294/479
f 496/299/490 503/308/497 502/311/496
f 494/302/488 501/309/495 500/183/494
f 499/312/493 498/310/492 491/305/485
f 495/306/489 502/311/496 501/309/495
f 500/183/494 499/312/493 492/292/486
f 498/310/492 497/313/491 490/296/484
f 502/311/496 507/214/501 506/217/500
f 425/207/167 505/209/499 499/312/493
f 424/210/420 504/212/498 497/313/491
f 503/308/497 508/215/502 507/214/501
f 501/309/495 506/217/500 425/207/167
f 505/209/499 424/210/420 498/310/492
f 518/221/511 517/216/510 592/217/584
f 511/207/167 516/224/509 515/208/508
f 510/210/504 514/218/507 513/211/506
f 519/213/512 518/221/511 593/214/585
f 517/216/510 516/224/509 511/207/167
f 591/209/583 515/208/508 514/218/507
f 516/224/509 523/236/516 522/230/515
f 514/218/507 521/225/514 520/226/513
f 526/222/519 525/229/518 518/221/511
f 524/223/517 523/236/516 516/224/509
f 515/208/508 522/230/515 521/225/514
f 525/229/518 524/223/517 517/216/510
f 533/234/526 532/235/525 525/229/518
f 531/238/524 530/242/523 523/236/516
f 522/230/515 529/237/522 528/239/521
f 532/235/525 531/238/524 524/223/517
f 523/236/516 530/242/523 529/237/522
f 521/225/514 528/239/521 527/231/520
f 536/245/529 535/243/528 528/239/521
f 532/235/525 539/244/532 538/240/531
f 537/241/530 536/245/529 529/237/522
f 535/243/528 534/246/527 527/231/520
f 533/234/526 540/249/533 539/244/532
f 531/238/524 538/240/531 537/241/530
f 539/244/532 546/250/539 545/256/538
f 544/77/537 543/251/536 536/245/529
f 542/257/535 541/252/534 534/246/527
f 540/249/533 547/255/540 546/250/539
f 538/240/531 545/256/538 544/77/537
f 543/251/536 542/257/535 535/243/528
f 549/265/542 548/260/541 541/252/534
f 547/255/540 554/263/546 553/266/545
f 545/256/538 552/264/544 551/258/207
f 550/259/543 549/265/542 542/257/535
f 546/250/539 553/266/545 552/264/544
f 551/258/207 550/259/543 543/251/536
f 561/268/553 560/269/552 553/266/545
f 559/272/551 558/121/550 551/258/207
f 550/259/543 557/270/549 556/273/548
f 560/269/552 559/272/551 552/264/544
f 551/258/207 558/121/550 557/270/549
f 549/265/542 556/273/548 555/271/547
f 567/282/559 566/278/558 559/272/551
f 558/121/550 565/285/557 564/275/556
f 556/273/548 563/279/555 562/276/554
f 568/277/560 567/282/559 560/269/552
f 566/278/558 565/285/557 558/121/550
f 557/270/549 564/275/556 563/279/555
f 574/290/566 573/284/565 566/278/558
f 565/285/557 572/317/564 571/291/563
f 563/279/555 570/286/562 569/287/561
f 575/283/567 574/290/566 567/282/559
f 573/284/565 572/317/564 565/285/557
f 564/275/556 571/291/563 570/286/562
f 575/300/567 582/299/574 581/306/573
f 573/303/565 580/302/572 579/304/571
f 578/292/570 577/305/569 570/293/562
f 574/301/566 581/306/573 580/302/572
f 579/304/571 578/292/570 571/294/563
f 577/305/569 576/296/568 569/295/561
f 580/302/572 587/309/579 586/183/578
f 585/312/577 584/310/576 577/305/569
f 581/306/573 588/311/580 587/309/579
f 586/183/578 585/312/577 578/292/570
f 584/310/576 583/313/575 576/296/568
f 582/299/574 589/308/581 588/311/580
f 588/311/580 593/214/585 592/217/584
f 511/207/167 591/209/583 585/312/577
f 510/210/504 590/212/582 583/313/575
f 589/308/581 594/215/586 593/214/585
f 587/309/579 592/217/584 511/207/167
f 591/209/583 510/210/504 584/310/576
usemtl DarkBlue
f 596/210/588 599/211/590 676/212/666
f 605/213/596 679/214/669 680/215/670
f 603/216/594 597/207/167 678/217/668
f 677/209/667 600/218/591 596/210/588
f 676/212/666 599/211/590 595/219/587
f 598/220/589 605/213/596 680/215/670
f 604/221/595 678/217/668 679/214/669
f 597/207/167 601/208/592 677/209/667
f 610/223/601 602/224/593 603/216/594
f 601/208/592 607/225/598 600/218/591
f 599/211/590 606/226/597 595/227/587
f 598/228/589 612/222/603 605/213/596
f 611/229/602 603/216/594 604/221/595
f 602/224/593 608/230/599 601/208/592
f 600/218/591 606/226/597 599/211/590
f 612/222/603 604/221/595 605/213/596
f 598/233/589 619/234/610 612/222/603
f 618/235/609 610/223/601 611/229/602
f 609/236/600 615/237/606 608/230/599
f 607/225/598 613/231/604 606/226/597
f 619/234/610 611/229/602 612/222/603
f 617/238/608 609/236/600 610/223/601
f 608/230/599 614/239/605 607/225/598
f 606/226/597 613/231/604 595/232/587
f 623/241/614 615/237/606 616/242/607
f 621/243/612 613/231/604 614/239/605
f 619/234/610 625/244/616 618/235/609
f 617/238/608 623/241/614 616/242/607
f 622/245/613 614/239/605 615/237/606
f 613/231/604 620/246/611 595/247/587
f 598/248/589 626/249/617 619/234/610
f 618/235/609 624/240/615 617/238/608
f 626/249/617 632/250/623 625/244/616
f 624/240/615 630/77/621 623/241/614
f 629/251/620 621/243/612 622/245/613
f 620/246/611 627/252/618 595/253/587
f 598/254/589 633/255/624 626/249/617
f 625/244/616 631/256/622 624/240/615
f 630/77/621 622/245/613 623/241/614
f 628/257/619 620/246/611 621/243/612
f 636/259/627 628/257/619 629/251/620
f 627/252/618 634/260/625 595/261/587
f 598/262/589 640/263/630 633/255/624
f 632/250/623 638/264/628 631/256/622
f 637/258/207 629/251/620 630/77/621
f 635/265/626 627/252/618 628/257/619
f 633/255/624 639/266/629 632/250/623
f 631/256/622 637/258/207 630/77/621
f 598/267/589 647/268/637 640/263/630
f 646/269/636 638/264/628 639/266/629
f 637/258/207 643/270/633 636/259/627
f 635/265/626 641/271/631 634/260/625
f 647/268/637 639/266/629 640/263/630
f 645/272/635 637/258/207 638/264/628
f 636/259/627 642/273/632 635/265/626
f 634/260/625 641/271/631 595/274/587
f 642/273/632 648/276/638 641/271/631
f 654/277/644 646/269/636 647/268/637
f 652/278/642 644/121/634 645/272/635
f 643/270/633 649/279/639 642/273/632
f 641/271/631 648/276/638 595/280/587
f 598/281/589 654/277/644 647/268/637
f 653/282/643 645/272/635 646/269/636
f 644/121/634 650/275/640 643/270/633
f 661/283/651 653/282/643 654/277/644
f 659/284/649 651/285/641 652/278/642
f 650/275/640 656/286/646 649/279/639
f 648/276/638 655/287/645 595/288/587
f 598/289/589 661/283/651 654/277/644
f 660/290/650 652/278/642 653/282/643
f 651/285/641 657/291/647 650/275/640
f 649/279/639 655/287/645 648/276/638
f 655/295/645 662/296/652 595/297/587
f 598/298/589 668/299/658 661/300/651
f 660/301/650 666/302/656 659/303/649
f 665/304/655 657/294/647 658/162/648
f 663/305/653 655/295/645 656/293/646
f 661/300/651 667/306/657 660/301/650
f 659/303/649 665/304/655 658/162/648
f 664/292/654 656/293/646 657/294/647
f 667/306/657 673/309/663 666/302/656
f 672/183/662 664/292/654 665/304/655
f 670/310/660 662/296/652 663/305/653
f 668/299/658 674/311/664 667/306/657
f 666/302/656 672/183/662 665/304/655
f 671/312/661 663/305/653 664/292/654
f 662/296/652 669/313/659 595/314/587
f 598/307/589 675/308/665 668/299/658
f 675/308/665 679/214/669 674/311/664
f 673/309/663 597/207/167 672/183/662
f 677/209/667 670/310/660 671/312/661
f 669/313/659 676/212/666 595/315/587
f 598/316/589 680/215/670 675/308/665
f 674/311/664 678/217/668 673/309/663
f 597/207/167 671/312/661 672/183/662
f 596/210/588 669/313/659 670/310/660
f 763/209/751 686/218/675 682/210/672
f 762/212/750 685/211/674 681/219/671
f 684/220/673 691/213/680 766/215/754
f 690/221/679 764/217/752 765/214/753
f 683/207/167 687/208/676 763/209/751
f 682/210/672 685/211/674 762/212/750
f 691/213/680 765/214/753 766/215/754
f 689/216/678 683/207/167 764/217/752
f 697/229/686 689/216/678 690/221/679
f 688/224/677 694/230/683 687/208/676
f 686/218/675 692/226/681 685/211/674
f 698/222/687 690/221/679 691/213/680
f 696/223/685 688/224/677 689/216/678
f 687/208/676 693/225/682 686/218/675
f 685/211/674 692/226/681 681/227/671
f 684/228/673 698/222/687 691/213/680
f 705/234/694 697/229/686 698/222/687
f 703/238/692 695/236/684 696/223/685
f 694/230/683 700/239/689 693/225/682
f 692/226/681 699/231/688 681/232/671
f 684/233/673 705/234/694 698/222/687
f 704/235/693 696/223/685 697/229/686
f 695/236/684 701/237/690 694/230/683
f 693/225/682 699/231/688 692/226/681
f 703/238/692 709/241/698 702/242/691
f 708/245/697 700/239/689 701/237/690
f 699/231/688 706/246/695 681/247/671
f 684/248/673 712/249/701 705/234/694
f 704/235/693 710/240/699 703/238/692
f 709/241/698 701/237/690 702/242/691
f 707/243/696 699/231/688 700/239/689
f 705/234/694 711/244/700 704/235/693
f 684/254/673 719/255/708 712/249/701
f 711/244/700 717/256/706 710/240/699
f 716/77/705 708/245/697 709/241/698
f 714/257/703 706/246/695 707/243/696
f 712/249/701 718/250/707 711/244/700
f 710/240/699 716/77/705 709/241/698
f 715/251/704 707/243/696 708/245/697
f 706/246/695 713/252/702 681/253/671
f 723/258/207 715/251/704 716/77/705
f 721/265/710 713/252/702 714/257/703
f 719/255/708 725/266/713 718/250/707
f 717/256/706 723/258/207 716/77/705
f 722/259/711 714/257/703 715/251/704
f 713/252/702 720/260/709 681/261/671
f 684/262/673 726/263/714 719/255/708
f 718/250/707 724/264/712 717/256/706
f 733/268/721 725/266/713 726/263/714
f 731/272/719 723/258/207 724/264/712
f 722/259/711 728/273/716 721/265/710
f 720/260/709 727/271/715 681/274/671
f 684/267/673 733/268/721 726/263/714
f 732/269/720 724/264/712 725/266/713
f 723/258/207 729/270/717 722/259/711
f 721/265/710 727/271/715 720/260/709
f 729/270/717 735/279/723 728/273/716
f 727/271/715 734/276/722 681/280/671
f 684/281/673 740/277/728 733/268/721
f 739/282/727 731/272/719 732/269/720
f 730/121/718 736/275/724 729/270/717
f 728/273/716 734/276/722 727/271/715
f 740/277/728 732/269/720 733/268/721
f 738/278/726 730/121/718 731/272/719
f 684/289/673 747/283/735 740/277/728
f 746/290/734 738/278/726 739/282/727
f 737/285/725 743/291/731 736/275/724
f 735/279/723 741/287/729 734/276/722
f 747/283/735 739/282/727 740/277/728
f 745/284/733 737/285/725 738/278/726
f 736/275/724 742/286/730 735/279/723
f 734/276/722 741/287/729 681/288/671
f 749/305/737 741/295/729 742/293/730
f 747/300/735 753/306/741 746/301/734
f 745/303/733 751/304/739 744/162/732
f 750/292/738 742/293/730 743/294/731
f 741/295/729 748/296/736 681/297/671
f 684/298/673 754/299/742 747/300/735
f 746/301/734 752/302/740 745/303/733
f 751/304/739 743/294/731 744/162/732
f 754/299/742 760/311/748 753/306/741
f 752/302/740 758/183/746 751/304/739
f 757/312/745 749/305/737 750/292/738
f 748/296/736 755/313/743 681/314/671
f 684/307/673 761/308/749 754/299/742
f 753/306/741 759/309/747 752/302/740
f 758/183/746 750/292/738 751/304/739
f 756/310/744 748/296/736 749/305/737
f 755/313/743 762/212/750 681/315/671
f 684/316/673 766/215/754 761/308/749
f 760/311/748 764/217/752 759/309/747
f 683/207/167 757/312/745 758/183/746
f 682/210/672 755/313/743 756/310/744
f 761/308/749 765/214/753 760/311/748
f 759/309/747 683/207/167 758/183/746
f 763/209/751 756/310/744 757/312/745
f 769/207/167 773/208/760 849/209/835
f 768/210/756 771/211/758 848/212/834
f 777/213/764 851/214/837 852/215/838
f 775/216/762 769/207/167 850/217/836
f 849/209/835 772/218/759 768/210/756
f 848/212/834 771/211/758 767/219/755
f 770/220/757 777/213/764 852/215/838
f 776/221/763 850/217/836 851/214/837
f 784/222/771 776/221/763 777/213/764
f 782/223/769 774/224/761 775/216/762
f 773/208/760 779/225/766 772/218/759
f 771/211/758 778/226/765 767/227/755
f 770/228/757 784/222/771 777/213/764
f 783/229/770 775/216/762 776/221/763
f 774/224/761 780/230/767 773/208/760
f 772/218/759 778/226/765 771/211/758
f 778/226/765 785/231/772 767/232/755
f 770/233/757 791/234/778 784/222/771
f 790/235/777 782/223/769 783/229/770
f 781/236/768 787/237/774 780/230/767
f 779/225/766 785/231/772 778/226/765
f 791/234/778 783/229/770 784/222/771
f 789/238/776 781/236/768 782/223/769
f 780/230/767 786/239/773 779/225/766
f 790/235/777 796/240/783 789/238/776
f 795/241/782 787/237/774 788/242/775
f 793/243/780 785/231/772 786/239/773
f 791/234/778 797/244/784 790/235/777
f 789/238/776 795/241/782 788/242/775
f 794/245/781 786/239/773 787/237/774
f 785/231/772 792/246/779 767/247/755
f 770/248/757 798/249/785 791/234/778
f 798/249/785 804/250/791 797/244/784
f 796/240/783 802/77/789 795/241/782
f 801/251/788 793/243/780 794/245/781
f 792/246/779 799/252/786 767/253/755
f 770/254/757 805/255/792 798/249/785
f 797/244/784 803/256/790 796/240/783
f 802/77/789 794/245/781 795/241/782
f 800/257/787 792/246/779 793/243/780
f 803/256/790 809/258/207 802/77/789
f 808/259/795 800/257/787 801/251/788
f 799/252/786 806/260/793 767/261/755
f 770/262/757 812/263/798 805/255/792
f 804/250/791 810/264/796 803/256/790
f 809/258/207 801/251/788 802/77/789
f 807/265/794 799/252/786 800/257/787
f 805/255/792 811/266/797 804/250/791
f 770/267/757 819/268/805 812/263/798
f 818/269/804 810/264/796 811/266/797
f 809/258/207 815/270/801 808/259/795
f 807/265/794 813/271/799 806/260/793
f 819/268/805 811/266/797 812/263/798
f 817/272/803 809/258/207 810/264/796
f 808/259/795 814/273/800 807/265/794
f 806/260/793 813/271/799 767/274/755
f 816/121/802 822/275/808 815/270/801
f 814/273/800 820/276/806 813/271/799
f 826/277/812 818/269/804 819/268/805
f 824/278/810 816/121/802 817/272/803
f 815/270/801 821/279/807 814/273/800
f 813/271/799 820/276/806 767/280/755
f 770/281/757 826/277/812 819/268/805
f 825/282/811 817/272/803 818/269/804
f 833/283/819 825/282/811 826/277/812
f 831/284/817 823/285/809 824/278/810
f 822/275/808 828/286/814 821/279/807
f 820/276/806 827/287/813 767/288/755
f 770/289/757 833/283/819 826/277/812
f 832/290/818 824/278/810 825/282/811
f 823/285/809 829/291/815 822/275/808
f 821/279/807 827/287/813 820/276/806
f 836/292/822 828/293/814 829/294/815
f 827/295/813 834/296/820 767/297/755
f 770/298/757 840/299/826 833/300/819
f 832/301/818 838/302/824 831/303/817
f 837/304/823 829/294/815 830/162/816
f 835/305/821 827/295/813 828/293/814
f 833/300/819 839/306/825 832/301/818
f 831/303/817 837/304/823 830/162/816
f 770/307/757 847/308/833 840/299/826
f 839/306/825 845/309/831 838/302/824
f 844/183/830 836/292/822 837/304/823
f 842/310/828 834/296/820 835/305/821
f 840/299/826 846/311/832 839/306/825
f 838/302/824 844/183/830 837/304/823
f 843/312/829 835/305/821 836/292/822
f 834/296/820 841/313/827 767/314/755
f 768/210/756 841/313/827 842/310/828
f 847/308/833 851/214/837 846/311/832
f 845/309/831 769/207/167 844/183/830
f 849/209/835 842/310/828 843/312/829
f 841/313/827 848/212/834 767/315/755
f 770/316/757 852/215/838 847/308/833
f 846/311/832 850/217/836 845/309/831
f 769/207/167 843/312/829 844/183/830
f 596/210/588 600/218/591 599/211/590
f 605/213/596 604/221/595 679/214/669
f 603/216/594 602/224/593 597/207/167
f 677/209/667 601/208/592 600/218/591
f 604/221/595 603/216/594 678/217/668
f 597/207/167 602/224/593 601/208/592
f 610/223/601 609/236/600 602/224/593
f 601/208/592 608/230/599 607/225/598
f 611/229/602 610/223/601 603/216/594
f 602/224/593 609/236/600 608/230/599
f 600/218/591 607/225/598 606/226/597
f 612/222/603 611/229/602 604/221/595
f 618/235/609 617/238/608 610/223/601
f 609/236/600 616/242/607 615/237/606
f 607/225/598 614/239/605 613/231/604
f 619/234/610 618/235/609 611/229/602
f 617/238/608 616/242/607 609/236/600
f 608/230/599 615/237/606 614/239/605
f 623/241/614 622/245/613 615/237/606
f 621/243/612 620/246/611 613/231/604
f 619/234/610 626/249/617 625/244/616
f 617/238/608 624/240/615 623/241/614
f 622/245/613 621/243/612 614/239/605
f 618/235/609 625/244/616 624/240/615
f 626/249/617 633/255/624 632/250/623
f 624/240/615 631/256/622 630/77/621
f 629/251/620 628/257/619 621/243/612
f 625/244/616 632/250/623 631/256/622
f 630/77/621 629/251/620 622/245/613
f 628/257/619 627/252/618 620/246/611
f 636/259/627 635/265/626 628/257/619
f 632/250/623 639/266/629 638/264/628
f 637/258/207 636/259/627 629/251/620
f 635/265/626 634/260/625 627/252/618
f 633/255/624 640/263/630 639/266/629
f 631/256/622 638/264/628 637/258/207
f 646/269/636 645/272/635 638/264/628
f 637/258/207 644/121/634 643/270/633
f 635/265/626 642/273/632 641/271/631
f 647/268/637 646/269/636 639/266/629
f 645/272/635 644/121/634 637/258/207
f 636/259/627 643/270/633 642/273/632
f 642/273/632 649/279/639 648/276/638
f 654/277/644 653/282/643 646/269/636
f 652/278/642 651/285/641 644/121/634
f 643/270/633 650/275/640 649/279/639
f 653/282/643 652/278/642 645/272/635
f 644/121/634 651/285/641 650/275/640
f 661/283/651 660/290/650 653/282/643
f 659/284/649 658/317/648 651/285/641
f 650/275/640 657/291/647 656/286/646
f 660/290/650 659/284/649 652/278/642
f 651/285/641 658/317/648 657/291/647
f 649/279/639 656/286/646 655/287/645
f 660/301/650 667/306/657 666/302/656
f 665/304/655 664/292/654 657/294/647
f 663/305/653 662/296/652 655/295/645
f 661/300/651 668/299/658 667/306/657
f 659/303/649 666/302/656 665/304/655
f 664/292/654 663/305/653 656/293/646
f 667/306/657 674/311/664 673/309/663
f 672/183/662 671/312/661 664/292/654
f 670/310/660 669/313/659 662/296/652
f 668/299/658 675/308/665 674/311/664
f 666/302/656 673/309/663 672/183/662
f 671/312/661 670/310/660 663/305/653
f 675/308/665 680/215/670 679/214/669
f 673/309/663 678/217/668 597/207/167
f 677/209/667 596/210/588 670/310/660
f 674/311/664 679/214/669 678/217/668
f 597/207/167 677/209/667 671/312/661
f 596/210/588 676/212/666 669/313/659
f 763/209/751 687/208/676 686/218/675
f 690/221/679 689/216/678 764/217/752
f 683/207/167 688/224/677 687/208/676
f 682/210/672 686/218/675 685/211/674
f 691/213/680 690/221/679 765/214/753
f 689/216/678 688/224/677 683/207/167
f 697/229/686 696/223/685 689/216/678
f 688/224/677 695/236/684 694/230/683
f 686/218/675 693/225/682 692/226/681
f 698/222/687 697/229/686 690/221/679
f 696/223/685 695/236/684 688/224/677
f 687/208/676 694/230/683 693/225/682
f 705/234/694 704/235/693 697/229/686
f 703/238/692 702/242/691 695/236/684
f 694/230/683 701/237/690 700/239/689
f 704/235/693 703/238/692 696/223/685
f 695/236/684 702/242/691 701/237/690
f 693/225/682 700/239/689 699/231/688
f 703/238/692 710/240/699 709/241/698
f 708/245/697 707/243/696 700/239/689
f 704/235/693 711/244/700 710/240/699
f 709/241/698 708/245/697 701/237/690
f 707/243/696 706/246/695 699/231/688
f 705/234/694 712/249/701 711/244/700
f 711/244/700 718/250/707 717/256/706
f 716/77/705 715/251/704 708/245/697
f 714/257/703 713/252/702 706/246/695
f 712/249/701 719/255/708 718/250/707
f 710/240/699 717/256/706 716/77/705
f 715/251/704 714/257/703 707/243/696
f 723/258/207 722/259/711 715/251/704
f 721/265/710 720/260/709 713/252/702
f 719/255/708 726/263/714 725/266/713
f 717/256/706 724/264/712 723/258/207
f 722/259/711 721/265/710 714/257/703
f 718/250/707 725/266/713 724/264/712
f 733/268/721 732/269/720 725/266/713
f 731/272/719 730/121/718 723/258/207
f 722/259/711 729/270/717 728/273/716
f 732/269/720 731/272/719 724/264/712
f 723/258/207 730/121/718 729/270/717
f 721/265/710 728/273/716 727/271/715
f 729/270/717 736/275/724 735/279/723
f 739/282/727 738/278/726 731/272/719
f 730/121/718 737/285/725 736/275/724
f 728/273/716 735/279/723 734/276/722
f 740/277/728 739/282/727 732/269/720
f 738/278/726 737/285/725 730/121/718
f 746/290/734 745/284/733 738/278/726
f 737/285/725 744/317/732 743/291/731
f 735/279/723 742/286/730 741/287/729
f 747/283/735 746/290/734 739/282/727
f 745/284/733 744/317/732 737/285/725
f 736/275/724 743/291/731 742/286/730
f 749/305/737 748/296/736 741/295/729
f 747/300/735 754/299/742 753/306/741
f 745/303/733 752/302/740 751/304/739
f 750/292/738 749/305/737 742/293/730
f 746/301/734 753/306/741 752/302/740
f 751/304/739 750/292/738 743/294/731
f 754/299/742 761/308/749 760/311/748
f 752/302/740 759/309/747 758/183/746
f 757/312/745 756/310/744 749/305/737
f 753/306/741 760/311/748 759/309/747
f 758/183/746 757/312/745 750/292/738
f 756/310/744 755/313/743 748/296/736
f 760/311/748 765/214/753 764/217/752
f 683/207/167 763/209/751 757/312/745
f 682/210/672 762/212/750 755/313/743
f 761/308/749 766/215/754 765/214/753
f 759/309/747 764/217/752 683/207/167
f 763/209/751 682/210/672 756/310/744
f 769/207/167 774/224/761 773/208/760
f 768/210/756 772/218/759 771/211/758
f 777/213/764 776/221/763 851/214/837
f 775/216/762 774/224/761 769/207/167
f 849/209/835 773/208/760 772/218/759
f 776/221/763 775/216/762 850/217/836
f 784/222/771 783/229/770 776/221/763
f 782/223/769 781/236/768 774/224/761
f 773/208/760 780/230/767 779/225/766
f 783/229/770 782/223/769 775/216/762
f 774/224/761 781/236/768 780/230/767
f 772/218/759 779/225/766 778/226/765
f 790/235/777 789/238/776 782/223/769
f 781/236/768 788/242/775 787/237/774
f 779/225/766 786/239/773 785/231/772
f 791/234/778 790/235/777 783/229/770
f 789/238/776 788/242/775 781/236/768
f 780/230/767 787/237/774 786/239/773
f 790/235/777 797/244/784 796/240/783
f 795/241/782 794/245/781 787/237/774
f 793/243/780 792/246/779 785/231/772
f 791/234/778 798/249/785 797/244/784
f 789/238/776 796/240/783 795/241/782
f 794/245/781 793/243/780 786/239/773
f 798/249/785 805/255/792 804/250/791
f 796/240/783 803/256/790 802/77/789
f 801/251/788 800/257/787 793/243/780
f 797/244/784 804/250/791 803/256/790
f 802/77/789 801/251/788 794/245/781
f 800/257/787 799/252/786 792/246/779
f 803/256/790 810/264/796 809/258/207
f 808/259/795 807/265/794 800/257/787
f 804/250/791 811/266/797 810/264/796
f 809/258/207 808/259/795 801/251/788
f 807/265/794 806/260/793 799/252/786
f 805/255/792 812/263/798 811/266/797
f 818/269/804 817/272/803 810/264/796
f 809/258/207 816/121/802 815/270/801
f 807/265/794 814/273/800 813/271/799
f 819/268/805 818/269/804 811/266/797
f 817/272/803 816/121/802 809/258/207
f 808/259/795 815/270/801 814/273/800
f 816/121/802 823/285/809 822/275/808
f 814/273/800 821/279/807 820/276/806
f 826/277/812 825/282/811 818/269/804
f 824/278/810 823/285/809 816/121/802
f 815/270/801 822/275/808 821/279/807
f 825/282/811 824/278/810 817/272/803
f 833/283/819 832/290/818 825/282/811
f 831/284/817 830/317/816 823/285/809
f 822/275/808 829/291/815 828/286/814
f 832/290/818 831/284/817 824/278/810
f 823/285/809 830/317/816 829/291/815
f 821/279/807 828/286/814 827/287/813
f 836/292/822 835/305/821 828/293/814
f 832/301/818 839/306/825 838/302/824
f 837/304/823 836/292/822 829/294/815
f 835/305/821 834/296/820 827/295/813
f 833/300/819 840/299/826 839/306/825
f 831/303/817 838/302/824 837/304/823
f 839/306/825 846/311/832 845/309/831
f 844/183/830 843/312/829 836/292/822
f 842/310/828 841/313/827 834/296/820
f 840/299/826 847/308/833 846/311/832
f 838/302/824 845/309/831 844/183/830
f 843/312/829 842/310/828 835/305/821
f 768/210/756 848/212/834 841/313/827
f 847/308/833 852/215/838 851/214/837
f 845/309/831 850/217/836 769/207/167
f 849/209/835 768/210/756 842/310/828
f 846/311/832 851/214/837 850/217/836
f 769/207/167 849/209/835 843/312/829
usemtl Golden
f 861/216/846 855/207/167 936/217/920
f 935/209/919 858/218/843 854/210/840
f 934/212/918 857/211/842 853/219/839
f 856/220/841 863/213/848 938/215/922
f 862/221/847 936/217/920 937/214/921
f 855/207/167 859/208/844 935/209/919
f 854/210/840 857/211/842 934/212/918
f 863/213/848 937/214/921 938/215/922
f 856/228/841 870/222/855 863/213/848
f 869/229/854 861/216/846 862/221/847
f 860/224/845 866/230/851 859/208/844
f 858/218/843 864/226/849 857/211/842
f 870/222/855 862/221/847 863/213/848
f 868/223/853 860/224/845 861/216/846
f 859/208/844 865/225/850 858/218/843
f 857/211/842 864/226/849 853/227/839
f 865/225/850 871/231/856 864/226/849
f 877/234/862 869/229/854 870/222/855
f 875/238/860 867/236/852 868/223/853
f 866/230/851 872/239/857 865/225/850
f 864/226/849 871/231/856 853/232/839
f 856/233/841 877/234/862 870/222/855
f 876/235/861 868/223/853 869/229/854
f 867/236/852 873/237/858 866/230/851
f 877/234/862 883/244/868 876/235/861
f 875/238/860 881/241/866 874/242/859
f 880/245/865 872/239/857 873/237/858
f 871/231/856 878/246/863 853/247/839
f 856/248/841 884/249/869 877/234/862
f 876/235/861 882/240/867 875/238/860
f 881/241/866 873/237/858 874/242/859
f 879/243/864 871/231/856 872/239/857
f 878/246/863 885/252/870 853/253/839
f 856/254/841 891/255/876 884/249/869
f 883/244/868 889/256/874 882/240/867
f 888/77/873 880/245/865 881/241/866
f 886/257/871 878/246/863 879/243/864
f 884/249/869 890/250/875 883/244/868
f 882/240/867 888/77/873 881/241/866
f 887/251/872 879/243/864 880/245/865
f 890/250/875 896/264/880 889/256/874
f 895/258/207 887/251/872 888/77/873
f 893/265/878 885/252/870 886/257/871
f 891/255/876 897/266/881 890/250/875
f 889/256/874 895/258/207 888/77/873
f 894/259/879 886/257/871 887/251/872
f 885/252/870 892/260/877 853/261/839
f 856/262/841 898/263/882 891/255/876
f 905/268/889 897/266/881 898/263/882
f 903/272/887 895/258/207 896/264/880
f 894/259/879 900/273/884 893/265/878
f 892/260/877 899/271/883 853/274/839
f 856/267/841 905/268/889 898/263/882
f 904/269/888 896/264/880 897/266/881
f 895/258/207 901/270/885 894/259/879
f 893/265/878 899/271/883 892/260/877
f 910/278/894 902/121/886 903/272/887
f 901/270/885 907/279/891 900/273/884
f 899/271/883 906/276/890 853/280/839
f 856/281/841 912/277/896 905/268/889
f 911/282/895 903/272/887 904/269/888
f 902/121/886 908/275/892 901/270/885
f 900/273/884 906/276/890 899/271/883
f 912/277/896 904/269/888 905/268/889
f 856/289/841 919/283/903 912/277/896
f 918/290/902 910/278/894 911/282/895
f 909/285/893 915/291/899 908/275/892
f 907/279/891 913/287/897 906/276/890
f 919/283/903 911/282/895 912/277/896
f 917/284/901 909/285/893 910/278/894
f 908/275/892 914/286/898 907/279/891
f 906/276/890 913/287/897 853/288/839
f 923/304/907 915/294/899 916/162/900
f 921/305/905 913/295/897 914/293/898
f 919/300/903 925/306/909 918/301/902
f 917/303/901 923/304/907 916/162/900
f 922/292/906 914/293/898 915/294/899
f 913/295/897 920/296/904 853/297/839
f 856/298/841 926/299/910 919/300/903
f 918/301/902 924/302/908 917/303/901
f 926/299/910 932/311/916 925/306/909
f 924/302/908 930/183/914 923/304/907
f 929/312/913 921/305/905 922/292/906
f 920/296/904 927/313/911 853/314/839
f 856/307/841 933/308/917 926/299/910
f 925/306/909 931/309/915 924/302/908
f 930/183/914 922/292/906 923/304/907
f 928/310/912 920/296/904 921/305/905
f 935/209/919 928/310/912 929/312/913
f 927/313/911 934/212/918 853/315/839
f 856/316/841 938/215/922 933/308/917
f 932/311/916 936/217/920 931/309/915
f 855/207/167 929/312/913 930/183/914
f 854/210/840 927/313/911 928/310/912
f 933/308/917 937/214/921 932/311/916
f 931/309/915 855/207/167 930/183/914
f 948/221/847 1022/217/920 1023/214/921
f 941/207/167 945/208/844 1021/209/919
f 940/210/840 943/211/842 1020/212/918
f 949/213/848 1023/214/921 1024/215/922
f 947/216/846 941/207/167 1022/217/920
f 1021/209/919 944/218/843 940/210/840
f 1020/212/918 943/211/842 939/219/839
f 942/220/841 949/213/848 1024/215/922
f 956/222/855 948/221/847 949/213/848
f 954/223/853 946/224/845 947/216/846
f 945/208/844 951/225/850 944/218/843
f 943/211/842 950/226/849 939/227/839
f 942/228/841 956/222/855 949/213/848
f 955/229/854 947/216/846 948/221/847
f 946/224/845 952/230/851 945/208/844
f 944/218/843 950/226/849 943/211/842
f 952/230/851 958/239/857 951/225/850
f 950/226/849 957/231/856 939/232/839
f 942/233/841 963/234/862 956/222/855
f 962/235/861 954/223/853 955/229/854
f 953/236/852 959/237/858 952/230/851
f 951/225/850 957/231/856 950/226/849
f 963/234/862 955/229/854 956/222/855
f 961/238/860 953/236/852 954/223/853
f 942/248/841 970/249/869 963/234/862
f 962/235/861 968/240/867 961/238/860
f 967/241/866 959/237/858 960/242/859
f 965/243/864 957/231/856 958/239/857
f 963/234/862 969/244/868 962/235/861
f 961/238/860 967/241/866 960/242/859
f 966/245/865 958/239/857 959/237/858
f 957/231/856 964/246/863 939/247/839
f 972/257/871 964/246/863 965/243/864
f 970/249/869 976/250/875 969/244/868
f 968/240/867 974/77/873 967/241/866
f 973/251/872 965/243/864 966/245/865
f 964/246/863 971/252/870 939/253/839
f 942/254/841 977/255/876 970/249/869
f 969/244/868 975/256/874 968/240/867
f 974/77/873 966/245/865 967/241/866
f 977/255/876 983/266/881 976/250/875
f 975/256/874 981/258/207 974/77/873
f 980/259/879 972/257/871 973/251/872
f 971/252/870 978/260/877 939/261/839
f 942/262/841 984/263/882 977/255/876
f 976/250/875 982/264/880 975/256/874
f 981/258/207 973/251/872 974/77/873
f 979/265/878 971/252/870 972/257/871
f 978/260/877 985/271/883 939/274/839
f 942/267/841 991/268/889 984/263/882
f 990/269/888 982/264/880 983/266/881
f 981/258/207 987/270/885 980/259/879
f 979/265/878 985/271/883 978/260/877
f 991/268/889 983/266/881 984/263/882
f 989/272/887 981/258/207 982/264/880
f 980/259/879 986/273/884 979/265/878
f 997/282/895 989/272/887 990/269/888
f 988/121/886 994/275/892 987/270/885
f 986/273/884 992/276/890 985/271/883
f 998/277/896 990/269/888 991/268/889
f 996/278/894 988/121/886 989/272/887
f 987/270/885 993/279/891 986/273/884
f 985/271/883 992/276/890 939/280/839
f 942/281/841 998/277/896 991/268/889
f 1005/283/903 997/282/895 998/277/896
f 1003/284/901 995/285/893 996/278/894
f 994/275/892 1000/286/898 993/279/891
f 992/276/890 999/287/897 939/288/839
f 942/289/841 1005/283/903 998/277/896
f 1004/290/902 996/278/894 997/282/895
f 995/285/893 1001/291/899 994/275/892
f 993/279/891 999/287/897 992/276/890
f 1003/303/901 1009/304/907 1002/162/900
f 1008/292/906 1000/293/898 1001/294/899
f 999/295/897 1006/296/904 939/297/839
f 942/298/841 1012/299/910 1005/300/903
f 1004/301/902 1010/302/908 1003/303/901
f 1009/304/907 1001/294/899 1002/162/900
f 1007/305/905 999/295/897 1000/293/898
f 1005/300/903 1011/306/909 1004/301/902
f 942/307/841 1019/308/917 1012/299/910
f 1011/306/909 1017/309/915 1010/302/908
f 1016/183/914 1008/292/906 1009/304/907
f 1014/310/912 1006/296/904 1007/305/905
f 1012/299/910 1018/311/916 1011/306/909
f 1010/302/908 1016/183/914 1009/304/907
f 1015/312/913 1007/305/905 1008/292/906
f 1006/296/904 1013/313/911 939/314/839
f 941/207/167 1015/312/913 1016/183/914
f 940/210/840 1013/313/911 1014/310/912
f 1019/308/917 1023/214/921 1018/311/916
f 1017/309/915 941/207/167 1016/183/914
f 1021/209/919 1014/310/912 1015/312/913
f 1013/313/911 1020/212/918 939/315/839
f 942/316/841 1024/215/922 1019/308/917
f 1018/311/916 1022/217/920 1017/309/915
f 1035/213/848 1109/214/921 1110/215/922
f 1033/216/846 1027/207/167 1108/217/920
f 1107/209/919 1030/218/843 1026/210/840
f 1106/212/918 1029/211/842 1025/219/839
f 1028/220/841 1035/213/848 1110/215/922
f 1034/221/847 1108/217/920 1109/214/921
f 1027/207/167 1031/208/844 1107/209/919
f 1026/210/840 1029/211/842 1106/212/918
f 1028/228/841 1042/222/855 1035/213/848
f 1041/229/854 1033/216/846 1034/221/847
f 1032/224/845 1038/230/851 1031/208/844
f 1030/218/843 1036/226/849 1029/211/842
f 1042/222/855 1034/221/847 1035/213/848
f 1040/223/853 1032/224/845 1033/216/846
f 1031/208/844 1037/225/850 1030/218/843
f 1029/211/842 1036/226/849 1025/227/839
f 1039/236/852 1045/237/858 1038/230/851
f 1037/225/850 1043/231/856 1036/226/849
f 1049/234/862 1041/229/854 1042/222/855
f 1047/238/860 1039/236/852 1040/223/853
f 1038/230/851 1044/239/857 1037/225/850
f 1036/226/849 1043/231/856 1025/232/839
f 1028/233/841 1049/234/862 1042/222/855
f 1048/235/861 1040/223/853 1041/229/854
f 1049/234/862 1055/244/868 1048/235/861
f 1047/238/860 1053/241/866 1046/242/859
f 1052/245/865 1044/239/857 1045/237/858
f 1043/231/856 1050/246/863 1025/247/839
f 1028/248/841 1056/249/869 1049/234/862
f 1048/235/861 1054/240/867 1047/238/860
f 1053/241/866 1045/237/858 1046/242/859
f 1051/243/864 1043/231/856 1044/239/857
f 1059/251/872 1051/243/864 1052/245/865
f 1050/246/863 1057/252/870 1025/253/839
f 1028/254/841 1063/255/876 1056/249/869
f 1055/244/868 1061/256/874 1054/240/867
f 1060/77/873 1052/245/865 1053/241/866
f 1058/257/871 1050/246/863 1051/243/864
f 1056/249/869 1062/250/875 1055/244/868
f 1054/240/867 1060/77/873 1053/241/866
f 1028/262/841 1070/263/882 1063/255/876
f 1062/250/875 1068/264/880 1061/256/874
f 1067/258/207 1059/251/872 1060/77/873
f 1065/265/878 1057/252/870 1058/257/871
f 1063/255/876 1069/266/881 1062/250/875
f 1061/256/874 1067/258/207 1060/77/873
f 1066/259/879 1058/257/871 1059/251/872
f 1057/252/870 1064/260/877 1025/261/839
f 1065/265/878 1071/271/883 1064/260/877
f 1077/268/889 1069/266/881 1070/263/882
f 1075/272/887 1067/258/207 1068/264/880
f 1066/259/879 1072/273/884 1065/265/878
f 1064/260/877 1071/271/883 1025/274/839
f 1028/267/841 1077/268/889 1070/263/882
f 1076/269/888 1068/264/880 1069/266/881
f 1067/258/207 1073/270/885 1066/259/879
f 1084/277/896 1076/269/888 1077/268/889
f 1082/278/894 1074/121/886 1075/272/887
f 1073/270/885 1079/279/891 1072/273/884
f 1071/271/883 1078/276/890 1025/280/839
f 1028/281/841 1084/277/896 1077/268/889
f 1083/282/895 1075/272/887 1076/269/888
f 1074/121/886 1080/275/892 1073/270/885
f 1072/273/884 1078/276/890 1071/271/883
f 1078/276/890 1085/287/897 1025/288/839
f 1028/289/841 1091/283/903 1084/277/896
f 1090/290/902 1082/278/894 1083/282/895
f 1081/285/893 1087/291/899 1080/275/892
f 1079/279/891 1085/287/897 1078/276/890
f 1091/283/903 1083/282/895 1084/277/896
f 1089/284/901 1081/285/893 1082/278/894
f 1080/275/892 1086/286/898 1079/279/891
f 1090/301/902 1096/302/908 1089/303/901
f 1095/304/907 1087/294/899 1088/162/900
f 1093/305/905 1085/295/897 1086/293/898
f 1091/300/903 1097/306/909 1090/301/902
f 1089/303/901 1095/304/907 1088/162/900
f 1094/292/906 1086/293/898 1087/294/899
f 1085/295/897 1092/296/904 1025/297/839
f 1028/298/841 1098/299/910 1091/300/903
f 1098/299/910 1104/311/916 1097/306/909
f 1096/302/908 1102/183/914 1095/304/907
f 1101/312/913 1093/305/905 1094/292/906
f 1092/296/904 1099/313/911 1025/314/839
f 1028/307/841 1105/308/917 1098/299/910
f 1097/306/909 1103/309/915 1096/302/908
f 1102/183/914 1094/292/906 1095/304/907
f 1100/310/912 1092/296/904 1093/305/905
f 1103/309/915 1027/207/167 1102/183/914
f 1107/209/919 1100/310/912 1101/312/913
f 1099/313/911 1106/212/918 1025/315/839
f 1028/316/841 1110/215/922 1105/308/917
f 1104/311/916 1108/217/920 1103/309/915
f 1027/207/167 1101/312/913 1102/183/914
f 1026/210/840 1099/313/911 1100/310/912
f 1105/308/917 1109/214/921 1104/311/916
f 1114/220/841 1121/213/848 1196/215/922
f 1120/221/847 1194/217/920 1195/214/921
f 1113/207/167 1117/208/844 1193/209/919
f 1112/210/840 1115/211/842 1192/212/918
f 1121/213/848 1195/214/921 1196/215/922
f 1119/216/846 1113/207/167 1194/217/920
f 1193/209/919 1116/218/843 1112/210/840
f 1192/212/918 1115/211/842 1111/219/839
f 1128/222/855 1120/221/847 1121/213/848
f 1126/223/853 1118/224/845 1119/216/846
f 1117/208/844 1123/225/850 1116/218/843
f 1115/211/842 1122/226/849 1111/227/839
f 1114/228/841 1128/222/855 1121/213/848
f 1127/229/854 1119/216/846 1120/221/847
f 1118/224/845 1124/230/851 1117/208/844
f 1116/218/843 1122/226/849 1115/211/842
f 1133/238/860 1125/236/852 1126/223/853
f 1124/230/851 1130/239/857 1123/225/850
f 1122/226/849 1129/231/856 1111/232/839
f 1114/233/841 1135/234/862 1128/222/855
f 1134/235/861 1126/223/853 1127/229/854
f 1125/236/852 1131/237/858 1124/230/851
f 1123/225/850 1129/231/856 1122/226/849
f 1135/234/862 1127/229/854 1128/222/855
f 1114/248/841 1142/249/869 1135/234/862
f 1134/235/861 1140/240/867 1133/238/860
f 1139/241/866 1131/237/858 1132/242/859
f 1137/243/864 1129/231/856 1130/239/857
f 1135/234/862 1141/244/868 1134/235/861
f 1133/238/860 1139/241/866 1132/242/859
f 1138/245/865 1130/239/857 1131/237/858
f 1129/231/856 1136/246/863 1111/247/839
f 1146/77/873 1138/245/865 1139/241/866
f 1144/257/871 1136/246/863 1137/243/864
f 1142/249/869 1148/250/875 1141/244/868
f 1140/240/867 1146/77/873 1139/241/866
f 1145/251/872 1137/243/864 1138/245/865
f 1136/246/863 1143/252/870 1111/253/839
f 1114/254/841 1149/255/876 1142/249/869
f 1141/244/868 1147/256/874 1140/240/867
f 1149/255/876 1155/266/881 1148/250/875
f 1147/256/874 1153/258/207 1146/77/873
f 1152/259/879 1144/257/871 1145/251/872
f 1143/252/870 1150/260/877 1111/261/839
f 1114/262/841 1156/263/882 1149/255/876
f 1148/250/875 1154/264/880 1147/256/874
f 1153/258/207 1145/251/872 1146/77/873
f 1151/265/878 1143/252/870 1144/257/871
f 1152/259/879 1158/273/884 1151/265/878
f 1150/260/877 1157/271/883 1111/274/839
f 1114/267/841 1163/268/889 1156/263/882
f 1162/269/888 1154/264/880 1155/266/881
f 1153/258/207 1159/270/885 1152/259/879
f 1151/265/878 1157/271/883 1150/260/877
f 1163/268/889 1155/266/881 1156/263/882
f 1161/272/887 1153/258/207 1154/264/880
f 1114/281/841 1170/277/896 1163/268/889
f 1169/282/895 1161/272/887 1162/269/888
f 1160/121/886 1166/275/892 1159/270/885
f 1158/273/884 1164/276/890 1157/271/883
f 1170/277/896 1162/269/888 1163/268/889
f 1168/278/894 1160/121/886 1161/272/887
f 1159/270/885 1165/279/891 1158/273/884
f 1157/271/883 1164/276/890 1111/280/839
f 1165/279/891 1171/287/897 1164/276/890
f 1177/283/903 1169/282/895 1170/277/896
f 1175/284/901 1167/285/893 1168/278/894
f 1166/275/892 1172/286/898 1165/279/891
f 1164/276/890 1171/287/897 1111/288/839
f 1114/289/841 1177/283/903 1170/277/896
f 1176/290/902 1168/278/894 1169/282/895
f 1167/285/893 1173/291/899 1166/275/892
f 1177/300/903 1183/306/909 1176/301/902
f 1175/303/901 1181/304/907 1174/162/900
f 1180/292/906 1172/293/898 1173/294/899
f 1171/295/897 1178/296/904 1111/297/839
f 1114/298/841 1184/299/910 1177/300/903
f 1176/301/902 1182/302/908 1175/303/901
f 1181/304/907 1173/294/899 1174/162/900
f 1179/305/905 1171/295/897 1172/293/898
f 1178/296/904 1185/313/911 1111/314/839
f 1114/307/841 1191/308/917 1184/299/910
f 1183/306/909 1189/309/915 1182/302/908
f 1188/183/914 1180/292/906 1181/304/907
f 1186/310/912 1178/296/904 1179/305/905
f 1184/299/910 1190/311/916 1183/306/909
f 1182/302/908 1188/183/914 1181/304/907
f 1187/312/913 1179/305/905 1180/292/906
f 1190/311/916 1194/217/920 1189/309/915
f 1113/207/167 1187/312/913 1188/183/914
f 1112/210/840 1185/313/911 1186/310/912
f 1191/308/917 1195/214/921 1190/311/916
f 1189/309/915 1113/207/167 1188/183/914
f 1193/209/919 1186/310/912 1187/312/913
f 1185/313/911 1192/212/918 1111/315/839
f 1114/316/841 1196/215/922 1191/308/917
f 861/216/846 860/224/845 855/207/167
f 935/209/919 859/208/844 858/218/843
f 862/221/847 861/216/846 936/217/920
f 855/207/167 860/224/845 859/208/844
f 854/210/840 858/218/843 857/211/842
f 863/213/848 862/221/847 937/214/921
f 869/229/854 868/223/853 861/216/846
f 860/224/845 867/236/852 866/230/851
f 858/218/843 865/225/850 864/226/849
f 870/222/855 869/229/854 862/221/847
f 868/223/853 867/236/852 860/224/845
f 859/208/844 866/230/851 865/225/850
f 865/225/850 872/239/857 871/231/856
f 877/234/862 876/235/861 869/229/854
f 875/238/860 874/242/859 867/236/852
f 866/230/851 873/237/858 872/239/857
f 876/235/861 875/238/860 868/223/853
f 867/236/852 874/242/859 873/237/858
f 877/234/862 884/249/869 883/244/868
f 875/238/860 882/240/867 881/241/866
f 880/245/865 879/243/864 872/239/857
f 876/235/861 883/244/868 882/240/867
f 881/241/866 880/245/865 873/237/858
f 879/243/864 878/246/863 871/231/856
f 883/244/868 890/250/875 889/256/874
f 888/77/873 887/251/872 880/245/865
f 886/257/871 885/252/870 878/246/863
f 884/249/869 891/255/876 890/250/875
f 882/240/867 889/256/874 888/77/873
f 887/251/872 886/257/871 879/243/864
f 890/250/875 897/266/881 896/264/880
f 895/258/207 894/259/879 887/251/872
f 893/265/878 892/260/877 885/252/870
f 891/255/876 898/263/882 897/266/881
f 889/256/874 896/264/880 895/258/207
f 894/259/879 893/265/878 886/257/871
f 905/268/889 904/269/888 897/266/881
f 903/272/887 902/121/886 895/258/207
f 894/259/879 901/270/885 900/273/884
f 904/269/888 903/272/887 896/264/880
f 895/258/207 902/121/886 901/270/885
f 893/265/878 900/273/884 899/271/883
f 910/278/894 909/285/893 902/121/886
f 901/270/885 908/275/892 907/279/891
f 911/282/895 910/278/894 903/272/887
f 902/121/886 909/285/893 908/275/892
f 900/273/884 907/279/891 906/276/890
f 912/277/896 911/282/895 904/269/888
f 918/290/902 917/284/901 910/278/894
f 909/285/893 916/317/900 915/291/899
f 907/279/891 914/286/898 913/287/897
f 919/283/903 918/290/902 911/282/895
f 917/284/901 916/317/900 909/285/893
f 908/275/892 915/291/899 914/286/898
f 923/304/907 922/292/906 915/294/899
f 921/305/905 920/296/904 913/295/897
f 919/300/903 926/299/910 925/306/909
f 917/303/901 924/302/908 923/304/907
f 922/292/906 921/305/905 914/293/898
f 918/301/902 925/306/909 924/302/908
f 926/299/910 933/308/917 932/311/916
f 924/302/908 931/309/915 930/183/914
f 929/312/913 928/310/912 921/305/905
f 925/306/909 932/311/916 931/309/915
f 930/183/914 929/312/913 922/292/906
f 928/310/912 927/313/911 920/296/904
f 935/209/919 854/210/840 928/310/912
f 932/311/916 937/214/921 936/217/920
f 855/207/167 935/209/919 929/312/913
f 854/210/840 934/212/918 927/313/911
f 933/308/917 938/215/922 937/214/921
f 931/309/915 936/217/920 855/207/167
f 948/221/847 947/216/846 1022/217/920
f 941/207/167 946/224/845 945/208/844
f 940/210/840 944/218/843 943/211/842
f 949/213/848 948/221/847 1023/214/921
f 947/216/846 946/224/845 941/207/167
f 1021/209/919 945/208/844 944/218/843
f 956/222/855 955/229/854 948/221/847
f 954/223/853 953/236/852 946/224/845
f 945/208/844 952/230/851 951/225/850
f 955/229/854 954/223/853 947/216/846
f 946/224/845 953/236/852 952/230/851
f 944/218/843 951/225/850 950/226/849
f 952/230/851 959/237/858 958/239/857
f 962/235/861 961/238/860 954/223/853
f 953/236/852 960/242/859 959/237/858
f 951/225/850 958/239/857 957/231/856
f 963/234/862 962/235/861 955/229/854
f 961/238/860 960/242/859 953/236/852
f 962/235/861 969/244/868 968/240/867
f 967/241/866 966/245/865 959/237/858
f 965/243/864 964/246/863 957/231/856
f 963/234/862 970/249/869 969/244/868
f 961/238/860 968/240/867 967/241/866
f 966/245/865 965/243/864 958/239/857
f 972/257/871 971/252/870 964/246/863
f 970/249/869 977/255/876 976/250/875
f 968/240/867 975/256/874 974/77/873
f 973/251/872 972/257/871 965/243/864
f 969/244/868 976/250/875 975/256/874
f 974/77/873 973/251/872 966/245/865
f 977/255/876 984/263/882 983/266/881
f 975/256/874 982/264/880 981/258/207
f 980/259/879 979/265/878 972/257/871
f 976/250/875 983/266/881 982/264/880
f 981/258/207 980/259/879 973/251/872
f 979/265/878 978/260/877 971/252/870
f 990/269/888 989/272/887 982/264/880
f 981/258/207 988/121/886 987/270/885
f 979/265/878 986/273/884 985/271/883
f 991/268/889 990/269/888 983/266/881
f 989/272/887 988/121/886 981/258/207
f 980/259/879 987/270/885 986/273/884
f 997/282/895 996/278/894 989/272/887
f 988/121/886 995/285/893 994/275/892
f 986/273/884 993/279/891 992/276/890
f 998/277/896 997/282/895 990/269/888
f 996/278/894 995/285/893 988/121/886
f 987/270/885 994/275/892 993/279/891
f 1005/283/903 1004/290/902 997/282/895
f 1003/284/901 1002/317/900 995/285/893
f 994/275/892 1001/291/899 1000/286/898
f 1004/290/902 1003/284/901 996/278/894
f 995/285/893 1002/317/900 1001/291/899
f 993/279/891 1000/286/898 999/287/897
f 1003/303/901 1010/302/908 1009/304/907
f 1008/292/906 1007/305/905 1000/293/898
f 1004/301/902 1011/306/909 1010/302/908
f 1009/304/907 1008/292/906 1001/294/899
f 1007/305/905 1006/296/904 999/295/897
f 1005/300/903 1012/299/910 1011/306/909
f 1011/306/909 1018/311/916 1017/309/915
f 1016/183/914 1015/312/913 1008/292/906
f 1014/310/912 1013/313/911 1006/296/904
f 1012/299/910 1019/308/917 1018/311/916
f 1010/302/908 1017/309/915 1016/183/914
f 1015/312/913 1014/310/912 1007/305/905
f 941/207/167 1021/209/919 1015/312/913
f 940/210/840 1020/212/918 1013/313/911
f 1019/308/917 1024/215/922 1023/214/921
f 1017/309/915 1022/217/920 941/207/167
f 1021/209/919 940/210/840 1014/310/912
f 1018/311/916 1023/214/921 1022/217/920
f 1035/213/848 1034/221/847 1109/214/921
f 1033/216/846 1032/224/845 1027/207/167
f 1107/209/919 1031/208/844 1030/218/843
f 1034/221/847 1033/216/846 1108/217/920
f 1027/207/167 1032/224/845 1031/208/844
f 1026/210/840 1030/218/843 1029/211/842
f 1041/229/854 1040/223/853 1033/216/846
f 1032/224/845 1039/236/852 1038/230/851
f 1030/218/843 1037/225/850 1036/226/849
f 1042/222/855 1041/229/854 1034/221/847
f 1040/223/853 1039/236/852 1032/224/845
f 1031/208/844 1038/230/851 1037/225/850
f 1039/236/852 1046/242/859 1045/237/858
f 1037/225/850 1044/239/857 1043/231/856
f 1049/234/862 1048/235/861 1041/229/854
f 1047/238/860 1046/242/859 1039/236/852
f 1038/230/851 1045/237/858 1044/239/857
f 1048/235/861 1047/238/860 1040/223/853
f 1049/234/862 1056/249/869 1055/244/868
f 1047/238/860 1054/240/867 1053/241/866
f 1052/245/865 1051/243/864 1044/239/857
f 1048/235/861 1055/244/868 1054/240/867
f 1053/241/866 1052/245/865 1045/237/858
f 1051/243/864 1050/246/863 1043/231/856
f 1059/251/872 1058/257/871 1051/243/864
f 1055/244/868 1062/250/875 1061/256/874
f 1060/77/873 1059/251/872 1052/245/865
f 1058/257/871 1057/252/870 1050/246/863
f 1056/249/869 1063/255/876 1062/250/875
f 1054/240/867 1061/256/874 1060/77/873
f 1062/250/875 1069/266/881 1068/264/880
f 1067/258/207 1066/259/879 1059/251/872
f 1065/265/878 1064/260/877 1057/252/870
f 1063/255/876 1070/263/882 1069/266/881
f 1061/256/874 1068/264/880 1067/258/207
f 1066/259/879 1065/265/878 1058/257/871
f 1065/265/878 1072/273/884 1071/271/883
f 1077/268/889 1076/269/888 1069/266/881
f 1075/272/887 1074/121/886 1067/258/207
f 1066/259/879 1073/270/885 1072/273/884
f 1076/269/888 1075/272/887 1068/264/880
f 1067/258/207 1074/121/886 1073/270/885
f 1084/277/896 1083/282/895 1076/269/888
f 1082/278/894 1081/285/893 1074/121/886
f 1073/270/885 1080/275/892 1079/279/891
f 1083/282/895 1082/278/894 1075/272/887
f 1074/121/886 1081/285/893 1080/275/892
f 1072/273/884 1079/279/891 1078/276/890
f 1090/290/902 1089/284/901 1082/278/894
f 1081/285/893 1088/317/900 1087/291/899
f 1079/279/891 1086/286/898 1085/287/897
f 1091/283/903 1090/290/902 1083/282/895
f 1089/284/901 1088/317/900 1081/285/893
f 1080/275/892 1087/291/899 1086/286/898
f 1090/301/902 1097/306/909 1096/302/908
f 1095/304/907 1094/292/906 1087/294/899
f 1093/305/905 1092/296/904 1085/295/897
f 1091/300/903 1098/299/910 1097/306/909
f 1089/303/901 1096/302/908 1095/304/907
f 1094/292/906 1093/305/905 1086/293/898
f 1098/299/910 1105/308/917 1104/311/916
f 1096/302/908 1103/309/915 1102/183/914
f 1101/312/913 1100/310/912 1093/305/905
f 1097/306/909 1104/311/916 1103/309/915
f 1102/183/914 1101/312/913 1094/292/906
f 1100/310/912 1099/313/911 1092/296/904
f 1103/309/915 1108/217/920 1027/207/167
f 1107/209/919 1026/210/840 1100/310/912
f 1104/311/916 1109/214/921 1108/217/920
f 1027/207/167 1107/209/919 1101/312/913
f 1026/210/840 1106/212/918 1099/313/911
f 1105/308/917 1110/215/922 1109/214/921
f 1120/221/847 1119/216/846 1194/217/920
f 1113/207/167 1118/224/845 1117/208/844
f 1112/210/840 1116/218/843 1115/211/842
f 1121/213/848 1120/221/847 1195/214/921
f 1119/216/846 1118/224/845 1113/207/167
f 1193/209/919 1117/208/844 1116/218/843
f 1128/222/855 1127/229/854 1120/221/847
f 1126/223/853 1125/236/852 1118/224/845
f 1117/208/844 1124/230/851 1123/225/850
f 1127/229/854 1126/223/853 1119/216/846
f 1118/224/845 1125/236/852 1124/230/851
f 1116/218/843 1123/225/850 1122/226/849
f 1133/238/860 1132/242/859 1125/236/852
f 1124/230/851 1131/237/858 1130/239/857
f 1134/235/861 1133/238/860 1126/223/853
f 1125/236/852 1132/242/859 1131/237/858
f 1123/225/850 1130/239/857 1129/231/856
f 1135/234/862 1134/235/861 1127/229/854
f 1134/235/861 1141/244/868 1140/240/867
f 1139/241/866 1138/245/865 1131/237/858
f 1137/243/864 1136/246/863 1129/231/856
f 1135/234/862 1142/249/869 1141/244/868
f 1133/238/860 1140/240/867 1139/241/866
f 1138/245/865 1137/243/864 1130/239/857
f 1146/77/873 1145/251/872 1138/245/865
f 1144/257/871 1143/252/870 1136/246/863
f 1142/249/869 1149/255/876 1148/250/875
f 1140/240/867 1147/256/874 1146/77/873
f 1145/251/872 1144/257/871 1137/243/864
f 1141/244/868 1148/250/875 1147/256/874
f 1149/255/876 1156/263/882 1155/266/881
f 1147/256/874 1154/264/880 1153/258/207
f 1152/259/879 1151/265/878 1144/257/871
f 1148/250/875 1155/266/881 1154/264/880
f 1153/258/207 1152/259/879 1145/251/872
f 1151/265/878 1150/260/877 1143/252/870
f 1152/259/879 1159/270/885 1158/273/884
f 1162/269/888 1161/272/887 1154/264/880
f 1153/258/207 1160/121/886 1159/270/885
f 1151/265/878 1158/273/884 1157/271/883
f 1163/268/889 1162/269/888 1155/266/881
f 1161/272/887 1160/121/886 1153/258/207
f 1169/282/895 1168/278/894 1161/272/887
f 1160/121/886 1167/285/893 1166/275/892
f 1158/273/884 1165/279/891 1164/276/890
f 1170/277/896 1169/282/895 1162/269/888
f 1168/278/894 1167/285/893 1160/121/886
f 1159/270/885 1166/275/892 1165/279/891
f 1165/279/891 1172/286/898 1171/287/897
f 1177/283/903 1176/290/902 1169/282/895
f 1175/284/901 1174/317/900 1167/285/893
f 1166/275/892 1173/291/899 1172/286/898
f 1176/290/902 1175/284/901 1168/278/894
f 1167/285/893 1174/317/900 1173/291/899
f 1177/300/903 1184/299/910 1183/306/909
f 1175/303/901 1182/302/908 1181/304/907
f 1180/292/906 1179/305/905 1172/293/898
f 1176/301/902 1183/306/909 1182/302/908
f 1181/304/907 1180/292/906 1173/294/899
f 1179/305/905 1178/296/904 1171/295/897
f 1183/306/909 1190/311/916 1189/309/915
f 1188/183/914 1187/312/913 1180/292/906
f 1186/310/912 1185/313/911 1178/296/904
f 1184/299/910 1191/308/917 1190/311/916
f 1182/302/908 1189/309/915 1188/183/914
f 1187/312/913 1186/310/912 1179/305/905
f 1190/311/916 1195/214/921 1194/217/920
f 1113/207/167 1193/209/919 1187/312/913
f 1112/210/840 1192/212/918 1185/313/911
f 1191/308/917 1196/215/922 1195/214/921
f 1189/309/915 1194/217/920 1113/207/167
f 1193/209/919 1112/210/840 1186/310/912
