# Blender 5.2.1 LTS
# www.blender.org
mtllib SM_LT_Parrot_Body.mtl
o SM_LT_Parrot_Body
v 2.296169 0.000000 58.885094
v 2.217929 -3.364648 58.105305
v 1.988541 -6.500000 55.819077
v 0.594292 -12.557035 41.923100
v 0.000000 -13.000000 36.000000
v -0.594292 -12.557035 30.076900
v -1.988541 -6.500000 16.180925
v -2.217929 -3.364648 13.894695
v -2.296169 0.000000 13.114904
v 3.570787 -3.199970 57.969566
v 4.602063 -6.181868 55.556847
v 5.319715 -8.742481 51.811363
v 5.674838 -10.707308 46.988358
v 5.643230 -11.942451 41.416515
v 5.227045 -12.363735 35.475548
v 4.454646 -11.942451 29.570318
v 3.378669 -10.707308 24.103262
v 2.072442 -8.742481 19.446949
v 0.624982 -6.181868 15.918699
v -0.865070 -3.199970 13.758957
v 4.791219 -2.722057 57.847115
v 6.959756 -5.258611 55.320290
v 8.653996 -7.436799 51.476818
v 9.758481 -9.108181 46.578629
v 10.197943 -10.158855 40.959518
v 9.942430 -10.517221 35.002430
v 9.009357 -10.158855 29.113323
v 7.462312 -9.108181 23.693531
v 5.406723 -7.436799 19.112404
v 2.982675 -5.258611 15.682140
v 0.355362 -2.722057 13.636505
v 5.759759 -1.977690 57.749939
v 8.830831 -3.820604 55.132553
v 11.300096 -5.403150 51.211323
v 12.999279 -6.617481 46.253464
v 13.812582 -7.380841 40.596848
v 13.684581 -7.641208 34.626961
v 12.623999 -7.380841 28.750648
v 10.703110 -6.617481 23.368366
v 8.052823 -5.403150 18.846909
v 4.853750 -3.820604 15.494406
v 1.323901 -1.977690 13.539328
v 6.381599 -1.039733 57.687546
v 10.032136 -2.008610 55.012024
v 12.998997 -2.840604 51.040863
v 15.079999 -3.479016 46.044693
v 16.133326 -3.880338 40.363995
v 16.087191 -4.017220 34.385899
v 14.944742 -3.880338 28.517797
v 12.783830 -3.479016 23.159599
v 9.751724 -2.840604 18.676449
v 6.055055 -2.008610 15.373875
v 1.945742 -1.039733 13.476934
v 6.595871 0.000000 57.666046
v 10.446077 0.000000 54.970490
v 13.584398 0.000000 50.982128
v 15.796968 -0.000000 45.972755
v 16.932999 0.000000 40.283760
v 16.915073 0.000000 34.302834
v 15.744415 0.000000 28.437563
v 13.500799 -0.000000 23.087662
v 10.337126 0.000000 18.617714
v 6.468996 0.000000 15.332340
v 2.160014 0.000000 13.455437
v 6.381599 1.039734 57.687546
v 10.032136 2.008611 55.012024
v 12.998998 2.840605 51.040863
v 15.080000 3.479015 46.044693
v 16.133326 3.880338 40.363995
v 16.087191 4.017222 34.385899
v 14.944742 3.880338 28.517797
v 12.783831 3.479015 23.159599
v 9.751725 2.840605 18.676449
v 6.055055 2.008611 15.373875
v 1.945742 1.039734 13.476934
v 5.759758 1.977690 57.749939
v 8.830832 3.820605 55.132553
v 11.300097 5.403151 51.211323
v 12.999281 6.617481 46.253464
v 13.812584 7.380842 40.596848
v 13.684582 7.641210 34.626961
v 12.623999 7.380842 28.750648
v 10.703112 6.617481 23.368366
v 8.052824 5.403151 18.846909
v 4.853750 3.820605 15.494406
v 1.323901 1.977690 13.539328
v 4.791219 2.722057 57.847115
v 6.959756 5.258612 55.320290
v 8.653996 7.436799 51.476818
v 9.758484 9.108182 46.578629
v 10.197945 10.158858 40.959518
v 9.942431 10.517223 35.002430
v 9.009359 10.158858 29.113323
v 7.462315 9.108182 23.693531
v 5.406724 7.436799 19.112404
v 2.982675 5.258612 15.682140
v 0.355361 2.722057 13.636505
v 3.570787 3.199970 57.969566
v 4.602063 6.181869 55.556847
v 5.319715 8.742481 51.811363
v 5.674840 10.707312 46.988358
v 5.643231 11.942455 41.416515
v 5.227046 12.363738 35.475548
v 4.454647 11.942455 29.570318
v 3.378671 10.707312 24.103262
v 2.072443 8.742481 19.446947
v 0.624982 6.181869 15.918699
v -0.865070 3.199970 13.758957
v 2.217928 3.364648 58.105305
v 1.988541 6.500001 55.819077
v 1.623637 9.192389 52.182205
v 1.148085 11.258334 47.442547
v 0.594292 12.557041 41.923100
v 0.000000 13.000003 36.000000
v -0.594292 12.557041 30.076900
v -1.148084 11.258334 24.557453
v -1.623636 9.192389 19.817793
v -1.988541 6.500001 16.180925
v -2.217929 3.364648 13.894695
v 0.865069 3.199970 58.241043
v -0.624982 6.181869 56.081299
v -2.072443 8.742482 52.553055
v -3.378670 10.707312 47.896736
v -4.454648 11.942456 42.429684
v -5.227046 12.363738 36.524452
v -5.643232 11.942456 30.583485
v -5.674839 10.707312 25.011642
v -5.319715 8.742482 20.188637
v -4.602063 6.181869 16.443151
v -3.570788 3.199970 14.030434
v -0.355362 2.722057 58.363495
v -2.982676 5.258612 56.317860
v -5.406724 7.436800 52.887596
v -7.462315 9.108184 48.306469
v -9.009363 10.158859 42.886677
v -9.942432 10.517224 36.997570
v -10.197947 10.158859 31.040482
v -9.758484 9.108184 25.421373
v -8.653996 7.436800 20.523182
v -6.959757 5.258612 16.679710
v -4.791220 2.722057 14.152885
v -1.323902 1.977690 58.460670
v -4.853752 3.820606 56.505592
v -8.052825 5.403152 53.153091
v -10.703114 6.617484 48.631634
v -12.624004 7.380844 43.249352
v -13.684585 7.641212 37.373039
v -13.812590 7.380844 31.403154
v -12.999283 6.617484 25.746538
v -11.300097 5.403152 20.788677
v -8.830832 3.820606 16.867445
v -5.759759 1.977690 14.250063
v -1.945743 1.039733 58.523064
v -6.055058 2.008611 56.626129
v -9.751727 2.840605 53.323551
v -12.783835 3.479017 48.840401
v -14.944748 3.880339 43.482204
v -16.087196 4.017223 37.614105
v -16.133331 3.880339 31.636005
v -15.080005 3.479017 25.955307
v -12.999000 2.840605 20.959137
v -10.032139 2.008611 16.987978
v -6.381600 1.039733 14.312456
v -2.160015 -0.000000 58.544563
v -6.468999 0.000000 56.667660
v -10.337129 0.000000 53.382286
v -13.500804 0.000000 48.912338
v -15.744423 -0.000001 43.562439
v -16.915079 0.000000 37.697170
v -16.933006 -0.000001 31.716240
v -15.796973 0.000000 26.027245
v -13.584401 0.000000 21.017872
v -10.446080 0.000000 17.029510
v -6.595872 -0.000000 14.333954
v -1.945743 -1.039734 58.523064
v -6.055058 -2.008611 56.626129
v -9.751728 -2.840605 53.323551
v -12.783836 -3.479017 48.840401
v -14.944748 -3.880341 43.482204
v -16.087196 -4.017223 37.614105
v -16.133333 -3.880341 31.636005
v -15.080006 -3.479017 25.955307
v -12.999001 -2.840605 20.959137
v -10.032139 -2.008611 16.987978
v -6.381600 -1.039734 14.312456
v -1.323902 -1.977691 58.460670
v -4.853753 -3.820606 56.505592
v -8.052827 -5.403152 53.153091
v -10.703115 -6.617484 48.631634
v -12.624006 -7.380846 43.249352
v -13.684587 -7.641213 37.373039
v -13.812590 -7.380846 31.403156
v -12.999285 -6.617484 25.746538
v -11.300099 -5.403152 20.788677
v -8.830834 -3.820606 16.867445
v -5.759759 -1.977691 14.250063
v -0.355361 -2.722058 58.363495
v -2.982677 -5.258614 56.317860
v -5.406726 -7.436801 52.887596
v -7.462316 -9.108187 48.306469
v -9.009363 -10.158863 42.886677
v -9.942435 -10.517228 36.997570
v -10.197948 -10.158863 31.040482
v -9.758485 -9.108187 25.421375
v -8.653998 -7.436801 20.523182
v -6.959758 -5.258614 16.679710
v -4.791219 -2.722058 14.152885
v 0.865071 -3.199971 58.241043
v -0.624983 -6.181871 56.081303
v -2.072444 -8.742484 52.553055
v -3.378670 -10.707314 47.896736
v -4.454648 -11.942460 42.429684
v -5.227047 -12.363743 36.524452
v -5.643232 -11.942460 30.583485
v -5.674839 -10.707314 25.011642
v -5.319717 -8.742484 20.188637
v -4.602064 -6.181871 16.443153
v -3.570787 -3.199971 14.030434
v 1.623636 -9.192392 52.182205
v 1.148086 -11.258337 47.442547
v -1.148083 -11.258337 24.557453
v -1.623637 -9.192392 19.817793
v 11.000001 0.000000 49.500000
v 10.999999 0.000000 18.500000
v 12.109745 -3.513610 48.741375
v 13.110861 -6.683284 46.539764
v 13.905351 -9.198750 43.110672
v 14.415445 -10.813781 38.789764
v 14.591212 -11.370281 34.000000
v 14.415444 -10.813781 29.210236
v 13.905352 -9.198750 24.889328
v 13.110861 -6.683284 21.460236
v 12.109746 -3.513610 19.258621
v 13.085639 -2.864321 48.741375
v 14.967120 -5.448262 46.539764
v 16.460274 -7.498890 43.110668
v 17.418938 -8.815475 38.789761
v 17.749271 -9.269138 34.000000
v 17.418938 -8.815475 29.210236
v 16.460274 -7.498890 24.889328
v 14.967121 -5.448262 21.460236
v 13.085639 -2.864321 19.258623
v 13.809974 -1.869553 48.741375
v 16.344887 -3.556101 46.539761
v 18.356607 -4.894553 43.110672
v 19.648211 -5.753892 38.789764
v 20.093267 -6.050000 34.000000
v 19.648211 -5.753892 29.210236
v 18.356607 -4.894553 24.889328
v 16.344887 -3.556101 21.460236
v 13.809975 -1.869553 19.258623
v 14.195384 -0.649289 48.741375
v 17.077982 -1.235021 46.539764
v 19.365623 -1.699861 43.110672
v 20.834383 -1.998306 38.789764
v 21.340479 -2.101143 34.000000
v 20.834383 -1.998306 29.210236
v 19.365625 -1.699861 24.889328
v 17.077982 -1.235021 21.460236
v 14.195384 -0.649289 19.258623
v 14.195384 0.649289 48.741375
v 17.077982 1.235020 46.539764
v 19.365623 1.699859 43.110672
v 20.834383 1.998305 38.789764
v 21.340479 2.101142 34.000000
v 20.834383 1.998305 29.210236
v 19.365625 1.699859 24.889328
v 17.077982 1.235020 21.460236
v 14.195384 0.649289 19.258623
v 13.809974 1.869552 48.741375
v 16.344887 3.556100 46.539761
v 18.356607 4.894551 43.110672
v 19.648212 5.753892 38.789764
v 20.093267 6.049998 34.000000
v 19.648212 5.753892 29.210236
v 18.356607 4.894551 24.889328
v 16.344887 3.556100 21.460236
v 13.809975 1.869552 19.258623
v 13.085639 2.864320 48.741375
v 14.967120 5.448261 46.539764
v 16.460274 7.498888 43.110668
v 17.418938 8.815475 38.789761
v 17.749271 9.269135 34.000000
v 17.418940 8.815475 29.210236
v 16.460274 7.498888 24.889328
v 14.967121 5.448261 21.460236
v 13.085639 2.864320 19.258623
v 12.109745 3.513609 48.741375
v 13.110862 6.683282 46.539764
v 13.905352 9.198748 43.110672
v 14.415445 10.813781 38.789764
v 14.591212 11.370279 34.000000
v 14.415445 10.813781 29.210236
v 13.905352 9.198748 24.889328
v 13.110861 6.683282 21.460236
v 12.109746 3.513609 19.258621
v 11.000000 3.739105 48.741375
v 11.000000 7.112201 46.539764
v 11.000001 9.789104 43.110672
v 11.000000 11.507785 38.789764
v 11.000000 12.099998 34.000000
v 11.000000 11.507785 29.210236
v 11.000001 9.789104 24.889328
v 11.000000 7.112201 21.460236
v 11.000000 3.739105 19.258623
v 9.890256 3.513610 48.741375
v 8.889140 6.683284 46.539761
v 8.094651 9.198750 43.110672
v 7.584555 10.813781 38.789764
v 7.408790 11.370280 34.000000
v 7.584555 10.813781 29.210236
v 8.094651 9.198750 24.889328
v 8.889140 6.683284 21.460236
v 9.890255 3.513610 19.258623
v 8.914362 2.864321 48.741375
v 7.032879 5.448263 46.539761
v 5.539728 7.498890 43.110672
v 4.581063 8.815475 38.789764
v 4.250732 9.269138 34.000000
v 4.581063 8.815475 29.210236
v 5.539728 7.498890 24.889328
v 7.032879 5.448263 21.460236
v 8.914362 2.864321 19.258623
v 8.190027 1.869553 48.741375
v 5.655113 3.556102 46.539764
v 3.643395 4.894554 43.110672
v 2.351791 5.753893 38.789764
v 1.906735 6.050002 34.000000
v 2.351790 5.753893 29.210236
v 3.643395 4.894554 24.889328
v 5.655112 3.556102 21.460236
v 8.190027 1.869553 19.258623
v 7.804616 0.649289 48.741375
v 4.922019 1.235022 46.539761
v 2.634377 1.699863 43.110672
v 1.165618 1.998307 38.789764
v 0.659520 2.101146 34.000000
v 1.165617 1.998307 29.210236
v 2.634377 1.699863 24.889328
v 4.922018 1.235022 21.460236
v 7.804616 0.649289 19.258623
v 7.804615 -0.649288 48.741375
v 4.922018 -1.235019 46.539761
v 2.634375 -1.699857 43.110672
v 1.165618 -1.998304 38.789764
v 0.659519 -2.101140 34.000000
v 1.165617 -1.998304 29.210236
v 2.634375 -1.699857 24.889328
v 4.922017 -1.235019 21.460236
v 7.804615 -0.649288 19.258623
v 8.190026 -1.869552 48.741375
v 5.655111 -3.556099 46.539761
v 3.643393 -4.894549 43.110672
v 2.351789 -5.753890 38.789764
v 1.906732 -6.049997 34.000000
v 2.351788 -5.753890 29.210236
v 3.643393 -4.894549 24.889328
v 5.655110 -3.556099 21.460236
v 8.190026 -1.869552 19.258623
v 8.914361 -2.864320 48.741375
v 7.032877 -5.448261 46.539761
v 5.539725 -7.498886 43.110668
v 4.581060 -8.815472 38.789764
v 4.250729 -9.269135 34.000000
v 4.581060 -8.815472 29.210236
v 5.539724 -7.498886 24.889328
v 7.032877 -5.448261 21.460236
v 8.914361 -2.864320 19.258623
v 9.890254 -3.513609 48.741375
v 8.889136 -6.683283 46.539764
v 8.094647 -9.198748 43.110672
v 7.584552 -10.813778 38.789764
v 7.408785 -11.370279 34.000000
v 7.584552 -10.813778 29.210236
v 8.094646 -9.198748 24.889328
v 8.889136 -6.683283 21.460236
v 9.890254 -3.513609 19.258623
v 10.999999 -3.739105 48.741375
v 10.999998 -7.112202 46.539764
v 10.999997 -9.789104 43.110672
v 10.999997 -11.507784 38.789764
v 10.999996 -12.099999 34.000000
v 10.999997 -11.507784 29.210236
v 10.999997 -9.789104 24.889328
v 10.999997 -7.112202 21.460236
v 10.999998 -3.739105 19.258623
v -4.000000 0.000000 55.000000
v -4.000000 0.000000 39.000000
v -2.731719 -3.891105 54.608452
v -1.587587 -7.401322 53.472137
v -0.679599 -10.187046 51.702282
v -0.096634 -11.975591 49.472137
v 0.104242 -12.591881 47.000000
v -0.096634 -11.975591 44.527863
v -0.679599 -10.187046 42.297718
v -1.587587 -7.401322 40.527863
v -2.731720 -3.891105 39.391548
v -1.616413 -3.172058 54.608452
v 0.533853 -6.033613 53.472137
v 2.240313 -8.304556 51.702282
v 3.335928 -9.762590 49.472137
v 3.713451 -10.264996 47.000000
v 3.335928 -9.762590 44.527863
v 2.240313 -8.304556 42.297718
v 0.533853 -6.033613 40.527863
v -1.616413 -3.172058 39.391548
v -0.788601 -2.070414 54.608452
v 2.108443 -3.938161 53.472137
v 4.407551 -5.420414 51.702282
v 5.883669 -6.372079 49.472137
v 6.392304 -6.700000 47.000000
v 5.883668 -6.372079 44.527863
v 4.407551 -5.420414 42.297718
v 2.108443 -3.938161 40.527863
v -0.788601 -2.070414 39.391548
v -0.348132 -0.719047 54.608452
v 2.946265 -1.367709 53.472137
v 5.560714 -1.882491 51.702282
v 7.239295 -2.213000 49.472137
v 7.817692 -2.326886 47.000000
v 7.239294 -2.213000 44.527863
v 5.560714 -1.882491 42.297718
v 2.946265 -1.367709 40.527863
v -0.348132 -0.719047 39.391548
v -0.348132 0.719047 54.608452
v 2.946265 1.367708 53.472137
v 5.560714 1.882489 51.702282
v 7.239296 2.212999 49.472137
v 7.817692 2.326884 47.000000
v 7.239295 2.212999 44.527863
v 5.560714 1.882489 42.297718
v 2.946265 1.367708 40.527863
v -0.348132 0.719047 39.391548
v -0.788601 2.070413 54.608452
v 2.108443 3.938160 53.472137
v 4.407551 5.420412 51.702282
v 5.883670 6.372078 49.472137
v 6.392304 6.699998 47.000000
v 5.883669 6.372078 44.527863
v 4.407551 5.420412 42.297718
v 2.108443 3.938160 40.527863
v -0.788601 2.070413 39.391548
v -1.616412 3.172057 54.608452
v 0.533853 6.033611 53.472137
v 2.240313 8.304553 51.702282
v 3.335929 9.762590 49.472137
v 3.713451 10.264993 47.000000
v 3.335929 9.762590 44.527863
v 2.240313 8.304553 42.297718
v 0.533853 6.033611 40.527863
v -1.616412 3.172057 39.391548
v -2.731719 3.891104 54.608452
v -1.587587 7.401320 53.472137
v -0.679598 10.187042 51.702282
v -0.096633 11.975591 49.472137
v 0.104242 12.591878 47.000000
v -0.096633 11.975591 44.527863
v -0.679598 10.187042 42.297718
v -1.587587 7.401320 40.527863
v -2.731719 3.891104 39.391548
v -4.000000 4.140827 54.608452
v -3.999999 7.876321 53.472137
v -3.999999 10.840825 51.702282
v -3.999999 12.744157 49.472137
v -3.999999 13.399998 47.000000
v -4.000000 12.744157 44.527863
v -3.999998 10.840825 42.297718
v -3.999999 7.876321 40.527863
v -4.000000 4.140827 39.391548
v -5.268280 3.891105 54.608452
v -6.412411 7.401322 53.472137
v -7.320399 10.187044 51.702282
v -7.903365 11.975591 49.472137
v -8.104239 12.591880 47.000000
v -7.903365 11.975591 44.527863
v -7.320398 10.187044 42.297718
v -6.412411 7.401322 40.527863
v -5.268280 3.891105 39.391548
v -6.383586 3.172058 54.608452
v -8.533852 6.033613 53.472134
v -10.240310 8.304556 51.702282
v -11.335927 9.762591 49.472137
v -11.713449 10.264996 47.000000
v -11.335928 9.762591 44.527863
v -10.240311 8.304556 42.297718
v -8.533852 6.033613 40.527863
v -6.383586 3.172058 39.391548
v -7.211397 2.070414 54.608452
v -10.108442 3.938162 53.472137
v -12.407549 5.420415 51.702282
v -13.883668 6.372080 49.472137
v -14.392303 6.700001 47.000000
v -13.883669 6.372080 44.527863
v -12.407549 5.420415 42.297718
v -10.108442 3.938162 40.527863
v -7.211398 2.070414 39.391548
v -7.651868 0.719048 54.608452
v -10.946264 1.367710 53.472137
v -13.560712 1.882493 51.702282
v -15.239293 2.213001 49.472137
v -15.817693 2.326888 47.000000
v -15.239294 2.213001 44.527863
v -13.560712 1.882493 42.297718
v -10.946264 1.367710 40.527863
v -7.651867 0.719048 39.391548
v -7.651868 -0.719046 54.608452
v -10.946265 -1.367707 53.472137
v -13.560713 -1.882486 51.702282
v -15.239293 -2.212997 49.472137
v -15.817693 -2.326882 47.000000
v -15.239294 -2.212997 44.527863
v -13.560713 -1.882486 42.297718
v -10.946265 -1.367707 40.527863
v -7.651867 -0.719046 39.391548
v -7.211399 -2.070413 54.608452
v -10.108444 -3.938159 53.472137
v -12.407552 -5.420409 51.702282
v -13.883670 -6.372076 49.472137
v -14.392305 -6.699996 47.000000
v -13.883671 -6.372076 44.527863
v -12.407551 -5.420409 42.297718
v -10.108444 -3.938159 40.527863
v -7.211399 -2.070413 39.391548
v -6.383588 -3.172057 54.608452
v -8.533854 -6.033611 53.472134
v -10.240314 -8.304551 51.702282
v -11.335931 -9.762589 49.472137
v -11.713453 -10.264992 47.000000
v -11.335930 -9.762589 44.527863
v -10.240314 -8.304551 42.297718
v -8.533854 -6.033611 40.527863
v -6.383588 -3.172057 39.391548
v -5.268281 -3.891104 54.608452
v -6.412415 -7.401321 53.472137
v -7.320404 -10.187042 51.702282
v -7.903369 -11.975589 49.472137
v -8.104244 -12.591878 47.000000
v -7.903368 -11.975589 44.527863
v -7.320403 -10.187042 42.297718
v -6.412415 -7.401321 40.527863
v -5.268281 -3.891104 39.391548
v -4.000001 -4.140827 54.608452
v -4.000002 -7.876323 53.472137
v -4.000002 -10.840824 51.702278
v -4.000003 -12.744157 49.472137
v -4.000003 -13.399999 47.000000
v -4.000003 -12.744157 44.527863
v -4.000003 -10.840824 42.297718
v -4.000002 -7.876323 40.527863
v -4.000001 -4.140827 39.391548
v 4.000000 3.954638 12.999998
v 4.000000 3.650000 13.296999
v 4.000000 3.739226 13.086988
v 4.000000 3.954638 20.999998
v 4.000000 3.650000 20.702999
v 4.000000 3.739226 20.913010
v 4.453566 4.058161 12.999998
v 4.585743 3.783692 13.296999
v 4.547029 3.864082 13.086988
v 4.453566 4.058161 20.999998
v 4.585743 3.783692 20.702999
v 4.547029 3.864082 20.913010
v 4.817297 4.348228 12.999996
v 5.055473 4.158288 13.296999
v 4.985713 4.213921 13.086987
v 4.817297 4.348228 21.000000
v 5.055472 4.158288 20.702999
v 4.985713 4.213921 20.913010
v 5.019153 4.767385 12.999998
v 5.316154 4.699597 13.296999
v 5.229164 4.719451 13.086988
v 5.019153 4.767385 20.999998
v 5.316153 4.699597 20.702999
v 5.229163 4.719451 20.913010
v 5.019153 5.232615 12.999998
v 5.316154 5.300403 13.296999
v 5.229164 5.280549 13.086988
v 5.019153 5.232615 20.999998
v 5.316153 5.300403 20.702999
v 5.229163 5.280549 20.913010
v 4.817297 5.651772 12.999996
v 5.055473 5.841712 13.296999
v 4.985713 5.786079 13.086987
v 4.817297 5.651772 21.000000
v 5.055472 5.841712 20.702999
v 4.985713 5.786079 20.913010
v 4.453566 5.941839 12.999998
v 4.585743 6.216308 13.296999
v 4.547029 6.135918 13.086988
v 4.453566 5.941839 20.999998
v 4.585743 6.216308 20.702999
v 4.547029 6.135918 20.913010
v 4.000000 6.045362 12.999998
v 4.000000 6.350000 13.296999
v 4.000000 6.260774 13.086988
v 4.000000 6.045362 20.999998
v 4.000000 6.350000 20.702999
v 4.000000 6.260774 20.913010
v 3.546435 5.941839 12.999998
v 3.414257 6.216308 13.296999
v 3.452971 6.135918 13.086987
v 3.546434 5.941839 21.000000
v 3.414258 6.216308 20.702999
v 3.452971 6.135918 20.913010
v 3.182703 5.651772 13.000000
v 2.944528 5.841712 13.296999
v 3.014288 5.786079 13.086988
v 3.182703 5.651772 20.999998
v 2.944528 5.841712 20.702999
v 3.014288 5.786079 20.913010
v 2.980848 5.232615 12.999998
v 2.683847 5.300403 13.296997
v 2.770837 5.280549 13.086988
v 2.980847 5.232615 20.999998
v 2.683847 5.300403 20.702999
v 2.770837 5.280549 20.913010
v 2.980848 4.767385 12.999998
v 2.683847 4.699597 13.296997
v 2.770837 4.719451 13.086988
v 2.980847 4.767385 20.999998
v 2.683847 4.699597 20.702999
v 2.770837 4.719451 20.913010
v 3.182703 4.348228 13.000000
v 2.944528 4.158288 13.296999
v 3.014288 4.213921 13.086988
v 3.182703 4.348228 20.999998
v 2.944528 4.158288 20.702999
v 3.014288 4.213921 20.913010
v 3.546435 4.058161 12.999998
v 3.414257 3.783692 13.296999
v 3.452971 3.864082 13.086987
v 3.546434 4.058161 21.000000
v 3.414258 3.783692 20.702999
v 3.452971 3.864082 20.913010
v 3.757604 3.420821 9.499308
v 3.860008 3.292705 9.704586
v 3.966308 3.292705 9.404078
v 3.773640 3.323755 9.598888
v 3.823347 3.297782 9.522562
v 3.913159 3.275016 9.554333
v 3.832690 3.323755 9.431955
v 12.242395 3.420821 12.500689
v 12.139991 3.292705 12.295410
v 12.033690 3.292705 12.595917
v 12.226360 3.323755 12.401108
v 12.176653 3.297782 12.477434
v 12.086841 3.275016 12.445663
v 12.167311 3.323755 12.568039
v 3.854178 3.498416 9.226294
v 4.038216 3.350481 9.200798
v 3.919880 3.393810 9.185472
v 12.338970 3.498416 12.227676
v 12.211899 3.350481 12.092133
v 12.313550 3.393810 12.154623
v 3.924875 3.710410 9.026434
v 4.129765 3.625000 8.941994
v 4.005321 3.650016 8.943932
v 12.409668 3.710410 12.027819
v 12.303448 3.625000 11.833328
v 12.398991 3.650016 11.913084
v 3.950753 4.000000 8.953281
v 4.149032 3.840622 8.887526
v 4.149032 4.159378 8.887526
v 4.028684 3.911467 8.877890
v 4.057528 4.000000 8.860542
v 4.154931 4.000000 8.870850
v 4.028684 4.088533 8.877890
v 12.435545 4.000000 11.954664
v 12.322715 4.159378 11.778858
v 12.322715 3.840622 11.778858
v 12.422354 4.088533 11.847040
v 12.410833 4.000000 11.815414
v 12.328613 4.000000 11.762182
v 12.422354 3.911467 11.847040
v 3.924875 4.289590 9.026434
v 4.129765 4.375000 8.941994
v 4.005321 4.349984 8.943932
v 12.409668 4.289590 12.027819
v 12.303448 4.375000 11.833328
v 12.398991 4.349984 11.913084
v 3.854178 4.501584 9.226294
v 4.038216 4.649519 9.200798
v 3.919880 4.606190 9.185472
v 12.338970 4.501584 12.227676
v 12.211899 4.649519 12.092133
v 12.313550 4.606190 12.154623
v 3.757604 4.579179 9.499308
v 3.966309 4.707295 9.404078
v 3.860008 4.707295 9.704586
v 3.832690 4.676245 9.431955
v 3.823347 4.702218 9.522562
v 3.913159 4.724984 9.554333
v 3.773640 4.676245 9.598888
v 12.242395 4.579179 12.500689
v 12.033690 4.707295 12.595917
v 12.139991 4.707295 12.295410
v 12.167311 4.676245 12.568039
v 12.176653 4.702218 12.477434
v 12.086841 4.724984 12.445663
v 12.226360 4.676245 12.401108
v 3.661029 4.501584 9.772318
v 3.788100 4.649519 9.907864
v 3.686449 4.606190 9.845371
v 12.145822 4.501584 12.773703
v 11.961784 4.649519 12.799198
v 12.080119 4.606190 12.814522
v 3.590332 4.289590 9.972176
v 3.696552 4.375000 10.166666
v 3.601008 4.349984 10.086910
v 12.075123 4.289590 12.973560
v 11.870234 4.375000 13.058002
v 11.994678 4.349984 13.056063
v 3.564455 4.000000 10.045330
v 3.677284 4.159378 10.221136
v 3.677284 3.840622 10.221136
v 3.577645 4.088533 10.152954
v 3.589166 4.000000 10.184582
v 3.671386 4.000000 10.237812
v 3.577645 3.911467 10.152954
v 12.049247 4.000000 13.046713
v 11.850967 3.840622 13.112471
v 11.850967 4.159378 13.112471
v 11.971315 3.911467 13.122105
v 11.942472 4.000000 13.139454
v 11.845069 4.000000 13.129147
v 11.971315 4.088533 13.122105
v 3.590332 3.710410 9.972176
v 3.696552 3.625000 10.166666
v 3.601008 3.650016 10.086910
v 12.075123 3.710410 12.973560
v 11.870234 3.625000 13.058002
v 11.994678 3.650016 13.056063
v 3.661029 3.498416 9.772318
v 3.788100 3.350481 9.907864
v 3.686449 3.393810 9.845371
v 12.145822 3.498416 12.773703
v 11.961784 3.350481 12.799198
v 12.080119 3.393810 12.814522
v 4.008098 4.420821 11.269835
v 4.182358 4.292705 11.419031
v 4.163243 4.292705 11.100851
v 4.061646 4.323755 11.355309
v 4.077707 4.297782 11.265654
v 4.172801 4.275016 11.259941
v 4.051029 4.323755 11.178562
v 12.991902 4.420821 10.730158
v 12.817642 4.292705 10.580961
v 12.836756 4.292705 10.899141
v 12.938354 4.323755 10.644684
v 12.922293 4.297782 10.734339
v 12.827199 4.275016 10.740051
v 12.948970 4.323755 10.821428
v 3.990732 4.498416 10.980766
v 4.150314 4.350481 10.885614
v 4.035352 4.393810 10.917583
v 12.974537 4.498416 10.441090
v 12.804713 4.350481 10.365728
v 12.922675 4.393810 10.383701
v 3.978021 4.710410 10.769154
v 4.133853 4.625000 10.611589
v 4.019988 4.650016 10.661837
v 12.961825 4.710410 10.229477
v 12.788251 4.625000 10.091702
v 12.907312 4.650016 10.127958
v 3.973368 5.000000 10.691696
v 4.130388 4.840622 10.553919
v 4.130388 5.159378 10.553919
v 4.015787 4.911467 10.591909
v 4.035600 5.000000 10.564699
v 4.129328 5.000000 10.536261
v 4.015787 5.088533 10.591909
v 12.957172 5.000000 10.152021
v 12.784787 5.159378 10.034031
v 12.784787 4.840622 10.034031
v 12.903111 5.088533 10.058027
v 12.880185 5.000000 10.033386
v 12.783726 5.000000 10.016373
v 12.903111 4.911467 10.058027
v 3.978021 5.289590 10.769154
v 4.133853 5.375000 10.611589
v 4.019988 5.349984 10.661837
v 12.961825 5.289590 10.229477
v 12.788251 5.375000 10.091702
v 12.907312 5.349984 10.127958
v 3.990732 5.501584 10.980766
v 4.150314 5.649519 10.885614
v 4.035352 5.606190 10.917583
v 12.974537 5.501584 10.441090
v 12.804713 5.649519 10.365728
v 12.922675 5.606190 10.383701
v 4.008098 5.579179 11.269835
v 4.163243 5.707295 11.100851
v 4.182358 5.707295 11.419031
v 4.051029 5.676245 11.178562
v 4.077707 5.702218 11.265654
v 4.172801 5.724984 11.259941
v 4.061646 5.676245 11.355309
v 12.991902 5.579179 10.730158
v 12.836756 5.707295 10.899141
v 12.817642 5.707295 10.580961
v 12.948970 5.676245 10.821428
v 12.922293 5.702218 10.734339
v 12.827199 5.724984 10.740051
v 12.938354 5.676245 10.644684
v 4.025463 5.501584 11.558903
v 4.195287 5.649519 11.634264
v 4.077324 5.606190 11.616291
v 13.009267 5.501584 11.019226
v 12.849686 5.649519 11.114378
v 12.964649 5.606190 11.082409
v 4.038174 5.289590 11.770515
v 4.211748 5.375000 11.908291
v 4.092688 5.349984 11.872034
v 13.021978 5.289590 11.230839
v 12.866148 5.375000 11.388403
v 12.980011 5.349984 11.338156
v 4.042828 5.000000 11.847971
v 4.215213 5.159378 11.965961
v 4.215213 4.840622 11.965961
v 4.096889 5.088533 11.941965
v 4.119814 5.000000 11.966606
v 4.216273 5.000000 11.983620
v 4.096889 4.911467 11.941965
v 13.026633 5.000000 11.308296
v 12.869612 4.840622 11.446074
v 12.869612 5.159378 11.446074
v 12.984213 4.911467 11.408083
v 12.964399 5.000000 11.435293
v 12.870672 5.000000 11.463732
v 12.984213 5.088533 11.408083
v 4.038174 4.710410 11.770515
v 4.211748 4.625000 11.908291
v 4.092688 4.650016 11.872034
v 13.021978 4.710410 11.230839
v 12.866148 4.625000 11.388403
v 12.980011 4.650016 11.338156
v 4.025463 4.498416 11.558903
v 4.195287 4.350481 11.634264
v 4.077324 4.393810 11.616291
v 13.009267 4.498416 11.019226
v 12.849686 4.350481 11.114378
v 12.964649 4.393810 11.082409
v 4.891100 5.420821 12.834919
v 5.041759 5.250000 12.767637
v 4.935227 5.300032 12.815212
v 13.108901 5.420821 9.165073
v 12.958241 5.250000 9.232355
v 13.064773 5.300032 9.184782
v 4.773017 5.498416 12.570498
v 4.888849 5.350481 12.425230
v 4.792518 5.393810 12.495647
v 12.990817 5.498416 8.900654
v 12.805330 5.350481 8.889946
v 12.922064 5.393810 8.865213
v 4.686574 5.710410 12.376928
v 4.776911 5.625000 12.174570
v 4.688047 5.650016 12.261707
v 12.904375 5.710410 8.707083
v 12.693393 5.625000 8.639286
v 12.817593 5.650016 8.631277
v 4.654934 6.000000 12.306076
v 4.735940 6.000000 12.082823
v 4.649808 6.000000 12.176079
v 12.872734 6.000000 8.636232
v 12.652420 6.000000 8.547537
v 12.779354 6.000000 8.545649
v 4.686574 6.289590 12.376928
v 4.776911 6.375000 12.174570
v 4.688047 6.349984 12.261707
v 12.904375 6.289590 8.707083
v 12.693393 6.375000 8.639286
v 12.817593 6.349984 8.631277
v 4.773017 6.501584 12.570498
v 4.888849 6.649519 12.425230
v 4.792518 6.606190 12.495647
v 12.990817 6.501584 8.900654
v 12.805330 6.649519 8.889946
v 12.922064 6.606190 8.865213
v 4.891100 6.579179 12.834919
v 5.041759 6.750000 12.767637
v 4.935227 6.699968 12.815212
v 13.108901 6.579179 9.165073
v 12.958241 6.750000 9.232355
v 13.064773 6.699968 9.184782
v 5.009183 6.501584 13.099339
v 5.194670 6.649519 13.110048
v 5.077937 6.606190 13.134781
v 13.226984 6.501584 9.429495
v 13.111151 6.649519 9.574762
v 13.207483 6.606190 9.504345
v 5.095626 6.289590 13.292910
v 5.306608 6.375000 13.360706
v 5.182407 6.349984 13.368717
v 13.313427 6.289590 9.623064
v 13.223089 6.375000 9.825424
v 13.311953 6.349984 9.738285
v 5.127267 6.000000 13.363760
v 5.347581 6.000000 13.452456
v 5.220646 6.000000 13.454346
v 13.345067 6.000000 9.693916
v 13.264061 6.000000 9.917171
v 13.350192 6.000000 9.823914
v 5.095626 5.710410 13.292910
v 5.306608 5.625000 13.360706
v 5.182407 5.650016 13.368717
v 13.313427 5.710410 9.623064
v 13.223089 5.625000 9.825424
v 13.311953 5.650016 9.738285
v 5.009183 5.498416 13.099339
v 5.194670 5.350481 13.110048
v 5.077937 5.393810 13.134781
v 13.226984 5.498416 9.429495
v 13.111151 5.350481 9.574762
v 13.207483 5.393810 9.504345
v 4.000000 -6.045362 12.999998
v 4.000000 -6.350000 13.296999
v 4.000000 -6.260774 13.086988
v 4.000000 -6.045362 20.999998
v 4.000000 -6.350000 20.702999
v 4.000000 -6.260774 20.913010
v 4.453566 -5.941839 12.999998
v 4.585743 -6.216308 13.296999
v 4.547029 -6.135918 13.086988
v 4.453566 -5.941839 20.999998
v 4.585743 -6.216308 20.702999
v 4.547029 -6.135918 20.913010
v 4.817297 -5.651772 12.999996
v 5.055473 -5.841712 13.296999
v 4.985713 -5.786079 13.086987
v 4.817297 -5.651772 21.000000
v 5.055472 -5.841712 20.702999
v 4.985713 -5.786079 20.913010
v 5.019153 -5.232615 12.999998
v 5.316154 -5.300403 13.296999
v 5.229164 -5.280549 13.086988
v 5.019153 -5.232615 20.999998
v 5.316153 -5.300403 20.702999
v 5.229163 -5.280549 20.913010
v 5.019153 -4.767385 12.999998
v 5.316154 -4.699597 13.296999
v 5.229164 -4.719451 13.086988
v 5.019153 -4.767385 20.999998
v 5.316153 -4.699597 20.702999
v 5.229163 -4.719451 20.913010
v 4.817297 -4.348228 12.999996
v 5.055473 -4.158288 13.296999
v 4.985713 -4.213921 13.086987
v 4.817297 -4.348228 21.000000
v 5.055472 -4.158288 20.702999
v 4.985713 -4.213921 20.913010
v 4.453566 -4.058161 12.999998
v 4.585743 -3.783692 13.296999
v 4.547029 -3.864082 13.086988
v 4.453566 -4.058161 20.999998
v 4.585743 -3.783692 20.702999
v 4.547029 -3.864082 20.913010
v 4.000000 -3.954638 12.999998
v 4.000000 -3.650000 13.296999
v 4.000000 -3.739226 13.086988
v 4.000000 -3.954638 20.999998
v 4.000000 -3.650000 20.702999
v 4.000000 -3.739226 20.913010
v 3.546435 -4.058161 12.999998
v 3.414257 -3.783692 13.296999
v 3.452971 -3.864082 13.086987
v 3.546434 -4.058161 21.000000
v 3.414258 -3.783692 20.702999
v 3.452971 -3.864082 20.913010
v 3.182703 -4.348228 13.000000
v 2.944528 -4.158288 13.296999
v 3.014288 -4.213921 13.086988
v 3.182703 -4.348228 20.999998
v 2.944528 -4.158288 20.702999
v 3.014288 -4.213921 20.913010
v 2.980848 -4.767385 12.999998
v 2.683847 -4.699597 13.296997
v 2.770837 -4.719451 13.086988
v 2.980847 -4.767385 20.999998
v 2.683847 -4.699597 20.702999
v 2.770837 -4.719451 20.913010
v 2.980848 -5.232615 12.999998
v 2.683847 -5.300403 13.296997
v 2.770837 -5.280549 13.086988
v 2.980847 -5.232615 20.999998
v 2.683847 -5.300403 20.702999
v 2.770837 -5.280549 20.913010
v 3.182703 -5.651772 13.000000
v 2.944528 -5.841712 13.296999
v 3.014288 -5.786079 13.086988
v 3.182703 -5.651772 20.999998
v 2.944528 -5.841712 20.702999
v 3.014288 -5.786079 20.913010
v 3.546435 -5.941839 12.999998
v 3.414257 -6.216308 13.296999
v 3.452971 -6.135918 13.086987
v 3.546434 -5.941839 21.000000
v 3.414258 -6.216308 20.702999
v 3.452971 -6.135918 20.913010
v 3.757604 -4.579179 9.499308
v 3.860008 -4.707295 9.704586
v 3.966308 -4.707295 9.404078
v 3.773640 -4.676245 9.598888
v 3.823347 -4.702218 9.522562
v 3.913159 -4.724984 9.554333
v 3.832690 -4.676245 9.431955
v 12.242395 -4.579179 12.500689
v 12.139991 -4.707295 12.295410
v 12.033690 -4.707295 12.595917
v 12.226360 -4.676245 12.401108
v 12.176653 -4.702218 12.477434
v 12.086841 -4.724984 12.445663
v 12.167311 -4.676245 12.568039
v 3.854178 -4.501584 9.226294
v 4.038216 -4.649519 9.200798
v 3.919880 -4.606190 9.185472
v 12.338970 -4.501584 12.227676
v 12.211899 -4.649519 12.092133
v 12.313550 -4.606190 12.154623
v 3.924875 -4.289590 9.026434
v 4.129765 -4.375000 8.941994
v 4.005321 -4.349984 8.943932
v 12.409668 -4.289590 12.027819
v 12.303448 -4.375000 11.833328
v 12.398991 -4.349984 11.913084
v 3.950753 -4.000000 8.953281
v 4.149032 -4.159378 8.887526
v 4.149032 -3.840622 8.887526
v 4.028684 -4.088533 8.877890
v 4.057528 -4.000000 8.860542
v 4.154931 -4.000000 8.870850
v 4.028684 -3.911467 8.877890
v 12.435545 -4.000000 11.954664
v 12.322715 -3.840622 11.778858
v 12.322715 -4.159378 11.778858
v 12.422354 -3.911467 11.847040
v 12.410833 -4.000000 11.815414
v 12.328613 -4.000000 11.762182
v 12.422354 -4.088533 11.847040
v 3.924875 -3.710410 9.026434
v 4.129765 -3.625000 8.941994
v 4.005321 -3.650016 8.943932
v 12.409668 -3.710410 12.027819
v 12.303448 -3.625000 11.833328
v 12.398991 -3.650016 11.913084
v 3.854178 -3.498416 9.226294
v 4.038216 -3.350481 9.200798
v 3.919880 -3.393810 9.185472
v 12.338970 -3.498416 12.227676
v 12.211899 -3.350481 12.092133
v 12.313550 -3.393810 12.154623
v 3.757604 -3.420821 9.499308
v 3.966309 -3.292705 9.404078
v 3.860008 -3.292705 9.704586
v 3.832690 -3.323755 9.431955
v 3.823347 -3.297782 9.522562
v 3.913159 -3.275016 9.554333
v 3.773640 -3.323755 9.598888
v 12.242395 -3.420821 12.500689
v 12.033690 -3.292705 12.595917
v 12.139991 -3.292705 12.295410
v 12.167311 -3.323755 12.568039
v 12.176653 -3.297782 12.477434
v 12.086841 -3.275016 12.445663
v 12.226360 -3.323755 12.401108
v 3.661029 -3.498416 9.772318
v 3.788100 -3.350481 9.907864
v 3.686449 -3.393810 9.845371
v 12.145822 -3.498416 12.773703
v 11.961784 -3.350481 12.799198
v 12.080119 -3.393810 12.814522
v 3.590332 -3.710410 9.972176
v 3.696552 -3.625000 10.166666
v 3.601008 -3.650016 10.086910
v 12.075123 -3.710410 12.973560
v 11.870234 -3.625000 13.058002
v 11.994678 -3.650016 13.056063
v 3.564455 -4.000000 10.045330
v 3.677284 -3.840622 10.221136
v 3.677284 -4.159378 10.221136
v 3.577645 -3.911467 10.152954
v 3.589166 -4.000000 10.184582
v 3.671386 -4.000000 10.237812
v 3.577645 -4.088533 10.152954
v 12.049247 -4.000000 13.046713
v 11.850967 -4.159378 13.112471
v 11.850967 -3.840622 13.112471
v 11.971315 -4.088533 13.122105
v 11.942472 -4.000000 13.139454
v 11.845069 -4.000000 13.129147
v 11.971315 -3.911467 13.122105
v 3.590332 -4.289590 9.972176
v 3.696552 -4.375000 10.166666
v 3.601008 -4.349984 10.086910
v 12.075123 -4.289590 12.973560
v 11.870234 -4.375000 13.058002
v 11.994678 -4.349984 13.056063
v 3.661029 -4.501584 9.772318
v 3.788100 -4.649519 9.907864
v 3.686449 -4.606190 9.845371
v 12.145822 -4.501584 12.773703
v 11.961784 -4.649519 12.799198
v 12.080119 -4.606190 12.814522
v 4.008098 -5.579179 11.269835
v 4.182358 -5.707295 11.419031
v 4.163243 -5.707295 11.100851
v 4.061646 -5.676245 11.355309
v 4.077707 -5.702218 11.265654
v 4.172801 -5.724984 11.259941
v 4.051029 -5.676245 11.178562
v 12.991902 -5.579179 10.730158
v 12.817642 -5.707295 10.580961
v 12.836756 -5.707295 10.899141
v 12.938354 -5.676245 10.644684
v 12.922293 -5.702218 10.734339
v 12.827199 -5.724984 10.740051
v 12.948970 -5.676245 10.821428
v 3.990732 -5.501584 10.980766
v 4.150314 -5.649519 10.885614
v 4.035352 -5.606190 10.917583
v 12.974537 -5.501584 10.441090
v 12.804713 -5.649519 10.365728
v 12.922675 -5.606190 10.383701
v 3.978021 -5.289590 10.769154
v 4.133853 -5.375000 10.611589
v 4.019988 -5.349984 10.661837
v 12.961825 -5.289590 10.229477
v 12.788251 -5.375000 10.091702
v 12.907312 -5.349984 10.127958
v 3.973368 -5.000000 10.691696
v 4.130388 -5.159378 10.553919
v 4.130388 -4.840622 10.553919
v 4.015787 -5.088533 10.591909
v 4.035600 -5.000000 10.564699
v 4.129328 -5.000000 10.536261
v 4.015787 -4.911467 10.591909
v 12.957172 -5.000000 10.152021
v 12.784787 -4.840622 10.034031
v 12.784787 -5.159378 10.034031
v 12.903111 -4.911467 10.058027
v 12.880185 -5.000000 10.033386
v 12.783726 -5.000000 10.016373
v 12.903111 -5.088533 10.058027
v 3.978021 -4.710410 10.769154
v 4.133853 -4.625000 10.611589
v 4.019988 -4.650016 10.661837
v 12.961825 -4.710410 10.229477
v 12.788251 -4.625000 10.091702
v 12.907312 -4.650016 10.127958
v 3.990732 -4.498416 10.980766
v 4.150314 -4.350481 10.885614
v 4.035352 -4.393810 10.917583
v 12.974537 -4.498416 10.441090
v 12.804713 -4.350481 10.365728
v 12.922675 -4.393810 10.383701
v 4.008098 -4.420821 11.269835
v 4.163243 -4.292705 11.100851
v 4.182358 -4.292705 11.419031
v 4.051029 -4.323755 11.178562
v 4.077707 -4.297782 11.265654
v 4.172801 -4.275016 11.259941
v 4.061646 -4.323755 11.355309
v 12.991902 -4.420821 10.730158
v 12.836756 -4.292705 10.899141
v 12.817642 -4.292705 10.580961
v 12.948970 -4.323755 10.821428
v 12.922293 -4.297782 10.734339
v 12.827199 -4.275016 10.740051
v 12.938354 -4.323755 10.644684
v 4.025463 -4.498416 11.558903
v 4.195287 -4.350481 11.634264
v 4.077324 -4.393810 11.616291
v 13.009267 -4.498416 11.019226
v 12.849686 -4.350481 11.114378
v 12.964649 -4.393810 11.082409
v 4.038174 -4.710410 11.770515
v 4.211748 -4.625000 11.908291
v 4.092688 -4.650016 11.872034
v 13.021978 -4.710410 11.230839
v 12.866148 -4.625000 11.388403
v 12.980011 -4.650016 11.338156
v 4.042828 -5.000000 11.847971
v 4.215213 -4.840622 11.965961
v 4.215213 -5.159378 11.965961
v 4.096889 -4.911467 11.941965
v 4.119814 -5.000000 11.966606
v 4.216273 -5.000000 11.983620
v 4.096889 -5.088533 11.941965
v 13.026633 -5.000000 11.308296
v 12.869612 -5.159378 11.446074
v 12.869612 -4.840622 11.446074
v 12.984213 -5.088533 11.408083
v 12.964399 -5.000000 11.435293
v 12.870672 -5.000000 11.463732
v 12.984213 -4.911467 11.408083
v 4.038174 -5.289590 11.770515
v 4.211748 -5.375000 11.908291
v 4.092688 -5.349984 11.872034
v 13.021978 -5.289590 11.230839
v 12.866148 -5.375000 11.388403
v 12.980011 -5.349984 11.338156
v 4.025463 -5.501584 11.558903
v 4.195287 -5.649519 11.634264
v 4.077324 -5.606190 11.616291
v 13.009267 -5.501584 11.019226
v 12.849686 -5.649519 11.114378
v 12.964649 -5.606190 11.082409
v 4.891100 -6.579179 12.834919
v 5.041759 -6.750000 12.767637
v 4.935227 -6.699968 12.815212
v 13.108901 -6.579179 9.165073
v 12.958241 -6.750000 9.232355
v 13.064773 -6.699968 9.184782
v 4.773017 -6.501584 12.570498
v 4.888849 -6.649519 12.425230
v 4.792518 -6.606190 12.495647
v 12.990817 -6.501584 8.900654
v 12.805330 -6.649519 8.889946
v 12.922064 -6.606190 8.865213
v 4.686574 -6.289590 12.376928
v 4.776911 -6.375000 12.174570
v 4.688047 -6.349984 12.261707
v 12.904375 -6.289590 8.707083
v 12.693393 -6.375000 8.639286
v 12.817593 -6.349984 8.631277
v 4.654934 -6.000000 12.306076
v 4.735940 -6.000000 12.082823
v 4.649808 -6.000000 12.176079
v 12.872734 -6.000000 8.636232
v 12.652420 -6.000000 8.547537
v 12.779354 -6.000000 8.545649
v 4.686574 -5.710410 12.376928
v 4.776911 -5.625000 12.174570
v 4.688047 -5.650016 12.261707
v 12.904375 -5.710410 8.707083
v 12.693393 -5.625000 8.639286
v 12.817593 -5.650016 8.631277
v 4.773017 -5.498416 12.570498
v 4.888849 -5.350481 12.425230
v 4.792518 -5.393810 12.495647
v 12.990817 -5.498416 8.900654
v 12.805330 -5.350481 8.889946
v 12.922064 -5.393810 8.865213
v 4.891100 -5.420821 12.834919
v 5.041759 -5.250000 12.767637
v 4.935227 -5.300032 12.815212
v 13.108901 -5.420821 9.165073
v 12.958241 -5.250000 9.232355
v 13.064773 -5.300032 9.184782
v 5.009183 -5.498416 13.099339
v 5.194670 -5.350481 13.110048
v 5.077937 -5.393810 13.134781
v 13.226984 -5.498416 9.429495
v 13.111151 -5.350481 9.574762
v 13.207483 -5.393810 9.504345
v 5.095626 -5.710410 13.292910
v 5.306608 -5.625000 13.360706
v 5.182407 -5.650016 13.368717
v 13.313427 -5.710410 9.623064
v 13.223089 -5.625000 9.825424
v 13.311953 -5.650016 9.738285
v 5.127267 -6.000000 13.363760
v 5.347581 -6.000000 13.452456
v 5.220646 -6.000000 13.454346
v 13.345067 -6.000000 9.693916
v 13.264061 -6.000000 9.917171
v 13.350192 -6.000000 9.823914
v 5.095626 -6.289590 13.292910
v 5.306608 -6.375000 13.360706
v 5.182407 -6.349984 13.368717
v 13.313427 -6.289590 9.623064
v 13.223089 -6.375000 9.825424
v 13.311953 -6.349984 9.738285
v 5.009183 -6.501584 13.099339
v 5.194670 -6.649519 13.110048
v 5.077937 -6.606190 13.134781
v 13.226984 -6.501584 9.429495
v 13.111151 -6.649519 9.574762
v 13.207483 -6.606190 9.504345
vn 0.0998 -0.0000 0.9950
vn 0.0901 -0.4300 0.8983
vn 0.0701 -0.7120 0.6987
vn 0.0150 -0.9886 0.1499
vn -0.0000 -1.0000 -0.0000
vn -0.0150 -0.9886 -0.1499
vn -0.0701 -0.7120 -0.6987
vn -0.0901 -0.4300 -0.8983
vn -0.0998 -0.0000 -0.9950
vn 0.1909 -0.4120 0.8910
vn 0.2409 -0.6843 0.6883
vn 0.2599 -0.8386 0.4788
vn 0.2621 -0.9194 0.2932
vn 0.2557 -0.9582 0.1288
vn 0.2433 -0.9697 -0.0244
vn 0.2250 -0.9582 -0.1770
vn 0.1987 -0.9194 -0.3394
vn 0.1595 -0.8386 -0.5209
vn 0.0993 -0.6843 -0.7224
vn 0.0100 -0.4120 -0.9111
vn 0.2861 -0.3577 0.8889
vn 0.4056 -0.5993 0.6902
vn 0.4678 -0.7428 0.4789
vn 0.4939 -0.8210 0.2864
vn 0.4988 -0.8593 0.1132
vn 0.4892 -0.8708 -0.0491
vn 0.4664 -0.8593 -0.2100
vn 0.4272 -0.8210 -0.3788
vn 0.3634 -0.7428 -0.5623
vn 0.2604 -0.5993 -0.7570
vn 0.1038 -0.3577 -0.9280
vn 0.3681 -0.2674 0.8905
vn 0.5517 -0.4530 0.7003
vn 0.6601 -0.5703 0.4889
vn 0.7145 -0.6376 0.2881
vn 0.7337 -0.6717 0.1026
vn 0.7276 -0.6821 -0.0730
vn 0.6987 -0.6717 -0.2463
vn 0.6430 -0.6376 -0.4243
vn 0.5498 -0.5703 -0.6103
vn 0.4016 -0.4530 -0.7959
vn 0.1838 -0.2674 -0.9459
vn 0.4259 -0.1444 0.8932
vn 0.6579 -0.2468 0.7115
vn 0.8058 -0.3151 0.5014
vn 0.8871 -0.3561 0.2936
vn 0.9210 -0.3775 0.0964
vn 0.9187 -0.3841 -0.0922
vn 0.8835 -0.3775 -0.2775
vn 0.8111 -0.3561 -0.4640
vn 0.6901 -0.3151 -0.6515
vn 0.5034 -0.2468 -0.8280
vn 0.2400 -0.1444 -0.9600
vn 0.4472 -0.0000 0.8944
vn 0.6977 -0.0000 0.7164
vn 0.8619 -0.0000 0.5071
vn 0.9550 -0.0000 0.2965
vn 0.9955 -0.0000 0.0944
vn 0.9950 -0.0000 -0.0998
vn 0.9569 -0.0000 -0.2903
vn 0.8771 -0.0000 -0.4803
vn 0.7440 -0.0000 -0.6682
vn 0.5415 -0.0000 -0.8407
vn 0.2606 -0.0000 -0.9654
vn 0.4259 0.1444 0.8932
vn 0.6579 0.2468 0.7115
vn 0.8058 0.3151 0.5014
vn 0.8871 0.3561 0.2936
vn 0.9210 0.3775 0.0964
vn 0.9187 0.3841 -0.0922
vn 0.8835 0.3775 -0.2775
vn 0.8111 0.3561 -0.4640
vn 0.6901 0.3151 -0.6515
vn 0.5034 0.2468 -0.8280
vn 0.2400 0.1444 -0.9600
vn 0.3681 0.2674 0.8905
vn 0.5517 0.4530 0.7003
vn 0.6601 0.5703 0.4889
vn 0.7145 0.6376 0.2881
vn 0.7337 0.6717 0.1026
vn 0.7276 0.6821 -0.0730
vn 0.6987 0.6717 -0.2463
vn 0.6430 0.6376 -0.4243
vn 0.5498 0.5703 -0.6103
vn 0.4016 0.4530 -0.7959
vn 0.1838 0.2674 -0.9459
vn 0.2861 0.3577 0.8889
vn 0.4056 0.5993 0.6902
vn 0.4678 0.7428 0.4789
vn 0.4939 0.8210 0.2864
vn 0.4988 0.8593 0.1132
vn 0.4892 0.8708 -0.0491
vn 0.4664 0.8593 -0.2100
vn 0.4272 0.8210 -0.3788
vn 0.3634 0.7428 -0.5623
vn 0.2604 0.5993 -0.7570
vn 0.1038 0.3577 -0.9280
vn 0.1909 0.4120 0.8910
vn 0.2409 0.6843 0.6883
vn 0.2599 0.8386 0.4788
vn 0.2621 0.9194 0.2932
vn 0.2557 0.9582 0.1288
vn 0.2433 0.9697 -0.0244
vn 0.2250 0.9582 -0.1770
vn 0.1987 0.9194 -0.3394
vn 0.1595 0.8386 -0.5209
vn 0.0993 0.6843 -0.7224
vn 0.0100 0.4120 -0.9111
vn 0.0901 0.4300 0.8983
vn 0.0701 0.7120 0.6987
vn 0.0494 0.8689 0.4925
vn 0.0312 0.9500 0.3106
vn 0.0150 0.9886 0.1499
vn -0.0000 1.0000 -0.0000
vn -0.0150 0.9886 -0.1499
vn -0.0312 0.9500 -0.3106
vn -0.0494 0.8689 -0.4925
vn -0.0701 0.7120 -0.6987
vn -0.0901 0.4300 -0.8983
vn -0.0100 0.4120 0.9111
vn -0.0993 0.6843 0.7224
vn -0.1595 0.8386 0.5209
vn -0.1987 0.9194 0.3394
vn -0.2250 0.9582 0.1770
vn -0.2433 0.9697 0.0244
vn -0.2557 0.9582 -0.1288
vn -0.2621 0.9194 -0.2932
vn -0.2599 0.8386 -0.4788
vn -0.2409 0.6843 -0.6883
vn -0.1909 0.4120 -0.8910
vn -0.1038 0.3577 0.9280
vn -0.2604 0.5993 0.7570
vn -0.3634 0.7428 0.5623
vn -0.4272 0.8210 0.3788
vn -0.4664 0.8593 0.2100
vn -0.4892 0.8708 0.0491
vn -0.4988 0.8593 -0.1132
vn -0.4939 0.8210 -0.2864
vn -0.4678 0.7428 -0.4789
vn -0.4056 0.5993 -0.6902
vn -0.2861 0.3577 -0.8889
vn -0.1838 0.2674 0.9459
vn -0.4016 0.4530 0.7959
vn -0.5498 0.5703 0.6103
vn -0.6430 0.6376 0.4243
vn -0.6987 0.6717 0.2463
vn -0.7276 0.6821 0.0730
vn -0.7337 0.6717 -0.1026
vn -0.7145 0.6376 -0.2881
vn -0.6601 0.5703 -0.4889
vn -0.5517 0.4530 -0.7003
vn -0.3681 0.2674 -0.8905
vn -0.2400 0.1444 0.9600
vn -0.5034 0.2468 0.8280
vn -0.6901 0.3151 0.6515
vn -0.8111 0.3561 0.4640
vn -0.8835 0.3775 0.2775
vn -0.9187 0.3841 0.0922
vn -0.9210 0.3775 -0.0964
vn -0.8871 0.3561 -0.2936
vn -0.8058 0.3151 -0.5014
vn -0.6579 0.2468 -0.7115
vn -0.4259 0.1444 -0.8932
vn -0.2606 -0.0000 0.9654
vn -0.5415 -0.0000 0.8407
vn -0.7440 -0.0000 0.6682
vn -0.8771 -0.0000 0.4803
vn -0.9569 -0.0000 0.2903
vn -0.9950 -0.0000 0.0998
vn -0.9955 -0.0000 -0.0944
vn -0.9550 -0.0000 -0.2965
vn -0.8619 -0.0000 -0.5071
vn -0.6977 -0.0000 -0.7164
vn -0.4472 -0.0000 -0.8944
vn -0.2400 -0.1444 0.9600
vn -0.5034 -0.2468 0.8280
vn -0.6901 -0.3151 0.6515
vn -0.8111 -0.3561 0.4640
vn -0.8835 -0.3775 0.2775
vn -0.9187 -0.3841 0.0922
vn -0.9210 -0.3775 -0.0964
vn -0.8871 -0.3561 -0.2936
vn -0.8058 -0.3151 -0.5014
vn -0.6579 -0.2468 -0.7115
vn -0.4259 -0.1444 -0.8932
vn -0.1838 -0.2674 0.9459
vn -0.4016 -0.4530 0.7959
vn -0.5498 -0.5703 0.6103
vn -0.6430 -0.6376 0.4243
vn -0.6987 -0.6717 0.2463
vn -0.7276 -0.6821 0.0730
vn -0.7337 -0.6717 -0.1026
vn -0.7145 -0.6376 -0.2881
vn -0.6601 -0.5703 -0.4889
vn -0.5517 -0.4530 -0.7003
vn -0.3681 -0.2674 -0.8905
vn -0.1038 -0.3577 0.9280
vn -0.2604 -0.5993 0.7570
vn -0.3634 -0.7428 0.5623
vn -0.4272 -0.8210 0.3788
vn -0.4664 -0.8593 0.2100
vn -0.4892 -0.8708 0.0491
vn -0.4988 -0.8593 -0.1132
vn -0.4939 -0.8210 -0.2864
vn -0.4678 -0.7428 -0.4789
vn -0.4056 -0.5993 -0.6902
vn -0.2861 -0.3577 -0.8889
vn -0.0100 -0.4120 0.9111
vn -0.0993 -0.6843 0.7224
vn -0.1595 -0.8386 0.5209
vn -0.1987 -0.9194 0.3394
vn -0.2250 -0.9582 0.1770
vn -0.2433 -0.9697 0.0244
vn -0.2557 -0.9582 -0.1288
vn -0.2621 -0.9194 -0.2932
vn -0.2599 -0.8386 -0.4788
vn -0.2409 -0.6843 -0.6883
vn -0.1909 -0.4120 -0.8910
vn 0.0494 -0.8689 0.4925
vn 0.0312 -0.9500 0.3106
vn -0.0312 -0.9500 -0.3106
vn -0.0494 -0.8689 -0.4925
vn -0.0000 -0.0000 1.0000
vn -0.0000 -0.0000 -1.0000
vn 0.1576 -0.3729 0.9144
vn 0.2672 -0.6399 0.7205
vn 0.3357 -0.8083 0.4837
vn 0.3715 -0.8967 0.2405
vn 0.3825 -0.9240 -0.0000
vn 0.3715 -0.8967 -0.2405
vn 0.3357 -0.8083 -0.4837
vn 0.2672 -0.6399 -0.7205
vn 0.1576 -0.3729 -0.9144
vn 0.2912 -0.2989 0.9088
vn 0.4906 -0.5097 0.7068
vn 0.6110 -0.6379 0.4688
vn 0.6722 -0.7033 0.2314
vn 0.6908 -0.7231 -0.0000
vn 0.6722 -0.7033 -0.2314
vn 0.6110 -0.6379 -0.4688
vn 0.4906 -0.5097 -0.7068
vn 0.2912 -0.2989 -0.9088
vn 0.3854 -0.1917 0.9026
vn 0.6448 -0.3245 0.6920
vn 0.7955 -0.4022 0.4532
vn 0.8699 -0.4405 0.2220
vn 0.8920 -0.4520 -0.0000
vn 0.8699 -0.4405 -0.2220
vn 0.7955 -0.4022 -0.4532
vn 0.6448 -0.3245 -0.6920
vn 0.3854 -0.1917 -0.9026
vn 0.4335 -0.0659 0.8987
vn 0.7221 -0.1110 0.6828
vn 0.8857 -0.1367 0.4437
vn 0.9649 -0.1492 0.2163
vn 0.9882 -0.1529 -0.0000
vn 0.9649 -0.1492 -0.2163
vn 0.8857 -0.1367 -0.4437
vn 0.7221 -0.1110 -0.6828
vn 0.4335 -0.0659 -0.8987
vn 0.4335 0.0659 0.8987
vn 0.7221 0.1110 0.6828
vn 0.8857 0.1367 0.4437
vn 0.9649 0.1492 0.2163
vn 0.9882 0.1528 -0.0000
vn 0.9649 0.1492 -0.2163
vn 0.8857 0.1367 -0.4437
vn 0.7221 0.1110 -0.6828
vn 0.4335 0.0659 -0.8987
vn 0.3854 0.1917 0.9026
vn 0.6448 0.3245 0.6920
vn 0.7955 0.4022 0.4532
vn 0.8699 0.4405 0.2220
vn 0.8920 0.4520 -0.0000
vn 0.8699 0.4405 -0.2220
vn 0.7955 0.4022 -0.4532
vn 0.6448 0.3245 -0.6920
vn 0.3854 0.1917 -0.9026
vn 0.2912 0.2989 0.9088
vn 0.4906 0.5097 0.7068
vn 0.6110 0.6379 0.4688
vn 0.6722 0.7033 0.2314
vn 0.6908 0.7231 -0.0000
vn 0.6722 0.7033 -0.2314
vn 0.6110 0.6379 -0.4688
vn 0.4906 0.5097 -0.7068
vn 0.2912 0.2989 -0.9088
vn 0.1576 0.3729 0.9144
vn 0.2672 0.6399 0.7205
vn 0.3357 0.8083 0.4837
vn 0.3715 0.8967 0.2405
vn 0.3825 0.9240 -0.0000
vn 0.3715 0.8967 -0.2405
vn 0.3357 0.8083 -0.4837
vn 0.2672 0.6399 -0.7205
vn 0.1576 0.3729 -0.9144
vn -0.0000 0.3996 0.9167
vn -0.0000 0.6876 0.7261
vn -0.0000 0.8718 0.4899
vn -0.0000 0.9697 0.2444
vn -0.0000 0.9697 -0.2444
vn -0.0000 0.8718 -0.4899
vn -0.0000 0.6876 -0.7261
vn -0.0000 0.3996 -0.9167
vn -0.1576 0.3729 0.9144
vn -0.2672 0.6399 0.7205
vn -0.3357 0.8083 0.4837
vn -0.3715 0.8967 0.2405
vn -0.3825 0.9240 -0.0000
vn -0.3715 0.8967 -0.2405
vn -0.3357 0.8083 -0.4837
vn -0.2672 0.6399 -0.7205
vn -0.1576 0.3729 -0.9144
vn -0.2912 0.2989 0.9088
vn -0.4906 0.5097 0.7068
vn -0.6110 0.6379 0.4688
vn -0.6722 0.7033 0.2314
vn -0.6908 0.7231 -0.0000
vn -0.6722 0.7033 -0.2314
vn -0.6110 0.6379 -0.4688
vn -0.4906 0.5097 -0.7068
vn -0.2912 0.2989 -0.9088
vn -0.3854 0.1917 0.9026
vn -0.6448 0.3245 0.6920
vn -0.7955 0.4022 0.4532
vn -0.8699 0.4405 0.2220
vn -0.8920 0.4520 -0.0000
vn -0.8699 0.4405 -0.2220
vn -0.7955 0.4022 -0.4532
vn -0.6448 0.3245 -0.6920
vn -0.3854 0.1917 -0.9026
vn -0.4335 0.0659 0.8987
vn -0.7221 0.1110 0.6828
vn -0.8857 0.1367 0.4437
vn -0.9649 0.1492 0.2163
vn -0.9882 0.1528 -0.0000
vn -0.9649 0.1492 -0.2163
vn -0.8857 0.1367 -0.4437
vn -0.7221 0.1110 -0.6828
vn -0.4335 0.0659 -0.8987
vn -0.4335 -0.0659 0.8987
vn -0.7221 -0.1110 0.6828
vn -0.8857 -0.1367 0.4437
vn -0.9649 -0.1492 0.2163
vn -0.9882 -0.1528 -0.0000
vn -0.9649 -0.1492 -0.2163
vn -0.8857 -0.1367 -0.4437
vn -0.7221 -0.1110 -0.6828
vn -0.4335 -0.0659 -0.8987
vn -0.3854 -0.1917 0.9026
vn -0.6448 -0.3245 0.6920
vn -0.7955 -0.4022 0.4532
vn -0.8699 -0.4405 0.2220
vn -0.8920 -0.4520 -0.0000
vn -0.8699 -0.4405 -0.2220
vn -0.7955 -0.4022 -0.4532
vn -0.6448 -0.3245 -0.6920
vn -0.3854 -0.1917 -0.9026
vn -0.2912 -0.2989 0.9088
vn -0.4906 -0.5097 0.7068
vn -0.6110 -0.6379 0.4688
vn -0.6722 -0.7033 0.2314
vn -0.6908 -0.7231 -0.0000
vn -0.6722 -0.7033 -0.2314
vn -0.6110 -0.6379 -0.4688
vn -0.4906 -0.5097 -0.7068
vn -0.2912 -0.2989 -0.9088
vn -0.1576 -0.3729 0.9144
vn -0.2672 -0.6399 0.7205
vn -0.3357 -0.8083 0.4837
vn -0.3715 -0.8967 0.2405
vn -0.3825 -0.9240 -0.0000
vn -0.3715 -0.8967 -0.2405
vn -0.3357 -0.8083 -0.4837
vn -0.2672 -0.6399 -0.7205
vn -0.1576 -0.3729 -0.9144
vn -0.0000 -0.3996 0.9167
vn -0.0000 -0.6876 0.7261
vn -0.0000 -0.8718 0.4899
vn -0.0000 -0.9697 0.2444
vn -0.0000 -0.9697 -0.2444
vn -0.0000 -0.8718 -0.4899
vn -0.0000 -0.6876 -0.7261
vn -0.0000 -0.3996 -0.9167
vn 0.0790 -0.1923 0.9781
vn 0.1592 -0.3904 0.9068
vn 0.2484 -0.6128 0.7502
vn 0.3337 -0.8287 0.4494
vn 0.3724 -0.9281 -0.0000
vn 0.3337 -0.8287 -0.4494
vn 0.2484 -0.6128 -0.7502
vn 0.1592 -0.3904 -0.9068
vn 0.0790 -0.1923 -0.9781
vn 0.1471 -0.1554 0.9768
vn 0.2961 -0.3151 0.9017
vn 0.4591 -0.4913 0.7402
vn 0.6113 -0.6583 0.4393
vn 0.6792 -0.7339 -0.0000
vn 0.6113 -0.6583 -0.4393
vn 0.4591 -0.4913 -0.7402
vn 0.2961 -0.3151 -0.9017
vn 0.1471 -0.1554 -0.9768
vn 0.1963 -0.1005 0.9754
vn 0.3946 -0.2035 0.8960
vn 0.6074 -0.3149 0.7293
vn 0.8012 -0.4178 0.4284
vn 0.8861 -0.4635 -0.0000
vn 0.8012 -0.4178 -0.4284
vn 0.6074 -0.3149 -0.7293
vn 0.3946 -0.2035 -0.8960
vn 0.1963 -0.1005 -0.9754
vn 0.2219 -0.0347 0.9745
vn 0.4457 -0.0702 0.8924
vn 0.6829 -0.1081 0.7224
vn 0.8955 -0.1426 0.4217
vn 0.9875 -0.1577 -0.0000
vn 0.8955 -0.1426 -0.4217
vn 0.6829 -0.1081 -0.7224
vn 0.4457 -0.0702 -0.8924
vn 0.2219 -0.0347 -0.9745
vn 0.2219 0.0347 0.9745
vn 0.4457 0.0702 0.8924
vn 0.6829 0.1081 0.7224
vn 0.8955 0.1426 0.4217
vn 0.9875 0.1577 -0.0000
vn 0.8955 0.1426 -0.4217
vn 0.6829 0.1081 -0.7224
vn 0.4457 0.0702 -0.8924
vn 0.2219 0.0347 -0.9745
vn 0.1963 0.1005 0.9754
vn 0.3946 0.2035 0.8960
vn 0.6074 0.3149 0.7293
vn 0.8012 0.4178 0.4284
vn 0.8861 0.4635 -0.0000
vn 0.8012 0.4178 -0.4284
vn 0.6074 0.3149 -0.7293
vn 0.3946 0.2035 -0.8960
vn 0.1963 0.1005 -0.9754
vn 0.1471 0.1554 0.9768
vn 0.2961 0.3151 0.9017
vn 0.4591 0.4913 0.7402
vn 0.6113 0.6583 0.4393
vn 0.6792 0.7339 -0.0000
vn 0.6113 0.6583 -0.4393
vn 0.4591 0.4913 -0.7402
vn 0.2961 0.3151 -0.9017
vn 0.1471 0.1554 -0.9768
vn 0.0790 0.1923 0.9781
vn 0.1592 0.3904 0.9068
vn 0.2484 0.6128 0.7502
vn 0.3337 0.8287 0.4494
vn 0.3724 0.9281 -0.0000
vn 0.3337 0.8287 -0.4494
vn 0.2484 0.6128 -0.7502
vn 0.1592 0.3904 -0.9068
vn 0.0790 0.1923 -0.9781
vn -0.0000 0.2055 0.9787
vn -0.0000 0.4172 0.9088
vn -0.0000 0.6566 0.7543
vn -0.0000 0.8913 0.4535
vn -0.0000 0.8913 -0.4535
vn -0.0000 0.6566 -0.7543
vn -0.0000 0.4172 -0.9088
vn -0.0000 0.2055 -0.9787
vn -0.0790 0.1923 0.9781
vn -0.1592 0.3904 0.9068
vn -0.2484 0.6128 0.7502
vn -0.3337 0.8287 0.4494
vn -0.3724 0.9281 -0.0000
vn -0.3337 0.8287 -0.4494
vn -0.2484 0.6128 -0.7502
vn -0.1592 0.3904 -0.9068
vn -0.0790 0.1923 -0.9781
vn -0.1471 0.1554 0.9768
vn -0.2961 0.3151 0.9017
vn -0.4591 0.4913 0.7402
vn -0.6113 0.6583 0.4393
vn -0.6792 0.7339 -0.0000
vn -0.6113 0.6583 -0.4393
vn -0.4591 0.4913 -0.7402
vn -0.2961 0.3151 -0.9017
vn -0.1471 0.1554 -0.9768
vn -0.1963 0.1005 0.9754
vn -0.3946 0.2035 0.8960
vn -0.6074 0.3149 0.7293
vn -0.8012 0.4178 0.4284
vn -0.8861 0.4635 -0.0000
vn -0.8012 0.4178 -0.4284
vn -0.6074 0.3149 -0.7293
vn -0.3946 0.2035 -0.8960
vn -0.1963 0.1005 -0.9754
vn -0.2219 0.0347 0.9745
vn -0.4457 0.0702 0.8924
vn -0.6829 0.1081 0.7224
vn -0.8955 0.1426 0.4217
vn -0.9875 0.1577 -0.0000
vn -0.8955 0.1426 -0.4217
vn -0.6829 0.1081 -0.7224
vn -0.4457 0.0702 -0.8924
vn -0.2219 0.0347 -0.9745
vn -0.2219 -0.0347 0.9745
vn -0.4457 -0.0702 0.8924
vn -0.6829 -0.1081 0.7224
vn -0.8955 -0.1426 0.4217
vn -0.9875 -0.1577 -0.0000
vn -0.8955 -0.1426 -0.4217
vn -0.6829 -0.1081 -0.7224
vn -0.4457 -0.0702 -0.8924
vn -0.2219 -0.0347 -0.9745
vn -0.1963 -0.1005 0.9754
vn -0.3946 -0.2035 0.8960
vn -0.6074 -0.3149 0.7293
vn -0.8012 -0.4178 0.4284
vn -0.8861 -0.4635 -0.0000
vn -0.8012 -0.4178 -0.4284
vn -0.6074 -0.3149 -0.7293
vn -0.3946 -0.2035 -0.8960
vn -0.1963 -0.1005 -0.9754
vn -0.1471 -0.1554 0.9768
vn -0.2961 -0.3151 0.9017
vn -0.4591 -0.4913 0.7402
vn -0.6113 -0.6583 0.4393
vn -0.6792 -0.7339 -0.0000
vn -0.6113 -0.6583 -0.4393
vn -0.4591 -0.4913 -0.7402
vn -0.2961 -0.3151 -0.9017
vn -0.1471 -0.1554 -0.9768
vn -0.0790 -0.1923 0.9781
vn -0.1592 -0.3904 0.9068
vn -0.2484 -0.6128 0.7502
vn -0.3337 -0.8287 0.4494
vn -0.3724 -0.9281 -0.0000
vn -0.3337 -0.8287 -0.4494
vn -0.2484 -0.6128 -0.7502
vn -0.1592 -0.3904 -0.9068
vn -0.0790 -0.1923 -0.9781
vn -0.0000 -0.2055 0.9787
vn -0.0000 -0.4172 0.9088
vn -0.0000 -0.6566 0.7543
vn -0.0000 -0.8913 0.4535
vn -0.0000 -0.8913 -0.4535
vn -0.0000 -0.6566 -0.7543
vn -0.0000 -0.4172 -0.9088
vn -0.0000 -0.2055 -0.9787
vn -0.0000 -0.2167 -0.9762
vn -0.0000 -0.9810 -0.1942
vn -0.0000 -0.7265 -0.6872
vn -0.0000 -0.2167 0.9762
vn -0.0000 -0.9810 0.1942
vn -0.0000 -0.7265 0.6872
vn 0.0940 -0.1952 -0.9762
vn 0.4256 -0.8838 -0.1942
vn 0.3152 -0.6545 -0.6872
vn 0.0940 -0.1952 0.9762
vn 0.4256 -0.8838 0.1942
vn 0.3152 -0.6545 0.6872
vn 0.1694 -0.1351 -0.9762
vn 0.7669 -0.6116 -0.1942
vn 0.5680 -0.4529 -0.6872
vn 0.1694 -0.1351 0.9762
vn 0.7669 -0.6116 0.1942
vn 0.5680 -0.4529 0.6872
vn 0.2113 -0.0482 -0.9762
vn 0.9564 -0.2183 -0.1942
vn 0.7082 -0.1617 -0.6872
vn 0.2113 -0.0482 0.9762
vn 0.9564 -0.2183 0.1942
vn 0.7082 -0.1617 0.6872
vn 0.2113 0.0482 -0.9762
vn 0.9564 0.2183 -0.1942
vn 0.7082 0.1617 -0.6872
vn 0.2113 0.0482 0.9762
vn 0.9564 0.2183 0.1942
vn 0.7082 0.1616 0.6872
vn 0.1694 0.1351 -0.9762
vn 0.7669 0.6116 -0.1942
vn 0.5680 0.4529 -0.6872
vn 0.1694 0.1351 0.9762
vn 0.7669 0.6116 0.1942
vn 0.5680 0.4529 0.6872
vn 0.0940 0.1952 -0.9762
vn 0.4256 0.8838 -0.1942
vn 0.3152 0.6545 -0.6872
vn 0.0940 0.1952 0.9762
vn 0.4256 0.8838 0.1942
vn 0.3152 0.6545 0.6872
vn -0.0000 0.2167 -0.9762
vn -0.0000 0.9810 -0.1942
vn -0.0000 0.7265 -0.6872
vn -0.0000 0.2167 0.9762
vn -0.0000 0.9810 0.1942
vn -0.0000 0.7264 0.6872
vn -0.0940 0.1952 -0.9762
vn -0.4256 0.8838 -0.1942
vn -0.3152 0.6545 -0.6872
vn -0.0940 0.1952 0.9762
vn -0.4256 0.8838 0.1942
vn -0.3152 0.6545 0.6872
vn -0.1694 0.1351 -0.9762
vn -0.7669 0.6116 -0.1942
vn -0.5680 0.4529 -0.6872
vn -0.1694 0.1351 0.9762
vn -0.7669 0.6116 0.1942
vn -0.5680 0.4529 0.6872
vn -0.2112 0.0482 -0.9762
vn -0.9564 0.2183 -0.1942
vn -0.7082 0.1617 -0.6872
vn -0.2113 0.0482 0.9762
vn -0.9564 0.2183 0.1942
vn -0.7082 0.1616 0.6872
vn -0.2113 -0.0482 -0.9762
vn -0.9564 -0.2183 -0.1942
vn -0.7082 -0.1617 -0.6872
vn -0.2113 -0.0482 0.9762
vn -0.9564 -0.2183 0.1942
vn -0.7082 -0.1616 0.6872
vn -0.1694 -0.1351 -0.9762
vn -0.7669 -0.6116 -0.1942
vn -0.5680 -0.4529 -0.6872
vn -0.1694 -0.1351 0.9762
vn -0.7669 -0.6116 0.1942
vn -0.5680 -0.4529 0.6872
vn -0.0940 -0.1952 -0.9762
vn -0.4256 -0.8838 -0.1942
vn -0.3152 -0.6545 -0.6872
vn -0.0940 -0.1952 0.9762
vn -0.4256 -0.8838 0.1942
vn -0.3152 -0.6545 0.6872
vn -0.9133 -0.2480 -0.3231
vn -0.2353 -0.9644 0.1207
vn -0.1071 -0.9644 -0.2418
vn -0.6853 -0.7183 -0.1199
vn -0.4997 -0.8480 -0.1767
vn -0.1333 -0.9899 -0.0472
vn -0.6083 -0.7183 -0.3377
vn 0.9133 -0.2480 0.3231
vn 0.2353 -0.9644 -0.1207
vn 0.1071 -0.9644 0.2418
vn 0.6853 -0.7183 0.1199
vn 0.4997 -0.8480 0.1767
vn 0.1333 -0.9899 0.0472
vn 0.6083 -0.7183 0.3377
vn -0.8833 -0.1898 -0.4287
vn -0.0202 -0.8494 -0.5273
vn -0.5247 -0.6306 -0.5718
vn 0.9564 -0.1898 0.2221
vn 0.3473 -0.8494 -0.3973
vn 0.7676 -0.6306 -0.1147
vn -0.8565 -0.1096 -0.5043
vn 0.0995 -0.4904 -0.8658
vn -0.4358 -0.3641 -0.8231
vn 0.9831 -0.1096 0.1464
vn 0.4670 -0.4904 -0.7358
vn 0.8564 -0.3641 -0.3660
vn -0.8306 -0.0000 -0.5568
vn 0.1504 -0.1923 -0.9697
vn 0.1504 0.1923 -0.9697
vn -0.4072 -0.1155 -0.9060
vn -0.2169 -0.0000 -0.9762
vn 0.1968 -0.0000 -0.9804
vn -0.4072 0.1155 -0.9060
vn 0.9960 -0.0000 0.0893
vn 0.4928 0.1923 -0.8486
vn 0.4928 -0.1923 -0.8486
vn 0.8863 0.1155 -0.4484
vn 0.7825 -0.0000 -0.6227
vn 0.4635 -0.0000 -0.8861
vn 0.8863 -0.1155 -0.4484
vn -0.8565 0.1096 -0.5043
vn 0.0995 0.4904 -0.8658
vn -0.4358 0.3641 -0.8231
vn 0.9831 0.1096 0.1464
vn 0.4670 0.4904 -0.7358
vn 0.8564 0.3641 -0.3660
vn -0.8833 0.1898 -0.4287
vn -0.0202 0.8494 -0.5273
vn -0.5247 0.6306 -0.5718
vn 0.9564 0.1898 0.2221
vn 0.3473 0.8494 -0.3973
vn 0.7676 0.6306 -0.1147
vn -0.9133 0.2480 -0.3231
vn -0.1071 0.9644 -0.2418
vn -0.2353 0.9644 0.1207
vn -0.6083 0.7183 -0.3377
vn -0.4997 0.8480 -0.1767
vn -0.1333 0.9899 -0.0472
vn -0.6853 0.7183 -0.1199
vn 0.9133 0.2480 0.3231
vn 0.1071 0.9644 0.2418
vn 0.2353 0.9644 -0.1207
vn 0.6083 0.7183 0.3377
vn 0.4997 0.8480 0.1767
vn 0.1333 0.9900 0.0472
vn 0.6853 0.7183 0.1199
vn -0.9564 0.1898 -0.2221
vn -0.3473 0.8494 0.3973
vn -0.7676 0.6306 0.1147
vn 0.8833 0.1898 0.4287
vn 0.0202 0.8494 0.5273
vn 0.5247 0.6306 0.5718
vn -0.9831 0.1096 -0.1465
vn -0.4670 0.4904 0.7358
vn -0.8564 0.3641 0.3660
vn 0.8565 0.1096 0.5043
vn -0.0995 0.4904 0.8658
vn 0.4358 0.3641 0.8231
vn -0.9960 -0.0000 -0.0893
vn -0.4928 0.1923 0.8486
vn -0.4928 -0.1923 0.8486
vn -0.8863 0.1155 0.4484
vn -0.7824 -0.0000 0.6227
vn -0.4635 -0.0000 0.8861
vn -0.8863 -0.1155 0.4484
vn 0.8306 -0.0000 0.5568
vn -0.1504 -0.1923 0.9697
vn -0.1504 0.1923 0.9697
vn 0.4072 -0.1155 0.9060
vn 0.2169 -0.0000 0.9762
vn -0.1968 -0.0000 0.9804
vn 0.4072 0.1155 0.9060
vn -0.9831 -0.1096 -0.1465
vn -0.4670 -0.4904 0.7358
vn -0.8564 -0.3641 0.3660
vn 0.8565 -0.1096 0.5043
vn -0.0995 -0.4904 0.8658
vn 0.4358 -0.3641 0.8231
vn -0.9564 -0.1898 -0.2221
vn -0.3473 -0.8494 0.3973
vn -0.7676 -0.6306 0.1147
vn 0.8833 -0.1898 0.4287
vn 0.0202 -0.8494 0.5273
vn 0.5247 -0.6306 0.5718
vn -0.9670 -0.2479 0.0581
vn -0.1697 -0.9644 0.2028
vn -0.1928 -0.9644 -0.1811
vn -0.6779 -0.7183 0.1565
vn -0.5290 -0.8480 0.0318
vn -0.1412 -0.9899 0.0085
vn -0.6917 -0.7183 -0.0742
vn 0.9670 -0.2480 -0.0581
vn 0.1697 -0.9644 -0.2028
vn 0.1928 -0.9644 0.1811
vn 0.6779 -0.7183 -0.1565
vn 0.5290 -0.8480 -0.0318
vn 0.1412 -0.9899 -0.0085
vn 0.6917 -0.7183 0.0742
vn -0.9805 -0.1898 -0.0509
vn -0.2240 -0.8494 -0.4778
vn -0.7060 -0.6306 -0.3223
vn 0.9674 -0.1898 -0.1679
vn 0.1652 -0.8494 -0.5012
vn 0.6623 -0.6306 -0.4045
vn -0.9853 -0.1096 -0.1309
vn -0.2455 -0.4904 -0.8362
vn -0.7220 -0.3641 -0.5884
vn 0.9626 -0.1096 -0.2480
vn 0.1436 -0.4904 -0.8596
vn 0.6463 -0.3641 -0.6706
vn -0.9819 -0.0000 -0.1894
vn -0.2391 -0.1923 -0.9518
vn -0.2391 0.1923 -0.9518
vn -0.7279 -0.1155 -0.6759
vn -0.5799 -0.0000 -0.8147
vn -0.2005 -0.0000 -0.9797
vn -0.7279 0.1155 -0.6759
vn 0.9522 -0.0000 -0.3056
vn 0.1235 0.1923 -0.9735
vn 0.1235 -0.1923 -0.9735
vn 0.6417 0.1155 -0.7582
vn 0.4782 -0.0000 -0.8783
vn 0.0818 -0.0000 -0.9966
vn 0.6417 -0.1155 -0.7582
vn -0.9853 0.1096 -0.1309
vn -0.2455 0.4904 -0.8362
vn -0.7220 0.3641 -0.5884
vn 0.9626 0.1096 -0.2480
vn 0.1436 0.4904 -0.8596
vn 0.6463 0.3641 -0.6706
vn -0.9805 0.1898 -0.0509
vn -0.2240 0.8494 -0.4778
vn -0.7060 0.6306 -0.3223
vn 0.9674 0.1898 -0.1679
vn 0.1652 0.8494 -0.5012
vn 0.6623 0.6306 -0.4045
vn -0.9670 0.2479 0.0581
vn -0.1928 0.9644 -0.1811
vn -0.1697 0.9644 0.2028
vn -0.6917 0.7183 -0.0742
vn -0.5290 0.8480 0.0318
vn -0.1412 0.9899 0.0085
vn -0.6779 0.7183 0.1565
vn 0.9670 0.2480 -0.0581
vn 0.1928 0.9644 0.1811
vn 0.1697 0.9644 -0.2028
vn 0.6917 0.7183 0.0742
vn 0.5290 0.8480 -0.0318
vn 0.1412 0.9899 -0.0085
vn 0.6779 0.7183 -0.1565
vn -0.9674 0.1898 0.1679
vn -0.1652 0.8494 0.5012
vn -0.6623 0.6306 0.4045
vn 0.9805 0.1898 0.0509
vn 0.2240 0.8494 0.4778
vn 0.7060 0.6306 0.3223
vn -0.9626 0.1096 0.2480
vn -0.1436 0.4904 0.8596
vn -0.6463 0.3641 0.6706
vn 0.9853 0.1096 0.1309
vn 0.2455 0.4904 0.8362
vn 0.7220 0.3641 0.5884
vn -0.9522 -0.0000 0.3056
vn -0.1234 0.1923 0.9735
vn -0.1234 -0.1923 0.9735
vn -0.6417 0.1155 0.7582
vn -0.4782 -0.0000 0.8782
vn -0.0818 -0.0000 0.9966
vn -0.6417 -0.1155 0.7582
vn 0.9819 -0.0000 0.1894
vn 0.2391 -0.1923 0.9518
vn 0.2391 0.1923 0.9518
vn 0.7279 -0.1155 0.6759
vn 0.5799 -0.0000 0.8147
vn 0.2005 -0.0000 0.9797
vn 0.7279 0.1155 0.6759
vn -0.9626 -0.1096 0.2480
vn -0.1436 -0.4904 0.8596
vn -0.6463 -0.3641 0.6706
vn 0.9853 -0.1096 0.1309
vn 0.2455 -0.4904 0.8362
vn 0.7220 -0.3641 0.5884
vn -0.9674 -0.1898 0.1679
vn -0.1652 -0.8494 0.5012
vn -0.6623 -0.6306 0.4045
vn 0.9805 -0.1898 0.0509
vn 0.2240 -0.8494 0.4778
vn 0.7060 -0.6306 0.3223
vn -0.8909 -0.2192 0.3978
vn -0.1780 -0.9808 0.0795
vn -0.6258 -0.7282 0.2795
vn 0.8909 -0.2192 -0.3978
vn 0.1780 -0.9808 -0.0795
vn 0.6258 -0.7282 -0.2795
vn -0.9356 -0.1898 0.2978
vn -0.3780 -0.8494 -0.3683
vn -0.7743 -0.6306 -0.0530
vn 0.8462 -0.1898 -0.4979
vn -0.0220 -0.8494 -0.5273
vn 0.4773 -0.6306 -0.6119
vn -0.9683 -0.1096 0.2246
vn -0.5243 -0.4904 -0.6961
vn -0.8830 -0.3641 -0.2964
vn 0.8135 -0.1096 -0.5712
vn -0.1684 -0.4904 -0.8551
vn 0.3687 -0.3641 -0.8553
vn -0.9803 -0.0000 0.1977
vn -0.5779 -0.0000 -0.8161
vn -0.9227 -0.0000 -0.3854
vn 0.8015 -0.0000 -0.5980
vn -0.2219 -0.0000 -0.9751
vn 0.3289 -0.0000 -0.9444
vn -0.9683 0.1096 0.2246
vn -0.5243 0.4904 -0.6961
vn -0.8830 0.3641 -0.2964
vn 0.8135 0.1096 -0.5712
vn -0.1684 0.4904 -0.8551
vn 0.3687 0.3641 -0.8553
vn -0.9356 0.1898 0.2978
vn -0.3780 0.8494 -0.3683
vn -0.7743 0.6306 -0.0530
vn 0.8462 0.1898 -0.4979
vn -0.0220 0.8494 -0.5273
vn 0.4773 0.6306 -0.6119
vn -0.8909 0.2192 0.3978
vn -0.1780 0.9808 0.0795
vn -0.6258 0.7282 0.2795
vn 0.8909 0.2192 -0.3978
vn 0.1780 0.9808 -0.0795
vn 0.6258 0.7282 -0.2795
vn -0.8462 0.1898 0.4979
vn 0.0220 0.8494 0.5273
vn -0.4773 0.6306 0.6119
vn 0.9356 0.1898 -0.2978
vn 0.3780 0.8494 0.3683
vn 0.7743 0.6306 0.0530
vn -0.8135 0.1096 0.5711
vn 0.1684 0.4904 0.8551
vn -0.3687 0.3641 0.8553
vn 0.9683 0.1096 -0.2245
vn 0.5244 0.4904 0.6961
vn 0.8830 0.3641 0.2964
vn -0.8015 -0.0000 0.5980
vn 0.2220 -0.0000 0.9751
vn -0.3289 -0.0000 0.9444
vn 0.9803 -0.0000 -0.1977
vn 0.5779 -0.0000 0.8161
vn 0.9227 -0.0000 0.3854
vn -0.8135 -0.1096 0.5711
vn 0.1684 -0.4904 0.8551
vn -0.3687 -0.3641 0.8553
vn 0.9683 -0.1096 -0.2245
vn 0.5244 -0.4904 0.6961
vn 0.8830 -0.3641 0.2964
vn -0.8462 -0.1898 0.4979
vn 0.0220 -0.8494 0.5273
vn -0.4773 -0.6306 0.6119
vn 0.9356 -0.1898 -0.2978
vn 0.3780 -0.8494 0.3683
vn 0.7743 -0.6306 0.0530
vn 0.7082 -0.1616 0.6872
vn -0.0000 0.7265 0.6872
vn -0.7082 0.1617 0.6872
vn -0.1333 -0.9900 -0.0472
vn 0.1333 0.9899 0.0472
vn -0.1698 -0.9644 0.2028
vn 0.1698 -0.9644 -0.2028
vn 0.1437 0.4904 -0.8596
vn -0.1698 0.9644 0.2028
vn -0.1235 0.1923 0.9735
vt 0.750000 0.750000
vt 0.700000 0.833333
vt 0.750000 0.833333
vt 0.700000 0.166667
vt 0.750000 0.250000
vt 0.750000 0.166667
vt 0.700000 0.416667
vt 0.750000 0.500000
vt 0.750000 0.416667
vt 0.750000 0.666667
vt 0.700000 0.750000
vt 0.700000 0.083333
vt 0.750000 0.083333
vt 0.750000 0.916667
vt 0.700000 0.916667
vt 0.725000 1.000000
vt 0.700000 0.333333
vt 0.750000 0.333333
vt 0.750000 0.583333
vt 0.700000 0.666667
vt 0.725000 0.000000
vt 0.700000 0.250000
vt 0.700000 0.583333
vt 0.650000 0.333333
vt 0.650000 0.666667
vt 0.675000 0.000000
vt 0.650000 0.083333
vt 0.650000 0.916667
vt 0.650000 0.250000
vt 0.700000 0.500000
vt 0.650000 0.583333
vt 0.650000 0.833333
vt 0.650000 0.166667
vt 0.650000 0.416667
vt 0.650000 0.750000
vt 0.675000 1.000000
vt 0.600000 0.416667
vt 0.650000 0.500000
vt 0.600000 0.750000
vt 0.600000 0.083333
vt 0.600000 0.916667
vt 0.625000 1.000000
vt 0.600000 0.333333
vt 0.600000 0.666667
vt 0.625000 0.000000
vt 0.600000 0.250000
vt 0.600000 0.583333
vt 0.600000 0.833333
vt 0.600000 0.166667
vt 0.550000 0.250000
vt 0.600000 0.500000
vt 0.550000 0.583333
vt 0.550000 0.833333
vt 0.550000 0.166667
vt 0.550000 0.416667
vt 0.550000 0.750000
vt 0.550000 0.083333
vt 0.550000 0.916667
vt 0.575000 1.000000
vt 0.550000 0.333333
vt 0.550000 0.666667
vt 0.575000 0.000000
vt 0.500000 0.916667
vt 0.525000 1.000000
vt 0.500000 0.333333
vt 0.500000 0.666667
vt 0.525000 0.000000
vt 0.500000 0.083333
vt 0.500000 0.250000
vt 0.550000 0.500000
vt 0.500000 0.583333
vt 0.500000 0.833333
vt 0.500000 0.166667
vt 0.500000 0.416667
vt 0.500000 0.750000
vt 0.450000 0.250000
vt 0.450000 0.500000
vt 0.500000 0.500000
vt 0.450000 0.666667
vt 0.450000 0.166667
vt 0.450000 0.916667
vt 0.475000 1.000000
vt 0.450000 0.416667
vt 0.450000 0.583333
vt 0.475000 0.000000
vt 0.450000 0.083333
vt 0.450000 0.833333
vt 0.450000 0.333333
vt 0.450000 0.750000
vt 0.400000 0.833333
vt 0.400000 0.333333
vt 0.400000 0.500000
vt 0.400000 0.750000
vt 0.400000 0.250000
vt 0.400000 0.666667
vt 0.400000 0.166667
vt 0.400000 0.916667
vt 0.425000 1.000000
vt 0.400000 0.416667
vt 0.400000 0.583333
vt 0.425000 0.000000
vt 0.400000 0.083333
vt 0.350000 0.166667
vt 0.350000 0.916667
vt 0.375000 1.000000
vt 0.350000 0.416667
vt 0.350000 0.583333
vt 0.375000 0.000000
vt 0.350000 0.083333
vt 0.350000 0.833333
vt 0.350000 0.333333
vt 0.350000 0.500000
vt 0.350000 0.750000
vt 0.350000 0.250000
vt 0.350000 0.666667
vt 0.300000 0.750000
vt 0.300000 0.250000
vt 0.300000 0.500000
vt 0.300000 0.666667
vt 0.300000 0.166667
vt 0.300000 0.916667
vt 0.325000 1.000000
vt 0.300000 0.416667
vt 0.300000 0.583333
vt 0.325000 0.000000
vt 0.300000 0.083333
vt 0.300000 0.833333
vt 0.300000 0.333333
vt 0.275000 0.000000
vt 0.250000 0.083333
vt 0.250000 0.833333
vt 0.250000 0.333333
vt 0.250000 0.500000
vt 0.250000 0.750000
vt 0.250000 0.250000
vt 0.250000 0.666667
vt 0.250000 0.166667
vt 0.250000 0.916667
vt 0.275000 1.000000
vt 0.250000 0.416667
vt 0.250000 0.583333
vt 0.200000 0.750000
vt 0.200000 0.083333
vt 0.200000 0.916667
vt 0.225000 1.000000
vt 0.200000 0.333333
vt 0.200000 0.666667
vt 0.225000 0.000000
vt 0.200000 0.250000
vt 0.200000 0.583333
vt 0.200000 0.833333
vt 0.200000 0.166667
vt 0.200000 0.416667
vt 0.150000 0.833333
vt 0.150000 0.166667
vt 0.150000 0.416667
vt 0.200000 0.500000
vt 0.150000 0.750000
vt 0.150000 0.083333
vt 0.150000 0.916667
vt 0.175000 1.000000
vt 0.150000 0.333333
vt 0.150000 0.666667
vt 0.175000 0.000000
vt 0.150000 0.250000
vt 0.150000 0.583333
vt 0.100000 0.666667
vt 0.125000 0.000000
vt 0.100000 0.083333
vt 0.100000 0.916667
vt 0.100000 0.250000
vt 0.150000 0.500000
vt 0.100000 0.583333
vt 0.100000 0.833333
vt 0.100000 0.166667
vt 0.100000 0.416667
vt 0.100000 0.750000
vt 0.125000 1.000000
vt 0.100000 0.333333
vt 0.050000 0.750000
vt 0.050000 0.083333
vt 0.050000 0.916667
vt 0.075000 1.000000
vt 0.050000 0.333333
vt 0.050000 0.666667
vt 0.075000 0.000000
vt 0.050000 0.250000
vt 0.100000 0.500000
vt 0.050000 0.583333
vt 0.050000 0.833333
vt 0.050000 0.166667
vt 0.050000 0.416667
vt 0.050000 0.500000
vt 0.000000 0.583333
vt 0.000000 0.833333
vt 0.000000 0.166667
vt 0.000000 0.416667
vt 0.000000 0.750000
vt 0.000000 0.083333
vt 0.000000 0.916667
vt 0.025000 1.000000
vt 0.000000 0.333333
vt 0.000000 0.666667
vt 0.025000 0.000000
vt 0.000000 0.250000
vt 0.950000 0.583333
vt 1.000000 0.666667
vt 1.000000 0.583333
vt 0.975000 0.000000
vt 0.950000 0.083333
vt 1.000000 0.083333
vt 0.950000 0.833333
vt 1.000000 0.916667
vt 1.000000 0.833333
vt 1.000000 0.250000
vt 0.950000 0.333333
vt 1.000000 0.333333
vt 0.950000 0.500000
vt 1.000000 0.500000
vt 0.950000 0.750000
vt 1.000000 0.750000
vt 1.000000 0.166667
vt 0.950000 0.250000
vt 1.000000 0.416667
vt 0.950000 0.666667
vt 0.950000 0.166667
vt 0.950000 0.916667
vt 0.975000 1.000000
vt 0.950000 0.416667
vt 0.900000 0.500000
vt 0.900000 0.666667
vt 0.900000 0.166667
vt 0.900000 0.916667
vt 0.925000 1.000000
vt 0.900000 0.416667
vt 0.900000 0.583333
vt 0.925000 0.000000
vt 0.900000 0.083333
vt 0.900000 0.833333
vt 0.900000 0.333333
vt 0.900000 0.750000
vt 0.900000 0.250000
vt 0.850000 0.500000
vt 0.850000 0.750000
vt 0.850000 0.250000
vt 0.850000 0.666667
vt 0.850000 0.166667
vt 0.850000 0.916667
vt 0.875000 1.000000
vt 0.850000 0.416667
vt 0.850000 0.583333
vt 0.875000 0.000000
vt 0.850000 0.083333
vt 0.850000 0.833333
vt 0.850000 0.333333
vt 0.800000 0.416667
vt 0.800000 0.583333
vt 0.825000 0.000000
vt 0.800000 0.083333
vt 0.800000 0.833333
vt 0.800000 0.333333
vt 0.800000 0.500000
vt 0.800000 0.750000
vt 0.800000 0.250000
vt 0.800000 0.666667
vt 0.800000 0.166667
vt 0.800000 0.916667
vt 0.825000 1.000000
vt 0.775000 1.000000
vt 0.775000 0.000000
vt 0.722222 0.300000
vt 0.666667 0.400000
vt 0.722222 0.400000
vt 0.666667 0.600000
vt 0.722222 0.700000
vt 0.722222 0.600000
vt 0.722222 0.900000
vt 0.666667 0.900000
vt 0.694444 1.000000
vt 0.722222 0.200000
vt 0.666667 0.300000
vt 0.666667 0.500000
vt 0.722222 0.500000
vt 0.666667 0.800000
vt 0.722222 0.800000
vt 0.722222 0.100000
vt 0.666667 0.200000
vt 0.666667 0.700000
vt 0.694444 0.000000
vt 0.666667 0.100000
vt 0.611111 0.600000
vt 0.611111 0.900000
vt 0.638889 1.000000
vt 0.611111 0.300000
vt 0.611111 0.500000
vt 0.611111 0.800000
vt 0.611111 0.200000
vt 0.611111 0.700000
vt 0.638889 0.000000
vt 0.611111 0.100000
vt 0.611111 0.400000
vt 0.583333 0.000000
vt 0.555556 0.100000
vt 0.555555 0.400000
vt 0.555555 0.600000
vt 0.555556 0.900000
vt 0.583333 1.000000
vt 0.555556 0.300000
vt 0.555555 0.500000
vt 0.555556 0.800000
vt 0.555556 0.200000
vt 0.555556 0.700000
vt 0.500000 0.500000
vt 0.500000 0.700000
vt 0.527778 0.000000
vt 0.500000 0.100000
vt 0.500000 0.400000
vt 0.500000 0.600000
vt 0.500000 0.900000
vt 0.527778 1.000000
vt 0.500000 0.300000
vt 0.500000 0.800000
vt 0.500000 0.200000
vt 0.444444 0.800000
vt 0.444444 0.100000
vt 0.444444 0.500000
vt 0.444444 0.700000
vt 0.472222 0.000000
vt 0.444444 0.300000
vt 0.444444 0.600000
vt 0.444444 0.900000
vt 0.472222 1.000000
vt 0.444444 0.200000
vt 0.388889 0.600000
vt 0.388889 0.900000
vt 0.388889 0.100000
vt 0.388889 0.400000
vt 0.444444 0.400000
vt 0.388889 0.800000
vt 0.416667 0.000000
vt 0.388889 0.300000
vt 0.388889 0.700000
vt 0.416667 1.000000
vt 0.388889 0.200000
vt 0.333333 0.900000
vt 0.361111 1.000000
vt 0.333333 0.200000
vt 0.388889 0.500000
vt 0.333333 0.600000
vt 0.333333 0.100000
vt 0.333333 0.400000
vt 0.333333 0.800000
vt 0.361111 0.000000
vt 0.333333 0.300000
vt 0.333333 0.700000
vt 0.277778 0.300000
vt 0.277778 0.700000
vt 0.277778 0.900000
vt 0.305556 1.000000
vt 0.277778 0.200000
vt 0.333333 0.500000
vt 0.277778 0.600000
vt 0.277778 0.100000
vt 0.277778 0.400000
vt 0.277778 0.800000
vt 0.305556 0.000000
vt 0.222222 0.800000
vt 0.250000 0.000000
vt 0.222222 0.100000
vt 0.222222 0.300000
vt 0.222222 0.700000
vt 0.222222 0.900000
vt 0.250000 1.000000
vt 0.222222 0.200000
vt 0.277778 0.500000
vt 0.222222 0.600000
vt 0.222222 0.400000
vt 0.166667 0.500000
vt 0.222222 0.500000
vt 0.166667 0.700000
vt 0.194444 0.000000
vt 0.166667 0.100000
vt 0.166667 0.400000
vt 0.166667 0.600000
vt 0.166667 0.900000
vt 0.194444 1.000000
vt 0.166667 0.300000
vt 0.166667 0.800000
vt 0.166667 0.200000
vt 0.111111 0.800000
vt 0.111111 0.200000
vt 0.111111 0.500000
vt 0.111111 0.700000
vt 0.138889 0.000000
vt 0.111111 0.100000
vt 0.111111 0.400000
vt 0.111111 0.600000
vt 0.111111 0.900000
vt 0.138889 1.000000
vt 0.111111 0.300000
vt 0.055556 0.300000
vt 0.055556 0.500000
vt 0.055556 0.800000
vt 0.055556 0.200000
vt 0.055556 0.700000
vt 0.083333 0.000000
vt 0.055556 0.100000
vt 0.055556 0.400000
vt 0.055556 0.600000
vt 0.055556 0.900000
vt 0.083333 1.000000
vt 0.000000 0.600000
vt 0.000000 0.900000
vt 0.027778 1.000000
vt 0.000000 0.300000
vt 0.000000 0.500000
vt 0.000000 0.800000
vt 0.000000 0.200000
vt 0.000000 0.700000
vt 0.027778 0.000000
vt 0.000000 0.100000
vt 0.000000 0.400000
vt 0.944444 0.300000
vt 1.000000 0.400000
vt 1.000000 0.300000
vt 0.944444 0.600000
vt 1.000000 0.700000
vt 1.000000 0.600000
vt 1.000000 0.900000
vt 0.944444 0.900000
vt 0.972222 1.000000
vt 0.944444 0.200000
vt 1.000000 0.200000
vt 0.944444 0.500000
vt 0.944444 0.800000
vt 1.000000 0.800000
vt 1.000000 0.100000
vt 0.944444 0.400000
vt 0.944444 0.700000
vt 0.972222 0.000000
vt 0.944444 0.100000
vt 0.888889 0.800000
vt 0.916667 0.000000
vt 0.888889 0.100000
vt 0.888889 0.300000
vt 0.888889 0.700000
vt 0.888889 0.900000
vt 0.916667 1.000000
vt 0.888889 0.200000
vt 0.888889 0.600000
vt 0.888889 0.400000
vt 0.833333 0.100000
vt 0.833333 0.400000
vt 0.888889 0.500000
vt 0.833333 0.800000
vt 0.861111 0.000000
vt 0.833333 0.300000
vt 0.833333 0.700000
vt 0.833333 0.900000
vt 0.861111 1.000000
vt 0.833333 0.200000
vt 0.833333 0.600000
vt 0.833333 0.500000
vt 0.777778 0.600000
vt 0.777778 0.900000
vt 0.777778 0.100000
vt 0.777778 0.400000
vt 0.777778 0.800000
vt 0.805556 0.000000
vt 0.777778 0.300000
vt 0.777778 0.700000
vt 0.805556 1.000000
vt 0.777778 0.200000
vt 0.750000 1.000000
vt 0.777778 0.500000
vt 0.750000 0.000000
vt 0.997640 0.500000
vt 0.928571 0.518562
vt 1.000000 0.518562
vt 0.750000 0.435842
vt 0.853791 0.465525
vt 0.750000 0.489215
vt 0.928571 1.000000
vt 1.000000 0.981438
vt 0.928571 0.981438
vt 0.353791 0.465525
vt 0.250000 0.435842
vt 0.250000 0.489215
vt 0.928571 0.500000
vt 0.857143 0.518562
vt 0.830634 0.417438
vt 0.937025 0.399148
vt 0.857143 0.981438
vt 0.437025 0.399148
vt 0.330634 0.417438
vt 0.785714 0.500000
vt 0.785714 0.518562
vt 0.931183 0.291354
vt 0.983217 0.303230
vt 0.785714 0.981438
vt 0.857143 1.000000
vt 0.431183 0.291354
vt 0.483217 0.303230
vt 0.714286 0.518562
vt 0.983217 0.196770
vt 0.714286 1.000000
vt 0.714286 0.981438
vt 0.431183 0.208646
vt 0.483217 0.196770
vt 0.714286 0.500000
vt 0.642857 0.518562
vt 0.931183 0.208646
vt 0.937025 0.100852
vt 0.642857 0.981438
vt 0.395297 0.134129
vt 0.437025 0.100852
vt 0.571428 0.500000
vt 0.571428 0.518562
vt 0.830634 0.082562
vt 0.853791 0.034475
vt 0.571428 1.000000
vt 0.571428 0.981438
vt 0.330634 0.082562
vt 0.353791 0.034475
vt 0.500000 0.500000
vt 0.500000 0.518562
vt 0.750000 0.010785
vt 0.500000 1.000000
vt 0.500000 0.981438
vt 0.250000 0.064158
vt 0.250000 0.010785
vt 0.428571 0.518562
vt 0.669366 0.082562
vt 0.646209 0.034475
vt 0.428571 0.981438
vt 0.146209 0.034475
vt 0.357143 0.500000
vt 0.357143 0.518562
vt 0.562975 0.100852
vt 0.357143 0.981438
vt 0.428571 1.000000
vt 0.062975 0.100852
vt 0.169366 0.082562
vt 0.285714 0.518562
vt 0.604703 0.134129
vt 0.516783 0.196770
vt 0.285714 1.000000
vt 0.285714 0.981438
vt 0.016783 0.196770
vt 0.104703 0.134129
vt 0.285714 0.500000
vt 0.214286 0.518562
vt 0.568817 0.208646
vt 0.516783 0.303230
vt 0.214286 1.000000
vt 0.214286 0.981438
vt 0.068817 0.291354
vt 0.016783 0.303230
vt 0.214286 0.500000
vt 0.142857 0.518562
vt 0.604703 0.365871
vt 0.562975 0.399148
vt 0.142857 0.981438
vt 0.104703 0.365871
vt 0.062975 0.399148
vt 0.142857 0.500000
vt 0.071428 0.518562
vt 0.646209 0.465525
vt 0.071428 1.000000
vt 0.071428 0.981438
vt 0.169366 0.417438
vt 0.146209 0.465525
vt 0.002360 0.500000
vt -0.000000 0.518562
vt 0.002360 1.000000
vt -0.000000 0.981438
vt 0.568817 0.291354
vt 0.750000 0.064158
vt 0.750000 0.435337
vt 0.746177 0.488976
vt 0.717667 0.481336
vt 0.022454 0.500000
vt 0.000000 0.509167
vt 0.035417 0.509167
vt 1.000000 0.509167
vt 0.977546 0.500000
vt 0.964583 0.509167
vt 0.250000 0.435337
vt 0.253823 0.488976
vt 0.282333 0.481336
vt 0.977546 1.000000
vt 1.000000 0.990833
vt 0.964583 0.990833
vt 0.000000 0.990833
vt 0.022454 1.000000
vt 0.035417 0.990833
vt 0.935337 0.250000
vt 0.988976 0.253823
vt 0.981336 0.282333
vt 0.772454 0.500000
vt 0.750000 0.509167
vt 0.785417 0.509167
vt 0.727546 0.500000
vt 0.714583 0.509167
vt 0.435337 0.250000
vt 0.488976 0.246177
vt 0.481336 0.217667
vt 0.727546 1.000000
vt 0.750000 0.990833
vt 0.714583 0.990833
vt 0.772454 1.000000
vt 0.785417 0.990833
vt 0.750000 0.064663
vt 0.753823 0.011024
vt 0.782333 0.018664
vt 0.522454 0.500000
vt 0.500000 0.509167
vt 0.535417 0.509167
vt 0.477546 0.500000
vt 0.464583 0.509167
vt 0.250000 0.064663
vt 0.246177 0.011024
vt 0.217667 0.018664
vt 0.477546 1.000000
vt 0.500000 0.990833
vt 0.464583 0.990833
vt 0.522454 1.000000
vt 0.535417 0.990833
vt 0.564663 0.250000
vt 0.511024 0.246177
vt 0.518664 0.217667
vt 0.272454 0.500000
vt 0.250000 0.509167
vt 0.285417 0.509167
vt 0.227546 0.500000
vt 0.214583 0.509167
vt 0.064663 0.250000
vt 0.011024 0.253823
vt 0.018664 0.282333
vt 0.227546 1.000000
vt 0.250000 0.990833
vt 0.214583 0.990833
vt 0.272454 1.000000
vt 0.285417 0.990833
vt 0.916667 0.500000
vt 0.916667 0.509167
vt 0.782333 0.481336
vt 0.842669 0.410507
vt 0.869464 0.456917
vt 0.916667 0.990833
vt 0.342669 0.410507
vt 0.369464 0.456917
vt 0.833333 0.509167
vt 0.910507 0.342669
vt 0.956917 0.369464
vt 0.833333 0.990833
vt 0.456917 0.369464
vt 0.833333 1.000000
vt 0.481336 0.282333
vt 0.410507 0.342669
vt 0.666667 0.500000
vt 0.666667 0.509167
vt 0.981336 0.217667
vt 0.910507 0.157331
vt 0.956917 0.130536
vt 0.666667 1.000000
vt 0.666667 0.990833
vt 0.410507 0.157331
vt 0.456917 0.130536
vt 0.583333 0.500000
vt 0.583333 0.509167
vt 0.869464 0.043083
vt 0.583333 1.000000
vt 0.583333 0.990833
vt 0.369464 0.043083
vt 0.842669 0.089493
vt 0.282333 0.018664
vt 0.342669 0.089493
vt 0.416667 0.500000
vt 0.416667 0.509167
vt 0.717667 0.018664
vt 0.657331 0.089493
vt 0.630536 0.043083
vt 0.416667 1.000000
vt 0.416667 0.990833
vt 0.157331 0.089493
vt 0.130536 0.043083
vt 0.333333 0.509167
vt 0.543083 0.130536
vt 0.333333 1.000000
vt 0.333333 0.990833
vt 0.089493 0.157331
vt 0.043083 0.130536
vt 0.333333 0.500000
vt 0.589493 0.157331
vt 0.018664 0.217667
vt 0.166667 0.500000
vt 0.166667 0.509167
vt 0.518664 0.282333
vt 0.589493 0.342669
vt 0.543083 0.369464
vt 0.166667 1.000000
vt 0.166667 0.990833
vt 0.089493 0.342669
vt 0.043083 0.369464
vt 0.083333 0.500000
vt 0.083333 0.509167
vt 0.630536 0.456917
vt 0.083333 1.000000
vt 0.083333 0.990833
vt 0.157331 0.410507
vt 0.130536 0.456917
vt 0.657331 0.410507
vt 0.217667 0.481336
vt 0.916667 0.500000
vt 0.750000 0.488928
vt 0.842669 0.410507
vt 0.997220 1.000000
vt 0.250000 0.435337
vt 0.250000 0.488928
vt 0.833333 0.509167
vt 0.833333 0.990833
vt 0.410507 0.342669
vt 0.935337 0.250000
vt 0.988927 0.250000
vt 0.750000 1.000000
vt 0.488928 0.250000
vt 0.956917 0.130536
vt 0.410507 0.157331
vt 0.456917 0.130536
vt 0.342669 0.089493
vt 0.750000 0.011072
vt 0.500000 1.000000
vt 0.250000 0.064663
vt 0.250000 0.011072
vt 0.500000 0.500000
vt 0.416667 0.509167
vt 0.416667 0.990833
vt 0.130536 0.043083
vt 0.543083 0.130536
vt 0.089493 0.157331
vt 0.043083 0.130536
vt 0.250000 0.500000
vt 0.511072 0.250000
vt 0.011073 0.250000
vt 0.043083 0.369464
vt 0.157331 0.410507
vt 0.130536 0.456917
vt 0.002780 0.500000
vt 0.657331 0.410507
vt 0.002780 1.000000
vt 0.564663 0.250000
vt 0.785714 1.000000
vt 0.395297 0.365871
vt 0.357143 1.000000
vt 0.669366 0.417438
vt 0.342669 0.410507
vt 0.910507 0.157331
vt 0.997640 1.000000
vt 0.857143 0.500000
vt 0.895297 0.365871
vt 0.642857 0.500000
vt 0.895297 0.134129
vt 0.642857 1.000000
vt 0.428571 0.500000
vt 0.068817 0.208646
vt 0.142857 1.000000
vt 0.071428 0.500000
vt 0.000000 0.503874
vt 0.997345 0.500000
vt 1.000000 0.996126
vt 0.002655 1.000000
vt 0.748673 0.501937
vt 0.751327 0.998063
vt 0.498673 0.501937
vt 0.501327 0.998063
vt 0.248673 0.501937
vt 0.251327 0.998063
vt 0.997220 0.500000
vt 0.750000 0.435337
vt 0.583333 1.000000
vt 0.416667 0.500000
vt 0.250000 1.000000
vt 0.089493 0.342669
vt 0.083333 1.000000
s 1
usemtl CoralRed
f 219/1/219 11/2/11 3/3/3
f 19/4/19 222/5/222 7/6/7
f 16/7/16 5/8/5 6/9/6
f 220/10/220 12/11/12 219/1/219
f 20/12/20 7/6/7 8/13/8
f 2/14/2 10/15/10 1/16/1
f 17/17/17 6/9/6 221/18/221
f 4/19/4 13/20/13 220/10/220
f 9/21/9 20/12/20 8/13/8
f 3/3/3 10/15/10 2/14/2
f 18/22/18 221/18/221 222/5/222
f 5/8/5 14/23/14 4/19/4
f 28/24/28 16/7/16 17/17/17
f 14/23/14 24/25/24 13/20/13
f 9/26/9 31/27/31 20/12/20
f 11/2/11 21/28/21 10/15/10
f 29/29/29 17/17/17 18/22/18
f 15/30/15 25/31/25 14/23/14
f 12/11/12 22/32/22 11/2/11
f 30/33/30 18/22/18 19/4/19
f 27/34/27 15/30/15 16/7/16
f 13/20/13 23/35/23 12/11/12
f 31/27/31 19/4/19 20/12/20
f 10/15/10 21/28/21 1/36/1
f 38/37/38 26/38/26 27/34/27
f 24/25/24 34/39/34 23/35/23
f 42/40/42 30/33/30 31/27/31
f 21/28/21 32/41/32 1/42/1
f 39/43/39 27/34/27 28/24/28
f 25/31/25 35/44/35 24/25/24
f 9/45/9 42/40/42 31/27/31
f 22/32/22 32/41/32 21/28/21
f 40/46/40 28/24/28 29/29/29
f 26/38/26 36/47/36 25/31/25
f 23/35/23 33/48/33 22/32/22
f 41/49/41 29/29/29 30/33/30
f 51/50/51 39/43/39 40/46/40
f 37/51/37 47/52/47 36/47/36
f 34/39/34 44/53/44 33/48/33
f 52/54/52 40/46/40 41/49/41
f 49/55/49 37/51/37 38/37/38
f 35/44/35 45/56/45 34/39/34
f 53/57/53 41/49/41 42/40/42
f 32/41/32 43/58/43 1/59/1
f 50/60/50 38/37/38 39/43/39
f 36/47/36 46/61/46 35/44/35
f 9/62/9 53/57/53 42/40/42
f 33/48/33 43/58/43 32/41/32
f 43/58/43 54/63/54 1/64/1
f 61/65/61 49/55/49 50/60/50
f 47/52/47 57/66/57 46/61/46
f 9/67/9 64/68/64 53/57/53
f 44/53/44 54/63/54 43/58/43
f 62/69/62 50/60/50 51/50/51
f 48/70/48 58/71/58 47/52/47
f 45/56/45 55/72/55 44/53/44
f 63/73/63 51/50/51 52/54/52
f 60/74/60 48/70/48 49/55/49
f 46/61/46 56/75/56 45/56/45
f 64/68/64 52/54/52 53/57/53
f 63/73/63 73/76/73 62/69/62
f 60/74/60 70/77/70 59/78/59
f 68/79/68 56/75/56 57/66/57
f 64/68/64 74/80/74 63/73/63
f 54/63/54 65/81/65 1/82/1
f 61/65/61 71/83/71 60/74/60
f 69/84/69 57/66/57 58/71/58
f 9/85/9 75/86/75 64/68/64
f 66/87/66 54/63/54 55/72/55
f 62/69/62 72/88/72 61/65/61
f 70/77/70 58/71/58 59/78/59
f 67/89/67 55/72/55 56/75/56
f 77/90/77 65/81/65 66/87/66
f 73/76/73 83/91/83 72/88/72
f 81/92/81 69/84/69 70/77/70
f 78/93/78 66/87/66 67/89/67
f 74/80/74 84/94/84 73/76/73
f 71/83/71 81/92/81 70/77/70
f 79/95/79 67/89/67 68/79/68
f 75/86/75 85/96/85 74/80/74
f 65/81/65 76/97/76 1/98/1
f 72/88/72 82/99/82 71/83/71
f 80/100/80 68/79/68 69/84/69
f 9/101/9 86/102/86 75/86/75
f 86/102/86 96/103/96 85/96/85
f 76/97/76 87/104/87 1/105/1
f 83/91/83 93/106/93 82/99/82
f 91/107/91 79/95/79 80/100/80
f 9/108/9 97/109/97 86/102/86
f 88/110/88 76/97/76 77/90/77
f 84/94/84 94/111/94 83/91/83
f 92/112/92 80/100/80 81/92/81
f 89/113/89 77/90/77 78/93/78
f 85/96/85 95/114/95 84/94/84
f 82/99/82 92/112/92 81/92/81
f 90/115/90 78/93/78 79/95/79
f 100/116/100 88/110/88 89/113/89
f 96/103/96 106/117/106 95/114/95
f 93/106/93 103/118/103 92/112/92
f 101/119/101 89/113/89 90/115/90
f 97/109/97 107/120/107 96/103/96
f 87/104/87 98/121/98 1/122/1
f 94/111/94 104/123/104 93/106/93
f 102/124/102 90/115/90 91/107/91
f 9/125/9 108/126/108 97/109/97
f 99/127/99 87/104/87 88/110/88
f 95/114/95 105/128/105 94/111/94
f 103/118/103 91/107/91 92/112/92
f 9/129/9 119/130/119 108/126/108
f 110/131/110 98/121/98 99/127/99
f 106/117/106 116/132/116 105/128/105
f 114/133/114 102/124/102 103/118/103
f 111/134/111 99/127/99 100/116/100
f 107/120/107 117/135/117 106/117/106
f 104/123/104 114/133/114 103/118/103
f 112/136/112 100/116/100 101/119/101
f 108/126/108 118/137/118 107/120/107
f 98/121/98 109/138/109 1/139/1
f 105/128/105 115/140/115 104/123/104
f 113/141/113 101/119/101 102/124/102
f 112/136/112 122/142/122 111/134/111
f 130/143/130 118/137/118 119/130/119
f 109/138/109 120/144/120 1/145/1
f 127/146/127 115/140/115 116/132/116
f 113/141/113 123/147/123 112/136/112
f 9/148/9 130/143/130 119/130/119
f 110/131/110 120/144/120 109/138/109
f 128/149/128 116/132/116 117/135/117
f 114/133/114 124/150/124 113/141/113
f 111/134/111 121/151/121 110/131/110
f 129/152/129 117/135/117 118/137/118
f 126/153/126 114/133/114 115/140/115
f 122/142/122 132/154/132 121/151/121
f 140/155/140 128/149/128 129/152/129
f 137/156/137 125/157/125 126/153/126
f 123/147/123 133/158/133 122/142/122
f 141/159/141 129/152/129 130/143/130
f 120/144/120 131/160/131 1/161/1
f 138/162/138 126/153/126 127/146/127
f 124/150/124 134/163/134 123/147/123
f 9/164/9 141/159/141 130/143/130
f 121/151/121 131/160/131 120/144/120
f 139/165/139 127/146/127 128/149/128
f 125/157/125 135/166/135 124/150/124
f 135/166/135 145/167/145 134/163/134
f 9/168/9 152/169/152 141/159/141
f 132/154/132 142/170/142 131/160/131
f 150/171/150 138/162/138 139/165/139
f 136/172/136 146/173/146 135/166/135
f 133/158/133 143/174/143 132/154/132
f 151/175/151 139/165/139 140/155/140
f 148/176/148 136/172/136 137/156/137
f 134/163/134 144/177/144 133/158/133
f 152/169/152 140/155/140 141/159/141
f 131/160/131 142/170/142 1/178/1
f 149/179/149 137/156/137 138/162/138
f 145/167/145 155/180/155 144/177/144
f 163/181/163 151/175/151 152/169/152
f 142/170/142 153/182/153 1/183/1
f 160/184/160 148/176/148 149/179/149
f 146/173/146 156/185/156 145/167/145
f 9/186/9 163/181/163 152/169/152
f 143/174/143 153/182/153 142/170/142
f 161/187/161 149/179/149 150/171/150
f 147/188/147 157/189/157 146/173/146
f 144/177/144 154/190/154 143/174/143
f 162/191/162 150/171/150 151/175/151
f 159/192/159 147/188/147 148/176/148
f 158/193/158 168/194/168 157/189/157
f 155/180/155 165/195/165 154/190/154
f 173/196/173 161/187/161 162/191/162
f 170/197/170 158/193/158 159/192/159
f 156/185/156 166/198/166 155/180/155
f 174/199/174 162/191/162 163/181/163
f 153/182/153 164/200/164 1/201/1
f 171/202/171 159/192/159 160/184/160
f 157/189/157 167/203/167 156/185/156
f 9/204/9 174/199/174 163/181/163
f 154/190/154 164/200/164 153/182/153
f 172/205/172 160/184/160 161/187/161
f 179/206/179 167/207/167 168/208/168
f 9/209/9 185/210/185 174/211/174
f 176/212/176 164/213/164 165/214/165
f 172/215/172 182/216/182 171/217/171
f 180/218/180 168/208/168 169/219/169
f 177/220/177 165/214/165 166/221/166
f 173/222/173 183/223/183 172/215/172
f 170/224/170 180/218/180 169/219/169
f 178/225/178 166/221/166 167/207/167
f 174/211/174 184/226/184 173/222/173
f 164/213/164 175/227/175 1/228/1
f 171/217/171 181/229/181 170/224/170
f 181/229/181 191/230/191 180/218/180
f 189/231/189 177/220/177 178/225/178
f 185/210/185 195/232/195 184/226/184
f 175/227/175 186/233/186 1/234/1
f 182/216/182 192/235/192 181/229/181
f 190/236/190 178/225/178 179/206/179
f 9/237/9 196/238/196 185/210/185
f 187/239/187 175/227/175 176/212/176
f 183/223/183 193/240/193 182/216/182
f 191/230/191 179/206/179 180/218/180
f 188/241/188 176/212/176 177/220/177
f 184/226/184 194/242/194 183/223/183
f 202/243/202 190/236/190 191/230/191
f 199/244/199 187/239/187 188/241/188
f 195/232/195 205/245/205 194/242/194
f 192/235/192 202/243/202 191/230/191
f 200/246/200 188/241/188 189/231/189
f 196/238/196 206/247/206 195/232/195
f 186/233/186 197/248/197 1/249/1
f 193/240/193 203/250/203 192/235/192
f 201/251/201 189/231/189 190/236/190
f 9/252/9 207/253/207 196/238/196
f 198/254/198 186/233/186 187/239/187
f 194/242/194 204/255/204 193/240/193
f 204/255/204 214/256/214 203/250/203
f 212/257/212 200/246/200 201/251/201
f 9/258/9 218/259/218 207/253/207
f 209/260/209 197/248/197 198/254/198
f 205/245/205 215/261/215 204/255/204
f 213/262/213 201/251/201 202/243/202
f 210/263/210 198/254/198 199/244/199
f 206/247/206 216/264/216 205/245/205
f 203/250/203 213/262/213 202/243/202
f 211/265/211 199/244/199 200/246/200
f 207/253/207 217/266/217 206/247/206
f 197/248/197 208/267/208 1/268/1
f 214/256/214 5/8/5 213/262/213
f 220/10/220 210/263/210 211/265/211
f 218/259/218 7/6/7 217/266/217
f 208/267/208 2/14/2 1/269/1
f 215/261/215 6/9/6 214/256/214
f 4/19/4 211/265/211 212/257/212
f 9/270/9 8/13/8 218/259/218
f 3/3/3 208/267/208 209/260/209
f 216/264/216 221/18/221 215/261/215
f 5/8/5 212/257/212 213/262/213
f 219/1/219 209/260/209 210/263/210
f 217/266/217 222/5/222 216/264/216
f 219/1/219 12/11/12 11/2/11
f 19/4/19 18/22/18 222/5/222
f 16/7/16 15/30/15 5/8/5
f 220/10/220 13/20/13 12/11/12
f 20/12/20 19/4/19 7/6/7
f 17/17/17 16/7/16 6/9/6
f 4/19/4 14/23/14 13/20/13
f 3/3/3 11/2/11 10/15/10
f 18/22/18 17/17/17 221/18/221
f 5/8/5 15/30/15 14/23/14
f 28/24/28 27/34/27 16/7/16
f 14/23/14 25/31/25 24/25/24
f 11/2/11 22/32/22 21/28/21
f 29/29/29 28/24/28 17/17/17
f 15/30/15 26/38/26 25/31/25
f 12/11/12 23/35/23 22/32/22
f 30/33/30 29/29/29 18/22/18
f 27/34/27 26/38/26 15/30/15
f 13/20/13 24/25/24 23/35/23
f 31/27/31 30/33/30 19/4/19
f 38/37/38 37/51/37 26/38/26
f 24/25/24 35/44/35 34/39/34
f 42/40/42 41/49/41 30/33/30
f 39/43/39 38/37/38 27/34/27
f 25/31/25 36/47/36 35/44/35
f 22/32/22 33/48/33 32/41/32
f 40/46/40 39/43/39 28/24/28
f 26/38/26 37/51/37 36/47/36
f 23/35/23 34/39/34 33/48/33
f 41/49/41 40/46/40 29/29/29
f 51/50/51 50/60/50 39/43/39
f 37/51/37 48/70/48 47/52/47
f 34/39/34 45/56/45 44/53/44
f 52/54/52 51/50/51 40/46/40
f 49/55/49 48/70/48 37/51/37
f 35/44/35 46/61/46 45/56/45
f 53/57/53 52/54/52 41/49/41
f 50/60/50 49/55/49 38/37/38
f 36/47/36 47/52/47 46/61/46
f 33/48/33 44/53/44 43/58/43
f 61/65/61 60/74/60 49/55/49
f 47/52/47 58/71/58 57/66/57
f 44/53/44 55/72/55 54/63/54
f 62/69/62 61/65/61 50/60/50
f 48/70/48 59/78/59 58/71/58
f 45/56/45 56/75/56 55/72/55
f 63/73/63 62/69/62 51/50/51
f 60/74/60 59/78/59 48/70/48
f 46/61/46 57/66/57 56/75/56
f 64/68/64 63/73/63 52/54/52
f 63/73/63 74/80/74 73/76/73
f 60/74/60 71/83/71 70/77/70
f 68/79/68 67/89/67 56/75/56
f 64/68/64 75/86/75 74/80/74
f 61/65/61 72/88/72 71/83/71
f 69/84/69 68/79/68 57/66/57
f 66/87/66 65/81/65 54/63/54
f 62/69/62 73/76/73 72/88/72
f 70/77/70 69/84/69 58/71/58
f 67/89/67 66/87/66 55/72/55
f 77/90/77 76/97/76 65/81/65
f 73/76/73 84/94/84 83/91/83
f 81/92/81 80/100/80 69/84/69
f 78/93/78 77/90/77 66/87/66
f 74/80/74 85/96/85 84/94/84
f 71/83/71 82/99/82 81/92/81
f 79/95/79 78/93/78 67/89/67
f 75/86/75 86/102/86 85/96/85
f 72/88/72 83/91/83 82/99/82
f 80/100/80 79/95/79 68/79/68
f 86/102/86 97/109/97 96/103/96
f 83/91/83 94/111/94 93/106/93
f 91/107/91 90/115/90 79/95/79
f 88/110/88 87/104/87 76/97/76
f 84/94/84 95/114/95 94/111/94
f 92/112/92 91/107/91 80/100/80
f 89/113/89 88/110/88 77/90/77
f 85/96/85 96/103/96 95/114/95
f 82/99/82 93/106/93 92/112/92
f 90/115/90 89/113/89 78/93/78
f 100/116/100 99/127/99 88/110/88
f 96/103/96 107/120/107 106/117/106
f 93/106/93 104/123/104 103/118/103
f 101/119/101 100/116/100 89/113/89
f 97/109/97 108/126/108 107/120/107
f 94/111/94 105/128/105 104/123/104
f 102/124/102 101/119/101 90/115/90
f 99/127/99 98/121/98 87/104/87
f 95/114/95 106/117/106 105/128/105
f 103/118/103 102/124/102 91/107/91
f 110/131/110 109/138/109 98/121/98
f 106/117/106 117/135/117 116/132/116
f 114/133/114 113/141/113 102/124/102
f 111/134/111 110/131/110 99/127/99
f 107/120/107 118/137/118 117/135/117
f 104/123/104 115/140/115 114/133/114
f 112/136/112 111/134/111 100/116/100
f 108/126/108 119/130/119 118/137/118
f 105/128/105 116/132/116 115/140/115
f 113/141/113 112/136/112 101/119/101
f 112/136/112 123/147/123 122/142/122
f 130/143/130 129/152/129 118/137/118
f 127/146/127 126/153/126 115/140/115
f 113/141/113 124/150/124 123/147/123
f 110/131/110 121/151/121 120/144/120
f 128/149/128 127/146/127 116/132/116
f 114/133/114 125/157/125 124/150/124
f 111/134/111 122/142/122 121/151/121
f 129/152/129 128/149/128 117/135/117
f 126/153/126 125/157/125 114/133/114
f 122/142/122 133/158/133 132/154/132
f 140/155/140 139/165/139 128/149/128
f 137/156/137 136/172/136 125/157/125
f 123/147/123 134/163/134 133/158/133
f 141/159/141 140/155/140 129/152/129
f 138/162/138 137/156/137 126/153/126
f 124/150/124 135/166/135 134/163/134
f 121/151/121 132/154/132 131/160/131
f 139/165/139 138/162/138 127/146/127
f 125/157/125 136/172/136 135/166/135
f 135/166/135 146/173/146 145/167/145
f 132/154/132 143/174/143 142/170/142
f 150/171/150 149/179/149 138/162/138
f 136/172/136 147/188/147 146/173/146
f 133/158/133 144/177/144 143/174/143
f 151/175/151 150/171/150 139/165/139
f 148/176/148 147/188/147 136/172/136
f 134/163/134 145/167/145 144/177/144
f 152/169/152 151/175/151 140/155/140
f 149/179/149 148/176/148 137/156/137
f 145/167/145 156/185/156 155/180/155
f 163/181/163 162/191/162 151/175/151
f 160/184/160 159/192/159 148/176/148
f 146/173/146 157/189/157 156/185/156
f 143/174/143 154/190/154 153/182/153
f 161/187/161 160/184/160 149/179/149
f 147/188/147 158/193/158 157/189/157
f 144/177/144 155/180/155 154/190/154
f 162/191/162 161/187/161 150/171/150
f 159/192/159 158/193/158 147/188/147
f 158/193/158 169/416/169 168/194/168
f 155/180/155 166/198/166 165/195/165
f 173/196/173 172/205/172 161/187/161
f 170/197/170 169/416/169 158/193/158
f 156/185/156 167/203/167 166/198/166
f 174/199/174 173/196/173 162/191/162
f 171/202/171 170/197/170 159/192/159
f 157/189/157 168/194/168 167/203/167
f 154/190/154 165/195/165 164/200/164
f 172/205/172 171/202/171 160/184/160
f 179/206/179 178/225/178 167/207/167
f 176/212/176 175/227/175 164/213/164
f 172/215/172 183/223/183 182/216/182
f 180/218/180 179/206/179 168/208/168
f 177/220/177 176/212/176 165/214/165
f 173/222/173 184/226/184 183/223/183
f 170/224/170 181/229/181 180/218/180
f 178/225/178 177/220/177 166/221/166
f 174/211/174 185/210/185 184/226/184
f 171/217/171 182/216/182 181/229/181
f 181/229/181 192/235/192 191/230/191
f 189/231/189 188/241/188 177/220/177
f 185/210/185 196/238/196 195/232/195
f 182/216/182 193/240/193 192/235/192
f 190/236/190 189/231/189 178/225/178
f 187/239/187 186/233/186 175/227/175
f 183/223/183 194/242/194 193/240/193
f 191/230/191 190/236/190 179/206/179
f 188/241/188 187/239/187 176/212/176
f 184/226/184 195/232/195 194/242/194
f 202/243/202 201/251/201 190/236/190
f 199/244/199 198/254/198 187/239/187
f 195/232/195 206/247/206 205/245/205
f 192/235/192 203/250/203 202/243/202
f 200/246/200 199/244/199 188/241/188
f 196/238/196 207/253/207 206/247/206
f 193/240/193 204/255/204 203/250/203
f 201/251/201 200/246/200 189/231/189
f 198/254/198 197/248/197 186/233/186
f 194/242/194 205/245/205 204/255/204
f 204/255/204 215/261/215 214/256/214
f 212/257/212 211/265/211 200/246/200
f 209/260/209 208/267/208 197/248/197
f 205/245/205 216/264/216 215/261/215
f 213/262/213 212/257/212 201/251/201
f 210/263/210 209/260/209 198/254/198
f 206/247/206 217/266/217 216/264/216
f 203/250/203 214/256/214 213/262/213
f 211/265/211 210/263/210 199/244/199
f 207/253/207 218/259/218 217/266/217
f 214/256/214 6/9/6 5/8/5
f 220/10/220 219/1/219 210/263/210
f 218/259/218 8/13/8 7/6/7
f 215/261/215 221/18/221 6/9/6
f 4/19/4 220/10/220 211/265/211
f 3/3/3 2/14/2 208/267/208
f 216/264/216 222/5/222 221/18/221
f 5/8/5 4/19/4 212/257/212
f 219/1/219 3/3/3 209/260/209
f 217/266/217 7/6/7 222/5/222
usemtl Golden
f 384/271/382 230/272/230 383/273/381
f 228/274/228 380/275/379 381/276/380
f 378/277/377 225/278/225 223/279/223
f 385/280/383 231/281/231 384/271/382
f 229/282/229 381/276/380 382/283/5
f 226/284/226 378/277/377 379/285/378
f 386/286/384 232/287/232 385/280/383
f 383/273/381 229/282/229 382/283/5
f 227/288/227 379/285/378 380/275/379
f 224/289/224 233/290/233 386/286/384
f 237/291/237 227/288/227 228/274/228
f 225/278/225 234/292/234 223/293/223
f 232/287/232 240/294/240 231/281/231
f 238/295/238 228/274/228 229/282/229
f 235/296/235 225/278/225 226/284/226
f 233/290/233 241/297/241 232/287/232
f 230/272/230 238/295/238 229/282/229
f 236/298/236 226/284/226 227/288/227
f 224/299/224 242/300/242 233/290/233
f 231/281/231 239/301/239 230/272/230
f 224/302/224 251/303/251 242/300/242
f 240/294/240 248/304/248 239/301/239
f 246/305/246 236/298/236 237/291/237
f 234/292/234 243/306/243 223/307/223
f 241/297/241 249/308/249 240/294/240
f 247/309/247 237/291/237 238/295/238
f 244/310/244 234/292/234 235/296/235
f 242/300/242 250/311/250 241/297/241
f 239/301/239 247/309/247 238/295/238
f 245/312/245 235/296/235 236/298/236
f 248/304/248 256/313/256 247/309/247
f 254/314/254 244/310/244 245/312/245
f 224/315/224 260/316/260 251/303/251
f 249/308/249 257/317/257 248/304/248
f 255/318/255 245/312/245 246/305/246
f 243/306/243 252/319/252 223/320/223
f 250/311/250 258/321/258 249/308/249
f 256/313/256 246/305/246 247/309/247
f 253/322/253 243/306/243 244/310/244
f 251/303/251 259/323/259 250/311/250
f 262/324/262 252/319/252 253/322/253
f 269/325/269 259/323/259 260/316/260
f 257/317/257 265/326/265 256/313/256
f 263/327/263 253/322/253 254/314/254
f 224/328/224 269/325/269 260/316/260
f 267/329/267 257/317/257 258/321/258
f 264/330/264 254/314/254 255/318/255
f 252/319/252 261/331/261 223/332/223
f 268/333/268 258/321/258 259/323/259
f 265/326/265 255/318/255 256/313/256
f 265/326/265 273/334/273 264/330/264
f 262/324/262 270/335/270 261/331/261
f 278/336/278 268/333/268 269/325/269
f 275/337/275 265/326/265 266/338/266
f 263/327/263 271/339/271 262/324/262
f 224/340/224 278/336/278 269/325/269
f 276/341/276 266/338/266 267/329/267
f 264/330/264 272/342/272 263/327/263
f 261/331/261 270/335/270 223/343/223
f 277/344/277 267/329/267 268/333/268
f 270/335/270 279/345/279 223/346/223
f 286/347/286 276/341/276 277/344/277
f 274/348/274 282/349/282 273/334/273
f 271/339/271 279/345/279 270/335/270
f 287/350/287 277/344/277 278/336/278
f 284/351/284 274/348/274 275/337/275
f 272/342/272 280/352/280 271/339/271
f 224/353/224 287/350/287 278/336/278
f 285/354/285 275/337/275 276/341/276
f 273/334/273 281/355/281 272/342/272
f 294/356/294 284/351/284 285/354/285
f 282/349/282 290/357/290 281/355/281
f 279/345/279 288/358/288 223/359/223
f 295/360/295 285/354/285 286/347/286
f 283/361/283 291/362/291 282/349/282
f 280/352/280 288/358/288 279/345/279
f 296/363/296 286/347/286 287/350/287
f 293/364/293 283/361/283 284/351/284
f 281/355/281 289/365/289 280/352/280
f 224/366/224 296/363/296 287/350/287
f 290/357/290 298/367/298 289/365/289
f 224/368/224 305/369/304 296/363/296
f 303/370/302 293/364/293 294/356/294
f 291/362/291 299/371/299 290/357/290
f 288/358/288 297/372/297 223/373/223
f 304/374/303 294/356/294 295/360/295
f 292/375/292 300/376/300 291/362/291
f 289/365/289 297/372/297 288/358/288
f 305/369/304 295/360/295 296/363/296
f 302/377/301 292/375/292 293/364/293
f 302/377/301 310/378/309 301/379/114
f 308/380/307 298/367/298 299/371/299
f 224/381/224 314/382/313 305/369/304
f 303/370/302 311/383/310 302/377/301
f 309/384/308 299/371/299 300/376/300
f 297/372/297 306/385/305 223/386/223
f 304/374/303 312/387/311 303/370/302
f 310/378/309 300/376/300 301/379/114
f 307/388/306 297/372/297 298/367/298
f 305/369/304 313/389/312 304/374/303
f 316/390/315 306/385/305 307/388/306
f 314/382/313 322/391/321 313/389/312
f 311/383/310 319/392/318 310/378/309
f 317/393/316 307/388/306 308/380/307
f 224/394/224 323/395/322 314/382/313
f 312/387/311 320/396/319 311/383/310
f 318/397/317 308/380/307 309/384/308
f 306/385/305 315/398/314 223/399/223
f 313/389/312 321/400/320 312/387/311
f 319/392/318 309/384/308 310/378/309
f 322/391/321 330/401/329 321/400/320
f 328/402/327 318/397/317 319/392/318
f 325/403/324 315/398/314 316/390/315
f 323/395/322 331/404/330 322/391/321
f 320/396/319 328/402/327 319/392/318
f 326/405/325 316/390/315 317/393/316
f 224/406/224 332/407/331 323/395/322
f 321/400/320 329/408/328 320/396/319
f 327/409/326 317/393/316 318/397/317
f 315/398/314 324/410/323 223/411/223
f 336/412/335 326/405/325 327/409/326
f 324/410/323 333/413/332 223/414/223
f 331/404/330 339/415/338 330/401/329
f 337/416/336 327/409/326 328/402/327
f 334/417/333 324/410/323 325/403/324
f 332/407/331 340/418/339 331/404/330
f 329/408/328 337/416/336 328/402/327
f 335/419/334 325/403/324 326/405/325
f 224/420/224 341/421/340 332/407/331
f 330/401/329 338/422/337 329/408/328
f 348/423/347 338/424/337 339/425/338
f 345/426/344 335/427/334 336/428/335
f 333/429/332 342/430/341 223/431/223
f 349/432/348 339/425/338 340/433/339
f 346/434/345 336/428/335 337/219/336
f 343/435/342 333/429/332 334/436/333
f 341/437/340 349/432/348 340/433/339
f 347/438/346 337/219/336 338/424/337
f 344/439/343 334/436/333 335/427/334
f 224/440/224 350/441/349 341/437/340
f 344/439/343 352/442/351 343/435/342
f 224/443/224 359/444/358 350/441/349
f 357/445/356 347/438/346 348/423/347
f 345/426/344 353/446/352 344/439/343
f 342/430/341 351/447/350 223/448/223
f 358/449/357 348/423/347 349/432/348
f 346/434/345 354/450/353 345/426/344
f 343/435/342 351/447/350 342/430/341
f 359/444/358 349/432/348 350/441/349
f 356/451/355 346/434/345 347/438/346
f 368/452/367 358/449/357 359/444/358
f 365/453/364 355/454/354 356/451/355
f 353/446/352 361/455/360 352/442/351
f 224/456/224 368/452/367 359/444/358
f 366/457/365 356/451/355 357/445/356
f 354/450/353 362/458/361 353/446/352
f 351/447/350 360/459/359 223/460/223
f 367/461/366 357/445/356 358/449/357
f 355/454/354 363/462/362 354/450/353
f 352/442/351 360/459/359 351/447/350
f 364/463/363 372/464/371 363/462/362
f 361/455/360 369/465/368 360/459/359
f 377/466/376 367/461/366 368/452/367
f 374/467/373 364/463/363 365/453/364
f 362/458/361 370/468/369 361/455/360
f 224/469/224 377/466/376 368/452/367
f 375/470/374 365/453/364 366/457/365
f 363/462/362 371/471/370 362/458/361
f 360/459/359 369/465/368 223/472/223
f 376/473/375 366/457/365 367/461/366
f 369/465/368 378/277/377 223/474/223
f 385/280/383 375/470/374 376/473/375
f 373/475/372 381/276/380 372/464/371
f 370/468/369 378/277/377 369/465/368
f 386/286/384 376/473/375 377/466/376
f 383/273/381 373/475/372 374/467/373
f 371/471/370 379/285/378 370/468/369
f 224/476/224 386/286/384 377/466/376
f 384/271/382 374/467/373 375/470/374
f 372/464/371 380/275/379 371/471/370
f 384/271/382 231/281/231 230/272/230
f 228/274/228 227/288/227 380/275/379
f 385/280/383 232/287/232 231/281/231
f 229/282/229 228/274/228 381/276/380
f 226/284/226 225/278/225 378/277/377
f 386/286/384 233/290/233 232/287/232
f 383/273/381 230/272/230 229/282/229
f 227/288/227 226/284/226 379/285/378
f 237/291/237 236/298/236 227/288/227
f 232/287/232 241/297/241 240/294/240
f 238/295/238 237/291/237 228/274/228
f 235/296/235 234/292/234 225/278/225
f 233/290/233 242/300/242 241/297/241
f 230/272/230 239/301/239 238/295/238
f 236/298/236 235/296/235 226/284/226
f 231/281/231 240/294/240 239/301/239
f 240/294/240 249/308/249 248/304/248
f 246/305/246 245/312/245 236/298/236
f 241/297/241 250/311/250 249/308/249
f 247/309/247 246/305/246 237/291/237
f 244/310/244 243/306/243 234/292/234
f 242/300/242 251/303/251 250/311/250
f 239/301/239 248/304/248 247/309/247
f 245/312/245 244/310/244 235/296/235
f 248/304/248 257/317/257 256/313/256
f 254/314/254 253/322/253 244/310/244
f 249/308/249 258/321/258 257/317/257
f 255/318/255 254/314/254 245/312/245
f 250/311/250 259/323/259 258/321/258
f 256/313/256 255/318/255 246/305/246
f 253/322/253 252/319/252 243/306/243
f 251/303/251 260/316/260 259/323/259
f 262/324/262 261/331/261 252/319/252
f 269/325/269 268/333/268 259/323/259
f 257/317/257 266/338/266 265/326/265
f 263/327/263 262/324/262 253/322/253
f 267/329/267 266/338/266 257/317/257
f 264/330/264 263/327/263 254/314/254
f 268/333/268 267/329/267 258/321/258
f 265/326/265 264/330/264 255/318/255
f 265/326/265 274/348/274 273/334/273
f 262/324/262 271/339/271 270/335/270
f 278/336/278 277/344/277 268/333/268
f 275/337/275 274/348/274 265/326/265
f 263/327/263 272/342/272 271/339/271
f 276/341/276 275/337/275 266/338/266
f 264/330/264 273/334/273 272/342/272
f 277/344/277 276/341/276 267/329/267
f 286/347/286 285/354/285 276/341/276
f 274/348/274 283/361/283 282/349/282
f 271/339/271 280/352/280 279/345/279
f 287/350/287 286/347/286 277/344/277
f 284/351/284 283/361/283 274/348/274
f 272/342/272 281/355/281 280/352/280
f 285/354/285 284/351/284 275/337/275
f 273/334/273 282/349/282 281/355/281
f 294/356/294 293/364/293 284/351/284
f 282/349/282 291/362/291 290/357/290
f 295/360/295 294/356/294 285/354/285
f 283/361/283 292/375/292 291/362/291
f 280/352/280 289/365/289 288/358/288
f 296/363/296 295/360/295 286/347/286
f 293/364/293 292/375/292 283/361/283
f 281/355/281 290/357/290 289/365/289
f 290/357/290 299/371/299 298/367/298
f 303/370/302 302/377/301 293/364/293
f 291/362/291 300/376/300 299/371/299
f 304/374/303 303/370/302 294/356/294
f 292/375/292 301/379/114 300/376/300
f 289/365/289 298/367/298 297/372/297
f 305/369/304 304/374/303 295/360/295
f 302/377/301 301/379/114 292/375/292
f 302/377/301 311/383/310 310/378/309
f 308/380/307 307/388/306 298/367/298
f 303/370/302 312/387/311 311/383/310
f 309/384/308 308/380/307 299/371/299
f 304/374/303 313/389/312 312/387/311
f 310/378/309 309/384/308 300/376/300
f 307/388/306 306/385/305 297/372/297
f 305/369/304 314/382/313 313/389/312
f 316/390/315 315/398/314 306/385/305
f 314/382/313 323/395/322 322/391/321
f 311/383/310 320/396/319 319/392/318
f 317/393/316 316/390/315 307/388/306
f 312/387/311 321/400/320 320/396/319
f 318/397/317 317/393/316 308/380/307
f 313/389/312 322/391/321 321/400/320
f 319/392/318 318/397/317 309/384/308
f 322/391/321 331/404/330 330/401/329
f 328/402/327 327/409/326 318/397/317
f 325/403/324 324/410/323 315/398/314
f 323/395/322 332/407/331 331/404/330
f 320/396/319 329/408/328 328/402/327
f 326/405/325 325/403/324 316/390/315
f 321/400/320 330/401/329 329/408/328
f 327/409/326 326/405/325 317/393/316
f 336/412/335 335/419/334 326/405/325
f 331/404/330 340/418/339 339/415/338
f 337/416/336 336/412/335 327/409/326
f 334/417/333 333/413/332 324/410/323
f 332/407/331 341/421/340 340/418/339
f 329/408/328 338/422/337 337/416/336
f 335/419/334 334/417/333 325/403/324
f 330/401/329 339/415/338 338/422/337
f 348/423/347 347/438/346 338/424/337
f 345/426/344 344/439/343 335/427/334
f 349/432/348 348/423/347 339/425/338
f 346/434/345 345/426/344 336/428/335
f 343/435/342 342/430/341 333/429/332
f 341/437/340 350/441/349 349/432/348
f 347/438/346 346/434/345 337/219/336
f 344/439/343 343/435/342 334/436/333
f 344/439/343 353/446/352 352/442/351
f 357/445/356 356/451/355 347/438/346
f 345/426/344 354/450/353 353/446/352
f 358/449/357 357/445/356 348/423/347
f 346/434/345 355/454/354 354/450/353
f 343/435/342 352/442/351 351/447/350
f 359/444/358 358/449/357 349/432/348
f 356/451/355 355/454/354 346/434/345
f 368/452/367 367/461/366 358/449/357
f 365/453/364 364/463/363 355/454/354
f 353/446/352 362/458/361 361/455/360
f 366/457/365 365/453/364 356/451/355
f 354/450/353 363/462/362 362/458/361
f 367/461/366 366/457/365 357/445/356
f 355/454/354 364/463/363 363/462/362
f 352/442/351 361/455/360 360/459/359
f 364/463/363 373/475/372 372/464/371
f 361/455/360 370/468/369 369/465/368
f 377/466/376 376/473/375 367/461/366
f 374/467/373 373/475/372 364/463/363
f 362/458/361 371/471/370 370/468/369
f 375/470/374 374/467/373 365/453/364
f 363/462/362 372/464/371 371/471/370
f 376/473/375 375/470/374 366/457/365
f 385/280/383 384/271/382 375/470/374
f 373/475/372 382/283/5 381/276/380
f 370/468/369 379/285/378 378/277/377
f 386/286/384 385/280/383 376/473/375
f 383/273/381 382/283/5 373/475/372
f 371/471/370 380/275/379 379/285/378
f 384/271/382 383/273/381 374/467/373
f 372/464/371 381/276/380 380/275/379
usemtl DeepRed
f 550/286/544 396/287/392 549/280/543
f 547/273/541 393/282/389 546/283/5
f 391/288/387 543/285/538 544/275/539
f 388/289/224 397/290/393 550/286/544
f 548/271/542 394/272/390 547/273/541
f 392/274/388 544/275/539 545/276/540
f 542/277/537 389/278/385 387/279/223
f 549/280/543 395/281/391 548/271/542
f 393/282/389 545/276/540 546/283/5
f 390/284/386 542/277/537 543/285/538
f 394/272/390 402/295/398 393/282/389
f 400/298/396 390/284/386 391/288/387
f 388/299/224 406/300/402 397/290/393
f 395/281/391 403/301/399 394/272/390
f 401/291/397 391/288/387 392/274/388
f 389/278/385 398/292/394 387/293/223
f 396/287/392 404/294/400 395/281/391
f 402/295/398 392/274/388 393/282/389
f 399/296/395 389/278/385 390/284/386
f 397/290/393 405/297/401 396/287/392
f 408/310/404 398/292/394 399/296/395
f 406/300/402 414/311/410 405/297/401
f 403/301/399 411/309/407 402/295/398
f 409/312/405 399/296/395 400/298/396
f 388/302/224 415/303/411 406/300/402
f 404/294/400 412/304/408 403/301/399
f 410/305/406 400/298/396 401/291/397
f 398/292/394 407/306/403 387/307/223
f 405/297/401 413/308/409 404/294/400
f 411/309/407 401/291/397 402/295/398
f 414/311/410 422/321/418 413/308/409
f 420/313/416 410/305/406 411/309/407
f 417/322/413 407/306/403 408/310/404
f 415/303/411 423/323/419 414/311/410
f 412/304/408 420/313/416 411/309/407
f 418/314/414 408/310/404 409/312/405
f 388/315/224 424/316/420 415/303/411
f 413/308/409 421/317/417 412/304/408
f 419/318/415 409/312/405 410/305/406
f 407/306/403 416/319/412 387/320/223
f 419/318/415 427/327/423 418/314/414
f 416/319/412 425/331/421 387/332/223
f 423/323/419 431/329/427 422/321/418
f 429/326/425 419/318/415 420/313/416
f 426/324/422 416/319/412 417/322/413
f 433/325/429 423/323/419 424/316/420
f 430/338/426 420/313/416 421/317/417
f 427/327/423 417/322/413 418/314/414
f 388/328/224 433/325/429 424/316/420
f 431/329/427 421/317/417 422/321/418
f 440/341/436 430/338/426 431/329/427
f 428/330/424 436/342/432 427/327/423
f 425/331/421 434/335/430 387/343/223
f 441/344/437 431/329/427 432/333/428
f 429/326/425 437/334/433 428/330/424
f 426/324/422 434/335/430 425/331/421
f 442/336/438 432/333/428 433/325/429
f 439/337/435 429/326/425 430/338/426
f 427/327/423 435/339/431 426/324/422
f 388/340/224 442/336/438 433/325/429
f 436/342/432 444/352/440 435/339/431
f 388/353/224 451/350/447 442/336/438
f 449/354/445 439/337/435 440/341/436
f 437/334/433 445/355/441 436/342/432
f 434/335/430 443/345/439 387/346/223
f 450/347/446 440/341/436 441/344/437
f 438/348/434 446/349/442 437/334/433
f 435/339/431 443/345/439 434/335/430
f 451/350/447 441/344/437 442/336/438
f 448/351/444 438/348/434 439/337/435
f 460/363/456 450/347/446 451/350/447
f 457/364/453 447/361/443 448/351/444
f 445/355/441 453/365/449 444/352/440
f 388/366/224 460/363/456 451/350/447
f 458/356/454 448/351/444 449/354/445
f 446/349/442 454/357/450 445/355/441
f 443/345/439 452/358/448 387/359/223
f 459/360/455 449/354/445 450/347/446
f 447/361/443 455/362/451 446/349/442
f 444/352/440 452/358/448 443/345/439
f 456/375/452 464/376/460 455/362/451
f 453/365/449 461/372/457 452/358/448
f 469/369/464 459/360/455 460/363/456
f 466/377/461 456/375/452 457/364/453
f 454/357/450 462/367/458 453/365/449
f 388/368/224 469/369/464 460/363/456
f 467/370/462 457/364/453 458/356/454
f 455/362/451 463/371/459 454/357/450
f 452/358/448 461/372/457 387/373/223
f 468/374/463 458/356/454 459/360/455
f 461/372/457 470/385/465 387/386/223
f 468/374/463 476/387/471 467/370/462
f 474/378/469 464/376/460 465/379/114
f 471/388/466 461/372/457 462/367/458
f 469/369/464 477/389/472 468/374/463
f 466/377/461 474/378/469 465/379/114
f 472/380/467 462/367/458 463/371/459
f 388/381/224 478/382/473 469/369/464
f 467/370/462 475/383/470 466/377/461
f 473/384/468 463/371/459 464/376/460
f 482/397/477 472/380/467 473/384/468
f 470/385/465 479/398/474 387/399/223
f 477/389/472 485/400/480 476/387/471
f 483/392/478 473/384/468 474/378/469
f 480/390/475 470/385/465 471/388/466
f 478/382/473 486/391/481 477/389/472
f 475/383/470 483/392/478 474/378/469
f 481/393/476 471/388/466 472/380/467
f 388/394/224 487/395/482 478/382/473
f 476/387/471 484/396/479 475/383/470
f 388/406/224 496/407/491 487/395/482
f 485/400/480 493/408/488 484/396/479
f 491/409/486 481/393/476 482/397/477
f 479/398/474 488/410/483 387/411/223
f 486/391/481 494/401/489 485/400/480
f 492/402/487 482/397/477 483/392/478
f 489/403/484 479/398/474 480/390/475
f 487/395/482 495/404/490 486/391/481
f 484/396/479 492/402/487 483/392/478
f 490/405/485 480/390/475 481/393/476
f 493/408/488 501/416/496 492/402/487
f 499/419/494 489/403/484 490/405/485
f 388/420/224 505/421/500 496/407/491
f 494/401/489 502/422/497 493/408/488
f 500/412/495 490/405/485 491/409/486
f 488/410/483 497/413/492 387/414/223
f 495/404/490 503/415/498 494/401/489
f 501/416/496 491/409/486 492/402/487
f 498/417/493 488/410/483 489/403/484
f 496/407/491 504/418/499 495/404/490
f 498/436/493 506/430/501 497/429/492
f 514/441/509 504/433/499 505/437/500
f 502/424/497 510/434/505 501/219/496
f 499/427/494 507/435/502 498/436/493
f 388/440/224 514/441/509 505/437/500
f 512/423/507 502/424/497 503/425/498
f 500/428/495 508/439/503 499/427/494
f 497/429/492 506/430/501 387/431/223
f 504/433/499 512/423/507 503/425/498
f 510/434/505 500/428/495 501/219/496
f 510/434/505 518/450/513 509/426/504
f 507/435/502 515/447/510 506/430/501
f 523/444/518 513/432/508 514/441/509
f 520/451/515 510/434/505 511/438/506
f 508/439/503 516/442/511 507/435/502
f 388/443/224 523/444/518 514/441/509
f 521/445/516 511/438/506 512/423/507
f 509/426/504 517/446/512 508/439/503
f 506/430/501 515/447/510 387/448/223
f 522/449/517 512/423/507 513/432/508
f 515/447/510 524/459/519 387/460/223
f 531/461/526 521/445/516 522/449/517
f 519/454/514 527/462/522 518/450/513
f 516/442/511 524/459/519 515/447/510
f 532/452/527 522/449/517 523/444/518
f 529/453/524 519/454/514 520/451/515
f 517/446/512 525/455/520 516/442/511
f 388/456/224 532/452/527 523/444/518
f 530/457/525 520/451/515 521/445/516
f 518/450/513 526/458/521 517/446/512
f 539/470/534 529/453/524 530/457/525
f 527/462/522 535/471/530 526/458/521
f 524/459/519 533/465/528 387/472/223
f 540/473/535 530/457/525 531/461/526
f 528/463/523 536/464/531 527/462/522
f 525/455/520 533/465/528 524/459/519
f 541/466/536 531/461/526 532/452/527
f 538/467/533 528/463/523 529/453/524
f 526/458/521 534/468/529 525/455/520
f 388/469/224 541/466/536 532/452/527
f 535/471/530 543/285/538 534/468/529
f 388/476/224 550/286/544 541/466/536
f 548/271/542 538/467/533 539/470/534
f 536/464/531 544/275/539 535/471/530
f 533/465/528 542/277/537 387/474/223
f 549/280/543 539/470/534 540/473/535
f 537/475/532 545/276/540 536/464/531
f 534/468/529 542/277/537 533/465/528
f 550/286/544 540/473/535 541/466/536
f 547/273/541 537/475/532 538/467/533
f 550/286/544 397/290/393 396/287/392
f 547/273/541 394/272/390 393/282/389
f 391/288/387 390/284/386 543/285/538
f 548/271/542 395/281/391 394/272/390
f 392/274/388 391/288/387 544/275/539
f 549/280/543 396/287/392 395/281/391
f 393/282/389 392/274/388 545/276/540
f 390/284/386 389/278/385 542/277/537
f 394/272/390 403/301/399 402/295/398
f 400/298/396 399/296/395 390/284/386
f 395/281/391 404/294/400 403/301/399
f 401/291/397 400/298/396 391/288/387
f 396/287/392 405/297/401 404/294/400
f 402/295/398 401/291/397 392/274/388
f 399/296/395 398/292/394 389/278/385
f 397/290/393 406/300/402 405/297/401
f 408/310/404 407/306/403 398/292/394
f 406/300/402 415/303/411 414/311/410
f 403/301/399 412/304/408 411/309/407
f 409/312/405 408/310/404 399/296/395
f 404/294/400 413/308/409 412/304/408
f 410/305/406 409/312/405 400/298/396
f 405/297/401 414/311/410 413/308/409
f 411/309/407 410/305/406 401/291/397
f 414/311/410 423/323/419 422/321/418
f 420/313/416 419/318/415 410/305/406
f 417/322/413 416/319/412 407/306/403
f 415/303/411 424/316/420 423/323/419
f 412/304/408 421/317/417 420/313/416
f 418/314/414 417/322/413 408/310/404
f 413/308/409 422/321/418 421/317/417
f 419/318/415 418/314/414 409/312/405
f 419/318/415 428/330/424 427/327/423
f 423/323/419 432/333/428 431/329/427
f 429/326/425 428/330/424 419/318/415
f 426/324/422 425/331/421 416/319/412
f 433/325/429 432/333/428 423/323/419
f 430/338/426 429/326/425 420/313/416
f 427/327/423 426/324/422 417/322/413
f 431/329/427 430/338/426 421/317/417
f 440/341/436 439/337/435 430/338/426
f 428/330/424 437/334/433 436/342/432
f 441/344/437 440/341/436 431/329/427
f 429/326/425 438/348/434 437/334/433
f 426/324/422 435/339/431 434/335/430
f 442/336/438 441/344/437 432/333/428
f 439/337/435 438/348/434 429/326/425
f 427/327/423 436/342/432 435/339/431
f 436/342/432 445/355/441 444/352/440
f 449/354/445 448/351/444 439/337/435
f 437/334/433 446/349/442 445/355/441
f 450/347/446 449/354/445 440/341/436
f 438/348/434 447/361/443 446/349/442
f 435/339/431 444/352/440 443/345/439
f 451/350/447 450/347/446 441/344/437
f 448/351/444 447/361/443 438/348/434
f 460/363/456 459/360/455 450/347/446
f 457/364/453 456/375/452 447/361/443
f 445/355/441 454/357/450 453/365/449
f 458/356/454 457/364/453 448/351/444
f 446/349/442 455/362/451 454/357/450
f 459/360/455 458/356/454 449/354/445
f 447/361/443 456/375/452 455/362/451
f 444/352/440 453/365/449 452/358/448
f 456/375/452 465/379/114 464/376/460
f 453/365/449 462/367/458 461/372/457
f 469/369/464 468/374/463 459/360/455
f 466/377/461 465/379/114 456/375/452
f 454/357/450 463/371/459 462/367/458
f 467/370/462 466/377/461 457/364/453
f 455/362/451 464/376/460 463/371/459
f 468/374/463 467/370/462 458/356/454
f 468/374/463 477/389/472 476/387/471
f 474/378/469 473/384/468 464/376/460
f 471/388/466 470/385/465 461/372/457
f 469/369/464 478/382/473 477/389/472
f 466/377/461 475/383/470 474/378/469
f 472/380/467 471/388/466 462/367/458
f 467/370/462 476/387/471 475/383/470
f 473/384/468 472/380/467 463/371/459
f 482/397/477 481/393/476 472/380/467
f 477/389/472 486/391/481 485/400/480
f 483/392/478 482/397/477 473/384/468
f 480/390/475 479/398/474 470/385/465
f 478/382/473 487/395/482 486/391/481
f 475/383/470 484/396/479 483/392/478
f 481/393/476 480/390/475 471/388/466
f 476/387/471 485/400/480 484/396/479
f 485/400/480 494/401/489 493/408/488
f 491/409/486 490/405/485 481/393/476
f 486/391/481 495/404/490 494/401/489
f 492/402/487 491/409/486 482/397/477
f 489/403/484 488/410/483 479/398/474
f 487/395/482 496/407/491 495/404/490
f 484/396/479 493/408/488 492/402/487
f 490/405/485 489/403/484 480/390/475
f 493/408/488 502/422/497 501/416/496
f 499/419/494 498/417/493 489/403/484
f 494/401/489 503/415/498 502/422/497
f 500/412/495 499/419/494 490/405/485
f 495/404/490 504/418/499 503/415/498
f 501/416/496 500/412/495 491/409/486
f 498/417/493 497/413/492 488/410/483
f 496/407/491 505/421/500 504/418/499
f 498/436/493 507/435/502 506/430/501
f 514/441/509 513/432/508 504/433/499
f 502/424/497 511/438/506 510/434/505
f 499/427/494 508/439/503 507/435/502
f 512/423/507 511/438/506 502/424/497
f 500/428/495 509/426/504 508/439/503
f 504/433/499 513/432/508 512/423/507
f 510/434/505 509/426/504 500/428/495
f 510/434/505 519/454/514 518/450/513
f 507/435/502 516/442/511 515/447/510
f 523/444/518 522/449/517 513/432/508
f 520/451/515 519/454/514 510/434/505
f 508/439/503 517/446/512 516/442/511
f 521/445/516 520/451/515 511/438/506
f 509/426/504 518/450/513 517/446/512
f 522/449/517 521/445/516 512/423/507
f 531/461/526 530/457/525 521/445/516
f 519/454/514 528/463/523 527/462/522
f 516/442/511 525/455/520 524/459/519
f 532/452/527 531/461/526 522/449/517
f 529/453/524 528/463/523 519/454/514
f 517/446/512 526/458/521 525/455/520
f 530/457/525 529/453/524 520/451/515
f 518/450/513 527/462/522 526/458/521
f 539/470/534 538/467/533 529/453/524
f 527/462/522 536/464/531 535/471/530
f 540/473/535 539/470/534 530/457/525
f 528/463/523 537/475/532 536/464/531
f 525/455/520 534/468/529 533/465/528
f 541/466/536 540/473/535 531/461/526
f 538/467/533 537/475/532 528/463/523
f 526/458/521 535/471/530 534/468/529
f 535/471/530 544/275/539 543/285/538
f 548/271/542 547/273/541 538/467/533
f 536/464/531 545/276/540 544/275/539
f 549/280/543 548/271/542 539/470/534
f 537/475/532 546/283/5 545/276/540
f 534/468/529 543/285/538 542/277/537
f 550/286/544 549/280/543 540/473/535
f 547/273/541 546/283/5 537/475/532
usemtl Claw
f 553/477/547 558/478/552 552/479/546
f 551/480/545 559/481/553 553/482/547
f 562/483/556 555/484/549 561/485/555
f 562/486/556 554/487/548 556/488/550
f 559/489/553 564/490/558 558/478/552
f 557/491/551 565/492/559 559/481/553
f 567/493/561 562/483/556 561/485/555
f 568/494/562 560/495/554 562/486/556
f 564/490/558 571/496/565 570/497/564
f 565/492/559 569/498/563 571/499/565
f 573/500/567 568/501/562 567/493/561
f 572/502/566 568/494/562 574/503/568
f 571/496/565 576/504/570 570/497/564
f 569/498/563 577/505/571 571/499/565
f 580/506/574 573/500/567 579/507/573
f 578/508/572 574/503/568 580/509/574
f 577/510/571 582/511/576 576/504/570
f 575/512/569 583/513/577 577/505/571
f 585/514/579 580/506/574 579/507/573
f 584/515/578 580/509/574 586/516/580
f 582/511/576 589/517/583 588/518/582
f 583/513/577 587/519/581 589/520/583
f 592/521/586 585/514/579 591/522/585
f 590/523/584 586/516/580 592/524/586
f 588/518/582 595/525/589 594/526/588
f 587/519/581 595/527/589 589/520/583
f 598/528/592 591/522/585 597/529/591
f 596/530/590 592/524/586 598/531/592
f 595/525/589 600/532/594 594/526/588
f 595/527/589 599/533/593 601/534/595
f 603/535/597 598/528/592 597/529/591
f 604/536/598 596/530/590 598/531/592
f 600/532/594 607/537/601 606/538/600
f 599/533/593 607/539/601 601/534/595
f 609/540/603 604/541/598 603/535/597
f 610/542/604 602/543/596 604/536/598
f 607/537/601 612/544/606 606/538/600
f 605/545/599 613/546/607 607/539/601
f 616/547/610 609/540/603 615/548/609
f 616/549/610 608/550/602 610/542/604
f 613/551/607 618/552/612 612/544/606
f 611/553/605 619/554/613 613/546/607
f 622/555/616 615/548/609 621/556/615
f 620/557/614 616/549/610 622/558/616
f 619/559/613 624/560/618 618/552/612
f 619/554/613 623/561/617 625/562/619
f 627/563/621 622/555/616 621/556/615
f 626/564/620 622/558/616 628/565/622
f 625/566/619 630/567/624 624/560/618
f 623/561/617 631/568/625 625/562/619
f 634/569/628 627/563/621 633/570/627
f 632/571/626 628/565/622 634/572/628
f 630/567/624 553/573/547 552/574/546
f 631/568/625 551/480/545 553/482/547
f 556/575/550 633/570/627 555/576/549
f 556/488/550 632/571/626 634/572/628
f 617/577/611 593/578/587 569/498/563
f 558/478/552 555/484/549 552/479/546
f 552/574/546 633/570/627 630/567/624
f 578/508/572 602/543/596 626/564/620
f 564/490/558 561/485/555 558/478/552
f 570/497/564 567/493/561 564/490/558
f 576/504/570 573/500/567 570/497/564
f 582/511/576 579/507/573 576/504/570
f 588/518/582 585/514/579 582/511/576
f 594/526/588 591/522/585 588/518/582
f 600/532/594 597/529/591 594/526/588
f 606/538/600 603/535/597 600/532/594
f 606/538/600 615/548/609 609/540/603
f 618/552/612 615/548/609 612/544/606
f 624/560/618 621/556/615 618/552/612
f 630/567/624 627/563/621 624/560/618
f 635/579/629 639/580/633 638/581/632
f 638/582/632 640/583/634 636/584/630
f 640/585/634 641/586/635 637/587/631
f 642/588/636 646/589/640 645/590/639
f 645/591/639 647/592/641 643/593/637
f 647/594/641 648/595/642 644/596/638
f 661/597/655 665/598/659 664/599/658
f 664/600/658 666/601/660 662/602/656
f 666/601/660 667/603/661 663/604/657
f 668/605/662 672/606/666 671/607/665
f 671/608/665 673/609/667 669/610/663
f 673/609/667 674/611/668 670/612/664
f 687/613/681 691/614/685 690/615/684
f 690/616/684 692/617/686 688/618/682
f 692/617/686 693/619/687 689/620/683
f 694/621/688 698/622/692 697/623/691
f 697/624/691 699/625/693 695/626/689
f 699/625/693 700/627/694 696/628/690
f 713/629/707 717/630/711 716/631/710
f 716/632/710 718/633/712 714/634/708
f 718/633/712 719/635/713 715/636/709
f 720/637/714 724/638/718 723/639/717
f 723/640/717 725/641/719 721/642/715
f 725/641/719 726/643/720 722/644/716
f 637/587/631 651/645/645 650/646/644
f 641/647/635 649/648/643 651/649/645
f 654/448/648 643/593/637 653/650/647
f 652/651/646 645/590/639 654/652/648
f 640/583/634 644/596/638 636/584/630
f 637/587/631 647/592/641 640/585/634
f 651/645/645 656/653/650 650/646/644
f 651/649/645 655/654/649 657/655/651
f 659/656/653 654/448/648 653/650/647
f 660/657/654 652/651/646 654/652/648
f 657/463/651 662/602/656 656/653/650
f 655/654/649 664/599/658 657/655/651
f 670/612/664 660/658/654 659/656/653
f 674/659/668 658/660/652 660/657/654
f 673/609/667 663/604/657 669/610/663
f 670/612/664 666/601/660 673/609/667
f 663/604/657 677/661/671 676/662/670
f 667/663/661 675/664/669 677/665/671
f 680/666/674 669/610/663 679/667/673
f 678/668/672 671/607/665 680/669/674
f 676/662/670 683/670/677 682/671/676
f 675/664/669 683/672/677 677/665/671
f 686/673/680 679/667/673 685/674/679
f 686/675/680 678/668/672 680/669/674
f 683/670/677 688/618/682 682/671/676
f 681/676/675 690/615/684 683/672/677
f 696/628/690 686/673/680 685/674/679
f 700/677/694 684/678/678 686/675/680
f 699/625/693 689/620/683 695/626/689
f 699/625/693 688/618/682 692/617/686
f 689/620/683 703/679/697 702/680/696
f 693/681/687 701/682/695 703/683/697
f 706/684/700 695/626/689 705/685/699
f 704/686/698 697/623/691 706/687/700
f 703/679/697 708/688/702 702/680/696
f 701/682/695 709/689/703 703/683/697
f 712/690/706 705/685/699 711/691/705
f 710/692/704 706/687/700 712/693/706
f 709/694/703 714/634/708 708/688/702
f 707/695/701 716/631/710 709/689/703
f 722/644/716 712/690/706 711/691/705
f 726/696/720 710/692/704 712/693/706
f 725/641/719 715/636/709 721/642/715
f 722/644/716 718/633/712 725/641/719
f 715/636/709 729/697/723 728/698/722
f 719/699/713 727/700/721 729/701/723
f 732/702/726 721/642/715 731/703/725
f 730/704/724 723/639/717 732/705/726
f 728/698/722 735/706/729 734/707/728
f 727/700/721 735/708/729 729/701/723
f 738/709/732 731/703/725 737/710/731
f 736/711/730 732/705/726 738/712/732
f 735/706/729 636/584/630 734/707/728
f 733/713/727 638/581/632 735/708/729
f 644/596/638 738/709/732 737/710/731
f 648/714/642 736/711/730 738/712/732
f 713/629/707 681/676/675 649/648/643
f 637/587/631 653/650/647 643/593/637
f 734/707/728 644/596/638 737/710/731
f 678/668/672 710/692/704 642/588/636
f 656/653/650 653/650/647 650/646/644
f 656/653/650 670/612/664 659/656/653
f 663/604/657 679/667/673 669/610/663
f 676/662/670 685/674/679 679/667/673
f 682/671/676 696/628/690 685/674/679
f 702/680/696 695/626/689 689/620/683
f 708/688/702 705/685/699 702/680/696
f 714/634/708 711/691/705 708/688/702
f 728/698/722 721/642/715 715/636/709
f 734/707/728 731/703/725 728/698/722
f 739/579/733 743/580/737 742/581/736
f 742/582/736 744/583/738 740/584/734
f 744/585/738 745/586/739 741/587/735
f 746/588/740 750/589/744 749/590/743
f 749/591/743 751/592/745 747/593/741
f 751/594/745 752/595/746 748/596/742
f 765/597/759 769/598/763 768/599/762
f 768/600/762 770/601/764 766/602/760
f 770/601/764 771/603/765 767/604/761
f 772/605/766 776/606/770 775/607/769
f 775/608/769 777/609/771 773/610/767
f 777/609/771 778/611/772 774/612/768
f 791/613/785 795/614/789 794/615/788
f 794/616/788 796/617/790 792/618/786
f 796/617/790 797/619/791 793/620/787
f 798/621/792 802/622/796 801/623/795
f 801/624/795 803/625/797 799/626/793
f 803/625/797 804/627/798 800/628/794
f 817/629/811 821/630/815 820/631/814
f 820/632/814 822/633/816 818/634/812
f 822/633/816 823/635/817 819/636/813
f 824/637/818 828/638/822 827/639/821
f 827/640/821 829/641/823 825/642/819
f 829/641/823 830/643/824 826/644/820
f 741/587/735 755/645/749 754/646/748
f 745/647/739 753/648/747 755/649/749
f 758/448/752 747/593/741 757/650/751
f 756/651/750 749/590/743 758/652/752
f 740/584/734 751/594/745 748/596/742
f 744/585/738 747/593/741 751/592/745
f 754/646/748 761/463/755 760/653/754
f 755/649/749 759/654/753 761/655/755
f 763/656/757 758/448/752 757/650/751
f 764/657/758 756/651/750 758/652/752
f 761/463/755 766/602/760 760/653/754
f 759/654/753 768/599/762 761/655/755
f 774/612/768 764/658/758 763/656/757
f 778/659/772 762/660/756 764/657/758
f 777/609/771 767/604/761 773/610/767
f 777/609/771 766/602/760 770/601/764
f 767/604/761 781/661/775 780/662/774
f 771/663/765 779/664/773 781/665/775
f 784/666/778 773/610/767 783/667/777
f 782/668/776 775/607/769 784/669/778
f 781/661/775 786/671/780 780/662/774
f 779/664/773 787/672/781 781/665/775
f 790/673/784 783/667/777 789/674/783
f 788/678/782 784/669/778 790/675/784
f 787/670/781 792/618/786 786/671/780
f 785/676/779 794/615/788 787/672/781
f 800/628/794 790/673/784 789/674/783
f 804/677/798 788/678/782 790/675/784
f 799/626/793 796/617/790 793/620/787
f 800/628/794 796/617/790 803/625/797
f 793/620/787 807/679/801 806/680/800
f 797/681/791 805/682/799 807/683/801
f 810/684/804 799/626/793 809/685/803
f 808/686/802 801/623/795 810/687/804
f 807/679/801 812/688/806 806/680/800
f 805/682/799 813/689/807 807/683/801
f 816/690/810 809/685/803 815/691/809
f 814/692/808 810/687/804 816/693/810
f 813/694/807 818/634/812 812/688/806
f 811/695/805 820/631/814 813/689/807
f 826/644/820 816/690/810 815/691/809
f 830/696/824 814/692/808 816/693/810
f 825/642/819 822/633/816 819/636/813
f 829/641/823 818/634/812 822/633/816
f 819/636/813 833/697/827 832/698/826
f 823/699/817 831/700/825 833/701/827
f 836/702/830 825/642/819 835/703/829
f 834/704/828 827/639/821 836/705/830
f 832/698/826 839/706/833 838/707/832
f 833/701/827 837/713/831 839/708/833
f 841/710/835 836/702/830 835/703/829
f 840/711/834 836/705/830 842/712/836
f 839/706/833 740/584/734 838/707/832
f 837/713/831 742/581/736 839/708/833
f 748/596/742 842/709/836 841/710/835
f 752/714/746 840/711/834 842/712/836
f 817/629/811 785/676/779 753/648/747
f 754/646/748 747/593/741 741/587/735
f 740/584/734 841/710/835 838/707/832
f 782/668/776 814/692/808 746/588/740
f 760/653/754 757/650/751 754/646/748
f 766/602/760 763/656/757 760/653/754
f 780/662/774 773/610/767 767/604/761
f 786/671/780 783/667/777 780/662/774
f 786/671/780 800/628/794 789/674/783
f 793/620/787 809/685/803 799/626/793
f 812/688/806 809/685/803 806/680/800
f 812/688/806 826/644/820 815/691/809
f 832/698/826 825/642/819 819/636/813
f 838/707/832 835/703/829 832/698/826
f 844/585/838 851/715/845 850/646/844
f 845/716/839 849/717/843 851/649/845
f 853/650/847 848/718/842 847/592/841
f 854/652/848 846/719/840 848/720/842
f 851/715/845 856/721/850 850/646/844
f 851/649/845 855/654/849 857/655/851
f 860/658/854 853/650/847 859/722/853
f 858/723/852 854/652/848 860/657/854
f 857/463/851 862/601/856 856/721/850
f 857/655/851 861/724/855 863/725/857
f 866/726/860 859/722/853 865/609/859
f 866/727/860 858/723/852 860/657/854
f 862/601/856 869/661/863 868/662/862
f 861/724/855 869/728/863 863/725/857
f 871/667/865 866/726/860 865/609/859
f 870/729/864 866/727/860 872/730/866
f 869/661/863 874/671/868 868/662/862
f 869/728/863 873/676/867 875/672/869
f 877/674/871 872/666/866 871/667/865
f 876/731/870 872/730/866 878/675/872
f 875/670/869 880/617/874 874/671/868
f 873/676/867 881/732/875 875/672/869
f 884/733/878 877/674/871 883/625/877
f 882/734/876 878/675/872 884/735/878
f 881/736/875 886/737/880 880/617/874
f 881/732/875 885/682/879 887/683/881
f 889/738/883 884/733/878 883/625/877
f 888/686/882 884/735/878 890/739/884
f 886/737/880 893/694/887 892/688/886
f 887/683/881 891/695/885 893/740/887
f 896/690/890 889/738/883 895/691/889
f 894/741/888 890/739/884 896/742/890
f 892/688/886 899/743/893 898/633/892
f 891/695/885 899/744/893 893/740/887
f 901/641/895 896/690/890 895/691/889
f 900/637/894 896/742/890 902/745/896
f 899/743/893 904/698/898 898/633/892
f 899/744/893 903/700/897 905/701/899
f 908/702/902 901/641/895 907/703/901
f 908/746/902 900/637/894 902/745/896
f 904/698/898 911/706/905 910/707/904
f 903/700/897 911/708/905 905/701/899
f 913/710/907 908/702/902 907/703/901
f 912/747/906 908/746/902 914/748/908
f 910/707/904 845/749/839 844/583/838
f 909/750/903 845/716/839 911/708/905
f 848/751/842 913/710/907 847/594/841
f 846/719/840 914/748/908 848/720/842
f 897/752/891 873/676/867 849/717/843
f 850/646/844 847/592/841 844/585/838
f 844/583/838 913/710/907 910/707/904
f 870/729/864 894/741/888 846/719/840
f 856/721/850 853/650/847 850/646/844
f 862/601/856 859/722/853 856/721/850
f 862/601/856 871/667/865 865/609/859
f 868/662/862 877/674/871 871/667/865
f 874/671/868 883/625/877 877/674/871
f 880/617/874 889/738/883 883/625/877
f 886/737/880 895/691/889 889/738/883
f 898/633/892 895/691/889 892/688/886
f 904/698/898 901/641/895 898/633/892
f 910/707/904 907/703/901 904/698/898
f 916/479/546 923/489/553 922/478/552
f 915/480/545 923/481/553 917/482/547
f 926/483/556 919/484/549 925/485/555
f 926/486/556 918/487/548 920/488/550
f 923/489/553 928/490/558 922/478/552
f 921/491/551 929/492/559 923/481/553
f 931/493/561 926/483/556 925/485/555
f 932/494/562 924/495/554 926/486/556
f 928/490/558 935/496/565 934/497/564
f 929/492/559 933/498/563 935/499/565
f 938/753/909 931/493/561 937/500/567
f 938/503/909 930/754/560 932/494/562
f 935/496/565 940/504/570 934/497/564
f 933/498/563 941/505/571 935/499/565
f 944/506/574 937/500/567 943/507/573
f 942/508/572 938/503/909 944/509/574
f 941/510/571 946/511/576 940/504/570
f 939/512/569 947/513/577 941/505/571
f 949/514/579 944/506/574 943/507/573
f 948/515/578 944/509/574 950/516/580
f 946/511/576 953/517/583 952/518/582
f 947/513/577 951/519/581 953/520/583
f 956/521/586 949/514/579 955/522/585
f 954/523/584 950/516/580 956/524/586
f 953/517/583 958/526/588 952/518/582
f 953/520/583 957/578/587 959/527/589
f 961/529/591 956/521/586 955/522/585
f 960/530/590 956/524/586 962/531/910
f 959/525/589 964/532/594 958/526/588
f 957/578/587 965/534/595 959/527/589
f 967/535/597 962/528/910 961/529/591
f 966/543/596 962/531/910 968/536/598
f 964/532/594 971/537/601 970/538/600
f 965/534/595 969/545/599 971/539/601
f 974/755/604 967/535/597 973/540/603
f 974/542/604 966/543/596 968/536/598
f 971/537/601 976/544/606 970/538/600
f 969/545/599 977/546/607 971/539/601
f 979/548/609 974/755/604 973/540/603
f 980/549/911 972/550/602 974/542/604
f 977/551/607 982/552/612 976/544/606
f 975/553/605 983/554/613 977/546/607
f 986/555/616 979/548/609 985/556/615
f 984/557/614 980/549/911 986/558/616
f 983/559/613 988/560/618 982/552/612
f 983/554/613 987/561/617 989/562/619
f 991/563/621 986/555/616 985/556/615
f 990/564/620 986/558/616 992/565/622
f 989/566/619 994/567/624 988/560/618
f 987/561/617 995/568/625 989/562/619
f 998/569/628 991/563/621 997/570/627
f 996/571/626 992/565/622 998/572/628
f 994/567/624 917/573/547 916/574/546
f 993/756/623 917/482/547 995/568/625
f 920/575/550 997/570/627 919/576/549
f 918/487/548 998/572/628 920/488/550
f 981/577/611 957/578/587 933/498/563
f 922/478/552 919/484/549 916/479/546
f 916/574/546 997/570/627 994/567/624
f 942/508/572 966/543/596 990/564/620
f 922/478/552 931/493/561 925/485/555
f 928/490/558 937/500/567 931/493/561
f 940/504/570 937/500/567 934/497/564
f 946/511/576 943/507/573 940/504/570
f 952/518/582 949/514/579 946/511/576
f 958/526/588 955/522/585 952/518/582
f 964/532/594 961/529/591 958/526/588
f 970/538/600 967/535/597 964/532/594
f 970/538/600 979/548/609 973/540/603
f 982/552/612 979/548/609 976/544/606
f 988/560/618 985/556/615 982/552/612
f 988/560/618 997/570/627 991/563/621
f 999/579/629 1003/580/633 1002/581/632
f 1002/582/632 1004/583/912 1000/584/630
f 1004/585/912 1005/586/635 1001/587/631
f 1006/588/636 1010/589/640 1009/590/639
f 1009/591/639 1011/592/641 1007/593/637
f 1011/594/641 1012/595/642 1008/596/638
f 1025/597/655 1029/598/659 1028/599/658
f 1028/600/658 1030/601/660 1026/602/656
f 1030/601/660 1031/603/661 1027/604/657
f 1032/605/662 1036/606/666 1035/607/665
f 1035/608/665 1037/609/667 1033/610/663
f 1037/609/667 1038/611/668 1034/612/664
f 1051/613/681 1055/614/685 1054/615/684
f 1054/616/684 1056/617/686 1052/618/682
f 1056/617/686 1057/619/687 1053/620/683
f 1058/621/688 1062/622/692 1061/623/691
f 1061/624/691 1063/625/913 1059/626/689
f 1063/625/913 1064/627/694 1060/628/690
f 1077/629/707 1081/630/711 1080/631/710
f 1080/632/710 1082/633/712 1078/634/708
f 1082/633/712 1083/635/713 1079/636/709
f 1084/637/714 1088/638/718 1087/639/717
f 1087/640/717 1089/641/719 1085/642/715
f 1089/641/719 1090/643/720 1086/644/716
f 1001/587/631 1015/645/645 1014/646/644
f 1005/647/635 1013/648/643 1015/649/645
f 1018/448/648 1007/593/637 1017/650/647
f 1016/651/646 1009/590/639 1018/652/648
f 1004/583/912 1008/596/638 1000/584/630
f 1004/585/912 1007/593/637 1011/592/641
f 1015/645/645 1020/653/650 1014/646/644
f 1015/649/645 1019/654/649 1021/655/651
f 1023/722/653 1018/448/648 1017/650/647
f 1022/660/652 1018/652/648 1024/657/654
f 1021/463/651 1026/602/656 1020/653/650
f 1019/654/649 1028/599/658 1021/655/651
f 1034/612/664 1024/658/654 1023/722/653
f 1038/659/668 1022/660/652 1024/657/654
f 1037/609/667 1027/604/657 1033/610/663
f 1034/612/664 1030/601/660 1037/609/667
f 1027/604/657 1041/661/671 1040/662/670
f 1031/663/661 1039/664/669 1041/665/671
f 1044/666/674 1033/610/663 1043/667/673
f 1042/668/672 1035/607/665 1044/669/674
f 1040/662/670 1047/670/677 1046/671/676
f 1039/664/669 1047/672/677 1041/665/671
f 1050/673/680 1043/667/673 1049/674/679
f 1048/678/678 1044/669/674 1050/675/680
f 1047/670/677 1052/618/682 1046/671/676
f 1045/676/675 1054/615/684 1047/672/677
f 1060/628/690 1050/673/680 1049/674/679
f 1064/677/694 1048/678/678 1050/675/680
f 1059/626/689 1056/617/686 1053/620/683
f 1063/625/913 1052/618/682 1056/617/686
f 1053/620/683 1067/679/697 1066/737/696
f 1057/681/687 1065/682/695 1067/683/697
f 1070/684/700 1059/626/689 1069/738/699
f 1068/686/698 1061/623/691 1070/687/700
f 1067/679/697 1072/688/702 1066/737/696
f 1065/682/695 1073/689/703 1067/683/697
f 1076/690/706 1069/738/699 1075/691/705
f 1076/693/706 1068/686/698 1070/687/700
f 1073/694/703 1078/634/708 1072/688/702
f 1071/695/701 1080/631/710 1073/689/703
f 1086/644/716 1076/690/706 1075/691/705
f 1090/696/720 1074/692/704 1076/693/706
f 1085/642/715 1082/633/712 1079/636/709
f 1086/644/716 1082/633/712 1089/641/719
f 1079/636/709 1093/697/723 1092/698/722
f 1083/699/713 1091/700/721 1093/701/723
f 1096/702/726 1085/642/715 1095/703/725
f 1094/704/724 1087/639/717 1096/705/726
f 1092/698/722 1099/706/729 1098/707/728
f 1091/700/721 1099/708/729 1093/701/723
f 1102/709/732 1095/703/725 1101/710/731
f 1100/711/730 1096/705/726 1102/712/732
f 1099/706/729 1000/584/630 1098/707/728
f 1097/713/727 1002/581/632 1099/708/729
f 1008/596/638 1102/709/732 1101/710/731
f 1012/714/642 1100/711/730 1102/712/732
f 1077/629/707 1045/676/675 1013/648/643
f 1001/587/631 1017/650/647 1007/593/637
f 1000/584/630 1101/710/731 1098/707/728
f 1042/668/672 1074/692/704 1006/588/636
f 1020/653/650 1017/650/647 1014/646/644
f 1020/653/650 1034/612/664 1023/722/653
f 1040/662/670 1033/610/663 1027/604/657
f 1046/671/676 1043/667/673 1040/662/670
f 1046/671/676 1060/628/690 1049/674/679
f 1053/620/683 1069/738/699 1059/626/689
f 1066/737/696 1075/691/705 1069/738/699
f 1072/688/702 1086/644/716 1075/691/705
f 1079/636/709 1095/703/725 1085/642/715
f 1098/707/728 1095/703/725 1092/698/722
f 1103/579/733 1107/580/737 1106/581/736
f 1106/582/736 1108/583/738 1104/584/914
f 1108/585/738 1109/586/739 1105/587/735
f 1110/588/740 1114/589/744 1113/590/743
f 1113/591/743 1115/592/745 1111/593/915
f 1115/594/745 1116/595/746 1112/596/742
f 1129/597/759 1133/598/763 1132/599/762
f 1132/600/762 1134/601/764 1130/602/760
f 1134/601/764 1135/603/765 1131/604/761
f 1136/605/766 1140/606/770 1139/607/769
f 1139/608/769 1141/609/771 1137/610/767
f 1141/609/771 1142/611/772 1138/612/768
f 1155/613/785 1159/614/789 1158/615/788
f 1158/616/788 1160/617/790 1156/618/786
f 1160/617/790 1161/619/791 1157/620/917
f 1162/621/792 1166/622/796 1165/623/795
f 1165/624/795 1167/625/797 1163/626/793
f 1167/625/797 1168/627/798 1164/628/794
f 1181/629/811 1185/630/815 1184/631/814
f 1184/632/814 1186/633/816 1182/634/918
f 1186/633/816 1187/635/817 1183/636/813
f 1188/637/818 1192/638/822 1191/639/821
f 1191/640/821 1193/641/823 1189/642/819
f 1193/641/823 1194/643/824 1190/644/820
f 1105/587/735 1119/645/749 1118/646/748
f 1109/647/739 1117/648/747 1119/649/749
f 1122/448/752 1111/593/915 1121/650/751
f 1120/651/750 1113/590/743 1122/652/752
f 1108/583/738 1112/596/742 1104/584/914
f 1105/587/735 1115/592/745 1108/585/738
f 1118/646/748 1125/463/755 1124/653/754
f 1119/649/749 1123/654/753 1125/655/755
f 1127/722/757 1122/448/752 1121/650/751
f 1128/657/758 1120/651/750 1122/652/752
f 1125/463/755 1130/602/760 1124/653/754
f 1123/654/753 1132/599/762 1125/655/755
f 1138/612/768 1128/658/758 1127/722/757
f 1142/659/772 1126/660/756 1128/657/758
f 1141/609/771 1131/604/761 1137/610/767
f 1141/609/771 1130/602/760 1134/601/764
f 1131/604/761 1145/661/775 1144/662/774
f 1135/663/765 1143/664/773 1145/665/775
f 1148/666/778 1137/610/767 1147/667/916
f 1146/668/776 1139/607/769 1148/669/778
f 1145/661/775 1150/671/780 1144/662/774
f 1143/664/773 1151/672/781 1145/665/775
f 1153/674/783 1148/666/778 1147/667/916
f 1152/678/782 1148/669/778 1154/675/784
f 1151/670/781 1156/618/786 1150/671/780
f 1149/676/779 1158/615/788 1151/672/781
f 1164/628/794 1154/673/784 1153/674/783
f 1168/677/798 1152/678/782 1154/675/784
f 1167/625/797 1157/620/917 1163/626/793
f 1164/628/794 1160/617/790 1167/625/797
f 1157/620/917 1171/679/801 1170/737/800
f 1161/681/791 1169/682/799 1171/683/801
f 1174/684/804 1163/626/793 1173/685/803
f 1172/686/802 1165/623/795 1174/687/804
f 1171/679/801 1176/688/806 1170/737/800
f 1169/682/799 1177/689/807 1171/683/801
f 1180/690/810 1173/685/803 1179/691/809
f 1180/693/810 1172/686/802 1174/687/804
f 1177/694/807 1182/634/918 1176/688/806
f 1175/695/805 1184/631/814 1177/689/807
f 1190/644/820 1180/690/810 1179/691/809
f 1194/696/824 1178/692/808 1180/693/810
f 1189/642/819 1186/633/816 1183/636/813
f 1190/644/820 1186/633/816 1193/641/823
f 1183/636/813 1197/697/827 1196/698/826
f 1187/699/817 1195/700/825 1197/701/827
f 1200/702/830 1189/642/819 1199/703/829
f 1198/704/828 1191/639/821 1200/705/830
f 1196/698/826 1203/706/833 1202/707/832
f 1197/701/827 1201/713/831 1203/708/833
f 1205/710/835 1200/702/830 1199/703/829
f 1204/711/834 1200/705/830 1206/712/836
f 1203/706/833 1104/584/914 1202/707/832
f 1201/713/831 1106/581/736 1203/708/833
f 1112/596/742 1206/709/836 1205/710/835
f 1116/714/746 1204/711/834 1206/712/836
f 1181/629/811 1149/676/779 1117/648/747
f 1118/646/748 1111/593/915 1105/587/735
f 1104/584/914 1205/710/835 1202/707/832
f 1146/668/776 1178/692/808 1110/588/740
f 1124/653/754 1121/650/751 1118/646/748
f 1124/653/754 1138/612/768 1127/722/757
f 1144/662/774 1137/610/767 1131/604/761
f 1144/662/774 1153/674/783 1147/667/916
f 1150/671/780 1164/628/794 1153/674/783
f 1170/737/800 1163/626/793 1157/620/917
f 1176/688/806 1173/685/803 1170/737/800
f 1176/688/806 1190/644/820 1179/691/809
f 1183/636/813 1199/703/829 1189/642/819
f 1196/698/826 1205/710/835 1199/703/829
f 1208/585/838 1215/715/845 1214/646/844
f 1209/716/839 1213/717/843 1215/649/845
f 1217/650/847 1212/718/842 1211/592/841
f 1218/652/848 1210/719/840 1212/720/842
f 1214/646/844 1221/463/851 1220/653/850
f 1213/717/843 1221/655/851 1215/649/845
f 1224/658/854 1217/650/847 1223/722/853
f 1224/657/854 1216/757/846 1218/652/848
f 1221/463/851 1226/601/856 1220/653/850
f 1221/655/851 1225/724/855 1227/725/857
f 1230/726/860 1223/722/853 1229/609/859
f 1230/727/860 1222/723/852 1224/657/854
f 1226/601/856 1233/661/863 1232/662/862
f 1225/724/855 1233/728/863 1227/725/857
f 1235/667/865 1230/726/860 1229/609/859
f 1234/729/864 1230/727/860 1236/730/866
f 1233/661/863 1238/671/868 1232/662/862
f 1231/758/861 1239/672/869 1233/728/863
f 1241/674/871 1236/666/866 1235/667/865
f 1242/675/872 1234/729/864 1236/730/866
f 1239/670/869 1244/617/874 1238/671/868
f 1237/676/867 1245/732/875 1239/672/869
f 1248/733/878 1241/674/871 1247/625/877
f 1246/734/876 1242/675/872 1248/735/878
f 1245/736/875 1250/737/880 1244/617/874
f 1245/732/875 1249/682/879 1251/683/881
f 1253/685/883 1248/733/878 1247/625/877
f 1254/739/884 1246/734/876 1248/735/878
f 1250/737/880 1257/694/887 1256/688/886
f 1251/683/881 1255/695/885 1257/740/887
f 1260/690/890 1253/685/883 1259/691/889
f 1258/741/888 1254/739/884 1260/742/890
f 1256/688/886 1263/743/893 1262/633/892
f 1255/695/885 1263/744/893 1257/740/887
f 1265/641/895 1260/690/890 1259/691/889
f 1264/637/894 1260/742/890 1266/745/896
f 1263/743/893 1268/698/898 1262/633/892
f 1263/744/893 1267/700/897 1269/701/899
f 1272/702/902 1265/641/895 1271/703/901
f 1272/746/902 1264/637/894 1266/745/896
f 1268/698/898 1275/706/905 1274/707/904
f 1267/700/897 1275/708/905 1269/701/899
f 1277/710/907 1272/702/902 1271/703/901
f 1276/747/906 1272/746/902 1278/748/908
f 1274/707/904 1209/749/839 1208/583/838
f 1273/750/903 1209/716/839 1275/708/905
f 1212/751/842 1277/710/907 1211/594/841
f 1212/720/842 1276/747/906 1278/748/908
f 1261/752/891 1237/676/867 1213/717/843
f 1208/585/838 1217/650/847 1211/592/841
f 1208/583/838 1277/710/907 1274/707/904
f 1234/729/864 1258/741/888 1210/719/840
f 1220/653/850 1217/650/847 1214/646/844
f 1220/653/850 1229/609/859 1223/722/853
f 1226/601/856 1235/667/865 1229/609/859
f 1238/671/868 1235/667/865 1232/662/862
f 1238/671/868 1247/625/877 1241/674/871
f 1244/617/874 1253/685/883 1247/625/877
f 1256/688/886 1253/685/883 1250/737/880
f 1262/633/892 1259/691/889 1256/688/886
f 1268/698/898 1265/641/895 1262/633/892
f 1274/707/904 1271/703/901 1268/698/898
f 553/477/547 559/489/553 558/478/552
f 551/480/545 557/491/551 559/481/553
f 562/483/556 556/759/550 555/484/549
f 562/486/556 560/495/554 554/487/548
f 559/489/553 565/760/559 564/490/558
f 557/491/551 563/761/557 565/492/559
f 567/493/561 568/501/562 562/483/556
f 568/494/562 566/754/560 560/495/554
f 564/490/558 565/760/559 571/496/565
f 565/492/559 563/761/557 569/498/563
f 573/500/567 574/753/568 568/501/562
f 572/502/566 566/754/560 568/494/562
f 571/496/565 577/510/571 576/504/570
f 569/498/563 575/512/569 577/505/571
f 580/506/574 574/753/568 573/500/567
f 578/508/572 572/502/566 574/503/568
f 577/510/571 583/762/577 582/511/576
f 575/512/569 581/763/575 583/513/577
f 585/514/579 586/764/580 580/506/574
f 584/515/578 578/508/572 580/509/574
f 582/511/576 583/762/577 589/517/583
f 583/513/577 581/763/575 587/519/581
f 592/521/586 586/764/580 585/514/579
f 590/523/584 584/515/578 586/516/580
f 588/518/582 589/517/583 595/525/589
f 587/519/581 593/578/587 595/527/589
f 598/528/592 592/521/586 591/522/585
f 596/530/590 590/523/584 592/524/586
f 595/525/589 601/765/595 600/532/594
f 595/527/589 593/578/587 599/533/593
f 603/535/597 604/541/598 598/528/592
f 604/536/598 602/543/596 596/530/590
f 600/532/594 601/765/595 607/537/601
f 599/533/593 605/545/599 607/539/601
f 609/540/603 610/755/604 604/541/598
f 610/542/604 608/550/602 602/543/596
f 607/537/601 613/551/607 612/544/606
f 605/545/599 611/553/605 613/546/607
f 616/547/610 610/755/604 609/540/603
f 616/549/610 614/766/608 608/550/602
f 613/551/607 619/559/613 618/552/612
f 611/553/605 617/577/611 619/554/613
f 622/555/616 616/547/610 615/548/609
f 620/557/614 614/766/608 616/549/610
f 619/559/613 625/566/619 624/560/618
f 619/554/613 617/577/611 623/561/617
f 627/563/621 628/767/622 622/555/616
f 626/564/620 620/557/614 622/558/616
f 625/566/619 631/768/625 630/567/624
f 623/561/617 629/756/623 631/568/625
f 634/569/628 628/767/622 627/563/621
f 632/571/626 626/564/620 628/565/622
f 630/567/624 631/768/625 553/573/547
f 631/568/625 629/756/623 551/480/545
f 556/575/550 634/569/628 633/570/627
f 556/488/550 554/487/548 632/571/626
f 557/491/551 551/480/545 629/756/623
f 629/756/623 623/561/617 617/577/611
f 617/577/611 611/553/605 605/545/599
f 605/545/599 599/533/593 593/578/587
f 593/578/587 587/519/581 581/763/575
f 581/763/575 575/512/569 569/498/563
f 569/498/563 563/761/557 557/491/551
f 557/491/551 629/756/623 617/577/611
f 617/577/611 605/545/599 593/578/587
f 593/578/587 581/763/575 569/498/563
f 569/498/563 557/491/551 617/577/611
f 558/478/552 561/485/555 555/484/549
f 552/574/546 555/576/549 633/570/627
f 554/487/548 560/495/554 566/754/560
f 566/754/560 572/502/566 578/508/572
f 578/508/572 584/515/578 590/523/584
f 590/523/584 596/530/590 602/543/596
f 602/543/596 608/550/602 614/766/608
f 614/766/608 620/557/614 626/564/620
f 626/564/620 632/571/626 554/487/548
f 554/487/548 566/754/560 578/508/572
f 578/508/572 590/523/584 602/543/596
f 602/543/596 614/766/608 626/564/620
f 626/564/620 554/487/548 578/508/572
f 564/490/558 567/493/561 561/485/555
f 570/497/564 573/500/567 567/493/561
f 576/504/570 579/507/573 573/500/567
f 582/511/576 585/514/579 579/507/573
f 588/518/582 591/522/585 585/514/579
f 594/526/588 597/529/591 591/522/585
f 600/532/594 603/535/597 597/529/591
f 606/538/600 609/540/603 603/535/597
f 606/538/600 612/544/606 615/548/609
f 618/552/612 621/556/615 615/548/609
f 624/560/618 627/563/621 621/556/615
f 630/567/624 633/570/627 627/563/621
f 635/579/629 641/647/635 639/580/633
f 638/582/632 639/769/633 640/583/634
f 640/585/634 639/770/633 641/586/635
f 642/588/636 648/714/642 646/589/640
f 645/591/639 646/771/640 647/592/641
f 647/594/641 646/772/640 648/595/642
f 661/597/655 667/663/661 665/598/659
f 664/600/658 665/773/659 666/601/660
f 666/601/660 665/773/659 667/603/661
f 668/605/662 674/659/668 672/606/666
f 671/608/665 672/774/666 673/609/667
f 673/609/667 672/774/666 674/611/668
f 687/613/681 693/681/687 691/614/685
f 690/616/684 691/775/685 692/617/686
f 692/617/686 691/775/685 693/619/687
f 694/621/688 700/677/694 698/622/692
f 697/624/691 698/776/692 699/625/693
f 699/625/693 698/776/692 700/627/694
f 713/629/707 719/699/713 717/630/711
f 716/632/710 717/777/711 718/633/712
f 718/633/712 717/777/711 719/635/713
f 720/637/714 726/696/720 724/638/718
f 723/640/717 724/778/718 725/641/719
f 725/641/719 724/778/718 726/643/720
f 637/587/631 641/586/635 651/645/645
f 641/647/635 635/579/629 649/648/643
f 654/448/648 645/591/639 643/593/637
f 652/651/646 642/588/636 645/590/639
f 640/583/634 647/594/641 644/596/638
f 637/587/631 643/593/637 647/592/641
f 651/645/645 657/463/651 656/653/650
f 651/649/645 649/648/643 655/654/649
f 659/656/653 660/658/654 654/448/648
f 660/657/654 658/660/652 652/651/646
f 657/463/651 664/600/658 662/602/656
f 655/654/649 661/597/655 664/599/658
f 670/612/664 674/611/668 660/658/654
f 674/659/668 668/605/662 658/660/652
f 673/609/667 666/601/660 663/604/657
f 670/612/664 662/602/656 666/601/660
f 663/604/657 667/603/661 677/661/671
f 667/663/661 661/597/655 675/664/669
f 680/666/674 671/608/665 669/610/663
f 678/668/672 668/605/662 671/607/665
f 676/662/670 677/661/671 683/670/677
f 675/664/669 681/676/675 683/672/677
f 686/673/680 680/666/674 679/667/673
f 686/675/680 684/678/678 678/668/672
f 683/670/677 690/616/684 688/618/682
f 681/676/675 687/613/681 690/615/684
f 696/628/690 700/627/694 686/673/680
f 700/677/694 694/621/688 684/678/678
f 699/625/693 692/617/686 689/620/683
f 699/625/693 696/628/690 688/618/682
f 689/620/683 693/619/687 703/679/697
f 693/681/687 687/613/681 701/682/695
f 706/684/700 697/624/691 695/626/689
f 704/686/698 694/621/688 697/623/691
f 703/679/697 709/694/703 708/688/702
f 701/682/695 707/695/701 709/689/703
f 712/690/706 706/684/700 705/685/699
f 710/692/704 704/686/698 706/687/700
f 709/694/703 716/632/710 714/634/708
f 707/695/701 713/629/707 716/631/710
f 722/644/716 726/643/720 712/690/706
f 726/696/720 720/637/714 710/692/704
f 725/641/719 718/633/712 715/636/709
f 722/644/716 714/634/708 718/633/712
f 715/636/709 719/635/713 729/697/723
f 719/699/713 713/629/707 727/700/721
f 732/702/726 723/640/717 721/642/715
f 730/704/724 720/637/714 723/639/717
f 728/698/722 729/697/723 735/706/729
f 727/700/721 733/713/727 735/708/729
f 738/709/732 732/702/726 731/703/725
f 736/711/730 730/704/724 732/705/726
f 735/706/729 638/582/632 636/584/630
f 733/713/727 635/579/629 638/581/632
f 644/596/638 648/595/642 738/709/732
f 648/714/642 642/588/636 736/711/730
f 649/648/643 635/579/629 733/713/727
f 733/713/727 727/700/721 713/629/707
f 713/629/707 707/695/701 701/682/695
f 701/682/695 687/613/681 681/676/675
f 681/676/675 675/664/669 661/597/655
f 661/597/655 655/654/649 649/648/643
f 649/648/643 733/713/727 713/629/707
f 713/629/707 701/682/695 681/676/675
f 681/676/675 661/597/655 649/648/643
f 637/587/631 650/646/644 653/650/647
f 734/707/728 636/584/630 644/596/638
f 642/588/636 652/651/646 658/660/652
f 658/660/652 668/605/662 678/668/672
f 678/668/672 684/678/678 694/621/688
f 694/621/688 704/686/698 710/692/704
f 710/692/704 720/637/714 730/704/724
f 730/704/724 736/711/730 642/588/636
f 642/588/636 658/660/652 678/668/672
f 678/668/672 694/621/688 710/692/704
f 710/692/704 730/704/724 642/588/636
f 656/653/650 659/656/653 653/650/647
f 656/653/650 662/602/656 670/612/664
f 663/604/657 676/662/670 679/667/673
f 676/662/670 682/671/676 685/674/679
f 682/671/676 688/618/682 696/628/690
f 702/680/696 705/685/699 695/626/689
f 708/688/702 711/691/705 705/685/699
f 714/634/708 722/644/716 711/691/705
f 728/698/722 731/703/725 721/642/715
f 734/707/728 737/710/731 731/703/725
f 739/579/733 745/647/739 743/580/737
f 742/582/736 743/769/737 744/583/738
f 744/585/738 743/770/737 745/586/739
f 746/588/740 752/714/746 750/589/744
f 749/591/743 750/771/744 751/592/745
f 751/594/745 750/772/744 752/595/746
f 765/597/759 771/663/765 769/598/763
f 768/600/762 769/773/763 770/601/764
f 770/601/764 769/773/763 771/603/765
f 772/605/766 778/659/772 776/606/770
f 775/608/769 776/774/770 777/609/771
f 777/609/771 776/774/770 778/611/772
f 791/613/785 797/681/791 795/614/789
f 794/616/788 795/775/789 796/617/790
f 796/617/790 795/775/789 797/619/791
f 798/621/792 804/677/798 802/622/796
f 801/624/795 802/776/796 803/625/797
f 803/625/797 802/776/796 804/627/798
f 817/629/811 823/699/817 821/630/815
f 820/632/814 821/777/815 822/633/816
f 822/633/816 821/777/815 823/635/817
f 824/637/818 830/696/824 828/638/822
f 827/640/821 828/778/822 829/641/823
f 829/641/823 828/778/822 830/643/824
f 741/587/735 745/586/739 755/645/749
f 745/647/739 739/579/733 753/648/747
f 758/448/752 749/591/743 747/593/741
f 756/651/750 746/588/740 749/590/743
f 740/584/734 744/583/738 751/594/745
f 744/585/738 741/587/735 747/593/741
f 754/646/748 755/645/749 761/463/755
f 755/649/749 753/648/747 759/654/753
f 763/656/757 764/658/758 758/448/752
f 764/657/758 762/660/756 756/651/750
f 761/463/755 768/600/762 766/602/760
f 759/654/753 765/597/759 768/599/762
f 774/612/768 778/611/772 764/658/758
f 778/659/772 772/605/766 762/660/756
f 777/609/771 770/601/764 767/604/761
f 777/609/771 774/612/768 766/602/760
f 767/604/761 771/603/765 781/661/775
f 771/663/765 765/597/759 779/664/773
f 784/666/778 775/608/769 773/610/767
f 782/668/776 772/605/766 775/607/769
f 781/661/775 787/670/781 786/671/780
f 779/664/773 785/676/779 787/672/781
f 790/673/784 784/666/778 783/667/777
f 788/678/782 782/668/776 784/669/778
f 787/670/781 794/616/788 792/618/786
f 785/676/779 791/613/785 794/615/788
f 800/628/794 804/627/798 790/673/784
f 804/677/798 798/621/792 788/678/782
f 799/626/793 803/625/797 796/617/790
f 800/628/794 792/618/786 796/617/790
f 793/620/787 797/619/791 807/679/801
f 797/681/791 791/613/785 805/682/799
f 810/684/804 801/624/795 799/626/793
f 808/686/802 798/621/792 801/623/795
f 807/679/801 813/694/807 812/688/806
f 805/682/799 811/695/805 813/689/807
f 816/690/810 810/684/804 809/685/803
f 814/692/808 808/686/802 810/687/804
f 813/694/807 820/632/814 818/634/812
f 811/695/805 817/629/811 820/631/814
f 826/644/820 830/643/824 816/690/810
f 830/696/824 824/637/818 814/692/808
f 825/642/819 829/641/823 822/633/816
f 829/641/823 826/644/820 818/634/812
f 819/636/813 823/635/817 833/697/827
f 823/699/817 817/629/811 831/700/825
f 836/702/830 827/640/821 825/642/819
f 834/704/828 824/637/818 827/639/821
f 832/698/826 833/697/827 839/706/833
f 833/701/827 831/700/825 837/713/831
f 841/710/835 842/709/836 836/702/830
f 840/711/834 834/704/828 836/705/830
f 839/706/833 742/582/736 740/584/734
f 837/713/831 739/579/733 742/581/736
f 748/596/742 752/595/746 842/709/836
f 752/714/746 746/588/740 840/711/834
f 753/648/747 739/579/733 837/713/831
f 837/713/831 831/700/825 817/629/811
f 817/629/811 811/695/805 805/682/799
f 805/682/799 791/613/785 785/676/779
f 785/676/779 779/664/773 765/597/759
f 765/597/759 759/654/753 753/648/747
f 753/648/747 837/713/831 817/629/811
f 817/629/811 805/682/799 785/676/779
f 785/676/779 765/597/759 753/648/747
f 754/646/748 757/650/751 747/593/741
f 740/584/734 748/596/742 841/710/835
f 746/588/740 756/651/750 762/660/756
f 762/660/756 772/605/766 782/668/776
f 782/668/776 788/678/782 798/621/792
f 798/621/792 808/686/802 814/692/808
f 814/692/808 824/637/818 834/704/828
f 834/704/828 840/711/834 746/588/740
f 746/588/740 762/660/756 782/668/776
f 782/668/776 798/621/792 814/692/808
f 814/692/808 834/704/828 746/588/740
f 760/653/754 763/656/757 757/650/751
f 766/602/760 774/612/768 763/656/757
f 780/662/774 783/667/777 773/610/767
f 786/671/780 789/674/783 783/667/777
f 786/671/780 792/618/786 800/628/794
f 793/620/787 806/680/800 809/685/803
f 812/688/806 815/691/809 809/685/803
f 812/688/806 818/634/812 826/644/820
f 832/698/826 835/703/829 825/642/819
f 838/707/832 841/710/835 835/703/829
f 844/585/838 845/779/839 851/715/845
f 845/716/839 843/780/837 849/717/843
f 853/650/847 854/448/848 848/718/842
f 854/652/848 852/757/846 846/719/840
f 851/715/845 857/463/851 856/721/850
f 851/649/845 849/717/843 855/654/849
f 860/658/854 854/448/848 853/650/847
f 858/723/852 852/757/846 854/652/848
f 857/463/851 863/8/857 862/601/856
f 857/655/851 855/654/849 861/724/855
f 866/726/860 860/658/854 859/722/853
f 866/727/860 864/605/858 858/723/852
f 862/601/856 863/8/857 869/661/863
f 861/724/855 867/758/861 869/728/863
f 871/667/865 872/666/866 866/726/860
f 870/729/864 864/605/858 866/727/860
f 869/661/863 875/670/869 874/671/868
f 869/728/863 867/758/861 873/676/867
f 877/674/871 878/781/872 872/666/866
f 876/731/870 870/729/864 872/730/866
f 875/670/869 881/736/875 880/617/874
f 873/676/867 879/613/873 881/732/875
f 884/733/878 878/781/872 877/674/871
f 882/734/876 876/731/870 878/675/872
f 881/736/875 887/782/881 886/737/880
f 881/732/875 879/613/873 885/682/879
f 889/738/883 890/684/884 884/733/878
f 888/686/882 882/734/876 884/735/878
f 886/737/880 887/782/881 893/694/887
f 887/683/881 885/682/879 891/695/885
f 896/690/890 890/684/884 889/738/883
f 894/741/888 888/686/882 890/739/884
f 892/688/886 893/694/887 899/743/893
f 891/695/885 897/752/891 899/744/893
f 901/641/895 902/783/896 896/690/890
f 900/637/894 894/741/888 896/742/890
f 899/743/893 905/697/899 904/698/898
f 899/744/893 897/752/891 903/700/897
f 908/702/902 902/783/896 901/641/895
f 908/746/902 906/784/900 900/637/894
f 904/698/898 905/697/899 911/706/905
f 903/700/897 909/750/903 911/708/905
f 913/710/907 914/785/908 908/702/902
f 912/747/906 906/784/900 908/746/902
f 910/707/904 911/706/905 845/749/839
f 909/750/903 843/780/837 845/716/839
f 848/751/842 914/785/908 913/710/907
f 846/719/840 912/747/906 914/748/908
f 849/717/843 843/780/837 909/750/903
f 909/750/903 903/700/897 897/752/891
f 897/752/891 891/695/885 885/682/879
f 885/682/879 879/613/873 873/676/867
f 873/676/867 867/758/861 861/724/855
f 861/724/855 855/654/849 849/717/843
f 849/717/843 909/750/903 897/752/891
f 897/752/891 885/682/879 873/676/867
f 873/676/867 861/724/855 849/717/843
f 850/646/844 853/650/847 847/592/841
f 844/583/838 847/594/841 913/710/907
f 846/719/840 852/757/846 858/723/852
f 858/723/852 864/605/858 870/729/864
f 870/729/864 876/731/870 882/734/876
f 882/734/876 888/686/882 894/741/888
f 894/741/888 900/637/894 906/784/900
f 906/784/900 912/747/906 846/719/840
f 846/719/840 858/723/852 870/729/864
f 870/729/864 882/734/876 894/741/888
f 894/741/888 906/784/900 846/719/840
f 856/721/850 859/722/853 853/650/847
f 862/601/856 865/609/859 859/722/853
f 862/601/856 868/662/862 871/667/865
f 868/662/862 874/671/868 877/674/871
f 874/671/868 880/617/874 883/625/877
f 880/617/874 886/737/880 889/738/883
f 886/737/880 892/688/886 895/691/889
f 898/633/892 901/641/895 895/691/889
f 904/698/898 907/703/901 901/641/895
f 910/707/904 913/710/907 907/703/901
f 916/479/546 917/477/547 923/489/553
f 915/480/545 921/491/551 923/481/553
f 926/483/556 920/759/550 919/484/549
f 926/486/556 924/495/554 918/487/548
f 923/489/553 929/760/559 928/490/558
f 921/491/551 927/761/557 929/492/559
f 931/493/561 932/501/562 926/483/556
f 932/494/562 930/754/560 924/495/554
f 928/490/558 929/760/559 935/496/565
f 929/492/559 927/761/557 933/498/563
f 938/753/909 932/501/562 931/493/561
f 938/503/909 936/502/566 930/754/560
f 935/496/565 941/510/571 940/504/570
f 933/498/563 939/512/569 941/505/571
f 944/506/574 938/753/909 937/500/567
f 942/508/572 936/502/566 938/503/909
f 941/510/571 947/762/577 946/511/576
f 939/512/569 945/763/575 947/513/577
f 949/514/579 950/764/580 944/506/574
f 948/515/578 942/508/572 944/509/574
f 946/511/576 947/762/577 953/517/583
f 947/513/577 945/763/575 951/519/581
f 956/521/586 950/764/580 949/514/579
f 954/523/584 948/515/578 950/516/580
f 953/517/583 959/525/589 958/526/588
f 953/520/583 951/519/581 957/578/587
f 961/529/591 962/528/910 956/521/586
f 960/530/590 954/523/584 956/524/586
f 959/525/589 965/765/595 964/532/594
f 957/578/587 963/533/593 965/534/595
f 967/535/597 968/541/598 962/528/910
f 966/543/596 960/530/590 962/531/910
f 964/532/594 965/765/595 971/537/601
f 965/534/595 963/533/593 969/545/599
f 974/755/604 968/541/598 967/535/597
f 974/542/604 972/550/602 966/543/596
f 971/537/601 977/551/607 976/544/606
f 969/545/599 975/553/605 977/546/607
f 979/548/609 980/547/911 974/755/604
f 980/549/911 978/766/608 972/550/602
f 977/551/607 983/559/613 982/552/612
f 975/553/605 981/577/611 983/554/613
f 986/555/616 980/547/911 979/548/609
f 984/557/614 978/766/608 980/549/911
f 983/559/613 989/566/619 988/560/618
f 983/554/613 981/577/611 987/561/617
f 991/563/621 992/767/622 986/555/616
f 990/564/620 984/557/614 986/558/616
f 989/566/619 995/768/625 994/567/624
f 987/561/617 993/756/623 995/568/625
f 998/569/628 992/767/622 991/563/621
f 996/571/626 990/564/620 992/565/622
f 994/567/624 995/768/625 917/573/547
f 993/756/623 915/480/545 917/482/547
f 920/575/550 998/569/628 997/570/627
f 918/487/548 996/571/626 998/572/628
f 921/491/551 915/480/545 993/756/623
f 993/756/623 987/561/617 981/577/611
f 981/577/611 975/553/605 969/545/599
f 969/545/599 963/533/593 957/578/587
f 957/578/587 951/519/581 945/763/575
f 945/763/575 939/512/569 933/498/563
f 933/498/563 927/761/557 921/491/551
f 921/491/551 993/756/623 981/577/611
f 981/577/611 969/545/599 957/578/587
f 957/578/587 945/763/575 933/498/563
f 933/498/563 921/491/551 981/577/611
f 922/478/552 925/485/555 919/484/549
f 916/574/546 919/576/549 997/570/627
f 918/487/548 924/495/554 930/754/560
f 930/754/560 936/502/566 942/508/572
f 942/508/572 948/515/578 954/523/584
f 954/523/584 960/530/590 966/543/596
f 966/543/596 972/550/602 978/766/608
f 978/766/608 984/557/614 990/564/620
f 990/564/620 996/571/626 918/487/548
f 918/487/548 930/754/560 942/508/572
f 942/508/572 954/523/584 966/543/596
f 966/543/596 978/766/608 990/564/620
f 990/564/620 918/487/548 942/508/572
f 922/478/552 928/490/558 931/493/561
f 928/490/558 934/497/564 937/500/567
f 940/504/570 943/507/573 937/500/567
f 946/511/576 949/514/579 943/507/573
f 952/518/582 955/522/585 949/514/579
f 958/526/588 961/529/591 955/522/585
f 964/532/594 967/535/597 961/529/591
f 970/538/600 973/540/603 967/535/597
f 970/538/600 976/544/606 979/548/609
f 982/552/612 985/556/615 979/548/609
f 988/560/618 991/563/621 985/556/615
f 988/560/618 994/567/624 997/570/627
f 999/579/629 1005/647/635 1003/580/633
f 1002/582/632 1003/769/633 1004/583/912
f 1004/585/912 1003/770/633 1005/586/635
f 1006/588/636 1012/714/642 1010/589/640
f 1009/591/639 1010/771/640 1011/592/641
f 1011/594/641 1010/772/640 1012/595/642
f 1025/597/655 1031/663/661 1029/598/659
f 1028/600/658 1029/773/659 1030/601/660
f 1030/601/660 1029/773/659 1031/603/661
f 1032/605/662 1038/659/668 1036/606/666
f 1035/608/665 1036/774/666 1037/609/667
f 1037/609/667 1036/774/666 1038/611/668
f 1051/613/681 1057/681/687 1055/614/685
f 1054/616/684 1055/775/685 1056/617/686
f 1056/617/686 1055/775/685 1057/619/687
f 1058/621/688 1064/677/694 1062/622/692
f 1061/624/691 1062/776/692 1063/625/913
f 1063/625/913 1062/776/692 1064/627/694
f 1077/629/707 1083/699/713 1081/630/711
f 1080/632/710 1081/777/711 1082/633/712
f 1082/633/712 1081/777/711 1083/635/713
f 1084/637/714 1090/696/720 1088/638/718
f 1087/640/717 1088/778/718 1089/641/719
f 1089/641/719 1088/778/718 1090/643/720
f 1001/587/631 1005/586/635 1015/645/645
f 1005/647/635 999/579/629 1013/648/643
f 1018/448/648 1009/591/639 1007/593/637
f 1016/651/646 1006/588/636 1009/590/639
f 1004/583/912 1011/594/641 1008/596/638
f 1004/585/912 1001/587/631 1007/593/637
f 1015/645/645 1021/463/651 1020/653/650
f 1015/649/645 1013/648/643 1019/654/649
f 1023/722/653 1024/658/654 1018/448/648
f 1022/660/652 1016/651/646 1018/652/648
f 1021/463/651 1028/600/658 1026/602/656
f 1019/654/649 1025/597/655 1028/599/658
f 1034/612/664 1038/611/668 1024/658/654
f 1038/659/668 1032/605/662 1022/660/652
f 1037/609/667 1030/601/660 1027/604/657
f 1034/612/664 1026/602/656 1030/601/660
f 1027/604/657 1031/603/661 1041/661/671
f 1031/663/661 1025/597/655 1039/664/669
f 1044/666/674 1035/608/665 1033/610/663
f 1042/668/672 1032/605/662 1035/607/665
f 1040/662/670 1041/661/671 1047/670/677
f 1039/664/669 1045/676/675 1047/672/677
f 1050/673/680 1044/666/674 1043/667/673
f 1048/678/678 1042/668/672 1044/669/674
f 1047/670/677 1054/616/684 1052/618/682
f 1045/676/675 1051/613/681 1054/615/684
f 1060/628/690 1064/627/694 1050/673/680
f 1064/677/694 1058/621/688 1048/678/678
f 1059/626/689 1063/625/913 1056/617/686
f 1063/625/913 1060/628/690 1052/618/682
f 1053/620/683 1057/619/687 1067/679/697
f 1057/681/687 1051/613/681 1065/682/695
f 1070/684/700 1061/624/691 1059/626/689
f 1068/686/698 1058/621/688 1061/623/691
f 1067/679/697 1073/694/703 1072/688/702
f 1065/682/695 1071/695/701 1073/689/703
f 1076/690/706 1070/684/700 1069/738/699
f 1076/693/706 1074/692/704 1068/686/698
f 1073/694/703 1080/632/710 1078/634/708
f 1071/695/701 1077/629/707 1080/631/710
f 1086/644/716 1090/643/720 1076/690/706
f 1090/696/720 1084/637/714 1074/692/704
f 1085/642/715 1089/641/719 1082/633/712
f 1086/644/716 1078/634/708 1082/633/712
f 1079/636/709 1083/635/713 1093/697/723
f 1083/699/713 1077/629/707 1091/700/721
f 1096/702/726 1087/640/717 1085/642/715
f 1094/704/724 1084/637/714 1087/639/717
f 1092/698/722 1093/697/723 1099/706/729
f 1091/700/721 1097/713/727 1099/708/729
f 1102/709/732 1096/702/726 1095/703/725
f 1100/711/730 1094/704/724 1096/705/726
f 1099/706/729 1002/582/632 1000/584/630
f 1097/713/727 999/579/629 1002/581/632
f 1008/596/638 1012/595/642 1102/709/732
f 1012/714/642 1006/588/636 1100/711/730
f 1013/648/643 999/579/629 1097/713/727
f 1097/713/727 1091/700/721 1077/629/707
f 1077/629/707 1071/695/701 1065/682/695
f 1065/682/695 1051/613/681 1045/676/675
f 1045/676/675 1039/664/669 1025/597/655
f 1025/597/655 1019/654/649 1013/648/643
f 1013/648/643 1097/713/727 1077/629/707
f 1077/629/707 1065/682/695 1045/676/675
f 1045/676/675 1025/597/655 1013/648/643
f 1001/587/631 1014/646/644 1017/650/647
f 1000/584/630 1008/596/638 1101/710/731
f 1006/588/636 1016/651/646 1022/660/652
f 1022/660/652 1032/605/662 1042/668/672
f 1042/668/672 1048/678/678 1058/621/688
f 1058/621/688 1068/686/698 1074/692/704
f 1074/692/704 1084/637/714 1094/704/724
f 1094/704/724 1100/711/730 1006/588/636
f 1006/588/636 1022/660/652 1042/668/672
f 1042/668/672 1058/621/688 1074/692/704
f 1074/692/704 1094/704/724 1006/588/636
f 1020/653/650 1023/722/653 1017/650/647
f 1020/653/650 1026/602/656 1034/612/664
f 1040/662/670 1043/667/673 1033/610/663
f 1046/671/676 1049/674/679 1043/667/673
f 1046/671/676 1052/618/682 1060/628/690
f 1053/620/683 1066/737/696 1069/738/699
f 1066/737/696 1072/688/702 1075/691/705
f 1072/688/702 1078/634/708 1086/644/716
f 1079/636/709 1092/698/722 1095/703/725
f 1098/707/728 1101/710/731 1095/703/725
f 1103/579/733 1109/647/739 1107/580/737
f 1106/582/736 1107/769/737 1108/583/738
f 1108/585/738 1107/770/737 1109/586/739
f 1110/588/740 1116/714/746 1114/589/744
f 1113/591/743 1114/771/744 1115/592/745
f 1115/594/745 1114/772/744 1116/595/746
f 1129/597/759 1135/663/765 1133/598/763
f 1132/600/762 1133/773/763 1134/601/764
f 1134/601/764 1133/773/763 1135/603/765
f 1136/605/766 1142/659/772 1140/606/770
f 1139/608/769 1140/774/770 1141/609/771
f 1141/609/771 1140/774/770 1142/611/772
f 1155/613/785 1161/681/791 1159/614/789
f 1158/616/788 1159/775/789 1160/617/790
f 1160/617/790 1159/775/789 1161/619/791
f 1162/621/792 1168/677/798 1166/622/796
f 1165/624/795 1166/776/796 1167/625/797
f 1167/625/797 1166/776/796 1168/627/798
f 1181/629/811 1187/699/817 1185/630/815
f 1184/632/814 1185/777/815 1186/633/816
f 1186/633/816 1185/777/815 1187/635/817
f 1188/637/818 1194/696/824 1192/638/822
f 1191/640/821 1192/778/822 1193/641/823
f 1193/641/823 1192/778/822 1194/643/824
f 1105/587/735 1109/586/739 1119/645/749
f 1109/647/739 1103/579/733 1117/648/747
f 1122/448/752 1113/591/743 1111/593/915
f 1120/651/750 1110/588/740 1113/590/743
f 1108/583/738 1115/594/745 1112/596/742
f 1105/587/735 1111/593/915 1115/592/745
f 1118/646/748 1119/645/749 1125/463/755
f 1119/649/749 1117/648/747 1123/654/753
f 1127/722/757 1128/658/758 1122/448/752
f 1128/657/758 1126/660/756 1120/651/750
f 1125/463/755 1132/600/762 1130/602/760
f 1123/654/753 1129/597/759 1132/599/762
f 1138/612/768 1142/611/772 1128/658/758
f 1142/659/772 1136/605/766 1126/660/756
f 1141/609/771 1134/601/764 1131/604/761
f 1141/609/771 1138/612/768 1130/602/760
f 1131/604/761 1135/603/765 1145/661/775
f 1135/663/765 1129/597/759 1143/664/773
f 1148/666/778 1139/608/769 1137/610/767
f 1146/668/776 1136/605/766 1139/607/769
f 1145/661/775 1151/670/781 1150/671/780
f 1143/664/773 1149/676/779 1151/672/781
f 1153/674/783 1154/673/784 1148/666/778
f 1152/678/782 1146/668/776 1148/669/778
f 1151/670/781 1158/616/788 1156/618/786
f 1149/676/779 1155/613/785 1158/615/788
f 1164/628/794 1168/627/798 1154/673/784
f 1168/677/798 1162/621/792 1152/678/782
f 1167/625/797 1160/617/790 1157/620/917
f 1164/628/794 1156/618/786 1160/617/790
f 1157/620/917 1161/619/791 1171/679/801
f 1161/681/791 1155/613/785 1169/682/799
f 1174/684/804 1165/624/795 1163/626/793
f 1172/686/802 1162/621/792 1165/623/795
f 1171/679/801 1177/694/807 1176/688/806
f 1169/682/799 1175/695/805 1177/689/807
f 1180/690/810 1174/684/804 1173/685/803
f 1180/693/810 1178/692/808 1172/686/802
f 1177/694/807 1184/632/814 1182/634/918
f 1175/695/805 1181/629/811 1184/631/814
f 1190/644/820 1194/643/824 1180/690/810
f 1194/696/824 1188/637/818 1178/692/808
f 1189/642/819 1193/641/823 1186/633/816
f 1190/644/820 1182/634/918 1186/633/816
f 1183/636/813 1187/635/817 1197/697/827
f 1187/699/817 1181/629/811 1195/700/825
f 1200/702/830 1191/640/821 1189/642/819
f 1198/704/828 1188/637/818 1191/639/821
f 1196/698/826 1197/697/827 1203/706/833
f 1197/701/827 1195/700/825 1201/713/831
f 1205/710/835 1206/709/836 1200/702/830
f 1204/711/834 1198/704/828 1200/705/830
f 1203/706/833 1106/582/736 1104/584/914
f 1201/713/831 1103/579/733 1106/581/736
f 1112/596/742 1116/595/746 1206/709/836
f 1116/714/746 1110/588/740 1204/711/834
f 1117/648/747 1103/579/733 1201/713/831
f 1201/713/831 1195/700/825 1181/629/811
f 1181/629/811 1175/695/805 1169/682/799
f 1169/682/799 1155/613/785 1149/676/779
f 1149/676/779 1143/664/773 1129/597/759
f 1129/597/759 1123/654/753 1117/648/747
f 1117/648/747 1201/713/831 1181/629/811
f 1181/629/811 1169/682/799 1149/676/779
f 1149/676/779 1129/597/759 1117/648/747
f 1118/646/748 1121/650/751 1111/593/915
f 1104/584/914 1112/596/742 1205/710/835
f 1110/588/740 1120/651/750 1126/660/756
f 1126/660/756 1136/605/766 1146/668/776
f 1146/668/776 1152/678/782 1162/621/792
f 1162/621/792 1172/686/802 1178/692/808
f 1178/692/808 1188/637/818 1198/704/828
f 1198/704/828 1204/711/834 1110/588/740
f 1110/588/740 1126/660/756 1146/668/776
f 1146/668/776 1162/621/792 1178/692/808
f 1178/692/808 1198/704/828 1110/588/740
f 1124/653/754 1127/722/757 1121/650/751
f 1124/653/754 1130/602/760 1138/612/768
f 1144/662/774 1147/667/916 1137/610/767
f 1144/662/774 1150/671/780 1153/674/783
f 1150/671/780 1156/618/786 1164/628/794
f 1170/737/800 1173/685/803 1163/626/793
f 1176/688/806 1179/691/809 1173/685/803
f 1176/688/806 1182/634/918 1190/644/820
f 1183/636/813 1196/698/826 1199/703/829
f 1196/698/826 1202/707/832 1205/710/835
f 1208/585/838 1209/779/839 1215/715/845
f 1209/716/839 1207/780/837 1213/717/843
f 1217/650/847 1218/448/848 1212/718/842
f 1218/652/848 1216/757/846 1210/719/840
f 1214/646/844 1215/715/845 1221/463/851
f 1213/717/843 1219/654/849 1221/655/851
f 1224/658/854 1218/448/848 1217/650/847
f 1224/657/854 1222/723/852 1216/757/846
f 1221/463/851 1227/8/857 1226/601/856
f 1221/655/851 1219/654/849 1225/724/855
f 1230/726/860 1224/658/854 1223/722/853
f 1230/727/860 1228/605/858 1222/723/852
f 1226/601/856 1227/8/857 1233/661/863
f 1225/724/855 1231/758/861 1233/728/863
f 1235/667/865 1236/666/866 1230/726/860
f 1234/729/864 1228/605/858 1230/727/860
f 1233/661/863 1239/670/869 1238/671/868
f 1231/758/861 1237/676/867 1239/672/869
f 1241/674/871 1242/781/872 1236/666/866
f 1242/675/872 1240/731/870 1234/729/864
f 1239/670/869 1245/736/875 1244/617/874
f 1237/676/867 1243/613/873 1245/732/875
f 1248/733/878 1242/781/872 1241/674/871
f 1246/734/876 1240/731/870 1242/675/872
f 1245/736/875 1251/782/881 1250/737/880
f 1245/732/875 1243/613/873 1249/682/879
f 1253/685/883 1254/684/884 1248/733/878
f 1254/739/884 1252/686/882 1246/734/876
f 1250/737/880 1251/782/881 1257/694/887
f 1251/683/881 1249/682/879 1255/695/885
f 1260/690/890 1254/684/884 1253/685/883
f 1258/741/888 1252/686/882 1254/739/884
f 1256/688/886 1257/694/887 1263/743/893
f 1255/695/885 1261/752/891 1263/744/893
f 1265/641/895 1266/783/896 1260/690/890
f 1264/637/894 1258/741/888 1260/742/890
f 1263/743/893 1269/697/899 1268/698/898
f 1263/744/893 1261/752/891 1267/700/897
f 1272/702/902 1266/783/896 1265/641/895
f 1272/746/902 1270/784/900 1264/637/894
f 1268/698/898 1269/697/899 1275/706/905
f 1267/700/897 1273/750/903 1275/708/905
f 1277/710/907 1278/785/908 1272/702/902
f 1276/747/906 1270/784/900 1272/746/902
f 1274/707/904 1275/706/905 1209/749/839
f 1273/750/903 1207/780/837 1209/716/839
f 1212/751/842 1278/785/908 1277/710/907
f 1212/720/842 1210/719/840 1276/747/906
f 1213/717/843 1207/780/837 1273/750/903
f 1273/750/903 1267/700/897 1261/752/891
f 1261/752/891 1255/695/885 1249/682/879
f 1249/682/879 1243/613/873 1237/676/867
f 1237/676/867 1231/758/861 1225/724/855
f 1225/724/855 1219/654/849 1213/717/843
f 1213/717/843 1273/750/903 1261/752/891
f 1261/752/891 1249/682/879 1237/676/867
f 1237/676/867 1225/724/855 1213/717/843
f 1208/585/838 1214/646/844 1217/650/847
f 1208/583/838 1211/594/841 1277/710/907
f 1210/719/840 1216/757/846 1222/723/852
f 1222/723/852 1228/605/858 1234/729/864
f 1234/729/864 1240/731/870 1246/734/876
f 1246/734/876 1252/686/882 1258/741/888
f 1258/741/888 1264/637/894 1270/784/900
f 1270/784/900 1276/747/906 1210/719/840
f 1210/719/840 1222/723/852 1234/729/864
f 1234/729/864 1246/734/876 1258/741/888
f 1258/741/888 1270/784/900 1210/719/840
f 1220/653/850 1223/722/853 1217/650/847
f 1220/653/850 1226/601/856 1229/609/859
f 1226/601/856 1232/662/862 1235/667/865
f 1238/671/868 1241/674/871 1235/667/865
f 1238/671/868 1244/617/874 1247/625/877
f 1244/617/874 1250/737/880 1253/685/883
f 1256/688/886 1259/691/889 1253/685/883
f 1262/633/892 1265/641/895 1259/691/889
f 1268/698/898 1271/703/901 1265/641/895
f 1274/707/904 1277/710/907 1271/703/901
