# Blender 5.2.1 LTS
# www.blender.org
mtllib SM_LT_Hanging_Lantern.mtl
o SM_LT_Hanging_Lantern
v 0.000000 -6.378450 -52.750000
v 0.000000 -7.500000 -51.650002
v 0.000000 -7.171506 -52.427818
v -0.000000 -6.378450 -49.250000
v 0.000000 -7.500000 -50.349998
v -0.000000 -7.171506 -49.572182
v 2.440927 -5.892919 -52.750000
v 2.870126 -6.929096 -51.650002
v 2.744417 -6.625607 -52.427818
v 2.440927 -5.892919 -49.250000
v 2.870126 -6.929096 -50.349998
v 2.744417 -6.625607 -49.572182
v 4.510245 -4.510245 -52.750000
v 5.303301 -5.303301 -51.650002
v 5.071020 -5.071020 -52.427818
v 4.510245 -4.510245 -49.250000
v 5.303301 -5.303301 -50.349998
v 5.071020 -5.071020 -49.572182
v 5.892919 -2.440927 -52.750000
v 6.929096 -2.870126 -51.650002
v 6.625607 -2.744417 -52.427818
v 5.892919 -2.440927 -49.250000
v 6.929096 -2.870126 -50.349998
v 6.625607 -2.744417 -49.572182
v 6.378450 0.000000 -52.750000
v 7.500000 0.000000 -51.650002
v 7.171506 0.000000 -52.427818
v 6.378450 -0.000000 -49.250000
v 7.500000 0.000000 -50.349998
v 7.171506 -0.000000 -49.572182
v 5.892919 2.440927 -52.750000
v 6.929096 2.870126 -51.650002
v 6.625607 2.744417 -52.427818
v 5.892919 2.440927 -49.250000
v 6.929096 2.870126 -50.349998
v 6.625607 2.744417 -49.572182
v 4.510245 4.510245 -52.750000
v 5.303301 5.303301 -51.650002
v 5.071020 5.071020 -52.427818
v 4.510245 4.510245 -49.250000
v 5.303301 5.303301 -50.349998
v 5.071020 5.071020 -49.572182
v 2.440927 5.892919 -52.750000
v 2.870126 6.929096 -51.650002
v 2.744417 6.625607 -52.427818
v 2.440927 5.892919 -49.250000
v 2.870126 6.929096 -50.349998
v 2.744417 6.625607 -49.572182
v -0.000000 6.378450 -52.750000
v 0.000000 7.500000 -51.650002
v -0.000000 7.171506 -52.427818
v 0.000000 6.378450 -49.250000
v 0.000000 7.500000 -50.349998
v 0.000000 7.171506 -49.572182
v -2.440927 5.892919 -52.750000
v -2.870126 6.929096 -51.650002
v -2.744417 6.625607 -52.427818
v -2.440927 5.892919 -49.250000
v -2.870126 6.929096 -50.349998
v -2.744417 6.625607 -49.572182
v -4.510245 4.510245 -52.750000
v -5.303301 5.303301 -51.650002
v -5.071020 5.071020 -52.427818
v -4.510245 4.510245 -49.250000
v -5.303301 5.303301 -50.349998
v -5.071020 5.071020 -49.572182
v -5.892919 2.440927 -52.750000
v -6.929096 2.870126 -51.650002
v -6.625607 2.744417 -52.427818
v -5.892919 2.440927 -49.250000
v -6.929096 2.870126 -50.349998
v -6.625607 2.744417 -49.572182
v -6.378450 -0.000000 -52.750000
v -7.500000 0.000000 -51.650002
v -7.171506 -0.000000 -52.427818
v -6.378450 0.000000 -49.250000
v -7.500000 0.000000 -50.349998
v -7.171506 0.000000 -49.572182
v -5.892919 -2.440927 -52.750000
v -6.929096 -2.870126 -51.650002
v -6.625607 -2.744417 -52.427818
v -5.892919 -2.440927 -49.250000
v -6.929096 -2.870126 -50.349998
v -6.625607 -2.744417 -49.572182
v -4.510245 -4.510245 -52.750000
v -5.303301 -5.303301 -51.650002
v -5.071020 -5.071020 -52.427818
v -4.510245 -4.510245 -49.250000
v -5.303301 -5.303301 -50.349998
v -5.071020 -5.071020 -49.572182
v -2.440927 -5.892919 -52.750000
v -2.870126 -6.929096 -51.650002
v -2.744417 -6.625607 -52.427818
v -2.440927 -5.892919 -49.250000
v -2.870126 -6.929096 -50.349998
v -2.744417 -6.625607 -49.572182
v -0.000000 -4.886288 -71.500000
v 0.000000 -6.000000 -70.400002
v -0.000000 -5.673801 -71.177818
v 0.000000 -4.886288 -52.500000
v 0.000000 -6.000000 -53.599998
v 0.000000 -5.673801 -52.822182
v 1.509947 -4.647136 -71.500000
v 1.854102 -5.706339 -70.400002
v 1.753301 -5.396106 -71.177818
v 1.509947 -4.647136 -52.500000
v 1.854102 -5.706339 -53.599998
v 1.753302 -5.396106 -52.822182
v 2.872087 -3.953091 -71.500000
v 3.526711 -4.854102 -70.400002
v 3.334976 -4.590202 -71.177818
v 2.872087 -3.953091 -52.500000
v 3.526711 -4.854102 -53.599998
v 3.334976 -4.590202 -52.822182
v 3.953091 -2.872087 -71.500000
v 4.854102 -3.526711 -70.400002
v 4.590202 -3.334976 -71.177818
v 3.953091 -2.872087 -52.500000
v 4.854102 -3.526711 -53.599998
v 4.590202 -3.334976 -52.822182
v 4.647136 -1.509947 -71.500000
v 5.706339 -1.854102 -70.400002
v 5.396106 -1.753302 -71.177818
v 4.647136 -1.509947 -52.500000
v 5.706339 -1.854102 -53.599998
v 5.396106 -1.753301 -52.822182
v 4.886288 -0.000000 -71.500000
v 6.000000 0.000000 -70.400002
v 5.673801 -0.000000 -71.177818
v 4.886288 0.000000 -52.500000
v 6.000000 0.000000 -53.599998
v 5.673801 0.000000 -52.822182
v 4.647136 1.509947 -71.500000
v 5.706339 1.854102 -70.400002
v 5.396106 1.753301 -71.177818
v 4.647136 1.509947 -52.500000
v 5.706339 1.854102 -53.599998
v 5.396106 1.753302 -52.822182
v 3.953091 2.872087 -71.500000
v 4.854102 3.526711 -70.400002
v 4.590202 3.334976 -71.177818
v 3.953091 2.872087 -52.500000
v 4.854102 3.526711 -53.599998
v 4.590202 3.334976 -52.822182
v 2.872087 3.953091 -71.500000
v 3.526711 4.854102 -70.400002
v 3.334976 4.590202 -71.177818
v 2.872087 3.953091 -52.500000
v 3.526711 4.854102 -53.599998
v 3.334976 4.590202 -52.822182
v 1.509947 4.647136 -71.500000
v 1.854102 5.706339 -70.400002
v 1.753302 5.396106 -71.177818
v 1.509947 4.647136 -52.500000
v 1.854102 5.706339 -53.599998
v 1.753301 5.396106 -52.822182
v 0.000000 4.886288 -71.500000
v 0.000000 6.000000 -70.400002
v 0.000000 5.673801 -71.177818
v -0.000000 4.886288 -52.500000
v 0.000000 6.000000 -53.599998
v -0.000000 5.673801 -52.822182
v -1.509947 4.647136 -71.500000
v -1.854102 5.706339 -70.400002
v -1.753301 5.396106 -71.177818
v -1.509947 4.647136 -52.500000
v -1.854102 5.706339 -53.599998
v -1.753302 5.396106 -52.822182
v -2.872087 3.953091 -71.500000
v -3.526711 4.854102 -70.400002
v -3.334976 4.590202 -71.177818
v -2.872087 3.953091 -52.500000
v -3.526711 4.854102 -53.599998
v -3.334976 4.590202 -52.822182
v -3.953091 2.872087 -71.500000
v -4.854102 3.526711 -70.400002
v -4.590202 3.334976 -71.177818
v -3.953091 2.872087 -52.500000
v -4.854102 3.526711 -53.599998
v -4.590202 3.334976 -52.822182
v -4.647136 1.509947 -71.500000
v -5.706339 1.854102 -70.400002
v -5.396106 1.753302 -71.177818
v -4.647136 1.509947 -52.500000
v -5.706339 1.854102 -53.599998
v -5.396106 1.753301 -52.822182
v -4.886288 0.000000 -71.500000
v -6.000000 0.000000 -70.400002
v -5.673801 0.000000 -71.177818
v -4.886288 -0.000000 -52.500000
v -6.000000 0.000000 -53.599998
v -5.673801 -0.000000 -52.822182
v -4.647136 -1.509947 -71.500000
v -5.706339 -1.854102 -70.400002
v -5.396106 -1.753301 -71.177818
v -4.647136 -1.509947 -52.500000
v -5.706339 -1.854102 -53.599998
v -5.396106 -1.753302 -52.822182
v -3.953091 -2.872087 -71.500000
v -4.854102 -3.526711 -70.400002
v -4.590202 -3.334976 -71.177818
v -3.953091 -2.872087 -52.500000
v -4.854102 -3.526711 -53.599998
v -4.590202 -3.334976 -52.822182
v -2.872087 -3.953091 -71.500000
v -3.526711 -4.854102 -70.400002
v -3.334976 -4.590202 -71.177818
v -2.872087 -3.953091 -52.500000
v -3.526711 -4.854102 -53.599998
v -3.334976 -4.590202 -52.822182
v -1.509947 -4.647136 -71.500000
v -1.854102 -5.706339 -70.400002
v -1.753302 -5.396106 -71.177818
v -1.509947 -4.647136 -52.500000
v -1.854102 -5.706339 -53.599998
v -1.753301 -5.396106 -52.822182
v -0.000000 -6.878449 -75.000000
v 0.000000 -8.000000 -73.900002
v -0.000000 -7.671505 -74.677818
v 0.000000 -6.878449 -71.000000
v 0.000000 -8.000000 -72.099998
v 0.000000 -7.671505 -71.322182
v 2.632269 -6.354858 -75.000000
v 3.061468 -7.391036 -73.900002
v 2.935758 -7.087547 -74.677818
v 2.632269 -6.354858 -71.000000
v 3.061468 -7.391036 -72.099998
v 2.935758 -7.087546 -71.322182
v 4.863798 -4.863798 -75.000000
v 5.656854 -5.656854 -73.900002
v 5.424574 -5.424574 -74.677818
v 4.863798 -4.863798 -71.000000
v 5.656854 -5.656854 -72.099998
v 5.424574 -5.424574 -71.322182
v 6.354858 -2.632269 -75.000000
v 7.391036 -3.061468 -73.900002
v 7.087546 -2.935758 -74.677818
v 6.354858 -2.632269 -71.000000
v 7.391036 -3.061468 -72.099998
v 7.087547 -2.935758 -71.322182
v 6.878449 -0.000000 -75.000000
v 8.000000 0.000000 -73.900002
v 7.671505 -0.000000 -74.677818
v 6.878449 0.000000 -71.000000
v 8.000000 0.000000 -72.099998
v 7.671505 0.000000 -71.322182
v 6.354858 2.632269 -75.000000
v 7.391036 3.061468 -73.900002
v 7.087547 2.935758 -74.677818
v 6.354858 2.632269 -71.000000
v 7.391036 3.061468 -72.099998
v 7.087546 2.935758 -71.322182
v 4.863798 4.863798 -75.000000
v 5.656854 5.656854 -73.900002
v 5.424574 5.424574 -74.677818
v 4.863798 4.863798 -71.000000
v 5.656854 5.656854 -72.099998
v 5.424574 5.424574 -71.322182
v 2.632269 6.354858 -75.000000
v 3.061468 7.391036 -73.900002
v 2.935758 7.087546 -74.677818
v 2.632269 6.354858 -71.000000
v 3.061468 7.391036 -72.099998
v 2.935758 7.087547 -71.322182
v 0.000000 6.878449 -75.000000
v 0.000000 8.000000 -73.900002
v 0.000000 7.671505 -74.677818
v -0.000000 6.878449 -71.000000
v 0.000000 8.000000 -72.099998
v -0.000000 7.671505 -71.322182
v -2.632269 6.354858 -75.000000
v -3.061468 7.391036 -73.900002
v -2.935758 7.087547 -74.677818
v -2.632269 6.354858 -71.000000
v -3.061468 7.391036 -72.099998
v -2.935758 7.087546 -71.322182
v -4.863798 4.863798 -75.000000
v -5.656854 5.656854 -73.900002
v -5.424574 5.424574 -74.677818
v -4.863798 4.863798 -71.000000
v -5.656854 5.656854 -72.099998
v -5.424574 5.424574 -71.322182
v -6.354858 2.632269 -75.000000
v -7.391036 3.061468 -73.900002
v -7.087546 2.935758 -74.677818
v -6.354858 2.632269 -71.000000
v -7.391036 3.061468 -72.099998
v -7.087547 2.935758 -71.322182
v -6.878449 0.000000 -75.000000
v -8.000000 0.000000 -73.900002
v -7.671505 0.000000 -74.677818
v -6.878449 -0.000000 -71.000000
v -8.000000 0.000000 -72.099998
v -7.671505 -0.000000 -71.322182
v -6.354858 -2.632269 -75.000000
v -7.391036 -3.061468 -73.900002
v -7.087547 -2.935758 -74.677818
v -6.354858 -2.632269 -71.000000
v -7.391036 -3.061468 -72.099998
v -7.087546 -2.935758 -71.322182
v -4.863798 -4.863798 -75.000000
v -5.656854 -5.656854 -73.900002
v -5.424574 -5.424574 -74.677818
v -4.863798 -4.863798 -71.000000
v -5.656854 -5.656854 -72.099998
v -5.424574 -5.424574 -71.322182
v -2.632269 -6.354858 -75.000000
v -3.061468 -7.391036 -73.900002
v -2.935758 -7.087546 -74.677818
v -2.632269 -6.354858 -71.000000
v -3.061468 -7.391036 -72.099998
v -2.935758 -7.087547 -71.322182
v -6.000000 -0.499641 -72.500000
v -6.136001 -0.605811 -72.357002
v -5.863999 -0.605811 -72.357002
v -6.077152 -0.580892 -72.458115
v -6.000000 -0.604783 -72.439560
v -6.000000 -0.624114 -72.357002
v -5.922848 -0.580892 -72.458115
v -6.000000 -0.499641 -51.500000
v -5.863999 -0.605811 -51.642998
v -6.136001 -0.605811 -51.642998
v -5.922848 -0.580892 -51.541885
v -6.000000 -0.604783 -51.560436
v -6.000000 -0.624114 -51.642998
v -6.077152 -0.580892 -51.541885
v -5.706318 -0.404218 -72.500000
v -5.753941 -0.570050 -72.357002
v -5.533886 -0.410172 -72.357002
v -5.720978 -0.515301 -72.458115
v -5.644517 -0.489280 -72.439560
v -5.633155 -0.504919 -72.356995
v -5.596142 -0.424603 -72.458115
v -5.706318 -0.404218 -51.500000
v -5.533886 -0.410172 -51.642998
v -5.753941 -0.570050 -51.642998
v -5.596142 -0.424603 -51.541885
v -5.644517 -0.489280 -51.560436
v -5.633155 -0.504919 -51.642998
v -5.720978 -0.515301 -51.541885
v -5.524813 -0.154398 -72.500000
v -5.465867 -0.316550 -72.357002
v -5.381813 -0.057861 -72.357002
v -5.471380 -0.252882 -72.458115
v -5.424817 -0.186888 -72.439560
v -5.406432 -0.192862 -72.356995
v -5.423697 -0.106129 -72.458115
v -5.524813 -0.154398 -51.500000
v -5.381813 -0.057861 -51.642998
v -5.465867 -0.316550 -51.642998
v -5.423697 -0.106129 -51.541885
v -5.424817 -0.186888 -51.560436
v -5.406432 -0.192862 -51.642998
v -5.471380 -0.252882 -51.541885
v -5.524813 0.154398 -72.500000
v -5.381813 0.057861 -72.357002
v -5.465867 0.316550 -72.357002
v -5.423697 0.106129 -72.458115
v -5.424817 0.186888 -72.439560
v -5.406432 0.192862 -72.356995
v -5.471380 0.252882 -72.458115
v -5.524813 0.154398 -51.500000
v -5.465867 0.316550 -51.642998
v -5.381813 0.057861 -51.642998
v -5.471380 0.252882 -51.541885
v -5.424817 0.186888 -51.560436
v -5.406432 0.192862 -51.642998
v -5.423697 0.106129 -51.541885
v -5.706318 0.404218 -72.500000
v -5.533886 0.410172 -72.357002
v -5.753941 0.570050 -72.357002
v -5.596142 0.424603 -72.458115
v -5.644517 0.489280 -72.439560
v -5.633155 0.504919 -72.356995
v -5.720978 0.515301 -72.458115
v -5.706318 0.404218 -51.500000
v -5.753941 0.570050 -51.642998
v -5.533886 0.410172 -51.642998
v -5.720978 0.515301 -51.541885
v -5.644517 0.489280 -51.560436
v -5.633155 0.504919 -51.642998
v -5.596142 0.424603 -51.541885
v -6.000000 0.499641 -72.500000
v -5.863999 0.605811 -72.357002
v -6.136001 0.605811 -72.357002
v -5.922848 0.580892 -72.458115
v -6.000000 0.604783 -72.439560
v -6.000000 0.624114 -72.357002
v -6.077152 0.580892 -72.458115
v -6.000000 0.499641 -51.500000
v -6.136001 0.605811 -51.642998
v -5.863999 0.605811 -51.642998
v -6.077152 0.580892 -51.541885
v -6.000000 0.604783 -51.560436
v -6.000000 0.624114 -51.642998
v -5.922848 0.580892 -51.541885
v -6.293682 0.404218 -72.500000
v -6.246059 0.570050 -72.357002
v -6.466114 0.410172 -72.357002
v -6.279022 0.515301 -72.458115
v -6.355483 0.489280 -72.439560
v -6.366845 0.504919 -72.356995
v -6.403858 0.424603 -72.458115
v -6.293682 0.404218 -51.500000
v -6.466114 0.410172 -51.642998
v -6.246059 0.570050 -51.642998
v -6.403858 0.424603 -51.541885
v -6.355483 0.489280 -51.560436
v -6.366845 0.504919 -51.642998
v -6.279022 0.515301 -51.541885
v -6.475187 0.154398 -72.500000
v -6.534133 0.316550 -72.357002
v -6.618187 0.057861 -72.357002
v -6.528620 0.252882 -72.458115
v -6.575183 0.186888 -72.439560
v -6.593568 0.192862 -72.356995
v -6.576303 0.106129 -72.458115
v -6.475187 0.154398 -51.500000
v -6.618187 0.057861 -51.642998
v -6.534133 0.316550 -51.642998
v -6.576303 0.106129 -51.541885
v -6.575183 0.186888 -51.560436
v -6.593568 0.192862 -51.642998
v -6.528620 0.252882 -51.541885
v -6.475187 -0.154398 -72.500000
v -6.618187 -0.057861 -72.357002
v -6.534133 -0.316550 -72.357002
v -6.576303 -0.106129 -72.458115
v -6.575183 -0.186888 -72.439560
v -6.593568 -0.192862 -72.356995
v -6.528620 -0.252882 -72.458115
v -6.475187 -0.154398 -51.500000
v -6.534133 -0.316550 -51.642998
v -6.618187 -0.057861 -51.642998
v -6.528620 -0.252882 -51.541885
v -6.575183 -0.186888 -51.560436
v -6.593568 -0.192862 -51.642998
v -6.576303 -0.106129 -51.541885
v -6.293682 -0.404218 -72.500000
v -6.466114 -0.410172 -72.357002
v -6.246059 -0.570050 -72.357002
v -6.403858 -0.424603 -72.458115
v -6.355483 -0.489280 -72.439560
v -6.366845 -0.504919 -72.356995
v -6.279022 -0.515301 -72.458115
v -6.293682 -0.404218 -51.500000
v -6.246059 -0.570050 -51.642998
v -6.466114 -0.410172 -51.642998
v -6.279022 -0.515301 -51.541885
v -6.355483 -0.489280 -51.560436
v -6.366845 -0.504919 -51.642998
v -6.403858 -0.424603 -51.541885
v 6.000000 -0.499641 -72.500000
v 5.863999 -0.605811 -72.357002
v 6.136001 -0.605811 -72.357002
v 5.922848 -0.580892 -72.458115
v 6.000000 -0.604783 -72.439560
v 6.000000 -0.624114 -72.357002
v 6.077152 -0.580892 -72.458115
v 6.000000 -0.499641 -51.500000
v 6.136001 -0.605811 -51.642998
v 5.863999 -0.605811 -51.642998
v 6.077152 -0.580892 -51.541885
v 6.000000 -0.604783 -51.560436
v 6.000000 -0.624114 -51.642998
v 5.922848 -0.580892 -51.541885
v 6.293682 -0.404218 -72.500000
v 6.246059 -0.570050 -72.357002
v 6.466114 -0.410172 -72.357002
v 6.279022 -0.515301 -72.458115
v 6.355483 -0.489280 -72.439560
v 6.366845 -0.504919 -72.356995
v 6.403858 -0.424603 -72.458115
v 6.293682 -0.404218 -51.500000
v 6.466114 -0.410172 -51.642998
v 6.246059 -0.570050 -51.642998
v 6.403858 -0.424603 -51.541885
v 6.355483 -0.489280 -51.560436
v 6.366845 -0.504919 -51.642998
v 6.279022 -0.515301 -51.541885
v 6.475187 -0.154398 -72.500000
v 6.534133 -0.316550 -72.357002
v 6.618187 -0.057861 -72.357002
v 6.528620 -0.252882 -72.458115
v 6.575183 -0.186888 -72.439560
v 6.593568 -0.192862 -72.356995
v 6.576303 -0.106129 -72.458115
v 6.475187 -0.154398 -51.500000
v 6.618187 -0.057861 -51.642998
v 6.534133 -0.316550 -51.642998
v 6.576303 -0.106129 -51.541885
v 6.575183 -0.186888 -51.560436
v 6.593568 -0.192862 -51.642998
v 6.528620 -0.252882 -51.541885
v 6.475187 0.154398 -72.500000
v 6.618187 0.057861 -72.357002
v 6.534133 0.316550 -72.357002
v 6.576303 0.106129 -72.458115
v 6.575183 0.186888 -72.439560
v 6.593568 0.192862 -72.356995
v 6.528620 0.252882 -72.458115
v 6.475187 0.154398 -51.500000
v 6.534133 0.316550 -51.642998
v 6.618187 0.057861 -51.642998
v 6.528620 0.252882 -51.541885
v 6.575183 0.186888 -51.560436
v 6.593568 0.192862 -51.642998
v 6.576303 0.106129 -51.541885
v 6.293682 0.404218 -72.500000
v 6.466114 0.410172 -72.357002
v 6.246059 0.570050 -72.357002
v 6.403858 0.424603 -72.458115
v 6.355483 0.489280 -72.439560
v 6.366845 0.504919 -72.356995
v 6.279022 0.515301 -72.458115
v 6.293682 0.404218 -51.500000
v 6.246059 0.570050 -51.642998
v 6.466114 0.410172 -51.642998
v 6.279022 0.515301 -51.541885
v 6.355483 0.489280 -51.560436
v 6.366845 0.504919 -51.642998
v 6.403858 0.424603 -51.541885
v 6.000000 0.499641 -72.500000
v 6.136001 0.605811 -72.357002
v 5.863999 0.605811 -72.357002
v 6.077152 0.580892 -72.458115
v 6.000000 0.604783 -72.439560
v 6.000000 0.624114 -72.357002
v 5.922848 0.580892 -72.458115
v 6.000000 0.499641 -51.500000
v 5.863999 0.605811 -51.642998
v 6.136001 0.605811 -51.642998
v 5.922848 0.580892 -51.541885
v 6.000000 0.604783 -51.560436
v 6.000000 0.624114 -51.642998
v 6.077152 0.580892 -51.541885
v 5.706318 0.404218 -72.500000
v 5.753941 0.570050 -72.357002
v 5.533886 0.410172 -72.357002
v 5.720978 0.515301 -72.458115
v 5.644517 0.489280 -72.439560
v 5.633155 0.504919 -72.356995
v 5.596142 0.424603 -72.458115
v 5.706318 0.404218 -51.500000
v 5.533886 0.410172 -51.642998
v 5.753941 0.570050 -51.642998
v 5.596142 0.424603 -51.541885
v 5.644517 0.489280 -51.560436
v 5.633155 0.504919 -51.642998
v 5.720978 0.515301 -51.541885
v 5.524813 0.154398 -72.500000
v 5.465867 0.316550 -72.357002
v 5.381813 0.057861 -72.357002
v 5.471380 0.252882 -72.458115
v 5.424817 0.186888 -72.439560
v 5.406432 0.192862 -72.356995
v 5.423697 0.106129 -72.458115
v 5.524813 0.154398 -51.500000
v 5.381813 0.057861 -51.642998
v 5.465867 0.316550 -51.642998
v 5.423697 0.106129 -51.541885
v 5.424817 0.186888 -51.560436
v 5.406432 0.192862 -51.642998
v 5.471380 0.252882 -51.541885
v 5.524813 -0.154398 -72.500000
v 5.381813 -0.057861 -72.357002
v 5.465867 -0.316550 -72.357002
v 5.423697 -0.106129 -72.458115
v 5.424817 -0.186888 -72.439560
v 5.406432 -0.192862 -72.356995
v 5.471380 -0.252882 -72.458115
v 5.524813 -0.154398 -51.500000
v 5.465867 -0.316550 -51.642998
v 5.381813 -0.057861 -51.642998
v 5.471380 -0.252882 -51.541885
v 5.424817 -0.186888 -51.560436
v 5.406432 -0.192862 -51.642998
v 5.423697 -0.106129 -51.541885
v 5.706318 -0.404218 -72.500000
v 5.533886 -0.410172 -72.357002
v 5.753941 -0.570050 -72.357002
v 5.596142 -0.424603 -72.458115
v 5.644517 -0.489280 -72.439560
v 5.633155 -0.504919 -72.356995
v 5.720978 -0.515301 -72.458115
v 5.706318 -0.404218 -51.500000
v 5.753941 -0.570050 -51.642998
v 5.533886 -0.410172 -51.642998
v 5.720978 -0.515301 -51.541885
v 5.644517 -0.489280 -51.560436
v 5.633155 -0.504919 -51.642998
v 5.596142 -0.424603 -51.541885
v 0.000000 5.500359 -72.500000
v -0.136001 5.394189 -72.357002
v 0.136001 5.394189 -72.357002
v -0.077152 5.419107 -72.458115
v 0.000000 5.395217 -72.439560
v -0.000000 5.375885 -72.357002
v 0.077152 5.419107 -72.458115
v -0.000000 5.500359 -51.500000
v 0.136001 5.394189 -51.642998
v -0.136001 5.394189 -51.642998
v 0.077152 5.419107 -51.541885
v -0.000000 5.395217 -51.560436
v 0.000000 5.375885 -51.642998
v -0.077152 5.419107 -51.541885
v 0.293682 5.595782 -72.500000
v 0.246059 5.429950 -72.357002
v 0.466114 5.589828 -72.357002
v 0.279022 5.484699 -72.458115
v 0.355483 5.510720 -72.439560
v 0.366845 5.495081 -72.356995
v 0.403858 5.575397 -72.458115
v 0.293682 5.595782 -51.500000
v 0.466114 5.589828 -51.642998
v 0.246059 5.429950 -51.642998
v 0.403858 5.575397 -51.541885
v 0.355483 5.510720 -51.560436
v 0.366845 5.495081 -51.642998
v 0.279022 5.484699 -51.541885
v 0.475187 5.845603 -72.500000
v 0.534133 5.683450 -72.357002
v 0.618187 5.942139 -72.357002
v 0.528620 5.747118 -72.458115
v 0.575183 5.813112 -72.439560
v 0.593568 5.807138 -72.356995
v 0.576303 5.893871 -72.458115
v 0.475187 5.845603 -51.500000
v 0.618187 5.942139 -51.642998
v 0.534133 5.683450 -51.642998
v 0.576303 5.893871 -51.541885
v 0.575183 5.813112 -51.560436
v 0.593568 5.807138 -51.642998
v 0.528620 5.747118 -51.541885
v 0.475187 6.154397 -72.500000
v 0.618187 6.057861 -72.357002
v 0.534133 6.316550 -72.357002
v 0.576303 6.106129 -72.458115
v 0.575183 6.186888 -72.439560
v 0.593568 6.192862 -72.356995
v 0.528620 6.252882 -72.458115
v 0.475187 6.154397 -51.500000
v 0.534133 6.316550 -51.642998
v 0.618187 6.057861 -51.642998
v 0.528620 6.252882 -51.541885
v 0.575183 6.186888 -51.560436
v 0.593568 6.192862 -51.642998
v 0.576303 6.106129 -51.541885
v 0.293682 6.404218 -72.500000
v 0.466114 6.410172 -72.357002
v 0.246059 6.570050 -72.357002
v 0.403858 6.424603 -72.458115
v 0.355483 6.489280 -72.439560
v 0.366845 6.504919 -72.356995
v 0.279022 6.515301 -72.458115
v 0.293682 6.404218 -51.500000
v 0.246059 6.570050 -51.642998
v 0.466114 6.410172 -51.642998
v 0.279022 6.515301 -51.541885
v 0.355483 6.489280 -51.560436
v 0.366845 6.504919 -51.642998
v 0.403858 6.424603 -51.541885
v -0.000000 6.499641 -72.500000
v 0.136001 6.605811 -72.357002
v -0.136001 6.605811 -72.357002
v 0.077152 6.580893 -72.458115
v -0.000000 6.604783 -72.439560
v 0.000000 6.624115 -72.357002
v -0.077152 6.580893 -72.458115
v 0.000000 6.499641 -51.500000
v -0.136001 6.605811 -51.642998
v 0.136001 6.605811 -51.642998
v -0.077152 6.580893 -51.541885
v 0.000000 6.604783 -51.560436
v -0.000000 6.624115 -51.642998
v 0.077152 6.580893 -51.541885
v -0.293682 6.404218 -72.500000
v -0.246059 6.570050 -72.357002
v -0.466114 6.410172 -72.357002
v -0.279022 6.515301 -72.458115
v -0.355483 6.489280 -72.439560
v -0.366845 6.504919 -72.356995
v -0.403858 6.424603 -72.458115
v -0.293682 6.404218 -51.500000
v -0.466114 6.410172 -51.642998
v -0.246059 6.570050 -51.642998
v -0.403858 6.424603 -51.541885
v -0.355483 6.489280 -51.560436
v -0.366845 6.504919 -51.642998
v -0.279022 6.515301 -51.541885
v -0.475187 6.154397 -72.500000
v -0.534133 6.316550 -72.357002
v -0.618187 6.057861 -72.357002
v -0.528620 6.252882 -72.458115
v -0.575183 6.186888 -72.439560
v -0.593568 6.192862 -72.356995
v -0.576303 6.106129 -72.458115
v -0.475187 6.154397 -51.500000
v -0.618187 6.057861 -51.642998
v -0.534133 6.316550 -51.642998
v -0.576303 6.106129 -51.541885
v -0.575183 6.186888 -51.560436
v -0.593568 6.192862 -51.642998
v -0.528620 6.252882 -51.541885
v -0.475187 5.845603 -72.500000
v -0.618187 5.942139 -72.357002
v -0.534133 5.683450 -72.357002
v -0.576303 5.893871 -72.458115
v -0.575183 5.813112 -72.439560
v -0.593568 5.807138 -72.356995
v -0.528620 5.747118 -72.458115
v -0.475187 5.845603 -51.500000
v -0.534133 5.683450 -51.642998
v -0.618187 5.942139 -51.642998
v -0.528620 5.747118 -51.541885
v -0.575183 5.813112 -51.560436
v -0.593568 5.807138 -51.642998
v -0.576303 5.893871 -51.541885
v -0.293682 5.595782 -72.500000
v -0.466114 5.589828 -72.357002
v -0.246059 5.429950 -72.357002
v -0.403858 5.575397 -72.458115
v -0.355483 5.510720 -72.439560
v -0.366845 5.495081 -72.356995
v -0.279022 5.484699 -72.458115
v -0.293682 5.595782 -51.500000
v -0.246059 5.429950 -51.642998
v -0.466114 5.589828 -51.642998
v -0.279022 5.484699 -51.541885
v -0.355483 5.510720 -51.560436
v -0.366845 5.495081 -51.642998
v -0.403858 5.575397 -51.541885
v 0.000000 -6.499641 -72.500000
v -0.136001 -6.605811 -72.357002
v 0.136001 -6.605811 -72.357002
v -0.077152 -6.580893 -72.458115
v 0.000000 -6.604783 -72.439560
v -0.000000 -6.624115 -72.357002
v 0.077152 -6.580893 -72.458115
v -0.000000 -6.499641 -51.500000
v 0.136001 -6.605811 -51.642998
v -0.136001 -6.605811 -51.642998
v 0.077152 -6.580893 -51.541885
v -0.000000 -6.604783 -51.560436
v 0.000000 -6.624115 -51.642998
v -0.077152 -6.580893 -51.541885
v 0.293682 -6.404218 -72.500000
v 0.246059 -6.570050 -72.357002
v 0.466114 -6.410172 -72.357002
v 0.279022 -6.515301 -72.458115
v 0.355483 -6.489280 -72.439560
v 0.366845 -6.504919 -72.356995
v 0.403858 -6.424603 -72.458115
v 0.293682 -6.404218 -51.500000
v 0.466114 -6.410172 -51.642998
v 0.246059 -6.570050 -51.642998
v 0.403858 -6.424603 -51.541885
v 0.355483 -6.489280 -51.560436
v 0.366845 -6.504919 -51.642998
v 0.279022 -6.515301 -51.541885
v 0.475187 -6.154397 -72.500000
v 0.534133 -6.316550 -72.357002
v 0.618187 -6.057861 -72.357002
v 0.528620 -6.252882 -72.458115
v 0.575183 -6.186888 -72.439560
v 0.593568 -6.192862 -72.356995
v 0.576303 -6.106129 -72.458115
v 0.475187 -6.154397 -51.500000
v 0.618187 -6.057861 -51.642998
v 0.534133 -6.316550 -51.642998
v 0.576303 -6.106129 -51.541885
v 0.575183 -6.186888 -51.560436
v 0.593568 -6.192862 -51.642998
v 0.528620 -6.252882 -51.541885
v 0.475187 -5.845603 -72.500000
v 0.618187 -5.942139 -72.357002
v 0.534133 -5.683450 -72.357002
v 0.576303 -5.893871 -72.458115
v 0.575183 -5.813112 -72.439560
v 0.593568 -5.807138 -72.356995
v 0.528620 -5.747118 -72.458115
v 0.475187 -5.845603 -51.500000
v 0.534133 -5.683450 -51.642998
v 0.618187 -5.942139 -51.642998
v 0.528620 -5.747118 -51.541885
v 0.575183 -5.813112 -51.560436
v 0.593568 -5.807138 -51.642998
v 0.576303 -5.893871 -51.541885
v 0.293682 -5.595782 -72.500000
v 0.466114 -5.589828 -72.357002
v 0.246059 -5.429950 -72.357002
v 0.403858 -5.575397 -72.458115
v 0.355483 -5.510720 -72.439560
v 0.366845 -5.495081 -72.356995
v 0.279022 -5.484699 -72.458115
v 0.293682 -5.595782 -51.500000
v 0.246059 -5.429950 -51.642998
v 0.466114 -5.589828 -51.642998
v 0.279022 -5.484699 -51.541885
v 0.355483 -5.510720 -51.560436
v 0.366845 -5.495081 -51.642998
v 0.403858 -5.575397 -51.541885
v -0.000000 -5.500359 -72.500000
v 0.136001 -5.394189 -72.357002
v -0.136001 -5.394189 -72.357002
v 0.077152 -5.419107 -72.458115
v -0.000000 -5.395217 -72.439560
v 0.000000 -5.375885 -72.357002
v -0.077152 -5.419107 -72.458115
v 0.000000 -5.500359 -51.500000
v -0.136001 -5.394189 -51.642998
v 0.136001 -5.394189 -51.642998
v -0.077152 -5.419107 -51.541885
v 0.000000 -5.395217 -51.560436
v -0.000000 -5.375885 -51.642998
v 0.077152 -5.419107 -51.541885
v -0.293682 -5.595782 -72.500000
v -0.246059 -5.429950 -72.357002
v -0.466114 -5.589828 -72.357002
v -0.279022 -5.484699 -72.458115
v -0.355483 -5.510720 -72.439560
v -0.366845 -5.495081 -72.356995
v -0.403858 -5.575397 -72.458115
v -0.293682 -5.595782 -51.500000
v -0.466114 -5.589828 -51.642998
v -0.246059 -5.429950 -51.642998
v -0.403858 -5.575397 -51.541885
v -0.355483 -5.510720 -51.560436
v -0.366845 -5.495081 -51.642998
v -0.279022 -5.484699 -51.541885
v -0.475187 -5.845603 -72.500000
v -0.534133 -5.683450 -72.357002
v -0.618187 -5.942139 -72.357002
v -0.528620 -5.747118 -72.458115
v -0.575183 -5.813112 -72.439560
v -0.593568 -5.807138 -72.356995
v -0.576303 -5.893871 -72.458115
v -0.475187 -5.845603 -51.500000
v -0.618187 -5.942139 -51.642998
v -0.534133 -5.683450 -51.642998
v -0.576303 -5.893871 -51.541885
v -0.575183 -5.813112 -51.560436
v -0.593568 -5.807138 -51.642998
v -0.528620 -5.747118 -51.541885
v -0.475187 -6.154397 -72.500000
v -0.618187 -6.057861 -72.357002
v -0.534133 -6.316550 -72.357002
v -0.576303 -6.106129 -72.458115
v -0.575183 -6.186888 -72.439560
v -0.593568 -6.192862 -72.356995
v -0.528620 -6.252882 -72.458115
v -0.475187 -6.154397 -51.500000
v -0.534133 -6.316550 -51.642998
v -0.618187 -6.057861 -51.642998
v -0.528620 -6.252882 -51.541885
v -0.575183 -6.186888 -51.560436
v -0.593568 -6.192862 -51.642998
v -0.576303 -6.106129 -51.541885
v -0.293682 -6.404218 -72.500000
v -0.466114 -6.410172 -72.357002
v -0.246059 -6.570050 -72.357002
v -0.403858 -6.424603 -72.458115
v -0.355483 -6.489280 -72.439560
v -0.366845 -6.504919 -72.356995
v -0.279022 -6.515301 -72.458115
v -0.293682 -6.404218 -51.500000
v -0.246059 -6.570050 -51.642998
v -0.466114 -6.410172 -51.642998
v -0.279022 -6.515301 -51.541885
v -0.355483 -6.489280 -51.560436
v -0.366845 -6.504919 -51.642998
v -0.403858 -6.424603 -51.541885
vn -0.0000 -0.2146 -0.9767
vn -0.0000 -0.9810 -0.1938
vn -0.0000 -0.7249 -0.6889
vn -0.0000 -0.2146 0.9767
vn -0.0000 -0.9810 0.1938
vn -0.0000 -0.7249 0.6889
vn 0.0821 -0.1983 -0.9767
vn 0.3754 -0.9064 -0.1938
vn 0.2774 -0.6697 -0.6889
vn 0.0821 -0.1983 0.9767
vn 0.3754 -0.9064 0.1938
vn 0.2774 -0.6697 0.6889
vn 0.1517 -0.1518 -0.9767
vn 0.6937 -0.6937 -0.1938
vn 0.5126 -0.5126 -0.6889
vn 0.1518 -0.1518 0.9767
vn 0.6937 -0.6937 0.1938
vn 0.5126 -0.5126 0.6889
vn 0.1983 -0.0821 -0.9767
vn 0.9064 -0.3754 -0.1938
vn 0.6697 -0.2774 -0.6889
vn 0.1983 -0.0821 0.9767
vn 0.9064 -0.3754 0.1938
vn 0.6697 -0.2774 0.6889
vn 0.2146 -0.0000 -0.9767
vn 0.9810 -0.0000 -0.1938
vn 0.7249 -0.0000 -0.6889
vn 0.2146 -0.0000 0.9767
vn 0.9810 -0.0000 0.1938
vn 0.7249 -0.0000 0.6889
vn 0.1983 0.0821 -0.9767
vn 0.9064 0.3754 -0.1938
vn 0.6697 0.2774 -0.6889
vn 0.1983 0.0821 0.9767
vn 0.9064 0.3754 0.1938
vn 0.6697 0.2774 0.6889
vn 0.1517 0.1518 -0.9767
vn 0.6937 0.6937 -0.1938
vn 0.5126 0.5126 -0.6889
vn 0.1518 0.1518 0.9767
vn 0.6937 0.6937 0.1938
vn 0.5126 0.5126 0.6889
vn 0.0821 0.1983 -0.9767
vn 0.3754 0.9064 -0.1938
vn 0.2774 0.6697 -0.6889
vn 0.0821 0.1983 0.9767
vn 0.3754 0.9064 0.1938
vn 0.2774 0.6697 0.6889
vn -0.0000 0.2146 -0.9767
vn -0.0000 0.9810 -0.1938
vn -0.0000 0.7249 -0.6889
vn -0.0000 0.2146 0.9767
vn -0.0000 0.9810 0.1938
vn -0.0000 0.7249 0.6889
vn -0.0821 0.1983 -0.9767
vn -0.3754 0.9064 -0.1938
vn -0.2774 0.6697 -0.6889
vn -0.0821 0.1983 0.9767
vn -0.3754 0.9064 0.1938
vn -0.2774 0.6697 0.6889
vn -0.1517 0.1518 -0.9767
vn -0.6937 0.6937 -0.1938
vn -0.5126 0.5126 -0.6889
vn -0.1518 0.1518 0.9767
vn -0.6937 0.6937 0.1938
vn -0.5126 0.5126 0.6889
vn -0.1983 0.0821 -0.9767
vn -0.9064 0.3754 -0.1938
vn -0.6697 0.2774 -0.6889
vn -0.1983 0.0821 0.9767
vn -0.9064 0.3754 0.1938
vn -0.6697 0.2774 0.6889
vn -0.2146 -0.0000 -0.9767
vn -0.9810 -0.0000 -0.1938
vn -0.7249 -0.0000 -0.6889
vn -0.2146 -0.0000 0.9767
vn -0.9810 -0.0000 0.1938
vn -0.7249 -0.0000 0.6889
vn -0.1983 -0.0821 -0.9767
vn -0.9064 -0.3754 -0.1938
vn -0.6697 -0.2774 -0.6889
vn -0.1983 -0.0821 0.9767
vn -0.9064 -0.3754 0.1938
vn -0.6697 -0.2774 0.6889
vn -0.1517 -0.1518 -0.9767
vn -0.6937 -0.6937 -0.1938
vn -0.5126 -0.5126 -0.6889
vn -0.1518 -0.1518 0.9767
vn -0.6937 -0.6937 0.1938
vn -0.5126 -0.5126 0.6889
vn -0.0821 -0.1983 -0.9767
vn -0.3754 -0.9064 -0.1938
vn -0.2774 -0.6697 -0.6889
vn -0.0821 -0.1983 0.9767
vn -0.3754 -0.9064 0.1938
vn -0.2774 -0.6697 0.6889
vn -0.0000 -0.2114 -0.9774
vn -0.0000 -0.9811 -0.1936
vn -0.0000 -0.7223 -0.6916
vn -0.0000 -0.2114 0.9774
vn -0.0000 -0.9811 0.1936
vn -0.0000 -0.7223 0.6916
vn 0.0653 -0.2010 -0.9774
vn 0.3032 -0.9331 -0.1936
vn 0.2232 -0.6869 -0.6916
vn 0.0653 -0.2010 0.9774
vn 0.3032 -0.9331 0.1936
vn 0.2232 -0.6869 0.6916
vn 0.1242 -0.1710 -0.9774
vn 0.5767 -0.7937 -0.1936
vn 0.4245 -0.5843 -0.6916
vn 0.1242 -0.1710 0.9774
vn 0.5767 -0.7937 0.1936
vn 0.4245 -0.5843 0.6916
vn 0.1710 -0.1242 -0.9774
vn 0.7937 -0.5767 -0.1935
vn 0.5843 -0.4245 -0.6916
vn 0.1710 -0.1242 0.9774
vn 0.7937 -0.5767 0.1936
vn 0.5843 -0.4245 0.6916
vn 0.2010 -0.0653 -0.9774
vn 0.9331 -0.3032 -0.1936
vn 0.6869 -0.2232 -0.6916
vn 0.2010 -0.0653 0.9774
vn 0.9331 -0.3032 0.1936
vn 0.6869 -0.2232 0.6916
vn 0.2114 -0.0000 -0.9774
vn 0.9811 -0.0000 -0.1935
vn 0.7223 -0.0000 -0.6916
vn 0.2114 -0.0000 0.9774
vn 0.9811 -0.0000 0.1936
vn 0.7223 -0.0000 0.6916
vn 0.2010 0.0653 -0.9774
vn 0.9331 0.3032 -0.1936
vn 0.6869 0.2232 -0.6916
vn 0.2010 0.0653 0.9774
vn 0.9331 0.3032 0.1936
vn 0.6869 0.2232 0.6916
vn 0.1710 0.1242 -0.9774
vn 0.7937 0.5767 -0.1936
vn 0.5843 0.4245 -0.6916
vn 0.1710 0.1242 0.9774
vn 0.7937 0.5767 0.1936
vn 0.5843 0.4245 0.6916
vn 0.1242 0.1710 -0.9774
vn 0.5767 0.7937 -0.1935
vn 0.4245 0.5843 -0.6916
vn 0.1242 0.1710 0.9774
vn 0.5767 0.7937 0.1936
vn 0.4245 0.5843 0.6916
vn 0.0653 0.2010 -0.9774
vn 0.3032 0.9331 -0.1936
vn 0.2232 0.6869 -0.6916
vn 0.0653 0.2010 0.9774
vn 0.3032 0.9331 0.1936
vn 0.2232 0.6869 0.6916
vn -0.0000 0.2114 -0.9774
vn -0.0000 0.9811 -0.1936
vn -0.0000 0.7223 -0.6916
vn -0.0000 0.2114 0.9774
vn -0.0000 0.9811 0.1936
vn -0.0000 0.7223 0.6916
vn -0.0653 0.2010 -0.9774
vn -0.3032 0.9331 -0.1936
vn -0.2232 0.6869 -0.6916
vn -0.0653 0.2010 0.9774
vn -0.3032 0.9331 0.1936
vn -0.2232 0.6869 0.6916
vn -0.1242 0.1710 -0.9774
vn -0.5767 0.7937 -0.1936
vn -0.4245 0.5843 -0.6916
vn -0.1242 0.1710 0.9774
vn -0.5767 0.7937 0.1936
vn -0.4245 0.5843 0.6916
vn -0.1710 0.1242 -0.9774
vn -0.7937 0.5767 -0.1935
vn -0.5843 0.4245 -0.6916
vn -0.1710 0.1242 0.9774
vn -0.7937 0.5767 0.1936
vn -0.5843 0.4245 0.6916
vn -0.2010 0.0653 -0.9774
vn -0.9331 0.3032 -0.1936
vn -0.6869 0.2232 -0.6916
vn -0.2010 0.0653 0.9774
vn -0.9331 0.3032 0.1936
vn -0.6869 0.2232 0.6916
vn -0.2114 -0.0000 -0.9774
vn -0.9811 -0.0000 -0.1935
vn -0.7223 -0.0000 -0.6916
vn -0.2114 -0.0000 0.9774
vn -0.9811 -0.0000 0.1936
vn -0.7223 -0.0000 0.6916
vn -0.2010 -0.0653 -0.9774
vn -0.9331 -0.3032 -0.1936
vn -0.6869 -0.2232 -0.6916
vn -0.2010 -0.0653 0.9774
vn -0.9331 -0.3032 0.1936
vn -0.6869 -0.2232 0.6916
vn -0.1710 -0.1242 -0.9774
vn -0.7937 -0.5767 -0.1936
vn -0.5843 -0.4245 -0.6916
vn -0.1710 -0.1242 0.9774
vn -0.7937 -0.5767 0.1936
vn -0.5843 -0.4245 0.6916
vn -0.1242 -0.1710 -0.9774
vn -0.5767 -0.7937 -0.1935
vn -0.4245 -0.5843 -0.6916
vn -0.1242 -0.1710 0.9774
vn -0.5767 -0.7937 0.1936
vn -0.4245 -0.5843 0.6916
vn -0.0653 -0.2010 -0.9774
vn -0.3032 -0.9331 -0.1936
vn -0.2232 -0.6869 -0.6916
vn -0.0653 -0.2010 0.9774
vn -0.3032 -0.9331 0.1936
vn -0.2232 -0.6869 0.6916
vn 0.1518 -0.1518 -0.9767
vn -0.1518 0.1518 -0.9767
vn -0.0000 -0.2540 -0.9672
vn -0.2299 -0.9565 -0.1797
vn 0.2299 -0.9565 -0.1797
vn -0.1416 -0.7175 -0.6820
vn -0.0000 -0.8513 -0.5246
vn -0.0000 -0.9905 -0.1378
vn 0.1416 -0.7175 -0.6820
vn -0.0000 -0.2540 0.9672
vn 0.2299 -0.9565 0.1797
vn -0.2299 -0.9565 0.1797
vn 0.1416 -0.7175 0.6820
vn -0.0000 -0.8513 0.5246
vn -0.0000 -0.9905 0.1378
vn -0.1416 -0.7175 0.6820
vn 0.1493 -0.2055 -0.9672
vn 0.3762 -0.9089 -0.1797
vn 0.7482 -0.6386 -0.1797
vn 0.3071 -0.6637 -0.6820
vn 0.5004 -0.6888 -0.5246
vn 0.5822 -0.8013 -0.1378
vn 0.5363 -0.4972 -0.6820
vn 0.1493 -0.2055 0.9672
vn 0.7482 -0.6386 0.1797
vn 0.3762 -0.9089 0.1797
vn 0.5363 -0.4972 0.6820
vn 0.5004 -0.6887 0.5246
vn 0.5822 -0.8013 0.1378
vn 0.3071 -0.6637 0.6820
vn 0.2415 -0.0785 -0.9672
vn 0.8386 -0.5142 -0.1797
vn 0.9807 -0.0769 -0.1797
vn 0.6386 -0.3564 -0.6820
vn 0.8097 -0.2631 -0.5246
vn 0.9420 -0.3061 -0.1378
vn 0.7261 -0.0870 -0.6820
vn 0.2416 -0.0785 0.9672
vn 0.9807 -0.0769 0.1797
vn 0.8386 -0.5142 0.1797
vn 0.7261 -0.0870 0.6820
vn 0.8096 -0.2631 0.5247
vn 0.9420 -0.3061 0.1378
vn 0.6386 -0.3564 0.6820
vn 0.2416 0.0785 -0.9672
vn 0.9807 0.0769 -0.1797
vn 0.8386 0.5142 -0.1797
vn 0.7262 0.0870 -0.6820
vn 0.8097 0.2631 -0.5246
vn 0.9420 0.3061 -0.1378
vn 0.6386 0.3564 -0.6820
vn 0.2416 0.0785 0.9672
vn 0.8386 0.5142 0.1797
vn 0.9807 0.0769 0.1797
vn 0.6386 0.3564 0.6820
vn 0.8097 0.2631 0.5246
vn 0.9420 0.3061 0.1378
vn 0.7261 0.0870 0.6820
vn 0.1493 0.2055 -0.9672
vn 0.7482 0.6386 -0.1797
vn 0.3762 0.9089 -0.1797
vn 0.5363 0.4972 -0.6820
vn 0.5004 0.6887 -0.5246
vn 0.5822 0.8013 -0.1378
vn 0.3072 0.6637 -0.6820
vn 0.1493 0.2055 0.9672
vn 0.3762 0.9089 0.1797
vn 0.7482 0.6387 0.1797
vn 0.3071 0.6637 0.6820
vn 0.5004 0.6887 0.5246
vn 0.5822 0.8013 0.1378
vn 0.5363 0.4972 0.6820
vn -0.0000 0.2540 -0.9672
vn 0.2299 0.9565 -0.1797
vn -0.2299 0.9565 -0.1797
vn 0.1416 0.7175 -0.6820
vn -0.0000 0.8513 -0.5246
vn -0.0000 0.9905 -0.1378
vn -0.1416 0.7175 -0.6820
vn -0.0000 0.2540 0.9672
vn -0.2299 0.9565 0.1797
vn 0.2299 0.9565 0.1797
vn -0.1416 0.7175 0.6820
vn -0.0000 0.8513 0.5246
vn -0.0000 0.9905 0.1378
vn 0.1416 0.7175 0.6820
vn -0.1493 0.2055 -0.9672
vn -0.3762 0.9089 -0.1797
vn -0.7482 0.6386 -0.1797
vn -0.3072 0.6637 -0.6820
vn -0.5004 0.6888 -0.5246
vn -0.5822 0.8013 -0.1378
vn -0.5363 0.4972 -0.6820
vn -0.1493 0.2055 0.9672
vn -0.7482 0.6386 0.1797
vn -0.3762 0.9089 0.1797
vn -0.5363 0.4972 0.6820
vn -0.5004 0.6887 0.5246
vn -0.5822 0.8013 0.1378
vn -0.3071 0.6637 0.6820
vn -0.2416 0.0785 -0.9672
vn -0.8386 0.5142 -0.1797
vn -0.9807 0.0769 -0.1797
vn -0.6386 0.3564 -0.6820
vn -0.8097 0.2631 -0.5246
vn -0.9420 0.3061 -0.1378
vn -0.7262 0.0870 -0.6820
vn -0.2416 0.0785 0.9672
vn -0.9807 0.0769 0.1797
vn -0.8386 0.5142 0.1797
vn -0.7261 0.0870 0.6820
vn -0.8096 0.2631 0.5247
vn -0.9420 0.3061 0.1378
vn -0.6386 0.3564 0.6820
vn -0.2415 -0.0785 -0.9672
vn -0.9807 -0.0769 -0.1797
vn -0.8386 -0.5142 -0.1797
vn -0.7261 -0.0870 -0.6820
vn -0.8097 -0.2631 -0.5246
vn -0.9420 -0.3061 -0.1378
vn -0.6386 -0.3564 -0.6820
vn -0.2416 -0.0785 0.9672
vn -0.8386 -0.5142 0.1797
vn -0.9807 -0.0769 0.1797
vn -0.6386 -0.3564 0.6820
vn -0.8097 -0.2631 0.5246
vn -0.9420 -0.3061 0.1378
vn -0.7262 -0.0870 0.6820
vn -0.1493 -0.2055 -0.9672
vn -0.7482 -0.6386 -0.1797
vn -0.3762 -0.9089 -0.1797
vn -0.5363 -0.4972 -0.6820
vn -0.5004 -0.6887 -0.5246
vn -0.5822 -0.8013 -0.1378
vn -0.3072 -0.6637 -0.6820
vn -0.1493 -0.2055 0.9672
vn -0.3762 -0.9089 0.1797
vn -0.7482 -0.6387 0.1797
vn -0.3071 -0.6637 0.6820
vn -0.5004 -0.6887 0.5246
vn -0.5822 -0.8013 0.1378
vn -0.5363 -0.4972 0.6820
vn 0.3072 -0.6637 -0.6820
vn 0.7262 -0.0870 -0.6820
vn 0.7261 0.0870 -0.6820
vn 0.7262 0.0870 0.6820
vn -0.3071 0.6637 -0.6820
vn -0.2415 0.0785 -0.9672
vn -0.7261 0.0870 -0.6820
vn -0.7262 -0.0870 -0.6820
vn -0.7261 -0.0870 0.6820
vn 0.7482 -0.6387 -0.1797
vn 0.5004 -0.6887 -0.5246
vn 0.7482 -0.6387 0.1797
vn 0.2416 -0.0785 -0.9672
vn 0.7262 -0.0870 0.6820
vn 0.8097 -0.2631 0.5246
vn 0.7482 0.6387 -0.1797
vn 0.3071 0.6637 -0.6820
vn -0.0000 0.8513 0.5247
vn -0.5004 0.6887 -0.5246
vn -0.7482 0.6387 0.1797
vn -0.7262 0.0870 0.6820
vn -0.8097 0.2631 0.5246
vn -0.2416 -0.0785 -0.9672
vn -0.7482 -0.6387 -0.1797
vn -0.3071 -0.6637 -0.6820
vn -0.0000 -0.8513 0.5247
vn -0.7482 0.6387 -0.1797
vt 0.998631 0.500000
vt 0.937500 0.657143
vt 1.000000 0.657143
vt 0.750000 0.489600
vt 0.828110 0.438573
vt 0.841691 0.471361
vt 0.937500 1.000000
vt 1.000000 0.842857
vt 0.937500 0.842857
vt 0.328110 0.438573
vt 0.250000 0.489600
vt 0.341691 0.471361
vt 0.875000 0.500000
vt 0.875000 0.657143
vt 0.894328 0.394328
vt 0.919423 0.419423
vt 0.875000 1.000000
vt 0.875000 0.842857
vt 0.394328 0.394328
vt 0.419423 0.419423
vt 0.812500 0.657143
vt 0.971361 0.341691
vt 0.812500 0.842857
vt 0.471361 0.341691
vt 0.812500 0.500000
vt 0.750000 0.657143
vt 0.954111 0.250000
vt 0.989600 0.250000
vt 0.750000 1.000000
vt 0.750000 0.842857
vt 0.454110 0.250000
vt 0.489600 0.250000
vt 0.750000 0.500000
vt 0.687500 0.657143
vt 0.938573 0.171890
vt 0.971361 0.158309
vt 0.687500 1.000000
vt 0.687500 0.842857
vt 0.438573 0.171890
vt 0.471361 0.158309
vt 0.625000 0.500000
vt 0.625000 0.657143
vt 0.894328 0.105672
vt 0.919423 0.080577
vt 0.625000 1.000000
vt 0.625000 0.842857
vt 0.394328 0.105672
vt 0.419423 0.080577
vt 0.562500 0.657143
vt 0.841691 0.028639
vt 0.562500 0.842857
vt 0.341691 0.028639
vt 0.562500 0.500000
vt 0.500000 0.657143
vt 0.750000 0.045890
vt 0.750000 0.010400
vt 0.500000 1.000000
vt 0.500000 0.842857
vt 0.250000 0.045890
vt 0.250000 0.010400
vt 0.500000 0.500000
vt 0.437500 0.657143
vt 0.671890 0.061427
vt 0.658309 0.028639
vt 0.437500 1.000000
vt 0.437500 0.842857
vt 0.171890 0.061427
vt 0.158309 0.028639
vt 0.375000 0.500000
vt 0.375000 0.657143
vt 0.605672 0.105672
vt 0.580577 0.080577
vt 0.375000 1.000000
vt 0.375000 0.842857
vt 0.105672 0.105672
vt 0.080577 0.080577
vt 0.312500 0.657143
vt 0.528639 0.158309
vt 0.312500 0.842857
vt 0.028639 0.158309
vt 0.312500 0.500000
vt 0.250000 0.657143
vt 0.545890 0.250000
vt 0.510400 0.250000
vt 0.250000 1.000000
vt 0.250000 0.842857
vt 0.045890 0.250000
vt 0.010400 0.250000
vt 0.250000 0.500000
vt 0.187500 0.657143
vt 0.561427 0.328110
vt 0.528638 0.341691
vt 0.187500 1.000000
vt 0.187500 0.842857
vt 0.061427 0.328110
vt 0.028639 0.341691
vt 0.125000 0.500000
vt 0.125000 0.657143
vt 0.605672 0.394328
vt 0.580577 0.419423
vt 0.125000 1.000000
vt 0.125000 0.842857
vt 0.105672 0.394328
vt 0.080577 0.419423
vt 0.062500 0.657143
vt 0.658309 0.471361
vt 0.062500 0.842857
vt 0.158309 0.471361
vt 0.062500 0.500000
vt 0.000000 0.657143
vt 0.750000 0.454110
vt 0.001369 1.000000
vt 0.000000 0.842857
vt 0.250000 0.454110
vt 0.998641 0.500000
vt 0.950000 0.528947
vt 1.000000 0.528947
vt 0.750000 0.445452
vt 0.824065 0.477950
vt 0.750000 0.489681
vt 0.950000 1.000000
vt 1.000000 0.971053
vt 0.950000 0.971053
vt 0.324065 0.477950
vt 0.250000 0.445452
vt 0.250000 0.489681
vt 0.950000 0.500000
vt 0.900000 0.528947
vt 0.810398 0.435886
vt 0.890881 0.443906
vt 0.900000 1.000000
vt 0.900000 0.971053
vt 0.390881 0.443906
vt 0.310398 0.435885
vt 0.900000 0.500000
vt 0.850000 0.528947
vt 0.864884 0.408124
vt 0.943906 0.390881
vt 0.850000 1.000000
vt 0.850000 0.971053
vt 0.408124 0.364884
vt 0.443906 0.390881
vt 0.800000 0.500000
vt 0.800000 0.528947
vt 0.908124 0.364884
vt 0.977950 0.324065
vt 0.800000 1.000000
vt 0.800000 0.971053
vt 0.435885 0.310398
vt 0.477950 0.324065
vt 0.750000 0.528947
vt 0.945452 0.250000
vt 0.989681 0.250000
vt 0.750000 0.971053
vt 0.445452 0.250000
vt 0.489681 0.250000
vt 0.700000 0.528947
vt 0.977950 0.175935
vt 0.700000 1.000000
vt 0.700000 0.971053
vt 0.477950 0.175935
vt 0.700000 0.500000
vt 0.650000 0.528947
vt 0.935886 0.189602
vt 0.943906 0.109119
vt 0.650000 1.000000
vt 0.650000 0.971053
vt 0.443906 0.109119
vt 0.435885 0.189602
vt 0.650000 0.500000
vt 0.600000 0.528947
vt 0.908124 0.135117
vt 0.890881 0.056094
vt 0.600000 1.000000
vt 0.600000 0.971053
vt 0.364884 0.091876
vt 0.390881 0.056094
vt 0.550000 0.500000
vt 0.550000 0.528947
vt 0.864884 0.091876
vt 0.824065 0.022050
vt 0.550000 1.000000
vt 0.550000 0.971053
vt 0.310398 0.064115
vt 0.324065 0.022050
vt 0.500000 0.528947
vt 0.750000 0.054548
vt 0.750000 0.010319
vt 0.500000 1.000000
vt 0.500000 0.971053
vt 0.250000 0.054548
vt 0.250000 0.010319
vt 0.500000 0.500000
vt 0.450000 0.528947
vt 0.675935 0.022050
vt 0.450000 1.000000
vt 0.450000 0.971053
vt 0.175935 0.022050
vt 0.450000 0.500000
vt 0.400000 0.528947
vt 0.689602 0.064115
vt 0.609119 0.056094
vt 0.400000 1.000000
vt 0.400000 0.971053
vt 0.109119 0.056094
vt 0.189602 0.064115
vt 0.400000 0.500000
vt 0.350000 0.528947
vt 0.635117 0.091876
vt 0.556094 0.109119
vt 0.350000 1.000000
vt 0.350000 0.971053
vt 0.091876 0.135117
vt 0.056094 0.109119
vt 0.300000 0.500000
vt 0.300000 0.528947
vt 0.591876 0.135117
vt 0.522050 0.175935
vt 0.300000 1.000000
vt 0.300000 0.971053
vt 0.064115 0.189602
vt 0.022050 0.175935
vt 0.250000 0.528947
vt 0.554548 0.250000
vt 0.510319 0.250000
vt 0.250000 1.000000
vt 0.250000 0.971053
vt 0.054548 0.250000
vt 0.010319 0.250000
vt 0.250000 0.500000
vt 0.200000 0.528947
vt 0.522050 0.324065
vt 0.200000 1.000000
vt 0.200000 0.971053
vt 0.022050 0.324065
vt 0.200000 0.500000
vt 0.150000 0.528947
vt 0.564115 0.310398
vt 0.556094 0.390881
vt 0.150000 1.000000
vt 0.150000 0.971053
vt 0.056094 0.390881
vt 0.064115 0.310398
vt 0.150000 0.500000
vt 0.100000 0.528947
vt 0.591876 0.364884
vt 0.609119 0.443906
vt 0.100000 1.000000
vt 0.100000 0.971053
vt 0.135117 0.408124
vt 0.109119 0.443906
vt 0.050000 0.500000
vt 0.050000 0.528947
vt 0.635117 0.408124
vt 0.675935 0.477950
vt 0.050000 1.000000
vt 0.050000 0.971053
vt 0.189602 0.435886
vt 0.175935 0.477950
vt -0.000000 0.528947
vt 0.001359 1.000000
vt -0.000000 0.971053
vt 0.998717 0.500000
vt 0.937500 0.637500
vt 1.000000 0.637500
vt 0.750000 0.456354
vt 0.841700 0.471385
vt 0.750000 0.489625
vt 1.000000 0.862500
vt 0.937500 0.862500
vt 0.328968 0.440646
vt 0.250000 0.489625
vt 0.341700 0.471385
vt 0.937500 0.500000
vt 0.875000 0.637500
vt 0.828968 0.440646
vt 0.919440 0.419440
vt 0.875000 0.862500
vt 0.419440 0.419440
vt 0.812500 0.637500
vt 0.895914 0.395914
vt 0.971385 0.341700
vt 0.812500 1.000000
vt 0.812500 0.862500
vt 0.440646 0.328968
vt 0.471385 0.341700
vt 0.750000 0.637500
vt 0.940646 0.328968
vt 0.989625 0.250000
vt 0.750000 0.862500
vt 0.456353 0.250000
vt 0.489625 0.250000
vt 0.687500 0.637500
vt 0.956354 0.250000
vt 0.971385 0.158300
vt 0.687500 0.862500
vt 0.440646 0.171032
vt 0.471385 0.158300
vt 0.687500 0.500000
vt 0.625000 0.637500
vt 0.940646 0.171032
vt 0.919440 0.080560
vt 0.625000 0.862500
vt 0.419440 0.080560
vt 0.562500 0.637500
vt 0.895914 0.104086
vt 0.841700 0.028615
vt 0.562500 1.000000
vt 0.562500 0.862500
vt 0.328968 0.059354
vt 0.341700 0.028615
vt 0.500000 0.637500
vt 0.828968 0.059354
vt 0.750000 0.010375
vt 0.500000 0.862500
vt 0.250000 0.043647
vt 0.250000 0.010375
vt 0.437500 0.637500
vt 0.750000 0.043647
vt 0.658300 0.028615
vt 0.437500 0.862500
vt 0.171032 0.059354
vt 0.158300 0.028615
vt 0.437500 0.500000
vt 0.375000 0.637500
vt 0.671032 0.059354
vt 0.580560 0.080560
vt 0.375000 0.862500
vt 0.080560 0.080560
vt 0.312500 0.637500
vt 0.604086 0.104086
vt 0.528615 0.158300
vt 0.312500 1.000000
vt 0.312500 0.862500
vt 0.059354 0.171032
vt 0.028615 0.158300
vt 0.250000 0.637500
vt 0.559354 0.171032
vt 0.510375 0.250000
vt 0.250000 0.862500
vt 0.043647 0.250000
vt 0.010375 0.250000
vt 0.187500 0.637500
vt 0.543647 0.250000
vt 0.528615 0.341700
vt 0.187500 1.000000
vt 0.187500 0.862500
vt 0.059354 0.328968
vt 0.028615 0.341700
vt 0.187500 0.500000
vt 0.125000 0.637500
vt 0.559354 0.328968
vt 0.580560 0.419440
vt 0.125000 0.862500
vt 0.080560 0.419440
vt 0.062500 0.637500
vt 0.604086 0.395914
vt 0.658300 0.471385
vt 0.062500 1.000000
vt 0.062500 0.862500
vt 0.171032 0.440646
vt 0.158300 0.471385
vt 0.001283 0.500000
vt 0.000000 0.637500
vt 0.671032 0.440646
vt 0.001283 1.000000
vt 0.000000 0.862500
vt 0.250000 0.456354
vt 0.750000 0.434483
vt 0.745093 0.488406
vt 0.716734 0.479191
vt 0.023581 0.500000
vt -0.000000 0.503405
vt 0.035597 0.503405
vt 1.000000 0.503405
vt 0.976419 0.500000
vt 0.964403 0.503405
vt 0.250000 0.434483
vt 0.254907 0.488406
vt 0.283266 0.479191
vt 0.976419 1.000000
vt 1.000000 0.996595
vt 0.964403 0.996595
vt -0.000000 0.996595
vt 0.023581 1.000000
vt 0.035597 0.996595
vt 0.858436 0.399250
vt 0.886162 0.445758
vt 0.857803 0.454973
vt 0.923581 0.500000
vt 0.900000 0.503405
vt 0.935597 0.503405
vt 0.876419 0.500000
vt 0.864403 0.503405
vt 0.358436 0.399250
vt 0.394101 0.439990
vt 0.411628 0.415866
vt 0.876419 1.000000
vt 0.900000 0.996595
vt 0.864403 0.996595
vt 0.923581 1.000000
vt 0.935597 0.996595
vt 0.925454 0.307008
vt 0.975221 0.328338
vt 0.957694 0.352462
vt 0.823581 0.500000
vt 0.800000 0.503405
vt 0.835597 0.503405
vt 0.776419 0.500000
vt 0.764403 0.503405
vt 0.425454 0.307008
vt 0.478254 0.319005
vt 0.478254 0.289186
vt 0.776419 1.000000
vt 0.800000 0.996595
vt 0.764403 0.996595
vt 0.823581 1.000000
vt 0.835597 0.996595
vt 0.925454 0.192992
vt 0.978254 0.180995
vt 0.978254 0.210814
vt 0.723581 0.500000
vt 0.700000 0.503405
vt 0.735597 0.503405
vt 0.676419 0.500000
vt 0.664403 0.503405
vt 0.425454 0.192992
vt 0.475221 0.171662
vt 0.457694 0.147538
vt 0.676419 1.000000
vt 0.700000 0.996595
vt 0.664403 0.996595
vt 0.723581 1.000000
vt 0.735597 0.996595
vt 0.858436 0.100750
vt 0.894101 0.060010
vt 0.911628 0.084134
vt 0.623581 0.500000
vt 0.600000 0.503405
vt 0.635597 0.503405
vt 0.576418 0.500000
vt 0.564403 0.503405
vt 0.358436 0.100750
vt 0.386162 0.054242
vt 0.357803 0.045027
vt 0.576419 1.000000
vt 0.600000 0.996595
vt 0.564403 0.996595
vt 0.623581 1.000000
vt 0.635597 0.996595
vt 0.750000 0.065517
vt 0.754907 0.011594
vt 0.783266 0.020809
vt 0.523581 0.500000
vt 0.500000 0.503405
vt 0.535597 0.503405
vt 0.476418 0.500000
vt 0.464403 0.503405
vt 0.250000 0.065517
vt 0.245093 0.011594
vt 0.216734 0.020809
vt 0.476419 1.000000
vt 0.500000 0.996595
vt 0.464403 0.996595
vt 0.523581 1.000000
vt 0.535597 0.996595
vt 0.641564 0.100750
vt 0.613838 0.054242
vt 0.642197 0.045027
vt 0.423581 0.500000
vt 0.400000 0.503405
vt 0.435597 0.503405
vt 0.376418 0.500000
vt 0.364403 0.503405
vt 0.141564 0.100750
vt 0.105899 0.060010
vt 0.088372 0.084134
vt 0.376419 1.000000
vt 0.400000 0.996595
vt 0.364403 0.996595
vt 0.423581 1.000000
vt 0.435597 0.996595
vt 0.574546 0.192992
vt 0.524779 0.171662
vt 0.542306 0.147538
vt 0.323581 0.500000
vt 0.300000 0.503405
vt 0.335597 0.503405
vt 0.276419 0.500000
vt 0.264403 0.503405
vt 0.074546 0.192992
vt 0.021746 0.180995
vt 0.021746 0.210814
vt 0.276419 1.000000
vt 0.300000 0.996595
vt 0.264403 0.996595
vt 0.323581 1.000000
vt 0.335597 0.996595
vt 0.574546 0.307008
vt 0.521746 0.319005
vt 0.521746 0.289186
vt 0.223581 0.500000
vt 0.200000 0.503405
vt 0.235597 0.503405
vt 0.176419 0.500000
vt 0.164403 0.503405
vt 0.074546 0.307008
vt 0.024779 0.328338
vt 0.042306 0.352462
vt 0.176419 1.000000
vt 0.200000 0.996595
vt 0.164403 0.996595
vt 0.223581 1.000000
vt 0.235597 0.996595
vt 0.641564 0.399250
vt 0.605899 0.439990
vt 0.588372 0.415866
vt 0.123581 0.500000
vt 0.100000 0.503405
vt 0.135597 0.503405
vt 0.076418 0.500000
vt 0.064403 0.503405
vt 0.141564 0.399250
vt 0.113838 0.445758
vt 0.142197 0.454973
vt 0.076419 1.000000
vt 0.100000 0.996595
vt 0.064403 0.996595
vt 0.123581 1.000000
vt 0.135597 0.996595
vt 0.783266 0.479191
vt 0.357803 0.454973
vt 0.911628 0.415866
vt 0.457694 0.352462
vt 0.978254 0.289186
vt 0.478254 0.210814
vt 0.957694 0.147538
vt 0.411628 0.084134
vt 0.857803 0.045027
vt 0.283266 0.020809
vt 0.716734 0.020809
vt 0.142197 0.045027
vt 0.588372 0.084134
vt 0.042306 0.147538
vt 0.521746 0.210814
vt 0.021746 0.289186
vt 0.542306 0.352462
vt 0.088372 0.415866
vt 0.642197 0.454973
vt 0.216734 0.479191
vt 0.998631 1.000000
vt 0.938573 0.328110
vt 0.438573 0.328110
vt 0.828110 0.061427
vt 0.328110 0.061427
vt 0.561427 0.171890
vt 0.061427 0.171890
vt 0.671890 0.438573
vt 0.062500 1.000000
vt 0.171890 0.438573
vt 0.001369 0.500000
vt 0.998641 1.000000
vt 0.364884 0.408124
vt 0.850000 0.500000
vt 0.935886 0.310398
vt 0.408124 0.135117
vt 0.600000 0.500000
vt 0.810398 0.064115
vt 0.135117 0.091876
vt 0.350000 0.500000
vt 0.564115 0.189602
vt 0.091876 0.364884
vt 0.100000 0.500000
vt 0.689602 0.435886
vt 0.001359 0.500000
vt 0.998717 1.000000
vt 0.395914 0.395914
vt 0.395914 0.104086
vt 0.104086 0.104086
vt 0.104086 0.395914
vt 0.062500 0.500000
vt -0.000000 0.501439
vt 0.996522 0.500000
vt 1.000000 0.998561
vt 0.003478 1.000000
vt 0.898261 0.500719
vt 0.901739 0.999281
vt 0.798261 0.500719
vt 0.801739 0.999281
vt 0.698261 0.500719
vt 0.701739 0.999281
vt 0.598261 0.500719
vt 0.601739 0.999281
vt 0.498261 0.500719
vt 0.501739 0.999281
vt 0.398261 0.500719
vt 0.401739 0.999281
vt 0.298261 0.500719
vt 0.301739 0.999281
vt 0.198261 0.500719
vt 0.201739 0.999281
vt 0.098261 0.500719
vt 0.101739 0.999281
s 1
usemtl Beak
f 3/1/3 8/2/8 2/3/2
f 3/4/3 7/5/7 9/6/9
f 12/7/12 5/8/5 11/9/11
f 10/10/10 6/11/6 12/12/12
f 8/2/8 15/13/15 14/14/14
f 9/6/9 13/15/13 15/16/15
f 18/17/18 11/9/11 17/18/17
f 16/19/16 12/12/12 18/20/18
f 15/13/15 20/21/20 14/14/14
f 13/15/13 21/22/21 15/16/15
f 23/23/23 18/17/18 17/18/17
f 24/24/24 16/19/16 18/20/18
f 21/25/21 26/26/26 20/21/20
f 21/22/21 25/27/25 27/28/27
f 30/29/30 23/23/23 29/30/29
f 28/31/28 24/24/24 30/32/30
f 27/33/27 32/34/32 26/26/26
f 27/28/27 31/35/31 33/36/33
f 36/37/36 29/30/29 35/38/35
f 34/39/34 30/32/30 36/40/36
f 32/34/32 39/41/39 38/42/38
f 33/36/33 37/43/37 39/44/39
f 42/45/42 35/38/35 41/46/41
f 40/47/40 36/40/36 42/48/42
f 39/41/39 44/49/44 38/42/38
f 37/43/37 45/50/45 39/44/39
f 47/51/47 42/45/42 41/46/41
f 48/52/48 40/47/40 42/48/42
f 45/53/45 50/54/50 44/49/44
f 45/50/45 49/55/49 51/56/51
f 54/57/54 47/51/47 53/58/53
f 52/59/52 48/52/48 54/60/54
f 51/61/51 56/62/56 50/54/50
f 51/56/51 55/63/55 57/64/57
f 60/65/60 53/58/53 59/66/59
f 58/67/58 54/60/54 60/68/60
f 56/62/56 63/69/63 62/70/62
f 57/64/57 61/71/61 63/72/63
f 66/73/66 59/66/59 65/74/65
f 64/75/64 60/68/60 66/76/66
f 63/69/63 68/77/68 62/70/62
f 61/71/61 69/78/69 63/72/63
f 71/79/71 66/73/66 65/74/65
f 72/80/72 64/75/64 66/76/66
f 69/81/69 74/82/74 68/77/68
f 69/78/69 73/83/73 75/84/75
f 78/85/78 71/79/71 77/86/77
f 76/87/76 72/80/72 78/88/78
f 75/89/75 80/90/80 74/82/74
f 75/84/75 79/91/79 81/92/81
f 84/93/84 77/86/77 83/94/83
f 82/95/82 78/88/78 84/96/84
f 80/90/80 87/97/87 86/98/86
f 81/92/81 85/99/85 87/100/87
f 90/101/90 83/94/83 89/102/89
f 88/103/88 84/96/84 90/104/90
f 87/97/87 92/105/92 86/98/86
f 85/99/85 93/106/93 87/100/87
f 95/107/95 90/101/90 89/102/89
f 96/108/96 88/103/88 90/104/90
f 93/109/93 2/110/2 92/105/92
f 93/106/93 1/111/1 3/4/3
f 6/112/6 95/107/95 5/113/5
f 4/114/4 96/108/96 6/11/6
f 55/63/55 31/35/31 7/5/7
f 8/2/8 5/8/5 2/3/2
f 2/110/2 95/107/95 92/105/92
f 52/59/52 76/87/76 4/114/4
f 14/14/14 11/9/11 8/2/8
f 20/21/20 17/18/17 14/14/14
f 26/26/26 23/23/23 20/21/20
f 32/34/32 29/30/29 26/26/26
f 38/42/38 35/38/35 32/34/32
f 44/49/44 41/46/41 38/42/38
f 50/54/50 47/51/47 44/49/44
f 56/62/56 53/58/53 50/54/50
f 62/70/62 59/66/59 56/62/56
f 68/77/68 65/74/65 62/70/62
f 74/82/74 71/79/71 68/77/68
f 80/90/80 77/86/77 74/82/74
f 86/98/86 83/94/83 80/90/80
f 92/105/92 89/102/89 86/98/86
f 219/263/3 224/264/8 218/265/2
f 217/266/1 225/267/9 219/268/3
f 228/7/12 221/269/5 227/270/11
f 226/271/10 222/272/6 228/273/12
f 225/274/9 230/275/14 224/264/8
f 223/276/7 231/277/15 225/267/9
f 233/278/17 228/7/12 227/270/11
f 234/279/18 226/271/10 228/273/12
f 231/13/15 236/280/20 230/275/14
f 229/281/217 237/282/21 231/277/15
f 240/283/24 233/278/17 239/284/23
f 238/285/22 234/279/18 240/286/24
f 236/280/20 243/33/27 242/287/26
f 235/288/19 243/289/27 237/282/21
f 246/29/30 239/284/23 245/290/29
f 244/291/28 240/286/24 246/292/30
f 243/33/27 248/293/32 242/287/26
f 241/294/25 249/295/33 243/289/27
f 252/37/36 245/290/29 251/296/35
f 250/297/34 246/292/30 252/298/36
f 249/299/33 254/300/38 248/293/32
f 247/301/31 255/302/39 249/295/33
f 257/303/41 252/37/36 251/296/35
f 258/304/42 250/297/34 252/298/36
f 255/41/39 260/305/44 254/300/38
f 253/306/37 261/307/45 255/302/39
f 264/308/48 257/303/41 263/309/47
f 262/310/46 258/304/42 264/311/48
f 260/305/44 267/61/51 266/312/50
f 259/313/43 267/314/51 261/307/45
f 270/57/54 263/309/47 269/315/53
f 268/316/52 264/311/48 270/317/54
f 267/61/51 272/318/56 266/312/50
f 265/319/49 273/320/57 267/314/51
f 276/65/60 269/315/53 275/321/59
f 274/322/58 270/317/54 276/323/60
f 273/324/57 278/325/62 272/318/56
f 271/326/55 279/327/63 273/320/57
f 281/328/65 276/65/60 275/321/59
f 282/329/66 274/322/58 276/323/60
f 279/69/63 284/330/68 278/325/62
f 277/331/218 285/332/69 279/327/63
f 288/333/72 281/328/65 287/334/71
f 286/335/70 282/329/66 288/336/72
f 284/330/68 291/89/75 290/337/74
f 283/338/67 291/339/75 285/332/69
f 294/85/78 287/334/71 293/340/77
f 292/341/76 288/336/72 294/342/78
f 291/89/75 296/343/80 290/337/74
f 289/344/73 297/345/81 291/339/75
f 300/346/84 293/340/77 299/347/83
f 298/348/82 294/342/78 300/349/84
f 297/350/81 302/351/86 296/343/80
f 295/352/79 303/353/87 297/345/81
f 305/354/89 300/346/84 299/347/83
f 306/355/90 298/348/82 300/349/84
f 303/97/87 308/356/92 302/351/86
f 301/357/85 309/358/93 303/353/87
f 312/359/96 305/354/89 311/360/95
f 310/361/94 306/355/90 312/362/96
f 308/356/92 219/363/3 218/364/2
f 307/365/91 219/268/3 309/358/93
f 222/366/6 311/360/95 221/367/5
f 220/368/4 312/362/96 222/272/6
f 271/326/55 247/301/31 223/276/7
f 224/264/8 221/269/5 218/265/2
f 218/364/2 311/360/95 308/356/92
f 268/316/52 292/341/76 220/368/4
f 230/275/14 227/270/11 224/264/8
f 236/280/20 233/278/17 230/275/14
f 242/287/26 239/284/23 236/280/20
f 248/293/32 245/290/29 242/287/26
f 254/300/38 251/296/35 248/293/32
f 260/305/44 257/303/41 254/300/38
f 266/312/50 263/309/47 260/305/44
f 272/318/56 269/315/53 266/312/50
f 278/325/62 275/321/59 272/318/56
f 284/330/68 281/328/65 278/325/62
f 290/337/74 287/334/71 284/330/68
f 296/343/80 293/340/77 290/337/74
f 302/351/86 299/347/83 296/343/80
f 308/356/92 305/354/89 302/351/86
f 313/369/219 317/370/223 316/371/222
f 316/372/222 318/373/224 314/374/220
f 318/375/224 319/376/225 315/377/221
f 320/378/226 324/379/230 323/380/229
f 323/381/229 325/382/231 321/383/227
f 325/384/231 326/385/232 322/386/228
f 327/387/233 331/388/237 330/389/236
f 330/390/236 332/391/238 328/392/234
f 332/391/238 333/393/239 329/394/235
f 334/395/240 338/396/244 337/397/243
f 337/398/243 339/399/245 335/400/241
f 339/399/245 340/401/246 336/402/242
f 341/403/247 345/404/251 344/405/250
f 344/406/250 346/407/252 342/408/248
f 346/407/252 347/409/253 343/410/249
f 348/411/254 352/412/258 351/413/257
f 351/414/257 353/415/259 349/416/255
f 353/415/259 354/417/260 350/418/256
f 355/419/261 359/420/265 358/421/264
f 358/422/264 360/423/266 356/424/262
f 360/423/266 361/425/267 357/426/263
f 362/427/268 366/428/272 365/429/271
f 365/430/271 367/431/273 363/432/269
f 367/431/273 368/433/274 364/434/270
f 369/435/275 373/436/279 372/437/278
f 372/438/278 374/439/280 370/440/276
f 374/439/280 375/441/281 371/442/277
f 376/443/282 380/444/286 379/445/285
f 379/446/285 381/447/287 377/448/283
f 381/447/287 382/449/288 378/450/284
f 383/451/289 387/452/293 386/453/292
f 386/454/292 388/455/294 384/456/290
f 388/455/294 389/457/295 385/458/291
f 390/459/296 394/460/300 393/461/299
f 393/462/299 395/463/301 391/464/297
f 395/463/301 396/465/302 392/466/298
f 397/467/303 401/468/307 400/469/306
f 400/470/306 402/471/308 398/472/304
f 402/471/308 403/473/309 399/474/305
f 404/475/310 408/476/314 407/477/313
f 407/478/313 409/479/315 405/480/311
f 409/479/315 410/481/316 406/482/312
f 411/483/317 415/484/321 414/485/320
f 414/486/320 416/487/322 412/488/318
f 416/487/322 417/489/323 413/490/319
f 418/491/324 422/492/328 421/493/327
f 421/494/327 423/495/329 419/496/325
f 423/495/329 424/497/330 420/498/326
f 425/499/331 429/500/335 428/501/334
f 428/502/334 430/503/336 426/504/332
f 430/503/336 431/505/337 427/506/333
f 432/507/338 436/508/342 435/509/341
f 435/510/341 437/511/343 433/512/339
f 437/511/343 438/513/344 434/514/340
f 439/515/345 443/516/349 442/517/348
f 442/518/348 444/519/350 440/520/346
f 444/519/350 445/521/351 441/522/347
f 446/523/352 450/524/356 449/525/355
f 449/526/355 451/527/357 447/528/353
f 451/527/357 452/529/358 448/530/354
f 315/377/221 330/390/236 328/392/234
f 319/531/225 327/387/233 330/389/236
f 340/401/246 321/383/227 336/402/242
f 340/532/246 320/378/226 323/380/229
f 318/373/224 322/386/228 314/374/220
f 315/377/221 325/382/231 318/375/224
f 335/400/241 332/391/238 329/394/235
f 336/402/242 332/391/238 339/399/245
f 333/393/239 342/408/248 329/394/235
f 327/387/233 344/405/250 333/533/239
f 354/417/260 335/400/241 350/418/256
f 348/411/254 337/397/243 354/534/260
f 349/416/255 346/407/252 343/410/249
f 350/418/256 346/407/252 353/415/259
f 347/409/253 356/424/262 343/410/249
f 347/535/253 355/419/261 358/421/264
f 368/433/274 349/416/255 364/434/270
f 362/427/268 351/413/257 368/536/274
f 363/432/269 360/423/266 357/426/263
f 364/434/270 360/423/266 367/431/273
f 361/425/267 370/440/276 357/426/263
f 355/419/261 372/437/278 361/537/267
f 382/449/288 363/432/269 378/450/284
f 376/443/282 365/429/271 382/538/288
f 377/448/283 374/439/280 371/442/277
f 378/450/284 374/439/280 381/447/287
f 375/441/281 384/456/290 371/442/277
f 375/539/281 383/451/289 386/453/292
f 392/466/298 379/446/285 377/448/283
f 390/459/296 379/445/285 396/540/302
f 395/463/301 385/458/291 391/464/297
f 392/466/298 388/455/294 395/463/301
f 385/458/291 400/470/306 398/472/304
f 383/451/289 400/469/306 389/541/295
f 410/481/316 391/464/297 406/482/312
f 404/475/310 393/461/299 410/542/316
f 405/480/311 402/471/308 399/474/305
f 406/482/312 402/471/308 409/479/315
f 403/473/309 412/488/318 399/474/305
f 397/467/303 414/485/320 403/543/309
f 424/497/330 405/480/311 420/498/326
f 418/491/324 407/477/313 424/544/330
f 419/496/325 416/487/322 413/490/319
f 420/498/326 416/487/322 423/495/329
f 417/489/323 426/504/332 413/490/319
f 411/483/317 428/501/334 417/545/323
f 438/513/344 419/496/325 434/514/340
f 438/546/344 418/491/324 421/493/327
f 433/512/339 430/503/336 427/506/333
f 434/514/340 430/503/336 437/511/343
f 431/505/337 440/520/346 427/506/333
f 425/499/331 442/517/348 431/547/337
f 452/529/358 433/512/339 448/530/354
f 446/523/352 435/509/341 452/548/358
f 447/528/353 444/519/350 441/522/347
f 448/530/354 444/519/350 451/527/357
f 445/521/351 314/374/220 441/522/347
f 439/515/345 316/371/222 445/549/351
f 322/386/228 449/526/355 447/528/353
f 320/378/226 449/525/355 326/550/232
f 411/483/317 355/419/261 327/387/233
f 328/392/234 321/383/227 315/377/221
f 314/374/220 447/528/353 441/522/347
f 376/443/282 432/507/338 320/378/226
f 342/408/248 335/400/241 329/394/235
f 356/424/262 349/416/255 343/410/249
f 370/440/276 363/432/269 357/426/263
f 384/456/290 377/448/283 371/442/277
f 398/472/304 391/464/297 385/458/291
f 412/488/318 405/480/311 399/474/305
f 426/504/332 419/496/325 413/490/319
f 440/520/346 433/512/339 427/506/333
f 453/369/219 457/370/223 456/371/222
f 456/372/222 458/373/224 454/374/220
f 458/375/224 459/376/225 455/377/221
f 460/378/226 464/379/230 463/380/229
f 463/381/229 465/382/231 461/383/227
f 465/384/231 466/385/232 462/386/228
f 467/387/233 471/388/237 470/389/359
f 470/390/359 472/391/238 468/392/234
f 472/391/238 473/393/239 469/394/235
f 474/395/240 478/396/244 477/397/243
f 477/398/243 479/399/245 475/400/241
f 479/399/245 480/401/246 476/402/242
f 481/403/247 485/404/251 484/405/250
f 484/406/250 486/407/252 482/408/248
f 486/407/252 487/409/360 483/410/249
f 488/411/254 492/412/258 491/413/257
f 491/414/257 493/415/259 489/416/255
f 493/415/259 494/417/260 490/418/256
f 495/419/261 499/420/265 498/421/361
f 498/422/361 500/423/266 496/424/262
f 500/423/266 501/425/267 497/426/263
f 502/427/268 506/428/272 505/429/271
f 505/430/271 507/431/273 503/432/269
f 507/431/273 508/433/362 504/434/270
f 509/435/275 513/436/279 512/437/278
f 512/438/278 514/439/280 510/440/276
f 514/439/280 515/441/281 511/442/277
f 516/443/282 520/444/286 519/445/285
f 519/446/285 521/447/287 517/448/283
f 521/447/287 522/449/288 518/450/284
f 523/451/289 527/452/293 526/453/292
f 526/454/292 528/455/294 524/456/290
f 528/455/294 529/457/295 525/458/291
f 530/459/296 534/460/300 533/461/299
f 533/462/299 535/463/301 531/464/297
f 535/463/301 536/465/302 532/466/298
f 537/467/303 541/468/307 540/469/363
f 540/470/363 542/471/308 538/472/304
f 542/471/308 543/473/309 539/474/305
f 544/475/310 548/476/314 547/477/313
f 547/478/313 549/479/315 545/480/311
f 549/479/315 550/481/316 546/482/312
f 551/483/364 555/484/321 554/485/320
f 554/486/320 556/487/322 552/488/318
f 556/487/322 557/489/365 553/490/319
f 558/491/324 562/492/328 561/493/327
f 561/494/327 563/495/329 559/496/325
f 563/495/329 564/497/330 560/498/326
f 565/499/331 569/500/335 568/501/366
f 568/502/366 570/503/336 566/504/332
f 570/503/336 571/505/337 567/506/333
f 572/507/338 576/508/342 575/509/341
f 575/510/341 577/511/343 573/512/339
f 577/511/343 578/513/367 574/514/340
f 579/515/345 583/516/349 582/517/348
f 582/518/348 584/519/350 580/520/346
f 584/519/350 585/521/351 581/522/347
f 586/523/352 590/524/356 589/525/355
f 589/526/355 591/527/357 587/528/353
f 591/527/357 592/529/358 588/530/354
f 455/377/221 470/390/359 468/392/234
f 453/369/219 470/389/359 459/531/225
f 480/401/246 461/383/227 476/402/242
f 474/395/240 463/380/229 480/532/246
f 458/373/224 462/386/228 454/374/220
f 455/377/221 465/382/231 458/375/224
f 475/400/241 472/391/238 469/394/235
f 476/402/242 472/391/238 479/399/245
f 473/393/239 482/408/248 469/394/235
f 467/387/233 484/405/250 473/533/239
f 494/417/260 475/400/241 490/418/256
f 488/411/254 477/397/243 494/534/260
f 489/416/255 486/407/252 483/410/249
f 490/418/256 486/407/252 493/415/259
f 487/409/360 496/424/262 483/410/249
f 481/403/247 498/421/361 487/535/360
f 508/433/362 489/416/255 504/434/270
f 508/536/362 488/411/254 491/413/257
f 503/432/269 500/423/266 497/426/263
f 504/434/270 500/423/266 507/431/273
f 501/425/267 510/440/276 497/426/263
f 495/419/261 512/437/278 501/537/267
f 522/449/288 503/432/269 518/450/284
f 516/443/282 505/429/271 522/538/288
f 517/448/283 514/439/280 511/442/277
f 518/450/284 514/439/280 521/447/287
f 515/441/281 524/456/290 511/442/277
f 509/435/275 526/453/292 515/539/281
f 532/466/298 519/446/285 517/448/283
f 530/459/296 519/445/285 536/540/302
f 535/463/301 525/458/291 531/464/297
f 532/466/298 528/455/294 535/463/301
f 525/458/291 540/470/363 538/472/304
f 529/541/295 537/467/303 540/469/363
f 550/481/316 531/464/297 546/482/312
f 550/542/316 530/459/296 533/461/299
f 545/480/311 542/471/308 539/474/305
f 546/482/312 542/471/308 549/479/315
f 543/473/309 552/488/318 539/474/305
f 537/467/303 554/485/320 543/543/309
f 564/497/330 545/480/311 560/498/326
f 558/491/324 547/477/313 564/544/330
f 559/496/325 556/487/322 553/490/319
f 560/498/326 556/487/322 563/495/329
f 557/489/365 566/504/332 553/490/319
f 557/545/365 565/499/331 568/501/366
f 578/513/367 559/496/325 574/514/340
f 572/507/338 561/493/327 578/546/367
f 573/512/339 570/503/336 567/506/333
f 574/514/340 570/503/336 577/511/343
f 571/505/337 580/520/346 567/506/333
f 565/499/331 582/517/348 571/547/337
f 592/529/358 573/512/339 588/530/354
f 586/523/352 575/509/341 592/548/358
f 587/528/353 584/519/350 581/522/347
f 588/530/354 584/519/350 591/527/357
f 585/521/351 454/374/220 581/522/347
f 585/549/351 453/369/219 456/371/222
f 462/386/228 589/526/355 587/528/353
f 460/378/226 589/525/355 466/550/232
f 551/483/364 495/419/261 467/387/233
f 468/392/234 461/383/227 455/377/221
f 454/374/220 587/528/353 581/522/347
f 516/443/282 572/507/338 460/378/226
f 482/408/248 475/400/241 469/394/235
f 496/424/262 489/416/255 483/410/249
f 510/440/276 503/432/269 497/426/263
f 524/456/290 517/448/283 511/442/277
f 538/472/304 531/464/297 525/458/291
f 552/488/318 545/480/311 539/474/305
f 566/504/332 559/496/325 553/490/319
f 580/520/346 573/512/339 567/506/333
f 593/369/219 597/370/223 596/371/222
f 596/372/222 598/373/224 594/374/220
f 598/375/224 599/376/225 595/377/221
f 600/378/226 604/379/230 603/380/229
f 603/381/229 605/382/231 601/383/227
f 605/384/231 606/385/232 602/386/228
f 607/387/233 611/388/369 610/389/236
f 610/390/236 612/391/238 608/392/234
f 612/391/238 613/393/239 609/394/368
f 614/395/240 618/396/244 617/397/243
f 617/398/243 619/399/245 615/400/370
f 619/399/245 620/401/246 616/402/242
f 621/403/371 625/404/251 624/405/250
f 624/406/250 626/407/252 622/408/248
f 626/407/252 627/409/360 623/410/249
f 628/411/254 632/412/373 631/413/372
f 631/414/372 633/415/259 629/416/255
f 633/415/259 634/417/260 630/418/256
f 635/419/261 639/420/265 638/421/264
f 638/422/264 640/423/266 636/424/262
f 640/423/266 641/425/267 637/426/263
f 642/427/268 646/428/272 645/429/271
f 645/430/271 647/431/273 643/432/269
f 647/431/273 648/433/362 644/434/270
f 649/435/275 653/436/279 652/437/278
f 652/438/278 654/439/280 650/440/374
f 654/439/280 655/441/375 651/442/277
f 656/443/282 660/444/286 659/445/285
f 659/446/285 661/447/287 657/448/283
f 661/447/287 662/449/288 658/450/284
f 663/451/289 667/452/293 666/453/292
f 666/454/292 668/455/294 664/456/290
f 668/455/294 669/457/295 665/458/291
f 670/459/296 674/460/376 673/461/299
f 673/462/299 675/463/301 671/464/297
f 675/463/301 676/465/302 672/466/298
f 677/467/303 681/468/377 680/469/363
f 680/470/363 682/471/308 678/472/304
f 682/471/308 683/473/309 679/474/305
f 684/475/310 688/476/314 687/477/313
f 687/478/313 689/479/315 685/480/378
f 689/479/315 690/481/316 686/482/312
f 691/483/317 695/484/321 694/485/320
f 694/486/320 696/487/322 692/488/318
f 696/487/322 697/489/323 693/490/319
f 698/491/324 702/492/380 701/493/379
f 701/494/379 703/495/329 699/496/325
f 703/495/329 704/497/330 700/498/326
f 705/499/381 709/500/335 708/501/366
f 708/502/366 710/503/336 706/504/332
f 710/503/336 711/505/337 707/506/333
f 712/507/338 716/508/342 715/509/341
f 715/510/341 717/511/343 713/512/339
f 717/511/343 718/513/344 714/514/340
f 719/515/345 723/516/349 722/517/348
f 722/518/348 724/519/350 720/520/382
f 724/519/350 725/521/383 721/522/347
f 726/523/352 730/524/356 729/525/355
f 729/526/355 731/527/357 727/528/353
f 731/527/357 732/529/358 728/530/354
f 599/376/225 608/392/234 595/377/221
f 593/369/219 610/389/236 599/531/225
f 620/401/246 601/383/227 616/402/242
f 620/532/246 600/378/226 603/380/229
f 598/373/224 602/386/228 594/374/220
f 595/377/221 605/382/231 598/375/224
f 615/400/370 612/391/238 609/394/368
f 616/402/242 612/391/238 619/399/245
f 609/394/368 624/406/250 622/408/248
f 607/387/233 624/405/250 613/533/239
f 634/417/260 615/400/370 630/418/256
f 634/534/260 614/395/240 617/397/243
f 629/416/255 626/407/252 623/410/249
f 630/418/256 626/407/252 633/415/259
f 627/409/360 636/424/262 623/410/249
f 621/403/371 638/421/264 627/535/360
f 648/433/362 629/416/255 644/434/270
f 642/427/268 631/413/372 648/536/362
f 643/432/269 640/423/266 637/426/263
f 644/434/270 640/423/266 647/431/273
f 641/425/267 650/440/374 637/426/263
f 641/537/267 649/435/275 652/437/278
f 662/449/288 643/432/269 658/450/284
f 656/443/282 645/429/271 662/538/288
f 657/448/283 654/439/280 651/442/277
f 658/450/284 654/439/280 661/447/287
f 655/441/375 664/456/290 651/442/277
f 655/539/375 663/451/289 666/453/292
f 672/466/298 659/446/285 657/448/283
f 670/459/296 659/445/285 676/540/302
f 675/463/301 665/458/291 671/464/297
f 672/466/298 668/455/294 675/463/301
f 665/458/291 680/470/363 678/472/304
f 663/451/289 680/469/363 669/541/295
f 690/481/316 671/464/297 686/482/312
f 690/542/316 670/459/296 673/461/299
f 685/480/378 682/471/308 679/474/305
f 686/482/312 682/471/308 689/479/315
f 683/473/309 692/488/318 679/474/305
f 677/467/303 694/485/320 683/543/309
f 704/497/330 685/480/378 700/498/326
f 704/544/330 684/475/310 687/477/313
f 699/496/325 696/487/322 693/490/319
f 700/498/326 696/487/322 703/495/329
f 697/489/323 706/504/332 693/490/319
f 691/483/317 708/501/366 697/545/323
f 718/513/344 699/496/325 714/514/340
f 712/507/338 701/493/379 718/546/344
f 713/512/339 710/503/336 707/506/333
f 714/514/340 710/503/336 717/511/343
f 711/505/337 720/520/382 707/506/333
f 711/547/337 719/515/345 722/517/348
f 728/530/354 715/510/341 713/512/339
f 726/523/352 715/509/341 732/548/358
f 727/528/353 724/519/350 721/522/347
f 728/530/354 724/519/350 731/527/357
f 725/521/383 594/374/220 721/522/347
f 725/549/383 593/369/219 596/371/222
f 606/385/232 727/528/353 602/386/228
f 600/378/226 729/525/355 606/550/232
f 691/483/317 635/419/261 607/387/233
f 608/392/234 601/383/227 595/377/221
f 594/374/220 727/528/353 721/522/347
f 656/443/282 712/507/338 600/378/226
f 622/408/248 615/400/370 609/394/368
f 636/424/262 629/416/255 623/410/249
f 650/440/374 643/432/269 637/426/263
f 651/442/277 672/466/298 657/448/283
f 678/472/304 671/464/297 665/458/291
f 692/488/318 685/480/378 679/474/305
f 706/504/332 699/496/325 693/490/319
f 720/520/382 713/512/339 707/506/333
f 733/369/219 737/370/223 736/371/222
f 736/372/222 738/373/224 734/374/220
f 738/375/224 739/376/225 735/377/221
f 740/378/226 744/379/384 743/380/229
f 743/381/229 745/382/231 741/383/227
f 745/384/231 746/385/232 742/386/228
f 747/387/233 751/388/369 750/389/236
f 750/390/236 752/391/238 748/392/234
f 752/391/238 753/393/239 749/394/235
f 754/395/240 758/396/244 757/397/243
f 757/398/243 759/399/245 755/400/370
f 759/399/245 760/401/246 756/402/242
f 761/403/371 765/404/251 764/405/250
f 764/406/250 766/407/252 762/408/248
f 766/407/252 767/409/360 763/410/249
f 768/411/254 772/412/373 771/413/372
f 771/414/372 773/415/259 769/416/255
f 773/415/259 774/417/260 770/418/256
f 775/419/261 779/420/265 778/421/264
f 778/422/264 780/423/266 776/424/262
f 780/423/266 781/425/267 777/426/263
f 782/427/268 786/428/272 785/429/271
f 785/430/271 787/431/273 783/432/269
f 787/431/273 788/433/362 784/434/270
f 789/435/275 793/436/279 792/437/278
f 792/438/278 794/439/280 790/440/374
f 794/439/280 795/441/375 791/442/277
f 796/443/282 800/444/286 799/445/285
f 799/446/285 801/447/287 797/448/283
f 801/447/287 802/449/288 798/450/284
f 803/451/289 807/452/293 806/453/292
f 806/454/292 808/455/294 804/456/290
f 808/455/294 809/457/295 805/458/291
f 810/459/296 814/460/300 813/461/299
f 813/462/299 815/463/301 811/464/297
f 815/463/301 816/465/302 812/466/298
f 817/467/303 821/468/377 820/469/363
f 820/470/363 822/471/308 818/472/304
f 822/471/308 823/473/309 819/474/385
f 824/475/310 828/476/314 827/477/313
f 827/478/313 829/479/315 825/480/378
f 829/479/315 830/481/316 826/482/312
f 831/483/317 835/484/321 834/485/320
f 834/486/320 836/487/322 832/488/318
f 836/487/322 837/489/323 833/490/319
f 838/491/324 842/492/380 841/493/379
f 841/494/379 843/495/329 839/496/325
f 843/495/329 844/497/330 840/498/326
f 845/499/381 849/500/335 848/501/366
f 848/502/366 850/503/336 846/504/332
f 850/503/336 851/505/337 847/506/333
f 852/507/338 856/508/342 855/509/341
f 855/510/341 857/511/343 853/512/339
f 857/511/343 858/513/344 854/514/340
f 859/515/345 863/516/349 862/517/348
f 862/518/348 864/519/350 860/520/382
f 864/519/350 865/521/383 861/522/347
f 866/523/352 870/524/356 869/525/355
f 869/526/355 871/527/357 867/528/353
f 871/527/357 872/529/358 868/530/354
f 735/377/221 750/390/236 748/392/234
f 733/369/219 750/389/236 739/531/225
f 760/401/246 741/383/227 756/402/242
f 760/532/246 740/378/226 743/380/229
f 738/373/224 742/386/228 734/374/220
f 735/377/221 745/382/231 738/375/224
f 755/400/370 752/391/238 749/394/235
f 756/402/242 752/391/238 759/399/245
f 753/393/239 762/408/248 749/394/235
f 747/387/233 764/405/250 753/533/239
f 774/417/260 755/400/370 770/418/256
f 774/534/260 754/395/240 757/397/243
f 769/416/255 766/407/252 763/410/249
f 770/418/256 766/407/252 773/415/259
f 767/409/360 776/424/262 763/410/249
f 761/403/371 778/421/264 767/535/360
f 788/433/362 769/416/255 784/434/270
f 782/427/268 771/413/372 788/536/362
f 783/432/269 780/423/266 777/426/263
f 784/434/270 780/423/266 787/431/273
f 781/425/267 790/440/374 777/426/263
f 781/537/267 789/435/275 792/437/278
f 798/450/284 785/430/271 783/432/269
f 796/443/282 785/429/271 802/538/288
f 797/448/283 794/439/280 791/442/277
f 798/450/284 794/439/280 801/447/287
f 795/441/375 804/456/290 791/442/277
f 795/539/375 803/451/289 806/453/292
f 816/465/302 797/448/283 812/466/298
f 810/459/296 799/445/285 816/540/302
f 815/463/301 805/458/291 811/464/297
f 812/466/298 808/455/294 815/463/301
f 809/457/295 818/472/304 805/458/291
f 803/451/289 820/469/363 809/541/295
f 830/481/316 811/464/297 826/482/312
f 830/542/316 810/459/296 813/461/299
f 825/480/378 822/471/308 819/474/385
f 826/482/312 822/471/308 829/479/315
f 819/474/385 834/486/320 832/488/318
f 817/467/303 834/485/320 823/543/309
f 844/497/330 825/480/378 840/498/326
f 844/544/330 824/475/310 827/477/313
f 839/496/325 836/487/322 833/490/319
f 840/498/326 836/487/322 843/495/329
f 837/489/323 846/504/332 833/490/319
f 831/483/317 848/501/366 837/545/323
f 858/513/344 839/496/325 854/514/340
f 852/507/338 841/493/379 858/546/344
f 853/512/339 850/503/336 847/506/333
f 854/514/340 850/503/336 857/511/343
f 851/505/337 860/520/382 847/506/333
f 851/547/337 859/515/345 862/517/348
f 872/529/358 853/512/339 868/530/354
f 866/523/352 855/509/341 872/548/358
f 867/528/353 864/519/350 861/522/347
f 868/530/354 864/519/350 871/527/357
f 865/521/383 734/374/220 861/522/347
f 865/549/383 733/369/219 736/371/222
f 742/386/228 869/526/355 867/528/353
f 740/378/226 869/525/355 746/550/232
f 831/483/317 775/419/261 747/387/233
f 748/392/234 741/383/227 735/377/221
f 861/522/347 742/386/228 867/528/353
f 796/443/282 852/507/338 740/378/226
f 762/408/248 755/400/370 749/394/235
f 776/424/262 769/416/255 763/410/249
f 790/440/374 783/432/269 777/426/263
f 804/456/290 797/448/283 791/442/277
f 818/472/304 811/464/297 805/458/291
f 832/488/318 825/480/378 819/474/385
f 846/504/332 839/496/325 833/490/319
f 860/520/382 853/512/339 847/506/333
f 3/1/3 9/274/9 8/2/8
f 3/4/3 1/111/1 7/5/7
f 12/7/12 6/551/6 5/8/5
f 10/10/10 4/114/4 6/11/6
f 8/2/8 9/274/9 15/13/15
f 9/6/9 7/5/7 13/15/13
f 18/17/18 12/7/12 11/9/11
f 16/19/16 10/10/10 12/12/12
f 15/13/15 21/25/21 20/21/20
f 13/15/13 19/552/19 21/22/21
f 23/23/23 24/283/24 18/17/18
f 24/24/24 22/553/22 16/19/16
f 21/25/21 27/33/27 26/26/26
f 21/22/21 19/552/19 25/27/25
f 30/29/30 24/283/24 23/23/23
f 28/31/28 22/553/22 24/24/24
f 27/33/27 33/299/33 32/34/32
f 27/28/27 25/27/25 31/35/31
f 36/37/36 30/29/30 29/30/29
f 34/39/34 28/31/28 30/32/30
f 32/34/32 33/299/33 39/41/39
f 33/36/33 31/35/31 37/43/37
f 42/45/42 36/37/36 35/38/35
f 40/47/40 34/39/34 36/40/36
f 39/41/39 45/53/45 44/49/44
f 37/43/37 43/554/43 45/50/45
f 47/51/47 48/308/48 42/45/42
f 48/52/48 46/555/46 40/47/40
f 45/53/45 51/61/51 50/54/50
f 45/50/45 43/554/43 49/55/49
f 54/57/54 48/308/48 47/51/47
f 52/59/52 46/555/46 48/52/48
f 51/61/51 57/324/57 56/62/56
f 51/56/51 49/55/49 55/63/55
f 60/65/60 54/57/54 53/58/53
f 58/67/58 52/59/52 54/60/54
f 56/62/56 57/324/57 63/69/63
f 57/64/57 55/63/55 61/71/61
f 66/73/66 60/65/60 59/66/59
f 64/75/64 58/67/58 60/68/60
f 63/69/63 69/81/69 68/77/68
f 61/71/61 67/556/67 69/78/69
f 71/79/71 72/333/72 66/73/66
f 72/80/72 70/557/70 64/75/64
f 69/81/69 75/89/75 74/82/74
f 69/78/69 67/556/67 73/83/73
f 78/85/78 72/333/72 71/79/71
f 76/87/76 70/557/70 72/80/72
f 75/89/75 81/350/81 80/90/80
f 75/84/75 73/83/73 79/91/79
f 84/93/84 78/85/78 77/86/77
f 82/95/82 76/87/76 78/88/78
f 80/90/80 81/350/81 87/97/87
f 81/92/81 79/91/79 85/99/85
f 90/101/90 84/93/84 83/94/83
f 88/103/88 82/95/82 84/96/84
f 87/97/87 93/109/93 92/105/92
f 85/99/85 91/558/91 93/106/93
f 95/107/95 96/559/96 90/101/90
f 96/108/96 94/560/94 88/103/88
f 93/109/93 3/561/3 2/110/2
f 93/106/93 91/558/91 1/111/1
f 6/112/6 96/559/96 95/107/95
f 4/114/4 94/560/94 96/108/96
f 7/5/7 1/111/1 91/558/91
f 91/558/91 85/99/85 79/91/79
f 79/91/79 73/83/73 67/556/67
f 67/556/67 61/71/61 55/63/55
f 55/63/55 49/55/49 43/554/43
f 43/554/43 37/43/37 31/35/31
f 31/35/31 25/27/25 19/552/19
f 19/552/19 13/15/13 7/5/7
f 7/5/7 91/558/91 79/91/79
f 79/91/79 67/556/67 55/63/55
f 55/63/55 43/554/43 31/35/31
f 31/35/31 19/552/19 7/5/7
f 7/5/7 79/91/79 55/63/55
f 8/2/8 11/9/11 5/8/5
f 2/110/2 5/113/5 95/107/95
f 4/114/4 10/10/10 16/19/16
f 16/19/16 22/553/22 28/31/28
f 28/31/28 34/39/34 40/47/40
f 40/47/40 46/555/46 52/59/52
f 52/59/52 58/67/58 64/75/64
f 64/75/64 70/557/70 76/87/76
f 76/87/76 82/95/82 88/103/88
f 88/103/88 94/560/94 4/114/4
f 4/114/4 16/19/16 28/31/28
f 28/31/28 40/47/40 52/59/52
f 52/59/52 64/75/64 76/87/76
f 76/87/76 88/103/88 4/114/4
f 4/114/4 28/31/28 52/59/52
f 14/14/14 17/18/17 11/9/11
f 20/21/20 23/23/23 17/18/17
f 26/26/26 29/30/29 23/23/23
f 32/34/32 35/38/35 29/30/29
f 38/42/38 41/46/41 35/38/35
f 44/49/44 47/51/47 41/46/41
f 50/54/50 53/58/53 47/51/47
f 56/62/56 59/66/59 53/58/53
f 62/70/62 65/74/65 59/66/59
f 68/77/68 71/79/71 65/74/65
f 74/82/74 77/86/77 71/79/71
f 80/90/80 83/94/83 77/86/77
f 86/98/86 89/102/89 83/94/83
f 92/105/92 95/107/95 89/102/89
f 219/263/3 225/274/9 224/264/8
f 217/266/1 223/276/7 225/267/9
f 228/7/12 222/576/6 221/269/5
f 226/271/10 220/368/4 222/272/6
f 225/274/9 231/13/15 230/275/14
f 223/276/7 229/281/217 231/277/15
f 233/278/17 234/17/18 228/7/12
f 234/279/18 232/577/16 226/271/10
f 231/13/15 237/25/21 236/280/20
f 229/281/217 235/288/19 237/282/21
f 240/283/24 234/17/18 233/278/17
f 238/285/22 232/577/16 234/279/18
f 236/280/20 237/25/21 243/33/27
f 235/288/19 241/294/25 243/289/27
f 246/29/30 240/283/24 239/284/23
f 244/291/28 238/285/22 240/286/24
f 243/33/27 249/299/33 248/293/32
f 241/294/25 247/301/31 249/295/33
f 252/37/36 246/29/30 245/290/29
f 250/297/34 244/291/28 246/292/30
f 249/299/33 255/41/39 254/300/38
f 247/301/31 253/306/37 255/302/39
f 257/303/41 258/45/42 252/37/36
f 258/304/42 256/578/40 250/297/34
f 255/41/39 261/53/45 260/305/44
f 253/306/37 259/313/43 261/307/45
f 264/308/48 258/45/42 257/303/41
f 262/310/46 256/578/40 258/304/42
f 260/305/44 261/53/45 267/61/51
f 259/313/43 265/319/49 267/314/51
f 270/57/54 264/308/48 263/309/47
f 268/316/52 262/310/46 264/311/48
f 267/61/51 273/324/57 272/318/56
f 265/319/49 271/326/55 273/320/57
f 276/65/60 270/57/54 269/315/53
f 274/322/58 268/316/52 270/317/54
f 273/324/57 279/69/63 278/325/62
f 271/326/55 277/331/218 279/327/63
f 281/328/65 282/73/66 276/65/60
f 282/329/66 280/579/64 274/322/58
f 279/69/63 285/81/69 284/330/68
f 277/331/218 283/338/67 285/332/69
f 288/333/72 282/73/66 281/328/65
f 286/335/70 280/579/64 282/329/66
f 284/330/68 285/81/69 291/89/75
f 283/338/67 289/344/73 291/339/75
f 294/85/78 288/333/72 287/334/71
f 292/341/76 286/335/70 288/336/72
f 291/89/75 297/350/81 296/343/80
f 289/344/73 295/352/79 297/345/81
f 300/346/84 294/85/78 293/340/77
f 298/348/82 292/341/76 294/342/78
f 297/350/81 303/97/87 302/351/86
f 295/352/79 301/357/85 303/353/87
f 305/354/89 306/101/90 300/346/84
f 306/355/90 304/580/88 298/348/82
f 303/97/87 309/581/93 308/356/92
f 301/357/85 307/365/91 309/358/93
f 312/359/96 306/101/90 305/354/89
f 310/361/94 304/580/88 306/355/90
f 308/356/92 309/581/93 219/363/3
f 307/365/91 217/266/1 219/268/3
f 222/366/6 312/359/96 311/360/95
f 220/368/4 310/361/94 312/362/96
f 223/276/7 217/266/1 307/365/91
f 307/365/91 301/357/85 295/352/79
f 295/352/79 289/344/73 283/338/67
f 283/338/67 277/331/218 271/326/55
f 271/326/55 265/319/49 259/313/43
f 259/313/43 253/306/37 247/301/31
f 247/301/31 241/294/25 235/288/19
f 235/288/19 229/281/217 223/276/7
f 223/276/7 307/365/91 295/352/79
f 295/352/79 283/338/67 271/326/55
f 271/326/55 259/313/43 247/301/31
f 247/301/31 235/288/19 223/276/7
f 223/276/7 295/352/79 271/326/55
f 224/264/8 227/270/11 221/269/5
f 218/364/2 221/367/5 311/360/95
f 220/368/4 226/271/10 232/577/16
f 232/577/16 238/285/22 244/291/28
f 244/291/28 250/297/34 256/578/40
f 256/578/40 262/310/46 268/316/52
f 268/316/52 274/322/58 280/579/64
f 280/579/64 286/335/70 292/341/76
f 292/341/76 298/348/82 304/580/88
f 304/580/88 310/361/94 220/368/4
f 220/368/4 232/577/16 244/291/28
f 244/291/28 256/578/40 268/316/52
f 268/316/52 280/579/64 292/341/76
f 292/341/76 304/580/88 220/368/4
f 220/368/4 244/291/28 268/316/52
f 230/275/14 233/278/17 227/270/11
f 236/280/20 239/284/23 233/278/17
f 242/287/26 245/290/29 239/284/23
f 248/293/32 251/296/35 245/290/29
f 254/300/38 257/303/41 251/296/35
f 260/305/44 263/309/47 257/303/41
f 266/312/50 269/315/53 263/309/47
f 272/318/56 275/321/59 269/315/53
f 278/325/62 281/328/65 275/321/59
f 284/330/68 287/334/71 281/328/65
f 290/337/74 293/340/77 287/334/71
f 296/343/80 299/347/83 293/340/77
f 302/351/86 305/354/89 299/347/83
f 308/356/92 311/360/95 305/354/89
f 313/369/219 319/531/225 317/370/223
f 316/372/222 317/582/223 318/373/224
f 318/375/224 317/583/223 319/376/225
f 320/378/226 326/550/232 324/379/230
f 323/381/229 324/584/230 325/382/231
f 325/384/231 324/585/230 326/385/232
f 327/387/233 333/533/239 331/388/237
f 330/390/236 331/586/237 332/391/238
f 332/391/238 331/586/237 333/393/239
f 334/395/240 340/532/246 338/396/244
f 337/398/243 338/587/244 339/399/245
f 339/399/245 338/587/244 340/401/246
f 341/403/247 347/535/253 345/404/251
f 344/406/250 345/588/251 346/407/252
f 346/407/252 345/588/251 347/409/253
f 348/411/254 354/534/260 352/412/258
f 351/414/257 352/589/258 353/415/259
f 353/415/259 352/589/258 354/417/260
f 355/419/261 361/537/267 359/420/265
f 358/422/264 359/590/265 360/423/266
f 360/423/266 359/590/265 361/425/267
f 362/427/268 368/536/274 366/428/272
f 365/430/271 366/591/272 367/431/273
f 367/431/273 366/591/272 368/433/274
f 369/435/275 375/539/281 373/436/279
f 372/438/278 373/592/279 374/439/280
f 374/439/280 373/592/279 375/441/281
f 376/443/282 382/538/288 380/444/286
f 379/446/285 380/593/286 381/447/287
f 381/447/287 380/593/286 382/449/288
f 383/451/289 389/541/295 387/452/293
f 386/454/292 387/594/293 388/455/294
f 388/455/294 387/594/293 389/457/295
f 390/459/296 396/540/302 394/460/300
f 393/462/299 394/595/300 395/463/301
f 395/463/301 394/595/300 396/465/302
f 397/467/303 403/543/309 401/468/307
f 400/470/306 401/596/307 402/471/308
f 402/471/308 401/596/307 403/473/309
f 404/475/310 410/542/316 408/476/314
f 407/478/313 408/597/314 409/479/315
f 409/479/315 408/597/314 410/481/316
f 411/483/317 417/545/323 415/484/321
f 414/486/320 415/598/321 416/487/322
f 416/487/322 415/598/321 417/489/323
f 418/491/324 424/544/330 422/492/328
f 421/494/327 422/599/328 423/495/329
f 423/495/329 422/599/328 424/497/330
f 425/499/331 431/547/337 429/500/335
f 428/502/334 429/600/335 430/503/336
f 430/503/336 429/600/335 431/505/337
f 432/507/338 438/546/344 436/508/342
f 435/510/341 436/601/342 437/511/343
f 437/511/343 436/601/342 438/513/344
f 439/515/345 445/549/351 443/516/349
f 442/518/348 443/602/349 444/519/350
f 444/519/350 443/602/349 445/521/351
f 446/523/352 452/548/358 450/524/356
f 449/526/355 450/603/356 451/527/357
f 451/527/357 450/603/356 452/529/358
f 315/377/221 319/376/225 330/390/236
f 319/531/225 313/369/219 327/387/233
f 340/401/246 323/381/229 321/383/227
f 340/532/246 334/395/240 320/378/226
f 318/373/224 325/384/231 322/386/228
f 315/377/221 321/383/227 325/382/231
f 335/400/241 339/399/245 332/391/238
f 336/402/242 328/392/234 332/391/238
f 333/393/239 344/406/250 342/408/248
f 327/387/233 341/403/247 344/405/250
f 354/417/260 337/398/243 335/400/241
f 348/411/254 334/395/240 337/397/243
f 349/416/255 353/415/259 346/407/252
f 350/418/256 342/408/248 346/407/252
f 347/409/253 358/422/264 356/424/262
f 347/535/253 341/403/247 355/419/261
f 368/433/274 351/414/257 349/416/255
f 362/427/268 348/411/254 351/413/257
f 363/432/269 367/431/273 360/423/266
f 364/434/270 356/424/262 360/423/266
f 361/425/267 372/438/278 370/440/276
f 355/419/261 369/435/275 372/437/278
f 382/449/288 365/430/271 363/432/269
f 376/443/282 362/427/268 365/429/271
f 377/448/283 381/447/287 374/439/280
f 378/450/284 370/440/276 374/439/280
f 375/441/281 386/454/292 384/456/290
f 375/539/281 369/435/275 383/451/289
f 392/466/298 396/465/302 379/446/285
f 390/459/296 376/443/282 379/445/285
f 395/463/301 388/455/294 385/458/291
f 392/466/298 384/456/290 388/455/294
f 385/458/291 389/457/295 400/470/306
f 383/451/289 397/467/303 400/469/306
f 410/481/316 393/462/299 391/464/297
f 404/475/310 390/459/296 393/461/299
f 405/480/311 409/479/315 402/471/308
f 406/482/312 398/472/304 402/471/308
f 403/473/309 414/486/320 412/488/318
f 397/467/303 411/483/317 414/485/320
f 424/497/330 407/478/313 405/480/311
f 418/491/324 404/475/310 407/477/313
f 419/496/325 423/495/329 416/487/322
f 420/498/326 412/488/318 416/487/322
f 417/489/323 428/502/334 426/504/332
f 411/483/317 425/499/331 428/501/334
f 438/513/344 421/494/327 419/496/325
f 438/546/344 432/507/338 418/491/324
f 433/512/339 437/511/343 430/503/336
f 434/514/340 426/504/332 430/503/336
f 431/505/337 442/518/348 440/520/346
f 425/499/331 439/515/345 442/517/348
f 452/529/358 435/510/341 433/512/339
f 446/523/352 432/507/338 435/509/341
f 447/528/353 451/527/357 444/519/350
f 448/530/354 440/520/346 444/519/350
f 445/521/351 316/372/222 314/374/220
f 439/515/345 313/369/219 316/371/222
f 322/386/228 326/385/232 449/526/355
f 320/378/226 446/523/352 449/525/355
f 327/387/233 313/369/219 439/515/345
f 439/515/345 425/499/331 411/483/317
f 411/483/317 397/467/303 383/451/289
f 383/451/289 369/435/275 355/419/261
f 355/419/261 341/403/247 327/387/233
f 327/387/233 439/515/345 411/483/317
f 411/483/317 383/451/289 355/419/261
f 328/392/234 336/402/242 321/383/227
f 314/374/220 322/386/228 447/528/353
f 320/378/226 334/395/240 348/411/254
f 348/411/254 362/427/268 376/443/282
f 376/443/282 390/459/296 404/475/310
f 404/475/310 418/491/324 432/507/338
f 432/507/338 446/523/352 320/378/226
f 320/378/226 348/411/254 376/443/282
f 376/443/282 404/475/310 432/507/338
f 342/408/248 350/418/256 335/400/241
f 356/424/262 364/434/270 349/416/255
f 370/440/276 378/450/284 363/432/269
f 384/456/290 392/466/298 377/448/283
f 398/472/304 406/482/312 391/464/297
f 412/488/318 420/498/326 405/480/311
f 426/504/332 434/514/340 419/496/325
f 440/520/346 448/530/354 433/512/339
f 453/369/219 459/531/225 457/370/223
f 456/372/222 457/582/223 458/373/224
f 458/375/224 457/583/223 459/376/225
f 460/378/226 466/550/232 464/379/230
f 463/381/229 464/584/230 465/382/231
f 465/384/231 464/585/230 466/385/232
f 467/387/233 473/533/239 471/388/237
f 470/390/359 471/586/237 472/391/238
f 472/391/238 471/586/237 473/393/239
f 474/395/240 480/532/246 478/396/244
f 477/398/243 478/587/244 479/399/245
f 479/399/245 478/587/244 480/401/246
f 481/403/247 487/535/360 485/404/251
f 484/406/250 485/588/251 486/407/252
f 486/407/252 485/588/251 487/409/360
f 488/411/254 494/534/260 492/412/258
f 491/414/257 492/589/258 493/415/259
f 493/415/259 492/589/258 494/417/260
f 495/419/261 501/537/267 499/420/265
f 498/422/361 499/590/265 500/423/266
f 500/423/266 499/590/265 501/425/267
f 502/427/268 508/536/362 506/428/272
f 505/430/271 506/591/272 507/431/273
f 507/431/273 506/591/272 508/433/362
f 509/435/275 515/539/281 513/436/279
f 512/438/278 513/592/279 514/439/280
f 514/439/280 513/592/279 515/441/281
f 516/443/282 522/538/288 520/444/286
f 519/446/285 520/593/286 521/447/287
f 521/447/287 520/593/286 522/449/288
f 523/451/289 529/541/295 527/452/293
f 526/454/292 527/594/293 528/455/294
f 528/455/294 527/594/293 529/457/295
f 530/459/296 536/540/302 534/460/300
f 533/462/299 534/595/300 535/463/301
f 535/463/301 534/595/300 536/465/302
f 537/467/303 543/543/309 541/468/307
f 540/470/363 541/596/307 542/471/308
f 542/471/308 541/596/307 543/473/309
f 544/475/310 550/542/316 548/476/314
f 547/478/313 548/597/314 549/479/315
f 549/479/315 548/597/314 550/481/316
f 551/483/364 557/545/365 555/484/321
f 554/486/320 555/598/321 556/487/322
f 556/487/322 555/598/321 557/489/365
f 558/491/324 564/544/330 562/492/328
f 561/494/327 562/599/328 563/495/329
f 563/495/329 562/599/328 564/497/330
f 565/499/331 571/547/337 569/500/335
f 568/502/366 569/600/335 570/503/336
f 570/503/336 569/600/335 571/505/337
f 572/507/338 578/546/367 576/508/342
f 575/510/341 576/601/342 577/511/343
f 577/511/343 576/601/342 578/513/367
f 579/515/345 585/549/351 583/516/349
f 582/518/348 583/602/349 584/519/350
f 584/519/350 583/602/349 585/521/351
f 586/523/352 592/548/358 590/524/356
f 589/526/355 590/603/356 591/527/357
f 591/527/357 590/603/356 592/529/358
f 455/377/221 459/376/225 470/390/359
f 453/369/219 467/387/233 470/389/359
f 480/401/246 463/381/229 461/383/227
f 474/395/240 460/378/226 463/380/229
f 458/373/224 465/384/231 462/386/228
f 455/377/221 461/383/227 465/382/231
f 475/400/241 479/399/245 472/391/238
f 476/402/242 468/392/234 472/391/238
f 473/393/239 484/406/250 482/408/248
f 467/387/233 481/403/247 484/405/250
f 494/417/260 477/398/243 475/400/241
f 488/411/254 474/395/240 477/397/243
f 489/416/255 493/415/259 486/407/252
f 490/418/256 482/408/248 486/407/252
f 487/409/360 498/422/361 496/424/262
f 481/403/247 495/419/261 498/421/361
f 508/433/362 491/414/257 489/416/255
f 508/536/362 502/427/268 488/411/254
f 503/432/269 507/431/273 500/423/266
f 504/434/270 496/424/262 500/423/266
f 501/425/267 512/438/278 510/440/276
f 495/419/261 509/435/275 512/437/278
f 522/449/288 505/430/271 503/432/269
f 516/443/282 502/427/268 505/429/271
f 517/448/283 521/447/287 514/439/280
f 518/450/284 510/440/276 514/439/280
f 515/441/281 526/454/292 524/456/290
f 509/435/275 523/451/289 526/453/292
f 532/466/298 536/465/302 519/446/285
f 530/459/296 516/443/282 519/445/285
f 535/463/301 528/455/294 525/458/291
f 532/466/298 524/456/290 528/455/294
f 525/458/291 529/457/295 540/470/363
f 529/541/295 523/451/289 537/467/303
f 550/481/316 533/462/299 531/464/297
f 550/542/316 544/475/310 530/459/296
f 545/480/311 549/479/315 542/471/308
f 546/482/312 538/472/304 542/471/308
f 543/473/309 554/486/320 552/488/318
f 537/467/303 551/483/364 554/485/320
f 564/497/330 547/478/313 545/480/311
f 558/491/324 544/475/310 547/477/313
f 559/496/325 563/495/329 556/487/322
f 560/498/326 552/488/318 556/487/322
f 557/489/365 568/502/366 566/504/332
f 557/545/365 551/483/364 565/499/331
f 578/513/367 561/494/327 559/496/325
f 572/507/338 558/491/324 561/493/327
f 573/512/339 577/511/343 570/503/336
f 574/514/340 566/504/332 570/503/336
f 571/505/337 582/518/348 580/520/346
f 565/499/331 579/515/345 582/517/348
f 592/529/358 575/510/341 573/512/339
f 586/523/352 572/507/338 575/509/341
f 587/528/353 591/527/357 584/519/350
f 588/530/354 580/520/346 584/519/350
f 585/521/351 456/372/222 454/374/220
f 585/549/351 579/515/345 453/369/219
f 462/386/228 466/385/232 589/526/355
f 460/378/226 586/523/352 589/525/355
f 467/387/233 453/369/219 579/515/345
f 579/515/345 565/499/331 551/483/364
f 551/483/364 537/467/303 523/451/289
f 523/451/289 509/435/275 495/419/261
f 495/419/261 481/403/247 467/387/233
f 467/387/233 579/515/345 551/483/364
f 551/483/364 523/451/289 495/419/261
f 468/392/234 476/402/242 461/383/227
f 454/374/220 462/386/228 587/528/353
f 460/378/226 474/395/240 488/411/254
f 488/411/254 502/427/268 516/443/282
f 516/443/282 530/459/296 544/475/310
f 544/475/310 558/491/324 572/507/338
f 572/507/338 586/523/352 460/378/226
f 460/378/226 488/411/254 516/443/282
f 516/443/282 544/475/310 572/507/338
f 482/408/248 490/418/256 475/400/241
f 496/424/262 504/434/270 489/416/255
f 510/440/276 518/450/284 503/432/269
f 524/456/290 532/466/298 517/448/283
f 538/472/304 546/482/312 531/464/297
f 552/488/318 560/498/326 545/480/311
f 566/504/332 574/514/340 559/496/325
f 580/520/346 588/530/354 573/512/339
f 593/369/219 599/531/225 597/370/223
f 596/372/222 597/582/223 598/373/224
f 598/375/224 597/583/223 599/376/225
f 600/378/226 606/550/232 604/379/230
f 603/381/229 604/584/230 605/382/231
f 605/384/231 604/585/230 606/385/232
f 607/387/233 613/533/239 611/388/369
f 610/390/236 611/586/369 612/391/238
f 612/391/238 611/586/369 613/393/239
f 614/395/240 620/532/246 618/396/244
f 617/398/243 618/587/244 619/399/245
f 619/399/245 618/587/244 620/401/246
f 621/403/371 627/535/360 625/404/251
f 624/406/250 625/588/251 626/407/252
f 626/407/252 625/588/251 627/409/360
f 628/411/254 634/534/260 632/412/373
f 631/414/372 632/589/373 633/415/259
f 633/415/259 632/589/373 634/417/260
f 635/419/261 641/537/267 639/420/265
f 638/422/264 639/590/265 640/423/266
f 640/423/266 639/590/265 641/425/267
f 642/427/268 648/536/362 646/428/272
f 645/430/271 646/591/272 647/431/273
f 647/431/273 646/591/272 648/433/362
f 649/435/275 655/539/375 653/436/279
f 652/438/278 653/592/279 654/439/280
f 654/439/280 653/592/279 655/441/375
f 656/443/282 662/538/288 660/444/286
f 659/446/285 660/593/286 661/447/287
f 661/447/287 660/593/286 662/449/288
f 663/451/289 669/541/295 667/452/293
f 666/454/292 667/594/293 668/455/294
f 668/455/294 667/594/293 669/457/295
f 670/459/296 676/540/302 674/460/376
f 673/462/299 674/595/376 675/463/301
f 675/463/301 674/595/376 676/465/302
f 677/467/303 683/543/309 681/468/377
f 680/470/363 681/596/377 682/471/308
f 682/471/308 681/596/377 683/473/309
f 684/475/310 690/542/316 688/476/314
f 687/478/313 688/597/314 689/479/315
f 689/479/315 688/597/314 690/481/316
f 691/483/317 697/545/323 695/484/321
f 694/486/320 695/598/321 696/487/322
f 696/487/322 695/598/321 697/489/323
f 698/491/324 704/544/330 702/492/380
f 701/494/379 702/599/380 703/495/329
f 703/495/329 702/599/380 704/497/330
f 705/499/381 711/547/337 709/500/335
f 708/502/366 709/600/335 710/503/336
f 710/503/336 709/600/335 711/505/337
f 712/507/338 718/546/344 716/508/342
f 715/510/341 716/601/342 717/511/343
f 717/511/343 716/601/342 718/513/344
f 719/515/345 725/549/383 723/516/349
f 722/518/348 723/602/349 724/519/350
f 724/519/350 723/602/349 725/521/383
f 726/523/352 732/548/358 730/524/356
f 729/526/355 730/603/356 731/527/357
f 731/527/357 730/603/356 732/529/358
f 599/376/225 610/390/236 608/392/234
f 593/369/219 607/387/233 610/389/236
f 620/401/246 603/381/229 601/383/227
f 620/532/246 614/395/240 600/378/226
f 598/373/224 605/384/231 602/386/228
f 595/377/221 601/383/227 605/382/231
f 615/400/370 619/399/245 612/391/238
f 616/402/242 608/392/234 612/391/238
f 609/394/368 613/393/239 624/406/250
f 607/387/233 621/403/371 624/405/250
f 634/417/260 617/398/243 615/400/370
f 634/534/260 628/411/254 614/395/240
f 629/416/255 633/415/259 626/407/252
f 630/418/256 622/408/248 626/407/252
f 627/409/360 638/422/264 636/424/262
f 621/403/371 635/419/261 638/421/264
f 648/433/362 631/414/372 629/416/255
f 642/427/268 628/411/254 631/413/372
f 643/432/269 647/431/273 640/423/266
f 644/434/270 636/424/262 640/423/266
f 641/425/267 652/438/278 650/440/374
f 641/537/267 635/419/261 649/435/275
f 662/449/288 645/430/271 643/432/269
f 656/443/282 642/427/268 645/429/271
f 657/448/283 661/447/287 654/439/280
f 658/450/284 650/440/374 654/439/280
f 655/441/375 666/454/292 664/456/290
f 655/539/375 649/435/275 663/451/289
f 672/466/298 676/465/302 659/446/285
f 670/459/296 656/443/282 659/445/285
f 675/463/301 668/455/294 665/458/291
f 672/466/298 664/456/290 668/455/294
f 665/458/291 669/457/295 680/470/363
f 663/451/289 677/467/303 680/469/363
f 690/481/316 673/462/299 671/464/297
f 690/542/316 684/475/310 670/459/296
f 685/480/378 689/479/315 682/471/308
f 686/482/312 678/472/304 682/471/308
f 683/473/309 694/486/320 692/488/318
f 677/467/303 691/483/317 694/485/320
f 704/497/330 687/478/313 685/480/378
f 704/544/330 698/491/324 684/475/310
f 699/496/325 703/495/329 696/487/322
f 700/498/326 692/488/318 696/487/322
f 697/489/323 708/502/366 706/504/332
f 691/483/317 705/499/381 708/501/366
f 718/513/344 701/494/379 699/496/325
f 712/507/338 698/491/324 701/493/379
f 713/512/339 717/511/343 710/503/336
f 714/514/340 706/504/332 710/503/336
f 711/505/337 722/518/348 720/520/382
f 711/547/337 705/499/381 719/515/345
f 728/530/354 732/529/358 715/510/341
f 726/523/352 712/507/338 715/509/341
f 727/528/353 731/527/357 724/519/350
f 728/530/354 720/520/382 724/519/350
f 725/521/383 596/372/222 594/374/220
f 725/549/383 719/515/345 593/369/219
f 606/385/232 729/526/355 727/528/353
f 600/378/226 726/523/352 729/525/355
f 607/387/233 593/369/219 719/515/345
f 719/515/345 705/499/381 691/483/317
f 691/483/317 677/467/303 663/451/289
f 663/451/289 649/435/275 635/419/261
f 635/419/261 621/403/371 607/387/233
f 607/387/233 719/515/345 691/483/317
f 691/483/317 663/451/289 635/419/261
f 608/392/234 616/402/242 601/383/227
f 594/374/220 602/386/228 727/528/353
f 600/378/226 614/395/240 628/411/254
f 628/411/254 642/427/268 656/443/282
f 656/443/282 670/459/296 684/475/310
f 684/475/310 698/491/324 712/507/338
f 712/507/338 726/523/352 600/378/226
f 600/378/226 628/411/254 656/443/282
f 656/443/282 684/475/310 712/507/338
f 622/408/248 630/418/256 615/400/370
f 636/424/262 644/434/270 629/416/255
f 650/440/374 658/450/284 643/432/269
f 651/442/277 664/456/290 672/466/298
f 678/472/304 686/482/312 671/464/297
f 692/488/318 700/498/326 685/480/378
f 706/504/332 714/514/340 699/496/325
f 720/520/382 728/530/354 713/512/339
f 733/369/219 739/531/225 737/370/223
f 736/372/222 737/582/223 738/373/224
f 738/375/224 737/583/223 739/376/225
f 740/378/226 746/550/232 744/379/384
f 743/381/229 744/584/384 745/382/231
f 745/384/231 744/585/384 746/385/232
f 747/387/233 753/533/239 751/388/369
f 750/390/236 751/586/369 752/391/238
f 752/391/238 751/586/369 753/393/239
f 754/395/240 760/532/246 758/396/244
f 757/398/243 758/587/244 759/399/245
f 759/399/245 758/587/244 760/401/246
f 761/403/371 767/535/360 765/404/251
f 764/406/250 765/588/251 766/407/252
f 766/407/252 765/588/251 767/409/360
f 768/411/254 774/534/260 772/412/373
f 771/414/372 772/589/373 773/415/259
f 773/415/259 772/589/373 774/417/260
f 775/419/261 781/537/267 779/420/265
f 778/422/264 779/590/265 780/423/266
f 780/423/266 779/590/265 781/425/267
f 782/427/268 788/536/362 786/428/272
f 785/430/271 786/591/272 787/431/273
f 787/431/273 786/591/272 788/433/362
f 789/435/275 795/539/375 793/436/279
f 792/438/278 793/592/279 794/439/280
f 794/439/280 793/592/279 795/441/375
f 796/443/282 802/538/288 800/444/286
f 799/446/285 800/593/286 801/447/287
f 801/447/287 800/593/286 802/449/288
f 803/451/289 809/541/295 807/452/293
f 806/454/292 807/594/293 808/455/294
f 808/455/294 807/594/293 809/457/295
f 810/459/296 816/540/302 814/460/300
f 813/462/299 814/595/300 815/463/301
f 815/463/301 814/595/300 816/465/302
f 817/467/303 823/543/309 821/468/377
f 820/470/363 821/596/377 822/471/308
f 822/471/308 821/596/377 823/473/309
f 824/475/310 830/542/316 828/476/314
f 827/478/313 828/597/314 829/479/315
f 829/479/315 828/597/314 830/481/316
f 831/483/317 837/545/323 835/484/321
f 834/486/320 835/598/321 836/487/322
f 836/487/322 835/598/321 837/489/323
f 838/491/324 844/544/330 842/492/380
f 841/494/379 842/599/380 843/495/329
f 843/495/329 842/599/380 844/497/330
f 845/499/381 851/547/337 849/500/335
f 848/502/366 849/600/335 850/503/336
f 850/503/336 849/600/335 851/505/337
f 852/507/338 858/546/344 856/508/342
f 855/510/341 856/601/342 857/511/343
f 857/511/343 856/601/342 858/513/344
f 859/515/345 865/549/383 863/516/349
f 862/518/348 863/602/349 864/519/350
f 864/519/350 863/602/349 865/521/383
f 866/523/352 872/548/358 870/524/356
f 869/526/355 870/603/356 871/527/357
f 871/527/357 870/603/356 872/529/358
f 735/377/221 739/376/225 750/390/236
f 733/369/219 747/387/233 750/389/236
f 760/401/246 743/381/229 741/383/227
f 760/532/246 754/395/240 740/378/226
f 738/373/224 745/384/231 742/386/228
f 735/377/221 741/383/227 745/382/231
f 755/400/370 759/399/245 752/391/238
f 756/402/242 748/392/234 752/391/238
f 753/393/239 764/406/250 762/408/248
f 747/387/233 761/403/371 764/405/250
f 774/417/260 757/398/243 755/400/370
f 774/534/260 768/411/254 754/395/240
f 769/416/255 773/415/259 766/407/252
f 770/418/256 762/408/248 766/407/252
f 767/409/360 778/422/264 776/424/262
f 761/403/371 775/419/261 778/421/264
f 788/433/362 771/414/372 769/416/255
f 782/427/268 768/411/254 771/413/372
f 783/432/269 787/431/273 780/423/266
f 784/434/270 776/424/262 780/423/266
f 781/425/267 792/438/278 790/440/374
f 781/537/267 775/419/261 789/435/275
f 798/450/284 802/449/288 785/430/271
f 796/443/282 782/427/268 785/429/271
f 797/448/283 801/447/287 794/439/280
f 798/450/284 790/440/374 794/439/280
f 795/441/375 806/454/292 804/456/290
f 795/539/375 789/435/275 803/451/289
f 816/465/302 799/446/285 797/448/283
f 810/459/296 796/443/282 799/445/285
f 815/463/301 808/455/294 805/458/291
f 812/466/298 804/456/290 808/455/294
f 809/457/295 820/470/363 818/472/304
f 803/451/289 817/467/303 820/469/363
f 830/481/316 813/462/299 811/464/297
f 830/542/316 824/475/310 810/459/296
f 825/480/378 829/479/315 822/471/308
f 826/482/312 818/472/304 822/471/308
f 819/474/385 823/473/309 834/486/320
f 817/467/303 831/483/317 834/485/320
f 844/497/330 827/478/313 825/480/378
f 844/544/330 838/491/324 824/475/310
f 839/496/325 843/495/329 836/487/322
f 840/498/326 832/488/318 836/487/322
f 837/489/323 848/502/366 846/504/332
f 831/483/317 845/499/381 848/501/366
f 858/513/344 841/494/379 839/496/325
f 852/507/338 838/491/324 841/493/379
f 853/512/339 857/511/343 850/503/336
f 854/514/340 846/504/332 850/503/336
f 851/505/337 862/518/348 860/520/382
f 851/547/337 845/499/381 859/515/345
f 872/529/358 855/510/341 853/512/339
f 866/523/352 852/507/338 855/509/341
f 867/528/353 871/527/357 864/519/350
f 868/530/354 860/520/382 864/519/350
f 865/521/383 736/372/222 734/374/220
f 865/549/383 859/515/345 733/369/219
f 742/386/228 746/385/232 869/526/355
f 740/378/226 866/523/352 869/525/355
f 747/387/233 733/369/219 859/515/345
f 859/515/345 845/499/381 831/483/317
f 831/483/317 817/467/303 803/451/289
f 803/451/289 789/435/275 775/419/261
f 775/419/261 761/403/371 747/387/233
f 747/387/233 859/515/345 831/483/317
f 831/483/317 803/451/289 775/419/261
f 748/392/234 756/402/242 741/383/227
f 861/522/347 734/374/220 742/386/228
f 740/378/226 754/395/240 768/411/254
f 768/411/254 782/427/268 796/443/282
f 796/443/282 810/459/296 824/475/310
f 824/475/310 838/491/324 852/507/338
f 852/507/338 866/523/352 740/378/226
f 740/378/226 768/411/254 796/443/282
f 796/443/282 824/475/310 852/507/338
f 762/408/248 770/418/256 755/400/370
f 776/424/262 784/434/270 769/416/255
f 790/440/374 798/450/284 783/432/269
f 804/456/290 812/466/298 797/448/283
f 818/472/304 826/482/312 811/464/297
f 832/488/318 840/498/326 825/480/378
f 846/504/332 854/514/340 839/496/325
f 860/520/382 868/530/354 853/512/339
usemtl Golden
f 99/115/99 104/116/104 98/117/98
f 97/118/97 105/119/105 99/120/99
f 108/121/108 101/122/101 107/123/107
f 108/124/108 100/125/100 102/126/102
f 105/127/105 110/128/110 104/116/104
f 103/129/103 111/130/111 105/119/105
f 114/131/114 107/123/107 113/132/113
f 114/133/114 106/134/106 108/124/108
f 111/135/111 116/136/116 110/128/110
f 109/137/109 117/138/117 111/130/111
f 120/139/120 113/132/113 119/140/119
f 118/141/118 114/133/114 120/142/120
f 116/136/116 123/143/123 122/144/122
f 115/145/115 123/146/123 117/138/117
f 126/147/126 119/140/119 125/148/125
f 124/149/124 120/142/120 126/150/126
f 123/143/123 128/151/128 122/144/122
f 123/146/123 127/152/127 129/153/129
f 132/29/132 125/148/125 131/154/131
f 130/155/130 126/150/126 132/156/132
f 129/33/129 134/157/134 128/151/128
f 127/152/127 135/158/135 129/153/129
f 138/159/138 131/154/131 137/160/137
f 138/161/138 130/155/130 132/156/132
f 135/162/135 140/163/140 134/157/134
f 133/164/133 141/165/141 135/158/135
f 144/166/144 137/160/137 143/167/143
f 144/168/144 136/169/136 138/161/138
f 141/170/141 146/171/146 140/163/140
f 139/172/139 147/173/147 141/165/141
f 150/174/150 143/167/143 149/175/149
f 148/176/148 144/168/144 150/177/150
f 146/171/146 153/178/153 152/179/152
f 145/180/145 153/181/153 147/173/147
f 156/182/156 149/175/149 155/183/155
f 154/184/154 150/177/150 156/185/156
f 153/178/153 158/186/158 152/179/152
f 153/181/153 157/187/157 159/188/159
f 162/189/162 155/183/155 161/190/161
f 160/191/160 156/185/156 162/192/162
f 159/193/159 164/194/164 158/186/158
f 157/187/157 165/195/165 159/188/159
f 168/196/168 161/190/161 167/197/167
f 168/198/168 160/191/160 162/192/162
f 165/199/165 170/200/170 164/194/164
f 163/201/163 171/202/171 165/195/165
f 174/203/174 167/197/167 173/204/173
f 174/205/174 166/206/166 168/198/168
f 171/207/171 176/208/176 170/200/170
f 169/209/169 177/210/177 171/202/171
f 180/211/180 173/204/173 179/212/179
f 178/213/178 174/205/174 180/214/180
f 176/208/176 183/215/183 182/216/182
f 175/217/175 183/218/183 177/210/177
f 186/219/186 179/212/179 185/220/185
f 184/221/184 180/214/180 186/222/186
f 183/215/183 188/223/188 182/216/182
f 183/218/183 187/224/187 189/225/189
f 192/226/192 185/220/185 191/227/191
f 190/228/190 186/222/186 192/229/192
f 189/230/189 194/231/194 188/223/188
f 187/224/187 195/232/195 189/225/189
f 198/233/198 191/227/191 197/234/197
f 198/235/198 190/228/190 192/229/192
f 195/236/195 200/237/200 194/231/194
f 193/238/193 201/239/201 195/232/195
f 204/240/204 197/234/197 203/241/203
f 204/242/204 196/243/196 198/235/198
f 201/244/201 206/245/206 200/237/200
f 199/246/199 207/247/207 201/239/201
f 210/248/210 203/241/203 209/249/209
f 208/250/208 204/242/204 210/251/210
f 206/245/206 213/252/213 212/253/212
f 205/254/205 213/255/213 207/247/207
f 216/256/216 209/249/209 215/257/215
f 214/258/214 210/251/210 216/259/216
f 213/252/213 98/260/98 212/253/212
f 213/255/213 97/118/97 99/120/99
f 102/261/102 215/257/215 101/262/101
f 100/125/100 216/259/216 102/126/102
f 175/217/175 127/152/127 103/129/103
f 104/116/104 101/122/101 98/117/98
f 98/260/98 215/257/215 212/253/212
f 148/176/148 196/243/196 100/125/100
f 110/128/110 107/123/107 104/116/104
f 116/136/116 113/132/113 110/128/110
f 122/144/122 119/140/119 116/136/116
f 128/151/128 125/148/125 122/144/122
f 134/157/134 131/154/131 128/151/128
f 140/163/140 137/160/137 134/157/134
f 146/171/146 143/167/143 140/163/140
f 152/179/152 149/175/149 146/171/146
f 158/186/158 155/183/155 152/179/152
f 164/194/164 161/190/161 158/186/158
f 170/200/170 167/197/167 164/194/164
f 176/208/176 173/204/173 170/200/170
f 182/216/182 179/212/179 176/208/176
f 188/223/188 185/220/185 182/216/182
f 194/231/194 191/227/191 188/223/188
f 200/237/200 197/234/197 194/231/194
f 206/245/206 203/241/203 200/237/200
f 212/253/212 209/249/209 206/245/206
f 99/115/99 105/127/105 104/116/104
f 97/118/97 103/129/103 105/119/105
f 108/121/108 102/562/102 101/122/101
f 108/124/108 106/134/106 100/125/100
f 105/127/105 111/135/111 110/128/110
f 103/129/103 109/137/109 111/130/111
f 114/131/114 108/121/108 107/123/107
f 114/133/114 112/563/112 106/134/106
f 111/135/111 117/564/117 116/136/116
f 109/137/109 115/145/115 117/138/117
f 120/139/120 114/131/114 113/132/113
f 118/141/118 112/563/112 114/133/114
f 116/136/116 117/564/117 123/143/123
f 115/145/115 121/565/121 123/146/123
f 126/147/126 120/139/120 119/140/119
f 124/149/124 118/141/118 120/142/120
f 123/143/123 129/33/129 128/151/128
f 123/146/123 121/565/121 127/152/127
f 132/29/132 126/147/126 125/148/125
f 130/155/130 124/149/124 126/150/126
f 129/33/129 135/162/135 134/157/134
f 127/152/127 133/164/133 135/158/135
f 138/159/138 132/29/132 131/154/131
f 138/161/138 136/169/136 130/155/130
f 135/162/135 141/170/141 140/163/140
f 133/164/133 139/172/139 141/165/141
f 144/166/144 138/159/138 137/160/137
f 144/168/144 142/566/142 136/169/136
f 141/170/141 147/567/147 146/171/146
f 139/172/139 145/180/145 147/173/147
f 150/174/150 144/166/144 143/167/143
f 148/176/148 142/566/142 144/168/144
f 146/171/146 147/567/147 153/178/153
f 145/180/145 151/568/151 153/181/153
f 156/182/156 150/174/150 149/175/149
f 154/184/154 148/176/148 150/177/150
f 153/178/153 159/193/159 158/186/158
f 153/181/153 151/568/151 157/187/157
f 162/189/162 156/182/156 155/183/155
f 160/191/160 154/184/154 156/185/156
f 159/193/159 165/199/165 164/194/164
f 157/187/157 163/201/163 165/195/165
f 168/196/168 162/189/162 161/190/161
f 168/198/168 166/206/166 160/191/160
f 165/199/165 171/207/171 170/200/170
f 163/201/163 169/209/169 171/202/171
f 174/203/174 168/196/168 167/197/167
f 174/205/174 172/569/172 166/206/166
f 171/207/171 177/570/177 176/208/176
f 169/209/169 175/217/175 177/210/177
f 180/211/180 174/203/174 173/204/173
f 178/213/178 172/569/172 174/205/174
f 176/208/176 177/570/177 183/215/183
f 175/217/175 181/571/181 183/218/183
f 186/219/186 180/211/180 179/212/179
f 184/221/184 178/213/178 180/214/180
f 183/215/183 189/230/189 188/223/188
f 183/218/183 181/571/181 187/224/187
f 192/226/192 186/219/186 185/220/185
f 190/228/190 184/221/184 186/222/186
f 189/230/189 195/236/195 194/231/194
f 187/224/187 193/238/193 195/232/195
f 198/233/198 192/226/192 191/227/191
f 198/235/198 196/243/196 190/228/190
f 195/236/195 201/244/201 200/237/200
f 193/238/193 199/246/199 201/239/201
f 204/240/204 198/233/198 197/234/197
f 204/242/204 202/572/202 196/243/196
f 201/244/201 207/573/207 206/245/206
f 199/246/199 205/254/205 207/247/207
f 210/248/210 204/240/204 203/241/203
f 208/250/208 202/572/202 204/242/204
f 206/245/206 207/573/207 213/252/213
f 205/254/205 211/574/211 213/255/213
f 216/256/216 210/248/210 209/249/209
f 214/258/214 208/250/208 210/251/210
f 213/252/213 99/575/99 98/260/98
f 213/255/213 211/574/211 97/118/97
f 102/261/102 216/256/216 215/257/215
f 100/125/100 214/258/214 216/259/216
f 103/129/103 97/118/97 211/574/211
f 211/574/211 205/254/205 199/246/199
f 199/246/199 193/238/193 187/224/187
f 187/224/187 181/571/181 175/217/175
f 175/217/175 169/209/169 163/201/163
f 163/201/163 157/187/157 151/568/151
f 151/568/151 145/180/145 139/172/139
f 139/172/139 133/164/133 127/152/127
f 127/152/127 121/565/121 115/145/115
f 115/145/115 109/137/109 103/129/103
f 103/129/103 211/574/211 199/246/199
f 199/246/199 187/224/187 175/217/175
f 175/217/175 163/201/163 151/568/151
f 151/568/151 139/172/139 127/152/127
f 127/152/127 115/145/115 103/129/103
f 103/129/103 199/246/199 175/217/175
f 175/217/175 151/568/151 127/152/127
f 104/116/104 107/123/107 101/122/101
f 98/260/98 101/262/101 215/257/215
f 100/125/100 106/134/106 112/563/112
f 112/563/112 118/141/118 124/149/124
f 124/149/124 130/155/130 136/169/136
f 136/169/136 142/566/142 148/176/148
f 148/176/148 154/184/154 160/191/160
f 160/191/160 166/206/166 172/569/172
f 172/569/172 178/213/178 184/221/184
f 184/221/184 190/228/190 196/243/196
f 196/243/196 202/572/202 208/250/208
f 208/250/208 214/258/214 100/125/100
f 100/125/100 112/563/112 124/149/124
f 124/149/124 136/169/136 148/176/148
f 148/176/148 160/191/160 172/569/172
f 172/569/172 184/221/184 196/243/196
f 196/243/196 208/250/208 100/125/100
f 100/125/100 124/149/124 148/176/148
f 148/176/148 172/569/172 196/243/196
f 110/128/110 113/132/113 107/123/107
f 116/136/116 119/140/119 113/132/113
f 122/144/122 125/148/125 119/140/119
f 128/151/128 131/154/131 125/148/125
f 134/157/134 137/160/137 131/154/131
f 140/163/140 143/167/143 137/160/137
f 146/171/146 149/175/149 143/167/143
f 152/179/152 155/183/155 149/175/149
f 158/186/158 161/190/161 155/183/155
f 164/194/164 167/197/167 161/190/161
f 170/200/170 173/204/173 167/197/167
f 176/208/176 179/212/179 173/204/173
f 182/216/182 185/220/185 179/212/179
f 188/223/188 191/227/191 185/220/185
f 194/231/194 197/234/197 191/227/191
f 200/237/200 203/241/203 197/234/197
f 206/245/206 209/249/209 203/241/203
f 212/253/212 215/257/215 209/249/209
