# Blender 5.2.1 LTS
# www.blender.org
mtllib SM_LT_HubSlice_JobBoard.mtl
o SM_LT_HubSlice_JobBoard.001
v -2.000000 142.000000 0.000000
v -2.000000 147.000000 5.000000
v -7.000000 142.000000 5.000000
v -2.000000 147.000000 279.000000
v -2.000000 142.000000 284.000000
v -7.000000 142.000000 279.000000
v -2.000000 122.000000 0.000000
v -7.000000 122.000000 5.000000
v -2.000000 117.000000 5.000000
v -2.000000 122.000000 284.000000
v -2.000000 117.000000 279.000000
v -7.000000 122.000000 279.000000
v 18.000000 142.000000 0.000000
v 23.000000 142.000000 5.000000
v 18.000000 147.000000 5.000000
v 18.000000 142.000000 284.000000
v 18.000000 147.000000 279.000000
v 23.000000 142.000000 279.000000
v 18.000000 122.000000 0.000000
v 18.000000 117.000000 5.000000
v 23.000000 122.000000 5.000000
v 18.000000 122.000000 284.000000
v 23.000000 122.000000 279.000000
v 18.000000 117.000000 279.000000
v -13.000000 153.000000 0.000000
v -13.000000 158.000000 5.000000
v -18.000000 153.000000 5.000000
v -13.000000 158.000000 19.000000
v -13.000000 153.000000 24.000000
v -18.000000 153.000000 19.000000
v -13.000000 111.000000 0.000000
v -18.000000 111.000000 5.000000
v -13.000000 106.000000 5.000000
v -13.000000 111.000000 24.000000
v -13.000000 106.000000 19.000000
v -18.000000 111.000000 19.000000
v 29.000000 153.000000 0.000000
v 34.000000 153.000000 5.000000
v 29.000000 158.000000 5.000000
v 29.000000 153.000000 24.000000
v 29.000000 158.000000 19.000000
v 34.000000 153.000000 19.000000
v 29.000000 111.000000 0.000000
v 29.000000 106.000000 5.000000
v 34.000000 111.000000 5.000000
v 29.000000 111.000000 24.000000
v 34.000000 111.000000 19.000000
v 29.000000 106.000000 19.000000
v -8.700001 136.699997 88.000000
v -8.700001 137.000000 88.300003
v -9.000000 136.699997 88.300003
v -8.700001 137.000000 121.699997
v -8.700001 136.699997 122.000000
v -9.000000 136.699997 121.699997
v -8.700001 127.300003 88.000000
v -9.000000 127.300003 88.300003
v -8.700001 127.000000 88.300003
v -8.700001 127.300003 122.000000
v -8.700001 127.000000 121.699997
v -9.000000 127.300003 121.699997
v -7.300000 136.699997 88.000000
v -7.000000 136.699997 88.300003
v -7.300000 137.000000 88.300003
v -7.300000 136.699997 122.000000
v -7.300000 137.000000 121.699997
v -7.000000 136.699997 121.699997
v -7.300000 127.300003 88.000000
v -7.300000 127.000000 88.300003
v -7.000000 127.300003 88.300003
v -7.300000 127.300003 122.000000
v -7.000000 127.300003 121.699997
v -7.300000 127.000000 121.699997
v -8.700001 136.699997 148.000000
v -8.700001 137.000000 148.300003
v -9.000000 136.699997 148.300003
v -8.700001 137.000000 181.699997
v -8.700001 136.699997 182.000000
v -9.000000 136.699997 181.699997
v -8.700001 127.300003 148.000000
v -9.000000 127.300003 148.300003
v -8.700001 127.000000 148.300003
v -8.700001 127.300003 182.000000
v -8.700001 127.000000 181.699997
v -9.000000 127.300003 181.699997
v -7.300000 136.699997 148.000000
v -7.000000 136.699997 148.300003
v -7.300000 137.000000 148.300003
v -7.300000 136.699997 182.000000
v -7.300000 137.000000 181.699997
v -7.000000 136.699997 181.699997
v -7.300000 127.300003 148.000000
v -7.300000 127.000000 148.300003
v -7.000000 127.300003 148.300003
v -7.300000 127.300003 182.000000
v -7.000000 127.300003 181.699997
v -7.300000 127.000000 181.699997
v -8.700001 136.699997 208.000000
v -8.700001 137.000000 208.300003
v -9.000000 136.699997 208.300003
v -8.700001 137.000000 241.699997
v -8.700001 136.699997 242.000000
v -9.000000 136.699997 241.699997
v -8.700001 127.300003 208.000000
v -9.000000 127.300003 208.300003
v -8.700001 127.000000 208.300003
v -8.700001 127.300003 242.000000
v -8.700001 127.000000 241.699997
v -9.000000 127.300003 241.699997
v -7.300000 136.699997 208.000000
v -7.000000 136.699997 208.300003
v -7.300000 137.000000 208.300003
v -7.300000 136.699997 242.000000
v -7.300000 137.000000 241.699997
v -7.000000 136.699997 241.699997
v -7.300000 127.300003 208.000000
v -7.300000 127.000000 208.300003
v -7.000000 127.300003 208.300003
v -7.300000 127.300003 242.000000
v -7.000000 127.300003 241.699997
v -7.300000 127.000000 241.699997
v -10.000000 129.532089 82.000000
v -9.500000 129.171005 82.469849
v -9.500000 129.171005 81.530151
v -8.000000 129.532089 82.000000
v -8.500000 129.171005 81.530151
v -8.500000 129.171005 82.469849
v -10.000000 130.109467 80.413658
v -9.500000 129.530853 80.541489
v -9.500000 130.134872 79.821640
v -8.000000 130.109467 80.413658
v -8.500000 130.134872 79.821640
v -8.500000 129.530853 80.541489
v -10.000000 131.571457 79.569580
v -9.500000 131.046036 79.295578
v -9.500000 131.971466 79.132401
v -8.000000 131.571457 79.569580
v -8.500000 131.971466 79.132401
v -8.500000 131.046036 79.295578
v -10.000000 133.233963 79.862732
v -9.500000 133.007599 79.315102
v -9.500000 133.821396 79.784943
v -8.000000 133.233963 79.862732
v -8.500000 133.821396 79.784943
v -8.500000 133.007599 79.315102
v -10.000000 134.319077 81.155930
v -9.500000 134.497681 80.590912
v -9.500000 134.819077 81.473938
v -8.000000 134.319077 81.155930
v -8.500000 134.819077 81.473938
v -8.500000 134.497681 80.590912
v -10.000000 134.319077 82.844070
v -9.500000 134.819077 82.526062
v -9.500000 134.497681 83.409088
v -8.000000 134.319077 82.844070
v -8.500000 134.497681 83.409088
v -8.500000 134.819077 82.526062
v -10.000000 133.233963 84.137268
v -9.500000 133.821396 84.215057
v -9.500000 133.007599 84.684898
v -8.000000 133.233963 84.137268
v -8.500000 133.007599 84.684898
v -8.500000 133.821396 84.215057
v -10.000000 131.571457 84.430420
v -9.500000 131.971466 84.867599
v -9.500000 131.046036 84.704422
v -8.000000 131.571457 84.430420
v -8.500000 131.046036 84.704422
v -8.500000 131.971466 84.867599
v -10.000000 130.109467 83.586342
v -9.500000 130.134872 84.178360
v -9.500000 129.530853 83.458511
v -8.000000 130.109467 83.586342
v -8.500000 129.530853 83.458511
v -8.500000 130.134872 84.178360
v -10.000000 129.532089 252.000000
v -9.500000 129.171005 252.469849
v -9.500000 129.171005 251.530151
v -8.000000 129.532089 252.000000
v -8.500000 129.171005 251.530151
v -8.500000 129.171005 252.469849
v -10.000000 130.109467 250.413666
v -9.500000 129.530853 250.541473
v -9.500000 130.134872 249.821640
v -8.000000 130.109467 250.413666
v -8.500000 130.134872 249.821640
v -8.500000 129.530853 250.541473
v -10.000000 131.571457 249.569580
v -9.500000 131.046036 249.295578
v -9.500000 131.971466 249.132401
v -8.000000 131.571457 249.569580
v -8.500000 131.971466 249.132401
v -8.500000 131.046036 249.295578
v -10.000000 133.233963 249.862732
v -9.500000 133.007599 249.315094
v -9.500000 133.821396 249.784943
v -8.000000 133.233963 249.862732
v -8.500000 133.821396 249.784943
v -8.500000 133.007599 249.315094
v -10.000000 134.319077 251.155914
v -9.500000 134.497681 250.590912
v -9.500000 134.819077 251.473938
v -8.000000 134.319077 251.155914
v -8.500000 134.819077 251.473938
v -8.500000 134.497681 250.590912
v -10.000000 134.319077 252.844086
v -9.500000 134.819077 252.526062
v -9.500000 134.497681 253.409088
v -8.000000 134.319077 252.844086
v -8.500000 134.497681 253.409088
v -8.500000 134.819077 252.526062
v -10.000000 133.233963 254.137268
v -9.500000 133.821396 254.215057
v -9.500000 133.007599 254.684906
v -8.000000 133.233963 254.137268
v -8.500000 133.007599 254.684906
v -8.500000 133.821396 254.215057
v -10.000000 131.571457 254.430420
v -9.500000 131.971466 254.867599
v -9.500000 131.046036 254.704422
v -8.000000 131.571457 254.430420
v -8.500000 131.046036 254.704422
v -8.500000 131.971466 254.867599
v -10.000000 130.109467 253.586334
v -9.500000 130.134872 254.178360
v -9.500000 129.530853 253.458527
v -8.000000 130.109467 253.586334
v -8.500000 129.530853 253.458527
v -8.500000 130.134872 254.178360
v -2.000000 -122.000000 0.000000
v -2.000000 -117.000000 5.000000
v -7.000000 -122.000000 5.000000
v -2.000000 -117.000000 279.000000
v -2.000000 -122.000000 284.000000
v -7.000000 -122.000000 279.000000
v -2.000000 -142.000000 0.000000
v -7.000000 -142.000000 5.000000
v -2.000000 -147.000000 5.000000
v -2.000000 -142.000000 284.000000
v -2.000000 -147.000000 279.000000
v -7.000000 -142.000000 279.000000
v 18.000000 -122.000000 0.000000
v 23.000000 -122.000000 5.000000
v 18.000000 -117.000000 5.000000
v 18.000000 -122.000000 284.000000
v 18.000000 -117.000000 279.000000
v 23.000000 -122.000000 279.000000
v 18.000000 -142.000000 0.000000
v 18.000000 -147.000000 5.000000
v 23.000000 -142.000000 5.000000
v 18.000000 -142.000000 284.000000
v 23.000000 -142.000000 279.000000
v 18.000000 -147.000000 279.000000
v -13.000000 -111.000000 0.000000
v -13.000000 -106.000000 5.000000
v -18.000000 -111.000000 5.000000
v -13.000000 -106.000000 19.000000
v -13.000000 -111.000000 24.000000
v -18.000000 -111.000000 19.000000
v -13.000000 -153.000000 0.000000
v -18.000000 -153.000000 5.000000
v -13.000000 -158.000000 5.000000
v -13.000000 -153.000000 24.000000
v -13.000000 -158.000000 19.000000
v -18.000000 -153.000000 19.000000
v 29.000000 -111.000000 0.000000
v 34.000000 -111.000000 5.000000
v 29.000000 -106.000000 5.000000
v 29.000000 -111.000000 24.000000
v 29.000000 -106.000000 19.000000
v 34.000000 -111.000000 19.000000
v 29.000000 -153.000000 0.000000
v 29.000000 -158.000000 5.000000
v 34.000000 -153.000000 5.000000
v 29.000000 -153.000000 24.000000
v 34.000000 -153.000000 19.000000
v 29.000000 -158.000000 19.000000
v -8.700001 -127.299988 88.000000
v -8.700001 -127.000000 88.300003
v -9.000000 -127.299988 88.300003
v -8.700001 -127.000000 121.699997
v -8.700001 -127.299988 122.000000
v -9.000000 -127.299988 121.699997
v -8.700001 -136.700012 88.000000
v -9.000000 -136.700012 88.300003
v -8.700001 -137.000000 88.300003
v -8.700001 -136.700012 122.000000
v -8.700001 -137.000000 121.699997
v -9.000000 -136.700012 121.699997
v -7.300000 -127.299988 88.000000
v -7.000000 -127.299988 88.300003
v -7.300000 -127.000000 88.300003
v -7.300000 -127.299988 122.000000
v -7.300000 -127.000000 121.699997
v -7.000000 -127.299988 121.699997
v -7.300000 -136.700012 88.000000
v -7.300000 -137.000000 88.300003
v -7.000000 -136.700012 88.300003
v -7.300000 -136.700012 122.000000
v -7.000000 -136.700012 121.699997
v -7.300000 -137.000000 121.699997
v -8.700001 -127.299988 148.000000
v -8.700001 -127.000000 148.300003
v -9.000000 -127.299988 148.300003
v -8.700001 -127.000000 181.699997
v -8.700001 -127.299988 182.000000
v -9.000000 -127.299988 181.699997
v -8.700001 -136.700012 148.000000
v -9.000000 -136.700012 148.300003
v -8.700001 -137.000000 148.300003
v -8.700001 -136.700012 182.000000
v -8.700001 -137.000000 181.699997
v -9.000000 -136.700012 181.699997
v -7.300000 -127.299988 148.000000
v -7.000000 -127.299988 148.300003
v -7.300000 -127.000000 148.300003
v -7.300000 -127.299988 182.000000
v -7.300000 -127.000000 181.699997
v -7.000000 -127.299988 181.699997
v -7.300000 -136.700012 148.000000
v -7.300000 -137.000000 148.300003
v -7.000000 -136.700012 148.300003
v -7.300000 -136.700012 182.000000
v -7.000000 -136.700012 181.699997
v -7.300000 -137.000000 181.699997
v -8.700001 -127.299988 208.000000
v -8.700001 -127.000000 208.300003
v -9.000000 -127.299988 208.300003
v -8.700001 -127.000000 241.699997
v -8.700001 -127.299988 242.000000
v -9.000000 -127.299988 241.699997
v -8.700001 -136.700012 208.000000
v -9.000000 -136.700012 208.300003
v -8.700001 -137.000000 208.300003
v -8.700001 -136.700012 242.000000
v -8.700001 -137.000000 241.699997
v -9.000000 -136.700012 241.699997
v -7.300000 -127.299988 208.000000
v -7.000000 -127.299988 208.300003
v -7.300000 -127.000000 208.300003
v -7.300000 -127.299988 242.000000
v -7.300000 -127.000000 241.699997
v -7.000000 -127.299988 241.699997
v -7.300000 -136.700012 208.000000
v -7.300000 -137.000000 208.300003
v -7.000000 -136.700012 208.300003
v -7.300000 -136.700012 242.000000
v -7.000000 -136.700012 241.699997
v -7.300000 -137.000000 241.699997
v -10.000000 -134.467926 82.000000
v -9.500000 -134.828979 82.469849
v -9.500000 -134.828979 81.530151
v -8.000000 -134.467926 82.000000
v -8.500000 -134.828979 81.530151
v -8.500000 -134.828979 82.469849
v -10.000000 -133.890533 80.413658
v -9.500000 -134.469147 80.541489
v -9.500000 -133.865112 79.821640
v -8.000000 -133.890533 80.413658
v -8.500000 -133.865112 79.821640
v -8.500000 -134.469147 80.541489
v -10.000000 -132.428558 79.569580
v -9.500000 -132.953949 79.295578
v -9.500000 -132.028534 79.132401
v -8.000000 -132.428558 79.569580
v -8.500000 -132.028534 79.132401
v -8.500000 -132.953949 79.295578
v -10.000000 -130.766052 79.862732
v -9.500000 -130.992401 79.315102
v -9.500000 -130.178619 79.784943
v -8.000000 -130.766052 79.862732
v -8.500000 -130.178619 79.784943
v -8.500000 -130.992401 79.315102
v -10.000000 -129.680908 81.155930
v -9.500000 -129.502319 80.590912
v -9.500000 -129.180908 81.473938
v -8.000000 -129.680908 81.155930
v -8.500000 -129.180908 81.473938
v -8.500000 -129.502319 80.590912
v -10.000000 -129.680908 82.844070
v -9.500000 -129.180908 82.526062
v -9.500000 -129.502319 83.409088
v -8.000000 -129.680908 82.844070
v -8.500000 -129.502319 83.409088
v -8.500000 -129.180908 82.526062
v -10.000000 -130.766052 84.137268
v -9.500000 -130.178619 84.215057
v -9.500000 -130.992401 84.684898
v -8.000000 -130.766052 84.137268
v -8.500000 -130.992401 84.684898
v -8.500000 -130.178619 84.215057
v -10.000000 -132.428558 84.430420
v -9.500000 -132.028534 84.867599
v -9.500000 -132.953949 84.704422
v -8.000000 -132.428558 84.430420
v -8.500000 -132.953949 84.704422
v -8.500000 -132.028534 84.867599
v -10.000000 -133.890533 83.586342
v -9.500000 -133.865112 84.178360
v -9.500000 -134.469147 83.458511
v -8.000000 -133.890533 83.586342
v -8.500000 -134.469147 83.458511
v -8.500000 -133.865112 84.178360
v -10.000000 -134.467926 252.000000
v -9.500000 -134.828979 252.469849
v -9.500000 -134.828979 251.530151
v -8.000000 -134.467926 252.000000
v -8.500000 -134.828979 251.530151
v -8.500000 -134.828979 252.469849
v -10.000000 -133.890533 250.413666
v -9.500000 -134.469147 250.541473
v -9.500000 -133.865112 249.821640
v -8.000000 -133.890533 250.413666
v -8.500000 -133.865112 249.821640
v -8.500000 -134.469147 250.541473
v -10.000000 -132.428558 249.569580
v -9.500000 -132.953949 249.295578
v -9.500000 -132.028534 249.132401
v -8.000000 -132.428558 249.569580
v -8.500000 -132.028534 249.132401
v -8.500000 -132.953949 249.295578
v -10.000000 -130.766052 249.862732
v -9.500000 -130.992401 249.315094
v -9.500000 -130.178619 249.784943
v -8.000000 -130.766052 249.862732
v -8.500000 -130.178619 249.784943
v -8.500000 -130.992401 249.315094
v -10.000000 -129.680908 251.155914
v -9.500000 -129.502319 250.590912
v -9.500000 -129.180908 251.473938
v -8.000000 -129.680908 251.155914
v -8.500000 -129.180908 251.473938
v -8.500000 -129.502319 250.590912
v -10.000000 -129.680908 252.844086
v -9.500000 -129.180908 252.526062
v -9.500000 -129.502319 253.409088
v -8.000000 -129.680908 252.844086
v -8.500000 -129.502319 253.409088
v -8.500000 -129.180908 252.526062
v -10.000000 -130.766052 254.137268
v -9.500000 -130.178619 254.215057
v -9.500000 -130.992401 254.684906
v -8.000000 -130.766052 254.137268
v -8.500000 -130.992401 254.684906
v -8.500000 -130.178619 254.215057
v -10.000000 -132.428558 254.430420
v -9.500000 -132.028534 254.867599
v -9.500000 -132.953949 254.704422
v -8.000000 -132.428558 254.430420
v -8.500000 -132.953949 254.704422
v -8.500000 -132.028534 254.867599
v -10.000000 -133.890533 253.586334
v -9.500000 -133.865112 254.178360
v -9.500000 -134.469147 253.458527
v -8.000000 -133.890533 253.586334
v -8.500000 -134.469147 253.458527
v -8.500000 -133.865112 254.178360
v 6.000000 120.000000 69.500000
v 6.000000 125.000000 74.500000
v 1.000000 120.000000 74.500000
v 6.000000 125.000000 269.500000
v 6.000000 120.000000 274.500000
v 1.000000 120.000000 269.500000
v 6.000000 -120.000000 69.500000
v 1.000000 -120.000000 74.500000
v 6.000000 -125.000000 74.500000
v 6.000000 -120.000000 274.500000
v 6.000000 -125.000000 269.500000
v 1.000000 -120.000000 269.500000
v 18.000000 120.000000 69.500000
v 23.000000 120.000000 74.500000
v 18.000000 125.000000 74.500000
v 18.000000 120.000000 274.500000
v 18.000000 125.000000 269.500000
v 23.000000 120.000000 269.500000
v 18.000000 -120.000000 69.500000
v 18.000000 -125.000000 74.500000
v 23.000000 -120.000000 74.500000
v 18.000000 -120.000000 274.500000
v 23.000000 -120.000000 269.500000
v 18.000000 -125.000000 269.500000
v -3.500000 132.000000 76.000000
v -3.500000 134.000000 78.000000
v -5.500000 132.000000 78.000000
v -3.500000 134.000000 266.000000
v -3.500000 132.000000 268.000000
v -5.500000 132.000000 266.000000
v -3.500000 88.000000 76.000000
v -5.500000 88.000000 78.000000
v -3.500000 86.000000 78.000000
v -3.500000 88.000000 268.000000
v -3.500000 86.000000 266.000000
v -5.500000 88.000000 266.000000
v 1.500000 132.000000 76.000000
v 3.500000 132.000000 78.000000
v 1.500000 134.000000 78.000000
v 1.500000 132.000000 268.000000
v 1.500000 134.000000 266.000000
v 3.500000 132.000000 266.000000
v 1.500000 88.000000 76.000000
v 1.500000 86.000000 78.000000
v 3.500000 88.000000 78.000000
v 1.500000 88.000000 268.000000
v 3.500000 88.000000 266.000000
v 1.500000 86.000000 266.000000
v -3.500000 77.000000 76.000000
v -3.500000 79.000000 78.000000
v -5.500000 77.000000 78.000000
v -3.500000 79.000000 266.000000
v -3.500000 77.000000 268.000000
v -5.500000 77.000000 266.000000
v -3.500000 33.000000 76.000000
v -5.500000 33.000000 78.000000
v -3.500000 31.000000 78.000000
v -3.500000 33.000000 268.000000
v -3.500000 31.000000 266.000000
v -5.500000 33.000000 266.000000
v 1.500000 77.000000 76.000000
v 3.500000 77.000000 78.000000
v 1.500000 79.000000 78.000000
v 1.500000 77.000000 268.000000
v 1.500000 79.000000 266.000000
v 3.500000 77.000000 266.000000
v 1.500000 33.000000 76.000000
v 1.500000 31.000000 78.000000
v 3.500000 33.000000 78.000000
v 1.500000 33.000000 268.000000
v 3.500000 33.000000 266.000000
v 1.500000 31.000000 266.000000
v -3.500000 22.000000 76.000000
v -3.500000 24.000000 78.000000
v -5.500000 22.000000 78.000000
v -3.500000 24.000000 266.000000
v -3.500000 22.000000 268.000000
v -5.500000 22.000000 266.000000
v -3.500000 -22.000000 76.000000
v -5.500000 -22.000000 78.000000
v -3.500000 -24.000000 78.000000
v -3.500000 -22.000000 268.000000
v -3.500000 -24.000000 266.000000
v -5.500000 -22.000000 266.000000
v 1.500000 22.000000 76.000000
v 3.500000 22.000000 78.000000
v 1.500000 24.000000 78.000000
v 1.500000 22.000000 268.000000
v 1.500000 24.000000 266.000000
v 3.500000 22.000000 266.000000
v 1.500000 -22.000000 76.000000
v 1.500000 -24.000000 78.000000
v 3.500000 -22.000000 78.000000
v 1.500000 -22.000000 268.000000
v 3.500000 -22.000000 266.000000
v 1.500000 -24.000000 266.000000
v -3.500000 -33.000000 76.000000
v -3.500000 -31.000000 78.000000
v -5.500000 -33.000000 78.000000
v -3.500000 -31.000000 266.000000
v -3.500000 -33.000000 268.000000
v -5.500000 -33.000000 266.000000
v -3.500000 -77.000000 76.000000
v -5.500000 -77.000000 78.000000
v -3.500000 -79.000000 78.000000
v -3.500000 -77.000000 268.000000
v -3.500000 -79.000000 266.000000
v -5.500000 -77.000000 266.000000
v 1.500000 -33.000000 76.000000
v 3.500000 -33.000000 78.000000
v 1.500000 -31.000000 78.000000
v 1.500000 -33.000000 268.000000
v 1.500000 -31.000000 266.000000
v 3.500000 -33.000000 266.000000
v 1.500000 -77.000000 76.000000
v 1.500000 -79.000000 78.000000
v 3.500000 -77.000000 78.000000
v 1.500000 -77.000000 268.000000
v 3.500000 -77.000000 266.000000
v 1.500000 -79.000000 266.000000
v -3.500000 -88.000000 76.000000
v -3.500000 -86.000000 78.000000
v -5.500000 -88.000000 78.000000
v -3.500000 -86.000000 266.000000
v -3.500000 -88.000000 268.000000
v -5.500000 -88.000000 266.000000
v -3.500000 -132.000000 76.000000
v -5.500000 -132.000000 78.000000
v -3.500000 -134.000000 78.000000
v -3.500000 -132.000000 268.000000
v -3.500000 -134.000000 266.000000
v -5.500000 -132.000000 266.000000
v 1.500000 -88.000000 76.000000
v 3.500000 -88.000000 78.000000
v 1.500000 -86.000000 78.000000
v 1.500000 -88.000000 268.000000
v 1.500000 -86.000000 266.000000
v 3.500000 -88.000000 266.000000
v 1.500000 -132.000000 76.000000
v 1.500000 -134.000000 78.000000
v 3.500000 -132.000000 78.000000
v 1.500000 -132.000000 268.000000
v 3.500000 -132.000000 266.000000
v 1.500000 -134.000000 266.000000
v -20.000000 141.000000 272.000000
v -20.000000 146.000000 277.000000
v -25.000000 141.000000 277.000000
v -20.000000 146.000000 297.000000
v -20.000000 141.000000 302.000000
v -25.000000 141.000000 297.000000
v -20.000000 -141.000000 272.000000
v -25.000000 -141.000000 277.000000
v -20.000000 -146.000000 277.000000
v -20.000000 -141.000000 302.000000
v -20.000000 -146.000000 297.000000
v -25.000000 -141.000000 297.000000
v 4.000000 141.000000 272.000000
v 9.000000 141.000000 277.000000
v 4.000000 146.000000 277.000000
v 4.000000 141.000000 302.000000
v 4.000000 146.000000 297.000000
v 9.000000 141.000000 297.000000
v 4.000000 -141.000000 272.000000
v 4.000000 -146.000000 277.000000
v 9.000000 -141.000000 277.000000
v 4.000000 -141.000000 302.000000
v 9.000000 -141.000000 297.000000
v 4.000000 -146.000000 297.000000
v -20.000000 141.000000 52.000000
v -20.000000 146.000000 57.000000
v -25.000000 141.000000 57.000000
v -20.000000 146.000000 75.000000
v -20.000000 141.000000 80.000000
v -25.000000 141.000000 75.000000
v -20.000000 -141.000000 52.000000
v -25.000000 -141.000000 57.000000
v -20.000000 -146.000000 57.000000
v -20.000000 -141.000000 80.000000
v -20.000000 -146.000000 75.000000
v -25.000000 -141.000000 75.000000
v 4.000000 141.000000 52.000000
v 9.000000 141.000000 57.000000
v 4.000000 146.000000 57.000000
v 4.000000 141.000000 80.000000
v 4.000000 146.000000 75.000000
v 9.000000 141.000000 75.000000
v 4.000000 -141.000000 52.000000
v 4.000000 -146.000000 57.000000
v 9.000000 -141.000000 57.000000
v 4.000000 -141.000000 80.000000
v 9.000000 -141.000000 75.000000
v 4.000000 -146.000000 75.000000
v -20.000000 149.000000 66.000000
v -20.000000 154.000000 71.000000
v -25.000000 149.000000 71.000000
v -20.000000 154.000000 281.000000
v -20.000000 149.000000 286.000000
v -25.000000 149.000000 281.000000
v -20.000000 131.000000 66.000000
v -25.000000 131.000000 71.000000
v -20.000000 126.000000 71.000000
v -20.000000 131.000000 286.000000
v -20.000000 126.000000 281.000000
v -25.000000 131.000000 281.000000
v 4.000000 149.000000 66.000000
v 9.000000 149.000000 71.000000
v 4.000000 154.000000 71.000000
v 4.000000 149.000000 286.000000
v 4.000000 154.000000 281.000000
v 9.000000 149.000000 281.000000
v 4.000000 131.000000 66.000000
v 4.000000 126.000000 71.000000
v 9.000000 131.000000 71.000000
v 4.000000 131.000000 286.000000
v 9.000000 131.000000 281.000000
v 4.000000 126.000000 281.000000
v -20.000000 -131.000000 66.000000
v -20.000000 -126.000000 71.000000
v -25.000000 -131.000000 71.000000
v -20.000000 -126.000000 281.000000
v -20.000000 -131.000000 286.000000
v -25.000000 -131.000000 281.000000
v -20.000000 -149.000000 66.000000
v -25.000000 -149.000000 71.000000
v -20.000000 -154.000000 71.000000
v -20.000000 -149.000000 286.000000
v -20.000000 -154.000000 281.000000
v -25.000000 -149.000000 281.000000
v 4.000000 -131.000000 66.000000
v 9.000000 -131.000000 71.000000
v 4.000000 -126.000000 71.000000
v 4.000000 -131.000000 286.000000
v 4.000000 -126.000000 281.000000
v 9.000000 -131.000000 281.000000
v 4.000000 -149.000000 66.000000
v 4.000000 -154.000000 71.000000
v 9.000000 -149.000000 71.000000
v 4.000000 -149.000000 286.000000
v 9.000000 -149.000000 281.000000
v 4.000000 -154.000000 281.000000
v -79.000000 157.500000 294.100006
v -79.000000 160.500000 297.100006
v -82.000000 157.500000 297.100006
v -79.000000 160.500000 304.100006
v -79.000000 157.500000 307.100006
v -82.000000 157.500000 304.100006
v -79.000000 130.500000 294.100006
v -82.000000 130.500000 297.100006
v -79.000000 127.500000 297.100006
v -79.000000 130.500000 307.100006
v -79.000000 127.500000 304.100006
v -82.000000 130.500000 304.100006
v 27.000000 157.500000 294.100006
v 30.000000 157.500000 297.100006
v 27.000000 160.500000 297.100006
v 27.000000 157.500000 307.100006
v 27.000000 160.500000 304.100006
v 30.000000 157.500000 304.100006
v 27.000000 130.500000 294.100006
v 27.000000 127.500000 297.100006
v 30.000000 130.500000 297.100006
v 27.000000 130.500000 307.100006
v 30.000000 130.500000 304.100006
v 27.000000 127.500000 304.100006
v -79.000000 121.500000 296.700012
v -79.000000 124.500000 299.700012
v -82.000000 121.500000 299.700012
v -79.000000 124.500000 306.700012
v -79.000000 121.500000 309.700012
v -82.000000 121.500000 306.700012
v -79.000000 94.500000 296.700012
v -82.000000 94.500000 299.700012
v -79.000000 91.500000 299.700012
v -79.000000 94.500000 309.700012
v -79.000000 91.500000 306.700012
v -82.000000 94.500000 306.700012
v 27.000000 121.500000 296.700012
v 30.000000 121.500000 299.700012
v 27.000000 124.500000 299.700012
v 27.000000 121.500000 309.700012
v 27.000000 124.500000 306.700012
v 30.000000 121.500000 306.700012
v 27.000000 94.500000 296.700012
v 27.000000 91.500000 299.700012
v 30.000000 94.500000 299.700012
v 27.000000 94.500000 309.700012
v 30.000000 94.500000 306.700012
v 27.000000 91.500000 306.700012
v -79.000000 85.500000 299.299988
v -79.000000 88.500000 302.299988
v -82.000000 85.500000 302.299988
v -79.000000 88.500000 309.299988
v -79.000000 85.500000 312.299988
v -82.000000 85.500000 309.299988
v -79.000000 58.500000 299.299988
v -82.000000 58.500000 302.299988
v -79.000000 55.500000 302.299988
v -79.000000 58.500000 312.299988
v -79.000000 55.500000 309.299988
v -82.000000 58.500000 309.299988
v 27.000000 85.500000 299.299988
v 30.000000 85.500000 302.299988
v 27.000000 88.500000 302.299988
v 27.000000 85.500000 312.299988
v 27.000000 88.500000 309.299988
v 30.000000 85.500000 309.299988
v 27.000000 58.500000 299.299988
v 27.000000 55.500000 302.299988
v 30.000000 58.500000 302.299988
v 27.000000 58.500000 312.299988
v 30.000000 58.500000 309.299988
v 27.000000 55.500000 309.299988
v -79.000000 49.500000 301.899994
v -79.000000 52.500000 304.899994
v -82.000000 49.500000 304.899994
v -79.000000 52.500000 311.899994
v -79.000000 49.500000 314.899994
v -82.000000 49.500000 311.899994
v -79.000000 22.500000 301.899994
v -82.000000 22.500000 304.899994
v -79.000000 19.500000 304.899994
v -79.000000 22.500000 314.899994
v -79.000000 19.500000 311.899994
v -82.000000 22.500000 311.899994
v 27.000000 49.500000 301.899994
v 30.000000 49.500000 304.899994
v 27.000000 52.500000 304.899994
v 27.000000 49.500000 314.899994
v 27.000000 52.500000 311.899994
v 30.000000 49.500000 311.899994
v 27.000000 22.500000 301.899994
v 27.000000 19.500000 304.899994
v 30.000000 22.500000 304.899994
v 27.000000 22.500000 314.899994
v 30.000000 22.500000 311.899994
v 27.000000 19.500000 311.899994
v -79.000000 13.500000 304.500000
v -79.000000 16.500000 307.500000
v -82.000000 13.500000 307.500000
v -79.000000 16.500000 314.500000
v -79.000000 13.500000 317.500000
v -82.000000 13.500000 314.500000
v -79.000000 -13.500000 304.500000
v -82.000000 -13.500000 307.500000
v -79.000000 -16.500000 307.500000
v -79.000000 -13.500000 317.500000
v -79.000000 -16.500000 314.500000
v -82.000000 -13.500000 314.500000
v 27.000000 13.500000 304.500000
v 30.000000 13.500000 307.500000
v 27.000000 16.500000 307.500000
v 27.000000 13.500000 317.500000
v 27.000000 16.500000 314.500000
v 30.000000 13.500000 314.500000
v 27.000000 -13.500000 304.500000
v 27.000000 -16.500000 307.500000
v 30.000000 -13.500000 307.500000
v 27.000000 -13.500000 317.500000
v 30.000000 -13.500000 314.500000
v 27.000000 -16.500000 314.500000
v -79.000000 -22.500000 301.899994
v -79.000000 -19.500000 304.899994
v -82.000000 -22.500000 304.899994
v -79.000000 -19.500000 311.899994
v -79.000000 -22.500000 314.899994
v -82.000000 -22.500000 311.899994
v -79.000000 -49.500000 301.899994
v -82.000000 -49.500000 304.899994
v -79.000000 -52.500000 304.899994
v -79.000000 -49.500000 314.899994
v -79.000000 -52.500000 311.899994
v -82.000000 -49.500000 311.899994
v 27.000000 -22.500000 301.899994
v 30.000000 -22.500000 304.899994
v 27.000000 -19.500000 304.899994
v 27.000000 -22.500000 314.899994
v 27.000000 -19.500000 311.899994
v 30.000000 -22.500000 311.899994
v 27.000000 -49.500000 301.899994
v 27.000000 -52.500000 304.899994
v 30.000000 -49.500000 304.899994
v 27.000000 -49.500000 314.899994
v 30.000000 -49.500000 311.899994
v 27.000000 -52.500000 311.899994
v -79.000000 -58.500000 299.299988
v -79.000000 -55.500000 302.299988
v -82.000000 -58.500000 302.299988
v -79.000000 -55.500000 309.299988
v -79.000000 -58.500000 312.299988
v -82.000000 -58.500000 309.299988
v -79.000000 -85.500000 299.299988
v -82.000000 -85.500000 302.299988
v -79.000000 -88.500000 302.299988
v -79.000000 -85.500000 312.299988
v -79.000000 -88.500000 309.299988
v -82.000000 -85.500000 309.299988
v 27.000000 -58.500000 299.299988
v 30.000000 -58.500000 302.299988
v 27.000000 -55.500000 302.299988
v 27.000000 -58.500000 312.299988
v 27.000000 -55.500000 309.299988
v 30.000000 -58.500000 309.299988
v 27.000000 -85.500000 299.299988
v 27.000000 -88.500000 302.299988
v 30.000000 -85.500000 302.299988
v 27.000000 -85.500000 312.299988
v 30.000000 -85.500000 309.299988
v 27.000000 -88.500000 309.299988
v -79.000000 -94.500000 296.700012
v -79.000000 -91.500000 299.700012
v -82.000000 -94.500000 299.700012
v -79.000000 -91.500000 306.700012
v -79.000000 -94.500000 309.700012
v -82.000000 -94.500000 306.700012
v -79.000000 -121.500000 296.700012
v -82.000000 -121.500000 299.700012
v -79.000000 -124.500000 299.700012
v -79.000000 -121.500000 309.700012
v -79.000000 -124.500000 306.700012
v -82.000000 -121.500000 306.700012
v 27.000000 -94.500000 296.700012
v 30.000000 -94.500000 299.700012
v 27.000000 -91.500000 299.700012
v 27.000000 -94.500000 309.700012
v 27.000000 -91.500000 306.700012
v 30.000000 -94.500000 306.700012
v 27.000000 -121.500000 296.700012
v 27.000000 -124.500000 299.700012
v 30.000000 -121.500000 299.700012
v 27.000000 -121.500000 309.700012
v 30.000000 -121.500000 306.700012
v 27.000000 -124.500000 306.700012
v -79.000000 -130.500000 294.100006
v -79.000000 -127.500000 297.100006
v -82.000000 -130.500000 297.100006
v -79.000000 -127.500000 304.100006
v -79.000000 -130.500000 307.100006
v -82.000000 -130.500000 304.100006
v -79.000000 -157.500000 294.100006
v -82.000000 -157.500000 297.100006
v -79.000000 -160.500000 297.100006
v -79.000000 -157.500000 307.100006
v -79.000000 -160.500000 304.100006
v -82.000000 -157.500000 304.100006
v 27.000000 -130.500000 294.100006
v 30.000000 -130.500000 297.100006
v 27.000000 -127.500000 297.100006
v 27.000000 -130.500000 307.100006
v 27.000000 -127.500000 304.100006
v 30.000000 -130.500000 304.100006
v 27.000000 -157.500000 294.100006
v 27.000000 -160.500000 297.100006
v 30.000000 -157.500000 297.100006
v 27.000000 -157.500000 307.100006
v 30.000000 -157.500000 304.100006
v 27.000000 -160.500000 304.100006
v -84.974258 154.719116 311.161072
v -78.978806 154.485535 311.161072
v -76.004547 153.766418 306.000000
v -79.025742 153.280884 300.838928
v -85.021194 153.514465 300.838928
v -87.995453 154.233582 306.000000
v -90.988213 0.000000 329.202942
v -84.988228 0.000000 329.189331
v -82.000015 0.000000 323.986389
v -85.011787 0.000000 318.797058
v -91.011772 0.000000 318.810669
v -93.999985 0.000000 324.013611
v -84.974258 -154.719116 311.161072
v -78.978806 -154.485535 311.161072
v -76.004547 -153.766418 306.000000
v -79.025742 -153.280884 300.838928
v -85.021194 -153.514465 300.838928
v -87.995453 -154.233582 306.000000
v -32.500000 77.500000 250.000000
v -32.500000 82.000000 254.500000
v -37.000000 77.500000 254.500000
v -32.500000 82.000000 283.500000
v -32.500000 77.500000 288.000000
v -37.000000 77.500000 283.500000
v -32.500000 -77.500000 250.000000
v -37.000000 -77.500000 254.500000
v -32.500000 -82.000000 254.500000
v -32.500000 -77.500000 288.000000
v -32.500000 -82.000000 283.500000
v -37.000000 -77.500000 283.500000
v -23.500000 77.500000 250.000000
v -19.000000 77.500000 254.500000
v -23.500000 82.000000 254.500000
v -23.500000 77.500000 288.000000
v -23.500000 82.000000 283.500000
v -19.000000 77.500000 283.500000
v -23.500000 -77.500000 250.000000
v -23.500000 -82.000000 254.500000
v -19.000000 -77.500000 254.500000
v -23.500000 -77.500000 288.000000
v -19.000000 -77.500000 283.500000
v -23.500000 -82.000000 283.500000
v -39.000000 69.000000 257.000000
v -39.000000 70.000000 258.000000
v -40.000000 69.000000 258.000000
v -39.000000 70.000000 280.000000
v -39.000000 69.000000 281.000000
v -40.000000 69.000000 280.000000
v -39.000000 -69.000000 257.000000
v -40.000000 -69.000000 258.000000
v -39.000000 -70.000000 258.000000
v -39.000000 -69.000000 281.000000
v -39.000000 -70.000000 280.000000
v -40.000000 -69.000000 280.000000
v -37.000000 69.000000 257.000000
v -36.000000 69.000000 258.000000
v -37.000000 70.000000 258.000000
v -37.000000 69.000000 281.000000
v -37.000000 70.000000 280.000000
v -36.000000 69.000000 280.000000
v -37.000000 -69.000000 257.000000
v -37.000000 -70.000000 258.000000
v -36.000000 -69.000000 258.000000
v -37.000000 -69.000000 281.000000
v -36.000000 -69.000000 280.000000
v -37.000000 -70.000000 280.000000
v -25.578552 109.840118 185.000000
v -25.648312 110.837677 186.000000
v -26.576118 109.770355 186.000000
v -25.648312 110.837677 250.000000
v -25.578552 109.840118 251.000000
v -26.576118 109.770355 250.000000
v -20.416574 36.020370 185.000000
v -21.414139 35.950623 186.000000
v -20.346819 35.022812 186.000000
v -20.416574 36.020370 251.000000
v -20.346819 35.022812 250.000000
v -21.414139 35.950623 250.000000
v -23.583426 109.979630 185.000000
v -22.585861 110.049377 186.000000
v -23.653181 110.977188 186.000000
v -23.583426 109.979630 251.000000
v -23.653181 110.977188 250.000000
v -22.585861 110.049377 250.000000
v -18.421446 36.159882 185.000000
v -18.351690 35.162323 186.000000
v -17.423882 36.229645 186.000000
v -18.421446 36.159882 251.000000
v -17.423882 36.229645 250.000000
v -18.351690 35.162323 250.000000
v -29.500000 68.736023 240.440002
v -28.799999 68.216309 241.105743
v -28.799999 68.216309 239.774261
v -22.500000 68.736023 240.440002
v -23.200001 68.216309 239.774261
v -23.200001 68.216309 241.105743
v -29.500000 69.550369 237.933701
v -28.799999 68.738602 238.166809
v -28.799999 69.521225 237.089630
v -22.500000 69.550369 237.933701
v -23.200001 69.521225 237.089630
v -23.200001 68.738602 238.166809
v -29.500000 71.682358 236.384720
v -28.799999 70.888603 236.096161
v -28.799999 72.154915 235.684723
v -22.500000 71.682358 236.384720
v -23.200001 72.154915 235.684723
v -23.200001 70.888603 236.096161
v -29.500000 74.317642 236.384720
v -28.799999 73.845085 235.684723
v -28.799999 75.111397 236.096161
v -22.500000 74.317642 236.384720
v -23.200001 75.111397 236.096161
v -23.200001 73.845085 235.684723
v -29.500000 76.449631 237.933701
v -28.799999 76.478775 237.089630
v -28.799999 77.261398 238.166809
v -22.500000 76.449631 237.933701
v -23.200001 77.261398 238.166809
v -23.200001 76.478775 237.089630
v -29.500000 77.263977 240.440002
v -28.799999 77.783691 239.774261
v -28.799999 77.783691 241.105743
v -22.500000 77.263977 240.440002
v -23.200001 77.783691 241.105743
v -23.200001 77.783691 239.774261
v -29.500000 76.449631 242.946304
v -28.799999 77.261398 242.713196
v -28.799999 76.478775 243.790375
v -22.500000 76.449631 242.946304
v -23.199999 76.478775 243.790375
v -23.200001 77.261398 242.713196
v -29.500000 74.317642 244.495285
v -28.799999 75.111397 244.783844
v -28.799999 73.845085 245.195282
v -22.500000 74.317642 244.495285
v -23.200001 73.845085 245.195282
v -23.199999 75.111397 244.783844
v -29.500000 71.682358 244.495285
v -28.799999 72.154915 245.195282
v -28.799999 70.888603 244.783844
v -22.500000 71.682358 244.495285
v -23.199999 70.888603 244.783844
v -23.200001 72.154915 245.195282
v -29.500000 69.550369 242.946304
v -28.799999 69.521225 243.790375
v -28.799999 68.738602 242.713196
v -22.500000 69.550369 242.946304
v -23.200001 68.738602 242.713196
v -23.199999 69.521225 243.790375
v -28.268517 93.972847 216.500000
v -28.282471 94.172363 216.699997
v -28.468029 93.958893 216.699997
v -28.282471 94.172363 219.300003
v -28.268517 93.972847 219.500000
v -28.468029 93.958893 219.300003
v -25.327583 51.915543 216.500000
v -25.527100 51.901596 216.699997
v -25.313633 51.716034 216.699997
v -25.327583 51.915543 219.500000
v -25.313633 51.716034 219.300003
v -25.527100 51.901596 219.300003
v -26.672417 94.084457 216.500000
v -26.472900 94.098404 216.699997
v -26.686367 94.283966 216.699997
v -26.672417 94.084457 219.500000
v -26.686367 94.283966 219.300003
v -26.472900 94.098404 219.300003
v -23.731482 52.027153 216.500000
v -23.717531 51.827637 216.699997
v -23.531969 52.041107 216.699997
v -23.731482 52.027153 219.500000
v -23.531969 52.041107 219.300003
v -23.717531 51.827637 219.300003
v -23.643511 26.990662 177.000000
v -23.591175 27.989296 178.000000
v -24.642139 27.042999 178.000000
v -23.591175 27.989296 252.000000
v -23.643511 26.990662 253.000000
v -24.642139 27.042999 252.000000
v -28.353748 -62.885986 177.000000
v -29.352379 -62.833649 178.000000
v -28.406082 -63.884613 178.000000
v -28.353748 -62.885986 253.000000
v -28.406082 -63.884613 252.000000
v -29.352379 -62.833649 252.000000
v -21.646252 26.885986 177.000000
v -20.647623 26.833656 178.000000
v -21.593916 27.884621 178.000000
v -21.646252 26.885986 253.000000
v -21.593916 27.884621 252.000000
v -20.647623 26.833656 252.000000
v -26.356487 -62.990662 177.000000
v -26.408825 -63.989288 178.000000
v -25.357861 -63.042999 178.000000
v -26.356487 -62.990662 253.000000
v -25.357861 -63.042999 252.000000
v -26.408825 -63.989288 252.000000
v -32.500000 -22.263977 240.839996
v -31.799999 -22.783691 241.505737
v -31.799999 -22.783691 240.174255
v -25.500000 -22.263977 240.839996
v -26.200001 -22.783691 240.174255
v -26.200001 -22.783691 241.505737
v -32.500000 -21.449631 238.333694
v -31.799999 -22.261398 238.566803
v -31.799999 -21.478775 237.489624
v -25.500000 -21.449631 238.333694
v -26.200001 -21.478775 237.489624
v -26.200001 -22.261398 238.566803
v -32.500000 -19.317642 236.784714
v -31.799999 -20.111389 236.496155
v -31.799999 -18.845078 236.084717
v -25.500000 -19.317642 236.784714
v -26.200001 -18.845078 236.084717
v -26.200001 -20.111389 236.496155
v -32.500000 -16.682358 236.784714
v -31.799999 -17.154922 236.084717
v -31.799999 -15.888611 236.496155
v -25.500000 -16.682358 236.784714
v -26.200001 -15.888611 236.496155
v -26.200001 -17.154922 236.084717
v -32.500000 -14.550369 238.333694
v -31.799999 -14.521225 237.489624
v -31.799999 -13.738602 238.566803
v -25.500000 -14.550369 238.333694
v -26.200001 -13.738602 238.566803
v -26.200001 -14.521225 237.489624
v -32.500000 -13.736023 240.839996
v -31.799999 -13.216309 240.174255
v -31.799999 -13.216309 241.505737
v -25.500000 -13.736023 240.839996
v -26.200001 -13.216309 241.505737
v -26.200001 -13.216309 240.174255
v -32.500000 -14.550369 243.346298
v -31.799999 -13.738602 243.113190
v -31.799999 -14.521225 244.190369
v -25.500000 -14.550369 243.346298
v -26.200001 -14.521225 244.190369
v -26.200001 -13.738602 243.113190
v -32.500000 -16.682358 244.895279
v -31.799999 -15.888611 245.183838
v -31.799999 -17.154922 245.595276
v -25.500000 -16.682358 244.895279
v -26.200001 -17.154922 245.595276
v -26.200001 -15.888611 245.183838
v -32.500000 -19.317642 244.895279
v -31.799999 -18.845078 245.595276
v -31.799999 -20.111389 245.183838
v -25.500000 -19.317642 244.895279
v -26.200001 -20.111389 245.183838
v -26.200001 -18.845078 245.595276
v -32.500000 -21.449631 243.346298
v -31.799999 -21.478775 244.190369
v -31.799999 -22.261398 243.113190
v -25.500000 -21.449631 243.346298
v -26.200001 -22.261398 243.113190
v -26.200001 -21.478775 244.190369
v -28.461197 7.566833 213.500000
v -28.450729 7.766563 213.699997
v -28.660923 7.577301 213.699997
v -28.450729 7.766563 216.300003
v -28.461197 7.566833 216.500000
v -28.660923 7.577301 216.300003
v -31.136612 -43.483093 213.500000
v -31.336338 -43.472626 213.699997
v -31.147079 -43.682831 213.699997
v -31.136612 -43.483093 216.500000
v -31.147079 -43.682831 216.300003
v -31.336338 -43.472626 216.300003
v -26.863388 7.483101 213.500000
v -26.663662 7.472633 213.699997
v -26.852921 7.682831 213.699997
v -26.863388 7.483101 216.500000
v -26.852921 7.682831 216.300003
v -26.663662 7.472633 216.300003
v -29.538803 -43.566833 213.500000
v -29.549271 -43.766571 213.699997
v -29.339077 -43.577301 213.699997
v -29.538803 -43.566833 216.500000
v -29.339077 -43.577301 216.300003
v -29.549271 -43.766571 216.300003
v -24.906776 -60.050735 202.000000
v -24.941677 -59.051346 203.000000
v -25.906170 -60.085632 203.000000
v -24.941677 -59.051346 255.000000
v -24.906776 -60.050735 256.000000
v -25.906170 -60.085632 255.000000
v -23.092005 -112.019058 202.000000
v -24.091396 -112.053955 203.000000
v -23.057104 -113.018448 203.000000
v -23.092005 -112.019058 256.000000
v -23.057104 -113.018448 255.000000
v -24.091396 -112.053955 255.000000
v -22.907995 -59.980942 202.000000
v -21.908606 -59.946045 203.000000
v -22.942896 -58.981552 203.000000
v -22.907995 -59.980942 256.000000
v -22.942896 -58.981552 255.000000
v -21.908606 -59.946045 255.000000
v -21.093222 -111.949265 202.000000
v -21.058323 -112.948654 203.000000
v -20.093832 -111.914368 203.000000
v -21.093222 -111.949265 256.000000
v -20.093832 -111.914368 255.000000
v -21.058323 -112.948654 255.000000
v -30.500000 -90.263977 247.360001
v -29.799999 -90.783691 248.025742
v -29.799999 -90.783691 246.694260
v -23.500000 -90.263977 247.360001
v -24.200001 -90.783691 246.694260
v -24.200001 -90.783691 248.025742
v -30.500000 -89.449631 244.853699
v -29.799999 -90.261398 245.086823
v -29.799999 -89.478775 244.009628
v -23.500000 -89.449631 244.853699
v -24.200001 -89.478775 244.009628
v -24.200001 -90.261398 245.086823
v -30.500000 -87.317642 243.304718
v -29.799999 -88.111389 243.016174
v -29.799999 -86.845078 242.604721
v -23.500000 -87.317642 243.304718
v -24.200001 -86.845078 242.604721
v -24.200001 -88.111389 243.016174
v -30.500000 -84.682358 243.304718
v -29.799999 -85.154922 242.604721
v -29.799999 -83.888611 243.016174
v -23.500000 -84.682358 243.304718
v -24.200001 -83.888611 243.016174
v -24.200001 -85.154922 242.604721
v -30.500000 -82.550369 244.853699
v -29.799999 -82.521225 244.009628
v -29.799999 -81.738602 245.086823
v -23.500000 -82.550369 244.853699
v -24.200001 -81.738602 245.086823
v -24.200001 -82.521225 244.009628
v -30.500000 -81.736023 247.360001
v -29.799999 -81.216309 246.694260
v -29.799999 -81.216309 248.025742
v -23.500000 -81.736023 247.360001
v -24.200001 -81.216309 248.025742
v -24.200001 -81.216309 246.694260
v -30.500000 -82.550369 249.866302
v -29.799999 -81.738602 249.633179
v -29.799999 -82.521225 250.710373
v -23.500000 -82.550369 249.866302
v -24.200001 -82.521225 250.710373
v -24.200001 -81.738602 249.633179
v -30.500000 -84.682358 251.415283
v -29.799999 -83.888611 251.703827
v -29.799999 -85.154922 252.115280
v -23.500000 -84.682358 251.415283
v -24.200001 -85.154922 252.115280
v -24.200001 -83.888611 251.703827
v -30.500000 -87.317642 251.415283
v -29.799999 -86.845078 252.115280
v -29.799999 -88.111389 251.703827
v -23.500000 -87.317642 251.415283
v -24.200001 -88.111389 251.703827
v -24.200001 -86.845078 252.115280
v -30.500000 -89.449631 249.866302
v -29.799999 -89.478775 250.710373
v -29.799999 -90.261398 249.633179
v -23.500000 -89.449631 249.866302
v -24.200001 -90.261398 249.633179
v -24.200001 -89.478775 250.710373
v -28.320213 -71.117004 227.500000
v -28.327194 -70.917130 227.699997
v -28.520092 -71.123993 227.699997
v -28.327194 -70.917130 230.300003
v -28.320213 -71.117004 230.500000
v -28.520092 -71.123993 230.300003
v -27.278812 -100.938828 227.500000
v -27.478691 -100.945816 227.699997
v -27.271832 -101.138702 227.699997
v -27.278812 -100.938828 230.500000
v -27.271832 -101.138702 230.300003
v -27.478691 -100.945816 230.300003
v -26.721188 -71.061172 227.500000
v -26.521309 -71.054184 227.699997
v -26.728168 -70.861298 227.699997
v -26.721188 -71.061172 230.500000
v -26.728168 -70.861298 230.300003
v -26.521309 -71.054184 230.300003
v -25.679787 -100.882996 227.500000
v -25.672806 -101.082870 227.699997
v -25.479908 -100.876007 227.699997
v -25.679787 -100.882996 230.500000
v -25.479908 -100.876007 230.300003
v -25.672806 -101.082870 230.300003
v -23.533222 116.013962 103.500000
v -23.480886 117.012589 104.500000
v -24.531853 116.066299 104.500000
v -23.480886 117.012589 165.500000
v -23.533222 116.013962 166.500000
v -24.531853 116.066299 165.500000
v -26.464035 60.090714 103.500000
v -27.462666 60.143044 104.500000
v -26.516373 59.092079 104.500000
v -26.464035 60.090714 166.500000
v -26.516373 59.092079 165.500000
v -27.462666 60.143044 165.500000
v -21.535963 115.909286 103.500000
v -20.537334 115.856956 104.500000
v -21.483627 116.907921 104.500000
v -21.535963 115.909286 166.500000
v -21.483627 116.907921 165.500000
v -20.537334 115.856956 165.500000
v -24.466778 59.986038 103.500000
v -24.519112 58.987411 104.500000
v -23.468147 59.933701 104.500000
v -24.466778 59.986038 166.500000
v -23.468147 59.933701 165.500000
v -24.519112 58.987411 165.500000
v -31.500000 83.736023 156.419998
v -30.799999 83.216309 157.085739
v -30.799999 83.216309 155.754257
v -24.500000 83.736023 156.419998
v -25.200001 83.216309 155.754257
v -25.200001 83.216309 157.085739
v -31.500000 84.550369 153.913696
v -30.799999 83.738602 154.146805
v -30.799999 84.521225 153.069626
v -24.500000 84.550369 153.913696
v -25.200001 84.521225 153.069626
v -25.200001 83.738602 154.146805
v -31.500000 86.682358 152.364716
v -30.799999 85.888603 152.076172
v -30.799999 87.154915 151.664719
v -24.500000 86.682358 152.364716
v -25.200001 87.154915 151.664719
v -25.200001 85.888603 152.076172
v -31.500000 89.317642 152.364716
v -30.799999 88.845085 151.664719
v -30.799999 90.111397 152.076172
v -24.500000 89.317642 152.364716
v -25.200001 90.111397 152.076172
v -25.200001 88.845085 151.664719
v -31.500000 91.449631 153.913696
v -30.799999 91.478775 153.069626
v -30.799999 92.261398 154.146805
v -24.500000 91.449631 153.913696
v -25.200001 92.261398 154.146805
v -25.200001 91.478775 153.069626
v -31.500000 92.263977 156.419998
v -30.799999 92.783691 155.754257
v -30.799999 92.783691 157.085739
v -24.500000 92.263977 156.419998
v -25.200001 92.783691 157.085739
v -25.200001 92.783691 155.754257
v -31.500000 91.449631 158.926300
v -30.799999 92.261398 158.693192
v -30.799999 91.478775 159.770370
v -24.500000 91.449631 158.926300
v -25.200001 91.478775 159.770370
v -25.200001 92.261398 158.693176
v -31.500000 89.317642 160.475281
v -30.799999 90.111397 160.763824
v -30.799999 88.845085 161.175278
v -24.500000 89.317642 160.475281
v -25.200001 88.845085 161.175278
v -25.200001 90.111397 160.763824
v -31.500000 86.682358 160.475281
v -30.799999 87.154915 161.175278
v -30.799999 85.888603 160.763824
v -24.500000 86.682358 160.475281
v -25.200001 85.888603 160.763824
v -25.200001 87.154915 161.175278
v -31.500000 84.550369 158.926300
v -30.799999 84.521225 159.770370
v -30.799999 83.738602 158.693192
v -24.500000 84.550369 158.926300
v -25.200001 83.738602 158.693176
v -25.200001 84.521225 159.770370
v -27.959435 104.059883 133.500000
v -27.948967 104.259613 133.699997
v -28.159161 104.070351 133.699997
v -27.948967 104.259613 136.300003
v -27.959435 104.059883 136.500000
v -28.159161 104.070351 136.300003
v -29.638374 72.023849 133.500000
v -29.838097 72.034317 133.699997
v -29.648838 71.824127 133.699997
v -29.638374 72.023849 136.500000
v -29.648838 71.824127 136.300003
v -29.838097 72.034317 136.300003
v -26.361626 103.976151 133.500000
v -26.161903 103.965683 133.699997
v -26.351162 104.175873 133.699997
v -26.361626 103.976151 136.500000
v -26.351162 104.175873 136.300003
v -26.161903 103.965683 136.300003
v -28.040565 71.940117 133.500000
v -28.051033 71.740387 133.699997
v -27.840839 71.929649 133.699997
v -28.040565 71.940117 136.500000
v -27.840839 71.929649 136.300003
v -28.051033 71.740387 136.300003
v -28.641594 -4.621552 98.500000
v -28.693932 -3.622925 99.500000
v -29.640224 -4.673889 99.500000
v -28.693932 -3.622925 166.500000
v -28.641594 -4.621552 167.500000
v -29.640224 -4.673889 166.500000
v -23.355663 -105.483124 98.500000
v -24.354294 -105.535461 99.500000
v -23.303328 -106.481750 99.500000
v -23.355663 -105.483124 167.500000
v -23.303328 -106.481750 166.500000
v -24.354294 -105.535461 166.500000
v -26.644337 -4.516876 98.500000
v -25.645706 -4.464539 99.500000
v -26.696671 -3.518250 99.500000
v -26.644337 -4.516876 167.500000
v -26.696671 -3.518250 166.500000
v -25.645706 -4.464539 166.500000
v -21.358404 -105.378448 98.500000
v -21.306068 -106.377075 99.500000
v -20.359776 -105.326111 99.500000
v -21.358404 -105.378448 167.500000
v -20.359776 -105.326111 166.500000
v -21.306068 -106.377075 166.500000
v -32.500000 -59.263977 156.460007
v -31.799999 -59.783691 157.125748
v -31.799999 -59.783691 155.794266
v -25.500000 -59.263977 156.460007
v -26.200001 -59.783691 155.794266
v -26.200001 -59.783691 157.125748
v -32.500000 -58.449631 153.953705
v -31.799999 -59.261398 154.186813
v -31.799999 -58.478775 153.109634
v -25.500000 -58.449631 153.953705
v -26.200001 -58.478775 153.109634
v -26.200001 -59.261398 154.186813
v -32.500000 -56.317642 152.404724
v -31.799999 -57.111389 152.116180
v -31.799999 -55.845078 151.704727
v -25.500000 -56.317642 152.404724
v -26.200001 -55.845078 151.704727
v -26.200001 -57.111389 152.116180
v -32.500000 -53.682358 152.404724
v -31.799999 -54.154922 151.704727
v -31.799999 -52.888611 152.116180
v -25.500000 -53.682358 152.404724
v -26.200001 -52.888611 152.116180
v -26.200001 -54.154922 151.704727
v -32.500000 -51.550369 153.953705
v -31.799999 -51.521225 153.109634
v -31.799999 -50.738602 154.186813
v -25.500000 -51.550369 153.953705
v -26.200001 -50.738602 154.186813
v -26.200001 -51.521225 153.109634
v -32.500000 -50.736023 156.460007
v -31.799999 -50.216309 155.794266
v -31.799999 -50.216309 157.125748
v -25.500000 -50.736023 156.460007
v -26.200001 -50.216309 157.125748
v -26.200001 -50.216309 155.794266
v -32.500000 -51.550369 158.966309
v -31.799999 -50.738602 158.733200
v -31.799999 -51.521225 159.810379
v -25.500000 -51.550369 158.966309
v -26.200001 -51.521225 159.810379
v -26.200001 -50.738602 158.733185
v -32.500000 -53.682358 160.515289
v -31.799999 -52.888611 160.803833
v -31.799999 -54.154922 161.215286
v -25.500000 -53.682358 160.515289
v -26.200001 -54.154922 161.215286
v -26.200001 -52.888611 160.803833
v -32.500000 -56.317642 160.515289
v -31.799999 -55.845078 161.215286
v -31.799999 -57.111389 160.803833
v -25.500000 -56.317642 160.515289
v -26.200001 -57.111389 160.803833
v -26.200001 -55.845078 161.215286
v -32.500000 -58.449631 158.966309
v -31.799999 -58.478775 159.810379
v -31.799999 -59.261398 158.733200
v -25.500000 -58.449631 158.966309
v -26.200001 -59.261398 158.733185
v -26.200001 -58.478775 159.810379
v -31.297806 -26.441116 131.500000
v -31.308273 -26.241394 131.699997
v -31.497532 -26.451584 131.699997
v -31.308273 -26.241394 134.300003
v -31.297806 -26.441116 134.500000
v -31.497532 -26.451584 134.300003
v -28.300003 -83.642609 131.500000
v -28.499729 -83.653076 131.699997
v -28.289536 -83.842346 131.699997
v -28.300003 -83.642609 134.500000
v -28.289536 -83.842346 134.300003
v -28.499729 -83.653076 134.300003
v -29.699997 -26.357391 131.500000
v -29.500271 -26.346924 131.699997
v -29.710464 -26.157654 131.699997
v -29.699997 -26.357391 134.500000
v -29.710464 -26.157654 134.300003
v -29.500271 -26.346924 134.300003
v -26.702194 -83.558884 131.500000
v -26.691727 -83.758606 131.699997
v -26.502468 -83.548416 131.699997
v -26.702194 -83.558884 134.500000
v -26.502468 -83.548416 134.300003
v -26.691727 -83.758606 134.300003
v -32.709465 53.935249 107.500000
v -32.744366 54.934647 108.500000
v -33.708858 53.900352 108.500000
v -32.744366 54.934647 189.500000
v -32.709465 53.935249 190.500000
v -33.708858 53.900352 189.500000
v -29.289314 -44.005051 107.500000
v -30.288708 -44.039948 108.500000
v -29.254417 -45.004440 108.500000
v -29.289314 -44.005051 190.500000
v -29.254417 -45.004440 189.500000
v -30.288708 -44.039948 189.500000
v -30.710686 54.005051 107.500000
v -29.711292 54.039948 108.500000
v -30.745583 55.004440 108.500000
v -30.710686 54.005051 190.500000
v -30.745583 55.004440 189.500000
v -29.711292 54.039948 189.500000
v -27.290535 -43.935242 107.500000
v -27.255634 -44.934647 108.500000
v -26.291142 -43.900360 108.500000
v -27.290535 -43.935242 190.500000
v -26.291142 -43.900360 189.500000
v -27.255634 -44.934647 189.500000
v -35.144184 38.419334 129.560867
v -32.746105 38.323410 129.560867
v -31.601917 36.904076 128.000000
v -32.855812 35.580666 126.439125
v -35.253895 35.676590 126.439125
v -36.398083 37.095924 128.000000
v -36.171963 12.405296 152.054810
v -33.772545 12.358215 152.031021
v -32.600578 11.952911 149.976212
v -33.828037 11.594704 147.945190
v -36.227455 11.641785 147.968979
v -37.399422 12.047089 150.023788
v -36.169682 -17.342163 140.989746
v -33.769936 -17.353119 140.956650
v -32.600254 -18.010941 138.966904
v -33.830318 -18.657837 137.010254
v -36.230064 -18.646881 137.043350
v -37.399746 -17.989059 139.033096
v -36.169682 -37.247925 172.149811
v -33.769936 -37.277069 172.130676
v -32.600254 -39.029144 170.980865
v -33.830318 -40.752075 169.850189
v -36.230064 -40.722931 169.869324
v -37.399746 -38.970856 171.019135
v -40.500000 33.532089 128.000000
v -40.000000 33.171013 128.469849
v -40.000000 33.171013 127.530151
v -35.500000 33.532089 128.000000
v -36.000000 33.171013 127.530151
v -36.000000 33.171013 128.469849
v -40.500000 34.343430 125.770874
v -40.000000 33.764809 125.898697
v -40.000000 34.368835 125.178848
v -35.500000 34.343430 125.770874
v -36.000000 34.368835 125.178848
v -36.000000 33.764809 125.898697
v -40.500000 36.397804 124.584778
v -40.000000 35.872391 124.310768
v -40.000000 36.797813 124.147591
v -35.500000 36.397804 124.584778
v -36.000000 36.797813 124.147591
v -36.000000 35.872391 124.310768
v -40.500000 38.733955 124.996704
v -40.000000 38.507599 124.449074
v -40.000000 39.321396 124.918922
v -35.500000 38.733955 124.996704
v -36.000000 39.321396 124.918922
v -36.000000 38.507599 124.449074
v -40.500000 40.258774 126.813904
v -40.000000 40.437378 126.248901
v -40.000000 40.758774 127.131920
v -35.500000 40.258774 126.813904
v -36.000000 40.758774 127.131920
v -36.000000 40.437378 126.248901
v -40.500000 40.258774 129.186096
v -40.000000 40.758774 128.868088
v -40.000000 40.437378 129.751099
v -35.500000 40.258774 129.186096
v -36.000000 40.437378 129.751099
v -36.000000 40.758774 128.868073
v -40.500000 38.733955 131.003296
v -40.000000 39.321396 131.081085
v -40.000000 38.507599 131.550934
v -35.500000 38.733955 131.003296
v -36.000000 38.507599 131.550934
v -36.000000 39.321396 131.081085
v -40.500000 36.397804 131.415222
v -40.000000 36.797813 131.852402
v -40.000000 35.872391 131.689224
v -35.500000 36.397804 131.415222
v -36.000000 35.872391 131.689224
v -36.000000 36.797813 131.852402
v -40.500000 34.343430 130.229126
v -40.000000 34.368835 130.821152
v -40.000000 33.764809 130.101303
v -35.500000 34.343430 130.229126
v -36.000000 33.764809 130.101303
v -36.000000 34.368835 130.821152
v -40.500000 8.532089 150.000000
v -40.000000 8.171013 150.469849
v -40.000000 8.171013 149.530151
v -35.500000 8.532089 150.000000
v -36.000000 8.171013 149.530151
v -36.000000 8.171013 150.469849
v -40.500000 9.343430 147.770874
v -40.000000 8.764809 147.898697
v -40.000000 9.368835 147.178848
v -35.500000 9.343430 147.770874
v -36.000000 9.368835 147.178848
v -36.000000 8.764809 147.898697
v -40.500000 11.397804 146.584778
v -40.000000 10.872391 146.310776
v -40.000000 11.797813 146.147598
v -35.500000 11.397804 146.584778
v -36.000000 11.797813 146.147598
v -36.000000 10.872391 146.310776
v -40.500000 13.733955 146.996704
v -40.000000 13.507599 146.449081
v -40.000000 14.321396 146.918915
v -35.500000 13.733955 146.996704
v -36.000000 14.321396 146.918915
v -36.000000 13.507599 146.449081
v -40.500000 15.258774 148.813904
v -40.000000 15.437378 148.248901
v -40.000000 15.758774 149.131912
v -35.500000 15.258774 148.813904
v -36.000000 15.758774 149.131912
v -36.000000 15.437378 148.248901
v -40.500000 15.258774 151.186096
v -40.000000 15.758774 150.868088
v -40.000000 15.437378 151.751099
v -35.500000 15.258774 151.186096
v -36.000000 15.437378 151.751099
v -36.000000 15.758774 150.868073
v -40.500000 13.733955 153.003296
v -40.000000 14.321396 153.081085
v -40.000000 13.507599 153.550934
v -35.500000 13.733955 153.003296
v -36.000000 13.507599 153.550934
v -36.000000 14.321396 153.081085
v -40.500000 11.397804 153.415222
v -40.000000 11.797813 153.852402
v -40.000000 10.872391 153.689224
v -35.500000 11.397804 153.415222
v -36.000000 10.872391 153.689224
v -36.000000 11.797813 153.852402
v -40.500000 9.343430 152.229126
v -40.000000 9.368835 152.821152
v -40.000000 8.764809 152.101303
v -35.500000 9.343430 152.229126
v -36.000000 8.764809 152.101303
v -36.000000 9.368835 152.821152
v -40.500000 -21.467911 139.000000
v -40.000000 -21.828995 139.469849
v -40.000000 -21.828995 138.530151
v -35.500000 -21.467911 139.000000
v -36.000000 -21.828995 138.530151
v -36.000000 -21.828995 139.469849
v -40.500000 -20.656570 136.770874
v -40.000000 -21.235184 136.898697
v -40.000000 -20.631165 136.178848
v -35.500000 -20.656570 136.770874
v -36.000000 -20.631165 136.178848
v -36.000000 -21.235184 136.898697
v -40.500000 -18.602203 135.584778
v -40.000000 -19.127609 135.310776
v -40.000000 -18.202194 135.147598
v -35.500000 -18.602203 135.584778
v -36.000000 -18.202194 135.147598
v -36.000000 -19.127609 135.310776
v -40.500000 -16.266037 135.996704
v -40.000000 -16.492401 135.449081
v -40.000000 -15.678604 135.918915
v -35.500000 -16.266037 135.996704
v -36.000000 -15.678604 135.918915
v -36.000000 -16.492401 135.449081
v -40.500000 -14.741226 137.813904
v -40.000000 -14.562622 137.248901
v -40.000000 -14.241226 138.131912
v -35.500000 -14.741226 137.813904
v -36.000000 -14.241226 138.131912
v -36.000000 -14.562622 137.248901
v -40.500000 -14.741226 140.186096
v -40.000000 -14.241226 139.868088
v -40.000000 -14.562622 140.751099
v -35.500000 -14.741226 140.186096
v -36.000000 -14.562622 140.751099
v -36.000000 -14.241226 139.868088
v -40.500000 -16.266037 142.003296
v -40.000000 -15.678604 142.081085
v -40.000000 -16.492401 142.550919
v -35.500000 -16.266037 142.003296
v -36.000000 -16.492401 142.550919
v -36.000000 -15.678604 142.081085
v -40.500000 -18.602203 142.415222
v -40.000000 -18.202194 142.852402
v -40.000000 -19.127609 142.689224
v -35.500000 -18.602203 142.415222
v -36.000000 -19.127609 142.689224
v -36.000000 -18.202194 142.852402
v -40.500000 -20.656570 141.229126
v -40.000000 -20.631165 141.821152
v -40.000000 -21.235184 141.101303
v -35.500000 -20.656570 141.229126
v -36.000000 -21.235184 141.101303
v -36.000000 -20.631165 141.821152
v -40.500000 -42.467911 171.000000
v -40.000000 -42.828995 171.469849
v -40.000000 -42.828995 170.530151
v -35.500000 -42.467911 171.000000
v -36.000000 -42.828995 170.530151
v -36.000000 -42.828995 171.469849
v -40.500000 -41.656570 168.770874
v -40.000000 -42.235184 168.898697
v -40.000000 -41.631165 168.178848
v -35.500000 -41.656570 168.770874
v -36.000000 -41.631165 168.178848
v -36.000000 -42.235184 168.898697
v -40.500000 -39.602203 167.584778
v -40.000000 -40.127609 167.310760
v -40.000000 -39.202194 167.147598
v -35.500000 -39.602203 167.584778
v -36.000000 -39.202194 167.147598
v -36.000000 -40.127609 167.310760
v -40.500000 -37.266037 167.996704
v -40.000000 -37.492401 167.449066
v -40.000000 -36.678604 167.918915
v -35.500000 -37.266037 167.996704
v -36.000000 -36.678604 167.918915
v -36.000000 -37.492401 167.449066
v -40.500000 -35.741226 169.813904
v -40.000000 -35.562622 169.248901
v -40.000000 -35.241226 170.131927
v -35.500000 -35.741226 169.813904
v -36.000000 -35.241226 170.131927
v -36.000000 -35.562622 169.248901
v -40.500000 -35.741226 172.186096
v -40.000000 -35.241226 171.868073
v -40.000000 -35.562622 172.751099
v -35.500000 -35.741226 172.186096
v -36.000000 -35.562622 172.751099
v -36.000000 -35.241226 171.868073
v -40.500000 -37.266037 174.003296
v -40.000000 -36.678604 174.081085
v -40.000000 -37.492401 174.550934
v -35.500000 -37.266037 174.003296
v -36.000000 -37.492401 174.550934
v -36.000000 -36.678604 174.081085
v -40.500000 -39.602203 174.415222
v -40.000000 -39.202194 174.852402
v -40.000000 -40.127609 174.689240
v -35.500000 -39.602203 174.415222
v -36.000000 -40.127609 174.689240
v -36.000000 -39.202194 174.852402
v -40.500000 -41.656570 173.229126
v -40.000000 -41.631165 173.821152
v -40.000000 -42.235184 173.101303
v -35.500000 -41.656570 173.229126
v -36.000000 -42.235184 173.101303
v -36.000000 -41.631165 173.821152
v -36.302803 117.697617 190.112167
v -33.825726 117.359833 190.112167
v -32.522923 117.662216 188.000000
v -33.697197 118.302383 185.887833
v -36.174274 118.640167 185.887833
v -37.477077 118.337784 188.000000
v -45.273594 52.010399 175.151245
v -42.777107 51.880501 175.177216
v -41.503513 51.870102 173.025970
v -42.726406 51.989601 170.848755
v -45.222893 52.119499 170.822784
v -46.496487 52.129898 172.974030
v -43.275269 -12.065613 186.149277
v -40.775513 -12.047195 186.179077
v -39.500244 -11.981583 184.029816
v -40.724731 -11.934372 181.850723
v -43.224487 -11.952805 181.820923
v -44.499756 -12.018417 183.970184
v -44.277496 -74.015289 172.148895
v -41.785904 -73.812393 172.177338
v -40.508408 -73.797104 170.028427
v -41.722504 -73.984711 167.851105
v -44.214096 -74.187607 167.822662
v -45.491592 -74.202896 169.971573
v -36.333668 -117.582886 186.073013
v -33.873264 -117.139908 186.059296
v -32.539597 -117.557007 183.986298
v -33.666332 -118.417114 181.926987
v -36.126736 -118.860092 181.940704
v -37.460403 -118.442993 184.013702
v -45.000000 52.000000 165.000000
v -43.097885 52.000000 166.381958
v -43.824429 52.000000 168.618042
v -46.175571 52.000000 168.618042
v -46.902111 52.000000 166.381958
v -45.000000 48.000000 166.071793
v -43.097885 48.690979 167.268616
v -43.824429 49.809013 169.205109
v -46.175571 49.809013 169.205109
v -46.902111 48.690979 167.268616
v -45.000000 45.071793 169.000000
v -43.097885 46.268616 169.690979
v -43.824429 48.205109 170.809021
v -46.175571 48.205109 170.809021
v -46.902111 46.268616 169.690979
v -45.000000 44.000000 173.000000
v -43.097885 45.381966 173.000000
v -43.824429 47.618034 173.000000
v -46.175571 47.618034 173.000000
v -46.902115 45.381966 173.000000
v -45.000000 45.071793 177.000000
v -43.097889 46.268616 176.309021
v -43.824429 48.205109 175.190979
v -46.175571 48.205109 175.190979
v -46.902115 46.268616 176.309021
v -45.000000 48.000000 179.928207
v -43.097889 48.690979 178.731384
v -43.824429 49.809013 176.794891
v -46.175571 49.809013 176.794891
v -46.902115 48.690979 178.731384
v -45.000000 52.000000 181.000000
v -43.097889 52.000000 179.618042
v -43.824429 52.000000 177.381958
v -46.175571 52.000000 177.381958
v -46.902115 52.000000 179.618042
v -45.000000 56.000000 179.928207
v -43.097889 55.309013 178.731384
v -43.824429 54.190979 176.794891
v -46.175571 54.190979 176.794891
v -46.902115 55.309013 178.731384
v -45.000000 58.928207 177.000000
v -43.097889 57.731384 176.309021
v -43.824429 55.794891 175.190979
v -46.175571 55.794891 175.190979
v -46.902115 57.731384 176.309021
v -45.000000 60.000000 173.000000
v -43.097885 58.618034 173.000000
v -43.824429 56.381966 173.000000
v -46.175571 56.381966 173.000000
v -46.902115 58.618034 173.000000
v -45.000000 58.928207 169.000000
v -43.097885 57.731384 169.690979
v -43.824429 55.794891 170.809021
v -46.175571 55.794891 170.809021
v -46.902111 57.731384 169.690979
v -45.000000 56.000000 166.071793
v -43.097885 55.309021 167.268616
v -43.824429 54.190987 169.205109
v -46.175571 54.190987 169.205109
v -46.902111 55.309021 167.268616
v -49.465214 64.803230 142.500000
v -49.578415 65.796806 143.500000
v -50.458786 64.690025 143.500000
v -49.578415 65.796806 166.500000
v -49.465214 64.803230 167.500000
v -50.458786 64.690025 166.500000
v -46.521931 38.970360 142.500000
v -47.515503 38.857162 143.500000
v -46.408726 37.976791 143.500000
v -46.521931 38.970360 167.500000
v -46.408726 37.976791 166.500000
v -47.515503 38.857162 166.500000
v -47.478069 65.029640 142.500000
v -46.484497 65.142838 143.500000
v -47.591274 66.023209 143.500000
v -47.478069 65.029640 167.500000
v -47.591274 66.023209 166.500000
v -46.484497 65.142838 166.500000
v -44.534786 39.196770 142.500000
v -44.421585 38.203194 143.500000
v -43.541214 39.309975 143.500000
v -44.534786 39.196770 167.500000
v -43.541214 39.309975 166.500000
v -44.421585 38.203194 166.500000
v -45.000000 -12.000000 176.000000
v -43.097885 -12.000000 177.381958
v -43.824429 -12.000000 179.618042
v -46.175571 -12.000000 179.618042
v -46.902111 -12.000000 177.381958
v -45.000000 -16.000000 177.071793
v -43.097885 -15.309021 178.268616
v -43.824429 -14.190979 180.205109
v -46.175571 -14.190979 180.205109
v -46.902111 -15.309021 178.268616
v -45.000000 -18.928207 180.000000
v -43.097885 -17.731384 180.690979
v -43.824429 -15.794891 181.809021
v -46.175571 -15.794891 181.809021
v -46.902111 -17.731384 180.690979
v -45.000000 -20.000000 184.000000
v -43.097885 -18.618027 184.000000
v -43.824429 -16.381973 184.000000
v -46.175571 -16.381973 184.000000
v -46.902115 -18.618027 184.000000
v -45.000000 -18.928207 188.000000
v -43.097889 -17.731384 187.309021
v -43.824429 -15.794891 186.190979
v -46.175571 -15.794891 186.190979
v -46.902115 -17.731384 187.309021
v -45.000000 -16.000000 190.928207
v -43.097889 -15.309021 189.731384
v -43.824429 -14.190979 187.794891
v -46.175571 -14.190979 187.794891
v -46.902115 -15.309021 189.731384
v -45.000000 -12.000000 192.000000
v -43.097889 -12.000000 190.618042
v -43.824429 -12.000000 188.381958
v -46.175571 -12.000000 188.381958
v -46.902115 -12.000000 190.618042
v -45.000000 -8.000000 190.928207
v -43.097889 -8.690979 189.731384
v -43.824429 -9.809021 187.794891
v -46.175571 -9.809021 187.794891
v -46.902115 -8.690979 189.731384
v -45.000000 -5.071793 188.000000
v -43.097889 -6.268616 187.309021
v -43.824429 -8.205109 186.190979
v -46.175571 -8.205109 186.190979
v -46.902115 -6.268616 187.309021
v -45.000000 -4.000000 184.000000
v -43.097885 -5.381973 184.000000
v -43.824429 -7.618027 184.000000
v -46.175571 -7.618027 184.000000
v -46.902115 -5.381973 184.000000
v -45.000000 -5.071793 180.000000
v -43.097885 -6.268616 180.690979
v -43.824429 -8.205109 181.809021
v -46.175571 -8.205109 181.809021
v -46.902111 -6.268616 180.690979
v -45.000000 -8.000000 177.071793
v -43.097885 -8.690979 178.268616
v -43.824429 -9.809021 180.205109
v -46.175571 -9.809021 180.205109
v -46.902111 -8.690979 178.268616
v -47.659355 1.021729 153.500000
v -47.633179 2.021378 154.500000
v -48.659016 1.047897 154.500000
v -47.633179 2.021378 177.500000
v -47.659355 1.021729 178.500000
v -48.659016 1.047897 177.500000
v -48.339958 -24.969360 153.500000
v -49.339615 -24.943192 154.500000
v -48.366135 -25.969025 154.500000
v -48.339958 -24.969360 178.500000
v -48.366135 -25.969025 177.500000
v -49.339615 -24.943192 177.500000
v -45.660042 0.969360 153.500000
v -44.660385 0.943192 154.500000
v -45.633865 1.969025 154.500000
v -45.660042 0.969360 178.500000
v -45.633865 1.969025 177.500000
v -44.660385 0.943192 177.500000
v -46.340645 -25.021729 153.500000
v -46.366821 -26.021378 154.500000
v -45.340984 -25.047897 154.500000
v -46.340645 -25.021729 178.500000
v -45.340984 -25.047897 177.500000
v -46.366821 -26.021378 177.500000
v -45.000000 -74.000000 162.000000
v -43.097885 -74.000000 163.381958
v -43.824429 -74.000000 165.618042
v -46.175571 -74.000000 165.618042
v -46.902111 -74.000000 163.381958
v -45.000000 -78.000000 163.071793
v -43.097885 -77.309021 164.268616
v -43.824429 -76.190979 166.205109
v -46.175571 -76.190979 166.205109
v -46.902111 -77.309021 164.268616
v -45.000000 -80.928207 166.000000
v -43.097885 -79.731384 166.690979
v -43.824429 -77.794891 167.809021
v -46.175571 -77.794891 167.809021
v -46.902111 -79.731384 166.690979
v -45.000000 -82.000000 170.000000
v -43.097885 -80.618027 170.000000
v -43.824429 -78.381973 170.000000
v -46.175571 -78.381973 170.000000
v -46.902115 -80.618027 170.000000
v -45.000000 -80.928207 174.000000
v -43.097889 -79.731384 173.309021
v -43.824429 -77.794891 172.190979
v -46.175571 -77.794891 172.190979
v -46.902115 -79.731384 173.309021
v -45.000000 -78.000000 176.928207
v -43.097889 -77.309021 175.731384
v -43.824429 -76.190979 173.794891
v -46.175571 -76.190979 173.794891
v -46.902115 -77.309021 175.731384
v -45.000000 -74.000000 178.000000
v -43.097889 -74.000000 176.618042
v -43.824429 -74.000000 174.381958
v -46.175571 -74.000000 174.381958
v -46.902115 -74.000000 176.618042
v -45.000000 -70.000000 176.928207
v -43.097889 -70.690979 175.731384
v -43.824429 -71.809021 173.794891
v -46.175571 -71.809021 173.794891
v -46.902115 -70.690979 175.731384
v -45.000000 -67.071793 174.000000
v -43.097889 -68.268616 173.309021
v -43.824429 -70.205109 172.190979
v -46.175571 -70.205109 172.190979
v -46.902115 -68.268616 173.309021
v -45.000000 -66.000000 170.000000
v -43.097885 -67.381973 170.000000
v -43.824429 -69.618027 170.000000
v -46.175571 -69.618027 170.000000
v -46.902115 -67.381973 170.000000
v -45.000000 -67.071793 166.000000
v -43.097885 -68.268616 166.690979
v -43.824429 -70.205109 167.809021
v -46.175571 -70.205109 167.809021
v -46.902111 -68.268616 166.690979
v -45.000000 -70.000000 163.071793
v -43.097885 -70.690979 164.268616
v -43.824429 -71.809021 166.205109
v -46.175571 -71.809021 166.205109
v -46.902111 -70.690979 164.268616
v -45.897343 -61.008301 139.500000
v -45.736599 -60.021301 140.500000
v -46.884338 -60.847565 140.500000
v -45.736599 -60.021301 163.500000
v -45.897343 -61.008301 164.500000
v -46.884338 -60.847565 163.500000
v -50.076649 -86.670212 139.500000
v -51.063644 -86.509460 140.500000
v -50.237392 -87.657211 140.500000
v -50.076649 -86.670212 164.500000
v -50.237392 -87.657211 163.500000
v -51.063644 -86.509460 163.500000
v -43.923351 -61.329788 139.500000
v -42.936356 -61.490540 140.500000
v -43.762608 -60.342789 140.500000
v -43.923351 -61.329788 164.500000
v -43.762608 -60.342789 163.500000
v -42.936356 -61.490540 163.500000
v -48.102657 -86.991699 139.500000
v -48.263401 -87.978699 140.500000
v -47.115662 -87.152435 140.500000
v -48.102657 -86.991699 164.500000
v -47.115662 -87.152435 163.500000
v -48.263401 -87.978699 163.500000
v -12.000000 160.070557 109.500000
v -12.000000 158.000000 111.500000
v -12.000000 160.070557 120.500000
v -12.000000 158.000000 118.500000
v -3.035275 162.472641 109.500000
v -2.000000 160.679489 111.500000
v -3.035275 162.472641 120.500000
v -2.000000 160.679489 118.500000
v 3.527356 169.035278 109.500000
v 5.320507 168.000000 111.500000
v 3.527356 169.035278 120.500000
v 5.320507 168.000000 118.500000
v 5.929447 178.000000 109.500000
v 8.000000 178.000000 111.500000
v 5.929447 178.000000 120.500000
v 8.000000 178.000000 118.500000
v 3.527356 186.964722 109.500000
v 5.320507 188.000000 111.500000
v 3.527356 186.964722 120.500000
v 5.320507 188.000000 118.500000
v -3.035275 193.527359 109.500000
v -2.000000 195.320511 111.500000
v -3.035275 193.527359 120.500000
v -2.000000 195.320511 118.500000
v -12.000000 195.929443 109.500000
v -12.000000 198.000000 111.500000
v -12.000000 195.929443 120.500000
v -12.000000 198.000000 118.500000
v -20.964725 193.527359 109.500000
v -22.000000 195.320511 111.500000
v -20.964725 193.527359 120.500000
v -22.000000 195.320511 118.500000
v -27.527355 186.964722 109.500000
v -29.320507 188.000000 111.500000
v -27.527355 186.964722 120.500000
v -29.320507 188.000000 118.500000
v -29.929447 178.000000 109.500000
v -32.000000 178.000000 111.500000
v -29.929447 178.000000 120.500000
v -32.000000 178.000000 118.500000
v -27.527355 169.035278 109.500000
v -29.320507 168.000000 111.500000
v -27.527355 169.035278 120.500000
v -29.320507 168.000000 118.500000
v -20.964725 162.472641 109.500000
v -22.000000 160.679489 111.500000
v -20.964725 162.472641 120.500000
v -22.000000 160.679489 118.500000
v -12.000000 166.105835 120.000000
v -12.000000 163.000000 123.000000
v -12.000000 166.105835 166.000000
v -12.000000 163.000000 163.000000
v -6.052916 167.699341 120.000000
v -4.500000 165.009613 123.000000
v -6.052916 167.699341 166.000000
v -4.500000 165.009613 163.000000
v -1.699345 172.052917 120.000000
v 0.990381 170.500000 123.000000
v -1.699345 172.052917 166.000000
v 0.990381 170.500000 163.000000
v -0.105828 178.000000 120.000000
v 3.000000 178.000000 123.000000
v -0.105828 178.000000 166.000000
v 3.000000 178.000000 163.000000
v -1.699345 183.947083 120.000000
v 0.990381 185.500000 123.000000
v -1.699345 183.947083 166.000000
v 0.990381 185.500000 163.000000
v -6.052916 188.300659 120.000000
v -4.500000 190.990387 123.000000
v -6.052916 188.300659 166.000000
v -4.500000 190.990387 163.000000
v -12.000000 189.894165 120.000000
v -12.000000 193.000000 123.000000
v -12.000000 189.894165 166.000000
v -12.000000 193.000000 163.000000
v -17.947084 188.300659 120.000000
v -19.500000 190.990387 123.000000
v -17.947084 188.300659 166.000000
v -19.500000 190.990387 163.000000
v -22.300655 183.947083 120.000000
v -24.990379 185.500000 123.000000
v -22.300655 183.947083 166.000000
v -24.990379 185.500000 163.000000
v -23.894173 178.000000 120.000000
v -27.000000 178.000000 123.000000
v -23.894173 178.000000 166.000000
v -27.000000 178.000000 163.000000
v -22.300655 172.052917 120.000000
v -24.990379 170.500000 123.000000
v -22.300655 172.052917 166.000000
v -24.990379 170.500000 163.000000
v -17.947084 167.699341 120.000000
v -19.500000 165.009613 123.000000
v -17.947084 167.699341 166.000000
v -19.500000 165.009613 163.000000
v -12.000000 160.070557 166.000000
v -12.000000 158.000000 168.000000
v -12.000000 160.070557 178.000000
v -12.000000 158.000000 176.000000
v -3.035275 162.472641 166.000000
v -2.000000 160.679489 168.000000
v -3.035275 162.472641 178.000000
v -2.000000 160.679489 176.000000
v 3.527356 169.035278 166.000000
v 5.320507 168.000000 168.000000
v 3.527356 169.035278 178.000000
v 5.320507 168.000000 176.000000
v 5.929447 178.000000 166.000000
v 8.000000 178.000000 168.000000
v 5.929447 178.000000 178.000000
v 8.000000 178.000000 176.000000
v 3.527356 186.964722 166.000000
v 5.320507 188.000000 168.000000
v 3.527356 186.964722 178.000000
v 5.320507 188.000000 176.000000
v -3.035275 193.527359 166.000000
v -2.000000 195.320511 168.000000
v -3.035275 193.527359 178.000000
v -2.000000 195.320511 176.000000
v -12.000000 195.929443 166.000000
v -12.000000 198.000000 168.000000
v -12.000000 195.929443 178.000000
v -12.000000 198.000000 176.000000
v -20.964725 193.527359 166.000000
v -22.000000 195.320511 168.000000
v -20.964725 193.527359 178.000000
v -22.000000 195.320511 176.000000
v -27.527355 186.964722 166.000000
v -29.320507 188.000000 168.000000
v -27.527355 186.964722 178.000000
v -29.320507 188.000000 176.000000
v -29.929447 178.000000 166.000000
v -32.000000 178.000000 168.000000
v -29.929447 178.000000 178.000000
v -32.000000 178.000000 176.000000
v -27.527355 169.035278 166.000000
v -29.320507 168.000000 168.000000
v -27.527355 169.035278 178.000000
v -29.320507 168.000000 176.000000
v -20.964725 162.472641 166.000000
v -22.000000 160.679489 168.000000
v -20.964725 162.472641 178.000000
v -22.000000 160.679489 176.000000
v 4.000000 179.000000 116.500000
v 4.000000 180.000000 117.500000
v 3.000000 179.000000 117.500000
v 4.000000 180.000000 170.500000
v 4.000000 179.000000 171.500000
v 3.000000 179.000000 170.500000
v 4.000000 177.000000 116.500000
v 3.000000 177.000000 117.500000
v 4.000000 176.000000 117.500000
v 4.000000 177.000000 171.500000
v 4.000000 176.000000 170.500000
v 3.000000 177.000000 170.500000
v 6.000000 179.000000 116.500000
v 7.000000 179.000000 117.500000
v 6.000000 180.000000 117.500000
v 6.000000 179.000000 171.500000
v 6.000000 180.000000 170.500000
v 7.000000 179.000000 170.500000
v 6.000000 177.000000 116.500000
v 6.000000 176.000000 117.500000
v 7.000000 177.000000 117.500000
v 6.000000 177.000000 171.500000
v 7.000000 177.000000 170.500000
v 6.000000 176.000000 170.500000
v -13.000000 162.000000 116.500000
v -13.000000 163.000000 117.500000
v -14.000000 162.000000 117.500000
v -13.000000 163.000000 170.500000
v -13.000000 162.000000 171.500000
v -14.000000 162.000000 170.500000
v -13.000000 160.000000 116.500000
v -14.000000 160.000000 117.500000
v -13.000000 159.000000 117.500000
v -13.000000 160.000000 171.500000
v -13.000000 159.000000 170.500000
v -14.000000 160.000000 170.500000
v -11.000000 162.000000 116.500000
v -10.000000 162.000000 117.500000
v -11.000000 163.000000 117.500000
v -11.000000 162.000000 171.500000
v -11.000000 163.000000 170.500000
v -10.000000 162.000000 170.500000
v -11.000000 160.000000 116.500000
v -11.000000 159.000000 117.500000
v -10.000000 160.000000 117.500000
v -11.000000 160.000000 171.500000
v -10.000000 160.000000 170.500000
v -11.000000 159.000000 170.500000
v -30.000000 179.000000 116.500000
v -30.000000 180.000000 117.500000
v -31.000000 179.000000 117.500000
v -30.000000 180.000000 170.500000
v -30.000000 179.000000 171.500000
v -31.000000 179.000000 170.500000
v -30.000000 177.000000 116.500000
v -31.000000 177.000000 117.500000
v -30.000000 176.000000 117.500000
v -30.000000 177.000000 171.500000
v -30.000000 176.000000 170.500000
v -31.000000 177.000000 170.500000
v -28.000000 179.000000 116.500000
v -27.000000 179.000000 117.500000
v -28.000000 180.000000 117.500000
v -28.000000 179.000000 171.500000
v -28.000000 180.000000 170.500000
v -27.000000 179.000000 170.500000
v -28.000000 177.000000 116.500000
v -28.000000 176.000000 117.500000
v -27.000000 177.000000 117.500000
v -28.000000 177.000000 171.500000
v -27.000000 177.000000 170.500000
v -28.000000 176.000000 170.500000
v -13.000000 196.000000 116.500000
v -13.000000 197.000000 117.500000
v -14.000000 196.000000 117.500000
v -13.000000 197.000000 170.500000
v -13.000000 196.000000 171.500000
v -14.000000 196.000000 170.500000
v -13.000000 194.000000 116.500000
v -14.000000 194.000000 117.500000
v -13.000000 193.000000 117.500000
v -13.000000 194.000000 171.500000
v -13.000000 193.000000 170.500000
v -14.000000 194.000000 170.500000
v -11.000000 196.000000 116.500000
v -10.000000 196.000000 117.500000
v -11.000000 197.000000 117.500000
v -11.000000 196.000000 171.500000
v -11.000000 197.000000 170.500000
v -10.000000 196.000000 170.500000
v -11.000000 194.000000 116.500000
v -11.000000 193.000000 117.500000
v -10.000000 194.000000 117.500000
v -11.000000 194.000000 171.500000
v -10.000000 194.000000 170.500000
v -11.000000 193.000000 170.500000
v -13.500000 198.536209 174.563599
v -10.500000 198.536209 174.563599
v -9.000000 196.000000 174.000000
v -10.500000 193.463791 173.436401
v -13.500000 193.463791 173.436401
v -15.000000 196.000000 174.000000
v -13.500000 191.625687 203.026611
v -10.500000 191.625687 203.026611
v -9.000000 190.000000 201.000000
v -10.500000 188.374313 198.973389
v -13.500000 188.374313 198.973389
v -15.000000 190.000000 201.000000
v -13.500000 164.374313 203.026611
v -10.500000 164.374313 203.026611
v -9.000000 166.000000 201.000000
v -10.500000 167.625687 198.973389
v -13.500000 167.625687 198.973389
v -15.000000 166.000000 201.000000
v -13.500000 157.463791 174.563599
v -10.500000 157.463791 174.563599
v -9.000000 160.000000 174.000000
v -10.500000 162.536209 173.436401
v -13.500000 162.536209 173.436401
v -15.000000 160.000000 174.000000
vn -0.5774 0.5774 -0.5774
vn -0.5774 0.5774 0.5774
vn -0.5774 -0.5774 -0.5774
vn -0.5774 -0.5774 0.5774
vn 0.5774 0.5774 -0.5774
vn 0.5774 0.5774 0.5774
vn 0.5774 -0.5774 -0.5774
vn 0.5774 -0.5774 0.5774
vn -0.7071 -0.0000 -0.7071
vn -0.7071 0.7071 -0.0000
vn -0.7071 -0.0000 0.7071
vn -0.7071 -0.7071 -0.0000
vn -0.0000 -0.7071 -0.7071
vn -0.0000 -0.7071 0.7071
vn 0.7071 -0.7071 -0.0000
vn 0.7071 -0.0000 -0.7071
vn 0.7071 -0.0000 0.7071
vn 0.7071 0.7071 -0.0000
vn -0.0000 0.7071 -0.7071
vn -0.0000 0.7071 0.7071
vn -0.0000 -0.0000 -1.0000
vn -1.0000 -0.0000 -0.0000
vn -0.0000 1.0000 -0.0000
vn -0.0000 -0.0000 1.0000
vn -0.0000 -1.0000 -0.0000
vn 1.0000 -0.0000 -0.0000
vn -0.5774 0.5773 -0.5774
vn -0.5773 0.5774 0.5774
vn -0.5774 -0.5774 -0.5773
vn -0.5773 -0.5774 0.5773
vn 0.5774 0.5773 -0.5774
vn 0.5773 0.5774 0.5774
vn 0.5774 -0.5773 -0.5774
vn 0.5773 -0.5774 0.5774
vn -0.5774 0.5773 0.5774
vn -0.5774 -0.5774 0.5773
vn 0.5774 0.5773 0.5774
vn 0.5774 -0.5773 0.5774
vn -0.5774 0.5773 0.5773
vn -0.5774 -0.5773 0.5773
vn 0.5774 0.5773 0.5773
vn 0.5774 -0.5773 0.5773
vn -0.8819 -0.4714 -0.0000
vn -0.3498 -0.9188 -0.1830
vn -0.3498 -0.9188 0.1830
vn 0.8819 -0.4714 -0.0000
vn 0.3498 -0.9188 0.1830
vn 0.3498 -0.9188 -0.1830
vn -0.8819 -0.3611 -0.3030
vn -0.3498 -0.5862 -0.7308
vn -0.3498 -0.8215 -0.4504
vn 0.8819 -0.3611 -0.3030
vn 0.3498 -0.8215 -0.4504
vn 0.3498 -0.5862 -0.7308
vn -0.8819 -0.0819 -0.4642
vn -0.3498 0.0207 -0.9366
vn -0.3498 -0.3398 -0.8730
vn 0.8819 -0.0819 -0.4642
vn 0.3498 -0.3398 -0.8730
vn 0.3498 0.0207 -0.9366
vn -0.8819 0.2357 -0.4082
vn -0.3498 0.6179 -0.7042
vn -0.3498 0.3009 -0.8872
vn 0.8819 0.2357 -0.4082
vn 0.3498 0.3009 -0.8872
vn 0.3498 0.6179 -0.7042
vn -0.8819 0.4430 -0.1612
vn -0.3498 0.9260 -0.1423
vn -0.3498 0.8008 -0.4862
vn 0.8819 0.4430 -0.1612
vn 0.3498 0.8008 -0.4862
vn 0.3498 0.9260 -0.1422
vn -0.8819 0.4430 0.1612
vn -0.3498 0.8008 0.4862
vn -0.3498 0.9260 0.1422
vn 0.8819 0.4430 0.1612
vn 0.3498 0.9260 0.1423
vn 0.3498 0.8008 0.4862
vn -0.8819 0.2357 0.4082
vn -0.3498 0.3009 0.8872
vn -0.3498 0.6179 0.7042
vn 0.8819 0.2357 0.4082
vn 0.3498 0.6179 0.7042
vn 0.3498 0.3009 0.8872
vn -0.8819 -0.0819 0.4642
vn -0.3498 -0.3398 0.8730
vn -0.3498 0.0207 0.9366
vn 0.8819 -0.0819 0.4642
vn 0.3498 0.0207 0.9366
vn 0.3498 -0.3398 0.8730
vn -0.8819 -0.3611 0.3030
vn -0.3498 -0.8215 0.4504
vn -0.3498 -0.5862 0.7308
vn 0.8819 -0.3611 0.3030
vn 0.3498 -0.5862 0.7308
vn 0.3498 -0.8215 0.4504
vn -0.5773 0.5774 -0.5773
vn -0.5773 0.5774 0.5773
vn -0.5773 -0.5774 -0.5773
vn 0.5773 0.5774 -0.5773
vn 0.5773 0.5774 0.5773
vn 0.5773 -0.5774 -0.5773
vn 0.5773 -0.5774 0.5773
vn 0.3498 0.9260 -0.1423
vn -0.3498 0.9260 0.1423
vn -0.4957 0.1197 0.8602
vn -0.9993 -0.0000 0.0385
vn -0.4917 -0.0000 0.8708
vn 0.4775 -0.0000 0.8786
vn 0.5035 0.0808 0.8602
vn 0.9994 -0.0000 0.0353
vn 0.9992 -0.0391 -0.0001
vn 0.5051 -0.0000 -0.8630
vn 0.4957 -0.1201 -0.8602
vn -0.5035 -0.0811 -0.8602
vn -0.5280 -0.0000 -0.8492
vn -0.9992 0.0389 -0.0000
vn -0.4957 -0.1197 0.8602
vn 0.5035 -0.0808 0.8602
vn 0.9992 0.0391 -0.0001
vn 0.4957 0.1201 -0.8602
vn -0.5035 0.0811 -0.8602
vn -0.9992 -0.0389 -0.0000
vn -0.6162 0.5357 -0.5774
vn -0.6162 0.5357 0.5774
vn -0.5357 -0.6162 -0.5774
vn -0.5357 -0.6162 0.5773
vn 0.5357 0.6162 -0.5774
vn 0.5357 0.6162 0.5774
vn 0.6162 -0.5357 -0.5774
vn 0.6162 -0.5357 0.5774
vn -0.7054 -0.0493 -0.7071
vn -0.7547 0.6561 -0.0000
vn -0.7054 -0.0493 0.7071
vn -0.6561 -0.7547 -0.0000
vn 0.0493 -0.7054 -0.7071
vn 0.0493 -0.7054 0.7071
vn 0.7547 -0.6561 -0.0000
vn 0.7054 0.0493 -0.7071
vn 0.7054 0.0493 0.7071
vn 0.6561 0.7547 -0.0000
vn -0.0493 0.7054 -0.7071
vn -0.0493 0.7054 0.7071
vn -0.9976 -0.0698 -0.0000
vn -0.0698 0.9976 -0.0000
vn 0.0698 -0.9976 -0.0000
vn 0.9976 0.0698 -0.0000
vn -0.8856 -0.4645 -0.0000
vn -0.3524 -0.9211 -0.1654
vn -0.3524 -0.9211 0.1654
vn 0.8856 -0.4645 -0.0000
vn 0.3524 -0.9211 0.1654
vn 0.3524 -0.9211 -0.1654
vn -0.8856 -0.3758 -0.2730
vn -0.3524 -0.6480 -0.6752
vn -0.3524 -0.8424 -0.4077
vn 0.8856 -0.3758 -0.2730
vn 0.3524 -0.8424 -0.4077
vn 0.3524 -0.6480 -0.6752
vn -0.8856 -0.1435 -0.4418
vn -0.3524 -0.1274 -0.9271
vn -0.3524 -0.4419 -0.8249
vn 0.8856 -0.1435 -0.4418
vn 0.3524 -0.4419 -0.8249
vn 0.3524 -0.1274 -0.9271
vn -0.8856 0.1435 -0.4418
vn -0.3524 0.4419 -0.8249
vn -0.3524 0.1274 -0.9271
vn 0.8856 0.1435 -0.4418
vn 0.3524 0.1274 -0.9271
vn 0.3524 0.4419 -0.8249
vn -0.8856 0.3758 -0.2730
vn -0.3524 0.8424 -0.4077
vn -0.3524 0.6480 -0.6752
vn 0.8856 0.3758 -0.2730
vn 0.3524 0.6480 -0.6752
vn 0.3524 0.8424 -0.4077
vn -0.8856 0.4645 -0.0000
vn -0.3524 0.9211 0.1654
vn -0.3524 0.9211 -0.1654
vn 0.8856 0.4645 -0.0000
vn 0.3524 0.9211 -0.1654
vn 0.3524 0.9211 0.1654
vn -0.8856 0.3758 0.2730
vn -0.3524 0.6480 0.6752
vn -0.3524 0.8424 0.4077
vn 0.8856 0.3758 0.2730
vn 0.3524 0.8424 0.4077
vn 0.3524 0.6480 0.6752
vn -0.8856 0.1435 0.4418
vn -0.3524 0.1274 0.9271
vn -0.3524 0.4419 0.8249
vn 0.8856 0.1435 0.4418
vn 0.3524 0.4419 0.8250
vn 0.3524 0.1274 0.9271
vn -0.8856 -0.1435 0.4418
vn -0.3524 -0.4419 0.8249
vn -0.3524 -0.1274 0.9271
vn 0.8856 -0.1435 0.4418
vn 0.3524 -0.1274 0.9271
vn 0.3524 -0.4419 0.8250
vn -0.8856 -0.3758 0.2730
vn -0.3524 -0.8424 0.4077
vn -0.3524 -0.6480 0.6752
vn 0.8856 -0.3758 0.2730
vn 0.3524 -0.6480 0.6752
vn 0.3524 -0.8424 0.4077
vn -0.5357 -0.6162 -0.5773
vn 0.5357 0.6162 -0.5773
vn 0.5357 0.6162 0.5773
vn -0.7547 0.6560 -0.0000
vn -0.6560 -0.7547 -0.0000
vn 0.6560 0.7547 -0.0000
vn -0.5463 0.6068 -0.5774
vn -0.5463 0.6068 0.5774
vn -0.6068 -0.5463 -0.5773
vn -0.6068 -0.5463 0.5773
vn 0.6068 0.5463 -0.5774
vn 0.6068 0.5463 0.5774
vn 0.5463 -0.6068 -0.5774
vn 0.5463 -0.6068 0.5774
vn -0.7061 0.0370 -0.7071
vn -0.6691 0.7431 -0.0000
vn -0.7061 0.0370 0.7071
vn -0.7431 -0.6691 -0.0000
vn -0.0370 -0.7061 -0.7071
vn -0.0370 -0.7061 0.7071
vn 0.6691 -0.7431 -0.0000
vn 0.7061 -0.0370 -0.7071
vn 0.7061 -0.0370 0.7071
vn 0.7431 0.6691 -0.0000
vn 0.0370 0.7061 -0.7071
vn 0.0370 0.7061 0.7071
vn -0.9986 0.0523 -0.0000
vn 0.0523 0.9986 -0.0000
vn -0.0523 -0.9986 -0.0000
vn 0.9986 -0.0523 -0.0000
vn -0.3524 -0.4419 -0.8250
vn 0.3524 -0.4419 -0.8250
vn -0.3524 0.4419 -0.8250
vn 0.3524 0.4419 -0.8250
vn 0.3524 0.4419 0.8249
vn 0.3524 -0.4419 0.8249
vn -0.5464 0.6068 0.5774
vn -0.7062 0.0370 -0.7071
vn -0.7062 0.0370 0.7070
vn -0.7432 -0.6691 -0.0000
vn 0.7062 -0.0370 -0.7071
vn 0.7432 0.6691 -0.0000
vn -0.5971 0.5569 -0.5774
vn -0.5972 0.5568 0.5773
vn -0.5569 -0.5971 -0.5773
vn -0.5569 -0.5971 0.5773
vn 0.5569 0.5971 -0.5773
vn 0.5569 0.5971 0.5773
vn 0.5971 -0.5568 -0.5774
vn 0.5971 -0.5568 0.5774
vn -0.7067 -0.0247 -0.7071
vn -0.7314 0.6820 -0.0000
vn -0.7067 -0.0247 0.7071
vn -0.6820 -0.7314 -0.0000
vn 0.0247 -0.7067 -0.7071
vn 0.0247 -0.7067 0.7071
vn 0.7314 -0.6820 -0.0000
vn 0.7067 0.0247 -0.7071
vn 0.7067 0.0247 0.7071
vn 0.6820 0.7314 -0.0000
vn -0.0247 0.7067 -0.7071
vn -0.0247 0.7067 0.7071
vn -0.9994 -0.0349 -0.0000
vn -0.0349 0.9994 -0.0000
vn 0.0349 -0.9994 -0.0000
vn 0.9994 0.0349 -0.0000
vn -0.3524 0.4419 0.8250
vn -0.3524 -0.4419 0.8250
vn -0.5971 0.5569 0.5774
vn -0.5568 -0.5972 -0.5773
vn -0.5568 -0.5972 0.5773
vn 0.5568 0.5972 -0.5774
vn 0.5568 0.5972 0.5774
vn -0.7066 -0.0247 0.7071
vn 0.7066 0.0247 0.7071
vn -0.6068 -0.5463 -0.5774
vn -0.6068 -0.5463 0.5774
vn 0.5463 -0.6068 -0.5773
vn 0.5463 -0.6068 0.5773
vn -0.3524 0.9211 -0.1653
vn -0.3524 0.1274 0.9272
vn 0.3524 -0.1274 0.9272
vn -0.5463 0.6068 -0.5773
vn -0.5463 0.6068 0.5773
vn -0.6067 -0.5464 -0.5774
vn -0.6067 -0.5464 0.5774
vn 0.6068 0.5464 -0.5773
vn 0.6068 0.5464 0.5773
vn -0.0370 -0.7062 -0.7071
vn -0.0370 -0.7062 0.7071
vn 0.0370 0.7062 -0.7071
vn 0.0370 0.7062 0.7071
vn -0.6068 0.5463 -0.5774
vn -0.6068 0.5463 0.5774
vn -0.5463 -0.6068 -0.5774
vn -0.5463 -0.6068 0.5774
vn 0.5463 0.6068 -0.5774
vn 0.5463 0.6068 0.5774
vn 0.6068 -0.5463 -0.5773
vn 0.6068 -0.5463 0.5773
vn -0.7061 -0.0370 -0.7071
vn -0.7431 0.6691 -0.0000
vn -0.7061 -0.0370 0.7071
vn -0.6691 -0.7431 -0.0000
vn 0.0370 -0.7061 -0.7071
vn 0.0370 -0.7061 0.7071
vn 0.7431 -0.6691 -0.0000
vn 0.7061 0.0370 -0.7071
vn 0.7061 0.0370 0.7071
vn 0.6691 0.7431 -0.0000
vn -0.0370 0.7061 -0.7071
vn -0.0370 0.7061 0.7071
vn -0.9986 -0.0523 -0.0000
vn -0.0523 0.9986 -0.0000
vn 0.0523 -0.9986 -0.0000
vn 0.9986 0.0523 -0.0000
vn -0.6067 0.5464 -0.5774
vn -0.6067 0.5464 0.5774
vn 0.6067 -0.5464 -0.5774
vn 0.6067 -0.5464 0.5774
vn -0.7062 -0.0370 -0.7071
vn -0.7062 -0.0370 0.7071
vn 0.7062 0.0370 -0.7071
vn 0.7062 0.0370 0.7071
vn -0.5972 0.5568 -0.5774
vn -0.5972 0.5568 0.5774
vn -0.5568 -0.5971 -0.5774
vn -0.5568 -0.5971 0.5774
vn 0.5568 0.5971 -0.5774
vn 0.5568 0.5971 0.5774
vn -0.4746 0.5883 0.6546
vn -0.9841 0.0458 0.1716
vn -0.4332 0.1676 0.8856
vn 0.4475 0.1512 0.8814
vn 0.5200 0.5488 0.6545
vn 0.9878 0.0081 0.1558
vn 0.9991 -0.0430 0.0005
vn 0.5707 -0.1642 -0.8046
vn 0.4753 -0.5979 -0.6454
vn -0.5213 -0.5578 -0.6459
vn -0.6042 -0.1395 -0.7845
vn -0.9993 0.0374 0.0007
vn -0.6016 0.2524 0.7579
vn 0.6293 0.2451 0.7375
vn 0.9762 -0.0660 -0.2066
vn 0.4189 -0.2823 -0.8630
vn -0.4413 -0.2790 -0.8529
vn -0.9817 -0.0578 -0.1813
vn -0.9999 0.0157 0.0062
vn -0.4857 0.7367 0.4706
vn 0.5108 0.7245 0.4629
vn 0.9999 -0.0088 -0.0098
vn 0.4843 -0.7278 -0.4856
vn -0.5094 -0.7158 -0.4776
vn -0.9909 0.1350 -0.0001
vn -0.5580 0.0073 0.8298
vn -0.5210 -0.1215 0.8449
vn 0.4966 -0.0483 0.8667
vn 0.4696 -0.2569 0.8447
vn 0.9908 -0.1355 0.0001
vn 0.9973 -0.0503 -0.0541
vn 0.5210 0.1208 -0.8450
vn 0.4651 -0.0014 -0.8853
vn -0.4697 0.2557 -0.8450
vn -0.4830 0.0473 -0.8743
vn -0.9961 0.0532 -0.0697
vn -0.9987 -0.0091 0.0508
vn -0.4792 -0.0267 0.8773
vn 0.4704 -0.0196 0.8822
vn 0.9973 0.0056 0.0734
vn 0.5449 0.0259 -0.8381
vn -0.5126 0.0182 -0.8585
vn -0.5735 -0.0126 0.8191
vn 0.4999 0.0762 0.8627
vn 0.9941 0.0775 -0.0755
vn 0.4563 0.0008 -0.8898
vn -0.4746 -0.0739 -0.8771
vn -0.9924 -0.0837 -0.0900
vn -0.9842 -0.1768 0.0052
vn -0.5332 0.1682 0.8291
vn 0.4503 0.3460 0.8232
vn 0.9840 0.1781 -0.0052
vn 0.5330 -0.1664 -0.8296
vn -0.4507 -0.3430 -0.8241
vn 0.5745 -0.2119 -0.7906
vn 0.9478 0.0825 0.3080
vn -0.0000 0.2588 0.9659
vn -0.9478 0.0825 0.3080
vn -0.5744 -0.2119 -0.7906
vn 0.5744 -0.5788 -0.5788
vn 0.9478 0.2254 0.2254
vn -0.9478 0.2254 0.2254
vn -0.5744 -0.5788 -0.5788
vn 0.5744 -0.7907 -0.2119
vn 0.9478 0.3080 0.0825
vn -0.0000 0.9659 0.2588
vn -0.9478 0.3080 0.0825
vn -0.5744 -0.7907 -0.2119
vn 0.5744 -0.7907 0.2119
vn 0.9478 0.3080 -0.0825
vn -0.0000 0.9659 -0.2588
vn -0.9478 0.3080 -0.0825
vn -0.5744 -0.7907 0.2119
vn 0.5744 -0.5788 0.5788
vn 0.9478 0.2254 -0.2254
vn -0.9478 0.2254 -0.2254
vn -0.5744 -0.5788 0.5788
vn 0.5744 -0.2119 0.7907
vn 0.9478 0.0825 -0.3080
vn -0.0000 0.2588 -0.9659
vn -0.9478 0.0825 -0.3080
vn -0.5744 -0.2119 0.7907
vn 0.5744 0.2119 0.7907
vn 0.9478 -0.0825 -0.3080
vn -0.0000 -0.2588 -0.9659
vn -0.9478 -0.0825 -0.3080
vn -0.5744 0.2119 0.7907
vn 0.5744 0.5788 0.5788
vn 0.9478 -0.2254 -0.2254
vn -0.9478 -0.2254 -0.2254
vn -0.5744 0.5788 0.5788
vn 0.5744 0.7907 0.2119
vn 0.9478 -0.3080 -0.0825
vn -0.0000 -0.9659 -0.2588
vn -0.9478 -0.3080 -0.0825
vn -0.5744 0.7907 0.2119
vn 0.5744 0.7907 -0.2119
vn 0.9478 -0.3080 0.0825
vn -0.0000 -0.9659 0.2588
vn -0.9478 -0.3080 0.0825
vn -0.5744 0.7907 -0.2119
vn 0.5744 0.5788 -0.5788
vn 0.9478 -0.2254 0.2254
vn -0.9478 -0.2254 0.2254
vn -0.5744 0.5788 -0.5788
vn 0.5744 0.2119 -0.7907
vn 0.9478 -0.0825 0.3080
vn -0.0000 -0.2588 0.9659
vn -0.9478 -0.0825 0.3080
vn -0.5744 0.2119 -0.7907
vn -0.6390 0.5083 -0.5773
vn -0.6390 0.5083 0.5773
vn -0.5083 -0.6390 -0.5773
vn -0.5083 -0.6390 0.5773
vn 0.5083 0.6390 -0.5773
vn 0.5083 0.6390 0.5773
vn 0.6390 -0.5083 -0.5773
vn 0.6390 -0.5083 0.5773
vn -0.7026 -0.0800 -0.7071
vn -0.7826 0.6225 -0.0000
vn -0.7026 -0.0800 0.7071
vn -0.6225 -0.7826 -0.0000
vn 0.0800 -0.7026 -0.7071
vn 0.0800 -0.7026 0.7071
vn 0.7826 -0.6225 -0.0000
vn 0.7026 0.0800 -0.7071
vn 0.7026 0.0800 0.7071
vn 0.6225 0.7826 -0.0000
vn -0.0800 0.7026 -0.7071
vn -0.0800 0.7026 0.7071
vn -0.9936 -0.1132 -0.0000
vn -0.1132 0.9936 -0.0000
vn 0.1132 -0.9936 -0.0000
vn 0.9936 0.1132 -0.0000
vn 0.5744 -0.2119 -0.7907
vn 0.5745 0.2119 0.7906
vn -0.5744 0.2119 0.7906
vn -0.5620 0.5923 -0.5773
vn -0.5620 0.5923 0.5773
vn -0.5923 -0.5620 -0.5774
vn -0.5923 -0.5620 0.5774
vn 0.5923 0.5620 -0.5774
vn 0.5923 0.5620 0.5774
vn 0.5620 -0.5923 -0.5773
vn 0.5620 -0.5923 0.5773
vn -0.7069 0.0185 -0.7071
vn -0.6884 0.7254 -0.0000
vn -0.7069 0.0185 0.7071
vn -0.7254 -0.6884 -0.0000
vn -0.0185 -0.7069 -0.7071
vn -0.0185 -0.7069 0.7071
vn 0.6884 -0.7254 -0.0000
vn 0.7069 -0.0185 -0.7071
vn 0.7069 -0.0185 0.7071
vn 0.7254 0.6884 -0.0000
vn 0.0185 0.7069 -0.7071
vn 0.0185 0.7069 0.7071
vn -0.9997 0.0262 -0.0000
vn 0.0262 0.9997 -0.0000
vn -0.0262 -0.9997 -0.0000
vn 0.9997 -0.0262 -0.0000
vn 0.5744 -0.2119 0.7906
vn 0.5745 0.5788 -0.5788
vn 0.5744 0.2119 -0.7906
vn -0.4770 0.6626 -0.5773
vn -0.4770 0.6626 0.5773
vn -0.6627 -0.4770 -0.5773
vn -0.6627 -0.4770 0.5773
vn 0.6627 0.4770 -0.5773
vn 0.6627 0.4770 0.5773
vn 0.4770 -0.6626 -0.5773
vn 0.4770 -0.6626 0.5773
vn -0.6979 0.1137 -0.7071
vn -0.5843 0.8116 -0.0000
vn -0.6979 0.1137 0.7071
vn -0.8116 -0.5842 -0.0000
vn -0.1137 -0.6979 -0.7071
vn -0.1137 -0.6979 0.7071
vn 0.5843 -0.8116 -0.0000
vn 0.6979 -0.1137 -0.7071
vn 0.6979 -0.1137 0.7071
vn 0.8116 0.5842 -0.0000
vn 0.1137 0.6979 -0.7071
vn 0.1137 0.6979 0.7071
vn -0.9870 0.1607 -0.0000
vn 0.1607 0.9870 -0.0000
vn -0.1607 -0.9870 -0.0000
vn 0.9870 -0.1607 -0.0000
vn -0.0000 -0.4257 -0.9049
vn 0.4647 -0.8048 -0.3692
vn -0.0000 -0.9293 -0.3692
vn 0.4647 -0.8048 0.3692
vn -0.0000 -0.4257 0.9048
vn -0.0000 -0.9293 0.3692
vn 0.2129 -0.3687 -0.9048
vn 0.8048 -0.4647 -0.3692
vn 0.3687 -0.2129 0.9048
vn 0.8048 -0.4647 0.3692
vn 0.3687 -0.2129 -0.9049
vn 0.9293 -0.0000 -0.3692
vn 0.4257 -0.0000 0.9048
vn 0.9293 -0.0000 0.3692
vn 0.4257 -0.0000 -0.9048
vn 0.8048 0.4647 -0.3692
vn 0.3687 0.2129 0.9048
vn 0.8048 0.4647 0.3692
vn 0.3687 0.2129 -0.9049
vn 0.4647 0.8048 -0.3692
vn 0.2129 0.3687 0.9049
vn 0.4647 0.8048 0.3692
vn 0.2129 0.3687 -0.9048
vn -0.0000 0.9293 -0.3692
vn -0.0000 0.9293 0.3692
vn -0.2129 0.3687 -0.9048
vn -0.4647 0.8048 -0.3692
vn -0.2129 0.3687 0.9049
vn -0.4647 0.8048 0.3692
vn -0.3687 0.2129 -0.9049
vn -0.8048 0.4647 -0.3692
vn -0.3687 0.2129 0.9048
vn -0.8048 0.4647 0.3692
vn -0.9293 -0.0000 -0.3692
vn -0.4257 -0.0000 0.9048
vn -0.9293 -0.0000 0.3692
vn -0.4257 -0.0000 -0.9048
vn -0.8048 -0.4647 -0.3692
vn -0.3687 -0.2129 0.9048
vn -0.8048 -0.4647 0.3692
vn -0.3687 -0.2129 -0.9049
vn -0.4647 -0.8048 -0.3692
vn -0.2129 -0.3687 0.9049
vn -0.4647 -0.8048 0.3692
vn 0.4647 -0.8048 -0.3693
vn -0.0000 -0.9293 -0.3693
vn 0.2129 -0.3687 0.9049
vn -0.0000 -0.9293 0.3693
vn 0.4647 -0.8048 0.3693
vn 0.8048 -0.4647 -0.3693
vn 0.8048 -0.4647 0.3693
vn 0.9293 -0.0000 -0.3693
vn 0.4257 -0.0000 0.9049
vn 0.9293 -0.0000 0.3693
vn 0.8048 0.4647 -0.3693
vn 0.8048 0.4647 0.3693
vn 0.4647 0.8048 -0.3693
vn 0.4647 0.8048 0.3693
vn -0.0000 0.9293 -0.3693
vn -0.0000 0.9293 0.3693
vn -0.4647 0.8048 -0.3693
vn -0.8048 0.4647 -0.3693
vn -0.8048 0.4647 0.3693
vn -0.9293 -0.0000 -0.3693
vn -0.4257 -0.0000 0.9049
vn -0.9293 -0.0000 0.3693
vn -0.8048 -0.4647 -0.3693
vn -0.8048 -0.4647 0.3693
vn -0.2129 -0.3687 -0.9048
vn -0.4647 -0.8048 0.3693
vn 0.3687 -0.2129 -0.9048
vn 0.3687 0.2129 -0.9048
vn -0.0000 0.4257 -0.9049
vn -0.3687 0.2129 -0.9048
vn -0.3687 -0.2129 -0.9048
vn -0.4946 0.8458 0.1999
vn -0.9788 0.1234 0.1637
vn -0.4299 0.5585 0.7094
vn 0.4299 0.5585 0.7094
vn 0.4946 0.8458 0.1999
vn 0.9788 0.1234 0.1637
vn 1.0000 -0.0047 0.0051
vn 0.6175 -0.4960 -0.6105
vn 0.4969 -0.8511 -0.1696
vn -0.6175 -0.4960 -0.6105
vn -0.4969 -0.8511 -0.1696
vn -1.0000 -0.0047 0.0051
vn -0.4299 -0.5585 0.7094
vn 0.4299 -0.5585 0.7094
vn 0.9788 -0.1234 0.1637
vn 0.6175 0.4960 -0.6105
vn -0.6175 0.4960 -0.6105
vn -0.9788 -0.1234 0.1637
vn -0.4946 -0.8458 0.1999
vn 0.4946 -0.8458 0.1999
vn 1.0000 0.0047 0.0051
vn 0.4969 0.8511 -0.1696
vn -0.4969 0.8511 -0.1696
vn -1.0000 0.0047 0.0051
vn -0.7053 -0.0493 0.7071
vn 0.7547 -0.6560 -0.0000
vn 0.7053 0.0493 0.7071
vn -0.0493 0.7053 -0.7072
vn -0.7061 0.0370 0.7072
vn 0.7062 -0.0370 0.7071
vn -0.7066 -0.0247 -0.7071
vn 0.7066 0.0247 -0.7071
vn 0.7061 -0.0370 0.7072
vn 0.0370 0.7061 -0.7072
vn -0.7061 -0.0370 0.7072
vn 0.0370 -0.7062 -0.7071
vn 0.0370 -0.7062 0.7071
vn 0.7061 0.0370 0.7072
vn -0.5744 -0.2119 -0.7907
vn -0.7025 -0.0800 0.7071
vn 0.0801 -0.7026 0.7071
vn 0.7025 0.0800 0.7071
vn -0.0801 0.7026 0.7071
vn 0.5744 -0.2119 -0.7906
vn -0.5745 -0.5788 -0.5788
vn -0.5744 -0.2119 0.7906
vn 0.5744 0.2119 0.7906
vn -0.5745 0.2119 0.7906
vn -0.5745 0.5788 -0.5788
vn -0.5744 0.2119 -0.7906
vn -0.0000 0.4257 0.9048
vt 0.166667 0.708333
vt 0.125000 0.708333
vt 0.166667 0.750000
vt 0.620599 0.000000
vt 0.620599 0.041667
vt 0.625000 0.041667
vt 0.166667 0.541667
vt 0.166667 0.500000
vt 0.125000 0.541667
vt 0.625000 0.236111
vt 0.620599 0.208333
vt 0.620599 0.281250
vt 0.333333 0.708333
vt 0.356367 0.770833
vt 0.378301 0.708333
vt 0.645833 0.750000
vt 0.620599 0.718750
vt 0.620599 0.791667
vt 0.333333 0.541667
vt 0.378301 0.541667
vt 0.356367 0.479167
vt 0.645833 0.500000
vt 0.620599 0.458333
vt 0.620599 0.531250
vt 0.379401 0.041667
vt 0.379401 0.000000
vt 0.379401 0.291667
vt 0.625000 0.958333
vt 0.379401 0.208333
vt 0.379401 0.958333
vt 0.833333 0.541667
vt 0.149038 0.725962
vt 0.125000 0.725962
vt 0.149038 0.750000
vt 0.572917 0.000000
vt 0.572917 0.024038
vt 0.625000 0.024038
vt 0.149038 0.524038
vt 0.149038 0.500000
vt 0.125000 0.524038
vt 0.625000 0.241987
vt 0.572917 0.225962
vt 0.572917 0.268029
vt 0.350962 0.725962
vt 0.389022 0.762019
vt 0.414063 0.725962
vt 0.637019 0.750000
vt 0.572917 0.731971
vt 0.572917 0.774038
vt 0.350962 0.524038
vt 0.414062 0.524038
vt 0.389022 0.487981
vt 0.637019 0.500000
vt 0.572917 0.475962
vt 0.572917 0.518029
vt 0.427083 0.024038
vt 0.427083 0.000000
vt 0.427083 0.274038
vt 0.625000 0.975962
vt 0.427083 0.225962
vt 0.427083 0.975962
vt 0.850962 0.524038
vt 0.162500 0.742500
vt 0.125000 0.742500
vt 0.162500 0.750000
vt 0.622794 0.000000
vt 0.622794 0.007500
vt 0.625000 0.007500
vt 0.162500 0.507500
vt 0.162500 0.500000
vt 0.125000 0.507500
vt 0.625000 0.257500
vt 0.622794 0.242500
vt 0.622794 0.278125
vt 0.337500 0.742500
vt 0.357353 0.768750
vt 0.376654 0.742500
vt 0.643750 0.765000
vt 0.622794 0.744375
vt 0.622794 0.787500
vt 0.337500 0.507500
vt 0.376654 0.507500
vt 0.357353 0.481250
vt 0.643750 0.485000
vt 0.622794 0.462500
vt 0.622794 0.505625
vt 0.377206 0.007500
vt 0.377206 0.000000
vt 0.377206 0.287500
vt 0.625000 0.962500
vt 0.377206 0.242500
vt 0.377206 0.962500
vt 0.837500 0.507500
vt 0.622794 0.278125
vt 0.376654 0.742500
vt 0.357353 0.481250
vt 0.622794 0.505625
vt 0.750000 0.447433
vt 0.787588 0.476319
vt 0.712412 0.476319
vt 0.250000 0.447433
vt 0.212412 0.476319
vt 0.287588 0.476319
vt 0.876907 0.401242
vt 0.924269 0.399210
vt 0.866681 0.447531
vt 0.376907 0.401242
vt 0.366681 0.447531
vt 0.424269 0.399210
vt 0.944433 0.284284
vt 0.979408 0.252283
vt 0.966354 0.326317
vt 0.444433 0.284284
vt 0.466354 0.326317
vt 0.479408 0.252283
vt 0.920982 0.151284
vt 0.927204 0.104288
vt 0.964792 0.169392
vt 0.420982 0.151284
vt 0.464792 0.169392
vt 0.427204 0.104288
vt 0.817526 0.064474
vt 0.792085 0.024474
vt 0.862727 0.050185
vt 0.317526 0.064474
vt 0.362727 0.050185
vt 0.292085 0.024474
vt 0.682474 0.064474
vt 0.637273 0.050185
vt 0.707915 0.024474
vt 0.182474 0.064474
vt 0.207915 0.024474
vt 0.137273 0.050185
vt 0.579018 0.151284
vt 0.535208 0.169392
vt 0.572796 0.104288
vt 0.079018 0.151284
vt 0.072796 0.104288
vt 0.035208 0.169392
vt 0.555567 0.284284
vt 0.533646 0.326317
vt 0.520592 0.252283
vt 0.055567 0.284284
vt 0.020592 0.252283
vt 0.033646 0.326317
vt 0.623093 0.401242
vt 0.633319 0.447531
vt 0.575731 0.399210
vt 0.123093 0.401242
vt 0.075731 0.399210
vt 0.133319 0.447531
vt 0.000000 0.625000
vt 0.027072 0.875000
vt 0.027072 0.625000
vt 0.915961 0.875000
vt 0.861817 0.625000
vt 0.861817 0.875000
vt 0.804850 0.875000
vt 0.750706 0.625000
vt 0.750706 0.875000
vt 0.693739 0.875000
vt 0.639594 0.625000
vt 0.639594 0.875000
vt 0.582628 0.875000
vt 0.528483 0.625000
vt 0.528483 0.875000
vt 0.471517 0.875000
vt 0.417372 0.625000
vt 0.417372 0.875000
vt 0.360406 0.875000
vt 0.306261 0.625000
vt 0.306261 0.875000
vt 0.249295 0.875000
vt 0.195150 0.625000
vt 0.195150 0.875000
vt 0.138183 0.875000
vt 0.084039 0.625000
vt 0.084039 0.875000
vt 0.915961 0.625000
vt 0.972928 0.875000
vt 0.972928 0.625000
vt 0.804850 0.625000
vt 0.693739 0.625000
vt 0.582628 0.625000
vt 0.471517 0.625000
vt 0.360406 0.625000
vt 0.249295 0.625000
vt 0.138183 0.625000
vt 0.620599 0.281250
vt 0.378301 0.708333
vt 0.378301 0.541667
vt 0.620599 0.531250
vt 0.572917 0.268029
vt 0.414062 0.725962
vt 0.414062 0.524038
vt 0.389022 0.487981
vt 0.572917 0.518029
vt 0.181818 0.745000
vt 0.125000 0.745000
vt 0.181818 0.750000
vt 0.618902 0.000000
vt 0.618903 0.005000
vt 0.625000 0.005000
vt 0.181818 0.505000
vt 0.181818 0.500000
vt 0.125000 0.505000
vt 0.625000 0.265606
vt 0.618902 0.245000
vt 0.618902 0.292614
vt 0.318182 0.745000
vt 0.349640 0.778409
vt 0.379573 0.745000
vt 0.653409 0.775909
vt 0.618902 0.746250
vt 0.618903 0.806818
vt 0.318182 0.505000
vt 0.379573 0.505000
vt 0.349640 0.471591
vt 0.653409 0.474091
vt 0.618902 0.443182
vt 0.618902 0.503750
vt 0.381098 0.005000
vt 0.381098 0.000000
vt 0.381098 0.306818
vt 0.625000 0.943182
vt 0.381098 0.245000
vt 0.381098 0.943182
vt 0.818182 0.505000
vt 0.180556 0.739583
vt 0.125000 0.739583
vt 0.180556 0.750000
vt 0.622396 0.000000
vt 0.622396 0.010417
vt 0.625000 0.010417
vt 0.180556 0.510417
vt 0.180556 0.500000
vt 0.125000 0.510417
vt 0.625000 0.261574
vt 0.622396 0.239583
vt 0.622396 0.291667
vt 0.319444 0.739583
vt 0.348524 0.777778
vt 0.376953 0.739583
vt 0.652778 0.772569
vt 0.622396 0.742187
vt 0.622396 0.805556
vt 0.319444 0.510417
vt 0.376953 0.510417
vt 0.348524 0.472222
vt 0.652778 0.477431
vt 0.622396 0.444444
vt 0.622396 0.507812
vt 0.377604 0.010417
vt 0.377604 0.000000
vt 0.377604 0.305556
vt 0.625000 0.944444
vt 0.377604 0.239583
vt 0.377604 0.944444
vt 0.819444 0.510417
vt 0.622396 0.507813
vt 0.348524 0.472222
vt 0.161765 0.745719
vt 0.125000 0.745719
vt 0.161765 0.750000
vt 0.583333 0.000000
vt 0.583333 0.004281
vt 0.625000 0.004281
vt 0.161765 0.504281
vt 0.161765 0.500000
vt 0.125000 0.504281
vt 0.625000 0.259401
vt 0.583333 0.245719
vt 0.583333 0.277574
vt 0.338235 0.745719
vt 0.377451 0.768382
vt 0.406250 0.745719
vt 0.643382 0.766242
vt 0.583333 0.746789
vt 0.583333 0.786765
vt 0.338235 0.504281
vt 0.406250 0.504281
vt 0.377451 0.481618
vt 0.643382 0.483758
vt 0.583333 0.463235
vt 0.583333 0.503211
vt 0.416667 0.004281
vt 0.416667 0.000000
vt 0.416667 0.286765
vt 0.625000 0.963235
vt 0.416667 0.245719
vt 0.416667 0.963235
vt 0.838235 0.504281
vt 0.580357 0.000000
vt 0.580357 0.004281
vt 0.580357 0.245719
vt 0.580357 0.277574
vt 0.378939 0.768382
vt 0.408482 0.745719
vt 0.580357 0.746789
vt 0.580357 0.786765
vt 0.408482 0.504281
vt 0.378939 0.481618
vt 0.580357 0.463235
vt 0.580357 0.503211
vt 0.419643 0.004281
vt 0.419643 0.000000
vt 0.419643 0.286765
vt 0.419643 0.245719
vt 0.419643 0.963235
vt 0.161765 0.705357
vt 0.125000 0.705357
vt 0.619318 0.000000
vt 0.619318 0.044643
vt 0.625000 0.044643
vt 0.161765 0.544643
vt 0.125000 0.544643
vt 0.625000 0.232493
vt 0.619318 0.205357
vt 0.619318 0.277574
vt 0.338235 0.705357
vt 0.359459 0.768382
vt 0.379261 0.705357
vt 0.643382 0.746061
vt 0.619318 0.716518
vt 0.619318 0.786765
vt 0.338235 0.544643
vt 0.379261 0.544643
vt 0.359459 0.481618
vt 0.643382 0.503939
vt 0.619318 0.463235
vt 0.619318 0.533482
vt 0.380682 0.044643
vt 0.380682 0.000000
vt 0.380682 0.286765
vt 0.380682 0.205357
vt 0.380682 0.963235
vt 0.838235 0.544643
vt 0.619318 0.277574
vt 0.379261 0.705357
vt 0.619318 0.716518
vt 0.359459 0.481618
vt 0.619318 0.533482
vt 0.131696 0.727273
vt 0.125000 0.727273
vt 0.131696 0.750000
vt 0.567308 0.000000
vt 0.567308 0.022727
vt 0.625000 0.022727
vt 0.131696 0.522727
vt 0.131696 0.500000
vt 0.125000 0.522727
vt 0.625000 0.237081
vt 0.567308 0.227273
vt 0.567308 0.255022
vt 0.368304 0.727273
vt 0.400498 0.753348
vt 0.418269 0.727273
vt 0.628348 0.741985
vt 0.567308 0.732955
vt 0.567308 0.756696
vt 0.368304 0.522727
vt 0.418269 0.522727
vt 0.400498 0.496652
vt 0.628348 0.508015
vt 0.567308 0.493304
vt 0.567308 0.517045
vt 0.432692 0.022727
vt 0.432692 0.000000
vt 0.432692 0.256696
vt 0.625000 0.993304
vt 0.432692 0.227273
vt 0.432692 0.993304
vt 0.868304 0.522727
vt 0.567308 0.255022
vt 0.567308 0.732955
vt 0.400498 0.496652
vt 0.000000 1.000000
vt 0.500000 0.833333
vt 0.500000 1.000000
vt 0.000000 0.000000
vt 0.500000 0.166667
vt 0.000000 0.166667
vt 0.500000 0.333333
vt 0.000000 0.333333
vt 0.500000 0.500000
vt 0.000000 0.500000
vt 0.000000 0.666667
vt 0.500000 0.666667
vt 0.000000 0.833333
vt 1.000000 1.000000
vt 1.000000 0.000000
vt 1.000000 0.166667
vt 1.000000 0.333333
vt 1.000000 0.500000
vt 1.000000 0.666667
vt 1.000000 0.833333
vt 0.187500 0.743140
vt 0.125000 0.743140
vt 0.187500 0.750000
vt 0.595395 0.000000
vt 0.595395 0.006860
vt 0.625000 0.006860
vt 0.187500 0.506860
vt 0.187500 0.500000
vt 0.125000 0.506860
vt 0.625000 0.266260
vt 0.595395 0.243140
vt 0.595395 0.296875
vt 0.312500 0.743140
vt 0.358553 0.781250
vt 0.397204 0.743140
vt 0.656250 0.777820
vt 0.595395 0.744855
vt 0.595395 0.812500
vt 0.312500 0.506860
vt 0.397204 0.506860
vt 0.358553 0.468750
vt 0.656250 0.472180
vt 0.595395 0.437500
vt 0.595395 0.505145
vt 0.404605 0.006860
vt 0.404605 0.000000
vt 0.404605 0.312500
vt 0.625000 0.937500
vt 0.404605 0.243140
vt 0.404605 0.937500
vt 0.812500 0.506860
vt 0.187500 0.748214
vt 0.125000 0.748214
vt 0.614583 0.000000
vt 0.614583 0.001786
vt 0.625000 0.001786
vt 0.187500 0.501786
vt 0.125000 0.501786
vt 0.625000 0.269643
vt 0.614583 0.248214
vt 0.614583 0.296875
vt 0.312500 0.748214
vt 0.348958 0.781250
vt 0.382812 0.748214
vt 0.656250 0.780357
vt 0.614583 0.748661
vt 0.614583 0.812500
vt 0.312500 0.501786
vt 0.382812 0.501786
vt 0.348958 0.468750
vt 0.656250 0.469643
vt 0.614583 0.437500
vt 0.614583 0.501339
vt 0.385417 0.001786
vt 0.385417 0.000000
vt 0.385417 0.312500
vt 0.385417 0.248214
vt 0.385417 0.937500
vt 0.812500 0.501786
vt 0.187500 0.746711
vt 0.125000 0.746710
vt 0.621212 0.000000
vt 0.621212 0.003289
vt 0.625000 0.003289
vt 0.187500 0.503290
vt 0.125000 0.503289
vt 0.625000 0.268640
vt 0.621212 0.246711
vt 0.621212 0.296875
vt 0.312500 0.746711
vt 0.345644 0.781250
vt 0.377841 0.746711
vt 0.656250 0.779605
vt 0.621212 0.747533
vt 0.621212 0.812500
vt 0.312500 0.503289
vt 0.377841 0.503289
vt 0.345644 0.468750
vt 0.656250 0.470395
vt 0.621212 0.437500
vt 0.621212 0.502467
vt 0.378788 0.003289
vt 0.378788 0.000000
vt 0.378788 0.312500
vt 0.378788 0.246711
vt 0.378788 0.937500
vt 0.812500 0.746711
vt 0.812500 0.503289
vt 0.750000 0.454671
vt 0.781955 0.479617
vt 0.718045 0.479617
vt 0.250000 0.454671
vt 0.218044 0.479617
vt 0.281955 0.479617
vt 0.870302 0.415582
vt 0.910818 0.416981
vt 0.859113 0.454547
vt 0.370302 0.415582
vt 0.359113 0.454547
vt 0.410818 0.416981
vt 0.944653 0.313247
vt 0.978254 0.290564
vt 0.958504 0.351347
vt 0.444654 0.313247
vt 0.458504 0.351347
vt 0.478254 0.290564
vt 0.944654 0.186753
vt 0.958504 0.148653
vt 0.978254 0.209436
vt 0.444654 0.186753
vt 0.478254 0.209436
vt 0.458504 0.148653
vt 0.870302 0.084418
vt 0.859113 0.045453
vt 0.910818 0.083019
vt 0.370303 0.084418
vt 0.410818 0.083019
vt 0.359113 0.045453
vt 0.750000 0.045329
vt 0.718045 0.020383
vt 0.781955 0.020383
vt 0.250000 0.045329
vt 0.281956 0.020383
vt 0.218045 0.020383
vt 0.629697 0.084418
vt 0.589182 0.083019
vt 0.640887 0.045453
vt 0.129697 0.084418
vt 0.140887 0.045453
vt 0.089182 0.083019
vt 0.555346 0.186753
vt 0.521746 0.209436
vt 0.541496 0.148653
vt 0.055346 0.186753
vt 0.041496 0.148653
vt 0.021746 0.209436
vt 0.555346 0.313247
vt 0.541496 0.351347
vt 0.521746 0.290564
vt 0.055346 0.313247
vt 0.021746 0.290564
vt 0.041496 0.351347
vt 0.629698 0.415582
vt 0.640887 0.454547
vt 0.589182 0.416981
vt 0.129697 0.415582
vt 0.089182 0.416981
vt 0.140887 0.454547
vt -0.000000 0.550000
vt 0.022652 0.950000
vt 0.022652 0.550000
vt 0.922652 0.950000
vt 0.877347 0.550000
vt 0.877347 0.950000
vt 0.822652 0.950000
vt 0.777347 0.550000
vt 0.777347 0.950000
vt 0.722652 0.950000
vt 0.677347 0.550000
vt 0.677347 0.950000
vt 0.622652 0.950000
vt 0.577347 0.550000
vt 0.577347 0.950000
vt 0.522652 0.950000
vt 0.477347 0.550000
vt 0.477347 0.950000
vt 0.422652 0.950000
vt 0.377347 0.550000
vt 0.377347 0.950000
vt 0.277347 0.950000
vt 0.322652 0.550000
vt 0.277347 0.550000
vt 0.222652 0.950000
vt 0.177347 0.550000
vt 0.177347 0.950000
vt 0.077347 0.950000
vt 0.122652 0.550000
vt 0.077347 0.550000
vt 0.922652 0.550000
vt 0.977347 0.950000
vt 0.977347 0.550000
vt 0.822652 0.550000
vt 0.722652 0.550000
vt 0.622652 0.550000
vt 0.522652 0.550000
vt 0.422652 0.550000
vt 0.222652 0.550000
vt 0.150000 0.748825
vt 0.125000 0.748825
vt 0.150000 0.750000
vt 0.608333 0.000000
vt 0.608333 0.001175
vt 0.625000 0.001175
vt 0.150000 0.501175
vt 0.150000 0.500000
vt 0.125000 0.501175
vt 0.625000 0.257550
vt 0.608333 0.248825
vt 0.608333 0.268750
vt 0.350000 0.748825
vt 0.370833 0.762500
vt 0.387500 0.748825
vt 0.637500 0.761913
vt 0.608333 0.749119
vt 0.608333 0.775000
vt 0.350000 0.501175
vt 0.387500 0.501175
vt 0.370833 0.487500
vt 0.637500 0.488087
vt 0.608333 0.475000
vt 0.608333 0.500881
vt 0.391667 0.001175
vt 0.391667 0.000000
vt 0.391667 0.275000
vt 0.625000 0.975000
vt 0.391667 0.248825
vt 0.391667 0.975000
vt 0.850000 0.501175
vt 0.187500 0.747283
vt 0.125000 0.747283
vt 0.621710 0.000000
vt 0.621711 0.002717
vt 0.625000 0.002717
vt 0.187500 0.502717
vt 0.125000 0.502717
vt 0.625000 0.269022
vt 0.621711 0.247283
vt 0.621711 0.296875
vt 0.312500 0.747283
vt 0.345395 0.781250
vt 0.377467 0.747283
vt 0.656250 0.779891
vt 0.621711 0.747962
vt 0.621711 0.812500
vt 0.312500 0.502717
vt 0.377467 0.502717
vt 0.345395 0.468750
vt 0.656250 0.470109
vt 0.621711 0.437500
vt 0.621711 0.502038
vt 0.378289 0.002717
vt 0.378289 0.000000
vt 0.378289 0.312500
vt 0.378289 0.247283
vt 0.378289 0.937500
vt 0.812500 0.502717
vt 0.322652 0.950000
vt 0.122652 0.950000
vt 0.150000 0.749030
vt 0.125000 0.749029
vt 0.608333 0.000971
vt 0.625000 0.000971
vt 0.150000 0.500970
vt 0.125000 0.500970
vt 0.625000 0.257686
vt 0.608333 0.249030
vt 0.608333 0.268750
vt 0.350000 0.749030
vt 0.387500 0.749029
vt 0.637500 0.762015
vt 0.608333 0.749272
vt 0.350000 0.500970
vt 0.387500 0.500970
vt 0.637500 0.487985
vt 0.608333 0.500728
vt 0.391667 0.000971
vt 0.391667 0.249029
vt 0.850000 0.749030
vt 0.850000 0.500970
vt 0.187500 0.745370
vt 0.125000 0.745370
vt 0.620370 0.000000
vt 0.620370 0.004630
vt 0.625000 0.004630
vt 0.187500 0.504630
vt 0.125000 0.504630
vt 0.625000 0.267747
vt 0.620370 0.245370
vt 0.620370 0.296875
vt 0.312500 0.745370
vt 0.346065 0.781250
vt 0.378472 0.745370
vt 0.656250 0.778935
vt 0.620370 0.746528
vt 0.620370 0.812500
vt 0.312500 0.504630
vt 0.378472 0.504630
vt 0.346065 0.468750
vt 0.656250 0.471065
vt 0.620370 0.437500
vt 0.620370 0.503472
vt 0.379630 0.004630
vt 0.379630 0.000000
vt 0.379630 0.312500
vt 0.379630 0.245370
vt 0.379630 0.937500
vt 0.812500 0.504630
vt 0.150000 0.748347
vt 0.125000 0.748347
vt 0.608333 0.001653
vt 0.625000 0.001653
vt 0.150000 0.501653
vt 0.125000 0.501653
vt 0.625000 0.257231
vt 0.608333 0.248347
vt 0.350000 0.748347
vt 0.387500 0.748347
vt 0.637500 0.761673
vt 0.608333 0.748760
vt 0.350000 0.501653
vt 0.387500 0.501653
vt 0.637500 0.488327
vt 0.608333 0.501240
vt 0.391667 0.001653
vt 0.391667 0.248347
vt 0.850000 0.501653
vt 0.187500 0.745690
vt 0.125000 0.745690
vt 0.621032 0.000000
vt 0.621032 0.004310
vt 0.625000 0.004310
vt 0.187500 0.504310
vt 0.125000 0.504310
vt 0.625000 0.267960
vt 0.621032 0.245690
vt 0.621032 0.296875
vt 0.312500 0.745690
vt 0.345734 0.781250
vt 0.377976 0.745690
vt 0.656250 0.779095
vt 0.621032 0.746767
vt 0.621032 0.812500
vt 0.312500 0.504310
vt 0.377976 0.504310
vt 0.345734 0.468750
vt 0.656250 0.470905
vt 0.621032 0.437500
vt 0.621032 0.503233
vt 0.378968 0.004310
vt 0.378968 0.000000
vt 0.378968 0.312500
vt 0.621032 0.937500
vt 0.378968 0.245690
vt 0.378968 0.937500
vt 0.812500 0.745690
vt 0.812500 0.504310
vt 0.150000 0.748461
vt 0.125000 0.748461
vt 0.608333 0.001539
vt 0.625000 0.001539
vt 0.150000 0.501539
vt 0.125000 0.501539
vt 0.625000 0.257307
vt 0.608333 0.248461
vt 0.350000 0.748461
vt 0.387500 0.748461
vt 0.637500 0.761730
vt 0.608333 0.748845
vt 0.350000 0.501539
vt 0.387500 0.501539
vt 0.637500 0.488270
vt 0.608333 0.501155
vt 0.391667 0.001539
vt 0.391667 0.248461
vt 0.850000 0.748461
vt 0.850000 0.501539
vt 0.187500 0.747573
vt 0.125000 0.747573
vt 0.621377 0.000000
vt 0.621377 0.002427
vt 0.625000 0.002427
vt 0.187500 0.502427
vt 0.125000 0.502427
vt 0.625000 0.269215
vt 0.621377 0.247573
vt 0.621377 0.296875
vt 0.312500 0.747573
vt 0.345562 0.781250
vt 0.377717 0.747573
vt 0.656250 0.780036
vt 0.621377 0.748180
vt 0.621377 0.812500
vt 0.312500 0.502427
vt 0.377717 0.502427
vt 0.345562 0.468750
vt 0.656250 0.469964
vt 0.621377 0.437500
vt 0.621377 0.501820
vt 0.378623 0.002427
vt 0.378623 0.000000
vt 0.378623 0.312500
vt 0.378623 0.247573
vt 0.378623 0.937500
vt 0.812500 0.747573
vt 0.812500 0.502427
vt 0.150000 0.749133
vt 0.125000 0.749133
vt 0.608333 0.000867
vt 0.625000 0.000867
vt 0.150000 0.500867
vt 0.125000 0.500867
vt 0.625000 0.257755
vt 0.608333 0.249133
vt 0.350000 0.749133
vt 0.387500 0.749133
vt 0.637500 0.762067
vt 0.608333 0.749350
vt 0.350000 0.500867
vt 0.387500 0.500867
vt 0.637500 0.487933
vt 0.608333 0.500650
vt 0.391667 0.000867
vt 0.391667 0.249133
vt 0.850000 0.500867
vt 0.187500 0.747500
vt 0.125000 0.747500
vt 0.621988 0.000000
vt 0.621988 0.002500
vt 0.625000 0.002500
vt 0.187500 0.502500
vt 0.125000 0.502500
vt 0.625000 0.269167
vt 0.621988 0.247500
vt 0.621988 0.296875
vt 0.312500 0.747500
vt 0.345256 0.781250
vt 0.377259 0.747500
vt 0.656250 0.780000
vt 0.621988 0.748125
vt 0.621988 0.812500
vt 0.312500 0.502500
vt 0.377259 0.502500
vt 0.345256 0.468750
vt 0.656250 0.470000
vt 0.621988 0.437500
vt 0.621988 0.501875
vt 0.378012 0.002500
vt 0.378012 0.000000
vt 0.378012 0.312500
vt 0.378012 0.247500
vt 0.378012 0.937500
vt 0.812500 0.747500
vt 0.812500 0.502500
vt 0.333333 0.833333
vt 0.333333 1.000000
vt 0.333333 0.166667
vt 0.333333 0.333333
vt 0.333333 0.500000
vt 0.333333 0.666667
vt 0.666667 1.000000
vt 0.666667 0.000000
vt 0.666667 0.166667
vt 0.666667 0.333333
vt 0.666667 0.500000
vt 0.666667 0.666667
vt 0.666667 0.833333
vt 0.750000 0.458075
vt 0.778191 0.479739
vt 0.721809 0.479739
vt 0.250000 0.458075
vt 0.221809 0.479739
vt 0.278191 0.479739
vt 0.883748 0.409394
vt 0.919269 0.407870
vt 0.876078 0.444111
vt 0.383748 0.409394
vt 0.376078 0.444111
vt 0.419269 0.407870
vt 0.954914 0.286132
vt 0.981144 0.262131
vt 0.971354 0.317656
vt 0.454914 0.286132
vt 0.471354 0.317656
vt 0.481144 0.262131
vt 0.930198 0.145963
vt 0.934865 0.110716
vt 0.963056 0.159544
vt 0.430198 0.145963
vt 0.463056 0.159544
vt 0.434865 0.110716
vt 0.821166 0.054474
vt 0.802085 0.024474
vt 0.855066 0.043757
vt 0.321166 0.054474
vt 0.355066 0.043757
vt 0.302085 0.024474
vt 0.678834 0.054474
vt 0.644934 0.043757
vt 0.697915 0.024474
vt 0.178834 0.054474
vt 0.197915 0.024474
vt 0.144934 0.043757
vt 0.569802 0.145963
vt 0.536944 0.159544
vt 0.565135 0.110716
vt 0.069802 0.145963
vt 0.065135 0.110716
vt 0.036944 0.159544
vt 0.545087 0.286132
vt 0.528646 0.317656
vt 0.518856 0.262131
vt 0.045086 0.286132
vt 0.018856 0.262131
vt 0.028646 0.317656
vt 0.616252 0.409394
vt 0.623922 0.444111
vt 0.580731 0.407870
vt 0.116252 0.409395
vt 0.080731 0.407870
vt 0.123922 0.444111
vt 0.000000 0.550000
vt 0.020304 0.950000
vt 0.020304 0.550000
vt 0.909193 0.950000
vt 0.868585 0.550000
vt 0.868585 0.950000
vt 0.798082 0.950000
vt 0.757474 0.550000
vt 0.757474 0.950000
vt 0.686971 0.950000
vt 0.646362 0.550000
vt 0.646362 0.950000
vt 0.575860 0.950000
vt 0.535251 0.550000
vt 0.535251 0.950000
vt 0.424140 0.950000
vt 0.464749 0.550000
vt 0.424140 0.550000
vt 0.353638 0.950000
vt 0.313029 0.550000
vt 0.313029 0.950000
vt 0.242526 0.950000
vt 0.201918 0.550000
vt 0.201918 0.950000
vt 0.131415 0.950000
vt 0.090807 0.550000
vt 0.090807 0.950000
vt 0.909193 0.550000
vt 0.979696 0.950000
vt 0.979696 0.550000
vt 0.798082 0.550000
vt 0.686971 0.550000
vt 0.575860 0.550000
vt 0.464749 0.950000
vt 0.353638 0.550000
vt 0.242526 0.550000
vt 0.131415 0.550000
vt 0.250000 1.000000
vt 0.250000 0.166667
vt 0.250000 0.333333
vt 0.250000 0.500000
vt 0.250000 0.666667
vt 0.250000 0.833333
vt 0.500000 0.000000
vt 0.750000 1.000000
vt 0.750000 0.166667
vt 0.750000 0.333333
vt 0.750000 0.500000
vt 0.750000 0.666667
vt 0.750000 0.833333
vt 0.500000 0.600000
vt 0.583333 0.800000
vt 0.583333 0.600000
vt 0.500000 0.800000
vt 0.500000 0.200000
vt 0.583333 0.400000
vt 0.583333 0.200000
vt 0.500000 0.400000
vt 0.666667 0.600000
vt 0.666667 0.800000
vt 0.666667 0.400000
vt 0.666667 0.200000
vt 0.750000 0.600000
vt 0.750000 0.800000
vt 0.750000 0.000000
vt 0.750000 0.200000
vt 0.750000 0.400000
vt 0.833333 0.600000
vt 0.833333 1.000000
vt 0.833333 0.800000
vt 0.833333 0.000000
vt 0.833333 0.200000
vt 0.833333 0.400000
vt 0.916667 0.600000
vt 0.916667 1.000000
vt 0.916667 0.800000
vt 0.916667 0.000000
vt 0.916667 0.200000
vt 0.916667 0.400000
vt 1.000000 0.800000
vt 1.000000 0.600000
vt 1.000000 0.200000
vt 1.000000 0.400000
vt 0.000000 0.800000
vt 0.083333 0.600000
vt 0.000000 0.600000
vt 0.000000 1.000000
vt 0.083333 0.800000
vt 0.000000 0.200000
vt 0.083333 0.000000
vt 0.000000 0.000000
vt 0.083333 0.400000
vt 0.083333 0.200000
vt 0.000000 0.400000
vt 0.166667 0.800000
vt 0.166667 0.600000
vt 0.166667 1.000000
vt 0.166667 0.000000
vt 0.166667 0.400000
vt 0.166667 0.200000
vt 0.250000 0.600000
vt 0.250000 0.800000
vt 0.250000 0.000000
vt 0.250000 0.200000
vt 0.250000 0.400000
vt 0.333333 0.800000
vt 0.333333 0.600000
vt 0.333333 0.000000
vt 0.333333 0.200000
vt 0.333333 0.400000
vt 0.416667 0.800000
vt 0.416667 0.600000
vt 0.416667 1.000000
vt 0.416667 0.000000
vt 0.416667 0.200000
vt 0.416667 0.400000
vt 0.187500 0.741071
vt 0.125000 0.741071
vt 0.615000 0.000000
vt 0.615000 0.008929
vt 0.625000 0.008929
vt 0.187500 0.508929
vt 0.125000 0.508929
vt 0.625000 0.264881
vt 0.615000 0.241071
vt 0.615000 0.296875
vt 0.312500 0.741071
vt 0.348750 0.781250
vt 0.382500 0.741071
vt 0.656250 0.776786
vt 0.615000 0.743304
vt 0.615000 0.812500
vt 0.312500 0.508929
vt 0.382500 0.508929
vt 0.348750 0.468750
vt 0.656250 0.473214
vt 0.615000 0.437500
vt 0.615000 0.506696
vt 0.385000 0.008929
vt 0.385000 0.000000
vt 0.385000 0.312500
vt 0.615000 0.937500
vt 0.385000 0.241071
vt 0.385000 0.937500
vt 0.812500 0.741071
vt 0.812500 0.508929
vt 0.583333 1.000000
vt 0.083333 1.000000
vt 0.625000 0.264881
vt 0.615000 0.506696
vt 0.750000 0.465153
vt 0.870000 0.457846
vt 0.750000 0.490000
vt 0.370000 0.457846
vt 0.250000 0.465153
vt 0.250000 0.490000
vt 0.857577 0.436328
vt 0.957846 0.370000
vt 0.436328 0.357577
vt 0.457846 0.370000
vt 0.936328 0.357577
vt 0.990000 0.250000
vt 0.465153 0.250000
vt 0.490000 0.250000
vt 0.965153 0.250000
vt 0.957846 0.130000
vt 0.436328 0.142423
vt 0.457846 0.130000
vt 0.936328 0.142423
vt 0.870000 0.042154
vt 0.357577 0.063672
vt 0.370000 0.042154
vt 0.857577 0.063672
vt 0.750000 0.010000
vt 0.250000 0.010000
vt 0.642423 0.063672
vt 0.630000 0.042154
vt 0.142423 0.063672
vt 0.130000 0.042154
vt 0.563672 0.142423
vt 0.542154 0.130000
vt 0.063672 0.142423
vt 0.042154 0.130000
vt 0.510000 0.250000
vt 0.034847 0.250000
vt 0.010000 0.250000
vt 0.534847 0.250000
vt 0.542154 0.370000
vt 0.063672 0.357577
vt 0.042154 0.370000
vt 0.563672 0.357577
vt 0.630000 0.457846
vt 0.142423 0.436328
vt 0.130000 0.457846
vt 0.916667 0.590909
vt 1.000000 0.909091
vt 1.000000 0.590909
vt 0.000000 0.590909
vt 0.083333 0.909091
vt 0.083333 0.590909
vt 0.833333 0.590909
vt 0.916667 0.909091
vt 0.750000 0.590909
vt 0.833333 0.909091
vt 0.666667 0.590909
vt 0.750000 0.909091
vt 0.583333 0.590909
vt 0.666667 0.909091
vt 0.500000 0.590909
vt 0.583333 0.909091
vt 0.416667 0.590909
vt 0.500000 0.909091
vt 0.333333 0.590909
vt 0.416667 0.909091
vt 0.250000 0.590909
vt 0.333333 0.909091
vt 0.166667 0.590909
vt 0.250000 0.909091
vt 0.166667 0.909091
vt 0.750000 0.440307
vt 0.750000 0.490000
vt 0.345153 0.414811
vt 0.250000 0.490000
vt 0.845153 0.414810
vt 0.940307 0.250000
vt 0.440307 0.250000
vt 0.490000 0.250000
vt 0.914811 0.154847
vt 0.957846 0.130000
vt 0.414811 0.154847
vt 0.457846 0.130000
vt 0.845153 0.085190
vt 0.750000 0.010000
vt 0.250000 0.010000
vt 0.345153 0.085190
vt 0.654847 0.085190
vt 0.154847 0.085190
vt 0.130000 0.042154
vt 0.542154 0.130000
vt 0.042154 0.130000
vt 0.559693 0.250000
vt 0.059693 0.250000
vt 0.010000 0.250000
vt 0.085190 0.345153
vt 0.654847 0.414810
vt 0.154847 0.414811
vt 0.130000 0.457846
vt 0.916667 0.532609
vt 1.000000 0.967391
vt 1.000000 0.532609
vt 0.000000 0.532609
vt 0.083333 0.967391
vt 0.083333 0.532609
vt 0.085190 0.154847
vt 0.250000 0.440307
vt 0.833333 0.532609
vt 0.916667 0.967391
vt 0.750000 0.532609
vt 0.833333 0.967391
vt 0.666667 0.532609
vt 0.750000 0.967391
vt 0.583333 0.532609
vt 0.666667 0.967391
vt 0.500000 0.532609
vt 0.583333 0.967391
vt 0.416667 0.532609
vt 0.500000 0.967391
vt 0.333333 0.532609
vt 0.416667 0.967391
vt 0.250000 0.532609
vt 0.333333 0.967391
vt 0.166667 0.532609
vt 0.250000 0.967391
vt 0.166667 0.967391
vt 0.750000 0.034847
vt 0.916667 0.583333
vt 1.000000 0.916667
vt 1.000000 0.583333
vt 0.000000 0.583333
vt 0.083333 0.916667
vt 0.083333 0.583333
vt 0.833333 0.583333
vt 0.916667 0.916667
vt 0.750000 0.583333
vt 0.833333 0.916667
vt 0.666667 0.583333
vt 0.750000 0.916667
vt 0.583333 0.583333
vt 0.666667 0.916667
vt 0.500000 0.583333
vt 0.583333 0.916667
vt 0.416667 0.583333
vt 0.500000 0.916667
vt 0.333333 0.583333
vt 0.416667 0.916667
vt 0.250000 0.583333
vt 0.333333 0.916667
vt 0.166667 0.583333
vt 0.250000 0.916667
vt 0.166667 0.916667
vt 0.187500 0.687500
vt 0.125000 0.687500
vt 0.620455 0.000000
vt 0.620454 0.062500
vt 0.625000 0.062500
vt 0.187500 0.562500
vt 0.125000 0.562500
vt 0.625000 0.229167
vt 0.620455 0.187500
vt 0.620455 0.296875
vt 0.312500 0.687500
vt 0.346023 0.781250
vt 0.378409 0.687500
vt 0.656250 0.750000
vt 0.620455 0.703125
vt 0.620454 0.812500
vt 0.312500 0.562500
vt 0.378409 0.562500
vt 0.346023 0.468750
vt 0.656250 0.500000
vt 0.620455 0.437500
vt 0.620455 0.546875
vt 0.379545 0.062500
vt 0.379545 0.000000
vt 0.379545 0.312500
vt 0.379545 0.187500
vt 0.379545 0.937500
vt 0.812500 0.562500
vt 0.620454 0.296875
vt 0.620454 0.546875
vt 0.620599 0.958333
vt 0.833333 0.708333
vt 0.572917 0.975962
vt 0.850962 0.725962
vt 0.622794 0.962500
vt 0.837500 0.742500
vt 0.000000 0.875000
vt 0.618902 0.943182
vt 0.818182 0.745000
vt 0.622396 0.944444
vt 0.819444 0.739583
vt 0.583333 0.963235
vt 0.838235 0.745719
vt 0.580357 0.963235
vt 0.619318 0.963235
vt 0.838235 0.705357
vt 0.567308 0.993304
vt 0.868304 0.727273
vt 0.595395 0.937500
vt 0.812500 0.743140
vt 0.614583 0.937500
vt 0.812500 0.748214
vt 0.621212 0.937500
vt -0.000000 0.950000
vt 0.608333 0.975000
vt 0.850000 0.748825
vt 0.621711 0.937500
vt 0.812500 0.747283
vt 0.620370 0.937500
vt 0.812500 0.745370
vt 0.850000 0.748347
vt 0.621377 0.937500
vt 0.850000 0.749133
vt 0.621988 0.937500
vt 0.000000 0.950000
vt 0.357577 0.436328
vt 0.250000 0.034847
vt 0.642423 0.436328
vt 0.000000 0.909091
vt 0.914811 0.345153
vt 0.414810 0.345153
vt 0.750000 0.059693
vt 0.250000 0.059693
vt 0.585190 0.154847
vt 0.585190 0.345153
vt 0.000000 0.967391
vt 0.000000 0.916667
vt 0.620455 0.937500
vt 0.812500 0.687500
s 0
usemtl DarkWood
f 1/1/1 3/2/1 2/3/1
f 4/4/2 6/5/2 5/6/2
f 7/7/3 9/8/3 8/9/3
f 10/10/4 12/11/4 11/12/4
f 13/13/5 15/14/5 14/15/5
f 16/16/6 18/17/6 17/18/6
f 19/19/7 21/20/7 20/21/7
f 22/22/8 24/23/8 23/24/8
f 8/9/9 1/1/9 7/7/9
f 3/25/10 4/4/10 2/26/10
f 6/5/11 10/10/11 5/6/11
f 12/11/12 9/27/12 11/12/12
f 20/21/13 7/7/13 19/19/13
f 11/12/14 22/22/14 10/10/14
f 24/23/15 21/20/15 23/24/15
f 14/15/16 19/19/16 13/13/16
f 23/24/17 16/16/17 22/22/17
f 18/17/18 15/14/18 17/18/18
f 2/3/19 13/13/19 1/1/19
f 17/18/20 5/28/20 16/16/20
f 1/1/21 19/19/21 7/7/21
f 8/29/22 6/5/22 3/25/22
f 2/30/23 17/18/23 15/14/23
f 16/16/24 10/31/24 22/22/24
f 20/21/25 11/12/25 9/27/25
f 14/15/26 23/24/26 21/20/26
f 229/1/1 231/2/1 230/3/1
f 232/4/2 234/5/2 233/6/2
f 235/7/3 237/8/3 236/9/3
f 238/10/4 240/11/4 239/189/4
f 241/13/5 243/14/5 242/190/5
f 244/16/6 246/17/6 245/18/6
f 247/19/7 249/191/7 248/21/7
f 250/22/8 252/23/8 251/192/8
f 236/9/9 229/1/9 235/7/9
f 231/25/10 232/4/10 230/26/10
f 234/5/11 238/10/11 233/6/11
f 240/11/12 237/27/12 239/189/12
f 248/21/13 235/7/13 247/19/13
f 239/189/14 250/22/14 238/10/14
f 252/23/15 249/191/15 251/192/15
f 242/190/16 247/19/16 241/13/16
f 251/192/17 244/16/17 250/22/17
f 246/17/18 243/14/18 245/18/18
f 230/3/19 241/13/19 229/1/19
f 245/18/20 233/28/20 244/16/20
f 229/1/21 247/19/21 235/7/21
f 236/29/22 234/5/22 231/25/22
f 230/30/23 245/18/23 243/14/23
f 244/16/24 238/31/24 250/22/24
f 248/21/25 239/189/25 237/27/25
f 242/190/26 251/192/26 249/191/26
f 601/262/1 603/263/1 602/264/1
f 604/265/2 606/266/2 605/267/2
f 607/268/3 609/269/3 608/270/3
f 610/271/4 612/272/4 611/273/4
f 613/274/5 615/275/5 614/276/5
f 616/277/6 618/278/6 617/279/6
f 619/280/7 621/281/7 620/282/7
f 622/283/8 624/284/8 623/285/8
f 608/270/9 601/262/9 607/268/9
f 603/286/10 604/265/10 602/287/10
f 606/266/11 610/271/11 605/267/11
f 612/272/12 609/288/12 611/273/12
f 620/282/13 607/268/13 619/280/13
f 611/273/14 622/283/14 610/271/14
f 624/284/15 621/281/15 623/285/15
f 614/276/16 619/280/16 613/274/16
f 623/285/17 616/277/17 622/283/17
f 618/278/18 615/275/18 617/279/18
f 602/264/19 613/274/19 601/262/19
f 617/279/20 605/289/20 616/277/20
f 601/262/21 619/280/21 607/268/21
f 608/290/22 606/266/22 603/286/22
f 602/291/23 617/279/23 615/275/23
f 616/277/24 610/292/24 622/283/24
f 620/282/25 611/273/25 609/288/25
f 614/276/26 623/285/26 621/281/26
f 625/262/1 627/263/1 626/264/1
f 628/293/2 630/294/2 629/267/2
f 631/268/3 633/269/3 632/270/3
f 634/271/4 636/295/4 635/296/4
f 637/274/5 639/297/5 638/298/5
f 640/277/6 642/299/6 641/300/6
f 643/280/7 645/301/7 644/302/7
f 646/283/8 648/303/8 647/304/8
f 632/270/9 625/262/9 631/268/9
f 627/305/10 628/293/10 626/306/10
f 630/294/11 634/271/11 629/267/11
f 636/295/12 633/307/12 635/296/12
f 644/302/13 631/268/13 643/280/13
f 635/296/14 646/283/14 634/271/14
f 648/303/15 645/301/15 647/304/15
f 638/298/16 643/280/16 637/274/16
f 647/304/17 640/277/17 646/283/17
f 642/299/18 639/297/18 641/300/18
f 626/264/19 637/274/19 625/262/19
f 641/300/20 629/289/20 640/277/20
f 625/262/21 643/280/21 631/268/21
f 632/308/22 630/294/22 627/305/22
f 626/309/23 641/300/23 639/297/23
f 640/277/24 634/292/24 646/283/24
f 644/302/25 635/296/25 633/307/25
f 638/298/26 647/304/26 645/301/26
f 649/310/1 651/311/1 650/264/1
f 652/312/2 654/313/2 653/314/2
f 655/315/3 657/269/3 656/316/3
f 658/317/4 660/318/4 659/319/4
f 661/320/5 663/321/5 662/322/5
f 664/323/6 666/324/6 665/325/6
f 667/326/7 669/327/7 668/328/7
f 670/329/8 672/330/8 671/331/8
f 656/316/9 649/310/9 655/315/9
f 651/332/10 652/312/10 650/333/10
f 654/313/11 658/317/11 653/314/11
f 660/318/12 657/334/12 659/319/12
f 668/328/13 655/315/13 667/326/13
f 659/319/14 670/329/14 658/317/14
f 672/330/15 669/327/15 671/331/15
f 662/322/16 667/326/16 661/320/16
f 671/331/17 664/323/17 670/329/17
f 666/324/18 663/321/18 665/325/18
f 650/264/19 661/320/19 649/310/19
f 665/325/20 653/289/20 664/323/20
f 649/310/21 667/326/21 655/315/21
f 656/335/22 654/313/22 651/332/22
f 650/336/23 665/325/23 663/321/23
f 664/323/24 658/337/24 670/329/24
f 668/328/25 659/319/25 657/334/25
f 662/322/26 671/331/26 669/327/26
f 673/310/1 675/311/1 674/264/1
f 676/312/2 678/313/2 677/314/2
f 679/315/3 681/269/3 680/316/3
f 682/317/4 684/318/4 683/338/4
f 685/320/5 687/321/5 686/339/5
f 688/323/6 690/340/6 689/325/6
f 691/326/7 693/327/7 692/341/7
f 694/329/8 696/330/8 695/342/8
f 680/316/9 673/310/9 679/315/9
f 675/332/10 676/312/10 674/333/10
f 678/313/11 682/317/11 677/314/11
f 684/318/12 681/334/12 683/338/12
f 692/341/13 679/315/13 691/326/13
f 683/338/14 694/329/14 682/317/14
f 696/330/15 693/327/15 695/342/15
f 686/339/16 691/326/16 685/320/16
f 695/342/17 688/323/17 694/329/17
f 690/340/18 687/321/18 689/325/18
f 674/264/19 685/320/19 673/310/19
f 689/325/20 677/289/20 688/323/20
f 673/310/21 691/326/21 679/315/21
f 680/335/22 678/313/22 675/332/22
f 674/336/23 689/325/23 687/321/23
f 688/323/24 682/337/24 694/329/24
f 692/341/25 683/338/25 681/334/25
f 686/339/26 695/342/26 693/327/26
f 1063/584/124 1065/585/124 1064/586/124
f 1066/587/125 1068/588/125 1067/589/125
f 1069/590/208 1071/591/208 1070/592/208
f 1072/593/127 1074/594/127 1073/595/127
f 1075/596/209 1077/597/209 1076/598/209
f 1078/599/210 1080/600/210 1079/601/210
f 1081/602/130 1083/603/130 1082/604/130
f 1084/605/131 1086/606/131 1085/607/131
f 1070/592/132 1063/584/132 1069/590/132
f 1065/608/211 1066/587/211 1064/609/211
f 1068/588/134 1072/593/134 1067/589/134
f 1074/594/212 1071/610/212 1073/595/212
f 1082/604/136 1069/590/136 1081/602/136
f 1073/595/137 1084/605/137 1072/593/137
f 1086/606/138 1083/603/138 1085/607/138
f 1076/598/139 1081/602/139 1075/596/139
f 1085/607/140 1078/599/140 1084/605/140
f 1080/600/213 1077/597/213 1079/601/213
f 1063/584/142 1077/597/142 1075/596/142
f 1079/601/143 1067/611/143 1078/599/143
f 1063/584/21 1081/602/21 1069/590/21
f 1070/612/144 1068/588/144 1065/608/144
f 1064/613/145 1079/601/145 1077/597/145
f 1078/599/24 1072/614/24 1084/605/24
f 1082/604/146 1073/595/146 1071/610/146
f 1076/598/147 1085/607/147 1083/603/147
f 1171/645/214 1173/646/214 1172/586/214
f 1174/587/244 1176/647/244 1175/648/244
f 1177/649/216 1179/591/216 1178/650/216
f 1180/651/217 1182/652/217 1181/653/217
f 1183/654/218 1185/597/218 1184/655/218
f 1186/656/219 1188/657/219 1187/601/219
f 1189/658/220 1191/659/220 1190/604/220
f 1192/660/221 1194/606/221 1193/661/221
f 1178/650/245 1171/645/245 1177/649/245
f 1173/662/223 1174/587/223 1172/609/223
f 1176/647/246 1180/651/246 1175/648/246
f 1182/652/247 1179/610/247 1181/653/247
f 1189/658/226 1179/591/226 1177/649/226
f 1181/653/227 1192/660/227 1180/651/227
f 1194/606/228 1191/659/228 1193/661/228
f 1184/655/248 1189/658/248 1183/654/248
f 1192/660/230 1188/657/230 1186/656/230
f 1188/657/249 1185/597/249 1187/601/249
f 1172/586/232 1183/654/232 1171/645/232
f 1187/601/233 1175/611/233 1186/656/233
f 1171/645/21 1189/658/21 1177/649/21
f 1178/663/234 1176/647/234 1173/662/234
f 1172/613/235 1187/601/235 1185/597/235
f 1192/660/24 1175/664/24 1180/665/24
f 1190/604/236 1181/653/236 1179/610/236
f 1184/655/237 1193/661/237 1191/659/237
f 1279/694/250 1281/695/250 1280/586/250
f 1282/587/276 1284/696/276 1283/697/276
f 1285/698/277 1287/591/277 1286/699/277
f 1288/700/278 1290/701/278 1289/595/278
f 1291/702/279 1293/597/279 1292/703/279
f 1294/704/280 1296/705/280 1295/601/280
f 1297/706/256 1299/707/256 1298/604/256
f 1300/708/257 1302/606/257 1301/709/257
f 1285/698/258 1281/695/258 1279/694/258
f 1281/710/259 1282/587/259 1280/609/259
f 1284/696/281 1288/700/281 1283/697/281
f 1290/701/261 1287/610/261 1289/595/261
f 1297/706/262 1287/591/262 1285/698/262
f 1289/595/263 1300/708/263 1288/700/263
f 1302/606/264 1299/707/264 1301/709/264
f 1291/702/265 1299/707/265 1297/706/265
f 1301/709/282 1294/704/282 1300/708/282
f 1296/705/267 1293/597/267 1295/601/267
f 1279/694/268 1293/597/268 1291/702/268
f 1295/601/269 1283/611/269 1294/704/269
f 1285/698/21 1291/702/21 1297/706/21
f 1286/711/270 1284/696/270 1281/710/270
f 1280/613/271 1295/601/271 1293/597/271
f 1294/704/24 1288/712/24 1300/708/24
f 1298/604/272 1289/595/272 1287/610/272
f 1292/703/273 1301/709/273 1299/707/273
f 1387/743/290 1389/744/290 1388/586/290
f 1390/587/291 1392/745/291 1391/746/291
f 1393/747/292 1395/591/292 1394/748/292
f 1396/749/293 1398/750/293 1397/595/293
f 1399/751/294 1401/597/294 1400/752/294
f 1402/753/295 1404/754/295 1403/601/295
f 1405/755/220 1407/756/220 1406/604/220
f 1408/757/221 1410/606/221 1409/758/221
f 1394/748/222 1387/743/222 1393/747/222
f 1389/759/223 1390/587/223 1388/609/223
f 1391/746/224 1398/750/224 1396/749/224
f 1398/750/225 1395/610/225 1397/595/225
f 1405/755/296 1395/591/296 1393/747/296
f 1397/595/297 1408/757/297 1396/749/297
f 1410/606/228 1407/756/228 1409/758/228
f 1400/752/229 1405/755/229 1399/751/229
f 1409/758/230 1402/753/230 1408/757/230
f 1404/754/231 1401/597/231 1403/601/231
f 1387/743/298 1401/597/298 1399/751/298
f 1403/601/299 1391/611/299 1402/753/299
f 1387/743/21 1405/755/21 1393/747/21
f 1394/760/234 1392/745/234 1389/759/234
f 1388/613/235 1403/601/235 1401/597/235
f 1408/757/24 1391/761/24 1396/762/24
f 1406/604/236 1397/595/236 1395/610/236
f 1400/752/237 1409/758/237 1407/756/237
f 1495/792/324 1497/793/324 1496/586/324
f 1498/587/325 1500/794/325 1499/795/325
f 1501/796/302 1503/591/302 1502/797/302
f 1504/798/303 1506/799/303 1505/653/303
f 1507/800/304 1509/597/304 1508/801/304
f 1510/802/305 1512/803/305 1511/601/305
f 1513/804/326 1515/805/326 1514/604/326
f 1516/806/327 1518/606/327 1517/807/327
f 1502/797/328 1495/792/328 1501/796/328
f 1497/808/309 1498/587/309 1496/609/309
f 1500/794/329 1504/798/329 1499/795/329
f 1506/799/311 1503/610/311 1505/653/311
f 1513/804/312 1503/591/312 1501/796/312
f 1505/653/313 1516/806/313 1504/798/313
f 1518/606/314 1515/805/314 1517/807/314
f 1508/801/330 1513/804/330 1507/800/330
f 1517/807/331 1510/802/331 1516/806/331
f 1512/803/317 1509/597/317 1511/601/317
f 1495/792/318 1509/597/318 1507/800/318
f 1511/601/319 1499/611/319 1510/802/319
f 1501/796/21 1507/800/21 1513/804/21
f 1502/809/320 1500/794/320 1497/808/320
f 1496/613/321 1511/601/321 1509/597/321
f 1510/802/24 1504/810/24 1516/806/24
f 1514/604/322 1505/653/322 1503/610/322
f 1508/801/323 1517/807/323 1515/805/323
f 8/9/9 3/2/9 1/1/9
f 3/25/10 6/5/10 4/4/10
f 6/5/11 12/11/11 10/10/11
f 12/11/12 8/29/12 9/27/12
f 20/21/13 9/8/13 7/7/13
f 11/12/14 24/23/14 22/22/14
f 24/23/15 20/21/15 21/20/15
f 14/15/16 21/20/16 19/19/16
f 23/24/17 18/17/17 16/16/17
f 18/17/18 14/15/18 15/14/18
f 2/3/19 15/14/19 13/13/19
f 17/18/20 4/1237/20 5/28/20
f 1/1/21 13/13/21 19/19/21
f 8/29/22 12/11/22 6/5/22
f 2/30/23 4/1237/23 17/18/23
f 16/16/24 5/1238/24 10/31/24
f 20/21/25 24/23/25 11/12/25
f 14/15/26 18/17/26 23/24/26
f 236/9/9 231/2/9 229/1/9
f 231/25/10 234/5/10 232/4/10
f 234/5/11 240/11/11 238/10/11
f 240/11/12 236/29/12 237/27/12
f 248/21/13 237/8/13 235/7/13
f 239/189/14 252/23/14 250/22/14
f 252/23/15 248/21/15 249/191/15
f 242/190/16 249/191/16 247/19/16
f 251/192/17 246/17/17 244/16/17
f 246/17/18 242/190/18 243/14/18
f 230/3/19 243/14/19 241/13/19
f 245/18/20 232/1237/20 233/28/20
f 229/1/21 241/13/21 247/19/21
f 236/29/22 240/11/22 234/5/22
f 230/30/23 232/1237/23 245/18/23
f 244/16/24 233/1238/24 238/31/24
f 248/21/25 252/23/25 239/189/25
f 242/190/26 246/17/26 251/192/26
f 608/270/9 603/263/9 601/262/9
f 603/286/10 606/266/10 604/265/10
f 606/266/11 612/272/11 610/271/11
f 612/272/12 608/290/12 609/288/12
f 620/282/13 609/269/13 607/268/13
f 611/273/14 624/284/14 622/283/14
f 624/284/15 620/282/15 621/281/15
f 614/276/16 621/281/16 619/280/16
f 623/285/17 618/278/17 616/277/17
f 618/278/18 614/276/18 615/275/18
f 602/264/19 615/275/19 613/274/19
f 617/279/20 604/1248/20 605/289/20
f 601/262/21 613/274/21 619/280/21
f 608/290/22 612/272/22 606/266/22
f 602/291/23 604/1248/23 617/279/23
f 616/277/24 605/1249/24 610/292/24
f 620/282/25 624/284/25 611/273/25
f 614/276/26 618/278/26 623/285/26
f 632/270/9 627/263/9 625/262/9
f 627/305/10 630/294/10 628/293/10
f 630/294/11 636/295/11 634/271/11
f 636/295/12 632/308/12 633/307/12
f 644/302/13 633/269/13 631/268/13
f 635/296/14 648/303/14 646/283/14
f 648/303/15 644/302/15 645/301/15
f 638/298/16 645/301/16 643/280/16
f 647/304/17 642/299/17 640/277/17
f 642/299/18 638/298/18 639/297/18
f 626/264/19 639/297/19 637/274/19
f 641/300/20 628/1250/20 629/289/20
f 625/262/21 637/274/21 643/280/21
f 632/308/22 636/295/22 630/294/22
f 626/309/23 628/1250/23 641/300/23
f 640/277/24 629/1249/24 634/292/24
f 644/302/25 648/303/25 635/296/25
f 638/298/26 642/299/26 647/304/26
f 656/316/9 651/311/9 649/310/9
f 651/332/10 654/313/10 652/312/10
f 654/313/11 660/318/11 658/317/11
f 660/318/12 656/335/12 657/334/12
f 668/328/13 657/269/13 655/315/13
f 659/319/14 672/330/14 670/329/14
f 672/330/15 668/328/15 669/327/15
f 662/322/16 669/327/16 667/326/16
f 671/331/17 666/324/17 664/323/17
f 666/324/18 662/322/18 663/321/18
f 650/264/19 663/321/19 661/320/19
f 665/325/20 652/1251/20 653/289/20
f 649/310/21 661/320/21 667/326/21
f 656/335/22 660/318/22 654/313/22
f 650/336/23 652/1251/23 665/325/23
f 664/323/24 653/1252/24 658/337/24
f 668/328/25 672/330/25 659/319/25
f 662/322/26 666/324/26 671/331/26
f 680/316/9 675/311/9 673/310/9
f 675/332/10 678/313/10 676/312/10
f 678/313/11 684/318/11 682/317/11
f 684/318/12 680/335/12 681/334/12
f 692/341/13 681/269/13 679/315/13
f 683/338/14 696/330/14 694/329/14
f 696/330/15 692/341/15 693/327/15
f 686/339/16 693/327/16 691/326/16
f 695/342/17 690/340/17 688/323/17
f 690/340/18 686/339/18 687/321/18
f 674/264/19 687/321/19 685/320/19
f 689/325/20 676/1251/20 677/289/20
f 673/310/21 685/320/21 691/326/21
f 680/335/22 684/318/22 678/313/22
f 674/336/23 676/1251/23 689/325/23
f 688/323/24 677/1252/24 682/337/24
f 692/341/25 696/330/25 683/338/25
f 686/339/26 690/340/26 695/342/26
f 1070/592/132 1065/585/132 1063/584/132
f 1065/608/211 1068/588/211 1066/587/211
f 1068/588/625 1074/594/625 1072/593/625
f 1074/594/135 1070/612/135 1071/610/135
f 1082/604/136 1071/591/136 1069/590/136
f 1073/595/137 1086/606/137 1084/605/137
f 1086/606/626 1082/604/626 1083/603/626
f 1076/598/139 1083/603/139 1081/602/139
f 1085/607/627 1080/600/627 1078/599/627
f 1080/600/141 1076/598/141 1077/597/141
f 1063/584/628 1064/586/628 1077/597/628
f 1079/601/143 1066/1261/143 1067/611/143
f 1063/584/21 1075/596/21 1081/602/21
f 1070/612/144 1074/594/144 1068/588/144
f 1064/613/145 1066/1261/145 1079/601/145
f 1078/599/24 1067/1262/24 1072/614/24
f 1082/604/146 1086/606/146 1073/595/146
f 1076/598/147 1080/600/147 1085/607/147
f 1178/650/222 1173/646/222 1171/645/222
f 1173/662/223 1176/647/223 1174/587/223
f 1176/647/629 1182/652/629 1180/651/629
f 1182/652/247 1178/663/247 1179/610/247
f 1189/658/226 1190/604/226 1179/591/226
f 1181/653/227 1194/606/227 1192/660/227
f 1194/606/228 1190/604/228 1191/659/228
f 1184/655/229 1191/659/229 1189/658/229
f 1192/660/630 1193/661/630 1188/657/630
f 1188/657/231 1184/655/231 1185/597/231
f 1172/586/232 1185/597/232 1183/654/232
f 1187/601/233 1174/1261/233 1175/611/233
f 1171/645/21 1183/654/21 1189/658/21
f 1178/663/234 1182/652/234 1176/647/234
f 1172/613/235 1174/1261/235 1187/601/235
f 1192/660/24 1186/656/24 1175/664/24
f 1190/604/236 1194/606/236 1181/653/236
f 1184/655/237 1188/657/237 1193/661/237
f 1285/698/631 1286/699/631 1281/695/631
f 1281/710/259 1284/696/259 1282/587/259
f 1284/696/260 1290/701/260 1288/700/260
f 1290/701/261 1286/711/261 1287/610/261
f 1297/706/262 1298/604/262 1287/591/262
f 1289/595/263 1302/606/263 1300/708/263
f 1302/606/264 1298/604/264 1299/707/264
f 1291/702/632 1292/703/632 1299/707/632
f 1301/709/266 1296/705/266 1294/704/266
f 1296/705/267 1292/703/267 1293/597/267
f 1279/694/268 1280/586/268 1293/597/268
f 1295/601/269 1282/1261/269 1283/611/269
f 1285/698/21 1279/694/21 1291/702/21
f 1286/711/270 1290/701/270 1284/696/270
f 1280/613/271 1282/1261/271 1295/601/271
f 1294/704/24 1283/1267/24 1288/712/24
f 1298/604/272 1302/606/272 1289/595/272
f 1292/703/273 1296/705/273 1301/709/273
f 1394/748/222 1389/744/222 1387/743/222
f 1389/759/223 1392/745/223 1390/587/223
f 1391/746/629 1392/745/629 1398/750/629
f 1398/750/225 1394/760/225 1395/610/225
f 1405/755/226 1406/604/226 1395/591/226
f 1397/595/227 1410/606/227 1408/757/227
f 1410/606/228 1406/604/228 1407/756/228
f 1400/752/229 1407/756/229 1405/755/229
f 1409/758/633 1404/754/633 1402/753/633
f 1404/754/231 1400/752/231 1401/597/231
f 1387/743/634 1388/586/634 1401/597/634
f 1403/601/233 1390/1261/233 1391/611/233
f 1387/743/21 1399/751/21 1405/755/21
f 1394/760/234 1398/750/234 1392/745/234
f 1388/613/235 1390/1261/235 1403/601/235
f 1408/757/24 1402/753/24 1391/761/24
f 1406/604/236 1410/606/236 1397/595/236
f 1400/752/237 1404/754/237 1409/758/237
f 1502/797/308 1497/793/308 1495/792/308
f 1497/808/309 1500/794/309 1498/587/309
f 1500/794/635 1506/799/635 1504/798/635
f 1506/799/311 1502/809/311 1503/610/311
f 1513/804/636 1514/604/636 1503/591/636
f 1505/653/637 1518/606/637 1516/806/637
f 1518/606/314 1514/604/314 1515/805/314
f 1508/801/315 1515/805/315 1513/804/315
f 1517/807/638 1512/803/638 1510/802/638
f 1512/803/317 1508/801/317 1509/597/317
f 1495/792/318 1496/586/318 1509/597/318
f 1511/601/319 1498/1261/319 1499/611/319
f 1501/796/21 1495/792/21 1507/800/21
f 1502/809/320 1506/799/320 1500/794/320
f 1496/613/321 1498/1261/321 1511/601/321
f 1510/802/24 1499/1269/24 1504/810/24
f 1514/604/322 1518/606/322 1505/653/322
f 1508/801/323 1512/803/323 1517/807/323
usemtl Brass
f 25/32/1 27/33/1 26/34/1
f 28/35/2 30/36/2 29/37/2
f 31/38/3 33/39/3 32/40/3
f 34/41/4 36/42/4 35/43/4
f 37/44/5 39/45/5 38/46/5
f 40/47/6 42/48/6 41/49/6
f 43/50/7 45/51/7 44/52/7
f 46/53/8 48/54/8 47/55/8
f 32/40/9 25/32/9 31/38/9
f 27/56/10 28/35/10 26/57/10
f 30/36/11 34/41/11 29/37/11
f 36/42/12 33/58/12 35/43/12
f 44/52/13 31/38/13 43/50/13
f 35/43/14 46/53/14 34/41/14
f 48/54/15 45/51/15 47/55/15
f 38/46/16 43/50/16 37/44/16
f 47/55/17 40/47/17 46/53/17
f 42/48/18 39/45/18 41/49/18
f 26/34/19 37/44/19 25/32/19
f 41/49/20 29/59/20 40/47/20
f 25/32/21 43/50/21 31/38/21
f 32/60/22 30/36/22 27/56/22
f 26/61/23 41/49/23 39/45/23
f 40/47/24 34/62/24 46/53/24
f 44/52/25 35/43/25 33/58/25
f 38/46/26 47/55/26 45/51/26
s 1
f 121/98/43 123/99/44 122/100/45
f 124/101/46 126/102/47 125/103/48
f 127/104/49 129/105/50 128/106/51
f 130/107/52 132/108/53 131/109/54
f 133/110/55 135/111/56 134/112/57
f 136/113/58 138/114/59 137/115/60
f 139/116/61 141/117/62 140/118/63
f 142/119/64 144/120/65 143/121/66
f 145/122/67 147/123/68 146/124/69
f 148/125/70 150/126/71 149/127/72
f 151/128/73 153/129/74 152/130/75
f 154/131/76 156/132/77 155/133/78
f 157/134/79 159/135/80 158/136/81
f 160/137/82 162/138/83 161/139/84
f 163/140/85 165/141/86 164/142/87
f 166/143/88 168/144/89 167/145/90
f 169/146/91 171/147/92 170/148/93
f 172/149/94 174/150/95 173/151/96
f 121/98/43 128/106/51 123/99/44
f 130/107/52 125/103/48 132/108/53
f 123/152/44 126/153/47 122/154/45
f 132/155/53 129/156/50 131/157/54
f 127/104/49 134/112/57 129/105/50
f 138/114/59 130/107/52 131/109/54
f 138/158/59 135/159/56 137/160/60
f 133/110/55 140/118/63 135/111/56
f 144/120/65 136/113/58 137/115/60
f 144/161/65 141/162/62 143/163/66
f 139/116/61 146/124/69 141/117/62
f 150/126/71 142/119/64 143/121/66
f 150/164/71 147/165/68 149/166/72
f 147/123/68 151/128/73 152/130/75
f 156/132/77 148/125/70 149/127/72
f 156/167/77 153/168/74 155/169/78
f 153/129/74 157/134/79 158/136/81
f 160/137/82 155/133/78 162/138/83
f 162/170/83 159/171/80 161/172/84
f 159/135/80 163/140/85 164/142/87
f 166/143/88 161/139/84 168/144/89
f 168/173/89 165/174/86 167/175/90
f 165/141/86 169/146/91 170/148/93
f 172/149/94 167/145/90 174/150/95
f 174/176/95 171/177/92 173/178/96
f 171/147/92 121/98/43 122/100/45
f 126/102/47 172/149/94 173/151/96
f 169/146/91 145/122/67 133/110/55
f 128/179/51 125/180/48 123/181/44
f 122/154/45 173/178/96 171/177/92
f 136/113/58 160/137/82 172/149/94
f 134/182/57 131/157/54 129/156/50
f 140/183/63 137/160/60 135/159/56
f 146/184/69 143/163/66 141/162/62
f 152/185/75 149/166/72 147/165/68
f 158/186/81 155/169/78 153/168/74
f 164/187/87 161/172/84 159/171/80
f 170/188/93 167/175/90 165/174/86
f 175/98/43 177/99/44 176/100/45
f 178/101/46 180/102/47 179/103/48
f 181/104/49 183/105/50 182/106/51
f 184/107/52 186/108/53 185/109/54
f 187/110/55 189/111/56 188/112/57
f 190/113/58 192/114/59 191/115/60
f 193/116/61 195/117/62 194/118/63
f 196/119/64 198/120/65 197/121/66
f 199/122/67 201/123/68 200/124/69
f 202/125/70 204/126/71 203/127/72
f 205/128/73 207/129/74 206/130/75
f 208/131/76 210/132/77 209/133/78
f 211/134/79 213/135/80 212/136/81
f 214/137/82 216/138/83 215/139/84
f 217/140/85 219/141/86 218/142/87
f 220/143/88 222/144/89 221/145/90
f 223/146/91 225/147/92 224/148/93
f 226/149/94 228/150/95 227/151/96
f 177/99/44 181/104/49 182/106/51
f 184/107/52 179/103/48 186/108/53
f 177/152/44 180/153/47 176/154/45
f 186/155/53 183/156/50 185/157/54
f 181/104/49 188/112/57 183/105/50
f 192/114/59 184/107/52 185/109/54
f 192/158/59 189/159/56 191/160/60
f 187/110/55 194/118/63 189/111/56
f 198/120/65 190/113/58 191/115/60
f 198/161/65 195/162/62 197/163/66
f 193/116/61 200/124/69 195/117/62
f 202/125/70 197/121/66 204/126/71
f 204/164/71 201/165/68 203/166/72
f 199/122/67 206/130/75 201/123/68
f 208/131/76 203/127/72 210/132/77
f 210/167/77 207/168/74 209/169/78
f 205/128/73 212/136/81 207/129/74
f 214/137/82 209/133/78 216/138/83
f 216/170/83 213/171/80 215/172/84
f 213/135/80 217/140/85 218/142/87
f 220/143/88 215/139/84 222/144/89
f 222/173/89 219/174/86 221/175/90
f 219/141/86 223/146/91 224/148/93
f 226/149/94 221/145/90 228/150/95
f 228/176/95 225/177/92 227/178/96
f 223/146/91 176/100/45 225/147/92
f 180/102/47 226/149/94 227/151/96
f 223/146/91 199/122/67 187/110/55
f 182/179/51 179/180/48 177/181/44
f 176/154/45 227/178/96 225/177/92
f 190/113/58 214/137/82 226/149/94
f 188/182/57 185/157/54 183/156/50
f 194/183/63 191/160/60 189/159/56
f 200/184/69 197/163/66 195/162/62
f 206/185/75 203/166/72 201/165/68
f 212/186/81 209/169/78 207/168/74
f 218/187/87 215/172/84 213/171/80
f 224/188/93 221/175/90 219/174/86
s 0
f 253/32/1 255/33/1 254/34/1
f 256/35/2 258/36/2 257/37/2
f 259/38/3 261/39/3 260/40/3
f 262/41/4 264/42/4 263/193/4
f 265/44/5 267/45/5 266/194/5
f 268/47/6 270/48/6 269/49/6
f 271/50/7 273/195/7 272/196/7
f 274/53/8 276/54/8 275/197/8
f 260/40/9 253/32/9 259/38/9
f 255/56/10 256/35/10 254/57/10
f 258/36/11 262/41/11 257/37/11
f 264/42/12 261/58/12 263/193/12
f 272/196/13 259/38/13 271/50/13
f 263/193/14 274/53/14 262/41/14
f 276/54/15 273/195/15 275/197/15
f 266/194/16 271/50/16 265/44/16
f 275/197/17 268/47/17 274/53/17
f 270/48/18 267/45/18 269/49/18
f 254/34/19 265/44/19 253/32/19
f 269/49/20 257/59/20 268/47/20
f 253/32/21 271/50/21 259/38/21
f 260/60/22 258/36/22 255/56/22
f 254/61/23 269/49/23 267/45/23
f 268/47/24 262/62/24 274/53/24
f 272/196/25 263/193/25 261/58/25
f 266/194/26 275/197/26 273/195/26
s 1
f 349/98/43 351/99/44 350/100/45
f 352/101/46 354/102/47 353/103/48
f 355/104/49 357/105/50 356/106/51
f 358/107/52 360/108/53 359/109/54
f 361/110/55 363/111/56 362/112/57
f 364/113/58 366/114/59 365/115/60
f 367/116/61 369/117/62 368/118/63
f 370/119/64 372/120/65 371/121/66
f 373/122/67 375/123/68 374/124/69
f 376/125/70 378/126/71 377/127/104
f 379/128/73 381/129/74 380/130/105
f 382/131/76 384/132/77 383/133/78
f 385/134/79 387/135/80 386/136/81
f 388/137/82 390/138/83 389/139/84
f 391/140/85 393/141/86 392/142/87
f 394/143/88 396/144/89 395/145/90
f 397/146/91 399/147/92 398/148/93
f 400/149/94 402/150/95 401/151/96
f 351/99/44 355/104/49 356/106/51
f 358/107/52 353/103/48 360/108/53
f 351/152/44 354/153/47 350/154/45
f 360/155/53 357/156/50 359/157/54
f 357/105/50 361/110/55 362/112/57
f 364/113/58 359/109/54 366/114/59
f 366/158/59 363/159/56 365/160/60
f 363/111/56 367/116/61 368/118/63
f 370/119/64 365/115/60 372/120/65
f 372/161/65 369/162/62 371/163/66
f 367/116/61 374/124/69 369/117/62
f 378/126/71 370/119/64 371/121/66
f 378/164/71 375/165/68 377/166/104
f 375/123/68 379/128/73 380/130/105
f 384/132/77 376/125/70 377/127/104
f 384/167/77 381/168/74 383/169/78
f 381/129/74 385/134/79 386/136/81
f 388/137/82 383/133/78 390/138/83
f 390/170/83 387/171/80 389/172/84
f 385/134/79 392/142/87 387/135/80
f 396/144/89 388/137/82 389/139/84
f 396/173/89 393/174/86 395/175/90
f 391/140/85 398/148/93 393/141/86
f 402/150/95 394/143/88 395/145/90
f 402/176/95 399/177/92 401/178/96
f 397/146/91 350/100/45 399/147/92
f 354/102/47 400/149/94 401/151/96
f 397/146/91 373/122/67 361/110/55
f 356/179/51 353/180/48 351/181/44
f 350/154/45 401/178/96 399/177/92
f 364/113/58 388/137/82 400/149/94
f 362/182/57 359/157/54 357/156/50
f 368/183/63 365/160/60 363/159/56
f 374/184/69 371/163/66 369/162/62
f 380/185/105 377/166/104 375/165/68
f 386/186/81 383/169/78 381/168/74
f 392/187/87 389/172/84 387/171/80
f 398/188/93 395/175/90 393/174/86
f 403/98/43 405/99/44 404/100/45
f 406/101/46 408/102/47 407/103/48
f 409/104/49 411/105/50 410/106/51
f 412/107/52 414/108/53 413/109/54
f 415/110/55 417/111/56 416/112/57
f 418/113/58 420/114/59 419/115/60
f 421/116/61 423/117/62 422/118/63
f 424/119/64 426/120/65 425/121/66
f 427/122/67 429/123/68 428/124/69
f 430/125/70 432/126/71 431/127/104
f 433/128/73 435/129/74 434/130/105
f 436/131/76 438/132/77 437/133/78
f 439/134/79 441/135/80 440/136/81
f 442/137/82 444/138/83 443/139/84
f 445/140/85 447/141/86 446/142/87
f 448/143/88 450/144/89 449/145/90
f 451/146/91 453/147/92 452/148/93
f 454/149/94 456/150/95 455/151/96
f 405/99/44 409/104/49 410/106/51
f 412/107/52 407/103/48 414/108/53
f 405/152/44 408/153/47 404/154/45
f 414/155/53 411/156/50 413/157/54
f 411/105/50 415/110/55 416/112/57
f 418/113/58 413/109/54 420/114/59
f 420/158/59 417/159/56 419/160/60
f 417/111/56 421/116/61 422/118/63
f 424/119/64 419/115/60 426/120/65
f 426/161/65 423/162/62 425/163/66
f 421/116/61 428/124/69 423/117/62
f 432/126/71 424/119/64 425/121/66
f 432/164/71 429/165/68 431/166/104
f 427/122/67 434/130/105 429/123/68
f 436/131/76 431/127/104 438/132/77
f 438/167/77 435/168/74 437/169/78
f 435/129/74 439/134/79 440/136/81
f 442/137/82 437/133/78 444/138/83
f 444/170/83 441/171/80 443/172/84
f 439/134/79 446/142/87 441/135/80
f 450/144/89 442/137/82 443/139/84
f 450/173/89 447/174/86 449/175/90
f 445/140/85 452/148/93 447/141/86
f 456/150/95 448/143/88 449/145/90
f 456/176/95 453/177/92 455/178/96
f 451/146/91 404/100/45 453/147/92
f 408/102/47 454/149/94 455/151/96
f 451/146/91 427/122/67 415/110/55
f 410/179/51 407/180/48 405/181/44
f 404/154/45 455/178/96 453/177/92
f 418/113/58 442/137/82 454/149/94
f 416/182/57 413/157/54 411/156/50
f 422/183/63 419/160/60 417/159/56
f 428/184/69 425/163/66 423/162/62
f 434/185/105 431/166/104 429/165/68
f 440/186/81 437/169/78 435/168/74
f 446/187/87 443/172/84 441/171/80
f 452/188/93 449/175/90 447/174/86
f 913/377/106 924/378/107 919/379/108
f 913/380/106 920/381/109 914/382/110
f 914/382/110 921/383/111 915/384/112
f 915/384/112 922/385/113 916/386/114
f 917/387/115 922/385/113 923/388/116
f 918/389/117 923/388/116 924/378/107
f 924/378/107 925/390/118 919/379/108
f 920/381/109 925/391/118 926/392/119
f 921/383/111 926/392/119 927/393/120
f 922/385/113 927/393/120 928/394/121
f 922/385/113 929/395/122 923/388/116
f 923/388/116 930/396/123 924/378/107
f 1003/485/148 1005/486/149 1004/487/150
f 1006/488/151 1008/489/152 1007/490/153
f 1009/491/154 1011/492/155 1010/493/156
f 1012/494/157 1014/495/158 1013/496/159
f 1015/497/160 1017/498/161 1016/499/162
f 1018/500/163 1020/501/164 1019/502/165
f 1021/503/166 1023/504/167 1022/505/168
f 1024/506/169 1026/507/170 1025/508/171
f 1027/509/172 1029/510/173 1028/511/174
f 1030/512/175 1032/513/176 1031/514/177
f 1033/515/178 1035/516/179 1034/517/180
f 1036/518/181 1038/519/182 1037/520/183
f 1039/521/184 1041/522/185 1040/523/186
f 1042/524/187 1044/525/188 1043/526/189
f 1045/527/190 1047/528/191 1046/529/192
f 1048/530/193 1050/531/194 1049/532/195
f 1051/533/196 1053/534/197 1052/535/198
f 1054/536/199 1056/537/200 1055/538/201
f 1057/539/202 1059/540/203 1058/541/204
f 1060/542/205 1062/543/206 1061/544/207
f 1005/486/149 1009/491/154 1010/493/156
f 1012/494/157 1007/490/153 1014/495/158
f 1005/545/149 1008/546/152 1004/547/150
f 1014/548/158 1011/549/155 1013/550/159
f 1011/492/155 1015/497/160 1016/499/162
f 1018/500/163 1013/496/159 1020/501/164
f 1020/551/164 1017/552/161 1019/553/165
f 1015/497/160 1022/505/168 1017/498/161
f 1024/506/169 1019/502/165 1026/507/170
f 1026/554/170 1023/555/167 1025/556/171
f 1021/503/166 1028/511/174 1023/504/167
f 1032/513/176 1024/506/169 1025/508/171
f 1032/557/176 1029/558/173 1031/559/177
f 1027/509/172 1034/517/180 1029/510/173
f 1038/519/182 1030/512/175 1031/514/177
f 1038/560/182 1035/561/179 1037/562/183
f 1033/515/178 1040/523/186 1035/516/179
f 1044/525/188 1036/518/181 1037/520/183
f 1044/563/188 1041/564/185 1043/565/189
f 1041/522/185 1045/527/190 1046/529/192
f 1048/530/193 1043/526/189 1050/531/194
f 1049/566/195 1046/567/192 1047/568/191
f 1045/527/190 1052/535/198 1047/528/191
f 1054/536/199 1049/532/195 1056/537/200
f 1056/569/200 1053/570/197 1055/571/201
f 1051/533/196 1058/541/204 1053/534/197
f 1062/543/206 1054/536/199 1055/538/201
f 1061/572/207 1058/573/204 1059/574/203
f 1057/539/202 1004/487/150 1059/540/203
f 1008/489/152 1060/542/205 1061/544/207
f 1045/527/190 1021/503/166 1009/491/154
f 1010/575/156 1007/576/153 1005/577/149
f 1004/547/150 1061/572/207 1059/574/203
f 1030/512/175 1054/536/199 1006/488/151
f 1016/578/162 1013/550/159 1011/549/155
f 1022/579/168 1019/553/165 1017/552/161
f 1028/580/174 1025/556/171 1023/555/167
f 1034/581/180 1031/559/177 1029/558/173
f 1040/582/186 1037/562/183 1035/561/179
f 1046/567/192 1043/565/189 1041/564/185
f 1052/583/198 1049/566/195 1047/568/191
f 1058/573/204 1055/571/201 1053/570/197
f 1111/485/148 1113/486/149 1112/487/150
f 1114/488/151 1116/489/152 1115/490/153
f 1117/491/154 1119/492/155 1118/493/156
f 1120/494/157 1122/495/158 1121/496/159
f 1123/497/160 1125/498/161 1124/499/238
f 1126/500/163 1128/501/239 1127/502/165
f 1129/503/166 1131/504/240 1130/505/168
f 1132/506/169 1134/507/170 1133/508/241
f 1135/509/172 1137/510/173 1136/511/174
f 1138/512/175 1140/513/176 1139/514/177
f 1141/515/178 1143/516/179 1142/517/180
f 1144/518/181 1146/519/182 1145/520/183
f 1147/521/184 1149/522/185 1148/523/186
f 1150/524/187 1152/525/188 1151/526/189
f 1153/527/190 1155/528/191 1154/529/192
f 1156/530/193 1158/531/242 1157/532/195
f 1159/533/196 1161/534/197 1160/535/198
f 1162/536/199 1164/537/200 1163/538/243
f 1165/539/202 1167/540/203 1166/541/204
f 1168/542/205 1170/543/206 1169/544/207
f 1111/485/148 1118/493/156 1113/486/149
f 1122/495/158 1114/488/151 1115/490/153
f 1113/545/149 1116/546/152 1112/547/150
f 1122/548/158 1119/549/155 1121/550/159
f 1119/492/155 1123/497/160 1124/499/238
f 1126/500/163 1121/496/159 1128/501/239
f 1128/551/239 1125/552/161 1127/553/165
f 1123/497/160 1130/505/168 1125/498/161
f 1132/506/169 1127/502/165 1134/507/170
f 1134/554/170 1131/555/240 1133/556/241
f 1129/503/166 1136/511/174 1131/504/240
f 1140/513/176 1132/506/169 1133/508/241
f 1140/557/176 1137/558/173 1139/559/177
f 1137/510/173 1141/515/178 1142/517/180
f 1144/518/181 1139/514/177 1146/519/182
f 1146/560/182 1143/561/179 1145/562/183
f 1143/516/179 1147/521/184 1148/523/186
f 1150/524/187 1145/520/183 1152/525/188
f 1152/563/188 1149/564/185 1151/565/189
f 1149/522/185 1153/527/190 1154/529/192
f 1156/530/193 1151/526/189 1158/531/242
f 1158/643/242 1155/568/191 1157/566/195
f 1153/527/190 1160/535/198 1155/528/191
f 1162/536/199 1157/532/195 1164/537/200
f 1164/569/200 1161/570/197 1163/571/243
f 1159/533/196 1166/541/204 1161/534/197
f 1170/543/206 1162/536/199 1163/538/243
f 1170/644/206 1167/574/203 1169/572/207
f 1165/539/202 1112/487/150 1167/540/203
f 1116/489/152 1168/542/205 1169/544/207
f 1153/527/190 1129/503/166 1117/491/154
f 1118/575/156 1115/576/153 1113/577/149
f 1112/547/150 1169/572/207 1167/574/203
f 1138/512/175 1162/536/199 1114/488/151
f 1124/578/238 1121/550/159 1119/549/155
f 1130/579/168 1127/553/165 1125/552/161
f 1136/580/174 1133/556/241 1131/555/240
f 1142/581/180 1139/559/177 1137/558/173
f 1148/582/186 1145/562/183 1143/561/179
f 1154/567/192 1151/565/189 1149/564/185
f 1160/583/198 1157/566/195 1155/568/191
f 1166/573/204 1163/571/243 1161/570/197
f 1219/485/148 1221/486/149 1220/487/150
f 1222/488/151 1224/489/152 1223/490/153
f 1225/491/154 1227/492/155 1226/493/156
f 1228/494/157 1230/495/158 1229/496/159
f 1231/497/160 1233/498/161 1232/499/238
f 1234/500/163 1236/501/239 1235/502/165
f 1237/503/166 1239/504/240 1238/505/168
f 1240/506/169 1242/507/170 1241/508/241
f 1243/509/172 1245/510/173 1244/511/174
f 1246/512/175 1248/513/176 1247/514/177
f 1249/515/178 1251/516/179 1250/517/180
f 1252/518/181 1254/519/182 1253/520/183
f 1255/521/184 1257/522/185 1256/523/186
f 1258/524/187 1260/525/188 1259/526/189
f 1261/527/190 1263/528/191 1262/529/274
f 1264/530/193 1266/531/194 1265/532/195
f 1267/533/196 1269/534/275 1268/535/198
f 1270/536/199 1272/537/200 1271/538/201
f 1273/539/202 1275/540/203 1274/541/204
f 1276/542/205 1278/543/206 1277/544/207
f 1219/485/148 1226/493/156 1221/486/149
f 1230/495/158 1222/488/151 1223/490/153
f 1221/545/149 1224/546/152 1220/547/150
f 1230/548/158 1227/549/155 1229/550/159
f 1225/491/154 1232/499/238 1227/492/155
f 1234/500/163 1229/496/159 1236/501/239
f 1236/551/239 1233/552/161 1235/553/165
f 1231/497/160 1238/505/168 1233/498/161
f 1240/506/169 1235/502/165 1242/507/170
f 1242/554/170 1239/555/240 1241/556/241
f 1237/503/166 1244/511/174 1239/504/240
f 1248/513/176 1240/506/169 1241/508/241
f 1248/557/176 1245/558/173 1247/559/177
f 1243/509/172 1250/517/180 1245/510/173
f 1252/518/181 1247/514/177 1254/519/182
f 1254/560/182 1251/561/179 1253/562/183
f 1249/515/178 1256/523/186 1251/516/179
f 1260/525/188 1252/518/181 1253/520/183
f 1260/563/188 1257/564/185 1259/565/189
f 1255/521/184 1262/529/274 1257/522/185
f 1266/531/194 1258/524/187 1259/526/189
f 1266/643/194 1263/568/191 1265/566/195
f 1261/527/190 1268/535/198 1263/528/191
f 1270/536/199 1265/532/195 1272/537/200
f 1272/569/200 1269/570/275 1271/571/201
f 1269/534/275 1273/539/202 1274/541/204
f 1276/542/205 1271/538/201 1278/543/206
f 1278/644/206 1275/574/203 1277/572/207
f 1275/540/203 1219/485/148 1220/487/150
f 1224/489/152 1276/542/205 1277/544/207
f 1261/527/190 1237/503/166 1225/491/154
f 1226/575/156 1223/576/153 1221/577/149
f 1220/547/150 1277/572/207 1275/574/203
f 1246/512/175 1270/536/199 1222/488/151
f 1232/578/238 1229/550/159 1227/549/155
f 1238/579/168 1235/553/165 1233/552/161
f 1244/580/174 1241/556/241 1239/555/240
f 1250/581/180 1247/559/177 1245/558/173
f 1256/582/186 1253/562/183 1251/561/179
f 1262/567/274 1259/565/189 1257/564/185
f 1268/583/198 1265/566/195 1263/568/191
f 1274/573/204 1271/571/201 1269/570/275
f 1327/485/148 1329/486/149 1328/487/150
f 1330/488/151 1332/489/152 1331/490/153
f 1333/491/154 1335/492/155 1334/493/156
f 1336/494/157 1338/495/158 1337/496/159
f 1339/497/160 1341/498/161 1340/499/238
f 1342/500/163 1344/501/239 1343/502/165
f 1345/503/166 1347/504/240 1346/505/168
f 1348/506/169 1350/507/170 1349/508/241
f 1351/509/172 1353/510/173 1352/511/174
f 1354/512/175 1356/513/176 1355/514/177
f 1357/515/178 1359/516/179 1358/517/287
f 1360/518/181 1362/519/182 1361/520/183
f 1363/521/184 1365/522/185 1364/523/186
f 1366/524/187 1368/525/188 1367/526/189
f 1369/527/190 1371/528/288 1370/529/274
f 1372/530/193 1374/531/194 1373/532/195
f 1375/533/196 1377/534/275 1376/535/198
f 1378/536/199 1380/537/289 1379/538/201
f 1381/539/202 1383/540/203 1382/541/204
f 1384/542/205 1386/543/206 1385/544/207
f 1327/485/148 1334/493/156 1329/486/149
f 1336/494/157 1331/490/153 1338/495/158
f 1329/545/149 1332/546/152 1328/547/150
f 1338/548/158 1335/549/155 1337/550/159
f 1335/492/155 1339/497/160 1340/499/238
f 1344/501/239 1336/494/157 1337/496/159
f 1344/551/239 1341/552/161 1343/553/165
f 1339/497/160 1346/505/168 1341/498/161
f 1348/506/169 1343/502/165 1350/507/170
f 1350/554/170 1347/555/240 1349/556/241
f 1345/503/166 1352/511/174 1347/504/240
f 1354/512/175 1349/508/241 1356/513/176
f 1356/557/176 1353/558/173 1355/559/177
f 1353/510/173 1357/515/178 1358/517/287
f 1360/518/181 1355/514/177 1362/519/182
f 1362/560/182 1359/561/179 1361/562/183
f 1359/516/179 1363/521/184 1364/523/186
f 1368/525/188 1360/518/181 1361/520/183
f 1367/565/189 1364/582/186 1365/564/185
f 1363/521/184 1370/529/274 1365/522/185
f 1374/531/194 1366/524/187 1367/526/189
f 1374/643/194 1371/568/288 1373/566/195
f 1369/527/190 1376/535/198 1371/528/288
f 1378/536/199 1373/532/195 1380/537/289
f 1380/569/289 1377/570/275 1379/571/201
f 1377/534/275 1381/539/202 1382/541/204
f 1384/542/205 1379/538/201 1386/543/206
f 1386/644/206 1383/574/203 1385/572/207
f 1381/539/202 1328/487/150 1383/540/203
f 1330/488/151 1385/544/207 1332/489/152
f 1369/527/190 1345/503/166 1333/491/154
f 1334/575/156 1331/576/153 1329/577/149
f 1328/547/150 1385/572/207 1383/574/203
f 1354/512/175 1378/536/199 1330/488/151
f 1340/578/238 1337/550/159 1335/549/155
f 1346/579/168 1343/553/165 1341/552/161
f 1352/580/174 1349/556/241 1347/555/240
f 1358/581/287 1355/559/177 1353/558/173
f 1364/582/186 1361/562/183 1359/561/179
f 1370/567/274 1367/565/189 1365/564/185
f 1376/583/198 1373/566/195 1371/568/288
f 1382/573/204 1379/571/201 1377/570/275
f 1435/485/148 1437/486/149 1436/487/150
f 1438/488/151 1440/489/152 1439/490/153
f 1441/491/154 1443/492/155 1442/493/156
f 1444/494/157 1446/495/158 1445/496/159
f 1447/497/160 1449/498/161 1448/499/238
f 1450/500/163 1452/501/239 1451/502/165
f 1453/503/166 1455/504/240 1454/505/168
f 1456/506/169 1458/507/170 1457/508/241
f 1459/509/172 1461/510/173 1460/511/174
f 1462/512/175 1464/513/176 1463/514/177
f 1465/515/178 1467/516/179 1466/517/180
f 1468/518/181 1470/519/182 1469/520/183
f 1471/521/184 1473/522/185 1472/523/186
f 1474/524/187 1476/525/188 1475/526/189
f 1477/527/190 1479/528/191 1478/529/274
f 1480/530/193 1482/531/194 1481/532/195
f 1483/533/196 1485/534/275 1484/535/198
f 1486/536/199 1488/537/200 1487/538/201
f 1489/539/202 1491/540/203 1490/541/204
f 1492/542/205 1494/543/206 1493/544/207
f 1437/486/149 1441/491/154 1442/493/156
f 1444/494/157 1439/490/153 1446/495/158
f 1437/545/149 1440/546/152 1436/547/150
f 1446/548/158 1443/549/155 1445/550/159
f 1441/491/154 1448/499/238 1443/492/155
f 1452/501/239 1444/494/157 1445/496/159
f 1452/551/239 1449/552/161 1451/553/165
f 1447/497/160 1454/505/168 1449/498/161
f 1456/506/169 1451/502/165 1458/507/170
f 1458/554/170 1455/555/240 1457/556/241
f 1453/503/166 1460/511/174 1455/504/240
f 1462/512/175 1457/508/241 1464/513/176
f 1464/557/176 1461/558/173 1463/559/177
f 1459/509/172 1466/517/180 1461/510/173
f 1470/519/182 1462/512/175 1463/514/177
f 1470/560/182 1467/561/179 1469/562/183
f 1467/516/179 1471/521/184 1472/523/186
f 1476/525/188 1468/518/181 1469/520/183
f 1475/565/189 1472/582/186 1473/564/185
f 1473/522/185 1477/527/190 1478/529/274
f 1482/531/194 1474/524/187 1475/526/189
f 1482/643/194 1479/568/191 1481/566/195
f 1477/527/190 1484/535/198 1479/528/191
f 1486/536/199 1481/532/195 1488/537/200
f 1488/569/200 1485/570/275 1487/571/201
f 1483/533/196 1490/541/204 1485/534/275
f 1492/542/205 1487/538/201 1494/543/206
f 1494/644/206 1491/574/203 1493/572/207
f 1489/539/202 1436/487/150 1491/540/203
f 1438/488/151 1493/544/207 1440/489/152
f 1477/527/190 1453/503/166 1441/491/154
f 1442/575/156 1439/576/153 1437/577/149
f 1436/547/150 1493/572/207 1491/574/203
f 1462/512/175 1486/536/199 1438/488/151
f 1448/578/238 1445/550/159 1443/549/155
f 1454/579/168 1451/553/165 1449/552/161
f 1460/580/174 1457/556/241 1455/555/240
f 1466/581/180 1463/559/177 1461/558/173
f 1467/561/179 1476/563/188 1469/562/183
f 1478/567/274 1475/565/189 1473/564/185
f 1484/583/198 1481/566/195 1479/568/191
f 1490/573/204 1487/571/201 1485/570/275
s 0
f 1813/957/392 1819/958/392 1818/959/392
f 1815/379/393 1819/958/393 1814/960/393
f 1816/961/394 1820/265/394 1815/950/394
f 1816/961/395 1822/962/395 1821/963/395
f 1817/964/396 1818/959/396 1822/962/396
f 1819/958/397 1823/965/397 1818/959/397
f 1819/958/398 1825/846/398 1824/966/398
f 1821/963/20 1825/847/20 1820/265/20
f 1821/963/399 1827/967/399 1826/968/399
f 1822/962/400 1823/965/400 1827/967/400
f 1824/966/401 1828/969/401 1823/965/401
f 1825/846/402 1829/970/402 1824/966/402
f 1826/968/403 1830/971/403 1825/847/403
f 1827/967/404 1831/972/404 1826/968/404
f 1827/967/405 1828/969/405 1832/973/405
f 1829/970/406 1833/974/406 1828/969/406
f 1829/970/407 1835/975/407 1834/976/407
f 1831/972/408 1835/977/408 1830/971/408
f 1832/973/409 1836/978/409 1831/972/409
f 1832/973/410 1833/974/410 1837/979/410
f 1834/976/411 1838/980/411 1833/974/411
f 1834/976/412 1840/981/412 1839/982/412
f 1836/978/19 1840/983/19 1835/977/19
f 1837/979/413 1841/984/413 1836/978/413
f 1837/979/414 1838/980/414 1842/985/414
f 1838/980/415 1844/986/415 1843/987/415
f 1840/981/416 1844/986/416 1839/982/416
f 1841/984/417 1845/391/417 1840/983/417
f 1842/985/418 1846/988/418 1841/984/418
f 1838/980/419 1847/989/419 1842/985/419
f 1844/990/420 1848/991/420 1843/992/420
f 1845/993/421 1849/994/421 1844/990/421
f 1846/995/422 1850/996/422 1845/997/422
f 1846/995/423 1852/998/423 1851/999/423
f 1847/1000/424 1848/991/424 1852/998/424
f 1848/991/425 1854/1001/425 1853/1002/425
f 1849/994/426 1855/1003/426 1854/1001/426
f 1851/999/13 1855/1004/13 1850/996/13
f 1851/999/427 1857/1005/427 1856/1006/427
f 1848/991/428 1857/1005/428 1852/998/428
f 1854/1001/429 1858/1007/429 1853/1002/429
f 1855/1003/430 1859/1008/430 1854/1001/430
f 1856/1006/431 1860/1009/431 1855/1004/431
f 1857/1005/432 1861/1010/432 1856/1006/432
f 1853/1002/433 1862/1011/433 1857/1005/433
f 1858/1007/434 1864/1012/434 1863/1013/434
f 1859/1008/435 1865/841/435 1864/1012/435
f 1861/1010/436 1865/1014/436 1860/1009/436
f 1862/1011/437 1866/1015/437 1861/1010/437
f 1858/1007/438 1867/1016/438 1862/1011/438
f 1863/1013/439 1869/1017/439 1868/1018/439
f 1864/1012/440 1870/1019/440 1869/1017/440
f 1866/1015/14 1870/1020/14 1865/1014/14
f 1867/1016/441 1871/1021/441 1866/1015/441
f 1867/1016/442 1868/1018/442 1872/1022/442
f 1868/1018/443 1814/960/443 1813/957/443
f 1869/1017/444 1815/379/444 1814/960/444
f 1871/1021/445 1815/950/445 1870/1020/445
f 1871/1021/446 1817/964/446 1816/961/446
f 1868/1018/447 1817/964/447 1872/1022/447
f 1898/960/472 1902/959/472 1897/957/472
f 1898/960/393 1904/1053/393 1903/958/393
f 1900/961/394 1904/265/394 1899/950/394
f 1901/964/395 1905/963/395 1900/961/395
f 1901/964/396 1902/959/396 1906/962/396
f 1903/958/397 1907/965/397 1902/959/397
f 1903/958/398 1909/846/398 1908/966/398
f 1905/963/20 1909/847/20 1904/265/20
f 1906/962/399 1910/968/399 1905/963/399
f 1902/959/400 1911/967/400 1906/962/400
f 1908/966/401 1912/969/401 1907/965/401
f 1909/846/402 1913/970/402 1908/966/402
f 1910/968/403 1914/971/403 1909/847/403
f 1910/968/404 1916/973/404 1915/972/404
f 1911/967/405 1912/969/405 1916/973/405
f 1913/970/406 1917/974/406 1912/969/406
f 1914/951/407 1918/976/407 1913/970/407
f 1915/972/408 1919/977/408 1914/971/408
f 1916/973/409 1920/978/409 1915/972/409
f 1912/969/410 1921/979/410 1916/973/410
f 1917/974/411 1923/982/411 1922/980/411
f 1919/975/412 1923/982/412 1918/976/412
f 1920/978/19 1924/983/19 1919/977/19
f 1921/979/413 1925/984/413 1920/978/413
f 1921/979/414 1922/980/414 1926/985/414
f 1922/980/415 1928/986/415 1927/987/415
f 1924/981/416 1928/986/416 1923/982/416
f 1925/984/417 1929/391/417 1924/983/417
f 1925/984/418 1931/989/418 1930/988/418
f 1922/980/419 1931/989/419 1926/985/419
f 1927/992/473 1933/994/473 1932/991/473
f 1928/990/421 1934/1054/421 1933/994/421
f 1930/995/422 1934/996/422 1929/997/422
f 1930/995/423 1936/998/423 1935/999/423
f 1931/1000/474 1932/991/474 1936/998/474
f 1933/994/425 1937/1002/425 1932/991/425
f 1934/1054/426 1938/1001/426 1933/994/426
f 1935/999/13 1939/1004/13 1934/996/13
f 1936/998/427 1940/1006/427 1935/999/427
f 1936/998/428 1937/1002/428 1941/1005/428
f 1937/1002/429 1943/1008/429 1942/1007/429
f 1939/1003/430 1943/1008/430 1938/1001/430
f 1940/1006/431 1944/1009/431 1939/1004/431
f 1941/1005/432 1945/1010/432 1940/1006/432
f 1937/1002/433 1946/1011/433 1941/1005/433
f 1942/1007/434 1948/1012/434 1947/1013/434
f 1943/1008/435 1949/841/435 1948/1012/435
f 1945/1010/436 1949/1014/436 1944/1009/436
f 1946/1011/437 1950/1015/437 1945/1010/437
f 1942/1007/438 1951/1016/438 1946/1011/438
f 1947/1013/439 1953/1017/439 1952/1018/439
f 1949/841/440 1953/1017/440 1948/1012/440
f 1950/1015/14 1954/1020/14 1949/1014/14
f 1951/1016/441 1955/1021/441 1950/1015/441
f 1947/1013/442 1956/1022/442 1951/1016/442
f 1952/1018/443 1898/960/443 1897/957/443
f 1954/1019/444 1898/960/444 1953/1017/444
f 1955/1021/445 1899/950/445 1954/1020/445
f 1955/1021/446 1901/964/446 1900/961/446
f 1952/1018/447 1901/964/447 1956/1022/447
f 1982/960/472 1986/959/472 1981/957/472
f 1983/379/393 1987/958/393 1982/960/393
f 1984/961/394 1988/265/394 1983/950/394
f 1985/964/395 1989/963/395 1984/961/395
f 1985/964/396 1986/959/396 1990/962/396
f 1986/959/397 1992/966/397 1991/965/397
f 1988/1053/398 1992/966/398 1987/958/398
f 1989/963/20 1993/847/20 1988/265/20
f 1990/962/399 1994/968/399 1989/963/399
f 1990/962/400 1991/965/400 1995/967/400
f 1991/965/401 1997/970/401 1996/969/401
f 1993/846/402 1997/970/402 1992/966/402
f 1994/968/403 1998/971/403 1993/847/403
f 1995/967/404 1999/972/404 1994/968/404
f 1995/967/405 1996/969/405 2000/973/405
f 1997/970/406 2001/974/406 1996/969/406
f 1997/970/407 2003/975/407 2002/976/407
f 1999/972/408 2003/977/408 1998/971/408
f 2000/973/409 2004/978/409 1999/972/409
f 1996/969/410 2005/979/410 2000/973/410
f 2002/976/411 2006/980/411 2001/974/411
f 2003/975/412 2007/982/412 2002/976/412
f 2004/978/19 2008/983/19 2003/977/19
f 2004/978/413 2010/985/413 2009/984/413
f 2001/974/414 2010/985/414 2005/979/414
f 2007/982/499 2011/987/499 2006/980/499
f 2008/981/416 2012/986/416 2007/982/416
f 2009/984/417 2013/391/417 2008/983/417
f 2009/984/418 2015/989/418 2014/988/418
f 2010/985/419 2011/987/419 2015/989/419
f 2012/990/420 2016/991/420 2011/992/420
f 2012/990/421 2018/1054/421 2017/994/421
f 2014/995/422 2018/996/422 2013/997/422
f 2014/995/423 2020/998/423 2019/999/423
f 2011/992/424 2020/998/424 2015/1000/424
f 2017/994/425 2021/1002/425 2016/991/425
f 2017/994/426 2023/1003/426 2022/1001/426
f 2019/999/13 2023/1004/13 2018/996/13
f 2020/998/427 2024/1006/427 2019/999/427
f 2020/998/428 2021/1002/428 2025/1005/428
f 2022/1001/429 2026/1007/429 2021/1002/429
f 2023/1003/430 2027/1008/430 2022/1001/430
f 2024/1006/431 2028/1009/431 2023/1004/431
f 2024/1006/432 2030/1011/432 2029/1010/432
f 2025/1005/433 2026/1007/433 2030/1011/433
f 2026/1007/434 2032/1012/434 2031/1013/434
f 2028/944/435 2032/1012/435 2027/1008/435
f 2029/1010/436 2033/1014/436 2028/1009/436
f 2029/1010/437 2035/1016/437 2034/1015/437
f 2026/1007/438 2035/1016/438 2030/1011/438
f 2031/1013/500 2037/1017/500 2036/1018/500
f 2032/1012/440 2038/1019/440 2037/1017/440
f 2034/1015/14 2038/1020/14 2033/1014/14
f 2035/1016/441 2039/1021/441 2034/1015/441
f 2031/1013/442 2040/1022/442 2035/1016/442
f 2037/1017/501 1981/957/501 2036/1018/501
f 2038/1019/444 1982/960/444 2037/1017/444
f 2039/1021/445 1983/950/445 2038/1020/445
f 2039/1021/446 1985/964/446 1984/961/446
f 2040/1022/447 1981/957/447 1985/964/447
s 1
f 2065/1057/526 2070/1058/527 2066/1059/528
f 2072/1060/529 2067/1061/530 2068/1062/531
f 2069/1063/532 2074/1064/533 2070/1058/527
f 2075/1065/534 2072/1060/529 2076/1066/535
f 2073/1067/536 2078/1068/537 2074/1064/533
f 2079/1069/538 2076/1066/535 2080/1070/539
f 2077/1071/540 2082/1072/541 2078/1068/537
f 2083/1073/542 2080/1070/539 2084/1074/543
f 2081/1075/544 2086/1076/545 2082/1072/541
f 2087/1077/546 2084/1074/543 2088/1078/547
f 2085/1079/548 2090/1080/549 2086/1076/545
f 2092/1081/550 2087/1077/546 2088/1078/547
f 2090/1080/549 2093/1082/551 2094/1083/552
f 2095/1084/553 2092/1081/550 2096/1085/554
f 2094/1083/552 2097/1086/555 2098/1087/556
f 2099/1088/557 2096/1085/554 2100/1089/558
f 2097/1086/555 2102/1090/559 2098/1087/556
f 2103/1091/560 2100/1089/558 2104/1092/561
f 2101/1093/562 2106/1094/563 2102/1090/559
f 2107/1095/564 2104/1092/561 2108/1096/565
f 2105/1097/566 2110/1098/567 2106/1094/563
f 2111/1099/568 2108/1096/565 2112/1100/569
f 2110/1098/567 2065/1057/526 2066/1059/528
f 2067/1061/530 2112/1100/569 2068/1062/531
f 2101/1093/562 2085/1079/548 2069/1063/532
f 2070/1101/527 2068/1102/531 2066/1103/528
f 2066/1104/528 2112/1105/569 2110/1106/567
f 2083/1073/542 2099/1088/557 2067/1061/530
f 2074/1107/533 2072/1108/529 2070/1101/527
f 2078/1109/537 2076/1110/535 2074/1107/533
f 2082/1111/541 2080/1112/539 2078/1109/537
f 2086/1113/545 2084/1114/543 2082/1111/541
f 2090/1115/549 2088/1116/547 2086/1113/545
f 2094/1117/552 2092/1118/550 2090/1115/549
f 2098/1119/556 2096/1120/554 2094/1117/552
f 2102/1121/559 2100/1122/558 2098/1119/556
f 2106/1123/563 2104/1124/561 2102/1121/559
f 2110/1106/567 2108/1125/565 2106/1123/563
f 2161/1057/526 2166/1058/527 2162/1059/528
f 2168/1060/529 2163/1061/530 2164/1062/531
f 2165/1063/532 2170/1064/533 2166/1058/527
f 2171/1065/534 2168/1060/529 2172/1066/535
f 2169/1067/596 2174/1068/537 2170/1064/533
f 2175/1069/578 2172/1066/535 2176/1070/539
f 2173/1071/540 2178/1072/541 2174/1068/537
f 2179/1073/542 2176/1070/539 2180/1074/543
f 2177/1075/597 2182/1076/545 2178/1072/541
f 2183/1077/546 2180/1074/543 2184/1078/547
f 2181/1079/548 2186/1080/549 2182/1076/545
f 2188/1081/550 2183/1077/546 2184/1078/547
f 2185/1181/598 2190/1083/552 2186/1080/549
f 2191/1084/553 2188/1081/550 2192/1085/554
f 2190/1083/552 2193/1086/599 2194/1087/556
f 2195/1088/557 2192/1085/554 2196/1089/558
f 2194/1087/556 2197/1093/562 2198/1090/559
f 2199/1091/590 2196/1089/558 2200/1092/561
f 2197/1093/562 2202/1094/563 2198/1090/559
f 2203/1095/564 2200/1092/561 2204/1096/565
f 2201/1097/600 2206/1098/567 2202/1094/563
f 2207/1099/568 2204/1096/565 2208/1100/569
f 2206/1098/567 2161/1057/526 2162/1059/528
f 2163/1061/530 2208/1100/569 2164/1062/531
f 2197/1093/562 2181/1079/548 2165/1063/532
f 2166/1182/527 2164/1183/531 2162/1184/528
f 2162/1185/528 2208/1186/569 2206/1187/567
f 2179/1073/542 2195/1088/557 2163/1061/530
f 2170/1188/533 2168/1189/529 2166/1182/527
f 2174/1190/537 2172/1191/535 2170/1188/533
f 2178/1192/541 2176/1193/539 2174/1190/537
f 2182/1194/545 2180/1195/543 2178/1192/541
f 2186/1196/549 2184/1197/547 2182/1194/545
f 2190/1198/552 2188/1199/550 2186/1196/549
f 2194/1200/556 2192/1201/554 2190/1198/552
f 2198/1202/559 2196/1203/558 2194/1200/556
f 2202/1204/563 2200/1205/561 2198/1202/559
f 2206/1187/567 2204/1206/565 2202/1204/563
s 0
f 2209/1207/1 2211/1208/1 2210/399/1
f 2212/1209/2 2214/1210/2 2213/1211/2
f 2215/1212/3 2217/404/3 2216/1213/3
f 2218/1214/4 2220/1215/4 2219/1216/4
f 2221/1217/5 2223/1218/5 2222/1219/5
f 2224/1220/6 2226/1221/6 2225/1222/6
f 2227/1223/7 2229/1224/7 2228/1225/7
f 2230/1226/8 2232/1227/8 2231/1228/8
f 2216/1213/9 2209/1207/9 2215/1212/9
f 2211/1229/10 2212/1209/10 2210/1230/10
f 2214/1210/11 2218/1214/11 2213/1211/11
f 2220/1215/12 2217/1231/12 2219/1216/12
f 2228/1225/13 2215/1212/13 2227/1223/13
f 2219/1216/14 2230/1226/14 2218/1214/14
f 2232/1227/15 2229/1224/15 2231/1228/15
f 2222/1219/16 2227/1223/16 2221/1217/16
f 2231/1228/17 2224/1220/17 2230/1226/17
f 2226/1221/18 2223/1218/18 2225/1222/18
f 2210/399/19 2221/1217/19 2209/1207/19
f 2225/1222/20 2213/424/20 2224/1220/20
f 2209/1207/21 2227/1223/21 2215/1212/21
f 2216/1232/22 2214/1210/22 2211/1229/22
f 2210/1233/23 2225/1222/23 2223/1218/23
f 2224/1220/24 2218/1234/24 2230/1226/24
f 2228/1225/25 2219/1216/25 2217/1231/25
f 2222/1219/26 2231/1228/26 2229/1224/26
f 2233/1207/1 2235/1208/1 2234/399/1
f 2236/1209/2 2238/1210/2 2237/1211/2
f 2239/1212/3 2241/404/3 2240/1213/3
f 2242/1214/4 2244/1215/4 2243/1235/4
f 2245/1217/5 2247/1218/5 2246/1219/5
f 2248/1220/6 2250/1221/6 2249/1222/6
f 2251/1223/7 2253/1224/7 2252/1225/7
f 2254/1226/8 2256/1227/8 2255/1236/8
f 2240/1213/9 2233/1207/9 2239/1212/9
f 2235/1229/10 2236/1209/10 2234/1230/10
f 2238/1210/11 2242/1214/11 2237/1211/11
f 2244/1215/12 2241/1231/12 2243/1235/12
f 2252/1225/13 2239/1212/13 2251/1223/13
f 2243/1235/14 2254/1226/14 2242/1214/14
f 2256/1227/15 2253/1224/15 2255/1236/15
f 2246/1219/16 2251/1223/16 2245/1217/16
f 2255/1236/17 2248/1220/17 2254/1226/17
f 2250/1221/18 2247/1218/18 2249/1222/18
f 2234/399/19 2245/1217/19 2233/1207/19
f 2249/1222/20 2237/424/20 2248/1220/20
f 2233/1207/21 2251/1223/21 2239/1212/21
f 2240/1232/22 2238/1210/22 2235/1229/22
f 2234/1233/23 2249/1222/23 2247/1218/23
f 2248/1220/24 2242/1234/24 2254/1226/24
f 2252/1225/25 2243/1235/25 2241/1231/25
f 2246/1219/26 2255/1236/26 2253/1224/26
f 2257/1207/1 2259/1208/1 2258/399/1
f 2260/1209/2 2262/1210/2 2261/1211/2
f 2263/1212/3 2265/404/3 2264/1213/3
f 2266/1214/4 2268/1215/4 2267/1235/4
f 2269/1217/5 2271/1218/5 2270/1219/5
f 2272/1220/6 2274/1221/6 2273/1222/6
f 2275/1223/7 2277/1224/7 2276/1225/7
f 2278/1226/8 2280/1227/8 2279/1236/8
f 2264/1213/9 2257/1207/9 2263/1212/9
f 2259/1229/10 2260/1209/10 2258/1230/10
f 2262/1210/11 2266/1214/11 2261/1211/11
f 2268/1215/12 2265/1231/12 2267/1235/12
f 2276/1225/13 2263/1212/13 2275/1223/13
f 2267/1235/14 2278/1226/14 2266/1214/14
f 2280/1227/15 2277/1224/15 2279/1236/15
f 2270/1219/16 2275/1223/16 2269/1217/16
f 2279/1236/17 2272/1220/17 2278/1226/17
f 2274/1221/18 2271/1218/18 2273/1222/18
f 2258/399/19 2269/1217/19 2257/1207/19
f 2273/1222/20 2261/424/20 2272/1220/20
f 2257/1207/21 2275/1223/21 2263/1212/21
f 2264/1232/22 2262/1210/22 2259/1229/22
f 2258/1233/23 2273/1222/23 2271/1218/23
f 2272/1220/24 2266/1234/24 2278/1226/24
f 2276/1225/25 2267/1235/25 2265/1231/25
f 2270/1219/26 2279/1236/26 2277/1224/26
f 2281/1207/1 2283/1208/1 2282/399/1
f 2284/1209/2 2286/1210/2 2285/1211/2
f 2287/1212/3 2289/404/3 2288/1213/3
f 2290/1214/4 2292/1215/4 2291/1235/4
f 2293/1217/5 2295/1218/5 2294/1219/5
f 2296/1220/6 2298/1221/6 2297/1222/6
f 2299/1223/7 2301/1224/7 2300/1225/7
f 2302/1226/8 2304/1227/8 2303/1236/8
f 2288/1213/9 2281/1207/9 2287/1212/9
f 2283/1229/10 2284/1209/10 2282/1230/10
f 2286/1210/11 2290/1214/11 2285/1211/11
f 2292/1215/12 2289/1231/12 2291/1235/12
f 2300/1225/13 2287/1212/13 2299/1223/13
f 2291/1235/14 2302/1226/14 2290/1214/14
f 2304/1227/15 2301/1224/15 2303/1236/15
f 2294/1219/16 2299/1223/16 2293/1217/16
f 2303/1236/17 2296/1220/17 2302/1226/17
f 2298/1221/18 2295/1218/18 2297/1222/18
f 2282/399/19 2293/1217/19 2281/1207/19
f 2297/1222/20 2285/424/20 2296/1220/20
f 2281/1207/21 2299/1223/21 2287/1212/21
f 2288/1232/22 2286/1210/22 2283/1229/22
f 2282/1233/23 2297/1222/23 2295/1218/23
f 2296/1220/24 2290/1234/24 2302/1226/24
f 2300/1225/25 2291/1235/25 2289/1231/25
f 2294/1219/26 2303/1236/26 2301/1224/26
s 1
f 2305/377/601 2316/840/602 2311/841/603
f 2305/380/601 2312/842/604 2306/382/605
f 2306/382/605 2313/843/606 2307/384/607
f 2307/384/607 2314/844/608 2308/386/609
f 2308/386/609 2315/845/610 2309/387/611
f 2310/389/612 2315/845/610 2316/840/602
f 2316/840/602 2317/846/613 2311/841/603
f 2311/1014/603 2318/848/614 2312/842/604
f 2312/842/604 2319/849/615 2313/843/606
f 2313/843/606 2320/850/616 2314/844/608
f 2314/844/608 2321/851/617 2315/845/610
f 2315/845/610 2322/852/618 2316/840/602
f 2322/852/618 2323/390/619 2317/846/613
f 2317/847/613 2324/392/620 2318/848/614
f 2319/849/615 2324/392/620 2325/393/621
f 2320/850/616 2325/393/621 2326/394/622
f 2320/850/616 2327/395/623 2321/851/617
f 2321/851/617 2328/396/624 2322/852/618
s 0
f 32/40/9 27/33/9 25/32/9
f 27/56/10 30/36/10 28/35/10
f 30/36/11 36/42/11 34/41/11
f 36/42/12 32/60/12 33/58/12
f 44/52/13 33/39/13 31/38/13
f 35/43/14 48/54/14 46/53/14
f 48/54/15 44/52/15 45/51/15
f 38/46/16 45/51/16 43/50/16
f 47/55/17 42/48/17 40/47/17
f 42/48/18 38/46/18 39/45/18
f 26/34/19 39/45/19 37/44/19
f 41/49/20 28/1239/20 29/59/20
f 25/32/21 37/44/21 43/50/21
f 32/60/22 36/42/22 30/36/22
f 26/61/23 28/1239/23 41/49/23
f 40/47/24 29/1240/24 34/62/24
f 44/52/25 48/54/25 35/43/25
f 38/46/26 42/48/26 47/55/26
s 1
f 121/98/43 127/104/49 128/106/51
f 130/107/52 124/101/46 125/103/48
f 123/152/44 125/1243/48 126/153/47
f 132/155/53 128/179/51 129/156/50
f 127/104/49 133/110/55 134/112/57
f 138/114/59 136/113/58 130/107/52
f 138/158/59 134/182/57 135/159/56
f 133/110/55 139/116/61 140/118/63
f 144/120/65 142/119/64 136/113/58
f 144/161/65 140/183/63 141/162/62
f 139/116/61 145/122/67 146/124/69
f 150/126/71 148/125/70 142/119/64
f 150/164/71 146/184/69 147/165/68
f 147/123/68 145/122/67 151/128/73
f 156/132/77 154/131/76 148/125/70
f 156/167/77 152/185/75 153/168/74
f 153/129/74 151/128/73 157/134/79
f 160/137/82 154/131/76 155/133/78
f 162/170/83 158/186/81 159/171/80
f 159/135/80 157/134/79 163/140/85
f 166/143/88 160/137/82 161/139/84
f 168/173/89 164/187/87 165/174/86
f 165/141/86 163/140/85 169/146/91
f 172/149/94 166/143/88 167/145/90
f 174/176/95 170/188/93 171/177/92
f 171/147/92 169/146/91 121/98/43
f 126/102/47 124/101/46 172/149/94
f 127/104/49 121/98/43 169/146/91
f 169/146/91 163/140/85 157/134/79
f 157/134/79 151/128/73 145/122/67
f 145/122/67 139/116/61 133/110/55
f 133/110/55 127/104/49 169/146/91
f 169/146/91 157/134/79 145/122/67
f 128/179/51 132/155/53 125/180/48
f 122/154/45 126/153/47 173/178/96
f 124/101/46 130/107/52 136/113/58
f 136/113/58 142/119/64 148/125/70
f 148/125/70 154/131/76 160/137/82
f 160/137/82 166/143/88 172/149/94
f 172/149/94 124/101/46 136/113/58
f 136/113/58 148/125/70 160/137/82
f 134/182/57 138/158/59 131/157/54
f 140/183/63 144/161/65 137/160/60
f 146/184/69 150/164/71 143/163/66
f 152/185/75 156/167/77 149/166/72
f 158/186/81 162/170/83 155/169/78
f 164/187/87 168/173/89 161/172/84
f 170/188/93 174/176/95 167/175/90
f 177/99/44 175/98/43 181/104/49
f 184/107/52 178/101/46 179/103/48
f 177/152/44 179/1243/48 180/153/47
f 186/155/53 182/179/51 183/156/50
f 181/104/49 187/110/55 188/112/57
f 192/114/59 190/113/58 184/107/52
f 192/158/59 188/182/57 189/159/56
f 187/110/55 193/116/61 194/118/63
f 198/120/65 196/119/64 190/113/58
f 198/161/65 194/183/63 195/162/62
f 193/116/61 199/122/67 200/124/69
f 202/125/70 196/119/64 197/121/66
f 204/164/71 200/184/69 201/165/68
f 199/122/67 205/128/73 206/130/75
f 208/131/76 202/125/70 203/127/72
f 210/167/77 206/185/75 207/168/74
f 205/128/73 211/134/79 212/136/81
f 214/137/82 208/131/76 209/133/78
f 216/170/83 212/186/81 213/171/80
f 213/135/80 211/134/79 217/140/85
f 220/143/88 214/137/82 215/139/84
f 222/173/89 218/187/87 219/174/86
f 219/141/86 217/140/85 223/146/91
f 226/149/94 220/143/88 221/145/90
f 228/176/95 224/188/93 225/177/92
f 223/146/91 175/98/43 176/100/45
f 180/102/47 178/101/46 226/149/94
f 181/104/49 175/98/43 223/146/91
f 223/146/91 217/140/85 211/134/79
f 211/134/79 205/128/73 199/122/67
f 199/122/67 193/116/61 187/110/55
f 187/110/55 181/104/49 223/146/91
f 223/146/91 211/134/79 199/122/67
f 182/179/51 186/155/53 179/180/48
f 176/154/45 180/153/47 227/178/96
f 178/101/46 184/107/52 190/113/58
f 190/113/58 196/119/64 202/125/70
f 202/125/70 208/131/76 214/137/82
f 214/137/82 220/143/88 226/149/94
f 226/149/94 178/101/46 190/113/58
f 190/113/58 202/125/70 214/137/82
f 188/182/57 192/158/59 185/157/54
f 194/183/63 198/161/65 191/160/60
f 200/184/69 204/164/71 197/163/66
f 206/185/75 210/167/77 203/166/72
f 212/186/81 216/170/83 209/169/78
f 218/187/87 222/173/89 215/172/84
f 224/188/93 228/176/95 221/175/90
s 0
f 260/40/9 255/33/9 253/32/9
f 255/56/10 258/36/10 256/35/10
f 258/36/11 264/42/11 262/41/11
f 264/42/12 260/60/12 261/58/12
f 272/196/13 261/39/13 259/38/13
f 263/193/14 276/54/14 274/53/14
f 276/54/15 272/196/15 273/195/15
f 266/194/16 273/195/16 271/50/16
f 275/197/17 270/48/17 268/47/17
f 270/48/18 266/194/18 267/45/18
f 254/34/19 267/45/19 265/44/19
f 269/49/20 256/1239/20 257/59/20
f 253/32/21 265/44/21 271/50/21
f 260/60/22 264/42/22 258/36/22
f 254/61/23 256/1239/23 269/49/23
f 268/47/24 257/1240/24 262/62/24
f 272/196/25 276/54/25 263/193/25
f 266/194/26 270/48/26 275/197/26
s 1
f 351/99/44 349/98/43 355/104/49
f 358/107/52 352/101/46 353/103/48
f 351/152/44 353/1243/48 354/153/47
f 360/155/53 356/179/51 357/156/50
f 357/105/50 355/104/49 361/110/55
f 364/113/58 358/107/52 359/109/54
f 366/158/59 362/182/57 363/159/56
f 363/111/56 361/110/55 367/116/61
f 370/119/64 364/113/58 365/115/60
f 372/161/65 368/183/63 369/162/62
f 367/116/61 373/122/67 374/124/69
f 378/126/71 376/125/70 370/119/64
f 378/164/71 374/184/69 375/165/68
f 375/123/68 373/122/67 379/128/73
f 384/132/77 382/131/76 376/125/70
f 384/167/77 380/185/105 381/168/74
f 381/129/74 379/128/73 385/134/79
f 388/137/82 382/131/76 383/133/78
f 390/170/83 386/186/81 387/171/80
f 385/134/79 391/140/85 392/142/87
f 396/144/89 394/143/88 388/137/82
f 396/173/89 392/187/87 393/174/86
f 391/140/85 397/146/91 398/148/93
f 402/150/95 400/149/94 394/143/88
f 402/176/95 398/188/93 399/177/92
f 397/146/91 349/98/43 350/100/45
f 354/102/47 352/101/46 400/149/94
f 355/104/49 349/98/43 397/146/91
f 397/146/91 391/140/85 385/134/79
f 385/134/79 379/128/73 373/122/67
f 373/122/67 367/116/61 361/110/55
f 361/110/55 355/104/49 397/146/91
f 397/146/91 385/134/79 373/122/67
f 356/179/51 360/155/53 353/180/48
f 350/154/45 354/153/47 401/178/96
f 352/101/46 358/107/52 364/113/58
f 364/113/58 370/119/64 376/125/70
f 376/125/70 382/131/76 388/137/82
f 388/137/82 394/143/88 400/149/94
f 400/149/94 352/101/46 364/113/58
f 364/113/58 376/125/70 388/137/82
f 362/182/57 366/158/59 359/157/54
f 368/183/63 372/161/65 365/160/60
f 374/184/69 378/164/71 371/163/66
f 380/185/105 384/167/77 377/166/104
f 386/186/81 390/170/83 383/169/78
f 392/187/87 396/173/89 389/172/84
f 398/188/93 402/176/95 395/175/90
f 405/99/44 403/98/43 409/104/49
f 412/107/52 406/101/46 407/103/48
f 405/152/44 407/1243/48 408/153/47
f 414/155/53 410/179/51 411/156/50
f 411/105/50 409/104/49 415/110/55
f 418/113/58 412/107/52 413/109/54
f 420/158/59 416/182/57 417/159/56
f 417/111/56 415/110/55 421/116/61
f 424/119/64 418/113/58 419/115/60
f 426/161/65 422/183/63 423/162/62
f 421/116/61 427/122/67 428/124/69
f 432/126/71 430/125/70 424/119/64
f 432/164/71 428/184/69 429/165/68
f 427/122/67 433/128/73 434/130/105
f 436/131/76 430/125/70 431/127/104
f 438/167/77 434/185/105 435/168/74
f 435/129/74 433/128/73 439/134/79
f 442/137/82 436/131/76 437/133/78
f 444/170/83 440/186/81 441/171/80
f 439/134/79 445/140/85 446/142/87
f 450/144/89 448/143/88 442/137/82
f 450/173/89 446/187/87 447/174/86
f 445/140/85 451/146/91 452/148/93
f 456/150/95 454/149/94 448/143/88
f 456/176/95 452/188/93 453/177/92
f 451/146/91 403/98/43 404/100/45
f 408/102/47 406/101/46 454/149/94
f 409/104/49 403/98/43 451/146/91
f 451/146/91 445/140/85 439/134/79
f 439/134/79 433/128/73 427/122/67
f 427/122/67 421/116/61 415/110/55
f 415/110/55 409/104/49 451/146/91
f 451/146/91 439/134/79 427/122/67
f 410/179/51 414/155/53 407/180/48
f 404/154/45 408/153/47 455/178/96
f 406/101/46 412/107/52 418/113/58
f 418/113/58 424/119/64 430/125/70
f 430/125/70 436/131/76 442/137/82
f 442/137/82 448/143/88 454/149/94
f 454/149/94 406/101/46 418/113/58
f 418/113/58 430/125/70 442/137/82
f 416/182/57 420/158/59 413/157/54
f 422/183/63 426/161/65 419/160/60
f 428/184/69 432/164/71 425/163/66
f 434/185/105 438/167/77 431/166/104
f 440/186/81 444/170/83 437/169/78
f 446/187/87 450/173/89 443/172/84
f 452/188/93 456/176/95 449/175/90
f 913/377/106 918/389/117 924/378/107
f 913/380/106 919/950/108 920/381/109
f 914/382/110 920/381/109 921/383/111
f 915/384/112 921/383/111 922/385/113
f 917/387/115 916/386/114 922/385/113
f 918/389/117 917/387/115 923/388/116
f 924/378/107 930/396/123 925/390/118
f 920/381/109 919/950/108 925/391/118
f 921/383/111 920/381/109 926/392/119
f 922/385/113 921/383/111 927/393/120
f 922/385/113 928/394/121 929/395/122
f 923/388/116 929/395/122 930/396/123
f 1005/486/149 1003/485/148 1009/491/154
f 1012/494/157 1006/488/151 1007/490/153
f 1005/545/149 1007/1260/153 1008/546/152
f 1014/548/158 1010/575/156 1011/549/155
f 1011/492/155 1009/491/154 1015/497/160
f 1018/500/163 1012/494/157 1013/496/159
f 1020/551/164 1016/578/162 1017/552/161
f 1015/497/160 1021/503/166 1022/505/168
f 1024/506/169 1018/500/163 1019/502/165
f 1026/554/170 1022/579/168 1023/555/167
f 1021/503/166 1027/509/172 1028/511/174
f 1032/513/176 1030/512/175 1024/506/169
f 1032/557/176 1028/580/174 1029/558/173
f 1027/509/172 1033/515/178 1034/517/180
f 1038/519/182 1036/518/181 1030/512/175
f 1038/560/182 1034/581/180 1035/561/179
f 1033/515/178 1039/521/184 1040/523/186
f 1044/525/188 1042/524/187 1036/518/181
f 1044/563/188 1040/582/186 1041/564/185
f 1041/522/185 1039/521/184 1045/527/190
f 1048/530/193 1042/524/187 1043/526/189
f 1049/566/195 1050/643/194 1046/567/192
f 1045/527/190 1051/533/196 1052/535/198
f 1054/536/199 1048/530/193 1049/532/195
f 1056/569/200 1052/583/198 1053/570/197
f 1051/533/196 1057/539/202 1058/541/204
f 1062/543/206 1060/542/205 1054/536/199
f 1061/572/207 1062/644/206 1058/573/204
f 1057/539/202 1003/485/148 1004/487/150
f 1008/489/152 1006/488/151 1060/542/205
f 1009/491/154 1003/485/148 1057/539/202
f 1057/539/202 1051/533/196 1045/527/190
f 1045/527/190 1039/521/184 1033/515/178
f 1033/515/178 1027/509/172 1021/503/166
f 1021/503/166 1015/497/160 1009/491/154
f 1009/491/154 1057/539/202 1045/527/190
f 1045/527/190 1033/515/178 1021/503/166
f 1010/575/156 1014/548/158 1007/576/153
f 1004/547/150 1008/546/152 1061/572/207
f 1006/488/151 1012/494/157 1018/500/163
f 1018/500/163 1024/506/169 1030/512/175
f 1030/512/175 1036/518/181 1042/524/187
f 1042/524/187 1048/530/193 1054/536/199
f 1054/536/199 1060/542/205 1006/488/151
f 1006/488/151 1018/500/163 1030/512/175
f 1030/512/175 1042/524/187 1054/536/199
f 1016/578/162 1020/551/164 1013/550/159
f 1022/579/168 1026/554/170 1019/553/165
f 1028/580/174 1032/557/176 1025/556/171
f 1034/581/180 1038/560/182 1031/559/177
f 1040/582/186 1044/563/188 1037/562/183
f 1046/567/192 1050/643/194 1043/565/189
f 1052/583/198 1056/569/200 1049/566/195
f 1058/573/204 1062/644/206 1055/571/201
f 1111/485/148 1117/491/154 1118/493/156
f 1122/495/158 1120/494/157 1114/488/151
f 1113/545/149 1115/1260/153 1116/546/152
f 1122/548/158 1118/575/156 1119/549/155
f 1119/492/155 1117/491/154 1123/497/160
f 1126/500/163 1120/494/157 1121/496/159
f 1128/551/239 1124/578/238 1125/552/161
f 1123/497/160 1129/503/166 1130/505/168
f 1132/506/169 1126/500/163 1127/502/165
f 1134/554/170 1130/579/168 1131/555/240
f 1129/503/166 1135/509/172 1136/511/174
f 1140/513/176 1138/512/175 1132/506/169
f 1140/557/176 1136/580/174 1137/558/173
f 1137/510/173 1135/509/172 1141/515/178
f 1144/518/181 1138/512/175 1139/514/177
f 1146/560/182 1142/581/180 1143/561/179
f 1143/516/179 1141/515/178 1147/521/184
f 1150/524/187 1144/518/181 1145/520/183
f 1152/563/188 1148/582/186 1149/564/185
f 1149/522/185 1147/521/184 1153/527/190
f 1156/530/193 1150/524/187 1151/526/189
f 1158/643/242 1154/567/192 1155/568/191
f 1153/527/190 1159/533/196 1160/535/198
f 1162/536/199 1156/530/193 1157/532/195
f 1164/569/200 1160/583/198 1161/570/197
f 1159/533/196 1165/539/202 1166/541/204
f 1170/543/206 1168/542/205 1162/536/199
f 1170/644/206 1166/573/204 1167/574/203
f 1165/539/202 1111/485/148 1112/487/150
f 1116/489/152 1114/488/151 1168/542/205
f 1117/491/154 1111/485/148 1165/539/202
f 1165/539/202 1159/533/196 1153/527/190
f 1153/527/190 1147/521/184 1141/515/178
f 1141/515/178 1135/509/172 1129/503/166
f 1129/503/166 1123/497/160 1117/491/154
f 1117/491/154 1165/539/202 1153/527/190
f 1153/527/190 1141/515/178 1129/503/166
f 1118/575/156 1122/548/158 1115/576/153
f 1112/547/150 1116/546/152 1169/572/207
f 1114/488/151 1120/494/157 1126/500/163
f 1126/500/163 1132/506/169 1138/512/175
f 1138/512/175 1144/518/181 1150/524/187
f 1150/524/187 1156/530/193 1162/536/199
f 1162/536/199 1168/542/205 1114/488/151
f 1114/488/151 1126/500/163 1138/512/175
f 1138/512/175 1150/524/187 1162/536/199
f 1124/578/238 1128/551/239 1121/550/159
f 1130/579/168 1134/554/170 1127/553/165
f 1136/580/174 1140/557/176 1133/556/241
f 1142/581/180 1146/560/182 1139/559/177
f 1148/582/186 1152/563/188 1145/562/183
f 1154/567/192 1158/643/242 1151/565/189
f 1160/583/198 1164/569/200 1157/566/195
f 1166/573/204 1170/644/206 1163/571/243
f 1219/485/148 1225/491/154 1226/493/156
f 1230/495/158 1228/494/157 1222/488/151
f 1221/545/149 1223/1260/153 1224/546/152
f 1230/548/158 1226/575/156 1227/549/155
f 1225/491/154 1231/497/160 1232/499/238
f 1234/500/163 1228/494/157 1229/496/159
f 1236/551/239 1232/578/238 1233/552/161
f 1231/497/160 1237/503/166 1238/505/168
f 1240/506/169 1234/500/163 1235/502/165
f 1242/554/170 1238/579/168 1239/555/240
f 1237/503/166 1243/509/172 1244/511/174
f 1248/513/176 1246/512/175 1240/506/169
f 1248/557/176 1244/580/174 1245/558/173
f 1243/509/172 1249/515/178 1250/517/180
f 1252/518/181 1246/512/175 1247/514/177
f 1254/560/182 1250/581/180 1251/561/179
f 1249/515/178 1255/521/184 1256/523/186
f 1260/525/188 1258/524/187 1252/518/181
f 1260/563/188 1256/582/186 1257/564/185
f 1255/521/184 1261/527/190 1262/529/274
f 1266/531/194 1264/530/193 1258/524/187
f 1266/643/194 1262/567/274 1263/568/191
f 1261/527/190 1267/533/196 1268/535/198
f 1270/536/199 1264/530/193 1265/532/195
f 1272/569/200 1268/583/198 1269/570/275
f 1269/534/275 1267/533/196 1273/539/202
f 1276/542/205 1270/536/199 1271/538/201
f 1278/644/206 1274/573/204 1275/574/203
f 1275/540/203 1273/539/202 1219/485/148
f 1224/489/152 1222/488/151 1276/542/205
f 1225/491/154 1219/485/148 1273/539/202
f 1273/539/202 1267/533/196 1261/527/190
f 1261/527/190 1255/521/184 1249/515/178
f 1249/515/178 1243/509/172 1237/503/166
f 1237/503/166 1231/497/160 1225/491/154
f 1225/491/154 1273/539/202 1261/527/190
f 1261/527/190 1249/515/178 1237/503/166
f 1226/575/156 1230/548/158 1223/576/153
f 1220/547/150 1224/546/152 1277/572/207
f 1222/488/151 1228/494/157 1234/500/163
f 1234/500/163 1240/506/169 1246/512/175
f 1246/512/175 1252/518/181 1258/524/187
f 1258/524/187 1264/530/193 1270/536/199
f 1270/536/199 1276/542/205 1222/488/151
f 1222/488/151 1234/500/163 1246/512/175
f 1246/512/175 1258/524/187 1270/536/199
f 1232/578/238 1236/551/239 1229/550/159
f 1238/579/168 1242/554/170 1235/553/165
f 1244/580/174 1248/557/176 1241/556/241
f 1250/581/180 1254/560/182 1247/559/177
f 1256/582/186 1260/563/188 1253/562/183
f 1262/567/274 1266/643/194 1259/565/189
f 1268/583/198 1272/569/200 1265/566/195
f 1274/573/204 1278/644/206 1271/571/201
f 1327/485/148 1333/491/154 1334/493/156
f 1336/494/157 1330/488/151 1331/490/153
f 1329/545/149 1331/1260/153 1332/546/152
f 1338/548/158 1334/575/156 1335/549/155
f 1335/492/155 1333/491/154 1339/497/160
f 1344/501/239 1342/500/163 1336/494/157
f 1344/551/239 1340/578/238 1341/552/161
f 1339/497/160 1345/503/166 1346/505/168
f 1348/506/169 1342/500/163 1343/502/165
f 1350/554/170 1346/579/168 1347/555/240
f 1345/503/166 1351/509/172 1352/511/174
f 1354/512/175 1348/506/169 1349/508/241
f 1356/557/176 1352/580/174 1353/558/173
f 1353/510/173 1351/509/172 1357/515/178
f 1360/518/181 1354/512/175 1355/514/177
f 1362/560/182 1358/581/287 1359/561/179
f 1359/516/179 1357/515/178 1363/521/184
f 1368/525/188 1366/524/187 1360/518/181
f 1367/565/189 1368/563/188 1364/582/186
f 1363/521/184 1369/527/190 1370/529/274
f 1374/531/194 1372/530/193 1366/524/187
f 1374/643/194 1370/567/274 1371/568/288
f 1369/527/190 1375/533/196 1376/535/198
f 1378/536/199 1372/530/193 1373/532/195
f 1380/569/289 1376/583/198 1377/570/275
f 1377/534/275 1375/533/196 1381/539/202
f 1384/542/205 1378/536/199 1379/538/201
f 1386/644/206 1382/573/204 1383/574/203
f 1381/539/202 1327/485/148 1328/487/150
f 1330/488/151 1384/542/205 1385/544/207
f 1333/491/154 1327/485/148 1381/539/202
f 1381/539/202 1375/533/196 1369/527/190
f 1369/527/190 1363/521/184 1357/515/178
f 1357/515/178 1351/509/172 1345/503/166
f 1345/503/166 1339/497/160 1333/491/154
f 1333/491/154 1381/539/202 1369/527/190
f 1369/527/190 1357/515/178 1345/503/166
f 1334/575/156 1338/548/158 1331/576/153
f 1328/547/150 1332/546/152 1385/572/207
f 1330/488/151 1336/494/157 1342/500/163
f 1342/500/163 1348/506/169 1354/512/175
f 1354/512/175 1360/518/181 1366/524/187
f 1366/524/187 1372/530/193 1378/536/199
f 1378/536/199 1384/542/205 1330/488/151
f 1330/488/151 1342/500/163 1354/512/175
f 1354/512/175 1366/524/187 1378/536/199
f 1340/578/238 1344/551/239 1337/550/159
f 1346/579/168 1350/554/170 1343/553/165
f 1352/580/174 1356/557/176 1349/556/241
f 1358/581/287 1362/560/182 1355/559/177
f 1364/582/186 1368/563/188 1361/562/183
f 1370/567/274 1374/643/194 1367/565/189
f 1376/583/198 1380/569/289 1373/566/195
f 1382/573/204 1386/644/206 1379/571/201
f 1437/486/149 1435/485/148 1441/491/154
f 1444/494/157 1438/488/151 1439/490/153
f 1437/545/149 1439/1260/153 1440/546/152
f 1446/548/158 1442/575/156 1443/549/155
f 1441/491/154 1447/497/160 1448/499/238
f 1452/501/239 1450/500/163 1444/494/157
f 1452/551/239 1448/578/238 1449/552/161
f 1447/497/160 1453/503/166 1454/505/168
f 1456/506/169 1450/500/163 1451/502/165
f 1458/554/170 1454/579/168 1455/555/240
f 1453/503/166 1459/509/172 1460/511/174
f 1462/512/175 1456/506/169 1457/508/241
f 1464/557/176 1460/580/174 1461/558/173
f 1459/509/172 1465/515/178 1466/517/180
f 1470/519/182 1468/518/181 1462/512/175
f 1470/560/182 1466/581/180 1467/561/179
f 1467/516/179 1465/515/178 1471/521/184
f 1476/525/188 1474/524/187 1468/518/181
f 1475/565/189 1476/563/188 1472/582/186
f 1473/522/185 1471/521/184 1477/527/190
f 1482/531/194 1480/530/193 1474/524/187
f 1482/643/194 1478/567/274 1479/568/191
f 1477/527/190 1483/533/196 1484/535/198
f 1486/536/199 1480/530/193 1481/532/195
f 1488/569/200 1484/583/198 1485/570/275
f 1483/533/196 1489/539/202 1490/541/204
f 1492/542/205 1486/536/199 1487/538/201
f 1494/644/206 1490/573/204 1491/574/203
f 1489/539/202 1435/485/148 1436/487/150
f 1438/488/151 1492/542/205 1493/544/207
f 1441/491/154 1435/485/148 1489/539/202
f 1489/539/202 1483/533/196 1477/527/190
f 1477/527/190 1471/521/184 1465/515/178
f 1465/515/178 1459/509/172 1453/503/166
f 1453/503/166 1447/497/160 1441/491/154
f 1441/491/154 1489/539/202 1477/527/190
f 1477/527/190 1465/515/178 1453/503/166
f 1442/575/156 1446/548/158 1439/576/153
f 1436/547/150 1440/546/152 1493/572/207
f 1438/488/151 1444/494/157 1450/500/163
f 1450/500/163 1456/506/169 1462/512/175
f 1462/512/175 1468/518/181 1474/524/187
f 1474/524/187 1480/530/193 1486/536/199
f 1486/536/199 1492/542/205 1438/488/151
f 1438/488/151 1450/500/163 1462/512/175
f 1462/512/175 1474/524/187 1486/536/199
f 1448/578/238 1452/551/239 1445/550/159
f 1454/579/168 1458/554/170 1451/553/165
f 1460/580/174 1464/557/176 1457/556/241
f 1466/581/180 1470/560/182 1463/559/177
f 1467/561/179 1472/582/186 1476/563/188
f 1478/567/274 1482/643/194 1475/565/189
f 1484/583/198 1488/569/200 1481/566/195
f 1490/573/204 1494/644/206 1487/571/201
s 0
f 1813/957/472 1814/960/472 1819/958/472
f 1815/379/393 1820/1053/393 1819/958/393
f 1816/961/394 1821/963/394 1820/265/394
f 1816/961/395 1817/964/395 1822/962/395
f 1817/964/639 1813/957/639 1818/959/639
f 1819/958/397 1824/966/397 1823/965/397
f 1819/958/398 1820/1053/398 1825/846/398
f 1821/963/20 1826/968/20 1825/847/20
f 1821/963/399 1822/962/399 1827/967/399
f 1822/962/400 1818/959/400 1823/965/400
f 1824/966/401 1829/970/401 1828/969/401
f 1825/846/402 1830/951/402 1829/970/402
f 1826/968/403 1831/972/403 1830/971/403
f 1827/967/404 1832/973/404 1831/972/404
f 1827/967/405 1823/965/405 1828/969/405
f 1829/970/406 1834/976/406 1833/974/406
f 1829/970/407 1830/951/407 1835/975/407
f 1831/972/408 1836/978/408 1835/977/408
f 1832/973/409 1837/979/409 1836/978/409
f 1832/973/410 1828/969/410 1833/974/410
f 1834/976/411 1839/982/411 1838/980/411
f 1834/976/412 1835/975/412 1840/981/412
f 1836/978/19 1841/984/19 1840/983/19
f 1837/979/413 1842/985/413 1841/984/413
f 1837/979/414 1833/974/414 1838/980/414
f 1838/980/415 1839/982/415 1844/986/415
f 1840/981/416 1845/390/416 1844/986/416
f 1841/984/417 1846/988/417 1845/391/417
f 1842/985/418 1847/989/418 1846/988/418
f 1838/980/419 1843/987/419 1847/989/419
f 1844/990/420 1849/994/420 1848/991/420
f 1845/993/421 1850/1054/421 1849/994/421
f 1846/995/422 1851/999/422 1850/996/422
f 1846/995/423 1847/1000/423 1852/998/423
f 1847/1000/424 1843/992/424 1848/991/424
f 1848/991/425 1849/994/425 1854/1001/425
f 1849/994/426 1850/1054/426 1855/1003/426
f 1851/999/13 1856/1006/13 1855/1004/13
f 1851/999/427 1852/998/427 1857/1005/427
f 1848/991/428 1853/1002/428 1857/1005/428
f 1854/1001/429 1859/1008/429 1858/1007/429
f 1855/1003/430 1860/944/430 1859/1008/430
f 1856/1006/431 1861/1010/431 1860/1009/431
f 1857/1005/432 1862/1011/432 1861/1010/432
f 1853/1002/433 1858/1007/433 1862/1011/433
f 1858/1007/434 1859/1008/434 1864/1012/434
f 1859/1008/435 1860/944/435 1865/841/435
f 1861/1010/436 1866/1015/436 1865/1014/436
f 1862/1011/437 1867/1016/437 1866/1015/437
f 1858/1007/438 1863/1013/438 1867/1016/438
f 1863/1013/439 1864/1012/439 1869/1017/439
f 1864/1012/440 1865/841/440 1870/1019/440
f 1866/1015/14 1871/1021/14 1870/1020/14
f 1867/1016/441 1872/1022/441 1871/1021/441
f 1867/1016/442 1863/1013/442 1868/1018/442
f 1868/1018/443 1869/1017/443 1814/960/443
f 1869/1017/444 1870/1019/444 1815/379/444
f 1871/1021/445 1816/961/445 1815/950/445
f 1871/1021/446 1872/1022/446 1817/964/446
f 1868/1018/447 1813/957/447 1817/964/447
f 1898/960/644 1903/958/644 1902/959/644
f 1898/960/393 1899/379/393 1904/1053/393
f 1900/961/394 1905/963/394 1904/265/394
f 1901/964/395 1906/962/395 1905/963/395
f 1901/964/639 1897/957/639 1902/959/639
f 1903/958/397 1908/966/397 1907/965/397
f 1903/958/398 1904/1053/398 1909/846/398
f 1905/963/20 1910/968/20 1909/847/20
f 1906/962/399 1911/967/399 1910/968/399
f 1902/959/400 1907/965/400 1911/967/400
f 1908/966/401 1913/970/401 1912/969/401
f 1909/846/402 1914/951/402 1913/970/402
f 1910/968/403 1915/972/403 1914/971/403
f 1910/968/404 1911/967/404 1916/973/404
f 1911/967/405 1907/965/405 1912/969/405
f 1913/970/406 1918/976/406 1917/974/406
f 1914/951/407 1919/975/407 1918/976/407
f 1915/972/408 1920/978/408 1919/977/408
f 1916/973/409 1921/979/409 1920/978/409
f 1912/969/410 1917/974/410 1921/979/410
f 1917/974/411 1918/976/411 1923/982/411
f 1919/975/412 1924/981/412 1923/982/412
f 1920/978/19 1925/984/19 1924/983/19
f 1921/979/413 1926/985/413 1925/984/413
f 1921/979/414 1917/974/414 1922/980/414
f 1922/980/415 1923/982/415 1928/986/415
f 1924/981/416 1929/390/416 1928/986/416
f 1925/984/417 1930/988/417 1929/391/417
f 1925/984/418 1926/985/418 1931/989/418
f 1922/980/419 1927/987/419 1931/989/419
f 1927/992/420 1928/990/420 1933/994/420
f 1928/990/421 1929/993/421 1934/1054/421
f 1930/995/422 1935/999/422 1934/996/422
f 1930/995/423 1931/1000/423 1936/998/423
f 1931/1000/424 1927/992/424 1932/991/424
f 1933/994/425 1938/1001/425 1937/1002/425
f 1934/1054/426 1939/1003/426 1938/1001/426
f 1935/999/13 1940/1006/13 1939/1004/13
f 1936/998/427 1941/1005/427 1940/1006/427
f 1936/998/428 1932/991/428 1937/1002/428
f 1937/1002/429 1938/1001/429 1943/1008/429
f 1939/1003/430 1944/944/430 1943/1008/430
f 1940/1006/431 1945/1010/431 1944/1009/431
f 1941/1005/432 1946/1011/432 1945/1010/432
f 1937/1002/433 1942/1007/433 1946/1011/433
f 1942/1007/434 1943/1008/434 1948/1012/434
f 1943/1008/435 1944/944/435 1949/841/435
f 1945/1010/436 1950/1015/436 1949/1014/436
f 1946/1011/437 1951/1016/437 1950/1015/437
f 1942/1007/438 1947/1013/438 1951/1016/438
f 1947/1013/439 1948/1012/439 1953/1017/439
f 1949/841/440 1954/1019/440 1953/1017/440
f 1950/1015/14 1955/1021/14 1954/1020/14
f 1951/1016/441 1956/1022/441 1955/1021/441
f 1947/1013/442 1952/1018/442 1956/1022/442
f 1952/1018/443 1953/1017/443 1898/960/443
f 1954/1019/444 1899/379/444 1898/960/444
f 1955/1021/445 1900/961/445 1899/950/445
f 1955/1021/446 1956/1022/446 1901/964/446
f 1952/1018/447 1897/957/447 1901/964/447
f 1982/960/644 1987/958/644 1986/959/644
f 1983/379/393 1988/1053/393 1987/958/393
f 1984/961/394 1989/963/394 1988/265/394
f 1985/964/395 1990/962/395 1989/963/395
f 1985/964/639 1981/957/639 1986/959/639
f 1986/959/397 1987/958/397 1992/966/397
f 1988/1053/398 1993/846/398 1992/966/398
f 1989/963/20 1994/968/20 1993/847/20
f 1990/962/399 1995/967/399 1994/968/399
f 1990/962/645 1986/959/645 1991/965/645
f 1991/965/401 1992/966/401 1997/970/401
f 1993/846/402 1998/951/402 1997/970/402
f 1994/968/403 1999/972/403 1998/971/403
f 1995/967/404 2000/973/404 1999/972/404
f 1995/967/405 1991/965/405 1996/969/405
f 1997/970/406 2002/976/406 2001/974/406
f 1997/970/407 1998/951/407 2003/975/407
f 1999/972/408 2004/978/408 2003/977/408
f 2000/973/409 2005/979/409 2004/978/409
f 1996/969/410 2001/974/410 2005/979/410
f 2002/976/411 2007/982/411 2006/980/411
f 2003/975/412 2008/981/412 2007/982/412
f 2004/978/19 2009/984/19 2008/983/19
f 2004/978/413 2005/979/413 2010/985/413
f 2001/974/414 2006/980/414 2010/985/414
f 2007/982/415 2012/986/415 2011/987/415
f 2008/981/416 2013/390/416 2012/986/416
f 2009/984/417 2014/988/417 2013/391/417
f 2009/984/418 2010/985/418 2015/989/418
f 2010/985/646 2006/980/646 2011/987/646
f 2012/990/647 2017/994/647 2016/991/647
f 2012/990/421 2013/993/421 2018/1054/421
f 2014/995/422 2019/999/422 2018/996/422
f 2014/995/423 2015/1000/423 2020/998/423
f 2011/992/648 2016/991/648 2020/998/648
f 2017/994/425 2022/1001/425 2021/1002/425
f 2017/994/426 2018/1054/426 2023/1003/426
f 2019/999/13 2024/1006/13 2023/1004/13
f 2020/998/427 2025/1005/427 2024/1006/427
f 2020/998/428 2016/991/428 2021/1002/428
f 2022/1001/429 2027/1008/429 2026/1007/429
f 2023/1003/430 2028/944/430 2027/1008/430
f 2024/1006/431 2029/1010/431 2028/1009/431
f 2024/1006/432 2025/1005/432 2030/1011/432
f 2025/1005/433 2021/1002/433 2026/1007/433
f 2026/1007/434 2027/1008/434 2032/1012/434
f 2028/944/435 2033/841/435 2032/1012/435
f 2029/1010/436 2034/1015/436 2033/1014/436
f 2029/1010/437 2030/1011/437 2035/1016/437
f 2026/1007/438 2031/1013/438 2035/1016/438
f 2031/1013/439 2032/1012/439 2037/1017/439
f 2032/1012/440 2033/841/440 2038/1019/440
f 2034/1015/14 2039/1021/14 2038/1020/14
f 2035/1016/441 2040/1022/441 2039/1021/441
f 2031/1013/649 2036/1018/649 2040/1022/649
f 2037/1017/443 1982/960/443 1981/957/443
f 2038/1019/444 1983/379/444 1982/960/444
f 2039/1021/445 1984/961/445 1983/950/445
f 2039/1021/446 2040/1022/446 1985/964/446
f 2040/1022/650 2036/1018/650 1981/957/650
s 1
f 2065/1057/526 2069/1063/532 2070/1058/527
f 2072/1060/529 2071/1272/572 2067/1061/530
f 2069/1063/532 2073/1067/536 2074/1064/533
f 2075/1065/534 2071/1272/572 2072/1060/529
f 2073/1067/536 2077/1071/540 2078/1068/537
f 2079/1069/538 2075/1065/534 2076/1066/535
f 2077/1071/540 2081/1075/544 2082/1072/541
f 2083/1073/542 2079/1069/538 2080/1070/539
f 2081/1075/544 2085/1079/548 2086/1076/545
f 2087/1077/546 2083/1073/542 2084/1074/543
f 2085/1079/548 2089/1181/598 2090/1080/549
f 2092/1081/550 2091/1273/651 2087/1077/546
f 2090/1080/549 2089/1181/598 2093/1082/551
f 2095/1084/553 2091/1273/651 2092/1081/550
f 2094/1083/552 2093/1082/551 2097/1086/555
f 2099/1088/557 2095/1084/553 2096/1085/554
f 2097/1086/555 2101/1093/562 2102/1090/559
f 2103/1091/560 2099/1088/557 2100/1089/558
f 2101/1093/562 2105/1097/566 2106/1094/563
f 2107/1095/564 2103/1091/560 2104/1092/561
f 2105/1097/566 2109/1274/594 2110/1098/567
f 2111/1099/568 2107/1095/564 2108/1096/565
f 2110/1098/567 2109/1274/594 2065/1057/526
f 2067/1061/530 2111/1099/568 2112/1100/569
f 2069/1063/532 2065/1057/526 2109/1274/594
f 2109/1274/594 2105/1097/566 2101/1093/562
f 2101/1093/562 2097/1086/555 2093/1082/551
f 2093/1082/551 2089/1181/598 2085/1079/548
f 2085/1079/548 2081/1075/544 2077/1071/540
f 2077/1071/540 2073/1067/536 2069/1063/532
f 2069/1063/532 2109/1274/594 2101/1093/562
f 2101/1093/562 2093/1082/551 2085/1079/548
f 2085/1079/548 2077/1071/540 2069/1063/532
f 2070/1101/527 2072/1108/529 2068/1102/531
f 2066/1104/528 2068/1275/531 2112/1105/569
f 2067/1061/530 2071/1272/572 2075/1065/534
f 2075/1065/534 2079/1069/538 2083/1073/542
f 2083/1073/542 2087/1077/546 2091/1273/651
f 2091/1273/651 2095/1084/553 2099/1088/557
f 2099/1088/557 2103/1091/560 2107/1095/564
f 2107/1095/564 2111/1099/568 2067/1061/530
f 2067/1061/530 2075/1065/534 2083/1073/542
f 2083/1073/542 2091/1273/651 2099/1088/557
f 2099/1088/557 2107/1095/564 2067/1061/530
f 2074/1107/533 2076/1110/535 2072/1108/529
f 2078/1109/537 2080/1112/539 2076/1110/535
f 2082/1111/541 2084/1114/543 2080/1112/539
f 2086/1113/545 2088/1116/547 2084/1114/543
f 2090/1115/549 2092/1118/550 2088/1116/547
f 2094/1117/552 2096/1120/554 2092/1118/550
f 2098/1119/556 2100/1122/558 2096/1120/554
f 2102/1121/559 2104/1124/561 2100/1122/558
f 2106/1123/563 2108/1125/565 2104/1124/561
f 2110/1106/567 2112/1105/569 2108/1125/565
f 2161/1057/526 2165/1063/532 2166/1058/527
f 2168/1060/529 2167/1272/572 2163/1061/530
f 2165/1063/532 2169/1067/596 2170/1064/533
f 2171/1065/534 2167/1272/572 2168/1060/529
f 2169/1067/596 2173/1071/540 2174/1068/537
f 2175/1069/578 2171/1065/534 2172/1066/535
f 2173/1071/540 2177/1075/597 2178/1072/541
f 2179/1073/542 2175/1069/578 2176/1070/539
f 2177/1075/597 2181/1079/548 2182/1076/545
f 2183/1077/546 2179/1073/542 2180/1074/543
f 2181/1079/548 2185/1181/598 2186/1080/549
f 2188/1081/550 2187/1273/651 2183/1077/546
f 2185/1181/598 2189/1082/551 2190/1083/552
f 2191/1084/553 2187/1273/651 2188/1081/550
f 2190/1083/552 2189/1082/551 2193/1086/599
f 2195/1088/557 2191/1084/553 2192/1085/554
f 2194/1087/556 2193/1086/599 2197/1093/562
f 2199/1091/590 2195/1088/557 2196/1089/558
f 2197/1093/562 2201/1097/600 2202/1094/563
f 2203/1095/564 2199/1091/590 2200/1092/561
f 2201/1097/600 2205/1274/594 2206/1098/567
f 2207/1099/568 2203/1095/564 2204/1096/565
f 2206/1098/567 2205/1274/594 2161/1057/526
f 2163/1061/530 2207/1099/568 2208/1100/569
f 2165/1063/532 2161/1057/526 2205/1274/594
f 2205/1274/594 2201/1097/600 2197/1093/562
f 2197/1093/562 2193/1086/599 2189/1082/551
f 2189/1082/551 2185/1181/598 2181/1079/548
f 2181/1079/548 2177/1075/597 2173/1071/540
f 2173/1071/540 2169/1067/596 2165/1063/532
f 2165/1063/532 2205/1274/594 2197/1093/562
f 2197/1093/562 2189/1082/551 2181/1079/548
f 2181/1079/548 2173/1071/540 2165/1063/532
f 2166/1182/527 2168/1189/529 2164/1183/531
f 2162/1185/528 2164/1283/531 2208/1186/569
f 2163/1061/530 2167/1272/572 2171/1065/534
f 2171/1065/534 2175/1069/578 2179/1073/542
f 2179/1073/542 2183/1077/546 2187/1273/651
f 2187/1273/651 2191/1084/553 2195/1088/557
f 2195/1088/557 2199/1091/590 2203/1095/564
f 2203/1095/564 2207/1099/568 2163/1061/530
f 2163/1061/530 2171/1065/534 2179/1073/542
f 2179/1073/542 2187/1273/651 2195/1088/557
f 2195/1088/557 2203/1095/564 2163/1061/530
f 2170/1188/533 2172/1191/535 2168/1189/529
f 2174/1190/537 2176/1193/539 2172/1191/535
f 2178/1192/541 2180/1195/543 2176/1193/539
f 2182/1194/545 2184/1197/547 2180/1195/543
f 2186/1196/549 2188/1199/550 2184/1197/547
f 2190/1198/552 2192/1201/554 2188/1199/550
f 2194/1200/556 2196/1203/558 2192/1201/554
f 2198/1202/559 2200/1205/561 2196/1203/558
f 2202/1204/563 2204/1206/565 2200/1205/561
f 2206/1187/567 2208/1186/569 2204/1206/565
s 0
f 2216/1213/9 2211/1208/9 2209/1207/9
f 2211/1229/10 2214/1210/10 2212/1209/10
f 2214/1210/11 2220/1215/11 2218/1214/11
f 2220/1215/12 2216/1232/12 2217/1231/12
f 2228/1225/13 2217/404/13 2215/1212/13
f 2219/1216/14 2232/1227/14 2230/1226/14
f 2232/1227/15 2228/1225/15 2229/1224/15
f 2222/1219/16 2229/1224/16 2227/1223/16
f 2231/1228/17 2226/1221/17 2224/1220/17
f 2226/1221/18 2222/1219/18 2223/1218/18
f 2210/399/19 2223/1218/19 2221/1217/19
f 2225/1222/20 2212/1284/20 2213/424/20
f 2209/1207/21 2221/1217/21 2227/1223/21
f 2216/1232/22 2220/1215/22 2214/1210/22
f 2210/1233/23 2212/1284/23 2225/1222/23
f 2224/1220/24 2213/1285/24 2218/1234/24
f 2228/1225/25 2232/1227/25 2219/1216/25
f 2222/1219/26 2226/1221/26 2231/1228/26
f 2240/1213/9 2235/1208/9 2233/1207/9
f 2235/1229/10 2238/1210/10 2236/1209/10
f 2238/1210/11 2244/1215/11 2242/1214/11
f 2244/1215/12 2240/1232/12 2241/1231/12
f 2252/1225/13 2241/404/13 2239/1212/13
f 2243/1235/14 2256/1227/14 2254/1226/14
f 2256/1227/15 2252/1225/15 2253/1224/15
f 2246/1219/16 2253/1224/16 2251/1223/16
f 2255/1236/17 2250/1221/17 2248/1220/17
f 2250/1221/18 2246/1219/18 2247/1218/18
f 2234/399/19 2247/1218/19 2245/1217/19
f 2249/1222/20 2236/1284/20 2237/424/20
f 2233/1207/21 2245/1217/21 2251/1223/21
f 2240/1232/22 2244/1215/22 2238/1210/22
f 2234/1233/23 2236/1284/23 2249/1222/23
f 2248/1220/24 2237/1285/24 2242/1234/24
f 2252/1225/25 2256/1227/25 2243/1235/25
f 2246/1219/26 2250/1221/26 2255/1236/26
f 2264/1213/9 2259/1208/9 2257/1207/9
f 2259/1229/10 2262/1210/10 2260/1209/10
f 2262/1210/11 2268/1215/11 2266/1214/11
f 2268/1215/12 2264/1232/12 2265/1231/12
f 2276/1225/13 2265/404/13 2263/1212/13
f 2267/1235/14 2280/1227/14 2278/1226/14
f 2280/1227/15 2276/1225/15 2277/1224/15
f 2270/1219/16 2277/1224/16 2275/1223/16
f 2279/1236/17 2274/1221/17 2272/1220/17
f 2274/1221/18 2270/1219/18 2271/1218/18
f 2258/399/19 2271/1218/19 2269/1217/19
f 2273/1222/20 2260/1284/20 2261/424/20
f 2257/1207/21 2269/1217/21 2275/1223/21
f 2264/1232/22 2268/1215/22 2262/1210/22
f 2258/1233/23 2260/1284/23 2273/1222/23
f 2272/1220/24 2261/1285/24 2266/1234/24
f 2276/1225/25 2280/1227/25 2267/1235/25
f 2270/1219/26 2274/1221/26 2279/1236/26
f 2288/1213/9 2283/1208/9 2281/1207/9
f 2283/1229/10 2286/1210/10 2284/1209/10
f 2286/1210/11 2292/1215/11 2290/1214/11
f 2292/1215/12 2288/1232/12 2289/1231/12
f 2300/1225/13 2289/404/13 2287/1212/13
f 2291/1235/14 2304/1227/14 2302/1226/14
f 2304/1227/15 2300/1225/15 2301/1224/15
f 2294/1219/16 2301/1224/16 2299/1223/16
f 2303/1236/17 2298/1221/17 2296/1220/17
f 2298/1221/18 2294/1219/18 2295/1218/18
f 2282/399/19 2295/1218/19 2293/1217/19
f 2297/1222/20 2284/1284/20 2285/424/20
f 2281/1207/21 2293/1217/21 2299/1223/21
f 2288/1232/22 2292/1215/22 2286/1210/22
f 2282/1233/23 2284/1284/23 2297/1222/23
f 2296/1220/24 2285/1285/24 2290/1234/24
f 2300/1225/25 2304/1227/25 2291/1235/25
f 2294/1219/26 2298/1221/26 2303/1236/26
s 1
f 2305/377/601 2310/389/612 2316/840/602
f 2305/380/601 2311/1014/603 2312/842/604
f 2306/382/605 2312/842/604 2313/843/606
f 2307/384/607 2313/843/606 2314/844/608
f 2308/386/609 2314/844/608 2315/845/610
f 2310/389/612 2309/387/611 2315/845/610
f 2316/840/602 2322/852/618 2317/846/613
f 2311/1014/603 2317/847/613 2318/848/614
f 2312/842/604 2318/848/614 2319/849/615
f 2313/843/606 2319/849/615 2320/850/616
f 2314/844/608 2320/850/616 2321/851/617
f 2315/845/610 2321/851/617 2322/852/618
f 2322/852/618 2328/396/624 2323/390/619
f 2317/847/613 2323/391/619 2324/392/620
f 2319/849/615 2318/848/614 2324/392/620
f 2320/850/616 2319/849/615 2325/393/621
f 2320/850/616 2326/394/622 2327/395/623
f 2321/851/617 2327/395/623 2328/396/624
s 0
usemtl WarmWood
f 49/63/27 51/64/27 50/65/27
f 52/66/28 54/67/28 53/68/28
f 55/69/29 57/70/29 56/71/29
f 58/72/30 60/73/30 59/74/30
f 61/75/31 63/76/31 62/77/31
f 64/78/32 66/79/32 65/80/32
f 67/81/33 69/82/33 68/83/33
f 70/84/34 72/85/34 71/86/34
f 56/71/9 49/63/9 55/69/9
f 51/87/10 52/66/10 50/88/10
f 54/67/11 58/72/11 53/68/11
f 60/73/12 57/89/12 59/74/12
f 68/83/13 55/69/13 67/81/13
f 59/74/14 70/84/14 58/72/14
f 72/85/15 69/82/15 71/86/15
f 62/77/16 67/81/16 61/75/16
f 71/86/17 64/78/17 70/84/17
f 66/79/18 63/76/18 65/80/18
f 50/65/19 61/75/19 49/63/19
f 65/80/20 53/90/20 64/78/20
f 49/63/21 67/81/21 55/69/21
f 56/91/22 54/67/22 51/87/22
f 50/92/23 65/80/23 63/76/23
f 64/78/24 58/93/24 70/84/24
f 68/83/25 59/74/25 57/89/25
f 62/77/26 71/86/26 69/82/26
f 73/63/27 75/64/27 74/65/27
f 76/66/35 78/67/35 77/68/35
f 79/69/29 81/70/29 80/71/29
f 82/72/36 84/73/36 83/94/36
f 85/75/31 87/76/31 86/95/31
f 88/78/37 90/79/37 89/80/37
f 91/81/33 93/82/33 92/96/33
f 94/84/38 96/85/38 95/97/38
f 80/71/9 73/63/9 79/69/9
f 75/87/10 76/66/10 74/88/10
f 78/67/11 82/72/11 77/68/11
f 84/73/12 81/89/12 83/94/12
f 92/96/13 79/69/13 91/81/13
f 83/94/14 94/84/14 82/72/14
f 96/85/15 93/82/15 95/97/15
f 86/95/16 91/81/16 85/75/16
f 95/97/17 88/78/17 94/84/17
f 90/79/18 87/76/18 89/80/18
f 74/65/19 85/75/19 73/63/19
f 89/80/20 77/90/20 88/78/20
f 73/63/21 91/81/21 79/69/21
f 80/91/22 78/67/22 75/87/22
f 74/92/23 89/80/23 87/76/23
f 88/78/24 82/93/24 94/84/24
f 92/96/25 83/94/25 81/89/25
f 86/95/26 95/97/26 93/82/26
f 97/63/27 99/64/27 98/65/27
f 100/66/39 102/67/39 101/68/39
f 103/69/29 105/70/29 104/71/29
f 106/72/40 108/73/40 107/74/40
f 109/75/31 111/76/31 110/77/31
f 112/78/41 114/79/41 113/80/41
f 115/81/33 117/82/33 116/83/33
f 118/84/42 120/85/42 119/86/42
f 104/71/9 97/63/9 103/69/9
f 99/87/10 100/66/10 98/88/10
f 102/67/11 106/72/11 101/68/11
f 108/73/12 105/89/12 107/74/12
f 116/83/13 103/69/13 115/81/13
f 107/74/14 118/84/14 106/72/14
f 120/85/15 117/82/15 119/86/15
f 110/77/16 115/81/16 109/75/16
f 119/86/17 112/78/17 118/84/17
f 114/79/18 111/76/18 113/80/18
f 98/65/19 109/75/19 97/63/19
f 113/80/20 101/90/20 112/78/20
f 97/63/21 115/81/21 103/69/21
f 104/91/22 102/67/22 99/87/22
f 98/92/23 113/80/23 111/76/23
f 112/78/24 106/93/24 118/84/24
f 116/83/25 107/74/25 105/89/25
f 110/77/26 119/86/26 117/82/26
f 277/63/97 279/64/97 278/65/97
f 280/66/98 282/67/98 281/68/98
f 283/69/99 285/70/99 284/71/99
f 286/72/30 288/73/30 287/94/30
f 289/75/100 291/76/100 290/95/100
f 292/78/101 294/79/101 293/80/101
f 295/81/102 297/82/102 296/83/102
f 298/84/103 300/85/103 299/97/103
f 284/71/9 277/63/9 283/69/9
f 279/87/10 280/66/10 278/88/10
f 282/67/11 286/72/11 281/68/11
f 288/73/12 285/89/12 287/94/12
f 296/83/13 283/69/13 295/81/13
f 287/94/14 298/84/14 286/72/14
f 300/85/15 297/82/15 299/97/15
f 290/95/16 295/81/16 289/75/16
f 299/97/17 292/78/17 298/84/17
f 294/79/18 291/76/18 293/80/18
f 278/65/19 289/75/19 277/63/19
f 293/80/20 281/90/20 292/78/20
f 277/63/21 295/81/21 283/69/21
f 284/91/22 282/67/22 279/87/22
f 278/92/23 293/80/23 291/76/23
f 292/78/24 286/93/24 298/84/24
f 296/83/25 287/94/25 285/89/25
f 290/95/26 299/97/26 297/82/26
f 301/63/97 303/64/97 302/65/97
f 304/66/98 306/67/98 305/68/98
f 307/69/99 309/70/99 308/71/99
f 310/72/30 312/73/30 311/74/30
f 313/75/100 315/76/100 314/77/100
f 316/78/101 318/79/101 317/80/101
f 319/81/102 321/82/102 320/83/102
f 322/84/103 324/85/103 323/86/103
f 308/71/9 301/63/9 307/69/9
f 303/87/10 304/66/10 302/88/10
f 306/67/11 310/72/11 305/68/11
f 312/73/12 309/89/12 311/74/12
f 320/83/13 307/69/13 319/81/13
f 311/74/14 322/84/14 310/72/14
f 324/85/15 321/82/15 323/86/15
f 314/77/16 319/81/16 313/75/16
f 323/86/17 316/78/17 322/84/17
f 318/79/18 315/76/18 317/80/18
f 302/65/19 313/75/19 301/63/19
f 317/80/20 305/90/20 316/78/20
f 301/63/21 319/81/21 307/69/21
f 308/91/22 306/67/22 303/87/22
f 302/92/23 317/80/23 315/76/23
f 316/78/24 310/93/24 322/84/24
f 320/83/25 311/74/25 309/89/25
f 314/77/26 323/86/26 321/82/26
f 325/63/97 327/64/97 326/65/97
f 328/66/98 330/67/98 329/68/98
f 331/69/99 333/70/99 332/71/99
f 334/72/30 336/73/30 335/94/30
f 337/75/100 339/76/100 338/95/100
f 340/78/101 342/79/101 341/80/101
f 343/81/102 345/82/102 344/83/102
f 346/84/103 348/85/103 347/97/103
f 332/71/9 325/63/9 331/69/9
f 327/87/10 328/66/10 326/88/10
f 330/67/11 334/72/11 329/68/11
f 336/73/12 333/89/12 335/94/12
f 344/83/13 331/69/13 343/81/13
f 335/94/14 346/84/14 334/72/14
f 348/85/15 345/82/15 347/97/15
f 338/95/16 343/81/16 337/75/16
f 347/97/17 340/78/17 346/84/17
f 342/79/18 339/76/18 341/80/18
f 326/65/19 337/75/19 325/63/19
f 341/80/20 329/90/20 340/78/20
f 325/63/21 343/81/21 331/69/21
f 332/91/22 330/67/22 327/87/22
f 326/92/23 341/80/23 339/76/23
f 340/78/24 334/93/24 346/84/24
f 344/83/25 335/94/25 333/89/25
f 338/95/26 347/97/26 345/82/26
f 457/198/1 459/199/1 458/200/1
f 460/201/2 462/202/2 461/203/2
f 463/204/3 465/205/3 464/206/3
f 466/207/4 468/208/4 467/209/4
f 469/210/5 471/211/5 470/212/5
f 472/213/6 474/214/6 473/215/6
f 475/216/7 477/217/7 476/218/7
f 478/219/8 480/220/8 479/221/8
f 464/206/9 457/198/9 463/204/9
f 459/222/10 460/201/10 458/223/10
f 462/202/11 466/207/11 461/203/11
f 468/208/12 465/224/12 467/209/12
f 476/218/13 463/204/13 475/216/13
f 467/209/14 478/219/14 466/207/14
f 480/220/15 477/217/15 479/221/15
f 470/212/16 475/216/16 469/210/16
f 479/221/17 472/213/17 478/219/17
f 474/214/18 471/211/18 473/215/18
f 458/200/19 469/210/19 457/198/19
f 473/215/20 461/225/20 472/213/20
f 457/198/21 475/216/21 463/204/21
f 464/226/22 462/202/22 459/222/22
f 458/227/23 473/215/23 471/211/23
f 472/213/24 466/228/24 478/219/24
f 476/218/25 467/209/25 465/224/25
f 470/212/26 479/221/26 477/217/26
f 56/71/9 51/64/9 49/63/9
f 51/87/10 54/67/10 52/66/10
f 54/67/11 60/73/11 58/72/11
f 60/73/12 56/91/12 57/89/12
f 68/83/13 57/70/13 55/69/13
f 59/74/14 72/85/14 70/84/14
f 72/85/15 68/83/15 69/82/15
f 62/77/16 69/82/16 67/81/16
f 71/86/17 66/79/17 64/78/17
f 66/79/18 62/77/18 63/76/18
f 50/65/19 63/76/19 61/75/19
f 65/80/20 52/1241/20 53/90/20
f 49/63/21 61/75/21 67/81/21
f 56/91/22 60/73/22 54/67/22
f 50/92/23 52/1241/23 65/80/23
f 64/78/24 53/1242/24 58/93/24
f 68/83/25 72/85/25 59/74/25
f 62/77/26 66/79/26 71/86/26
f 80/71/9 75/64/9 73/63/9
f 75/87/10 78/67/10 76/66/10
f 78/67/11 84/73/11 82/72/11
f 84/73/12 80/91/12 81/89/12
f 92/96/13 81/70/13 79/69/13
f 83/94/14 96/85/14 94/84/14
f 96/85/15 92/96/15 93/82/15
f 86/95/16 93/82/16 91/81/16
f 95/97/17 90/79/17 88/78/17
f 90/79/18 86/95/18 87/76/18
f 74/65/19 87/76/19 85/75/19
f 89/80/20 76/1241/20 77/90/20
f 73/63/21 85/75/21 91/81/21
f 80/91/22 84/73/22 78/67/22
f 74/92/23 76/1241/23 89/80/23
f 88/78/24 77/1242/24 82/93/24
f 92/96/25 96/85/25 83/94/25
f 86/95/26 90/79/26 95/97/26
f 104/71/9 99/64/9 97/63/9
f 99/87/10 102/67/10 100/66/10
f 102/67/11 108/73/11 106/72/11
f 108/73/12 104/91/12 105/89/12
f 116/83/13 105/70/13 103/69/13
f 107/74/14 120/85/14 118/84/14
f 120/85/15 116/83/15 117/82/15
f 110/77/16 117/82/16 115/81/16
f 119/86/17 114/79/17 112/78/17
f 114/79/18 110/77/18 111/76/18
f 98/65/19 111/76/19 109/75/19
f 113/80/20 100/1241/20 101/90/20
f 97/63/21 109/75/21 115/81/21
f 104/91/22 108/73/22 102/67/22
f 98/92/23 100/1241/23 113/80/23
f 112/78/24 101/1242/24 106/93/24
f 116/83/25 120/85/25 107/74/25
f 110/77/26 114/79/26 119/86/26
f 284/71/9 279/64/9 277/63/9
f 279/87/10 282/67/10 280/66/10
f 282/67/11 288/73/11 286/72/11
f 288/73/12 284/91/12 285/89/12
f 296/83/13 285/70/13 283/69/13
f 287/94/14 300/85/14 298/84/14
f 300/85/15 296/83/15 297/82/15
f 290/95/16 297/82/16 295/81/16
f 299/97/17 294/79/17 292/78/17
f 294/79/18 290/95/18 291/76/18
f 278/65/19 291/76/19 289/75/19
f 293/80/20 280/1241/20 281/90/20
f 277/63/21 289/75/21 295/81/21
f 284/91/22 288/73/22 282/67/22
f 278/92/23 280/1241/23 293/80/23
f 292/78/24 281/1242/24 286/93/24
f 296/83/25 300/85/25 287/94/25
f 290/95/26 294/79/26 299/97/26
f 308/71/9 303/64/9 301/63/9
f 303/87/10 306/67/10 304/66/10
f 306/67/11 312/73/11 310/72/11
f 312/73/12 308/91/12 309/89/12
f 320/83/13 309/70/13 307/69/13
f 311/74/14 324/85/14 322/84/14
f 324/85/15 320/83/15 321/82/15
f 314/77/16 321/82/16 319/81/16
f 323/86/17 318/79/17 316/78/17
f 318/79/18 314/77/18 315/76/18
f 302/65/19 315/76/19 313/75/19
f 317/80/20 304/1241/20 305/90/20
f 301/63/21 313/75/21 319/81/21
f 308/91/22 312/73/22 306/67/22
f 302/92/23 304/1241/23 317/80/23
f 316/78/24 305/1242/24 310/93/24
f 320/83/25 324/85/25 311/74/25
f 314/77/26 318/79/26 323/86/26
f 332/71/9 327/64/9 325/63/9
f 327/87/10 330/67/10 328/66/10
f 330/67/11 336/73/11 334/72/11
f 336/73/12 332/91/12 333/89/12
f 344/83/13 333/70/13 331/69/13
f 335/94/14 348/85/14 346/84/14
f 348/85/15 344/83/15 345/82/15
f 338/95/16 345/82/16 343/81/16
f 347/97/17 342/79/17 340/78/17
f 342/79/18 338/95/18 339/76/18
f 326/65/19 339/76/19 337/75/19
f 341/80/20 328/1241/20 329/90/20
f 325/63/21 337/75/21 343/81/21
f 332/91/22 336/73/22 330/67/22
f 326/92/23 328/1241/23 341/80/23
f 340/78/24 329/1242/24 334/93/24
f 344/83/25 348/85/25 335/94/25
f 338/95/26 342/79/26 347/97/26
f 464/206/9 459/199/9 457/198/9
f 459/222/10 462/202/10 460/201/10
f 462/202/11 468/208/11 466/207/11
f 468/208/12 464/226/12 465/224/12
f 476/218/13 465/205/13 463/204/13
f 467/209/14 480/220/14 478/219/14
f 480/220/15 476/218/15 477/217/15
f 470/212/16 477/217/16 475/216/16
f 479/221/17 474/214/17 472/213/17
f 474/214/18 470/212/18 471/211/18
f 458/200/19 471/211/19 469/210/19
f 473/215/20 460/1244/20 461/225/20
f 457/198/21 469/210/21 475/216/21
f 464/226/22 468/208/22 462/202/22
f 458/227/23 460/1244/23 473/215/23
f 472/213/24 461/1245/24 466/228/24
f 476/218/25 480/220/25 467/209/25
f 470/212/26 474/214/26 479/221/26
usemtl Cream
f 481/229/1 483/230/1 482/231/1
f 484/232/2 486/233/2 485/234/2
f 487/235/3 489/236/3 488/237/3
f 490/238/4 492/239/4 491/240/4
f 493/241/5 495/242/5 494/243/5
f 496/244/6 498/245/6 497/246/6
f 499/247/7 501/248/7 500/249/7
f 502/250/8 504/251/8 503/252/8
f 488/237/9 481/229/9 487/235/9
f 483/253/10 484/232/10 482/254/10
f 486/233/11 490/238/11 485/234/11
f 492/239/12 489/255/12 491/240/12
f 500/249/13 487/235/13 499/247/13
f 491/240/14 502/250/14 490/238/14
f 504/251/15 501/248/15 503/252/15
f 494/243/16 499/247/16 493/241/16
f 503/252/17 496/244/17 502/250/17
f 498/245/18 495/242/18 497/246/18
f 482/231/19 493/241/19 481/229/19
f 497/246/20 485/256/20 496/244/20
f 481/229/21 499/247/21 487/235/21
f 488/257/22 486/233/22 483/253/22
f 482/258/23 497/246/23 495/242/23
f 496/244/24 490/259/24 502/250/24
f 500/249/25 491/240/25 489/255/25
f 494/243/26 503/252/26 501/248/26
f 505/229/1 507/230/1 506/231/1
f 508/232/2 510/233/2 509/234/2
f 511/235/3 513/236/3 512/237/3
f 514/238/4 516/239/4 515/240/4
f 517/241/5 519/242/5 518/243/5
f 520/244/6 522/245/6 521/246/6
f 523/247/7 525/248/7 524/249/7
f 526/250/8 528/251/8 527/260/8
f 512/237/9 505/229/9 511/235/9
f 507/253/10 508/232/10 506/254/10
f 510/233/11 514/238/11 509/234/11
f 516/239/12 513/255/12 515/240/12
f 524/249/13 511/235/13 523/247/13
f 515/240/14 526/250/14 514/238/14
f 528/251/15 525/248/15 527/260/15
f 518/243/16 523/247/16 517/241/16
f 527/260/17 520/244/17 526/250/17
f 522/245/18 519/242/18 521/246/18
f 506/231/19 517/241/19 505/229/19
f 521/246/20 509/256/20 520/244/20
f 505/229/21 523/247/21 511/235/21
f 512/257/22 510/233/22 507/253/22
f 506/258/23 521/246/23 519/242/23
f 520/244/24 514/259/24 526/250/24
f 524/249/25 515/240/25 513/255/25
f 518/243/26 527/260/26 525/248/26
f 553/229/1 555/230/1 554/231/1
f 556/232/2 558/233/2 557/234/2
f 559/235/3 561/236/3 560/237/3
f 562/238/4 564/239/4 563/240/4
f 565/241/5 567/242/5 566/243/5
f 568/244/6 570/245/6 569/246/6
f 571/247/7 573/248/7 572/261/7
f 574/250/8 576/251/8 575/260/8
f 560/237/9 553/229/9 559/235/9
f 555/253/10 556/232/10 554/254/10
f 558/233/11 562/238/11 557/234/11
f 564/239/12 561/255/12 563/240/12
f 572/261/13 559/235/13 571/247/13
f 563/240/14 574/250/14 562/238/14
f 576/251/15 573/248/15 575/260/15
f 566/243/16 571/247/16 565/241/16
f 575/260/17 568/244/17 574/250/17
f 570/245/18 567/242/18 569/246/18
f 554/231/19 565/241/19 553/229/19
f 569/246/20 557/256/20 568/244/20
f 553/229/21 571/247/21 559/235/21
f 560/257/22 558/233/22 555/253/22
f 554/258/23 569/246/23 567/242/23
f 568/244/24 562/259/24 574/250/24
f 572/261/25 563/240/25 561/255/25
f 566/243/26 575/260/26 573/248/26
f 577/229/1 579/230/1 578/231/1
f 580/232/2 582/233/2 581/234/2
f 583/235/3 585/236/3 584/237/3
f 586/238/4 588/239/4 587/240/4
f 589/241/5 591/242/5 590/243/5
f 592/244/6 594/245/6 593/246/6
f 595/247/7 597/248/7 596/249/7
f 598/250/8 600/251/8 599/252/8
f 584/237/9 577/229/9 583/235/9
f 579/253/10 580/232/10 578/254/10
f 582/233/11 586/238/11 581/234/11
f 588/239/12 585/255/12 587/240/12
f 596/249/13 583/235/13 595/247/13
f 587/240/14 598/250/14 586/238/14
f 600/251/15 597/248/15 599/252/15
f 590/243/16 595/247/16 589/241/16
f 599/252/17 592/244/17 598/250/17
f 594/245/18 591/242/18 593/246/18
f 578/231/19 589/241/19 577/229/19
f 593/246/20 581/256/20 592/244/20
f 577/229/21 595/247/21 583/235/21
f 584/257/22 582/233/22 579/253/22
f 578/258/23 593/246/23 591/242/23
f 592/244/24 586/259/24 598/250/24
f 596/249/25 587/240/25 585/255/25
f 590/243/26 599/252/26 597/248/26
f 955/428/1 957/429/1 956/399/1
f 958/430/2 960/431/2 959/432/2
f 961/433/3 963/404/3 962/434/3
f 964/435/4 966/436/4 965/437/4
f 967/438/5 969/439/5 968/440/5
f 970/441/6 972/442/6 971/443/6
f 973/444/7 975/445/7 974/446/7
f 976/447/8 978/448/8 977/449/8
f 962/434/9 955/428/9 961/433/9
f 957/450/10 958/430/10 956/451/10
f 960/431/11 964/435/11 959/432/11
f 966/436/12 963/452/12 965/437/12
f 974/446/13 961/433/13 973/444/13
f 965/437/14 976/447/14 964/435/14
f 978/448/15 975/445/15 977/449/15
f 968/440/16 973/444/16 967/438/16
f 977/449/17 970/441/17 976/447/17
f 972/442/18 969/439/18 971/443/18
f 956/399/19 967/438/19 955/428/19
f 971/443/20 959/424/20 970/441/20
f 955/428/21 973/444/21 961/433/21
f 962/453/22 960/431/22 957/450/22
f 956/454/23 971/443/23 969/439/23
f 970/441/24 964/455/24 976/447/24
f 974/446/25 965/437/25 963/452/25
f 968/440/26 977/449/26 975/445/26
f 979/456/124 981/457/124 980/399/124
f 982/458/125 984/459/125 983/460/125
f 985/461/126 987/404/126 986/462/126
f 988/463/127 990/464/127 989/465/127
f 991/466/128 993/467/128 992/468/128
f 994/469/129 996/470/129 995/471/129
f 997/472/130 999/473/130 998/474/130
f 1000/475/131 1002/476/131 1001/477/131
f 986/462/132 979/456/132 985/461/132
f 981/478/133 982/458/133 980/479/133
f 983/460/134 990/464/134 988/463/134
f 990/464/135 987/480/135 989/465/135
f 998/474/136 985/461/136 997/472/136
f 989/465/137 1000/475/137 988/463/137
f 1002/476/138 999/473/138 1001/477/138
f 992/468/139 997/472/139 991/466/139
f 1000/475/140 996/470/140 994/469/140
f 996/470/141 993/467/141 995/471/141
f 979/456/142 993/467/142 991/466/142
f 995/471/143 983/424/143 994/469/143
f 985/461/21 991/466/21 997/472/21
f 986/481/144 984/459/144 981/478/144
f 980/482/145 995/471/145 993/467/145
f 1000/475/24 983/483/24 988/484/24
f 998/474/146 989/465/146 987/480/146
f 992/468/147 1001/477/147 999/473/147
f 1087/615/214 1089/616/214 1088/399/214
f 1090/617/215 1092/618/215 1091/619/215
f 1093/620/216 1095/404/216 1094/621/216
f 1096/622/217 1098/623/217 1097/624/217
f 1099/625/218 1101/626/218 1100/627/218
f 1102/628/219 1104/629/219 1103/630/219
f 1105/631/220 1107/632/220 1106/633/220
f 1108/634/221 1110/635/221 1109/636/221
f 1094/621/222 1087/615/222 1093/620/222
f 1089/637/223 1090/617/223 1088/638/223
f 1092/618/224 1096/622/224 1091/619/224
f 1098/623/225 1095/639/225 1097/624/225
f 1106/633/226 1093/620/226 1105/631/226
f 1097/624/227 1108/634/227 1096/622/227
f 1110/635/228 1107/632/228 1109/636/228
f 1100/627/229 1105/631/229 1099/625/229
f 1109/636/230 1102/628/230 1108/634/230
f 1104/629/231 1101/626/231 1103/630/231
f 1087/615/232 1101/626/232 1099/625/232
f 1103/630/233 1091/424/233 1102/628/233
f 1087/615/21 1105/631/21 1093/620/21
f 1094/640/234 1092/618/234 1089/637/234
f 1088/641/235 1103/630/235 1101/626/235
f 1102/628/24 1096/642/24 1108/634/24
f 1106/633/236 1097/624/236 1095/639/236
f 1100/627/237 1109/636/237 1107/632/237
f 1411/763/300 1413/764/300 1412/399/300
f 1414/765/301 1416/766/301 1415/767/301
f 1417/768/302 1419/404/302 1418/769/302
f 1420/770/303 1422/771/303 1421/772/303
f 1423/773/304 1425/774/304 1424/775/304
f 1426/776/305 1428/777/305 1427/778/305
f 1429/779/306 1431/780/306 1430/781/306
f 1432/782/307 1434/783/307 1433/784/307
f 1418/769/308 1411/763/308 1417/768/308
f 1413/785/309 1414/765/309 1412/786/309
f 1416/766/310 1420/770/310 1415/767/310
f 1422/771/311 1419/787/311 1421/772/311
f 1430/781/312 1417/768/312 1429/779/312
f 1420/770/313 1434/783/313 1432/782/313
f 1434/783/314 1431/780/314 1433/784/314
f 1424/775/315 1429/779/315 1423/773/315
f 1433/784/316 1426/776/316 1432/782/316
f 1428/777/317 1425/774/317 1427/778/317
f 1412/399/318 1423/773/318 1411/763/318
f 1427/778/319 1415/424/319 1426/776/319
f 1411/763/21 1429/779/21 1417/768/21
f 1418/788/320 1416/766/320 1413/785/320
f 1412/789/321 1427/778/321 1425/774/321
f 1432/782/24 1415/790/24 1420/791/24
f 1430/781/322 1421/772/322 1419/787/322
f 1424/775/323 1433/784/323 1431/780/323
f 1519/811/332 1521/812/332 1520/399/332
f 1522/813/333 1524/814/333 1523/815/333
f 1525/816/334 1527/404/334 1526/817/334
f 1528/818/335 1530/819/335 1529/820/335
f 1531/821/336 1533/822/336 1532/823/336
f 1534/824/337 1536/825/337 1535/826/337
f 1537/827/256 1539/828/256 1538/829/256
f 1540/830/257 1542/831/257 1541/832/257
f 1526/817/258 1519/811/258 1525/816/258
f 1521/833/259 1522/813/259 1520/834/259
f 1524/814/260 1528/818/260 1523/815/260
f 1530/819/261 1527/835/261 1529/820/261
f 1538/829/262 1525/816/262 1537/827/262
f 1528/818/263 1542/831/263 1540/830/263
f 1542/831/264 1539/828/264 1541/832/264
f 1532/823/265 1537/827/265 1531/821/265
f 1540/830/266 1536/825/266 1534/824/266
f 1536/825/267 1533/822/267 1535/826/267
f 1520/399/268 1531/821/268 1519/811/268
f 1535/826/269 1523/424/269 1534/824/269
f 1519/811/21 1537/827/21 1525/816/21
f 1526/836/270 1524/814/270 1521/833/270
f 1520/837/271 1535/826/271 1533/822/271
f 1540/830/24 1523/838/24 1528/839/24
f 1538/829/272 1529/820/272 1527/835/272
f 1532/823/273 1541/832/273 1539/828/273
s 1
f 2113/1126/526 2118/1058/570 2114/1127/571
f 2119/1128/572 2116/1129/573 2120/1060/574
f 2117/1130/532 2122/1064/575 2118/1058/570
f 2124/1066/576 2119/1128/572 2120/1060/574
f 2122/1064/575 2125/1131/540 2126/1068/577
f 2127/1132/578 2124/1066/576 2128/1133/579
f 2126/1068/577 2129/1134/544 2130/1135/580
f 2131/1136/542 2128/1133/579 2132/1137/581
f 2129/1134/544 2134/1076/582 2130/1135/580
f 2136/1078/583 2131/1136/542 2132/1137/581
f 2133/1138/548 2138/1139/584 2134/1076/582
f 2140/1140/585 2135/1141/546 2136/1078/583
f 2138/1139/584 2141/1142/551 2142/1083/586
f 2143/1143/553 2140/1140/585 2144/1144/554
f 2141/1142/551 2146/1145/587 2142/1083/586
f 2148/1146/588 2143/1143/553 2144/1144/554
f 2146/1145/587 2149/1147/562 2150/1090/589
f 2151/1148/590 2148/1146/588 2152/1149/591
f 2149/1147/562 2154/1094/592 2150/1090/589
f 2155/1150/564 2152/1149/591 2156/1096/593
f 2154/1094/592 2157/1151/594 2158/1098/567
f 2159/1152/568 2156/1096/593 2160/1153/595
f 2157/1151/594 2114/1127/571 2158/1098/567
f 2116/1129/573 2159/1152/568 2160/1153/595
f 2149/1147/562 2133/1138/548 2117/1130/532
f 2118/1154/570 2116/1155/573 2114/1156/571
f 2114/1157/571 2160/1158/595 2158/1159/567
f 2131/1136/542 2147/1160/557 2115/1161/530
f 2122/1162/575 2120/1163/574 2118/1154/570
f 2126/1164/577 2124/1165/576 2122/1162/575
f 2130/1166/580 2128/1167/579 2126/1164/577
f 2134/1168/582 2132/1169/581 2130/1166/580
f 2138/1170/584 2136/1171/583 2134/1168/582
f 2142/1172/586 2140/1173/585 2138/1170/584
f 2146/1174/587 2144/1175/554 2142/1172/586
f 2150/1176/589 2148/1177/588 2146/1174/587
f 2154/1178/592 2152/1179/591 2150/1176/589
f 2158/1159/567 2156/1180/593 2154/1178/592
s 0
f 488/237/9 483/230/9 481/229/9
f 483/253/10 486/233/10 484/232/10
f 486/233/11 492/239/11 490/238/11
f 492/239/12 488/257/12 489/255/12
f 500/249/13 489/236/13 487/235/13
f 491/240/14 504/251/14 502/250/14
f 504/251/15 500/249/15 501/248/15
f 494/243/16 501/248/16 499/247/16
f 503/252/17 498/245/17 496/244/17
f 498/245/18 494/243/18 495/242/18
f 482/231/19 495/242/19 493/241/19
f 497/246/20 484/1246/20 485/256/20
f 481/229/21 493/241/21 499/247/21
f 488/257/22 492/239/22 486/233/22
f 482/258/23 484/1246/23 497/246/23
f 496/244/24 485/1247/24 490/259/24
f 500/249/25 504/251/25 491/240/25
f 494/243/26 498/245/26 503/252/26
f 512/237/9 507/230/9 505/229/9
f 507/253/10 510/233/10 508/232/10
f 510/233/11 516/239/11 514/238/11
f 516/239/12 512/257/12 513/255/12
f 524/249/13 513/236/13 511/235/13
f 515/240/14 528/251/14 526/250/14
f 528/251/15 524/249/15 525/248/15
f 518/243/16 525/248/16 523/247/16
f 527/260/17 522/245/17 520/244/17
f 522/245/18 518/243/18 519/242/18
f 506/231/19 519/242/19 517/241/19
f 521/246/20 508/1246/20 509/256/20
f 505/229/21 517/241/21 523/247/21
f 512/257/22 516/239/22 510/233/22
f 506/258/23 508/1246/23 521/246/23
f 520/244/24 509/1247/24 514/259/24
f 524/249/25 528/251/25 515/240/25
f 518/243/26 522/245/26 527/260/26
f 560/237/9 555/230/9 553/229/9
f 555/253/10 558/233/10 556/232/10
f 558/233/11 564/239/11 562/238/11
f 564/239/12 560/257/12 561/255/12
f 572/261/13 561/236/13 559/235/13
f 563/240/14 576/251/14 574/250/14
f 576/251/15 572/261/15 573/248/15
f 566/243/16 573/248/16 571/247/16
f 575/260/17 570/245/17 568/244/17
f 570/245/18 566/243/18 567/242/18
f 554/231/19 567/242/19 565/241/19
f 569/246/20 556/1246/20 557/256/20
f 553/229/21 565/241/21 571/247/21
f 560/257/22 564/239/22 558/233/22
f 554/258/23 556/1246/23 569/246/23
f 568/244/24 557/1247/24 562/259/24
f 572/261/25 576/251/25 563/240/25
f 566/243/26 570/245/26 575/260/26
f 584/237/9 579/230/9 577/229/9
f 579/253/10 582/233/10 580/232/10
f 582/233/11 588/239/11 586/238/11
f 588/239/12 584/257/12 585/255/12
f 596/249/13 585/236/13 583/235/13
f 587/240/14 600/251/14 598/250/14
f 600/251/15 596/249/15 597/248/15
f 590/243/16 597/248/16 595/247/16
f 599/252/17 594/245/17 592/244/17
f 594/245/18 590/243/18 591/242/18
f 578/231/19 591/242/19 589/241/19
f 593/246/20 580/1246/20 581/256/20
f 577/229/21 589/241/21 595/247/21
f 584/257/22 588/239/22 582/233/22
f 578/258/23 580/1246/23 593/246/23
f 592/244/24 581/1247/24 586/259/24
f 596/249/25 600/251/25 587/240/25
f 590/243/26 594/245/26 599/252/26
f 962/434/9 957/429/9 955/428/9
f 957/450/10 960/431/10 958/430/10
f 960/431/11 966/436/11 964/435/11
f 966/436/12 962/453/12 963/452/12
f 974/446/13 963/404/13 961/433/13
f 965/437/14 978/448/14 976/447/14
f 978/448/15 974/446/15 975/445/15
f 968/440/16 975/445/16 973/444/16
f 977/449/17 972/442/17 970/441/17
f 972/442/18 968/440/18 969/439/18
f 956/399/19 969/439/19 967/438/19
f 971/443/20 958/1257/20 959/424/20
f 955/428/21 967/438/21 973/444/21
f 962/453/22 966/436/22 960/431/22
f 956/454/23 958/1257/23 971/443/23
f 970/441/24 959/1258/24 964/455/24
f 974/446/25 978/448/25 965/437/25
f 968/440/26 972/442/26 977/449/26
f 986/462/132 981/457/132 979/456/132
f 981/478/133 984/459/133 982/458/133
f 983/460/134 984/459/134 990/464/134
f 990/464/135 986/481/135 987/480/135
f 998/474/136 987/404/136 985/461/136
f 989/465/137 1002/476/137 1000/475/137
f 1002/476/138 998/474/138 999/473/138
f 992/468/139 999/473/139 997/472/139
f 1000/475/140 1001/477/140 996/470/140
f 996/470/141 992/468/141 993/467/141
f 979/456/142 980/399/142 993/467/142
f 995/471/143 982/1259/143 983/424/143
f 985/461/21 979/456/21 991/466/21
f 986/481/144 990/464/144 984/459/144
f 980/482/145 982/1259/145 995/471/145
f 1000/475/24 994/469/24 983/483/24
f 998/474/146 1002/476/146 989/465/146
f 992/468/147 996/470/147 1001/477/147
f 1094/621/222 1089/616/222 1087/615/222
f 1089/637/223 1092/618/223 1090/617/223
f 1092/618/224 1098/623/224 1096/622/224
f 1098/623/225 1094/640/225 1095/639/225
f 1106/633/226 1095/404/226 1093/620/226
f 1097/624/227 1110/635/227 1108/634/227
f 1110/635/228 1106/633/228 1107/632/228
f 1100/627/229 1107/632/229 1105/631/229
f 1109/636/230 1104/629/230 1102/628/230
f 1104/629/231 1100/627/231 1101/626/231
f 1087/615/232 1088/399/232 1101/626/232
f 1103/630/233 1090/1263/233 1091/424/233
f 1087/615/21 1099/625/21 1105/631/21
f 1094/640/234 1098/623/234 1092/618/234
f 1088/641/235 1090/1263/235 1103/630/235
f 1102/628/24 1091/1264/24 1096/642/24
f 1106/633/236 1110/635/236 1097/624/236
f 1100/627/237 1104/629/237 1109/636/237
f 1418/769/308 1413/764/308 1411/763/308
f 1413/785/309 1416/766/309 1414/765/309
f 1416/766/310 1422/771/310 1420/770/310
f 1422/771/311 1418/788/311 1419/787/311
f 1430/781/312 1419/404/312 1417/768/312
f 1420/770/313 1421/772/313 1434/783/313
f 1434/783/314 1430/781/314 1431/780/314
f 1424/775/315 1431/780/315 1429/779/315
f 1433/784/316 1428/777/316 1426/776/316
f 1428/777/317 1424/775/317 1425/774/317
f 1412/399/318 1425/774/318 1423/773/318
f 1427/778/319 1414/1268/319 1415/424/319
f 1411/763/21 1423/773/21 1429/779/21
f 1418/788/320 1422/771/320 1416/766/320
f 1412/789/321 1414/1268/321 1427/778/321
f 1432/782/24 1426/776/24 1415/790/24
f 1430/781/322 1434/783/322 1421/772/322
f 1424/775/323 1428/777/323 1433/784/323
f 1526/817/258 1521/812/258 1519/811/258
f 1521/833/259 1524/814/259 1522/813/259
f 1524/814/260 1530/819/260 1528/818/260
f 1530/819/261 1526/836/261 1527/835/261
f 1538/829/262 1527/404/262 1525/816/262
f 1528/818/263 1529/820/263 1542/831/263
f 1542/831/264 1538/829/264 1539/828/264
f 1532/823/265 1539/828/265 1537/827/265
f 1540/830/266 1541/832/266 1536/825/266
f 1536/825/267 1532/823/267 1533/822/267
f 1520/399/268 1533/822/268 1531/821/268
f 1535/826/269 1522/1270/269 1523/424/269
f 1519/811/21 1531/821/21 1537/827/21
f 1526/836/270 1530/819/270 1524/814/270
f 1520/837/271 1522/1270/271 1535/826/271
f 1540/830/24 1534/824/24 1523/838/24
f 1538/829/272 1542/831/272 1529/820/272
f 1532/823/273 1536/825/273 1541/832/273
s 1
f 2113/1126/526 2117/1130/532 2118/1058/570
f 2119/1128/572 2115/1161/530 2116/1129/573
f 2117/1130/532 2121/1276/536 2122/1064/575
f 2124/1066/576 2123/1277/534 2119/1128/572
f 2122/1064/575 2121/1276/536 2125/1131/540
f 2127/1132/578 2123/1277/534 2124/1066/576
f 2126/1068/577 2125/1131/540 2129/1134/544
f 2131/1136/542 2127/1132/578 2128/1133/579
f 2129/1134/544 2133/1138/548 2134/1076/582
f 2136/1078/583 2135/1141/546 2131/1136/542
f 2133/1138/548 2137/1278/598 2138/1139/584
f 2140/1140/585 2139/1279/651 2135/1141/546
f 2138/1139/584 2137/1278/598 2141/1142/551
f 2143/1143/553 2139/1279/651 2140/1140/585
f 2141/1142/551 2145/1280/555 2146/1145/587
f 2148/1146/588 2147/1160/557 2143/1143/553
f 2146/1145/587 2145/1280/555 2149/1147/562
f 2151/1148/590 2147/1160/557 2148/1146/588
f 2149/1147/562 2153/1281/566 2154/1094/592
f 2155/1150/564 2151/1148/590 2152/1149/591
f 2154/1094/592 2153/1281/566 2157/1151/594
f 2159/1152/568 2155/1150/564 2156/1096/593
f 2157/1151/594 2113/1126/526 2114/1127/571
f 2116/1129/573 2115/1161/530 2159/1152/568
f 2117/1130/532 2113/1126/526 2157/1151/594
f 2157/1151/594 2153/1281/566 2149/1147/562
f 2149/1147/562 2145/1280/555 2141/1142/551
f 2141/1142/551 2137/1278/598 2133/1138/548
f 2133/1138/548 2129/1134/544 2125/1131/540
f 2125/1131/540 2121/1276/536 2117/1130/532
f 2117/1130/532 2157/1151/594 2149/1147/562
f 2149/1147/562 2141/1142/551 2133/1138/548
f 2133/1138/548 2125/1131/540 2117/1130/532
f 2118/1154/570 2120/1163/574 2116/1155/573
f 2114/1157/571 2116/1282/573 2160/1158/595
f 2115/1161/530 2119/1128/572 2123/1277/534
f 2123/1277/534 2127/1132/578 2131/1136/542
f 2131/1136/542 2135/1141/546 2139/1279/651
f 2139/1279/651 2143/1143/553 2147/1160/557
f 2147/1160/557 2151/1148/590 2155/1150/564
f 2155/1150/564 2159/1152/568 2115/1161/530
f 2115/1161/530 2123/1277/534 2131/1136/542
f 2131/1136/542 2139/1279/651 2147/1160/557
f 2147/1160/557 2155/1150/564 2115/1161/530
f 2122/1162/575 2124/1165/576 2120/1163/574
f 2126/1164/577 2128/1167/579 2124/1165/576
f 2130/1166/580 2132/1169/581 2128/1167/579
f 2134/1168/582 2136/1171/583 2132/1169/581
f 2138/1170/584 2140/1173/585 2136/1171/583
f 2142/1172/586 2144/1175/554 2140/1173/585
f 2146/1174/587 2148/1177/588 2144/1175/554
f 2150/1176/589 2152/1179/591 2148/1177/588
f 2154/1178/592 2156/1180/593 2152/1179/591
f 2158/1159/567 2160/1158/595 2156/1180/593
s 0
usemtl TealPaint
f 529/229/1 531/230/1 530/231/1
f 532/232/2 534/233/2 533/234/2
f 535/235/3 537/236/3 536/237/3
f 538/238/4 540/239/4 539/240/4
f 541/241/5 543/242/5 542/243/5
f 544/244/6 546/245/6 545/246/6
f 547/247/7 549/248/7 548/261/7
f 550/250/8 552/251/8 551/252/8
f 536/237/9 529/229/9 535/235/9
f 531/253/10 532/232/10 530/254/10
f 534/233/11 538/238/11 533/234/11
f 540/239/12 537/255/12 539/240/12
f 548/261/13 535/235/13 547/247/13
f 539/240/14 550/250/14 538/238/14
f 552/251/15 549/248/15 551/252/15
f 542/243/16 547/247/16 541/241/16
f 551/252/17 544/244/17 550/250/17
f 546/245/18 543/242/18 545/246/18
f 530/231/19 541/241/19 529/229/19
f 545/246/20 533/256/20 544/244/20
f 529/229/21 547/247/21 535/235/21
f 536/257/22 534/233/22 531/253/22
f 530/258/23 545/246/23 543/242/23
f 544/244/24 538/259/24 550/250/24
f 548/261/25 539/240/25 537/255/25
f 542/243/26 551/252/26 549/248/26
f 721/343/1 723/344/1 722/345/1
f 724/346/2 726/347/2 725/348/2
f 727/349/3 729/350/3 728/351/3
f 730/352/4 732/353/4 731/374/4
f 733/355/5 735/356/5 734/357/5
f 736/358/6 738/375/6 737/360/6
f 739/361/7 741/362/7 740/363/7
f 742/364/8 744/365/8 743/366/8
f 728/351/9 721/343/9 727/349/9
f 723/367/10 724/346/10 722/368/10
f 726/347/11 730/352/11 725/348/11
f 732/353/12 729/369/12 731/374/12
f 740/363/13 727/349/13 739/361/13
f 731/374/14 742/364/14 730/352/14
f 744/365/15 741/362/15 743/366/15
f 734/357/16 739/361/16 733/355/16
f 743/366/17 736/358/17 742/364/17
f 738/375/18 735/356/18 737/360/18
f 722/345/19 733/355/19 721/343/19
f 737/360/20 725/370/20 736/358/20
f 721/343/21 739/361/21 727/349/21
f 728/371/22 726/347/22 723/367/22
f 722/372/23 737/360/23 735/356/23
f 736/358/24 730/373/24 742/364/24
f 740/363/25 731/374/25 729/369/25
f 734/357/26 743/366/26 741/362/26
f 745/343/1 747/344/1 746/345/1
f 748/346/2 750/347/2 749/348/2
f 751/349/3 753/350/3 752/351/3
f 754/352/4 756/353/4 755/354/4
f 757/355/5 759/356/5 758/357/5
f 760/358/6 762/359/6 761/360/6
f 763/361/7 765/362/7 764/363/7
f 766/364/8 768/365/8 767/366/8
f 752/351/9 745/343/9 751/349/9
f 747/367/10 748/346/10 746/368/10
f 750/347/11 754/352/11 749/348/11
f 756/353/12 753/369/12 755/354/12
f 764/363/13 751/349/13 763/361/13
f 755/354/14 766/364/14 754/352/14
f 768/365/15 765/362/15 767/366/15
f 758/357/16 763/361/16 757/355/16
f 767/366/17 760/358/17 766/364/17
f 762/359/18 759/356/18 761/360/18
f 746/345/19 757/355/19 745/343/19
f 761/360/20 749/370/20 760/358/20
f 745/343/21 763/361/21 751/349/21
f 752/371/22 750/347/22 747/367/22
f 746/372/23 761/360/23 759/356/23
f 760/358/24 754/373/24 766/364/24
f 764/363/25 755/354/25 753/369/25
f 758/357/26 767/366/26 765/362/26
f 769/343/1 771/344/1 770/345/1
f 772/346/2 774/347/2 773/348/2
f 775/349/3 777/350/3 776/351/3
f 778/352/4 780/353/4 779/374/4
f 781/355/5 783/356/5 782/357/5
f 784/358/6 786/375/6 785/360/6
f 787/361/7 789/362/7 788/363/7
f 790/364/8 792/365/8 791/366/8
f 776/351/9 769/343/9 775/349/9
f 771/367/10 772/346/10 770/368/10
f 774/347/11 778/352/11 773/348/11
f 780/353/12 777/369/12 779/374/12
f 788/363/13 775/349/13 787/361/13
f 779/374/14 790/364/14 778/352/14
f 792/365/15 789/362/15 791/366/15
f 782/357/16 787/361/16 781/355/16
f 791/366/17 784/358/17 790/364/17
f 786/375/18 783/356/18 785/360/18
f 770/345/19 781/355/19 769/343/19
f 785/360/20 773/370/20 784/358/20
f 769/343/21 787/361/21 775/349/21
f 776/371/22 774/347/22 771/367/22
f 770/372/23 785/360/23 783/356/23
f 784/358/24 778/373/24 790/364/24
f 788/363/25 779/374/25 777/369/25
f 782/357/26 791/366/26 789/362/26
f 793/343/1 795/344/1 794/345/1
f 796/346/2 798/347/2 797/348/2
f 799/349/3 801/350/3 800/351/3
f 802/352/4 804/353/4 803/354/4
f 805/355/5 807/356/5 806/357/5
f 808/358/6 810/359/6 809/360/6
f 811/361/7 813/362/7 812/363/7
f 814/364/8 816/365/8 815/366/8
f 800/351/9 793/343/9 799/349/9
f 795/367/10 796/346/10 794/368/10
f 798/347/11 802/352/11 797/348/11
f 804/353/12 801/369/12 803/354/12
f 812/363/13 799/349/13 811/361/13
f 803/354/14 814/364/14 802/352/14
f 816/365/15 813/362/15 815/366/15
f 806/357/16 811/361/16 805/355/16
f 815/366/17 808/358/17 814/364/17
f 810/359/18 807/356/18 809/360/18
f 794/345/19 805/355/19 793/343/19
f 809/360/20 797/370/20 808/358/20
f 793/343/21 811/361/21 799/349/21
f 800/371/22 798/347/22 795/367/22
f 794/372/23 809/360/23 807/356/23
f 808/358/24 802/373/24 814/364/24
f 812/363/25 803/354/25 801/369/25
f 806/357/26 815/366/26 813/362/26
f 817/343/1 819/344/1 818/345/1
f 820/346/2 822/347/2 821/348/2
f 823/349/3 825/350/3 824/351/3
f 826/352/4 828/353/4 827/374/4
f 829/355/5 831/356/5 830/357/5
f 832/358/6 834/375/6 833/360/6
f 835/361/7 837/362/7 836/376/7
f 838/364/8 840/365/8 839/366/8
f 824/351/9 817/343/9 823/349/9
f 819/367/10 820/346/10 818/368/10
f 822/347/11 826/352/11 821/348/11
f 828/353/12 825/369/12 827/374/12
f 836/376/13 823/349/13 835/361/13
f 827/374/14 838/364/14 826/352/14
f 840/365/15 837/362/15 839/366/15
f 830/357/16 835/361/16 829/355/16
f 839/366/17 832/358/17 838/364/17
f 834/375/18 831/356/18 833/360/18
f 818/345/19 829/355/19 817/343/19
f 833/360/20 821/370/20 832/358/20
f 817/343/21 835/361/21 823/349/21
f 824/371/22 822/347/22 819/367/22
f 818/372/23 833/360/23 831/356/23
f 832/358/24 826/373/24 838/364/24
f 836/376/25 827/374/25 825/369/25
f 830/357/26 839/366/26 837/362/26
f 841/343/1 843/344/1 842/345/1
f 844/346/2 846/347/2 845/348/2
f 847/349/3 849/350/3 848/351/3
f 850/352/4 852/353/4 851/354/4
f 853/355/5 855/356/5 854/357/5
f 856/358/6 858/359/6 857/360/6
f 859/361/7 861/362/7 860/363/7
f 862/364/8 864/365/8 863/366/8
f 848/351/9 841/343/9 847/349/9
f 843/367/10 844/346/10 842/368/10
f 846/347/11 850/352/11 845/348/11
f 852/353/12 849/369/12 851/354/12
f 860/363/13 847/349/13 859/361/13
f 851/354/14 862/364/14 850/352/14
f 864/365/15 861/362/15 863/366/15
f 854/357/16 859/361/16 853/355/16
f 863/366/17 856/358/17 862/364/17
f 858/359/18 855/356/18 857/360/18
f 842/345/19 853/355/19 841/343/19
f 857/360/20 845/370/20 856/358/20
f 841/343/21 859/361/21 847/349/21
f 848/371/22 846/347/22 843/367/22
f 842/372/23 857/360/23 855/356/23
f 856/358/24 850/373/24 862/364/24
f 860/363/25 851/354/25 849/369/25
f 854/357/26 863/366/26 861/362/26
f 865/343/1 867/344/1 866/345/1
f 868/346/2 870/347/2 869/348/2
f 871/349/3 873/350/3 872/351/3
f 874/352/4 876/353/4 875/374/4
f 877/355/5 879/356/5 878/357/5
f 880/358/6 882/375/6 881/360/6
f 883/361/7 885/362/7 884/363/7
f 886/364/8 888/365/8 887/366/8
f 872/351/9 865/343/9 871/349/9
f 867/367/10 868/346/10 866/368/10
f 870/347/11 874/352/11 869/348/11
f 876/353/12 873/369/12 875/374/12
f 884/363/13 871/349/13 883/361/13
f 875/374/14 886/364/14 874/352/14
f 888/365/15 885/362/15 887/366/15
f 878/357/16 883/361/16 877/355/16
f 887/366/17 880/358/17 886/364/17
f 882/375/18 879/356/18 881/360/18
f 866/345/19 877/355/19 865/343/19
f 881/360/20 869/370/20 880/358/20
f 865/343/21 883/361/21 871/349/21
f 872/371/22 870/347/22 867/367/22
f 866/372/23 881/360/23 879/356/23
f 880/358/24 874/373/24 886/364/24
f 884/363/25 875/374/25 873/369/25
f 878/357/26 887/366/26 885/362/26
f 931/397/1 933/398/1 932/399/1
f 934/400/2 936/401/2 935/402/2
f 937/403/3 939/404/3 938/405/3
f 940/406/4 942/407/4 941/408/4
f 943/409/5 945/410/5 944/411/5
f 946/412/6 948/413/6 947/414/6
f 949/415/7 951/416/7 950/417/7
f 952/418/8 954/419/8 953/420/8
f 938/405/9 931/397/9 937/403/9
f 933/421/10 934/400/10 932/422/10
f 936/401/11 940/406/11 935/402/11
f 942/407/12 939/423/12 941/408/12
f 950/417/13 937/403/13 949/415/13
f 941/408/14 952/418/14 940/406/14
f 954/419/15 951/416/15 953/420/15
f 944/411/16 949/415/16 943/409/16
f 953/420/17 946/412/17 952/418/17
f 948/413/18 945/410/18 947/414/18
f 932/399/19 943/409/19 931/397/19
f 947/414/20 935/424/20 946/412/20
f 931/397/21 949/415/21 937/403/21
f 938/425/22 936/401/22 933/421/22
f 932/426/23 947/414/23 945/410/23
f 946/412/24 940/427/24 952/418/24
f 950/417/25 941/408/25 939/423/25
f 944/411/26 953/420/26 951/416/26
s 1
f 1543/377/338 1554/840/339 1549/841/340
f 1543/380/338 1550/842/341 1544/382/342
f 1544/382/342 1551/843/343 1545/384/344
f 1545/384/344 1552/844/345 1546/386/346
f 1547/387/347 1552/844/345 1553/845/348
f 1548/389/349 1553/845/348 1554/840/339
f 1554/840/339 1555/846/350 1549/841/340
f 1550/842/341 1555/847/350 1556/848/351
f 1551/843/343 1556/848/351 1557/849/352
f 1552/844/345 1557/849/352 1558/850/353
f 1552/844/345 1559/851/354 1553/845/348
f 1553/845/348 1560/852/355 1554/840/339
f 1555/846/350 1566/396/356 1561/390/357
f 1555/847/350 1562/392/358 1556/848/351
f 1556/848/351 1563/393/359 1557/849/352
f 1557/849/352 1564/394/360 1558/850/353
f 1559/851/354 1564/394/360 1565/395/361
f 1560/852/355 1565/395/361 1566/396/356
s 0
f 536/237/9 531/230/9 529/229/9
f 531/253/10 534/233/10 532/232/10
f 534/233/11 540/239/11 538/238/11
f 540/239/12 536/257/12 537/255/12
f 548/261/13 537/236/13 535/235/13
f 539/240/14 552/251/14 550/250/14
f 552/251/15 548/261/15 549/248/15
f 542/243/16 549/248/16 547/247/16
f 551/252/17 546/245/17 544/244/17
f 546/245/18 542/243/18 543/242/18
f 530/231/19 543/242/19 541/241/19
f 545/246/20 532/1246/20 533/256/20
f 529/229/21 541/241/21 547/247/21
f 536/257/22 540/239/22 534/233/22
f 530/258/23 532/1246/23 545/246/23
f 544/244/24 533/1247/24 538/259/24
f 548/261/25 552/251/25 539/240/25
f 542/243/26 546/245/26 551/252/26
f 728/351/9 723/344/9 721/343/9
f 723/367/10 726/347/10 724/346/10
f 726/347/11 732/353/11 730/352/11
f 732/353/12 728/371/12 729/369/12
f 740/363/13 729/350/13 727/349/13
f 731/374/14 744/365/14 742/364/14
f 744/365/15 740/363/15 741/362/15
f 734/357/16 741/362/16 739/361/16
f 743/366/17 738/375/17 736/358/17
f 738/375/18 734/357/18 735/356/18
f 722/345/19 735/356/19 733/355/19
f 737/360/20 724/1253/20 725/370/20
f 721/343/21 733/355/21 739/361/21
f 728/371/22 732/353/22 726/347/22
f 722/372/23 724/1253/23 737/360/23
f 736/358/24 725/1254/24 730/373/24
f 740/363/25 744/365/25 731/374/25
f 734/357/26 738/375/26 743/366/26
f 752/351/9 747/344/9 745/343/9
f 747/367/10 750/347/10 748/346/10
f 750/347/11 756/353/11 754/352/11
f 756/353/12 752/371/12 753/369/12
f 764/363/13 753/350/13 751/349/13
f 755/354/14 768/365/14 766/364/14
f 768/365/15 764/363/15 765/362/15
f 758/357/16 765/362/16 763/361/16
f 767/366/17 762/359/17 760/358/17
f 762/359/18 758/357/18 759/356/18
f 746/345/19 759/356/19 757/355/19
f 761/360/20 748/1253/20 749/370/20
f 745/343/21 757/355/21 763/361/21
f 752/371/22 756/353/22 750/347/22
f 746/372/23 748/1253/23 761/360/23
f 760/358/24 749/1254/24 754/373/24
f 764/363/25 768/365/25 755/354/25
f 758/357/26 762/359/26 767/366/26
f 776/351/9 771/344/9 769/343/9
f 771/367/10 774/347/10 772/346/10
f 774/347/11 780/353/11 778/352/11
f 780/353/12 776/371/12 777/369/12
f 788/363/13 777/350/13 775/349/13
f 779/374/14 792/365/14 790/364/14
f 792/365/15 788/363/15 789/362/15
f 782/357/16 789/362/16 787/361/16
f 791/366/17 786/375/17 784/358/17
f 786/375/18 782/357/18 783/356/18
f 770/345/19 783/356/19 781/355/19
f 785/360/20 772/1253/20 773/370/20
f 769/343/21 781/355/21 787/361/21
f 776/371/22 780/353/22 774/347/22
f 770/372/23 772/1253/23 785/360/23
f 784/358/24 773/1254/24 778/373/24
f 788/363/25 792/365/25 779/374/25
f 782/357/26 786/375/26 791/366/26
f 800/351/9 795/344/9 793/343/9
f 795/367/10 798/347/10 796/346/10
f 798/347/11 804/353/11 802/352/11
f 804/353/12 800/371/12 801/369/12
f 812/363/13 801/350/13 799/349/13
f 803/354/14 816/365/14 814/364/14
f 816/365/15 812/363/15 813/362/15
f 806/357/16 813/362/16 811/361/16
f 815/366/17 810/359/17 808/358/17
f 810/359/18 806/357/18 807/356/18
f 794/345/19 807/356/19 805/355/19
f 809/360/20 796/1253/20 797/370/20
f 793/343/21 805/355/21 811/361/21
f 800/371/22 804/353/22 798/347/22
f 794/372/23 796/1253/23 809/360/23
f 808/358/24 797/1254/24 802/373/24
f 812/363/25 816/365/25 803/354/25
f 806/357/26 810/359/26 815/366/26
f 824/351/9 819/344/9 817/343/9
f 819/367/10 822/347/10 820/346/10
f 822/347/11 828/353/11 826/352/11
f 828/353/12 824/371/12 825/369/12
f 836/376/13 825/350/13 823/349/13
f 827/374/14 840/365/14 838/364/14
f 840/365/15 836/376/15 837/362/15
f 830/357/16 837/362/16 835/361/16
f 839/366/17 834/375/17 832/358/17
f 834/375/18 830/357/18 831/356/18
f 818/345/19 831/356/19 829/355/19
f 833/360/20 820/1253/20 821/370/20
f 817/343/21 829/355/21 835/361/21
f 824/371/22 828/353/22 822/347/22
f 818/372/23 820/1253/23 833/360/23
f 832/358/24 821/1254/24 826/373/24
f 836/376/25 840/365/25 827/374/25
f 830/357/26 834/375/26 839/366/26
f 848/351/9 843/344/9 841/343/9
f 843/367/10 846/347/10 844/346/10
f 846/347/11 852/353/11 850/352/11
f 852/353/12 848/371/12 849/369/12
f 860/363/13 849/350/13 847/349/13
f 851/354/14 864/365/14 862/364/14
f 864/365/15 860/363/15 861/362/15
f 854/357/16 861/362/16 859/361/16
f 863/366/17 858/359/17 856/358/17
f 858/359/18 854/357/18 855/356/18
f 842/345/19 855/356/19 853/355/19
f 857/360/20 844/1253/20 845/370/20
f 841/343/21 853/355/21 859/361/21
f 848/371/22 852/353/22 846/347/22
f 842/372/23 844/1253/23 857/360/23
f 856/358/24 845/1254/24 850/373/24
f 860/363/25 864/365/25 851/354/25
f 854/357/26 858/359/26 863/366/26
f 872/351/9 867/344/9 865/343/9
f 867/367/10 870/347/10 868/346/10
f 870/347/11 876/353/11 874/352/11
f 876/353/12 872/371/12 873/369/12
f 884/363/13 873/350/13 871/349/13
f 875/374/14 888/365/14 886/364/14
f 888/365/15 884/363/15 885/362/15
f 878/357/16 885/362/16 883/361/16
f 887/366/17 882/375/17 880/358/17
f 882/375/18 878/357/18 879/356/18
f 866/345/19 879/356/19 877/355/19
f 881/360/20 868/1253/20 869/370/20
f 865/343/21 877/355/21 883/361/21
f 872/371/22 876/353/22 870/347/22
f 866/372/23 868/1253/23 881/360/23
f 880/358/24 869/1254/24 874/373/24
f 884/363/25 888/365/25 875/374/25
f 878/357/26 882/375/26 887/366/26
f 938/405/9 933/398/9 931/397/9
f 933/421/10 936/401/10 934/400/10
f 936/401/11 942/407/11 940/406/11
f 942/407/12 938/425/12 939/423/12
f 950/417/13 939/404/13 937/403/13
f 941/408/14 954/419/14 952/418/14
f 954/419/15 950/417/15 951/416/15
f 944/411/16 951/416/16 949/415/16
f 953/420/17 948/413/17 946/412/17
f 948/413/18 944/411/18 945/410/18
f 932/399/19 945/410/19 943/409/19
f 947/414/20 934/1255/20 935/424/20
f 931/397/21 943/409/21 949/415/21
f 938/425/22 942/407/22 936/401/22
f 932/426/23 934/1255/23 947/414/23
f 946/412/24 935/1256/24 940/427/24
f 950/417/25 954/419/25 941/408/25
f 944/411/26 948/413/26 953/420/26
s 1
f 1543/377/338 1548/389/349 1554/840/339
f 1543/380/338 1549/1014/340 1550/842/341
f 1544/382/342 1550/842/341 1551/843/343
f 1545/384/344 1551/843/343 1552/844/345
f 1547/387/347 1546/386/346 1552/844/345
f 1548/389/349 1547/387/347 1553/845/348
f 1554/840/339 1560/852/355 1555/846/350
f 1550/842/341 1549/1014/340 1555/847/350
f 1551/843/343 1550/842/341 1556/848/351
f 1552/844/345 1551/843/343 1557/849/352
f 1552/844/345 1558/850/353 1559/851/354
f 1553/845/348 1559/851/354 1560/852/355
f 1555/846/350 1560/852/355 1566/396/356
f 1555/847/350 1561/391/357 1562/392/358
f 1556/848/351 1562/392/358 1563/393/359
f 1557/849/352 1563/393/359 1564/394/360
f 1559/851/354 1558/850/353 1564/394/360
f 1560/852/355 1559/851/354 1565/395/361
s 0
usemtl Rust
f 697/343/1 699/344/1 698/345/1
f 700/346/2 702/347/2 701/348/2
f 703/349/3 705/350/3 704/351/3
f 706/352/4 708/353/4 707/354/4
f 709/355/5 711/356/5 710/357/5
f 712/358/6 714/359/6 713/360/6
f 715/361/7 717/362/7 716/363/7
f 718/364/8 720/365/8 719/366/8
f 704/351/9 697/343/9 703/349/9
f 699/367/10 700/346/10 698/368/10
f 702/347/11 706/352/11 701/348/11
f 708/353/12 705/369/12 707/354/12
f 716/363/13 703/349/13 715/361/13
f 707/354/14 718/364/14 706/352/14
f 720/365/15 717/362/15 719/366/15
f 710/357/16 715/361/16 709/355/16
f 719/366/17 712/358/17 718/364/17
f 714/359/18 711/356/18 713/360/18
f 698/345/19 709/355/19 697/343/19
f 713/360/20 701/370/20 712/358/20
f 697/343/21 715/361/21 703/349/21
f 704/371/22 702/347/22 699/367/22
f 698/372/23 713/360/23 711/356/23
f 712/358/24 706/373/24 718/364/24
f 716/363/25 707/354/25 705/369/25
f 710/357/26 719/366/26 717/362/26
f 889/343/1 891/344/1 890/345/1
f 892/346/2 894/347/2 893/348/2
f 895/349/3 897/350/3 896/351/3
f 898/352/4 900/353/4 899/354/4
f 901/355/5 903/356/5 902/357/5
f 904/358/6 906/359/6 905/360/6
f 907/361/7 909/362/7 908/376/7
f 910/364/8 912/365/8 911/366/8
f 896/351/9 889/343/9 895/349/9
f 891/367/10 892/346/10 890/368/10
f 894/347/11 898/352/11 893/348/11
f 900/353/12 897/369/12 899/354/12
f 908/376/13 895/349/13 907/361/13
f 899/354/14 910/364/14 898/352/14
f 912/365/15 909/362/15 911/366/15
f 902/357/16 907/361/16 901/355/16
f 911/366/17 904/358/17 910/364/17
f 906/359/18 903/356/18 905/360/18
f 890/345/19 901/355/19 889/343/19
f 905/360/20 893/370/20 904/358/20
f 889/343/21 907/361/21 895/349/21
f 896/371/22 894/347/22 891/367/22
f 890/372/23 905/360/23 903/356/23
f 904/358/24 898/373/24 910/364/24
f 908/376/25 899/354/25 897/369/25
f 902/357/26 911/366/26 909/362/26
f 1195/666/250 1197/667/250 1196/399/250
f 1198/668/251 1200/669/251 1199/670/251
f 1201/671/252 1203/404/252 1202/672/252
f 1204/673/253 1206/674/253 1205/675/253
f 1207/676/254 1209/677/254 1208/678/254
f 1210/679/255 1212/680/255 1211/681/255
f 1213/682/256 1215/683/256 1214/684/256
f 1216/685/257 1218/686/257 1217/687/257
f 1202/672/258 1195/666/258 1201/671/258
f 1197/688/259 1198/668/259 1196/689/259
f 1199/670/260 1206/674/260 1204/673/260
f 1206/674/261 1203/690/261 1205/675/261
f 1213/682/262 1203/404/262 1201/671/262
f 1205/675/263 1216/685/263 1204/673/263
f 1218/686/264 1215/683/264 1217/687/264
f 1208/678/265 1213/682/265 1207/676/265
f 1217/687/266 1210/679/266 1216/685/266
f 1212/680/267 1209/677/267 1211/681/267
f 1195/666/268 1209/677/268 1207/676/268
f 1211/681/269 1199/424/269 1210/679/269
f 1201/671/21 1207/676/21 1213/682/21
f 1202/691/270 1200/669/270 1197/688/270
f 1196/692/271 1211/681/271 1209/677/271
f 1210/679/24 1204/693/24 1216/685/24
f 1214/684/272 1205/675/272 1203/690/272
f 1208/678/273 1217/687/273 1215/683/273
s 1
f 1567/853/43 1569/854/44 1568/855/45
f 1570/856/46 1572/857/47 1571/858/48
f 1573/859/49 1575/860/50 1574/861/51
f 1576/862/52 1578/863/53 1577/864/54
f 1579/865/55 1581/866/56 1580/867/57
f 1582/868/58 1584/869/59 1583/870/60
f 1585/871/61 1587/872/62 1586/873/63
f 1588/874/64 1590/875/65 1589/876/66
f 1591/877/67 1593/878/68 1592/879/69
f 1594/880/70 1596/881/71 1595/882/104
f 1597/883/73 1599/884/74 1598/885/105
f 1600/886/76 1602/887/77 1601/888/78
f 1603/889/79 1605/890/80 1604/891/81
f 1606/892/82 1608/893/83 1607/894/84
f 1609/895/85 1611/896/86 1610/897/87
f 1612/898/88 1614/899/89 1613/900/90
f 1615/901/91 1617/902/92 1616/903/93
f 1618/904/94 1620/905/95 1619/906/96
f 1569/854/44 1573/859/49 1574/861/51
f 1576/862/52 1571/858/48 1578/863/53
f 1569/907/44 1572/908/47 1568/909/45
f 1578/910/53 1575/911/50 1577/912/54
f 1575/860/50 1579/865/55 1580/867/57
f 1584/869/59 1576/862/52 1577/864/54
f 1584/913/59 1581/914/56 1583/915/60
f 1579/865/55 1586/873/63 1581/866/56
f 1590/875/65 1582/868/58 1583/870/60
f 1590/916/65 1587/917/62 1589/918/66
f 1585/871/61 1592/879/69 1587/872/62
f 1596/881/71 1588/874/64 1589/876/66
f 1596/919/71 1593/920/68 1595/921/104
f 1593/878/68 1597/883/73 1598/885/105
f 1602/887/77 1594/880/70 1595/882/104
f 1601/922/78 1598/923/105 1599/924/74
f 1599/884/74 1603/889/79 1604/891/81
f 1606/892/82 1601/888/78 1608/893/83
f 1608/925/83 1605/926/80 1607/927/84
f 1603/889/79 1610/897/87 1605/890/80
f 1614/899/89 1606/892/82 1607/894/84
f 1614/928/89 1611/929/86 1613/930/90
f 1611/896/86 1615/901/91 1616/903/93
f 1618/904/94 1613/900/90 1620/905/95
f 1620/931/95 1617/932/92 1619/933/96
f 1615/901/91 1568/855/45 1617/902/92
f 1572/857/47 1618/904/94 1619/906/96
f 1615/901/91 1591/877/67 1579/865/55
f 1574/934/51 1571/935/48 1569/936/44
f 1568/909/45 1619/933/96 1617/932/92
f 1582/868/58 1606/892/82 1618/904/94
f 1580/937/57 1577/912/54 1575/911/50
f 1586/938/63 1583/915/60 1581/914/56
f 1592/939/69 1589/918/66 1587/917/62
f 1593/920/68 1602/940/77 1595/921/104
f 1604/941/81 1601/922/78 1599/924/74
f 1610/942/87 1607/927/84 1605/926/80
f 1616/943/93 1613/930/90 1611/929/86
f 1621/853/43 1623/854/44 1622/855/45
f 1624/856/46 1626/857/47 1625/858/48
f 1627/859/49 1629/860/50 1628/861/51
f 1630/862/52 1632/863/53 1631/864/54
f 1633/865/55 1635/866/56 1634/867/57
f 1636/868/58 1638/869/59 1637/870/60
f 1639/871/61 1641/872/62 1640/873/63
f 1642/874/64 1644/875/65 1643/876/66
f 1645/877/67 1647/878/68 1646/879/69
f 1648/880/70 1650/881/71 1649/882/104
f 1651/883/73 1653/884/74 1652/885/105
f 1654/886/76 1656/887/77 1655/888/78
f 1657/889/79 1659/890/80 1658/891/81
f 1660/892/82 1662/893/83 1661/894/84
f 1663/895/85 1665/896/86 1664/897/87
f 1666/898/88 1668/899/89 1667/900/90
f 1669/901/91 1671/902/92 1670/903/93
f 1672/904/94 1674/905/95 1673/906/96
f 1623/854/44 1627/859/49 1628/861/51
f 1632/863/53 1624/856/46 1625/858/48
f 1623/907/44 1626/908/47 1622/909/45
f 1632/910/53 1629/911/50 1631/912/54
f 1627/859/49 1634/867/57 1629/860/50
f 1638/869/59 1630/862/52 1631/864/54
f 1638/913/59 1635/914/56 1637/915/60
f 1635/866/56 1639/871/61 1640/873/63
f 1644/875/65 1636/868/58 1637/870/60
f 1644/916/65 1641/917/62 1643/918/66
f 1639/871/61 1646/879/69 1641/872/62
f 1650/881/71 1642/874/64 1643/876/66
f 1650/919/71 1647/920/68 1649/921/104
f 1645/877/67 1652/885/105 1647/878/68
f 1656/887/77 1648/880/70 1649/882/104
f 1655/922/78 1652/923/105 1653/924/74
f 1653/884/74 1657/889/79 1658/891/81
f 1660/892/82 1655/888/78 1662/893/83
f 1662/925/83 1659/926/80 1661/927/84
f 1657/889/79 1664/897/87 1659/890/80
f 1668/899/89 1660/892/82 1661/894/84
f 1668/928/89 1665/929/86 1667/930/90
f 1665/896/86 1669/901/91 1670/903/93
f 1672/904/94 1667/900/90 1674/905/95
f 1674/931/95 1671/932/92 1673/933/96
f 1669/901/91 1622/855/45 1671/902/92
f 1626/857/47 1672/904/94 1673/906/96
f 1669/901/91 1645/877/67 1633/865/55
f 1628/934/51 1625/935/48 1623/936/44
f 1622/909/45 1673/933/96 1671/932/92
f 1636/868/58 1660/892/82 1672/904/94
f 1634/937/57 1631/912/54 1629/911/50
f 1640/938/63 1637/915/60 1635/914/56
f 1646/939/69 1643/918/66 1641/917/62
f 1647/920/68 1656/940/77 1649/921/104
f 1658/941/81 1655/922/78 1653/924/74
f 1664/942/87 1661/927/84 1659/926/80
f 1670/943/93 1667/930/90 1665/929/86
f 1675/853/43 1677/854/44 1676/855/45
f 1678/856/46 1680/857/47 1679/858/48
f 1681/859/49 1683/860/50 1682/861/51
f 1684/862/52 1686/863/53 1685/864/54
f 1687/865/55 1689/866/56 1688/867/57
f 1690/868/58 1692/869/59 1691/870/60
f 1693/871/61 1695/872/62 1694/873/63
f 1696/874/64 1698/875/65 1697/876/66
f 1699/877/67 1701/878/68 1700/879/69
f 1702/880/70 1704/881/71 1703/882/104
f 1705/883/73 1707/884/74 1706/885/105
f 1708/886/76 1710/887/77 1709/888/78
f 1711/889/79 1713/890/80 1712/891/81
f 1714/892/82 1716/893/83 1715/894/84
f 1717/895/85 1719/896/86 1718/897/87
f 1720/898/88 1722/899/89 1721/900/90
f 1723/901/91 1725/902/92 1724/903/93
f 1726/904/94 1728/905/95 1727/906/96
f 1675/853/43 1682/861/51 1677/854/44
f 1684/862/52 1679/858/48 1686/863/53
f 1677/907/44 1680/908/47 1676/909/45
f 1686/910/53 1683/911/50 1685/912/54
f 1681/859/49 1688/867/57 1683/860/50
f 1690/868/58 1685/864/54 1692/869/59
f 1692/913/59 1689/914/56 1691/915/60
f 1689/866/56 1693/871/61 1694/873/63
f 1698/875/65 1690/868/58 1691/870/60
f 1698/916/65 1695/917/62 1697/918/66
f 1693/871/61 1700/879/69 1695/872/62
f 1704/881/71 1696/874/64 1697/876/66
f 1704/919/71 1701/920/68 1703/921/104
f 1699/877/67 1706/885/105 1701/878/68
f 1708/886/76 1703/882/104 1710/887/77
f 1710/940/77 1707/924/74 1709/922/78
f 1707/884/74 1711/889/79 1712/891/81
f 1714/892/82 1709/888/78 1716/893/83
f 1716/925/83 1713/926/80 1715/927/84
f 1713/890/80 1717/895/85 1718/897/87
f 1720/898/88 1715/894/84 1722/899/89
f 1722/928/89 1719/929/86 1721/930/90
f 1717/895/85 1724/903/93 1719/896/86
f 1726/904/94 1721/900/90 1728/905/95
f 1728/931/95 1725/932/92 1727/933/96
f 1725/902/92 1675/853/43 1676/855/45
f 1680/857/47 1726/904/94 1727/906/96
f 1723/901/91 1699/877/67 1687/865/55
f 1682/934/51 1679/935/48 1677/936/44
f 1676/909/45 1727/933/96 1725/932/92
f 1690/868/58 1714/892/82 1726/904/94
f 1688/937/57 1685/912/54 1683/911/50
f 1694/938/63 1691/915/60 1689/914/56
f 1700/939/69 1697/918/66 1695/917/62
f 1706/923/105 1703/921/104 1701/920/68
f 1712/941/81 1709/922/78 1707/924/74
f 1718/942/87 1715/927/84 1713/926/80
f 1724/943/93 1721/930/90 1719/929/86
f 1729/853/43 1731/854/44 1730/855/45
f 1732/856/46 1734/857/47 1733/858/48
f 1735/859/49 1737/860/50 1736/861/51
f 1738/862/52 1740/863/53 1739/864/54
f 1741/865/55 1743/866/56 1742/867/57
f 1744/868/58 1746/869/59 1745/870/60
f 1747/871/61 1749/872/62 1748/873/63
f 1750/874/64 1752/875/65 1751/876/66
f 1753/877/67 1755/878/68 1754/879/69
f 1756/880/70 1758/881/71 1757/882/104
f 1759/883/73 1761/884/74 1760/885/105
f 1762/886/76 1764/887/77 1763/888/78
f 1765/889/79 1767/890/80 1766/891/81
f 1768/892/82 1770/893/83 1769/894/84
f 1771/895/85 1773/896/86 1772/897/87
f 1774/898/88 1776/899/89 1775/900/90
f 1777/901/91 1779/902/92 1778/903/93
f 1780/904/94 1782/905/95 1781/906/96
f 1731/854/44 1735/859/49 1736/861/51
f 1738/862/52 1733/858/48 1740/863/53
f 1731/907/44 1734/908/47 1730/909/45
f 1740/910/53 1737/911/50 1739/912/54
f 1735/859/49 1742/867/57 1737/860/50
f 1744/868/58 1739/864/54 1746/869/59
f 1746/913/59 1743/914/56 1745/915/60
f 1741/865/55 1748/873/63 1743/866/56
f 1750/874/64 1745/870/60 1752/875/65
f 1752/916/65 1749/917/62 1751/918/66
f 1747/871/61 1754/879/69 1749/872/62
f 1758/881/71 1750/874/64 1751/876/66
f 1758/919/71 1755/920/68 1757/921/104
f 1753/877/67 1760/885/105 1755/878/68
f 1762/886/76 1757/882/104 1764/887/77
f 1764/940/77 1761/924/74 1763/922/78
f 1761/884/74 1765/889/79 1766/891/81
f 1768/892/82 1763/888/78 1770/893/83
f 1770/925/83 1767/926/80 1769/927/84
f 1765/889/79 1772/897/87 1767/890/80
f 1776/899/89 1768/892/82 1769/894/84
f 1776/928/89 1773/929/86 1775/930/90
f 1771/895/85 1778/903/93 1773/896/86
f 1782/905/95 1774/898/88 1775/900/90
f 1782/931/95 1779/932/92 1781/933/96
f 1779/902/92 1729/853/43 1730/855/45
f 1732/856/46 1781/906/96 1734/857/47
f 1777/901/91 1753/877/67 1741/865/55
f 1736/934/51 1733/935/48 1731/936/44
f 1730/909/45 1781/933/96 1779/932/92
f 1744/868/58 1768/892/82 1780/904/94
f 1742/937/57 1739/912/54 1737/911/50
f 1748/938/63 1745/915/60 1743/914/56
f 1754/939/69 1751/918/66 1749/917/62
f 1760/923/105 1757/921/104 1755/920/68
f 1766/941/81 1763/922/78 1761/924/74
f 1772/942/87 1769/927/84 1767/926/80
f 1778/943/93 1775/930/90 1773/929/86
s 0
f 1873/1023/448 1875/1024/448 1874/399/448
f 1876/1025/449 1878/1026/449 1877/1027/449
f 1879/1028/450 1881/404/450 1880/1029/450
f 1882/1030/451 1884/1031/451 1883/1032/451
f 1885/1033/452 1887/1034/452 1886/1035/452
f 1888/1036/453 1890/1037/453 1889/1038/453
f 1891/1039/454 1893/1040/454 1892/1041/454
f 1894/1042/455 1896/1043/455 1895/1044/455
f 1880/1029/456 1873/1023/456 1879/1028/456
f 1875/1045/457 1876/1025/457 1874/1046/457
f 1877/1027/458 1884/1031/458 1882/1030/458
f 1884/1031/459 1881/1047/459 1883/1032/459
f 1892/1041/460 1879/1028/460 1891/1039/460
f 1882/1030/461 1896/1043/461 1894/1042/461
f 1896/1043/462 1893/1040/462 1895/1044/462
f 1886/1035/463 1891/1039/463 1885/1033/463
f 1894/1042/464 1890/1037/464 1888/1036/464
f 1890/1037/465 1887/1034/465 1889/1038/465
f 1874/399/466 1885/1033/466 1873/1023/466
f 1888/1036/467 1876/1048/467 1877/424/467
f 1873/1023/21 1891/1039/21 1879/1028/21
f 1880/1049/468 1878/1026/468 1875/1045/468
f 1874/1050/469 1889/1038/469 1887/1034/469
f 1894/1042/24 1877/1051/24 1882/1052/24
f 1892/1041/470 1883/1032/470 1881/1047/470
f 1886/1035/471 1895/1044/471 1893/1040/471
f 1957/1023/475 1959/1024/475 1958/399/475
f 1960/1025/476 1962/1026/476 1961/1027/476
f 1963/1028/477 1965/404/477 1964/1029/477
f 1966/1055/478 1968/1031/478 1967/1032/478
f 1969/1033/479 1971/1034/479 1970/1035/479
f 1972/1036/480 1974/1037/480 1973/1038/480
f 1975/1039/481 1977/1040/481 1976/1041/481
f 1978/1042/482 1980/1043/482 1979/1056/482
f 1963/1028/483 1959/1024/483 1957/1023/483
f 1959/1045/484 1960/1025/484 1958/1046/484
f 1962/1026/485 1966/1055/485 1961/1027/485
f 1968/1031/486 1965/1047/486 1967/1032/486
f 1975/1039/487 1965/404/487 1963/1028/487
f 1967/1032/488 1978/1042/488 1966/1055/488
f 1980/1043/489 1977/1040/489 1979/1056/489
f 1969/1033/490 1977/1040/490 1975/1039/490
f 1979/1056/491 1972/1036/491 1978/1042/491
f 1974/1037/492 1971/1034/492 1973/1038/492
f 1957/1023/493 1971/1034/493 1969/1033/493
f 1973/1038/494 1961/424/494 1972/1036/494
f 1963/1028/21 1969/1033/21 1975/1039/21
f 1964/1049/495 1962/1026/495 1959/1045/495
f 1958/1050/496 1973/1038/496 1971/1034/496
f 1972/1036/24 1966/1052/24 1978/1042/24
f 1976/1041/497 1967/1032/497 1965/1047/497
f 1970/1035/498 1979/1056/498 1977/1040/498
f 2041/1023/502 2043/1024/502 2042/399/502
f 2044/1025/503 2046/1026/503 2045/1027/503
f 2047/1028/504 2049/404/504 2048/1029/504
f 2050/1030/505 2052/1031/505 2051/1032/505
f 2053/1033/506 2055/1034/506 2054/1035/506
f 2056/1036/507 2058/1037/507 2057/1038/507
f 2059/1039/508 2061/1040/508 2060/1041/508
f 2062/1042/509 2064/1043/509 2063/1044/509
f 2048/1029/510 2041/1023/510 2047/1028/510
f 2043/1045/511 2044/1025/511 2042/1046/511
f 2046/1026/512 2050/1030/512 2045/1027/512
f 2052/1031/513 2049/1047/513 2051/1032/513
f 2060/1041/514 2047/1028/514 2059/1039/514
f 2050/1030/515 2064/1043/515 2062/1042/515
f 2064/1043/516 2061/1040/516 2063/1044/516
f 2054/1035/517 2059/1039/517 2053/1033/517
f 2062/1042/518 2058/1037/518 2056/1036/518
f 2058/1037/519 2055/1034/519 2057/1038/519
f 2041/1023/520 2055/1034/520 2053/1033/520
f 2057/1038/521 2045/424/521 2056/1036/521
f 2041/1023/21 2059/1039/21 2047/1028/21
f 2048/1049/522 2046/1026/522 2043/1045/522
f 2042/1050/523 2057/1038/523 2055/1034/523
f 2056/1036/24 2050/1052/24 2062/1042/24
f 2060/1041/524 2051/1032/524 2049/1047/524
f 2054/1035/525 2063/1044/525 2061/1040/525
f 704/351/9 699/344/9 697/343/9
f 699/367/10 702/347/10 700/346/10
f 702/347/11 708/353/11 706/352/11
f 708/353/12 704/371/12 705/369/12
f 716/363/13 705/350/13 703/349/13
f 707/354/14 720/365/14 718/364/14
f 720/365/15 716/363/15 717/362/15
f 710/357/16 717/362/16 715/361/16
f 719/366/17 714/359/17 712/358/17
f 714/359/18 710/357/18 711/356/18
f 698/345/19 711/356/19 709/355/19
f 713/360/20 700/1253/20 701/370/20
f 697/343/21 709/355/21 715/361/21
f 704/371/22 708/353/22 702/347/22
f 698/372/23 700/1253/23 713/360/23
f 712/358/24 701/1254/24 706/373/24
f 716/363/25 720/365/25 707/354/25
f 710/357/26 714/359/26 719/366/26
f 896/351/9 891/344/9 889/343/9
f 891/367/10 894/347/10 892/346/10
f 894/347/11 900/353/11 898/352/11
f 900/353/12 896/371/12 897/369/12
f 908/376/13 897/350/13 895/349/13
f 899/354/14 912/365/14 910/364/14
f 912/365/15 908/376/15 909/362/15
f 902/357/16 909/362/16 907/361/16
f 911/366/17 906/359/17 904/358/17
f 906/359/18 902/357/18 903/356/18
f 890/345/19 903/356/19 901/355/19
f 905/360/20 892/1253/20 893/370/20
f 889/343/21 901/355/21 907/361/21
f 896/371/22 900/353/22 894/347/22
f 890/372/23 892/1253/23 905/360/23
f 904/358/24 893/1254/24 898/373/24
f 908/376/25 912/365/25 899/354/25
f 902/357/26 906/359/26 911/366/26
f 1202/672/258 1197/667/258 1195/666/258
f 1197/688/259 1200/669/259 1198/668/259
f 1199/670/260 1200/669/260 1206/674/260
f 1206/674/261 1202/691/261 1203/690/261
f 1213/682/262 1214/684/262 1203/404/262
f 1205/675/263 1218/686/263 1216/685/263
f 1218/686/264 1214/684/264 1215/683/264
f 1208/678/265 1215/683/265 1213/682/265
f 1217/687/266 1212/680/266 1210/679/266
f 1212/680/267 1208/678/267 1209/677/267
f 1195/666/268 1196/399/268 1209/677/268
f 1211/681/269 1198/1265/269 1199/424/269
f 1201/671/21 1195/666/21 1207/676/21
f 1202/691/270 1206/674/270 1200/669/270
f 1196/692/271 1198/1265/271 1211/681/271
f 1210/679/24 1199/1266/24 1204/693/24
f 1214/684/272 1218/686/272 1205/675/272
f 1208/678/273 1212/680/273 1217/687/273
s 1
f 1569/854/44 1567/853/43 1573/859/49
f 1576/862/52 1570/856/46 1571/858/48
f 1569/907/44 1571/1271/48 1572/908/47
f 1578/910/53 1574/934/51 1575/911/50
f 1575/860/50 1573/859/49 1579/865/55
f 1584/869/59 1582/868/58 1576/862/52
f 1584/913/59 1580/937/57 1581/914/56
f 1579/865/55 1585/871/61 1586/873/63
f 1590/875/65 1588/874/64 1582/868/58
f 1590/916/65 1586/938/63 1587/917/62
f 1585/871/61 1591/877/67 1592/879/69
f 1596/881/71 1594/880/70 1588/874/64
f 1596/919/71 1592/939/69 1593/920/68
f 1593/878/68 1591/877/67 1597/883/73
f 1602/887/77 1600/886/76 1594/880/70
f 1601/922/78 1602/940/77 1598/923/105
f 1599/884/74 1597/883/73 1603/889/79
f 1606/892/82 1600/886/76 1601/888/78
f 1608/925/83 1604/941/81 1605/926/80
f 1603/889/79 1609/895/85 1610/897/87
f 1614/899/89 1612/898/88 1606/892/82
f 1614/928/89 1610/942/87 1611/929/86
f 1611/896/86 1609/895/85 1615/901/91
f 1618/904/94 1612/898/88 1613/900/90
f 1620/931/95 1616/943/93 1617/932/92
f 1615/901/91 1567/853/43 1568/855/45
f 1572/857/47 1570/856/46 1618/904/94
f 1573/859/49 1567/853/43 1615/901/91
f 1615/901/91 1609/895/85 1603/889/79
f 1603/889/79 1597/883/73 1591/877/67
f 1591/877/67 1585/871/61 1579/865/55
f 1579/865/55 1573/859/49 1615/901/91
f 1615/901/91 1603/889/79 1591/877/67
f 1574/934/51 1578/910/53 1571/935/48
f 1568/909/45 1572/908/47 1619/933/96
f 1570/856/46 1576/862/52 1582/868/58
f 1582/868/58 1588/874/64 1594/880/70
f 1594/880/70 1600/886/76 1606/892/82
f 1606/892/82 1612/898/88 1618/904/94
f 1618/904/94 1570/856/46 1582/868/58
f 1582/868/58 1594/880/70 1606/892/82
f 1580/937/57 1584/913/59 1577/912/54
f 1586/938/63 1590/916/65 1583/915/60
f 1592/939/69 1596/919/71 1589/918/66
f 1593/920/68 1598/923/105 1602/940/77
f 1604/941/81 1608/925/83 1601/922/78
f 1610/942/87 1614/928/89 1607/927/84
f 1616/943/93 1620/931/95 1613/930/90
f 1623/854/44 1621/853/43 1627/859/49
f 1632/863/53 1630/862/52 1624/856/46
f 1623/907/44 1625/1271/48 1626/908/47
f 1632/910/53 1628/934/51 1629/911/50
f 1627/859/49 1633/865/55 1634/867/57
f 1638/869/59 1636/868/58 1630/862/52
f 1638/913/59 1634/937/57 1635/914/56
f 1635/866/56 1633/865/55 1639/871/61
f 1644/875/65 1642/874/64 1636/868/58
f 1644/916/65 1640/938/63 1641/917/62
f 1639/871/61 1645/877/67 1646/879/69
f 1650/881/71 1648/880/70 1642/874/64
f 1650/919/71 1646/939/69 1647/920/68
f 1645/877/67 1651/883/73 1652/885/105
f 1656/887/77 1654/886/76 1648/880/70
f 1655/922/78 1656/940/77 1652/923/105
f 1653/884/74 1651/883/73 1657/889/79
f 1660/892/82 1654/886/76 1655/888/78
f 1662/925/83 1658/941/81 1659/926/80
f 1657/889/79 1663/895/85 1664/897/87
f 1668/899/89 1666/898/88 1660/892/82
f 1668/928/89 1664/942/87 1665/929/86
f 1665/896/86 1663/895/85 1669/901/91
f 1672/904/94 1666/898/88 1667/900/90
f 1674/931/95 1670/943/93 1671/932/92
f 1669/901/91 1621/853/43 1622/855/45
f 1626/857/47 1624/856/46 1672/904/94
f 1627/859/49 1621/853/43 1669/901/91
f 1669/901/91 1663/895/85 1657/889/79
f 1657/889/79 1651/883/73 1645/877/67
f 1645/877/67 1639/871/61 1633/865/55
f 1633/865/55 1627/859/49 1669/901/91
f 1669/901/91 1657/889/79 1645/877/67
f 1628/934/51 1632/910/53 1625/935/48
f 1622/909/45 1626/908/47 1673/933/96
f 1624/856/46 1630/862/52 1636/868/58
f 1636/868/58 1642/874/64 1648/880/70
f 1648/880/70 1654/886/76 1660/892/82
f 1660/892/82 1666/898/88 1672/904/94
f 1672/904/94 1624/856/46 1636/868/58
f 1636/868/58 1648/880/70 1660/892/82
f 1634/937/57 1638/913/59 1631/912/54
f 1640/938/63 1644/916/65 1637/915/60
f 1646/939/69 1650/919/71 1643/918/66
f 1647/920/68 1652/923/105 1656/940/77
f 1658/941/81 1662/925/83 1655/922/78
f 1664/942/87 1668/928/89 1661/927/84
f 1670/943/93 1674/931/95 1667/930/90
f 1675/853/43 1681/859/49 1682/861/51
f 1684/862/52 1678/856/46 1679/858/48
f 1677/907/44 1679/1271/48 1680/908/47
f 1686/910/53 1682/934/51 1683/911/50
f 1681/859/49 1687/865/55 1688/867/57
f 1690/868/58 1684/862/52 1685/864/54
f 1692/913/59 1688/937/57 1689/914/56
f 1689/866/56 1687/865/55 1693/871/61
f 1698/875/65 1696/874/64 1690/868/58
f 1698/916/65 1694/938/63 1695/917/62
f 1693/871/61 1699/877/67 1700/879/69
f 1704/881/71 1702/880/70 1696/874/64
f 1704/919/71 1700/939/69 1701/920/68
f 1699/877/67 1705/883/73 1706/885/105
f 1708/886/76 1702/880/70 1703/882/104
f 1710/940/77 1706/923/105 1707/924/74
f 1707/884/74 1705/883/73 1711/889/79
f 1714/892/82 1708/886/76 1709/888/78
f 1716/925/83 1712/941/81 1713/926/80
f 1713/890/80 1711/889/79 1717/895/85
f 1720/898/88 1714/892/82 1715/894/84
f 1722/928/89 1718/942/87 1719/929/86
f 1717/895/85 1723/901/91 1724/903/93
f 1726/904/94 1720/898/88 1721/900/90
f 1728/931/95 1724/943/93 1725/932/92
f 1725/902/92 1723/901/91 1675/853/43
f 1680/857/47 1678/856/46 1726/904/94
f 1681/859/49 1675/853/43 1723/901/91
f 1723/901/91 1717/895/85 1711/889/79
f 1711/889/79 1705/883/73 1699/877/67
f 1699/877/67 1693/871/61 1687/865/55
f 1687/865/55 1681/859/49 1723/901/91
f 1723/901/91 1711/889/79 1699/877/67
f 1682/934/51 1686/910/53 1679/935/48
f 1676/909/45 1680/908/47 1727/933/96
f 1678/856/46 1684/862/52 1690/868/58
f 1690/868/58 1696/874/64 1702/880/70
f 1702/880/70 1708/886/76 1714/892/82
f 1714/892/82 1720/898/88 1726/904/94
f 1726/904/94 1678/856/46 1690/868/58
f 1690/868/58 1702/880/70 1714/892/82
f 1688/937/57 1692/913/59 1685/912/54
f 1694/938/63 1698/916/65 1691/915/60
f 1700/939/69 1704/919/71 1697/918/66
f 1706/923/105 1710/940/77 1703/921/104
f 1712/941/81 1716/925/83 1709/922/78
f 1718/942/87 1722/928/89 1715/927/84
f 1724/943/93 1728/931/95 1721/930/90
f 1731/854/44 1729/853/43 1735/859/49
f 1738/862/52 1732/856/46 1733/858/48
f 1731/907/44 1733/1271/48 1734/908/47
f 1740/910/53 1736/934/51 1737/911/50
f 1735/859/49 1741/865/55 1742/867/57
f 1744/868/58 1738/862/52 1739/864/54
f 1746/913/59 1742/937/57 1743/914/56
f 1741/865/55 1747/871/61 1748/873/63
f 1750/874/64 1744/868/58 1745/870/60
f 1752/916/65 1748/938/63 1749/917/62
f 1747/871/61 1753/877/67 1754/879/69
f 1758/881/71 1756/880/70 1750/874/64
f 1758/919/71 1754/939/69 1755/920/68
f 1753/877/67 1759/883/73 1760/885/105
f 1762/886/76 1756/880/70 1757/882/104
f 1764/940/77 1760/923/105 1761/924/74
f 1761/884/74 1759/883/73 1765/889/79
f 1768/892/82 1762/886/76 1763/888/78
f 1770/925/83 1766/941/81 1767/926/80
f 1765/889/79 1771/895/85 1772/897/87
f 1776/899/89 1774/898/88 1768/892/82
f 1776/928/89 1772/942/87 1773/929/86
f 1771/895/85 1777/901/91 1778/903/93
f 1782/905/95 1780/904/94 1774/898/88
f 1782/931/95 1778/943/93 1779/932/92
f 1779/902/92 1777/901/91 1729/853/43
f 1732/856/46 1780/904/94 1781/906/96
f 1735/859/49 1729/853/43 1777/901/91
f 1777/901/91 1771/895/85 1765/889/79
f 1765/889/79 1759/883/73 1753/877/67
f 1753/877/67 1747/871/61 1741/865/55
f 1741/865/55 1735/859/49 1777/901/91
f 1777/901/91 1765/889/79 1753/877/67
f 1736/934/51 1740/910/53 1733/935/48
f 1730/909/45 1734/908/47 1781/933/96
f 1732/856/46 1738/862/52 1744/868/58
f 1744/868/58 1750/874/64 1756/880/70
f 1756/880/70 1762/886/76 1768/892/82
f 1768/892/82 1774/898/88 1780/904/94
f 1780/904/94 1732/856/46 1744/868/58
f 1744/868/58 1756/880/70 1768/892/82
f 1742/937/57 1746/913/59 1739/912/54
f 1748/938/63 1752/916/65 1745/915/60
f 1754/939/69 1758/919/71 1751/918/66
f 1760/923/105 1764/940/77 1757/921/104
f 1766/941/81 1770/925/83 1763/922/78
f 1772/942/87 1776/928/89 1769/927/84
f 1778/943/93 1782/931/95 1775/930/90
s 0
f 1880/1029/456 1875/1024/456 1873/1023/456
f 1875/1045/457 1878/1026/457 1876/1025/457
f 1877/1027/640 1878/1026/640 1884/1031/640
f 1884/1031/459 1880/1049/459 1881/1047/459
f 1892/1041/460 1881/404/460 1879/1028/460
f 1882/1030/641 1883/1032/641 1896/1043/641
f 1896/1043/462 1892/1041/462 1893/1040/462
f 1886/1035/463 1893/1040/463 1891/1039/463
f 1894/1042/642 1895/1044/642 1890/1037/642
f 1890/1037/465 1886/1035/465 1887/1034/465
f 1874/399/466 1887/1034/466 1885/1033/466
f 1888/1036/643 1889/1038/643 1876/1048/643
f 1873/1023/21 1885/1033/21 1891/1039/21
f 1880/1049/468 1884/1031/468 1878/1026/468
f 1874/1050/469 1876/1048/469 1889/1038/469
f 1894/1042/24 1888/1036/24 1877/1051/24
f 1892/1041/470 1896/1043/470 1883/1032/470
f 1886/1035/471 1890/1037/471 1895/1044/471
f 1963/1028/483 1964/1029/483 1959/1024/483
f 1959/1045/484 1962/1026/484 1960/1025/484
f 1962/1026/485 1968/1031/485 1966/1055/485
f 1968/1031/486 1964/1049/486 1965/1047/486
f 1975/1039/487 1976/1041/487 1965/404/487
f 1967/1032/488 1980/1043/488 1978/1042/488
f 1980/1043/489 1976/1041/489 1977/1040/489
f 1969/1033/490 1970/1035/490 1977/1040/490
f 1979/1056/491 1974/1037/491 1972/1036/491
f 1974/1037/492 1970/1035/492 1971/1034/492
f 1957/1023/493 1958/399/493 1971/1034/493
f 1973/1038/494 1960/1048/494 1961/424/494
f 1963/1028/21 1957/1023/21 1969/1033/21
f 1964/1049/495 1968/1031/495 1962/1026/495
f 1958/1050/496 1960/1048/496 1973/1038/496
f 1972/1036/24 1961/1051/24 1966/1052/24
f 1976/1041/497 1980/1043/497 1967/1032/497
f 1970/1035/498 1974/1037/498 1979/1056/498
f 2048/1029/510 2043/1024/510 2041/1023/510
f 2043/1045/511 2046/1026/511 2044/1025/511
f 2046/1026/512 2052/1031/512 2050/1030/512
f 2052/1031/513 2048/1049/513 2049/1047/513
f 2060/1041/514 2049/404/514 2047/1028/514
f 2050/1030/515 2051/1032/515 2064/1043/515
f 2064/1043/516 2060/1041/516 2061/1040/516
f 2054/1035/517 2061/1040/517 2059/1039/517
f 2062/1042/518 2063/1044/518 2058/1037/518
f 2058/1037/519 2054/1035/519 2055/1034/519
f 2041/1023/520 2042/399/520 2055/1034/520
f 2057/1038/521 2044/1048/521 2045/424/521
f 2041/1023/21 2053/1033/21 2059/1039/21
f 2048/1049/522 2052/1031/522 2046/1026/522
f 2042/1050/523 2044/1048/523 2057/1038/523
f 2056/1036/24 2045/1051/24 2050/1052/24
f 2060/1041/524 2064/1043/524 2051/1032/524
f 2054/1035/525 2058/1037/525 2063/1044/525
usemtl Shell
f 1303/713/214 1305/714/214 1304/399/214
f 1306/715/215 1308/716/215 1307/717/215
f 1309/718/283 1311/404/283 1310/719/283
f 1312/720/284 1314/721/284 1313/722/284
f 1315/723/218 1317/724/218 1316/725/218
f 1318/726/219 1320/727/219 1319/728/219
f 1321/729/285 1323/730/285 1322/731/285
f 1324/732/286 1326/733/286 1325/734/286
f 1310/719/222 1303/713/222 1309/718/222
f 1305/735/223 1306/715/223 1304/736/223
f 1308/716/224 1312/720/224 1307/717/224
f 1314/721/225 1311/737/225 1313/722/225
f 1321/729/226 1311/404/226 1309/718/226
f 1313/722/227 1324/732/227 1312/720/227
f 1326/733/228 1323/730/228 1325/734/228
f 1316/725/229 1321/729/229 1315/723/229
f 1325/734/230 1318/726/230 1324/732/230
f 1320/727/231 1317/724/231 1319/728/231
f 1304/399/232 1315/723/232 1303/713/232
f 1318/726/233 1306/738/233 1307/424/233
f 1303/713/21 1321/729/21 1309/718/21
f 1310/739/234 1308/716/234 1305/735/234
f 1304/740/235 1319/728/235 1317/724/235
f 1324/732/24 1307/741/24 1312/742/24
f 1322/731/236 1313/722/236 1311/737/236
f 1316/725/237 1325/734/237 1323/730/237
f 1310/719/222 1305/714/222 1303/713/222
f 1305/735/223 1308/716/223 1306/715/223
f 1308/716/224 1314/721/224 1312/720/224
f 1314/721/225 1310/739/225 1311/737/225
f 1321/729/226 1322/731/226 1311/404/226
f 1313/722/227 1326/733/227 1324/732/227
f 1326/733/228 1322/731/228 1323/730/228
f 1316/725/229 1323/730/229 1321/729/229
f 1325/734/230 1320/727/230 1318/726/230
f 1320/727/231 1316/725/231 1317/724/231
f 1304/399/232 1317/724/232 1315/723/232
f 1318/726/233 1319/728/233 1306/738/233
f 1303/713/21 1315/723/21 1321/729/21
f 1310/739/234 1314/721/234 1308/716/234
f 1304/740/235 1306/738/235 1319/728/235
f 1324/732/24 1318/726/24 1307/741/24
f 1322/731/236 1326/733/236 1313/722/236
f 1316/725/237 1320/727/237 1325/734/237
s 1
usemtl Rope
f 1788/389/362 1789/944/363 1783/377/364
f 1783/380/364 1790/945/365 1784/382/366
f 1785/384/367 1790/945/365 1791/946/368
f 1786/386/369 1791/946/368 1792/947/370
f 1787/387/371 1792/947/370 1793/948/372
f 1787/387/371 1794/949/373 1788/389/362
f 1789/944/363 1800/378/374 1795/379/375
f 1790/945/365 1795/950/375 1796/381/376
f 1790/945/365 1797/383/377 1791/946/368
f 1791/946/368 1798/385/378 1792/947/370
f 1792/947/370 1799/388/379 1793/948/372
f 1794/949/373 1799/388/379 1800/378/374
f 1800/378/374 1801/951/380 1795/379/375
f 1795/950/375 1802/952/381 1796/381/376
f 1797/383/377 1802/952/381 1803/953/382
f 1798/385/378 1803/953/382 1804/954/383
f 1799/388/379 1804/954/383 1805/955/384
f 1799/388/379 1806/956/385 1800/378/374
f 1801/951/380 1812/396/386 1807/390/387
f 1802/952/381 1807/391/387 1808/392/388
f 1802/952/381 1809/393/389 1803/953/382
f 1803/953/382 1810/394/390 1804/954/383
f 1804/954/383 1811/395/391 1805/955/384
f 1806/956/385 1811/395/391 1812/396/386
f 1788/389/362 1794/949/373 1789/944/363
f 1783/380/364 1789/1009/363 1790/945/365
f 1785/384/367 1784/382/366 1790/945/365
f 1786/386/369 1785/384/367 1791/946/368
f 1787/387/371 1786/386/369 1792/947/370
f 1787/387/371 1793/948/372 1794/949/373
f 1789/944/363 1794/949/373 1800/378/374
f 1790/945/365 1789/1009/363 1795/950/375
f 1790/945/365 1796/381/376 1797/383/377
f 1791/946/368 1797/383/377 1798/385/378
f 1792/947/370 1798/385/378 1799/388/379
f 1794/949/373 1793/948/372 1799/388/379
f 1800/378/374 1806/956/385 1801/951/380
f 1795/950/375 1801/971/380 1802/952/381
f 1797/383/377 1796/381/376 1802/952/381
f 1798/385/378 1797/383/377 1803/953/382
f 1799/388/379 1798/385/378 1804/954/383
f 1799/388/379 1805/955/384 1806/956/385
f 1801/951/380 1806/956/385 1812/396/386
f 1802/952/381 1801/971/380 1807/391/387
f 1802/952/381 1808/392/388 1809/393/389
f 1803/953/382 1809/393/389 1810/394/390
f 1804/954/383 1810/394/390 1811/395/391
f 1806/956/385 1805/955/384 1811/395/391
