# Blender 5.2.1 LTS
# www.blender.org
mtllib SM_LT_HubSlice_WorkCluster.mtl
o SM_LT_HubSlice_WorkCluster.001
v 143.101868 938.497253 211.999985
v 142.475586 942.953491 216.499985
v 138.645676 937.870972 216.499985
v 142.475586 942.953491 225.499985
v 143.101868 938.497253 229.999985
v 138.645676 937.870972 225.499985
v 157.854218 833.528809 211.999985
v 153.398026 832.902527 216.499985
v 158.480499 829.072632 216.499985
v 157.854218 833.528809 229.999985
v 158.480499 829.072632 225.499985
v 153.398026 832.902527 225.499985
v 342.145782 966.471069 211.999985
v 346.601990 967.097351 216.499985
v 341.519501 970.927246 216.499985
v 342.145782 966.471069 229.999985
v 341.519501 970.927246 225.499985
v 346.601990 967.097351 225.499985
v 356.898132 861.502625 211.999985
v 357.524414 857.046448 216.499985
v 361.354340 862.128906 216.499985
v 356.898132 861.502625 229.999985
v 361.354340 862.128906 225.499985
v 357.524414 857.046448 225.499985
v 208.529526 942.291504 230.299988
v 208.501694 942.489563 230.499985
v 208.331482 942.263672 230.499985
v 208.501694 942.489563 231.499985
v 208.529526 942.291504 231.699982
v 208.331482 942.263672 231.499985
v 219.886063 861.485596 230.299988
v 219.688004 861.457764 230.499985
v 219.913895 861.287598 230.499985
v 219.886063 861.485596 231.699982
v 219.913895 861.287598 231.499985
v 219.688004 861.457764 231.499985
v 210.113953 942.514160 230.299988
v 210.312012 942.541992 230.499985
v 210.086121 942.712219 230.499985
v 210.113953 942.514160 231.699982
v 210.086121 942.712219 231.499985
v 210.312012 942.541992 231.499985
v 221.470490 861.708313 230.299988
v 221.498322 861.510254 230.499985
v 221.668533 861.736145 230.499985
v 221.470490 861.708313 231.699982
v 221.668533 861.736145 231.499985
v 221.498322 861.510254 231.499985
v 243.529541 942.291504 230.299988
v 243.501709 942.489563 230.499985
v 243.331482 942.263672 230.499985
v 243.501709 942.489563 231.499985
v 243.529541 942.291504 231.699982
v 243.331482 942.263672 231.499985
v 254.886063 861.485657 230.299988
v 254.688004 861.457825 230.499985
v 254.913895 861.287598 230.499985
v 254.886063 861.485657 231.699982
v 254.913895 861.287598 231.499985
v 254.688004 861.457825 231.499985
v 245.113968 942.514221 230.299988
v 245.312012 942.542053 230.499985
v 245.086136 942.712280 230.499985
v 245.113968 942.514221 231.699982
v 245.086136 942.712280 231.499985
v 245.312012 942.542053 231.499985
v 256.470490 861.708313 230.299988
v 256.498322 861.510254 230.499985
v 256.668549 861.736145 230.499985
v 256.470490 861.708313 231.699982
v 256.668549 861.736145 231.499985
v 256.498322 861.510254 231.499985
v 278.529541 942.291504 230.299988
v 278.501709 942.489563 230.499985
v 278.331482 942.263672 230.499985
v 278.501709 942.489563 231.499985
v 278.529541 942.291504 231.699982
v 278.331482 942.263672 231.499985
v 289.886078 861.485596 230.299988
v 289.688019 861.457764 230.499985
v 289.913910 861.287598 230.499985
v 289.886078 861.485596 231.699982
v 289.913910 861.287598 231.499985
v 289.688019 861.457764 231.499985
v 280.113983 942.514160 230.299988
v 280.312042 942.541992 230.499985
v 280.086151 942.712219 230.499985
v 280.113983 942.514160 231.699982
v 280.086151 942.712219 231.499985
v 280.312042 942.541992 231.499985
v 291.470520 861.708313 230.299988
v 291.498352 861.510254 230.499985
v 291.668549 861.736145 230.499985
v 291.470520 861.708313 231.699982
v 291.668549 861.736145 231.499985
v 291.498352 861.510254 231.499985
v 168.000000 935.932861 230.999985
v 167.630447 935.653015 231.399979
v 168.369553 935.652954 231.399979
v 168.000000 935.932861 232.999985
v 168.369553 935.652954 232.599991
v 167.630447 935.653015 232.599991
v 169.461609 936.538269 230.999985
v 169.398209 936.079102 231.399979
v 169.920837 936.601685 231.399979
v 169.461609 936.538269 232.999985
v 169.920837 936.601685 232.599991
v 169.398209 936.079102 232.599991
v 170.067047 937.999939 230.999985
v 170.346924 937.630371 231.399979
v 170.346924 938.369446 231.399979
v 170.067047 937.999939 232.999985
v 170.346924 938.369446 232.599991
v 170.346924 937.630371 232.599991
v 169.461609 939.461548 230.999985
v 169.920837 939.398132 231.399979
v 169.398224 939.920776 231.399979
v 169.461609 939.461548 232.999985
v 169.398224 939.920776 232.599991
v 169.920837 939.398132 232.599991
v 168.000000 940.066956 230.999985
v 168.369537 940.346863 231.399979
v 167.630432 940.346863 231.399979
v 168.000000 940.066956 232.999985
v 167.630432 940.346863 232.599991
v 168.369537 940.346863 232.599991
v 166.538376 939.461548 230.999985
v 166.601776 939.920776 231.399979
v 166.079163 939.398132 231.399979
v 166.538376 939.461548 232.999985
v 166.079163 939.398132 232.599991
v 166.601776 939.920776 232.599991
v 165.932953 937.999939 230.999985
v 165.653076 938.369446 231.399979
v 165.653076 937.630371 231.399979
v 165.932953 937.999939 232.999985
v 165.653076 937.630371 232.599991
v 165.653076 938.369446 232.599991
v 166.538376 936.538269 230.999985
v 166.079163 936.601685 231.399979
v 166.601776 936.079102 231.399979
v 166.538376 936.538269 232.999985
v 166.601776 936.079102 232.599991
v 166.079163 936.601685 232.599991
v 168.000000 859.932861 230.999985
v 167.630463 859.653015 231.399979
v 168.369568 859.652954 231.399979
v 168.000000 859.932861 232.999985
v 168.369568 859.652954 232.599991
v 167.630463 859.653015 232.599991
v 169.461624 860.538269 230.999985
v 169.398224 860.079102 231.399979
v 169.920837 860.601685 231.399979
v 169.461624 860.538269 232.999985
v 169.920837 860.601685 232.599991
v 169.398224 860.079102 232.599991
v 170.067047 861.999939 230.999985
v 170.346924 861.630371 231.399979
v 170.346924 862.369446 231.399979
v 170.067047 861.999939 232.999985
v 170.346924 862.369446 232.599991
v 170.346924 861.630371 232.599991
v 169.461624 863.461548 230.999985
v 169.920837 863.398132 231.399979
v 169.398224 863.920776 231.399979
v 169.461624 863.461548 232.999985
v 169.398224 863.920776 232.599991
v 169.920837 863.398132 232.599991
v 168.000000 864.066956 230.999985
v 168.369553 864.346863 231.399979
v 167.630447 864.346863 231.399979
v 168.000000 864.066956 232.999985
v 167.630447 864.346863 232.599991
v 168.369553 864.346863 232.599991
v 166.538391 863.461548 230.999985
v 166.601776 863.920776 231.399979
v 166.079163 863.398132 231.399979
v 166.538391 863.461548 232.999985
v 166.079163 863.398132 232.599991
v 166.601776 863.920776 232.599991
v 165.932953 861.999939 230.999985
v 165.653076 862.369446 231.399979
v 165.653076 861.630371 231.399979
v 165.932953 861.999939 232.999985
v 165.653076 861.630371 232.599991
v 165.653076 862.369446 232.599991
v 166.538391 860.538269 230.999985
v 166.079163 860.601685 231.399979
v 166.601776 860.079102 231.399979
v 166.538391 860.538269 232.999985
v 166.601776 860.079102 232.599991
v 166.079163 860.601685 232.599991
v 332.000031 935.932861 230.999985
v 331.630463 935.652954 231.399979
v 332.369568 935.652954 231.399979
v 332.000031 935.932861 232.999985
v 332.369568 935.652954 232.599991
v 331.630463 935.652954 232.599991
v 333.461639 936.538269 230.999985
v 333.398254 936.079041 231.399979
v 333.920868 936.601685 231.399979
v 333.461639 936.538269 232.999985
v 333.920868 936.601685 232.599991
v 333.398254 936.079041 232.599991
v 334.067078 937.999878 230.999985
v 334.346954 937.630371 231.399979
v 334.346954 938.369446 231.399979
v 334.067078 937.999878 232.999985
v 334.346954 938.369446 232.599991
v 334.346954 937.630371 232.599991
v 333.461639 939.461548 230.999985
v 333.920868 939.398132 231.399979
v 333.398254 939.920776 231.399979
v 333.461639 939.461548 232.999985
v 333.398254 939.920776 232.599991
v 333.920868 939.398132 232.599991
v 332.000031 940.066956 230.999985
v 332.369568 940.346802 231.399979
v 331.630463 940.346802 231.399979
v 332.000031 940.066956 232.999985
v 331.630463 940.346802 232.599991
v 332.369568 940.346802 232.599991
v 330.538391 939.461548 230.999985
v 330.601807 939.920776 231.399979
v 330.079193 939.398132 231.399979
v 330.538391 939.461548 232.999985
v 330.079193 939.398132 232.599991
v 330.601807 939.920776 232.599991
v 329.932983 937.999878 230.999985
v 329.653107 938.369446 231.399979
v 329.653076 937.630371 231.399979
v 329.932983 937.999878 232.999985
v 329.653076 937.630371 232.599991
v 329.653107 938.369446 232.599991
v 330.538391 936.538269 230.999985
v 330.079163 936.601685 231.399979
v 330.601807 936.079041 231.399979
v 330.538391 936.538269 232.999985
v 330.601807 936.079041 232.599991
v 330.079163 936.601685 232.599991
v 332.000031 859.932861 230.999985
v 331.630493 859.652954 231.399979
v 332.369598 859.652954 231.399979
v 332.000031 859.932861 232.999985
v 332.369598 859.652954 232.599991
v 331.630493 859.652954 232.599991
v 333.461670 860.538269 230.999985
v 333.398254 860.079041 231.399979
v 333.920868 860.601685 231.399979
v 333.461670 860.538269 232.999985
v 333.920868 860.601685 232.599991
v 333.398254 860.079041 232.599991
v 334.067078 861.999878 230.999985
v 334.346954 861.630371 231.399979
v 334.346954 862.369446 231.399979
v 334.067078 861.999878 232.999985
v 334.346954 862.369446 232.599991
v 334.346954 861.630371 232.599991
v 333.461670 863.461548 230.999985
v 333.920868 863.398132 231.399979
v 333.398254 863.920776 231.399979
v 333.461670 863.461548 232.999985
v 333.398254 863.920776 232.599991
v 333.920868 863.398132 232.599991
v 332.000031 864.066956 230.999985
v 332.369568 864.346802 231.399979
v 331.630493 864.346802 231.399979
v 332.000031 864.066956 232.999985
v 331.630493 864.346802 232.599991
v 332.369568 864.346802 232.599991
v 330.538391 863.461548 230.999985
v 330.601807 863.920776 231.399979
v 330.079193 863.398132 231.399979
v 330.538391 863.461548 232.999985
v 330.079193 863.398132 232.599991
v 330.601807 863.920776 232.599991
v 329.932983 861.999878 230.999985
v 329.653107 862.369446 231.399979
v 329.653107 861.630371 231.399979
v 329.932983 861.999878 232.999985
v 329.653107 861.630371 232.599991
v 329.653107 862.369446 232.599991
v 330.538391 860.538269 230.999985
v 330.079193 860.601685 231.399979
v 330.601807 860.079041 231.399979
v 330.538391 860.538269 232.999985
v 330.601807 860.079041 232.599991
v 330.079193 860.601685 232.599991
v 160.965378 942.744812 121.999985
v 160.392944 945.689697 124.999985
v 158.020493 942.172424 124.999985
v 160.392944 945.689697 218.999985
v 160.965378 942.744812 221.999985
v 158.020493 942.172424 218.999985
v 163.255096 930.965271 121.999985
v 160.310211 930.392883 124.999985
v 163.827515 928.020386 124.999985
v 163.255096 930.965271 221.999985
v 163.827515 928.020386 218.999985
v 160.310211 930.392883 218.999985
v 172.744904 945.034546 121.999985
v 175.689789 945.606934 124.999985
v 172.172485 947.979431 124.999985
v 172.744904 945.034546 221.999985
v 172.172485 947.979431 218.999985
v 175.689789 945.606934 218.999985
v 175.034607 933.255005 121.999985
v 175.607025 930.310120 124.999985
v 177.979492 933.827454 124.999985
v 175.034607 933.255005 221.999985
v 177.979492 933.827454 218.999985
v 175.607025 930.310120 218.999985
v 160.965393 866.744812 121.999985
v 160.392960 869.689697 124.999985
v 158.020508 866.172363 124.999985
v 160.392960 869.689697 218.999985
v 160.965393 866.744812 221.999985
v 158.020508 866.172363 218.999985
v 163.255096 854.965271 121.999985
v 160.310211 854.392883 124.999985
v 163.827515 852.020386 124.999985
v 163.255096 854.965271 221.999985
v 163.827515 852.020386 218.999985
v 160.310211 854.392883 218.999985
v 172.744919 869.034546 121.999985
v 175.689789 869.606934 124.999985
v 172.172485 871.979431 124.999985
v 172.744919 869.034546 221.999985
v 172.172485 871.979431 218.999985
v 175.689789 869.606934 218.999985
v 175.034622 857.255005 121.999985
v 175.607040 854.310120 124.999985
v 177.979492 857.827454 124.999985
v 175.034622 857.255005 221.999985
v 177.979492 857.827454 218.999985
v 175.607040 854.310120 218.999985
v 325.499908 943.454163 121.999985
v 325.238464 946.442749 124.999985
v 322.511353 943.192688 124.999985
v 325.238464 946.442749 218.999985
v 325.499908 943.454163 221.999985
v 322.511353 943.192688 218.999985
v 326.545776 931.499817 121.999985
v 323.557190 931.238342 124.999985
v 326.807251 928.511230 124.999985
v 326.545776 931.499817 221.999985
v 326.807251 928.511230 218.999985
v 323.557190 931.238342 218.999985
v 337.454254 944.500000 121.999985
v 340.442841 944.761475 124.999985
v 337.192780 947.488586 124.999985
v 337.454254 944.500000 221.999985
v 337.192780 947.488586 218.999985
v 340.442841 944.761475 218.999985
v 338.500122 932.545654 121.999985
v 338.761597 929.557068 124.999985
v 341.488708 932.807129 124.999985
v 338.500122 932.545654 221.999985
v 341.488708 932.807129 218.999985
v 338.761597 929.557068 218.999985
v 325.499939 867.454163 121.999985
v 325.238464 870.442749 124.999985
v 322.511353 867.192688 124.999985
v 325.238464 870.442749 218.999985
v 325.499939 867.454163 221.999985
v 322.511353 867.192688 218.999985
v 326.545776 855.499817 121.999985
v 323.557220 855.238342 124.999985
v 326.807251 852.511230 124.999985
v 326.545776 855.499817 221.999985
v 326.807251 852.511230 218.999985
v 323.557220 855.238342 218.999985
v 337.454254 868.500000 121.999985
v 340.442841 868.761475 124.999985
v 337.192810 871.488586 124.999985
v 337.454254 868.500000 221.999985
v 337.192810 871.488586 218.999985
v 340.442841 868.761475 218.999985
v 338.500122 856.545654 121.999985
v 338.761597 853.557068 124.999985
v 341.488708 856.807129 124.999985
v 338.500122 856.545654 221.999985
v 341.488708 856.807129 218.999985
v 338.761597 853.557068 218.999985
v 164.892670 934.688721 231.999985
v 164.823090 935.183899 232.499985
v 164.397537 934.619141 232.499985
v 164.823090 935.183899 233.499985
v 164.892670 934.688721 233.999985
v 164.397537 934.619141 233.499985
v 177.557434 844.574341 231.999985
v 177.062286 844.504761 232.499985
v 177.627014 844.079224 232.499985
v 177.557434 844.574341 233.999985
v 177.627014 844.079224 233.499985
v 177.062286 844.504761 233.499985
v 312.442627 955.425537 231.999985
v 312.937744 955.495117 232.499985
v 312.373047 955.920654 232.499985
v 312.442627 955.425537 233.999985
v 312.373047 955.920654 233.499985
v 312.937744 955.495117 233.499985
v 325.107391 865.311157 231.999985
v 325.176971 864.815979 232.499985
v 325.602509 865.380737 232.499985
v 325.107391 865.311157 233.999985
v 325.602509 865.380737 233.499985
v 325.176971 864.815979 233.499985
v 194.453705 919.161560 236.731644
v 195.482651 920.876587 236.731644
v 196.029007 921.714905 234.999985
v 195.546326 920.838379 233.268326
v 194.517334 919.123352 233.268326
v 193.971008 918.285034 234.999985
v 234.922531 895.011353 237.736801
v 235.082230 897.004944 237.727219
v 235.159760 897.993530 235.990402
v 235.077515 896.988525 234.263168
v 234.917755 894.994995 234.272751
v 234.840271 894.006348 236.009567
v 274.771667 911.035156 236.736938
v 275.234741 912.980774 236.727097
v 275.463074 913.945618 234.990143
v 275.228394 912.964722 233.263031
v 274.765289 911.019104 233.272873
v 274.536926 910.054382 235.009827
v 304.222534 877.364807 237.729767
v 305.722137 878.688110 237.733459
v 306.499664 879.323242 236.003677
v 305.777496 878.635071 234.270203
v 304.277893 877.311829 234.266510
v 303.500366 876.676636 235.996292
v 168.000000 857.025635 231.999985
v 168.000000 855.999939 232.999985
v 168.000000 857.025635 245.999985
v 168.000000 855.999939 244.999985
v 170.158264 857.518250 231.999985
v 170.603302 856.594116 232.999985
v 170.158264 857.518250 245.999985
v 170.603302 856.594116 244.999985
v 171.889053 858.898499 231.999985
v 172.690979 858.258972 232.999985
v 171.889053 858.898499 245.999985
v 172.690979 858.258972 244.999985
v 172.849579 860.893005 231.999985
v 173.849579 860.664795 232.999985
v 172.849579 860.893005 245.999985
v 173.849579 860.664795 244.999985
v 172.849579 863.106812 231.999985
v 173.849579 863.335022 232.999985
v 172.849579 863.106812 245.999985
v 173.849579 863.335022 244.999985
v 171.889053 865.101318 231.999985
v 172.691010 865.740845 232.999985
v 171.889053 865.101318 245.999985
v 172.691010 865.740845 244.999985
v 170.158264 866.481567 231.999985
v 170.603302 867.405701 232.999985
v 170.158264 866.481567 245.999985
v 170.603302 867.405701 244.999985
v 168.000000 866.974182 231.999985
v 168.000000 867.999939 232.999985
v 168.000000 866.974182 245.999985
v 168.000000 867.999939 244.999985
v 165.841736 866.481567 231.999985
v 165.396698 867.405701 232.999985
v 165.841736 866.481567 245.999985
v 165.396698 867.405701 244.999985
v 164.110947 865.101318 231.999985
v 163.309021 865.740845 232.999985
v 164.110947 865.101318 245.999985
v 163.309021 865.740845 244.999985
v 163.150421 863.106812 231.999985
v 162.150436 863.335022 232.999985
v 163.150421 863.106812 245.999985
v 162.150436 863.335022 244.999985
v 163.150421 860.893005 231.999985
v 162.150436 860.664795 232.999985
v 163.150421 860.893005 245.999985
v 162.150436 860.664795 244.999985
v 164.110947 858.898499 231.999985
v 163.309021 858.258972 232.999985
v 164.110947 858.898499 245.999985
v 163.309021 858.258972 244.999985
v 165.841736 857.518250 231.999985
v 165.396698 856.594116 232.999985
v 165.841736 857.518250 245.999985
v 165.396698 856.594116 244.999985
v 166.000000 861.999939 238.999985
v 164.963516 863.426514 238.999985
v 163.286469 862.881592 238.999985
v 163.286469 861.118225 238.999985
v 164.963531 860.573364 238.999985
v 165.405807 861.999939 241.603287
v 164.471985 863.426514 241.153580
v 162.960999 862.881592 240.425934
v 162.960999 861.118225 240.425934
v 164.471985 860.573364 241.153580
v 163.740936 861.999939 243.690979
v 163.094696 863.426514 242.880630
v 162.049072 862.881592 241.569458
v 162.049072 861.118225 241.569458
v 163.094711 860.573364 242.880630
v 161.335114 861.999939 244.849548
v 161.104492 863.426514 243.839066
v 160.731308 862.881592 242.204056
v 160.731293 861.118225 242.204056
v 161.104492 860.573364 243.839066
v 158.664856 861.999939 244.849548
v 158.895508 863.426514 243.839066
v 159.268692 862.881592 242.204056
v 159.268677 861.118225 242.204056
v 158.895508 860.573364 243.839066
v 156.259064 861.999939 243.690979
v 156.905273 863.426514 242.880630
v 157.950912 862.881592 241.569458
v 157.950912 861.118225 241.569458
v 156.905289 860.573364 242.880630
v 154.594177 861.999939 241.603287
v 155.528015 863.426514 241.153580
v 157.038986 862.881592 240.425934
v 157.038971 861.118225 240.425934
v 155.528015 860.573364 241.153580
v 154.000000 861.999939 238.999985
v 155.036469 863.426514 238.999985
v 156.713531 862.881592 238.999985
v 156.713516 861.118286 238.999985
v 155.036469 860.573364 238.999985
v 154.594177 861.999939 236.396683
v 155.528015 863.426514 236.846390
v 157.038986 862.881592 237.574036
v 157.038971 861.118225 237.574036
v 155.528015 860.573364 236.846390
v 156.259064 861.999939 234.308990
v 156.905273 863.426514 235.119339
v 157.950912 862.881592 236.430511
v 157.950912 861.118225 236.430511
v 156.905289 860.573364 235.119339
v 158.664856 861.999939 233.150421
v 158.895508 863.426514 234.160904
v 159.268692 862.881592 235.795914
v 159.268677 861.118225 235.795914
v 158.895508 860.573364 234.160904
v 161.335114 861.999939 233.150421
v 161.104492 863.426514 234.160904
v 160.731308 862.881592 235.795914
v 160.731293 861.118225 235.795914
v 161.104492 860.573364 234.160904
v 163.740936 861.999939 234.308990
v 163.094696 863.426514 235.119339
v 162.049072 862.881592 236.430511
v 162.049072 861.118286 236.430511
v 163.094696 860.573364 235.119339
v 165.405807 861.999939 236.396683
v 164.471970 863.426514 236.846390
v 162.960999 862.881592 237.574036
v 162.960999 861.118225 237.574036
v 164.471985 860.573364 236.846390
v 260.590790 858.824463 234.999985
v 259.956879 860.183960 236.499985
v 259.231323 858.190552 236.499985
v 259.956879 860.183960 239.499985
v 260.590790 858.824463 240.999985
v 259.231323 858.190552 239.499985
v 262.281281 855.199280 234.999985
v 260.921814 854.565308 236.499985
v 262.915192 853.839783 236.499985
v 262.281281 855.199280 240.999985
v 262.915192 853.839783 239.499985
v 260.921814 854.565308 239.499985
v 307.718811 880.800659 234.999985
v 309.078278 881.434570 236.499985
v 307.084869 882.160095 236.499985
v 307.718811 880.800659 240.999985
v 307.084869 882.160095 239.499985
v 309.078278 881.434570 239.499985
v 309.409271 877.175415 234.999985
v 310.043213 875.815979 236.499985
v 310.768738 877.809326 236.499985
v 309.409271 877.175415 240.999985
v 310.768738 877.809326 239.499985
v 310.043213 875.815979 239.499985
v 283.950073 876.816406 234.999985
v 283.767273 878.305237 236.499985
v 282.461243 876.633606 236.499985
v 283.767273 878.305237 239.499985
v 283.950073 876.816406 240.999985
v 282.461243 876.633606 239.499985
v 284.437561 872.846252 234.999985
v 282.948730 872.663452 236.499985
v 284.620361 871.357422 236.499985
v 284.437561 872.846252 240.999985
v 284.620361 871.357422 239.499985
v 282.948730 872.663452 239.499985
v 335.562469 883.153625 234.999985
v 337.051270 883.336426 236.499985
v 335.379669 884.642456 236.499985
v 335.562469 883.153625 240.999985
v 335.379669 884.642456 239.499985
v 337.051270 883.336426 239.499985
v 336.049957 879.183472 234.999985
v 336.232758 877.694641 236.499985
v 337.538757 879.366272 236.499985
v 336.049957 879.183472 240.999985
v 337.538757 879.366272 239.499985
v 336.232758 877.694641 239.499985
v 309.859314 894.924255 234.999985
v 310.145538 896.396729 236.499985
v 308.386871 895.210510 236.499985
v 310.145538 896.396729 239.499985
v 309.859314 894.924255 240.999985
v 308.386871 895.210510 239.499985
v 309.096069 890.997742 234.999985
v 307.623657 891.283997 236.499985
v 308.809875 889.525330 236.499985
v 309.096069 890.997742 240.999985
v 308.809875 889.525330 239.499985
v 307.623657 891.283997 239.499985
v 360.903931 885.002197 234.999985
v 362.376373 884.716003 236.499985
v 361.190155 886.474670 236.499985
v 360.903931 885.002197 240.999985
v 361.190155 886.474670 239.499985
v 362.376373 884.716003 239.499985
v 360.140686 881.075684 234.999985
v 359.854492 879.603271 236.499985
v 361.613159 880.789490 236.499985
v 360.140686 881.075684 240.999985
v 361.613159 880.789490 239.499985
v 359.854492 879.603271 239.499985
v 75.000000 948.538513 125.999985
v 75.000015 946.999939 127.499985
v 75.000000 948.538513 165.999985
v 75.000015 946.999939 164.499985
v 82.142334 950.168701 125.999985
v 82.809906 948.782471 127.499985
v 82.142334 950.168701 165.999985
v 82.809906 948.782471 164.499985
v 87.870056 954.736389 125.999985
v 89.072968 953.777100 127.499985
v 87.870056 954.736389 165.999985
v 89.072968 953.777100 164.499985
v 91.048706 961.336914 125.999985
v 92.548706 960.994568 127.499985
v 91.048706 961.336914 165.999985
v 92.548706 960.994568 164.499985
v 91.048706 968.662964 125.999985
v 92.548706 969.005310 127.499985
v 91.048706 968.662964 165.999985
v 92.548706 969.005310 164.499985
v 87.870056 975.263489 125.999985
v 89.072968 976.222778 127.499985
v 87.870056 975.263489 165.999985
v 89.072968 976.222778 164.499985
v 82.142334 979.831177 125.999985
v 82.809906 981.217407 127.499985
v 82.142334 979.831177 165.999985
v 82.809906 981.217407 164.499985
v 75.000000 981.461365 125.999985
v 75.000000 982.999939 127.499985
v 75.000000 981.461365 165.999985
v 75.000000 982.999939 164.499985
v 67.857651 979.831177 125.999985
v 67.190094 981.217407 127.499985
v 67.857651 979.831177 165.999985
v 67.190094 981.217407 164.499985
v 62.129929 975.263428 125.999985
v 60.927032 976.222778 127.499985
v 62.129929 975.263428 165.999985
v 60.927032 976.222778 164.499985
v 58.951309 968.662964 125.999985
v 57.451294 969.005310 127.499985
v 58.951309 968.662964 165.999985
v 57.451294 969.005310 164.499985
v 58.951294 961.336914 125.999985
v 57.451294 960.994568 127.499985
v 58.951294 961.336914 165.999985
v 57.451294 960.994568 164.499985
v 62.129944 954.736389 125.999985
v 60.927032 953.777100 127.499985
v 62.129944 954.736389 165.999985
v 60.927032 953.777100 164.499985
v 67.857651 950.168701 125.999985
v 67.190094 948.782471 127.499985
v 67.857651 950.168701 165.999985
v 67.190094 948.782471 164.499985
v 58.741516 965.026489 167.286667
v 60.054703 966.257568 167.286667
v 61.313156 966.231018 165.999985
v 61.258453 964.973511 164.713303
v 59.945297 963.742432 164.713303
v 58.686813 963.768921 165.999985
v 75.000000 948.542053 182.740768
v 74.999985 950.278625 182.266937
v 75.000000 950.736511 180.526154
v 75.000000 949.457825 179.259201
v 75.000000 947.721313 179.733032
v 75.000000 947.263428 181.473816
v 91.258453 965.026428 167.286667
v 89.945282 966.257568 167.286667
v 88.686829 966.231018 165.999985
v 88.741516 964.973450 164.713303
v 90.054703 963.742371 164.713303
v 91.313141 963.768921 165.999985
v 35.743286 1110.524414 130.739975
v 35.534515 1112.009766 132.239975
v 34.257858 1110.315552 132.239975
v 35.534515 1112.009766 147.279984
v 35.743286 1110.524414 148.779984
v 34.257858 1110.315552 147.279984
v 46.181259 1036.254272 130.739975
v 44.695831 1036.045410 132.239975
v 46.390030 1034.768799 132.239975
v 46.181259 1036.254272 148.779984
v 46.390030 1034.768799 147.279984
v 44.695831 1036.045410 147.279984
v 129.818741 1123.745850 130.739975
v 131.304153 1123.954590 132.239975
v 129.609985 1125.231201 132.239975
v 129.818741 1123.745850 148.779984
v 129.609985 1125.231201 147.279984
v 131.304153 1123.954590 147.279984
v 140.256729 1049.475708 130.739975
v 140.465485 1047.990234 132.239975
v 141.742126 1049.684448 132.239975
v 140.256729 1049.475708 148.779984
v 141.742126 1049.684448 147.279984
v 140.465485 1047.990234 147.279984
v 35.743286 1110.524414 155.339981
v 35.534515 1112.009766 156.839981
v 34.257858 1110.315552 156.839981
v 35.534515 1112.009766 171.879990
v 35.743286 1110.524414 173.379990
v 34.257858 1110.315552 171.879990
v 46.181259 1036.254272 155.339981
v 44.695831 1036.045410 156.839981
v 46.390030 1034.768799 156.839981
v 46.181259 1036.254272 173.379990
v 46.390030 1034.768799 171.879990
v 44.695831 1036.045410 171.879990
v 129.818741 1123.745850 155.339981
v 131.304153 1123.954590 156.839981
v 129.609985 1125.231201 156.839981
v 129.818741 1123.745850 173.379990
v 129.609985 1125.231201 171.879990
v 131.304153 1123.954590 171.879990
v 140.256729 1049.475708 155.339981
v 140.465485 1047.990234 156.839981
v 141.742126 1049.684448 156.839981
v 140.256729 1049.475708 173.379990
v 141.742126 1049.684448 171.879990
v 140.465485 1047.990234 171.879990
v 35.743286 1110.524414 179.939987
v 35.534515 1112.009766 181.439987
v 34.257858 1110.315552 181.439987
v 35.534515 1112.009766 196.479996
v 35.743286 1110.524414 197.979996
v 34.257858 1110.315552 196.479996
v 46.181259 1036.254272 179.939987
v 44.695831 1036.045410 181.439987
v 46.390030 1034.768799 181.439987
v 46.181259 1036.254272 197.979996
v 46.390030 1034.768799 196.479996
v 44.695831 1036.045410 196.479996
v 129.818741 1123.745850 179.939987
v 131.304153 1123.954590 181.439987
v 129.609985 1125.231201 181.439987
v 129.818741 1123.745850 197.979996
v 129.609985 1125.231201 196.479996
v 131.304153 1123.954590 196.479996
v 140.256729 1049.475708 179.939987
v 140.465485 1047.990234 181.439987
v 141.742126 1049.684448 181.439987
v 140.256729 1049.475708 197.979996
v 141.742126 1049.684448 196.479996
v 140.465485 1047.990234 196.479996
v 38.138657 1109.057129 124.999985
v 37.929901 1110.542480 126.499985
v 36.653259 1108.848267 126.499985
v 37.929901 1110.542480 205.499985
v 38.138657 1109.057129 206.999985
v 36.653259 1108.848267 205.499985
v 38.834518 1104.105713 124.999985
v 37.349121 1103.896973 126.499985
v 39.043274 1102.620361 126.499985
v 38.834518 1104.105713 206.999985
v 39.043274 1102.620361 205.499985
v 37.349121 1103.896973 205.499985
v 137.165466 1122.974365 124.999985
v 138.650879 1123.183105 126.499985
v 136.956711 1124.459717 126.499985
v 137.165466 1122.974365 206.999985
v 136.956711 1124.459717 205.499985
v 138.650879 1123.183105 205.499985
v 137.861328 1118.023071 124.999985
v 138.070099 1116.537598 126.499985
v 139.346741 1118.231812 126.499985
v 137.861328 1118.023071 206.999985
v 139.346741 1118.231812 205.499985
v 138.070099 1116.537598 205.499985
v 38.138641 1041.977051 124.999985
v 37.929871 1043.462402 126.499985
v 36.653244 1041.768188 126.499985
v 37.929871 1043.462402 205.499985
v 38.138641 1041.977051 206.999985
v 36.653244 1041.768188 205.499985
v 38.834503 1037.025635 124.999985
v 37.349106 1036.816895 126.499985
v 39.043259 1035.540283 126.499985
v 38.834503 1037.025635 206.999985
v 39.043259 1035.540283 205.499985
v 37.349106 1036.816895 205.499985
v 137.165466 1055.894287 124.999985
v 138.650879 1056.103027 126.499985
v 136.956711 1057.379639 126.499985
v 137.165466 1055.894287 206.999985
v 136.956711 1057.379639 205.499985
v 138.650879 1056.103027 205.499985
v 137.861328 1050.942993 124.999985
v 138.070099 1049.457520 126.499985
v 139.346741 1051.151733 126.499985
v 137.861328 1050.942993 206.999985
v 139.346741 1051.151733 205.499985
v 138.070099 1049.457520 205.499985
v 37.817398 1119.262817 124.999985
v 37.608643 1120.748169 126.499985
v 36.332001 1119.054077 126.499985
v 37.608643 1120.748169 205.499985
v 37.817398 1119.262817 206.999985
v 36.332001 1119.054077 205.499985
v 48.951248 1040.041382 124.999985
v 47.465851 1039.832520 126.499985
v 49.160004 1038.555908 126.499985
v 48.951248 1040.041382 206.999985
v 49.160004 1038.555908 205.499985
v 47.465851 1039.832520 205.499985
v 42.768738 1119.958618 124.999985
v 44.254135 1120.167480 126.499985
v 42.559982 1121.444092 126.499985
v 42.768738 1119.958618 206.999985
v 42.559982 1121.444092 205.499985
v 44.254135 1120.167480 205.499985
v 53.902588 1040.737183 124.999985
v 54.111343 1039.251831 126.499985
v 55.387985 1040.945923 126.499985
v 53.902588 1040.737183 206.999985
v 55.387985 1040.945923 205.499985
v 54.111343 1039.251831 205.499985
v 122.097412 1119.262817 124.999985
v 121.888657 1120.748169 126.499985
v 120.612000 1119.054077 126.499985
v 121.888657 1120.748169 205.499985
v 122.097412 1119.262817 206.999985
v 120.612000 1119.054077 205.499985
v 133.231262 1040.041382 124.999985
v 131.745850 1039.832642 126.499985
v 133.440018 1038.555908 126.499985
v 133.231262 1040.041382 206.999985
v 133.440018 1038.555908 205.499985
v 131.745850 1039.832642 205.499985
v 127.048752 1119.958740 124.999985
v 128.534149 1120.167480 126.499985
v 126.839996 1121.444092 126.499985
v 127.048752 1119.958740 206.999985
v 126.839996 1121.444092 205.499985
v 128.534149 1120.167480 205.499985
v 138.182602 1040.737183 124.999985
v 138.391357 1039.251831 126.499985
v 139.667999 1040.946045 126.499985
v 138.182602 1040.737183 206.999985
v 139.667999 1040.946045 205.499985
v 138.391357 1039.251831 205.499985
v -58.638733 1086.686279 129.479980
v -58.847473 1088.171753 130.979980
v -60.124115 1086.477539 130.979980
v -58.847473 1088.171753 142.059998
v -58.638733 1086.686279 143.559998
v -60.124115 1086.477539 142.059998
v -49.592468 1022.318909 129.479980
v -51.077850 1022.110168 130.979980
v -49.383728 1020.833496 130.979980
v -49.592468 1022.318909 143.559998
v -49.383728 1020.833496 142.059998
v -51.077850 1022.110168 142.059998
v 19.592453 1097.681030 129.479980
v 21.077866 1097.889771 130.979980
v 19.383698 1099.166382 130.979980
v 19.592453 1097.681030 143.559998
v 19.383698 1099.166382 142.059998
v 21.077866 1097.889771 142.059998
v 28.638702 1033.313599 129.479980
v 28.847473 1031.828125 130.979980
v 30.124115 1033.522339 130.979980
v 28.638702 1033.313599 143.559998
v 30.124115 1033.522339 142.059998
v 28.847473 1031.828125 142.059998
v -58.638733 1086.686279 148.679993
v -58.847473 1088.171753 150.179993
v -60.124115 1086.477539 150.179993
v -58.847473 1088.171753 161.259979
v -58.638733 1086.686279 162.759979
v -60.124115 1086.477539 161.259979
v -49.592468 1022.318909 148.679993
v -51.077850 1022.110168 150.179993
v -49.383728 1020.833496 150.179993
v -49.592468 1022.318909 162.759979
v -49.383728 1020.833496 161.259979
v -51.077850 1022.110168 161.259979
v 19.592453 1097.681030 148.679993
v 21.077866 1097.889771 150.179993
v 19.383698 1099.166382 150.179993
v 19.592453 1097.681030 162.759979
v 19.383698 1099.166382 161.259979
v 21.077866 1097.889771 161.259979
v 28.638702 1033.313599 148.679993
v 28.847473 1031.828125 150.179993
v 30.124115 1033.522339 150.179993
v 28.638702 1033.313599 162.759979
v 30.124115 1033.522339 161.259979
v 28.847473 1031.828125 161.259979
v -58.638733 1086.686279 167.879974
v -58.847473 1088.171753 169.379974
v -60.124115 1086.477539 169.379974
v -58.847473 1088.171753 180.459991
v -58.638733 1086.686279 181.959991
v -60.124115 1086.477539 180.459991
v -49.592468 1022.318909 167.879974
v -51.077850 1022.110168 169.379974
v -49.383728 1020.833496 169.379974
v -49.592468 1022.318909 181.959991
v -49.383728 1020.833496 180.459991
v -51.077850 1022.110168 180.459991
v 19.592453 1097.681030 167.879974
v 21.077866 1097.889771 169.379974
v 19.383698 1099.166382 169.379974
v 19.592453 1097.681030 181.959991
v 19.383698 1099.166382 180.459991
v 21.077866 1097.889771 180.459991
v 28.638702 1033.313599 167.879974
v 28.847473 1031.828125 169.379974
v 30.124115 1033.522339 169.379974
v 28.638702 1033.313599 181.959991
v 30.124115 1033.522339 180.459991
v 28.847473 1031.828125 180.459991
v -56.939209 1085.870361 124.999985
v -57.147980 1087.355713 126.499985
v -58.424622 1085.661621 126.499985
v -57.147980 1087.355713 187.499985
v -56.939209 1085.870361 188.999985
v -58.424622 1085.661621 187.499985
v -56.243347 1080.919067 124.999985
v -57.728760 1080.710205 126.499985
v -56.034607 1079.433594 126.499985
v -56.243347 1080.919067 188.999985
v -56.034607 1079.433594 187.499985
v -57.728760 1080.710205 187.499985
v 26.243317 1097.560913 124.999985
v 27.728729 1097.769653 126.499985
v 26.034546 1099.046265 126.499985
v 26.243317 1097.560913 188.999985
v 26.034546 1099.046265 187.499985
v 27.728729 1097.769653 187.499985
v 26.939178 1092.609619 124.999985
v 27.147934 1091.124146 126.499985
v 28.424591 1092.818359 126.499985
v 26.939178 1092.609619 188.999985
v 28.424591 1092.818359 187.499985
v 27.147934 1091.124146 187.499985
v -56.939209 1027.390381 124.999985
v -57.147980 1028.875732 126.499985
v -58.424591 1027.181641 126.499985
v -57.147980 1028.875732 187.499985
v -56.939209 1027.390381 188.999985
v -58.424591 1027.181641 187.499985
v -56.243347 1022.439026 124.999985
v -57.728729 1022.230225 126.499985
v -56.034576 1020.953613 126.499985
v -56.243347 1022.439026 188.999985
v -56.034576 1020.953613 187.499985
v -57.728729 1022.230225 187.499985
v 26.243317 1039.080933 124.999985
v 27.728729 1039.289673 126.499985
v 26.034561 1040.566284 126.499985
v 26.243317 1039.080933 188.999985
v 26.034561 1040.566284 187.499985
v 27.728729 1039.289673 187.499985
v 26.939178 1034.129517 124.999985
v 27.147949 1032.644165 126.499985
v 28.424591 1034.338379 126.499985
v 26.939178 1034.129517 188.999985
v 28.424591 1034.338379 187.499985
v 27.147949 1032.644165 187.499985
v -57.606720 1094.311401 124.999985
v -57.815491 1095.796753 126.499985
v -59.092102 1094.102661 126.499985
v -57.815491 1095.796753 187.499985
v -57.606720 1094.311401 188.999985
v -59.092102 1094.102661 187.499985
v -47.864594 1024.992676 124.999985
v -49.349976 1024.783936 126.499985
v -47.655853 1023.507202 126.499985
v -47.864594 1024.992676 188.999985
v -47.655853 1023.507202 187.499985
v -49.349976 1024.783936 187.499985
v -52.655365 1095.007324 124.999985
v -51.169983 1095.216064 126.499985
v -52.864136 1096.492676 126.499985
v -52.655365 1095.007324 188.999985
v -52.864136 1096.492676 187.499985
v -51.169983 1095.216064 187.499985
v -42.913239 1025.688477 124.999985
v -42.704498 1024.203125 126.499985
v -41.427856 1025.897217 126.499985
v -42.913239 1025.688477 188.999985
v -41.427856 1025.897217 187.499985
v -42.704498 1024.203125 187.499985
v 12.913284 1094.311279 124.999985
v 12.704529 1095.796753 126.499985
v 11.427887 1094.102539 126.499985
v 12.704529 1095.796753 187.499985
v 12.913284 1094.311279 188.999985
v 11.427887 1094.102539 187.499985
v 22.655411 1024.992554 124.999985
v 21.170013 1024.783813 126.499985
v 22.864166 1023.507141 126.499985
v 22.655411 1024.992554 188.999985
v 22.864166 1023.507141 187.499985
v 21.170013 1024.783813 187.499985
v 17.864624 1095.007202 124.999985
v 19.350021 1095.215942 126.499985
v 17.655869 1096.492554 126.499985
v 17.864624 1095.007202 188.999985
v 17.655869 1096.492554 187.499985
v 19.350021 1095.215942 187.499985
v 27.606750 1025.688477 124.999985
v 27.815506 1024.203003 126.499985
v 29.092148 1025.897217 126.499985
v 27.606750 1025.688477 188.999985
v 29.092148 1025.897217 187.499985
v 27.815506 1024.203003 187.499985
v 82.000000 850.000000 130.999985
v 78.545074 850.000000 135.755264
v 72.954895 850.000000 133.938904
v 72.954895 850.000000 128.061066
v 78.545074 850.000000 126.244705
v 80.096161 836.758545 130.999985
v 76.781204 837.731934 135.755264
v 71.417465 839.306885 133.938904
v 71.417465 839.306885 128.061066
v 76.781204 837.731934 126.244705
v 74.538895 824.589905 130.999985
v 71.632446 826.457764 135.755264
v 66.929688 829.480042 133.938904
v 66.929688 829.480042 128.061066
v 71.632446 826.457764 126.244705
v 65.778442 814.479736 130.999985
v 63.515961 817.090820 135.755264
v 59.855179 821.315613 133.938904
v 59.855179 821.315613 128.061066
v 63.515961 817.090820 126.244705
v 54.524506 807.247314 130.999985
v 53.089279 810.390015 135.755264
v 50.767029 815.474976 133.938904
v 50.767029 815.474976 128.061066
v 53.089279 810.390015 126.244705
v 41.688782 803.478394 130.999985
v 41.197083 806.898132 135.755264
v 40.401535 812.431396 133.938904
v 40.401535 812.431396 128.061066
v 41.197083 806.898132 126.244705
v 28.311188 803.478394 130.999985
v 28.802887 806.898132 135.755264
v 29.598434 812.431396 133.938904
v 29.598434 812.431396 128.061066
v 28.802887 806.898132 126.244705
v 15.475479 807.247314 130.999985
v 16.910706 810.390015 135.755264
v 19.232956 815.474976 133.938904
v 19.232956 815.474976 128.061066
v 16.910706 810.390015 126.244705
v 4.221542 814.479736 130.999985
v 6.484024 817.090820 135.755264
v 10.144806 821.315552 133.938904
v 10.144806 821.315552 128.061066
v 6.484024 817.090820 126.244705
v -4.538925 824.589844 130.999985
v -1.632446 826.457764 135.755264
v 3.070297 829.479980 133.938904
v 3.070297 829.479980 128.061066
v -1.632446 826.457764 126.244705
v -10.096191 836.758545 130.999985
v -6.781250 837.731934 135.755264
v -1.417496 839.306885 133.938904
v -1.417496 839.306885 128.061066
v -6.781250 837.731934 126.244705
v -12.000000 850.000000 130.999985
v -8.545074 850.000000 135.755264
v -2.954926 850.000000 133.938904
v -2.954926 850.000000 128.061066
v -8.545074 850.000000 126.244705
v -10.096191 863.241394 130.999985
v -6.781219 862.268066 135.755264
v -1.417496 860.693115 133.938904
v -1.417496 860.693115 128.061066
v -6.781219 862.268066 126.244705
v -4.538940 875.410095 130.999985
v -1.632477 873.542236 135.755264
v 3.070267 870.519958 133.938904
v 3.070267 870.519958 128.061066
v -1.632477 873.542236 126.244705
v 4.221527 885.520203 130.999985
v 6.484009 882.909180 135.755264
v 10.144791 878.684387 133.938904
v 10.144791 878.684387 128.061066
v 6.484009 882.909180 126.244705
v 15.475494 892.752686 130.999985
v 16.910706 889.609985 135.755264
v 19.232941 884.525024 133.938904
v 19.232941 884.525024 128.061066
v 16.910706 889.609985 126.244705
v 28.311157 896.521606 130.999985
v 28.802841 893.101868 135.755264
v 29.598419 887.568604 133.938904
v 29.598419 887.568604 128.061066
v 28.802841 893.101868 126.244705
v 41.688782 896.521606 130.999985
v 41.197083 893.101868 135.755264
v 40.401535 887.568604 133.938904
v 40.401535 887.568604 128.061066
v 41.197083 893.101868 126.244705
v 54.524506 892.752686 130.999985
v 53.089264 889.609985 135.755264
v 50.767029 884.525024 133.938904
v 50.767029 884.525024 128.061066
v 53.089264 889.609985 126.244705
v 65.778442 885.520264 130.999985
v 63.515945 882.909180 135.755264
v 59.855164 878.684448 133.938904
v 59.855164 878.684448 128.061066
v 63.515945 882.909180 126.244705
v 74.538910 875.410095 130.999985
v 71.632446 873.542236 135.755264
v 66.929688 870.519958 133.938904
v 66.929688 870.519958 128.061066
v 71.632446 873.542236 126.244705
v 80.096161 863.241455 130.999985
v 76.781189 862.268066 135.755264
v 71.417450 860.693176 133.938904
v 71.417450 860.693176 128.061066
v 76.781189 862.268066 126.244705
v 73.999985 850.000000 135.999985
v 70.545059 850.000000 140.755264
v 64.954895 850.000000 138.938904
v 64.954895 850.000000 133.061066
v 70.545059 850.000000 131.244705
v 72.420212 839.012451 135.999985
v 69.105255 839.985779 140.755264
v 63.741531 841.560730 138.938904
v 63.741531 841.560730 133.061066
v 69.105255 839.985779 131.244705
v 67.808884 828.914978 135.999985
v 64.902420 830.782898 140.755264
v 60.199661 833.805176 138.938904
v 60.199661 833.805176 133.061066
v 64.902420 830.782898 131.244705
v 60.539566 820.525757 135.999985
v 58.277069 823.136841 140.755264
v 54.616287 827.361572 138.938904
v 54.616287 827.361572 133.061066
v 58.277069 823.136841 131.244705
v 51.201187 814.524353 135.999985
v 49.765961 817.667053 140.755264
v 47.443726 822.752075 138.938904
v 47.443726 822.752075 133.061066
v 49.765961 817.667053 131.244705
v 40.550262 811.396973 135.999985
v 40.058578 814.816711 140.755264
v 39.263016 820.349976 138.938904
v 39.263016 820.349976 133.061066
v 40.058578 814.816711 131.244705
v 29.449707 811.396973 135.999985
v 29.941391 814.816711 140.755264
v 30.736954 820.349976 138.938904
v 30.736954 820.349976 133.061066
v 29.941391 814.816711 131.244705
v 18.798813 814.524353 135.999985
v 20.234039 817.667053 140.755264
v 22.556259 822.752075 138.938904
v 22.556259 822.752075 133.061066
v 20.234039 817.667053 131.244705
v 9.460434 820.525757 135.999985
v 11.722900 823.136841 140.755264
v 15.383698 827.361572 138.938904
v 15.383698 827.361572 133.061066
v 11.722900 823.136841 131.244705
v 2.191101 828.914978 135.999985
v 5.097580 830.782837 140.755264
v 9.800308 833.805176 138.938904
v 9.800308 833.805176 133.061066
v 5.097580 830.782837 131.244705
v -2.420227 839.012451 135.999985
v 0.894714 839.985779 140.755264
v 6.258469 841.560730 138.938904
v 6.258469 841.560730 133.061066
v 0.894714 839.985779 131.244705
v -4.000000 850.000000 135.999985
v -0.545090 850.000000 140.755264
v 5.045074 850.000000 138.938904
v 5.045074 850.000000 133.061066
v -0.545090 850.000000 131.244705
v -2.420242 860.987549 135.999985
v 0.894730 860.014221 140.755264
v 6.258453 858.439270 138.938904
v 6.258453 858.439270 133.061066
v 0.894730 860.014221 131.244705
v 2.191086 871.084961 135.999985
v 5.097549 869.217102 140.755264
v 9.800293 866.194824 138.938904
v 9.800293 866.194824 133.061066
v 5.097549 869.217102 131.244705
v 9.460403 879.474243 135.999985
v 11.722885 876.863159 140.755264
v 15.383682 872.638428 138.938904
v 15.383682 872.638428 133.061066
v 11.722885 876.863159 131.244705
v 18.798813 885.475647 135.999985
v 20.234024 882.332947 140.755264
v 22.556274 877.247925 138.938904
v 22.556274 877.247925 133.061066
v 20.234024 882.332947 131.244705
v 29.449692 888.603027 135.999985
v 29.941376 885.183289 140.755264
v 30.736938 879.650024 138.938904
v 30.736938 879.650024 133.061066
v 29.941376 885.183289 131.244705
v 40.550262 888.603027 135.999985
v 40.058578 885.183289 140.755264
v 39.263016 879.650024 138.938904
v 39.263016 879.650024 133.061066
v 40.058578 885.183289 131.244705
v 51.201187 885.475647 135.999985
v 49.765961 882.332947 140.755264
v 47.443710 877.247925 138.938904
v 47.443710 877.247925 133.061066
v 49.765961 882.332947 131.244705
v 60.539566 879.474243 135.999985
v 58.277069 876.863220 140.755264
v 54.616287 872.638428 138.938904
v 54.616287 872.638428 133.061066
v 58.277069 876.863220 131.244705
v 67.808884 871.084961 135.999985
v 64.902405 869.217102 140.755264
v 60.199677 866.194824 138.938904
v 60.199677 866.194824 133.061066
v 64.902405 869.217102 131.244705
v 72.420227 860.987610 135.999985
v 69.105240 860.014221 140.755264
v 63.741516 858.439270 138.938904
v 63.741516 858.439270 133.061066
v 69.105240 860.014221 131.244705
v 66.000000 850.000000 140.999985
v 62.545074 850.000000 145.755264
v 56.954910 850.000000 143.938904
v 56.954910 850.000000 138.061066
v 62.545074 850.000000 136.244705
v 64.744278 841.266296 140.999985
v 61.429306 842.239624 145.755264
v 56.065582 843.814575 143.938904
v 56.065582 843.814575 138.061066
v 61.429306 842.239624 136.244705
v 61.078857 833.240112 140.999985
v 58.172409 835.108032 145.755264
v 53.469650 838.130249 143.938904
v 53.469650 838.130249 138.061066
v 58.172409 835.108032 136.244705
v 55.300674 826.571777 140.999985
v 53.038177 829.182800 145.755264
v 49.377411 833.407593 143.938904
v 49.377411 833.407593 138.061066
v 53.038177 829.182800 136.244705
v 47.877869 821.801392 140.999985
v 46.442627 824.944092 145.755264
v 44.120392 830.029114 143.938904
v 44.120392 830.029114 138.061066
v 46.442627 824.944092 136.244705
v 39.411743 819.315552 140.999985
v 38.920059 822.735291 145.755264
v 38.124512 828.268555 143.938904
v 38.124512 828.268555 138.061066
v 38.920059 822.735291 136.244705
v 30.588226 819.315552 140.999985
v 31.079910 822.735291 145.755264
v 31.875473 828.268555 143.938904
v 31.875473 828.268555 138.061066
v 31.079910 822.735291 136.244705
v 22.122116 821.801392 140.999985
v 23.557343 824.944092 145.755264
v 25.879593 830.029114 143.938904
v 25.879593 830.029114 138.061066
v 23.557343 824.944092 136.244705
v 14.699310 826.571777 140.999985
v 16.961807 829.182800 145.755264
v 20.622589 833.407593 143.938904
v 20.622589 833.407593 138.061066
v 16.961807 829.182800 136.244705
v 8.921127 833.240112 140.999985
v 11.827591 835.107971 145.755264
v 16.530350 838.130249 143.938904
v 16.530350 838.130249 138.061066
v 11.827591 835.107971 136.244705
v 5.255692 841.266296 140.999985
v 8.570679 842.239685 145.755264
v 13.934402 843.814575 143.938904
v 13.934402 843.814575 138.061066
v 8.570679 842.239685 136.244705
v 3.999985 850.000000 140.999985
v 7.454895 850.000000 145.755264
v 13.045074 850.000000 143.938904
v 13.045074 850.000000 138.061066
v 7.454895 850.000000 136.244705
v 5.255707 858.733704 140.999985
v 8.570663 857.760315 145.755264
v 13.934402 856.185425 143.938904
v 13.934402 856.185425 138.061066
v 8.570663 857.760315 136.244705
v 8.921127 866.759888 140.999985
v 11.827591 864.891968 145.755264
v 16.530334 861.869690 143.938904
v 16.530334 861.869690 138.061066
v 11.827591 864.891968 136.244705
v 14.699295 873.428223 140.999985
v 16.961777 870.817200 145.755264
v 20.622574 866.592407 143.938904
v 20.622574 866.592407 138.061066
v 16.961777 870.817200 136.244705
v 22.122131 878.198608 140.999985
v 23.557343 875.055908 145.755264
v 25.879593 869.970886 143.938904
v 25.879593 869.970886 138.061066
v 23.557343 875.055908 136.244705
v 30.588211 880.684448 140.999985
v 31.079895 877.264709 145.755264
v 31.875473 871.731445 143.938904
v 31.875473 871.731445 138.061066
v 31.079895 877.264709 136.244705
v 39.411743 880.684448 140.999985
v 38.920059 877.264709 145.755264
v 38.124496 871.731445 143.938904
v 38.124496 871.731445 138.061066
v 38.920059 877.264709 136.244705
v 47.877869 878.198608 140.999985
v 46.442627 875.055908 145.755264
v 44.120392 869.970886 143.938904
v 44.120392 869.970886 138.061066
v 46.442627 875.055908 136.244705
v 55.300674 873.428223 140.999985
v 53.038193 870.817200 145.755264
v 49.377396 866.592407 143.938904
v 49.377396 866.592407 138.061066
v 53.038193 870.817200 136.244705
v 61.078857 866.759888 140.999985
v 58.172394 864.891968 145.755264
v 53.469635 861.869751 143.938904
v 53.469635 861.869751 138.061066
v 58.172394 864.891968 136.244705
v 64.744263 858.733704 140.999985
v 61.429306 857.760376 145.755264
v 56.065567 856.185425 143.938904
v 56.065567 856.185425 138.061066
v 61.429306 857.760376 136.244705
vn -0.6521 0.4914 -0.5774
vn -0.6521 0.4914 0.5773
vn -0.4914 -0.6521 -0.5774
vn -0.4914 -0.6521 0.5774
vn 0.4914 0.6521 -0.5773
vn 0.4914 0.6521 0.5773
vn 0.6521 -0.4914 -0.5774
vn 0.6521 -0.4914 0.5774
vn -0.7002 -0.0984 -0.7071
vn -0.7986 0.6018 -0.0000
vn -0.7002 -0.0984 0.7071
vn -0.6018 -0.7986 -0.0000
vn 0.0984 -0.7002 -0.7071
vn 0.0984 -0.7002 0.7071
vn 0.7986 -0.6018 -0.0000
vn 0.7002 0.0984 -0.7071
vn 0.7002 0.0984 0.7071
vn 0.6018 0.7986 -0.0000
vn -0.0984 0.7002 -0.7071
vn -0.0984 0.7002 0.7071
vn -0.0000 -0.0000 -1.0000
vn -0.9903 -0.1392 -0.0000
vn -0.1392 0.9903 -0.0000
vn -0.0000 -0.0000 1.0000
vn 0.1392 -0.9903 -0.0000
vn 0.9903 0.1392 -0.0000
vn -0.6522 0.4914 -0.5772
vn -0.6522 0.4914 0.5772
vn -0.4913 -0.6522 -0.5772
vn -0.4914 -0.6522 0.5772
vn 0.4913 0.6520 -0.5775
vn 0.4914 0.6520 0.5774
vn 0.6518 -0.4913 -0.5777
vn 0.6518 -0.4913 0.5777
vn -0.7003 -0.0984 -0.7071
vn -0.7987 0.6018 -0.0000
vn -0.6017 -0.7987 -0.0000
vn 0.0984 -0.7001 0.7072
vn 0.7987 -0.6018 -0.0000
vn 0.7003 0.0984 -0.7070
vn 0.7003 0.0984 0.7070
vn -0.0984 0.7002 -0.7072
vn -0.0984 0.7002 0.7072
vn -0.6522 0.4915 -0.5772
vn -0.6522 0.4915 0.5772
vn -0.4913 -0.6520 -0.5775
vn -0.4914 -0.6520 0.5774
vn 0.4914 0.6521 -0.5772
vn 0.4916 0.6521 0.5772
vn -0.7003 -0.0984 0.7071
vn 0.0983 -0.6999 -0.7074
vn 0.0984 -0.7002 0.7072
vn 0.7003 0.0984 -0.7071
vn 0.6019 0.7986 -0.0000
vn -0.0984 0.6999 -0.7075
vn -0.0984 0.6999 0.7074
vn -0.4913 -0.6523 -0.5772
vn -0.4914 -0.6523 0.5772
vn 0.4912 0.6521 -0.5774
vn 0.6520 -0.4913 -0.5775
vn 0.6520 -0.4913 0.5775
vn 0.0984 -0.7001 -0.7072
vn -0.0000 -0.4791 -0.8778
vn 0.2048 -0.9153 -0.3469
vn -0.2048 -0.9153 -0.3468
vn -0.0000 -0.4791 0.8778
vn -0.2048 -0.9153 0.3468
vn 0.2048 -0.9153 0.3468
vn 0.3388 -0.3388 -0.8778
vn 0.7920 -0.5024 -0.3468
vn 0.5024 -0.7920 -0.3468
vn 0.3388 -0.3388 0.8777
vn 0.5024 -0.7921 0.3467
vn 0.7920 -0.5024 0.3468
vn 0.4791 -0.0000 -0.8777
vn 0.9153 0.2048 -0.3468
vn 0.9153 -0.2048 -0.3468
vn 0.4791 -0.0000 0.8778
vn 0.9153 -0.2048 0.3468
vn 0.9153 0.2048 0.3468
vn 0.3388 0.3388 -0.8778
vn 0.5024 0.7920 -0.3468
vn 0.7921 0.5024 -0.3468
vn 0.3388 0.3388 0.8778
vn 0.7920 0.5024 0.3468
vn 0.5024 0.7920 0.3468
vn -0.0000 0.4792 -0.8777
vn -0.2048 0.9153 -0.3467
vn 0.2048 0.9153 -0.3467
vn -0.0000 0.4792 0.8777
vn 0.2048 0.9153 0.3467
vn -0.2048 0.9153 0.3467
vn -0.3388 0.3388 -0.8778
vn -0.7921 0.5024 -0.3468
vn -0.5024 0.7920 -0.3468
vn -0.3388 0.3388 0.8778
vn -0.5024 0.7920 0.3468
vn -0.7921 0.5024 0.3468
vn -0.4791 -0.0000 -0.8778
vn -0.9153 -0.2048 -0.3468
vn -0.9153 0.2048 -0.3468
vn -0.4791 -0.0000 0.8777
vn -0.9153 0.2048 0.3468
vn -0.9153 -0.2048 0.3468
vn -0.3388 -0.3388 -0.8777
vn -0.5024 -0.7921 -0.3467
vn -0.7920 -0.5024 -0.3468
vn -0.3388 -0.3388 0.8777
vn -0.7920 -0.5024 0.3468
vn -0.5024 -0.7921 0.3467
vn 0.2048 -0.9153 -0.3468
vn 0.3388 -0.3388 -0.8777
vn 0.5024 -0.7921 -0.3467
vn 0.3388 0.3388 0.8777
vn 0.7921 0.5024 0.3468
vn 0.2048 0.9153 0.3468
vn -0.4791 -0.0000 0.8778
vn -0.3388 -0.3388 0.8778
vn -0.0000 -0.4790 -0.8778
vn -0.0000 -0.4790 0.8778
vn -0.2048 -0.9153 0.3469
vn 0.2048 -0.9153 0.3469
vn 0.3388 -0.3388 0.8778
vn 0.5024 -0.7921 0.3468
vn 0.4791 -0.0000 -0.8778
vn 0.4791 -0.0000 0.8777
vn 0.3388 0.3388 -0.8777
vn 0.5024 0.7921 -0.3468
vn 0.5024 0.7921 0.3468
vn -0.3388 0.3388 0.8777
vn -0.5024 0.7921 0.3468
vn -0.7920 0.5024 0.3468
vn -0.9153 0.2049 -0.3468
vn -0.3388 -0.3388 -0.8778
vn -0.5024 -0.7921 -0.3468
vn -0.5024 -0.7920 0.3468
vn -0.2048 -0.9153 -0.3469
vn 0.5024 -0.7920 0.3468
vn 0.7921 -0.5024 0.3468
vn -0.3388 0.3388 -0.8777
vn -0.5024 0.7921 -0.3468
vn -0.5024 -0.7920 -0.3468
vn -0.6769 0.4566 -0.5774
vn -0.6769 0.4566 0.5774
vn -0.4566 -0.6769 -0.5773
vn -0.4566 -0.6769 0.5773
vn 0.4566 0.6769 -0.5773
vn 0.4566 0.6769 0.5773
vn 0.6769 -0.4566 -0.5774
vn 0.6769 -0.4566 0.5773
vn -0.6941 -0.1349 -0.7071
vn -0.8290 0.5592 -0.0000
vn -0.6941 -0.1349 0.7071
vn -0.5592 -0.8290 -0.0000
vn 0.1349 -0.6941 -0.7071
vn 0.1349 -0.6941 0.7071
vn 0.8290 -0.5592 -0.0000
vn 0.6941 0.1349 -0.7071
vn 0.6941 0.1349 0.7071
vn 0.5592 0.8290 -0.0000
vn -0.1349 0.6941 -0.7071
vn -0.1349 0.6941 0.7071
vn -0.9816 -0.1908 -0.0000
vn -0.1908 0.9816 -0.0000
vn 0.1908 -0.9816 -0.0000
vn 0.9816 0.1908 -0.0000
vn -0.6769 0.4566 0.5773
vn 0.6769 -0.4566 0.5774
vn -0.6255 0.5248 -0.5773
vn -0.6255 0.5248 0.5773
vn -0.5248 -0.6255 -0.5774
vn -0.5248 -0.6255 0.5774
vn 0.5248 0.6255 -0.5774
vn 0.5248 0.6255 0.5774
vn 0.6255 -0.5248 -0.5774
vn 0.6255 -0.5248 0.5773
vn -0.7044 -0.0616 -0.7071
vn -0.7660 0.6428 -0.0000
vn -0.7044 -0.0616 0.7071
vn -0.6428 -0.7660 -0.0000
vn 0.0616 -0.7044 -0.7071
vn 0.0616 -0.7044 0.7071
vn 0.7660 -0.6428 -0.0000
vn 0.7044 0.0616 -0.7071
vn 0.7044 0.0616 0.7071
vn 0.6428 0.7660 -0.0000
vn -0.0616 0.7044 -0.7071
vn -0.0616 0.7044 0.7071
vn -0.9962 -0.0872 -0.0000
vn -0.0872 0.9962 -0.0000
vn 0.0872 -0.9962 -0.0000
vn 0.9962 0.0872 -0.0000
vn -0.6255 0.5248 -0.5774
vn -0.6521 0.4914 -0.5773
vn -0.6521 0.4913 0.5773
vn 0.4914 0.6521 -0.5774
vn 0.4914 0.6521 0.5774
vn 0.6521 -0.4914 -0.5773
vn 0.6521 -0.4914 0.5773
vn 0.0984 -0.7003 -0.7070
vn -0.5125 -0.8587 0.0002
vn -0.0433 -0.5853 0.8097
vn -0.2725 -0.4203 0.8655
vn 0.0317 0.3757 0.9262
vn 0.2437 0.4381 0.8652
vn 0.0823 0.9966 0.0034
vn 0.5184 0.8551 -0.0000
vn 0.2757 0.4189 -0.8651
vn 0.0295 0.3715 -0.9280
vn -0.2407 -0.4392 -0.8655
vn -0.0460 -0.5990 -0.7994
vn -0.0763 -0.9970 0.0101
vn -0.2329 -0.9725 -0.0039
vn -0.0745 -0.3147 0.9463
vn 0.1435 0.6074 0.7813
vn 0.2298 0.9732 -0.0099
vn 0.1392 0.5941 -0.7923
vn -0.0771 -0.3197 -0.9444
vn -0.3930 -0.3157 0.8636
vn 0.3604 0.3461 0.8662
vn 0.7471 0.6647 0.0016
vn 0.3882 0.3198 -0.8643
vn -0.3651 -0.3424 -0.8657
vn -0.7553 -0.6554 -0.0020
vn -0.0000 -0.4211 -0.9070
vn 0.4031 -0.8370 -0.3701
vn -0.0000 -0.9290 -0.3701
vn 0.4031 -0.8370 0.3701
vn -0.0000 -0.4211 0.9070
vn -0.0000 -0.9290 0.3701
vn 0.3292 -0.2625 -0.9070
vn 0.7263 -0.5792 -0.3701
vn 0.3292 -0.2625 0.9070
vn 0.7263 -0.5792 0.3701
vn 0.9057 -0.2067 -0.3701
vn 0.4105 -0.0937 0.9070
vn 0.9057 -0.2067 0.3701
vn 0.4105 -0.0937 -0.9070
vn 0.9057 0.2067 -0.3701
vn 0.4105 0.0937 0.9070
vn 0.9057 0.2067 0.3701
vn 0.4105 0.0937 -0.9070
vn 0.7263 0.5792 -0.3701
vn 0.7263 0.5792 0.3701
vn 0.3292 0.2625 -0.9070
vn 0.4031 0.8370 -0.3701
vn 0.4031 0.8370 0.3701
vn 0.3292 0.2625 0.9070
vn -0.0000 0.4211 -0.9070
vn -0.0000 0.9290 -0.3701
vn -0.0000 0.4211 0.9070
vn -0.0000 0.9290 0.3701
vn -0.4031 0.8370 -0.3701
vn -0.4031 0.8370 0.3701
vn -0.1827 0.3794 -0.9070
vn -0.7263 0.5792 -0.3701
vn -0.3292 0.2625 0.9070
vn -0.7263 0.5792 0.3701
vn -0.3292 0.2625 -0.9070
vn -0.9057 0.2067 -0.3701
vn -0.4105 0.0937 0.9070
vn -0.9057 0.2067 0.3701
vn -0.4105 -0.0937 -0.9070
vn -0.9057 -0.2067 -0.3701
vn -0.4105 -0.0937 0.9070
vn -0.9057 -0.2067 0.3701
vn -0.7263 -0.5792 -0.3701
vn -0.7263 -0.5792 0.3701
vn -0.3292 -0.2625 -0.9070
vn -0.4031 -0.8370 -0.3701
vn -0.1827 -0.3794 0.9070
vn -0.4031 -0.8370 0.3701
vn -0.1827 -0.3794 -0.9070
vn -0.1827 0.3794 0.9070
vn -0.3292 -0.2625 0.9070
vn 0.7956 0.5780 0.1816
vn -0.3083 0.9487 -0.0704
vn -0.9749 -0.0000 -0.2225
vn -0.3082 -0.9487 -0.0703
vn 0.7956 -0.5780 0.1816
vn 0.6380 0.5780 0.5088
vn -0.2472 0.9487 -0.1971
vn -0.7818 -0.0000 -0.6235
vn -0.2472 -0.9487 -0.1971
vn 0.6380 -0.5780 0.5087
vn 0.3541 0.5780 0.7352
vn -0.1372 0.9487 -0.2849
vn -0.4338 -0.0000 -0.9010
vn -0.1372 -0.9487 -0.2848
vn 0.3541 -0.5780 0.7352
vn -0.0000 0.5780 0.8160
vn -0.0000 0.9487 -0.3162
vn -0.0000 -0.9487 -0.3161
vn -0.0000 -0.5781 0.8160
vn -0.3540 0.5780 0.7353
vn 0.1372 0.9487 -0.2849
vn 0.4339 -0.0000 -0.9010
vn 0.1372 -0.9487 -0.2849
vn -0.3541 -0.5780 0.7352
vn -0.6380 0.5780 0.5088
vn 0.2472 0.9487 -0.1971
vn 0.7818 -0.0000 -0.6235
vn 0.2472 -0.9487 -0.1972
vn -0.6380 -0.5780 0.5088
vn -0.7956 0.5780 0.1816
vn 0.3083 0.9487 -0.0703
vn 0.9749 -0.0000 -0.2225
vn 0.3083 -0.9487 -0.0704
vn -0.7956 -0.5780 0.1815
vn -0.7956 0.5780 -0.1816
vn 0.3083 0.9487 0.0704
vn 0.9749 -0.0000 0.2225
vn 0.3082 -0.9487 0.0704
vn -0.7956 -0.5780 -0.1816
vn -0.6380 0.5780 -0.5088
vn 0.2472 0.9487 0.1971
vn 0.7818 -0.0000 0.6235
vn 0.2472 -0.9487 0.1971
vn -0.6380 -0.5780 -0.5088
vn -0.3540 0.5780 -0.7353
vn 0.1372 0.9487 0.2849
vn 0.4338 -0.0000 0.9010
vn 0.1372 -0.9487 0.2849
vn -0.3541 -0.5780 -0.7352
vn -0.0000 0.5780 -0.8160
vn -0.0000 0.9487 0.3162
vn -0.0000 -0.9487 0.3161
vn -0.0000 -0.5781 -0.8160
vn 0.3541 0.5780 -0.7352
vn -0.1372 0.9487 0.2849
vn -0.4339 -0.0000 0.9010
vn -0.1371 -0.9487 0.2849
vn 0.3541 -0.5780 -0.7352
vn 0.6380 0.5780 -0.5088
vn -0.2472 0.9487 0.1971
vn -0.7818 -0.0000 0.6235
vn -0.2472 -0.9487 0.1971
vn 0.6380 -0.5780 -0.5088
vn 0.7956 0.5780 -0.1816
vn -0.3083 0.9487 0.0704
vn -0.9749 -0.0000 0.2225
vn -0.3082 -0.9487 0.0703
vn 0.7956 -0.5780 -0.1816
vn -0.7672 0.2792 -0.5774
vn -0.7672 0.2793 0.5774
vn -0.2793 -0.7672 -0.5774
vn -0.2793 -0.7672 0.5774
vn 0.2792 0.7673 -0.5773
vn 0.2793 0.7673 0.5773
vn 0.7673 -0.2792 -0.5773
vn 0.7673 -0.2792 0.5773
vn -0.6409 -0.2988 -0.7071
vn -0.9397 0.3420 -0.0000
vn -0.6409 -0.2988 0.7071
vn -0.3420 -0.9397 -0.0000
vn 0.2988 -0.6408 -0.7072
vn 0.2988 -0.6408 0.7072
vn 0.9397 -0.3420 -0.0000
vn 0.6409 0.2988 -0.7071
vn 0.6408 0.2988 0.7071
vn 0.3420 0.9397 -0.0000
vn -0.2988 0.6408 -0.7071
vn -0.2988 0.6408 0.7071
vn -0.9063 -0.4226 -0.0000
vn -0.4226 0.9063 -0.0000
vn 0.4226 -0.9063 -0.0000
vn 0.9063 0.4226 -0.0000
vn -0.6434 0.5027 -0.5773
vn -0.6434 0.5027 0.5773
vn -0.5027 -0.6434 -0.5774
vn -0.5027 -0.6434 0.5774
vn 0.5027 0.6434 -0.5774
vn 0.5027 0.6434 0.5773
vn 0.6434 -0.5027 -0.5773
vn 0.6434 -0.5027 0.5773
vn -0.7018 -0.0862 -0.7071
vn -0.7880 0.6157 -0.0000
vn -0.7018 -0.0862 0.7071
vn -0.6157 -0.7880 -0.0000
vn 0.0862 -0.7018 -0.7071
vn 0.0862 -0.7018 0.7071
vn 0.7880 -0.6157 -0.0000
vn 0.7018 0.0862 -0.7071
vn 0.7019 0.0862 0.7071
vn 0.6157 0.7880 -0.0000
vn -0.0862 0.7018 -0.7071
vn -0.0862 0.7018 0.7071
vn -0.9925 -0.1219 -0.0000
vn -0.1219 0.9925 -0.0000
vn 0.1219 -0.9925 -0.0000
vn 0.9925 0.1219 -0.0000
vn -0.4566 0.6769 -0.5773
vn -0.4566 0.6769 0.5773
vn -0.6769 -0.4566 -0.5774
vn -0.6769 -0.4566 0.5774
vn 0.6769 0.4566 -0.5774
vn 0.6769 0.4566 0.5774
vn 0.4566 -0.6769 -0.5774
vn 0.4566 -0.6769 0.5774
vn -0.6941 0.1349 -0.7071
vn -0.5592 0.8290 -0.0000
vn -0.6941 0.1349 0.7071
vn -0.8290 -0.5592 -0.0000
vn -0.1349 -0.6941 -0.7071
vn -0.1349 -0.6941 0.7071
vn 0.5592 -0.8290 -0.0000
vn 0.6941 -0.1349 -0.7071
vn 0.6941 -0.1349 0.7071
vn 0.8290 0.5592 -0.0000
vn 0.1349 0.6941 -0.7071
vn 0.1349 0.6941 0.7071
vn -0.9816 0.1908 -0.0000
vn 0.1908 0.9816 -0.0000
vn -0.1908 -0.9816 -0.0000
vn 0.9816 -0.1908 -0.0000
vn 0.1827 -0.3794 -0.9070
vn 0.1827 -0.3794 0.9070
vn 0.1827 0.3794 0.9070
vn -0.4105 0.0937 -0.9070
vn -0.7241 -0.6895 0.0142
vn -0.0000 -0.3542 0.9352
vn -0.6946 0.0002 0.7194
vn -0.0000 0.4805 0.8770
vn 0.0388 0.6957 0.7173
vn -0.0000 0.9986 -0.0529
vn 0.7446 0.6674 0.0104
vn 0.7140 -0.0247 -0.6997
vn -0.0000 0.0199 -0.9998
vn -0.0233 -0.7015 -0.7123
vn -0.0000 -0.8763 -0.4818
vn -0.0000 -0.9367 0.3502
vn 0.7241 -0.6895 0.0143
vn 0.6946 0.0002 0.7194
vn -0.0388 0.6957 0.7173
vn -0.7446 0.6674 0.0104
vn -0.7140 -0.0247 -0.6997
vn 0.0233 -0.7015 -0.7122
vn -0.4913 -0.6520 -0.5774
vn -0.4913 -0.6520 0.5774
vn -0.4914 -0.6521 -0.5773
vn -0.4914 -0.6521 0.5773
vn 0.0984 -0.7002 -0.7072
vn -0.6520 0.4913 -0.5774
vn -0.6520 0.4913 0.5774
vn -0.6521 0.4913 0.5774
vn -0.6521 0.4914 0.5774
vn -0.4913 -0.6521 0.5774
vn -0.4914 -0.6520 -0.5774
vn -0.6019 -0.7986 -0.0000
vn 0.0984 -0.7003 -0.7071
vn 0.0984 -0.7003 0.7071
vn 0.8036 -0.1155 0.5839
vn -0.3087 0.0444 0.9501
vn -0.9898 0.1423 -0.0000
vn -0.3087 0.0444 -0.9501
vn 0.8036 -0.1155 -0.5838
vn 0.7385 -0.3373 0.5838
vn -0.2837 0.1296 0.9501
vn -0.9096 0.4154 -0.0000
vn -0.2837 0.1296 -0.9501
vn 0.7385 -0.3373 -0.5838
vn 0.6136 -0.5317 0.5838
vn -0.2357 0.2042 0.9501
vn -0.7558 0.6549 -0.0000
vn -0.2357 0.2042 -0.9501
vn 0.6136 -0.5316 -0.5839
vn 0.4389 -0.6830 0.5839
vn -0.1686 0.2624 0.9501
vn -0.5406 0.8413 -0.0000
vn -0.1686 0.2624 -0.9501
vn 0.4389 -0.6830 -0.5839
vn 0.2287 -0.7790 0.5838
vn -0.0879 0.2992 0.9501
vn -0.2817 0.9595 -0.0000
vn -0.0879 0.2993 -0.9501
vn 0.2287 -0.7790 -0.5838
vn -0.0000 -0.8119 0.5838
vn -0.0000 0.3119 0.9501
vn -0.0000 1.0000 -0.0000
vn -0.0000 0.3119 -0.9501
vn -0.0000 -0.8119 -0.5838
vn -0.2287 -0.7790 0.5838
vn 0.0879 0.2993 0.9501
vn 0.2817 0.9595 -0.0000
vn 0.0879 0.2992 -0.9501
vn -0.2287 -0.7790 -0.5838
vn -0.4389 -0.6830 0.5839
vn 0.1686 0.2624 0.9501
vn 0.5406 0.8413 -0.0000
vn 0.1686 0.2624 -0.9501
vn -0.4389 -0.6830 -0.5838
vn -0.6136 -0.5317 0.5838
vn 0.2357 0.2042 0.9501
vn 0.7558 0.6549 -0.0000
vn 0.2357 0.2042 -0.9501
vn -0.6136 -0.5317 -0.5839
vn -0.7385 -0.3373 0.5839
vn 0.2837 0.1296 0.9501
vn 0.9096 0.4154 -0.0000
vn 0.2837 0.1296 -0.9501
vn -0.7385 -0.3373 -0.5838
vn -0.8036 -0.1155 0.5839
vn 0.3087 0.0444 0.9501
vn 0.9898 0.1423 -0.0000
vn 0.3087 0.0444 -0.9501
vn -0.8036 -0.1155 -0.5838
vn -0.8036 0.1155 0.5839
vn 0.3087 -0.0444 0.9501
vn 0.9898 -0.1423 -0.0000
vn 0.3087 -0.0444 -0.9501
vn -0.8036 0.1155 -0.5839
vn -0.7385 0.3373 0.5838
vn 0.2837 -0.1296 0.9501
vn 0.9096 -0.4154 -0.0000
vn 0.2837 -0.1296 -0.9501
vn -0.7385 0.3373 -0.5839
vn -0.6136 0.5317 0.5838
vn 0.2357 -0.2042 0.9501
vn 0.7557 -0.6549 -0.0000
vn 0.2357 -0.2042 -0.9501
vn -0.6136 0.5317 -0.5839
vn -0.4389 0.6830 0.5838
vn 0.1686 -0.2624 0.9501
vn 0.5406 -0.8413 -0.0000
vn 0.1686 -0.2624 -0.9501
vn -0.4389 0.6830 -0.5838
vn -0.2287 0.7790 0.5838
vn 0.0879 -0.2992 0.9501
vn 0.2817 -0.9595 -0.0000
vn 0.0879 -0.2993 -0.9501
vn -0.2287 0.7790 -0.5838
vn -0.0000 0.8119 0.5838
vn -0.0000 -0.3119 0.9501
vn -0.0000 -1.0000 -0.0000
vn -0.0000 -0.3119 -0.9501
vn -0.0000 0.8119 -0.5838
vn 0.2287 0.7790 0.5838
vn -0.0879 -0.2992 0.9501
vn -0.2817 -0.9595 -0.0000
vn -0.0879 -0.2993 -0.9501
vn 0.2287 0.7790 -0.5838
vn 0.4389 0.6830 0.5839
vn -0.1686 -0.2624 0.9501
vn -0.5406 -0.8413 -0.0000
vn -0.1686 -0.2624 -0.9501
vn 0.4389 0.6830 -0.5839
vn 0.6136 0.5316 0.5839
vn -0.2357 -0.2042 0.9501
vn -0.7558 -0.6549 -0.0000
vn -0.2357 -0.2042 -0.9501
vn 0.6136 0.5317 -0.5838
vn 0.7385 0.3373 0.5839
vn -0.2837 -0.1296 0.9501
vn -0.9096 -0.4154 -0.0000
vn -0.2837 -0.1296 -0.9501
vn 0.7385 0.3373 -0.5839
vn 0.8036 0.1155 0.5838
vn -0.3087 -0.0444 0.9501
vn -0.9898 -0.1423 -0.0000
vn -0.3087 -0.0444 -0.9501
vn 0.8036 0.1155 -0.5839
vn 0.8036 -0.1155 -0.5839
vn 0.7385 -0.3373 0.5839
vn 0.7385 -0.3373 -0.5839
vn 0.6136 -0.5317 -0.5839
vn 0.4389 -0.6830 0.5838
vn 0.4389 -0.6830 -0.5838
vn 0.2287 -0.7790 -0.5839
vn -0.0000 -0.8119 -0.5839
vn 0.0879 0.2993 -0.9501
vn -0.2287 -0.7790 -0.5839
vn -0.6136 -0.5317 -0.5838
vn -0.7385 -0.3373 0.5838
vn -0.7385 -0.3373 -0.5839
vn -0.8036 0.1155 -0.5838
vn -0.7385 0.3373 0.5839
vn -0.7385 0.3373 -0.5838
vn -0.6136 0.5316 0.5839
vn 0.7558 -0.6549 -0.0000
vn -0.6136 0.5317 -0.5838
vn -0.4389 0.6830 0.5839
vn -0.0879 -0.2993 0.9501
vn 0.2287 0.7790 -0.5839
vn 0.4389 0.6830 0.5838
vn 0.4389 0.6830 -0.5838
vn 0.6136 0.5317 0.5839
vn 0.6136 0.5317 -0.5839
vn 0.7385 0.3373 -0.5838
vn 0.8036 0.1155 0.5839
vn 0.8036 -0.1155 0.5838
vn -0.7557 0.6549 -0.0000
vn 0.6136 -0.5317 -0.5838
vn -0.0879 0.2993 0.9501
vn -0.2287 -0.7790 0.5839
vn -0.4389 -0.6830 -0.5839
vn 0.7557 0.6549 -0.0000
vn -0.4389 0.6830 -0.5839
vn 0.0879 -0.2993 0.9501
vn -0.2287 0.7790 -0.5839
vn -0.0000 0.8119 -0.5839
vn 0.2287 0.7790 0.5839
vn -0.7557 -0.6549 -0.0000
vn 0.7385 0.3373 0.5838
vn 0.8036 0.1155 -0.5838
vn -0.7002 -0.0984 -0.7072
vn 0.0984 -0.7004 -0.7069
vn 0.0984 -0.7004 0.7069
vn 0.7002 0.0984 -0.7072
vn 0.7002 0.0984 0.7072
vn -0.0984 0.7001 0.7072
vn -0.7001 -0.0984 -0.7072
vn -0.7001 -0.0984 0.7072
vn 0.7001 0.0984 -0.7072
vn 0.7987 -0.6017 -0.0000
vn -0.0984 0.7003 -0.7071
vn -0.0984 0.7003 0.7070
vn 0.1827 0.3794 -0.9070
vn 0.6380 0.5780 0.5087
vn 0.6380 -0.5780 0.5088
vn -0.4339 -0.0000 -0.9009
vn -0.0000 0.9487 -0.3161
vn -0.0000 -0.9487 -0.3162
vn -0.0000 -0.5780 0.8161
vn -0.3541 0.5780 0.7352
vn 0.1372 -0.9487 -0.2848
vn 0.7819 -0.0000 -0.6235
vn 0.2472 -0.9487 -0.1971
vn 0.3083 0.9487 -0.0704
vn 0.3082 -0.9487 -0.0704
vn -0.7956 -0.5780 0.1816
vn 0.3083 0.9487 0.0703
vn -0.3541 0.5781 -0.7352
vn 0.1372 0.9487 0.2848
vn 0.4339 -0.0000 0.9010
vn 0.1372 -0.9487 0.2848
vn -0.0000 0.9487 0.3161
vn -0.0000 -0.9487 0.3162
vn -0.0000 -0.5780 -0.8160
vn -0.1372 -0.9487 0.2849
vn -0.2472 0.9487 0.1972
vn -0.2472 -0.9487 0.1972
vn -0.3082 -0.9487 0.0704
vn -0.6408 -0.2988 -0.7071
vn -0.6408 -0.2988 0.7071
vn 0.2988 -0.6409 -0.7071
vn 0.2988 -0.6409 0.7071
vn 0.6408 0.2988 -0.7071
vn 0.6409 0.2988 0.7071
vn -0.2988 0.6409 -0.7071
vn -0.2988 0.6409 0.7071
vn -0.7019 -0.0862 -0.7071
vn 0.7019 0.0862 -0.7071
vn 0.7018 0.0862 0.7071
vn 0.6136 -0.5317 0.5839
vn -0.0879 0.2992 -0.9501
vn -0.0000 -0.8119 0.5839
vn 0.0879 0.2992 0.9501
vn -0.4389 -0.6830 0.5838
vn -0.6136 -0.5317 0.5839
vn -0.8036 -0.1155 0.5838
vn -0.8036 -0.1155 -0.5839
vn 0.0879 -0.2992 -0.9501
vn -0.0879 -0.2992 -0.9501
vn 0.6136 0.5317 0.5838
vn 0.6136 0.5316 -0.5839
vn 0.2287 -0.7790 0.5839
vn -0.8036 0.1155 0.5838
vn -0.6136 0.5316 -0.5839
vn -0.6136 0.5317 0.5839
vn -0.2287 0.7790 0.5839
vn -0.0000 0.8119 0.5839
vt 0.130357 0.740217
vt 0.125000 0.740217
vt 0.130357 0.750000
vt 0.562500 0.000000
vt 0.562500 0.009783
vt 0.625000 0.009783
vt 0.130357 0.509783
vt 0.130357 0.500000
vt 0.125000 0.509783
vt 0.625000 0.245264
vt 0.562500 0.240217
vt 0.562500 0.254018
vt 0.369643 0.740217
vt 0.403571 0.752679
vt 0.421875 0.740217
vt 0.627679 0.747787
vt 0.562500 0.742663
vt 0.562500 0.755357
vt 0.369643 0.509783
vt 0.421875 0.509783
vt 0.403571 0.497321
vt 0.627679 0.502213
vt 0.562500 0.494643
vt 0.562500 0.507337
vt 0.437500 0.009783
vt 0.437500 0.000000
vt 0.437500 0.255357
vt 0.625000 0.994643
vt 0.437500 0.240217
vt 0.437500 0.994643
vt 0.869643 0.740217
vt 0.869643 0.509783
vt 0.150000 0.749390
vt 0.125000 0.749390
vt 0.150000 0.750000
vt 0.589286 0.000000
vt 0.589286 0.000610
vt 0.625000 0.000610
vt 0.150000 0.500610
vt 0.150000 0.500000
vt 0.125000 0.500610
vt 0.625000 0.257927
vt 0.589286 0.249390
vt 0.589286 0.268750
vt 0.350000 0.749390
vt 0.380357 0.762500
vt 0.401786 0.749390
vt 0.637500 0.762195
vt 0.589286 0.749543
vt 0.589286 0.775000
vt 0.350000 0.500610
vt 0.401786 0.500610
vt 0.380357 0.487500
vt 0.637500 0.487805
vt 0.589286 0.475000
vt 0.589286 0.500457
vt 0.410714 0.000610
vt 0.410714 0.000000
vt 0.410714 0.275000
vt 0.589286 0.975000
vt 0.625000 0.975000
vt 0.410714 0.249390
vt 0.410714 0.975000
vt 0.850000 0.500610
vt 0.401786 0.500610
vt 0.850000 0.749390
vt 0.750000 0.448436
vt 0.785477 0.475305
vt 0.714523 0.475305
vt 0.250000 0.448436
vt 0.214523 0.475305
vt 0.285477 0.475305
vt 0.890316 0.390316
vt 0.934401 0.384229
vt 0.884229 0.434401
vt 0.390316 0.390316
vt 0.384229 0.434401
vt 0.434401 0.384229
vt 0.948436 0.250000
vt 0.975305 0.214523
vt 0.975305 0.285477
vt 0.448436 0.250000
vt 0.475305 0.285477
vt 0.475305 0.214523
vt 0.890316 0.109684
vt 0.884229 0.065599
vt 0.934401 0.115771
vt 0.390316 0.109684
vt 0.434401 0.115771
vt 0.384229 0.065599
vt 0.750000 0.051564
vt 0.714523 0.024695
vt 0.785477 0.024695
vt 0.250000 0.051564
vt 0.285477 0.024695
vt 0.214523 0.024695
vt 0.609684 0.109684
vt 0.565599 0.115771
vt 0.615771 0.065599
vt 0.109684 0.109684
vt 0.115771 0.065599
vt 0.065599 0.115771
vt 0.551564 0.250000
vt 0.524695 0.285477
vt 0.524695 0.214523
vt 0.051564 0.250000
vt 0.024695 0.214523
vt 0.024695 0.285477
vt 0.609684 0.390316
vt 0.615771 0.434401
vt 0.565599 0.384229
vt 0.109684 0.390316
vt 0.065599 0.384229
vt 0.115771 0.434401
vt 0.000000 0.600000
vt 0.026131 0.900000
vt 0.026131 0.600000
vt 0.901131 0.900000
vt 0.848869 0.600000
vt 0.848869 0.900000
vt 0.776131 0.900000
vt 0.723869 0.600000
vt 0.723869 0.900000
vt 0.651131 0.900000
vt 0.598869 0.600000
vt 0.598869 0.900000
vt 0.526131 0.900000
vt 0.473869 0.600000
vt 0.473869 0.900000
vt 0.401131 0.900000
vt 0.348869 0.600000
vt 0.348869 0.900000
vt 0.276131 0.900000
vt 0.223869 0.600000
vt 0.223869 0.900000
vt 0.151131 0.900000
vt 0.098869 0.600000
vt 0.098869 0.900000
vt 0.901131 0.600000
vt 0.973869 0.900000
vt 0.973869 0.600000
vt 0.776131 0.600000
vt 0.651131 0.600000
vt 0.526131 0.600000
vt 0.401131 0.600000
vt 0.276131 0.600000
vt 0.151131 0.600000
vt 0.166667 0.708333
vt 0.125000 0.708333
vt 0.166667 0.750000
vt 0.617500 0.000000
vt 0.617500 0.041667
vt 0.625000 0.041667
vt 0.166667 0.541667
vt 0.166667 0.500000
vt 0.125000 0.541667
vt 0.625000 0.236111
vt 0.617500 0.208333
vt 0.617500 0.281250
vt 0.333333 0.708333
vt 0.357917 0.770833
vt 0.380625 0.708333
vt 0.645833 0.750000
vt 0.617500 0.718750
vt 0.617500 0.791667
vt 0.333333 0.541667
vt 0.380625 0.541667
vt 0.357917 0.479167
vt 0.645833 0.500000
vt 0.617500 0.458333
vt 0.617500 0.531250
vt 0.382500 0.041667
vt 0.382500 0.000000
vt 0.382500 0.291667
vt 0.617500 0.958333
vt 0.625000 0.958333
vt 0.382500 0.208333
vt 0.382500 0.958333
vt 0.833333 0.708333
vt 0.833333 0.541667
vt 0.380625 0.708333
vt 0.617500 0.531250
vt 0.125833 0.748641
vt 0.125000 0.748641
vt 0.125833 0.750000
vt 0.562500 0.001359
vt 0.625000 0.001359
vt 0.125833 0.501359
vt 0.125833 0.500000
vt 0.125000 0.501359
vt 0.625000 0.249372
vt 0.562500 0.248641
vt 0.562500 0.250625
vt 0.374167 0.748641
vt 0.405833 0.750417
vt 0.421875 0.748641
vt 0.625417 0.749737
vt 0.562500 0.748981
vt 0.562500 0.750833
vt 0.374167 0.501359
vt 0.421875 0.501359
vt 0.405833 0.499583
vt 0.625417 0.500263
vt 0.562500 0.499167
vt 0.562500 0.501019
vt 0.437500 0.001359
vt 0.437500 0.250833
vt 0.625000 0.999167
vt 0.437500 0.248641
vt 0.437500 0.999167
vt 0.874167 0.748641
vt 0.874167 0.501359
vt 0.000000 0.833333
vt 0.333333 1.000000
vt 0.000000 1.000000
vt 0.000000 0.000000
vt 0.333333 0.166667
vt 0.000000 0.166667
vt 0.333333 0.333333
vt 0.000000 0.333333
vt 0.000000 0.500000
vt 0.333333 0.500000
vt 0.000000 0.666667
vt 0.333333 0.666667
vt 0.333333 0.833333
vt 0.666667 0.833333
vt 0.666667 1.000000
vt 0.666667 0.000000
vt 0.666667 0.166667
vt 0.666667 0.333333
vt 0.666667 0.500000
vt 0.666667 0.666667
vt 1.000000 1.000000
vt 1.000000 0.166667
vt 1.000000 0.333333
vt 1.000000 0.500000
vt 1.000000 0.666667
vt 1.000000 0.833333
vt 0.750000 0.448971
vt 0.854132 0.466233
vt 0.750000 0.490000
vt 0.354132 0.466233
vt 0.250000 0.448971
vt 0.250000 0.490000
vt 0.905562 0.374057
vt 0.937640 0.399638
vt 0.405562 0.374057
vt 0.437640 0.399638
vt 0.983983 0.303405
vt 0.443983 0.294275
vt 0.483983 0.303405
vt 0.943983 0.294275
vt 0.983983 0.196595
vt 0.443983 0.205725
vt 0.483983 0.196595
vt 0.943983 0.205725
vt 0.937640 0.100362
vt 0.437640 0.100362
vt 0.905562 0.125943
vt 0.854132 0.033767
vt 0.354132 0.033767
vt 0.405562 0.125943
vt 0.750000 0.051029
vt 0.750000 0.010000
vt 0.250000 0.051029
vt 0.250000 0.010000
vt 0.645868 0.033767
vt 0.145868 0.033767
vt 0.663670 0.070733
vt 0.562360 0.100362
vt 0.094438 0.125943
vt 0.062360 0.100362
vt 0.594438 0.125943
vt 0.516017 0.196595
vt 0.056017 0.205725
vt 0.016017 0.196595
vt 0.556017 0.294275
vt 0.516017 0.303405
vt 0.056017 0.294275
vt 0.016017 0.303405
vt 0.562360 0.399638
vt 0.062360 0.399638
vt 0.594438 0.374057
vt 0.645868 0.466233
vt 0.163670 0.429267
vt 0.145868 0.466233
vt 0.663670 0.429267
vt 0.928571 0.535714
vt 1.000000 0.964286
vt 1.000000 0.535714
vt -0.000000 0.535714
vt 0.071428 0.964286
vt 0.071428 0.535714
vt 0.163670 0.070733
vt 0.094438 0.374057
vt 0.857143 0.535714
vt 0.928571 0.964286
vt 0.785714 0.535714
vt 0.857143 0.964286
vt 0.714286 0.535714
vt 0.785714 0.964286
vt 0.642857 0.535714
vt 0.714286 0.964286
vt 0.571428 0.535714
vt 0.642857 0.964286
vt 0.500000 0.535714
vt 0.571428 0.964286
vt 0.428571 0.535714
vt 0.500000 0.964286
vt 0.357143 0.535714
vt 0.428571 0.964286
vt 0.285714 0.535714
vt 0.357143 0.964286
vt 0.214286 0.535714
vt 0.285714 0.964286
vt 0.142857 0.535714
vt 0.214286 0.964286
vt 0.142857 0.964286
vt 0.500000 0.800000
vt 0.571429 0.600000
vt 0.500000 0.600000
vt 0.571429 1.000000
vt 0.571429 0.800000
vt 0.500000 0.200000
vt 0.571429 0.000000
vt 0.500000 0.000000
vt 0.571429 0.400000
vt 0.571429 0.200000
vt 0.500000 0.400000
vt 0.642857 0.600000
vt 0.642857 0.800000
vt 0.642857 0.000000
vt 0.642857 0.200000
vt 0.642857 0.400000
vt 0.714286 0.800000
vt 0.714286 0.600000
vt 0.714286 1.000000
vt 0.714286 0.000000
vt 0.714286 0.400000
vt 0.714286 0.200000
vt 0.785714 0.800000
vt 0.785714 0.600000
vt 0.785714 0.000000
vt 0.785714 0.400000
vt 0.785714 0.200000
vt 0.857143 0.600000
vt 0.857143 1.000000
vt 0.857143 0.800000
vt 0.857143 0.000000
vt 0.857143 0.400000
vt 0.857143 0.200000
vt 0.928571 0.800000
vt 0.928571 0.600000
vt 0.928571 1.000000
vt 0.928571 0.000000
vt 0.928571 0.400000
vt 0.928571 0.200000
vt 1.000000 0.800000
vt 1.000000 0.600000
vt 1.000000 0.200000
vt 1.000000 0.000000
vt 1.000000 0.400000
vt -0.000000 0.800000
vt 0.071429 0.600000
vt -0.000000 0.600000
vt -0.000000 1.000000
vt 0.071429 0.800000
vt -0.000000 0.200000
vt 0.071429 0.000000
vt -0.000000 0.000000
vt -0.000000 0.400000
vt 0.071429 0.200000
vt 0.071429 0.400000
vt 0.142857 0.600000
vt 0.071429 1.000000
vt 0.142857 0.800000
vt 0.142857 0.000000
vt 0.142857 0.400000
vt 0.142857 0.200000
vt 0.214286 0.800000
vt 0.214286 0.600000
vt 0.142857 1.000000
vt 0.214286 0.200000
vt 0.214286 0.000000
vt 0.214286 0.400000
vt 0.285714 0.600000
vt 0.214286 1.000000
vt 0.285714 0.800000
vt 0.285714 0.200000
vt 0.285714 0.000000
vt 0.285714 0.400000
vt 0.357143 0.600000
vt 0.285714 1.000000
vt 0.357143 0.800000
vt 0.357143 0.200000
vt 0.357143 0.000000
vt 0.357143 0.400000
vt 0.428571 0.800000
vt 0.428571 0.600000
vt 0.357143 1.000000
vt 0.428571 0.000000
vt 0.428571 0.200000
vt 0.428571 0.400000
vt 0.500000 1.000000
vt 0.131818 0.696429
vt 0.125000 0.696429
vt 0.131818 0.750000
vt 0.562500 0.053571
vt 0.625000 0.053571
vt 0.131818 0.553571
vt 0.131818 0.500000
vt 0.125000 0.553571
vt 0.625000 0.216558
vt 0.562500 0.196429
vt 0.562500 0.255114
vt 0.368182 0.696429
vt 0.402841 0.753409
vt 0.421875 0.696428
vt 0.628409 0.726623
vt 0.562500 0.709821
vt 0.562500 0.756818
vt 0.368182 0.553571
vt 0.421875 0.553571
vt 0.402841 0.496591
vt 0.628409 0.523377
vt 0.562500 0.493182
vt 0.562500 0.540179
vt 0.437500 0.053571
vt 0.437500 0.256818
vt 0.625000 0.993182
vt 0.437500 0.196429
vt 0.437500 0.993182
vt 0.868182 0.553571
vt 0.421875 0.696429
vt 0.421875 0.553571
vt 0.562500 0.540179
vt 0.562500 0.993182
vt 0.868182 0.696429
vt 0.845231 0.447750
vt 0.345231 0.447750
vt 0.963983 0.298840
vt 0.463983 0.298840
vt 0.983983 0.196595
vt 0.463983 0.201160
vt 0.483983 0.196595
vt 0.963983 0.201160
vt 0.421601 0.113153
vt 0.921601 0.113153
vt 0.345231 0.052250
vt 0.750000 0.030514
vt 0.250000 0.030514
vt 0.654769 0.052250
vt 0.154769 0.052250
vt 0.578399 0.113153
vt 0.516017 0.196595
vt 0.016017 0.196595
vt 0.078399 0.113153
vt 0.536017 0.201160
vt 0.036017 0.298840
vt 0.016017 0.303405
vt 0.536017 0.298840
vt 0.078399 0.386847
vt 0.578399 0.386847
vt 0.154769 0.447750
vt 0.750000 0.469486
vt 0.250000 0.469486
vt 0.928571 0.518750
vt 1.000000 0.981250
vt 1.000000 0.518750
vt -0.000000 0.518750
vt 0.071428 0.981250
vt 0.071428 0.518750
vt 0.857143 0.518750
vt 0.928571 0.981250
vt 0.785714 0.518750
vt 0.857143 0.981250
vt 0.714286 0.518750
vt 0.785714 0.981250
vt 0.642857 0.518750
vt 0.714286 0.981250
vt 0.571428 0.518750
vt 0.642857 0.981250
vt 0.500000 0.518750
vt 0.571428 0.981250
vt 0.428571 0.518750
vt 0.500000 0.981250
vt 0.357143 0.518750
vt 0.428571 0.981250
vt 0.285714 0.518750
vt 0.357143 0.981250
vt 0.214286 0.518750
vt 0.285714 0.981250
vt 0.142857 0.518750
vt 0.214286 0.981250
vt 0.142857 0.981250
vt 0.500000 0.166667
vt 0.500000 0.333333
vt 0.500000 0.500000
vt 0.500000 0.666667
vt 0.500000 0.833333
vt 0.128827 0.745192
vt 0.125000 0.745192
vt 0.128827 0.750000
vt 0.604213 0.000000
vt 0.604213 0.004808
vt 0.625000 0.004808
vt 0.128827 0.504808
vt 0.128827 0.500000
vt 0.125000 0.504808
vt 0.625000 0.248070
vt 0.604213 0.245192
vt 0.604213 0.252870
vt 0.371173 0.745192
vt 0.383480 0.751913
vt 0.390590 0.745192
vt 0.626913 0.749509
vt 0.604213 0.746394
vt 0.604213 0.753827
vt 0.371173 0.504808
vt 0.390590 0.504808
vt 0.383480 0.498087
vt 0.626913 0.500491
vt 0.604213 0.496173
vt 0.604213 0.503606
vt 0.395787 0.004808
vt 0.395787 0.000000
vt 0.395787 0.253827
vt 0.625000 0.996174
vt 0.395787 0.245192
vt 0.395787 0.996174
vt 0.871173 0.504808
vt 0.604213 0.252870
vt 0.390590 0.745192
vt 0.390590 0.504808
vt 0.604213 0.503606
vt 0.128641 0.703125
vt 0.125000 0.703125
vt 0.128641 0.750000
vt 0.620427 0.000000
vt 0.620427 0.046875
vt 0.625000 0.046875
vt 0.128641 0.546875
vt 0.128641 0.500000
vt 0.125000 0.546875
vt 0.625000 0.219964
vt 0.620427 0.203125
vt 0.620427 0.252731
vt 0.371359 0.703125
vt 0.375466 0.751820
vt 0.378430 0.703125
vt 0.626820 0.728383
vt 0.620427 0.714844
vt 0.620427 0.753641
vt 0.371359 0.546875
vt 0.378430 0.546875
vt 0.375466 0.498180
vt 0.626820 0.521617
vt 0.620427 0.496359
vt 0.620427 0.535156
vt 0.379573 0.046875
vt 0.379573 0.000000
vt 0.379573 0.253641
vt 0.625000 0.996359
vt 0.379573 0.203125
vt 0.379573 0.996359
vt 0.871359 0.703125
vt 0.871359 0.546875
vt 0.171875 0.745482
vt 0.125000 0.745482
vt 0.171875 0.750000
vt 0.620427 0.004518
vt 0.625000 0.004518
vt 0.171875 0.504518
vt 0.171875 0.500000
vt 0.125000 0.504518
vt 0.625000 0.262613
vt 0.620427 0.245482
vt 0.620427 0.285156
vt 0.328125 0.745482
vt 0.353849 0.773438
vt 0.378430 0.745482
vt 0.648438 0.771178
vt 0.620427 0.746611
vt 0.620427 0.796875
vt 0.328125 0.504518
vt 0.378430 0.504518
vt 0.353849 0.476562
vt 0.648438 0.478822
vt 0.620427 0.453125
vt 0.620427 0.503389
vt 0.379573 0.004518
vt 0.379573 0.296875
vt 0.625000 0.953125
vt 0.379573 0.245482
vt 0.379573 0.953125
vt 0.828125 0.504518
vt 0.620427 0.953125
vt 0.129573 0.744485
vt 0.125000 0.744485
vt 0.129573 0.750000
vt 0.598366 0.000000
vt 0.598366 0.005515
vt 0.625000 0.005515
vt 0.129573 0.505515
vt 0.129573 0.500000
vt 0.125000 0.505515
vt 0.625000 0.247848
vt 0.598366 0.244485
vt 0.598366 0.253430
vt 0.370427 0.744485
vt 0.386030 0.752287
vt 0.394975 0.744485
vt 0.627287 0.749529
vt 0.598366 0.745864
vt 0.598366 0.754573
vt 0.370427 0.505515
vt 0.394975 0.505515
vt 0.386030 0.497713
vt 0.627287 0.500471
vt 0.598366 0.495427
vt 0.598366 0.504136
vt 0.401634 0.005515
vt 0.401634 0.000000
vt 0.401634 0.254573
vt 0.598366 0.995427
vt 0.625000 0.995427
vt 0.401634 0.244485
vt 0.401634 0.995427
vt 0.870427 0.744485
vt 0.870427 0.505515
vt 0.386030 0.497713
vt 0.129310 0.703125
vt 0.129310 0.750000
vt 0.619141 0.000000
vt 0.619141 0.046875
vt 0.129310 0.546875
vt 0.129310 0.500000
vt 0.625000 0.220187
vt 0.619141 0.203125
vt 0.619141 0.253233
vt 0.370690 0.703125
vt 0.375775 0.752155
vt 0.379395 0.703125
vt 0.627155 0.728718
vt 0.619141 0.714844
vt 0.619141 0.754310
vt 0.370690 0.546875
vt 0.379395 0.546875
vt 0.375775 0.497845
vt 0.627155 0.521282
vt 0.619141 0.495690
vt 0.619141 0.535156
vt 0.380859 0.046875
vt 0.380859 0.000000
vt 0.380859 0.254310
vt 0.625000 0.995690
vt 0.380859 0.203125
vt 0.380859 0.995690
vt 0.870690 0.546875
vt 0.375775 0.497845
vt 0.870690 0.703125
vt 0.171875 0.744863
vt 0.125000 0.744863
vt 0.619141 0.005137
vt 0.625000 0.005137
vt 0.171875 0.505137
vt 0.125000 0.505137
vt 0.625000 0.262200
vt 0.619141 0.244863
vt 0.619141 0.285156
vt 0.328125 0.744863
vt 0.354492 0.773438
vt 0.379395 0.744863
vt 0.648438 0.770869
vt 0.619141 0.746147
vt 0.619141 0.796875
vt 0.328125 0.505137
vt 0.379395 0.505137
vt 0.354492 0.476562
vt 0.648438 0.479131
vt 0.619141 0.453125
vt 0.619141 0.503853
vt 0.380859 0.005137
vt 0.380859 0.296875
vt 0.380859 0.244863
vt 0.380859 0.953125
vt 0.828125 0.505137
vt 0.619141 0.953125
vt 0.828125 0.744863
vt 0.545455 0.600000
vt 0.590909 0.800000
vt 0.590909 0.600000
vt 0.545455 1.000000
vt 0.545455 0.800000
vt 0.545455 0.200000
vt 0.590909 0.000000
vt 0.545455 0.000000
vt 0.590909 0.400000
vt 0.590909 0.200000
vt 0.545455 0.400000
vt 0.636364 0.600000
vt 0.590909 1.000000
vt 0.636364 0.800000
vt 0.636364 0.000000
vt 0.636364 0.200000
vt 0.636364 0.400000
vt 0.681818 0.600000
vt 0.636364 1.000000
vt 0.681818 0.800000
vt 0.681818 0.000000
vt 0.681818 0.400000
vt 0.681818 0.200000
vt 0.727273 0.600000
vt 0.681818 1.000000
vt 0.727273 0.800000
vt 0.727273 0.000000
vt 0.727273 0.400000
vt 0.727273 0.200000
vt 0.772727 0.600000
vt 0.772727 1.000000
vt 0.772727 0.800000
vt 0.772727 0.000000
vt 0.772727 0.200000
vt 0.772727 0.400000
vt 0.818182 0.600000
vt 0.818182 0.800000
vt 0.818182 0.000000
vt 0.818182 0.200000
vt 0.818182 0.400000
vt 0.863636 0.800000
vt 0.863636 0.600000
vt 0.863636 1.000000
vt 0.863636 0.000000
vt 0.863636 0.200000
vt 0.863636 0.400000
vt 0.909091 0.600000
vt 0.909091 1.000000
vt 0.909091 0.800000
vt 0.909091 0.000000
vt 0.909091 0.200000
vt 0.909091 0.400000
vt 0.954545 0.600000
vt 0.954545 1.000000
vt 0.954545 0.800000
vt 0.954545 0.000000
vt 0.954545 0.200000
vt 0.954545 0.400000
vt -0.000000 0.600000
vt 0.045455 0.800000
vt 0.045455 0.600000
vt -0.000000 1.000000
vt -0.000000 0.800000
vt -0.000000 0.200000
vt 0.045455 0.000000
vt -0.000000 0.000000
vt 0.045455 0.400000
vt 0.045455 0.200000
vt -0.000000 0.400000
vt 0.090909 0.600000
vt 0.090909 1.000000
vt 0.090909 0.800000
vt 0.090909 0.000000
vt 0.090909 0.200000
vt 0.090909 0.400000
vt 0.136364 0.600000
vt 0.136364 1.000000
vt 0.136364 0.800000
vt 0.136364 0.000000
vt 0.136364 0.200000
vt 0.136364 0.400000
vt 0.181818 0.600000
vt 0.181818 0.800000
vt 0.181818 0.000000
vt 0.181818 0.400000
vt 0.181818 0.200000
vt 0.227273 0.600000
vt 0.181818 1.000000
vt 0.227273 0.800000
vt 0.227273 0.000000
vt 0.227273 0.200000
vt 0.227273 0.400000
vt 0.272727 0.800000
vt 0.272727 0.600000
vt 0.272727 1.000000
vt 0.272727 0.000000
vt 0.272727 0.200000
vt 0.272727 0.400000
vt 0.318182 0.800000
vt 0.318182 0.600000
vt 0.318182 0.000000
vt 0.318182 0.400000
vt 0.318182 0.200000
vt 0.363636 0.800000
vt 0.363636 0.600000
vt 0.318182 1.000000
vt 0.363636 0.000000
vt 0.363636 0.400000
vt 0.363636 0.200000
vt 0.409091 0.600000
vt 0.409091 1.000000
vt 0.409091 0.800000
vt 0.409091 0.000000
vt 0.409091 0.200000
vt 0.409091 0.400000
vt 0.454545 0.600000
vt 0.454545 1.000000
vt 0.454545 0.800000
vt 0.454545 0.000000
vt 0.454545 0.200000
vt 0.454545 0.400000
vt 0.727273 1.000000
vt 0.818182 1.000000
vt 0.045455 1.000000
vt 0.363636 1.000000
vt 0.227273 1.000000
vt 0.562500 0.994643
vt 0.000000 0.900000
vt 0.562500 0.999167
vt 0.333333 0.000000
vt 0.836331 0.429267
vt 0.336331 0.429267
vt 0.836331 0.070733
vt 0.336330 0.070733
vt 0.556017 0.205725
vt -0.000000 0.964286
vt 0.642857 1.000000
vt 0.785714 1.000000
vt 0.428571 1.000000
vt 0.921601 0.386847
vt 0.421601 0.386847
vt 0.845231 0.052250
vt 0.036017 0.201160
vt 0.654769 0.447750
vt -0.000000 0.981250
vt 0.604213 0.996174
vt 0.871174 0.745192
vt 0.620427 0.996359
vt 0.828125 0.745482
vt 0.619141 0.995690
s 0
usemtl WarmWood
f 1/1/1 3/2/1 2/3/1
f 4/4/2 6/5/2 5/6/2
f 7/7/3 9/8/3 8/9/3
f 10/10/4 12/11/4 11/12/4
f 13/13/5 15/14/5 14/15/5
f 16/16/6 18/17/6 17/18/6
f 19/19/7 21/20/7 20/21/7
f 22/22/8 24/23/8 23/24/8
f 8/9/9 1/1/9 7/7/9
f 3/25/10 4/4/10 2/26/10
f 6/5/11 10/10/11 5/6/11
f 12/11/12 9/27/12 11/12/12
f 20/21/13 7/7/13 19/19/13
f 11/12/14 22/22/14 10/10/14
f 24/23/15 21/20/15 23/24/15
f 14/15/16 19/19/16 13/13/16
f 23/24/17 16/16/17 22/22/17
f 18/17/18 15/14/18 17/18/18
f 1/1/19 15/14/19 13/13/19
f 17/18/20 5/28/20 16/16/20
f 1/1/21 19/19/21 7/7/21
f 8/29/22 6/5/22 3/25/22
f 2/30/23 17/18/23 15/14/23
f 22/22/24 5/31/24 10/32/24
f 20/21/25 11/12/25 9/27/25
f 14/15/26 23/24/26 21/20/26
f 8/9/9 3/2/9 1/1/9
f 3/25/10 6/5/10 4/4/10
f 6/5/11 12/11/11 10/10/11
f 12/11/12 8/29/12 9/27/12
f 20/21/13 9/8/13 7/7/13
f 11/12/14 24/23/14 22/22/14
f 24/23/15 20/21/15 21/20/15
f 14/15/16 21/20/16 19/19/16
f 23/24/17 18/17/17 16/16/17
f 18/17/18 14/15/18 15/14/18
f 1/1/19 2/3/19 15/14/19
f 17/18/20 4/816/20 5/28/20
f 1/1/21 13/13/21 19/19/21
f 8/29/22 12/11/22 6/5/22
f 2/30/23 4/816/23 17/18/23
f 22/22/24 16/16/24 5/31/24
f 20/21/25 24/23/25 11/12/25
f 14/15/26 18/17/26 23/24/26
usemtl DarkWood
f 25/33/27 27/34/27 26/35/27
f 28/36/28 30/37/28 29/38/28
f 31/39/29 33/40/29 32/41/29
f 34/42/30 36/43/30 35/44/30
f 37/45/31 39/46/31 38/47/31
f 40/48/32 42/49/32 41/50/32
f 43/51/33 45/52/33 44/53/33
f 46/54/34 48/55/34 47/56/34
f 32/41/35 25/33/35 31/39/35
f 27/57/36 28/36/36 26/58/36
f 30/37/11 34/42/11 29/38/11
f 36/43/37 33/59/37 35/44/37
f 43/51/13 33/40/13 31/39/13
f 35/44/38 46/54/38 34/42/38
f 48/55/39 45/52/39 47/56/39
f 38/47/40 43/51/40 37/45/40
f 47/56/41 40/48/41 46/54/41
f 42/49/18 39/46/18 41/50/18
f 26/35/42 37/45/42 25/33/42
f 40/48/43 28/60/43 29/61/43
f 25/33/21 43/51/21 31/39/21
f 32/62/22 30/37/22 27/57/22
f 26/63/23 41/50/23 39/46/23
f 40/48/24 34/64/24 46/54/24
f 44/53/25 35/44/25 33/59/25
f 38/47/26 47/56/26 45/52/26
f 73/33/44 75/34/44 74/35/44
f 76/36/45 78/37/45 77/38/45
f 79/39/57 81/40/57 80/41/57
f 82/42/58 84/43/58 83/44/58
f 85/45/59 87/46/59 86/47/59
f 88/48/32 90/49/32 89/50/32
f 91/51/60 93/52/60 92/53/60
f 94/54/61 96/55/61 95/56/61
f 80/41/35 73/33/35 79/39/35
f 75/57/10 76/36/10 74/58/10
f 78/37/11 82/42/11 77/38/11
f 84/43/37 81/59/37 83/44/37
f 92/53/62 79/39/62 91/51/62
f 82/42/52 96/55/52 94/54/52
f 96/55/15 93/52/15 95/56/15
f 86/47/40 91/51/40 85/45/40
f 95/56/41 88/48/41 94/54/41
f 90/49/18 87/46/18 89/50/18
f 74/35/42 85/45/42 73/33/42
f 88/48/43 76/60/43 77/61/43
f 73/33/21 91/51/21 79/39/21
f 80/62/22 78/37/22 75/57/22
f 74/63/23 89/50/23 87/46/23
f 94/54/24 77/66/24 82/64/24
f 92/53/25 83/44/25 81/59/25
f 86/47/26 95/56/26 93/52/26
f 289/148/143 291/149/143 290/150/143
f 292/151/144 294/152/144 293/153/144
f 295/154/145 297/155/145 296/156/145
f 298/157/146 300/158/146 299/159/146
f 301/160/147 303/161/147 302/162/147
f 304/163/148 306/164/148 305/165/148
f 307/166/149 309/167/149 308/168/149
f 310/169/150 312/170/150 311/171/150
f 296/156/151 289/148/151 295/154/151
f 291/172/152 292/151/152 290/173/152
f 294/152/153 298/157/153 293/153/153
f 300/158/154 297/174/154 299/159/154
f 308/168/155 295/154/155 307/166/155
f 298/157/156 312/170/156 310/169/156
f 312/170/157 309/167/157 311/171/157
f 302/162/158 307/166/158 301/160/158
f 310/169/159 306/164/159 304/163/159
f 306/164/160 303/161/160 305/165/160
f 290/150/161 301/160/161 289/148/161
f 304/163/162 292/175/162 293/176/162
f 289/148/21 307/166/21 295/154/21
f 296/177/163 294/152/163 291/172/163
f 290/178/164 305/165/164 303/161/164
f 310/169/24 293/179/24 298/180/24
f 308/168/165 299/159/165 297/174/165
f 302/162/166 311/171/166 309/167/166
f 313/148/143 315/149/143 314/150/143
f 316/151/167 318/152/167 317/153/167
f 319/154/145 321/155/145 320/156/145
f 322/157/146 324/158/146 323/159/146
f 325/160/147 327/161/147 326/181/147
f 328/163/148 330/164/148 329/165/148
f 331/166/149 333/167/149 332/168/149
f 334/169/168 336/170/168 335/182/168
f 319/154/151 315/149/151 313/148/151
f 315/172/152 316/151/152 314/173/152
f 318/152/153 322/157/153 317/153/153
f 324/158/154 321/174/154 323/159/154
f 331/166/155 321/155/155 319/154/155
f 323/159/156 334/169/156 322/157/156
f 336/170/157 333/167/157 335/182/157
f 326/181/158 331/166/158 325/160/158
f 334/169/159 330/164/159 328/163/159
f 330/164/160 327/161/160 329/165/160
f 314/150/161 325/160/161 313/148/161
f 328/163/162 316/175/162 317/176/162
f 313/148/21 331/166/21 319/154/21
f 320/177/163 318/152/163 315/172/163
f 314/178/164 329/165/164 327/161/164
f 334/169/24 317/179/24 322/180/24
f 332/168/165 323/159/165 321/174/165
f 326/181/166 335/182/166 333/167/166
f 337/148/169 339/149/169 338/150/169
f 340/151/170 342/152/170 341/153/170
f 343/154/171 345/155/171 344/156/171
f 346/157/172 348/158/172 347/159/172
f 349/160/173 351/161/173 350/162/173
f 352/163/174 354/164/174 353/165/174
f 355/166/175 357/167/175 356/168/175
f 358/169/176 360/170/176 359/171/176
f 343/154/177 339/149/177 337/148/177
f 339/172/178 340/151/178 338/173/178
f 342/152/179 346/157/179 341/153/179
f 348/158/180 345/174/180 347/159/180
f 356/168/181 343/154/181 355/166/181
f 347/159/182 358/169/182 346/157/182
f 360/170/183 357/167/183 359/171/183
f 349/160/184 357/167/184 355/166/184
f 359/171/185 352/163/185 358/169/185
f 354/164/186 351/161/186 353/165/186
f 338/150/187 349/160/187 337/148/187
f 352/163/188 340/175/188 341/176/188
f 343/154/21 349/160/21 355/166/21
f 344/177/189 342/152/189 339/172/189
f 338/178/190 353/165/190 351/161/190
f 352/163/24 346/180/24 358/169/24
f 356/168/191 347/159/191 345/174/191
f 350/162/192 359/171/192 357/167/192
f 361/148/193 363/149/193 362/150/193
f 364/151/170 366/152/170 365/153/170
f 367/154/171 369/155/171 368/156/171
f 370/157/172 372/158/172 371/159/172
f 373/160/173 375/161/173 374/181/173
f 376/163/174 378/164/174 377/165/174
f 379/166/175 381/167/175 380/168/175
f 382/169/176 384/170/176 383/182/176
f 367/154/177 363/149/177 361/148/177
f 363/172/178 364/151/178 362/173/178
f 366/152/179 370/157/179 365/153/179
f 372/158/180 369/174/180 371/159/180
f 379/166/181 369/155/181 367/154/181
f 371/159/182 382/169/182 370/157/182
f 384/170/183 381/167/183 383/182/183
f 374/181/184 379/166/184 373/160/184
f 383/182/185 376/163/185 382/169/185
f 378/164/186 375/161/186 377/165/186
f 362/150/187 373/160/187 361/148/187
f 377/165/188 365/176/188 376/163/188
f 367/154/21 373/160/21 379/166/21
f 368/177/189 366/152/189 363/172/189
f 362/178/190 377/165/190 375/161/190
f 376/163/24 370/180/24 382/169/24
f 380/168/191 371/159/191 369/174/191
f 374/181/192 383/182/192 381/167/192
f 559/405/344 561/406/344 560/407/344
f 562/4/345 564/408/345 563/409/345
f 565/410/346 567/411/346 566/412/346
f 568/413/347 570/414/347 569/415/347
f 571/416/348 573/417/348 572/418/348
f 574/419/349 576/420/349 575/421/349
f 577/422/350 579/423/350 578/424/350
f 580/425/351 582/426/351 581/427/351
f 565/410/352 561/406/352 559/405/352
f 561/428/353 562/4/353 560/26/353
f 564/408/354 568/413/354 563/409/354
f 570/414/355 567/429/355 569/415/355
f 577/422/356 567/411/356 565/410/356
f 569/415/357 580/425/357 568/413/357
f 582/426/358 579/423/358 581/427/358
f 572/418/359 577/422/359 571/416/359
f 581/427/360 574/419/360 580/425/360
f 576/420/361 573/417/361 575/421/361
f 560/407/362 571/416/362 559/405/362
f 575/421/363 563/430/363 574/419/363
f 565/410/21 571/416/21 577/422/21
f 566/431/364 564/408/364 561/428/364
f 560/432/365 575/421/365 573/417/365
f 574/419/24 568/433/24 580/425/24
f 578/424/366 569/415/366 567/429/366
f 572/418/367 581/427/367 579/423/367
f 607/405/392 609/406/392 608/407/392
f 610/4/393 612/408/393 611/409/393
f 613/410/394 615/411/394 614/412/394
f 616/413/395 618/414/395 617/415/395
f 619/416/396 621/417/396 620/418/396
f 622/419/397 624/420/397 623/421/397
f 625/422/398 627/423/398 626/424/398
f 628/425/399 630/426/399 629/427/399
f 614/412/400 607/405/400 613/410/400
f 609/428/401 610/4/401 608/26/401
f 611/409/402 618/414/402 616/413/402
f 618/414/403 615/429/403 617/415/403
f 625/422/404 615/411/404 613/410/404
f 617/415/405 628/425/405 616/413/405
f 630/426/406 627/423/406 629/427/406
f 619/416/407 627/423/407 625/422/407
f 629/427/408 622/419/408 628/425/408
f 624/420/409 621/417/409 623/421/409
f 608/407/410 619/416/410 607/405/410
f 622/419/411 610/437/411 611/430/411
f 607/405/21 625/422/21 613/410/21
f 614/431/412 612/408/412 609/428/412
f 608/432/413 623/421/413 621/417/413
f 628/425/24 611/438/24 616/433/24
f 626/424/414 617/415/414 615/429/414
f 620/418/415 629/427/415 627/423/415
f 825/568/194 827/569/194 826/570/194
f 828/539/2 830/571/2 829/572/2
f 831/573/3 833/574/3 832/575/3
f 834/576/4 836/577/4 835/578/4
f 837/579/196 839/580/196 838/581/196
f 840/582/197 842/583/197 841/584/197
f 843/585/198 845/586/198 844/587/198
f 846/588/199 848/589/199 847/590/199
f 832/575/9 825/568/9 831/573/9
f 827/591/10 828/539/10 826/561/10
f 829/572/11 836/577/11 834/576/11
f 836/577/12 833/592/12 835/578/12
f 844/587/13 831/573/13 843/585/13
f 834/576/14 848/589/14 846/588/14
f 848/589/15 845/586/15 847/590/15
f 837/579/16 845/586/16 843/585/16
f 847/590/17 840/582/17 846/588/17
f 842/583/18 839/580/18 841/584/18
f 826/570/19 837/579/19 825/568/19
f 841/584/43 829/593/43 840/582/43
f 831/573/21 837/579/21 843/585/21
f 832/594/22 830/571/22 827/591/22
f 826/595/23 841/584/23 839/580/23
f 840/582/24 834/596/24 846/588/24
f 844/587/25 835/578/25 833/592/25
f 838/581/26 847/590/26 845/586/26
f 849/568/194 851/569/194 850/570/194
f 852/539/2 854/571/2 853/572/2
f 855/573/440 857/574/440 856/575/440
f 858/576/441 860/577/441 859/578/441
f 861/579/5 863/580/5 862/581/5
f 864/582/6 866/583/6 865/584/6
f 867/585/198 869/586/198 868/587/198
f 870/588/199 872/589/199 871/590/199
f 856/575/9 849/568/9 855/573/9
f 851/591/10 852/539/10 850/561/10
f 853/572/11 860/577/11 858/576/11
f 860/577/12 857/592/12 859/578/12
f 867/585/442 857/574/442 855/573/442
f 859/578/52 870/588/52 858/576/52
f 872/589/15 869/586/15 871/590/15
f 861/579/16 869/586/16 867/585/16
f 871/590/17 864/582/17 870/588/17
f 866/583/18 863/580/18 865/584/18
f 850/570/19 861/579/19 849/568/19
f 864/582/20 852/597/20 853/593/20
f 849/568/21 867/585/21 855/573/21
f 856/594/22 854/571/22 851/591/22
f 850/595/23 865/584/23 863/580/23
f 864/582/24 858/596/24 870/588/24
f 868/587/25 859/578/25 857/592/25
f 862/581/26 871/590/26 869/586/26
f 945/632/1 947/537/1 946/633/1
f 948/634/446 950/635/446 949/541/446
f 951/636/3 953/637/3 952/544/3
f 954/638/447 956/639/447 955/640/447
f 957/641/5 959/642/5 958/643/5
f 960/644/6 962/645/6 961/646/6
f 963/647/7 965/648/7 964/649/7
f 966/650/8 968/651/8 967/652/8
f 951/636/9 947/537/9 945/632/9
f 947/653/10 948/634/10 946/654/10
f 950/635/11 954/638/11 949/541/11
f 956/639/12 953/655/12 955/640/12
f 964/649/13 951/636/13 963/647/13
f 954/638/14 968/651/14 966/650/14
f 968/651/15 965/648/15 967/652/15
f 957/641/16 965/648/16 963/647/16
f 967/652/17 960/644/17 966/650/17
f 962/645/18 959/642/18 961/646/18
f 945/632/19 959/642/19 957/641/19
f 961/646/20 949/656/20 960/644/20
f 945/632/21 963/647/21 951/636/21
f 952/657/22 950/635/22 947/653/22
f 946/658/23 961/646/23 959/642/23
f 960/644/24 954/659/24 966/650/24
f 964/649/25 955/640/25 953/655/25
f 958/643/26 967/652/26 965/648/26
f 969/632/1 971/537/1 970/633/1
f 972/634/2 974/635/2 973/541/2
f 975/636/3 977/637/3 976/544/3
f 978/638/4 980/639/4 979/640/4
f 981/641/196 983/642/196 982/643/196
f 984/644/197 986/645/197 985/646/197
f 987/647/198 989/648/198 988/660/198
f 990/650/199 992/651/199 991/652/199
f 975/636/9 971/537/9 969/632/9
f 971/653/10 972/634/10 970/654/10
f 974/635/11 978/638/11 973/541/11
f 980/639/12 977/655/12 979/640/12
f 988/660/13 975/636/13 987/647/13
f 979/640/38 990/650/38 978/638/38
f 992/651/15 989/648/15 991/652/15
f 981/641/16 989/648/16 987/647/16
f 991/652/17 984/644/17 990/650/17
f 986/645/18 983/642/18 985/646/18
f 969/632/19 983/642/19 981/641/19
f 985/646/20 973/656/20 984/644/20
f 969/632/21 987/647/21 975/636/21
f 976/657/22 974/635/22 971/653/22
f 970/658/23 985/646/23 983/642/23
f 990/650/24 973/661/24 978/659/24
f 988/660/25 979/640/25 977/655/25
f 982/643/26 991/652/26 989/648/26
f 993/662/194 995/663/194 994/570/194
f 996/634/2 998/664/2 997/665/2
f 999/666/448 1001/574/448 1000/667/448
f 1002/668/47 1004/669/47 1003/670/47
f 1005/671/5 1007/672/5 1006/673/5
f 1008/674/6 1010/675/6 1009/676/6
f 1011/677/7 1013/678/7 1012/679/7
f 1014/680/8 1016/681/8 1015/682/8
f 1000/667/9 993/662/9 999/666/9
f 995/683/10 996/634/10 994/654/10
f 998/664/11 1002/668/11 997/665/11
f 1004/669/449 1001/684/449 1003/670/449
f 1012/679/450 999/666/450 1011/677/450
f 1002/668/451 1016/681/451 1014/680/451
f 1016/681/15 1013/678/15 1015/682/15
f 1006/673/16 1011/677/16 1005/671/16
f 1014/680/17 1010/675/17 1008/674/17
f 1010/675/18 1007/672/18 1009/676/18
f 993/662/19 1007/672/19 1005/671/19
f 1009/676/20 997/593/20 1008/674/20
f 993/662/21 1011/677/21 999/666/21
f 1000/685/22 998/664/22 995/683/22
f 994/686/23 1009/676/23 1007/672/23
f 1008/674/24 1002/687/24 1014/680/24
f 1012/679/25 1003/670/25 1001/684/25
f 1006/673/26 1015/682/26 1013/678/26
f 1017/662/1 1019/663/1 1018/570/1
f 1020/634/446 1022/664/446 1021/665/446
f 1023/666/440 1025/574/440 1024/667/440
f 1026/668/441 1028/669/441 1027/670/441
f 1029/671/196 1031/672/196 1030/673/196
f 1032/674/197 1034/675/197 1033/676/197
f 1035/677/198 1037/678/198 1036/679/198
f 1038/680/199 1040/681/199 1039/682/199
f 1024/667/9 1017/662/9 1023/666/9
f 1019/683/10 1020/634/10 1018/654/10
f 1021/665/11 1028/669/11 1026/668/11
f 1028/669/12 1025/684/12 1027/670/12
f 1035/677/442 1025/574/442 1023/666/442
f 1027/670/52 1038/680/52 1026/668/52
f 1040/681/15 1037/678/15 1039/682/15
f 1029/671/16 1037/678/16 1035/677/16
f 1039/682/17 1032/674/17 1038/680/17
f 1034/675/18 1031/672/18 1033/676/18
f 1018/570/42 1029/671/42 1017/662/42
f 1032/674/43 1020/688/43 1021/593/43
f 1017/662/21 1035/677/21 1023/666/21
f 1024/685/22 1022/664/22 1019/683/22
f 1018/686/23 1033/676/23 1031/672/23
f 1038/680/24 1021/689/24 1026/687/24
f 1036/679/25 1027/670/25 1025/684/25
f 1030/673/26 1039/682/26 1037/678/26
f 32/41/605 27/34/605 25/33/605
f 27/57/10 30/37/10 28/36/10
f 30/37/11 36/43/11 34/42/11
f 36/43/37 32/62/37 33/59/37
f 43/51/606 44/53/606 33/40/606
f 35/44/607 48/55/607 46/54/607
f 48/55/15 44/53/15 45/52/15
f 38/47/608 45/52/608 43/51/608
f 47/56/609 42/49/609 40/48/609
f 42/49/18 38/47/18 39/46/18
f 26/35/19 39/46/19 37/45/19
f 40/48/610 41/50/610 28/60/610
f 25/33/21 37/45/21 43/51/21
f 32/62/22 36/43/22 30/37/22
f 26/63/23 28/60/23 41/50/23
f 40/48/24 29/66/24 34/64/24
f 44/53/25 48/55/25 35/44/25
f 38/47/26 42/49/26 47/56/26
f 80/41/611 75/34/611 73/33/611
f 75/57/10 78/37/10 76/36/10
f 78/37/11 84/43/11 82/42/11
f 84/43/37 80/62/37 81/59/37
f 92/53/606 81/40/606 79/39/606
f 82/42/607 83/44/607 96/55/607
f 96/55/614 92/53/614 93/52/614
f 86/47/608 93/52/608 91/51/608
f 95/56/609 90/49/609 88/48/609
f 90/49/18 86/47/18 87/46/18
f 74/35/19 87/46/19 85/45/19
f 88/48/610 89/50/610 76/60/610
f 73/33/21 85/45/21 91/51/21
f 80/62/22 84/43/22 78/37/22
f 74/63/23 76/60/23 89/50/23
f 94/54/24 88/48/24 77/66/24
f 92/53/25 96/55/25 83/44/25
f 86/47/26 90/49/26 95/56/26
f 296/156/151 291/149/151 289/148/151
f 291/172/152 294/152/152 292/151/152
f 294/152/153 300/158/153 298/157/153
f 300/158/154 296/177/154 297/174/154
f 308/168/155 297/155/155 295/154/155
f 298/157/156 299/159/156 312/170/156
f 312/170/157 308/168/157 309/167/157
f 302/162/158 309/167/158 307/166/158
f 310/169/159 311/171/159 306/164/159
f 306/164/160 302/162/160 303/161/160
f 290/150/161 303/161/161 301/160/161
f 304/163/162 305/165/162 292/175/162
f 289/148/21 301/160/21 307/166/21
f 296/177/163 300/158/163 294/152/163
f 290/178/164 292/175/164 305/165/164
f 310/169/24 304/163/24 293/179/24
f 308/168/165 312/170/165 299/159/165
f 302/162/166 306/164/166 311/171/166
f 319/154/151 320/156/151 315/149/151
f 315/172/152 318/152/152 316/151/152
f 318/152/153 324/158/153 322/157/153
f 324/158/154 320/177/154 321/174/154
f 331/166/155 332/168/155 321/155/155
f 323/159/156 336/170/156 334/169/156
f 336/170/157 332/168/157 333/167/157
f 326/181/158 333/167/158 331/166/158
f 334/169/159 335/182/159 330/164/159
f 330/164/160 326/181/160 327/161/160
f 314/150/161 327/161/161 325/160/161
f 328/163/162 329/165/162 316/175/162
f 313/148/21 325/160/21 331/166/21
f 320/177/163 324/158/163 318/152/163
f 314/178/164 316/175/164 329/165/164
f 334/169/24 328/163/24 317/179/24
f 332/168/165 336/170/165 323/159/165
f 326/181/166 330/164/166 335/182/166
f 343/154/177 344/156/177 339/149/177
f 339/172/178 342/152/178 340/151/178
f 342/152/179 348/158/179 346/157/179
f 348/158/180 344/177/180 345/174/180
f 356/168/181 345/155/181 343/154/181
f 347/159/182 360/170/182 358/169/182
f 360/170/183 356/168/183 357/167/183
f 349/160/184 350/162/184 357/167/184
f 359/171/185 354/164/185 352/163/185
f 354/164/186 350/162/186 351/161/186
f 338/150/187 351/161/187 349/160/187
f 352/163/188 353/165/188 340/175/188
f 343/154/21 337/148/21 349/160/21
f 344/177/189 348/158/189 342/152/189
f 338/178/190 340/175/190 353/165/190
f 352/163/24 341/179/24 346/180/24
f 356/168/191 360/170/191 347/159/191
f 350/162/192 354/164/192 359/171/192
f 367/154/177 368/156/177 363/149/177
f 363/172/178 366/152/178 364/151/178
f 366/152/179 372/158/179 370/157/179
f 372/158/180 368/177/180 369/174/180
f 379/166/181 380/168/181 369/155/181
f 371/159/182 384/170/182 382/169/182
f 384/170/183 380/168/183 381/167/183
f 374/181/184 381/167/184 379/166/184
f 383/182/185 378/164/185 376/163/185
f 378/164/186 374/181/186 375/161/186
f 362/150/187 375/161/187 373/160/187
f 377/165/188 364/175/188 365/176/188
f 367/154/21 361/148/21 373/160/21
f 368/177/189 372/158/189 366/152/189
f 362/178/190 364/175/190 377/165/190
f 376/163/24 365/179/24 370/180/24
f 380/168/191 384/170/191 371/159/191
f 374/181/192 378/164/192 383/182/192
f 565/410/643 566/412/643 561/406/643
f 561/428/353 564/408/353 562/4/353
f 564/408/644 570/414/644 568/413/644
f 570/414/355 566/431/355 567/429/355
f 577/422/645 578/424/645 567/411/645
f 569/415/646 582/426/646 580/425/646
f 582/426/358 578/424/358 579/423/358
f 572/418/647 579/423/647 577/422/647
f 581/427/648 576/420/648 574/419/648
f 576/420/361 572/418/361 573/417/361
f 560/407/649 573/417/649 571/416/649
f 575/421/650 562/437/650 563/430/650
f 565/410/21 559/405/21 571/416/21
f 566/431/364 570/414/364 564/408/364
f 560/432/365 562/437/365 575/421/365
f 574/419/24 563/438/24 568/433/24
f 578/424/366 582/426/366 569/415/366
f 572/418/367 576/420/367 581/427/367
f 614/412/400 609/406/400 607/405/400
f 609/428/401 612/408/401 610/4/401
f 611/409/402 612/408/402 618/414/402
f 618/414/403 614/431/403 615/429/403
f 625/422/404 626/424/404 615/411/404
f 617/415/405 630/426/405 628/425/405
f 630/426/406 626/424/406 627/423/406
f 619/416/407 620/418/407 627/423/407
f 629/427/408 624/420/408 622/419/408
f 624/420/409 620/418/409 621/417/409
f 608/407/410 621/417/410 619/416/410
f 622/419/411 623/421/411 610/437/411
f 607/405/21 619/416/21 625/422/21
f 614/431/412 618/414/412 612/408/412
f 608/432/413 610/437/413 623/421/413
f 628/425/24 622/419/24 611/438/24
f 626/424/414 630/426/414 617/415/414
f 620/418/415 624/420/415 629/427/415
f 832/575/9 827/569/9 825/568/9
f 827/591/10 830/571/10 828/539/10
f 829/572/11 830/571/11 836/577/11
f 836/577/12 832/594/12 833/592/12
f 844/587/13 833/574/13 831/573/13
f 834/576/14 835/578/14 848/589/14
f 848/589/15 844/587/15 845/586/15
f 837/579/16 838/581/16 845/586/16
f 847/590/17 842/583/17 840/582/17
f 842/583/18 838/581/18 839/580/18
f 826/570/19 839/580/19 837/579/19
f 841/584/20 828/597/20 829/593/20
f 831/573/21 825/568/21 837/579/21
f 832/594/22 836/577/22 830/571/22
f 826/595/23 828/597/23 841/584/23
f 840/582/24 829/838/24 834/596/24
f 844/587/25 848/589/25 835/578/25
f 838/581/26 842/583/26 847/590/26
f 856/575/9 851/569/9 849/568/9
f 851/591/10 854/571/10 852/539/10
f 853/572/11 854/571/11 860/577/11
f 860/577/12 856/594/12 857/592/12
f 867/585/450 868/587/450 857/574/450
f 859/578/451 872/589/451 870/588/451
f 872/589/15 868/587/15 869/586/15
f 861/579/16 862/581/16 869/586/16
f 871/590/17 866/583/17 864/582/17
f 866/583/18 862/581/18 863/580/18
f 850/570/19 863/580/19 861/579/19
f 864/582/20 865/584/20 852/597/20
f 849/568/21 861/579/21 867/585/21
f 856/594/22 860/577/22 854/571/22
f 850/595/23 852/597/23 865/584/23
f 864/582/24 853/838/24 858/596/24
f 868/587/25 872/589/25 859/578/25
f 862/581/26 866/583/26 871/590/26
f 951/636/35 952/544/35 947/537/35
f 947/653/10 950/635/10 948/634/10
f 950/635/50 956/639/50 954/638/50
f 956/639/12 952/657/12 953/655/12
f 964/649/442 953/637/442 951/636/442
f 954/638/52 955/640/52 968/651/52
f 968/651/15 964/649/15 965/648/15
f 957/641/16 958/643/16 965/648/16
f 967/652/17 962/645/17 960/644/17
f 962/645/18 958/643/18 959/642/18
f 945/632/19 946/633/19 959/642/19
f 961/646/20 948/839/20 949/656/20
f 945/632/21 957/641/21 963/647/21
f 952/657/22 956/639/22 950/635/22
f 946/658/23 948/839/23 961/646/23
f 960/644/24 949/661/24 954/659/24
f 964/649/25 968/651/25 955/640/25
f 958/643/26 962/645/26 967/652/26
f 975/636/9 976/544/9 971/537/9
f 971/653/10 974/635/10 972/634/10
f 974/635/11 980/639/11 978/638/11
f 980/639/12 976/657/12 977/655/12
f 988/660/442 977/637/442 975/636/442
f 979/640/14 992/651/14 990/650/14
f 992/651/15 988/660/15 989/648/15
f 981/641/16 982/643/16 989/648/16
f 991/652/17 986/645/17 984/644/17
f 986/645/18 982/643/18 983/642/18
f 969/632/19 970/633/19 983/642/19
f 985/646/20 972/839/20 973/656/20
f 969/632/21 981/641/21 987/647/21
f 976/657/22 980/639/22 974/635/22
f 970/658/23 972/839/23 985/646/23
f 990/650/24 984/644/24 973/661/24
f 988/660/25 992/651/25 979/640/25
f 982/643/26 986/645/26 991/652/26
f 1000/667/9 995/663/9 993/662/9
f 995/683/10 998/664/10 996/634/10
f 998/664/11 1004/669/11 1002/668/11
f 1004/669/449 1000/685/449 1001/684/449
f 1012/679/442 1001/574/442 999/666/442
f 1002/668/52 1003/670/52 1016/681/52
f 1016/681/15 1012/679/15 1013/678/15
f 1006/673/16 1013/678/16 1011/677/16
f 1014/680/17 1015/682/17 1010/675/17
f 1010/675/18 1006/673/18 1007/672/18
f 993/662/19 994/570/19 1007/672/19
f 1009/676/20 996/688/20 997/593/20
f 993/662/21 1005/671/21 1011/677/21
f 1000/685/22 1004/669/22 998/664/22
f 994/686/23 996/688/23 1009/676/23
f 1008/674/24 997/689/24 1002/687/24
f 1012/679/25 1016/681/25 1003/670/25
f 1006/673/26 1010/675/26 1015/682/26
f 1024/667/9 1019/663/9 1017/662/9
f 1019/683/10 1022/664/10 1020/634/10
f 1021/665/11 1022/664/11 1028/669/11
f 1028/669/12 1024/685/12 1025/684/12
f 1035/677/450 1036/679/450 1025/574/450
f 1027/670/451 1040/681/451 1038/680/451
f 1040/681/15 1036/679/15 1037/678/15
f 1029/671/16 1030/673/16 1037/678/16
f 1039/682/17 1034/675/17 1032/674/17
f 1034/675/18 1030/673/18 1031/672/18
f 1018/570/19 1031/672/19 1029/671/19
f 1032/674/20 1033/676/20 1020/688/20
f 1017/662/21 1029/671/21 1035/677/21
f 1024/685/22 1028/669/22 1022/664/22
f 1018/686/23 1020/688/23 1033/676/23
f 1038/680/24 1032/674/24 1021/689/24
f 1036/679/25 1040/681/25 1027/670/25
f 1030/673/26 1034/675/26 1039/682/26
usemtl Cream
f 49/33/44 51/34/44 50/35/44
f 52/36/45 54/37/45 53/38/45
f 55/39/46 57/40/46 56/41/46
f 58/42/47 60/43/47 59/44/47
f 61/45/48 63/46/48 62/47/48
f 64/48/49 66/49/49 65/50/49
f 67/51/33 69/65/33 68/53/33
f 70/54/34 72/55/34 71/56/34
f 56/41/35 49/33/35 55/39/35
f 51/57/10 52/36/10 50/58/10
f 54/37/50 58/42/50 53/38/50
f 60/43/12 57/59/12 59/44/12
f 67/51/51 57/40/51 55/39/51
f 58/42/52 72/55/52 70/54/52
f 72/55/15 69/65/15 71/56/15
f 62/47/53 67/51/53 61/45/53
f 71/56/17 64/48/17 70/54/17
f 66/49/54 63/46/54 65/50/54
f 50/35/55 61/45/55 49/33/55
f 64/48/56 52/60/56 53/61/56
f 49/33/21 67/51/21 55/39/21
f 56/62/22 54/37/22 51/57/22
f 50/63/23 65/50/23 63/46/23
f 64/48/24 58/64/24 70/54/24
f 68/53/25 59/44/25 57/59/25
f 62/47/26 71/56/26 69/65/26
f 385/183/194 387/184/194 386/185/194
f 388/4/195 390/186/195 389/187/195
f 391/188/3 393/189/3 392/190/3
f 394/191/4 396/192/4 395/193/4
f 397/194/196 399/195/196 398/196/196
f 400/197/197 402/198/197 401/199/197
f 403/200/198 405/201/198 404/202/198
f 406/203/199 408/204/199 407/205/199
f 392/190/9 385/183/9 391/188/9
f 387/206/36 388/4/36 386/26/36
f 390/186/11 394/191/11 389/187/11
f 396/192/12 393/207/12 395/193/12
f 404/202/200 391/188/200 403/200/200
f 395/193/14 406/203/14 394/191/14
f 408/204/39 405/201/39 407/205/39
f 398/196/16 403/200/16 397/194/16
f 407/205/17 400/197/17 406/203/17
f 402/198/18 399/195/18 401/199/18
f 386/185/19 397/194/19 385/183/19
f 401/199/20 389/208/20 400/197/20
f 385/183/21 403/200/21 391/188/21
f 392/209/22 390/186/22 387/206/22
f 386/210/23 401/199/23 399/195/23
f 406/203/24 389/211/24 394/212/24
f 404/202/25 395/193/25 393/207/25
f 398/196/26 407/205/26 405/201/26
f 705/501/194 707/502/194 706/503/194
f 708/504/2 710/505/2 709/506/2
f 711/507/438 713/508/438 712/509/438
f 714/510/439 716/511/439 715/512/439
f 717/513/196 719/514/196 718/515/196
f 720/516/197 722/517/197 721/518/197
f 723/519/198 725/520/198 724/521/198
f 726/522/199 728/523/199 727/524/199
f 711/507/9 707/502/9 705/501/9
f 707/525/10 708/504/10 706/526/10
f 710/505/11 714/510/11 709/506/11
f 716/511/12 713/527/12 715/512/12
f 724/521/13 711/507/13 723/519/13
f 715/512/14 726/522/14 714/510/14
f 728/523/15 725/520/15 727/524/15
f 718/515/16 723/519/16 717/513/16
f 726/522/17 722/517/17 720/516/17
f 722/517/18 719/514/18 721/518/18
f 705/501/19 719/514/19 717/513/19
f 721/518/20 709/528/20 720/516/20
f 705/501/21 723/519/21 711/507/21
f 712/529/22 710/505/22 707/525/22
f 706/530/23 721/518/23 719/514/23
f 720/516/24 714/531/24 726/522/24
f 724/521/25 715/512/25 713/527/25
f 718/515/26 727/524/26 725/520/26
f 729/501/194 731/502/194 730/503/194
f 732/504/2 734/505/2 733/506/2
f 735/507/438 737/508/438 736/509/438
f 738/510/439 740/511/439 739/532/439
f 741/513/196 743/514/196 742/533/196
f 744/516/6 746/517/6 745/518/6
f 747/519/7 749/534/7 748/521/7
f 750/522/8 752/523/8 751/535/8
f 735/507/9 731/502/9 729/501/9
f 731/525/10 732/504/10 730/526/10
f 734/505/11 738/510/11 733/506/11
f 740/511/12 737/527/12 739/532/12
f 748/521/13 735/507/13 747/519/13
f 739/532/14 750/522/14 738/510/14
f 752/523/15 749/534/15 751/535/15
f 742/533/16 747/519/16 741/513/16
f 750/522/17 746/517/17 744/516/17
f 746/517/18 743/514/18 745/518/18
f 729/501/19 743/514/19 741/513/19
f 745/518/20 733/528/20 744/516/20
f 729/501/21 747/519/21 735/507/21
f 736/529/22 734/505/22 731/525/22
f 730/530/23 745/518/23 743/514/23
f 744/516/24 738/531/24 750/522/24
f 748/521/25 739/532/25 737/527/25
f 742/533/26 751/535/26 749/534/26
f 753/501/194 755/502/194 754/503/194
f 756/504/2 758/505/2 757/506/2
f 759/507/438 761/508/438 760/509/438
f 762/510/439 764/511/439 763/512/439
f 765/513/196 767/514/196 766/515/196
f 768/516/197 770/517/197 769/518/197
f 771/519/7 773/520/7 772/521/7
f 774/522/199 776/523/199 775/524/199
f 759/507/9 755/502/9 753/501/9
f 755/525/10 756/504/10 754/526/10
f 758/505/11 762/510/11 757/506/11
f 764/511/12 761/527/12 763/512/12
f 772/521/13 759/507/13 771/519/13
f 763/512/14 774/522/14 762/510/14
f 776/523/15 773/520/15 775/524/15
f 766/515/16 771/519/16 765/513/16
f 774/522/17 770/517/17 768/516/17
f 770/517/18 767/514/18 769/518/18
f 753/501/19 767/514/19 765/513/19
f 769/518/20 757/528/20 768/516/20
f 753/501/21 771/519/21 759/507/21
f 760/529/22 758/505/22 755/525/22
f 754/530/23 769/518/23 767/514/23
f 768/516/24 762/531/24 774/522/24
f 772/521/25 763/512/25 761/527/25
f 766/515/26 775/524/26 773/520/26
f 873/598/443 875/599/443 874/600/443
f 876/601/444 878/602/444 877/603/444
f 879/604/3 881/605/3 880/606/3
f 882/607/4 884/608/4 883/609/4
f 885/610/5 887/611/5 886/612/5
f 888/613/6 890/614/6 889/615/6
f 891/616/7 893/617/7 892/618/7
f 894/619/8 896/620/8 895/621/8
f 880/606/9 873/598/9 879/604/9
f 875/622/10 876/601/10 874/623/10
f 878/602/11 882/607/11 877/603/11
f 884/608/12 881/624/12 883/609/12
f 892/618/442 879/604/442 891/616/442
f 882/607/52 896/620/52 894/619/52
f 896/620/15 893/617/15 895/621/15
f 886/612/16 891/616/16 885/610/16
f 894/619/17 890/614/17 888/613/17
f 890/614/18 887/611/18 889/615/18
f 874/600/19 885/610/19 873/598/19
f 888/613/20 876/625/20 877/626/20
f 873/598/21 891/616/21 879/604/21
f 880/627/22 878/602/22 875/622/22
f 874/628/23 889/615/23 887/611/23
f 894/619/24 877/629/24 882/630/24
f 892/618/25 883/609/25 881/624/25
f 886/612/26 895/621/26 893/617/26
f 897/598/443 899/599/443 898/600/443
f 900/601/444 902/602/444 901/603/444
f 903/604/3 905/605/3 904/606/3
f 906/607/4 908/608/4 907/609/4
f 909/610/5 911/611/5 910/612/5
f 912/613/6 914/614/6 913/615/6
f 915/616/7 917/617/7 916/631/7
f 918/619/8 920/620/8 919/621/8
f 904/606/9 897/598/9 903/604/9
f 899/622/10 900/601/10 898/623/10
f 902/602/11 906/607/11 901/603/11
f 908/608/12 905/624/12 907/609/12
f 916/631/442 903/604/442 915/616/442
f 906/607/52 920/620/52 918/619/52
f 920/620/15 917/617/15 919/621/15
f 910/612/16 915/616/16 909/610/16
f 918/619/17 914/614/17 912/613/17
f 914/614/18 911/611/18 913/615/18
f 898/600/19 909/610/19 897/598/19
f 912/613/20 900/625/20 901/626/20
f 897/598/21 915/616/21 903/604/21
f 904/627/22 902/602/22 899/622/22
f 898/628/23 913/615/23 911/611/23
f 918/619/24 901/629/24 906/630/24
f 916/631/25 907/609/25 905/624/25
f 910/612/26 919/621/26 917/617/26
f 921/598/443 923/599/443 922/600/443
f 924/601/445 926/602/445 925/603/445
f 927/604/3 929/605/3 928/606/3
f 930/607/4 932/608/4 931/609/4
f 933/610/5 935/611/5 934/612/5
f 936/613/6 938/614/6 937/615/6
f 939/616/7 941/617/7 940/631/7
f 942/619/8 944/620/8 943/621/8
f 928/606/9 921/598/9 927/604/9
f 923/622/10 924/601/10 922/623/10
f 926/602/11 930/607/11 925/603/11
f 932/608/12 929/624/12 931/609/12
f 940/631/442 927/604/442 939/616/442
f 930/607/52 944/620/52 942/619/52
f 944/620/15 941/617/15 943/621/15
f 934/612/16 939/616/16 933/610/16
f 942/619/17 938/614/17 936/613/17
f 938/614/18 935/611/18 937/615/18
f 922/600/19 933/610/19 921/598/19
f 936/613/20 924/625/20 925/626/20
f 921/598/21 939/616/21 927/604/21
f 928/627/22 926/602/22 923/622/22
f 922/628/23 937/615/23 935/611/23
f 942/619/24 925/629/24 930/630/24
f 940/631/25 931/609/25 929/624/25
f 934/612/26 943/621/26 941/617/26
f 56/41/611 51/34/611 49/33/611
f 51/57/10 54/37/10 52/36/10
f 54/37/612 60/43/612 58/42/612
f 60/43/12 56/62/12 57/59/12
f 67/51/606 68/53/606 57/40/606
f 58/42/52 59/44/52 72/55/52
f 72/55/15 68/53/15 69/65/15
f 62/47/613 69/65/613 67/51/613
f 71/56/17 66/49/17 64/48/17
f 66/49/18 62/47/18 63/46/18
f 50/35/19 63/46/19 61/45/19
f 64/48/43 65/50/43 52/60/43
f 49/33/21 61/45/21 67/51/21
f 56/62/22 60/43/22 54/37/22
f 50/63/23 52/60/23 65/50/23
f 64/48/24 53/66/24 58/64/24
f 68/53/25 72/55/25 59/44/25
f 62/47/26 66/49/26 71/56/26
f 392/190/9 387/184/9 385/183/9
f 387/206/10 390/186/10 388/4/10
f 390/186/11 396/192/11 394/191/11
f 396/192/12 392/209/12 393/207/12
f 404/202/13 393/189/13 391/188/13
f 395/193/451 408/204/451 406/203/451
f 408/204/39 404/202/39 405/201/39
f 398/196/53 405/201/53 403/200/53
f 407/205/17 402/198/17 400/197/17
f 402/198/18 398/196/18 399/195/18
f 386/185/615 399/195/615 397/194/615
f 401/199/616 388/818/616 389/208/616
f 385/183/21 397/194/21 403/200/21
f 392/209/22 396/192/22 390/186/22
f 386/210/23 388/818/23 401/199/23
f 406/203/24 400/197/24 389/211/24
f 404/202/25 408/204/25 395/193/25
f 398/196/26 402/198/26 407/205/26
f 711/507/9 712/509/9 707/502/9
f 707/525/10 710/505/10 708/504/10
f 710/505/11 716/511/11 714/510/11
f 716/511/12 712/529/12 713/527/12
f 724/521/442 713/508/442 711/507/442
f 715/512/14 728/523/14 726/522/14
f 728/523/15 724/521/15 725/520/15
f 718/515/16 725/520/16 723/519/16
f 726/522/17 727/524/17 722/517/17
f 722/517/18 718/515/18 719/514/18
f 705/501/19 706/503/19 719/514/19
f 721/518/20 708/835/20 709/528/20
f 705/501/21 717/513/21 723/519/21
f 712/529/22 716/511/22 710/505/22
f 706/530/23 708/835/23 721/518/23
f 720/516/24 709/836/24 714/531/24
f 724/521/25 728/523/25 715/512/25
f 718/515/26 722/517/26 727/524/26
f 735/507/9 736/509/9 731/502/9
f 731/525/10 734/505/10 732/504/10
f 734/505/11 740/511/11 738/510/11
f 740/511/12 736/529/12 737/527/12
f 748/521/442 737/508/442 735/507/442
f 739/532/14 752/523/14 750/522/14
f 752/523/15 748/521/15 749/534/15
f 742/533/16 749/534/16 747/519/16
f 750/522/17 751/535/17 746/517/17
f 746/517/18 742/533/18 743/514/18
f 729/501/19 730/503/19 743/514/19
f 745/518/20 732/835/20 733/528/20
f 729/501/21 741/513/21 747/519/21
f 736/529/22 740/511/22 734/505/22
f 730/530/23 732/835/23 745/518/23
f 744/516/24 733/836/24 738/531/24
f 748/521/25 752/523/25 739/532/25
f 742/533/26 746/517/26 751/535/26
f 759/507/9 760/509/9 755/502/9
f 755/525/10 758/505/10 756/504/10
f 758/505/11 764/511/11 762/510/11
f 764/511/12 760/529/12 761/527/12
f 772/521/442 761/508/442 759/507/442
f 763/512/14 776/523/14 774/522/14
f 776/523/15 772/521/15 773/520/15
f 766/515/16 773/520/16 771/519/16
f 774/522/17 775/524/17 770/517/17
f 770/517/18 766/515/18 767/514/18
f 753/501/19 754/503/19 767/514/19
f 769/518/20 756/835/20 757/528/20
f 753/501/21 765/513/21 771/519/21
f 760/529/22 764/511/22 758/505/22
f 754/530/23 756/835/23 769/518/23
f 768/516/24 757/836/24 762/531/24
f 772/521/25 776/523/25 763/512/25
f 766/515/26 770/517/26 775/524/26
f 880/606/9 875/599/9 873/598/9
f 875/622/10 878/602/10 876/601/10
f 878/602/11 884/608/11 882/607/11
f 884/608/12 880/627/12 881/624/12
f 892/618/13 881/605/13 879/604/13
f 882/607/14 883/609/14 896/620/14
f 896/620/15 892/618/15 893/617/15
f 886/612/16 893/617/16 891/616/16
f 894/619/17 895/621/17 890/614/17
f 890/614/18 886/612/18 887/611/18
f 874/600/19 887/611/19 885/610/19
f 888/613/20 889/615/20 876/625/20
f 873/598/21 885/610/21 891/616/21
f 880/627/22 884/608/22 878/602/22
f 874/628/23 876/625/23 889/615/23
f 894/619/24 888/613/24 877/629/24
f 892/618/25 896/620/25 883/609/25
f 886/612/26 890/614/26 895/621/26
f 904/606/9 899/599/9 897/598/9
f 899/622/10 902/602/10 900/601/10
f 902/602/11 908/608/11 906/607/11
f 908/608/12 904/627/12 905/624/12
f 916/631/13 905/605/13 903/604/13
f 906/607/14 907/609/14 920/620/14
f 920/620/15 916/631/15 917/617/15
f 910/612/16 917/617/16 915/616/16
f 918/619/17 919/621/17 914/614/17
f 914/614/18 910/612/18 911/611/18
f 898/600/19 911/611/19 909/610/19
f 912/613/20 913/615/20 900/625/20
f 897/598/21 909/610/21 915/616/21
f 904/627/22 908/608/22 902/602/22
f 898/628/23 900/625/23 913/615/23
f 918/619/24 912/613/24 901/629/24
f 916/631/25 920/620/25 907/609/25
f 910/612/26 914/614/26 919/621/26
f 928/606/9 923/599/9 921/598/9
f 923/622/10 926/602/10 924/601/10
f 926/602/11 932/608/11 930/607/11
f 932/608/12 928/627/12 929/624/12
f 940/631/13 929/605/13 927/604/13
f 930/607/14 931/609/14 944/620/14
f 944/620/15 940/631/15 941/617/15
f 934/612/16 941/617/16 939/616/16
f 942/619/17 943/621/17 938/614/17
f 938/614/18 934/612/18 935/611/18
f 922/600/19 935/611/19 933/610/19
f 936/613/20 937/615/20 924/625/20
f 921/598/21 933/610/21 939/616/21
f 928/627/22 932/608/22 926/602/22
f 922/628/23 924/625/23 937/615/23
f 942/619/24 936/613/24 925/629/24
f 940/631/25 944/620/25 931/609/25
f 934/612/26 938/614/26 943/621/26
s 1
usemtl Brass
f 97/67/63 99/68/64 98/69/65
f 100/70/66 102/71/67 101/72/68
f 103/73/69 105/74/70 104/75/71
f 106/76/72 108/77/73 107/78/74
f 109/79/75 111/80/76 110/81/77
f 112/82/78 114/83/79 113/84/80
f 115/85/81 117/86/82 116/87/83
f 118/88/84 120/89/85 119/90/86
f 121/91/87 123/92/88 122/93/89
f 124/94/90 126/95/91 125/96/92
f 127/97/93 129/98/94 128/99/95
f 130/100/96 132/101/97 131/102/98
f 133/103/99 135/104/100 134/105/101
f 136/106/102 138/107/103 137/108/104
f 139/109/105 141/110/106 140/111/107
f 142/112/108 144/113/109 143/114/110
f 97/67/63 104/75/71 99/68/64
f 106/76/72 101/72/68 108/77/73
f 99/115/64 102/116/67 98/117/65
f 108/118/73 105/119/70 107/120/74
f 105/74/70 109/79/75 110/81/77
f 112/82/78 107/78/74 114/83/79
f 114/121/79 111/122/76 113/123/80
f 109/79/75 116/87/83 111/80/76
f 120/89/85 112/82/78 113/84/80
f 120/124/85 117/125/82 119/126/86
f 115/85/81 122/93/89 117/86/82
f 126/95/91 118/88/84 119/90/86
f 126/127/91 123/128/88 125/129/92
f 123/92/88 127/97/93 128/99/95
f 130/100/96 125/96/92 132/101/97
f 132/130/97 129/131/94 131/132/98
f 127/97/93 134/105/101 129/98/94
f 136/106/102 131/102/98 138/107/103
f 138/133/103 135/134/100 137/135/104
f 133/103/99 140/111/107 135/104/100
f 144/113/109 136/106/102 137/108/104
f 144/136/109 141/137/106 143/138/110
f 139/109/105 98/69/65 141/110/106
f 102/71/67 142/112/108 143/114/110
f 127/97/93 115/85/81 103/73/69
f 104/139/71 101/140/68 99/141/64
f 98/117/65 143/138/110 141/137/106
f 124/94/90 136/106/102 100/70/66
f 110/142/77 107/120/74 105/119/70
f 116/143/83 113/123/80 111/122/76
f 122/144/89 119/126/86 117/125/82
f 128/145/95 125/129/92 123/128/88
f 134/146/101 131/132/98 129/131/94
f 140/147/107 137/135/104 135/134/100
f 145/67/63 147/68/111 146/69/65
f 148/70/66 150/71/67 149/72/68
f 151/73/112 153/74/70 152/75/113
f 154/76/72 156/77/73 155/78/74
f 157/79/75 159/80/76 158/81/77
f 160/82/78 162/83/79 161/84/80
f 163/85/81 165/86/82 164/87/83
f 166/88/114 168/89/115 167/90/86
f 169/91/87 171/92/88 170/93/89
f 172/94/90 174/95/116 173/96/92
f 175/97/93 177/98/94 176/99/95
f 178/100/96 180/101/97 179/102/98
f 181/103/99 183/104/100 182/105/101
f 184/106/117 186/107/103 185/108/104
f 187/109/105 189/110/106 188/111/107
f 190/112/118 192/113/109 191/114/110
f 147/68/111 151/73/112 152/75/113
f 154/76/72 149/72/68 156/77/73
f 147/115/111 150/116/67 146/117/65
f 156/118/73 153/119/70 155/120/74
f 153/74/70 157/79/75 158/81/77
f 160/82/78 155/78/74 162/83/79
f 162/121/79 159/122/76 161/123/80
f 157/79/75 164/87/83 159/80/76
f 166/88/114 161/84/80 168/89/115
f 168/124/115 165/125/82 167/126/86
f 165/86/82 169/91/87 170/93/89
f 172/94/90 167/90/86 174/95/116
f 174/127/116 171/128/88 173/129/92
f 171/92/88 175/97/93 176/99/95
f 178/100/96 173/96/92 180/101/97
f 180/130/97 177/131/94 179/132/98
f 175/97/93 182/105/101 177/98/94
f 186/107/103 178/100/96 179/102/98
f 186/133/103 183/134/100 185/135/104
f 183/104/100 187/109/105 188/111/107
f 192/113/109 184/106/117 185/108/104
f 192/136/109 189/137/106 191/138/110
f 187/109/105 146/69/65 189/110/106
f 150/71/67 190/112/118 191/114/110
f 175/97/93 163/85/81 151/73/112
f 152/139/113 149/140/68 147/141/111
f 146/117/65 191/138/110 189/137/106
f 172/94/90 184/106/117 148/70/66
f 158/142/77 155/120/74 153/119/70
f 164/143/83 161/123/80 159/122/76
f 170/144/89 167/126/86 165/125/82
f 176/145/95 173/129/92 171/128/88
f 182/146/101 179/132/98 177/131/94
f 188/147/107 185/135/104 183/134/100
f 193/67/119 195/68/64 194/69/65
f 196/70/120 198/71/121 197/72/122
f 199/73/69 201/74/70 200/75/71
f 202/76/123 204/77/124 203/78/74
f 205/79/125 207/80/76 206/81/77
f 208/82/126 210/83/79 209/84/80
f 211/85/127 213/86/128 212/87/83
f 214/88/114 216/89/115 215/90/129
f 217/91/87 219/92/88 218/93/89
f 220/94/90 222/95/91 221/96/92
f 223/97/93 225/98/94 224/99/95
f 226/100/130 228/101/131 227/102/132
f 229/103/99 231/104/100 230/105/133
f 232/106/117 234/107/103 233/108/104
f 235/109/134 237/110/135 236/111/107
f 238/112/108 240/113/109 239/114/136
f 195/68/64 199/73/69 200/75/71
f 202/76/123 197/72/122 204/77/124
f 195/115/64 198/116/121 194/117/65
f 204/118/124 201/119/70 203/120/74
f 201/74/70 205/79/125 206/81/77
f 210/83/79 202/76/123 203/78/74
f 210/121/79 207/122/76 209/123/80
f 207/80/76 211/85/127 212/87/83
f 214/88/114 209/84/80 216/89/115
f 216/124/115 213/125/128 215/126/129
f 211/85/127 218/93/89 213/86/128
f 222/95/91 214/88/114 215/90/129
f 222/127/91 219/128/88 221/129/92
f 219/92/88 223/97/93 224/99/95
f 226/100/130 221/96/92 228/101/131
f 228/130/131 225/131/94 227/132/132
f 225/98/94 229/103/99 230/105/133
f 232/106/117 227/102/132 234/107/103
f 234/133/103 231/134/100 233/135/104
f 229/103/99 236/111/107 231/104/100
f 240/113/109 232/106/117 233/108/104
f 240/136/109 237/137/135 239/138/136
f 235/109/134 194/69/65 237/110/135
f 196/70/120 239/114/136 198/71/121
f 223/97/93 211/85/127 199/73/69
f 200/139/71 197/140/122 195/141/64
f 194/117/65 239/138/136 237/137/135
f 220/94/90 232/106/117 196/70/120
f 206/142/77 203/120/74 201/119/70
f 212/143/83 209/123/80 207/122/76
f 218/144/89 215/126/129 213/125/128
f 224/145/95 221/129/92 219/128/88
f 230/146/133 227/132/132 225/131/94
f 236/147/107 233/135/104 231/134/100
f 241/67/119 243/68/64 242/69/137
f 244/70/120 246/71/121 245/72/122
f 247/73/112 249/74/70 248/75/71
f 250/76/72 252/77/138 251/78/139
f 253/79/75 255/80/76 254/81/77
f 256/82/78 258/83/79 257/84/80
f 259/85/81 261/86/82 260/87/83
f 262/88/84 264/89/115 263/90/86
f 265/91/87 267/92/88 266/93/89
f 268/94/90 270/95/91 269/96/92
f 271/97/140 273/98/94 272/99/141
f 274/100/96 276/101/131 275/102/132
f 277/103/99 279/104/100 278/105/101
f 280/106/117 282/107/103 281/108/104
f 283/109/105 285/110/142 284/111/107
f 286/112/108 288/113/109 287/114/136
f 241/67/119 248/75/71 243/68/64
f 252/77/138 244/70/120 245/72/122
f 243/115/64 246/116/121 242/117/137
f 252/118/138 249/119/70 251/120/139
f 247/73/112 254/81/77 249/74/70
f 256/82/78 251/78/139 258/83/79
f 258/121/79 255/122/76 257/123/80
f 253/79/75 260/87/83 255/80/76
f 262/88/84 257/84/80 264/89/115
f 264/124/115 261/125/82 263/126/86
f 261/86/82 265/91/87 266/93/89
f 270/95/91 262/88/84 263/90/86
f 270/127/91 267/128/88 269/129/92
f 265/91/87 272/99/141 267/92/88
f 276/101/131 268/94/90 269/96/92
f 276/130/131 273/131/94 275/132/132
f 271/97/140 278/105/101 273/98/94
f 280/106/117 275/102/132 282/107/103
f 282/133/103 279/134/100 281/135/104
f 277/103/99 284/111/107 279/104/100
f 286/112/108 281/108/104 288/113/109
f 288/136/109 285/137/142 287/138/136
f 285/110/142 241/67/119 242/69/137
f 244/70/120 287/114/136 246/71/121
f 271/97/140 259/85/81 247/73/112
f 248/139/71 245/140/122 243/141/64
f 242/117/137 287/138/136 285/137/142
f 268/94/90 280/106/117 244/70/120
f 254/142/77 251/120/139 249/119/70
f 260/143/83 257/123/80 255/122/76
f 266/144/89 263/126/86 261/125/82
f 272/145/141 269/129/92 267/128/88
f 278/146/101 275/132/132 273/131/94
f 284/147/107 281/135/104 279/134/100
s 0
f 490/319/276 494/320/276 489/321/276
f 490/319/277 496/322/277 495/323/277
f 492/324/278 496/325/278 491/326/278
f 492/324/279 498/327/279 497/328/279
f 493/329/280 494/320/280 498/327/280
f 495/323/281 499/330/281 494/320/281
f 496/322/282 500/331/282 495/323/282
f 497/328/283 501/332/283 496/325/283
f 498/327/284 502/333/284 497/328/284
f 494/320/285 503/334/285 498/327/285
f 499/330/286 505/335/286 504/336/286
f 500/331/287 506/337/287 505/335/287
f 502/333/288 506/338/288 501/332/288
f 502/333/289 508/339/289 507/340/289
f 503/334/290 504/336/290 508/339/290
f 504/336/291 510/341/291 509/342/291
f 506/337/292 510/341/292 505/335/292
f 507/340/21 511/343/21 506/338/21
f 507/340/293 513/344/293 512/345/293
f 504/336/294 513/344/294 508/339/294
f 510/341/295 514/346/295 509/342/295
f 510/341/296 516/347/296 515/348/296
f 512/345/297 516/349/297 511/343/297
f 512/345/298 518/350/298 517/351/298
f 513/344/299 514/346/299 518/350/299
f 514/346/300 520/352/300 519/353/300
f 515/348/301 521/354/301 520/352/301
f 517/351/302 521/355/302 516/349/302
f 517/351/303 523/356/303 522/357/303
f 518/350/304 519/353/304 523/356/304
f 519/353/305 525/358/305 524/359/305
f 521/354/306 525/358/306 520/352/306
f 521/355/307 527/360/307 526/361/307
f 522/357/308 528/362/308 527/360/308
f 523/356/309 524/359/309 528/362/309
f 525/363/310 529/364/310 524/365/310
f 526/366/311 530/367/311 525/363/311
f 527/368/312 531/369/312 526/370/312
f 528/371/313 532/372/313 527/368/313
f 528/371/314 529/364/314 533/373/314
f 530/367/315 534/374/315 529/364/315
f 531/375/316 535/376/316 530/367/316
f 532/372/317 536/377/317 531/369/317
f 532/372/318 538/378/318 537/379/318
f 529/364/319 538/378/319 533/373/319
f 534/374/320 540/380/320 539/381/320
f 536/382/321 540/380/321 535/376/321
f 536/377/322 542/383/322 541/384/322
f 538/378/323 542/383/323 537/379/323
f 534/374/324 543/385/324 538/378/324
f 540/380/325 544/386/325 539/381/325
f 541/387/326 545/388/326 540/380/326
f 541/384/24 547/389/24 546/390/24
f 543/385/327 547/389/327 542/383/327
f 543/385/328 544/386/328 548/391/328
f 545/388/329 549/392/329 544/386/329
f 546/393/330 550/394/330 545/388/330
f 546/390/331 552/395/331 551/396/331
f 548/391/332 552/395/332 547/389/332
f 544/386/333 553/397/333 548/391/333
f 549/392/334 555/398/334 554/399/334
f 551/400/335 555/398/335 550/394/335
f 552/395/336 556/401/336 551/396/336
f 553/397/337 557/402/337 552/395/337
f 553/397/338 554/399/338 558/403/338
f 555/398/339 489/321/339 554/399/339
f 555/398/340 491/404/340 490/319/340
f 557/402/341 491/326/341 556/401/341
f 558/403/342 492/324/342 557/402/342
f 554/399/343 493/329/343 558/403/343
f 583/405/368 585/406/368 584/407/368
f 586/4/369 588/408/369 587/409/369
f 589/410/370 591/411/370 590/412/370
f 592/413/371 594/414/371 593/415/371
f 595/416/372 597/417/372 596/434/372
f 598/419/373 600/420/373 599/421/373
f 601/422/374 603/435/374 602/424/374
f 604/425/375 606/426/375 605/436/375
f 589/410/376 585/406/376 583/405/376
f 585/428/377 586/4/377 584/26/377
f 588/408/378 592/413/378 587/409/378
f 594/414/379 591/429/379 593/415/379
f 602/424/380 589/410/380 601/422/380
f 592/413/381 606/426/381 604/425/381
f 606/426/382 603/435/382 605/436/382
f 596/434/383 601/422/383 595/416/383
f 605/436/384 598/419/384 604/425/384
f 600/420/385 597/417/385 599/421/385
f 584/407/386 595/416/386 583/405/386
f 599/421/387 587/430/387 598/419/387
f 589/410/21 595/416/21 601/422/21
f 590/431/388 588/408/388 585/428/388
f 584/432/389 599/421/389 597/417/389
f 598/419/24 592/433/24 604/425/24
f 602/424/390 593/415/390 591/429/390
f 596/434/391 605/436/391 603/435/391
s 1
f 692/213/420 693/404/421 687/215/422
f 687/216/422 694/496/423 688/218/424
f 688/218/424 695/497/425 689/220/426
f 690/221/427 695/497/425 696/498/428
f 691/223/429 696/498/428 697/499/430
f 692/213/420 697/499/430 698/500/431
f 693/404/421 704/238/432 699/233/433
f 694/496/423 699/361/433 700/234/434
f 695/497/425 700/234/434 701/235/435
f 695/497/425 702/236/436 696/498/428
f 696/498/428 703/237/437 697/499/430
f 697/499/430 704/238/432 698/500/431
f 97/67/63 103/73/69 104/75/71
f 106/76/72 100/70/66 101/72/68
f 99/115/64 101/817/68 102/116/67
f 108/118/73 104/139/71 105/119/70
f 105/74/70 103/73/69 109/79/75
f 112/82/78 106/76/72 107/78/74
f 114/121/79 110/142/77 111/122/76
f 109/79/75 115/85/81 116/87/83
f 120/89/85 118/88/84 112/82/78
f 120/124/85 116/143/83 117/125/82
f 115/85/81 121/91/87 122/93/89
f 126/95/91 124/94/90 118/88/84
f 126/127/91 122/144/89 123/128/88
f 123/92/88 121/91/87 127/97/93
f 130/100/96 124/94/90 125/96/92
f 132/130/97 128/145/95 129/131/94
f 127/97/93 133/103/99 134/105/101
f 136/106/102 130/100/96 131/102/98
f 138/133/103 134/146/101 135/134/100
f 133/103/99 139/109/105 140/111/107
f 144/113/109 142/112/108 136/106/102
f 144/136/109 140/147/107 141/137/106
f 139/109/105 97/67/63 98/69/65
f 102/71/67 100/70/66 142/112/108
f 103/73/69 97/67/63 139/109/105
f 139/109/105 133/103/99 127/97/93
f 127/97/93 121/91/87 115/85/81
f 115/85/81 109/79/75 103/73/69
f 103/73/69 139/109/105 127/97/93
f 104/139/71 108/118/73 101/140/68
f 98/117/65 102/116/67 143/138/110
f 100/70/66 106/76/72 112/82/78
f 112/82/78 118/88/84 124/94/90
f 124/94/90 130/100/96 136/106/102
f 136/106/102 142/112/108 100/70/66
f 100/70/66 112/82/78 124/94/90
f 110/142/77 114/121/79 107/120/74
f 116/143/83 120/124/85 113/123/80
f 122/144/89 126/127/91 119/126/86
f 128/145/95 132/130/97 125/129/92
f 134/146/101 138/133/103 131/132/98
f 140/147/107 144/136/109 137/135/104
f 147/68/111 145/67/63 151/73/112
f 154/76/72 148/70/66 149/72/68
f 147/115/111 149/817/68 150/116/67
f 156/118/73 152/139/113 153/119/70
f 153/74/70 151/73/112 157/79/75
f 160/82/78 154/76/72 155/78/74
f 162/121/79 158/142/77 159/122/76
f 157/79/75 163/85/81 164/87/83
f 166/88/114 160/82/78 161/84/80
f 168/124/115 164/143/83 165/125/82
f 165/86/82 163/85/81 169/91/87
f 172/94/90 166/88/114 167/90/86
f 174/127/116 170/144/89 171/128/88
f 171/92/88 169/91/87 175/97/93
f 178/100/96 172/94/90 173/96/92
f 180/130/97 176/145/95 177/131/94
f 175/97/93 181/103/99 182/105/101
f 186/107/103 184/106/117 178/100/96
f 186/133/103 182/146/101 183/134/100
f 183/104/100 181/103/99 187/109/105
f 192/113/109 190/112/118 184/106/117
f 192/136/109 188/147/107 189/137/106
f 187/109/105 145/67/63 146/69/65
f 150/71/67 148/70/66 190/112/118
f 151/73/112 145/67/63 187/109/105
f 187/109/105 181/103/99 175/97/93
f 175/97/93 169/91/87 163/85/81
f 163/85/81 157/79/75 151/73/112
f 151/73/112 187/109/105 175/97/93
f 152/139/113 156/118/73 149/140/68
f 146/117/65 150/116/67 191/138/110
f 148/70/66 154/76/72 160/82/78
f 160/82/78 166/88/114 172/94/90
f 172/94/90 178/100/96 184/106/117
f 184/106/117 190/112/118 148/70/66
f 148/70/66 160/82/78 172/94/90
f 158/142/77 162/121/79 155/120/74
f 164/143/83 168/124/115 161/123/80
f 170/144/89 174/127/116 167/126/86
f 176/145/95 180/130/97 173/129/92
f 182/146/101 186/133/103 179/132/98
f 188/147/107 192/136/109 185/135/104
f 195/68/64 193/67/119 199/73/69
f 202/76/123 196/70/120 197/72/122
f 195/115/64 197/817/122 198/116/121
f 204/118/124 200/139/71 201/119/70
f 201/74/70 199/73/69 205/79/125
f 210/83/79 208/82/126 202/76/123
f 210/121/79 206/142/77 207/122/76
f 207/80/76 205/79/125 211/85/127
f 214/88/114 208/82/126 209/84/80
f 216/124/115 212/143/83 213/125/128
f 211/85/127 217/91/87 218/93/89
f 222/95/91 220/94/90 214/88/114
f 222/127/91 218/144/89 219/128/88
f 219/92/88 217/91/87 223/97/93
f 226/100/130 220/94/90 221/96/92
f 228/130/131 224/145/95 225/131/94
f 225/98/94 223/97/93 229/103/99
f 232/106/117 226/100/130 227/102/132
f 234/133/103 230/146/133 231/134/100
f 229/103/99 235/109/134 236/111/107
f 240/113/109 238/112/108 232/106/117
f 240/136/109 236/147/107 237/137/135
f 235/109/134 193/67/119 194/69/65
f 196/70/120 238/112/108 239/114/136
f 199/73/69 193/67/119 235/109/134
f 235/109/134 229/103/99 223/97/93
f 223/97/93 217/91/87 211/85/127
f 211/85/127 205/79/125 199/73/69
f 199/73/69 235/109/134 223/97/93
f 200/139/71 204/118/124 197/140/122
f 194/117/65 198/116/121 239/138/136
f 196/70/120 202/76/123 208/82/126
f 208/82/126 214/88/114 220/94/90
f 220/94/90 226/100/130 232/106/117
f 232/106/117 238/112/108 196/70/120
f 196/70/120 208/82/126 220/94/90
f 206/142/77 210/121/79 203/120/74
f 212/143/83 216/124/115 209/123/80
f 218/144/89 222/127/91 215/126/129
f 224/145/95 228/130/131 221/129/92
f 230/146/133 234/133/103 227/132/132
f 236/147/107 240/136/109 233/135/104
f 241/67/119 247/73/112 248/75/71
f 252/77/138 250/76/72 244/70/120
f 243/115/64 245/817/122 246/116/121
f 252/118/138 248/139/71 249/119/70
f 247/73/112 253/79/75 254/81/77
f 256/82/78 250/76/72 251/78/139
f 258/121/79 254/142/77 255/122/76
f 253/79/75 259/85/81 260/87/83
f 262/88/84 256/82/78 257/84/80
f 264/124/115 260/143/83 261/125/82
f 261/86/82 259/85/81 265/91/87
f 270/95/91 268/94/90 262/88/84
f 270/127/91 266/144/89 267/128/88
f 265/91/87 271/97/140 272/99/141
f 276/101/131 274/100/96 268/94/90
f 276/130/131 272/145/141 273/131/94
f 271/97/140 277/103/99 278/105/101
f 280/106/117 274/100/96 275/102/132
f 282/133/103 278/146/101 279/134/100
f 277/103/99 283/109/105 284/111/107
f 286/112/108 280/106/117 281/108/104
f 288/136/109 284/147/107 285/137/142
f 285/110/142 283/109/105 241/67/119
f 244/70/120 286/112/108 287/114/136
f 247/73/112 241/67/119 283/109/105
f 283/109/105 277/103/99 271/97/140
f 271/97/140 265/91/87 259/85/81
f 259/85/81 253/79/75 247/73/112
f 247/73/112 283/109/105 271/97/140
f 248/139/71 252/118/138 245/140/122
f 242/117/137 246/116/121 287/138/136
f 244/70/120 250/76/72 256/82/78
f 256/82/78 262/88/84 268/94/90
f 268/94/90 274/100/96 280/106/117
f 280/106/117 286/112/108 244/70/120
f 244/70/120 256/82/78 268/94/90
f 254/142/77 258/121/79 251/120/139
f 260/143/83 264/124/115 257/123/80
f 266/144/89 270/127/91 263/126/86
f 272/145/141 276/130/131 269/129/92
f 278/146/101 282/133/103 275/132/132
f 284/147/107 288/136/109 281/135/104
s 0
f 490/319/276 495/323/276 494/320/276
f 490/319/277 491/404/277 496/322/277
f 492/324/278 497/328/278 496/325/278
f 492/324/279 493/329/279 498/327/279
f 493/329/280 489/321/280 494/320/280
f 495/323/618 500/331/618 499/330/618
f 496/322/282 501/826/282 500/331/282
f 497/328/283 502/333/283 501/332/283
f 498/327/284 503/334/284 502/333/284
f 494/320/619 499/330/619 503/334/619
f 499/330/286 500/331/286 505/335/286
f 500/331/287 501/826/287 506/337/287
f 502/333/620 507/340/620 506/338/620
f 502/333/289 503/334/289 508/339/289
f 503/334/290 499/330/290 504/336/290
f 504/336/291 505/335/291 510/341/291
f 506/337/621 511/827/621 510/341/621
f 507/340/21 512/345/21 511/343/21
f 507/340/622 508/339/622 513/344/622
f 504/336/623 509/342/623 513/344/623
f 510/341/624 515/348/624 514/346/624
f 510/341/296 511/827/296 516/347/296
f 512/345/297 517/351/297 516/349/297
f 512/345/625 513/344/625 518/350/625
f 513/344/299 509/342/299 514/346/299
f 514/346/300 515/348/300 520/352/300
f 515/348/301 516/347/301 521/354/301
f 517/351/626 522/357/626 521/355/626
f 517/351/627 518/350/627 523/356/627
f 518/350/304 514/346/304 519/353/304
f 519/353/305 520/352/305 525/358/305
f 521/354/628 526/233/628 525/358/628
f 521/355/307 522/357/307 527/360/307
f 522/357/629 523/356/629 528/362/629
f 523/356/630 519/353/630 524/359/630
f 525/363/310 530/367/310 529/364/310
f 526/366/631 531/375/631 530/367/631
f 527/368/312 532/372/312 531/369/312
f 528/371/313 533/373/313 532/372/313
f 528/371/314 524/365/314 529/364/314
f 530/367/315 535/376/315 534/374/315
f 531/375/316 536/382/316 535/376/316
f 532/372/317 537/379/317 536/377/317
f 532/372/318 533/373/318 538/378/318
f 529/364/319 534/374/319 538/378/319
f 534/374/632 535/376/632 540/380/632
f 536/382/633 541/387/633 540/380/633
f 536/377/634 537/379/634 542/383/634
f 538/378/635 543/385/635 542/383/635
f 534/374/324 539/381/324 543/385/324
f 540/380/325 545/388/325 544/386/325
f 541/387/636 546/393/636 545/388/636
f 541/384/24 542/383/24 547/389/24
f 543/385/637 548/391/637 547/389/637
f 543/385/638 539/381/638 544/386/638
f 545/388/329 550/394/329 549/392/329
f 546/393/330 551/400/330 550/394/330
f 546/390/331 547/389/331 552/395/331
f 548/391/639 553/397/639 552/395/639
f 544/386/333 549/392/333 553/397/333
f 549/392/334 550/394/334 555/398/334
f 551/400/640 556/828/640 555/398/640
f 552/395/336 557/402/336 556/401/336
f 553/397/641 558/403/641 557/402/641
f 553/397/338 549/392/338 554/399/338
f 555/398/339 490/319/339 489/321/339
f 555/398/340 556/828/340 491/404/340
f 557/402/341 492/324/341 491/326/341
f 558/403/642 493/329/642 492/324/642
f 554/399/343 489/321/343 493/329/343
f 589/410/651 590/412/651 585/406/651
f 585/428/377 588/408/377 586/4/377
f 588/408/378 594/414/378 592/413/378
f 594/414/379 590/431/379 591/429/379
f 602/424/380 591/411/380 589/410/380
f 592/413/381 593/415/381 606/426/381
f 606/426/382 602/424/382 603/435/382
f 596/434/652 603/435/652 601/422/652
f 605/436/653 600/420/653 598/419/653
f 600/420/385 596/434/385 597/417/385
f 584/407/386 597/417/386 595/416/386
f 599/421/387 586/437/387 587/430/387
f 589/410/21 583/405/21 595/416/21
f 590/431/388 594/414/388 588/408/388
f 584/432/389 586/437/389 599/421/389
f 598/419/24 587/438/24 592/433/24
f 602/424/390 606/426/390 593/415/390
f 596/434/391 600/420/391 605/436/391
s 1
f 692/213/420 698/500/431 693/404/421
f 687/216/422 693/326/421 694/496/423
f 688/218/424 694/496/423 695/497/425
f 690/221/427 689/220/426 695/497/425
f 691/223/429 690/221/427 696/498/428
f 692/213/420 691/223/429 697/499/430
f 693/404/421 698/500/431 704/238/432
f 694/496/423 693/326/421 699/361/433
f 695/497/425 694/496/423 700/234/434
f 695/497/425 701/235/435 702/236/436
f 696/498/428 702/236/436 703/237/437
f 697/499/430 703/237/437 704/238/432
usemtl TealPaint
f 414/213/201 415/214/202 409/215/203
f 409/216/203 416/217/204 410/218/205
f 410/218/205 417/219/206 411/220/207
f 412/221/208 417/219/206 418/222/209
f 413/223/210 418/222/209 419/224/211
f 414/213/201 419/224/211 420/225/212
f 415/214/202 426/226/213 421/227/214
f 416/217/204 421/228/214 422/229/215
f 417/219/206 422/229/215 423/230/216
f 417/219/206 424/231/217 418/222/209
f 418/222/209 425/232/218 419/224/211
f 419/224/211 426/226/213 420/225/212
f 426/226/213 427/233/219 421/227/214
f 421/228/214 428/234/220 422/229/215
f 422/229/215 429/235/221 423/230/216
f 424/231/217 429/235/221 430/236/222
f 425/232/218 430/236/222 431/237/223
f 426/226/213 431/237/223 432/238/224
f 433/239/225 438/240/226 434/241/227
f 440/242/228 435/243/229 436/244/230
f 438/240/226 441/245/231 442/246/232
f 443/247/233 440/242/228 444/248/234
f 441/245/231 446/249/235 442/246/232
f 447/250/236 444/248/234 448/251/237
f 445/252/238 450/253/239 446/249/235
f 451/254/240 448/251/237 452/255/241
f 449/256/242 454/257/243 450/253/239
f 456/258/244 451/254/240 452/255/241
f 453/259/245 458/260/246 454/257/243
f 460/261/247 455/262/248 456/258/244
f 458/260/246 461/263/249 462/264/250
f 463/265/251 460/261/247 464/266/252
f 461/263/249 466/267/253 462/264/250
f 468/268/254 463/265/251 464/266/252
f 465/269/255 470/270/256 466/267/253
f 471/271/257 468/268/254 472/272/258
f 469/273/259 474/274/260 470/270/256
f 475/275/261 472/272/258 476/276/262
f 474/274/260 477/277/263 478/278/264
f 479/279/265 476/276/262 480/280/266
f 477/277/263 482/281/267 478/278/264
f 484/282/268 479/279/265 480/280/266
f 481/283/269 486/284/270 482/281/267
f 487/285/271 484/282/268 488/286/272
f 485/287/273 434/241/227 486/284/270
f 435/243/229 488/286/272 436/244/230
f 477/277/263 461/263/249 445/252/238
f 438/288/226 436/289/230 434/290/227
f 434/291/227 488/292/272 486/293/270
f 451/254/240 467/294/274 483/295/275
f 442/296/232 440/297/228 438/288/226
f 446/298/235 444/299/234 442/296/232
f 450/300/239 448/301/237 446/298/235
f 454/302/243 452/303/241 450/300/239
f 458/304/246 456/305/244 454/302/243
f 462/306/250 460/307/247 458/304/246
f 466/308/253 464/309/252 462/306/250
f 470/310/256 468/311/254 466/308/253
f 474/312/260 472/313/258 470/310/256
f 478/314/264 476/315/262 474/312/260
f 482/316/267 480/317/266 478/314/264
f 486/293/270 484/318/268 482/316/267
f 632/241/227 635/439/416 636/240/226
f 637/440/417 634/244/230 638/242/228
f 635/439/416 640/246/232 636/240/226
f 642/248/234 637/440/417 638/242/228
f 640/246/232 643/441/238 644/249/235
f 645/442/236 642/248/234 646/251/237
f 643/441/238 648/443/239 644/249/235
f 649/444/240 646/251/237 650/445/241
f 647/446/242 652/257/243 648/443/239
f 653/447/248 650/445/241 654/258/244
f 651/448/245 656/260/246 652/257/243
f 657/449/418 654/258/244 658/261/247
f 656/260/246 659/450/249 660/264/250
f 661/451/251 658/261/247 662/266/252
f 660/264/250 663/452/255 664/267/253
f 665/453/274 662/266/252 666/268/254
f 663/452/255 668/270/256 664/267/253
f 670/272/258 665/453/274 666/268/254
f 667/454/259 672/455/260 668/270/256
f 674/456/262 669/457/257 670/272/258
f 671/458/419 676/278/264 672/455/260
f 677/459/265 674/456/262 678/460/266
f 675/461/263 680/281/267 676/278/264
f 681/462/275 678/460/266 682/282/268
f 679/463/269 684/284/270 680/281/267
f 685/464/271 682/282/268 686/286/272
f 684/284/270 631/465/225 632/241/227
f 633/466/229 686/286/272 634/244/230
f 675/461/263 659/450/249 643/441/238
f 636/467/226 634/468/230 632/469/227
f 632/470/227 686/471/272 684/472/270
f 649/444/240 665/453/274 681/462/275
f 640/473/232 638/474/228 636/467/226
f 644/475/235 642/476/234 640/473/232
f 648/477/239 646/478/237 644/475/235
f 652/479/243 650/480/241 648/477/239
f 656/481/246 654/482/244 652/479/243
f 660/483/250 658/484/247 656/481/246
f 664/485/253 662/486/252 660/483/250
f 668/487/256 666/488/254 664/485/253
f 672/489/260 670/490/258 668/487/256
f 676/491/264 674/492/262 672/489/260
f 680/493/267 678/494/266 676/491/264
f 684/472/270 682/495/268 680/493/267
s 0
f 777/536/194 779/537/194 778/538/194
f 780/539/2 782/540/2 781/541/2
f 783/542/3 785/543/3 784/544/3
f 786/545/4 788/546/4 787/547/4
f 789/548/5 791/549/5 790/550/5
f 792/551/6 794/552/6 793/553/6
f 795/554/198 797/555/198 796/556/198
f 798/557/199 800/558/199 799/559/199
f 784/544/9 777/536/9 783/542/9
f 779/560/10 780/539/10 778/561/10
f 782/540/11 786/545/11 781/541/11
f 788/546/12 785/562/12 787/547/12
f 795/554/13 785/543/13 783/542/13
f 787/547/14 798/557/14 786/545/14
f 800/558/15 797/555/15 799/559/15
f 790/550/16 795/554/16 789/548/16
f 799/559/17 792/551/17 798/557/17
f 794/552/18 791/549/18 793/553/18
f 778/538/19 789/548/19 777/536/19
f 793/553/20 781/563/20 792/551/20
f 777/536/21 795/554/21 783/542/21
f 784/564/22 782/540/22 779/560/22
f 778/565/23 793/553/23 791/549/23
f 798/557/24 781/566/24 786/567/24
f 796/556/25 787/547/25 785/562/25
f 790/550/26 799/559/26 797/555/26
f 801/536/194 803/537/194 802/538/194
f 804/539/2 806/540/2 805/541/2
f 807/542/440 809/543/440 808/544/440
f 810/545/441 812/546/441 811/547/441
f 813/548/196 815/549/196 814/550/196
f 816/551/197 818/552/197 817/553/197
f 819/554/198 821/555/198 820/556/198
f 822/557/199 824/558/199 823/559/199
f 808/544/9 801/536/9 807/542/9
f 803/560/10 804/539/10 802/561/10
f 805/541/11 812/546/11 810/545/11
f 812/546/12 809/562/12 811/547/12
f 820/556/13 807/542/13 819/554/13
f 811/547/14 822/557/14 810/545/14
f 824/558/15 821/555/15 823/559/15
f 813/548/16 821/555/16 819/554/16
f 823/559/17 816/551/17 822/557/17
f 818/552/18 815/549/18 817/553/18
f 802/538/19 813/548/19 801/536/19
f 817/553/20 805/563/20 816/551/20
f 801/536/21 819/554/21 807/542/21
f 808/564/22 806/540/22 803/560/22
f 802/565/23 817/553/23 815/549/23
f 822/557/24 805/566/24 810/567/24
f 820/556/25 811/547/25 809/562/25
f 814/550/26 823/559/26 821/555/26
s 1
f 414/213/201 420/225/212 415/214/202
f 409/216/203 415/819/202 416/217/204
f 410/218/205 416/217/204 417/219/206
f 412/221/208 411/220/207 417/219/206
f 413/223/210 412/221/208 418/222/209
f 414/213/201 413/223/210 419/224/211
f 415/214/202 420/225/212 426/226/213
f 416/217/204 415/819/202 421/228/214
f 417/219/206 416/217/204 422/229/215
f 417/219/206 423/230/216 424/231/217
f 418/222/209 424/231/217 425/232/218
f 419/224/211 425/232/218 426/226/213
f 426/226/213 432/238/224 427/233/219
f 421/228/214 427/361/219 428/234/220
f 422/229/215 428/234/220 429/235/221
f 424/231/217 423/230/216 429/235/221
f 425/232/218 424/231/217 430/236/222
f 426/226/213 425/232/218 431/237/223
f 433/239/225 437/820/416 438/240/226
f 440/242/228 439/821/417 435/243/229
f 438/240/226 437/820/416 441/245/231
f 443/247/233 439/821/417 440/242/228
f 441/245/231 445/252/238 446/249/235
f 447/250/236 443/247/233 444/248/234
f 445/252/238 449/256/242 450/253/239
f 451/254/240 447/250/236 448/251/237
f 449/256/242 453/259/245 454/257/243
f 456/258/244 455/262/248 451/254/240
f 453/259/245 457/822/617 458/260/246
f 460/261/247 459/823/418 455/262/248
f 458/260/246 457/822/617 461/263/249
f 463/265/251 459/823/418 460/261/247
f 461/263/249 465/269/255 466/267/253
f 468/268/254 467/294/274 463/265/251
f 465/269/255 469/273/259 470/270/256
f 471/271/257 467/294/274 468/268/254
f 469/273/259 473/824/419 474/274/260
f 475/275/261 471/271/257 472/272/258
f 474/274/260 473/824/419 477/277/263
f 479/279/265 475/275/261 476/276/262
f 477/277/263 481/283/269 482/281/267
f 484/282/268 483/295/275 479/279/265
f 481/283/269 485/287/273 486/284/270
f 487/285/271 483/295/275 484/282/268
f 485/287/273 433/239/225 434/241/227
f 435/243/229 487/285/271 488/286/272
f 437/820/416 433/239/225 485/287/273
f 485/287/273 481/283/269 477/277/263
f 477/277/263 473/824/419 469/273/259
f 469/273/259 465/269/255 461/263/249
f 461/263/249 457/822/617 453/259/245
f 453/259/245 449/256/242 445/252/238
f 445/252/238 441/245/231 437/820/416
f 437/820/416 485/287/273 477/277/263
f 477/277/263 469/273/259 461/263/249
f 461/263/249 453/259/245 445/252/238
f 445/252/238 437/820/416 477/277/263
f 438/288/226 440/297/228 436/289/230
f 434/291/227 436/825/230 488/292/272
f 435/243/229 439/821/417 443/247/233
f 443/247/233 447/250/236 451/254/240
f 451/254/240 455/262/248 459/823/418
f 459/823/418 463/265/251 467/294/274
f 467/294/274 471/271/257 475/275/261
f 475/275/261 479/279/265 483/295/275
f 483/295/275 487/285/271 435/243/229
f 435/243/229 443/247/233 451/254/240
f 451/254/240 459/823/418 467/294/274
f 467/294/274 475/275/261 483/295/275
f 483/295/275 435/243/229 451/254/240
f 442/296/232 444/299/234 440/297/228
f 446/298/235 448/301/237 444/299/234
f 450/300/239 452/303/241 448/301/237
f 454/302/243 456/305/244 452/303/241
f 458/304/246 460/307/247 456/305/244
f 462/306/250 464/309/252 460/307/247
f 466/308/253 468/311/254 464/309/252
f 470/310/256 472/313/258 468/311/254
f 474/312/260 476/315/262 472/313/258
f 478/314/264 480/317/266 476/315/262
f 482/316/267 484/318/268 480/317/266
f 486/293/270 488/292/272 484/318/268
f 632/241/227 631/465/225 635/439/416
f 637/440/417 633/466/229 634/244/230
f 635/439/416 639/829/231 640/246/232
f 642/248/234 641/830/233 637/440/417
f 640/246/232 639/829/231 643/441/238
f 645/442/236 641/830/233 642/248/234
f 643/441/238 647/446/242 648/443/239
f 649/444/240 645/442/236 646/251/237
f 647/446/242 651/448/245 652/257/243
f 653/447/248 649/444/240 650/445/241
f 651/448/245 655/831/617 656/260/246
f 657/449/418 653/447/248 654/258/244
f 656/260/246 655/831/617 659/450/249
f 661/451/251 657/449/418 658/261/247
f 660/264/250 659/450/249 663/452/255
f 665/453/274 661/451/251 662/266/252
f 663/452/255 667/454/259 668/270/256
f 670/272/258 669/457/257 665/453/274
f 667/454/259 671/458/419 672/455/260
f 674/456/262 673/832/261 669/457/257
f 671/458/419 675/461/263 676/278/264
f 677/459/265 673/832/261 674/456/262
f 675/461/263 679/463/269 680/281/267
f 681/462/275 677/459/265 678/460/266
f 679/463/269 683/833/273 684/284/270
f 685/464/271 681/462/275 682/282/268
f 684/284/270 683/833/273 631/465/225
f 633/466/229 685/464/271 686/286/272
f 635/439/416 631/465/225 683/833/273
f 683/833/273 679/463/269 675/461/263
f 675/461/263 671/458/419 667/454/259
f 667/454/259 663/452/255 659/450/249
f 659/450/249 655/831/617 651/448/245
f 651/448/245 647/446/242 643/441/238
f 643/441/238 639/829/231 635/439/416
f 635/439/416 683/833/273 675/461/263
f 675/461/263 667/454/259 659/450/249
f 659/450/249 651/448/245 643/441/238
f 643/441/238 635/439/416 675/461/263
f 636/467/226 638/474/228 634/468/230
f 632/470/227 634/834/230 686/471/272
f 633/466/229 637/440/417 641/830/233
f 641/830/233 645/442/236 649/444/240
f 649/444/240 653/447/248 657/449/418
f 657/449/418 661/451/251 665/453/274
f 665/453/274 669/457/257 673/832/261
f 673/832/261 677/459/265 681/462/275
f 681/462/275 685/464/271 633/466/229
f 633/466/229 641/830/233 649/444/240
f 649/444/240 657/449/418 665/453/274
f 665/453/274 673/832/261 681/462/275
f 681/462/275 633/466/229 649/444/240
f 640/473/232 642/476/234 638/474/228
f 644/475/235 646/478/237 642/476/234
f 648/477/239 650/480/241 646/478/237
f 652/479/243 654/482/244 650/480/241
f 656/481/246 658/484/247 654/482/244
f 660/483/250 662/486/252 658/484/247
f 664/485/253 666/488/254 662/486/252
f 668/487/256 670/490/258 666/488/254
f 672/489/260 674/492/262 670/490/258
f 676/491/264 678/494/266 674/492/262
f 680/493/267 682/495/268 678/494/266
f 684/472/270 686/471/272 682/495/268
s 0
f 784/544/9 779/537/9 777/536/9
f 779/560/10 782/540/10 780/539/10
f 782/540/11 788/546/11 786/545/11
f 788/546/12 784/564/12 785/562/12
f 795/554/13 796/556/13 785/543/13
f 787/547/14 800/558/14 798/557/14
f 800/558/15 796/556/15 797/555/15
f 790/550/16 797/555/16 795/554/16
f 799/559/17 794/552/17 792/551/17
f 794/552/18 790/550/18 791/549/18
f 778/538/19 791/549/19 789/548/19
f 793/553/20 780/837/20 781/563/20
f 777/536/21 789/548/21 795/554/21
f 784/564/22 788/546/22 782/540/22
f 778/565/23 780/837/23 793/553/23
f 798/557/24 792/551/24 781/566/24
f 796/556/25 800/558/25 787/547/25
f 790/550/26 794/552/26 799/559/26
f 808/544/9 803/537/9 801/536/9
f 803/560/10 806/540/10 804/539/10
f 805/541/11 806/540/11 812/546/11
f 812/546/12 808/564/12 809/562/12
f 820/556/13 809/543/13 807/542/13
f 811/547/14 824/558/14 822/557/14
f 824/558/15 820/556/15 821/555/15
f 813/548/16 814/550/16 821/555/16
f 823/559/17 818/552/17 816/551/17
f 818/552/18 814/550/18 815/549/18
f 802/538/19 815/549/19 813/548/19
f 817/553/20 804/837/20 805/563/20
f 801/536/21 813/548/21 819/554/21
f 808/564/22 812/546/22 806/540/22
f 802/565/23 804/837/23 817/553/23
f 822/557/24 816/551/24 805/566/24
f 820/556/25 824/558/25 811/547/25
f 814/550/26 818/552/26 823/559/26
usemtl Rope
f 1041/690/452 1047/691/452 1046/692/452
f 1043/693/453 1047/691/453 1042/694/453
f 1044/695/454 1048/696/454 1043/697/454
f 1044/695/455 1050/698/455 1049/699/455
f 1041/690/456 1050/698/456 1045/700/456
f 1047/691/457 1051/701/457 1046/692/457
f 1048/702/458 1052/703/458 1047/691/458
f 1049/699/459 1053/704/459 1048/696/459
f 1050/698/460 1054/705/460 1049/699/460
f 1050/698/461 1051/701/461 1055/706/461
f 1052/703/462 1056/707/462 1051/701/462
f 1053/708/463 1057/709/463 1052/703/463
f 1054/705/464 1058/710/464 1053/704/464
f 1054/705/465 1060/711/465 1059/712/465
f 1051/701/466 1060/711/466 1055/706/466
f 1057/709/467 1061/713/467 1056/707/467
f 1058/714/468 1062/715/468 1057/709/468
f 1059/712/469 1063/716/469 1058/710/469
f 1059/712/470 1065/717/470 1064/718/470
f 1060/711/471 1061/713/471 1065/717/471
f 1062/715/472 1066/719/472 1061/713/472
f 1062/715/473 1068/720/473 1067/721/473
f 1064/718/474 1068/722/474 1063/716/474
f 1065/717/475 1069/723/475 1064/718/475
f 1065/717/476 1066/719/476 1070/724/476
f 1067/721/477 1071/725/477 1066/719/477
f 1068/720/478 1072/726/478 1067/721/478
f 1069/723/479 1073/727/479 1068/722/479
f 1070/724/480 1074/728/480 1069/723/480
f 1066/719/481 1075/729/481 1070/724/481
f 1071/725/482 1077/730/482 1076/731/482
f 1072/726/483 1078/732/483 1077/730/483
f 1074/728/484 1078/733/484 1073/727/484
f 1075/729/485 1079/734/485 1074/728/485
f 1071/725/486 1080/735/486 1075/729/486
f 1077/730/487 1081/736/487 1076/731/487
f 1077/730/488 1083/737/488 1082/738/488
f 1079/734/489 1083/739/489 1078/733/489
f 1080/735/490 1084/740/490 1079/734/490
f 1080/735/491 1081/736/491 1085/741/491
f 1082/738/492 1086/742/492 1081/736/492
f 1082/738/493 1088/743/493 1087/744/493
f 1084/740/494 1088/745/494 1083/739/494
f 1085/741/495 1089/746/495 1084/740/495
f 1085/741/496 1086/742/496 1090/747/496
f 1087/744/497 1091/359/497 1086/742/497
f 1087/744/498 1093/233/498 1092/358/498
f 1089/746/499 1093/361/499 1088/745/499
f 1090/747/500 1094/360/500 1089/746/500
f 1090/747/501 1091/359/501 1095/362/501
f 1091/748/502 1097/749/502 1096/750/502
f 1093/751/503 1097/749/503 1092/752/503
f 1094/753/504 1098/754/504 1093/755/504
f 1094/753/505 1100/756/505 1099/757/505
f 1091/748/506 1100/756/506 1095/758/506
f 1097/749/507 1101/759/507 1096/750/507
f 1097/749/508 1103/760/508 1102/761/508
f 1099/757/509 1103/762/509 1098/754/509
f 1100/756/510 1104/763/510 1099/757/510
f 1100/756/511 1101/759/511 1105/764/511
f 1102/761/512 1106/765/512 1101/759/512
f 1102/761/513 1108/766/513 1107/767/513
f 1104/763/514 1108/768/514 1103/762/514
f 1105/764/515 1109/769/515 1104/763/515
f 1105/764/516 1106/765/516 1110/770/516
f 1107/767/517 1111/771/517 1106/765/517
f 1108/766/518 1112/772/518 1107/767/518
f 1109/769/519 1113/773/519 1108/768/519
f 1109/769/520 1115/774/520 1114/775/520
f 1106/765/521 1115/774/521 1110/770/521
f 1112/772/522 1116/776/522 1111/771/522
f 1113/777/523 1117/778/523 1112/772/523
f 1114/775/524 1118/779/524 1113/773/524
f 1115/774/525 1119/780/525 1114/775/525
f 1115/774/526 1116/776/526 1120/781/526
f 1116/776/527 1122/782/527 1121/783/527
f 1117/778/528 1123/784/528 1122/782/528
f 1119/780/529 1123/785/529 1118/779/529
f 1120/781/530 1124/786/530 1119/780/530
f 1116/776/531 1125/787/531 1120/781/531
f 1121/783/532 1127/788/532 1126/789/532
f 1123/784/533 1127/788/533 1122/782/533
f 1124/786/534 1128/790/534 1123/785/534
f 1124/786/535 1130/791/535 1129/792/535
f 1121/783/536 1130/791/536 1125/787/536
f 1126/789/537 1132/793/537 1131/794/537
f 1128/795/538 1132/793/538 1127/788/538
f 1129/792/539 1133/796/539 1128/790/539
f 1129/792/540 1135/797/540 1134/798/540
f 1126/789/541 1135/797/541 1130/791/541
f 1132/793/542 1136/799/542 1131/794/542
f 1132/793/543 1138/800/543 1137/801/543
f 1134/798/544 1138/802/544 1133/796/544
f 1135/797/545 1139/803/545 1134/798/545
f 1135/797/546 1136/799/546 1140/804/546
f 1137/801/547 1141/805/547 1136/799/547
f 1137/801/548 1143/806/548 1142/807/548
f 1139/803/549 1143/808/549 1138/802/549
f 1140/804/550 1144/809/550 1139/803/550
f 1140/804/551 1141/805/551 1145/810/551
f 1142/807/552 1146/321/552 1141/805/552
f 1142/807/553 1148/404/553 1147/319/553
f 1144/809/554 1148/326/554 1143/808/554
f 1145/810/555 1149/324/555 1144/809/555
f 1141/805/556 1150/329/556 1145/810/556
f 1146/321/557 1042/694/557 1041/690/557
f 1147/319/558 1043/693/558 1042/694/558
f 1149/324/559 1043/697/559 1148/326/559
f 1150/329/560 1044/695/560 1149/324/560
f 1146/321/561 1045/700/561 1150/329/561
f 1152/694/452 1156/692/452 1151/690/452
f 1152/694/453 1158/702/453 1157/691/453
f 1154/695/454 1158/696/454 1153/697/454
f 1155/700/455 1159/699/455 1154/695/455
f 1151/690/562 1160/698/562 1155/700/562
f 1157/691/563 1161/701/563 1156/692/563
f 1158/702/458 1162/703/458 1157/691/458
f 1159/699/459 1163/704/459 1158/696/459
f 1159/699/460 1165/706/460 1164/705/460
f 1160/698/564 1161/701/564 1165/706/564
f 1161/701/462 1167/709/462 1166/707/462
f 1163/708/463 1167/709/463 1162/703/463
f 1164/705/464 1168/710/464 1163/704/464
f 1164/705/465 1170/711/465 1169/712/465
f 1161/701/565 1170/711/565 1165/706/565
f 1167/709/566 1171/713/566 1166/707/566
f 1167/709/468 1173/811/468 1172/715/468
f 1169/712/469 1173/716/469 1168/710/469
f 1170/711/470 1174/718/470 1169/712/470
f 1166/707/567 1175/717/567 1170/711/567
f 1172/715/472 1176/719/472 1171/713/472
f 1172/715/473 1178/720/473 1177/721/473
f 1174/718/474 1178/722/474 1173/716/474
f 1175/717/475 1179/723/475 1174/718/475
f 1171/713/568 1180/724/568 1175/717/568
f 1177/721/477 1181/725/477 1176/719/477
f 1178/720/478 1182/726/478 1177/721/478
f 1179/723/479 1183/727/479 1178/722/479
f 1180/724/480 1184/728/480 1179/723/480
f 1176/719/569 1185/729/569 1180/724/569
f 1182/726/482 1186/731/482 1181/725/482
f 1183/812/483 1187/730/483 1182/726/483
f 1184/728/484 1188/733/484 1183/727/484
f 1184/728/570 1190/735/570 1189/734/570
f 1181/725/571 1190/735/571 1185/729/571
f 1187/730/487 1191/736/487 1186/731/487
f 1187/730/488 1193/737/488 1192/738/488
f 1189/734/489 1193/739/489 1188/733/489
f 1190/735/490 1194/740/490 1189/734/490
f 1190/735/491 1191/736/491 1195/741/491
f 1192/738/492 1196/742/492 1191/736/492
f 1193/737/493 1197/744/493 1192/738/493
f 1194/740/494 1198/745/494 1193/739/494
f 1194/740/495 1200/747/495 1199/746/495
f 1191/736/572 1200/747/572 1195/741/572
f 1196/742/573 1202/358/573 1201/359/573
f 1198/743/498 1202/358/498 1197/744/498
f 1199/746/499 1203/361/499 1198/745/499
f 1199/746/500 1205/362/500 1204/360/500
f 1196/742/574 1205/362/574 1200/747/574
f 1202/752/502 1206/750/502 1201/748/502
f 1202/752/503 1208/813/503 1207/749/503
f 1204/753/504 1208/754/504 1203/755/504
f 1205/758/505 1209/757/505 1204/753/505
f 1201/748/506 1210/756/506 1205/758/506
f 1206/750/507 1212/761/507 1211/759/507
f 1207/749/508 1213/760/508 1212/761/508
f 1209/757/509 1213/762/509 1208/754/509
f 1210/756/510 1214/763/510 1209/757/510
f 1206/750/575 1215/764/575 1210/756/575
f 1212/761/576 1216/765/576 1211/759/576
f 1212/761/513 1218/766/513 1217/767/513
f 1214/763/514 1218/768/514 1213/762/514
f 1215/764/515 1219/769/515 1214/763/515
f 1215/764/577 1216/765/577 1220/770/577
f 1216/765/578 1222/772/578 1221/771/578
f 1218/766/518 1222/772/518 1217/767/518
f 1219/769/579 1223/773/579 1218/768/579
f 1219/769/520 1225/774/520 1224/775/520
f 1216/765/580 1225/774/580 1220/770/580
f 1221/771/581 1227/778/581 1226/776/581
f 1223/777/523 1227/778/523 1222/772/523
f 1224/775/524 1228/779/524 1223/773/524
f 1225/774/525 1229/780/525 1224/775/525
f 1221/771/526 1230/781/526 1225/774/526
f 1226/776/527 1232/782/527 1231/783/527
f 1227/778/528 1233/784/528 1232/782/528
f 1229/780/529 1233/785/529 1228/779/529
f 1230/781/530 1234/786/530 1229/780/530
f 1226/776/531 1235/787/531 1230/781/531
f 1232/782/532 1236/789/532 1231/783/532
f 1233/784/533 1237/788/533 1232/782/533
f 1234/786/534 1238/790/534 1233/785/534
f 1235/787/535 1239/792/535 1234/786/535
f 1231/783/536 1240/791/536 1235/787/536
f 1236/789/537 1242/793/537 1241/794/537
f 1237/788/582 1243/814/582 1242/793/582
f 1239/792/539 1243/796/539 1238/790/539
f 1240/791/540 1244/798/540 1239/792/540
f 1236/789/583 1245/797/583 1240/791/583
f 1242/793/584 1246/799/584 1241/794/584
f 1242/793/543 1248/800/543 1247/801/543
f 1244/798/544 1248/802/544 1243/796/544
f 1245/797/545 1249/803/545 1244/798/545
f 1241/794/585 1250/804/585 1245/797/585
f 1246/799/586 1252/807/586 1251/805/586
f 1248/800/548 1252/807/548 1247/801/548
f 1249/803/549 1253/808/549 1248/802/549
f 1249/803/550 1255/810/550 1254/809/550
f 1246/799/587 1255/810/587 1250/804/587
f 1252/807/552 1256/321/552 1251/805/552
f 1253/806/553 1257/319/553 1252/807/553
f 1254/809/554 1258/326/554 1253/808/554
f 1255/810/555 1259/324/555 1254/809/555
f 1251/805/588 1260/329/588 1255/810/588
f 1256/321/589 1152/694/589 1151/690/589
f 1258/404/558 1152/694/558 1257/319/558
f 1259/324/559 1153/697/559 1258/326/559
f 1259/324/560 1155/700/560 1154/695/560
f 1256/321/561 1155/700/561 1260/329/561
f 1262/694/590 1266/692/590 1261/690/590
f 1262/694/453 1268/702/453 1267/691/453
f 1264/695/454 1268/696/454 1263/697/454
f 1265/700/455 1269/699/455 1264/695/455
f 1265/700/562 1266/692/562 1270/698/562
f 1267/691/457 1271/701/457 1266/692/457
f 1268/702/458 1272/703/458 1267/691/458
f 1269/699/459 1273/704/459 1268/696/459
f 1270/698/460 1274/705/460 1269/699/460
f 1270/698/564 1271/701/564 1275/706/564
f 1271/701/462 1277/709/462 1276/707/462
f 1273/708/463 1277/709/463 1272/703/463
f 1274/705/591 1278/710/591 1273/704/591
f 1274/705/465 1280/711/465 1279/712/465
f 1275/706/592 1276/707/592 1280/711/592
f 1277/709/566 1281/713/566 1276/707/566
f 1277/709/468 1283/811/468 1282/715/468
f 1279/712/469 1283/716/469 1278/710/469
f 1279/712/470 1285/717/470 1284/718/470
f 1280/711/471 1281/713/471 1285/717/471
f 1282/715/472 1286/719/472 1281/713/472
f 1282/715/593 1288/720/593 1287/721/593
f 1284/718/474 1288/722/474 1283/716/474
f 1285/717/475 1289/723/475 1284/718/475
f 1285/717/568 1286/719/568 1290/724/568
f 1287/721/477 1291/725/477 1286/719/477
f 1287/721/478 1293/812/478 1292/726/478
f 1289/723/479 1293/727/479 1288/722/479
f 1290/724/480 1294/728/480 1289/723/480
f 1286/719/569 1295/729/569 1290/724/569
f 1291/725/594 1297/730/594 1296/731/594
f 1292/726/483 1298/732/483 1297/730/483
f 1294/728/484 1298/733/484 1293/727/484
f 1295/729/570 1299/734/570 1294/728/570
f 1291/725/571 1300/735/571 1295/729/571
f 1297/730/487 1301/736/487 1296/731/487
f 1298/732/488 1302/738/488 1297/730/488
f 1299/734/489 1303/739/489 1298/733/489
f 1299/734/490 1305/741/490 1304/740/490
f 1300/735/595 1301/736/595 1305/741/595
f 1302/738/492 1306/742/492 1301/736/492
f 1303/737/493 1307/744/493 1302/738/493
f 1304/740/596 1308/745/596 1303/739/596
f 1305/741/495 1309/746/495 1304/740/495
f 1301/736/496 1310/747/496 1305/741/496
f 1307/744/573 1311/359/573 1306/742/573
f 1308/743/498 1312/358/498 1307/744/498
f 1309/746/499 1313/361/499 1308/745/499
f 1310/747/500 1314/360/500 1309/746/500
f 1310/747/574 1311/359/574 1315/362/574
f 1312/752/502 1316/750/502 1311/748/502
f 1312/752/503 1318/813/503 1317/749/503
f 1314/753/504 1318/754/504 1313/755/504
f 1315/758/505 1319/757/505 1314/753/505
f 1315/758/506 1316/750/506 1320/756/506
f 1316/750/507 1322/761/507 1321/759/507
f 1318/813/508 1322/761/508 1317/749/508
f 1319/757/509 1323/762/509 1318/754/509
f 1319/757/510 1325/764/510 1324/763/510
f 1316/750/575 1325/764/575 1320/756/575
f 1321/759/512 1327/767/512 1326/765/512
f 1323/760/513 1327/767/513 1322/761/513
f 1324/763/514 1328/768/514 1323/762/514
f 1324/763/515 1330/770/515 1329/769/515
f 1321/759/516 1330/770/516 1325/764/516
f 1326/765/517 1332/772/517 1331/771/517
f 1327/767/518 1333/777/518 1332/772/518
f 1329/769/579 1333/773/579 1328/768/579
f 1330/770/520 1334/775/520 1329/769/520
f 1326/765/521 1335/774/521 1330/770/521
f 1331/771/522 1337/778/522 1336/776/522
f 1332/772/523 1338/815/523 1337/778/523
f 1334/775/524 1338/779/524 1333/773/524
f 1335/774/525 1339/780/525 1334/775/525
f 1335/774/597 1336/776/597 1340/781/597
f 1337/778/527 1341/783/527 1336/776/527
f 1338/815/598 1342/782/598 1337/778/598
f 1339/780/529 1343/785/529 1338/779/529
f 1339/780/530 1345/787/530 1344/786/530
f 1336/776/599 1345/787/599 1340/781/599
f 1342/782/532 1346/789/532 1341/783/532
f 1343/784/533 1347/788/533 1342/782/533
f 1344/786/534 1348/790/534 1343/785/534
f 1344/786/535 1350/791/535 1349/792/535
f 1341/783/600 1350/791/600 1345/787/600
f 1346/789/601 1352/793/601 1351/794/601
f 1347/788/582 1353/814/582 1352/793/582
f 1349/792/539 1353/796/539 1348/790/539
f 1350/791/540 1354/798/540 1349/792/540
f 1346/789/583 1355/797/583 1350/791/583
f 1352/793/584 1356/799/584 1351/794/584
f 1353/814/543 1357/801/543 1352/793/543
f 1354/798/544 1358/802/544 1353/796/544
f 1354/798/545 1360/804/545 1359/803/545
f 1355/797/546 1356/799/546 1360/804/546
f 1356/799/586 1362/807/586 1361/805/586
f 1358/800/548 1362/807/548 1357/801/548
f 1359/803/602 1363/808/602 1358/802/602
f 1360/804/550 1364/809/550 1359/803/550
f 1360/804/587 1361/805/587 1365/810/587
f 1362/807/603 1366/321/603 1361/805/603
f 1362/807/553 1368/404/553 1367/319/553
f 1364/809/554 1368/326/554 1363/808/554
f 1365/810/555 1369/324/555 1364/809/555
f 1365/810/556 1366/321/556 1370/329/556
f 1367/319/557 1261/690/557 1366/321/557
f 1368/404/558 1262/694/558 1367/319/558
f 1369/324/559 1263/697/559 1368/326/559
f 1369/324/560 1265/700/560 1264/695/560
f 1366/321/604 1265/700/604 1370/329/604
f 1041/690/590 1042/694/590 1047/691/590
f 1043/693/453 1048/702/453 1047/691/453
f 1044/695/454 1049/699/454 1048/696/454
f 1044/695/455 1045/700/455 1050/698/455
f 1041/690/562 1046/692/562 1050/698/562
f 1047/691/457 1052/703/457 1051/701/457
f 1048/702/458 1053/708/458 1052/703/458
f 1049/699/459 1054/705/459 1053/704/459
f 1050/698/460 1055/706/460 1054/705/460
f 1050/698/461 1046/692/461 1051/701/461
f 1052/703/654 1057/709/654 1056/707/654
f 1053/708/463 1058/714/463 1057/709/463
f 1054/705/464 1059/712/464 1058/710/464
f 1054/705/465 1055/706/465 1060/711/465
f 1051/701/592 1056/707/592 1060/711/592
f 1057/709/467 1062/715/467 1061/713/467
f 1058/714/468 1063/811/468 1062/715/468
f 1059/712/469 1064/718/469 1063/716/469
f 1059/712/470 1060/711/470 1065/717/470
f 1060/711/471 1056/707/471 1061/713/471
f 1062/715/472 1067/721/472 1066/719/472
f 1062/715/593 1063/811/593 1068/720/593
f 1064/718/474 1069/723/474 1068/722/474
f 1065/717/655 1070/724/655 1069/723/655
f 1065/717/476 1061/713/476 1066/719/476
f 1067/721/656 1072/726/656 1071/725/656
f 1068/720/478 1073/812/478 1072/726/478
f 1069/723/479 1074/728/479 1073/727/479
f 1070/724/480 1075/729/480 1074/728/480
f 1066/719/569 1071/725/569 1075/729/569
f 1071/725/482 1072/726/482 1077/730/482
f 1072/726/657 1073/812/657 1078/732/657
f 1074/728/484 1079/734/484 1078/733/484
f 1075/729/570 1080/735/570 1079/734/570
f 1071/725/486 1076/731/486 1080/735/486
f 1077/730/658 1082/738/658 1081/736/658
f 1077/730/488 1078/732/488 1083/737/488
f 1079/734/489 1084/740/489 1083/739/489
f 1080/735/490 1085/741/490 1084/740/490
f 1080/735/595 1076/731/595 1081/736/595
f 1082/738/659 1087/744/659 1086/742/659
f 1082/738/493 1083/737/493 1088/743/493
f 1084/740/494 1089/746/494 1088/745/494
f 1085/741/495 1090/747/495 1089/746/495
f 1085/741/572 1081/736/572 1086/742/572
f 1087/744/573 1092/358/573 1091/359/573
f 1087/744/498 1088/743/498 1093/233/498
f 1089/746/499 1094/360/499 1093/361/499
f 1090/747/500 1095/362/500 1094/360/500
f 1090/747/574 1086/742/574 1091/359/574
f 1091/748/660 1092/752/660 1097/749/660
f 1093/751/503 1098/813/503 1097/749/503
f 1094/753/504 1099/757/504 1098/754/504
f 1094/753/505 1095/758/505 1100/756/505
f 1091/748/661 1096/750/661 1100/756/661
f 1097/749/507 1102/761/507 1101/759/507
f 1097/749/508 1098/813/508 1103/760/508
f 1099/757/509 1104/763/509 1103/762/509
f 1100/756/510 1105/764/510 1104/763/510
f 1100/756/511 1096/750/511 1101/759/511
f 1102/761/576 1107/767/576 1106/765/576
f 1102/761/513 1103/760/513 1108/766/513
f 1104/763/514 1109/769/514 1108/768/514
f 1105/764/515 1110/770/515 1109/769/515
f 1105/764/577 1101/759/577 1106/765/577
f 1107/767/517 1112/772/517 1111/771/517
f 1108/766/518 1113/777/518 1112/772/518
f 1109/769/519 1114/775/519 1113/773/519
f 1109/769/520 1110/770/520 1115/774/520
f 1106/765/580 1111/771/580 1115/774/580
f 1112/772/581 1117/778/581 1116/776/581
f 1113/777/523 1118/815/523 1117/778/523
f 1114/775/524 1119/780/524 1118/779/524
f 1115/774/525 1120/781/525 1119/780/525
f 1115/774/526 1111/771/526 1116/776/526
f 1116/776/527 1117/778/527 1122/782/527
f 1117/778/598 1118/815/598 1123/784/598
f 1119/780/529 1124/786/529 1123/785/529
f 1120/781/662 1125/787/662 1124/786/662
f 1116/776/531 1121/783/531 1125/787/531
f 1121/783/532 1122/782/532 1127/788/532
f 1123/784/533 1128/795/533 1127/788/533
f 1124/786/534 1129/792/534 1128/790/534
f 1124/786/535 1125/787/535 1130/791/535
f 1121/783/536 1126/789/536 1130/791/536
f 1126/789/537 1127/788/537 1132/793/537
f 1128/795/582 1133/814/582 1132/793/582
f 1129/792/539 1134/798/539 1133/796/539
f 1129/792/663 1130/791/663 1135/797/663
f 1126/789/541 1131/794/541 1135/797/541
f 1132/793/542 1137/801/542 1136/799/542
f 1132/793/543 1133/814/543 1138/800/543
f 1134/798/544 1139/803/544 1138/802/544
f 1135/797/545 1140/804/545 1139/803/545
f 1135/797/546 1131/794/546 1136/799/546
f 1137/801/664 1142/807/664 1141/805/664
f 1137/801/548 1138/800/548 1143/806/548
f 1139/803/549 1144/809/549 1143/808/549
f 1140/804/550 1145/810/550 1144/809/550
f 1140/804/665 1136/799/665 1141/805/665
f 1142/807/552 1147/319/552 1146/321/552
f 1142/807/553 1143/806/553 1148/404/553
f 1144/809/554 1149/324/554 1148/326/554
f 1145/810/555 1150/329/555 1149/324/555
f 1141/805/556 1146/321/556 1150/329/556
f 1146/321/557 1147/319/557 1042/694/557
f 1147/319/558 1148/404/558 1043/693/558
f 1149/324/559 1044/695/559 1043/697/559
f 1150/329/560 1045/700/560 1044/695/560
f 1146/321/604 1041/690/604 1045/700/604
f 1152/694/590 1157/691/590 1156/692/590
f 1152/694/453 1153/693/453 1158/702/453
f 1154/695/454 1159/699/454 1158/696/454
f 1155/700/455 1160/698/455 1159/699/455
f 1151/690/456 1156/692/456 1160/698/456
f 1157/691/563 1162/703/563 1161/701/563
f 1158/702/458 1163/708/458 1162/703/458
f 1159/699/459 1164/705/459 1163/704/459
f 1159/699/460 1160/698/460 1165/706/460
f 1160/698/564 1156/692/564 1161/701/564
f 1161/701/654 1162/703/654 1167/709/654
f 1163/708/463 1168/714/463 1167/709/463
f 1164/705/464 1169/712/464 1168/710/464
f 1164/705/465 1165/706/465 1170/711/465
f 1161/701/592 1166/707/592 1170/711/592
f 1167/709/467 1172/715/467 1171/713/467
f 1167/709/468 1168/714/468 1173/811/468
f 1169/712/469 1174/718/469 1173/716/469
f 1170/711/470 1175/717/470 1174/718/470
f 1166/707/471 1171/713/471 1175/717/471
f 1172/715/666 1177/721/666 1176/719/666
f 1172/715/593 1173/811/593 1178/720/593
f 1174/718/474 1179/723/474 1178/722/474
f 1175/717/655 1180/724/655 1179/723/655
f 1171/713/476 1176/719/476 1180/724/476
f 1177/721/656 1182/726/656 1181/725/656
f 1178/720/478 1183/812/478 1182/726/478
f 1179/723/479 1184/728/479 1183/727/479
f 1180/724/480 1185/729/480 1184/728/480
f 1176/719/481 1181/725/481 1185/729/481
f 1182/726/482 1187/730/482 1186/731/482
f 1183/812/483 1188/732/483 1187/730/483
f 1184/728/484 1189/734/484 1188/733/484
f 1184/728/570 1185/729/570 1190/735/570
f 1181/725/486 1186/731/486 1190/735/486
f 1187/730/658 1192/738/658 1191/736/658
f 1187/730/488 1188/732/488 1193/737/488
f 1189/734/489 1194/740/489 1193/739/489
f 1190/735/490 1195/741/490 1194/740/490
f 1190/735/595 1186/731/595 1191/736/595
f 1192/738/659 1197/744/659 1196/742/659
f 1193/737/493 1198/743/493 1197/744/493
f 1194/740/494 1199/746/494 1198/745/494
f 1194/740/495 1195/741/495 1200/747/495
f 1191/736/496 1196/742/496 1200/747/496
f 1196/742/497 1197/744/497 1202/358/497
f 1198/743/498 1203/233/498 1202/358/498
f 1199/746/499 1204/360/499 1203/361/499
f 1199/746/500 1200/747/500 1205/362/500
f 1196/742/501 1201/359/501 1205/362/501
f 1202/752/660 1207/749/660 1206/750/660
f 1202/752/503 1203/751/503 1208/813/503
f 1204/753/504 1209/757/504 1208/754/504
f 1205/758/505 1210/756/505 1209/757/505
f 1201/748/506 1206/750/506 1210/756/506
f 1206/750/667 1207/749/667 1212/761/667
f 1207/749/508 1208/813/508 1213/760/508
f 1209/757/509 1214/763/509 1213/762/509
f 1210/756/510 1215/764/510 1214/763/510
f 1206/750/511 1211/759/511 1215/764/511
f 1212/761/512 1217/767/512 1216/765/512
f 1212/761/513 1213/760/513 1218/766/513
f 1214/763/514 1219/769/514 1218/768/514
f 1215/764/515 1220/770/515 1219/769/515
f 1215/764/516 1211/759/516 1216/765/516
f 1216/765/517 1217/767/517 1222/772/517
f 1218/766/518 1223/777/518 1222/772/518
f 1219/769/579 1224/775/579 1223/773/579
f 1219/769/520 1220/770/520 1225/774/520
f 1216/765/668 1221/771/668 1225/774/668
f 1221/771/522 1222/772/522 1227/778/522
f 1223/777/523 1228/815/523 1227/778/523
f 1224/775/524 1229/780/524 1228/779/524
f 1225/774/525 1230/781/525 1229/780/525
f 1221/771/597 1226/776/597 1230/781/597
f 1226/776/527 1227/778/527 1232/782/527
f 1227/778/598 1228/815/598 1233/784/598
f 1229/780/529 1234/786/529 1233/785/529
f 1230/781/662 1235/787/662 1234/786/662
f 1226/776/531 1231/783/531 1235/787/531
f 1232/782/532 1237/788/532 1236/789/532
f 1233/784/533 1238/795/533 1237/788/533
f 1234/786/534 1239/792/534 1238/790/534
f 1235/787/535 1240/791/535 1239/792/535
f 1231/783/536 1236/789/536 1240/791/536
f 1236/789/601 1237/788/601 1242/793/601
f 1237/788/582 1238/795/582 1243/814/582
f 1239/792/539 1244/798/539 1243/796/539
f 1240/791/540 1245/797/540 1244/798/540
f 1236/789/541 1241/794/541 1245/797/541
f 1242/793/542 1247/801/542 1246/799/542
f 1242/793/543 1243/814/543 1248/800/543
f 1244/798/544 1249/803/544 1248/802/544
f 1245/797/545 1250/804/545 1249/803/545
f 1241/794/546 1246/799/546 1250/804/546
f 1246/799/586 1247/801/586 1252/807/586
f 1248/800/548 1253/806/548 1252/807/548
f 1249/803/549 1254/809/549 1253/808/549
f 1249/803/550 1250/804/550 1255/810/550
f 1246/799/587 1251/805/587 1255/810/587
f 1252/807/603 1257/319/603 1256/321/603
f 1253/806/553 1258/404/553 1257/319/553
f 1254/809/554 1259/324/554 1258/326/554
f 1255/810/555 1260/329/555 1259/324/555
f 1251/805/588 1256/321/588 1260/329/588
f 1256/321/589 1257/319/589 1152/694/589
f 1258/404/558 1153/693/558 1152/694/558
f 1259/324/559 1154/695/559 1153/697/559
f 1259/324/560 1260/329/560 1155/700/560
f 1256/321/561 1151/690/561 1155/700/561
f 1262/694/452 1267/691/452 1266/692/452
f 1262/694/453 1263/693/453 1268/702/453
f 1264/695/454 1269/699/454 1268/696/454
f 1265/700/455 1270/698/455 1269/699/455
f 1265/700/456 1261/690/456 1266/692/456
f 1267/691/563 1272/703/563 1271/701/563
f 1268/702/458 1273/708/458 1272/703/458
f 1269/699/459 1274/705/459 1273/704/459
f 1270/698/460 1275/706/460 1274/705/460
f 1270/698/461 1266/692/461 1271/701/461
f 1271/701/654 1272/703/654 1277/709/654
f 1273/708/463 1278/714/463 1277/709/463
f 1274/705/591 1279/712/591 1278/710/591
f 1274/705/465 1275/706/465 1280/711/465
f 1275/706/592 1271/701/592 1276/707/592
f 1277/709/467 1282/715/467 1281/713/467
f 1277/709/468 1278/714/468 1283/811/468
f 1279/712/469 1284/718/469 1283/716/469
f 1279/712/470 1280/711/470 1285/717/470
f 1280/711/567 1276/707/567 1281/713/567
f 1282/715/666 1287/721/666 1286/719/666
f 1282/715/593 1283/811/593 1288/720/593
f 1284/718/474 1289/723/474 1288/722/474
f 1285/717/475 1290/724/475 1289/723/475
f 1285/717/476 1281/713/476 1286/719/476
f 1287/721/656 1292/726/656 1291/725/656
f 1287/721/478 1288/720/478 1293/812/478
f 1289/723/479 1294/728/479 1293/727/479
f 1290/724/480 1295/729/480 1294/728/480
f 1286/719/481 1291/725/481 1295/729/481
f 1291/725/594 1292/726/594 1297/730/594
f 1292/726/483 1293/812/483 1298/732/483
f 1294/728/484 1299/734/484 1298/733/484
f 1295/729/570 1300/735/570 1299/734/570
f 1291/725/571 1296/731/571 1300/735/571
f 1297/730/487 1302/738/487 1301/736/487
f 1298/732/488 1303/737/488 1302/738/488
f 1299/734/489 1304/740/489 1303/739/489
f 1299/734/490 1300/735/490 1305/741/490
f 1300/735/595 1296/731/595 1301/736/595
f 1302/738/659 1307/744/659 1306/742/659
f 1303/737/493 1308/743/493 1307/744/493
f 1304/740/596 1309/746/596 1308/745/596
f 1305/741/495 1310/747/495 1309/746/495
f 1301/736/572 1306/742/572 1310/747/572
f 1307/744/497 1312/358/497 1311/359/497
f 1308/743/498 1313/233/498 1312/358/498
f 1309/746/499 1314/360/499 1313/361/499
f 1310/747/500 1315/362/500 1314/360/500
f 1310/747/501 1306/742/501 1311/359/501
f 1312/752/660 1317/749/660 1316/750/660
f 1312/752/503 1313/751/503 1318/813/503
f 1314/753/504 1319/757/504 1318/754/504
f 1315/758/505 1320/756/505 1319/757/505
f 1315/758/661 1311/748/661 1316/750/661
f 1316/750/667 1317/749/667 1322/761/667
f 1318/813/508 1323/760/508 1322/761/508
f 1319/757/509 1324/763/509 1323/762/509
f 1319/757/510 1320/756/510 1325/764/510
f 1316/750/511 1321/759/511 1325/764/511
f 1321/759/576 1322/761/576 1327/767/576
f 1323/760/513 1328/766/513 1327/767/513
f 1324/763/514 1329/769/514 1328/768/514
f 1324/763/515 1325/764/515 1330/770/515
f 1321/759/577 1326/765/577 1330/770/577
f 1326/765/669 1327/767/669 1332/772/669
f 1327/767/518 1328/766/518 1333/777/518
f 1329/769/579 1334/775/579 1333/773/579
f 1330/770/520 1335/774/520 1334/775/520
f 1326/765/580 1331/771/580 1335/774/580
f 1331/771/581 1332/772/581 1337/778/581
f 1332/772/523 1333/777/523 1338/815/523
f 1334/775/524 1339/780/524 1338/779/524
f 1335/774/525 1340/781/525 1339/780/525
f 1335/774/526 1331/771/526 1336/776/526
f 1337/778/670 1342/782/670 1341/783/670
f 1338/815/598 1343/784/598 1342/782/598
f 1339/780/529 1344/786/529 1343/785/529
f 1339/780/530 1340/781/530 1345/787/530
f 1336/776/531 1341/783/531 1345/787/531
f 1342/782/671 1347/788/671 1346/789/671
f 1343/784/533 1348/795/533 1347/788/533
f 1344/786/534 1349/792/534 1348/790/534
f 1344/786/535 1345/787/535 1350/791/535
f 1341/783/536 1346/789/536 1350/791/536
f 1346/789/601 1347/788/601 1352/793/601
f 1347/788/582 1348/795/582 1353/814/582
f 1349/792/539 1354/798/539 1353/796/539
f 1350/791/540 1355/797/540 1354/798/540
f 1346/789/583 1351/794/583 1355/797/583
f 1352/793/542 1357/801/542 1356/799/542
f 1353/814/543 1358/800/543 1357/801/543
f 1354/798/544 1359/803/544 1358/802/544
f 1354/798/545 1355/797/545 1360/804/545
f 1355/797/585 1351/794/585 1356/799/585
f 1356/799/664 1357/801/664 1362/807/664
f 1358/800/548 1363/806/548 1362/807/548
f 1359/803/602 1364/809/602 1363/808/602
f 1360/804/550 1365/810/550 1364/809/550
f 1360/804/551 1356/799/551 1361/805/551
f 1362/807/552 1367/319/552 1366/321/552
f 1362/807/553 1363/806/553 1368/404/553
f 1364/809/554 1369/324/554 1368/326/554
f 1365/810/555 1370/329/555 1369/324/555
f 1365/810/588 1361/805/588 1366/321/588
f 1367/319/557 1262/694/557 1261/690/557
f 1368/404/558 1263/693/558 1262/694/558
f 1369/324/559 1264/695/559 1263/697/559
f 1369/324/560 1370/329/560 1265/700/560
f 1366/321/604 1261/690/604 1265/700/604
