# Blender 5.2.1 LTS
# www.blender.org
mtllib SM_LT_HubSlice_GroundDressing.mtl
o SM_LT_HubSlice_GroundDressing.001
v -732.500000 1327.500000 125.000000
v -732.500000 1332.000000 129.500000
v -737.000000 1327.500000 129.500000
v -732.500000 1332.000000 138.500000
v -732.500000 1327.500000 143.000000
v -737.000000 1327.500000 138.500000
v -732.500000 1312.500000 125.000000
v -737.000000 1312.500000 129.500000
v -732.500000 1308.000000 129.500000
v -732.500000 1312.500000 143.000000
v -732.500000 1308.000000 138.500000
v -737.000000 1312.500000 138.500000
v -707.500000 1327.500000 125.000000
v -703.000000 1327.500000 129.500000
v -707.500000 1332.000000 129.500000
v -707.500000 1327.500000 143.000000
v -707.500000 1332.000000 138.500000
v -703.000000 1327.500000 138.500000
v -707.500000 1312.500000 125.000000
v -707.500000 1308.000000 129.500000
v -703.000000 1312.500000 129.500000
v -707.500000 1312.500000 143.000000
v -703.000000 1312.500000 138.500000
v -707.500000 1308.000000 138.500000
v 217.801819 2293.718750 125.000000
v 219.429688 2298.446289 130.000000
v 213.074219 2295.346680 130.000000
v 219.429688 2298.446289 140.000000
v 217.801819 2293.718750 145.000000
v 213.074219 2295.346680 140.000000
v 211.941589 2276.699463 125.000000
v 207.213989 2278.327148 130.000000
v 210.313721 2271.971680 130.000000
v 211.941589 2276.699463 145.000000
v 210.313721 2271.971680 140.000000
v 207.213989 2278.327148 140.000000
v 248.058411 2283.300537 125.000000
v 252.786011 2281.672852 130.000000
v 249.686279 2288.028320 130.000000
v 248.058411 2283.300537 145.000000
v 249.686279 2288.028320 140.000000
v 252.786011 2281.672852 140.000000
v 242.198181 2266.281250 125.000000
v 240.570312 2261.553711 130.000000
v 246.925781 2264.653320 130.000000
v 242.198181 2266.281250 145.000000
v 246.925781 2264.653320 140.000000
v 240.570312 2261.553711 140.000000
v 2060.273438 2734.096680 125.000000
v 2063.351562 2738.036621 130.000000
v 2056.333252 2737.174805 130.000000
v 2063.351562 2738.036621 144.000000
v 2060.273438 2734.096680 149.000000
v 2056.333252 2737.174805 144.000000
v 2044.266113 2713.608398 125.000000
v 2040.326172 2716.686523 130.000000
v 2041.187744 2709.668213 130.000000
v 2044.266113 2713.608398 149.000000
v 2041.187744 2709.668213 144.000000
v 2040.326172 2716.686523 144.000000
v 2095.733887 2706.391602 125.000000
v 2099.673828 2703.313477 130.000000
v 2098.812256 2710.331787 130.000000
v 2095.733887 2706.391602 149.000000
v 2098.812256 2710.331787 144.000000
v 2099.673828 2703.313477 144.000000
v 2079.726562 2685.903320 125.000000
v 2076.648438 2681.963379 130.000000
v 2083.666748 2682.825195 130.000000
v 2079.726562 2685.903320 149.000000
v 2083.666748 2682.825195 144.000000
v 2076.648438 2681.963379 144.000000
v 2348.812012 2486.517822 125.000000
v 2352.586182 2488.968750 129.500000
v 2346.361328 2490.291992 129.500000
v 2352.586182 2488.968750 138.500000
v 2348.812012 2486.517822 143.000000
v 2346.361328 2490.291992 138.500000
v 2335.393311 2477.803711 125.000000
v 2332.942383 2481.577637 129.500000
v 2331.619385 2475.352783 129.500000
v 2335.393311 2477.803711 143.000000
v 2331.619385 2475.352783 138.500000
v 2332.942383 2481.577637 138.500000
v 2364.606689 2462.196289 125.000000
v 2367.057617 2458.422363 129.500000
v 2368.380615 2464.647217 129.500000
v 2364.606689 2462.196289 143.000000
v 2368.380615 2464.647217 138.500000
v 2367.057617 2458.422363 138.500000
v 2351.187988 2453.482178 125.000000
v 2347.413818 2451.031250 129.500000
v 2353.638672 2449.708008 129.500000
v 2351.187988 2453.482178 143.000000
v 2353.638672 2449.708008 138.500000
v 2347.413818 2451.031250 138.500000
v -515.928894 2113.640137 125.000000
v -512.290283 2114.547363 128.750000
v -516.836121 2117.278809 128.750000
v -512.290283 2114.547363 136.250000
v -515.928894 2113.640137 140.000000
v -516.836121 2117.278809 136.250000
v -529.998169 2110.132324 125.000000
v -530.905396 2113.770752 128.750000
v -533.636780 2109.225098 128.750000
v -529.998169 2110.132324 140.000000
v -533.636780 2109.225098 136.250000
v -530.905396 2113.770752 136.250000
v -510.001831 2089.867676 125.000000
v -509.094604 2086.229248 128.750000
v -506.363220 2090.774902 128.750000
v -510.001831 2089.867676 140.000000
v -506.363220 2090.774902 136.250000
v -509.094604 2086.229248 136.250000
v -524.071106 2086.359863 125.000000
v -527.709717 2085.452637 128.750000
v -523.163879 2082.721191 128.750000
v -524.071106 2086.359863 140.000000
v -523.163879 2082.721191 136.250000
v -527.709717 2085.452637 136.250000
v -654.635925 1434.051392 130.126968
v -652.781555 1432.000000 130.876175
v -645.364075 1434.051392 133.873032
v -647.218445 1432.000000 133.123825
v -652.043701 1435.630859 123.711021
v -649.855896 1433.782593 123.634964
v -642.771851 1435.630859 127.457085
v -644.292786 1433.782593 125.882599
v -649.964905 1440.056274 118.565826
v -647.509705 1438.777222 117.827957
v -640.693054 1440.056274 122.311890
v -641.946655 1438.777222 120.075592
v -648.811279 1446.451172 115.710464
v -646.207703 1445.994629 114.605309
v -639.539429 1446.451172 119.456528
v -640.644592 1445.994629 116.852951
v -648.811279 1453.548828 115.710464
v -646.207703 1454.005371 114.605309
v -639.539429 1453.548828 119.456528
v -640.644592 1454.005371 116.852951
v -649.964905 1459.943726 118.565826
v -647.509705 1461.222778 117.827957
v -640.693054 1459.943726 122.311890
v -641.946655 1461.222778 120.075592
v -652.043701 1464.369141 123.711021
v -649.855896 1466.217407 123.634964
v -642.771851 1464.369141 127.457085
v -644.292786 1466.217407 125.882599
v -654.635925 1465.948608 130.126968
v -652.781555 1468.000000 130.876175
v -645.364075 1465.948608 133.873032
v -647.218445 1468.000000 133.123825
v -657.228149 1464.369141 136.542908
v -655.707214 1466.217407 138.117401
v -647.956299 1464.369141 140.288986
v -650.144104 1466.217407 140.365036
v -659.306946 1459.943726 141.688110
v -658.053406 1461.222778 143.924408
v -650.035095 1459.943726 145.434174
v -652.490295 1461.222778 146.172043
v -660.460571 1453.548828 144.543472
v -659.355408 1454.005371 147.147049
v -651.188721 1453.548828 148.289536
v -653.792297 1454.005371 149.394699
v -660.460571 1446.451172 144.543472
v -659.355408 1445.994629 147.147049
v -651.188721 1446.451172 148.289536
v -653.792297 1445.994629 149.394699
v -659.306946 1440.056274 141.688110
v -658.053406 1438.777222 143.924408
v -650.035095 1440.056274 145.434174
v -652.490295 1438.777222 146.172043
v -657.228149 1435.630859 136.542908
v -655.707214 1433.782593 138.117401
v -647.956299 1435.630859 140.288986
v -650.144104 1433.782593 140.365036
v -637.000000 1450.000000 136.000000
v -638.381958 1451.902100 136.000000
v -640.618042 1451.175537 136.000000
v -640.618042 1448.824463 136.000000
v -638.381958 1448.097900 136.000000
v -638.287415 1450.000000 141.640488
v -639.532532 1451.902100 141.040878
v -641.547119 1451.175537 140.070679
v -641.547119 1448.824463 140.070679
v -639.532532 1448.097900 141.040878
v -641.894653 1450.000000 146.163818
v -642.756287 1451.902100 145.083344
v -644.150452 1451.175537 143.335114
v -644.150452 1448.824463 143.335114
v -642.756287 1448.097900 145.083344
v -647.107239 1450.000000 148.674057
v -647.414734 1451.902100 147.326752
v -647.912292 1451.175537 145.146744
v -647.912292 1448.824463 145.146744
v -647.414734 1448.097900 147.326752
v -652.892761 1450.000000 148.674057
v -652.585266 1451.902100 147.326752
v -652.087708 1451.175537 145.146744
v -652.087708 1448.824463 145.146744
v -652.585266 1448.097900 147.326752
v -658.105347 1450.000000 146.163803
v -657.243713 1451.902100 145.083344
v -655.849548 1451.175537 143.335114
v -655.849548 1448.824463 143.335114
v -657.243713 1448.097900 145.083344
v -661.712585 1450.000000 141.640488
v -660.467468 1451.902100 141.040878
v -658.452881 1451.175537 140.070679
v -658.452881 1448.824463 140.070679
v -660.467468 1448.097900 141.040878
v -663.000000 1450.000000 136.000000
v -661.618042 1451.902100 136.000000
v -659.381958 1451.175537 136.000000
v -659.381958 1448.824463 136.000000
v -661.618042 1448.097900 136.000000
v -661.712585 1450.000000 130.359512
v -660.467468 1451.902100 130.959122
v -658.452881 1451.175537 131.929321
v -658.452881 1448.824463 131.929321
v -660.467468 1448.097900 130.959122
v -658.105347 1450.000000 125.836189
v -657.243713 1451.902100 126.916656
v -655.849548 1451.175537 128.664886
v -655.849548 1448.824463 128.664886
v -657.243713 1448.097900 126.916656
v -652.892761 1450.000000 123.325935
v -652.585266 1451.902100 124.673256
v -652.087708 1451.175537 126.853256
v -652.087708 1448.824463 126.853256
v -652.585266 1448.097900 124.673256
v -647.107239 1450.000000 123.325935
v -647.414734 1451.902100 124.673256
v -647.912292 1451.175537 126.853256
v -647.912292 1448.824463 126.853256
v -647.414734 1448.097900 124.673256
v -641.894653 1450.000000 125.836182
v -642.756287 1451.902100 126.916649
v -644.150452 1451.175537 128.664886
v -644.150452 1448.824463 128.664886
v -642.756287 1448.097900 126.916649
v -638.287415 1450.000000 130.359512
v -639.532532 1451.902100 130.959122
v -641.547119 1451.175537 131.929321
v -641.547119 1448.824463 131.929321
v -639.532532 1448.097900 130.959122
v -604.763062 1474.431274 130.126968
v -604.230103 1471.717773 130.876175
v -596.815552 1469.655884 133.873032
v -599.461609 1468.852539 133.123825
v -600.776001 1474.455811 121.699570
v -599.852661 1471.744751 121.623512
v -592.828491 1469.680542 125.445633
v -595.084167 1468.879517 123.871147
v -595.441711 1478.032104 114.941322
v -593.995972 1475.671143 114.203445
v -587.494202 1473.256714 118.687386
v -589.227478 1472.805908 116.451088
v -589.816650 1484.451538 111.190773
v -587.820068 1482.719360 110.085617
v -581.869141 1479.676270 114.936844
v -583.051575 1479.854126 112.333260
v -585.014954 1492.442993 111.190773
v -582.548157 1491.493286 110.085617
v -577.067444 1487.667603 114.936844
v -577.779663 1488.628052 112.333260
v -581.987671 1500.423340 114.941322
v -579.224365 1500.255249 114.203445
v -574.040161 1495.647949 118.687386
v -574.455872 1497.390015 116.451088
v -581.334351 1506.812256 121.699570
v -578.507141 1507.269653 121.623512
v -573.386841 1502.036865 125.445633
v -573.738647 1504.404541 123.871147
v -583.184448 1510.344116 130.126968
v -580.538391 1511.147461 130.876175
v -575.236938 1505.568726 133.873032
v -575.769897 1508.282227 133.123825
v -587.171509 1510.319458 138.554367
v -584.915894 1511.120483 140.128845
v -579.223999 1505.544189 142.300430
v -580.147339 1508.255249 142.376495
v -592.505798 1506.743286 145.312607
v -590.772522 1507.194092 147.548920
v -584.558289 1501.967896 149.058685
v -586.004028 1504.328857 149.796555
v -598.130859 1500.323730 149.063156
v -596.948425 1500.145874 151.666748
v -590.183350 1495.548462 152.809235
v -592.179932 1497.280640 153.914383
v -602.932556 1492.332397 149.063156
v -602.220337 1491.371948 151.666748
v -594.985046 1487.557007 152.809235
v -597.451843 1488.506714 153.914383
v -605.959839 1484.352051 145.312607
v -605.544128 1482.609985 147.548920
v -598.012329 1479.576660 149.058685
v -600.775574 1479.744751 149.796555
v -606.613159 1477.963135 138.554367
v -606.261353 1475.595459 140.128845
v -598.665649 1473.187744 142.300430
v -601.492859 1472.730347 142.376495
v -574.000000 1490.000000 136.000000
v -575.381958 1491.902100 136.000000
v -577.618042 1491.175537 136.000000
v -577.618042 1488.824463 136.000000
v -575.381958 1488.097900 136.000000
v -575.584473 1490.000000 142.942139
v -576.829590 1491.902100 142.342529
v -578.844238 1491.175537 141.372330
v -578.844238 1488.824463 141.372330
v -576.829590 1488.097900 142.342529
v -580.024170 1490.000000 148.509308
v -580.885803 1491.902100 147.428833
v -582.279968 1491.175537 145.680618
v -582.279968 1488.824463 145.680618
v -580.885803 1488.097900 147.428833
v -586.439697 1490.000000 151.598846
v -586.747192 1491.902100 150.251526
v -587.244751 1491.175537 148.071518
v -587.244751 1488.824463 148.071518
v -586.747192 1488.097900 150.251526
v -593.560303 1490.000000 151.598846
v -593.252808 1491.902100 150.251526
v -592.755249 1491.175537 148.071518
v -592.755249 1488.824463 148.071518
v -593.252808 1488.097900 150.251526
v -599.975830 1490.000000 148.509308
v -599.114197 1491.902100 147.428833
v -597.720032 1491.175537 145.680603
v -597.720032 1488.824463 145.680603
v -599.114197 1488.097900 147.428833
v -604.415527 1490.000000 142.942139
v -603.170410 1491.902100 142.342529
v -601.155762 1491.175537 141.372330
v -601.155762 1488.824463 141.372330
v -603.170410 1488.097900 142.342529
v -606.000000 1490.000000 136.000000
v -604.618042 1491.902100 136.000000
v -602.381958 1491.175537 136.000000
v -602.381958 1488.824463 136.000000
v -604.618042 1488.097900 136.000000
v -604.415527 1490.000000 129.057861
v -603.170410 1491.902100 129.657471
v -601.155762 1491.175537 130.627670
v -601.155762 1488.824463 130.627670
v -603.170410 1488.097900 129.657471
v -599.975830 1490.000000 123.490700
v -599.114197 1491.902100 124.571159
v -597.720032 1491.175537 126.319389
v -597.720032 1488.824463 126.319389
v -599.114197 1488.097900 124.571159
v -593.560303 1490.000000 120.401154
v -593.252808 1491.902100 121.748474
v -592.755249 1491.175537 123.928474
v -592.755249 1488.824463 123.928474
v -593.252808 1488.097900 121.748474
v -586.439697 1490.000000 120.401154
v -586.747192 1491.902100 121.748474
v -587.244751 1491.175537 123.928474
v -587.244751 1488.824463 123.928474
v -586.747192 1488.097900 121.748474
v -580.024170 1490.000000 123.490692
v -580.885803 1491.902100 124.571152
v -582.279968 1491.175537 126.319382
v -582.279968 1488.824463 126.319382
v -580.885803 1488.097900 124.571152
v -575.584473 1490.000000 129.057861
v -576.829590 1491.902100 129.657471
v -578.844238 1491.175537 130.627655
v -578.844238 1488.824463 130.627655
v -576.829590 1488.097900 129.657471
v 2193.741699 2546.605957 130.126968
v 2192.801025 2544.005371 130.876175
v 2198.094727 2538.419434 133.873032
v 2195.412842 2539.093506 133.123825
v 2196.353271 2545.058594 123.711021
v 2195.748535 2542.259277 123.634964
v 2200.706299 2536.872070 127.457085
v 2198.360107 2537.347168 125.882599
v 2201.236572 2545.300781 118.565826
v 2201.260010 2542.532471 117.827957
v 2205.589600 2537.114258 122.311890
v 2203.871582 2537.620605 120.075592
v 2207.424561 2547.284180 115.710464
v 2208.243896 2544.771240 114.605309
v 2211.777344 2539.097656 119.456528
v 2210.855469 2539.859375 116.852951
v 2213.691650 2550.616699 115.710464
v 2215.316895 2548.531982 114.605309
v 2218.044434 2542.429932 119.456528
v 2217.928711 2543.620117 116.852951
v 2218.796387 2554.637207 118.565826
v 2221.078369 2553.070068 117.827957
v 2223.149170 2546.450684 122.311890
v 2223.689941 2548.158203 120.075592
v 2221.727783 2558.550293 123.711021
v 2224.386719 2557.486328 123.634964
v 2226.080566 2550.363770 127.457085
v 2226.998535 2552.574463 125.882599
v 2221.905273 2561.580566 130.126968
v 2224.587158 2560.906494 130.876175
v 2226.258301 2553.394043 133.873032
v 2227.198975 2555.994629 133.123825
v 2219.293701 2563.127930 136.542908
v 2221.639893 2562.652832 138.117401
v 2223.646729 2554.941406 140.288986
v 2224.251465 2557.740723 140.365036
v 2214.410400 2562.885742 141.688110
v 2216.128418 2562.379395 143.924408
v 2218.763428 2554.699219 145.434174
v 2218.739990 2557.467529 146.172043
v 2208.222656 2560.902344 144.543472
v 2209.144531 2560.140625 147.147049
v 2212.575439 2552.715820 148.289536
v 2211.756104 2555.228760 149.394699
v 2201.955566 2557.570068 144.543472
v 2202.071289 2556.379883 147.147049
v 2206.308350 2549.383301 148.289536
v 2204.683105 2551.468018 149.394699
v 2196.850830 2553.549316 141.688110
v 2196.310059 2551.841797 143.924408
v 2201.203613 2545.362793 145.434174
v 2198.921631 2546.929932 146.172043
v 2193.919434 2549.636230 136.542908
v 2193.001465 2547.425537 138.117401
v 2198.272217 2541.449707 140.288986
v 2195.613281 2542.513672 140.365036
v 2223.000000 2550.000000 136.000000
v 2221.617920 2551.902100 136.000000
v 2219.382080 2551.175537 136.000000
v 2219.382080 2548.824463 136.000000
v 2221.617920 2548.097900 136.000000
v 2221.712646 2550.000000 141.640488
v 2220.467529 2551.902100 141.040878
v 2218.452881 2551.175537 140.070679
v 2218.452881 2548.824463 140.070679
v 2220.467529 2548.097900 141.040878
v 2218.105469 2550.000000 146.163818
v 2217.243652 2551.902100 145.083344
v 2215.849609 2551.175537 143.335114
v 2215.849609 2548.824463 143.335114
v 2217.243652 2548.097900 145.083344
v 2212.892822 2550.000000 148.674057
v 2212.585205 2551.902100 147.326752
v 2212.087646 2551.175537 145.146744
v 2212.087646 2548.824463 145.146744
v 2212.585205 2548.097900 147.326752
v 2207.107178 2550.000000 148.674057
v 2207.414795 2551.902100 147.326752
v 2207.912354 2551.175537 145.146744
v 2207.912354 2548.824463 145.146744
v 2207.414795 2548.097900 147.326752
v 2201.894531 2550.000000 146.163803
v 2202.756348 2551.902100 145.083344
v 2204.150391 2551.175537 143.335114
v 2204.150391 2548.824463 143.335114
v 2202.756348 2548.097900 145.083344
v 2198.287354 2550.000000 141.640488
v 2199.532471 2551.902100 141.040878
v 2201.547119 2551.175537 140.070679
v 2201.547119 2548.824463 140.070679
v 2199.532471 2548.097900 141.040878
v 2197.000000 2550.000000 136.000000
v 2198.382080 2551.902100 136.000000
v 2200.617920 2551.175537 136.000000
v 2200.617920 2548.824463 136.000000
v 2198.382080 2548.097900 136.000000
v 2198.287354 2550.000000 130.359512
v 2199.532471 2551.902100 130.959122
v 2201.547119 2551.175537 131.929321
v 2201.547119 2548.824463 131.929321
v 2199.532471 2548.097900 130.959122
v 2201.894531 2550.000000 125.836189
v 2202.756348 2551.902100 126.916656
v 2204.150391 2551.175537 128.664886
v 2204.150391 2548.824463 128.664886
v 2202.756348 2548.097900 126.916656
v 2207.107178 2550.000000 123.325935
v 2207.414795 2551.902100 124.673256
v 2207.912354 2551.175537 126.853256
v 2207.912354 2548.824463 126.853256
v 2207.414795 2548.097900 124.673256
v 2212.892822 2550.000000 123.325935
v 2212.585205 2551.902100 124.673256
v 2212.087646 2551.175537 126.853256
v 2212.087646 2548.824463 126.853256
v 2212.585205 2548.097900 124.673256
v 2218.105469 2550.000000 125.836182
v 2217.243652 2551.902100 126.916649
v 2215.849609 2551.175537 128.664886
v 2215.849609 2548.824463 128.664886
v 2217.243652 2548.097900 126.916649
v 2221.712646 2550.000000 130.359512
v 2220.467529 2551.902100 130.959122
v 2218.452881 2551.175537 131.929321
v 2218.452881 2548.824463 131.929321
v 2220.467529 2548.097900 130.959122
v 2269.322754 2605.726074 130.126968
v 2267.177002 2603.981445 130.876175
v 2268.837402 2596.466797 133.873032
v 2266.885986 2598.426025 133.123825
v 2271.216309 2602.217285 121.699570
v 2269.256104 2600.128906 121.623505
v 2270.730957 2592.958008 125.445633
v 2268.964844 2594.573730 123.871147
v 2276.878174 2599.186035 114.941315
v 2275.472412 2596.801270 114.203445
v 2276.393066 2589.927002 118.687386
v 2275.181152 2591.245605 116.451080
v 2285.187012 2597.233398 111.190773
v 2284.594971 2594.657227 110.085617
v 2284.701904 2587.974121 114.936836
v 2284.303955 2589.101562 112.333260
v 2294.497314 2596.745361 111.190773
v 2294.816895 2594.121582 110.085617
v 2294.011963 2587.486328 114.936836
v 2294.525879 2588.565918 112.333260
v 2302.964844 2597.818848 114.941315
v 2304.113525 2595.300293 114.203445
v 2302.479492 2588.559814 118.687386
v 2303.822510 2589.744629 116.451080
v 2308.912598 2600.241699 121.699570
v 2310.643799 2597.959961 121.623505
v 2308.427246 2590.982422 125.445633
v 2310.352539 2592.404541 123.871147
v 2311.162598 2603.533203 130.126968
v 2313.114014 2601.573975 130.876175
v 2310.677246 2594.273926 133.873032
v 2312.822998 2596.018555 133.123825
v 2309.269043 2607.041992 138.554367
v 2311.035156 2605.426270 140.128845
v 2308.783691 2597.782715 142.300430
v 2310.743896 2599.871094 142.376495
v 2303.606934 2610.072998 145.312622
v 2304.818848 2608.754395 147.548920
v 2303.121826 2600.813965 149.058685
v 2304.527588 2603.198730 149.796555
v 2295.298096 2612.025879 149.063156
v 2295.696045 2610.898438 151.666748
v 2294.812988 2602.766602 152.809235
v 2295.405029 2605.342773 153.914383
v 2285.988037 2612.513672 149.063156
v 2285.474121 2611.434082 151.666748
v 2285.502686 2603.254639 152.809235
v 2285.183105 2605.878418 153.914383
v 2277.520508 2611.440186 145.312622
v 2276.177490 2610.255371 147.548920
v 2277.035156 2602.181152 149.058685
v 2275.886475 2604.699707 149.796555
v 2271.572754 2609.017578 138.554367
v 2269.647461 2607.595459 140.128845
v 2271.087402 2599.758301 142.300430
v 2269.356201 2602.040039 142.376495
v 2306.000000 2600.000000 136.000000
v 2304.617920 2601.902100 136.000000
v 2302.382080 2601.175537 136.000000
v 2302.382080 2598.824463 136.000000
v 2304.617920 2598.097900 136.000000
v 2304.415527 2600.000000 142.942139
v 2303.170410 2601.902100 142.342529
v 2301.155762 2601.175537 141.372330
v 2301.155762 2598.824463 141.372330
v 2303.170410 2598.097900 142.342529
v 2299.975830 2600.000000 148.509308
v 2299.114258 2601.902100 147.428833
v 2297.719971 2601.175537 145.680618
v 2297.719971 2598.824463 145.680618
v 2299.114258 2598.097900 147.428833
v 2293.560303 2600.000000 151.598846
v 2293.252930 2601.902100 150.251526
v 2292.755127 2601.175537 148.071518
v 2292.755127 2598.824463 148.071518
v 2293.252930 2598.097900 150.251526
v 2286.439697 2600.000000 151.598846
v 2286.747070 2601.902100 150.251526
v 2287.244873 2601.175537 148.071518
v 2287.244873 2598.824463 148.071518
v 2286.747070 2598.097900 150.251526
v 2280.024170 2600.000000 148.509308
v 2280.885742 2601.902100 147.428833
v 2282.280029 2601.175537 145.680603
v 2282.280029 2598.824463 145.680603
v 2280.885742 2598.097900 147.428833
v 2275.584473 2600.000000 142.942139
v 2276.829590 2601.902100 142.342529
v 2278.844238 2601.175537 141.372330
v 2278.844238 2598.824463 141.372330
v 2276.829590 2598.097900 142.342529
v 2274.000000 2600.000000 136.000000
v 2275.382080 2601.902100 136.000000
v 2277.617920 2601.175537 136.000000
v 2277.617920 2598.824463 136.000000
v 2275.382080 2598.097900 136.000000
v 2275.584473 2600.000000 129.057861
v 2276.829590 2601.902100 129.657471
v 2278.844238 2601.175537 130.627670
v 2278.844238 2598.824463 130.627670
v 2276.829590 2598.097900 129.657471
v 2280.024170 2600.000000 123.490700
v 2280.885742 2601.902100 124.571159
v 2282.280029 2601.175537 126.319389
v 2282.280029 2598.824463 126.319389
v 2280.885742 2598.097900 124.571159
v 2286.439697 2600.000000 120.401154
v 2286.747070 2601.902100 121.748474
v 2287.244873 2601.175537 123.928474
v 2287.244873 2598.824463 123.928474
v 2286.747070 2598.097900 121.748474
v 2293.560303 2600.000000 120.401154
v 2293.252930 2601.902100 121.748474
v 2292.755127 2601.175537 123.928474
v 2292.755127 2598.824463 123.928474
v 2293.252930 2598.097900 121.748474
v 2299.975830 2600.000000 123.490692
v 2299.114258 2601.902100 124.571152
v 2297.719971 2601.175537 126.319382
v 2297.719971 2598.824463 126.319382
v 2299.114258 2598.097900 124.571152
v 2304.415527 2600.000000 129.057861
v 2303.170410 2601.902100 129.657471
v 2301.155762 2601.175537 130.627655
v 2301.155762 2598.824463 130.627655
v 2303.170410 2598.097900 129.657471
v 249.370422 2152.761719 130.126968
v 246.632751 2152.371582 130.876175
v 244.185669 2145.074951 133.873032
v 243.521912 2147.759521 133.123825
v 249.230225 2149.729492 123.711021
v 246.474548 2148.949219 123.634964
v 244.045532 2142.042725 127.457085
v 243.363708 2144.337158 125.882599
v 251.736633 2145.531250 118.565826
v 249.303345 2144.211182 117.827957
v 246.551880 2137.844727 122.311890
v 246.192444 2139.599121 120.075592
v 256.393127 2140.999023 115.710464
v 254.558777 2139.095703 114.605301
v 251.208374 2133.312256 119.456528
v 251.447937 2134.483887 116.852951
v 262.277405 2137.030029 115.710464
v 261.199951 2134.616211 114.605301
v 257.092712 2129.343262 119.456528
v 258.089111 2130.004150 116.852951
v 268.224121 2134.410400 118.565826
v 267.911621 2131.659668 117.827957
v 263.039368 2126.723633 122.311890
v 264.800720 2127.047852 120.075592
v 273.055420 2133.659180 123.711021
v 273.364319 2130.812012 123.634964
v 267.870667 2125.972412 127.457085
v 270.253418 2126.199707 125.882599
v 275.814331 2134.925049 130.126968
v 276.478088 2132.240479 130.876175
v 270.629578 2127.238281 133.873032
v 273.367249 2127.628418 133.123825
v 275.954468 2137.957275 136.542908
v 276.636292 2135.662842 138.117401
v 270.769775 2130.270508 140.288986
v 273.525452 2131.050781 140.365036
v 273.448120 2142.155273 141.688110
v 273.807556 2140.400879 143.924408
v 268.263367 2134.468750 145.434174
v 270.696655 2135.788818 146.172043
v 268.791626 2146.687744 144.543472
v 268.552063 2145.516113 147.147049
v 263.606873 2139.000977 148.289536
v 265.441223 2140.904297 149.394699
v 262.907288 2150.656738 144.543472
v 261.910889 2149.995850 147.147049
v 257.722595 2142.969971 148.289536
v 258.800049 2145.383789 149.394699
v 256.960632 2153.276367 141.688110
v 255.199280 2152.952148 143.924408
v 251.775879 2145.589600 145.434174
v 252.088379 2148.340332 146.172043
v 252.129333 2154.027588 136.542908
v 249.746582 2153.800293 138.117401
v 246.944580 2146.340820 140.288986
v 246.635681 2149.187988 140.365036
v 273.000000 2140.000000 136.000000
v 271.618042 2141.902100 136.000000
v 269.381958 2141.175537 136.000000
v 269.381958 2138.824463 136.000000
v 271.618042 2138.097900 136.000000
v 271.712585 2140.000000 141.640488
v 270.467468 2141.902100 141.040878
v 268.452881 2141.175537 140.070679
v 268.452881 2138.824463 140.070679
v 270.467468 2138.097900 141.040878
v 268.105347 2140.000000 146.163818
v 267.243713 2141.902100 145.083344
v 265.849548 2141.175537 143.335114
v 265.849548 2138.824463 143.335114
v 267.243713 2138.097900 145.083344
v 262.892761 2140.000000 148.674057
v 262.585266 2141.902100 147.326752
v 262.087708 2141.175537 145.146744
v 262.087708 2138.824463 145.146744
v 262.585266 2138.097900 147.326752
v 257.107239 2140.000000 148.674057
v 257.414734 2141.902100 147.326752
v 257.912292 2141.175537 145.146744
v 257.912292 2138.824463 145.146744
v 257.414734 2138.097900 147.326752
v 251.894653 2140.000000 146.163803
v 252.756287 2141.902100 145.083344
v 254.150452 2141.175537 143.335114
v 254.150452 2138.824463 143.335114
v 252.756287 2138.097900 145.083344
v 248.287415 2140.000000 141.640488
v 249.532532 2141.902100 141.040878
v 251.547119 2141.175537 140.070679
v 251.547119 2138.824463 140.070679
v 249.532532 2138.097900 141.040878
v 247.000000 2140.000000 136.000000
v 248.381958 2141.902100 136.000000
v 250.618042 2141.175537 136.000000
v 250.618042 2138.824463 136.000000
v 248.381958 2138.097900 136.000000
v 248.287415 2140.000000 130.359512
v 249.532532 2141.902100 130.959122
v 251.547119 2141.175537 131.929321
v 251.547119 2138.824463 131.929321
v 249.532532 2138.097900 130.959122
v 251.894653 2140.000000 125.836189
v 252.756287 2141.902100 126.916656
v 254.150452 2141.175537 128.664886
v 254.150452 2138.824463 128.664886
v 252.756287 2138.097900 126.916656
v 257.107239 2140.000000 123.325935
v 257.414734 2141.902100 124.673256
v 257.912292 2141.175537 126.853256
v 257.912292 2138.824463 126.853256
v 257.414734 2138.097900 124.673256
v 262.892761 2140.000000 123.325935
v 262.585266 2141.902100 124.673256
v 262.087708 2141.175537 126.853256
v 262.087708 2138.824463 126.853256
v 262.585266 2138.097900 124.673256
v 268.105347 2140.000000 125.836182
v 267.243713 2141.902100 126.916649
v 265.849548 2141.175537 128.664886
v 265.849548 2138.824463 128.664886
v 267.243713 2138.097900 126.916649
v 271.712585 2140.000000 130.359512
v 270.467468 2141.902100 130.959122
v 268.452881 2141.175537 131.929321
v 268.452881 2138.824463 131.929321
v 270.467468 2138.097900 130.959122
v 315.348267 2200.945068 130.126968
v 312.800781 2202.020508 130.876175
v 306.945190 2197.026611 133.873032
v 307.758789 2199.669434 133.123825
v 313.139160 2197.625977 121.699570
v 310.375244 2198.376465 121.623512
v 304.736084 2193.707520 125.445633
v 305.333374 2196.025391 123.871147
v 313.121094 2191.203857 114.941322
v 310.355347 2191.325439 114.203445
v 304.718018 2187.285400 118.687386
v 305.313477 2188.974365 116.451088
v 315.297607 2182.950684 111.190773
v 312.745117 2182.264160 110.085617
v 306.894531 2179.032227 114.936844
v 307.703125 2179.913086 112.333260
v 319.237671 2174.501221 111.190773
v 317.070923 2172.987061 110.085617
v 310.834595 2170.582764 114.936844
v 312.029053 2170.635986 112.333260
v 324.160889 2167.528809 114.941315
v 322.476318 2165.332031 114.203445
v 315.757812 2163.610352 118.687386
v 317.434448 2162.980957 116.451088
v 329.092163 2163.414551 121.699570
v 327.890503 2160.814941 121.623512
v 320.689087 2159.496094 125.445633
v 322.848633 2158.463867 123.871147
v 333.054810 2162.973389 130.126968
v 332.241211 2160.330566 130.876175
v 324.651733 2159.054932 133.873032
v 327.199219 2157.979492 133.123825
v 335.263916 2166.292480 138.554367
v 334.666626 2163.974609 140.128845
v 326.860840 2162.374023 142.300430
v 329.624756 2161.623535 142.376495
v 335.281982 2172.714600 145.312607
v 334.686523 2171.025635 147.548920
v 326.878906 2168.796143 149.058685
v 329.644653 2168.674561 149.796555
v 333.105469 2180.967773 149.063156
v 332.296875 2180.086914 151.666748
v 324.702393 2177.049316 152.809235
v 327.254883 2177.735840 153.914383
v 329.165405 2189.417236 149.063156
v 327.970947 2189.364014 151.666748
v 320.762329 2185.498779 152.809235
v 322.929077 2187.012939 153.914383
v 324.242188 2196.389648 145.312622
v 322.565552 2197.019043 147.548920
v 315.839111 2192.471191 149.058685
v 317.523682 2194.667969 149.796555
v 319.310913 2200.503906 138.554367
v 317.151367 2201.536133 140.128845
v 310.907837 2196.585449 142.300430
v 312.109497 2199.185059 142.376495
v 336.000000 2180.000000 136.000000
v 334.618042 2181.902100 136.000000
v 332.381958 2181.175537 136.000000
v 332.381958 2178.824463 136.000000
v 334.618042 2178.097900 136.000000
v 334.415527 2180.000000 142.942139
v 333.170410 2181.902100 142.342529
v 331.155762 2181.175537 141.372330
v 331.155762 2178.824463 141.372330
v 333.170410 2178.097900 142.342529
v 329.975830 2180.000000 148.509308
v 329.114136 2181.902100 147.428833
v 327.719971 2181.175537 145.680618
v 327.719971 2178.824463 145.680618
v 329.114136 2178.097900 147.428833
v 323.560303 2180.000000 151.598846
v 323.252808 2181.902100 150.251526
v 322.755249 2181.175537 148.071518
v 322.755249 2178.824463 148.071518
v 323.252808 2178.097900 150.251526
v 316.439697 2180.000000 151.598846
v 316.747192 2181.902100 150.251526
v 317.244751 2181.175537 148.071518
v 317.244751 2178.824463 148.071518
v 316.747192 2178.097900 150.251526
v 310.024170 2180.000000 148.509308
v 310.885742 2181.902100 147.428833
v 312.280029 2181.175537 145.680603
v 312.280029 2178.824463 145.680603
v 310.885742 2178.097900 147.428833
v 305.584473 2180.000000 142.942139
v 306.829590 2181.902100 142.342529
v 308.844238 2181.175537 141.372330
v 308.844238 2178.824463 141.372330
v 306.829590 2178.097900 142.342529
v 304.000000 2180.000000 136.000000
v 305.381958 2181.902100 136.000000
v 307.618042 2181.175537 136.000000
v 307.618042 2178.824463 136.000000
v 305.381958 2178.097900 136.000000
v 305.584473 2180.000000 129.057861
v 306.829590 2181.902100 129.657471
v 308.844238 2181.175537 130.627670
v 308.844238 2178.824463 130.627670
v 306.829590 2178.097900 129.657471
v 310.024170 2180.000000 123.490700
v 310.885742 2181.902100 124.571159
v 312.280029 2181.175537 126.319389
v 312.280029 2178.824463 126.319389
v 310.885742 2178.097900 124.571159
v 316.439697 2180.000000 120.401154
v 316.747192 2181.902100 121.748474
v 317.244751 2181.175537 123.928474
v 317.244751 2178.824463 123.928474
v 316.747192 2178.097900 121.748474
v 323.560303 2180.000000 120.401154
v 323.252808 2181.902100 121.748474
v 322.755249 2181.175537 123.928474
v 322.755249 2178.824463 123.928474
v 323.252808 2178.097900 121.748474
v 329.975830 2180.000000 123.490692
v 329.114136 2181.902100 124.571152
v 327.719971 2181.175537 126.319382
v 327.719971 2178.824463 126.319382
v 329.114136 2178.097900 124.571152
v 334.415527 2180.000000 129.057861
v 333.170410 2181.902100 129.657471
v 331.155762 2181.175537 130.627655
v 331.155762 2178.824463 130.627655
v 333.170410 2178.097900 129.657471
v -734.000000 1777.541260 125.500000
v -734.461914 1777.191406 126.000000
v -733.538086 1777.191406 126.000000
v -734.000000 1777.541260 130.500000
v -733.538086 1777.191406 130.000000
v -734.461914 1777.191406 130.000000
v -732.261353 1778.261353 125.500000
v -732.340637 1777.687378 126.000000
v -731.687317 1778.340576 126.000000
v -732.261353 1778.261353 130.500000
v -731.687317 1778.340576 130.000000
v -732.340637 1777.687378 130.000000
v -731.541199 1780.000000 125.500000
v -731.191345 1779.538086 126.000000
v -731.191345 1780.461914 126.000000
v -731.541199 1780.000000 130.500000
v -731.191345 1780.461914 130.000000
v -731.191345 1779.538086 130.000000
v -732.261353 1781.738647 125.500000
v -731.687317 1781.659424 126.000000
v -732.340637 1782.312622 126.000000
v -732.261353 1781.738647 130.500000
v -732.340637 1782.312622 130.000000
v -731.687317 1781.659424 130.000000
v -734.000000 1782.458740 125.500000
v -733.538086 1782.808594 126.000000
v -734.461914 1782.808594 126.000000
v -734.000000 1782.458740 130.500000
v -734.461914 1782.808594 130.000000
v -733.538086 1782.808594 130.000000
v -735.738647 1781.738647 125.500000
v -735.659363 1782.312622 126.000000
v -736.312683 1781.659424 126.000000
v -735.738647 1781.738647 130.500000
v -736.312683 1781.659424 130.000000
v -735.659363 1782.312622 130.000000
v -736.458801 1780.000000 125.500000
v -736.808655 1780.461914 126.000000
v -736.808655 1779.538086 126.000000
v -736.458801 1780.000000 130.500000
v -736.808655 1779.538086 130.000000
v -736.808655 1780.461914 130.000000
v -735.738647 1778.261353 125.500000
v -736.312683 1778.340576 126.000000
v -735.659363 1777.687378 126.000000
v -735.738647 1778.261353 130.500000
v -735.659363 1777.687378 130.000000
v -736.312683 1778.340576 130.000000
v -740.082825 1759.828613 125.500000
v -740.544739 1759.478760 126.000000
v -739.620911 1759.478760 126.000000
v -740.082825 1759.828613 130.500000
v -739.620911 1759.478760 130.000000
v -740.544739 1759.478760 130.000000
v -737.637085 1760.841797 125.500000
v -737.716309 1760.267700 126.000000
v -737.063049 1760.921021 126.000000
v -737.637085 1760.841797 130.500000
v -737.063049 1760.921021 130.000000
v -737.716309 1760.267700 130.000000
v -736.624023 1763.287476 125.500000
v -736.274170 1762.825562 126.000000
v -736.274170 1763.749390 126.000000
v -736.624023 1763.287476 130.500000
v -736.274170 1763.749390 130.000000
v -736.274170 1762.825562 130.000000
v -737.637085 1765.733154 125.500000
v -737.063049 1765.653931 126.000000
v -737.716309 1766.307251 126.000000
v -737.637085 1765.733154 130.500000
v -737.716309 1766.307251 130.000000
v -737.063049 1765.653931 130.000000
v -740.082825 1766.746338 125.500000
v -739.620911 1767.096191 126.000000
v -740.544739 1767.096191 126.000000
v -740.082825 1766.746338 130.500000
v -740.544739 1767.096191 130.000000
v -739.620911 1767.096191 130.000000
v -742.528564 1765.733154 125.500000
v -742.449341 1766.307251 126.000000
v -743.102600 1765.653931 126.000000
v -742.528564 1765.733154 130.500000
v -743.102600 1765.653931 130.000000
v -742.449341 1766.307251 130.000000
v -743.541626 1763.287476 125.500000
v -743.891479 1763.749390 126.000000
v -743.891479 1762.825562 126.000000
v -743.541626 1763.287476 130.500000
v -743.891479 1762.825562 130.000000
v -743.891479 1763.749390 130.000000
v -742.528564 1760.841797 125.500000
v -743.102600 1760.921021 126.000000
v -742.449341 1760.267700 126.000000
v -742.528564 1760.841797 130.500000
v -742.449341 1760.267700 130.000000
v -743.102600 1760.921021 130.000000
v -755.485168 1749.936279 125.500000
v -755.947083 1749.586426 126.000000
v -755.023254 1749.586426 126.000000
v -755.485168 1749.936279 130.500000
v -755.023254 1749.586426 130.000000
v -755.947083 1749.586426 130.000000
v -752.332336 1751.242188 125.500000
v -752.411560 1750.668213 126.000000
v -751.758301 1751.321411 126.000000
v -752.332336 1751.242188 130.500000
v -751.758301 1751.321411 130.000000
v -752.411560 1750.668213 130.000000
v -751.026367 1754.395020 125.500000
v -750.676514 1753.933105 126.000000
v -750.676514 1754.856934 126.000000
v -751.026367 1754.395020 130.500000
v -750.676514 1754.856934 130.000000
v -750.676514 1753.933105 130.000000
v -752.332336 1757.547852 125.500000
v -751.758301 1757.468628 126.000000
v -752.411560 1758.121826 126.000000
v -752.332336 1757.547852 130.500000
v -752.411560 1758.121826 130.000000
v -751.758301 1757.468628 130.000000
v -755.485168 1758.853760 125.500000
v -755.023254 1759.203613 126.000000
v -755.947083 1759.203613 126.000000
v -755.485168 1758.853760 130.500000
v -755.947083 1759.203613 130.000000
v -755.023254 1759.203613 130.000000
v -758.638000 1757.547852 125.500000
v -758.558777 1758.121826 126.000000
v -759.212036 1757.468628 126.000000
v -758.638000 1757.547852 130.500000
v -759.212036 1757.468628 130.000000
v -758.558777 1758.121826 130.000000
v -759.943970 1754.395020 125.500000
v -760.293823 1754.856934 126.000000
v -760.293823 1753.933105 126.000000
v -759.943970 1754.395020 130.500000
v -760.293823 1753.933105 130.000000
v -760.293823 1754.856934 130.000000
v -758.638000 1751.242188 125.500000
v -759.212036 1751.321411 126.000000
v -758.558777 1750.668213 126.000000
v -758.638000 1751.242188 130.500000
v -758.558777 1750.668213 130.000000
v -759.212036 1751.321411 130.000000
v -773.000000 1755.024658 125.500000
v -773.461914 1754.674805 126.000000
v -772.538086 1754.674805 126.000000
v -773.000000 1755.024658 130.500000
v -772.538086 1754.674805 130.000000
v -773.461914 1754.674805 130.000000
v -771.261353 1755.744751 125.500000
v -771.340637 1755.170776 126.000000
v -770.687317 1755.823975 126.000000
v -771.261353 1755.744751 130.500000
v -770.687317 1755.823975 130.000000
v -771.340637 1755.170776 130.000000
v -770.541199 1757.483398 125.500000
v -770.191345 1757.021484 126.000000
v -770.191345 1757.945312 126.000000
v -770.541199 1757.483398 130.500000
v -770.191345 1757.945312 130.000000
v -770.191345 1757.021484 130.000000
v -771.261353 1759.222046 125.500000
v -770.687317 1759.142822 126.000000
v -771.340637 1759.796021 126.000000
v -771.261353 1759.222046 130.500000
v -771.340637 1759.796021 130.000000
v -770.687317 1759.142822 130.000000
v -773.000000 1759.942139 125.500000
v -772.538086 1760.291992 126.000000
v -773.461914 1760.291992 126.000000
v -773.000000 1759.942139 130.500000
v -773.461914 1760.291992 130.000000
v -772.538086 1760.291992 130.000000
v -774.738647 1759.222046 125.500000
v -774.659363 1759.796021 126.000000
v -775.312683 1759.142822 126.000000
v -774.738647 1759.222046 130.500000
v -775.312683 1759.142822 130.000000
v -774.659363 1759.796021 130.000000
v -775.458801 1757.483398 125.500000
v -775.808655 1757.945312 126.000000
v -775.808655 1757.021484 126.000000
v -775.458801 1757.483398 130.500000
v -775.808655 1757.021484 130.000000
v -775.808655 1757.945312 130.000000
v -774.738647 1755.744751 125.500000
v -775.312683 1755.823975 126.000000
v -774.659363 1755.170776 126.000000
v -774.738647 1755.744751 130.500000
v -774.659363 1755.170776 130.000000
v -775.312683 1755.823975 130.000000
v -784.432007 1767.648682 125.500000
v -784.893921 1767.298828 126.000000
v -783.970093 1767.298828 126.000000
v -784.432007 1767.648682 130.500000
v -783.970093 1767.298828 130.000000
v -784.893921 1767.298828 130.000000
v -781.986267 1768.661621 125.500000
v -782.065552 1768.087646 126.000000
v -781.412231 1768.740967 126.000000
v -781.986267 1768.661621 130.500000
v -781.412231 1768.740967 130.000000
v -782.065552 1768.087646 130.000000
v -780.973206 1771.107422 125.500000
v -780.623352 1770.645508 126.000000
v -780.623352 1771.569336 126.000000
v -780.973206 1771.107422 130.500000
v -780.623352 1771.569336 130.000000
v -780.623352 1770.645508 130.000000
v -781.986267 1773.553223 125.500000
v -781.412231 1773.473877 126.000000
v -782.065552 1774.127197 126.000000
v -781.986267 1773.553223 130.500000
v -782.065552 1774.127197 130.000000
v -781.412231 1773.473877 130.000000
v -784.432007 1774.566162 125.500000
v -783.970093 1774.916016 126.000000
v -784.893921 1774.916016 126.000000
v -784.432007 1774.566162 130.500000
v -784.893921 1774.916016 130.000000
v -783.970093 1774.916016 130.000000
v -786.877747 1773.553223 125.500000
v -786.798462 1774.127197 126.000000
v -787.451782 1773.473877 126.000000
v -786.877747 1773.553223 130.500000
v -787.451782 1773.473877 130.000000
v -786.798462 1774.127197 130.000000
v -787.890808 1771.107422 125.500000
v -788.240662 1771.569336 126.000000
v -788.240662 1770.645508 126.000000
v -787.890808 1771.107422 130.500000
v -788.240662 1770.645508 130.000000
v -788.240662 1771.569336 130.000000
v -786.877747 1768.661621 125.500000
v -787.451782 1768.740967 126.000000
v -786.798462 1768.087646 126.000000
v -786.877747 1768.661621 130.500000
v -786.798462 1768.087646 130.000000
v -787.451782 1768.740967 130.000000
v -784.432007 1784.433838 125.500000
v -784.893921 1784.083984 126.000000
v -783.970093 1784.083984 126.000000
v -784.432007 1784.433838 130.500000
v -783.970093 1784.083984 130.000000
v -784.893921 1784.083984 130.000000
v -781.279175 1785.739746 125.500000
v -781.358398 1785.165771 126.000000
v -780.705139 1785.818970 126.000000
v -781.279175 1785.739746 130.500000
v -780.705139 1785.818970 130.000000
v -781.358398 1785.165771 130.000000
v -779.973206 1788.892578 125.500000
v -779.623352 1788.430664 126.000000
v -779.623352 1789.354492 126.000000
v -779.973206 1788.892578 130.500000
v -779.623352 1789.354492 130.000000
v -779.623352 1788.430664 130.000000
v -781.279175 1792.045410 125.500000
v -780.705139 1791.966187 126.000000
v -781.358398 1792.619385 126.000000
v -781.279175 1792.045410 130.500000
v -781.358398 1792.619385 130.000000
v -780.705139 1791.966187 130.000000
v -784.432007 1793.351318 125.500000
v -783.970093 1793.701172 126.000000
v -784.893921 1793.701172 126.000000
v -784.432007 1793.351318 130.500000
v -784.893921 1793.701172 130.000000
v -783.970093 1793.701172 130.000000
v -787.584839 1792.045410 125.500000
v -787.505615 1792.619385 126.000000
v -788.158875 1791.966187 126.000000
v -787.584839 1792.045410 130.500000
v -788.158875 1791.966187 130.000000
v -787.505615 1792.619385 130.000000
v -788.890808 1788.892578 125.500000
v -789.240662 1789.354492 126.000000
v -789.240662 1788.430664 126.000000
v -788.890808 1788.892578 130.500000
v -789.240662 1788.430664 130.000000
v -789.240662 1789.354492 130.000000
v -787.584839 1785.739746 125.500000
v -788.158875 1785.818970 126.000000
v -787.505615 1785.165771 126.000000
v -787.584839 1785.739746 130.500000
v -787.505615 1785.165771 130.000000
v -788.158875 1785.818970 130.000000
v -773.000000 1800.057861 125.500000
v -773.461914 1799.708008 126.000000
v -772.538086 1799.708008 126.000000
v -773.000000 1800.057861 130.500000
v -772.538086 1799.708008 130.000000
v -773.461914 1799.708008 130.000000
v -771.261353 1800.777954 125.500000
v -771.340637 1800.203979 126.000000
v -770.687317 1800.857178 126.000000
v -771.261353 1800.777954 130.500000
v -770.687317 1800.857178 130.000000
v -771.340637 1800.203979 130.000000
v -770.541199 1802.516602 125.500000
v -770.191345 1802.054688 126.000000
v -770.191345 1802.978516 126.000000
v -770.541199 1802.516602 130.500000
v -770.191345 1802.978516 130.000000
v -770.191345 1802.054688 130.000000
v -771.261353 1804.255249 125.500000
v -770.687317 1804.176025 126.000000
v -771.340637 1804.829224 126.000000
v -771.261353 1804.255249 130.500000
v -771.340637 1804.829224 130.000000
v -770.687317 1804.176025 130.000000
v -773.000000 1804.975342 125.500000
v -772.538086 1805.325195 126.000000
v -773.461914 1805.325195 126.000000
v -773.000000 1804.975342 130.500000
v -773.461914 1805.325195 130.000000
v -772.538086 1805.325195 130.000000
v -774.738647 1804.255249 125.500000
v -774.659363 1804.829224 126.000000
v -775.312683 1804.176025 126.000000
v -774.738647 1804.255249 130.500000
v -775.312683 1804.176025 130.000000
v -774.659363 1804.829224 130.000000
v -775.458801 1802.516602 125.500000
v -775.808655 1802.978516 126.000000
v -775.808655 1802.054688 126.000000
v -775.458801 1802.516602 130.500000
v -775.808655 1802.054688 130.000000
v -775.808655 1802.978516 130.000000
v -774.738647 1800.777954 125.500000
v -775.312683 1800.857178 126.000000
v -774.659363 1800.203979 126.000000
v -774.738647 1800.777954 130.500000
v -774.659363 1800.203979 130.000000
v -775.312683 1800.857178 130.000000
v -755.485168 1802.146240 125.500000
v -755.947083 1801.796387 126.000000
v -755.023254 1801.796387 126.000000
v -755.485168 1802.146240 130.500000
v -755.023254 1801.796387 130.000000
v -755.947083 1801.796387 130.000000
v -753.039429 1803.159180 125.500000
v -753.118652 1802.585205 126.000000
v -752.465393 1803.238525 126.000000
v -753.039429 1803.159180 130.500000
v -752.465393 1803.238525 130.000000
v -753.118652 1802.585205 130.000000
v -752.026367 1805.604980 125.500000
v -751.676514 1805.143066 126.000000
v -751.676514 1806.066895 126.000000
v -752.026367 1805.604980 130.500000
v -751.676514 1806.066895 130.000000
v -751.676514 1805.143066 130.000000
v -753.039429 1808.050781 125.500000
v -752.465393 1807.971436 126.000000
v -753.118652 1808.624756 126.000000
v -753.039429 1808.050781 130.500000
v -753.118652 1808.624756 130.000000
v -752.465393 1807.971436 130.000000
v -755.485168 1809.063721 125.500000
v -755.023254 1809.413574 126.000000
v -755.947083 1809.413574 126.000000
v -755.485168 1809.063721 130.500000
v -755.947083 1809.413574 130.000000
v -755.023254 1809.413574 130.000000
v -757.930908 1808.050781 125.500000
v -757.851685 1808.624756 126.000000
v -758.504944 1807.971436 126.000000
v -757.930908 1808.050781 130.500000
v -758.504944 1807.971436 130.000000
v -757.851685 1808.624756 130.000000
v -758.943970 1805.604980 125.500000
v -759.293823 1806.066895 126.000000
v -759.293823 1805.143066 126.000000
v -758.943970 1805.604980 130.500000
v -759.293823 1805.143066 130.000000
v -759.293823 1806.066895 130.000000
v -757.930908 1803.159180 125.500000
v -758.504944 1803.238525 126.000000
v -757.851685 1802.585205 126.000000
v -757.930908 1803.159180 130.500000
v -757.851685 1802.585205 130.000000
v -758.504944 1803.238525 130.000000
v -740.082825 1792.253662 125.500000
v -740.544739 1791.903809 126.000000
v -739.620911 1791.903809 126.000000
v -740.082825 1792.253662 130.500000
v -739.620911 1791.903809 130.000000
v -740.544739 1791.903809 130.000000
v -736.929993 1793.559692 125.500000
v -737.009216 1792.985596 126.000000
v -736.355957 1793.638916 126.000000
v -736.929993 1793.559692 130.500000
v -736.355957 1793.638916 130.000000
v -737.009216 1792.985596 130.000000
v -735.624023 1796.712524 125.500000
v -735.274170 1796.250610 126.000000
v -735.274170 1797.174438 126.000000
v -735.624023 1796.712524 130.500000
v -735.274170 1797.174438 130.000000
v -735.274170 1796.250610 130.000000
v -736.929993 1799.865356 125.500000
v -736.355957 1799.786133 126.000000
v -737.009216 1800.439453 126.000000
v -736.929993 1799.865356 130.500000
v -737.009216 1800.439453 130.000000
v -736.355957 1799.786133 130.000000
v -740.082825 1801.171387 125.500000
v -739.620911 1801.521240 126.000000
v -740.544739 1801.521240 126.000000
v -740.082825 1801.171387 130.500000
v -740.544739 1801.521240 130.000000
v -739.620911 1801.521240 130.000000
v -743.235657 1799.865356 125.500000
v -743.156433 1800.439453 126.000000
v -743.809692 1799.786133 126.000000
v -743.235657 1799.865356 130.500000
v -743.809692 1799.786133 130.000000
v -743.156433 1800.439453 130.000000
v -744.541626 1796.712524 125.500000
v -744.891479 1797.174438 126.000000
v -744.891479 1796.250610 126.000000
v -744.541626 1796.712524 130.500000
v -744.891479 1796.250610 130.000000
v -744.891479 1797.174438 130.000000
v -743.235657 1793.559692 125.500000
v -743.809692 1793.638916 126.000000
v -743.156433 1792.985596 126.000000
v -743.235657 1793.559692 130.500000
v -743.156433 1792.985596 130.000000
v -743.809692 1793.638916 130.000000
v 2212.000000 2317.541260 125.500000
v 2211.538086 2317.191406 126.000000
v 2212.461914 2317.191406 126.000000
v 2212.000000 2317.541260 130.500000
v 2212.461914 2317.191406 130.000000
v 2211.538086 2317.191406 130.000000
v 2213.738525 2318.261230 125.500000
v 2213.659424 2317.687256 126.000000
v 2214.312744 2318.340576 126.000000
v 2213.738525 2318.261230 130.500000
v 2214.312744 2318.340576 130.000000
v 2213.659424 2317.687256 130.000000
v 2214.458740 2320.000000 125.500000
v 2214.808594 2319.538086 126.000000
v 2214.808594 2320.461914 126.000000
v 2214.458740 2320.000000 130.500000
v 2214.808594 2320.461914 130.000000
v 2214.808594 2319.538086 130.000000
v 2213.738525 2321.738770 125.500000
v 2214.312744 2321.659424 126.000000
v 2213.659424 2322.312744 126.000000
v 2213.738525 2321.738770 130.500000
v 2213.659424 2322.312744 130.000000
v 2214.312744 2321.659424 130.000000
v 2212.000000 2322.458740 125.500000
v 2212.461914 2322.808594 126.000000
v 2211.538086 2322.808594 126.000000
v 2212.000000 2322.458740 130.500000
v 2211.538086 2322.808594 130.000000
v 2212.461914 2322.808594 130.000000
v 2210.261475 2321.738770 125.500000
v 2210.340576 2322.312744 126.000000
v 2209.687256 2321.659424 126.000000
v 2210.261475 2321.738770 130.500000
v 2209.687256 2321.659424 130.000000
v 2210.340576 2322.312744 130.000000
v 2209.541260 2320.000000 125.500000
v 2209.191406 2320.461914 126.000000
v 2209.191406 2319.538086 126.000000
v 2209.541260 2320.000000 130.500000
v 2209.191406 2319.538086 130.000000
v 2209.191406 2320.461914 130.000000
v 2210.261475 2318.261230 125.500000
v 2209.687256 2318.340576 126.000000
v 2210.340576 2317.687256 126.000000
v 2210.261475 2318.261230 130.500000
v 2210.340576 2317.687256 130.000000
v 2209.687256 2318.340576 130.000000
v 2204.513428 2295.972168 125.500000
v 2204.051514 2295.622314 126.000000
v 2204.975342 2295.622314 126.000000
v 2204.513428 2295.972168 130.500000
v 2204.975342 2295.622314 130.000000
v 2204.051514 2295.622314 130.000000
v 2206.959229 2296.985107 125.500000
v 2206.879883 2296.411133 126.000000
v 2207.533203 2297.064453 126.000000
v 2206.959229 2296.985107 130.500000
v 2207.533203 2297.064453 130.000000
v 2206.879883 2296.411133 130.000000
v 2207.972168 2299.430908 125.500000
v 2208.322021 2298.968994 126.000000
v 2208.322021 2299.892822 126.000000
v 2207.972168 2299.430908 130.500000
v 2208.322021 2299.892822 130.000000
v 2208.322021 2298.968994 130.000000
v 2206.959229 2301.876709 125.500000
v 2207.533203 2301.797363 126.000000
v 2206.879883 2302.450684 126.000000
v 2206.959229 2301.876709 130.500000
v 2206.879883 2302.450684 130.000000
v 2207.533203 2301.797363 130.000000
v 2204.513428 2302.889648 125.500000
v 2204.975342 2303.239502 126.000000
v 2204.051514 2303.239502 126.000000
v 2204.513428 2302.889648 130.500000
v 2204.051514 2303.239502 130.000000
v 2204.975342 2303.239502 130.000000
v 2202.067627 2301.876709 125.500000
v 2202.146973 2302.450684 126.000000
v 2201.493652 2301.797363 126.000000
v 2202.067627 2301.876709 130.500000
v 2201.493652 2301.797363 130.000000
v 2202.146973 2302.450684 130.000000
v 2201.054688 2299.430908 125.500000
v 2200.704834 2299.892822 126.000000
v 2200.704834 2298.968994 126.000000
v 2201.054688 2299.430908 130.500000
v 2200.704834 2298.968994 130.000000
v 2200.704834 2299.892822 130.000000
v 2202.067627 2296.985107 125.500000
v 2201.493652 2297.064453 126.000000
v 2202.146973 2296.411133 126.000000
v 2202.067627 2296.985107 130.500000
v 2202.146973 2296.411133 130.000000
v 2201.493652 2297.064453 130.000000
v 2185.556641 2284.027344 125.500000
v 2185.094727 2283.677490 126.000000
v 2186.018555 2283.677490 126.000000
v 2185.556641 2284.027344 130.500000
v 2186.018555 2283.677490 130.000000
v 2185.094727 2283.677490 130.000000
v 2188.709473 2285.333252 125.500000
v 2188.630127 2284.759277 126.000000
v 2189.283447 2285.412598 126.000000
v 2188.709473 2285.333252 130.500000
v 2189.283447 2285.412598 130.000000
v 2188.630127 2284.759277 130.000000
v 2190.015381 2288.486084 125.500000
v 2190.365234 2288.024170 126.000000
v 2190.365234 2288.947998 126.000000
v 2190.015381 2288.486084 130.500000
v 2190.365234 2288.947998 130.000000
v 2190.365234 2288.024170 130.000000
v 2188.709473 2291.638916 125.500000
v 2189.283447 2291.559570 126.000000
v 2188.630127 2292.212891 126.000000
v 2188.709473 2291.638916 130.500000
v 2188.630127 2292.212891 130.000000
v 2189.283447 2291.559570 130.000000
v 2185.556641 2292.944824 125.500000
v 2186.018555 2293.294678 126.000000
v 2185.094727 2293.294678 126.000000
v 2185.556641 2292.944824 130.500000
v 2185.094727 2293.294678 130.000000
v 2186.018555 2293.294678 130.000000
v 2182.403809 2291.638916 125.500000
v 2182.483154 2292.212891 126.000000
v 2181.829834 2291.559570 126.000000
v 2182.403809 2291.638916 130.500000
v 2181.829834 2291.559570 130.000000
v 2182.483154 2292.212891 130.000000
v 2181.097900 2288.486084 125.500000
v 2180.748047 2288.947998 126.000000
v 2180.748047 2288.024170 126.000000
v 2181.097900 2288.486084 130.500000
v 2180.748047 2288.024170 130.000000
v 2180.748047 2288.947998 130.000000
v 2182.403809 2285.333252 125.500000
v 2181.829834 2285.412598 126.000000
v 2182.483154 2284.759277 126.000000
v 2182.403809 2285.333252 130.500000
v 2182.483154 2284.759277 130.000000
v 2181.829834 2285.412598 130.000000
v 2164.000000 2289.828369 125.500000
v 2163.538086 2289.478516 126.000000
v 2164.461914 2289.478516 126.000000
v 2164.000000 2289.828369 130.500000
v 2164.461914 2289.478516 130.000000
v 2163.538086 2289.478516 130.000000
v 2165.738525 2290.548340 125.500000
v 2165.659424 2289.974365 126.000000
v 2166.312744 2290.627686 126.000000
v 2165.738525 2290.548340 130.500000
v 2166.312744 2290.627686 130.000000
v 2165.659424 2289.974365 130.000000
v 2166.458740 2292.287109 125.500000
v 2166.808594 2291.825195 126.000000
v 2166.808594 2292.749023 126.000000
v 2166.458740 2292.287109 130.500000
v 2166.808594 2292.749023 130.000000
v 2166.808594 2291.825195 130.000000
v 2165.738525 2294.025879 125.500000
v 2166.312744 2293.946533 126.000000
v 2165.659424 2294.599854 126.000000
v 2165.738525 2294.025879 130.500000
v 2165.659424 2294.599854 130.000000
v 2166.312744 2293.946533 130.000000
v 2164.000000 2294.745850 125.500000
v 2164.461914 2295.095703 126.000000
v 2163.538086 2295.095703 126.000000
v 2164.000000 2294.745850 130.500000
v 2163.538086 2295.095703 130.000000
v 2164.461914 2295.095703 130.000000
v 2162.261475 2294.025879 125.500000
v 2162.340576 2294.599854 126.000000
v 2161.687256 2293.946533 126.000000
v 2162.261475 2294.025879 130.500000
v 2161.687256 2293.946533 130.000000
v 2162.340576 2294.599854 130.000000
v 2161.541260 2292.287109 125.500000
v 2161.191406 2292.749023 126.000000
v 2161.191406 2291.825195 126.000000
v 2161.541260 2292.287109 130.500000
v 2161.191406 2291.825195 130.000000
v 2161.191406 2292.749023 130.000000
v 2162.261475 2290.548340 125.500000
v 2161.687256 2290.627686 126.000000
v 2162.340576 2289.974365 126.000000
v 2162.261475 2290.548340 130.500000
v 2162.340576 2289.974365 130.000000
v 2161.687256 2290.627686 130.000000
v 2149.929932 2305.596680 125.500000
v 2149.468018 2305.246826 126.000000
v 2150.391846 2305.246826 126.000000
v 2149.929932 2305.596680 130.500000
v 2150.391846 2305.246826 130.000000
v 2149.468018 2305.246826 130.000000
v 2152.375732 2306.609619 125.500000
v 2152.296387 2306.035645 126.000000
v 2152.949707 2306.688965 126.000000
v 2152.375732 2306.609619 130.500000
v 2152.949707 2306.688965 130.000000
v 2152.296387 2306.035645 130.000000
v 2153.388672 2309.055420 125.500000
v 2153.738525 2308.593506 126.000000
v 2153.738525 2309.517334 126.000000
v 2153.388672 2309.055420 130.500000
v 2153.738525 2309.517334 130.000000
v 2153.738525 2308.593506 130.000000
v 2152.375732 2311.501221 125.500000
v 2152.949707 2311.421875 126.000000
v 2152.296387 2312.075195 126.000000
v 2152.375732 2311.501221 130.500000
v 2152.296387 2312.075195 130.000000
v 2152.949707 2311.421875 130.000000
v 2149.929932 2312.514160 125.500000
v 2150.391846 2312.864014 126.000000
v 2149.468018 2312.864014 126.000000
v 2149.929932 2312.514160 130.500000
v 2149.468018 2312.864014 130.000000
v 2150.391846 2312.864014 130.000000
v 2147.484131 2311.501221 125.500000
v 2147.563477 2312.075195 126.000000
v 2146.910156 2311.421875 126.000000
v 2147.484131 2311.501221 130.500000
v 2146.910156 2311.421875 130.000000
v 2147.563477 2312.075195 130.000000
v 2146.471191 2309.055420 125.500000
v 2146.121338 2309.517334 126.000000
v 2146.121338 2308.593506 126.000000
v 2146.471191 2309.055420 130.500000
v 2146.121338 2308.593506 130.000000
v 2146.121338 2309.517334 130.000000
v 2147.484131 2306.609619 125.500000
v 2146.910156 2306.688965 126.000000
v 2147.563477 2306.035645 126.000000
v 2147.484131 2306.609619 130.500000
v 2147.563477 2306.035645 130.000000
v 2146.910156 2306.688965 130.000000
v 2149.929932 2326.485840 125.500000
v 2149.468018 2326.135986 126.000000
v 2150.391846 2326.135986 126.000000
v 2149.929932 2326.485840 130.500000
v 2150.391846 2326.135986 130.000000
v 2149.468018 2326.135986 130.000000
v 2153.082764 2327.791748 125.500000
v 2153.003418 2327.217773 126.000000
v 2153.656738 2327.871094 126.000000
v 2153.082764 2327.791748 130.500000
v 2153.656738 2327.871094 130.000000
v 2153.003418 2327.217773 130.000000
v 2154.388672 2330.944580 125.500000
v 2154.738525 2330.482666 126.000000
v 2154.738525 2331.406494 126.000000
v 2154.388672 2330.944580 130.500000
v 2154.738525 2331.406494 130.000000
v 2154.738525 2330.482666 130.000000
v 2153.082764 2334.097412 125.500000
v 2153.656738 2334.018066 126.000000
v 2153.003418 2334.671387 126.000000
v 2153.082764 2334.097412 130.500000
v 2153.003418 2334.671387 130.000000
v 2153.656738 2334.018066 130.000000
v 2149.929932 2335.403320 125.500000
v 2150.391846 2335.753174 126.000000
v 2149.468018 2335.753174 126.000000
v 2149.929932 2335.403320 130.500000
v 2149.468018 2335.753174 130.000000
v 2150.391846 2335.753174 130.000000
v 2146.777100 2334.097412 125.500000
v 2146.856445 2334.671387 126.000000
v 2146.203125 2334.018066 126.000000
v 2146.777100 2334.097412 130.500000
v 2146.203125 2334.018066 130.000000
v 2146.856445 2334.671387 130.000000
v 2145.471191 2330.944580 125.500000
v 2145.121338 2331.406494 126.000000
v 2145.121338 2330.482666 126.000000
v 2145.471191 2330.944580 130.500000
v 2145.121338 2330.482666 130.000000
v 2145.121338 2331.406494 130.000000
v 2146.777100 2327.791748 125.500000
v 2146.203125 2327.871094 126.000000
v 2146.856445 2327.217773 126.000000
v 2146.777100 2327.791748 130.500000
v 2146.856445 2327.217773 130.000000
v 2146.203125 2327.871094 130.000000
v 2164.000000 2345.253906 125.500000
v 2163.538086 2344.904297 126.000000
v 2164.461914 2344.904297 126.000000
v 2164.000000 2345.253906 130.500000
v 2164.461914 2344.904297 130.000000
v 2163.538086 2344.904297 130.000000
v 2165.738525 2345.974121 125.500000
v 2165.659424 2345.400391 126.000000
v 2166.312744 2346.053467 126.000000
v 2165.738525 2345.974121 130.500000
v 2166.312744 2346.053467 130.000000
v 2165.659424 2345.400391 130.000000
v 2166.458740 2347.712891 125.500000
v 2166.808594 2347.250977 126.000000
v 2166.808594 2348.174805 126.000000
v 2166.458740 2347.712891 130.500000
v 2166.808594 2348.174805 130.000000
v 2166.808594 2347.250977 130.000000
v 2165.738525 2349.451660 125.500000
v 2166.312744 2349.372314 126.000000
v 2165.659424 2350.025391 126.000000
v 2165.738525 2349.451660 130.500000
v 2165.659424 2350.025391 130.000000
v 2166.312744 2349.372314 130.000000
v 2164.000000 2350.171875 125.500000
v 2164.461914 2350.521484 126.000000
v 2163.538086 2350.521484 126.000000
v 2164.000000 2350.171875 130.500000
v 2163.538086 2350.521484 130.000000
v 2164.461914 2350.521484 130.000000
v 2162.261475 2349.451660 125.500000
v 2162.340576 2350.025391 126.000000
v 2161.687256 2349.372314 126.000000
v 2162.261475 2349.451660 130.500000
v 2161.687256 2349.372314 130.000000
v 2162.340576 2350.025391 130.000000
v 2161.541260 2347.712891 125.500000
v 2161.191406 2348.174805 126.000000
v 2161.191406 2347.250977 126.000000
v 2161.541260 2347.712891 130.500000
v 2161.191406 2347.250977 130.000000
v 2161.191406 2348.174805 130.000000
v 2162.261475 2345.974121 125.500000
v 2161.687256 2346.053467 126.000000
v 2162.340576 2345.400391 126.000000
v 2162.261475 2345.974121 130.500000
v 2162.340576 2345.400391 130.000000
v 2161.687256 2346.053467 130.000000
v 2185.556641 2348.055176 125.500000
v 2185.094727 2347.705078 126.000000
v 2186.018555 2347.705078 126.000000
v 2185.556641 2348.055176 130.500000
v 2186.018555 2347.705078 130.000000
v 2185.094727 2347.705078 130.000000
v 2188.002441 2349.068115 125.500000
v 2187.923096 2348.494141 126.000000
v 2188.576416 2349.147461 126.000000
v 2188.002441 2349.068115 130.500000
v 2188.576416 2349.147461 130.000000
v 2187.923096 2348.494141 130.000000
v 2189.015381 2351.513916 125.500000
v 2189.365234 2351.052002 126.000000
v 2189.365234 2351.975830 126.000000
v 2189.015381 2351.513916 130.500000
v 2189.365234 2351.975830 130.000000
v 2189.365234 2351.052002 130.000000
v 2188.002441 2353.959717 125.500000
v 2188.576416 2353.880371 126.000000
v 2187.923096 2354.533691 126.000000
v 2188.002441 2353.959717 130.500000
v 2187.923096 2354.533691 130.000000
v 2188.576416 2353.880371 130.000000
v 2185.556641 2354.972656 125.500000
v 2186.018555 2355.322754 126.000000
v 2185.094727 2355.322754 126.000000
v 2185.556641 2354.972656 130.500000
v 2185.094727 2355.322754 130.000000
v 2186.018555 2355.322754 130.000000
v 2183.110840 2353.959717 125.500000
v 2183.190186 2354.533691 126.000000
v 2182.536865 2353.880371 126.000000
v 2183.110840 2353.959717 130.500000
v 2182.536865 2353.880371 130.000000
v 2183.190186 2354.533691 130.000000
v 2182.097900 2351.513916 125.500000
v 2181.748047 2351.975830 126.000000
v 2181.748047 2351.052002 126.000000
v 2182.097900 2351.513916 130.500000
v 2181.748047 2351.052002 130.000000
v 2181.748047 2351.975830 130.000000
v 2183.110840 2349.068115 125.500000
v 2182.536865 2349.147461 126.000000
v 2183.190186 2348.494141 126.000000
v 2183.110840 2349.068115 130.500000
v 2183.190186 2348.494141 130.000000
v 2182.536865 2349.147461 130.000000
v 2204.513428 2336.110352 125.500000
v 2204.051514 2335.760498 126.000000
v 2204.975342 2335.760498 126.000000
v 2204.513428 2336.110352 130.500000
v 2204.975342 2335.760498 130.000000
v 2204.051514 2335.760498 130.000000
v 2207.666260 2337.416260 125.500000
v 2207.586914 2336.842285 126.000000
v 2208.240234 2337.495605 126.000000
v 2207.666260 2337.416260 130.500000
v 2208.240234 2337.495605 130.000000
v 2207.586914 2336.842285 130.000000
v 2208.972168 2340.569092 125.500000
v 2209.322021 2340.107178 126.000000
v 2209.322021 2341.031006 126.000000
v 2208.972168 2340.569092 130.500000
v 2209.322021 2341.031006 130.000000
v 2209.322021 2340.107178 130.000000
v 2207.666260 2343.721924 125.500000
v 2208.240234 2343.642578 126.000000
v 2207.586914 2344.295898 126.000000
v 2207.666260 2343.721924 130.500000
v 2207.586914 2344.295898 130.000000
v 2208.240234 2343.642578 130.000000
v 2204.513428 2345.027832 125.500000
v 2204.975342 2345.377930 126.000000
v 2204.051514 2345.377930 126.000000
v 2204.513428 2345.027832 130.500000
v 2204.051514 2345.377930 130.000000
v 2204.975342 2345.377930 130.000000
v 2201.360596 2343.721924 125.500000
v 2201.439941 2344.295898 126.000000
v 2200.786621 2343.642578 126.000000
v 2201.360596 2343.721924 130.500000
v 2200.786621 2343.642578 130.000000
v 2201.439941 2344.295898 130.000000
v 2200.054688 2340.569092 125.500000
v 2199.704834 2341.031006 126.000000
v 2199.704834 2340.107178 126.000000
v 2200.054688 2340.569092 130.500000
v 2199.704834 2340.107178 130.000000
v 2199.704834 2341.031006 130.000000
v 2201.360596 2337.416260 125.500000
v 2200.786621 2337.495605 126.000000
v 2201.439941 2336.842285 126.000000
v 2201.360596 2337.416260 130.500000
v 2201.439941 2336.842285 130.000000
v 2200.786621 2337.495605 130.000000
v 372.000000 2347.541016 125.500000
v 371.538086 2347.191406 126.000000
v 372.461914 2347.191406 126.000000
v 372.000000 2347.541016 130.500000
v 372.461914 2347.191406 130.000000
v 371.538086 2347.191406 130.000000
v 373.738647 2348.261230 125.500000
v 373.659424 2347.687500 126.000000
v 374.312622 2348.340576 126.000000
v 373.738647 2348.261230 130.500000
v 374.312622 2348.340576 130.000000
v 373.659424 2347.687500 130.000000
v 374.458862 2350.000000 125.500000
v 374.808716 2349.538086 126.000000
v 374.808716 2350.461914 126.000000
v 374.458862 2350.000000 130.500000
v 374.808716 2350.461914 130.000000
v 374.808716 2349.538086 130.000000
v 373.738647 2351.738770 125.500000
v 374.312622 2351.659424 126.000000
v 373.659424 2352.312500 126.000000
v 373.738647 2351.738770 130.500000
v 373.659424 2352.312500 130.000000
v 374.312622 2351.659424 130.000000
v 372.000000 2352.458984 125.500000
v 372.461914 2352.808594 126.000000
v 371.538086 2352.808594 126.000000
v 372.000000 2352.458984 130.500000
v 371.538086 2352.808594 130.000000
v 372.461914 2352.808594 130.000000
v 370.261353 2351.738770 125.500000
v 370.340576 2352.312500 126.000000
v 369.687378 2351.659424 126.000000
v 370.261353 2351.738770 130.500000
v 369.687378 2351.659424 130.000000
v 370.340576 2352.312500 130.000000
v 369.541138 2350.000000 125.500000
v 369.191284 2350.461914 126.000000
v 369.191284 2349.538086 126.000000
v 369.541138 2350.000000 130.500000
v 369.191284 2349.538086 130.000000
v 369.191284 2350.461914 130.000000
v 370.261353 2348.261230 125.500000
v 369.687378 2348.340576 126.000000
v 370.340576 2347.687500 126.000000
v 370.261353 2348.261230 130.500000
v 370.340576 2347.687500 130.000000
v 369.687378 2348.340576 130.000000
v 366.853027 2332.399902 125.500000
v 366.391113 2332.050049 126.000000
v 367.314941 2332.050049 126.000000
v 366.853027 2332.399902 130.500000
v 367.314941 2332.050049 130.000000
v 366.391113 2332.050049 130.000000
v 369.298828 2333.412842 125.500000
v 369.219482 2332.838867 126.000000
v 369.872803 2333.492188 126.000000
v 369.298828 2333.412842 130.500000
v 369.872803 2333.492188 130.000000
v 369.219482 2332.838867 130.000000
v 370.311890 2335.858643 125.500000
v 370.661743 2335.396729 126.000000
v 370.661743 2336.320557 126.000000
v 370.311890 2335.858643 130.500000
v 370.661743 2336.320557 130.000000
v 370.661743 2335.396729 130.000000
v 369.298828 2338.304443 125.500000
v 369.872803 2338.225098 126.000000
v 369.219482 2338.878418 126.000000
v 369.298828 2338.304443 130.500000
v 369.219482 2338.878418 130.000000
v 369.872803 2338.225098 130.000000
v 366.853027 2339.317383 125.500000
v 367.314941 2339.667236 126.000000
v 366.391113 2339.667236 126.000000
v 366.853027 2339.317383 130.500000
v 366.391113 2339.667236 130.000000
v 367.314941 2339.667236 130.000000
v 364.407227 2338.304443 125.500000
v 364.486572 2338.878418 126.000000
v 363.833252 2338.225098 126.000000
v 364.407227 2338.304443 130.500000
v 363.833252 2338.225098 130.000000
v 364.486572 2338.878418 130.000000
v 363.394165 2335.858643 125.500000
v 363.044312 2336.320557 126.000000
v 363.044312 2335.396729 126.000000
v 363.394165 2335.858643 130.500000
v 363.044312 2335.396729 130.000000
v 363.044312 2336.320557 130.000000
v 364.407227 2333.412842 125.500000
v 363.833252 2333.492188 126.000000
v 364.486572 2332.838867 126.000000
v 364.407227 2333.412842 130.500000
v 364.486572 2332.838867 130.000000
v 363.833252 2333.492188 130.000000
v 353.820312 2323.875488 125.500000
v 353.358398 2323.525635 126.000000
v 354.282227 2323.525635 126.000000
v 353.820312 2323.875488 130.500000
v 354.282227 2323.525635 130.000000
v 353.358398 2323.525635 130.000000
v 356.973145 2325.181396 125.500000
v 356.893921 2324.607422 126.000000
v 357.547241 2325.260742 126.000000
v 356.973145 2325.181396 130.500000
v 357.547241 2325.260742 130.000000
v 356.893921 2324.607422 130.000000
v 358.279175 2328.334229 125.500000
v 358.629028 2327.872314 126.000000
v 358.629028 2328.796143 126.000000
v 358.279175 2328.334229 130.500000
v 358.629028 2328.796143 130.000000
v 358.629028 2327.872314 130.000000
v 356.973145 2331.487061 125.500000
v 357.547241 2331.407715 126.000000
v 356.893921 2332.061035 126.000000
v 356.973145 2331.487061 130.500000
v 356.893921 2332.061035 130.000000
v 357.547241 2331.407715 130.000000
v 353.820312 2332.792969 125.500000
v 354.282227 2333.142822 126.000000
v 353.358398 2333.142822 126.000000
v 353.820312 2332.792969 130.500000
v 353.358398 2333.142822 130.000000
v 354.282227 2333.142822 130.000000
v 350.667480 2331.487061 125.500000
v 350.746704 2332.061035 126.000000
v 350.093384 2331.407715 126.000000
v 350.667480 2331.487061 130.500000
v 350.093384 2331.407715 130.000000
v 350.746704 2332.061035 130.000000
v 349.361450 2328.334229 125.500000
v 349.011597 2328.796143 126.000000
v 349.011597 2327.872314 126.000000
v 349.361450 2328.334229 130.500000
v 349.011597 2327.872314 130.000000
v 349.011597 2328.796143 130.000000
v 350.667480 2325.181396 125.500000
v 350.093384 2325.260742 126.000000
v 350.746704 2324.607422 126.000000
v 350.667480 2325.181396 130.500000
v 350.746704 2324.607422 130.000000
v 350.093384 2325.260742 130.000000
v 339.000000 2328.488770 125.500000
v 338.538086 2328.138916 126.000000
v 339.461914 2328.138916 126.000000
v 339.000000 2328.488770 130.500000
v 339.461914 2328.138916 130.000000
v 338.538086 2328.138916 130.000000
v 340.738647 2329.208984 125.500000
v 340.659424 2328.634766 126.000000
v 341.312622 2329.288086 126.000000
v 340.738647 2329.208984 130.500000
v 341.312622 2329.288086 130.000000
v 340.659424 2328.634766 130.000000
v 341.458862 2330.947510 125.500000
v 341.808716 2330.485596 126.000000
v 341.808716 2331.409424 126.000000
v 341.458862 2330.947510 130.500000
v 341.808716 2331.409424 130.000000
v 341.808716 2330.485596 130.000000
v 340.738647 2332.686035 125.500000
v 341.312622 2332.606934 126.000000
v 340.659424 2333.260254 126.000000
v 340.738647 2332.686035 130.500000
v 340.659424 2333.260254 130.000000
v 341.312622 2332.606934 130.000000
v 339.000000 2333.406250 125.500000
v 339.461914 2333.756104 126.000000
v 338.538086 2333.756104 126.000000
v 339.000000 2333.406250 130.500000
v 338.538086 2333.756104 130.000000
v 339.461914 2333.756104 130.000000
v 337.261353 2332.686035 125.500000
v 337.340576 2333.260254 126.000000
v 336.687378 2332.606934 126.000000
v 337.261353 2332.686035 130.500000
v 336.687378 2332.606934 130.000000
v 337.340576 2333.260254 130.000000
v 336.541138 2330.947510 125.500000
v 336.191284 2331.409424 126.000000
v 336.191284 2330.485596 126.000000
v 336.541138 2330.947510 130.500000
v 336.191284 2330.485596 130.000000
v 336.191284 2331.409424 130.000000
v 337.261353 2329.208984 125.500000
v 336.687378 2329.288086 126.000000
v 337.340576 2328.634766 126.000000
v 337.261353 2329.208984 130.500000
v 337.340576 2328.634766 130.000000
v 336.687378 2329.288086 130.000000
v 329.326782 2339.016846 125.500000
v 328.864868 2338.666992 126.000000
v 329.788696 2338.666992 126.000000
v 329.326782 2339.016846 130.500000
v 329.788696 2338.666992 130.000000
v 328.864868 2338.666992 130.000000
v 331.772583 2340.029785 125.500000
v 331.693237 2339.455811 126.000000
v 332.346558 2340.109131 126.000000
v 331.772583 2340.029785 130.500000
v 332.346558 2340.109131 130.000000
v 331.693237 2339.455811 130.000000
v 332.785645 2342.475586 125.500000
v 333.135498 2342.013672 126.000000
v 333.135498 2342.937500 126.000000
v 332.785645 2342.475586 130.500000
v 333.135498 2342.937500 130.000000
v 333.135498 2342.013672 130.000000
v 331.772583 2344.921387 125.500000
v 332.346558 2344.842041 126.000000
v 331.693237 2345.495361 126.000000
v 331.772583 2344.921387 130.500000
v 331.693237 2345.495361 130.000000
v 332.346558 2344.842041 130.000000
v 329.326782 2345.934570 125.500000
v 329.788696 2346.284180 126.000000
v 328.864868 2346.284180 126.000000
v 329.326782 2345.934570 130.500000
v 328.864868 2346.284180 130.000000
v 329.788696 2346.284180 130.000000
v 326.880981 2344.921387 125.500000
v 326.960327 2345.495361 126.000000
v 326.307007 2344.842041 126.000000
v 326.880981 2344.921387 130.500000
v 326.307007 2344.842041 130.000000
v 326.960327 2345.495361 130.000000
v 325.867920 2342.475586 125.500000
v 325.518066 2342.937500 126.000000
v 325.518066 2342.013672 126.000000
v 325.867920 2342.475586 130.500000
v 325.518066 2342.013672 130.000000
v 325.518066 2342.937500 130.000000
v 326.880981 2340.029785 125.500000
v 326.307007 2340.109131 126.000000
v 326.960327 2339.455811 126.000000
v 326.880981 2340.029785 130.500000
v 326.960327 2339.455811 130.000000
v 326.307007 2340.109131 130.000000
v 329.326782 2353.065430 125.500000
v 328.864868 2352.715820 126.000000
v 329.788696 2352.715820 126.000000
v 329.326782 2353.065430 130.500000
v 329.788696 2352.715820 130.000000
v 328.864868 2352.715820 130.000000
v 332.479614 2354.371582 125.500000
v 332.400391 2353.797363 126.000000
v 333.053711 2354.450684 126.000000
v 332.479614 2354.371582 130.500000
v 333.053711 2354.450684 130.000000
v 332.400391 2353.797363 130.000000
v 333.785645 2357.524414 125.500000
v 334.135498 2357.062500 126.000000
v 334.135498 2357.986328 126.000000
v 333.785645 2357.524414 130.500000
v 334.135498 2357.986328 130.000000
v 334.135498 2357.062500 130.000000
v 332.479614 2360.677246 125.500000
v 333.053711 2360.598145 126.000000
v 332.400391 2361.251465 126.000000
v 332.479614 2360.677246 130.500000
v 332.400391 2361.251465 130.000000
v 333.053711 2360.598145 130.000000
v 329.326782 2361.983398 125.500000
v 329.788696 2362.333008 126.000000
v 328.864868 2362.333008 126.000000
v 329.326782 2361.983398 130.500000
v 328.864868 2362.333008 130.000000
v 329.788696 2362.333008 130.000000
v 326.173950 2360.677246 125.500000
v 326.253174 2361.251465 126.000000
v 325.599854 2360.598145 126.000000
v 326.173950 2360.677246 130.500000
v 325.599854 2360.598145 130.000000
v 326.253174 2361.251465 130.000000
v 324.867920 2357.524414 125.500000
v 324.518066 2357.986328 126.000000
v 324.518066 2357.062500 126.000000
v 324.867920 2357.524414 130.500000
v 324.518066 2357.062500 130.000000
v 324.518066 2357.986328 130.000000
v 326.173950 2354.371582 125.500000
v 325.599854 2354.450684 126.000000
v 326.253174 2353.797363 126.000000
v 326.173950 2354.371582 130.500000
v 326.253174 2353.797363 130.000000
v 325.599854 2354.450684 130.000000
v 339.000000 2366.593750 125.500000
v 338.538086 2366.243652 126.000000
v 339.461914 2366.243652 126.000000
v 339.000000 2366.593750 130.500000
v 339.461914 2366.243652 130.000000
v 338.538086 2366.243652 130.000000
v 340.738647 2367.313965 125.500000
v 340.659424 2366.739746 126.000000
v 341.312622 2367.393066 126.000000
v 340.738647 2367.313965 130.500000
v 341.312622 2367.393066 130.000000
v 340.659424 2366.739746 130.000000
v 341.458862 2369.052490 125.500000
v 341.808716 2368.590576 126.000000
v 341.808716 2369.514404 126.000000
v 341.458862 2369.052490 130.500000
v 341.808716 2369.514404 130.000000
v 341.808716 2368.590576 130.000000
v 340.738647 2370.791016 125.500000
v 341.312622 2370.711914 126.000000
v 340.659424 2371.365234 126.000000
v 340.738647 2370.791016 130.500000
v 340.659424 2371.365234 130.000000
v 341.312622 2370.711914 130.000000
v 339.000000 2371.511230 125.500000
v 339.461914 2371.861328 126.000000
v 338.538086 2371.861328 126.000000
v 339.000000 2371.511230 130.500000
v 338.538086 2371.861328 130.000000
v 339.461914 2371.861328 130.000000
v 337.261353 2370.791016 125.500000
v 337.340576 2371.365234 126.000000
v 336.687378 2370.711914 126.000000
v 337.261353 2370.791016 130.500000
v 336.687378 2370.711914 130.000000
v 337.340576 2371.365234 130.000000
v 336.541138 2369.052490 125.500000
v 336.191284 2369.514404 126.000000
v 336.191284 2368.590576 126.000000
v 336.541138 2369.052490 130.500000
v 336.191284 2368.590576 130.000000
v 336.191284 2369.514404 130.000000
v 337.261353 2367.313965 125.500000
v 336.687378 2367.393066 126.000000
v 337.340576 2366.739746 126.000000
v 337.261353 2367.313965 130.500000
v 337.340576 2366.739746 130.000000
v 336.687378 2367.393066 130.000000
v 353.820312 2368.207031 125.500000
v 353.358398 2367.856934 126.000000
v 354.282227 2367.856934 126.000000
v 353.820312 2368.207031 130.500000
v 354.282227 2367.856934 130.000000
v 353.358398 2367.856934 130.000000
v 356.266113 2369.219971 125.500000
v 356.186768 2368.645996 126.000000
v 356.840088 2369.299316 126.000000
v 356.266113 2369.219971 130.500000
v 356.840088 2369.299316 130.000000
v 356.186768 2368.645996 130.000000
v 357.279175 2371.665771 125.500000
v 357.629028 2371.203857 126.000000
v 357.629028 2372.127686 126.000000
v 357.279175 2371.665771 130.500000
v 357.629028 2372.127686 130.000000
v 357.629028 2371.203857 130.000000
v 356.266113 2374.111572 125.500000
v 356.840088 2374.032227 126.000000
v 356.186768 2374.685547 126.000000
v 356.266113 2374.111572 130.500000
v 356.186768 2374.685547 130.000000
v 356.840088 2374.032227 130.000000
v 353.820312 2375.124512 125.500000
v 354.282227 2375.474609 126.000000
v 353.358398 2375.474609 126.000000
v 353.820312 2375.124512 130.500000
v 353.358398 2375.474609 130.000000
v 354.282227 2375.474609 130.000000
v 351.374512 2374.111572 125.500000
v 351.453857 2374.685547 126.000000
v 350.800537 2374.032227 126.000000
v 351.374512 2374.111572 130.500000
v 350.800537 2374.032227 130.000000
v 351.453857 2374.685547 130.000000
v 350.361450 2371.665771 125.500000
v 350.011597 2372.127686 126.000000
v 350.011597 2371.203857 126.000000
v 350.361450 2371.665771 130.500000
v 350.011597 2371.203857 130.000000
v 350.011597 2372.127686 130.000000
v 351.374512 2369.219971 125.500000
v 350.800537 2369.299316 126.000000
v 351.453857 2368.645996 126.000000
v 351.374512 2369.219971 130.500000
v 351.453857 2368.645996 130.000000
v 350.800537 2369.299316 130.000000
v 366.853027 2359.682617 125.500000
v 366.391113 2359.332520 126.000000
v 367.314941 2359.332520 126.000000
v 366.853027 2359.682617 130.500000
v 367.314941 2359.332520 130.000000
v 366.391113 2359.332520 130.000000
v 370.005859 2360.988525 125.500000
v 369.926636 2360.414551 126.000000
v 370.579956 2361.067871 126.000000
v 370.005859 2360.988525 130.500000
v 370.579956 2361.067871 130.000000
v 369.926636 2360.414551 130.000000
v 371.311890 2364.141357 125.500000
v 371.661743 2363.679443 126.000000
v 371.661743 2364.603271 126.000000
v 371.311890 2364.141357 130.500000
v 371.661743 2364.603271 130.000000
v 371.661743 2363.679443 130.000000
v 370.005859 2367.294189 125.500000
v 370.579956 2367.214844 126.000000
v 369.926636 2367.868164 126.000000
v 370.005859 2367.294189 130.500000
v 369.926636 2367.868164 130.000000
v 370.579956 2367.214844 130.000000
v 366.853027 2368.600098 125.500000
v 367.314941 2368.950195 126.000000
v 366.391113 2368.950195 126.000000
v 366.853027 2368.600098 130.500000
v 366.391113 2368.950195 130.000000
v 367.314941 2368.950195 130.000000
v 363.700195 2367.294189 125.500000
v 363.779419 2367.868164 126.000000
v 363.126099 2367.214844 126.000000
v 363.700195 2367.294189 130.500000
v 363.126099 2367.214844 130.000000
v 363.779419 2367.868164 130.000000
v 362.394165 2364.141357 125.500000
v 362.044312 2364.603271 126.000000
v 362.044312 2363.679443 126.000000
v 362.394165 2364.141357 130.500000
v 362.044312 2363.679443 130.000000
v 362.044312 2364.603271 130.000000
v 363.700195 2360.988525 125.500000
v 363.126099 2361.067871 126.000000
v 363.779419 2360.414551 126.000000
v 363.700195 2360.988525 130.500000
v 363.779419 2360.414551 130.000000
v 363.126099 2361.067871 130.000000
vn -0.5774 0.5774 -0.5774
vn -0.5774 0.5774 0.5774
vn -0.5774 -0.5774 -0.5774
vn -0.5774 -0.5774 0.5774
vn 0.5774 0.5774 -0.5774
vn 0.5774 0.5774 0.5774
vn 0.5774 -0.5774 -0.5774
vn 0.5774 -0.5774 0.5774
vn -0.7071 -0.0000 -0.7071
vn -0.7071 0.7071 -0.0000
vn -0.7071 -0.0000 0.7071
vn -0.7071 -0.7071 -0.0000
vn -0.0000 -0.7071 -0.7071
vn -0.0000 -0.7071 0.7071
vn 0.7071 -0.7071 -0.0000
vn 0.7071 -0.0000 -0.7071
vn 0.7071 -0.0000 0.7071
vn 0.7071 0.7071 -0.0000
vn -0.0000 0.7071 -0.7071
vn -0.0000 0.7071 0.7071
vn -0.0000 -0.0000 -1.0000
vn -1.0000 -0.0000 -0.0000
vn -0.0000 1.0000 -0.0000
vn -0.0000 -0.0000 1.0000
vn -0.0000 -1.0000 -0.0000
vn 1.0000 -0.0000 -0.0000
vn -0.3579 0.7339 -0.5774
vn -0.3579 0.7339 0.5774
vn -0.7339 -0.3579 -0.5774
vn -0.7339 -0.3579 0.5774
vn 0.7339 0.3579 -0.5774
vn 0.7339 0.3579 0.5774
vn 0.3579 -0.7339 -0.5774
vn 0.3579 -0.7339 0.5774
vn -0.6686 0.2302 -0.7071
vn -0.4384 0.8988 -0.0000
vn -0.6686 0.2302 0.7071
vn -0.8988 -0.4384 -0.0000
vn -0.2302 -0.6686 -0.7071
vn -0.2302 -0.6686 0.7071
vn 0.4384 -0.8988 -0.0000
vn 0.6686 -0.2302 -0.7071
vn 0.6686 -0.2302 0.7071
vn 0.8988 0.4384 -0.0000
vn 0.2302 0.6686 -0.7071
vn 0.2302 0.6686 0.7071
vn -0.9455 0.3256 -0.0000
vn 0.3256 0.9455 -0.0000
vn -0.3256 -0.9455 -0.0000
vn 0.9455 -0.3256 -0.0000
vn -0.0995 0.8104 -0.5773
vn -0.0995 0.8104 0.5773
vn -0.8104 -0.0995 -0.5774
vn -0.8104 -0.0995 0.5774
vn 0.8104 0.0995 -0.5774
vn 0.8104 0.0995 0.5774
vn 0.0995 -0.8105 -0.5773
vn 0.0995 -0.8105 0.5773
vn -0.5572 0.4353 -0.7071
vn -0.1219 0.9925 -0.0000
vn -0.5572 0.4353 0.7071
vn -0.9925 -0.1219 -0.0000
vn -0.4353 -0.5572 -0.7071
vn -0.4353 -0.5572 0.7071
vn 0.1219 -0.9925 -0.0000
vn 0.5572 -0.4354 -0.7071
vn 0.5572 -0.4354 0.7071
vn 0.9925 0.1219 -0.0000
vn 0.4353 0.5572 -0.7071
vn 0.4353 0.5572 0.7071
vn -0.7880 0.6157 -0.0000
vn 0.6157 0.7880 -0.0000
vn -0.6157 -0.7880 -0.0000
vn 0.7880 -0.6157 -0.0000
vn 0.1698 0.7986 -0.5774
vn 0.1698 0.7986 0.5774
vn -0.7986 0.1698 -0.5774
vn -0.7986 0.1698 0.5774
vn 0.7986 -0.1698 -0.5774
vn 0.7986 -0.1698 0.5774
vn -0.1698 -0.7986 -0.5774
vn -0.1698 -0.7986 0.5774
vn -0.3851 0.5930 -0.7072
vn 0.2079 0.9781 -0.0000
vn -0.3851 0.5930 0.7072
vn -0.9782 0.2079 -0.0000
vn -0.5930 -0.3851 -0.7072
vn -0.5930 -0.3851 0.7071
vn -0.2079 -0.9781 -0.0000
vn 0.3851 -0.5930 -0.7071
vn 0.3851 -0.5930 0.7072
vn 0.9782 -0.2079 -0.0000
vn 0.5930 0.3851 -0.7071
vn 0.5930 0.3851 0.7071
vn -0.5446 0.8387 -0.0000
vn 0.8387 0.5446 -0.0000
vn -0.8387 -0.5446 -0.0000
vn 0.5446 -0.8387 -0.0000
vn 0.4205 0.6999 -0.5774
vn 0.4205 0.6999 0.5774
vn -0.6999 0.4205 -0.5774
vn -0.6999 0.4205 0.5774
vn 0.6999 -0.4205 -0.5774
vn 0.6999 -0.4205 0.5774
vn -0.4205 -0.6998 -0.5774
vn -0.4205 -0.6998 0.5774
vn -0.1711 0.6861 -0.7071
vn 0.5150 0.8572 -0.0000
vn -0.1711 0.6861 0.7071
vn -0.8572 0.5150 -0.0000
vn -0.6861 -0.1711 -0.7071
vn -0.6861 -0.1711 0.7071
vn -0.5150 -0.8572 -0.0000
vn 0.1711 -0.6861 -0.7071
vn 0.1711 -0.6861 0.7071
vn 0.8572 -0.5150 -0.0000
vn 0.6861 0.1711 -0.7071
vn 0.6861 0.1711 0.7071
vn -0.2419 0.9703 -0.0000
vn 0.9703 0.2419 -0.0000
vn -0.9703 -0.2419 -0.0000
vn 0.2419 -0.9703 -0.0000
vn -0.3431 -0.9290 -0.1386
vn -0.7725 -0.3794 -0.5092
vn -0.1922 -0.8370 -0.5124
vn 0.9094 -0.3794 0.1704
vn 0.3431 -0.9290 0.1386
vn 0.4941 -0.8370 -0.2351
vn -0.0711 -0.5792 -0.8121
vn 0.9643 -0.2625 0.0345
vn 0.6152 -0.5792 -0.5348
vn -0.7177 -0.2625 -0.6450
vn -0.0039 -0.2067 -0.9784
vn 0.6824 -0.2067 -0.7011
vn -0.6872 -0.0937 -0.7204
vn -0.0039 0.2067 -0.9784
vn 0.9948 0.0937 -0.0408
vn 0.6824 0.2067 -0.7011
vn -0.7177 0.2625 -0.6450
vn -0.0711 0.5792 -0.8121
vn 0.9643 0.2625 0.0346
vn 0.6152 0.5792 -0.5348
vn -0.7725 0.3794 -0.5092
vn -0.1921 0.8370 -0.5124
vn 0.9094 0.3794 0.1704
vn 0.4942 0.8370 -0.2351
vn -0.8410 0.4211 -0.3398
vn -0.3432 0.9290 -0.1386
vn 0.8410 0.4211 0.3398
vn 0.3432 0.9290 0.1386
vn -0.4942 0.8370 0.2351
vn 0.1922 0.8370 0.5124
vn -0.9094 0.3794 -0.1704
vn -0.6152 0.5792 0.5348
vn 0.7177 0.2625 0.6450
vn 0.0711 0.5792 0.8121
vn -0.9643 0.2625 -0.0345
vn -0.6824 0.2067 0.7011
vn 0.0039 0.2067 0.9784
vn -0.9948 0.0937 0.0408
vn -0.6824 -0.2067 0.7011
vn 0.6872 -0.0937 0.7204
vn 0.0039 -0.2067 0.9784
vn -0.9948 -0.0937 0.0408
vn -0.6152 -0.5792 0.5348
vn 0.7177 -0.2625 0.6450
vn 0.0711 -0.5792 0.8121
vn -0.9094 -0.3794 -0.1704
vn -0.4941 -0.8370 0.2351
vn 0.1922 -0.8370 0.5124
vn -0.8410 -0.4211 -0.3398
vn 0.8410 -0.4211 0.3398
vn 0.7725 0.3794 0.5092
vn 0.7956 0.5780 0.1816
vn -0.3083 0.9487 -0.0703
vn -0.9749 -0.0000 -0.2225
vn -0.3083 -0.9487 -0.0703
vn 0.7955 -0.5780 0.1816
vn 0.6380 0.5780 0.5088
vn -0.2472 0.9487 -0.1972
vn -0.7818 -0.0000 -0.6235
vn -0.2472 -0.9487 -0.1971
vn 0.6380 -0.5780 0.5088
vn 0.3541 0.5780 0.7352
vn -0.1372 0.9487 -0.2849
vn -0.4339 -0.0000 -0.9010
vn -0.1372 -0.9487 -0.2849
vn 0.3540 -0.5780 0.7352
vn -0.0000 0.5780 0.8160
vn -0.0000 0.9487 -0.3162
vn -0.0000 -0.9487 -0.3161
vn -0.0000 -0.5780 0.8160
vn -0.3541 0.5780 0.7352
vn 0.1372 0.9487 -0.2849
vn 0.4339 -0.0000 -0.9010
vn 0.1372 -0.9487 -0.2849
vn -0.3540 -0.5780 0.7352
vn -0.6380 0.5780 0.5088
vn 0.2472 0.9487 -0.1972
vn 0.7818 -0.0000 -0.6235
vn 0.2472 -0.9487 -0.1971
vn -0.6380 -0.5780 0.5088
vn -0.7956 0.5780 0.1816
vn 0.3083 0.9487 -0.0703
vn 0.9749 -0.0000 -0.2225
vn 0.3083 -0.9487 -0.0704
vn -0.7955 -0.5780 0.1816
vn -0.7956 0.5780 -0.1816
vn 0.3083 0.9487 0.0703
vn 0.9749 -0.0000 0.2225
vn 0.3083 -0.9487 0.0704
vn -0.7955 -0.5780 -0.1816
vn -0.6380 0.5780 -0.5088
vn 0.2472 0.9487 0.1972
vn 0.7818 -0.0000 0.6235
vn 0.2472 -0.9487 0.1971
vn -0.6380 -0.5780 -0.5088
vn -0.3541 0.5780 -0.7352
vn 0.1372 0.9487 0.2849
vn 0.4339 -0.0000 0.9010
vn 0.1372 -0.9487 0.2849
vn -0.3540 -0.5780 -0.7352
vn -0.0000 0.5780 -0.8160
vn -0.0000 0.9487 0.3162
vn -0.0000 -0.9487 0.3161
vn -0.0000 -0.5780 -0.8160
vn 0.3541 0.5780 -0.7352
vn -0.1372 0.9487 0.2849
vn -0.4339 -0.0000 0.9010
vn -0.1372 -0.9487 0.2849
vn 0.3540 -0.5780 -0.7352
vn 0.6380 0.5780 -0.5088
vn -0.2472 0.9487 0.1972
vn -0.7818 -0.0000 0.6235
vn -0.2472 -0.9487 0.1971
vn 0.6380 -0.5780 -0.5088
vn 0.7956 0.5780 -0.1816
vn -0.3083 0.9487 0.0703
vn -0.9749 -0.0000 0.2225
vn -0.3083 -0.9487 0.0703
vn 0.7955 -0.5780 -0.1816
vn -0.9377 0.0722 -0.3398
vn -0.5958 -0.6185 -0.5124
vn -0.7726 -0.6196 -0.1387
vn -0.0075 -0.9719 -0.2351
vn 0.5040 -0.7941 0.3398
vn -0.1843 -0.9730 0.1387
vn -0.8576 0.0727 -0.5092
vn -0.3592 -0.4599 -0.8121
vn 0.2290 -0.8134 -0.5348
vn 0.5842 -0.7936 0.1704
vn -0.6373 0.2736 -0.7204
vn -0.1098 -0.1752 -0.9784
vn 0.4785 -0.5287 -0.7011
vn 0.6914 -0.7217 0.0346
vn 0.1032 0.1792 -0.9784
vn 0.6914 -0.1743 -0.7011
vn 0.8044 -0.5927 -0.0408
vn -0.4799 0.5947 -0.6450
vn 0.2374 0.5331 -0.8121
vn 0.9618 -0.2716 0.0346
vn 0.8257 0.1796 -0.5348
vn -0.4668 0.7231 -0.5092
vn 0.2664 0.8164 -0.5124
vn 0.9749 -0.1432 0.1704
vn 0.8546 0.4629 -0.2351
vn 0.1843 0.9730 -0.1387
vn 0.9377 -0.0722 0.3398
vn 0.7726 0.6196 0.1386
vn -0.5842 0.7936 -0.1704
vn 0.0075 0.9720 0.2351
vn 0.8576 -0.0727 0.5092
vn 0.5958 0.6185 0.5124
vn -0.2291 0.8133 0.5348
vn 0.3592 0.4599 0.8121
vn -0.6914 0.7217 -0.0345
vn -0.4785 0.5287 0.7011
vn 0.1098 0.1752 0.9784
vn 0.7504 -0.1446 0.6450
vn -0.8044 0.5926 0.0408
vn -0.6914 0.1743 0.7011
vn -0.1032 -0.1792 0.9784
vn 0.6373 -0.2736 0.7204
vn -0.9009 0.4320 0.0408
vn -0.8257 -0.1796 0.5348
vn 0.4799 -0.5947 0.6450
vn -0.2374 -0.5331 0.8121
vn -0.9749 0.1432 -0.1704
vn -0.8547 -0.4629 0.2351
vn 0.4668 -0.7231 0.5092
vn -0.2664 -0.8164 0.5124
vn -0.5040 0.7941 -0.3398
vn 0.9009 -0.4320 -0.0408
vn -0.3083 -0.9487 -0.0704
vn 0.7956 -0.5780 0.1816
vn -0.2472 0.9487 -0.1971
vn -0.7819 -0.0000 -0.6235
vn -0.1372 0.9487 -0.2850
vn 0.3541 -0.5780 0.7352
vn -0.0000 -0.9487 -0.3162
vn -0.3541 -0.5781 0.7352
vn 0.2472 0.9487 -0.1971
vn 0.7819 -0.0000 -0.6235
vn 0.3083 0.9487 -0.0704
vn -0.7956 -0.5780 0.1816
vn -0.7956 -0.5780 -0.1816
vn 0.2472 0.9487 0.1971
vn 0.7819 -0.0000 0.6235
vn 0.1372 0.9487 0.2850
vn -0.3541 -0.5781 -0.7351
vn -0.0000 -0.9487 0.3162
vn -0.1372 0.9487 0.2850
vn 0.3541 -0.5780 -0.7352
vn -0.2472 0.9487 0.1971
vn -0.2472 -0.9487 0.1970
vn -0.3083 0.9487 0.0704
vn -0.3083 -0.9487 0.0704
vn 0.7956 -0.5780 -0.1816
vn -0.7666 0.5448 -0.3398
vn -0.8292 -0.2233 -0.5124
vn -0.9813 -0.1332 -0.1386
vn -0.5070 -0.8292 -0.2351
vn 0.0231 -0.9402 0.3398
vn -0.6591 -0.7392 0.1387
vn -0.5687 0.5104 -0.6450
vn -0.5448 -0.2092 -0.8121
vn -0.2226 -0.8151 -0.5348
vn 0.0920 -0.9811 0.1704
vn -0.4053 0.5628 -0.7204
vn -0.1843 -0.0936 -0.9784
vn 0.3843 -0.9223 -0.0409
vn 0.1378 -0.6996 -0.7012
vn 0.1807 0.1005 -0.9784
vn 0.5497 -0.8343 -0.0408
vn 0.5029 -0.5055 -0.7011
vn -0.2399 0.6508 -0.7203
vn 0.4781 0.3347 -0.8121
vn 0.8003 -0.2713 -0.5348
vn -0.1051 0.7569 -0.6450
vn 0.6488 0.5626 -0.5124
vn 0.7619 -0.6249 0.1704
vn 0.9710 -0.0434 -0.2351
vn -0.0231 0.9402 -0.3398
vn 0.6591 0.7391 -0.1387
vn 0.7666 -0.5448 0.3398
vn 0.9813 0.1332 0.1386
vn 0.5070 0.8292 0.2351
vn 0.8292 0.2233 0.5124
vn -0.0920 0.9811 -0.1704
vn 0.2226 0.8151 0.5348
vn 0.5687 -0.5104 0.6450
vn 0.5448 0.2092 0.8121
vn -0.2209 0.9747 -0.0346
vn -0.1378 0.6996 0.7011
vn 0.4054 -0.5628 0.7204
vn 0.1843 0.0936 0.9784
vn -0.5497 0.8343 0.0408
vn -0.5029 0.5055 0.7011
vn 0.2399 -0.6508 0.7204
vn -0.1807 -0.1005 0.9784
vn -0.6845 0.7282 -0.0346
vn -0.8003 0.2713 0.5348
vn 0.1051 -0.7569 0.6450
vn -0.4781 -0.3347 0.8121
vn -0.7619 0.6249 -0.1704
vn -0.9710 0.0434 0.2351
vn -0.6488 -0.5626 0.5124
vn 0.6977 -0.5039 0.5092
vn 0.7956 -0.5780 0.1815
vn 0.6380 0.5780 0.5089
vn 0.6379 -0.5782 0.5087
vn 0.3540 0.5779 0.7354
vn -0.1372 -0.9487 -0.2848
vn -0.0000 0.5779 0.8161
vn -0.0000 0.9487 -0.3163
vn -0.3540 0.5779 0.7353
vn 0.1372 -0.9487 -0.2848
vn -0.3541 -0.5781 0.7351
vn -0.6380 0.5779 0.5089
vn 0.2472 0.9487 -0.1973
vn 0.2472 -0.9487 -0.1972
vn -0.6379 -0.5781 0.5088
vn -0.7955 0.5781 0.1816
vn -0.7956 -0.5780 0.1815
vn -0.7955 0.5781 -0.1816
vn -0.7956 -0.5780 -0.1815
vn -0.6380 0.5779 -0.5089
vn 0.2472 -0.9487 0.1972
vn -0.6379 -0.5782 -0.5087
vn -0.3540 0.5778 -0.7354
vn -0.0000 0.5779 -0.8161
vn -0.0000 0.9487 0.3163
vn 0.3540 0.5779 -0.7353
vn 0.3541 -0.5781 -0.7351
vn 0.6379 0.5780 -0.5088
vn -0.7819 -0.0000 0.6235
vn -0.2472 -0.9487 0.1973
vn 0.6379 -0.5781 -0.5088
vn 0.7956 -0.5780 -0.1815
vn -0.9098 0.3913 -0.1386
vn -0.3384 0.7913 -0.5092
vn -0.8258 0.2357 -0.5124
vn -0.8617 -0.4496 -0.2351
vn -0.4645 -0.8178 0.3398
vn -0.9457 -0.2941 0.1386
vn -0.2246 0.7304 -0.6450
vn -0.5747 0.1013 -0.8121
vn -0.6106 -0.5841 -0.5348
vn -0.4265 -0.8883 0.1704
vn -0.0576 0.6912 -0.7204
vn -0.2062 0.0147 -0.9784
vn -0.1456 -0.9885 -0.0409
vn -0.2421 -0.6707 -0.7011
vn 0.1295 0.6814 -0.7204
vn 0.2066 -0.0069 -0.9784
vn 0.0415 -0.9983 -0.0409
vn 0.1707 -0.6923 -0.7011
vn 0.2997 0.7030 -0.6450
vn 0.5821 0.0407 -0.8121
vn 0.2117 -0.9767 0.0347
vn 0.5462 -0.6447 -0.5348
vn 0.8459 0.1481 -0.5124
vn 0.3313 -0.9280 0.1704
vn 0.8100 -0.5373 -0.2351
vn 0.4193 0.7517 -0.5091
vn 0.9457 0.2941 -0.1386
vn 0.3765 -0.8619 0.3398
vn 0.9098 -0.3913 0.1386
vn 0.4645 0.8178 -0.3398
vn 0.8617 0.4496 0.2351
vn 0.3384 -0.7913 0.5092
vn 0.8258 -0.2357 0.5124
vn 0.4265 0.8883 -0.1704
vn 0.6106 0.5841 0.5348
vn 0.2247 -0.7304 0.6450
vn 0.5747 -0.1013 0.8121
vn 0.3126 0.9493 -0.0345
vn 0.2422 0.6707 0.7011
vn 0.0576 -0.6911 0.7204
vn 0.2062 -0.0147 0.9784
vn -0.0415 0.9983 0.0408
vn -0.1707 0.6923 0.7011
vn -0.2066 0.0069 0.9784
vn -0.2117 0.9767 -0.0346
vn -0.5462 0.6447 0.5348
vn -0.2997 -0.7029 0.6450
vn -0.5821 -0.0407 0.8121
vn -0.3313 0.9280 -0.1704
vn -0.8100 0.5373 0.2351
vn -0.8459 -0.1481 0.5124
vn -0.3765 0.8619 -0.3398
vn -0.3083 0.9487 -0.0704
vn -0.9749 -0.0000 -0.2226
vn 0.6379 0.5780 0.5089
vn -0.2472 0.9487 -0.1970
vn 0.3540 0.5780 0.7353
vn -0.1372 0.9487 -0.2848
vn 0.3541 -0.5781 0.7351
vn -0.0000 0.5780 0.8161
vn -0.0000 -0.9487 -0.3163
vn 0.1372 0.9487 -0.2848
vn -0.3541 -0.5780 0.7352
vn -0.6379 0.5780 0.5088
vn 0.2472 0.9487 -0.1970
vn -0.6380 -0.5780 0.5087
vn -0.7955 0.5782 0.1816
vn 0.9749 -0.0000 -0.2226
vn 0.3082 -0.9487 -0.0703
vn -0.7955 -0.5781 0.1816
vn 0.3083 0.9487 0.0704
vn 0.9749 -0.0000 0.2226
vn 0.3082 -0.9487 0.0703
vn -0.7955 -0.5781 -0.1816
vn 0.2472 0.9487 0.1970
vn -0.6380 -0.5781 -0.5086
vn -0.3540 0.5780 -0.7353
vn 0.1372 0.9487 0.2848
vn -0.3541 -0.5781 -0.7352
vn -0.0000 0.5780 -0.8161
vn -0.0000 -0.9487 0.3163
vn -0.1372 0.9487 0.2848
vn 0.3541 -0.5781 -0.7352
vn 0.6379 0.5781 -0.5088
vn 0.6380 -0.5782 -0.5086
vn -0.9749 -0.0000 0.2226
vn -0.5783 0.8040 -0.1386
vn 0.1175 0.8526 -0.5092
vn -0.5865 0.6273 -0.5124
vn -0.9702 0.0584 -0.2351
vn -0.8194 -0.4617 0.3398
vn -0.9621 0.2350 0.1386
vn 0.1836 0.7417 -0.6450
vn -0.4404 0.3828 -0.8121
vn -0.7569 -0.6526 0.0345
vn -0.8242 -0.1862 -0.5348
vn -0.1692 0.1188 -0.9784
vn -0.5530 -0.4501 -0.7011
vn 0.4620 0.5174 -0.7203
vn 0.1735 -0.1124 -0.9784
vn -0.2102 -0.6814 -0.7011
vn -0.6340 -0.7723 -0.0408
vn 0.6190 0.4482 -0.6450
vn 0.5199 -0.2650 -0.8121
vn 0.1362 -0.8339 -0.5348
vn -0.4786 -0.8771 -0.0408
vn 0.8014 -0.3087 -0.5123
vn -0.1940 -0.9661 0.1704
vn 0.4176 -0.8777 -0.2351
vn 0.7465 0.4283 -0.5091
vn 0.9621 -0.2350 -0.1386
vn 0.5783 -0.8040 0.1387
vn 0.8230 0.5418 -0.1704
vn 0.9702 -0.0584 0.2351
vn -0.1175 -0.8526 0.5092
vn 0.5865 -0.6273 0.5124
vn 0.7569 0.6526 -0.0345
vn 0.8242 0.1862 0.5348
vn 0.4404 -0.3828 0.8121
vn 0.5530 0.4501 0.7011
vn 0.1692 -0.1188 0.9784
vn -0.1837 -0.7418 0.6450
vn 0.6339 0.7723 0.0408
vn 0.2102 0.6814 0.7011
vn -0.4620 -0.5174 0.7203
vn -0.1735 0.1124 0.9784
vn 0.3216 0.9463 -0.0345
vn -0.1362 0.8339 0.5348
vn -0.6190 -0.4482 0.6450
vn -0.5199 0.2650 0.8121
vn -0.4176 0.8777 0.2351
vn -0.8014 0.3087 0.5123
vn 0.1212 0.9327 -0.3398
vn 0.4786 0.8771 0.0408
vn 0.8194 0.4617 -0.3398
vn 0.3066 0.6221 -0.7204
vn -0.2472 -0.9487 -0.1973
vn 0.6380 -0.5780 0.5087
vn -0.1372 0.9487 -0.2847
vn -0.1372 -0.9487 -0.2850
vn 0.3541 -0.5781 0.7352
vn -0.0000 0.9487 -0.3161
vn -0.0000 -0.5781 0.8160
vn -0.3540 0.5780 0.7353
vn 0.1372 0.9487 -0.2847
vn 0.3083 -0.9487 -0.0703
vn 0.3083 -0.9487 0.0703
vn 0.2472 -0.9487 0.1973
vn 0.1372 0.9487 0.2847
vn 0.1372 -0.9487 0.2848
vn -0.0000 0.9487 0.3161
vn -0.0000 -0.5781 -0.8159
vn 0.3540 0.5780 -0.7353
vn -0.1372 0.9487 0.2847
vn -0.2472 0.9487 0.1970
vn 0.6380 -0.5780 -0.5087
vn -0.0816 0.9870 -0.1386
vn 0.5398 0.6703 -0.5092
vn -0.1796 0.8398 -0.5124
vn -0.9845 -0.0405 0.1704
vn -0.7036 0.6969 0.1386
vn -0.8016 0.5497 -0.2351
vn 0.5395 0.5412 -0.6450
vn -0.1804 0.5550 -0.8121
vn -0.9849 -0.1696 0.0345
vn -0.8024 0.2649 -0.5348
vn -0.0839 0.1890 -0.9784
vn -0.9412 -0.3355 -0.0408
vn -0.7059 -0.1011 -0.7011
vn 0.6624 0.2055 -0.7204
vn 0.0909 -0.1857 -0.9784
vn -0.5312 -0.4758 -0.7011
vn 0.3092 -0.4949 -0.8121
vn -0.7630 -0.6455 0.0346
vn -0.3128 -0.7850 -0.5348
vn 0.8605 -0.0173 -0.5091
vn 0.5279 -0.6774 -0.5124
vn -0.0941 -0.9674 -0.2351
vn 0.9401 -0.0262 -0.3398
vn 0.7036 -0.6969 -0.1386
vn 0.0816 -0.9870 0.1386
vn -0.6639 -0.7282 0.1704
vn 0.9845 0.0405 -0.1704
vn 0.8016 -0.5497 0.2351
vn -0.5398 -0.6703 0.5092
vn 0.1796 -0.8398 0.5124
vn 0.9849 0.1696 -0.0345
vn 0.8024 -0.2649 0.5348
vn -0.5395 -0.5412 0.6450
vn 0.1804 -0.5550 0.8121
vn 0.9412 0.3355 0.0408
vn 0.7059 0.1011 0.7011
vn -0.5832 -0.3753 0.7204
vn 0.0838 -0.1890 0.9784
vn 0.5311 0.4758 0.7011
vn -0.6624 -0.2055 0.7204
vn -0.0909 0.1857 0.9784
vn 0.8620 0.5053 0.0408
vn 0.3128 0.7850 0.5348
vn -0.7614 -0.0654 0.6450
vn -0.3092 0.4949 0.8121
vn 0.7630 0.6455 -0.0346
vn 0.0941 0.9674 0.2351
vn -0.8605 0.0173 0.5092
vn -0.5279 0.6774 0.5124
vn 0.6639 0.7282 -0.1704
vn 0.5832 0.3753 -0.7204
vn -0.8620 -0.5053 -0.0408
vn 0.6380 -0.5781 0.5087
vn -0.0000 -0.5781 -0.8160
vn -0.0000 -0.4791 -0.8778
vn 0.2048 -0.9153 -0.3468
vn -0.2048 -0.9153 -0.3467
vn -0.0000 -0.4791 0.8778
vn -0.2048 -0.9153 0.3467
vn 0.2048 -0.9153 0.3468
vn 0.3387 -0.3388 -0.8778
vn 0.7920 -0.5024 -0.3468
vn 0.5023 -0.7921 -0.3468
vn 0.3387 -0.3387 0.8778
vn 0.5023 -0.7921 0.3468
vn 0.7920 -0.5024 0.3468
vn 0.4791 -0.0000 -0.8778
vn 0.9153 0.2048 -0.3468
vn 0.9153 -0.2048 -0.3468
vn 0.4791 -0.0000 0.8777
vn 0.9153 -0.2048 0.3468
vn 0.9153 0.2048 0.3468
vn 0.3387 0.3387 -0.8778
vn 0.5023 0.7920 -0.3469
vn 0.7920 0.5024 -0.3468
vn 0.3387 0.3387 0.8778
vn 0.7920 0.5024 0.3468
vn 0.5023 0.7920 0.3469
vn -0.0000 0.4791 -0.8778
vn -0.2048 0.9153 -0.3468
vn 0.2048 0.9153 -0.3467
vn -0.0000 0.4791 0.8778
vn 0.2048 0.9153 0.3467
vn -0.2048 0.9153 0.3468
vn -0.3387 0.3388 -0.8778
vn -0.7920 0.5024 -0.3468
vn -0.5023 0.7921 -0.3468
vn -0.3387 0.3387 0.8778
vn -0.5023 0.7921 0.3468
vn -0.7920 0.5024 0.3468
vn -0.4791 -0.0000 -0.8778
vn -0.9153 -0.2048 -0.3468
vn -0.9153 0.2048 -0.3468
vn -0.4791 -0.0000 0.8778
vn -0.9153 0.2048 0.3468
vn -0.9153 -0.2048 0.3468
vn -0.3387 -0.3387 -0.8778
vn -0.5023 -0.7920 -0.3469
vn -0.7920 -0.5024 -0.3468
vn -0.3387 -0.3387 0.8778
vn -0.7920 -0.5024 0.3468
vn -0.5023 -0.7920 0.3469
vn -0.0000 -0.4790 -0.8778
vn -0.2048 -0.9153 -0.3468
vn -0.0000 -0.4790 0.8778
vn -0.2048 -0.9153 0.3468
vn 0.3388 -0.3388 -0.8777
vn 0.5024 -0.7921 -0.3467
vn 0.3388 -0.3388 0.8777
vn 0.5024 -0.7921 0.3467
vn 0.7921 -0.5024 0.3468
vn 0.4791 -0.0000 0.8778
vn 0.3388 0.3387 -0.8778
vn 0.5024 0.7920 -0.3468
vn 0.7921 0.5024 -0.3468
vn 0.3388 0.3387 0.8778
vn 0.5024 0.7920 0.3468
vn -0.0000 0.4792 -0.8777
vn -0.2048 0.9153 -0.3467
vn -0.0000 0.4791 0.8777
vn -0.3388 0.3387 -0.8778
vn -0.5024 0.7920 -0.3468
vn -0.3388 0.3388 0.8778
vn -0.5024 0.7920 0.3468
vn -0.7921 0.5024 0.3468
vn -0.4791 -0.0000 0.8777
vn -0.3388 -0.3388 -0.8777
vn -0.5024 -0.7921 -0.3467
vn -0.7921 -0.5024 -0.3468
vn -0.3388 -0.3388 0.8777
vn -0.5024 -0.7921 0.3467
vn 0.2048 -0.9153 -0.3469
vn -0.2048 -0.9153 0.3469
vn 0.3388 -0.3388 -0.8778
vn 0.5024 -0.7921 -0.3468
vn 0.3388 -0.3388 0.8778
vn 0.5024 -0.7920 0.3468
vn 0.3388 0.3389 -0.8777
vn 0.5024 0.7921 -0.3467
vn 0.3388 0.3389 0.8777
vn 0.5024 0.7921 0.3467
vn -0.0000 0.4791 -0.8777
vn 0.2048 0.9153 -0.3468
vn 0.2048 0.9153 0.3468
vn -0.3388 0.3388 -0.8777
vn -0.5024 0.7921 -0.3467
vn -0.3388 0.3388 0.8777
vn -0.5024 0.7921 0.3467
vn -0.3388 -0.3388 -0.8778
vn -0.5024 -0.7920 -0.3468
vn -0.5024 -0.7921 0.3468
vn -0.0000 -0.4792 -0.8777
vn 0.2048 -0.9154 -0.3467
vn -0.0000 -0.4792 0.8777
vn -0.2048 -0.9154 0.3467
vn 0.2048 -0.9153 0.3467
vn 0.3388 -0.3387 -0.8778
vn 0.5023 -0.7920 -0.3468
vn 0.5023 0.7921 -0.3468
vn 0.3387 0.3388 0.8778
vn 0.5023 0.7921 0.3468
vn -0.2048 0.9154 -0.3467
vn 0.2048 0.9153 -0.3469
vn -0.0000 0.4789 0.8779
vn 0.2048 0.9153 0.3469
vn -0.2048 0.9153 0.3469
vn -0.3387 0.3387 -0.8778
vn -0.5023 0.7920 -0.3469
vn -0.3388 -0.3388 0.8778
vn -0.5023 -0.7920 0.3468
vn 0.2048 -0.9153 -0.3467
vn 0.7921 -0.5024 -0.3468
vn 0.7921 0.5024 -0.3467
vn 0.3388 0.3388 0.8777
vn 0.7921 0.5024 0.3467
vn -0.0000 0.4792 0.8777
vn -0.3388 0.3389 0.8777
vn -0.4791 -0.0000 -0.8777
vn -0.7921 -0.5024 0.3468
vn 0.3388 0.3388 -0.8777
vn -0.3388 0.3388 -0.8778
vn -0.2048 -0.9153 -0.3469
vn -0.0000 -0.4789 0.8779
vn 0.2048 -0.9153 0.3469
vn 0.3387 -0.3387 -0.8778
vn 0.5023 -0.7920 -0.3469
vn 0.3387 -0.3388 0.8778
vn -0.0000 0.4790 -0.8778
vn -0.0000 0.4790 0.8778
vn -0.5023 -0.7921 -0.3468
vn -0.7920 -0.5024 -0.3469
vn -0.5023 -0.7921 0.3468
vn 0.5024 0.7920 -0.3469
vn 0.3388 0.3388 0.8778
vn 0.7921 0.5024 0.3468
vn -0.7921 0.5024 -0.3468
vn -0.5024 0.7920 0.3469
vn -0.0000 -0.4791 -0.8777
vn -0.0000 -0.4791 0.8777
vn 0.5024 -0.7920 -0.3469
vn 0.5024 -0.7920 0.3469
vn 0.7920 0.5024 0.3469
vn 0.5024 0.7920 0.3469
vn -0.2048 0.9153 -0.3469
vn -0.5024 0.7920 -0.3469
vn -0.5024 -0.7920 -0.3469
vn -0.3388 -0.3387 0.8778
vn -0.5024 -0.7920 0.3469
vn -0.2047 -0.9153 -0.3469
vn 0.2047 -0.9153 0.3469
vn 0.7921 -0.5023 -0.3468
vn 0.3387 -0.3388 0.8777
vn 0.5023 -0.7922 0.3466
vn 0.3387 0.3388 -0.8777
vn 0.5023 0.7922 -0.3466
vn 0.7921 0.5023 0.3468
vn 0.2047 0.9153 -0.3469
vn -0.2047 0.9153 0.3469
vn -0.7921 0.5022 -0.3468
vn -0.5023 0.7922 0.3466
vn -0.7921 0.5023 0.3468
vn -0.9153 0.2049 0.3468
vn -0.3387 -0.3388 -0.8777
vn -0.5023 -0.7922 -0.3466
vn -0.7921 -0.5022 0.3468
vn 0.9153 0.2047 -0.3468
vn 0.9153 -0.2047 0.3468
vn 0.3388 0.3388 -0.8778
vn 0.5024 0.7921 0.3468
vn -0.5024 0.7921 -0.3468
vn -0.9153 -0.2047 -0.3468
vn -0.9153 0.2047 0.3468
vn -0.5024 -0.7920 0.3468
vn -0.2048 -0.9152 0.3470
vn 0.9153 0.2049 -0.3468
vn 0.9153 -0.2049 0.3468
vn 0.5024 0.7921 -0.3468
vn -0.5024 0.7921 0.3468
vn -0.9153 -0.2049 -0.3468
vn -0.3388 -0.3389 -0.8777
vn -0.3388 -0.3389 0.8777
vn -0.2047 -0.9153 -0.3468
vn 0.2047 -0.9153 0.3468
vn 0.7921 -0.5023 -0.3469
vn 0.5024 -0.7921 -0.3466
vn 0.3388 -0.3389 0.8777
vn 0.7920 -0.5023 0.3469
vn 0.5023 0.7921 -0.3467
vn 0.7921 0.5023 -0.3468
vn 0.7921 0.5023 0.3469
vn 0.2047 0.9153 -0.3467
vn -0.2047 0.9153 0.3467
vn -0.7921 0.5023 -0.3469
vn -0.5023 0.7921 0.3467
vn -0.7920 -0.5023 -0.3469
vn -0.7921 -0.5023 0.3469
vn -0.5024 -0.7921 0.3466
vn 0.3388 -0.3387 0.8778
vn 0.5024 -0.7920 0.3470
vn 0.7920 0.5024 0.3467
vn -0.7920 0.5024 -0.3467
vn -0.7921 0.5024 0.3467
vn -0.5024 -0.7920 -0.3470
vn 0.5024 -0.7920 -0.3468
vn -0.2048 0.9153 0.3467
vn -0.3389 -0.3389 -0.8777
vn -0.5024 -0.7921 -0.3466
vn -0.0000 -0.4794 -0.8776
vn 0.2049 -0.9154 -0.3466
vn -0.2048 -0.9154 -0.3466
vn -0.0000 -0.4794 0.8776
vn -0.2049 -0.9154 0.3466
vn 0.2048 -0.9154 0.3466
vn 0.3388 -0.3389 -0.8777
vn 0.5024 -0.7921 0.3466
vn 0.5024 0.7922 -0.3465
vn 0.7920 0.5025 -0.3468
vn 0.5024 0.7921 0.3466
vn -0.0000 0.4793 -0.8777
vn -0.2049 0.9154 -0.3466
vn 0.2048 0.9154 -0.3466
vn -0.0000 0.4793 0.8777
vn 0.2049 0.9154 0.3466
vn -0.2048 0.9154 0.3466
vn -0.3388 0.3389 -0.8777
vn -0.5024 0.7921 -0.3466
vn -0.5024 0.7922 0.3465
vn -0.7920 0.5025 0.3468
vn -0.7921 -0.5023 0.3468
vn 0.2049 -0.9153 -0.3467
vn -0.2049 -0.9153 0.3467
vn -0.2048 0.9152 -0.3470
vn 0.2048 0.9152 -0.3470
vn -0.0000 0.4789 0.8778
vn 0.2048 0.9152 0.3470
vn -0.2048 0.9152 0.3470
vn -0.7921 0.5023 -0.3468
vn 0.5024 0.7920 -0.3467
vn -0.5024 0.7920 0.3467
vn -0.2049 -0.9153 -0.3467
vn 0.2049 -0.9153 0.3467
vn 0.3389 -0.3390 -0.8776
vn 0.7921 -0.5025 -0.3466
vn 0.3389 -0.3390 0.8776
vn 0.7921 -0.5025 0.3466
vn 0.3389 0.3390 -0.8776
vn 0.5024 0.7921 -0.3465
vn 0.7920 0.5025 -0.3467
vn 0.3389 0.3390 0.8776
vn 0.7920 0.5025 0.3467
vn 0.5024 0.7921 0.3465
vn -0.2049 0.9153 -0.3467
vn 0.2049 0.9153 -0.3467
vn 0.2049 0.9153 0.3467
vn -0.2049 0.9153 0.3467
vn -0.3389 0.3390 -0.8776
vn -0.7921 0.5025 -0.3466
vn -0.5024 0.7921 -0.3465
vn -0.3389 0.3390 0.8776
vn -0.5024 0.7921 0.3465
vn -0.7921 0.5025 0.3466
vn -0.3389 -0.3390 -0.8776
vn -0.5024 -0.7921 -0.3465
vn -0.7921 -0.5025 -0.3466
vn -0.3389 -0.3390 0.8776
vn -0.7921 -0.5025 0.3466
vn -0.5024 -0.7921 0.3465
vn 0.2048 -0.9152 -0.3470
vn -0.0000 0.4789 -0.8779
vn 0.7920 -0.5024 -0.3469
vn 0.7920 -0.5024 0.3469
vn 0.3387 0.3388 -0.8778
vn -0.7920 0.5024 -0.3469
vn -0.7920 0.5024 0.3469
vn -0.7920 -0.5024 0.3469
vn 0.7921 -0.5024 -0.3467
vn 0.7921 -0.5024 0.3467
vn 0.9153 0.2048 0.3469
vn -0.2047 0.9153 -0.3469
vn -0.2047 0.9153 0.3468
vn -0.3388 0.3387 0.8778
vn -0.3388 -0.3387 -0.8778
vn -0.7921 -0.5024 -0.3467
vn -0.7921 -0.5024 0.3467
vn 0.4791 -0.0000 -0.8777
vn 0.3389 0.3389 -0.8777
vn 0.3389 0.3389 0.8777
vn -0.0000 0.4793 -0.8776
vn -0.2048 0.9154 -0.3466
vn -0.0000 0.4793 0.8776
vn 0.2048 0.9154 0.3467
vn -0.3389 0.3389 -0.8777
vn -0.7921 0.5024 -0.3467
vn -0.3389 0.3389 0.8777
vn -0.0000 -0.4793 -0.8776
vn 0.2048 -0.9154 -0.3466
vn -0.0000 -0.4793 0.8776
vn -0.2048 -0.9154 0.3466
vn 0.5023 -0.7920 0.3469
vn 0.7920 0.5024 -0.3469
vn 0.2048 0.9154 -0.3467
vn -0.2048 0.9154 0.3467
vn 0.9153 -0.2048 -0.3469
vn -0.0000 -0.4789 -0.8779
vn -0.2048 -0.9152 -0.3469
vn 0.2048 -0.9152 0.3469
vn -0.3387 0.3388 0.8778
vn -0.5572 0.4354 -0.7071
vn -0.4354 -0.5573 -0.7071
vn -0.4354 -0.5572 0.7071
vn 0.5572 -0.4353 -0.7071
vn 0.5572 -0.4353 0.7071
vn 0.9926 0.1218 -0.0000
vn 0.4354 0.5573 -0.7071
vn 0.4354 0.5572 0.7071
vn -0.7880 0.6156 -0.0000
vn 0.7880 -0.6156 -0.0000
vn -0.3851 0.5930 -0.7071
vn -0.3851 0.5930 0.7071
vn -0.5930 -0.3851 -0.7071
vn 0.3851 -0.5930 0.7071
vn -0.8572 0.5151 -0.0000
vn 0.9948 -0.0937 -0.0408
vn -0.6872 0.0937 -0.7204
vn 0.6872 0.0937 0.7204
vn -0.9643 -0.2625 -0.0346
vn 0.7725 -0.3794 0.5092
vn 0.7955 0.5780 0.1816
vn -0.2472 -0.9487 -0.1972
vn -0.7955 0.5780 0.1816
vn -0.7955 0.5780 -0.1816
vn -0.3540 0.5780 -0.7352
vn -0.3541 -0.5780 -0.7352
vn -0.2472 -0.9487 0.1972
vn 0.7955 0.5780 -0.1816
vn -0.7504 0.1446 -0.6450
vn -0.5408 0.4342 -0.7204
vn 0.5408 -0.4342 0.7204
vn -0.9618 0.2716 -0.0346
vn -0.3540 0.5780 0.7352
vn -0.1372 -0.9487 0.2848
vn -0.6977 0.5040 -0.5092
vn 0.2209 -0.9747 0.0346
vn 0.6845 -0.7282 0.0346
vn -0.0277 0.8602 -0.5092
vn -0.3843 0.9223 0.0409
vn 0.0277 -0.8602 0.5092
vn 0.7955 0.5782 0.1816
vn 0.7955 -0.5781 0.1816
vn 0.6379 0.5782 0.5087
vn -0.4338 -0.0000 -0.9010
vn -0.0000 0.5781 0.8160
vn -0.0000 -0.5779 0.8161
vn -0.3541 0.5781 0.7351
vn 0.4338 -0.0000 -0.9010
vn -0.3541 -0.5779 0.7353
vn -0.6379 0.5782 0.5087
vn 0.2472 -0.9487 -0.1973
vn -0.6379 0.5782 -0.5087
vn -0.6380 -0.5779 -0.5088
vn -0.3541 0.5781 -0.7351
vn 0.4338 -0.0000 0.9010
vn -0.3541 -0.5779 -0.7352
vn -0.0000 0.5781 -0.8160
vn -0.0000 -0.5780 -0.8161
vn 0.3541 0.5781 -0.7351
vn -0.4338 -0.0000 0.9010
vn 0.6379 0.5782 -0.5087
vn -0.2472 0.9487 0.1973
vn 0.6380 -0.5781 -0.5087
vn 0.7955 0.5781 -0.1816
vn 0.7955 -0.5781 -0.1816
vn -0.3126 -0.9493 0.0346
vn 0.1456 0.9885 0.0408
vn -0.1295 -0.6814 0.7204
vn -0.4193 -0.7517 0.5092
vn 0.7955 0.5781 0.1816
vn -0.3082 0.9487 -0.0703
vn 0.7955 -0.5782 0.1816
vn 0.6380 0.5782 0.5086
vn -0.2472 -0.9487 -0.1970
vn 0.6379 -0.5781 0.5087
vn 0.3540 -0.5779 0.7354
vn -0.6380 0.5781 0.5087
vn 0.3082 0.9487 0.0703
vn 0.2472 -0.9487 0.1970
vn -0.6379 -0.5780 -0.5089
vn -0.3541 0.5781 -0.7352
vn -0.3540 -0.5780 -0.7353
vn 0.3540 -0.5779 -0.7353
vn 0.6380 0.5780 -0.5087
vn 0.6380 -0.5780 -0.5089
vn 0.7955 -0.5782 -0.1816
vn -0.8230 -0.5418 0.1704
vn -0.3216 -0.9463 0.0344
vn -0.1212 -0.9326 0.3398
vn -0.3066 -0.6221 0.7204
vn 0.1940 0.9661 -0.1704
vn -0.7465 -0.4283 0.5092
vn 0.7956 0.5780 0.1815
vn 0.6380 0.5780 0.5087
vn 0.6380 -0.5780 0.5089
vn 0.3541 0.5781 0.7352
vn -0.1372 -0.9487 -0.2847
vn 0.3540 -0.5780 0.7353
vn -0.0000 -0.5780 0.8161
vn -0.3541 0.5781 0.7352
vn 0.1372 -0.9487 -0.2847
vn -0.3540 -0.5780 0.7353
vn -0.6380 0.5780 0.5087
vn -0.6380 -0.5780 0.5089
vn -0.7956 0.5780 0.1815
vn -0.7956 0.5780 -0.1815
vn -0.6380 0.5780 -0.5087
vn -0.0000 0.5781 -0.8159
vn 0.3541 0.5781 -0.7352
vn -0.1372 -0.9487 0.2847
vn 0.3540 -0.5780 -0.7353
vn 0.7956 0.5780 -0.1815
vn 0.5842 0.7370 -0.3398
vn -0.9401 0.0262 0.3398
vn 0.7614 0.0654 -0.6450
vn -0.5842 -0.7370 0.3398
vn 0.6380 0.5781 0.5087
vn 0.3541 0.5781 0.7351
vn -0.6381 0.5780 0.5087
vt 0.158088 0.703125
vt 0.125000 0.703125
vt 0.158088 0.750000
vt 0.562500 0.000000
vt 0.562500 0.046875
vt 0.625000 0.046875
vt 0.158088 0.546875
vt 0.158088 0.500000
vt 0.125000 0.546875
vt 0.625000 0.229779
vt 0.562500 0.203125
vt 0.562500 0.274816
vt 0.341912 0.703125
vt 0.389706 0.766544
vt 0.421875 0.703125
vt 0.641544 0.743107
vt 0.562500 0.714844
vt 0.562500 0.783088
vt 0.341912 0.546875
vt 0.421875 0.546875
vt 0.389706 0.483456
vt 0.641544 0.506893
vt 0.562500 0.466912
vt 0.562500 0.535156
vt 0.437500 0.046875
vt 0.437500 0.000000
vt 0.437500 0.283088
vt 0.625000 0.966912
vt 0.437500 0.203125
vt 0.437500 0.966912
vt 0.841912 0.546875
vt 0.154762 0.705357
vt 0.125000 0.705357
vt 0.154762 0.750000
vt 0.562500 0.044643
vt 0.625000 0.044643
vt 0.154762 0.544643
vt 0.154762 0.500000
vt 0.125000 0.544643
vt 0.625000 0.230159
vt 0.562500 0.205357
vt 0.562500 0.272321
vt 0.345238 0.705357
vt 0.391369 0.764881
vt 0.421875 0.705357
vt 0.639881 0.742560
vt 0.562500 0.716518
vt 0.562500 0.779762
vt 0.345238 0.544643
vt 0.421875 0.544643
vt 0.391369 0.485119
vt 0.639881 0.507440
vt 0.562500 0.470238
vt 0.562500 0.533482
vt 0.437500 0.044643
vt 0.437500 0.279762
vt 0.562500 0.970238
vt 0.625000 0.970238
vt 0.437500 0.205357
vt 0.437500 0.970238
vt 0.845238 0.705357
vt 0.845238 0.544643
vt 0.147727 0.715278
vt 0.125000 0.715278
vt 0.147727 0.750000
vt 0.572917 0.000000
vt 0.572917 0.034722
vt 0.625000 0.034722
vt 0.147727 0.534722
vt 0.147727 0.500000
vt 0.125000 0.534722
vt 0.625000 0.234428
vt 0.572917 0.215278
vt 0.572917 0.267045
vt 0.352273 0.715278
vt 0.389678 0.761364
vt 0.414062 0.715278
vt 0.636364 0.744003
vt 0.572917 0.723958
vt 0.572917 0.772727
vt 0.352273 0.534722
vt 0.414062 0.534722
vt 0.389678 0.488636
vt 0.636364 0.505997
vt 0.572917 0.477273
vt 0.572917 0.526042
vt 0.427083 0.034722
vt 0.427083 0.000000
vt 0.427083 0.272727
vt 0.625000 0.977273
vt 0.427083 0.215278
vt 0.427083 0.977273
vt 0.852273 0.534722
vt 0.154605 0.705000
vt 0.125000 0.705000
vt 0.154605 0.750000
vt 0.562500 0.045000
vt 0.625000 0.045000
vt 0.154605 0.545000
vt 0.154605 0.500000
vt 0.125000 0.545000
vt 0.625000 0.229868
vt 0.562500 0.205000
vt 0.562500 0.272204
vt 0.345395 0.705000
vt 0.391447 0.764803
vt 0.421875 0.705000
vt 0.639803 0.742303
vt 0.562500 0.716250
vt 0.562500 0.779605
vt 0.345395 0.545000
vt 0.421875 0.545000
vt 0.391447 0.485197
vt 0.639803 0.507697
vt 0.562500 0.470395
vt 0.562500 0.533750
vt 0.437500 0.045000
vt 0.437500 0.279605
vt 0.562500 0.970395
vt 0.625000 0.970395
vt 0.437500 0.205000
vt 0.437500 0.970395
vt 0.845395 0.705000
vt 0.845395 0.545000
vt 0.154297 0.707386
vt 0.125000 0.707386
vt 0.154297 0.750000
vt 0.562500 0.042614
vt 0.625000 0.042614
vt 0.154297 0.542614
vt 0.154297 0.500000
vt 0.125000 0.542614
vt 0.625000 0.231357
vt 0.562500 0.207386
vt 0.562500 0.271973
vt 0.345703 0.707386
vt 0.391602 0.764648
vt 0.421875 0.707386
vt 0.639648 0.743342
vt 0.562500 0.718040
vt 0.562500 0.779297
vt 0.345703 0.542614
vt 0.421875 0.542614
vt 0.391602 0.485352
vt 0.639648 0.506658
vt 0.562500 0.470703
vt 0.562500 0.531960
vt 0.437500 0.042614
vt 0.437500 0.279297
vt 0.625000 0.970703
vt 0.437500 0.207386
vt 0.437500 0.970703
vt 0.845703 0.707386
vt 0.845703 0.542614
vt 0.750000 0.490000
vt 0.842265 0.441589
vt 0.854132 0.466233
vt 0.342264 0.441589
vt 0.250000 0.490000
vt 0.354132 0.466233
vt 0.937640 0.399638
vt 0.416255 0.382584
vt 0.437640 0.399638
vt 0.916255 0.382584
vt 0.983983 0.303405
vt 0.483983 0.303405
vt 0.957316 0.297319
vt 0.983983 0.196595
vt 0.457316 0.202682
vt 0.483983 0.196595
vt 0.916255 0.117416
vt 0.937640 0.100362
vt 0.416255 0.117416
vt 0.437640 0.100362
vt 0.842265 0.058411
vt 0.854132 0.033767
vt 0.342264 0.058411
vt 0.354132 0.033767
vt 0.750000 0.037352
vt 0.750000 0.010000
vt 0.250000 0.037352
vt 0.250000 0.010000
vt 0.645868 0.033767
vt 0.145868 0.033767
vt 0.657736 0.058411
vt 0.562360 0.100362
vt 0.083745 0.117416
vt 0.062360 0.100362
vt 0.583745 0.117416
vt 0.516017 0.196595
vt 0.016017 0.196595
vt 0.542684 0.202682
vt 0.516017 0.303405
vt 0.042684 0.297319
vt 0.016017 0.303405
vt 0.542684 0.297319
vt 0.562360 0.399638
vt 0.083745 0.382584
vt 0.062360 0.399638
vt 0.657736 0.441589
vt 0.645868 0.466233
vt 0.145868 0.466233
vt 0.750000 0.462648
vt 0.250000 0.462648
vt 1.000000 0.600000
vt 0.928571 0.900000
vt 1.000000 0.900000
vt 0.071428 0.600000
vt -0.000000 0.900000
vt 0.071428 0.900000
vt 0.157736 0.058411
vt 0.928571 0.600000
vt 0.857143 0.900000
vt 0.857143 0.600000
vt 0.785714 0.900000
vt 0.714286 0.600000
vt 0.785714 0.600000
vt 0.642857 0.600000
vt 0.714286 0.900000
vt 0.571428 0.900000
vt 0.642857 0.900000
vt 0.571428 0.600000
vt 0.500000 0.900000
vt 0.500000 0.600000
vt 0.428571 0.900000
vt 0.357143 0.600000
vt 0.428571 0.600000
vt 0.285714 0.900000
vt 0.357143 0.900000
vt 0.214286 0.600000
vt 0.285714 0.600000
vt 0.142857 0.900000
vt 0.214286 0.900000
vt 0.142857 0.600000
vt 0.500000 0.600000
vt 0.571429 0.800000
vt 0.571429 0.600000
vt 0.500000 0.800000
vt 0.571429 1.000000
vt 0.500000 0.200000
vt 0.571429 0.000000
vt 0.500000 0.000000
vt 0.571429 0.400000
vt 0.571429 0.200000
vt 0.500000 0.400000
vt 0.642857 0.600000
vt 0.642857 1.000000
vt 0.642857 0.800000
vt 0.642857 0.000000
vt 0.642857 0.200000
vt 0.642857 0.400000
vt 0.714286 0.600000
vt 0.714286 0.800000
vt 0.714286 0.000000
vt 0.714286 0.200000
vt 0.714286 0.400000
vt 0.785714 0.600000
vt 0.714286 1.000000
vt 0.785714 0.800000
vt 0.785714 0.000000
vt 0.785714 0.200000
vt 0.785714 0.400000
vt 0.857143 0.800000
vt 0.857143 0.600000
vt 0.785714 1.000000
vt 0.857143 0.000000
vt 0.857143 0.400000
vt 0.857143 0.200000
vt 0.928571 0.800000
vt 0.928571 0.600000
vt 0.857143 1.000000
vt 0.928571 0.000000
vt 0.928571 0.400000
vt 0.928571 0.200000
vt 1.000000 0.800000
vt 1.000000 0.600000
vt 0.928571 1.000000
vt 1.000000 0.000000
vt 1.000000 0.400000
vt 1.000000 0.200000
vt -0.000000 0.800000
vt 0.071429 0.600000
vt -0.000000 0.600000
vt 0.071429 1.000000
vt 0.071429 0.800000
vt -0.000000 0.200000
vt 0.071429 0.000000
vt -0.000000 0.000000
vt -0.000000 0.400000
vt 0.071429 0.200000
vt 0.071429 0.400000
vt 0.142857 0.800000
vt 0.142857 0.600000
vt 0.142857 1.000000
vt 0.142857 0.000000
vt 0.142857 0.200000
vt 0.142857 0.400000
vt 0.214286 0.800000
vt 0.214286 0.600000
vt 0.214286 1.000000
vt 0.214286 0.000000
vt 0.214286 0.200000
vt 0.214286 0.400000
vt 0.285714 0.600000
vt 0.285714 0.800000
vt 0.285714 0.000000
vt 0.285714 0.200000
vt 0.285714 0.400000
vt 0.357143 0.600000
vt 0.285714 1.000000
vt 0.357143 0.800000
vt 0.357143 0.000000
vt 0.357143 0.400000
vt 0.357143 0.200000
vt 0.428571 0.800000
vt 0.428571 0.600000
vt 0.357143 1.000000
vt 0.428571 0.000000
vt 0.428571 0.400000
vt 0.428571 0.200000
vt 0.428571 1.000000
vt 0.750000 0.468594
vt 0.250000 0.468594
vt 0.844844 0.446946
vt 0.344844 0.446946
vt 0.963113 0.298642
vt 0.420903 0.386291
vt 0.983983 0.196595
vt 0.483983 0.196595
vt 0.463113 0.298642
vt 0.920904 0.113709
vt 0.420903 0.113709
vt 0.844844 0.053054
vt 0.344844 0.053054
vt 0.250000 0.031406
vt 0.655156 0.053054
vt 0.155156 0.053054
vt 0.579097 0.113709
vt 0.516017 0.196595
vt 0.016017 0.196595
vt 0.079097 0.113709
vt 0.536887 0.201358
vt 0.036887 0.201358
vt 0.536887 0.298642
vt 0.079097 0.386291
vt 0.655156 0.446946
vt 0.155156 0.446946
vt 0.750000 0.031406
vt 0.463113 0.201358
vt 0.785714 0.900000
vt 0.500000 1.000000
vt 1.000000 1.000000
vt -0.000000 1.000000
vt 0.916255 0.382584
vt 0.342264 0.441589
vt 0.957316 0.297319
vt 0.457316 0.297319
vt 0.457316 0.202681
vt 0.957316 0.202682
vt 0.342264 0.058411
vt 0.657736 0.058411
vt 0.083745 0.117416
vt 0.583745 0.117416
vt 0.042684 0.202682
vt 0.542684 0.297319
vt 0.042684 0.297319
vt 0.583745 0.382584
vt 0.083745 0.382584
vt -0.000000 0.600000
vt 0.157736 0.058411
vt 0.250000 0.468594
vt 0.920903 0.386291
vt 0.963113 0.201358
vt 0.420903 0.113709
vt 0.344844 0.053054
vt 0.844844 0.053054
vt 0.250000 0.031406
vt 0.750000 0.031406
vt 0.155156 0.053054
vt 0.655156 0.053054
vt 0.579097 0.113709
vt 0.579097 0.386291
vt 0.079097 0.386291
vt 0.655156 0.446946
vt 0.750000 0.468594
vt 0.957316 0.202682
vt 0.457316 0.297319
vt 0.928571 0.600000
vt 1.000000 0.900000
vt -0.000000 0.900000
vt 0.500000 0.900000
vt 0.500000 0.600000
vt 0.428571 0.600000
vt 0.420903 0.386291
vt 0.420904 0.113709
vt 0.079097 0.113709
vt 0.036887 0.201358
vt 0.036887 0.298642
vt 0.536887 0.298642
vt 0.079097 0.386291
vt 0.579097 0.386291
vt 0.463113 0.201358
vt 0.750000 0.446704
vt 0.786955 0.474693
vt 0.713045 0.474693
vt 0.250000 0.446704
vt 0.213045 0.474693
vt 0.286955 0.474693
vt 0.889091 0.389091
vt 0.935013 0.382750
vt 0.882750 0.435013
vt 0.389091 0.389091
vt 0.382750 0.435013
vt 0.435013 0.382750
vt 0.946704 0.250000
vt 0.974693 0.213045
vt 0.974693 0.286955
vt 0.446704 0.250000
vt 0.474693 0.286955
vt 0.474693 0.213045
vt 0.889091 0.110909
vt 0.882751 0.064987
vt 0.935013 0.117250
vt 0.389091 0.110909
vt 0.435013 0.117250
vt 0.382750 0.064987
vt 0.750000 0.053296
vt 0.713045 0.025307
vt 0.786955 0.025307
vt 0.250000 0.053296
vt 0.286955 0.025307
vt 0.213045 0.025307
vt 0.610909 0.110909
vt 0.564987 0.117250
vt 0.617250 0.064987
vt 0.110909 0.110909
vt 0.117250 0.064987
vt 0.064987 0.117250
vt 0.553296 0.250000
vt 0.525307 0.286955
vt 0.525307 0.213045
vt 0.053296 0.250000
vt 0.025307 0.213045
vt 0.025307 0.286955
vt 0.610909 0.389091
vt 0.617250 0.435013
vt 0.564987 0.382750
vt 0.110909 0.389091
vt 0.064987 0.382750
vt 0.117250 0.435013
vt 0.000000 0.550000
vt 0.027220 0.950000
vt 0.027220 0.550000
vt 0.902220 0.950000
vt 0.847780 0.550000
vt 0.847780 0.950000
vt 0.777220 0.950000
vt 0.722780 0.550000
vt 0.722780 0.950000
vt 0.652220 0.950000
vt 0.597780 0.550000
vt 0.597780 0.950000
vt 0.527220 0.950000
vt 0.472780 0.550000
vt 0.472780 0.950000
vt 0.402220 0.950000
vt 0.347780 0.550000
vt 0.347780 0.950000
vt 0.277220 0.950000
vt 0.222780 0.550000
vt 0.222780 0.950000
vt 0.152220 0.950000
vt 0.097780 0.550000
vt 0.097780 0.950000
vt 0.902220 0.550000
vt 0.972780 0.950000
vt 0.972780 0.550000
vt 0.777220 0.550000
vt 0.652220 0.550000
vt 0.527220 0.550000
vt 0.402220 0.550000
vt 0.277220 0.550000
vt 0.152220 0.550000
vt 0.750000 0.457528
vt 0.777716 0.478519
vt 0.722284 0.478519
vt 0.250000 0.457528
vt 0.222284 0.478519
vt 0.277716 0.478519
vt 0.896744 0.396745
vt 0.931186 0.391989
vt 0.891989 0.431186
vt 0.396745 0.396745
vt 0.391989 0.431186
vt 0.431186 0.391989
vt 0.957528 0.250000
vt 0.978519 0.222284
vt 0.978520 0.277716
vt 0.457528 0.250000
vt 0.478519 0.277716
vt 0.478519 0.222284
vt 0.896744 0.103255
vt 0.891989 0.068814
vt 0.931186 0.108011
vt 0.396745 0.103255
vt 0.431186 0.108011
vt 0.391989 0.068814
vt 0.750000 0.042472
vt 0.722284 0.021481
vt 0.777716 0.021481
vt 0.250000 0.042472
vt 0.277716 0.021481
vt 0.222284 0.021481
vt 0.603255 0.103255
vt 0.568814 0.108011
vt 0.608011 0.068814
vt 0.103255 0.103255
vt 0.108011 0.068814
vt 0.068814 0.108011
vt 0.542472 0.250000
vt 0.521481 0.277716
vt 0.521481 0.222284
vt 0.042472 0.250000
vt 0.021481 0.222284
vt 0.021481 0.277716
vt 0.603255 0.396745
vt 0.608011 0.431186
vt 0.568814 0.391989
vt 0.103255 0.396745
vt 0.068814 0.391989
vt 0.108011 0.431186
vt 0.020415 0.950000
vt 0.020415 0.550000
vt 0.895415 0.950000
vt 0.854585 0.550000
vt 0.854585 0.950000
vt 0.770415 0.950000
vt 0.729585 0.550000
vt 0.729585 0.950000
vt 0.645415 0.950000
vt 0.604585 0.550000
vt 0.604585 0.950000
vt 0.520415 0.950000
vt 0.479585 0.550000
vt 0.479585 0.950000
vt 0.395415 0.950000
vt 0.354585 0.550000
vt 0.354585 0.950000
vt 0.270415 0.950000
vt 0.229585 0.550000
vt 0.229585 0.950000
vt 0.145415 0.950000
vt 0.104585 0.550000
vt 0.104585 0.950000
vt 0.895415 0.550000
vt 0.979585 0.950000
vt 0.979585 0.550000
vt 0.770415 0.550000
vt 0.645415 0.550000
vt 0.520415 0.550000
vt 0.395415 0.550000
vt 0.270415 0.550000
vt 0.145415 0.550000
vt 0.750000 0.464023
vt 0.772173 0.480816
vt 0.727827 0.480816
vt 0.250000 0.464023
vt 0.227827 0.480816
vt 0.272173 0.480816
vt 0.901337 0.401337
vt 0.928890 0.397533
vt 0.897533 0.428890
vt 0.401337 0.401337
vt 0.397533 0.428890
vt 0.428890 0.397533
vt 0.964023 0.250000
vt 0.980816 0.227827
vt 0.980816 0.272173
vt 0.464023 0.250000
vt 0.480816 0.272173
vt 0.480816 0.227827
vt 0.901337 0.098663
vt 0.897533 0.071110
vt 0.928890 0.102467
vt 0.401337 0.098663
vt 0.428890 0.102467
vt 0.397533 0.071110
vt 0.750000 0.035977
vt 0.727827 0.019184
vt 0.772173 0.019184
vt 0.250000 0.035977
vt 0.272173 0.019184
vt 0.227827 0.019184
vt 0.598663 0.098663
vt 0.571110 0.102467
vt 0.602467 0.071110
vt 0.098663 0.098663
vt 0.102467 0.071110
vt 0.071110 0.102467
vt 0.535977 0.250000
vt 0.519184 0.272173
vt 0.519184 0.227827
vt 0.035977 0.250000
vt 0.019184 0.227827
vt 0.019184 0.272173
vt 0.598663 0.401337
vt 0.602467 0.428890
vt 0.571110 0.397533
vt 0.098663 0.401337
vt 0.071110 0.397533
vt 0.102467 0.428890
vt 0.016332 0.950000
vt 0.016332 0.550000
vt 0.891332 0.950000
vt 0.858668 0.550000
vt 0.858668 0.950000
vt 0.766332 0.950000
vt 0.733668 0.550000
vt 0.733668 0.950000
vt 0.641332 0.950000
vt 0.608668 0.550000
vt 0.608668 0.950000
vt 0.516332 0.950000
vt 0.483668 0.550000
vt 0.483668 0.950000
vt 0.391332 0.950000
vt 0.358668 0.550000
vt 0.358668 0.950000
vt 0.266332 0.950000
vt 0.233668 0.550000
vt 0.233668 0.950000
vt 0.141332 0.950000
vt 0.108668 0.550000
vt 0.108668 0.950000
vt 0.891332 0.550000
vt 0.983668 0.950000
vt 0.983668 0.550000
vt 0.766332 0.550000
vt 0.641332 0.550000
vt 0.516332 0.550000
vt 0.391332 0.550000
vt 0.266332 0.550000
vt 0.141332 0.550000
vt 0.562500 0.966912
vt 0.841912 0.703125
vt 0.572917 0.977273
vt 0.852273 0.715278
vt 0.562500 0.970703
vt 0.157736 0.441589
vt 0.963113 0.201358
vt 0.579097 0.386291
vt 0.842265 0.441589
vt 0.416255 0.382584
vt 0.416255 0.117416
vt 0.542684 0.202681
vt 0.155156 0.446946
vt -0.000000 0.600000
vt 0.920903 0.113709
vt 0.000000 0.950000
vt 0.000000 0.950000
s 0
usemtl DarkWood
f 1/1/1 3/2/1 2/3/1
f 4/4/2 6/5/2 5/6/2
f 7/7/3 9/8/3 8/9/3
f 10/10/4 12/11/4 11/12/4
f 13/13/5 15/14/5 14/15/5
f 16/16/6 18/17/6 17/18/6
f 19/19/7 21/20/7 20/21/7
f 22/22/8 24/23/8 23/24/8
f 8/9/9 1/1/9 7/7/9
f 3/25/10 4/4/10 2/26/10
f 6/5/11 10/10/11 5/6/11
f 12/11/12 9/27/12 11/12/12
f 20/21/13 7/7/13 19/19/13
f 11/12/14 22/22/14 10/10/14
f 24/23/15 21/20/15 23/24/15
f 14/15/16 19/19/16 13/13/16
f 23/24/17 16/16/17 22/22/17
f 18/17/18 15/14/18 17/18/18
f 2/3/19 13/13/19 1/1/19
f 17/18/20 5/28/20 16/16/20
f 1/1/21 19/19/21 7/7/21
f 8/29/22 6/5/22 3/25/22
f 2/30/23 17/18/23 15/14/23
f 16/16/24 10/31/24 22/22/24
f 20/21/25 11/12/25 9/27/25
f 14/15/26 23/24/26 21/20/26
f 49/63/51 51/64/51 50/65/51
f 52/66/52 54/67/52 53/68/52
f 55/69/53 57/70/53 56/71/53
f 58/72/54 60/73/54 59/74/54
f 61/75/55 63/76/55 62/77/55
f 64/78/56 66/79/56 65/80/56
f 67/81/57 69/82/57 68/83/57
f 70/84/58 72/85/58 71/86/58
f 55/69/59 51/64/59 49/63/59
f 51/87/60 52/66/60 50/88/60
f 54/67/61 58/72/61 53/68/61
f 60/73/62 57/89/62 59/74/62
f 67/81/63 57/70/63 55/69/63
f 59/74/64 70/84/64 58/72/64
f 72/85/65 69/82/65 71/86/65
f 62/77/66 67/81/66 61/75/66
f 70/84/67 66/79/67 64/78/67
f 66/79/68 63/76/68 65/80/68
f 49/63/69 63/76/69 61/75/69
f 65/80/70 53/90/70 64/78/70
f 55/69/21 61/75/21 67/81/21
f 56/91/71 54/67/71 51/87/71
f 50/92/72 65/80/72 63/76/72
f 64/78/24 58/93/24 70/84/24
f 68/83/73 59/74/73 57/89/73
f 62/77/74 71/86/74 69/82/74
f 73/94/75 75/95/75 74/96/75
f 76/4/76 78/97/76 77/98/76
f 79/99/77 81/100/77 80/101/77
f 82/102/78 84/103/78 83/104/78
f 85/105/79 87/106/79 86/107/79
f 88/108/80 90/109/80 89/110/80
f 91/111/81 93/112/81 92/113/81
f 94/114/82 96/115/82 95/116/82
f 80/101/83 73/94/83 79/99/83
f 75/117/84 76/4/84 74/26/84
f 78/97/85 82/102/85 77/98/85
f 84/103/86 81/118/86 83/104/86
f 92/113/87 79/99/87 91/111/87
f 82/102/88 96/115/88 94/114/88
f 96/115/89 93/112/89 95/116/89
f 85/105/90 93/112/90 91/111/90
f 95/116/91 88/108/91 94/114/91
f 90/109/92 87/106/92 89/110/92
f 74/96/93 85/105/93 73/94/93
f 88/108/94 76/119/94 77/120/94
f 73/94/21 91/111/21 79/99/21
f 80/121/95 78/97/95 75/117/95
f 74/122/96 89/110/96 87/106/96
f 94/114/24 77/123/24 82/124/24
f 92/113/97 83/104/97 81/118/97
f 86/107/98 95/116/98 93/112/98
f 97/125/99 99/126/99 98/127/99
f 100/4/100 102/128/100 101/129/100
f 103/130/101 105/131/101 104/132/101
f 106/133/102 108/134/102 107/135/102
f 109/136/103 111/137/103 110/138/103
f 112/139/104 114/140/104 113/141/104
f 115/142/105 117/143/105 116/144/105
f 118/145/106 120/146/106 119/147/106
f 103/130/107 99/126/107 97/125/107
f 99/148/108 100/4/108 98/26/108
f 102/128/109 106/133/109 101/129/109
f 108/134/110 105/149/110 107/135/110
f 115/142/111 105/131/111 103/130/111
f 107/135/112 118/145/112 106/133/112
f 120/146/113 117/143/113 119/147/113
f 110/138/114 115/142/114 109/136/114
f 119/147/115 112/139/115 118/145/115
f 114/140/116 111/137/116 113/141/116
f 97/125/117 111/137/117 109/136/117
f 113/141/118 101/150/118 112/139/118
f 97/125/21 115/142/21 103/130/21
f 104/151/119 102/128/119 99/148/119
f 98/152/120 113/141/120 111/137/120
f 118/145/24 101/153/24 106/154/24
f 116/144/121 107/135/121 105/149/121
f 110/138/122 119/147/122 117/143/122
f 8/9/9 3/2/9 1/1/9
f 3/25/10 6/5/10 4/4/10
f 6/5/11 12/11/11 10/10/11
f 12/11/12 8/29/12 9/27/12
f 20/21/13 9/8/13 7/7/13
f 11/12/14 24/23/14 22/22/14
f 24/23/15 20/21/15 21/20/15
f 14/15/16 21/20/16 19/19/16
f 23/24/17 18/17/17 16/16/17
f 18/17/18 14/15/18 15/14/18
f 2/3/19 15/14/19 13/13/19
f 17/18/20 4/644/20 5/28/20
f 1/1/21 13/13/21 19/19/21
f 8/29/22 12/11/22 6/5/22
f 2/30/23 4/644/23 17/18/23
f 16/16/24 5/645/24 10/31/24
f 20/21/25 24/23/25 11/12/25
f 14/15/26 18/17/26 23/24/26
f 55/69/923 56/71/923 51/64/923
f 51/87/60 54/67/60 52/66/60
f 54/67/61 60/73/61 58/72/61
f 60/73/62 56/91/62 57/89/62
f 67/81/924 68/83/924 57/70/924
f 59/74/925 72/85/925 70/84/925
f 72/85/65 68/83/65 69/82/65
f 62/77/926 69/82/926 67/81/926
f 70/84/927 71/86/927 66/79/927
f 66/79/928 62/77/928 63/76/928
f 49/63/929 50/65/929 63/76/929
f 65/80/930 52/646/930 53/90/930
f 55/69/21 49/63/21 61/75/21
f 56/91/931 60/73/931 54/67/931
f 50/92/72 52/646/72 65/80/72
f 64/78/24 53/647/24 58/93/24
f 68/83/73 72/85/73 59/74/73
f 62/77/932 66/79/932 71/86/932
f 80/101/933 75/95/933 73/94/933
f 75/117/84 78/97/84 76/4/84
f 78/97/934 84/103/934 82/102/934
f 84/103/86 80/121/86 81/118/86
f 92/113/935 81/100/935 79/99/935
f 82/102/88 83/104/88 96/115/88
f 96/115/89 92/113/89 93/112/89
f 85/105/90 86/107/90 93/112/90
f 95/116/936 90/109/936 88/108/936
f 90/109/92 86/107/92 87/106/92
f 74/96/93 87/106/93 85/105/93
f 88/108/94 89/110/94 76/119/94
f 73/94/21 85/105/21 91/111/21
f 80/121/95 84/103/95 78/97/95
f 74/122/96 76/119/96 89/110/96
f 94/114/24 88/108/24 77/123/24
f 92/113/97 96/115/97 83/104/97
f 86/107/98 90/109/98 95/116/98
f 103/130/107 104/132/107 99/126/107
f 99/148/108 102/128/108 100/4/108
f 102/128/109 108/134/109 106/133/109
f 108/134/937 104/151/937 105/149/937
f 115/142/111 116/144/111 105/131/111
f 107/135/112 120/146/112 118/145/112
f 120/146/113 116/144/113 117/143/113
f 110/138/114 117/143/114 115/142/114
f 119/147/115 114/140/115 112/139/115
f 114/140/116 110/138/116 111/137/116
f 97/125/117 98/127/117 111/137/117
f 113/141/118 100/648/118 101/150/118
f 97/125/21 109/136/21 115/142/21
f 104/151/119 108/134/119 102/128/119
f 98/152/120 100/648/120 113/141/120
f 118/145/24 112/139/24 101/153/24
f 116/144/121 120/146/121 107/135/121
f 110/138/122 114/140/122 119/147/122
usemtl Shell
f 25/32/27 27/33/27 26/34/27
f 28/4/28 30/35/28 29/36/28
f 31/37/29 33/38/29 32/39/29
f 34/40/30 36/41/30 35/42/30
f 37/43/31 39/44/31 38/45/31
f 40/46/32 42/47/32 41/48/32
f 43/49/33 45/50/33 44/51/33
f 46/52/34 48/53/34 47/54/34
f 31/37/35 27/33/35 25/32/35
f 27/55/36 28/4/36 26/26/36
f 30/35/37 34/40/37 29/36/37
f 36/41/38 33/56/38 35/42/38
f 44/51/39 31/37/39 43/49/39
f 34/40/40 48/53/40 46/52/40
f 48/53/41 45/50/41 47/54/41
f 38/45/42 43/49/42 37/43/42
f 47/54/43 40/46/43 46/52/43
f 42/47/44 39/44/44 41/48/44
f 26/34/45 37/43/45 25/32/45
f 40/46/46 28/57/46 29/58/46
f 25/32/21 43/49/21 31/37/21
f 32/59/47 30/35/47 27/55/47
f 26/60/48 41/48/48 39/44/48
f 46/52/24 29/61/24 34/62/24
f 44/51/49 35/42/49 33/56/49
f 38/45/50 47/54/50 45/50/50
s 1
f 122/155/123 125/156/124 126/157/125
f 127/158/126 124/159/127 128/160/128
f 125/156/124 130/161/129 126/157/125
f 131/162/130 128/160/128 132/163/131
f 129/164/132 134/165/133 130/161/129
f 136/166/134 131/162/130 132/163/131
f 133/167/135 138/168/136 134/165/133
f 139/169/137 136/166/134 140/170/138
f 138/168/136 141/171/139 142/172/140
f 143/173/141 140/170/138 144/174/142
f 142/172/140 145/175/143 146/176/144
f 147/177/145 144/174/142 148/178/146
f 146/176/144 149/179/147 150/180/148
f 151/181/149 148/178/146 152/182/150
f 149/179/147 154/183/151 150/180/148
f 156/184/152 151/181/149 152/182/150
f 153/185/153 158/186/154 154/183/151
f 159/187/155 156/184/152 160/188/156
f 157/189/157 162/190/158 158/186/154
f 164/191/159 159/187/155 160/188/156
f 161/192/160 166/193/161 162/190/158
f 167/194/162 164/191/159 168/195/163
f 165/196/164 170/197/165 166/193/161
f 171/198/166 168/195/163 172/199/167
f 170/197/165 173/200/168 174/201/169
f 176/202/170 171/198/166 172/199/167
f 174/201/169 121/203/171 122/155/123
f 123/204/172 176/202/170 124/159/127
f 165/196/164 149/179/147 133/167/135
f 122/205/123 128/206/128 124/207/127
f 174/208/169 124/209/127 176/210/170
f 139/169/137 155/211/173 171/198/166
f 126/212/125 132/213/131 128/206/128
f 130/214/129 136/215/134 132/213/131
f 138/216/136 136/215/134 134/217/133
f 142/218/140 140/219/138 138/216/136
f 142/218/140 148/220/146 144/221/142
f 146/222/144 152/223/150 148/220/146
f 150/224/148 156/225/152 152/223/150
f 158/226/154 156/225/152 154/227/151
f 158/226/154 164/228/159 160/229/156
f 166/230/161 164/228/159 162/231/158
f 166/230/161 172/232/167 168/233/163
f 174/208/169 172/232/167 170/234/165
f 247/322/242 252/157/243 248/155/244
f 254/160/245 249/323/246 250/159/247
f 251/324/248 256/161/249 252/157/243
f 258/163/250 253/325/251 254/160/245
f 256/161/249 259/326/252 260/165/253
f 262/166/254 257/327/255 258/163/250
f 259/326/252 264/328/256 260/165/253
f 266/329/257 261/330/258 262/166/254
f 264/328/256 267/331/259 268/172/260
f 269/332/261 266/329/257 270/174/262
f 268/172/260 271/333/263 272/176/264
f 273/334/265 270/174/262 274/178/266
f 271/333/263 276/180/267 272/176/264
f 277/335/268 274/178/266 278/182/269
f 276/180/267 279/336/270 280/183/271
f 281/337/272 278/182/269 282/184/273
f 279/336/270 284/186/274 280/183/271
f 286/188/275 281/337/272 282/184/273
f 283/338/276 288/339/277 284/186/274
f 290/340/278 285/341/279 286/188/275
f 287/342/280 292/193/281 288/339/277
f 294/195/282 289/343/283 290/340/278
f 291/344/284 296/197/285 292/193/281
f 297/345/286 294/195/282 298/199/287
f 296/197/285 299/346/288 300/201/289
f 301/347/290 298/199/287 302/202/291
f 299/346/288 248/155/244 300/201/289
f 250/159/247 301/347/290 302/202/291
f 291/344/284 275/348/292 259/326/252
f 248/276/244 254/206/245 250/207/247
f 300/208/289 250/209/247 302/210/291
f 265/349/293 281/337/272 297/345/286
f 256/214/249 254/206/245 252/212/243
f 256/214/249 262/350/254 258/213/250
f 264/216/256 262/350/254 260/257/253
f 264/216/256 270/221/262 266/219/257
f 268/218/260 274/220/266 270/221/262
f 272/222/264 278/223/269 274/220/266
f 280/227/271 278/223/269 276/224/267
f 284/226/274 282/225/273 280/227/271
f 288/231/277 286/229/275 284/226/274
f 292/230/281 290/228/278 288/231/277
f 296/234/285 294/233/282 292/230/281
f 296/234/285 302/210/291 298/232/287
f 373/203/319 378/157/320 374/155/321
f 380/160/322 375/204/323 376/159/324
f 378/157/320 381/354/325 382/161/326
f 384/163/327 379/355/328 380/160/322
f 382/161/326 385/356/329 386/165/330
f 387/357/331 384/163/327 388/166/332
f 385/356/329 390/168/333 386/165/330
f 391/358/334 388/166/332 392/170/335
f 389/359/336 394/172/337 390/168/333
f 396/174/338 391/358/334 392/170/335
f 393/171/339 398/176/340 394/172/337
f 399/360/341 396/174/338 400/178/342
f 398/176/340 401/179/343 402/180/344
f 403/181/345 400/178/342 404/182/346
f 401/179/343 406/183/347 402/180/344
f 408/184/348 403/181/345 404/182/346
f 405/361/349 410/186/350 406/183/347
f 411/362/351 408/184/348 412/188/352
f 409/363/353 414/190/354 410/186/350
f 415/364/355 412/188/352 416/191/356
f 414/190/354 417/365/357 418/193/358
f 419/366/359 416/191/356 420/195/360
f 418/193/358 421/367/361 422/197/362
f 423/368/363 420/195/360 424/199/364
f 422/197/362 425/200/365 426/201/366
f 428/202/367 423/368/363 424/199/364
f 426/201/366 373/203/319 374/155/321
f 375/204/323 428/202/367 376/159/324
f 417/365/357 401/179/343 385/356/329
f 374/276/321 380/206/322 376/207/324
f 374/369/321 428/210/367 426/208/366
f 391/358/334 407/370/368 423/368/363
f 378/212/320 384/213/327 380/206/322
f 382/214/326 388/215/332 384/213/327
f 386/217/330 392/219/335 388/215/332
f 390/216/333 396/221/338 392/219/335
f 398/222/340 396/221/338 394/218/337
f 398/222/340 404/223/346 400/220/342
f 406/227/347 404/223/346 402/224/344
f 410/226/350 408/225/348 406/227/347
f 414/231/354 412/229/352 410/226/350
f 418/230/358 416/228/356 414/231/354
f 422/234/362 420/233/360 418/230/358
f 422/234/362 428/210/367 424/232/364
f 500/155/400 503/324/401 504/157/402
f 506/160/403 501/371/404 502/159/405
f 504/157/402 507/372/406 508/161/407
f 510/163/408 505/325/409 506/160/403
f 508/161/407 511/326/410 512/165/411
f 513/330/412 510/163/408 514/166/413
f 512/165/411 515/373/414 516/328/415
f 517/349/416 514/166/413 518/329/417
f 516/328/415 519/331/418 520/172/419
f 521/374/420 518/329/417 522/174/421
f 519/331/418 524/176/422 520/172/419
f 525/375/423 522/174/421 526/178/424
f 523/376/425 528/180/426 524/176/422
f 529/377/427 526/178/424 530/182/428
f 527/378/429 532/183/430 528/180/426
f 533/379/431 530/182/428 534/184/432
f 531/380/433 536/186/434 532/183/430
f 537/341/435 534/184/432 538/188/436
f 535/381/437 540/339/438 536/186/434
f 541/343/439 538/188/436 542/340/440
f 540/339/438 543/344/441 544/193/442
f 546/195/443 541/343/439 542/340/440
f 544/193/442 547/382/444 548/197/445
f 549/383/446 546/195/443 550/199/447
f 548/197/445 551/384/448 552/201/449
f 554/202/450 549/383/446 550/199/447
f 552/201/449 499/385/451 500/155/400
f 501/371/404 554/202/450 502/159/405
f 543/344/441 527/378/429 511/326/410
f 500/276/400 506/206/403 502/207/405
f 500/369/400 554/210/450 552/208/449
f 517/349/416 533/379/431 549/383/446
f 504/212/402 510/213/408 506/206/403
f 512/257/411 510/213/408 508/214/407
f 516/216/415 514/350/413 512/257/411
f 520/218/419 518/219/417 516/216/415
f 520/218/419 526/220/424 522/221/421
f 524/222/422 530/223/428 526/220/424
f 528/224/426 534/225/432 530/223/428
f 532/227/430 538/229/436 534/225/432
f 540/231/438 538/229/436 536/226/434
f 540/231/438 546/233/443 542/228/440
f 544/230/442 550/232/447 546/233/443
f 548/234/445 554/210/450 550/232/447
f 626/155/486 629/156/487 630/157/488
f 632/160/489 627/204/490 628/159/491
f 630/157/488 633/164/492 634/161/493
f 635/162/494 632/160/489 636/163/495
f 633/164/492 638/165/496 634/161/493
f 640/166/497 635/162/494 636/163/495
f 638/165/496 641/386/498 642/168/499
f 644/170/500 639/387/501 640/166/497
f 642/168/499 645/171/502 646/172/503
f 648/174/504 643/169/505 644/170/500
f 645/171/502 650/176/506 646/172/503
f 651/177/507 648/174/504 652/178/508
f 649/175/509 654/180/510 650/176/506
f 656/182/511 651/177/507 652/178/508
f 654/180/510 657/185/512 658/183/513
f 659/211/514 656/182/511 660/184/515
f 658/183/513 661/189/516 662/186/517
f 664/188/518 659/211/514 660/184/515
f 661/189/516 666/190/519 662/186/517
f 668/191/520 663/187/521 664/188/518
f 665/192/522 670/193/523 666/190/519
f 671/194/524 668/191/520 672/195/525
f 670/193/523 673/367/526 674/197/527
f 675/198/528 672/195/525 676/199/529
f 673/367/526 678/201/530 674/197/527
f 680/202/531 675/198/528 676/199/529
f 678/201/530 625/203/532 626/155/486
f 627/204/490 680/202/531 628/159/491
f 669/196/533 653/179/534 637/167/535
f 630/388/488 628/389/491 626/276/486
f 678/208/530 628/390/491 680/210/531
f 643/169/505 659/211/514 675/198/528
f 630/388/488 636/213/495 632/206/489
f 634/214/493 640/350/497 636/213/495
f 642/216/499 640/350/497 638/217/496
f 642/216/499 648/221/504 644/219/500
f 646/218/503 652/220/508 648/221/504
f 650/222/506 656/391/511 652/220/508
f 654/392/510 660/225/515 656/391/511
f 658/393/513 664/229/518 660/225/515
f 666/231/519 664/229/518 662/226/517
f 670/230/523 668/228/520 666/231/519
f 674/234/527 672/233/525 670/230/523
f 678/208/530 676/232/529 674/234/527
f 752/155/556 755/324/557 756/157/558
f 757/325/559 754/159/560 758/160/561
f 756/157/558 759/372/562 760/161/563
f 761/394/564 758/160/561 762/163/565
f 759/372/562 764/165/566 760/161/563
f 765/330/567 762/163/565 766/166/568
f 764/165/566 767/373/569 768/328/570
f 770/329/571 765/330/567 766/166/568
f 767/373/569 772/172/572 768/328/570
f 773/395/573 770/329/571 774/174/574
f 772/172/572 775/333/575 776/176/576
f 778/178/577 773/395/573 774/174/574
f 776/176/576 779/348/578 780/180/579
f 782/182/580 777/334/581 778/178/577
f 780/180/579 783/336/582 784/183/583
f 785/337/584 782/182/580 786/184/585
f 784/183/583 787/338/586 788/186/587
f 789/396/588 786/184/585 790/188/589
f 788/186/587 791/342/590 792/339/591
f 793/397/592 790/188/589 794/340/593
f 791/342/590 796/193/594 792/339/591
f 797/398/595 794/340/593 798/195/596
f 795/399/597 800/197/598 796/193/594
f 801/400/599 798/195/596 802/199/600
f 799/401/601 804/201/602 800/197/598
f 805/347/603 802/199/600 806/202/604
f 803/346/605 752/155/556 804/201/602
f 754/159/560 805/347/603 806/202/604
f 795/399/597 779/348/578 763/326/606
f 756/212/558 754/207/560 752/205/556
f 752/369/556 806/210/604 804/208/602
f 769/402/607 785/337/584 801/400/599
f 760/214/563 758/206/561 756/212/558
f 764/257/566 762/213/565 760/214/563
f 768/216/570 766/215/568 764/257/566
f 768/216/570 774/221/574 770/219/571
f 772/218/572 778/220/577 774/221/574
f 780/224/579 778/220/577 776/222/576
f 784/227/583 782/223/580 780/224/579
f 784/227/583 790/229/589 786/225/585
f 788/226/587 794/228/593 790/229/589
f 796/230/594 794/228/593 792/231/591
f 796/230/594 802/232/600 798/233/596
f 804/208/602 802/232/600 800/234/598
f 877/403/610 879/404/611 878/405/612
f 880/406/613 882/407/614 881/408/615
f 883/409/616 885/410/617 884/411/618
f 886/412/619 888/413/620 887/414/621
f 889/415/622 891/416/623 890/417/624
f 892/418/625 894/419/626 893/420/627
f 895/421/628 897/422/629 896/423/630
f 898/424/631 900/425/632 899/426/633
f 901/427/634 903/428/635 902/429/636
f 904/430/637 906/431/638 905/432/639
f 907/433/640 909/434/641 908/435/642
f 910/436/643 912/437/644 911/438/645
f 913/439/646 915/440/647 914/441/648
f 916/442/649 918/443/650 917/444/651
f 919/445/652 921/446/653 920/447/654
f 922/448/655 924/449/656 923/450/657
f 879/404/611 883/409/616 884/411/618
f 886/412/619 881/408/615 888/413/620
f 879/451/611 882/452/614 878/453/612
f 888/454/620 885/455/617 887/456/621
f 883/409/616 890/417/624 885/410/617
f 892/418/625 887/414/621 894/419/626
f 894/457/626 891/458/623 893/459/627
f 889/415/622 896/423/630 891/416/623
f 900/425/632 892/418/625 893/420/627
f 900/460/632 897/461/629 899/462/633
f 897/422/629 901/427/634 902/429/636
f 904/430/637 899/426/633 906/431/638
f 906/463/638 903/464/635 905/465/639
f 903/428/635 907/433/640 908/435/642
f 910/436/643 905/432/639 912/437/644
f 912/466/644 909/467/641 911/468/645
f 907/433/640 914/441/648 909/434/641
f 918/443/650 910/436/643 911/438/645
f 918/469/650 915/470/647 917/471/651
f 915/440/647 919/445/652 920/447/654
f 922/448/655 917/444/651 924/449/656
f 924/472/656 921/473/653 923/474/657
f 921/446/653 877/403/610 878/405/612
f 880/406/613 923/450/657 882/407/614
f 907/433/640 895/421/628 883/409/616
f 884/475/618 881/476/615 879/477/611
f 878/453/612 923/474/657 921/473/653
f 904/430/637 916/442/649 880/406/613
f 890/478/624 887/456/621 885/455/617
f 896/479/630 893/459/627 891/458/623
f 902/480/636 899/462/633 897/461/629
f 908/481/642 905/465/639 903/464/635
f 914/482/648 911/468/645 909/467/641
f 920/483/654 917/471/651 915/470/647
f 1021/403/707 1023/404/708 1022/405/612
f 1024/406/709 1026/407/710 1025/408/711
f 1027/409/712 1029/410/617 1028/411/713
f 1030/412/691 1032/413/692 1031/414/621
f 1033/415/622 1035/416/623 1034/417/624
f 1036/418/667 1038/419/626 1037/420/627
f 1039/421/628 1041/422/714 1040/423/630
f 1042/424/715 1044/425/632 1043/426/716
f 1045/427/634 1047/428/717 1046/429/718
f 1048/430/719 1050/431/720 1049/432/721
f 1051/433/722 1053/434/641 1052/435/723
f 1054/436/643 1056/437/644 1055/438/645
f 1057/439/646 1059/440/647 1058/441/648
f 1060/442/649 1062/443/650 1061/444/651
f 1063/445/704 1065/446/705 1064/447/654
f 1066/448/724 1068/449/656 1067/450/725
f 1021/403/707 1028/411/713 1023/404/708
f 1032/413/692 1024/406/709 1025/408/711
f 1023/451/708 1026/452/710 1022/453/612
f 1032/454/692 1029/455/617 1031/456/621
f 1027/409/712 1034/417/624 1029/410/617
f 1036/418/667 1031/414/621 1038/419/626
f 1038/457/626 1035/458/623 1037/459/627
f 1035/416/623 1039/421/628 1040/423/630
f 1042/424/715 1037/420/627 1044/425/632
f 1044/460/632 1041/461/714 1043/462/716
f 1039/421/628 1046/429/718 1041/422/714
f 1050/431/720 1042/424/715 1043/426/716
f 1050/463/720 1047/464/717 1049/465/721
f 1045/427/634 1052/435/723 1047/428/717
f 1054/436/643 1049/432/721 1056/437/644
f 1056/466/644 1053/467/641 1055/468/645
f 1051/433/722 1058/441/648 1053/434/641
f 1062/443/650 1054/436/643 1055/438/645
f 1062/469/650 1059/470/647 1061/471/651
f 1057/439/646 1064/447/654 1059/440/647
f 1068/449/656 1060/442/649 1061/444/651
f 1068/472/656 1065/473/705 1067/474/725
f 1065/446/705 1021/403/707 1022/405/612
f 1024/406/709 1067/450/725 1026/407/710
f 1051/433/722 1039/421/628 1027/409/712
f 1028/475/713 1025/476/711 1023/477/708
f 1022/453/612 1067/474/725 1065/473/705
f 1048/430/719 1060/442/649 1024/406/709
f 1034/478/624 1031/456/621 1029/455/617
f 1040/479/630 1037/459/627 1035/458/623
f 1046/480/718 1043/462/716 1041/461/714
f 1052/481/723 1049/465/721 1047/464/717
f 1058/482/648 1055/468/645 1053/467/641
f 1064/483/654 1061/471/651 1059/470/647
f 1165/403/610 1167/404/708 1166/405/737
f 1168/406/738 1170/407/688 1169/408/739
f 1171/409/740 1173/410/617 1172/411/741
f 1174/412/742 1176/413/620 1175/414/621
f 1177/415/622 1179/416/623 1178/417/624
f 1180/418/667 1182/419/626 1181/420/627
f 1183/421/735 1185/422/694 1184/423/630
f 1186/424/729 1188/425/632 1187/426/696
f 1189/427/743 1191/428/635 1190/429/718
f 1192/430/744 1194/431/699 1193/432/721
f 1195/433/700 1197/434/641 1196/435/701
f 1198/436/702 1200/437/703 1199/438/645
f 1201/439/646 1203/440/647 1202/441/648
f 1204/442/649 1206/443/650 1205/444/651
f 1207/445/652 1209/446/745 1208/447/746
f 1210/448/655 1212/449/656 1211/450/747
f 1165/403/610 1172/411/741 1167/404/708
f 1174/412/742 1169/408/739 1176/413/620
f 1167/451/708 1170/452/688 1166/453/737
f 1176/454/620 1173/455/617 1175/456/621
f 1171/409/740 1178/417/624 1173/410/617
f 1182/419/626 1174/412/742 1175/414/621
f 1182/457/626 1179/458/623 1181/459/627
f 1179/416/623 1183/421/735 1184/423/630
f 1186/424/729 1181/420/627 1188/425/632
f 1188/460/632 1185/461/694 1187/462/696
f 1183/421/735 1190/429/718 1185/422/694
f 1194/431/699 1186/424/729 1187/426/696
f 1194/463/699 1191/464/635 1193/465/721
f 1191/428/635 1195/433/700 1196/435/701
f 1198/436/702 1193/432/721 1200/437/703
f 1200/466/703 1197/467/641 1199/468/645
f 1195/433/700 1202/441/648 1197/434/641
f 1206/443/650 1198/436/702 1199/438/645
f 1206/469/650 1203/470/647 1205/471/651
f 1201/439/646 1208/447/746 1203/440/647
f 1212/449/656 1204/442/649 1205/444/651
f 1212/472/656 1209/473/745 1211/474/747
f 1207/445/652 1166/405/737 1209/446/745
f 1170/407/688 1210/448/655 1211/450/747
f 1195/433/700 1183/421/735 1171/409/740
f 1172/475/741 1169/476/739 1167/477/708
f 1166/453/737 1211/474/747 1209/473/745
f 1192/430/744 1204/442/649 1168/406/738
f 1178/478/624 1175/456/621 1173/455/617
f 1184/479/630 1181/459/627 1179/458/623
f 1190/480/718 1187/462/696 1185/461/694
f 1196/481/701 1193/465/721 1191/464/635
f 1202/482/648 1199/468/645 1197/467/641
f 1208/483/746 1205/471/651 1203/470/647
f 1309/403/658 1311/404/687 1310/405/764
f 1312/406/660 1314/407/688 1313/408/765
f 1315/409/616 1317/410/766 1316/411/663
f 1318/412/767 1320/413/768 1319/414/621
f 1321/415/622 1323/416/623 1322/417/624
f 1324/418/667 1326/419/626 1325/420/627
f 1327/421/769 1329/422/770 1328/423/630
f 1330/424/715 1332/425/771 1331/426/696
f 1333/427/743 1335/428/759 1334/429/772
f 1336/430/744 1338/431/720 1337/432/773
f 1339/433/736 1341/434/774 1340/435/701
f 1342/436/702 1344/437/775 1343/438/776
f 1345/439/646 1347/440/647 1346/441/648
f 1348/442/649 1350/443/777 1349/444/651
f 1351/445/778 1353/446/779 1352/447/654
f 1354/448/685 1356/449/780 1355/450/686
f 1311/404/687 1315/409/616 1316/411/663
f 1318/412/767 1313/408/765 1320/413/768
f 1311/451/687 1314/452/688 1310/453/764
f 1320/454/768 1317/455/766 1319/456/621
f 1317/410/766 1321/415/622 1322/417/624
f 1324/418/667 1319/414/621 1326/419/626
f 1326/457/626 1323/458/623 1325/459/627
f 1321/415/622 1328/423/630 1323/416/623
f 1332/425/771 1324/418/667 1325/420/627
f 1332/460/771 1329/461/770 1331/462/696
f 1327/421/769 1334/429/772 1329/422/770
f 1338/431/720 1330/424/715 1331/426/696
f 1338/463/720 1335/464/759 1337/465/773
f 1335/428/759 1339/433/736 1340/435/701
f 1342/436/702 1337/432/773 1344/437/775
f 1344/466/775 1341/467/774 1343/468/776
f 1339/433/736 1346/441/648 1341/434/774
f 1350/443/777 1342/436/702 1343/438/776
f 1350/469/777 1347/470/647 1349/471/651
f 1345/439/646 1352/447/654 1347/440/647
f 1354/448/685 1349/444/651 1356/449/780
f 1356/472/780 1353/473/779 1355/474/686
f 1351/445/778 1310/405/764 1353/446/779
f 1314/407/688 1354/448/685 1355/450/686
f 1339/433/736 1327/421/769 1315/409/616
f 1316/475/663 1313/476/765 1311/477/687
f 1310/453/764 1355/474/686 1353/473/779
f 1336/430/744 1348/442/649 1312/406/660
f 1322/478/624 1319/456/621 1317/455/766
f 1328/479/630 1325/459/627 1323/458/623
f 1334/480/772 1331/462/696 1329/461/770
f 1340/481/701 1337/465/773 1335/464/759
f 1346/482/648 1343/468/776 1341/467/774
f 1352/483/654 1349/471/651 1347/470/647
f 1453/403/610 1455/404/611 1454/405/797
f 1456/406/613 1458/407/661 1457/408/798
f 1459/409/662 1461/410/799 1460/411/800
f 1462/412/801 1464/413/768 1463/414/802
f 1465/415/622 1467/416/790 1466/417/624
f 1468/418/667 1470/419/791 1469/420/627
f 1471/421/735 1473/422/803 1472/423/804
f 1474/424/729 1476/425/805 1475/426/696
f 1477/427/697 1479/428/635 1478/429/806
f 1480/430/731 1482/431/638 1481/432/807
f 1483/433/700 1485/434/808 1484/435/785
f 1486/436/702 1488/437/809 1487/438/776
f 1489/439/646 1491/440/794 1490/441/648
f 1492/442/649 1494/443/777 1493/444/651
f 1495/445/795 1497/446/779 1496/447/810
f 1498/448/685 1500/449/811 1499/450/812
f 1455/404/611 1459/409/662 1460/411/800
f 1462/412/801 1457/408/798 1464/413/768
f 1455/451/611 1458/452/661 1454/453/797
f 1464/454/768 1461/455/799 1463/456/802
f 1459/409/662 1466/417/624 1461/410/799
f 1470/419/791 1462/412/801 1463/414/802
f 1470/457/791 1467/458/790 1469/459/627
f 1467/416/790 1471/421/735 1472/423/804
f 1474/424/729 1469/420/627 1476/425/805
f 1476/460/805 1473/461/803 1475/462/696
f 1471/421/735 1478/429/806 1473/422/803
f 1482/431/638 1474/424/729 1475/426/696
f 1482/463/638 1479/464/635 1481/465/807
f 1477/427/697 1484/435/785 1479/428/635
f 1486/436/702 1481/432/807 1488/437/809
f 1488/466/809 1485/467/808 1487/468/776
f 1483/433/700 1490/441/648 1485/434/808
f 1494/443/777 1486/436/702 1487/438/776
f 1494/469/777 1491/470/794 1493/471/651
f 1491/440/794 1495/445/795 1496/447/810
f 1498/448/685 1493/444/651 1500/449/811
f 1500/472/811 1497/473/779 1499/474/812
f 1495/445/795 1454/405/797 1497/446/779
f 1458/407/661 1498/448/685 1499/450/812
f 1483/433/700 1471/421/735 1459/409/662
f 1460/475/800 1457/476/798 1455/477/611
f 1454/453/797 1499/474/812 1497/473/779
f 1480/430/731 1492/442/649 1456/406/613
f 1466/478/624 1463/456/802 1461/455/799
f 1472/479/804 1469/459/627 1467/458/790
f 1478/480/806 1475/462/696 1473/461/803
f 1484/481/785 1481/465/807 1479/464/635
f 1490/482/648 1487/468/776 1485/467/808
f 1496/483/810 1493/471/651 1491/470/794
f 1597/403/823 1599/404/824 1598/405/825
f 1600/406/826 1602/407/827 1601/408/828
f 1603/409/829 1605/410/766 1604/411/663
f 1606/412/801 1608/413/830 1607/414/621
f 1609/415/622 1611/416/623 1610/417/624
f 1612/418/667 1614/419/791 1613/420/627
f 1615/421/693 1617/422/831 1616/423/832
f 1618/424/695 1620/425/632 1619/426/833
f 1621/427/834 1623/428/835 1622/429/836
f 1624/430/837 1626/431/838 1625/432/839
f 1627/433/840 1629/434/641 1628/435/841
f 1630/436/732 1632/437/842 1631/438/843
f 1633/439/646 1635/440/794 1634/441/648
f 1636/442/649 1638/443/650 1637/444/651
f 1639/445/795 1641/446/822 1640/447/654
f 1642/448/796 1644/449/844 1643/450/686
f 1599/404/824 1603/409/829 1604/411/663
f 1606/412/801 1601/408/828 1608/413/830
f 1599/451/824 1602/452/827 1598/453/825
f 1608/454/830 1605/455/766 1607/456/621
f 1603/409/829 1610/417/624 1605/410/766
f 1614/419/791 1606/412/801 1607/414/621
f 1614/457/791 1611/458/623 1613/459/627
f 1609/415/622 1616/423/832 1611/416/623
f 1620/425/632 1612/418/667 1613/420/627
f 1620/460/632 1617/461/831 1619/462/833
f 1615/421/693 1622/429/836 1617/422/831
f 1626/431/838 1618/424/695 1619/426/833
f 1626/463/838 1623/464/835 1625/465/839
f 1623/428/835 1627/433/840 1628/435/841
f 1630/436/732 1625/432/839 1632/437/842
f 1632/466/842 1629/467/641 1631/468/843
f 1629/434/641 1633/439/646 1634/441/648
f 1636/442/649 1631/438/843 1638/443/650
f 1638/469/650 1635/470/794 1637/471/651
f 1635/440/794 1639/445/795 1640/447/654
f 1642/448/796 1637/444/651 1644/449/844
f 1644/472/844 1641/473/822 1643/474/686
f 1639/445/795 1598/405/825 1641/446/822
f 1602/407/827 1642/448/796 1643/450/686
f 1627/433/840 1615/421/693 1603/409/829
f 1604/475/663 1601/476/828 1599/477/824
f 1598/453/825 1643/474/686 1641/473/822
f 1624/430/837 1636/442/649 1600/406/826
f 1610/478/624 1607/456/621 1605/455/766
f 1616/479/832 1613/459/627 1611/458/623
f 1622/480/836 1619/462/833 1617/461/831
f 1628/481/841 1625/465/839 1623/464/835
f 1634/482/648 1631/468/843 1629/467/641
f 1640/483/654 1637/471/651 1635/470/794
f 1741/403/707 1743/404/845 1742/405/855
f 1744/406/709 1746/407/846 1745/408/856
f 1747/409/857 1749/410/858 1748/411/800
f 1750/412/859 1752/413/830 1751/414/860
f 1753/415/622 1755/416/623 1754/417/624
f 1756/418/667 1758/419/626 1757/420/627
f 1759/421/861 1761/422/862 1760/423/863
f 1762/424/864 1764/425/865 1763/426/866
f 1765/427/673 1767/428/867 1766/429/868
f 1768/430/731 1770/431/869 1769/432/870
f 1771/433/871 1773/434/872 1772/435/873
f 1774/436/874 1776/437/875 1775/438/876
f 1777/439/646 1779/440/647 1778/441/648
f 1780/442/649 1782/443/650 1781/444/651
f 1783/445/877 1785/446/878 1784/447/879
f 1786/448/880 1788/449/881 1787/450/882
f 1741/403/707 1748/411/800 1743/404/845
f 1752/413/830 1744/406/709 1745/408/856
f 1743/451/845 1746/452/846 1742/453/855
f 1752/454/830 1749/455/858 1751/456/860
f 1747/409/857 1754/417/624 1749/410/858
f 1758/419/626 1750/412/859 1751/414/860
f 1758/457/626 1755/458/623 1757/459/627
f 1753/415/622 1760/423/863 1755/416/623
f 1764/425/865 1756/418/667 1757/420/627
f 1764/460/865 1761/461/862 1763/462/866
f 1759/421/861 1766/429/868 1761/422/862
f 1770/431/869 1762/424/864 1763/426/866
f 1770/463/869 1767/464/867 1769/465/870
f 1767/428/867 1771/433/871 1772/435/873
f 1774/436/874 1769/432/870 1776/437/875
f 1776/466/875 1773/467/872 1775/468/876
f 1771/433/871 1778/441/648 1773/434/872
f 1782/443/650 1774/436/874 1775/438/876
f 1782/469/650 1779/470/647 1781/471/651
f 1779/440/647 1783/445/877 1784/447/879
f 1786/448/880 1781/444/651 1788/449/881
f 1788/472/881 1785/473/878 1787/474/882
f 1783/445/877 1742/405/855 1785/446/878
f 1746/407/846 1786/448/880 1787/450/882
f 1771/433/871 1759/421/861 1747/409/857
f 1748/475/800 1745/476/856 1743/477/845
f 1742/453/855 1787/474/882 1785/473/878
f 1768/430/731 1780/442/649 1744/406/709
f 1754/478/624 1751/456/860 1749/455/858
f 1760/479/863 1757/459/627 1755/458/623
f 1766/480/868 1763/462/866 1761/461/862
f 1772/481/873 1769/465/870 1767/464/867
f 1778/482/648 1775/468/876 1773/467/872
f 1784/483/879 1781/471/651 1779/470/647
f 1885/403/610 1887/404/611 1886/405/659
f 1888/406/613 1890/407/661 1889/408/615
f 1891/409/689 1893/410/891 1892/411/755
f 1894/412/813 1896/413/756 1895/414/892
f 1897/415/622 1899/416/623 1898/417/624
f 1900/418/667 1902/419/626 1901/420/893
f 1903/421/668 1905/422/748 1904/423/670
f 1906/424/671 1908/425/750 1907/426/758
f 1909/427/743 1911/428/894 1910/429/718
f 1912/430/744 1914/431/720 1913/432/895
f 1915/433/676 1917/434/751 1916/435/760
f 1918/436/896 1920/437/752 1919/438/680
f 1921/439/646 1923/440/647 1922/441/648
f 1924/442/649 1926/443/650 1925/444/651
f 1927/445/897 1929/446/761 1928/447/898
f 1930/448/724 1932/449/899 1931/450/763
f 1887/404/611 1891/409/689 1892/411/755
f 1894/412/813 1889/408/615 1896/413/756
f 1887/451/611 1890/452/661 1886/453/659
f 1896/454/756 1893/455/891 1895/456/892
f 1891/409/689 1898/417/624 1893/410/891
f 1902/419/626 1894/412/813 1895/414/892
f 1902/457/626 1899/458/623 1901/459/893
f 1897/415/622 1904/423/670 1899/416/623
f 1908/425/750 1900/418/667 1901/420/893
f 1908/460/750 1905/461/748 1907/462/758
f 1903/421/668 1910/429/718 1905/422/748
f 1914/431/720 1906/424/671 1907/426/758
f 1914/463/720 1911/464/894 1913/465/895
f 1909/427/743 1916/435/760 1911/428/894
f 1920/437/752 1912/430/744 1913/432/895
f 1920/466/752 1917/467/751 1919/468/680
f 1915/433/676 1922/441/648 1917/434/751
f 1926/443/650 1918/436/896 1919/438/680
f 1926/469/650 1923/470/647 1925/471/651
f 1923/440/647 1927/445/897 1928/447/898
f 1930/448/724 1925/444/651 1932/449/899
f 1932/472/899 1929/473/761 1931/474/763
f 1927/445/897 1886/405/659 1929/446/761
f 1890/407/661 1930/448/724 1931/450/763
f 1915/433/676 1903/421/668 1891/409/689
f 1892/475/755 1889/476/615 1887/477/611
f 1886/453/659 1931/474/763 1929/473/761
f 1912/430/744 1924/442/649 1888/406/613
f 1898/478/624 1895/456/892 1893/455/891
f 1904/479/670 1901/459/893 1899/458/623
f 1910/480/718 1907/462/758 1905/461/748
f 1916/481/760 1913/465/895 1911/464/894
f 1922/482/648 1919/468/680 1917/467/751
f 1928/483/898 1925/471/651 1923/470/647
f 2029/403/658 2031/404/687 2030/405/737
f 2032/406/660 2034/407/688 2033/408/739
f 2035/409/712 2037/410/727 2036/411/755
f 2038/412/813 2040/413/756 2039/414/666
f 2041/415/622 2043/416/623 2042/417/918
f 2044/418/667 2046/419/626 2045/420/627
f 2047/421/668 2049/422/748 2048/423/670
f 2050/424/671 2052/425/730 2051/426/758
f 2053/427/634 2055/428/635 2054/429/698
f 2056/430/637 2058/431/699 2057/432/639
f 2059/433/676 2061/434/908 2060/435/760
f 2062/436/896 2064/437/752 2063/438/817
f 2065/439/646 2067/440/647 2066/441/648
f 2068/442/649 2070/443/650 2069/444/651
f 2071/445/897 2073/446/761 2072/447/684
f 2074/448/762 2076/449/734 2075/450/763
f 2029/403/658 2036/411/755 2031/404/687
f 2040/413/756 2032/406/660 2033/408/739
f 2031/451/687 2034/452/688 2030/453/737
f 2040/454/756 2037/455/727 2039/456/666
f 2037/410/727 2041/415/622 2042/417/918
f 2044/418/667 2039/414/666 2046/419/626
f 2046/457/626 2043/458/623 2045/459/627
f 2041/415/622 2048/423/670 2043/416/623
f 2050/424/671 2045/420/627 2052/425/730
f 2052/460/730 2049/461/748 2051/462/758
f 2049/422/748 2053/427/634 2054/429/698
f 2056/430/637 2051/426/758 2058/431/699
f 2058/463/699 2055/464/635 2057/465/639
f 2053/427/634 2060/435/760 2055/428/635
f 2064/437/752 2056/430/637 2057/432/639
f 2064/466/752 2061/467/908 2063/468/817
f 2059/433/676 2066/441/648 2061/434/908
f 2070/443/650 2062/436/896 2063/438/817
f 2070/469/650 2067/470/647 2069/471/651
f 2067/440/647 2071/445/897 2072/447/684
f 2074/448/762 2069/444/651 2076/449/734
f 2076/472/734 2073/473/761 2075/474/763
f 2073/446/761 2029/403/658 2030/405/737
f 2032/406/660 2075/450/763 2034/407/688
f 2059/433/676 2047/421/668 2035/409/712
f 2036/475/755 2033/476/739 2031/477/687
f 2030/453/737 2075/474/763 2073/473/761
f 2056/430/637 2068/442/649 2032/406/660
f 2042/478/918 2039/456/666 2037/455/727
f 2048/479/670 2045/459/627 2043/458/623
f 2054/480/698 2051/462/758 2049/461/748
f 2060/481/760 2057/465/639 2055/464/635
f 2066/482/648 2063/468/817 2061/467/908
f 2072/483/684 2069/471/651 2067/470/647
s 0
f 31/37/35 32/39/35 27/33/35
f 27/55/36 30/35/36 28/4/36
f 30/35/37 36/41/37 34/40/37
f 36/41/38 32/59/38 33/56/38
f 44/51/39 33/38/39 31/37/39
f 34/40/40 35/42/40 48/53/40
f 48/53/41 44/51/41 45/50/41
f 38/45/42 45/50/42 43/49/42
f 47/54/43 42/47/43 40/46/43
f 42/47/44 38/45/44 39/44/44
f 26/34/45 39/44/45 37/43/45
f 40/46/46 41/48/46 28/57/46
f 25/32/21 37/43/21 43/49/21
f 32/59/47 36/41/47 30/35/47
f 26/60/48 28/57/48 41/48/48
f 46/52/24 40/46/24 29/61/24
f 44/51/49 48/53/49 35/42/49
f 38/45/50 42/47/50 47/54/50
s 1
f 122/155/123 121/203/171 125/156/124
f 127/158/126 123/204/172 124/159/127
f 125/156/124 129/164/132 130/161/129
f 131/162/130 127/158/126 128/160/128
f 129/164/132 133/167/135 134/165/133
f 136/166/134 135/387/938 131/162/130
f 133/167/135 137/386/939 138/168/136
f 139/169/137 135/387/938 136/166/134
f 138/168/136 137/386/939 141/171/139
f 143/173/141 139/169/137 140/170/138
f 142/172/140 141/171/139 145/175/143
f 147/177/145 143/173/141 144/174/142
f 146/176/144 145/175/143 149/179/147
f 151/181/149 147/177/145 148/178/146
f 149/179/147 153/185/153 154/183/151
f 156/184/152 155/211/173 151/181/149
f 153/185/153 157/189/157 158/186/154
f 159/187/155 155/211/173 156/184/152
f 157/189/157 161/192/160 162/190/158
f 164/191/159 163/364/940 159/187/155
f 161/192/160 165/196/164 166/193/161
f 167/194/162 163/364/940 164/191/159
f 165/196/164 169/367/941 170/197/165
f 171/198/166 167/194/162 168/195/163
f 170/197/165 169/367/941 173/200/168
f 176/202/170 175/649/942 171/198/166
f 174/201/169 173/200/168 121/203/171
f 123/204/172 175/649/942 176/202/170
f 125/156/124 121/203/171 173/200/168
f 173/200/168 169/367/941 165/196/164
f 165/196/164 161/192/160 157/189/157
f 157/189/157 153/185/153 149/179/147
f 149/179/147 145/175/143 141/171/139
f 141/171/139 137/386/939 133/167/135
f 133/167/135 129/164/132 125/156/124
f 125/156/124 173/200/168 165/196/164
f 165/196/164 157/189/157 149/179/147
f 149/179/147 141/171/139 133/167/135
f 133/167/135 125/156/124 165/196/164
f 122/205/123 126/212/125 128/206/128
f 174/208/169 122/369/123 124/209/127
f 123/204/172 127/158/126 131/162/130
f 131/162/130 135/387/938 139/169/137
f 139/169/137 143/173/141 147/177/145
f 147/177/145 151/181/149 155/211/173
f 155/211/173 159/187/155 163/364/940
f 163/364/940 167/194/162 171/198/166
f 171/198/166 175/649/942 123/204/172
f 123/204/172 131/162/130 139/169/137
f 139/169/137 147/177/145 155/211/173
f 155/211/173 163/364/940 171/198/166
f 171/198/166 123/204/172 139/169/137
f 126/212/125 130/214/129 132/213/131
f 130/214/129 134/217/133 136/215/134
f 138/216/136 140/219/138 136/215/134
f 142/218/140 144/221/142 140/219/138
f 142/218/140 146/222/144 148/220/146
f 146/222/144 150/224/148 152/223/150
f 150/224/148 154/227/151 156/225/152
f 158/226/154 160/229/156 156/225/152
f 158/226/154 162/231/158 164/228/159
f 166/230/161 168/233/163 164/228/159
f 166/230/161 170/234/165 172/232/167
f 174/208/169 176/210/170 172/232/167
f 247/322/242 251/324/248 252/157/243
f 254/160/245 253/325/251 249/323/246
f 251/324/248 255/372/951 256/161/249
f 258/163/250 257/327/255 253/325/251
f 256/161/249 255/372/951 259/326/252
f 262/166/254 261/330/258 257/327/255
f 259/326/252 263/650/952 264/328/256
f 266/329/257 265/349/293 261/330/258
f 264/328/256 263/650/952 267/331/259
f 269/332/261 265/349/293 266/329/257
f 268/172/260 267/331/259 271/333/263
f 273/334/265 269/332/261 270/174/262
f 271/333/263 275/348/292 276/180/267
f 277/335/268 273/334/265 274/178/266
f 276/180/267 275/348/292 279/336/270
f 281/337/272 277/335/268 278/182/269
f 279/336/270 283/338/276 284/186/274
f 286/188/275 285/341/279 281/337/272
f 283/338/276 287/342/280 288/339/277
f 290/340/278 289/343/283 285/341/279
f 287/342/280 291/344/284 292/193/281
f 294/195/282 293/398/953 289/343/283
f 291/344/284 295/651/954 296/197/285
f 297/345/286 293/398/953 294/195/282
f 296/197/285 295/651/954 299/346/288
f 301/347/290 297/345/286 298/199/287
f 299/346/288 247/322/242 248/155/244
f 250/159/247 249/323/246 301/347/290
f 251/324/248 247/322/242 299/346/288
f 299/346/288 295/651/954 291/344/284
f 291/344/284 287/342/280 283/338/276
f 283/338/276 279/336/270 275/348/292
f 275/348/292 271/333/263 267/331/259
f 267/331/259 263/650/952 259/326/252
f 259/326/252 255/372/951 251/324/248
f 251/324/248 299/346/288 291/344/284
f 291/344/284 283/338/276 275/348/292
f 275/348/292 267/331/259 259/326/252
f 259/326/252 251/324/248 291/344/284
f 248/276/244 252/212/243 254/206/245
f 300/208/289 248/369/244 250/209/247
f 249/323/246 253/325/251 257/327/255
f 257/327/255 261/330/258 265/349/293
f 265/349/293 269/332/261 273/334/265
f 273/334/265 277/335/268 281/337/272
f 281/337/272 285/341/279 289/343/283
f 289/343/283 293/398/953 297/345/286
f 297/345/286 301/347/290 249/323/246
f 249/323/246 257/327/255 265/349/293
f 265/349/293 273/334/265 281/337/272
f 281/337/272 289/343/283 297/345/286
f 297/345/286 249/323/246 265/349/293
f 256/214/249 258/213/250 254/206/245
f 256/214/249 260/257/253 262/350/254
f 264/216/256 266/219/257 262/350/254
f 264/216/256 268/218/260 270/221/262
f 268/218/260 272/222/264 274/220/266
f 272/222/264 276/224/267 278/223/269
f 280/227/271 282/225/273 278/223/269
f 284/226/274 286/229/275 282/225/273
f 288/231/277 290/228/278 286/229/275
f 292/230/281 294/233/282 290/228/278
f 296/234/285 298/232/287 294/233/282
f 296/234/285 300/208/289 302/210/291
f 373/203/319 377/652/957 378/157/320
f 380/160/322 379/355/328 375/204/323
f 378/157/320 377/652/957 381/354/325
f 384/163/327 383/653/958 379/355/328
f 382/161/326 381/354/325 385/356/329
f 387/357/331 383/653/958 384/163/327
f 385/356/329 389/359/336 390/168/333
f 391/358/334 387/357/331 388/166/332
f 389/359/336 393/171/339 394/172/337
f 396/174/338 395/654/959 391/358/334
f 393/171/339 397/175/960 398/176/340
f 399/360/341 395/654/959 396/174/338
f 398/176/340 397/175/960 401/179/343
f 403/181/345 399/360/341 400/178/342
f 401/179/343 405/361/349 406/183/347
f 408/184/348 407/370/368 403/181/345
f 405/361/349 409/363/353 410/186/350
f 411/362/351 407/370/368 408/184/348
f 409/363/353 413/655/961 414/190/354
f 415/364/355 411/362/351 412/188/352
f 414/190/354 413/655/961 417/365/357
f 419/366/359 415/364/355 416/191/356
f 418/193/358 417/365/357 421/367/361
f 423/368/363 419/366/359 420/195/360
f 422/197/362 421/367/361 425/200/365
f 428/202/367 427/649/962 423/368/363
f 426/201/366 425/200/365 373/203/319
f 375/204/323 427/649/962 428/202/367
f 377/652/957 373/203/319 425/200/365
f 425/200/365 421/367/361 417/365/357
f 417/365/357 413/655/961 409/363/353
f 409/363/353 405/361/349 401/179/343
f 401/179/343 397/175/960 393/171/339
f 393/171/339 389/359/336 385/356/329
f 385/356/329 381/354/325 377/652/957
f 377/652/957 425/200/365 417/365/357
f 417/365/357 409/363/353 401/179/343
f 401/179/343 393/171/339 385/356/329
f 385/356/329 377/652/957 417/365/357
f 374/276/321 378/212/320 380/206/322
f 374/369/321 376/209/324 428/210/367
f 375/204/323 379/355/328 383/653/958
f 383/653/958 387/357/331 391/358/334
f 391/358/334 395/654/959 399/360/341
f 399/360/341 403/181/345 407/370/368
f 407/370/368 411/362/351 415/364/355
f 415/364/355 419/366/359 423/368/363
f 423/368/363 427/649/962 375/204/323
f 375/204/323 383/653/958 391/358/334
f 391/358/334 399/360/341 407/370/368
f 407/370/368 415/364/355 423/368/363
f 423/368/363 375/204/323 391/358/334
f 378/212/320 382/214/326 384/213/327
f 382/214/326 386/217/330 388/215/332
f 386/217/330 390/216/333 392/219/335
f 390/216/333 394/218/337 396/221/338
f 398/222/340 400/220/342 396/221/338
f 398/222/340 402/224/344 404/223/346
f 406/227/347 408/225/348 404/223/346
f 410/226/350 412/229/352 408/225/348
f 414/231/354 416/228/356 412/229/352
f 418/230/358 420/233/360 416/228/356
f 422/234/362 424/232/364 420/233/360
f 422/234/362 426/208/366 428/210/367
f 500/155/400 499/385/451 503/324/401
f 506/160/403 505/325/409 501/371/404
f 504/157/402 503/324/401 507/372/406
f 510/163/408 509/394/988 505/325/409
f 508/161/407 507/372/406 511/326/410
f 513/330/412 509/394/988 510/163/408
f 512/165/411 511/326/410 515/373/414
f 517/349/416 513/330/412 514/166/413
f 516/328/415 515/373/414 519/331/418
f 521/374/420 517/349/416 518/329/417
f 519/331/418 523/376/425 524/176/422
f 525/375/423 521/374/420 522/174/421
f 523/376/425 527/378/429 528/180/426
f 529/377/427 525/375/423 526/178/424
f 527/378/429 531/380/433 532/183/430
f 533/379/431 529/377/427 530/182/428
f 531/380/433 535/381/437 536/186/434
f 537/341/435 533/379/431 534/184/432
f 535/381/437 539/342/989 540/339/438
f 541/343/439 537/341/435 538/188/436
f 540/339/438 539/342/989 543/344/441
f 546/195/443 545/398/990 541/343/439
f 544/193/442 543/344/441 547/382/444
f 549/383/446 545/398/990 546/195/443
f 548/197/445 547/382/444 551/384/448
f 554/202/450 553/656/991 549/383/446
f 552/201/449 551/384/448 499/385/451
f 501/371/404 553/656/991 554/202/450
f 503/324/401 499/385/451 551/384/448
f 551/384/448 547/382/444 543/344/441
f 543/344/441 539/342/989 535/381/437
f 535/381/437 531/380/433 527/378/429
f 527/378/429 523/376/425 519/331/418
f 519/331/418 515/373/414 511/326/410
f 511/326/410 507/372/406 503/324/401
f 503/324/401 551/384/448 543/344/441
f 543/344/441 535/381/437 527/378/429
f 527/378/429 519/331/418 511/326/410
f 511/326/410 503/324/401 543/344/441
f 500/276/400 504/212/402 506/206/403
f 500/369/400 502/390/405 554/210/450
f 501/371/404 505/325/409 509/394/988
f 509/394/988 513/330/412 517/349/416
f 517/349/416 521/374/420 525/375/423
f 525/375/423 529/377/427 533/379/431
f 533/379/431 537/341/435 541/343/439
f 541/343/439 545/398/990 549/383/446
f 549/383/446 553/656/991 501/371/404
f 501/371/404 509/394/988 517/349/416
f 517/349/416 525/375/423 533/379/431
f 533/379/431 541/343/439 549/383/446
f 549/383/446 501/371/404 517/349/416
f 504/212/402 508/214/407 510/213/408
f 512/257/411 514/350/413 510/213/408
f 516/216/415 518/219/417 514/350/413
f 520/218/419 522/221/421 518/219/417
f 520/218/419 524/222/422 526/220/424
f 524/222/422 528/224/426 530/223/428
f 528/224/426 532/227/430 534/225/432
f 532/227/430 536/226/434 538/229/436
f 540/231/438 542/228/440 538/229/436
f 540/231/438 544/230/442 546/233/443
f 544/230/442 548/234/445 550/232/447
f 548/234/445 552/208/449 554/210/450
f 626/155/486 625/203/532 629/156/487
f 632/160/489 631/158/1009 627/204/490
f 630/157/488 629/156/487 633/164/492
f 635/162/494 631/158/1009 632/160/489
f 633/164/492 637/167/535 638/165/496
f 640/166/497 639/387/501 635/162/494
f 638/165/496 637/167/535 641/386/498
f 644/170/500 643/169/505 639/387/501
f 642/168/499 641/386/498 645/171/502
f 648/174/504 647/173/1010 643/169/505
f 645/171/502 649/175/509 650/176/506
f 651/177/507 647/173/1010 648/174/504
f 649/175/509 653/179/534 654/180/510
f 656/182/511 655/181/1011 651/177/507
f 654/180/510 653/179/534 657/185/512
f 659/211/514 655/181/1011 656/182/511
f 658/183/513 657/185/512 661/189/516
f 664/188/518 663/187/521 659/211/514
f 661/189/516 665/192/522 666/190/519
f 668/191/520 667/364/1012 663/187/521
f 665/192/522 669/196/533 670/193/523
f 671/194/524 667/364/1012 668/191/520
f 670/193/523 669/196/533 673/367/526
f 675/198/528 671/194/524 672/195/525
f 673/367/526 677/200/1013 678/201/530
f 680/202/531 679/649/1014 675/198/528
f 678/201/530 677/200/1013 625/203/532
f 627/204/490 679/649/1014 680/202/531
f 629/156/487 625/203/532 677/200/1013
f 677/200/1013 673/367/526 669/196/533
f 669/196/533 665/192/522 661/189/516
f 661/189/516 657/185/512 653/179/534
f 653/179/534 649/175/509 645/171/502
f 645/171/502 641/386/498 637/167/535
f 637/167/535 633/164/492 629/156/487
f 629/156/487 677/200/1013 669/196/533
f 669/196/533 661/189/516 653/179/534
f 653/179/534 645/171/502 637/167/535
f 637/167/535 629/156/487 669/196/533
f 630/388/488 632/206/489 628/389/491
f 678/208/530 626/657/486 628/390/491
f 627/204/490 631/158/1009 635/162/494
f 635/162/494 639/387/501 643/169/505
f 643/169/505 647/173/1010 651/177/507
f 651/177/507 655/181/1011 659/211/514
f 659/211/514 663/187/521 667/364/1012
f 667/364/1012 671/194/524 675/198/528
f 675/198/528 679/649/1014 627/204/490
f 627/204/490 635/162/494 643/169/505
f 643/169/505 651/177/507 659/211/514
f 659/211/514 667/364/1012 675/198/528
f 675/198/528 627/204/490 643/169/505
f 630/388/488 634/214/493 636/213/495
f 634/214/493 638/217/496 640/350/497
f 642/216/499 644/219/500 640/350/497
f 642/216/499 646/218/503 648/221/504
f 646/218/503 650/222/506 652/220/508
f 650/222/506 654/392/510 656/391/511
f 654/392/510 658/393/513 660/225/515
f 658/393/513 662/226/517 664/229/518
f 666/231/519 668/228/520 664/229/518
f 670/230/523 672/233/525 668/228/520
f 674/234/527 676/232/529 672/233/525
f 678/208/530 680/210/531 676/232/529
f 752/155/556 751/322/1035 755/324/557
f 757/325/559 753/323/1036 754/159/560
f 756/157/558 755/324/557 759/372/562
f 761/394/564 757/325/559 758/160/561
f 759/372/562 763/326/606 764/165/566
f 765/330/567 761/394/564 762/163/565
f 764/165/566 763/326/606 767/373/569
f 770/329/571 769/402/607 765/330/567
f 767/373/569 771/658/1037 772/172/572
f 773/395/573 769/402/607 770/329/571
f 772/172/572 771/658/1037 775/333/575
f 778/178/577 777/334/581 773/395/573
f 776/176/576 775/333/575 779/348/578
f 782/182/580 781/335/1038 777/334/581
f 780/180/579 779/348/578 783/336/582
f 785/337/584 781/335/1038 782/182/580
f 784/183/583 783/336/582 787/338/586
f 789/396/588 785/337/584 786/184/585
f 788/186/587 787/338/586 791/342/590
f 793/397/592 789/396/588 790/188/589
f 791/342/590 795/399/597 796/193/594
f 797/398/595 793/397/592 794/340/593
f 795/399/597 799/401/601 800/197/598
f 801/400/599 797/398/595 798/195/596
f 799/401/601 803/346/605 804/201/602
f 805/347/603 801/400/599 802/199/600
f 803/346/605 751/322/1035 752/155/556
f 754/159/560 753/323/1036 805/347/603
f 755/324/557 751/322/1035 803/346/605
f 803/346/605 799/401/601 795/399/597
f 795/399/597 791/342/590 787/338/586
f 787/338/586 783/336/582 779/348/578
f 779/348/578 775/333/575 771/658/1037
f 771/658/1037 767/373/569 763/326/606
f 763/326/606 759/372/562 755/324/557
f 755/324/557 803/346/605 795/399/597
f 795/399/597 787/338/586 779/348/578
f 779/348/578 771/658/1037 763/326/606
f 763/326/606 755/324/557 795/399/597
f 756/212/558 758/206/561 754/207/560
f 752/369/556 754/209/560 806/210/604
f 753/323/1036 757/325/559 761/394/564
f 761/394/564 765/330/567 769/402/607
f 769/402/607 773/395/573 777/334/581
f 777/334/581 781/335/1038 785/337/584
f 785/337/584 789/396/588 793/397/592
f 793/397/592 797/398/595 801/400/599
f 801/400/599 805/347/603 753/323/1036
f 753/323/1036 761/394/564 769/402/607
f 769/402/607 777/334/581 785/337/584
f 785/337/584 793/397/592 801/400/599
f 801/400/599 753/323/1036 769/402/607
f 760/214/563 762/213/565 758/206/561
f 764/257/566 766/215/568 762/213/565
f 768/216/570 770/219/571 766/215/568
f 768/216/570 772/218/572 774/221/574
f 772/218/572 776/222/576 778/220/577
f 780/224/579 782/223/580 778/220/577
f 784/227/583 786/225/585 782/223/580
f 784/227/583 788/226/587 790/229/589
f 788/226/587 792/231/591 794/228/593
f 796/230/594 798/233/596 794/228/593
f 796/230/594 800/234/598 802/232/600
f 804/208/602 806/210/604 802/232/600
f 879/404/611 877/403/610 883/409/616
f 886/412/619 880/406/613 881/408/615
f 879/451/611 881/659/615 882/452/614
f 888/454/620 884/475/618 885/455/617
f 883/409/616 889/415/622 890/417/624
f 892/418/625 886/412/619 887/414/621
f 894/457/626 890/478/624 891/458/623
f 889/415/622 895/421/628 896/423/630
f 900/425/632 898/424/631 892/418/625
f 900/460/632 896/479/630 897/461/629
f 897/422/629 895/421/628 901/427/634
f 904/430/637 898/424/631 899/426/633
f 906/463/638 902/480/636 903/464/635
f 903/428/635 901/427/634 907/433/640
f 910/436/643 904/430/637 905/432/639
f 912/466/644 908/481/642 909/467/641
f 907/433/640 913/439/646 914/441/648
f 918/443/650 916/442/649 910/436/643
f 918/469/650 914/482/648 915/470/647
f 915/440/647 913/439/646 919/445/652
f 922/448/655 916/442/649 917/444/651
f 924/472/656 920/483/654 921/473/653
f 921/446/653 919/445/652 877/403/610
f 880/406/613 922/448/655 923/450/657
f 883/409/616 877/403/610 919/445/652
f 919/445/652 913/439/646 907/433/640
f 907/433/640 901/427/634 895/421/628
f 895/421/628 889/415/622 883/409/616
f 883/409/616 919/445/652 907/433/640
f 884/475/618 888/454/620 881/476/615
f 878/453/612 882/452/614 923/474/657
f 880/406/613 886/412/619 892/418/625
f 892/418/625 898/424/631 904/430/637
f 904/430/637 910/436/643 916/442/649
f 916/442/649 922/448/655 880/406/613
f 880/406/613 892/418/625 904/430/637
f 890/478/624 894/457/626 887/456/621
f 896/479/630 900/460/632 893/459/627
f 902/480/636 906/463/638 899/462/633
f 908/481/642 912/466/644 905/465/639
f 914/482/648 918/469/650 911/468/645
f 920/483/654 924/472/656 917/471/651
f 1021/403/707 1027/409/712 1028/411/713
f 1032/413/692 1030/412/691 1024/406/709
f 1023/451/708 1025/659/711 1026/452/710
f 1032/454/692 1028/475/713 1029/455/617
f 1027/409/712 1033/415/622 1034/417/624
f 1036/418/667 1030/412/691 1031/414/621
f 1038/457/626 1034/478/624 1035/458/623
f 1035/416/623 1033/415/622 1039/421/628
f 1042/424/715 1036/418/667 1037/420/627
f 1044/460/632 1040/479/630 1041/461/714
f 1039/421/628 1045/427/634 1046/429/718
f 1050/431/720 1048/430/719 1042/424/715
f 1050/463/720 1046/480/718 1047/464/717
f 1045/427/634 1051/433/722 1052/435/723
f 1054/436/643 1048/430/719 1049/432/721
f 1056/466/644 1052/481/723 1053/467/641
f 1051/433/722 1057/439/646 1058/441/648
f 1062/443/650 1060/442/649 1054/436/643
f 1062/469/650 1058/482/648 1059/470/647
f 1057/439/646 1063/445/704 1064/447/654
f 1068/449/656 1066/448/724 1060/442/649
f 1068/472/656 1064/483/654 1065/473/705
f 1065/446/705 1063/445/704 1021/403/707
f 1024/406/709 1066/448/724 1067/450/725
f 1027/409/712 1021/403/707 1063/445/704
f 1063/445/704 1057/439/646 1051/433/722
f 1051/433/722 1045/427/634 1039/421/628
f 1039/421/628 1033/415/622 1027/409/712
f 1027/409/712 1063/445/704 1051/433/722
f 1028/475/713 1032/454/692 1025/476/711
f 1022/453/612 1026/452/710 1067/474/725
f 1024/406/709 1030/412/691 1036/418/667
f 1036/418/667 1042/424/715 1048/430/719
f 1048/430/719 1054/436/643 1060/442/649
f 1060/442/649 1066/448/724 1024/406/709
f 1024/406/709 1036/418/667 1048/430/719
f 1034/478/624 1038/457/626 1031/456/621
f 1040/479/630 1044/460/632 1037/459/627
f 1046/480/718 1050/463/720 1043/462/716
f 1052/481/723 1056/466/644 1049/465/721
f 1058/482/648 1062/469/650 1055/468/645
f 1064/483/654 1068/472/656 1061/471/651
f 1165/403/610 1171/409/740 1172/411/741
f 1174/412/742 1168/406/738 1169/408/739
f 1167/451/708 1169/659/739 1170/452/688
f 1176/454/620 1172/475/741 1173/455/617
f 1171/409/740 1177/415/622 1178/417/624
f 1182/419/626 1180/418/667 1174/412/742
f 1182/457/626 1178/478/624 1179/458/623
f 1179/416/623 1177/415/622 1183/421/735
f 1186/424/729 1180/418/667 1181/420/627
f 1188/460/632 1184/479/630 1185/461/694
f 1183/421/735 1189/427/743 1190/429/718
f 1194/431/699 1192/430/744 1186/424/729
f 1194/463/699 1190/480/718 1191/464/635
f 1191/428/635 1189/427/743 1195/433/700
f 1198/436/702 1192/430/744 1193/432/721
f 1200/466/703 1196/481/701 1197/467/641
f 1195/433/700 1201/439/646 1202/441/648
f 1206/443/650 1204/442/649 1198/436/702
f 1206/469/650 1202/482/648 1203/470/647
f 1201/439/646 1207/445/652 1208/447/746
f 1212/449/656 1210/448/655 1204/442/649
f 1212/472/656 1208/483/746 1209/473/745
f 1207/445/652 1165/403/610 1166/405/737
f 1170/407/688 1168/406/738 1210/448/655
f 1171/409/740 1165/403/610 1207/445/652
f 1207/445/652 1201/439/646 1195/433/700
f 1195/433/700 1189/427/743 1183/421/735
f 1183/421/735 1177/415/622 1171/409/740
f 1171/409/740 1207/445/652 1195/433/700
f 1172/475/741 1176/454/620 1169/476/739
f 1166/453/737 1170/452/688 1211/474/747
f 1168/406/738 1174/412/742 1180/418/667
f 1180/418/667 1186/424/729 1192/430/744
f 1192/430/744 1198/436/702 1204/442/649
f 1204/442/649 1210/448/655 1168/406/738
f 1168/406/738 1180/418/667 1192/430/744
f 1178/478/624 1182/457/626 1175/456/621
f 1184/479/630 1188/460/632 1181/459/627
f 1190/480/718 1194/463/699 1187/462/696
f 1196/481/701 1200/466/703 1193/465/721
f 1202/482/648 1206/469/650 1199/468/645
f 1208/483/746 1212/472/656 1205/471/651
f 1311/404/687 1309/403/658 1315/409/616
f 1318/412/767 1312/406/660 1313/408/765
f 1311/451/687 1313/659/765 1314/452/688
f 1320/454/768 1316/475/663 1317/455/766
f 1317/410/766 1315/409/616 1321/415/622
f 1324/418/667 1318/412/767 1319/414/621
f 1326/457/626 1322/478/624 1323/458/623
f 1321/415/622 1327/421/769 1328/423/630
f 1332/425/771 1330/424/715 1324/418/667
f 1332/460/771 1328/479/630 1329/461/770
f 1327/421/769 1333/427/743 1334/429/772
f 1338/431/720 1336/430/744 1330/424/715
f 1338/463/720 1334/480/772 1335/464/759
f 1335/428/759 1333/427/743 1339/433/736
f 1342/436/702 1336/430/744 1337/432/773
f 1344/466/775 1340/481/701 1341/467/774
f 1339/433/736 1345/439/646 1346/441/648
f 1350/443/777 1348/442/649 1342/436/702
f 1350/469/777 1346/482/648 1347/470/647
f 1345/439/646 1351/445/778 1352/447/654
f 1354/448/685 1348/442/649 1349/444/651
f 1356/472/780 1352/483/654 1353/473/779
f 1351/445/778 1309/403/658 1310/405/764
f 1314/407/688 1312/406/660 1354/448/685
f 1315/409/616 1309/403/658 1351/445/778
f 1351/445/778 1345/439/646 1339/433/736
f 1339/433/736 1333/427/743 1327/421/769
f 1327/421/769 1321/415/622 1315/409/616
f 1315/409/616 1351/445/778 1339/433/736
f 1316/475/663 1320/454/768 1313/476/765
f 1310/453/764 1314/452/688 1355/474/686
f 1312/406/660 1318/412/767 1324/418/667
f 1324/418/667 1330/424/715 1336/430/744
f 1336/430/744 1342/436/702 1348/442/649
f 1348/442/649 1354/448/685 1312/406/660
f 1312/406/660 1324/418/667 1336/430/744
f 1322/478/624 1326/457/626 1319/456/621
f 1328/479/630 1332/460/771 1325/459/627
f 1334/480/772 1338/463/720 1331/462/696
f 1340/481/701 1344/466/775 1337/465/773
f 1346/482/648 1350/469/777 1343/468/776
f 1352/483/654 1356/472/780 1349/471/651
f 1455/404/611 1453/403/610 1459/409/662
f 1462/412/801 1456/406/613 1457/408/798
f 1455/451/611 1457/659/798 1458/452/661
f 1464/454/768 1460/475/800 1461/455/799
f 1459/409/662 1465/415/622 1466/417/624
f 1470/419/791 1468/418/667 1462/412/801
f 1470/457/791 1466/478/624 1467/458/790
f 1467/416/790 1465/415/622 1471/421/735
f 1474/424/729 1468/418/667 1469/420/627
f 1476/460/805 1472/479/804 1473/461/803
f 1471/421/735 1477/427/697 1478/429/806
f 1482/431/638 1480/430/731 1474/424/729
f 1482/463/638 1478/480/806 1479/464/635
f 1477/427/697 1483/433/700 1484/435/785
f 1486/436/702 1480/430/731 1481/432/807
f 1488/466/809 1484/481/785 1485/467/808
f 1483/433/700 1489/439/646 1490/441/648
f 1494/443/777 1492/442/649 1486/436/702
f 1494/469/777 1490/482/648 1491/470/794
f 1491/440/794 1489/439/646 1495/445/795
f 1498/448/685 1492/442/649 1493/444/651
f 1500/472/811 1496/483/810 1497/473/779
f 1495/445/795 1453/403/610 1454/405/797
f 1458/407/661 1456/406/613 1498/448/685
f 1459/409/662 1453/403/610 1495/445/795
f 1495/445/795 1489/439/646 1483/433/700
f 1483/433/700 1477/427/697 1471/421/735
f 1471/421/735 1465/415/622 1459/409/662
f 1459/409/662 1495/445/795 1483/433/700
f 1460/475/800 1464/454/768 1457/476/798
f 1454/453/797 1458/452/661 1499/474/812
f 1456/406/613 1462/412/801 1468/418/667
f 1468/418/667 1474/424/729 1480/430/731
f 1480/430/731 1486/436/702 1492/442/649
f 1492/442/649 1498/448/685 1456/406/613
f 1456/406/613 1468/418/667 1480/430/731
f 1466/478/624 1470/457/791 1463/456/802
f 1472/479/804 1476/460/805 1469/459/627
f 1478/480/806 1482/463/638 1475/462/696
f 1484/481/785 1488/466/809 1481/465/807
f 1490/482/648 1494/469/777 1487/468/776
f 1496/483/810 1500/472/811 1493/471/651
f 1599/404/824 1597/403/823 1603/409/829
f 1606/412/801 1600/406/826 1601/408/828
f 1599/451/824 1601/659/828 1602/452/827
f 1608/454/830 1604/475/663 1605/455/766
f 1603/409/829 1609/415/622 1610/417/624
f 1614/419/791 1612/418/667 1606/412/801
f 1614/457/791 1610/478/624 1611/458/623
f 1609/415/622 1615/421/693 1616/423/832
f 1620/425/632 1618/424/695 1612/418/667
f 1620/460/632 1616/479/832 1617/461/831
f 1615/421/693 1621/427/834 1622/429/836
f 1626/431/838 1624/430/837 1618/424/695
f 1626/463/838 1622/480/836 1623/464/835
f 1623/428/835 1621/427/834 1627/433/840
f 1630/436/732 1624/430/837 1625/432/839
f 1632/466/842 1628/481/841 1629/467/641
f 1629/434/641 1627/433/840 1633/439/646
f 1636/442/649 1630/436/732 1631/438/843
f 1638/469/650 1634/482/648 1635/470/794
f 1635/440/794 1633/439/646 1639/445/795
f 1642/448/796 1636/442/649 1637/444/651
f 1644/472/844 1640/483/654 1641/473/822
f 1639/445/795 1597/403/823 1598/405/825
f 1602/407/827 1600/406/826 1642/448/796
f 1603/409/829 1597/403/823 1639/445/795
f 1639/445/795 1633/439/646 1627/433/840
f 1627/433/840 1621/427/834 1615/421/693
f 1615/421/693 1609/415/622 1603/409/829
f 1603/409/829 1639/445/795 1627/433/840
f 1604/475/663 1608/454/830 1601/476/828
f 1598/453/825 1602/452/827 1643/474/686
f 1600/406/826 1606/412/801 1612/418/667
f 1612/418/667 1618/424/695 1624/430/837
f 1624/430/837 1630/436/732 1636/442/649
f 1636/442/649 1642/448/796 1600/406/826
f 1600/406/826 1612/418/667 1624/430/837
f 1610/478/624 1614/457/791 1607/456/621
f 1616/479/832 1620/460/632 1613/459/627
f 1622/480/836 1626/463/838 1619/462/833
f 1628/481/841 1632/466/842 1625/465/839
f 1634/482/648 1638/469/650 1631/468/843
f 1640/483/654 1644/472/844 1637/471/651
f 1741/403/707 1747/409/857 1748/411/800
f 1752/413/830 1750/412/859 1744/406/709
f 1743/451/845 1745/659/856 1746/452/846
f 1752/454/830 1748/475/800 1749/455/858
f 1747/409/857 1753/415/622 1754/417/624
f 1758/419/626 1756/418/667 1750/412/859
f 1758/457/626 1754/478/624 1755/458/623
f 1753/415/622 1759/421/861 1760/423/863
f 1764/425/865 1762/424/864 1756/418/667
f 1764/460/865 1760/479/863 1761/461/862
f 1759/421/861 1765/427/673 1766/429/868
f 1770/431/869 1768/430/731 1762/424/864
f 1770/463/869 1766/480/868 1767/464/867
f 1767/428/867 1765/427/673 1771/433/871
f 1774/436/874 1768/430/731 1769/432/870
f 1776/466/875 1772/481/873 1773/467/872
f 1771/433/871 1777/439/646 1778/441/648
f 1782/443/650 1780/442/649 1774/436/874
f 1782/469/650 1778/482/648 1779/470/647
f 1779/440/647 1777/439/646 1783/445/877
f 1786/448/880 1780/442/649 1781/444/651
f 1788/472/881 1784/483/879 1785/473/878
f 1783/445/877 1741/403/707 1742/405/855
f 1746/407/846 1744/406/709 1786/448/880
f 1747/409/857 1741/403/707 1783/445/877
f 1783/445/877 1777/439/646 1771/433/871
f 1771/433/871 1765/427/673 1759/421/861
f 1759/421/861 1753/415/622 1747/409/857
f 1747/409/857 1783/445/877 1771/433/871
f 1748/475/800 1752/454/830 1745/476/856
f 1742/453/855 1746/452/846 1787/474/882
f 1744/406/709 1750/412/859 1756/418/667
f 1756/418/667 1762/424/864 1768/430/731
f 1768/430/731 1774/436/874 1780/442/649
f 1780/442/649 1786/448/880 1744/406/709
f 1744/406/709 1756/418/667 1768/430/731
f 1754/478/624 1758/457/626 1751/456/860
f 1760/479/863 1764/460/865 1757/459/627
f 1766/480/868 1770/463/869 1763/462/866
f 1772/481/873 1776/466/875 1769/465/870
f 1778/482/648 1782/469/650 1775/468/876
f 1784/483/879 1788/472/881 1781/471/651
f 1887/404/611 1885/403/610 1891/409/689
f 1894/412/813 1888/406/613 1889/408/615
f 1887/451/611 1889/659/615 1890/452/661
f 1896/454/756 1892/475/755 1893/455/891
f 1891/409/689 1897/415/622 1898/417/624
f 1902/419/626 1900/418/667 1894/412/813
f 1902/457/626 1898/478/624 1899/458/623
f 1897/415/622 1903/421/668 1904/423/670
f 1908/425/750 1906/424/671 1900/418/667
f 1908/460/750 1904/479/670 1905/461/748
f 1903/421/668 1909/427/743 1910/429/718
f 1914/431/720 1912/430/744 1906/424/671
f 1914/463/720 1910/480/718 1911/464/894
f 1909/427/743 1915/433/676 1916/435/760
f 1920/437/752 1918/436/896 1912/430/744
f 1920/466/752 1916/481/760 1917/467/751
f 1915/433/676 1921/439/646 1922/441/648
f 1926/443/650 1924/442/649 1918/436/896
f 1926/469/650 1922/482/648 1923/470/647
f 1923/440/647 1921/439/646 1927/445/897
f 1930/448/724 1924/442/649 1925/444/651
f 1932/472/899 1928/483/898 1929/473/761
f 1927/445/897 1885/403/610 1886/405/659
f 1890/407/661 1888/406/613 1930/448/724
f 1891/409/689 1885/403/610 1927/445/897
f 1927/445/897 1921/439/646 1915/433/676
f 1915/433/676 1909/427/743 1903/421/668
f 1903/421/668 1897/415/622 1891/409/689
f 1891/409/689 1927/445/897 1915/433/676
f 1892/475/755 1896/454/756 1889/476/615
f 1886/453/659 1890/452/661 1931/474/763
f 1888/406/613 1894/412/813 1900/418/667
f 1900/418/667 1906/424/671 1912/430/744
f 1912/430/744 1918/436/896 1924/442/649
f 1924/442/649 1930/448/724 1888/406/613
f 1888/406/613 1900/418/667 1912/430/744
f 1898/478/624 1902/457/626 1895/456/892
f 1904/479/670 1908/460/750 1901/459/893
f 1910/480/718 1914/463/720 1907/462/758
f 1916/481/760 1920/466/752 1913/465/895
f 1922/482/648 1926/469/650 1919/468/680
f 1928/483/898 1932/472/899 1925/471/651
f 2029/403/658 2035/409/712 2036/411/755
f 2040/413/756 2038/412/813 2032/406/660
f 2031/451/687 2033/659/739 2034/452/688
f 2040/454/756 2036/475/755 2037/455/727
f 2037/410/727 2035/409/712 2041/415/622
f 2044/418/667 2038/412/813 2039/414/666
f 2046/457/626 2042/478/918 2043/458/623
f 2041/415/622 2047/421/668 2048/423/670
f 2050/424/671 2044/418/667 2045/420/627
f 2052/460/730 2048/479/670 2049/461/748
f 2049/422/748 2047/421/668 2053/427/634
f 2056/430/637 2050/424/671 2051/426/758
f 2058/463/699 2054/480/698 2055/464/635
f 2053/427/634 2059/433/676 2060/435/760
f 2064/437/752 2062/436/896 2056/430/637
f 2064/466/752 2060/481/760 2061/467/908
f 2059/433/676 2065/439/646 2066/441/648
f 2070/443/650 2068/442/649 2062/436/896
f 2070/469/650 2066/482/648 2067/470/647
f 2067/440/647 2065/439/646 2071/445/897
f 2074/448/762 2068/442/649 2069/444/651
f 2076/472/734 2072/483/684 2073/473/761
f 2073/446/761 2071/445/897 2029/403/658
f 2032/406/660 2074/448/762 2075/450/763
f 2035/409/712 2029/403/658 2071/445/897
f 2071/445/897 2065/439/646 2059/433/676
f 2059/433/676 2053/427/634 2047/421/668
f 2047/421/668 2041/415/622 2035/409/712
f 2035/409/712 2071/445/897 2059/433/676
f 2036/475/755 2040/454/756 2033/476/739
f 2030/453/737 2034/452/688 2075/474/763
f 2032/406/660 2038/412/813 2044/418/667
f 2044/418/667 2050/424/671 2056/430/637
f 2056/430/637 2062/436/896 2068/442/649
f 2068/442/649 2074/448/762 2032/406/660
f 2032/406/660 2044/418/667 2056/430/637
f 2042/478/918 2046/457/626 2039/456/666
f 2048/479/670 2052/460/730 2045/459/627
f 2054/480/698 2058/463/699 2051/462/758
f 2060/481/760 2064/466/752 2057/465/639
f 2066/482/648 2070/469/650 2063/468/817
f 2072/483/684 2076/472/734 2069/471/651
s 0
usemtl Cream
f 177/235/174 183/236/174 182/237/174
f 178/238/175 184/239/175 183/236/175
f 180/240/176 184/241/176 179/242/176
f 180/240/177 186/243/177 185/244/177
f 177/235/178 186/243/178 181/245/178
f 183/236/179 187/246/179 182/237/179
f 183/236/180 189/247/180 188/248/180
f 185/244/181 189/249/181 184/241/181
f 186/243/182 190/250/182 185/244/182
f 186/243/183 187/246/183 191/251/183
f 188/248/184 192/252/184 187/246/184
f 189/247/185 193/253/185 188/248/185
f 190/250/186 194/254/186 189/249/186
f 191/251/187 195/255/187 190/250/187
f 187/246/188 196/256/188 191/251/188
f 193/253/189 197/257/189 192/252/189
f 194/258/190 198/259/190 193/253/190
f 195/255/21 199/260/21 194/254/21
f 196/256/191 200/261/191 195/255/191
f 192/252/192 201/262/192 196/256/192
f 197/257/193 203/263/193 202/264/193
f 199/265/194 203/263/194 198/259/194
f 200/261/195 204/266/195 199/260/195
f 200/261/196 206/267/196 205/268/196
f 201/262/197 202/264/197 206/267/197
f 202/264/198 208/269/198 207/270/198
f 204/271/199 208/269/199 203/263/199
f 205/268/200 209/272/200 204/266/200
f 205/268/201 211/273/201 210/274/201
f 206/267/202 207/270/202 211/273/202
f 207/270/203 213/275/203 212/276/203
f 209/277/204 213/275/204 208/269/204
f 210/274/205 214/278/205 209/272/205
f 210/274/206 216/279/206 215/280/206
f 207/270/207 216/279/207 211/273/207
f 213/281/208 217/282/208 212/283/208
f 213/281/209 219/284/209 218/285/209
f 215/286/210 219/287/210 214/288/210
f 216/289/211 220/290/211 215/286/211
f 216/289/212 217/282/212 221/291/212
f 217/282/213 223/292/213 222/293/213
f 218/285/214 224/294/214 223/292/214
f 220/290/215 224/295/215 219/287/215
f 221/291/216 225/296/216 220/290/216
f 217/282/217 226/297/217 221/291/217
f 222/293/218 228/298/218 227/299/218
f 223/292/219 229/300/219 228/298/219
f 225/296/220 229/301/220 224/295/220
f 226/297/221 230/302/221 225/296/221
f 222/293/222 231/303/222 226/297/222
f 228/298/223 232/304/223 227/299/223
f 229/300/224 233/305/224 228/298/224
f 230/302/24 234/306/24 229/301/24
f 231/303/225 235/307/225 230/302/225
f 227/299/226 236/308/226 231/303/226
f 233/305/227 237/309/227 232/304/227
f 234/310/228 238/311/228 233/305/228
f 235/307/229 239/312/229 234/306/229
f 235/307/230 241/313/230 240/314/230
f 236/308/231 237/309/231 241/313/231
f 237/309/232 243/315/232 242/316/232
f 239/317/233 243/315/233 238/311/233
f 240/314/234 244/318/234 239/312/234
f 240/314/235 246/319/235 245/320/235
f 237/309/236 246/319/236 241/313/236
f 243/315/237 177/235/237 242/316/237
f 244/321/238 178/238/238 243/315/238
f 245/320/239 179/242/239 244/318/239
f 246/319/240 180/240/240 245/320/240
f 246/319/241 177/235/241 181/245/241
f 303/235/174 309/236/174 308/237/174
f 305/351/175 309/236/175 304/238/175
f 306/240/176 310/241/176 305/242/176
f 307/245/294 311/244/294 306/240/294
f 307/245/295 308/237/295 312/243/295
f 308/237/179 314/248/179 313/246/179
f 310/239/296 314/248/296 309/236/296
f 311/244/297 315/249/297 310/241/297
f 311/244/182 317/251/182 316/250/182
f 308/237/183 317/251/183 312/243/183
f 313/246/184 319/253/184 318/252/184
f 315/247/298 319/253/298 314/248/298
f 316/250/186 320/254/186 315/249/186
f 316/250/187 322/256/187 321/255/187
f 317/251/299 318/252/299 322/256/299
f 319/253/189 323/257/189 318/252/189
f 320/258/190 324/259/190 319/253/190
f 321/255/21 325/260/21 320/254/21
f 322/256/300 326/261/300 321/255/300
f 318/252/192 327/262/192 322/256/192
f 324/259/193 328/264/193 323/257/193
f 324/259/194 330/271/194 329/263/194
f 326/261/195 330/266/195 325/260/195
f 327/262/196 331/268/196 326/261/196
f 327/262/301 328/264/301 332/267/301
f 328/264/198 334/269/198 333/270/198
f 330/271/302 334/269/302 329/263/302
f 331/268/303 335/272/303 330/266/303
f 331/268/201 337/273/201 336/274/201
f 332/267/202 333/270/202 337/273/202
f 334/269/203 338/276/203 333/270/203
f 334/269/304 340/352/304 339/275/304
f 336/274/205 340/278/205 335/272/205
f 336/274/206 342/279/206 341/280/206
f 333/270/305 342/279/305 337/273/305
f 339/281/208 343/282/208 338/283/208
f 340/353/209 344/285/209 339/281/209
f 341/286/210 345/287/210 340/288/210
f 342/289/211 346/290/211 341/286/211
f 342/289/306 343/282/306 347/291/306
f 343/282/213 349/292/213 348/293/213
f 344/285/307 350/294/307 349/292/307
f 346/290/308 350/295/308 345/287/308
f 347/291/216 351/296/216 346/290/216
f 347/291/217 348/293/217 352/297/217
f 348/293/218 354/298/218 353/299/218
f 349/292/309 355/300/309 354/298/309
f 351/296/220 355/301/220 350/295/220
f 351/296/221 357/303/221 356/302/221
f 348/293/310 357/303/310 352/297/310
f 354/298/223 358/304/223 353/299/223
f 355/300/224 359/305/224 354/298/224
f 356/302/24 360/306/24 355/301/24
f 357/303/311 361/307/311 356/302/311
f 353/299/226 362/308/226 357/303/226
f 358/304/227 364/311/227 363/309/227
f 360/310/312 364/311/312 359/305/312
f 361/307/229 365/312/229 360/306/229
f 361/307/230 367/313/230 366/314/230
f 358/304/313 367/313/313 362/308/313
f 364/311/232 368/316/232 363/309/232
f 364/311/314 370/321/314 369/315/314
f 366/314/234 370/318/234 365/312/234
f 367/313/315 371/320/315 366/314/315
f 363/309/236 372/319/236 367/313/236
f 368/316/237 304/238/237 303/235/237
f 369/315/316 305/351/316 304/238/316
f 371/320/239 305/242/239 370/318/239
f 372/319/317 306/240/317 371/320/317
f 368/316/318 307/245/318 372/319/318
f 429/235/174 435/236/174 434/237/174
f 430/238/175 436/239/175 435/236/175
f 432/240/176 436/241/176 431/242/176
f 433/245/294 437/244/294 432/240/294
f 433/245/369 434/237/369 438/243/369
f 435/236/370 439/246/370 434/237/370
f 435/236/180 441/247/180 440/248/180
f 437/244/297 441/249/297 436/241/297
f 438/243/182 442/250/182 437/244/182
f 438/243/371 439/246/371 443/251/371
f 440/248/372 444/252/372 439/246/372
f 440/248/185 446/258/185 445/253/185
f 442/250/186 446/254/186 441/249/186
f 443/251/373 447/255/373 442/250/373
f 443/251/299 444/252/299 448/256/299
f 445/253/374 449/257/374 444/252/374
f 446/258/375 450/259/375 445/253/375
f 447/255/21 451/260/21 446/254/21
f 448/256/191 452/261/191 447/255/191
f 444/252/192 453/262/192 448/256/192
f 449/257/376 455/263/376 454/264/376
f 450/259/194 456/271/194 455/263/194
f 452/261/195 456/266/195 451/260/195
f 453/262/377 457/268/377 452/261/377
f 449/257/378 458/267/378 453/262/378
f 454/264/379 460/269/379 459/270/379
f 456/271/380 460/269/380 455/263/380
f 457/268/303 461/272/303 456/266/303
f 457/268/381 463/273/381 462/274/381
f 454/264/382 463/273/382 458/267/382
f 460/269/383 464/276/383 459/270/383
f 461/277/204 465/275/204 460/269/204
f 462/274/205 466/278/205 461/272/205
f 462/274/206 468/279/206 467/280/206
f 459/270/384 468/279/384 463/273/384
f 464/283/385 470/285/385 469/282/385
f 465/281/209 471/284/209 470/285/209
f 467/286/210 471/287/210 466/288/210
f 468/289/211 472/290/211 467/286/211
f 468/289/386 469/282/386 473/291/386
f 470/285/387 474/293/387 469/282/387
f 470/285/214 476/294/214 475/292/214
f 472/290/308 476/295/308 471/287/308
f 473/291/388 477/296/388 472/290/388
f 473/291/389 474/293/389 478/297/389
f 475/292/390 479/299/390 474/293/390
f 476/294/219 480/298/219 475/292/219
f 477/296/220 481/301/220 476/295/220
f 477/296/221 483/303/221 482/302/221
f 478/297/310 479/299/310 483/303/310
f 480/298/391 484/304/391 479/299/391
f 481/300/392 485/305/392 480/298/392
f 482/302/24 486/306/24 481/301/24
f 483/303/225 487/307/225 482/302/225
f 479/299/226 488/308/226 483/303/226
f 484/304/393 490/311/393 489/309/393
f 485/305/228 491/317/228 490/311/228
f 487/307/229 491/312/229 486/306/229
f 488/308/230 492/314/230 487/307/230
f 484/304/394 493/313/394 488/308/394
f 489/309/395 495/315/395 494/316/395
f 490/311/233 496/321/233 495/315/233
f 492/314/396 496/318/396 491/312/396
f 493/313/397 497/320/397 492/314/397
f 489/309/398 498/319/398 493/313/398
f 495/315/237 429/235/237 494/316/237
f 496/321/238 430/238/238 495/315/238
f 497/320/239 431/242/239 496/318/239
f 497/320/317 433/245/317 432/240/317
f 494/316/399 433/245/399 498/319/399
f 555/235/174 561/236/174 560/237/174
f 557/351/452 561/236/452 556/238/452
f 558/240/453 562/241/453 557/242/453
f 559/245/177 563/244/177 558/240/177
f 559/245/295 560/237/295 564/243/295
f 561/236/454 565/246/454 560/237/454
f 562/239/455 566/248/455 561/236/455
f 563/244/181 567/249/181 562/241/181
f 563/244/182 569/251/182 568/250/182
f 560/237/183 569/251/183 564/243/183
f 565/246/456 571/253/456 570/252/456
f 567/247/457 571/253/457 566/248/457
f 568/250/186 572/254/186 567/249/186
f 568/250/187 574/256/187 573/255/187
f 569/251/458 570/252/458 574/256/458
f 571/253/459 575/257/459 570/252/459
f 572/258/190 576/259/190 571/253/190
f 573/255/21 577/260/21 572/254/21
f 574/256/460 578/261/460 573/255/460
f 570/252/192 579/262/192 574/256/192
f 576/259/193 580/264/193 575/257/193
f 576/259/461 582/271/461 581/263/461
f 578/261/195 582/266/195 577/260/195
f 579/262/196 583/268/196 578/261/196
f 579/262/462 580/264/462 584/267/462
f 580/264/463 586/269/463 585/270/463
f 582/271/464 586/269/464 581/263/464
f 583/268/200 587/272/200 582/266/200
f 584/267/201 588/274/201 583/268/201
f 584/267/465 585/270/465 589/273/465
f 585/270/466 591/275/466 590/276/466
f 587/277/304 591/275/304 586/269/304
f 588/274/467 592/278/467 587/272/467
f 589/273/468 593/280/468 588/274/468
f 589/273/469 590/276/469 594/279/469
f 590/283/208 596/285/208 595/282/208
f 592/353/470 596/285/470 591/281/470
f 593/286/471 597/287/471 592/288/471
f 593/286/472 599/291/472 598/290/472
f 590/283/473 599/291/473 594/289/473
f 595/282/213 601/292/213 600/293/213
f 597/284/474 601/292/474 596/285/474
f 598/290/215 602/295/215 597/287/215
f 598/290/216 604/297/216 603/296/216
f 599/291/475 600/293/475 604/297/475
f 600/293/476 606/298/476 605/299/476
f 602/294/477 606/298/477 601/292/477
f 603/296/220 607/301/220 602/295/220
f 603/296/221 609/303/221 608/302/221
f 600/293/478 609/303/478 604/297/478
f 606/298/479 610/304/479 605/299/479
f 607/300/224 611/305/224 606/298/224
f 608/302/24 612/306/24 607/301/24
f 609/303/480 613/307/480 608/302/480
f 605/299/226 614/308/226 609/303/226
f 611/305/227 615/309/227 610/304/227
f 611/305/481 617/317/481 616/311/481
f 613/307/229 617/312/229 612/306/229
f 614/308/230 618/314/230 613/307/230
f 610/304/482 619/313/482 614/308/482
f 616/311/483 620/316/483 615/309/483
f 616/311/314 622/321/314 621/315/314
f 618/314/234 622/318/234 617/312/234
f 619/313/235 623/320/235 618/314/235
f 615/309/484 624/319/484 619/313/484
f 621/315/237 555/235/237 620/316/237
f 622/321/316 556/238/316 621/315/316
f 623/320/485 557/242/485 622/318/485
f 623/320/317 559/245/317 558/240/317
f 620/316/318 559/245/318 624/319/318
f 681/235/174 687/236/174 686/237/174
f 682/238/175 688/239/175 687/236/175
f 684/240/176 688/241/176 683/242/176
f 684/240/177 690/243/177 689/244/177
f 685/245/369 686/237/369 690/243/369
f 687/236/179 691/246/179 686/237/179
f 688/239/180 692/248/180 687/236/180
f 689/244/297 693/249/297 688/241/297
f 690/243/536 694/250/536 689/244/536
f 690/243/537 691/246/537 695/251/537
f 691/246/456 697/253/456 696/252/456
f 692/248/538 698/258/538 697/253/538
f 694/250/186 698/254/186 693/249/186
f 695/251/539 699/255/539 694/250/539
f 691/246/540 700/256/540 695/251/540
f 697/253/374 701/257/374 696/252/374
f 698/258/541 702/259/541 697/253/541
f 699/255/21 703/260/21 698/254/21
f 700/256/191 704/261/191 699/255/191
f 696/252/542 705/262/542 700/256/542
f 702/259/543 706/264/543 701/257/543
f 703/265/544 707/263/544 702/259/544
f 704/261/195 708/266/195 703/260/195
f 704/261/196 710/267/196 709/268/196
f 705/262/378 706/264/378 710/267/378
f 707/263/198 711/270/198 706/264/198
f 708/271/464 712/269/464 707/263/464
f 709/268/303 713/272/303 708/266/303
f 710/267/201 714/274/201 709/268/201
f 706/264/465 715/273/465 710/267/465
f 712/269/203 716/276/203 711/270/203
f 713/277/204 717/275/204 712/269/204
f 714/274/205 718/278/205 713/272/205
f 715/273/545 719/280/545 714/274/545
f 715/273/384 716/276/384 720/279/384
f 716/283/208 722/285/208 721/282/208
f 717/281/209 723/284/209 722/285/209
f 719/286/210 723/287/210 718/288/210
f 719/286/546 725/291/546 724/290/546
f 716/283/386 725/291/386 720/289/386
f 722/285/213 726/293/213 721/282/213
f 723/284/214 727/292/214 722/285/214
f 724/290/308 728/295/308 723/287/308
f 725/291/547 729/296/547 724/290/547
f 721/282/217 730/297/217 725/291/217
f 726/293/476 732/298/476 731/299/476
f 727/292/548 733/300/548 732/298/548
f 729/296/220 733/301/220 728/295/220
f 729/296/549 735/303/549 734/302/549
f 730/297/478 731/299/478 735/303/478
f 732/298/391 736/304/391 731/299/391
f 733/300/550 737/305/550 732/298/550
f 734/302/24 738/306/24 733/301/24
f 735/303/225 739/307/225 734/302/225
f 731/299/551 740/308/551 735/303/551
f 737/305/552 741/309/552 736/304/552
f 738/310/553 742/311/553 737/305/553
f 739/307/229 743/312/229 738/306/229
f 739/307/230 745/313/230 744/314/230
f 740/308/394 741/309/394 745/313/394
f 742/311/232 746/316/232 741/309/232
f 743/317/554 747/315/554 742/311/554
f 744/314/396 748/318/396 743/312/396
f 744/314/397 750/319/397 749/320/397
f 741/309/555 750/319/555 745/313/555
f 747/315/237 681/235/237 746/316/237
f 748/321/238 682/238/238 747/315/238
f 749/320/239 683/242/239 748/318/239
f 750/319/240 684/240/240 749/320/240
f 750/319/399 681/235/399 685/245/399
f 808/238/174 812/237/174 807/235/174
f 808/238/452 814/239/452 813/236/452
f 810/240/176 814/241/176 809/242/176
f 811/245/177 815/244/177 810/240/177
f 811/245/369 812/237/369 816/243/369
f 813/236/179 817/246/179 812/237/179
f 814/239/296 818/248/296 813/236/296
f 815/244/181 819/249/181 814/241/181
f 815/244/182 821/251/182 820/250/182
f 816/243/608 817/246/608 821/251/608
f 818/248/456 822/252/456 817/246/456
f 818/248/457 824/258/457 823/253/457
f 820/250/186 824/254/186 819/249/186
f 821/251/187 825/255/187 820/250/187
f 817/246/458 826/256/458 821/251/458
f 823/253/189 827/257/189 822/252/189
f 824/258/190 828/259/190 823/253/190
f 825/255/21 829/260/21 824/254/21
f 826/256/300 830/261/300 825/255/300
f 822/252/542 831/262/542 826/256/542
f 827/257/543 833/263/543 832/264/543
f 828/259/461 834/271/461 833/263/461
f 830/261/195 834/266/195 829/260/195
f 831/262/196 835/268/196 830/261/196
f 827/257/378 836/267/378 831/262/378
f 832/264/198 838/269/198 837/270/198
f 833/263/302 839/277/302 838/269/302
f 835/268/200 839/272/200 834/266/200
f 836/267/201 840/274/201 835/268/201
f 836/267/465 837/270/465 841/273/465
f 837/270/203 843/275/203 842/276/203
f 839/277/304 843/275/304 838/269/304
f 840/274/205 844/278/205 839/272/205
f 840/274/545 846/279/545 845/280/545
f 841/273/384 842/276/384 846/279/384
f 843/281/208 847/282/208 842/283/208
f 843/281/470 849/284/470 848/285/470
f 845/286/210 849/287/210 844/288/210
f 845/286/546 851/291/546 850/290/546
f 846/289/386 847/282/386 851/291/386
f 847/282/213 853/292/213 852/293/213
f 849/284/474 853/292/474 848/285/474
f 850/290/215 854/295/215 849/287/215
f 850/290/216 856/297/216 855/296/216
f 847/282/217 856/297/217 851/291/217
f 853/292/476 857/299/476 852/293/476
f 854/294/477 858/298/477 853/292/477
f 855/296/220 859/301/220 854/295/220
f 855/296/221 861/303/221 860/302/221
f 856/297/310 857/299/310 861/303/310
f 858/298/223 862/304/223 857/299/223
f 859/300/224 863/305/224 858/298/224
f 860/302/24 864/306/24 859/301/24
f 861/303/311 865/307/311 860/302/311
f 857/299/609 866/308/609 861/303/609
f 863/305/552 867/309/552 862/304/552
f 864/310/481 868/311/481 863/305/481
f 865/307/229 869/312/229 864/306/229
f 866/308/230 870/314/230 865/307/230
f 866/308/394 867/309/394 871/313/394
f 867/309/232 873/315/232 872/316/232
f 868/311/314 874/321/314 873/315/314
f 870/314/234 874/318/234 869/312/234
f 871/313/235 875/320/235 870/314/235
f 867/309/236 876/319/236 871/313/236
f 873/315/237 807/235/237 872/316/237
f 873/315/316 809/351/316 808/238/316
f 875/320/239 809/242/239 874/318/239
f 875/320/240 811/245/240 810/240/240
f 872/316/399 811/245/399 876/319/399
s 1
f 925/484/658 927/485/611 926/486/659
f 928/487/660 930/488/661 929/489/615
f 931/490/662 933/491/617 932/492/663
f 934/493/664 936/494/665 935/495/666
f 937/496/622 939/497/623 938/498/624
f 940/499/667 942/500/626 941/501/627
f 943/502/668 945/503/669 944/504/670
f 946/505/671 948/506/632 947/507/672
f 949/508/673 951/509/674 950/510/636
f 952/511/675 954/512/638 953/513/639
f 955/514/676 957/515/641 956/516/677
f 958/517/678 960/518/679 959/519/680
f 961/520/646 963/521/647 962/522/648
f 964/523/681 966/524/650 965/525/651
f 967/526/682 969/527/683 968/528/684
f 970/529/685 972/530/656 971/531/686
f 927/485/611 931/490/662 932/492/663
f 934/493/664 929/489/615 936/494/665
f 927/451/611 930/532/661 926/533/659
f 936/534/665 933/535/617 935/536/666
f 933/491/617 937/496/622 938/498/624
f 940/499/667 935/495/666 942/500/626
f 942/537/626 939/538/623 941/539/627
f 939/497/623 943/502/668 944/504/670
f 946/505/671 941/501/627 948/506/632
f 948/540/632 945/541/669 947/542/672
f 945/503/669 949/508/673 950/510/636
f 952/511/675 947/507/672 954/512/638
f 954/543/638 951/544/674 953/545/639
f 949/508/673 956/516/677 951/509/674
f 958/517/678 953/513/639 960/518/679
f 960/546/679 957/547/641 959/548/680
f 955/514/676 962/522/648 957/515/641
f 964/523/681 959/519/680 966/524/650
f 966/549/650 963/550/647 965/551/651
f 961/520/646 968/528/684 963/521/647
f 970/529/685 965/525/651 972/530/656
f 972/552/656 969/553/683 971/554/686
f 967/526/682 926/486/659 969/527/683
f 930/488/661 970/529/685 971/531/686
f 955/514/676 943/502/668 931/490/662
f 932/555/663 929/556/615 927/557/611
f 926/533/659 971/554/686 969/553/683
f 952/511/675 964/523/681 928/487/660
f 938/558/624 935/536/666 933/535/617
f 944/559/670 941/539/627 939/538/623
f 950/560/636 947/542/672 945/541/669
f 956/561/677 953/545/639 951/544/674
f 962/562/648 959/548/680 957/547/641
f 968/563/684 965/551/651 963/550/647
f 973/564/658 975/565/687 974/566/659
f 976/567/660 978/568/688 977/569/615
f 979/570/689 981/571/617 980/572/690
f 982/573/691 984/574/692 983/575/621
f 985/576/622 987/577/623 986/578/624
f 988/579/667 990/580/626 989/581/627
f 991/582/693 993/583/694 992/584/630
f 994/585/695 996/586/632 995/587/696
f 997/588/697 999/589/635 998/590/698
f 1000/591/637 1002/592/699 1001/593/639
f 1003/594/700 1005/595/641 1004/596/701
f 1006/597/702 1008/598/703 1007/599/645
f 1009/600/646 1011/601/647 1010/602/648
f 1012/603/649 1014/604/650 1013/605/651
f 1015/606/704 1017/607/705 1016/608/654
f 1018/609/685 1020/610/656 1019/611/706
f 973/564/658 980/572/690 975/565/687
f 984/574/692 976/567/660 977/569/615
f 975/451/687 978/612/688 974/613/659
f 984/614/692 981/615/617 983/616/621
f 979/570/689 986/578/624 981/571/617
f 990/580/626 982/573/691 983/575/621
f 990/617/626 987/618/623 989/619/627
f 987/577/623 991/582/693 992/584/630
f 994/585/695 989/581/627 996/586/632
f 996/620/632 993/621/694 995/622/696
f 991/582/693 998/590/698 993/583/694
f 1002/592/699 994/585/695 995/587/696
f 1002/623/699 999/624/635 1001/625/639
f 997/588/697 1004/596/701 999/589/635
f 1008/598/703 1000/591/637 1001/593/639
f 1008/626/703 1005/627/641 1007/628/645
f 1005/595/641 1009/600/646 1010/602/648
f 1012/603/649 1007/599/645 1014/604/650
f 1014/629/650 1011/630/647 1013/631/651
f 1011/601/647 1015/606/704 1016/608/654
f 1018/609/685 1013/605/651 1020/610/656
f 1020/632/656 1017/633/705 1019/634/706
f 1015/606/704 974/566/659 1017/607/705
f 978/568/688 1018/609/685 1019/611/706
f 1003/594/700 991/582/693 979/570/689
f 980/635/690 977/636/615 975/637/687
f 974/613/659 1019/634/706 1017/633/705
f 1000/591/637 1012/603/649 976/567/660
f 986/638/624 983/616/621 981/615/617
f 992/639/630 989/619/627 987/618/623
f 998/640/698 995/622/696 993/621/694
f 1004/641/701 1001/625/639 999/624/635
f 1010/642/648 1007/628/645 1005/627/641
f 1016/643/654 1013/631/651 1011/630/647
f 1069/484/707 1071/485/726 1070/486/612
f 1072/487/709 1074/488/614 1073/489/711
f 1075/490/662 1077/491/727 1076/492/690
f 1078/493/664 1080/494/665 1079/495/666
f 1081/496/622 1083/497/623 1082/498/624
f 1084/499/625 1086/500/626 1085/501/627
f 1087/502/693 1089/503/694 1088/504/728
f 1090/505/729 1092/506/730 1091/507/696
f 1093/508/673 1095/509/635 1094/510/698
f 1096/511/731 1098/512/699 1097/513/639
f 1099/514/700 1101/515/641 1100/516/701
f 1102/517/732 1104/518/703 1103/519/645
f 1105/520/733 1107/521/647 1106/522/648
f 1108/523/649 1110/524/650 1109/525/651
f 1111/526/682 1113/527/683 1112/528/684
f 1114/529/685 1116/530/734 1115/531/706
f 1071/485/726 1075/490/662 1076/492/690
f 1078/493/664 1073/489/711 1080/494/665
f 1071/451/726 1074/532/614 1070/533/612
f 1080/534/665 1077/535/727 1079/536/666
f 1077/491/727 1081/496/622 1082/498/624
f 1084/499/625 1079/495/666 1086/500/626
f 1086/537/626 1083/538/623 1085/539/627
f 1081/496/622 1088/504/728 1083/497/623
f 1092/506/730 1084/499/625 1085/501/627
f 1092/540/730 1089/541/694 1091/542/696
f 1089/503/694 1093/508/673 1094/510/698
f 1096/511/731 1091/507/696 1098/512/699
f 1098/543/699 1095/544/635 1097/545/639
f 1093/508/673 1100/516/701 1095/509/635
f 1104/518/703 1096/511/731 1097/513/639
f 1104/546/703 1101/547/641 1103/548/645
f 1099/514/700 1106/522/648 1101/515/641
f 1110/524/650 1102/517/732 1103/519/645
f 1110/549/650 1107/550/647 1109/551/651
f 1105/520/733 1112/528/684 1107/521/647
f 1116/530/734 1108/523/649 1109/525/651
f 1116/552/734 1113/553/683 1115/554/706
f 1111/526/682 1070/486/612 1113/527/683
f 1074/488/614 1114/529/685 1115/531/706
f 1099/514/700 1087/502/693 1075/490/662
f 1076/555/690 1073/556/711 1071/557/726
f 1070/533/612 1115/554/706 1113/553/683
f 1096/511/731 1108/523/649 1072/487/709
f 1082/558/624 1079/536/666 1077/535/727
f 1088/559/728 1085/539/627 1083/538/623
f 1094/560/698 1091/542/696 1089/541/694
f 1100/561/701 1097/545/639 1095/544/635
f 1106/562/648 1103/548/645 1101/547/641
f 1112/563/684 1109/551/651 1107/550/647
f 1117/564/707 1119/565/726 1118/566/612
f 1120/567/709 1122/568/614 1121/569/711
f 1123/570/662 1125/571/617 1124/572/663
f 1126/573/664 1128/574/665 1127/575/621
f 1129/576/622 1131/577/623 1130/578/624
f 1132/579/667 1134/580/626 1133/581/627
f 1135/582/735 1137/583/694 1136/584/630
f 1138/585/729 1140/586/632 1139/587/696
f 1141/588/697 1143/589/674 1142/590/698
f 1144/591/637 1146/592/699 1145/593/639
f 1147/594/736 1149/595/641 1148/596/677
f 1150/597/702 1152/598/703 1151/599/645
f 1153/600/646 1155/601/647 1154/602/648
f 1156/603/649 1158/604/650 1157/605/651
f 1159/606/682 1161/607/683 1160/608/654
f 1162/609/685 1164/610/656 1163/611/686
f 1119/565/726 1123/570/662 1124/572/663
f 1126/573/664 1121/569/711 1128/574/665
f 1119/451/726 1122/612/614 1118/613/612
f 1128/614/665 1125/615/617 1127/616/621
f 1123/570/662 1130/578/624 1125/571/617
f 1132/579/667 1127/575/621 1134/580/626
f 1134/617/626 1131/618/623 1133/619/627
f 1131/577/623 1135/582/735 1136/584/630
f 1138/585/729 1133/581/627 1140/586/632
f 1140/620/632 1137/621/694 1139/622/696
f 1135/582/735 1142/590/698 1137/583/694
f 1146/592/699 1138/585/729 1139/587/696
f 1146/623/699 1143/624/674 1145/625/639
f 1141/588/697 1148/596/677 1143/589/674
f 1150/597/702 1145/593/639 1152/598/703
f 1152/626/703 1149/627/641 1151/628/645
f 1147/594/736 1154/602/648 1149/595/641
f 1158/604/650 1150/597/702 1151/599/645
f 1158/629/650 1155/630/647 1157/631/651
f 1155/601/647 1159/606/682 1160/608/654
f 1164/610/656 1156/603/649 1157/605/651
f 1164/632/656 1161/633/683 1163/634/686
f 1159/606/682 1118/566/612 1161/607/683
f 1122/568/614 1162/609/685 1163/611/686
f 1147/594/736 1135/582/735 1123/570/662
f 1124/635/663 1121/636/711 1119/637/726
f 1118/613/612 1163/634/686 1161/633/683
f 1144/591/637 1156/603/649 1120/567/709
f 1130/638/624 1127/616/621 1125/615/617
f 1136/639/630 1133/619/627 1131/618/623
f 1142/640/698 1139/622/696 1137/621/694
f 1148/641/677 1145/625/639 1143/624/674
f 1154/642/648 1151/628/645 1149/627/641
f 1160/643/654 1157/631/651 1155/630/647
f 1213/484/610 1215/485/611 1214/486/659
f 1216/487/613 1218/488/661 1217/489/615
f 1219/490/662 1221/491/727 1220/492/690
f 1222/493/664 1224/494/692 1223/495/666
f 1225/496/622 1227/497/623 1226/498/624
f 1228/499/667 1230/500/626 1229/501/627
f 1231/502/668 1233/503/748 1232/504/670
f 1234/505/749 1236/506/750 1235/507/672
f 1237/508/697 1239/509/635 1238/510/698
f 1240/511/637 1242/512/699 1241/513/639
f 1243/514/736 1245/515/751 1244/516/677
f 1246/517/678 1248/518/752 1247/519/680
f 1249/520/646 1251/521/647 1250/522/648
f 1252/523/649 1254/524/650 1253/525/651
f 1255/526/682 1257/527/705 1256/528/684
f 1258/529/685 1260/530/734 1259/531/706
f 1213/484/610 1220/492/690 1215/485/611
f 1224/494/692 1216/487/613 1217/489/615
f 1215/451/611 1218/532/661 1214/533/659
f 1224/534/692 1221/535/727 1223/536/666
f 1221/491/727 1225/496/622 1226/498/624
f 1228/499/667 1223/495/666 1230/500/626
f 1230/537/626 1227/538/623 1229/539/627
f 1225/496/622 1232/504/670 1227/497/623
f 1236/506/750 1228/499/667 1229/501/627
f 1236/540/750 1233/541/748 1235/542/672
f 1233/503/748 1237/508/697 1238/510/698
f 1240/511/637 1235/507/672 1242/512/699
f 1242/543/699 1239/544/635 1241/545/639
f 1239/509/635 1243/514/736 1244/516/677
f 1246/517/678 1241/513/639 1248/518/752
f 1248/546/752 1245/547/751 1247/548/680
f 1245/515/751 1249/520/646 1250/522/648
f 1252/523/649 1247/519/680 1254/524/650
f 1254/549/650 1251/550/647 1253/551/651
f 1249/520/646 1256/528/684 1251/521/647
f 1260/530/734 1252/523/649 1253/525/651
f 1260/552/734 1257/553/705 1259/554/706
f 1255/526/682 1214/486/659 1257/527/705
f 1216/487/613 1259/531/706 1218/488/661
f 1243/514/736 1231/502/668 1219/490/662
f 1220/555/690 1217/556/615 1215/557/611
f 1214/533/659 1259/554/706 1257/553/705
f 1240/511/637 1252/523/649 1216/487/613
f 1226/558/624 1223/536/666 1221/535/727
f 1232/559/670 1229/539/627 1227/538/623
f 1238/560/698 1235/542/672 1233/541/748
f 1244/561/677 1241/545/639 1239/544/635
f 1250/562/648 1247/548/680 1245/547/751
f 1256/563/684 1253/551/651 1251/550/647
f 1261/564/753 1263/565/611 1262/566/612
f 1264/567/754 1266/568/661 1265/569/711
f 1267/570/712 1269/571/727 1268/572/755
f 1270/573/619 1272/574/756 1271/575/621
f 1273/576/622 1275/577/623 1274/578/624
f 1276/579/667 1278/580/626 1277/581/627
f 1279/582/628 1281/583/748 1280/584/630
f 1282/585/631 1284/586/757 1283/587/758
f 1285/588/743 1287/589/759 1286/590/698
f 1288/591/744 1290/592/720 1289/593/639
f 1291/594/722 1293/595/751 1292/596/760
f 1294/597/643 1296/598/752 1295/599/645
f 1297/600/646 1299/601/647 1298/602/648
f 1300/603/649 1302/604/650 1301/605/651
f 1303/606/652 1305/607/761 1304/608/654
f 1306/609/762 1308/610/734 1307/611/763
f 1261/564/753 1268/572/755 1263/565/611
f 1272/574/756 1264/567/754 1265/569/711
f 1263/451/611 1266/612/661 1262/613/612
f 1272/614/756 1269/615/727 1271/616/621
f 1269/571/727 1273/576/622 1274/578/624
f 1276/579/667 1271/575/621 1278/580/626
f 1278/617/626 1275/618/623 1277/619/627
f 1273/576/622 1280/584/630 1275/577/623
f 1284/586/757 1276/579/667 1277/581/627
f 1284/620/757 1281/621/748 1283/622/758
f 1279/582/628 1286/590/698 1281/583/748
f 1290/592/720 1282/585/631 1283/587/758
f 1290/623/720 1287/624/759 1289/625/639
f 1287/589/759 1291/594/722 1292/596/760
f 1294/597/643 1289/593/639 1296/598/752
f 1296/626/752 1293/627/751 1295/628/645
f 1291/594/722 1298/602/648 1293/595/751
f 1300/603/649 1295/599/645 1302/604/650
f 1302/629/650 1299/630/647 1301/631/651
f 1297/600/646 1304/608/654 1299/601/647
f 1306/609/762 1301/605/651 1308/610/734
f 1308/632/734 1305/633/761 1307/634/763
f 1305/607/761 1261/564/753 1262/566/612
f 1264/567/754 1307/611/763 1266/568/661
f 1291/594/722 1279/582/628 1267/570/712
f 1268/635/755 1265/636/711 1263/637/611
f 1262/613/612 1307/634/763 1305/633/761
f 1288/591/744 1300/603/649 1264/567/754
f 1274/638/624 1271/616/621 1269/615/727
f 1280/639/630 1277/619/627 1275/618/623
f 1286/640/698 1283/622/758 1281/621/748
f 1292/641/760 1289/625/639 1287/624/759
f 1298/642/648 1295/628/645 1293/627/751
f 1304/643/654 1301/631/651 1299/630/647
f 1357/484/753 1359/485/687 1358/486/659
f 1360/487/709 1362/488/661 1361/489/615
f 1363/490/662 1365/491/617 1364/492/663
f 1366/493/691 1368/494/756 1367/495/621
f 1369/496/622 1371/497/781 1370/498/624
f 1372/499/667 1374/500/782 1373/501/627
f 1375/502/783 1377/503/669 1376/504/630
f 1378/505/749 1380/506/632 1379/507/784
f 1381/508/634 1383/509/759 1382/510/718
f 1384/511/744 1386/512/720 1385/513/721
f 1387/514/700 1389/515/641 1388/516/785
f 1390/517/678 1392/518/679 1391/519/680
f 1393/520/646 1395/521/786 1394/522/648
f 1396/523/649 1398/524/787 1397/525/651
f 1399/526/704 1401/527/761 1400/528/684
f 1402/529/724 1404/530/656 1403/531/788
f 1357/484/753 1364/492/663 1359/485/687
f 1366/493/691 1361/489/615 1368/494/756
f 1359/451/687 1362/532/661 1358/533/659
f 1368/534/756 1365/535/617 1367/536/621
f 1363/490/662 1370/498/624 1365/491/617
f 1374/500/782 1366/493/691 1367/495/621
f 1374/537/782 1371/538/781 1373/539/627
f 1371/497/781 1375/502/783 1376/504/630
f 1378/505/749 1373/501/627 1380/506/632
f 1380/540/632 1377/541/669 1379/542/784
f 1377/503/669 1381/508/634 1382/510/718
f 1384/511/744 1379/507/784 1386/512/720
f 1386/543/720 1383/544/759 1385/545/721
f 1381/508/634 1388/516/785 1383/509/759
f 1392/518/679 1384/511/744 1385/513/721
f 1392/546/679 1389/547/641 1391/548/680
f 1389/515/641 1393/520/646 1394/522/648
f 1396/523/649 1391/519/680 1398/524/787
f 1398/549/787 1395/550/786 1397/551/651
f 1393/520/646 1400/528/684 1395/521/786
f 1404/530/656 1396/523/649 1397/525/651
f 1404/552/656 1401/553/761 1403/554/788
f 1399/526/704 1358/486/659 1401/527/761
f 1362/488/661 1402/529/724 1403/531/788
f 1387/514/700 1375/502/783 1363/490/662
f 1364/555/663 1361/556/615 1359/557/687
f 1358/533/659 1403/554/788 1401/553/761
f 1384/511/744 1396/523/649 1360/487/709
f 1370/558/624 1367/536/621 1365/535/617
f 1376/559/630 1373/539/627 1371/538/781
f 1382/560/718 1379/542/784 1377/541/669
f 1388/561/785 1385/545/721 1383/544/759
f 1394/562/648 1391/548/680 1389/547/641
f 1400/563/684 1397/551/651 1395/550/786
f 1405/564/610 1407/565/726 1406/566/737
f 1408/567/613 1410/568/789 1409/569/711
f 1411/570/689 1413/571/727 1412/572/755
f 1414/573/691 1416/574/756 1415/575/666
f 1417/576/622 1419/577/790 1418/578/624
f 1420/579/667 1422/580/791 1421/581/627
f 1423/582/735 1425/583/792 1424/584/630
f 1426/585/729 1428/586/750 1427/587/784
f 1429/588/634 1431/589/635 1430/590/698
f 1432/591/637 1434/592/699 1433/593/639
f 1435/594/700 1437/595/751 1436/596/701
f 1438/597/702 1440/598/793 1439/599/645
f 1441/600/646 1443/601/794 1442/602/648
f 1444/603/649 1446/604/777 1445/605/651
f 1447/606/795 1449/607/683 1448/608/684
f 1450/609/796 1452/610/734 1451/611/686
f 1407/565/726 1411/570/689 1412/572/755
f 1414/573/691 1409/569/711 1416/574/756
f 1407/451/726 1410/612/789 1406/613/737
f 1416/614/756 1413/615/727 1415/616/666
f 1413/571/727 1417/576/622 1418/578/624
f 1420/579/667 1415/575/666 1422/580/791
f 1422/617/791 1419/618/790 1421/619/627
f 1417/576/622 1424/584/630 1419/577/790
f 1428/586/750 1420/579/667 1421/581/627
f 1428/620/750 1425/621/792 1427/622/784
f 1423/582/735 1430/590/698 1425/583/792
f 1434/592/699 1426/585/729 1427/587/784
f 1434/623/699 1431/624/635 1433/625/639
f 1429/588/634 1436/596/701 1431/589/635
f 1440/598/793 1432/591/637 1433/593/639
f 1440/626/793 1437/627/751 1439/628/645
f 1437/595/751 1441/600/646 1442/602/648
f 1444/603/649 1439/599/645 1446/604/777
f 1446/629/777 1443/630/794 1445/631/651
f 1441/600/646 1448/608/684 1443/601/794
f 1452/610/734 1444/603/649 1445/605/651
f 1452/632/734 1449/633/683 1451/634/686
f 1449/607/683 1405/564/610 1406/566/737
f 1408/567/613 1451/611/686 1410/568/789
f 1435/594/700 1423/582/735 1411/570/689
f 1412/635/755 1409/636/711 1407/637/726
f 1406/613/737 1451/634/686 1449/633/683
f 1432/591/637 1444/603/649 1408/567/613
f 1418/638/624 1415/616/666 1413/615/727
f 1424/639/630 1421/619/627 1419/618/790
f 1430/640/698 1427/622/784 1425/621/792
f 1436/641/701 1433/625/639 1431/624/635
f 1442/642/648 1439/628/645 1437/627/751
f 1448/643/684 1445/631/651 1443/630/794
f 1501/484/753 1503/485/611 1502/486/659
f 1504/487/754 1506/488/661 1505/489/615
f 1507/490/689 1509/491/617 1508/492/755
f 1510/493/813 1512/494/814 1511/495/666
f 1513/496/622 1515/497/781 1514/498/624
f 1516/499/667 1518/500/782 1517/501/627
f 1519/502/735 1521/503/748 1520/504/728
f 1522/505/729 1524/506/815 1523/507/672
f 1525/508/673 1527/509/635 1526/510/698
f 1528/511/731 1530/512/699 1529/513/639
f 1531/514/700 1533/515/816 1532/516/677
f 1534/517/702 1536/518/752 1535/519/817
f 1537/520/646 1539/521/786 1538/522/648
f 1540/523/681 1542/524/787 1541/525/651
f 1543/526/652 1545/527/818 1544/528/654
f 1546/529/724 1548/530/656 1547/531/763
f 1503/485/611 1507/490/689 1508/492/755
f 1510/493/813 1505/489/615 1512/494/814
f 1503/451/611 1506/532/661 1502/533/659
f 1512/534/814 1509/535/617 1511/536/666
f 1509/491/617 1513/496/622 1514/498/624
f 1516/499/667 1511/495/666 1518/500/782
f 1518/537/782 1515/538/781 1517/539/627
f 1513/496/622 1520/504/728 1515/497/781
f 1524/506/815 1516/499/667 1517/501/627
f 1524/540/815 1521/541/748 1523/542/672
f 1519/502/735 1526/510/698 1521/503/748
f 1530/512/699 1522/505/729 1523/507/672
f 1530/543/699 1527/544/635 1529/545/639
f 1527/509/635 1531/514/700 1532/516/677
f 1534/517/702 1529/513/639 1536/518/752
f 1536/546/752 1533/547/816 1535/548/817
f 1533/515/816 1537/520/646 1538/522/648
f 1540/523/681 1535/519/817 1542/524/787
f 1542/549/787 1539/550/786 1541/551/651
f 1539/521/786 1543/526/652 1544/528/654
f 1546/529/724 1541/525/651 1548/530/656
f 1548/552/656 1545/553/818 1547/554/763
f 1543/526/652 1502/486/659 1545/527/818
f 1506/488/661 1546/529/724 1547/531/763
f 1531/514/700 1519/502/735 1507/490/689
f 1508/555/755 1505/556/615 1503/557/611
f 1502/533/659 1547/554/763 1545/553/818
f 1528/511/731 1540/523/681 1504/487/754
f 1514/558/624 1511/536/666 1509/535/617
f 1520/559/728 1517/539/627 1515/538/781
f 1526/560/698 1523/542/672 1521/541/748
f 1532/561/677 1529/545/639 1527/544/635
f 1538/562/648 1535/548/817 1533/547/816
f 1544/563/654 1541/551/651 1539/550/786
f 1549/564/707 1551/565/726 1550/566/659
f 1552/567/709 1554/568/688 1553/569/711
f 1555/570/662 1557/571/617 1556/572/819
f 1558/573/664 1560/574/692 1559/575/666
f 1561/576/622 1563/577/623 1562/578/624
f 1564/579/667 1566/580/626 1565/581/627
f 1567/582/783 1569/583/748 1568/584/630
f 1570/585/729 1572/586/632 1571/587/784
f 1573/588/697 1575/589/759 1574/590/636
f 1576/591/675 1578/592/720 1577/593/820
f 1579/594/700 1581/595/641 1580/596/785
f 1582/597/678 1584/598/752 1583/599/645
f 1585/600/646 1587/601/647 1586/602/648
f 1588/603/649 1590/604/650 1589/605/651
f 1591/606/821 1593/607/822 1592/608/684
f 1594/609/796 1596/610/656 1595/611/686
f 1551/565/726 1555/570/662 1556/572/819
f 1558/573/664 1553/569/711 1560/574/692
f 1551/451/726 1554/612/688 1550/613/659
f 1560/614/692 1557/615/617 1559/616/666
f 1557/571/617 1561/576/622 1562/578/624
f 1564/579/667 1559/575/666 1566/580/626
f 1566/617/626 1563/618/623 1565/619/627
f 1561/576/622 1568/584/630 1563/577/623
f 1570/585/729 1565/581/627 1572/586/632
f 1572/620/632 1569/621/748 1571/622/784
f 1567/582/783 1574/590/636 1569/583/748
f 1576/591/675 1571/587/784 1578/592/720
f 1578/623/720 1575/624/759 1577/625/820
f 1573/588/697 1580/596/785 1575/589/759
f 1582/597/678 1577/593/820 1584/598/752
f 1584/626/752 1581/627/641 1583/628/645
f 1581/595/641 1585/600/646 1586/602/648
f 1588/603/649 1583/599/645 1590/604/650
f 1590/629/650 1587/630/647 1589/631/651
f 1585/600/646 1592/608/684 1587/601/647
f 1596/610/656 1588/603/649 1589/605/651
f 1596/632/656 1593/633/822 1595/634/686
f 1593/607/822 1549/564/707 1550/566/659
f 1552/567/709 1595/611/686 1554/568/688
f 1579/594/700 1567/582/783 1555/570/662
f 1556/635/819 1553/636/711 1551/637/726
f 1550/613/659 1595/634/686 1593/633/822
f 1576/591/675 1588/603/649 1552/567/709
f 1562/638/624 1559/616/666 1557/615/617
f 1568/639/630 1565/619/627 1563/618/623
f 1574/640/636 1571/622/784 1569/621/748
f 1580/641/785 1577/625/820 1575/624/759
f 1586/642/648 1583/628/645 1581/627/641
f 1592/643/684 1589/631/651 1587/630/647
f 1645/484/753 1647/485/845 1646/486/659
f 1648/487/613 1650/488/846 1649/489/615
f 1651/490/662 1653/491/766 1652/492/663
f 1654/493/664 1656/494/665 1655/495/666
f 1657/496/622 1659/497/623 1658/498/624
f 1660/499/667 1662/500/626 1661/501/627
f 1663/502/735 1665/503/694 1664/504/804
f 1666/505/729 1668/506/771 1667/507/696
f 1669/508/743 1671/509/847 1670/510/848
f 1672/511/849 1674/512/850 1673/513/851
f 1675/514/700 1677/515/852 1676/516/701
f 1678/517/702 1680/518/703 1679/519/680
f 1681/520/646 1683/521/647 1682/522/648
f 1684/523/649 1686/524/777 1685/525/651
f 1687/526/682 1689/527/683 1688/528/684
f 1690/529/685 1692/530/844 1691/531/686
f 1645/484/753 1652/492/663 1647/485/845
f 1656/494/665 1648/487/613 1649/489/615
f 1647/451/845 1650/532/846 1646/533/659
f 1656/534/665 1653/535/766 1655/536/666
f 1651/490/662 1658/498/624 1653/491/766
f 1662/500/626 1654/493/664 1655/495/666
f 1662/537/626 1659/538/623 1661/539/627
f 1659/497/623 1663/502/735 1664/504/804
f 1666/505/729 1661/501/627 1668/506/771
f 1668/540/771 1665/541/694 1667/542/696
f 1665/503/694 1669/508/743 1670/510/848
f 1672/511/849 1667/507/696 1674/512/850
f 1674/543/850 1671/544/847 1673/545/851
f 1669/508/743 1676/516/701 1671/509/847
f 1680/518/703 1672/511/849 1673/513/851
f 1680/546/703 1677/547/852 1679/548/680
f 1675/514/700 1682/522/648 1677/515/852
f 1684/523/649 1679/519/680 1686/524/777
f 1686/549/777 1683/550/647 1685/551/651
f 1683/521/647 1687/526/682 1688/528/684
f 1690/529/685 1685/525/651 1692/530/844
f 1692/552/844 1689/553/683 1691/554/686
f 1689/527/683 1645/484/753 1646/486/659
f 1648/487/613 1691/531/686 1650/488/846
f 1675/514/700 1663/502/735 1651/490/662
f 1652/555/663 1649/556/615 1647/557/845
f 1646/533/659 1691/554/686 1689/553/683
f 1672/511/849 1684/523/649 1648/487/613
f 1658/558/624 1655/536/666 1653/535/766
f 1664/559/804 1661/539/627 1659/538/623
f 1670/560/848 1667/542/696 1665/541/694
f 1676/561/701 1673/545/851 1671/544/847
f 1682/562/648 1679/548/680 1677/547/852
f 1688/563/684 1685/551/651 1683/550/647
f 1693/564/707 1695/565/726 1694/566/612
f 1696/567/754 1698/568/688 1697/569/711
f 1699/570/712 1701/571/617 1700/572/755
f 1702/573/691 1704/574/756 1703/575/621
f 1705/576/622 1707/577/623 1706/578/624
f 1708/579/667 1710/580/626 1709/581/627
f 1711/582/735 1713/583/853 1712/584/630
f 1714/585/729 1716/586/632 1715/587/672
f 1717/588/634 1719/589/759 1718/590/698
f 1720/591/744 1722/592/720 1721/593/639
f 1723/594/700 1725/595/641 1724/596/677
f 1726/597/702 1728/598/854 1727/599/645
f 1729/600/646 1731/601/647 1730/602/648
f 1732/603/649 1734/604/650 1733/605/651
f 1735/606/704 1737/607/761 1736/608/654
f 1738/609/685 1740/610/656 1739/611/706
f 1695/565/726 1699/570/712 1700/572/755
f 1702/573/691 1697/569/711 1704/574/756
f 1695/451/726 1698/612/688 1694/613/612
f 1704/614/756 1701/615/617 1703/616/621
f 1701/571/617 1705/576/622 1706/578/624
f 1708/579/667 1703/575/621 1710/580/626
f 1710/617/626 1707/618/623 1709/619/627
f 1705/576/622 1712/584/630 1707/577/623
f 1716/586/632 1708/579/667 1709/581/627
f 1716/620/632 1713/621/853 1715/622/672
f 1713/583/853 1717/588/634 1718/590/698
f 1720/591/744 1715/587/672 1722/592/720
f 1722/623/720 1719/624/759 1721/625/639
f 1717/588/634 1724/596/677 1719/589/759
f 1728/598/854 1720/591/744 1721/593/639
f 1728/626/854 1725/627/641 1727/628/645
f 1725/595/641 1729/600/646 1730/602/648
f 1732/603/649 1727/599/645 1734/604/650
f 1734/629/650 1731/630/647 1733/631/651
f 1729/600/646 1736/608/654 1731/601/647
f 1740/610/656 1732/603/649 1733/605/651
f 1740/632/656 1737/633/761 1739/634/706
f 1735/606/704 1694/566/612 1737/607/761
f 1696/567/754 1739/611/706 1698/568/688
f 1723/594/700 1711/582/735 1699/570/712
f 1700/635/755 1697/636/711 1695/637/726
f 1694/613/612 1739/634/706 1737/633/761
f 1720/591/744 1732/603/649 1696/567/754
f 1706/638/624 1703/616/621 1701/615/617
f 1712/639/630 1709/619/627 1707/618/623
f 1718/640/698 1715/622/672 1713/621/853
f 1724/641/677 1721/625/639 1719/624/759
f 1730/642/648 1727/628/645 1725/627/641
f 1736/643/654 1733/631/651 1731/630/647
f 1789/484/658 1791/485/883 1790/486/659
f 1792/487/754 1794/488/661 1793/489/615
f 1795/490/829 1797/491/617 1796/492/663
f 1798/493/691 1800/494/756 1799/495/621
f 1801/496/622 1803/497/623 1802/498/624
f 1804/499/667 1806/500/626 1805/501/627
f 1807/502/783 1809/503/792 1808/504/630
f 1810/505/749 1812/506/632 1811/507/672
f 1813/508/884 1815/509/847 1814/510/718
f 1816/511/719 1818/512/850 1817/513/721
f 1819/514/736 1821/515/641 1820/516/677
f 1822/517/678 1824/518/793 1823/519/645
f 1825/520/646 1827/521/647 1826/522/648
f 1828/523/681 1830/524/650 1829/525/651
f 1831/526/682 1833/527/761 1832/528/654
f 1834/529/724 1836/530/656 1835/531/763
f 1789/484/658 1796/492/663 1791/485/883
f 1798/493/691 1793/489/615 1800/494/756
f 1791/451/883 1794/532/661 1790/533/659
f 1800/534/756 1797/535/617 1799/536/621
f 1797/491/617 1801/496/622 1802/498/624
f 1804/499/667 1799/495/621 1806/500/626
f 1806/537/626 1803/538/623 1805/539/627
f 1801/496/622 1808/504/630 1803/497/623
f 1810/505/749 1805/501/627 1812/506/632
f 1812/540/632 1809/541/792 1811/542/672
f 1809/503/792 1813/508/884 1814/510/718
f 1816/511/719 1811/507/672 1818/512/850
f 1818/543/850 1815/544/847 1817/545/721
f 1813/508/884 1820/516/677 1815/509/847
f 1824/518/793 1816/511/719 1817/513/721
f 1824/546/793 1821/547/641 1823/548/645
f 1819/514/736 1826/522/648 1821/515/641
f 1830/524/650 1822/517/678 1823/519/645
f 1830/549/650 1827/550/647 1829/551/651
f 1825/520/646 1832/528/654 1827/521/647
f 1836/530/656 1828/523/681 1829/525/651
f 1836/552/656 1833/553/761 1835/554/763
f 1831/526/682 1790/486/659 1833/527/761
f 1794/488/661 1834/529/724 1835/531/763
f 1819/514/736 1807/502/783 1795/490/829
f 1796/555/663 1793/556/615 1791/557/883
f 1790/533/659 1835/554/763 1833/553/761
f 1816/511/719 1828/523/681 1792/487/754
f 1802/558/624 1799/536/621 1797/535/617
f 1808/559/630 1805/539/627 1803/538/623
f 1814/560/718 1811/542/672 1809/541/792
f 1820/561/677 1817/545/721 1815/544/847
f 1826/562/648 1823/548/645 1821/547/641
f 1832/563/654 1829/551/651 1827/550/647
f 1837/564/753 1839/565/687 1838/566/612
f 1840/567/709 1842/568/614 1841/569/711
f 1843/570/616 1845/571/885 1844/572/663
f 1846/573/619 1848/574/756 1847/575/886
f 1849/576/622 1851/577/623 1850/578/624
f 1852/579/625 1854/580/626 1853/581/627
f 1855/582/887 1857/583/669 1856/584/630
f 1858/585/631 1860/586/757 1859/587/672
f 1861/588/673 1863/589/635 1862/590/636
f 1864/591/637 1866/592/699 1865/593/639
f 1867/594/640 1869/595/888 1868/596/785
f 1870/597/678 1872/598/793 1871/599/889
f 1873/600/733 1875/601/647 1874/602/648
f 1876/603/649 1878/604/650 1877/605/651
f 1879/606/652 1881/607/761 1880/608/746
f 1882/609/655 1884/610/890 1883/611/763
f 1837/564/753 1844/572/663 1839/565/687
f 1846/573/619 1841/569/711 1848/574/756
f 1839/451/687 1842/612/614 1838/613/612
f 1848/614/756 1845/615/885 1847/616/886
f 1845/571/885 1849/576/622 1850/578/624
f 1852/579/625 1847/575/886 1854/580/626
f 1854/617/626 1851/618/623 1853/619/627
f 1849/576/622 1856/584/630 1851/577/623
f 1858/585/631 1853/581/627 1860/586/757
f 1860/620/757 1857/621/669 1859/622/672
f 1855/582/887 1862/590/636 1857/583/669
f 1866/592/699 1858/585/631 1859/587/672
f 1866/623/699 1863/624/635 1865/625/639
f 1861/588/673 1868/596/785 1863/589/635
f 1872/598/793 1864/591/637 1865/593/639
f 1872/626/793 1869/627/888 1871/628/889
f 1867/594/640 1874/602/648 1869/595/888
f 1878/604/650 1870/597/678 1871/599/889
f 1878/629/650 1875/630/647 1877/631/651
f 1873/600/733 1880/608/746 1875/601/647
f 1884/610/890 1876/603/649 1877/605/651
f 1884/632/890 1881/633/761 1883/634/763
f 1879/606/652 1838/566/612 1881/607/761
f 1842/568/614 1882/609/655 1883/611/763
f 1867/594/640 1855/582/887 1843/570/616
f 1844/635/663 1841/636/711 1839/637/687
f 1838/613/612 1883/634/763 1881/633/761
f 1864/591/637 1876/603/649 1840/567/709
f 1850/638/624 1847/616/886 1845/615/885
f 1856/639/630 1853/619/627 1851/618/623
f 1862/640/636 1859/622/672 1857/621/669
f 1868/641/785 1865/625/639 1863/624/635
f 1874/642/648 1871/628/889 1869/627/888
f 1880/643/746 1877/631/651 1875/630/647
f 1933/484/707 1935/485/611 1934/486/612
f 1936/487/709 1938/488/661 1937/489/711
f 1939/490/662 1941/491/891 1940/492/819
f 1942/493/664 1944/494/692 1943/495/892
f 1945/496/900 1947/497/623 1946/498/624
f 1948/499/625 1950/500/626 1949/501/627
f 1951/502/901 1953/503/694 1952/504/728
f 1954/505/902 1956/506/730 1955/507/696
f 1957/508/903 1959/509/904 1958/510/836
f 1960/511/905 1962/512/906 1961/513/839
f 1963/514/907 1965/515/908 1964/516/841
f 1966/517/909 1968/518/703 1967/519/817
f 1969/520/733 1971/521/647 1970/522/648
f 1972/523/681 1974/524/650 1973/525/651
f 1975/526/682 1977/527/705 1976/528/898
f 1978/529/685 1980/530/899 1979/531/788
f 1935/485/611 1939/490/662 1940/492/819
f 1942/493/664 1937/489/711 1944/494/692
f 1935/451/611 1938/532/661 1934/533/612
f 1944/534/692 1941/535/891 1943/536/892
f 1941/491/891 1945/496/900 1946/498/624
f 1948/499/625 1943/495/892 1950/500/626
f 1950/537/626 1947/538/623 1949/539/627
f 1945/496/900 1952/504/728 1947/497/623
f 1956/506/730 1948/499/625 1949/501/627
f 1956/540/730 1953/541/694 1955/542/696
f 1951/502/901 1958/510/836 1953/503/694
f 1962/512/906 1954/505/902 1955/507/696
f 1962/543/906 1959/544/904 1961/545/839
f 1957/508/903 1964/516/841 1959/509/904
f 1966/517/909 1961/513/839 1968/518/703
f 1968/546/703 1965/547/908 1967/548/817
f 1963/514/907 1970/522/648 1965/515/908
f 1972/523/681 1967/519/817 1974/524/650
f 1974/549/650 1971/550/647 1973/551/651
f 1969/520/733 1976/528/898 1971/521/647
f 1980/530/899 1972/523/681 1973/525/651
f 1980/552/899 1977/553/705 1979/554/788
f 1977/527/705 1933/484/707 1934/486/612
f 1936/487/709 1979/531/788 1938/488/661
f 1963/514/907 1951/502/901 1939/490/662
f 1940/555/819 1937/556/711 1935/557/611
f 1934/533/612 1979/554/788 1977/553/705
f 1960/511/905 1972/523/681 1936/487/709
f 1946/558/624 1943/536/892 1941/535/891
f 1952/559/728 1949/539/627 1947/538/623
f 1958/560/836 1955/542/696 1953/541/694
f 1964/561/841 1961/545/839 1959/544/904
f 1970/562/648 1967/548/817 1965/547/908
f 1976/563/898 1973/551/651 1971/550/647
f 1981/564/910 1983/565/911 1982/566/825
f 1984/567/912 1986/568/913 1985/569/828
f 1987/570/740 1989/571/885 1988/572/741
f 1990/573/619 1992/574/914 1991/575/886
f 1993/576/622 1995/577/623 1994/578/624
f 1996/579/667 1998/580/626 1997/581/627
f 1999/582/628 2001/583/714 2000/584/915
f 2002/585/631 2004/586/757 2003/587/633
f 2005/588/834 2007/589/674 2006/590/916
f 2008/591/837 2010/592/638 2009/593/917
f 2011/594/722 2013/595/888 2012/596/723
f 2014/597/643 2016/598/644 2015/599/889
f 2017/600/646 2019/601/647 2018/602/648
f 2020/603/649 2022/604/650 2021/605/651
f 2023/606/652 2025/607/653 2024/608/746
f 2026/609/655 2028/610/890 2027/611/657
f 1983/565/911 1987/570/740 1988/572/741
f 1990/573/619 1985/569/828 1992/574/914
f 1983/451/911 1986/612/913 1982/613/825
f 1992/614/914 1989/615/885 1991/616/886
f 1989/571/885 1993/576/622 1994/578/624
f 1996/579/667 1991/575/886 1998/580/626
f 1998/617/626 1995/618/623 1997/619/627
f 1995/577/623 1999/582/628 2000/584/915
f 2002/585/631 1997/581/627 2004/586/757
f 2004/620/757 2001/621/714 2003/622/633
f 1999/582/628 2006/590/916 2001/583/714
f 2010/592/638 2002/585/631 2003/587/633
f 2010/623/638 2007/624/674 2009/625/917
f 2007/589/674 2011/594/722 2012/596/723
f 2014/597/643 2009/593/917 2016/598/644
f 2016/626/644 2013/627/888 2015/628/889
f 2011/594/722 2018/602/648 2013/595/888
f 2022/604/650 2014/597/643 2015/599/889
f 2022/629/650 2019/630/647 2021/631/651
f 2019/601/647 2023/606/652 2024/608/746
f 2026/609/655 2021/605/651 2028/610/890
f 2028/632/890 2025/633/653 2027/634/657
f 2023/606/652 1982/566/825 2025/607/653
f 1986/568/913 2026/609/655 2027/611/657
f 2011/594/722 1999/582/628 1987/570/740
f 1988/635/741 1985/636/828 1983/637/911
f 1982/613/825 2027/634/657 2025/633/653
f 2008/591/837 2020/603/649 1984/567/912
f 1994/638/624 1991/616/886 1989/615/885
f 2000/639/915 1997/619/627 1995/618/623
f 2006/640/916 2003/622/633 2001/621/714
f 2012/641/723 2009/625/917 2007/624/674
f 2018/642/648 2015/628/889 2013/627/888
f 2024/643/746 2021/631/651 2019/630/647
f 2077/484/610 2079/485/687 2078/486/659
f 2080/487/613 2082/488/688 2081/489/615
f 2083/490/662 2085/491/617 2084/492/663
f 2086/493/801 2088/494/665 2087/495/621
f 2089/496/622 2091/497/623 2090/498/624
f 2092/499/667 2094/500/626 2093/501/627
f 2095/502/735 2097/503/669 2096/504/630
f 2098/505/729 2100/506/632 2099/507/672
f 2101/508/743 2103/509/759 2102/510/718
f 2104/511/744 2106/512/720 2105/513/721
f 2107/514/736 2109/515/641 2108/516/677
f 2110/517/702 2112/518/679 2111/519/680
f 2113/520/646 2115/521/647 2114/522/648
f 2116/523/649 2118/524/650 2117/525/651
f 2119/526/795 2121/527/683 2120/528/654
f 2122/529/796 2124/530/656 2123/531/686
f 2077/484/610 2084/492/663 2079/485/687
f 2088/494/665 2080/487/613 2081/489/615
f 2079/451/687 2082/532/688 2078/533/659
f 2088/534/665 2085/535/617 2087/536/621
f 2085/491/617 2089/496/622 2090/498/624
f 2092/499/667 2087/495/621 2094/500/626
f 2094/537/626 2091/538/623 2093/539/627
f 2089/496/622 2096/504/630 2091/497/623
f 2100/506/632 2092/499/667 2093/501/627
f 2100/540/632 2097/541/669 2099/542/672
f 2097/503/669 2101/508/743 2102/510/718
f 2104/511/744 2099/507/672 2106/512/720
f 2106/543/720 2103/544/759 2105/545/721
f 2101/508/743 2108/516/677 2103/509/759
f 2112/518/679 2104/511/744 2105/513/721
f 2112/546/679 2109/547/641 2111/548/680
f 2109/515/641 2113/520/646 2114/522/648
f 2116/523/649 2111/519/680 2118/524/650
f 2118/549/650 2115/550/647 2117/551/651
f 2113/520/646 2120/528/654 2115/521/647
f 2124/530/656 2116/523/649 2117/525/651
f 2124/552/656 2121/553/683 2123/554/686
f 2121/527/683 2077/484/610 2078/486/659
f 2080/487/613 2123/531/686 2082/488/688
f 2107/514/736 2095/502/735 2083/490/662
f 2084/555/663 2081/556/615 2079/557/687
f 2078/533/659 2123/554/686 2121/553/683
f 2104/511/744 2116/523/649 2080/487/613
f 2090/558/624 2087/536/621 2085/535/617
f 2096/559/630 2093/539/627 2091/538/623
f 2102/560/718 2099/542/672 2097/541/669
f 2108/561/677 2105/545/721 2103/544/759
f 2114/562/648 2111/548/680 2109/547/641
f 2120/563/654 2117/551/651 2115/550/647
f 2125/564/919 2127/565/883 2126/566/920
f 2128/567/738 2130/568/789 2129/569/921
f 2131/570/662 2133/571/617 2132/572/663
f 2134/573/801 2136/574/665 2135/575/621
f 2137/576/622 2139/577/623 2138/578/624
f 2140/579/667 2142/580/626 2141/581/627
f 2143/582/628 2145/583/669 2144/584/915
f 2146/585/631 2148/586/757 2147/587/672
f 2149/588/884 2151/589/847 2150/590/848
f 2152/591/719 2154/592/850 2153/593/851
f 2155/594/722 2157/595/888 2156/596/677
f 2158/597/922 2160/598/679 2159/599/889
f 2161/600/646 2163/601/647 2162/602/648
f 2164/603/649 2166/604/650 2165/605/651
f 2167/606/795 2169/607/683 2168/608/654
f 2170/609/685 2172/610/656 2171/611/686
f 2125/564/919 2132/572/663 2127/565/883
f 2136/574/665 2128/567/738 2129/569/921
f 2127/451/883 2130/612/789 2126/613/920
f 2136/614/665 2133/615/617 2135/616/621
f 2133/571/617 2137/576/622 2138/578/624
f 2140/579/667 2135/575/621 2142/580/626
f 2142/617/626 2139/618/623 2141/619/627
f 2139/577/623 2143/582/628 2144/584/915
f 2146/585/631 2141/581/627 2148/586/757
f 2148/620/757 2145/621/669 2147/622/672
f 2145/583/669 2149/588/884 2150/590/848
f 2152/591/719 2147/587/672 2154/592/850
f 2154/623/850 2151/624/847 2153/625/851
f 2149/588/884 2156/596/677 2151/589/847
f 2160/598/679 2152/591/719 2153/593/851
f 2160/626/679 2157/627/888 2159/628/889
f 2155/594/722 2162/602/648 2157/595/888
f 2164/603/649 2159/599/889 2166/604/650
f 2166/629/650 2163/630/647 2165/631/651
f 2161/600/646 2168/608/654 2163/601/647
f 2172/610/656 2164/603/649 2165/605/651
f 2172/632/656 2169/633/683 2171/634/686
f 2169/607/683 2125/564/919 2126/566/920
f 2128/567/738 2171/611/686 2130/568/789
f 2155/594/722 2143/582/628 2131/570/662
f 2132/635/663 2129/636/921 2127/637/883
f 2126/613/920 2171/634/686 2169/633/683
f 2152/591/719 2164/603/649 2128/567/738
f 2138/638/624 2135/616/621 2133/615/617
f 2144/639/915 2141/619/627 2139/618/623
f 2150/640/848 2147/622/672 2145/621/669
f 2156/641/677 2153/625/851 2151/624/847
f 2162/642/648 2159/628/889 2157/627/888
f 2168/643/654 2165/631/651 2163/630/647
s 0
f 177/235/943 178/238/943 183/236/943
f 178/238/452 179/351/452 184/239/452
f 180/240/176 185/244/176 184/241/176
f 180/240/294 181/245/294 186/243/294
f 177/235/295 182/237/295 186/243/295
f 183/236/179 188/248/179 187/246/179
f 183/236/296 184/239/296 189/247/296
f 185/244/181 190/250/181 189/249/181
f 186/243/944 191/251/944 190/250/944
f 186/243/183 182/237/183 187/246/183
f 188/248/184 193/253/184 192/252/184
f 189/247/185 194/258/185 193/253/185
f 190/250/186 195/255/186 194/254/186
f 191/251/187 196/256/187 195/255/187
f 187/246/299 192/252/299 196/256/299
f 193/253/189 198/259/189 197/257/189
f 194/258/541 199/265/541 198/259/541
f 195/255/21 200/261/21 199/260/21
f 196/256/300 201/262/300 200/261/300
f 192/252/192 197/257/192 201/262/192
f 197/257/193 198/259/193 203/263/193
f 199/265/194 204/271/194 203/263/194
f 200/261/195 205/268/195 204/266/195
f 200/261/196 201/262/196 206/267/196
f 201/262/462 197/257/462 202/264/462
f 202/264/198 203/263/198 208/269/198
f 204/271/302 209/277/302 208/269/302
f 205/268/200 210/274/200 209/272/200
f 205/268/381 206/267/381 211/273/381
f 206/267/202 202/264/202 207/270/202
f 207/270/945 208/269/945 213/275/945
f 209/277/304 214/352/304 213/275/304
f 210/274/205 215/280/205 214/278/205
f 210/274/545 211/273/545 216/279/545
f 207/270/305 212/276/305 216/279/305
f 213/281/946 218/285/946 217/282/946
f 213/281/470 214/353/470 219/284/470
f 215/286/210 220/290/210 219/287/210
f 216/289/546 221/291/546 220/290/546
f 216/289/306 212/283/306 217/282/306
f 217/282/213 218/285/213 223/292/213
f 218/285/307 219/284/307 224/294/307
f 220/290/215 225/296/215 224/295/215
f 221/291/388 226/297/388 225/296/388
f 217/282/217 222/293/217 226/297/217
f 222/293/947 223/292/947 228/298/947
f 223/292/219 224/294/219 229/300/219
f 225/296/220 230/302/220 229/301/220
f 226/297/221 231/303/221 230/302/221
f 222/293/948 227/299/948 231/303/948
f 228/298/223 233/305/223 232/304/223
f 229/300/550 234/310/550 233/305/550
f 230/302/24 235/307/24 234/306/24
f 231/303/311 236/308/311 235/307/311
f 227/299/226 232/304/226 236/308/226
f 233/305/227 238/311/227 237/309/227
f 234/310/228 239/317/228 238/311/228
f 235/307/229 240/314/229 239/312/229
f 235/307/230 236/308/230 241/313/230
f 236/308/313 232/304/313 237/309/313
f 237/309/232 238/311/232 243/315/232
f 239/317/314 244/321/314 243/315/314
f 240/314/234 245/320/234 244/318/234
f 240/314/949 241/313/949 246/319/949
f 237/309/236 242/316/236 246/319/236
f 243/315/950 178/238/950 177/235/950
f 244/321/316 179/351/316 178/238/316
f 245/320/239 180/240/239 179/242/239
f 246/319/317 181/245/317 180/240/317
f 246/319/318 242/316/318 177/235/318
f 303/235/174 304/238/174 309/236/174
f 305/351/175 310/239/175 309/236/175
f 306/240/176 311/244/176 310/241/176
f 307/245/177 312/243/177 311/244/177
f 307/245/295 303/235/295 308/237/295
f 308/237/179 309/236/179 314/248/179
f 310/239/296 315/247/296 314/248/296
f 311/244/181 316/250/181 315/249/181
f 311/244/944 312/243/944 317/251/944
f 308/237/183 313/246/183 317/251/183
f 313/246/456 314/248/456 319/253/456
f 315/247/185 320/258/185 319/253/185
f 316/250/186 321/255/186 320/254/186
f 316/250/373 317/251/373 322/256/373
f 317/251/299 313/246/299 318/252/299
f 319/253/189 324/259/189 323/257/189
f 320/258/190 325/265/190 324/259/190
f 321/255/21 326/261/21 325/260/21
f 322/256/300 327/262/300 326/261/300
f 318/252/192 323/257/192 327/262/192
f 324/259/955 329/263/955 328/264/955
f 324/259/194 325/265/194 330/271/194
f 326/261/195 331/268/195 330/266/195
f 327/262/377 332/267/377 331/268/377
f 327/262/462 323/257/462 328/264/462
f 328/264/198 329/263/198 334/269/198
f 330/271/199 335/277/199 334/269/199
f 331/268/200 336/274/200 335/272/200
f 331/268/201 332/267/201 337/273/201
f 332/267/202 328/264/202 333/270/202
f 334/269/203 339/275/203 338/276/203
f 334/269/304 335/277/304 340/352/304
f 336/274/205 341/280/205 340/278/205
f 336/274/545 337/273/545 342/279/545
f 333/270/305 338/276/305 342/279/305
f 339/281/208 344/285/208 343/282/208
f 340/353/209 345/284/209 344/285/209
f 341/286/210 346/290/210 345/287/210
f 342/289/546 347/291/546 346/290/546
f 342/289/306 338/283/306 343/282/306
f 343/282/213 344/285/213 349/292/213
f 344/285/214 345/284/214 350/294/214
f 346/290/215 351/296/215 350/295/215
f 347/291/216 352/297/216 351/296/216
f 347/291/217 343/282/217 348/293/217
f 348/293/476 349/292/476 354/298/476
f 349/292/219 350/294/219 355/300/219
f 351/296/220 356/302/220 355/301/220
f 351/296/549 352/297/549 357/303/549
f 348/293/222 353/299/222 357/303/222
f 354/298/223 359/305/223 358/304/223
f 355/300/224 360/310/224 359/305/224
f 356/302/24 361/307/24 360/306/24
f 357/303/311 362/308/311 361/307/311
f 353/299/226 358/304/226 362/308/226
f 358/304/552 359/305/552 364/311/552
f 360/310/228 365/317/228 364/311/228
f 361/307/229 366/314/229 365/312/229
f 361/307/956 362/308/956 367/313/956
f 358/304/313 363/309/313 367/313/313
f 364/311/232 369/315/232 368/316/232
f 364/311/314 365/317/314 370/321/314
f 366/314/234 371/320/234 370/318/234
f 367/313/949 372/319/949 371/320/949
f 363/309/236 368/316/236 372/319/236
f 368/316/237 369/315/237 304/238/237
f 369/315/316 370/321/316 305/351/316
f 371/320/239 306/240/239 305/242/239
f 372/319/317 307/245/317 306/240/317
f 368/316/318 303/235/318 307/245/318
f 429/235/963 430/238/963 435/236/963
f 430/238/452 431/351/452 436/239/452
f 432/240/176 437/244/176 436/241/176
f 433/245/177 438/243/177 437/244/177
f 433/245/964 429/235/964 434/237/964
f 435/236/965 440/248/965 439/246/965
f 435/236/296 436/239/296 441/247/296
f 437/244/297 442/250/297 441/249/297
f 438/243/944 443/251/944 442/250/944
f 438/243/183 434/237/183 439/246/183
f 440/248/184 445/253/184 444/252/184
f 440/248/457 441/247/457 446/258/457
f 442/250/966 447/255/966 446/254/966
f 443/251/187 448/256/187 447/255/187
f 443/251/299 439/246/299 444/252/299
f 445/253/967 450/259/967 449/257/967
f 446/258/541 451/265/541 450/259/541
f 447/255/21 452/261/21 451/260/21
f 448/256/460 453/262/460 452/261/460
f 444/252/968 449/257/968 453/262/968
f 449/257/969 450/259/969 455/263/969
f 450/259/461 451/265/461 456/271/461
f 452/261/970 457/268/970 456/266/970
f 453/262/196 458/267/196 457/268/196
f 449/257/971 454/264/971 458/267/971
f 454/264/972 455/263/972 460/269/972
f 456/271/199 461/277/199 460/269/199
f 457/268/303 462/274/303 461/272/303
f 457/268/973 458/267/973 463/273/973
f 454/264/202 459/270/202 463/273/202
f 460/269/945 465/275/945 464/276/945
f 461/277/304 466/352/304 465/275/304
f 462/274/205 467/280/205 466/278/205
f 462/274/545 463/273/545 468/279/545
f 459/270/469 464/276/469 468/279/469
f 464/283/946 465/281/946 470/285/946
f 465/281/470 466/353/470 471/284/470
f 467/286/210 472/290/210 471/287/210
f 468/289/546 473/291/546 472/290/546
f 468/289/473 464/283/473 469/282/473
f 470/285/974 475/292/974 474/293/974
f 470/285/214 471/284/214 476/294/214
f 472/290/308 477/296/308 476/295/308
f 473/291/388 478/297/388 477/296/388
f 473/291/975 469/282/975 474/293/975
f 475/292/976 480/298/976 479/299/976
f 476/294/219 481/300/219 480/298/219
f 477/296/977 482/302/977 481/301/977
f 477/296/221 478/297/221 483/303/221
f 478/297/978 474/293/978 479/299/978
f 480/298/979 485/305/979 484/304/979
f 481/300/550 486/310/550 485/305/550
f 482/302/24 487/307/24 486/306/24
f 483/303/480 488/308/480 487/307/480
f 479/299/980 484/304/980 488/308/980
f 484/304/981 485/305/981 490/311/981
f 485/305/228 486/310/228 491/317/228
f 487/307/982 492/314/982 491/312/982
f 488/308/230 493/313/230 492/314/230
f 484/304/313 489/309/313 493/313/313
f 489/309/983 490/311/983 495/315/983
f 490/311/984 491/317/984 496/321/984
f 492/314/396 497/320/396 496/318/396
f 493/313/949 498/319/949 497/320/949
f 489/309/985 494/316/985 498/319/985
f 495/315/986 430/238/986 429/235/986
f 496/321/316 431/351/316 430/238/316
f 497/320/239 432/240/239 431/242/239
f 497/320/240 498/319/240 433/245/240
f 494/316/987 429/235/987 433/245/987
f 555/235/992 556/238/992 561/236/992
f 557/351/993 562/239/993 561/236/993
f 558/240/453 563/244/453 562/241/453
f 559/245/294 564/243/294 563/244/294
f 559/245/994 555/235/994 560/237/994
f 561/236/995 566/248/995 565/246/995
f 562/239/296 567/247/296 566/248/296
f 563/244/181 568/250/181 567/249/181
f 563/244/996 564/243/996 569/251/996
f 560/237/997 565/246/997 569/251/997
f 565/246/184 566/248/184 571/253/184
f 567/247/185 572/258/185 571/253/185
f 568/250/186 573/255/186 572/254/186
f 568/250/373 569/251/373 574/256/373
f 569/251/998 565/246/998 570/252/998
f 571/253/189 576/259/189 575/257/189
f 572/258/190 577/265/190 576/259/190
f 573/255/21 578/261/21 577/260/21
f 574/256/300 579/262/300 578/261/300
f 570/252/192 575/257/192 579/262/192
f 576/259/193 581/263/193 580/264/193
f 576/259/194 577/265/194 582/271/194
f 578/261/195 583/268/195 582/266/195
f 579/262/377 584/267/377 583/268/377
f 579/262/462 575/257/462 580/264/462
f 580/264/999 581/263/999 586/269/999
f 582/271/199 587/277/199 586/269/199
f 583/268/200 588/274/200 587/272/200
f 584/267/201 589/273/201 588/274/201
f 584/267/382 580/264/382 585/270/382
f 585/270/203 586/269/203 591/275/203
f 587/277/304 592/352/304 591/275/304
f 588/274/467 593/280/467 592/278/467
f 589/273/206 594/279/206 593/280/206
f 589/273/305 585/270/305 590/276/305
f 590/283/385 591/281/385 596/285/385
f 592/353/1000 597/284/1000 596/285/1000
f 593/286/471 598/290/471 597/287/471
f 593/286/211 594/289/211 599/291/211
f 590/283/306 595/282/306 599/291/306
f 595/282/213 596/285/213 601/292/213
f 597/284/307 602/294/307 601/292/307
f 598/290/215 603/296/215 602/295/215
f 598/290/1001 599/291/1001 604/297/1001
f 599/291/1002 595/282/1002 600/293/1002
f 600/293/1003 601/292/1003 606/298/1003
f 602/294/219 607/300/219 606/298/219
f 603/296/220 608/302/220 607/301/220
f 603/296/549 604/297/549 609/303/549
f 600/293/1004 605/299/1004 609/303/1004
f 606/298/979 611/305/979 610/304/979
f 607/300/224 612/310/224 611/305/224
f 608/302/24 613/307/24 612/306/24
f 609/303/311 614/308/311 613/307/311
f 605/299/226 610/304/226 614/308/226
f 611/305/227 616/311/227 615/309/227
f 611/305/228 612/310/228 617/317/228
f 613/307/229 618/314/229 617/312/229
f 614/308/956 619/313/956 618/314/956
f 610/304/1005 615/309/1005 619/313/1005
f 616/311/1006 621/315/1006 620/316/1006
f 616/311/314 617/317/314 622/321/314
f 618/314/234 623/320/234 622/318/234
f 619/313/235 624/319/235 623/320/235
f 615/309/1007 620/316/1007 624/319/1007
f 621/315/986 556/238/986 555/235/986
f 622/321/316 557/351/316 556/238/316
f 623/320/485 558/240/485 557/242/485
f 623/320/317 624/319/317 559/245/317
f 620/316/1008 555/235/1008 559/245/1008
f 681/235/1015 682/238/1015 687/236/1015
f 682/238/452 683/351/452 688/239/452
f 684/240/176 689/244/176 688/241/176
f 684/240/294 685/245/294 690/243/294
f 685/245/295 681/235/295 686/237/295
f 687/236/1016 692/248/1016 691/246/1016
f 688/239/296 693/247/296 692/248/296
f 689/244/181 694/250/181 693/249/181
f 690/243/182 695/251/182 694/250/182
f 690/243/1017 686/237/1017 691/246/1017
f 691/246/1018 692/248/1018 697/253/1018
f 692/248/298 693/247/298 698/258/298
f 694/250/186 699/255/186 698/254/186
f 695/251/1019 700/256/1019 699/255/1019
f 691/246/1020 696/252/1020 700/256/1020
f 697/253/967 702/259/967 701/257/967
f 698/258/541 703/265/541 702/259/541
f 699/255/21 704/261/21 703/260/21
f 700/256/191 705/262/191 704/261/191
f 696/252/1021 701/257/1021 705/262/1021
f 702/259/1022 707/263/1022 706/264/1022
f 703/265/194 708/271/194 707/263/194
f 704/261/195 709/268/195 708/266/195
f 704/261/1023 705/262/1023 710/267/1023
f 705/262/1024 701/257/1024 706/264/1024
f 707/263/1025 712/269/1025 711/270/1025
f 708/271/380 713/277/380 712/269/380
f 709/268/200 714/274/200 713/272/200
f 710/267/381 715/273/381 714/274/381
f 706/264/1026 711/270/1026 715/273/1026
f 712/269/1027 717/275/1027 716/276/1027
f 713/277/204 718/352/204 717/275/204
f 714/274/205 719/280/205 718/278/205
f 715/273/206 720/279/206 719/280/206
f 715/273/305 711/270/305 716/276/305
f 716/283/1028 717/281/1028 722/285/1028
f 717/281/470 718/353/470 723/284/470
f 719/286/210 724/290/210 723/287/210
f 719/286/211 720/289/211 725/291/211
f 716/283/306 721/282/306 725/291/306
f 722/285/1029 727/292/1029 726/293/1029
f 723/284/307 728/294/307 727/292/307
f 724/290/215 729/296/215 728/295/215
f 725/291/216 730/297/216 729/296/216
f 721/282/217 726/293/217 730/297/217
f 726/293/1003 727/292/1003 732/298/1003
f 727/292/309 728/294/309 733/300/309
f 729/296/220 734/302/220 733/301/220
f 729/296/221 730/297/221 735/303/221
f 730/297/1004 726/293/1004 731/299/1004
f 732/298/1030 737/305/1030 736/304/1030
f 733/300/550 738/310/550 737/305/550
f 734/302/24 739/307/24 738/306/24
f 735/303/225 740/308/225 739/307/225
f 731/299/980 736/304/980 740/308/980
f 737/305/1031 742/311/1031 741/309/1031
f 738/310/228 743/317/228 742/311/228
f 739/307/229 744/314/229 743/312/229
f 739/307/1032 740/308/1032 745/313/1032
f 740/308/1033 736/304/1033 741/309/1033
f 742/311/1006 747/315/1006 746/316/1006
f 743/317/984 748/321/984 747/315/984
f 744/314/234 749/320/234 748/318/234
f 744/314/315 745/313/315 750/319/315
f 741/309/1007 746/316/1007 750/319/1007
f 747/315/1034 682/238/1034 681/235/1034
f 748/321/238 683/351/238 682/238/238
f 749/320/239 684/240/239 683/242/239
f 750/319/317 685/245/317 684/240/317
f 750/319/318 746/316/318 681/235/318
f 808/238/1015 813/236/1015 812/237/1015
f 808/238/175 809/351/175 814/239/175
f 810/240/176 815/244/176 814/241/176
f 811/245/294 816/243/294 815/244/294
f 811/245/295 807/235/295 812/237/295
f 813/236/1039 818/248/1039 817/246/1039
f 814/239/296 819/247/296 818/248/296
f 815/244/181 820/250/181 819/249/181
f 815/244/182 816/243/182 821/251/182
f 816/243/183 812/237/183 817/246/183
f 818/248/1040 823/253/1040 822/252/1040
f 818/248/185 819/247/185 824/258/185
f 820/250/966 825/255/966 824/254/966
f 821/251/373 826/256/373 825/255/373
f 817/246/1020 822/252/1020 826/256/1020
f 823/253/967 828/259/967 827/257/967
f 824/258/190 829/265/190 828/259/190
f 825/255/21 830/261/21 829/260/21
f 826/256/300 831/262/300 830/261/300
f 822/252/192 827/257/192 831/262/192
f 827/257/969 828/259/969 833/263/969
f 828/259/194 829/265/194 834/271/194
f 830/261/970 835/268/970 834/266/970
f 831/262/377 836/267/377 835/268/377
f 827/257/1024 832/264/1024 836/267/1024
f 832/264/1041 833/263/1041 838/269/1041
f 833/263/302 834/271/302 839/277/302
f 835/268/200 840/274/200 839/272/200
f 836/267/201 841/273/201 840/274/201
f 836/267/202 832/264/202 837/270/202
f 837/270/1027 838/269/1027 843/275/1027
f 839/277/204 844/352/204 843/275/204
f 840/274/205 845/280/205 844/278/205
f 840/274/206 841/273/206 846/279/206
f 841/273/305 837/270/305 842/276/305
f 843/281/1028 848/285/1028 847/282/1028
f 843/281/209 844/353/209 849/284/209
f 845/286/210 850/290/210 849/287/210
f 845/286/211 846/289/211 851/291/211
f 846/289/306 842/283/306 847/282/306
f 847/282/213 848/285/213 853/292/213
f 849/284/307 854/294/307 853/292/307
f 850/290/215 855/296/215 854/295/215
f 850/290/1001 851/291/1001 856/297/1001
f 847/282/217 852/293/217 856/297/217
f 853/292/976 858/298/976 857/299/976
f 854/294/219 859/300/219 858/298/219
f 855/296/977 860/302/977 859/301/977
f 855/296/549 856/297/549 861/303/549
f 856/297/1004 852/293/1004 857/299/1004
f 858/298/979 863/305/979 862/304/979
f 859/300/224 864/310/224 863/305/224
f 860/302/24 865/307/24 864/306/24
f 861/303/311 866/308/311 865/307/311
f 857/299/226 862/304/226 866/308/226
f 863/305/981 868/311/981 867/309/981
f 864/310/228 869/317/228 868/311/228
f 865/307/982 870/314/982 869/312/982
f 866/308/956 871/313/956 870/314/956
f 866/308/1033 862/304/1033 867/309/1033
f 867/309/232 868/311/232 873/315/232
f 868/311/314 869/317/314 874/321/314
f 870/314/234 875/320/234 874/318/234
f 871/313/235 876/319/235 875/320/235
f 867/309/236 872/316/236 876/319/236
f 873/315/1034 808/238/1034 807/235/1034
f 873/315/238 874/321/238 809/351/238
f 875/320/239 810/240/239 809/242/239
f 875/320/317 876/319/317 811/245/317
f 872/316/318 807/235/318 811/245/318
s 1
f 927/485/611 925/484/658 931/490/662
f 934/493/664 928/487/660 929/489/615
f 927/451/611 929/660/615 930/532/661
f 936/534/665 932/555/663 933/535/617
f 933/491/617 931/490/662 937/496/622
f 940/499/667 934/493/664 935/495/666
f 942/537/626 938/558/624 939/538/623
f 939/497/623 937/496/622 943/502/668
f 946/505/671 940/499/667 941/501/627
f 948/540/632 944/559/670 945/541/669
f 945/503/669 943/502/668 949/508/673
f 952/511/675 946/505/671 947/507/672
f 954/543/638 950/560/636 951/544/674
f 949/508/673 955/514/676 956/516/677
f 958/517/678 952/511/675 953/513/639
f 960/546/679 956/561/677 957/547/641
f 955/514/676 961/520/646 962/522/648
f 964/523/681 958/517/678 959/519/680
f 966/549/650 962/562/648 963/550/647
f 961/520/646 967/526/682 968/528/684
f 970/529/685 964/523/681 965/525/651
f 972/552/656 968/563/684 969/553/683
f 967/526/682 925/484/658 926/486/659
f 930/488/661 928/487/660 970/529/685
f 931/490/662 925/484/658 967/526/682
f 967/526/682 961/520/646 955/514/676
f 955/514/676 949/508/673 943/502/668
f 943/502/668 937/496/622 931/490/662
f 931/490/662 967/526/682 955/514/676
f 932/555/663 936/534/665 929/556/615
f 926/533/659 930/532/661 971/554/686
f 928/487/660 934/493/664 940/499/667
f 940/499/667 946/505/671 952/511/675
f 952/511/675 958/517/678 964/523/681
f 964/523/681 970/529/685 928/487/660
f 928/487/660 940/499/667 952/511/675
f 938/558/624 942/537/626 935/536/666
f 944/559/670 948/540/632 941/539/627
f 950/560/636 954/543/638 947/542/672
f 956/561/677 960/546/679 953/545/639
f 962/562/648 966/549/650 959/548/680
f 968/563/684 972/552/656 965/551/651
f 973/564/658 979/570/689 980/572/690
f 984/574/692 982/573/691 976/567/660
f 975/451/687 977/660/615 978/612/688
f 984/614/692 980/635/690 981/615/617
f 979/570/689 985/576/622 986/578/624
f 990/580/626 988/579/667 982/573/691
f 990/617/626 986/638/624 987/618/623
f 987/577/623 985/576/622 991/582/693
f 994/585/695 988/579/667 989/581/627
f 996/620/632 992/639/630 993/621/694
f 991/582/693 997/588/697 998/590/698
f 1002/592/699 1000/591/637 994/585/695
f 1002/623/699 998/640/698 999/624/635
f 997/588/697 1003/594/700 1004/596/701
f 1008/598/703 1006/597/702 1000/591/637
f 1008/626/703 1004/641/701 1005/627/641
f 1005/595/641 1003/594/700 1009/600/646
f 1012/603/649 1006/597/702 1007/599/645
f 1014/629/650 1010/642/648 1011/630/647
f 1011/601/647 1009/600/646 1015/606/704
f 1018/609/685 1012/603/649 1013/605/651
f 1020/632/656 1016/643/654 1017/633/705
f 1015/606/704 973/564/658 974/566/659
f 978/568/688 976/567/660 1018/609/685
f 979/570/689 973/564/658 1015/606/704
f 1015/606/704 1009/600/646 1003/594/700
f 1003/594/700 997/588/697 991/582/693
f 991/582/693 985/576/622 979/570/689
f 979/570/689 1015/606/704 1003/594/700
f 980/635/690 984/614/692 977/636/615
f 974/613/659 978/612/688 1019/634/706
f 976/567/660 982/573/691 988/579/667
f 988/579/667 994/585/695 1000/591/637
f 1000/591/637 1006/597/702 1012/603/649
f 1012/603/649 1018/609/685 976/567/660
f 976/567/660 988/579/667 1000/591/637
f 986/638/624 990/617/626 983/616/621
f 992/639/630 996/620/632 989/619/627
f 998/640/698 1002/623/699 995/622/696
f 1004/641/701 1008/626/703 1001/625/639
f 1010/642/648 1014/629/650 1007/628/645
f 1016/643/654 1020/632/656 1013/631/651
f 1071/485/726 1069/484/707 1075/490/662
f 1078/493/664 1072/487/709 1073/489/711
f 1071/451/726 1073/660/711 1074/532/614
f 1080/534/665 1076/555/690 1077/535/727
f 1077/491/727 1075/490/662 1081/496/622
f 1084/499/625 1078/493/664 1079/495/666
f 1086/537/626 1082/558/624 1083/538/623
f 1081/496/622 1087/502/693 1088/504/728
f 1092/506/730 1090/505/729 1084/499/625
f 1092/540/730 1088/559/728 1089/541/694
f 1089/503/694 1087/502/693 1093/508/673
f 1096/511/731 1090/505/729 1091/507/696
f 1098/543/699 1094/560/698 1095/544/635
f 1093/508/673 1099/514/700 1100/516/701
f 1104/518/703 1102/517/732 1096/511/731
f 1104/546/703 1100/561/701 1101/547/641
f 1099/514/700 1105/520/733 1106/522/648
f 1110/524/650 1108/523/649 1102/517/732
f 1110/549/650 1106/562/648 1107/550/647
f 1105/520/733 1111/526/682 1112/528/684
f 1116/530/734 1114/529/685 1108/523/649
f 1116/552/734 1112/563/684 1113/553/683
f 1111/526/682 1069/484/707 1070/486/612
f 1074/488/614 1072/487/709 1114/529/685
f 1075/490/662 1069/484/707 1111/526/682
f 1111/526/682 1105/520/733 1099/514/700
f 1099/514/700 1093/508/673 1087/502/693
f 1087/502/693 1081/496/622 1075/490/662
f 1075/490/662 1111/526/682 1099/514/700
f 1076/555/690 1080/534/665 1073/556/711
f 1070/533/612 1074/532/614 1115/554/706
f 1072/487/709 1078/493/664 1084/499/625
f 1084/499/625 1090/505/729 1096/511/731
f 1096/511/731 1102/517/732 1108/523/649
f 1108/523/649 1114/529/685 1072/487/709
f 1072/487/709 1084/499/625 1096/511/731
f 1082/558/624 1086/537/626 1079/536/666
f 1088/559/728 1092/540/730 1085/539/627
f 1094/560/698 1098/543/699 1091/542/696
f 1100/561/701 1104/546/703 1097/545/639
f 1106/562/648 1110/549/650 1103/548/645
f 1112/563/684 1116/552/734 1109/551/651
f 1119/565/726 1117/564/707 1123/570/662
f 1126/573/664 1120/567/709 1121/569/711
f 1119/451/726 1121/660/711 1122/612/614
f 1128/614/665 1124/635/663 1125/615/617
f 1123/570/662 1129/576/622 1130/578/624
f 1132/579/667 1126/573/664 1127/575/621
f 1134/617/626 1130/638/624 1131/618/623
f 1131/577/623 1129/576/622 1135/582/735
f 1138/585/729 1132/579/667 1133/581/627
f 1140/620/632 1136/639/630 1137/621/694
f 1135/582/735 1141/588/697 1142/590/698
f 1146/592/699 1144/591/637 1138/585/729
f 1146/623/699 1142/640/698 1143/624/674
f 1141/588/697 1147/594/736 1148/596/677
f 1150/597/702 1144/591/637 1145/593/639
f 1152/626/703 1148/641/677 1149/627/641
f 1147/594/736 1153/600/646 1154/602/648
f 1158/604/650 1156/603/649 1150/597/702
f 1158/629/650 1154/642/648 1155/630/647
f 1155/601/647 1153/600/646 1159/606/682
f 1164/610/656 1162/609/685 1156/603/649
f 1164/632/656 1160/643/654 1161/633/683
f 1159/606/682 1117/564/707 1118/566/612
f 1122/568/614 1120/567/709 1162/609/685
f 1123/570/662 1117/564/707 1159/606/682
f 1159/606/682 1153/600/646 1147/594/736
f 1147/594/736 1141/588/697 1135/582/735
f 1135/582/735 1129/576/622 1123/570/662
f 1123/570/662 1159/606/682 1147/594/736
f 1124/635/663 1128/614/665 1121/636/711
f 1118/613/612 1122/612/614 1163/634/686
f 1120/567/709 1126/573/664 1132/579/667
f 1132/579/667 1138/585/729 1144/591/637
f 1144/591/637 1150/597/702 1156/603/649
f 1156/603/649 1162/609/685 1120/567/709
f 1120/567/709 1132/579/667 1144/591/637
f 1130/638/624 1134/617/626 1127/616/621
f 1136/639/630 1140/620/632 1133/619/627
f 1142/640/698 1146/623/699 1139/622/696
f 1148/641/677 1152/626/703 1145/625/639
f 1154/642/648 1158/629/650 1151/628/645
f 1160/643/654 1164/632/656 1157/631/651
f 1213/484/610 1219/490/662 1220/492/690
f 1224/494/692 1222/493/664 1216/487/613
f 1215/451/611 1217/660/615 1218/532/661
f 1224/534/692 1220/555/690 1221/535/727
f 1221/491/727 1219/490/662 1225/496/622
f 1228/499/667 1222/493/664 1223/495/666
f 1230/537/626 1226/558/624 1227/538/623
f 1225/496/622 1231/502/668 1232/504/670
f 1236/506/750 1234/505/749 1228/499/667
f 1236/540/750 1232/559/670 1233/541/748
f 1233/503/748 1231/502/668 1237/508/697
f 1240/511/637 1234/505/749 1235/507/672
f 1242/543/699 1238/560/698 1239/544/635
f 1239/509/635 1237/508/697 1243/514/736
f 1246/517/678 1240/511/637 1241/513/639
f 1248/546/752 1244/561/677 1245/547/751
f 1245/515/751 1243/514/736 1249/520/646
f 1252/523/649 1246/517/678 1247/519/680
f 1254/549/650 1250/562/648 1251/550/647
f 1249/520/646 1255/526/682 1256/528/684
f 1260/530/734 1258/529/685 1252/523/649
f 1260/552/734 1256/563/684 1257/553/705
f 1255/526/682 1213/484/610 1214/486/659
f 1216/487/613 1258/529/685 1259/531/706
f 1219/490/662 1213/484/610 1255/526/682
f 1255/526/682 1249/520/646 1243/514/736
f 1243/514/736 1237/508/697 1231/502/668
f 1231/502/668 1225/496/622 1219/490/662
f 1219/490/662 1255/526/682 1243/514/736
f 1220/555/690 1224/534/692 1217/556/615
f 1214/533/659 1218/532/661 1259/554/706
f 1216/487/613 1222/493/664 1228/499/667
f 1228/499/667 1234/505/749 1240/511/637
f 1240/511/637 1246/517/678 1252/523/649
f 1252/523/649 1258/529/685 1216/487/613
f 1216/487/613 1228/499/667 1240/511/637
f 1226/558/624 1230/537/626 1223/536/666
f 1232/559/670 1236/540/750 1229/539/627
f 1238/560/698 1242/543/699 1235/542/672
f 1244/561/677 1248/546/752 1241/545/639
f 1250/562/648 1254/549/650 1247/548/680
f 1256/563/684 1260/552/734 1253/551/651
f 1261/564/753 1267/570/712 1268/572/755
f 1272/574/756 1270/573/619 1264/567/754
f 1263/451/611 1265/660/711 1266/612/661
f 1272/614/756 1268/635/755 1269/615/727
f 1269/571/727 1267/570/712 1273/576/622
f 1276/579/667 1270/573/619 1271/575/621
f 1278/617/626 1274/638/624 1275/618/623
f 1273/576/622 1279/582/628 1280/584/630
f 1284/586/757 1282/585/631 1276/579/667
f 1284/620/757 1280/639/630 1281/621/748
f 1279/582/628 1285/588/743 1286/590/698
f 1290/592/720 1288/591/744 1282/585/631
f 1290/623/720 1286/640/698 1287/624/759
f 1287/589/759 1285/588/743 1291/594/722
f 1294/597/643 1288/591/744 1289/593/639
f 1296/626/752 1292/641/760 1293/627/751
f 1291/594/722 1297/600/646 1298/602/648
f 1300/603/649 1294/597/643 1295/599/645
f 1302/629/650 1298/642/648 1299/630/647
f 1297/600/646 1303/606/652 1304/608/654
f 1306/609/762 1300/603/649 1301/605/651
f 1308/632/734 1304/643/654 1305/633/761
f 1305/607/761 1303/606/652 1261/564/753
f 1264/567/754 1306/609/762 1307/611/763
f 1267/570/712 1261/564/753 1303/606/652
f 1303/606/652 1297/600/646 1291/594/722
f 1291/594/722 1285/588/743 1279/582/628
f 1279/582/628 1273/576/622 1267/570/712
f 1267/570/712 1303/606/652 1291/594/722
f 1268/635/755 1272/614/756 1265/636/711
f 1262/613/612 1266/612/661 1307/634/763
f 1264/567/754 1270/573/619 1276/579/667
f 1276/579/667 1282/585/631 1288/591/744
f 1288/591/744 1294/597/643 1300/603/649
f 1300/603/649 1306/609/762 1264/567/754
f 1264/567/754 1276/579/667 1288/591/744
f 1274/638/624 1278/617/626 1271/616/621
f 1280/639/630 1284/620/757 1277/619/627
f 1286/640/698 1290/623/720 1283/622/758
f 1292/641/760 1296/626/752 1289/625/639
f 1298/642/648 1302/629/650 1295/628/645
f 1304/643/654 1308/632/734 1301/631/651
f 1357/484/753 1363/490/662 1364/492/663
f 1366/493/691 1360/487/709 1361/489/615
f 1359/451/687 1361/660/615 1362/532/661
f 1368/534/756 1364/555/663 1365/535/617
f 1363/490/662 1369/496/622 1370/498/624
f 1374/500/782 1372/499/667 1366/493/691
f 1374/537/782 1370/558/624 1371/538/781
f 1371/497/781 1369/496/622 1375/502/783
f 1378/505/749 1372/499/667 1373/501/627
f 1380/540/632 1376/559/630 1377/541/669
f 1377/503/669 1375/502/783 1381/508/634
f 1384/511/744 1378/505/749 1379/507/784
f 1386/543/720 1382/560/718 1383/544/759
f 1381/508/634 1387/514/700 1388/516/785
f 1392/518/679 1390/517/678 1384/511/744
f 1392/546/679 1388/561/785 1389/547/641
f 1389/515/641 1387/514/700 1393/520/646
f 1396/523/649 1390/517/678 1391/519/680
f 1398/549/787 1394/562/648 1395/550/786
f 1393/520/646 1399/526/704 1400/528/684
f 1404/530/656 1402/529/724 1396/523/649
f 1404/552/656 1400/563/684 1401/553/761
f 1399/526/704 1357/484/753 1358/486/659
f 1362/488/661 1360/487/709 1402/529/724
f 1363/490/662 1357/484/753 1399/526/704
f 1399/526/704 1393/520/646 1387/514/700
f 1387/514/700 1381/508/634 1375/502/783
f 1375/502/783 1369/496/622 1363/490/662
f 1363/490/662 1399/526/704 1387/514/700
f 1364/555/663 1368/534/756 1361/556/615
f 1358/533/659 1362/532/661 1403/554/788
f 1360/487/709 1366/493/691 1372/499/667
f 1372/499/667 1378/505/749 1384/511/744
f 1384/511/744 1390/517/678 1396/523/649
f 1396/523/649 1402/529/724 1360/487/709
f 1360/487/709 1372/499/667 1384/511/744
f 1370/558/624 1374/537/782 1367/536/621
f 1376/559/630 1380/540/632 1373/539/627
f 1382/560/718 1386/543/720 1379/542/784
f 1388/561/785 1392/546/679 1385/545/721
f 1394/562/648 1398/549/787 1391/548/680
f 1400/563/684 1404/552/656 1397/551/651
f 1407/565/726 1405/564/610 1411/570/689
f 1414/573/691 1408/567/613 1409/569/711
f 1407/451/726 1409/660/711 1410/612/789
f 1416/614/756 1412/635/755 1413/615/727
f 1413/571/727 1411/570/689 1417/576/622
f 1420/579/667 1414/573/691 1415/575/666
f 1422/617/791 1418/638/624 1419/618/790
f 1417/576/622 1423/582/735 1424/584/630
f 1428/586/750 1426/585/729 1420/579/667
f 1428/620/750 1424/639/630 1425/621/792
f 1423/582/735 1429/588/634 1430/590/698
f 1434/592/699 1432/591/637 1426/585/729
f 1434/623/699 1430/640/698 1431/624/635
f 1429/588/634 1435/594/700 1436/596/701
f 1440/598/793 1438/597/702 1432/591/637
f 1440/626/793 1436/641/701 1437/627/751
f 1437/595/751 1435/594/700 1441/600/646
f 1444/603/649 1438/597/702 1439/599/645
f 1446/629/777 1442/642/648 1443/630/794
f 1441/600/646 1447/606/795 1448/608/684
f 1452/610/734 1450/609/796 1444/603/649
f 1452/632/734 1448/643/684 1449/633/683
f 1449/607/683 1447/606/795 1405/564/610
f 1408/567/613 1450/609/796 1451/611/686
f 1411/570/689 1405/564/610 1447/606/795
f 1447/606/795 1441/600/646 1435/594/700
f 1435/594/700 1429/588/634 1423/582/735
f 1423/582/735 1417/576/622 1411/570/689
f 1411/570/689 1447/606/795 1435/594/700
f 1412/635/755 1416/614/756 1409/636/711
f 1406/613/737 1410/612/789 1451/634/686
f 1408/567/613 1414/573/691 1420/579/667
f 1420/579/667 1426/585/729 1432/591/637
f 1432/591/637 1438/597/702 1444/603/649
f 1444/603/649 1450/609/796 1408/567/613
f 1408/567/613 1420/579/667 1432/591/637
f 1418/638/624 1422/617/791 1415/616/666
f 1424/639/630 1428/620/750 1421/619/627
f 1430/640/698 1434/623/699 1427/622/784
f 1436/641/701 1440/626/793 1433/625/639
f 1442/642/648 1446/629/777 1439/628/645
f 1448/643/684 1452/632/734 1445/631/651
f 1503/485/611 1501/484/753 1507/490/689
f 1510/493/813 1504/487/754 1505/489/615
f 1503/451/611 1505/660/615 1506/532/661
f 1512/534/814 1508/555/755 1509/535/617
f 1509/491/617 1507/490/689 1513/496/622
f 1516/499/667 1510/493/813 1511/495/666
f 1518/537/782 1514/558/624 1515/538/781
f 1513/496/622 1519/502/735 1520/504/728
f 1524/506/815 1522/505/729 1516/499/667
f 1524/540/815 1520/559/728 1521/541/748
f 1519/502/735 1525/508/673 1526/510/698
f 1530/512/699 1528/511/731 1522/505/729
f 1530/543/699 1526/560/698 1527/544/635
f 1527/509/635 1525/508/673 1531/514/700
f 1534/517/702 1528/511/731 1529/513/639
f 1536/546/752 1532/561/677 1533/547/816
f 1533/515/816 1531/514/700 1537/520/646
f 1540/523/681 1534/517/702 1535/519/817
f 1542/549/787 1538/562/648 1539/550/786
f 1539/521/786 1537/520/646 1543/526/652
f 1546/529/724 1540/523/681 1541/525/651
f 1548/552/656 1544/563/654 1545/553/818
f 1543/526/652 1501/484/753 1502/486/659
f 1506/488/661 1504/487/754 1546/529/724
f 1507/490/689 1501/484/753 1543/526/652
f 1543/526/652 1537/520/646 1531/514/700
f 1531/514/700 1525/508/673 1519/502/735
f 1519/502/735 1513/496/622 1507/490/689
f 1507/490/689 1543/526/652 1531/514/700
f 1508/555/755 1512/534/814 1505/556/615
f 1502/533/659 1506/532/661 1547/554/763
f 1504/487/754 1510/493/813 1516/499/667
f 1516/499/667 1522/505/729 1528/511/731
f 1528/511/731 1534/517/702 1540/523/681
f 1540/523/681 1546/529/724 1504/487/754
f 1504/487/754 1516/499/667 1528/511/731
f 1514/558/624 1518/537/782 1511/536/666
f 1520/559/728 1524/540/815 1517/539/627
f 1526/560/698 1530/543/699 1523/542/672
f 1532/561/677 1536/546/752 1529/545/639
f 1538/562/648 1542/549/787 1535/548/817
f 1544/563/654 1548/552/656 1541/551/651
f 1551/565/726 1549/564/707 1555/570/662
f 1558/573/664 1552/567/709 1553/569/711
f 1551/451/726 1553/660/711 1554/612/688
f 1560/614/692 1556/635/819 1557/615/617
f 1557/571/617 1555/570/662 1561/576/622
f 1564/579/667 1558/573/664 1559/575/666
f 1566/617/626 1562/638/624 1563/618/623
f 1561/576/622 1567/582/783 1568/584/630
f 1570/585/729 1564/579/667 1565/581/627
f 1572/620/632 1568/639/630 1569/621/748
f 1567/582/783 1573/588/697 1574/590/636
f 1576/591/675 1570/585/729 1571/587/784
f 1578/623/720 1574/640/636 1575/624/759
f 1573/588/697 1579/594/700 1580/596/785
f 1582/597/678 1576/591/675 1577/593/820
f 1584/626/752 1580/641/785 1581/627/641
f 1581/595/641 1579/594/700 1585/600/646
f 1588/603/649 1582/597/678 1583/599/645
f 1590/629/650 1586/642/648 1587/630/647
f 1585/600/646 1591/606/821 1592/608/684
f 1596/610/656 1594/609/796 1588/603/649
f 1596/632/656 1592/643/684 1593/633/822
f 1593/607/822 1591/606/821 1549/564/707
f 1552/567/709 1594/609/796 1595/611/686
f 1555/570/662 1549/564/707 1591/606/821
f 1591/606/821 1585/600/646 1579/594/700
f 1579/594/700 1573/588/697 1567/582/783
f 1567/582/783 1561/576/622 1555/570/662
f 1555/570/662 1591/606/821 1579/594/700
f 1556/635/819 1560/614/692 1553/636/711
f 1550/613/659 1554/612/688 1595/634/686
f 1552/567/709 1558/573/664 1564/579/667
f 1564/579/667 1570/585/729 1576/591/675
f 1576/591/675 1582/597/678 1588/603/649
f 1588/603/649 1594/609/796 1552/567/709
f 1552/567/709 1564/579/667 1576/591/675
f 1562/638/624 1566/617/626 1559/616/666
f 1568/639/630 1572/620/632 1565/619/627
f 1574/640/636 1578/623/720 1571/622/784
f 1580/641/785 1584/626/752 1577/625/820
f 1586/642/648 1590/629/650 1583/628/645
f 1592/643/684 1596/632/656 1589/631/651
f 1645/484/753 1651/490/662 1652/492/663
f 1656/494/665 1654/493/664 1648/487/613
f 1647/451/845 1649/660/615 1650/532/846
f 1656/534/665 1652/555/663 1653/535/766
f 1651/490/662 1657/496/622 1658/498/624
f 1662/500/626 1660/499/667 1654/493/664
f 1662/537/626 1658/558/624 1659/538/623
f 1659/497/623 1657/496/622 1663/502/735
f 1666/505/729 1660/499/667 1661/501/627
f 1668/540/771 1664/559/804 1665/541/694
f 1665/503/694 1663/502/735 1669/508/743
f 1672/511/849 1666/505/729 1667/507/696
f 1674/543/850 1670/560/848 1671/544/847
f 1669/508/743 1675/514/700 1676/516/701
f 1680/518/703 1678/517/702 1672/511/849
f 1680/546/703 1676/561/701 1677/547/852
f 1675/514/700 1681/520/646 1682/522/648
f 1684/523/649 1678/517/702 1679/519/680
f 1686/549/777 1682/562/648 1683/550/647
f 1683/521/647 1681/520/646 1687/526/682
f 1690/529/685 1684/523/649 1685/525/651
f 1692/552/844 1688/563/684 1689/553/683
f 1689/527/683 1687/526/682 1645/484/753
f 1648/487/613 1690/529/685 1691/531/686
f 1651/490/662 1645/484/753 1687/526/682
f 1687/526/682 1681/520/646 1675/514/700
f 1675/514/700 1669/508/743 1663/502/735
f 1663/502/735 1657/496/622 1651/490/662
f 1651/490/662 1687/526/682 1675/514/700
f 1652/555/663 1656/534/665 1649/556/615
f 1646/533/659 1650/532/846 1691/554/686
f 1648/487/613 1654/493/664 1660/499/667
f 1660/499/667 1666/505/729 1672/511/849
f 1672/511/849 1678/517/702 1684/523/649
f 1684/523/649 1690/529/685 1648/487/613
f 1648/487/613 1660/499/667 1672/511/849
f 1658/558/624 1662/537/626 1655/536/666
f 1664/559/804 1668/540/771 1661/539/627
f 1670/560/848 1674/543/850 1667/542/696
f 1676/561/701 1680/546/703 1673/545/851
f 1682/562/648 1686/549/777 1679/548/680
f 1688/563/684 1692/552/844 1685/551/651
f 1695/565/726 1693/564/707 1699/570/712
f 1702/573/691 1696/567/754 1697/569/711
f 1695/451/726 1697/660/711 1698/612/688
f 1704/614/756 1700/635/755 1701/615/617
f 1701/571/617 1699/570/712 1705/576/622
f 1708/579/667 1702/573/691 1703/575/621
f 1710/617/626 1706/638/624 1707/618/623
f 1705/576/622 1711/582/735 1712/584/630
f 1716/586/632 1714/585/729 1708/579/667
f 1716/620/632 1712/639/630 1713/621/853
f 1713/583/853 1711/582/735 1717/588/634
f 1720/591/744 1714/585/729 1715/587/672
f 1722/623/720 1718/640/698 1719/624/759
f 1717/588/634 1723/594/700 1724/596/677
f 1728/598/854 1726/597/702 1720/591/744
f 1728/626/854 1724/641/677 1725/627/641
f 1725/595/641 1723/594/700 1729/600/646
f 1732/603/649 1726/597/702 1727/599/645
f 1734/629/650 1730/642/648 1731/630/647
f 1729/600/646 1735/606/704 1736/608/654
f 1740/610/656 1738/609/685 1732/603/649
f 1740/632/656 1736/643/654 1737/633/761
f 1735/606/704 1693/564/707 1694/566/612
f 1696/567/754 1738/609/685 1739/611/706
f 1699/570/712 1693/564/707 1735/606/704
f 1735/606/704 1729/600/646 1723/594/700
f 1723/594/700 1717/588/634 1711/582/735
f 1711/582/735 1705/576/622 1699/570/712
f 1699/570/712 1735/606/704 1723/594/700
f 1700/635/755 1704/614/756 1697/636/711
f 1694/613/612 1698/612/688 1739/634/706
f 1696/567/754 1702/573/691 1708/579/667
f 1708/579/667 1714/585/729 1720/591/744
f 1720/591/744 1726/597/702 1732/603/649
f 1732/603/649 1738/609/685 1696/567/754
f 1696/567/754 1708/579/667 1720/591/744
f 1706/638/624 1710/617/626 1703/616/621
f 1712/639/630 1716/620/632 1709/619/627
f 1718/640/698 1722/623/720 1715/622/672
f 1724/641/677 1728/626/854 1721/625/639
f 1730/642/648 1734/629/650 1727/628/645
f 1736/643/654 1740/632/656 1733/631/651
f 1789/484/658 1795/490/829 1796/492/663
f 1798/493/691 1792/487/754 1793/489/615
f 1791/451/883 1793/660/615 1794/532/661
f 1800/534/756 1796/555/663 1797/535/617
f 1797/491/617 1795/490/829 1801/496/622
f 1804/499/667 1798/493/691 1799/495/621
f 1806/537/626 1802/558/624 1803/538/623
f 1801/496/622 1807/502/783 1808/504/630
f 1810/505/749 1804/499/667 1805/501/627
f 1812/540/632 1808/559/630 1809/541/792
f 1809/503/792 1807/502/783 1813/508/884
f 1816/511/719 1810/505/749 1811/507/672
f 1818/543/850 1814/560/718 1815/544/847
f 1813/508/884 1819/514/736 1820/516/677
f 1824/518/793 1822/517/678 1816/511/719
f 1824/546/793 1820/561/677 1821/547/641
f 1819/514/736 1825/520/646 1826/522/648
f 1830/524/650 1828/523/681 1822/517/678
f 1830/549/650 1826/562/648 1827/550/647
f 1825/520/646 1831/526/682 1832/528/654
f 1836/530/656 1834/529/724 1828/523/681
f 1836/552/656 1832/563/654 1833/553/761
f 1831/526/682 1789/484/658 1790/486/659
f 1794/488/661 1792/487/754 1834/529/724
f 1795/490/829 1789/484/658 1831/526/682
f 1831/526/682 1825/520/646 1819/514/736
f 1819/514/736 1813/508/884 1807/502/783
f 1807/502/783 1801/496/622 1795/490/829
f 1795/490/829 1831/526/682 1819/514/736
f 1796/555/663 1800/534/756 1793/556/615
f 1790/533/659 1794/532/661 1835/554/763
f 1792/487/754 1798/493/691 1804/499/667
f 1804/499/667 1810/505/749 1816/511/719
f 1816/511/719 1822/517/678 1828/523/681
f 1828/523/681 1834/529/724 1792/487/754
f 1792/487/754 1804/499/667 1816/511/719
f 1802/558/624 1806/537/626 1799/536/621
f 1808/559/630 1812/540/632 1805/539/627
f 1814/560/718 1818/543/850 1811/542/672
f 1820/561/677 1824/546/793 1817/545/721
f 1826/562/648 1830/549/650 1823/548/645
f 1832/563/654 1836/552/656 1829/551/651
f 1837/564/753 1843/570/616 1844/572/663
f 1846/573/619 1840/567/709 1841/569/711
f 1839/451/687 1841/660/711 1842/612/614
f 1848/614/756 1844/635/663 1845/615/885
f 1845/571/885 1843/570/616 1849/576/622
f 1852/579/625 1846/573/619 1847/575/886
f 1854/617/626 1850/638/624 1851/618/623
f 1849/576/622 1855/582/887 1856/584/630
f 1858/585/631 1852/579/625 1853/581/627
f 1860/620/757 1856/639/630 1857/621/669
f 1855/582/887 1861/588/673 1862/590/636
f 1866/592/699 1864/591/637 1858/585/631
f 1866/623/699 1862/640/636 1863/624/635
f 1861/588/673 1867/594/640 1868/596/785
f 1872/598/793 1870/597/678 1864/591/637
f 1872/626/793 1868/641/785 1869/627/888
f 1867/594/640 1873/600/733 1874/602/648
f 1878/604/650 1876/603/649 1870/597/678
f 1878/629/650 1874/642/648 1875/630/647
f 1873/600/733 1879/606/652 1880/608/746
f 1884/610/890 1882/609/655 1876/603/649
f 1884/632/890 1880/643/746 1881/633/761
f 1879/606/652 1837/564/753 1838/566/612
f 1842/568/614 1840/567/709 1882/609/655
f 1843/570/616 1837/564/753 1879/606/652
f 1879/606/652 1873/600/733 1867/594/640
f 1867/594/640 1861/588/673 1855/582/887
f 1855/582/887 1849/576/622 1843/570/616
f 1843/570/616 1879/606/652 1867/594/640
f 1844/635/663 1848/614/756 1841/636/711
f 1838/613/612 1842/612/614 1883/634/763
f 1840/567/709 1846/573/619 1852/579/625
f 1852/579/625 1858/585/631 1864/591/637
f 1864/591/637 1870/597/678 1876/603/649
f 1876/603/649 1882/609/655 1840/567/709
f 1840/567/709 1852/579/625 1864/591/637
f 1850/638/624 1854/617/626 1847/616/886
f 1856/639/630 1860/620/757 1853/619/627
f 1862/640/636 1866/623/699 1859/622/672
f 1868/641/785 1872/626/793 1865/625/639
f 1874/642/648 1878/629/650 1871/628/889
f 1880/643/746 1884/632/890 1877/631/651
f 1935/485/611 1933/484/707 1939/490/662
f 1942/493/664 1936/487/709 1937/489/711
f 1935/451/611 1937/660/711 1938/532/661
f 1944/534/692 1940/555/819 1941/535/891
f 1941/491/891 1939/490/662 1945/496/900
f 1948/499/625 1942/493/664 1943/495/892
f 1950/537/626 1946/558/624 1947/538/623
f 1945/496/900 1951/502/901 1952/504/728
f 1956/506/730 1954/505/902 1948/499/625
f 1956/540/730 1952/559/728 1953/541/694
f 1951/502/901 1957/508/903 1958/510/836
f 1962/512/906 1960/511/905 1954/505/902
f 1962/543/906 1958/560/836 1959/544/904
f 1957/508/903 1963/514/907 1964/516/841
f 1966/517/909 1960/511/905 1961/513/839
f 1968/546/703 1964/561/841 1965/547/908
f 1963/514/907 1969/520/733 1970/522/648
f 1972/523/681 1966/517/909 1967/519/817
f 1974/549/650 1970/562/648 1971/550/647
f 1969/520/733 1975/526/682 1976/528/898
f 1980/530/899 1978/529/685 1972/523/681
f 1980/552/899 1976/563/898 1977/553/705
f 1977/527/705 1975/526/682 1933/484/707
f 1936/487/709 1978/529/685 1979/531/788
f 1939/490/662 1933/484/707 1975/526/682
f 1975/526/682 1969/520/733 1963/514/907
f 1963/514/907 1957/508/903 1951/502/901
f 1951/502/901 1945/496/900 1939/490/662
f 1939/490/662 1975/526/682 1963/514/907
f 1940/555/819 1944/534/692 1937/556/711
f 1934/533/612 1938/532/661 1979/554/788
f 1936/487/709 1942/493/664 1948/499/625
f 1948/499/625 1954/505/902 1960/511/905
f 1960/511/905 1966/517/909 1972/523/681
f 1972/523/681 1978/529/685 1936/487/709
f 1936/487/709 1948/499/625 1960/511/905
f 1946/558/624 1950/537/626 1943/536/892
f 1952/559/728 1956/540/730 1949/539/627
f 1958/560/836 1962/543/906 1955/542/696
f 1964/561/841 1968/546/703 1961/545/839
f 1970/562/648 1974/549/650 1967/548/817
f 1976/563/898 1980/552/899 1973/551/651
f 1983/565/911 1981/564/910 1987/570/740
f 1990/573/619 1984/567/912 1985/569/828
f 1983/451/911 1985/660/828 1986/612/913
f 1992/614/914 1988/635/741 1989/615/885
f 1989/571/885 1987/570/740 1993/576/622
f 1996/579/667 1990/573/619 1991/575/886
f 1998/617/626 1994/638/624 1995/618/623
f 1995/577/623 1993/576/622 1999/582/628
f 2002/585/631 1996/579/667 1997/581/627
f 2004/620/757 2000/639/915 2001/621/714
f 1999/582/628 2005/588/834 2006/590/916
f 2010/592/638 2008/591/837 2002/585/631
f 2010/623/638 2006/640/916 2007/624/674
f 2007/589/674 2005/588/834 2011/594/722
f 2014/597/643 2008/591/837 2009/593/917
f 2016/626/644 2012/641/723 2013/627/888
f 2011/594/722 2017/600/646 2018/602/648
f 2022/604/650 2020/603/649 2014/597/643
f 2022/629/650 2018/642/648 2019/630/647
f 2019/601/647 2017/600/646 2023/606/652
f 2026/609/655 2020/603/649 2021/605/651
f 2028/632/890 2024/643/746 2025/633/653
f 2023/606/652 1981/564/910 1982/566/825
f 1986/568/913 1984/567/912 2026/609/655
f 1987/570/740 1981/564/910 2023/606/652
f 2023/606/652 2017/600/646 2011/594/722
f 2011/594/722 2005/588/834 1999/582/628
f 1999/582/628 1993/576/622 1987/570/740
f 1987/570/740 2023/606/652 2011/594/722
f 1988/635/741 1992/614/914 1985/636/828
f 1982/613/825 1986/612/913 2027/634/657
f 1984/567/912 1990/573/619 1996/579/667
f 1996/579/667 2002/585/631 2008/591/837
f 2008/591/837 2014/597/643 2020/603/649
f 2020/603/649 2026/609/655 1984/567/912
f 1984/567/912 1996/579/667 2008/591/837
f 1994/638/624 1998/617/626 1991/616/886
f 2000/639/915 2004/620/757 1997/619/627
f 2006/640/916 2010/623/638 2003/622/633
f 2012/641/723 2016/626/644 2009/625/917
f 2018/642/648 2022/629/650 2015/628/889
f 2024/643/746 2028/632/890 2021/631/651
f 2077/484/610 2083/490/662 2084/492/663
f 2088/494/665 2086/493/801 2080/487/613
f 2079/451/687 2081/660/615 2082/532/688
f 2088/534/665 2084/555/663 2085/535/617
f 2085/491/617 2083/490/662 2089/496/622
f 2092/499/667 2086/493/801 2087/495/621
f 2094/537/626 2090/558/624 2091/538/623
f 2089/496/622 2095/502/735 2096/504/630
f 2100/506/632 2098/505/729 2092/499/667
f 2100/540/632 2096/559/630 2097/541/669
f 2097/503/669 2095/502/735 2101/508/743
f 2104/511/744 2098/505/729 2099/507/672
f 2106/543/720 2102/560/718 2103/544/759
f 2101/508/743 2107/514/736 2108/516/677
f 2112/518/679 2110/517/702 2104/511/744
f 2112/546/679 2108/561/677 2109/547/641
f 2109/515/641 2107/514/736 2113/520/646
f 2116/523/649 2110/517/702 2111/519/680
f 2118/549/650 2114/562/648 2115/550/647
f 2113/520/646 2119/526/795 2120/528/654
f 2124/530/656 2122/529/796 2116/523/649
f 2124/552/656 2120/563/654 2121/553/683
f 2121/527/683 2119/526/795 2077/484/610
f 2080/487/613 2122/529/796 2123/531/686
f 2083/490/662 2077/484/610 2119/526/795
f 2119/526/795 2113/520/646 2107/514/736
f 2107/514/736 2101/508/743 2095/502/735
f 2095/502/735 2089/496/622 2083/490/662
f 2083/490/662 2119/526/795 2107/514/736
f 2084/555/663 2088/534/665 2081/556/615
f 2078/533/659 2082/532/688 2123/554/686
f 2080/487/613 2086/493/801 2092/499/667
f 2092/499/667 2098/505/729 2104/511/744
f 2104/511/744 2110/517/702 2116/523/649
f 2116/523/649 2122/529/796 2080/487/613
f 2080/487/613 2092/499/667 2104/511/744
f 2090/558/624 2094/537/626 2087/536/621
f 2096/559/630 2100/540/632 2093/539/627
f 2102/560/718 2106/543/720 2099/542/672
f 2108/561/677 2112/546/679 2105/545/721
f 2114/562/648 2118/549/650 2111/548/680
f 2120/563/654 2124/552/656 2117/551/651
f 2125/564/919 2131/570/662 2132/572/663
f 2136/574/665 2134/573/801 2128/567/738
f 2127/451/883 2129/660/921 2130/612/789
f 2136/614/665 2132/635/663 2133/615/617
f 2133/571/617 2131/570/662 2137/576/622
f 2140/579/667 2134/573/801 2135/575/621
f 2142/617/626 2138/638/624 2139/618/623
f 2139/577/623 2137/576/622 2143/582/628
f 2146/585/631 2140/579/667 2141/581/627
f 2148/620/757 2144/639/915 2145/621/669
f 2145/583/669 2143/582/628 2149/588/884
f 2152/591/719 2146/585/631 2147/587/672
f 2154/623/850 2150/640/848 2151/624/847
f 2149/588/884 2155/594/722 2156/596/677
f 2160/598/679 2158/597/922 2152/591/719
f 2160/626/679 2156/641/677 2157/627/888
f 2155/594/722 2161/600/646 2162/602/648
f 2164/603/649 2158/597/922 2159/599/889
f 2166/629/650 2162/642/648 2163/630/647
f 2161/600/646 2167/606/795 2168/608/654
f 2172/610/656 2170/609/685 2164/603/649
f 2172/632/656 2168/643/654 2169/633/683
f 2169/607/683 2167/606/795 2125/564/919
f 2128/567/738 2170/609/685 2171/611/686
f 2131/570/662 2125/564/919 2167/606/795
f 2167/606/795 2161/600/646 2155/594/722
f 2155/594/722 2149/588/884 2143/582/628
f 2143/582/628 2137/576/622 2131/570/662
f 2131/570/662 2167/606/795 2155/594/722
f 2132/635/663 2136/614/665 2129/636/921
f 2126/613/920 2130/612/789 2171/634/686
f 2128/567/738 2134/573/801 2140/579/667
f 2140/579/667 2146/585/631 2152/591/719
f 2152/591/719 2158/597/922 2164/603/649
f 2164/603/649 2170/609/685 2128/567/738
f 2128/567/738 2140/579/667 2152/591/719
f 2138/638/624 2142/617/626 2135/616/621
f 2144/639/915 2148/620/757 2141/619/627
f 2150/640/848 2154/623/850 2147/622/672
f 2156/641/677 2160/626/679 2153/625/851
f 2162/642/648 2166/629/650 2159/628/889
f 2168/643/654 2172/632/656 2165/631/651
