# Blender 5.2.1 LTS
# www.blender.org
mtllib SM_LT_HubSlice_GoodsCluster.mtl
o SM_LT_HubSlice_GoodsCluster.001
v 1827.892334 -711.157349 132.349991
v 1827.683594 -709.671936 133.849991
v 1826.406982 -711.366089 133.849991
v 1827.683594 -709.671936 153.949997
v 1827.892334 -711.157349 155.449997
v 1826.406982 -711.366089 153.949997
v 1841.392212 -807.213379 132.349991
v 1839.906738 -807.422119 133.849991
v 1841.600952 -808.698792 133.849991
v 1841.392212 -807.213379 155.449997
v 1841.600952 -808.698792 153.949997
v 1839.906738 -807.422119 153.949997
v 1958.607788 -692.786499 132.349991
v 1960.093140 -692.577759 133.849991
v 1958.399048 -691.301086 133.849991
v 1958.607788 -692.786499 155.449997
v 1958.399048 -691.301086 153.949997
v 1960.093140 -692.577759 153.949997
v 1972.107544 -788.842529 132.349991
v 1972.316406 -790.327942 133.849991
v 1973.593018 -788.633789 133.849991
v 1972.107544 -788.842529 155.449997
v 1973.593018 -788.633789 153.949997
v 1972.316406 -790.327942 153.949997
v 1827.892334 -711.157349 163.849991
v 1827.683594 -709.671936 165.349991
v 1826.406982 -711.366089 165.349991
v 1827.683594 -709.671936 185.449997
v 1827.892334 -711.157349 186.949997
v 1826.406982 -711.366089 185.449997
v 1841.392212 -807.213379 163.849991
v 1839.906738 -807.422119 165.349991
v 1841.600952 -808.698792 165.349991
v 1841.392212 -807.213379 186.949997
v 1841.600952 -808.698792 185.449997
v 1839.906738 -807.422119 185.449997
v 1958.607788 -692.786499 163.849991
v 1960.093140 -692.577759 165.349991
v 1958.399048 -691.301086 165.349991
v 1958.607788 -692.786499 186.949997
v 1958.399048 -691.301086 185.449997
v 1960.093140 -692.577759 185.449997
v 1972.107544 -788.842529 163.849991
v 1972.316406 -790.327942 165.349991
v 1973.593018 -788.633789 165.349991
v 1972.107544 -788.842529 186.949997
v 1973.593018 -788.633789 185.449997
v 1972.316406 -790.327942 185.449997
v 1827.892334 -711.157349 195.349991
v 1827.683594 -709.671936 196.849991
v 1826.406982 -711.366089 196.849991
v 1827.683594 -709.671936 216.949997
v 1827.892334 -711.157349 218.449997
v 1826.406982 -711.366089 216.949997
v 1841.392212 -807.213379 195.349991
v 1839.906738 -807.422119 196.849991
v 1841.600952 -808.698792 196.849991
v 1841.392212 -807.213379 218.449997
v 1841.600952 -808.698792 216.949997
v 1839.906738 -807.422119 216.949997
v 1958.607788 -692.786499 195.349991
v 1960.093140 -692.577759 196.849991
v 1958.399048 -691.301086 196.849991
v 1958.607788 -692.786499 218.449997
v 1958.399048 -691.301086 216.949997
v 1960.093140 -692.577759 216.949997
v 1972.107544 -788.842529 195.349991
v 1972.316406 -790.327942 196.849991
v 1973.593018 -788.633789 196.849991
v 1972.107544 -788.842529 218.449997
v 1973.593018 -788.633789 216.949997
v 1972.316406 -790.327942 216.949997
v 1831.818726 -714.057617 125.000000
v 1831.609985 -712.572205 126.500000
v 1830.333374 -714.266357 126.500000
v 1831.609985 -712.572205 228.500000
v 1831.818726 -714.057617 230.000000
v 1830.333374 -714.266357 228.500000
v 1832.514648 -719.008972 125.000000
v 1831.029175 -719.217712 126.500000
v 1832.723389 -720.494324 126.500000
v 1832.514648 -719.008972 230.000000
v 1832.723389 -720.494324 228.500000
v 1831.029175 -719.217712 228.500000
v 1967.485474 -694.990906 125.000000
v 1968.970825 -694.782104 126.500000
v 1967.276733 -693.505493 126.500000
v 1967.485474 -694.990906 230.000000
v 1967.276733 -693.505493 228.500000
v 1968.970825 -694.782104 228.500000
v 1968.181396 -699.942261 125.000000
v 1968.390137 -701.427612 126.500000
v 1969.666748 -699.733459 126.500000
v 1968.181396 -699.942261 230.000000
v 1969.666748 -699.733459 228.500000
v 1968.390137 -701.427612 228.500000
v 1831.818726 -800.057617 125.000000
v 1831.609985 -798.572205 126.500000
v 1830.333374 -800.266418 126.500000
v 1831.609985 -798.572205 228.500000
v 1831.818726 -800.057617 230.000000
v 1830.333374 -800.266418 228.500000
v 1832.514648 -805.008972 125.000000
v 1831.029175 -805.217712 126.500000
v 1832.723389 -806.494385 126.500000
v 1832.514648 -805.008972 230.000000
v 1832.723389 -806.494385 228.500000
v 1831.029175 -805.217712 228.500000
v 1967.485474 -780.990906 125.000000
v 1968.970947 -780.782166 126.500000
v 1967.276733 -779.505493 126.500000
v 1967.485474 -780.990906 230.000000
v 1967.276733 -779.505493 228.500000
v 1968.970947 -780.782166 228.500000
v 1968.181396 -785.942261 125.000000
v 1968.390137 -787.427673 126.500000
v 1969.666748 -785.733521 126.500000
v 1968.181396 -785.942261 230.000000
v 1969.666748 -785.733521 228.500000
v 1968.390137 -787.427673 228.500000
v 1832.376465 -699.844238 125.000000
v 1832.167725 -698.358826 126.500000
v 1830.890991 -700.052979 126.500000
v 1832.167725 -698.358826 228.500000
v 1832.376465 -699.844238 230.000000
v 1830.890991 -700.052979 228.500000
v 1846.572144 -800.851562 125.000000
v 1845.086670 -801.060303 126.500000
v 1846.780884 -802.336975 126.500000
v 1846.572144 -800.851562 230.000000
v 1846.780884 -802.336975 228.500000
v 1845.086670 -801.060303 228.500000
v 1837.327759 -699.148376 125.000000
v 1838.813232 -698.939575 126.500000
v 1837.119019 -697.662964 126.500000
v 1837.327759 -699.148376 230.000000
v 1837.119019 -697.662964 228.500000
v 1838.813232 -698.939575 228.500000
v 1851.523438 -800.155701 125.000000
v 1851.732178 -801.641113 126.500000
v 1853.008911 -799.946960 126.500000
v 1851.523438 -800.155701 230.000000
v 1853.008911 -799.946960 228.500000
v 1851.732178 -801.641113 228.500000
v 1948.476562 -699.844238 125.000000
v 1948.267822 -698.358826 126.500000
v 1946.991089 -700.052979 126.500000
v 1948.267822 -698.358826 228.500000
v 1948.476562 -699.844238 230.000000
v 1946.991089 -700.052979 228.500000
v 1962.672241 -800.851562 125.000000
v 1961.186768 -801.060364 126.500000
v 1962.880981 -802.336975 126.500000
v 1962.672241 -800.851562 230.000000
v 1962.880981 -802.336975 228.500000
v 1961.186768 -801.060364 228.500000
v 1953.427856 -699.148376 125.000000
v 1954.913330 -698.939575 126.500000
v 1953.219116 -697.662964 126.500000
v 1953.427856 -699.148376 230.000000
v 1953.219116 -697.662964 228.500000
v 1954.913330 -698.939575 228.500000
v 1967.623535 -800.155701 125.000000
v 1967.832275 -801.641113 126.500000
v 1969.108887 -799.946960 126.500000
v 1967.623535 -800.155701 230.000000
v 1969.108887 -799.946960 228.500000
v 1967.832275 -801.641113 228.500000
v 1961.057251 -654.663452 130.459991
v 1960.848511 -653.178101 131.959991
v 1959.571777 -654.872253 131.959991
v 1960.848511 -653.178101 146.119995
v 1961.057251 -654.663452 147.619995
v 1959.571777 -654.872253 146.119995
v 1972.886963 -738.836243 130.459991
v 1971.401611 -739.045044 131.959991
v 1973.095703 -740.321655 131.959991
v 1972.886963 -738.836243 147.619995
v 1973.095703 -740.321655 146.119995
v 1971.401611 -739.045044 146.119995
v 2057.113281 -641.163696 130.459991
v 2058.598633 -640.954895 131.959991
v 2056.904541 -639.678284 131.959991
v 2057.113281 -641.163696 147.619995
v 2056.904541 -639.678284 146.119995
v 2058.598633 -640.954895 146.119995
v 2068.942871 -725.336487 130.459991
v 2069.151611 -726.821899 131.959991
v 2070.428467 -725.127686 131.959991
v 2068.942871 -725.336487 147.619995
v 2070.428467 -725.127686 146.119995
v 2069.151611 -726.821899 146.119995
v 1961.057251 -654.663452 153.860001
v 1960.848511 -653.178101 155.360001
v 1959.571777 -654.872253 155.360001
v 1960.848511 -653.178101 169.520004
v 1961.057251 -654.663452 171.020004
v 1959.571777 -654.872253 169.520004
v 1972.886963 -738.836243 153.860001
v 1971.401611 -739.045044 155.360001
v 1973.095703 -740.321655 155.360001
v 1972.886963 -738.836243 171.020004
v 1973.095703 -740.321655 169.520004
v 1971.401611 -739.045044 169.520004
v 2057.113281 -641.163696 153.860001
v 2058.598633 -640.954895 155.360001
v 2056.904541 -639.678284 155.360001
v 2057.113281 -641.163696 171.020004
v 2056.904541 -639.678284 169.520004
v 2058.598633 -640.954895 169.520004
v 2068.942871 -725.336487 153.860001
v 2069.151611 -726.821899 155.360001
v 2070.428467 -725.127686 155.360001
v 2068.942871 -725.336487 171.020004
v 2070.428467 -725.127686 169.520004
v 2069.151611 -726.821899 169.520004
v 1961.057251 -654.663452 177.259995
v 1960.848511 -653.178101 178.759995
v 1959.571777 -654.872253 178.759995
v 1960.848511 -653.178101 192.919998
v 1961.057251 -654.663452 194.419998
v 1959.571777 -654.872253 192.919998
v 1972.886963 -738.836243 177.259995
v 1971.401611 -739.045044 178.759995
v 1973.095703 -740.321655 178.759995
v 1972.886963 -738.836243 194.419998
v 1973.095703 -740.321655 192.919998
v 1971.401611 -739.045044 192.919998
v 2057.113281 -641.163696 177.259995
v 2058.598633 -640.954895 178.759995
v 2056.904541 -639.678284 178.759995
v 2057.113281 -641.163696 194.419998
v 2056.904541 -639.678284 192.919998
v 2058.598633 -640.954895 192.919998
v 2068.942871 -725.336487 177.259995
v 2069.151611 -726.821899 178.759995
v 2070.428467 -725.127686 178.759995
v 2068.942871 -725.336487 194.419998
v 2070.428467 -725.127686 192.919998
v 2069.151611 -726.821899 192.919998
v 1964.148438 -656.782166 125.000000
v 1963.939697 -655.296753 126.500000
v 1962.662964 -656.990906 126.500000
v 1963.939697 -655.296753 201.500000
v 1964.148438 -656.782166 203.000000
v 1962.662964 -656.990906 201.500000
v 1964.844238 -661.733459 125.000000
v 1963.358887 -661.942261 126.500000
v 1965.053101 -663.218872 126.500000
v 1964.844238 -661.733459 203.000000
v 1965.053101 -663.218872 201.500000
v 1963.358887 -661.942261 201.500000
v 2065.155762 -642.586487 125.000000
v 2066.641113 -642.377747 126.500000
v 2064.947021 -641.101074 126.500000
v 2065.155762 -642.586487 203.000000
v 2064.947021 -641.101074 201.500000
v 2066.641113 -642.377747 201.500000
v 2065.851562 -647.537842 125.000000
v 2066.060303 -649.023193 126.500000
v 2067.336914 -647.329041 126.500000
v 2065.851562 -647.537842 203.000000
v 2067.336914 -647.329041 201.500000
v 2066.060303 -649.023193 201.500000
v 1964.148438 -732.462219 125.000000
v 1963.939697 -730.976807 126.500000
v 1962.663086 -732.670959 126.500000
v 1963.939697 -730.976807 201.500000
v 1964.148438 -732.462219 203.000000
v 1962.663086 -732.670959 201.500000
v 1964.844360 -737.413513 125.000000
v 1963.358887 -737.622314 126.500000
v 1965.053101 -738.898926 126.500000
v 1964.844360 -737.413513 203.000000
v 1965.053101 -738.898926 201.500000
v 1963.358887 -737.622314 201.500000
v 2065.155762 -718.266541 125.000000
v 2066.641113 -718.057800 126.500000
v 2064.947021 -716.781128 126.500000
v 2065.155762 -718.266541 203.000000
v 2064.947021 -716.781128 201.500000
v 2066.641113 -718.057800 201.500000
v 2065.851562 -723.217896 125.000000
v 2066.060547 -724.703247 126.500000
v 2067.337158 -723.009094 126.500000
v 2065.851562 -723.217896 203.000000
v 2067.337158 -723.009094 201.500000
v 2066.060547 -724.703247 201.500000
v 1963.261597 -645.785828 125.000000
v 1963.052856 -644.300415 126.500000
v 1961.776245 -645.994629 126.500000
v 1963.052856 -644.300415 201.500000
v 1963.261597 -645.785828 203.000000
v 1961.776245 -645.994629 201.500000
v 1975.787231 -734.909973 125.000000
v 1974.301758 -735.118713 126.500000
v 1975.995972 -736.395386 126.500000
v 1975.787231 -734.909973 203.000000
v 1975.995972 -736.395386 201.500000
v 1974.301758 -735.118713 201.500000
v 1968.213013 -645.089966 125.000000
v 1969.698364 -644.881226 126.500000
v 1968.004150 -643.604614 126.500000
v 1968.213013 -645.089966 203.000000
v 1968.004150 -643.604614 201.500000
v 1969.698364 -644.881226 201.500000
v 1980.738525 -734.214111 125.000000
v 1980.947266 -735.699524 126.500000
v 1982.223999 -734.005371 126.500000
v 1980.738525 -734.214111 203.000000
v 1982.223999 -734.005371 201.500000
v 1980.947266 -735.699524 201.500000
v 2049.261719 -645.785828 125.000000
v 2049.052979 -644.300415 126.500000
v 2047.776245 -645.994568 126.500000
v 2049.052979 -644.300415 201.500000
v 2049.261719 -645.785828 203.000000
v 2047.776245 -645.994568 201.500000
v 2061.787109 -734.909973 125.000000
v 2060.301758 -735.118713 126.500000
v 2061.996094 -736.395386 126.500000
v 2061.787109 -734.909973 203.000000
v 2061.996094 -736.395386 201.500000
v 2060.301758 -735.118713 201.500000
v 2054.212891 -645.089966 125.000000
v 2055.698486 -644.881226 126.500000
v 2054.004150 -643.604553 126.500000
v 2054.212891 -645.089966 203.000000
v 2054.004150 -643.604553 201.500000
v 2055.698486 -644.881226 201.500000
v 2066.738525 -734.214111 125.000000
v 2066.947266 -735.699463 126.500000
v 2068.223877 -734.005310 126.500000
v 2066.738525 -734.214111 203.000000
v 2068.223877 -734.005310 201.500000
v 2066.947266 -735.699463 201.500000
v 2130.000000 -665.948547 125.000000
v 2130.000000 -668.000000 127.000000
v 2130.000000 -665.948547 243.000000
v 2130.000000 -668.000000 241.000000
v 2149.936523 -661.398193 125.000000
v 2150.826416 -663.246521 127.000000
v 2149.936523 -661.398193 243.000000
v 2150.826416 -663.246521 241.000000
v 2165.924072 -648.648438 125.000000
v 2167.528076 -649.927490 127.000000
v 2165.924072 -648.648438 243.000000
v 2167.528076 -649.927490 241.000000
v 2174.796631 -630.224487 125.000000
v 2176.796631 -630.680969 127.000000
v 2174.796631 -630.224487 243.000000
v 2176.796631 -630.680969 241.000000
v 2174.796631 -609.775452 125.000000
v 2176.796631 -609.318970 127.000000
v 2174.796631 -609.775452 243.000000
v 2176.796631 -609.318970 241.000000
v 2165.924072 -591.351562 125.000000
v 2167.528076 -590.072449 127.000000
v 2165.924072 -591.351562 243.000000
v 2167.528076 -590.072449 241.000000
v 2149.936523 -578.601746 125.000000
v 2150.826416 -576.753479 127.000000
v 2149.936523 -578.601746 243.000000
v 2150.826416 -576.753479 241.000000
v 2130.000000 -574.051392 125.000000
v 2130.000000 -572.000000 127.000000
v 2130.000000 -574.051392 243.000000
v 2130.000000 -572.000000 241.000000
v 2110.063721 -578.601807 125.000000
v 2109.173584 -576.753479 127.000000
v 2110.063721 -578.601807 243.000000
v 2109.173584 -576.753479 241.000000
v 2094.076172 -591.351501 125.000000
v 2092.472168 -590.072510 127.000000
v 2094.076172 -591.351501 243.000000
v 2092.472168 -590.072510 241.000000
v 2085.203613 -609.775452 125.000000
v 2083.203613 -609.318970 127.000000
v 2085.203613 -609.775452 243.000000
v 2083.203613 -609.318970 241.000000
v 2085.203613 -630.224487 125.000000
v 2083.203613 -630.681030 127.000000
v 2085.203613 -630.224487 243.000000
v 2083.203613 -630.681030 241.000000
v 2094.076172 -648.648438 125.000000
v 2092.472168 -649.927490 127.000000
v 2094.076172 -648.648438 243.000000
v 2092.472168 -649.927490 241.000000
v 2110.063721 -661.398193 125.000000
v 2109.173584 -663.246460 127.000000
v 2110.063721 -661.398193 243.000000
v 2109.173584 -663.246460 241.000000
v 2182.000000 -620.000000 137.000000
v 2179.927246 -620.000000 139.853165
v 2176.572998 -620.000000 138.763351
v 2176.572998 -620.000000 135.236649
v 2179.927246 -620.000000 134.146835
v 2178.864014 -637.785034 137.000000
v 2176.916260 -637.076050 139.853165
v 2173.764404 -635.928894 138.763351
v 2173.764404 -635.928894 135.236649
v 2176.916260 -637.076050 134.146835
v 2169.834473 -653.424927 137.000000
v 2168.246338 -652.092468 139.853165
v 2165.677002 -649.936523 138.763351
v 2165.677002 -649.936523 135.236649
v 2168.246338 -652.092468 134.146835
v 2156.000000 -665.033325 137.000000
v 2154.963623 -663.238098 139.853165
v 2153.286621 -660.333374 138.763351
v 2153.286621 -660.333374 135.236649
v 2154.963623 -663.238098 134.146835
v 2139.029785 -671.209961 137.000000
v 2138.669922 -669.168518 139.853165
v 2138.087402 -665.865356 138.763351
v 2138.087402 -665.865356 135.236649
v 2138.669922 -669.168518 134.146835
v 2120.970459 -671.210022 137.000000
v 2121.330322 -669.168518 139.853165
v 2121.912842 -665.865417 138.763351
v 2121.912842 -665.865417 135.236649
v 2121.330322 -669.168518 134.146835
v 2104.000000 -665.033325 137.000000
v 2105.036621 -663.238098 139.853165
v 2106.713623 -660.333374 138.763351
v 2106.713623 -660.333374 135.236649
v 2105.036621 -663.238098 134.146835
v 2090.165771 -653.424927 137.000000
v 2091.753662 -652.092468 139.853165
v 2094.323242 -649.936523 138.763351
v 2094.323242 -649.936523 135.236649
v 2091.753662 -652.092468 134.146835
v 2081.135986 -637.785034 137.000000
v 2083.083984 -637.076050 139.853165
v 2086.235840 -635.928894 138.763351
v 2086.235840 -635.928894 135.236649
v 2083.083984 -637.076050 134.146835
v 2078.000000 -620.000000 137.000000
v 2080.072998 -620.000000 139.853165
v 2083.427246 -620.000000 138.763351
v 2083.427246 -620.000000 135.236649
v 2080.072998 -620.000000 134.146835
v 2081.135986 -602.214966 137.000000
v 2083.083984 -602.923950 139.853165
v 2086.235840 -604.071106 138.763351
v 2086.235840 -604.071106 135.236649
v 2083.083984 -602.923950 134.146835
v 2090.165771 -586.575073 137.000000
v 2091.753662 -587.907471 139.853165
v 2094.323242 -590.063477 138.763351
v 2094.323242 -590.063477 135.236649
v 2091.753662 -587.907471 134.146835
v 2104.000000 -574.966675 137.000000
v 2105.036621 -576.761902 139.853165
v 2106.713623 -579.666626 138.763351
v 2106.713623 -579.666626 135.236649
v 2105.036621 -576.761902 134.146835
v 2120.970459 -568.789978 137.000000
v 2121.330322 -570.831421 139.853165
v 2121.912842 -574.134583 138.763351
v 2121.912842 -574.134583 135.236649
v 2121.330322 -570.831421 134.146835
v 2139.029785 -568.789978 137.000000
v 2138.669922 -570.831421 139.853165
v 2138.087402 -574.134583 138.763351
v 2138.087402 -574.134583 135.236649
v 2138.669922 -570.831421 134.146835
v 2156.000000 -574.966675 137.000000
v 2154.963623 -576.761841 139.853165
v 2153.286621 -579.666626 138.763351
v 2153.286621 -579.666626 135.236649
v 2154.963623 -576.761841 134.146835
v 2169.834473 -586.575012 137.000000
v 2168.246338 -587.907471 139.853165
v 2165.677002 -590.063477 138.763351
v 2165.677002 -590.063477 135.236649
v 2168.246338 -587.907471 134.146835
v 2178.864014 -602.214966 137.000000
v 2176.916260 -602.923950 139.853165
v 2173.764404 -604.071106 138.763351
v 2173.764404 -604.071106 135.236649
v 2176.916260 -602.923950 134.146835
v 2182.000000 -620.000000 184.000000
v 2179.927246 -620.000000 186.853165
v 2176.572998 -620.000000 185.763351
v 2176.572998 -620.000000 182.236649
v 2179.927246 -620.000000 181.146835
v 2178.864014 -637.785034 184.000000
v 2176.916260 -637.076050 186.853165
v 2173.764404 -635.928894 185.763351
v 2173.764404 -635.928894 182.236649
v 2176.916260 -637.076050 181.146835
v 2169.834473 -653.424927 184.000000
v 2168.246338 -652.092468 186.853165
v 2165.677002 -649.936523 185.763351
v 2165.677002 -649.936523 182.236649
v 2168.246338 -652.092468 181.146835
v 2156.000000 -665.033325 184.000000
v 2154.963623 -663.238098 186.853165
v 2153.286621 -660.333374 185.763351
v 2153.286621 -660.333374 182.236649
v 2154.963623 -663.238098 181.146835
v 2139.029785 -671.209961 184.000000
v 2138.669922 -669.168518 186.853165
v 2138.087402 -665.865356 185.763351
v 2138.087402 -665.865356 182.236649
v 2138.669922 -669.168518 181.146835
v 2120.970459 -671.210022 184.000000
v 2121.330322 -669.168518 186.853165
v 2121.912842 -665.865417 185.763351
v 2121.912842 -665.865417 182.236649
v 2121.330322 -669.168518 181.146835
v 2104.000000 -665.033325 184.000000
v 2105.036621 -663.238098 186.853165
v 2106.713623 -660.333374 185.763351
v 2106.713623 -660.333374 182.236649
v 2105.036621 -663.238098 181.146835
v 2090.165771 -653.424927 184.000000
v 2091.753662 -652.092468 186.853165
v 2094.323242 -649.936523 185.763351
v 2094.323242 -649.936523 182.236649
v 2091.753662 -652.092468 181.146835
v 2081.135986 -637.785034 184.000000
v 2083.083984 -637.076050 186.853165
v 2086.235840 -635.928894 185.763351
v 2086.235840 -635.928894 182.236649
v 2083.083984 -637.076050 181.146835
v 2078.000000 -620.000000 184.000000
v 2080.072998 -620.000000 186.853165
v 2083.427246 -620.000000 185.763351
v 2083.427246 -620.000000 182.236649
v 2080.072998 -620.000000 181.146835
v 2081.135986 -602.214966 184.000000
v 2083.083984 -602.923950 186.853165
v 2086.235840 -604.071106 185.763351
v 2086.235840 -604.071106 182.236649
v 2083.083984 -602.923950 181.146835
v 2090.165771 -586.575073 184.000000
v 2091.753662 -587.907471 186.853165
v 2094.323242 -590.063477 185.763351
v 2094.323242 -590.063477 182.236649
v 2091.753662 -587.907471 181.146835
v 2104.000000 -574.966675 184.000000
v 2105.036621 -576.761902 186.853165
v 2106.713623 -579.666626 185.763351
v 2106.713623 -579.666626 182.236649
v 2105.036621 -576.761902 181.146835
v 2120.970459 -568.789978 184.000000
v 2121.330322 -570.831421 186.853165
v 2121.912842 -574.134583 185.763351
v 2121.912842 -574.134583 182.236649
v 2121.330322 -570.831421 181.146835
v 2139.029785 -568.789978 184.000000
v 2138.669922 -570.831421 186.853165
v 2138.087402 -574.134583 185.763351
v 2138.087402 -574.134583 182.236649
v 2138.669922 -570.831421 181.146835
v 2156.000000 -574.966675 184.000000
v 2154.963623 -576.761841 186.853165
v 2153.286621 -579.666626 185.763351
v 2153.286621 -579.666626 182.236649
v 2154.963623 -576.761841 181.146835
v 2169.834473 -586.575012 184.000000
v 2168.246338 -587.907471 186.853165
v 2165.677002 -590.063477 185.763351
v 2165.677002 -590.063477 182.236649
v 2168.246338 -587.907471 181.146835
v 2178.864014 -602.214966 184.000000
v 2176.916260 -602.923950 186.853165
v 2173.764404 -604.071106 185.763351
v 2173.764404 -604.071106 182.236649
v 2176.916260 -602.923950 181.146835
v 2182.000000 -620.000000 231.000000
v 2179.927246 -620.000000 233.853180
v 2176.572998 -620.000000 232.763367
v 2176.572998 -620.000000 229.236633
v 2179.927246 -620.000000 228.146820
v 2178.864014 -637.785034 231.000000
v 2176.916260 -637.076050 233.853180
v 2173.764404 -635.928894 232.763367
v 2173.764404 -635.928894 229.236633
v 2176.916260 -637.076050 228.146820
v 2169.834473 -653.424927 231.000000
v 2168.246338 -652.092468 233.853180
v 2165.677002 -649.936523 232.763367
v 2165.677002 -649.936523 229.236633
v 2168.246338 -652.092468 228.146820
v 2156.000000 -665.033325 231.000000
v 2154.963623 -663.238098 233.853180
v 2153.286621 -660.333374 232.763367
v 2153.286621 -660.333374 229.236633
v 2154.963623 -663.238098 228.146820
v 2139.029785 -671.209961 231.000000
v 2138.669922 -669.168518 233.853180
v 2138.087402 -665.865356 232.763367
v 2138.087402 -665.865356 229.236633
v 2138.669922 -669.168518 228.146820
v 2120.970459 -671.210022 231.000000
v 2121.330322 -669.168518 233.853180
v 2121.912842 -665.865417 232.763367
v 2121.912842 -665.865417 229.236633
v 2121.330322 -669.168518 228.146820
v 2104.000000 -665.033325 231.000000
v 2105.036621 -663.238098 233.853180
v 2106.713623 -660.333374 232.763367
v 2106.713623 -660.333374 229.236633
v 2105.036621 -663.238098 228.146820
v 2090.165771 -653.424927 231.000000
v 2091.753662 -652.092468 233.853180
v 2094.323242 -649.936523 232.763367
v 2094.323242 -649.936523 229.236633
v 2091.753662 -652.092468 228.146820
v 2081.135986 -637.785034 231.000000
v 2083.083984 -637.076050 233.853180
v 2086.235840 -635.928894 232.763367
v 2086.235840 -635.928894 229.236633
v 2083.083984 -637.076050 228.146820
v 2078.000000 -620.000000 231.000000
v 2080.072998 -620.000000 233.853180
v 2083.427246 -620.000000 232.763367
v 2083.427246 -620.000000 229.236633
v 2080.072998 -620.000000 228.146820
v 2081.135986 -602.214966 231.000000
v 2083.083984 -602.923950 233.853180
v 2086.235840 -604.071106 232.763367
v 2086.235840 -604.071106 229.236633
v 2083.083984 -602.923950 228.146820
v 2090.165771 -586.575073 231.000000
v 2091.753662 -587.907471 233.853180
v 2094.323242 -590.063477 232.763367
v 2094.323242 -590.063477 229.236633
v 2091.753662 -587.907471 228.146820
v 2104.000000 -574.966675 231.000000
v 2105.036621 -576.761902 233.853180
v 2106.713623 -579.666626 232.763367
v 2106.713623 -579.666626 229.236633
v 2105.036621 -576.761902 228.146820
v 2120.970459 -568.789978 231.000000
v 2121.330322 -570.831421 233.853180
v 2121.912842 -574.134583 232.763367
v 2121.912842 -574.134583 229.236633
v 2121.330322 -570.831421 228.146820
v 2139.029785 -568.789978 231.000000
v 2138.669922 -570.831421 233.853180
v 2138.087402 -574.134583 232.763367
v 2138.087402 -574.134583 229.236633
v 2138.669922 -570.831421 228.146820
v 2156.000000 -574.966675 231.000000
v 2154.963623 -576.761841 233.853180
v 2153.286621 -579.666626 232.763367
v 2153.286621 -579.666626 229.236633
v 2154.963623 -576.761841 228.146820
v 2169.834473 -586.575012 231.000000
v 2168.246338 -587.907471 233.853180
v 2165.677002 -590.063477 232.763367
v 2165.677002 -590.063477 229.236633
v 2168.246338 -587.907471 228.146820
v 2178.864014 -602.214966 231.000000
v 2176.916260 -602.923950 233.853180
v 2173.764404 -604.071106 232.763367
v 2173.764404 -604.071106 229.236633
v 2176.916260 -602.923950 228.146820
v 2153.860107 -619.599976 243.399994
v 2153.860107 -619.500000 243.500000
v 2153.760010 -619.599976 243.500000
v 2153.860107 -619.500000 244.100006
v 2153.860107 -619.599976 244.200012
v 2153.760010 -619.599976 244.100006
v 2153.860107 -620.399963 243.399994
v 2153.760010 -620.400024 243.500000
v 2153.860107 -620.500000 243.500000
v 2153.860107 -620.399963 244.200012
v 2153.860107 -620.500000 244.100006
v 2153.760010 -620.400024 244.100006
v 2175.260010 -619.599976 243.399994
v 2175.360107 -619.599976 243.500000
v 2175.260010 -619.500000 243.500000
v 2175.260010 -619.599976 244.200012
v 2175.260010 -619.500000 244.100006
v 2175.360107 -619.599976 244.100006
v 2175.260010 -620.400024 243.399994
v 2175.260010 -620.500000 243.500000
v 2175.360107 -620.399963 243.500000
v 2175.260010 -620.400024 244.200012
v 2175.360107 -620.399963 244.100006
v 2175.260010 -620.500000 244.100006
v 2147.154541 -636.588684 243.399994
v 2147.225098 -636.518005 243.500000
v 2147.083740 -636.518005 243.500000
v 2147.225098 -636.518005 244.100006
v 2147.154541 -636.588684 244.200012
v 2147.083740 -636.518005 244.100006
v 2146.588867 -637.154419 243.399994
v 2146.518066 -637.083679 243.500000
v 2146.518066 -637.225098 243.500000
v 2146.588867 -637.154419 244.200012
v 2146.518066 -637.225098 244.100006
v 2146.518066 -637.083679 244.100006
v 2162.286621 -651.720764 243.399994
v 2162.357178 -651.791504 243.500000
v 2162.357178 -651.650085 243.500000
v 2162.286621 -651.720764 244.200012
v 2162.357178 -651.650085 244.100006
v 2162.357178 -651.791504 244.100006
v 2161.720947 -652.286499 243.399994
v 2161.650146 -652.357178 243.500000
v 2161.791504 -652.357178 243.500000
v 2161.720947 -652.286499 244.200012
v 2161.791504 -652.357178 244.100006
v 2161.650146 -652.357178 244.100006
v 2130.400146 -643.859985 243.399994
v 2130.500000 -643.859985 243.500000
v 2130.400146 -643.759949 243.500000
v 2130.500000 -643.859985 244.100006
v 2130.400146 -643.859985 244.200012
v 2130.400146 -643.759949 244.100006
v 2129.600098 -643.859985 243.399994
v 2129.600098 -643.759949 243.500000
v 2129.500000 -643.859985 243.500000
v 2129.600098 -643.859985 244.200012
v 2129.500000 -643.859985 244.100006
v 2129.600098 -643.759949 244.100006
v 2130.400146 -665.259949 243.399994
v 2130.400146 -665.359985 243.500000
v 2130.500000 -665.259949 243.500000
v 2130.400146 -665.259949 244.200012
v 2130.500000 -665.259949 244.100006
v 2130.400146 -665.359985 244.100006
v 2129.600098 -665.259949 243.399994
v 2129.500000 -665.259949 243.500000
v 2129.600098 -665.359985 243.500000
v 2129.600098 -665.259949 244.200012
v 2129.600098 -665.359985 244.100006
v 2129.500000 -665.259949 244.100006
v 2113.411621 -637.154358 243.399994
v 2113.482178 -637.225098 243.500000
v 2113.482178 -637.083618 243.500000
v 2113.482178 -637.225098 244.100006
v 2113.411621 -637.154358 244.200012
v 2113.482178 -637.083618 244.100006
v 2112.845703 -636.588684 243.399994
v 2112.916504 -636.517944 243.500000
v 2112.775146 -636.517944 243.500000
v 2112.845703 -636.588684 244.200012
v 2112.775146 -636.517944 244.100006
v 2112.916504 -636.517944 244.100006
v 2098.279297 -652.286438 243.399994
v 2098.208740 -652.357178 243.500000
v 2098.350098 -652.357178 243.500000
v 2098.279297 -652.286438 244.200012
v 2098.350098 -652.357178 244.100006
v 2098.208740 -652.357178 244.100006
v 2097.713623 -651.720764 243.399994
v 2097.643066 -651.650024 243.500000
v 2097.643066 -651.791443 243.500000
v 2097.713623 -651.720764 244.200012
v 2097.643066 -651.791443 244.100006
v 2097.643066 -651.650024 244.100006
v 2106.139893 -620.399963 243.399994
v 2106.139893 -620.500000 243.500000
v 2106.239746 -620.399963 243.500000
v 2106.139893 -620.500000 244.100006
v 2106.139893 -620.399963 244.200012
v 2106.239746 -620.399963 244.100006
v 2106.139893 -619.599976 243.399994
v 2106.239746 -619.599976 243.500000
v 2106.139893 -619.500000 243.500000
v 2106.139893 -619.599976 244.200012
v 2106.139893 -619.500000 244.100006
v 2106.239746 -619.599976 244.100006
v 2084.739746 -620.399963 243.399994
v 2084.639893 -620.399963 243.500000
v 2084.739746 -620.499939 243.500000
v 2084.739746 -620.399963 244.200012
v 2084.739746 -620.499939 244.100006
v 2084.639893 -620.399963 244.100006
v 2084.739746 -619.599976 243.399994
v 2084.739746 -619.500000 243.500000
v 2084.639893 -619.599976 243.500000
v 2084.739746 -619.599976 244.200012
v 2084.639893 -619.599976 244.100006
v 2084.739746 -619.500000 244.100006
v 2112.845703 -603.411255 243.399994
v 2112.775146 -603.481934 243.500000
v 2112.916504 -603.481934 243.500000
v 2112.775146 -603.481934 244.100006
v 2112.845703 -603.411255 244.200012
v 2112.916504 -603.481934 244.100006
v 2113.411621 -602.845581 243.399994
v 2113.482178 -602.916260 243.500000
v 2113.482178 -602.774841 243.500000
v 2113.411621 -602.845581 244.200012
v 2113.482178 -602.774841 244.100006
v 2113.482178 -602.916260 244.100006
v 2097.713623 -588.279175 243.399994
v 2097.643066 -588.208496 243.500000
v 2097.643066 -588.349854 243.500000
v 2097.713623 -588.279175 244.200012
v 2097.643066 -588.349854 244.100006
v 2097.643066 -588.208496 244.100006
v 2098.279297 -587.713501 243.399994
v 2098.350098 -587.642761 243.500000
v 2098.208740 -587.642761 243.500000
v 2098.279297 -587.713501 244.200012
v 2098.208740 -587.642761 244.100006
v 2098.350098 -587.642761 244.100006
v 2129.600098 -596.140015 243.399994
v 2129.500000 -596.140015 243.500000
v 2129.600098 -596.239990 243.500000
v 2129.500000 -596.140015 244.100006
v 2129.600098 -596.140015 244.200012
v 2129.600098 -596.239990 244.100006
v 2130.400146 -596.140015 243.399994
v 2130.400146 -596.239990 243.500000
v 2130.500000 -596.140015 243.500000
v 2130.400146 -596.140015 244.200012
v 2130.500000 -596.140015 244.100006
v 2130.400146 -596.239990 244.100006
v 2129.600098 -574.739990 243.399994
v 2129.600098 -574.640015 243.500000
v 2129.500000 -574.739990 243.500000
v 2129.600098 -574.739990 244.200012
v 2129.500000 -574.739990 244.100006
v 2129.600098 -574.640015 244.100006
v 2130.400146 -574.739990 243.399994
v 2130.500000 -574.740051 243.500000
v 2130.400146 -574.640015 243.500000
v 2130.400146 -574.739990 244.200012
v 2130.400146 -574.640015 244.100006
v 2130.500000 -574.740051 244.100006
v 2146.588867 -602.845520 243.399994
v 2146.518066 -602.774841 243.500000
v 2146.518066 -602.916260 243.500000
v 2146.518066 -602.774841 244.100006
v 2146.588867 -602.845520 244.200012
v 2146.518066 -602.916260 244.100006
v 2147.154541 -603.411255 243.399994
v 2147.083740 -603.481934 243.500000
v 2147.225098 -603.481934 243.500000
v 2147.154541 -603.411255 244.200012
v 2147.225098 -603.481934 244.100006
v 2147.083740 -603.481934 244.100006
v 2161.720947 -587.713440 243.399994
v 2161.791504 -587.642761 243.500000
v 2161.650146 -587.642761 243.500000
v 2161.720947 -587.713440 244.200012
v 2161.650146 -587.642761 244.100006
v 2161.791504 -587.642761 244.100006
v 2162.286621 -588.279175 243.399994
v 2162.357178 -588.349854 243.500000
v 2162.357178 -588.208435 243.500000
v 2162.286621 -588.279175 244.200012
v 2162.357178 -588.208435 244.100006
v 2162.357178 -588.349854 244.100006
v 1760.000000 -642.948608 125.000000
v 1760.000000 -645.000000 127.000000
v 1760.000000 -642.948608 193.000000
v 1760.000000 -645.000000 191.000000
v 1782.973511 -637.705017 125.000000
v 1783.863525 -639.553284 127.000000
v 1782.973511 -637.705017 193.000000
v 1783.863525 -639.553284 191.000000
v 1801.396851 -623.012939 125.000000
v 1803.000732 -624.291931 127.000000
v 1801.396851 -623.012939 193.000000
v 1803.000732 -624.291931 191.000000
v 1811.620972 -601.782166 125.000000
v 1813.620972 -602.238647 127.000000
v 1811.620972 -601.782166 193.000000
v 1813.620972 -602.238647 191.000000
v 1811.620972 -578.217834 125.000000
v 1813.620972 -577.761353 127.000000
v 1811.620972 -578.217834 193.000000
v 1813.620972 -577.761353 191.000000
v 1801.396851 -556.987122 125.000000
v 1803.000732 -555.708069 127.000000
v 1801.396851 -556.987122 193.000000
v 1803.000732 -555.708069 191.000000
v 1782.973511 -542.294983 125.000000
v 1783.863525 -540.446716 127.000000
v 1782.973511 -542.294983 193.000000
v 1783.863525 -540.446716 191.000000
v 1760.000000 -537.051392 125.000000
v 1760.000000 -535.000000 127.000000
v 1760.000000 -537.051392 193.000000
v 1760.000000 -535.000000 191.000000
v 1737.026489 -542.294983 125.000000
v 1736.136353 -540.446716 127.000000
v 1737.026489 -542.294983 193.000000
v 1736.136353 -540.446716 191.000000
v 1718.603149 -556.987122 125.000000
v 1716.999268 -555.708069 127.000000
v 1718.603149 -556.987122 193.000000
v 1716.999268 -555.708069 191.000000
v 1708.378906 -578.217834 125.000000
v 1706.378906 -577.761353 127.000000
v 1708.378906 -578.217834 193.000000
v 1706.378906 -577.761353 191.000000
v 1708.378906 -601.782166 125.000000
v 1706.378906 -602.238647 127.000000
v 1708.378906 -601.782166 193.000000
v 1706.378906 -602.238647 191.000000
v 1718.603149 -623.012939 125.000000
v 1716.999268 -624.291931 127.000000
v 1718.603149 -623.012939 193.000000
v 1716.999268 -624.291931 191.000000
v 1737.026367 -637.705017 125.000000
v 1736.136353 -639.553345 127.000000
v 1737.026367 -637.705017 193.000000
v 1736.136353 -639.553345 191.000000
v 1821.000000 -590.000000 194.000000
v 1817.545044 -590.000000 198.755280
v 1811.954834 -590.000000 196.938934
v 1811.954834 -590.000000 191.061066
v 1817.545044 -590.000000 189.244720
v 1818.014404 -608.850037 194.000000
v 1814.728638 -607.782410 198.755280
v 1809.411987 -606.054932 196.938934
v 1809.411987 -606.054932 191.061066
v 1814.728638 -607.782410 189.244720
v 1809.349976 -625.854919 194.000000
v 1806.554932 -623.824158 198.755280
v 1802.032349 -620.538330 196.938934
v 1802.032349 -620.538330 191.061066
v 1806.554932 -623.824158 189.244720
v 1795.854858 -639.350037 194.000000
v 1793.824097 -636.554993 198.755280
v 1790.538330 -632.032410 196.938934
v 1790.538330 -632.032410 191.061066
v 1793.824097 -636.554993 189.244720
v 1778.849976 -648.014465 194.000000
v 1777.782349 -644.728638 198.755280
v 1776.054932 -639.412048 196.938934
v 1776.054932 -639.412048 191.061066
v 1777.782349 -644.728638 189.244720
v 1760.000000 -651.000000 194.000000
v 1760.000000 -647.545105 198.755280
v 1760.000000 -641.954956 196.938934
v 1760.000000 -641.954956 191.061066
v 1760.000000 -647.545105 189.244720
v 1741.149902 -648.014465 194.000000
v 1742.217529 -644.728638 198.755280
v 1743.945068 -639.412109 196.938934
v 1743.945068 -639.412109 191.061066
v 1742.217529 -644.728638 189.244720
v 1724.145020 -639.350037 194.000000
v 1726.175781 -636.554993 198.755280
v 1729.461670 -632.032410 196.938934
v 1729.461670 -632.032410 191.061066
v 1726.175781 -636.554993 189.244720
v 1710.649902 -625.854919 194.000000
v 1713.445068 -623.824158 198.755280
v 1717.967529 -620.538330 196.938934
v 1717.967529 -620.538330 191.061066
v 1713.445068 -623.824158 189.244720
v 1701.985474 -608.850037 194.000000
v 1705.271362 -607.782410 198.755280
v 1710.587891 -606.054993 196.938934
v 1710.587891 -606.054993 191.061066
v 1705.271362 -607.782410 189.244720
v 1699.000000 -590.000000 194.000000
v 1702.454834 -590.000000 198.755280
v 1708.045044 -590.000000 196.938934
v 1708.045044 -590.000000 191.061066
v 1702.454834 -590.000000 189.244720
v 1701.985474 -571.150024 194.000000
v 1705.271362 -572.217651 198.755280
v 1710.587891 -573.945068 196.938934
v 1710.587891 -573.945068 191.061066
v 1705.271362 -572.217651 189.244720
v 1710.649902 -554.145142 194.000000
v 1713.444946 -556.175903 198.755280
v 1717.967529 -559.461670 196.938934
v 1717.967529 -559.461670 191.061066
v 1713.444946 -556.175903 189.244720
v 1724.145020 -540.649963 194.000000
v 1726.175781 -543.445068 198.755280
v 1729.461670 -547.967590 196.938934
v 1729.461670 -547.967590 191.061066
v 1726.175781 -543.445068 189.244720
v 1741.149902 -531.985596 194.000000
v 1742.217529 -535.271362 198.755280
v 1743.945068 -540.587952 196.938934
v 1743.945068 -540.587952 191.061066
v 1742.217529 -535.271362 189.244720
v 1760.000000 -529.000000 194.000000
v 1760.000000 -532.454956 198.755280
v 1760.000000 -538.045105 196.938934
v 1760.000000 -538.045105 191.061066
v 1760.000000 -532.454956 189.244720
v 1778.849976 -531.985596 194.000000
v 1777.782349 -535.271362 198.755280
v 1776.054932 -540.587952 196.938934
v 1776.054932 -540.587952 191.061066
v 1777.782349 -535.271362 189.244720
v 1795.854858 -540.649963 194.000000
v 1793.824097 -543.445068 198.755280
v 1790.538330 -547.967590 196.938934
v 1790.538330 -547.967590 191.061066
v 1793.824097 -543.445068 189.244720
v 1809.349976 -554.145081 194.000000
v 1806.554932 -556.175842 198.755280
v 1802.032349 -559.461670 196.938934
v 1802.032349 -559.461670 191.061066
v 1806.554932 -556.175842 189.244720
v 1818.014404 -571.149963 194.000000
v 1814.728638 -572.217590 198.755280
v 1809.411987 -573.945068 196.938934
v 1809.411987 -573.945068 191.061066
v 1814.728638 -572.217590 189.244720
v 1787.000000 -601.948486 192.000000
v 1786.048950 -602.690918 193.000000
v 1787.951050 -602.690918 193.000000
v 1787.000000 -601.948486 210.000000
v 1787.951050 -602.690918 209.000000
v 1786.048950 -602.690918 209.000000
v 1794.023193 -599.666504 192.000000
v 1793.690186 -600.826172 193.000000
v 1795.229004 -599.708130 193.000000
v 1794.023193 -599.666504 210.000000
v 1795.229004 -599.708130 209.000000
v 1793.690186 -600.826172 209.000000
v 1798.363770 -593.692261 192.000000
v 1798.776001 -594.826172 193.000000
v 1799.363770 -593.017212 193.000000
v 1798.363770 -593.692261 210.000000
v 1799.363770 -593.017212 209.000000
v 1798.776001 -594.826172 209.000000
v 1798.363770 -586.307617 192.000000
v 1799.363770 -586.982727 193.000000
v 1798.776001 -585.173706 193.000000
v 1798.363770 -586.307617 210.000000
v 1798.776001 -585.173706 209.000000
v 1799.363770 -586.982727 209.000000
v 1794.023193 -580.333374 192.000000
v 1795.229004 -580.291748 193.000000
v 1793.690186 -579.173706 193.000000
v 1794.023193 -580.333374 210.000000
v 1793.690186 -579.173706 209.000000
v 1795.229004 -580.291748 209.000000
v 1787.000000 -578.051392 192.000000
v 1787.951050 -577.308960 193.000000
v 1786.048950 -577.308960 193.000000
v 1787.000000 -578.051392 210.000000
v 1786.048950 -577.308960 209.000000
v 1787.951050 -577.308960 209.000000
v 1779.976807 -580.333374 192.000000
v 1780.309814 -579.173706 193.000000
v 1778.770996 -580.291748 193.000000
v 1779.976807 -580.333374 210.000000
v 1778.770996 -580.291748 209.000000
v 1780.309814 -579.173706 209.000000
v 1775.636230 -586.307617 192.000000
v 1775.224121 -585.173706 193.000000
v 1774.636230 -586.982727 193.000000
v 1775.636230 -586.307617 210.000000
v 1774.636230 -586.982727 209.000000
v 1775.224121 -585.173706 209.000000
v 1775.636230 -593.692261 192.000000
v 1774.636230 -593.017151 193.000000
v 1775.224121 -594.826172 193.000000
v 1775.636230 -593.692261 210.000000
v 1775.224121 -594.826172 209.000000
v 1774.636230 -593.017151 209.000000
v 1779.976807 -599.666504 192.000000
v 1778.770996 -599.708130 193.000000
v 1780.309814 -600.826172 193.000000
v 1779.976807 -599.666504 210.000000
v 1780.309814 -600.826172 209.000000
v 1778.770996 -599.708130 209.000000
v 1776.834229 -623.057983 199.000000
v 1775.883179 -623.800415 200.000000
v 1777.785278 -623.800415 200.000000
v 1776.834229 -623.057983 217.000000
v 1777.785278 -623.800415 216.000000
v 1775.883179 -623.800415 216.000000
v 1783.857422 -620.776001 199.000000
v 1783.524414 -621.935669 200.000000
v 1785.063232 -620.817688 200.000000
v 1783.857422 -620.776001 217.000000
v 1785.063232 -620.817688 216.000000
v 1783.524414 -621.935669 216.000000
v 1788.197998 -614.801758 199.000000
v 1788.610107 -615.935669 200.000000
v 1789.197998 -614.126709 200.000000
v 1788.197998 -614.801758 217.000000
v 1789.197998 -614.126709 216.000000
v 1788.610107 -615.935669 216.000000
v 1788.197998 -607.417114 199.000000
v 1789.197998 -608.092224 200.000000
v 1788.610107 -606.283203 200.000000
v 1788.197998 -607.417114 217.000000
v 1788.610107 -606.283203 216.000000
v 1789.197998 -608.092224 216.000000
v 1783.857422 -601.442871 199.000000
v 1785.063232 -601.401245 200.000000
v 1783.524414 -600.283203 200.000000
v 1783.857422 -601.442871 217.000000
v 1783.524414 -600.283203 216.000000
v 1785.063232 -601.401245 216.000000
v 1776.834229 -599.160889 199.000000
v 1777.785278 -598.418457 200.000000
v 1775.883179 -598.418457 200.000000
v 1776.834229 -599.160889 217.000000
v 1775.883179 -598.418457 216.000000
v 1777.785278 -598.418457 216.000000
v 1769.811035 -601.442871 199.000000
v 1770.144043 -600.283203 200.000000
v 1768.605225 -601.401245 200.000000
v 1769.811035 -601.442871 217.000000
v 1768.605225 -601.401245 216.000000
v 1770.144043 -600.283203 216.000000
v 1765.470459 -607.417175 199.000000
v 1765.058228 -606.283203 200.000000
v 1764.470459 -608.092224 200.000000
v 1765.470459 -607.417175 217.000000
v 1764.470459 -608.092224 216.000000
v 1765.058228 -606.283203 216.000000
v 1765.470459 -614.801758 199.000000
v 1764.470459 -614.126709 200.000000
v 1765.058228 -615.935669 200.000000
v 1765.470459 -614.801758 217.000000
v 1765.058228 -615.935669 216.000000
v 1764.470459 -614.126709 216.000000
v 1769.811035 -620.776001 199.000000
v 1768.605225 -620.817688 200.000000
v 1770.144043 -621.935669 200.000000
v 1769.811035 -620.776001 217.000000
v 1770.144043 -621.935669 216.000000
v 1768.605225 -620.817688 216.000000
v 1753.991943 -628.271606 192.000000
v 1753.040894 -629.014038 193.000000
v 1754.942993 -629.014038 193.000000
v 1753.991943 -628.271606 210.000000
v 1754.942993 -629.014038 209.000000
v 1753.040894 -629.014038 209.000000
v 1761.015137 -625.989624 192.000000
v 1760.682129 -627.149292 193.000000
v 1762.220947 -626.031250 193.000000
v 1761.015137 -625.989624 210.000000
v 1762.220947 -626.031250 209.000000
v 1760.682129 -627.149292 209.000000
v 1765.355713 -620.015381 192.000000
v 1765.767822 -621.149292 193.000000
v 1766.355713 -619.340271 193.000000
v 1765.355713 -620.015381 210.000000
v 1766.355713 -619.340271 209.000000
v 1765.767822 -621.149292 209.000000
v 1765.355713 -612.630737 192.000000
v 1766.355713 -613.305847 193.000000
v 1765.767822 -611.496826 193.000000
v 1765.355713 -612.630737 210.000000
v 1765.767822 -611.496826 209.000000
v 1766.355713 -613.305847 209.000000
v 1761.015137 -606.656494 192.000000
v 1762.220947 -606.614868 193.000000
v 1760.682129 -605.496826 193.000000
v 1761.015137 -606.656494 210.000000
v 1760.682129 -605.496826 209.000000
v 1762.220947 -606.614868 209.000000
v 1753.991943 -604.374512 192.000000
v 1754.942993 -603.632080 193.000000
v 1753.040894 -603.632080 193.000000
v 1753.991943 -604.374512 210.000000
v 1753.040894 -603.632080 209.000000
v 1754.942993 -603.632080 209.000000
v 1746.968750 -606.656494 192.000000
v 1747.301758 -605.496826 193.000000
v 1745.762939 -606.614868 193.000000
v 1746.968750 -606.656494 210.000000
v 1745.762939 -606.614868 209.000000
v 1747.301758 -605.496826 209.000000
v 1742.628174 -612.630737 192.000000
v 1742.215942 -611.496826 193.000000
v 1741.628174 -613.305847 193.000000
v 1742.628174 -612.630737 210.000000
v 1741.628174 -613.305847 209.000000
v 1742.215942 -611.496826 209.000000
v 1742.628174 -620.015381 192.000000
v 1741.628174 -619.340271 193.000000
v 1742.215942 -621.149292 193.000000
v 1742.628174 -620.015381 210.000000
v 1742.215942 -621.149292 209.000000
v 1741.628174 -619.340271 209.000000
v 1746.968750 -625.989624 192.000000
v 1745.762939 -626.031250 193.000000
v 1747.301758 -627.149292 193.000000
v 1746.968750 -625.989624 210.000000
v 1747.301758 -627.149292 209.000000
v 1745.762939 -626.031250 209.000000
v 1735.673828 -613.663330 199.000000
v 1734.722900 -614.405823 200.000000
v 1736.625000 -614.405823 200.000000
v 1735.673828 -613.663330 217.000000
v 1736.625000 -614.405823 216.000000
v 1734.722900 -614.405823 216.000000
v 1742.697021 -611.381348 199.000000
v 1742.364014 -612.541016 200.000000
v 1743.902832 -611.423035 200.000000
v 1742.697021 -611.381348 217.000000
v 1743.902832 -611.423035 216.000000
v 1742.364014 -612.541016 216.000000
v 1747.037598 -605.407104 199.000000
v 1747.449829 -606.541077 200.000000
v 1748.037598 -604.732056 200.000000
v 1747.037598 -605.407104 217.000000
v 1748.037598 -604.732056 216.000000
v 1747.449829 -606.541077 216.000000
v 1747.037598 -598.022522 199.000000
v 1748.037598 -598.697632 200.000000
v 1747.449829 -596.888550 200.000000
v 1747.037598 -598.022522 217.000000
v 1747.449829 -596.888550 216.000000
v 1748.037598 -598.697632 216.000000
v 1742.697021 -592.048218 199.000000
v 1743.902832 -592.006592 200.000000
v 1742.364014 -590.888550 200.000000
v 1742.697021 -592.048218 217.000000
v 1742.364014 -590.888550 216.000000
v 1743.902832 -592.006592 216.000000
v 1735.673828 -589.766296 199.000000
v 1736.625000 -589.023804 200.000000
v 1734.722900 -589.023804 200.000000
v 1735.673828 -589.766296 217.000000
v 1734.722900 -589.023804 216.000000
v 1736.625000 -589.023804 216.000000
v 1728.650757 -592.048279 199.000000
v 1728.983765 -590.888611 200.000000
v 1727.444824 -592.006592 200.000000
v 1728.650757 -592.048279 217.000000
v 1727.444824 -592.006592 216.000000
v 1728.983765 -590.888611 216.000000
v 1724.310181 -598.022522 199.000000
v 1723.897949 -596.888550 200.000000
v 1723.310181 -598.697632 200.000000
v 1724.310181 -598.022522 217.000000
v 1723.310181 -598.697632 216.000000
v 1723.897949 -596.888550 216.000000
v 1724.310181 -605.407104 199.000000
v 1723.310181 -604.732056 200.000000
v 1723.897949 -606.541077 200.000000
v 1724.310181 -605.407104 217.000000
v 1723.897949 -606.541077 216.000000
v 1723.310181 -604.732056 216.000000
v 1728.650757 -611.381409 199.000000
v 1727.444824 -611.423035 200.000000
v 1728.983765 -612.541077 200.000000
v 1728.650757 -611.381409 217.000000
v 1728.983765 -612.541077 216.000000
v 1727.444824 -611.423035 216.000000
v 1735.673828 -590.233704 192.000000
v 1734.722778 -590.976135 193.000000
v 1736.624878 -590.976135 193.000000
v 1735.673828 -590.233704 210.000000
v 1736.624878 -590.976135 209.000000
v 1734.722778 -590.976135 209.000000
v 1742.697021 -587.951721 192.000000
v 1742.364014 -589.111389 193.000000
v 1743.902832 -587.993347 193.000000
v 1742.697021 -587.951721 210.000000
v 1743.902832 -587.993347 209.000000
v 1742.364014 -589.111389 209.000000
v 1747.037598 -581.977478 192.000000
v 1747.449829 -583.111389 193.000000
v 1748.037598 -581.302368 193.000000
v 1747.037598 -581.977478 210.000000
v 1748.037598 -581.302368 209.000000
v 1747.449829 -583.111389 209.000000
v 1747.037598 -574.592834 192.000000
v 1748.037598 -575.267944 193.000000
v 1747.449829 -573.458923 193.000000
v 1747.037598 -574.592834 210.000000
v 1747.449829 -573.458923 209.000000
v 1748.037598 -575.267944 209.000000
v 1742.697021 -568.618591 192.000000
v 1743.902832 -568.576965 193.000000
v 1742.364014 -567.458923 193.000000
v 1742.697021 -568.618591 210.000000
v 1742.364014 -567.458923 209.000000
v 1743.902832 -568.576965 209.000000
v 1735.673828 -566.336609 192.000000
v 1736.624878 -565.594177 193.000000
v 1734.722778 -565.594177 193.000000
v 1735.673828 -566.336609 210.000000
v 1734.722778 -565.594177 209.000000
v 1736.624878 -565.594177 209.000000
v 1728.650635 -568.618591 192.000000
v 1728.983643 -567.458923 193.000000
v 1727.444824 -568.576965 193.000000
v 1728.650635 -568.618591 210.000000
v 1727.444824 -568.576965 209.000000
v 1728.983643 -567.458923 209.000000
v 1724.310059 -574.592834 192.000000
v 1723.897949 -573.458923 193.000000
v 1723.310059 -575.267944 193.000000
v 1724.310059 -574.592834 210.000000
v 1723.310059 -575.267944 209.000000
v 1723.897949 -573.458923 209.000000
v 1724.310059 -581.977478 192.000000
v 1723.310059 -581.302368 193.000000
v 1723.897949 -583.111389 193.000000
v 1724.310059 -581.977478 210.000000
v 1723.897949 -583.111389 209.000000
v 1723.310059 -581.302368 209.000000
v 1728.650635 -587.951721 192.000000
v 1727.444824 -587.993347 193.000000
v 1728.983643 -589.111389 193.000000
v 1728.650635 -587.951721 210.000000
v 1728.983643 -589.111389 209.000000
v 1727.444824 -587.993347 209.000000
v 1753.991943 -575.625488 199.000000
v 1753.040771 -576.367920 200.000000
v 1754.942993 -576.367920 200.000000
v 1753.991943 -575.625488 217.000000
v 1754.942993 -576.367920 216.000000
v 1753.040771 -576.367920 216.000000
v 1761.015137 -573.343506 199.000000
v 1760.682007 -574.503174 200.000000
v 1762.220947 -573.385132 200.000000
v 1761.015137 -573.343506 217.000000
v 1762.220947 -573.385132 216.000000
v 1760.682007 -574.503174 216.000000
v 1765.355591 -567.369263 199.000000
v 1765.767822 -568.503174 200.000000
v 1766.355591 -566.694153 200.000000
v 1765.355591 -567.369263 217.000000
v 1766.355591 -566.694153 216.000000
v 1765.767822 -568.503174 216.000000
v 1765.355591 -559.984619 199.000000
v 1766.355591 -560.659668 200.000000
v 1765.767822 -558.850708 200.000000
v 1765.355591 -559.984619 217.000000
v 1765.767822 -558.850708 216.000000
v 1766.355591 -560.659668 216.000000
v 1761.015137 -554.010376 199.000000
v 1762.220947 -553.968689 200.000000
v 1760.682007 -552.850708 200.000000
v 1761.015137 -554.010376 217.000000
v 1760.682007 -552.850708 216.000000
v 1762.220947 -553.968689 216.000000
v 1753.991943 -551.728394 199.000000
v 1754.942993 -550.985962 200.000000
v 1753.040771 -550.985962 200.000000
v 1753.991943 -551.728394 217.000000
v 1753.040771 -550.985962 216.000000
v 1754.942993 -550.985962 216.000000
v 1746.968750 -554.010376 199.000000
v 1747.301758 -552.850708 200.000000
v 1745.762939 -553.968689 200.000000
v 1746.968750 -554.010376 217.000000
v 1745.762939 -553.968689 216.000000
v 1747.301758 -552.850708 216.000000
v 1742.628174 -559.984619 199.000000
v 1742.215942 -558.850708 200.000000
v 1741.628174 -560.659668 200.000000
v 1742.628174 -559.984619 217.000000
v 1741.628174 -560.659668 216.000000
v 1742.215942 -558.850708 216.000000
v 1742.628174 -567.369263 199.000000
v 1741.628174 -566.694153 200.000000
v 1742.215942 -568.503174 200.000000
v 1742.628174 -567.369263 217.000000
v 1742.215942 -568.503174 216.000000
v 1741.628174 -566.694153 216.000000
v 1746.968750 -573.343506 199.000000
v 1745.762939 -573.385132 200.000000
v 1747.301758 -574.503174 200.000000
v 1746.968750 -573.343506 217.000000
v 1747.301758 -574.503174 216.000000
v 1745.762939 -573.385132 216.000000
v 1776.834229 -580.839111 192.000000
v 1775.883179 -581.581604 193.000000
v 1777.785278 -581.581604 193.000000
v 1776.834229 -580.839111 210.000000
v 1777.785278 -581.581604 209.000000
v 1775.883179 -581.581604 209.000000
v 1783.857422 -578.557129 192.000000
v 1783.524414 -579.716797 193.000000
v 1785.063232 -578.598816 193.000000
v 1783.857422 -578.557129 210.000000
v 1785.063232 -578.598816 209.000000
v 1783.524414 -579.716797 209.000000
v 1788.197998 -572.582886 192.000000
v 1788.610107 -573.716858 193.000000
v 1789.197998 -571.907837 193.000000
v 1788.197998 -572.582886 210.000000
v 1789.197998 -571.907837 209.000000
v 1788.610107 -573.716858 209.000000
v 1788.197998 -565.198303 192.000000
v 1789.197998 -565.873413 193.000000
v 1788.610107 -564.064331 193.000000
v 1788.197998 -565.198303 210.000000
v 1788.610107 -564.064331 209.000000
v 1789.197998 -565.873413 209.000000
v 1783.857422 -559.223999 192.000000
v 1785.063232 -559.182373 193.000000
v 1783.524414 -558.064331 193.000000
v 1783.857422 -559.223999 210.000000
v 1783.524414 -558.064331 209.000000
v 1785.063232 -559.182373 209.000000
v 1776.834229 -556.942078 192.000000
v 1777.785278 -556.199585 193.000000
v 1775.883179 -556.199585 193.000000
v 1776.834229 -556.942078 210.000000
v 1775.883179 -556.199585 209.000000
v 1777.785278 -556.199585 209.000000
v 1769.811035 -559.223999 192.000000
v 1770.144043 -558.064331 193.000000
v 1768.605225 -559.182373 193.000000
v 1769.811035 -559.223999 210.000000
v 1768.605225 -559.182373 209.000000
v 1770.144043 -558.064331 209.000000
v 1765.470459 -565.198303 192.000000
v 1765.058228 -564.064331 193.000000
v 1764.470459 -565.873413 193.000000
v 1765.470459 -565.198303 210.000000
v 1764.470459 -565.873413 209.000000
v 1765.058228 -564.064331 209.000000
v 1765.470459 -572.582886 192.000000
v 1764.470459 -571.907837 193.000000
v 1765.058228 -573.716858 193.000000
v 1765.470459 -572.582886 210.000000
v 1765.058228 -573.716858 209.000000
v 1764.470459 -571.907837 209.000000
v 1769.811035 -578.557190 192.000000
v 1768.605225 -578.598816 193.000000
v 1770.144043 -579.716858 193.000000
v 1769.811035 -578.557190 210.000000
v 1770.144043 -579.716858 209.000000
v 1768.605225 -578.598816 209.000000
v 1880.000000 -542.948547 125.000000
v 1880.000000 -545.000000 127.000000
v 1880.000000 -542.948547 193.000000
v 1880.000000 -545.000000 191.000000
v 1902.973511 -537.705017 125.000000
v 1903.863647 -539.553284 127.000000
v 1902.973511 -537.705017 193.000000
v 1903.863647 -539.553284 191.000000
v 1921.396851 -523.012878 125.000000
v 1923.000732 -524.291931 127.000000
v 1921.396851 -523.012878 193.000000
v 1923.000732 -524.291931 191.000000
v 1931.620972 -501.782166 125.000000
v 1933.620972 -502.238647 127.000000
v 1931.620972 -501.782166 193.000000
v 1933.620972 -502.238647 191.000000
v 1931.620972 -478.217834 125.000000
v 1933.620972 -477.761322 127.000000
v 1931.620972 -478.217834 193.000000
v 1933.620972 -477.761322 191.000000
v 1921.396851 -456.987091 125.000000
v 1923.000732 -455.708069 127.000000
v 1921.396851 -456.987091 193.000000
v 1923.000732 -455.708069 191.000000
v 1902.973511 -442.294983 125.000000
v 1903.863647 -440.446686 127.000000
v 1902.973511 -442.294983 193.000000
v 1903.863647 -440.446686 191.000000
v 1880.000000 -437.051422 125.000000
v 1880.000000 -434.999969 127.000000
v 1880.000000 -437.051422 193.000000
v 1880.000000 -434.999969 191.000000
v 1857.026489 -442.294983 125.000000
v 1856.136353 -440.446716 127.000000
v 1857.026489 -442.294983 193.000000
v 1856.136353 -440.446716 191.000000
v 1838.603149 -456.987091 125.000000
v 1836.999268 -455.708038 127.000000
v 1838.603149 -456.987091 193.000000
v 1836.999268 -455.708038 191.000000
v 1828.378906 -478.217834 125.000000
v 1826.378906 -477.761353 127.000000
v 1828.378906 -478.217834 193.000000
v 1826.378906 -477.761353 191.000000
v 1828.378906 -501.782166 125.000000
v 1826.378906 -502.238647 127.000000
v 1828.378906 -501.782166 193.000000
v 1826.378906 -502.238647 191.000000
v 1838.603149 -523.012878 125.000000
v 1836.999268 -524.291931 127.000000
v 1838.603149 -523.012878 193.000000
v 1836.999268 -524.291931 191.000000
v 1857.026489 -537.705017 125.000000
v 1856.136353 -539.553284 127.000000
v 1857.026489 -537.705017 193.000000
v 1856.136353 -539.553284 191.000000
v 1941.000000 -490.000000 194.000000
v 1937.545044 -490.000000 198.755280
v 1931.954956 -490.000000 196.938934
v 1931.954956 -490.000000 191.061066
v 1937.545044 -490.000000 189.244720
v 1938.014404 -508.850037 194.000000
v 1934.728638 -507.782410 198.755280
v 1929.412109 -506.054932 196.938934
v 1929.412109 -506.054932 191.061066
v 1934.728638 -507.782410 189.244720
v 1929.349976 -525.854858 194.000000
v 1926.554932 -523.824158 198.755280
v 1922.032349 -520.538330 196.938934
v 1922.032349 -520.538330 191.061066
v 1926.554932 -523.824158 189.244720
v 1915.854858 -539.350037 194.000000
v 1913.824097 -536.554932 198.755280
v 1910.538330 -532.032410 196.938934
v 1910.538330 -532.032410 191.061066
v 1913.824097 -536.554932 189.244720
v 1898.850098 -548.014404 194.000000
v 1897.782471 -544.728638 198.755280
v 1896.054932 -539.412048 196.938934
v 1896.054932 -539.412048 191.061066
v 1897.782471 -544.728638 189.244720
v 1880.000000 -551.000000 194.000000
v 1880.000000 -547.545044 198.755280
v 1880.000000 -541.954895 196.938934
v 1880.000000 -541.954895 191.061066
v 1880.000000 -547.545044 189.244720
v 1861.149902 -548.014465 194.000000
v 1862.217529 -544.728638 198.755280
v 1863.945068 -539.412048 196.938934
v 1863.945068 -539.412048 191.061066
v 1862.217529 -544.728638 189.244720
v 1844.145020 -539.350037 194.000000
v 1846.175781 -536.554932 198.755280
v 1849.461670 -532.032410 196.938934
v 1849.461670 -532.032410 191.061066
v 1846.175781 -536.554932 189.244720
v 1830.649902 -525.854858 194.000000
v 1833.445068 -523.824158 198.755280
v 1837.967529 -520.538330 196.938934
v 1837.967529 -520.538330 191.061066
v 1833.445068 -523.824158 189.244720
v 1821.985596 -508.850037 194.000000
v 1825.271362 -507.782410 198.755280
v 1830.587891 -506.054962 196.938934
v 1830.587891 -506.054962 191.061066
v 1825.271362 -507.782410 189.244720
v 1819.000000 -490.000000 194.000000
v 1822.454834 -490.000000 198.755280
v 1828.045044 -490.000031 196.938934
v 1828.045044 -490.000031 191.061066
v 1822.454834 -490.000000 189.244720
v 1821.985474 -471.149963 194.000000
v 1825.271362 -472.217621 198.755280
v 1830.587891 -473.945068 196.938934
v 1830.587891 -473.945068 191.061066
v 1825.271362 -472.217621 189.244720
v 1830.649902 -454.145111 194.000000
v 1833.445068 -456.175812 198.755280
v 1837.967529 -459.461670 196.938934
v 1837.967529 -459.461670 191.061066
v 1833.445068 -456.175812 189.244720
v 1844.145020 -440.649963 194.000000
v 1846.175781 -443.445038 198.755280
v 1849.461670 -447.967590 196.938934
v 1849.461670 -447.967590 191.061066
v 1846.175781 -443.445038 189.244720
v 1861.149902 -431.985535 194.000000
v 1862.217529 -435.271362 198.755280
v 1863.945068 -440.587921 196.938934
v 1863.945068 -440.587921 191.061066
v 1862.217529 -435.271362 189.244720
v 1880.000000 -428.999969 194.000000
v 1880.000000 -432.454895 198.755280
v 1880.000000 -438.045074 196.938934
v 1880.000000 -438.045074 191.061066
v 1880.000000 -432.454895 189.244720
v 1898.850098 -431.985535 194.000000
v 1897.782471 -435.271362 198.755280
v 1896.054932 -440.587921 196.938934
v 1896.054932 -440.587921 191.061066
v 1897.782471 -435.271362 189.244720
v 1915.854858 -440.649933 194.000000
v 1913.824097 -443.445007 198.755280
v 1910.538330 -447.967560 196.938934
v 1910.538330 -447.967560 191.061066
v 1913.824097 -443.445007 189.244720
v 1929.349976 -454.145050 194.000000
v 1926.554932 -456.175812 198.755280
v 1922.032349 -459.461609 196.938934
v 1922.032349 -459.461609 191.061066
v 1926.554932 -456.175812 189.244720
v 1938.014404 -471.149933 194.000000
v 1934.728638 -472.217560 198.755280
v 1929.412109 -473.945038 196.938934
v 1929.412109 -473.945038 191.061066
v 1934.728638 -472.217560 189.244720
v 1907.000000 -498.948486 192.000000
v 1906.048950 -499.690918 193.000000
v 1907.951050 -499.690918 193.000000
v 1907.000000 -498.948486 210.000000
v 1907.951050 -499.690918 209.000000
v 1906.048950 -499.690918 209.000000
v 1912.259888 -497.239441 192.000000
v 1911.926880 -498.399109 193.000000
v 1913.465698 -497.281067 193.000000
v 1912.259888 -497.239441 210.000000
v 1913.465698 -497.281067 209.000000
v 1911.926880 -498.399109 209.000000
v 1915.510620 -492.765167 192.000000
v 1915.922852 -493.899139 193.000000
v 1916.510620 -492.090118 193.000000
v 1915.510620 -492.765167 210.000000
v 1916.510620 -492.090118 209.000000
v 1915.922852 -493.899139 209.000000
v 1915.510620 -487.234680 192.000000
v 1916.510620 -487.909760 193.000000
v 1915.922852 -486.100769 193.000000
v 1915.510620 -487.234680 210.000000
v 1915.922852 -486.100769 209.000000
v 1916.510620 -487.909760 209.000000
v 1912.259888 -482.760406 192.000000
v 1913.465698 -482.718781 193.000000
v 1911.926880 -481.600739 193.000000
v 1912.259888 -482.760406 210.000000
v 1911.926880 -481.600739 209.000000
v 1913.465698 -482.718781 209.000000
v 1907.000000 -481.051392 192.000000
v 1907.951050 -480.308960 193.000000
v 1906.048950 -480.308960 193.000000
v 1907.000000 -481.051392 210.000000
v 1906.048950 -480.308960 209.000000
v 1907.951050 -480.308960 209.000000
v 1901.740234 -482.760406 192.000000
v 1902.073242 -481.600769 193.000000
v 1900.534424 -482.718781 193.000000
v 1901.740234 -482.760406 210.000000
v 1900.534424 -482.718781 209.000000
v 1902.073242 -481.600769 209.000000
v 1898.489502 -487.234650 192.000000
v 1898.077271 -486.100739 193.000000
v 1897.489502 -487.909790 193.000000
v 1898.489502 -487.234650 210.000000
v 1897.489502 -487.909790 209.000000
v 1898.077271 -486.100739 209.000000
v 1898.489502 -492.765198 192.000000
v 1897.489502 -492.090118 193.000000
v 1898.077271 -493.899109 193.000000
v 1898.489502 -492.765198 210.000000
v 1898.077271 -493.899109 209.000000
v 1897.489502 -492.090118 209.000000
v 1901.740234 -497.239471 192.000000
v 1900.534424 -497.281097 193.000000
v 1902.073242 -498.399139 193.000000
v 1901.740234 -497.239471 210.000000
v 1902.073242 -498.399139 209.000000
v 1900.534424 -497.281097 209.000000
v 1896.834229 -520.057983 199.000000
v 1895.883179 -520.800415 200.000000
v 1897.785278 -520.800415 200.000000
v 1896.834229 -520.057983 217.000000
v 1897.785278 -520.800415 216.000000
v 1895.883179 -520.800415 216.000000
v 1902.093994 -518.348999 199.000000
v 1901.760986 -519.508667 200.000000
v 1903.299927 -518.390625 200.000000
v 1902.093994 -518.348999 217.000000
v 1903.299927 -518.390625 216.000000
v 1901.760986 -519.508667 216.000000
v 1905.344849 -513.874695 199.000000
v 1905.756958 -515.008667 200.000000
v 1906.344849 -513.199585 200.000000
v 1905.344849 -513.874695 217.000000
v 1906.344849 -513.199585 216.000000
v 1905.756958 -515.008667 216.000000
v 1905.344849 -508.344177 199.000000
v 1906.344849 -509.019287 200.000000
v 1905.756958 -507.210266 200.000000
v 1905.344849 -508.344177 217.000000
v 1905.756958 -507.210266 216.000000
v 1906.344849 -509.019287 216.000000
v 1902.093994 -503.869904 199.000000
v 1903.299805 -503.828308 200.000000
v 1901.760986 -502.710236 200.000000
v 1902.093994 -503.869904 217.000000
v 1901.760986 -502.710236 216.000000
v 1903.299805 -503.828308 216.000000
v 1896.834229 -502.160889 199.000000
v 1897.785278 -501.418457 200.000000
v 1895.883179 -501.418457 200.000000
v 1896.834229 -502.160889 217.000000
v 1895.883179 -501.418457 216.000000
v 1897.785278 -501.418457 216.000000
v 1891.574463 -503.869934 199.000000
v 1891.907471 -502.710266 200.000000
v 1890.368652 -503.828308 200.000000
v 1891.574463 -503.869934 217.000000
v 1890.368652 -503.828308 216.000000
v 1891.907471 -502.710266 216.000000
v 1888.323608 -508.344177 199.000000
v 1887.911499 -507.210266 200.000000
v 1887.323608 -509.019257 200.000000
v 1888.323608 -508.344177 217.000000
v 1887.323608 -509.019257 216.000000
v 1887.911499 -507.210266 216.000000
v 1888.323608 -513.874695 199.000000
v 1887.323608 -513.199585 200.000000
v 1887.911499 -515.008606 200.000000
v 1888.323608 -513.874695 217.000000
v 1887.911499 -515.008606 216.000000
v 1887.323608 -513.199585 216.000000
v 1891.574463 -518.348938 199.000000
v 1890.368652 -518.390625 200.000000
v 1891.907471 -519.508606 200.000000
v 1891.574463 -518.348938 217.000000
v 1891.907471 -519.508606 216.000000
v 1890.368652 -518.390625 216.000000
v 1873.991943 -525.271484 192.000000
v 1873.040894 -526.013916 193.000000
v 1874.942993 -526.013977 193.000000
v 1873.991943 -525.271484 210.000000
v 1874.942993 -526.013977 209.000000
v 1873.040894 -526.013916 209.000000
v 1879.251709 -523.562500 192.000000
v 1878.918701 -524.722168 193.000000
v 1880.457520 -523.604126 193.000000
v 1879.251709 -523.562500 210.000000
v 1880.457520 -523.604126 209.000000
v 1878.918701 -524.722168 209.000000
v 1882.502441 -519.088257 192.000000
v 1882.914673 -520.222168 193.000000
v 1883.502441 -518.413147 193.000000
v 1882.502441 -519.088257 210.000000
v 1883.502441 -518.413147 209.000000
v 1882.914673 -520.222168 209.000000
v 1882.502441 -513.557739 192.000000
v 1883.502441 -514.232788 193.000000
v 1882.914673 -512.423767 193.000000
v 1882.502441 -513.557739 210.000000
v 1882.914673 -512.423767 209.000000
v 1883.502441 -514.232788 209.000000
v 1879.251709 -509.083435 192.000000
v 1880.457520 -509.041809 193.000000
v 1878.918701 -507.923767 193.000000
v 1879.251709 -509.083435 210.000000
v 1878.918701 -507.923767 209.000000
v 1880.457520 -509.041809 209.000000
v 1873.991943 -507.374451 192.000000
v 1874.942993 -506.631989 193.000000
v 1873.040894 -506.631989 193.000000
v 1873.991943 -507.374451 210.000000
v 1873.040894 -506.631989 209.000000
v 1874.942993 -506.631989 209.000000
v 1868.732178 -509.083435 192.000000
v 1869.065186 -507.923767 193.000000
v 1867.526245 -509.041809 193.000000
v 1868.732178 -509.083435 210.000000
v 1867.526245 -509.041809 209.000000
v 1869.065186 -507.923767 209.000000
v 1865.481323 -513.557739 192.000000
v 1865.069092 -512.423767 193.000000
v 1864.481323 -514.232788 193.000000
v 1865.481323 -513.557739 210.000000
v 1864.481323 -514.232788 209.000000
v 1865.069092 -512.423767 209.000000
v 1865.481323 -519.088257 192.000000
v 1864.481323 -518.413147 193.000000
v 1865.069092 -520.222168 193.000000
v 1865.481323 -519.088257 210.000000
v 1865.069092 -520.222168 209.000000
v 1864.481323 -518.413147 209.000000
v 1868.732178 -523.562500 192.000000
v 1867.526245 -523.604126 193.000000
v 1869.065186 -524.722168 193.000000
v 1868.732178 -523.562500 210.000000
v 1869.065186 -524.722168 209.000000
v 1867.526245 -523.604126 209.000000
v 1855.673950 -510.663330 199.000000
v 1854.722900 -511.405792 200.000000
v 1856.625000 -511.405792 200.000000
v 1855.673950 -510.663330 217.000000
v 1856.625000 -511.405792 216.000000
v 1854.722900 -511.405792 216.000000
v 1860.933716 -508.954346 199.000000
v 1860.600708 -510.114014 200.000000
v 1862.139526 -508.995972 200.000000
v 1860.933716 -508.954346 217.000000
v 1862.139526 -508.995972 216.000000
v 1860.600708 -510.114014 216.000000
v 1864.184448 -504.480042 199.000000
v 1864.596680 -505.614014 200.000000
v 1865.184448 -503.804993 200.000000
v 1864.184448 -504.480042 217.000000
v 1865.184448 -503.804993 216.000000
v 1864.596680 -505.614014 216.000000
v 1864.184448 -498.949554 199.000000
v 1865.184448 -499.624634 200.000000
v 1864.596680 -497.815613 200.000000
v 1864.184448 -498.949554 217.000000
v 1864.596680 -497.815613 216.000000
v 1865.184448 -499.624634 216.000000
v 1860.933716 -494.475281 199.000000
v 1862.139526 -494.433655 200.000000
v 1860.600708 -493.315613 200.000000
v 1860.933716 -494.475281 217.000000
v 1860.600708 -493.315613 216.000000
v 1862.139526 -494.433655 216.000000
v 1855.673950 -492.766266 199.000000
v 1856.625000 -492.023804 200.000000
v 1854.722900 -492.023834 200.000000
v 1855.673950 -492.766266 217.000000
v 1854.722900 -492.023834 216.000000
v 1856.625000 -492.023804 216.000000
v 1850.414062 -494.475281 199.000000
v 1850.747070 -493.315643 200.000000
v 1849.208252 -494.433655 200.000000
v 1850.414062 -494.475281 217.000000
v 1849.208252 -494.433655 216.000000
v 1850.747070 -493.315643 216.000000
v 1847.163330 -498.949585 199.000000
v 1846.751099 -497.815613 200.000000
v 1846.163330 -499.624634 200.000000
v 1847.163330 -498.949585 217.000000
v 1846.163330 -499.624634 216.000000
v 1846.751099 -497.815613 216.000000
v 1847.163330 -504.480042 199.000000
v 1846.163330 -503.804993 200.000000
v 1846.751099 -505.613983 200.000000
v 1847.163330 -504.480042 217.000000
v 1846.751099 -505.613983 216.000000
v 1846.163330 -503.804993 216.000000
v 1850.414062 -508.954346 199.000000
v 1849.208252 -508.995972 200.000000
v 1850.747070 -510.114014 200.000000
v 1850.414062 -508.954346 217.000000
v 1850.747070 -510.114014 216.000000
v 1849.208252 -508.995972 216.000000
v 1855.673828 -487.233612 192.000000
v 1854.722778 -487.976074 193.000000
v 1856.624878 -487.976044 193.000000
v 1855.673828 -487.233612 210.000000
v 1856.624878 -487.976044 209.000000
v 1854.722778 -487.976074 209.000000
v 1860.933716 -485.524597 192.000000
v 1860.600708 -486.684265 193.000000
v 1862.139526 -485.566254 193.000000
v 1860.933716 -485.524597 210.000000
v 1862.139526 -485.566254 209.000000
v 1860.600708 -486.684265 209.000000
v 1864.184448 -481.050323 192.000000
v 1864.596680 -482.184296 193.000000
v 1865.184448 -480.375244 193.000000
v 1864.184448 -481.050323 210.000000
v 1865.184448 -480.375244 209.000000
v 1864.596680 -482.184296 209.000000
v 1864.184448 -475.519806 192.000000
v 1865.184448 -476.194916 193.000000
v 1864.596680 -474.385895 193.000000
v 1864.184448 -475.519806 210.000000
v 1864.596680 -474.385895 209.000000
v 1865.184448 -476.194916 209.000000
v 1860.933716 -471.045563 192.000000
v 1862.139526 -471.003906 193.000000
v 1860.600708 -469.885895 193.000000
v 1860.933716 -471.045563 210.000000
v 1860.600708 -469.885895 209.000000
v 1862.139526 -471.003906 209.000000
v 1855.673828 -469.336548 192.000000
v 1856.624878 -468.594086 193.000000
v 1854.722778 -468.594116 193.000000
v 1855.673828 -469.336548 210.000000
v 1854.722778 -468.594116 209.000000
v 1856.624878 -468.594086 209.000000
v 1850.414062 -471.045563 192.000000
v 1850.747070 -469.885895 193.000000
v 1849.208252 -471.003906 193.000000
v 1850.414062 -471.045563 210.000000
v 1849.208252 -471.003906 209.000000
v 1850.747070 -469.885895 209.000000
v 1847.163330 -475.519806 192.000000
v 1846.751099 -474.385864 193.000000
v 1846.163330 -476.194916 193.000000
v 1847.163330 -475.519806 210.000000
v 1846.163330 -476.194916 209.000000
v 1846.751099 -474.385864 209.000000
v 1847.163330 -481.050323 192.000000
v 1846.163330 -480.375244 193.000000
v 1846.751099 -482.184265 193.000000
v 1847.163330 -481.050323 210.000000
v 1846.751099 -482.184265 209.000000
v 1846.163330 -480.375244 209.000000
v 1850.414062 -485.524597 192.000000
v 1849.208252 -485.566254 193.000000
v 1850.747070 -486.684265 193.000000
v 1850.414062 -485.524597 210.000000
v 1850.747070 -486.684265 209.000000
v 1849.208252 -485.566254 209.000000
v 1873.991943 -472.625427 199.000000
v 1873.040894 -473.367889 200.000000
v 1874.942993 -473.367889 200.000000
v 1873.991943 -472.625427 217.000000
v 1874.942993 -473.367889 216.000000
v 1873.040894 -473.367889 216.000000
v 1879.251709 -470.916412 199.000000
v 1878.918701 -472.076080 200.000000
v 1880.457520 -470.958069 200.000000
v 1879.251709 -470.916412 217.000000
v 1880.457520 -470.958069 216.000000
v 1878.918701 -472.076080 216.000000
v 1882.502441 -466.442169 199.000000
v 1882.914673 -467.576111 200.000000
v 1883.502441 -465.767059 200.000000
v 1882.502441 -466.442169 217.000000
v 1883.502441 -465.767059 216.000000
v 1882.914673 -467.576111 216.000000
v 1882.502441 -460.911652 199.000000
v 1883.502441 -461.586731 200.000000
v 1882.914673 -459.777710 200.000000
v 1882.502441 -460.911652 217.000000
v 1882.914673 -459.777710 216.000000
v 1883.502441 -461.586731 216.000000
v 1879.251709 -456.437378 199.000000
v 1880.457520 -456.395752 200.000000
v 1878.918701 -455.277710 200.000000
v 1879.251709 -456.437378 217.000000
v 1878.918701 -455.277710 216.000000
v 1880.457520 -456.395752 216.000000
v 1873.991943 -454.728363 199.000000
v 1874.942993 -453.985901 200.000000
v 1873.040894 -453.985931 200.000000
v 1873.991943 -454.728363 217.000000
v 1873.040894 -453.985931 216.000000
v 1874.942993 -453.985901 216.000000
v 1868.732056 -456.437378 199.000000
v 1869.065186 -455.277710 200.000000
v 1867.526245 -456.395721 200.000000
v 1868.732056 -456.437378 217.000000
v 1867.526245 -456.395721 216.000000
v 1869.065186 -455.277710 216.000000
v 1865.481323 -460.911652 199.000000
v 1865.069092 -459.777710 200.000000
v 1864.481323 -461.586731 200.000000
v 1865.481323 -460.911652 217.000000
v 1864.481323 -461.586731 216.000000
v 1865.069092 -459.777710 216.000000
v 1865.481323 -466.442169 199.000000
v 1864.481323 -465.767059 200.000000
v 1865.069092 -467.576080 200.000000
v 1865.481323 -466.442169 217.000000
v 1865.069092 -467.576080 216.000000
v 1864.481323 -465.767059 216.000000
v 1868.732056 -470.916412 199.000000
v 1867.526245 -470.958069 200.000000
v 1869.065186 -472.076080 200.000000
v 1868.732056 -470.916412 217.000000
v 1869.065186 -472.076080 216.000000
v 1867.526245 -470.958069 216.000000
v 1896.834229 -477.839050 192.000000
v 1895.883179 -478.581543 193.000000
v 1897.785278 -478.581512 193.000000
v 1896.834229 -477.839050 210.000000
v 1897.785278 -478.581512 209.000000
v 1895.883179 -478.581543 209.000000
v 1902.093994 -476.130035 192.000000
v 1901.760986 -477.289703 193.000000
v 1903.299805 -476.171692 193.000000
v 1902.093994 -476.130035 210.000000
v 1903.299805 -476.171692 209.000000
v 1901.760986 -477.289703 209.000000
v 1905.344849 -471.655792 192.000000
v 1905.756958 -472.789734 193.000000
v 1906.344849 -470.980682 193.000000
v 1905.344849 -471.655792 210.000000
v 1906.344849 -470.980682 209.000000
v 1905.756958 -472.789734 209.000000
v 1905.344849 -466.125275 192.000000
v 1906.344849 -466.800354 193.000000
v 1905.756958 -464.991333 193.000000
v 1905.344849 -466.125275 210.000000
v 1905.756958 -464.991333 209.000000
v 1906.344849 -466.800354 209.000000
v 1902.093994 -461.651001 192.000000
v 1903.299805 -461.609344 193.000000
v 1901.760986 -460.491333 193.000000
v 1902.093994 -461.651001 210.000000
v 1901.760986 -460.491333 209.000000
v 1903.299805 -461.609344 209.000000
v 1896.834229 -459.941986 192.000000
v 1897.785278 -459.199524 193.000000
v 1895.883179 -459.199524 193.000000
v 1896.834229 -459.941986 210.000000
v 1895.883179 -459.199524 209.000000
v 1897.785278 -459.199524 209.000000
v 1891.574463 -461.651031 192.000000
v 1891.907471 -460.491364 193.000000
v 1890.368530 -461.609375 193.000000
v 1891.574463 -461.651031 210.000000
v 1890.368530 -461.609375 209.000000
v 1891.907471 -460.491364 209.000000
v 1888.323608 -466.125275 192.000000
v 1887.911499 -464.991333 193.000000
v 1887.323608 -466.800354 193.000000
v 1888.323608 -466.125275 210.000000
v 1887.323608 -466.800354 209.000000
v 1887.911499 -464.991333 209.000000
v 1888.323608 -471.655762 192.000000
v 1887.323608 -470.980713 193.000000
v 1887.911499 -472.789703 193.000000
v 1888.323608 -471.655762 210.000000
v 1887.911499 -472.789703 209.000000
v 1887.323608 -470.980713 209.000000
v 1891.574463 -476.130035 192.000000
v 1890.368652 -476.171692 193.000000
v 1891.907471 -477.289703 193.000000
v 1891.574463 -476.130035 210.000000
v 1891.907471 -477.289703 209.000000
v 1890.368652 -476.171692 209.000000
v 2060.000000 -522.948547 125.000000
v 2060.000000 -525.000000 127.000000
v 2060.000000 -522.948547 193.000000
v 2060.000000 -525.000000 191.000000
v 2082.973633 -517.705017 125.000000
v 2083.863525 -519.553284 127.000000
v 2082.973633 -517.705017 193.000000
v 2083.863525 -519.553284 191.000000
v 2101.396973 -503.012878 125.000000
v 2103.000732 -504.291931 127.000000
v 2101.396973 -503.012878 193.000000
v 2103.000732 -504.291931 191.000000
v 2111.621094 -481.782135 125.000000
v 2113.621094 -482.238647 127.000000
v 2111.621094 -481.782135 193.000000
v 2113.621094 -482.238647 191.000000
v 2111.621094 -458.217834 125.000000
v 2113.621094 -457.761322 127.000000
v 2111.621094 -458.217834 193.000000
v 2113.621094 -457.761322 191.000000
v 2101.396973 -436.987061 125.000000
v 2103.000732 -435.708069 127.000000
v 2101.396973 -436.987061 193.000000
v 2103.000732 -435.708069 191.000000
v 2082.973633 -422.294952 125.000000
v 2083.863525 -420.446655 127.000000
v 2082.973633 -422.294952 193.000000
v 2083.863525 -420.446655 191.000000
v 2060.000000 -417.051392 125.000000
v 2060.000000 -415.000000 127.000000
v 2060.000000 -417.051392 193.000000
v 2060.000000 -415.000000 191.000000
v 2037.026489 -422.294952 125.000000
v 2036.136475 -420.446716 127.000000
v 2037.026489 -422.294952 193.000000
v 2036.136475 -420.446716 191.000000
v 2018.603149 -436.987061 125.000000
v 2016.999268 -435.708069 127.000000
v 2018.603149 -436.987061 193.000000
v 2016.999268 -435.708069 191.000000
v 2008.378906 -458.217804 125.000000
v 2006.379028 -457.761353 127.000000
v 2008.378906 -458.217804 193.000000
v 2006.379028 -457.761353 191.000000
v 2008.378906 -481.782166 125.000000
v 2006.379028 -482.238617 127.000000
v 2008.378906 -481.782166 193.000000
v 2006.379028 -482.238617 191.000000
v 2018.603149 -503.012878 125.000000
v 2016.999268 -504.291931 127.000000
v 2018.603149 -503.012878 193.000000
v 2016.999268 -504.291931 191.000000
v 2037.026489 -517.704956 125.000000
v 2036.136353 -519.553284 127.000000
v 2037.026489 -517.704956 193.000000
v 2036.136353 -519.553284 191.000000
v 2121.000000 -469.999969 194.000000
v 2117.545166 -469.999969 198.755280
v 2111.954834 -469.999969 196.938934
v 2111.954834 -469.999969 191.061066
v 2117.545166 -469.999969 189.244720
v 2118.014404 -488.850006 194.000000
v 2114.728760 -487.782379 198.755280
v 2109.412109 -486.054932 196.938934
v 2109.412109 -486.054932 191.061066
v 2114.728760 -487.782379 189.244720
v 2109.350098 -505.854858 194.000000
v 2106.554932 -503.824158 198.755280
v 2102.032471 -500.538300 196.938934
v 2102.032471 -500.538300 191.061066
v 2106.554932 -503.824158 189.244720
v 2095.854980 -519.350037 194.000000
v 2093.824219 -516.554932 198.755280
v 2090.538330 -512.032410 196.938934
v 2090.538330 -512.032410 191.061066
v 2093.824219 -516.554932 189.244720
v 2078.850098 -528.014404 194.000000
v 2077.782471 -524.728638 198.755280
v 2076.054932 -519.412048 196.938934
v 2076.054932 -519.412048 191.061066
v 2077.782471 -524.728638 189.244720
v 2060.000000 -531.000000 194.000000
v 2060.000000 -527.545044 198.755280
v 2060.000000 -521.954895 196.938934
v 2060.000000 -521.954895 191.061066
v 2060.000000 -527.545044 189.244720
v 2041.149902 -528.014404 194.000000
v 2042.217529 -524.728638 198.755280
v 2043.945068 -519.412048 196.938934
v 2043.945068 -519.412048 191.061066
v 2042.217529 -524.728638 189.244720
v 2024.145142 -519.350037 194.000000
v 2026.175903 -516.554932 198.755280
v 2029.461670 -512.032410 196.938934
v 2029.461670 -512.032410 191.061066
v 2026.175903 -516.554932 189.244720
v 2010.649902 -505.854858 194.000000
v 2013.445068 -503.824127 198.755280
v 2017.967529 -500.538300 196.938934
v 2017.967529 -500.538300 191.061066
v 2013.445068 -503.824127 189.244720
v 2001.985596 -488.850037 194.000000
v 2005.271362 -487.782410 198.755280
v 2010.587891 -486.054932 196.938934
v 2010.587891 -486.054932 191.061066
v 2005.271362 -487.782410 189.244720
v 1999.000000 -469.999969 194.000000
v 2002.454956 -469.999969 198.755280
v 2008.045044 -470.000000 196.938934
v 2008.045044 -470.000000 191.061066
v 2002.454956 -469.999969 189.244720
v 2001.985596 -451.149933 194.000000
v 2005.271362 -452.217590 198.755280
v 2010.587891 -453.945068 196.938934
v 2010.587891 -453.945068 191.061066
v 2005.271362 -452.217590 189.244720
v 2010.649902 -434.145111 194.000000
v 2013.445068 -436.175842 198.755280
v 2017.967651 -439.461639 196.938934
v 2017.967651 -439.461639 191.061066
v 2013.445068 -436.175842 189.244720
v 2024.145020 -420.649963 194.000000
v 2026.175781 -423.445038 198.755280
v 2029.461670 -427.967560 196.938934
v 2029.461670 -427.967560 191.061066
v 2026.175781 -423.445038 189.244720
v 2041.149902 -411.985535 194.000000
v 2042.217651 -415.271362 198.755280
v 2043.945068 -420.587921 196.938934
v 2043.945068 -420.587921 191.061066
v 2042.217651 -415.271362 189.244720
v 2060.000000 -408.999939 194.000000
v 2060.000000 -412.454865 198.755280
v 2060.000000 -418.045044 196.938934
v 2060.000000 -418.045044 191.061066
v 2060.000000 -412.454865 189.244720
v 2078.850098 -411.985535 194.000000
v 2077.782471 -415.271362 198.755280
v 2076.054932 -420.587891 196.938934
v 2076.054932 -420.587891 191.061066
v 2077.782471 -415.271362 189.244720
v 2095.854980 -420.649902 194.000000
v 2093.824219 -423.445007 198.755280
v 2090.538330 -427.967529 196.938934
v 2090.538330 -427.967529 191.061066
v 2093.824219 -423.445007 189.244720
v 2109.350098 -434.145050 194.000000
v 2106.554932 -436.175781 198.755280
v 2102.032471 -439.461609 196.938934
v 2102.032471 -439.461609 191.061066
v 2106.554932 -436.175781 189.244720
v 2118.014404 -451.149933 194.000000
v 2114.728516 -452.217560 198.755280
v 2109.412109 -453.945007 196.938934
v 2109.412109 -453.945007 191.061066
v 2114.728516 -452.217560 189.244720
v 2087.000000 -478.948517 192.000000
v 2086.049072 -479.690979 193.000000
v 2087.951172 -479.690979 193.000000
v 2087.000000 -478.948517 210.000000
v 2087.951172 -479.690979 209.000000
v 2086.049072 -479.690979 209.000000
v 2092.259766 -477.239502 192.000000
v 2091.926758 -478.399170 193.000000
v 2093.465820 -477.281158 193.000000
v 2092.259766 -477.239502 210.000000
v 2093.465820 -477.281158 209.000000
v 2091.926758 -478.399170 209.000000
v 2095.510742 -472.765228 192.000000
v 2095.922852 -473.899170 193.000000
v 2096.510742 -472.090149 193.000000
v 2095.510742 -472.765228 210.000000
v 2096.510742 -472.090149 209.000000
v 2095.922852 -473.899170 209.000000
v 2095.510742 -467.234741 192.000000
v 2096.510742 -467.909821 193.000000
v 2095.922852 -466.100800 193.000000
v 2095.510742 -467.234741 210.000000
v 2095.922852 -466.100800 209.000000
v 2096.510742 -467.909821 209.000000
v 2092.259766 -462.760468 192.000000
v 2093.465820 -462.718811 193.000000
v 2091.926758 -461.600769 193.000000
v 2092.259766 -462.760468 210.000000
v 2091.926758 -461.600769 209.000000
v 2093.465820 -462.718811 209.000000
v 2087.000000 -461.051453 192.000000
v 2087.951172 -460.308990 193.000000
v 2086.049072 -460.308990 193.000000
v 2087.000000 -461.051453 210.000000
v 2086.049072 -460.308990 209.000000
v 2087.951172 -460.308990 209.000000
v 2081.740234 -462.760468 192.000000
v 2082.073242 -461.600830 193.000000
v 2080.534424 -462.718842 193.000000
v 2081.740234 -462.760468 210.000000
v 2080.534424 -462.718842 209.000000
v 2082.073242 -461.600830 209.000000
v 2078.489502 -467.234741 192.000000
v 2078.077393 -466.100800 193.000000
v 2077.489502 -467.909821 193.000000
v 2078.489502 -467.234741 210.000000
v 2077.489502 -467.909821 209.000000
v 2078.077393 -466.100800 209.000000
v 2078.489502 -472.765228 192.000000
v 2077.489502 -472.090149 193.000000
v 2078.077393 -473.899170 193.000000
v 2078.489502 -472.765228 210.000000
v 2078.077393 -473.899170 209.000000
v 2077.489502 -472.090149 209.000000
v 2081.740234 -477.239502 192.000000
v 2080.534424 -477.281158 193.000000
v 2082.073242 -478.399170 193.000000
v 2081.740234 -477.239502 210.000000
v 2082.073242 -478.399170 209.000000
v 2080.534424 -477.281158 209.000000
v 2076.834229 -500.057892 199.000000
v 2075.883301 -500.800354 200.000000
v 2077.785400 -500.800354 200.000000
v 2076.834229 -500.057892 217.000000
v 2077.785400 -500.800354 216.000000
v 2075.883301 -500.800354 216.000000
v 2082.093994 -498.348877 199.000000
v 2081.760986 -499.508545 200.000000
v 2083.299805 -498.390533 200.000000
v 2082.093994 -498.348877 217.000000
v 2083.299805 -498.390533 216.000000
v 2081.760986 -499.508545 216.000000
v 2085.344727 -493.874603 199.000000
v 2085.757080 -495.008545 200.000000
v 2086.344727 -493.199554 200.000000
v 2085.344727 -493.874603 217.000000
v 2086.344727 -493.199554 216.000000
v 2085.757080 -495.008545 216.000000
v 2085.344727 -488.344116 199.000000
v 2086.344727 -489.019196 200.000000
v 2085.757080 -487.210175 200.000000
v 2085.344727 -488.344116 217.000000
v 2085.757080 -487.210175 216.000000
v 2086.344727 -489.019196 216.000000
v 2082.093994 -483.869843 199.000000
v 2083.299805 -483.828217 200.000000
v 2081.760986 -482.710175 200.000000
v 2082.093994 -483.869843 217.000000
v 2081.760986 -482.710175 216.000000
v 2083.299805 -483.828217 216.000000
v 2076.834229 -482.160828 199.000000
v 2077.785400 -481.418396 200.000000
v 2075.883301 -481.418365 200.000000
v 2076.834229 -482.160828 217.000000
v 2075.883301 -481.418365 216.000000
v 2077.785400 -481.418396 216.000000
v 2071.574463 -483.869843 199.000000
v 2071.907471 -482.710175 200.000000
v 2070.368652 -483.828217 200.000000
v 2071.574463 -483.869843 217.000000
v 2070.368652 -483.828217 216.000000
v 2071.907471 -482.710175 216.000000
v 2068.323730 -488.344116 199.000000
v 2067.911377 -487.210175 200.000000
v 2067.323730 -489.019196 200.000000
v 2068.323730 -488.344116 217.000000
v 2067.323730 -489.019196 216.000000
v 2067.911377 -487.210175 216.000000
v 2068.323730 -493.874603 199.000000
v 2067.323730 -493.199524 200.000000
v 2067.911377 -495.008545 200.000000
v 2068.323730 -493.874603 217.000000
v 2067.911377 -495.008545 216.000000
v 2067.323730 -493.199524 216.000000
v 2071.574463 -498.348877 199.000000
v 2070.368652 -498.390503 200.000000
v 2071.907471 -499.508545 200.000000
v 2071.574463 -498.348877 217.000000
v 2071.907471 -499.508545 216.000000
v 2070.368652 -498.390503 216.000000
v 2053.991943 -505.271545 192.000000
v 2053.041016 -506.014008 193.000000
v 2054.943115 -506.014008 193.000000
v 2053.991943 -505.271545 210.000000
v 2054.943115 -506.014008 209.000000
v 2053.041016 -506.014008 209.000000
v 2059.251709 -503.562561 192.000000
v 2058.918701 -504.722229 193.000000
v 2060.457520 -503.604187 193.000000
v 2059.251709 -503.562561 210.000000
v 2060.457520 -503.604187 209.000000
v 2058.918701 -504.722229 209.000000
v 2062.502441 -499.088257 192.000000
v 2062.914795 -500.222229 193.000000
v 2063.502441 -498.413208 193.000000
v 2062.502441 -499.088257 210.000000
v 2063.502441 -498.413208 209.000000
v 2062.914795 -500.222229 209.000000
v 2062.502441 -493.557770 192.000000
v 2063.502441 -494.232849 193.000000
v 2062.914795 -492.423828 193.000000
v 2062.502441 -493.557770 210.000000
v 2062.914795 -492.423828 209.000000
v 2063.502441 -494.232849 209.000000
v 2059.251709 -489.083496 192.000000
v 2060.457520 -489.041870 193.000000
v 2058.918701 -487.923828 193.000000
v 2059.251709 -489.083496 210.000000
v 2058.918701 -487.923828 209.000000
v 2060.457520 -489.041870 209.000000
v 2053.991943 -487.374481 192.000000
v 2054.943115 -486.632050 193.000000
v 2053.041016 -486.632050 193.000000
v 2053.991943 -487.374481 210.000000
v 2053.041016 -486.632050 209.000000
v 2054.943115 -486.632050 209.000000
v 2048.732178 -489.083496 192.000000
v 2049.065186 -487.923828 193.000000
v 2047.526367 -489.041870 193.000000
v 2048.732178 -489.083496 210.000000
v 2047.526367 -489.041870 209.000000
v 2049.065186 -487.923828 209.000000
v 2045.481445 -493.557770 192.000000
v 2045.069214 -492.423828 193.000000
v 2044.481445 -494.232849 193.000000
v 2045.481445 -493.557770 210.000000
v 2044.481445 -494.232849 209.000000
v 2045.069214 -492.423828 209.000000
v 2045.481445 -499.088257 192.000000
v 2044.481445 -498.413208 193.000000
v 2045.069214 -500.222229 193.000000
v 2045.481445 -499.088257 210.000000
v 2045.069214 -500.222229 209.000000
v 2044.481445 -498.413208 209.000000
v 2048.732178 -503.562531 192.000000
v 2047.526367 -503.604187 193.000000
v 2049.065186 -504.722229 193.000000
v 2048.732178 -503.562531 210.000000
v 2049.065186 -504.722229 209.000000
v 2047.526367 -503.604187 209.000000
v 2035.673950 -490.663391 199.000000
v 2034.722900 -491.405823 200.000000
v 2036.625000 -491.405823 200.000000
v 2035.673950 -490.663391 217.000000
v 2036.625000 -491.405823 216.000000
v 2034.722900 -491.405823 216.000000
v 2040.933716 -488.954376 199.000000
v 2040.600708 -490.114044 200.000000
v 2042.139648 -488.996002 200.000000
v 2040.933716 -488.954376 217.000000
v 2042.139648 -488.996002 216.000000
v 2040.600708 -490.114044 216.000000
v 2044.184570 -484.480103 199.000000
v 2044.596680 -485.614044 200.000000
v 2045.184570 -483.805023 200.000000
v 2044.184570 -484.480103 217.000000
v 2045.184570 -483.805023 216.000000
v 2044.596680 -485.614044 216.000000
v 2044.184570 -478.949615 199.000000
v 2045.184570 -479.624695 200.000000
v 2044.596680 -477.815674 200.000000
v 2044.184570 -478.949615 217.000000
v 2044.596680 -477.815674 216.000000
v 2045.184570 -479.624695 216.000000
v 2040.933716 -474.475342 199.000000
v 2042.139526 -474.433685 200.000000
v 2040.600708 -473.315674 200.000000
v 2040.933716 -474.475342 217.000000
v 2040.600708 -473.315674 216.000000
v 2042.139526 -474.433685 216.000000
v 2035.673950 -472.766327 199.000000
v 2036.625000 -472.023865 200.000000
v 2034.722900 -472.023865 200.000000
v 2035.673950 -472.766327 217.000000
v 2034.722900 -472.023865 216.000000
v 2036.625000 -472.023865 216.000000
v 2030.414062 -474.475311 199.000000
v 2030.747070 -473.315674 200.000000
v 2029.208252 -474.433716 200.000000
v 2030.414062 -474.475311 217.000000
v 2029.208252 -474.433716 216.000000
v 2030.747070 -473.315674 216.000000
v 2027.163330 -478.949615 199.000000
v 2026.751221 -477.815674 200.000000
v 2026.163330 -479.624695 200.000000
v 2027.163330 -478.949615 217.000000
v 2026.163330 -479.624695 216.000000
v 2026.751221 -477.815674 216.000000
v 2027.163330 -484.480103 199.000000
v 2026.163330 -483.805023 200.000000
v 2026.751221 -485.614044 200.000000
v 2027.163330 -484.480103 217.000000
v 2026.751221 -485.614044 216.000000
v 2026.163330 -483.805023 216.000000
v 2030.414062 -488.954376 199.000000
v 2029.208252 -488.996002 200.000000
v 2030.747192 -490.114044 200.000000
v 2030.414062 -488.954376 217.000000
v 2030.747192 -490.114044 216.000000
v 2029.208252 -488.996002 216.000000
v 2035.673828 -467.233582 192.000000
v 2034.722778 -467.976074 193.000000
v 2036.625000 -467.976074 193.000000
v 2035.673828 -467.233582 210.000000
v 2036.625000 -467.976074 209.000000
v 2034.722778 -467.976074 209.000000
v 2040.933716 -465.524567 192.000000
v 2040.600708 -466.684235 193.000000
v 2042.139526 -465.566223 193.000000
v 2040.933716 -465.524567 210.000000
v 2042.139526 -465.566223 209.000000
v 2040.600708 -466.684235 209.000000
v 2044.184448 -461.050323 192.000000
v 2044.596680 -462.184265 193.000000
v 2045.184448 -460.375214 193.000000
v 2044.184448 -461.050323 210.000000
v 2045.184448 -460.375214 209.000000
v 2044.596680 -462.184265 209.000000
v 2044.184448 -455.519836 192.000000
v 2045.184448 -456.194885 193.000000
v 2044.596680 -454.385864 193.000000
v 2044.184448 -455.519836 210.000000
v 2044.596680 -454.385864 209.000000
v 2045.184448 -456.194885 209.000000
v 2040.933716 -451.045532 192.000000
v 2042.139526 -451.003876 193.000000
v 2040.600708 -449.885864 193.000000
v 2040.933716 -451.045532 210.000000
v 2040.600708 -449.885864 209.000000
v 2042.139526 -451.003876 209.000000
v 2035.673828 -449.336517 192.000000
v 2036.625000 -448.594055 193.000000
v 2034.722778 -448.594086 193.000000
v 2035.673828 -449.336517 210.000000
v 2034.722778 -448.594086 209.000000
v 2036.625000 -448.594055 209.000000
v 2030.414062 -451.045563 192.000000
v 2030.747070 -449.885895 193.000000
v 2029.208252 -451.003906 193.000000
v 2030.414062 -451.045563 210.000000
v 2029.208252 -451.003906 209.000000
v 2030.747070 -449.885895 209.000000
v 2027.163330 -455.519806 192.000000
v 2026.751099 -454.385864 193.000000
v 2026.163330 -456.194885 193.000000
v 2027.163330 -455.519806 210.000000
v 2026.163330 -456.194885 209.000000
v 2026.751099 -454.385864 209.000000
v 2027.163330 -461.050323 192.000000
v 2026.163330 -460.375244 193.000000
v 2026.751099 -462.184235 193.000000
v 2027.163330 -461.050323 210.000000
v 2026.751099 -462.184235 209.000000
v 2026.163330 -460.375244 209.000000
v 2030.414062 -465.524567 192.000000
v 2029.208252 -465.566223 193.000000
v 2030.747070 -466.684235 193.000000
v 2030.414062 -465.524567 210.000000
v 2030.747070 -466.684235 209.000000
v 2029.208252 -465.566223 209.000000
v 2053.991943 -452.625427 199.000000
v 2053.040771 -453.367889 200.000000
v 2054.942871 -453.367889 200.000000
v 2053.991943 -452.625427 217.000000
v 2054.942871 -453.367889 216.000000
v 2053.040771 -453.367889 216.000000
v 2059.251709 -450.916412 199.000000
v 2058.918701 -452.076050 200.000000
v 2060.457520 -450.958038 200.000000
v 2059.251709 -450.916412 217.000000
v 2060.457520 -450.958038 216.000000
v 2058.918701 -452.076050 216.000000
v 2062.502441 -446.442139 199.000000
v 2062.914795 -447.576080 200.000000
v 2063.502441 -445.767059 200.000000
v 2062.502441 -446.442139 217.000000
v 2063.502441 -445.767059 216.000000
v 2062.914795 -447.576080 216.000000
v 2062.502441 -440.911652 199.000000
v 2063.502441 -441.586700 200.000000
v 2062.914795 -439.777740 200.000000
v 2062.502441 -440.911652 217.000000
v 2062.914795 -439.777740 216.000000
v 2063.502441 -441.586700 216.000000
v 2059.251709 -436.437378 199.000000
v 2060.457520 -436.395752 200.000000
v 2058.918701 -435.277710 200.000000
v 2059.251709 -436.437378 217.000000
v 2058.918701 -435.277710 216.000000
v 2060.457520 -436.395752 216.000000
v 2053.991943 -434.728363 199.000000
v 2054.943115 -433.985870 200.000000
v 2053.040771 -433.985901 200.000000
v 2053.991943 -434.728363 217.000000
v 2053.040771 -433.985901 216.000000
v 2054.943115 -433.985870 216.000000
v 2048.732178 -436.437378 199.000000
v 2049.065186 -435.277710 200.000000
v 2047.526367 -436.395752 200.000000
v 2048.732178 -436.437378 217.000000
v 2047.526367 -436.395752 216.000000
v 2049.065186 -435.277710 216.000000
v 2045.481323 -440.911621 199.000000
v 2045.069092 -439.777710 200.000000
v 2044.481323 -441.586731 200.000000
v 2045.481323 -440.911621 217.000000
v 2044.481323 -441.586731 216.000000
v 2045.069092 -439.777710 216.000000
v 2045.481323 -446.442139 199.000000
v 2044.481445 -445.767059 200.000000
v 2045.069214 -447.576050 200.000000
v 2045.481323 -446.442139 217.000000
v 2045.069214 -447.576050 216.000000
v 2044.481445 -445.767059 216.000000
v 2048.732178 -450.916443 199.000000
v 2047.526245 -450.958069 200.000000
v 2049.065186 -452.076111 200.000000
v 2048.732178 -450.916443 217.000000
v 2049.065186 -452.076111 216.000000
v 2047.526245 -450.958069 216.000000
v 2076.834229 -457.839050 192.000000
v 2075.883301 -458.581512 193.000000
v 2077.785400 -458.581482 193.000000
v 2076.834229 -457.839050 210.000000
v 2077.785400 -458.581482 209.000000
v 2075.883301 -458.581512 209.000000
v 2082.093994 -456.130035 192.000000
v 2081.760986 -457.289673 193.000000
v 2083.299805 -456.171661 193.000000
v 2082.093994 -456.130035 210.000000
v 2083.299805 -456.171661 209.000000
v 2081.760986 -457.289673 209.000000
v 2085.344727 -451.655762 192.000000
v 2085.757080 -452.789703 193.000000
v 2086.344727 -450.980682 193.000000
v 2085.344727 -451.655762 210.000000
v 2086.344727 -450.980682 209.000000
v 2085.757080 -452.789703 209.000000
v 2085.344727 -446.125275 192.000000
v 2086.344727 -446.800354 193.000000
v 2085.757080 -444.991333 193.000000
v 2085.344727 -446.125275 210.000000
v 2085.757080 -444.991333 209.000000
v 2086.344727 -446.800354 209.000000
v 2082.093994 -441.651001 192.000000
v 2083.299805 -441.609344 193.000000
v 2081.760986 -440.491333 193.000000
v 2082.093994 -441.651001 210.000000
v 2081.760986 -440.491333 209.000000
v 2083.299805 -441.609344 209.000000
v 2076.834229 -439.941986 192.000000
v 2077.785400 -439.199524 193.000000
v 2075.883301 -439.199554 193.000000
v 2076.834229 -439.941986 210.000000
v 2075.883301 -439.199554 209.000000
v 2077.785400 -439.199524 209.000000
v 2071.574463 -441.651001 192.000000
v 2071.907471 -440.491333 193.000000
v 2070.368652 -441.609344 193.000000
v 2071.574463 -441.651001 210.000000
v 2070.368652 -441.609344 209.000000
v 2071.907471 -440.491333 209.000000
v 2068.323730 -446.125244 192.000000
v 2067.911377 -444.991302 193.000000
v 2067.323730 -446.800354 193.000000
v 2068.323730 -446.125244 210.000000
v 2067.323730 -446.800354 209.000000
v 2067.911377 -444.991302 209.000000
v 2068.323730 -451.655762 192.000000
v 2067.323730 -450.980682 193.000000
v 2067.911377 -452.789703 193.000000
v 2068.323730 -451.655762 210.000000
v 2067.911377 -452.789703 209.000000
v 2067.323730 -450.980682 209.000000
v 2071.574463 -456.130035 192.000000
v 2070.368652 -456.171692 193.000000
v 2071.907471 -457.289703 193.000000
v 2071.574463 -456.130035 210.000000
v 2071.907471 -457.289703 209.000000
v 2070.368652 -456.171692 209.000000
v 2165.775635 -725.172180 197.500000
v 2164.948730 -722.288391 200.500000
v 2162.891846 -725.999084 200.500000
v 2164.948730 -722.288391 209.500000
v 2165.775635 -725.172180 212.500000
v 2162.891846 -725.999084 209.500000
v 2177.352539 -765.545166 197.500000
v 2174.468750 -766.372070 200.500000
v 2178.179443 -768.428955 200.500000
v 2177.352539 -765.545166 212.500000
v 2178.179443 -768.428955 209.500000
v 2174.468750 -766.372070 209.500000
v 2342.647949 -674.454895 197.500000
v 2345.531738 -673.627991 200.500000
v 2341.821045 -671.571106 200.500000
v 2342.647949 -674.454895 212.500000
v 2341.821045 -671.571106 209.500000
v 2345.531738 -673.627991 209.500000
v 2354.224609 -714.827881 197.500000
v 2355.051514 -717.711670 200.500000
v 2357.108398 -714.000977 200.500000
v 2354.224609 -714.827881 212.500000
v 2357.108398 -714.000977 209.500000
v 2355.051514 -717.711670 209.500000
v 2177.243652 -723.444275 125.000000
v 2176.692383 -721.521729 127.000000
v 2175.321289 -723.995544 127.000000
v 2176.692383 -721.521729 195.000000
v 2177.243652 -723.444275 197.000000
v 2175.321289 -723.995544 195.000000
v 2179.724609 -732.095581 125.000000
v 2177.802002 -732.646851 127.000000
v 2180.275879 -734.018127 127.000000
v 2179.724609 -732.095581 197.000000
v 2180.275879 -734.018127 195.000000
v 2177.802002 -732.646851 195.000000
v 2185.895020 -720.963501 125.000000
v 2187.817627 -720.412231 127.000000
v 2185.343750 -719.041016 127.000000
v 2185.895020 -720.963501 197.000000
v 2185.343750 -719.041016 195.000000
v 2187.817627 -720.412231 195.000000
v 2188.375977 -729.614868 125.000000
v 2188.927246 -731.537415 127.000000
v 2190.298340 -729.063599 127.000000
v 2188.375977 -729.614868 197.000000
v 2190.298340 -729.063599 195.000000
v 2188.927246 -731.537415 195.000000
v 2185.512451 -752.281982 125.000000
v 2184.961182 -750.359497 127.000000
v 2183.589844 -752.833252 127.000000
v 2184.961182 -750.359497 195.000000
v 2185.512451 -752.281982 197.000000
v 2183.589844 -752.833252 195.000000
v 2187.993164 -760.933350 125.000000
v 2186.070801 -761.484619 127.000000
v 2188.544434 -762.855896 127.000000
v 2187.993164 -760.933350 197.000000
v 2188.544434 -762.855896 195.000000
v 2186.070801 -761.484619 195.000000
v 2194.163818 -749.801270 125.000000
v 2196.086426 -749.250000 127.000000
v 2193.612549 -747.878723 127.000000
v 2194.163818 -749.801270 197.000000
v 2193.612549 -747.878723 195.000000
v 2196.086426 -749.250000 195.000000
v 2196.644531 -758.452637 125.000000
v 2197.195801 -760.375122 127.000000
v 2198.567139 -757.901367 127.000000
v 2196.644531 -758.452637 197.000000
v 2198.567139 -757.901367 195.000000
v 2197.195801 -760.375122 195.000000
v 2323.355469 -681.547241 125.000000
v 2322.804199 -679.624756 127.000000
v 2321.433105 -682.098511 127.000000
v 2322.804199 -679.624756 195.000000
v 2323.355469 -681.547241 197.000000
v 2321.433105 -682.098511 195.000000
v 2325.836182 -690.198608 125.000000
v 2323.913818 -690.749878 127.000000
v 2326.387451 -692.121155 127.000000
v 2325.836182 -690.198608 197.000000
v 2326.387451 -692.121155 195.000000
v 2323.913818 -690.749878 195.000000
v 2332.006836 -679.066528 125.000000
v 2333.929443 -678.515259 127.000000
v 2331.455566 -677.143982 127.000000
v 2332.006836 -679.066528 197.000000
v 2331.455566 -677.143982 195.000000
v 2333.929443 -678.515259 195.000000
v 2334.487549 -687.717896 125.000000
v 2335.038818 -689.640381 127.000000
v 2336.410156 -687.166626 127.000000
v 2334.487549 -687.717896 197.000000
v 2336.410156 -687.166626 195.000000
v 2335.038818 -689.640381 195.000000
v 2331.624512 -710.385132 125.000000
v 2331.073242 -708.462585 127.000000
v 2329.701904 -710.936401 127.000000
v 2331.073242 -708.462585 195.000000
v 2331.624512 -710.385132 197.000000
v 2329.701904 -710.936401 195.000000
v 2334.105225 -719.036438 125.000000
v 2332.182617 -719.587708 127.000000
v 2334.656494 -720.958984 127.000000
v 2334.105225 -719.036438 197.000000
v 2334.656494 -720.958984 195.000000
v 2332.182617 -719.587708 195.000000
v 2340.275879 -707.904358 125.000000
v 2342.198242 -707.353088 127.000000
v 2339.724609 -705.981812 127.000000
v 2340.275879 -707.904358 197.000000
v 2339.724609 -705.981812 195.000000
v 2342.198242 -707.353088 195.000000
v 2342.756592 -716.555725 125.000000
v 2343.307861 -718.478271 127.000000
v 2344.679199 -716.004456 127.000000
v 2342.756592 -716.555725 197.000000
v 2344.679199 -716.004456 195.000000
v 2343.307861 -718.478271 195.000000
v 2184.194824 -738.615967 145.000000
v 2183.643555 -736.693481 147.000000
v 2182.272461 -739.167236 147.000000
v 2183.643555 -736.693481 155.000000
v 2184.194824 -738.615967 157.000000
v 2182.272461 -739.167236 155.000000
v 2185.848633 -744.383545 145.000000
v 2183.926270 -744.934814 147.000000
v 2186.399902 -746.306091 147.000000
v 2185.848633 -744.383545 157.000000
v 2186.399902 -746.306091 155.000000
v 2183.926270 -744.934814 155.000000
v 2334.151611 -695.616516 145.000000
v 2336.074219 -695.065247 147.000000
v 2333.600342 -693.694031 147.000000
v 2334.151611 -695.616516 157.000000
v 2333.600342 -693.694031 155.000000
v 2336.074219 -695.065247 155.000000
v 2335.805420 -701.384094 145.000000
v 2336.356689 -703.306641 147.000000
v 2337.728027 -700.832825 147.000000
v 2335.805420 -701.384094 157.000000
v 2337.728027 -700.832825 155.000000
v 2336.356689 -703.306641 155.000000
v 2200.000244 -728.929382 208.500000
v 2200.000244 -730.999939 210.500000
v 2200.000244 -728.929382 253.500000
v 2200.000244 -730.999939 251.500000
v 2204.464844 -727.733093 208.500000
v 2205.500244 -729.526245 210.500000
v 2204.464844 -727.733093 253.500000
v 2205.500244 -729.526245 251.500000
v 2207.733398 -724.464661 208.500000
v 2209.526611 -725.499939 210.500000
v 2207.733398 -724.464661 253.500000
v 2209.526611 -725.499939 251.500000
v 2208.929688 -719.999939 208.500000
v 2211.000244 -719.999939 210.500000
v 2208.929688 -719.999939 253.500000
v 2211.000244 -719.999939 251.500000
v 2207.733398 -715.535217 208.500000
v 2209.526611 -714.499939 210.500000
v 2207.733398 -715.535217 253.500000
v 2209.526611 -714.499939 251.500000
v 2204.464844 -712.266846 208.500000
v 2205.500244 -710.473694 210.500000
v 2204.464844 -712.266846 253.500000
v 2205.500244 -710.473694 251.500000
v 2200.000244 -711.070496 208.500000
v 2200.000244 -708.999939 210.500000
v 2200.000244 -711.070496 253.500000
v 2200.000244 -708.999939 251.500000
v 2195.535400 -712.266846 208.500000
v 2194.500244 -710.473694 210.500000
v 2195.535400 -712.266846 253.500000
v 2194.500244 -710.473694 251.500000
v 2192.267090 -715.535217 208.500000
v 2190.473877 -714.499939 210.500000
v 2192.267090 -715.535217 253.500000
v 2190.473877 -714.499939 251.500000
v 2191.070801 -719.999939 208.500000
v 2189.000244 -719.999939 210.500000
v 2191.070801 -719.999939 253.500000
v 2189.000244 -719.999939 251.500000
v 2192.267090 -724.464661 208.500000
v 2190.473877 -725.499939 210.500000
v 2192.267090 -724.464661 253.500000
v 2190.473877 -725.499939 251.500000
v 2195.535645 -727.733093 208.500000
v 2194.500244 -729.526245 210.500000
v 2195.535645 -727.733093 253.500000
v 2194.500244 -729.526245 251.500000
v 2200.000244 -723.948486 250.000000
v 2199.049072 -724.690918 251.000000
v 2200.951172 -724.690918 251.000000
v 2200.000244 -723.948486 268.000000
v 2200.951172 -724.690918 267.000000
v 2199.049072 -724.690918 267.000000
v 2202.321045 -723.194397 250.000000
v 2201.988037 -724.354065 251.000000
v 2203.526855 -723.236023 251.000000
v 2202.321045 -723.194397 268.000000
v 2203.526855 -723.236023 267.000000
v 2201.988037 -724.354065 267.000000
v 2203.755615 -721.220154 250.000000
v 2204.167725 -722.354065 251.000000
v 2204.755615 -720.545044 251.000000
v 2203.755615 -721.220154 268.000000
v 2204.755615 -720.545044 267.000000
v 2204.167725 -722.354065 267.000000
v 2203.755615 -718.779785 250.000000
v 2204.755615 -719.454895 251.000000
v 2204.167725 -717.645874 251.000000
v 2203.755615 -718.779785 268.000000
v 2204.167725 -717.645874 267.000000
v 2204.755615 -719.454895 267.000000
v 2202.321045 -716.805542 250.000000
v 2203.526855 -716.763916 251.000000
v 2201.988037 -715.645874 251.000000
v 2202.321045 -716.805542 268.000000
v 2201.988037 -715.645874 267.000000
v 2203.526855 -716.763916 267.000000
v 2200.000244 -716.051392 250.000000
v 2200.951172 -715.308960 251.000000
v 2199.049316 -715.308960 251.000000
v 2200.000244 -716.051392 268.000000
v 2199.049316 -715.308960 267.000000
v 2200.951172 -715.308960 267.000000
v 2197.679443 -716.805542 250.000000
v 2198.012451 -715.645874 251.000000
v 2196.473633 -716.763916 251.000000
v 2197.679443 -716.805542 268.000000
v 2196.473633 -716.763916 267.000000
v 2198.012451 -715.645874 267.000000
v 2196.244873 -718.779785 250.000000
v 2195.832764 -717.645874 251.000000
v 2195.244873 -719.454895 251.000000
v 2196.244873 -718.779785 268.000000
v 2195.244873 -719.454895 267.000000
v 2195.832764 -717.645874 267.000000
v 2196.244873 -721.220154 250.000000
v 2195.244873 -720.545044 251.000000
v 2195.832764 -722.354065 251.000000
v 2196.244873 -721.220154 268.000000
v 2195.832764 -722.354065 267.000000
v 2195.244873 -720.545044 267.000000
v 2197.679199 -723.194397 250.000000
v 2196.473633 -723.236023 251.000000
v 2198.012451 -724.354065 251.000000
v 2197.679199 -723.194397 268.000000
v 2198.012451 -724.354065 267.000000
v 2196.473633 -723.236023 267.000000
v 2230.000244 -728.929382 208.500000
v 2230.000244 -730.999939 210.500000
v 2230.000244 -728.929382 253.500000
v 2230.000244 -730.999939 251.500000
v 2234.464844 -727.733093 208.500000
v 2235.500244 -729.526245 210.500000
v 2234.464844 -727.733093 253.500000
v 2235.500244 -729.526245 251.500000
v 2237.733398 -724.464661 208.500000
v 2239.526367 -725.499939 210.500000
v 2237.733398 -724.464661 253.500000
v 2239.526367 -725.499939 251.500000
v 2238.929688 -719.999939 208.500000
v 2241.000244 -719.999939 210.500000
v 2238.929688 -719.999939 253.500000
v 2241.000244 -719.999939 251.500000
v 2237.733398 -715.535217 208.500000
v 2239.526367 -714.499939 210.500000
v 2237.733398 -715.535217 253.500000
v 2239.526367 -714.499939 251.500000
v 2234.464844 -712.266785 208.500000
v 2235.500244 -710.473633 210.500000
v 2234.464844 -712.266785 253.500000
v 2235.500244 -710.473633 251.500000
v 2230.000244 -711.070496 208.500000
v 2230.000244 -708.999939 210.500000
v 2230.000244 -711.070496 253.500000
v 2230.000244 -708.999939 251.500000
v 2225.535400 -712.266846 208.500000
v 2224.500244 -710.473633 210.500000
v 2225.535400 -712.266846 253.500000
v 2224.500244 -710.473633 251.500000
v 2222.267090 -715.535217 208.500000
v 2220.473877 -714.499939 210.500000
v 2222.267090 -715.535217 253.500000
v 2220.473877 -714.499939 251.500000
v 2221.070801 -719.999939 208.500000
v 2219.000244 -719.999939 210.500000
v 2221.070801 -719.999939 253.500000
v 2219.000244 -719.999939 251.500000
v 2222.267090 -724.464661 208.500000
v 2220.473877 -725.499939 210.500000
v 2222.267090 -724.464661 253.500000
v 2220.473877 -725.499939 251.500000
v 2225.535400 -727.733093 208.500000
v 2224.500244 -729.526245 210.500000
v 2225.535400 -727.733093 253.500000
v 2224.500244 -729.526245 251.500000
v 2230.000244 -723.948486 250.000000
v 2229.049072 -724.690918 251.000000
v 2230.951172 -724.690918 251.000000
v 2230.000244 -723.948486 268.000000
v 2230.951172 -724.690918 267.000000
v 2229.049072 -724.690918 267.000000
v 2232.321045 -723.194397 250.000000
v 2231.988037 -724.354065 251.000000
v 2233.526855 -723.236023 251.000000
v 2232.321045 -723.194397 268.000000
v 2233.526855 -723.236023 267.000000
v 2231.988037 -724.354065 267.000000
v 2233.755371 -721.220093 250.000000
v 2234.167725 -722.354065 251.000000
v 2234.755371 -720.545044 251.000000
v 2233.755371 -721.220093 268.000000
v 2234.755371 -720.545044 267.000000
v 2234.167725 -722.354065 267.000000
v 2233.755371 -718.779785 250.000000
v 2234.755371 -719.454834 251.000000
v 2234.167725 -717.645874 251.000000
v 2233.755371 -718.779785 268.000000
v 2234.167725 -717.645874 267.000000
v 2234.755371 -719.454834 267.000000
v 2232.321045 -716.805481 250.000000
v 2233.526855 -716.763855 251.000000
v 2231.988037 -715.645813 251.000000
v 2232.321045 -716.805481 268.000000
v 2231.988037 -715.645813 267.000000
v 2233.526855 -716.763855 267.000000
v 2230.000244 -716.051392 250.000000
v 2230.951172 -715.308960 251.000000
v 2229.049072 -715.308960 251.000000
v 2230.000244 -716.051392 268.000000
v 2229.049072 -715.308960 267.000000
v 2230.951172 -715.308960 267.000000
v 2227.679199 -716.805481 250.000000
v 2228.012207 -715.645813 251.000000
v 2226.473389 -716.763855 251.000000
v 2227.679199 -716.805481 268.000000
v 2226.473389 -716.763855 267.000000
v 2228.012207 -715.645813 267.000000
v 2226.244873 -718.779785 250.000000
v 2225.832764 -717.645874 251.000000
v 2225.244873 -719.454834 251.000000
v 2226.244873 -718.779785 268.000000
v 2225.244873 -719.454834 267.000000
v 2225.832764 -717.645874 267.000000
v 2226.244873 -721.220093 250.000000
v 2225.244873 -720.545044 251.000000
v 2225.832764 -722.354065 251.000000
v 2226.244873 -721.220093 268.000000
v 2225.832764 -722.354065 267.000000
v 2225.244873 -720.545044 267.000000
v 2227.679199 -723.194397 250.000000
v 2226.473633 -723.236023 251.000000
v 2228.012207 -724.354065 251.000000
v 2227.679199 -723.194397 268.000000
v 2228.012207 -724.354065 267.000000
v 2226.473633 -723.236023 267.000000
v 2260.000244 -728.929504 208.500000
v 2260.000244 -731.000061 210.500000
v 2260.000244 -728.929504 253.500000
v 2260.000244 -731.000061 251.500000
v 2264.464844 -727.733154 208.500000
v 2265.500244 -729.526306 210.500000
v 2264.464844 -727.733154 253.500000
v 2265.500244 -729.526306 251.500000
v 2267.733398 -724.464783 208.500000
v 2269.526367 -725.500061 210.500000
v 2267.733398 -724.464783 253.500000
v 2269.526367 -725.500061 251.500000
v 2268.929688 -720.000061 208.500000
v 2271.000244 -720.000061 210.500000
v 2268.929688 -720.000061 253.500000
v 2271.000244 -720.000061 251.500000
v 2267.733398 -715.535339 208.500000
v 2269.526367 -714.500061 210.500000
v 2267.733398 -715.535339 253.500000
v 2269.526367 -714.500061 251.500000
v 2264.464844 -712.266907 208.500000
v 2265.500244 -710.473755 210.500000
v 2264.464844 -712.266907 253.500000
v 2265.500244 -710.473755 251.500000
v 2260.000244 -711.070618 208.500000
v 2260.000244 -709.000061 210.500000
v 2260.000244 -711.070618 253.500000
v 2260.000244 -709.000061 251.500000
v 2255.535400 -712.266907 208.500000
v 2254.500244 -710.473755 210.500000
v 2255.535400 -712.266907 253.500000
v 2254.500244 -710.473755 251.500000
v 2252.267090 -715.535339 208.500000
v 2250.473877 -714.500061 210.500000
v 2252.267090 -715.535339 253.500000
v 2250.473877 -714.500061 251.500000
v 2251.070801 -720.000061 208.500000
v 2249.000244 -720.000061 210.500000
v 2251.070801 -720.000061 253.500000
v 2249.000244 -720.000061 251.500000
v 2252.267090 -724.464783 208.500000
v 2250.473877 -725.500061 210.500000
v 2252.267090 -724.464783 253.500000
v 2250.473877 -725.500061 251.500000
v 2255.535400 -727.733154 208.500000
v 2254.500244 -729.526306 210.500000
v 2255.535400 -727.733154 253.500000
v 2254.500244 -729.526306 251.500000
v 2260.000244 -723.948608 250.000000
v 2259.049072 -724.691040 251.000000
v 2260.951172 -724.691040 251.000000
v 2260.000244 -723.948608 268.000000
v 2260.951172 -724.691040 267.000000
v 2259.049072 -724.691040 267.000000
v 2262.321045 -723.194458 250.000000
v 2261.988037 -724.354126 251.000000
v 2263.526855 -723.236084 251.000000
v 2262.321045 -723.194458 268.000000
v 2263.526855 -723.236084 267.000000
v 2261.988037 -724.354126 267.000000
v 2263.755371 -721.220215 250.000000
v 2264.167725 -722.354126 251.000000
v 2264.755371 -720.545105 251.000000
v 2263.755371 -721.220215 268.000000
v 2264.755371 -720.545105 267.000000
v 2264.167725 -722.354126 267.000000
v 2263.755371 -718.779907 250.000000
v 2264.755371 -719.454956 251.000000
v 2264.167725 -717.645935 251.000000
v 2263.755371 -718.779907 268.000000
v 2264.167725 -717.645935 267.000000
v 2264.755371 -719.454956 267.000000
v 2262.321045 -716.805603 250.000000
v 2263.526855 -716.763977 251.000000
v 2261.988037 -715.645935 251.000000
v 2262.321045 -716.805603 268.000000
v 2261.988037 -715.645935 267.000000
v 2263.526855 -716.763977 267.000000
v 2260.000244 -716.051514 250.000000
v 2260.951172 -715.309082 251.000000
v 2259.049072 -715.309082 251.000000
v 2260.000244 -716.051514 268.000000
v 2259.049072 -715.309082 267.000000
v 2260.951172 -715.309082 267.000000
v 2257.679199 -716.805603 250.000000
v 2258.012207 -715.645935 251.000000
v 2256.473389 -716.763977 251.000000
v 2257.679199 -716.805603 268.000000
v 2256.473389 -716.763977 267.000000
v 2258.012207 -715.645935 267.000000
v 2256.244873 -718.779907 250.000000
v 2255.832764 -717.645935 251.000000
v 2255.244873 -719.454956 251.000000
v 2256.244873 -718.779907 268.000000
v 2255.244873 -719.454956 267.000000
v 2255.832764 -717.645935 267.000000
v 2256.244873 -721.220215 250.000000
v 2255.244873 -720.545105 251.000000
v 2255.832764 -722.354126 251.000000
v 2256.244873 -721.220215 268.000000
v 2255.832764 -722.354126 267.000000
v 2255.244873 -720.545105 267.000000
v 2257.679199 -723.194458 250.000000
v 2256.473389 -723.236084 251.000000
v 2258.012207 -724.354126 251.000000
v 2257.679199 -723.194458 268.000000
v 2258.012207 -724.354126 267.000000
v 2256.473389 -723.236084 267.000000
v 2290.000244 -728.929504 208.500000
v 2290.000000 -731.000061 210.500000
v 2290.000244 -728.929504 253.500000
v 2290.000000 -731.000061 251.500000
v 2294.464844 -727.733154 208.500000
v 2295.500000 -729.526306 210.500000
v 2294.464844 -727.733154 253.500000
v 2295.500000 -729.526306 251.500000
v 2297.733154 -724.464722 208.500000
v 2299.526367 -725.500000 210.500000
v 2297.733154 -724.464722 253.500000
v 2299.526367 -725.500000 251.500000
v 2298.929688 -720.000000 208.500000
v 2301.000244 -720.000000 210.500000
v 2298.929688 -720.000000 253.500000
v 2301.000244 -720.000000 251.500000
v 2297.733398 -715.535278 208.500000
v 2299.526367 -714.500000 210.500000
v 2297.733398 -715.535278 253.500000
v 2299.526367 -714.500000 251.500000
v 2294.464844 -712.266907 208.500000
v 2295.500244 -710.473755 210.500000
v 2294.464844 -712.266907 253.500000
v 2295.500244 -710.473755 251.500000
v 2290.000244 -711.070557 208.500000
v 2290.000244 -709.000000 210.500000
v 2290.000244 -711.070557 253.500000
v 2290.000244 -709.000000 251.500000
v 2285.535400 -712.266907 208.500000
v 2284.500244 -710.473755 210.500000
v 2285.535400 -712.266907 253.500000
v 2284.500244 -710.473755 251.500000
v 2282.267090 -715.535278 208.500000
v 2280.473877 -714.500000 210.500000
v 2282.267090 -715.535278 253.500000
v 2280.473877 -714.500000 251.500000
v 2281.070801 -720.000000 208.500000
v 2279.000244 -720.000000 210.500000
v 2281.070801 -720.000000 253.500000
v 2279.000244 -720.000000 251.500000
v 2282.267090 -724.464722 208.500000
v 2280.473877 -725.500061 210.500000
v 2282.267090 -724.464722 253.500000
v 2280.473877 -725.500061 251.500000
v 2285.535400 -727.733154 208.500000
v 2284.500244 -729.526306 210.500000
v 2285.535400 -727.733154 253.500000
v 2284.500244 -729.526306 251.500000
v 2290.000000 -723.948547 250.000000
v 2289.049072 -724.691040 251.000000
v 2290.951172 -724.691040 251.000000
v 2290.000000 -723.948547 268.000000
v 2290.951172 -724.691040 267.000000
v 2289.049072 -724.691040 267.000000
v 2292.321045 -723.194458 250.000000
v 2291.988037 -724.354126 251.000000
v 2293.526855 -723.236084 251.000000
v 2292.321045 -723.194458 268.000000
v 2293.526855 -723.236084 267.000000
v 2291.988037 -724.354126 267.000000
v 2293.755371 -721.220215 250.000000
v 2294.167725 -722.354126 251.000000
v 2294.755371 -720.545105 251.000000
v 2293.755371 -721.220215 268.000000
v 2294.755371 -720.545105 267.000000
v 2294.167725 -722.354126 267.000000
v 2293.755371 -718.779846 250.000000
v 2294.755371 -719.454956 251.000000
v 2294.167725 -717.645935 251.000000
v 2293.755371 -718.779846 268.000000
v 2294.167725 -717.645935 267.000000
v 2294.755371 -719.454956 267.000000
v 2292.321045 -716.805603 250.000000
v 2293.526855 -716.763977 251.000000
v 2291.988037 -715.645935 251.000000
v 2292.321045 -716.805603 268.000000
v 2291.988037 -715.645935 267.000000
v 2293.526855 -716.763977 267.000000
v 2290.000244 -716.051514 250.000000
v 2290.951172 -715.309021 251.000000
v 2289.049072 -715.309021 251.000000
v 2290.000244 -716.051514 268.000000
v 2289.049072 -715.309021 267.000000
v 2290.951172 -715.309021 267.000000
v 2287.679199 -716.805603 250.000000
v 2288.012207 -715.645935 251.000000
v 2286.473389 -716.763977 251.000000
v 2287.679199 -716.805603 268.000000
v 2286.473389 -716.763977 267.000000
v 2288.012207 -715.645935 267.000000
v 2286.244873 -718.779846 250.000000
v 2285.832520 -717.645935 251.000000
v 2285.244873 -719.454956 251.000000
v 2286.244873 -718.779846 268.000000
v 2285.244873 -719.454956 267.000000
v 2285.832520 -717.645935 267.000000
v 2286.244873 -721.220215 250.000000
v 2285.244873 -720.545105 251.000000
v 2285.832764 -722.354126 251.000000
v 2286.244873 -721.220215 268.000000
v 2285.832764 -722.354126 267.000000
v 2285.244873 -720.545105 267.000000
v 2287.679199 -723.194458 250.000000
v 2286.473389 -723.236084 251.000000
v 2288.012207 -724.354126 251.000000
v 2287.679199 -723.194458 268.000000
v 2288.012207 -724.354126 267.000000
v 2286.473389 -723.236084 267.000000
v 2320.000000 -728.929443 208.500000
v 2320.000000 -731.000000 210.500000
v 2320.000000 -728.929443 253.500000
v 2320.000000 -731.000000 251.500000
v 2324.464844 -727.733154 208.500000
v 2325.500000 -729.526306 210.500000
v 2324.464844 -727.733154 253.500000
v 2325.500000 -729.526306 251.500000
v 2327.733154 -724.464722 208.500000
v 2329.526367 -725.500000 210.500000
v 2327.733154 -724.464722 253.500000
v 2329.526367 -725.500000 251.500000
v 2328.929688 -720.000000 208.500000
v 2331.000000 -720.000000 210.500000
v 2328.929688 -720.000000 253.500000
v 2331.000000 -720.000000 251.500000
v 2327.733154 -715.535278 208.500000
v 2329.526367 -714.500000 210.500000
v 2327.733154 -715.535278 253.500000
v 2329.526367 -714.500000 251.500000
v 2324.464844 -712.266846 208.500000
v 2325.500000 -710.473755 210.500000
v 2324.464844 -712.266846 253.500000
v 2325.500000 -710.473755 251.500000
v 2320.000000 -711.070557 208.500000
v 2320.000000 -709.000000 210.500000
v 2320.000000 -711.070557 253.500000
v 2320.000000 -709.000000 251.500000
v 2315.535400 -712.266907 208.500000
v 2314.500000 -710.473755 210.500000
v 2315.535400 -712.266907 253.500000
v 2314.500000 -710.473755 251.500000
v 2312.267090 -715.535278 208.500000
v 2310.473877 -714.500000 210.500000
v 2312.267090 -715.535278 253.500000
v 2310.473877 -714.500000 251.500000
v 2311.070557 -720.000000 208.500000
v 2309.000000 -720.000000 210.500000
v 2311.070557 -720.000000 253.500000
v 2309.000000 -720.000000 251.500000
v 2312.267090 -724.464722 208.500000
v 2310.473877 -725.500000 210.500000
v 2312.267090 -724.464722 253.500000
v 2310.473877 -725.500000 251.500000
v 2315.535400 -727.733154 208.500000
v 2314.500000 -729.526306 210.500000
v 2315.535400 -727.733154 253.500000
v 2314.500000 -729.526306 251.500000
v 2320.000000 -723.948547 250.000000
v 2319.049072 -724.690979 251.000000
v 2320.951172 -724.690979 251.000000
v 2320.000000 -723.948547 268.000000
v 2320.951172 -724.690979 267.000000
v 2319.049072 -724.690979 267.000000
v 2322.321045 -723.194458 250.000000
v 2321.988037 -724.354126 251.000000
v 2323.526855 -723.236084 251.000000
v 2322.321045 -723.194458 268.000000
v 2323.526855 -723.236084 267.000000
v 2321.988037 -724.354126 267.000000
v 2323.755371 -721.220154 250.000000
v 2324.167480 -722.354126 251.000000
v 2324.755371 -720.545105 251.000000
v 2323.755371 -721.220154 268.000000
v 2324.755371 -720.545105 267.000000
v 2324.167480 -722.354126 267.000000
v 2323.755371 -718.779846 250.000000
v 2324.755371 -719.454956 251.000000
v 2324.167480 -717.645935 251.000000
v 2323.755371 -718.779846 268.000000
v 2324.167480 -717.645935 267.000000
v 2324.755371 -719.454956 267.000000
v 2322.321045 -716.805603 250.000000
v 2323.526855 -716.763916 251.000000
v 2321.988037 -715.645935 251.000000
v 2322.321045 -716.805603 268.000000
v 2321.988037 -715.645935 267.000000
v 2323.526855 -716.763916 267.000000
v 2320.000000 -716.051453 250.000000
v 2320.951172 -715.309021 251.000000
v 2319.049072 -715.309021 251.000000
v 2320.000000 -716.051453 268.000000
v 2319.049072 -715.309021 267.000000
v 2320.951172 -715.309021 267.000000
v 2317.679199 -716.805603 250.000000
v 2318.012207 -715.645935 251.000000
v 2316.473389 -716.763916 251.000000
v 2317.679199 -716.805603 268.000000
v 2316.473389 -716.763916 267.000000
v 2318.012207 -715.645935 267.000000
v 2316.244873 -718.779846 250.000000
v 2315.832520 -717.645935 251.000000
v 2315.244873 -719.454956 251.000000
v 2316.244873 -718.779846 268.000000
v 2315.244873 -719.454956 267.000000
v 2315.832520 -717.645935 267.000000
v 2316.244873 -721.220154 250.000000
v 2315.244873 -720.545105 251.000000
v 2315.832520 -722.354126 251.000000
v 2316.244873 -721.220154 268.000000
v 2315.832520 -722.354126 267.000000
v 2315.244873 -720.545105 267.000000
v 2317.679199 -723.194458 250.000000
v 2316.473389 -723.236084 251.000000
v 2318.012207 -724.354126 251.000000
v 2317.679199 -723.194458 268.000000
v 2318.012207 -724.354126 267.000000
v 2316.473389 -723.236084 267.000000
v 1592.500000 -755.929504 154.000000
v 1594.500000 -758.000000 154.000000
v 1747.500000 -755.929504 154.000000
v 1745.500000 -758.000000 154.000000
v 1592.500000 -753.795349 146.035278
v 1594.500000 -755.588501 145.000000
v 1747.500000 -753.795349 146.035278
v 1745.500000 -755.588501 145.000000
v 1592.500000 -747.964722 140.204697
v 1594.500000 -749.000000 138.411545
v 1747.499878 -747.964783 140.204697
v 1745.500000 -749.000000 138.411545
v 1592.500000 -740.000000 138.070557
v 1594.499878 -740.000061 136.000000
v 1747.500000 -740.000000 138.070557
v 1745.500000 -740.000000 136.000000
v 1592.500000 -732.035278 140.204697
v 1594.500000 -731.000061 138.411545
v 1747.499878 -732.035278 140.204697
v 1745.500000 -731.000000 138.411545
v 1592.500000 -726.204712 146.035278
v 1594.499878 -724.411560 145.000000
v 1747.500000 -726.204712 146.035278
v 1745.500000 -724.411560 145.000000
v 1592.500000 -724.070557 154.000000
v 1594.500000 -722.000000 154.000000
v 1747.500000 -724.070557 154.000000
v 1745.500000 -722.000000 154.000000
v 1592.500000 -726.204712 161.964722
v 1594.499878 -724.411560 163.000000
v 1747.500000 -726.204712 161.964722
v 1745.500000 -724.411560 163.000000
v 1592.500000 -732.035278 167.795319
v 1594.500000 -731.000061 169.588455
v 1747.499878 -732.035278 167.795303
v 1745.500000 -731.000000 169.588455
v 1592.500000 -740.000000 169.929443
v 1594.499878 -740.000061 172.000000
v 1747.500000 -740.000000 169.929443
v 1745.500000 -740.000000 172.000000
v 1592.500000 -747.964722 167.795319
v 1594.500000 -749.000000 169.588455
v 1747.499878 -747.964783 167.795303
v 1745.500000 -749.000000 169.588455
v 1592.500000 -753.795349 161.964722
v 1594.500000 -755.588501 163.000000
v 1747.500000 -753.795349 161.964722
v 1745.500000 -755.588501 163.000000
v 1592.500000 -790.929443 154.000000
v 1594.500000 -793.000000 154.000000
v 1747.500000 -790.929443 154.000000
v 1745.500000 -793.000000 154.000000
v 1592.500000 -788.795288 146.035278
v 1594.500000 -790.588440 145.000000
v 1747.500000 -788.795288 146.035278
v 1745.500000 -790.588440 145.000000
v 1592.500000 -782.964722 140.204697
v 1594.500000 -784.000000 138.411545
v 1747.500000 -782.964722 140.204697
v 1745.500000 -784.000000 138.411545
v 1592.500000 -775.000000 138.070557
v 1594.500000 -775.000000 136.000000
v 1747.500000 -775.000000 138.070557
v 1745.500000 -775.000000 136.000000
v 1592.500000 -767.035278 140.204697
v 1594.500000 -766.000000 138.411545
v 1747.500000 -767.035278 140.204697
v 1745.500000 -766.000000 138.411545
v 1592.500000 -761.204712 146.035278
v 1594.500000 -759.411560 145.000000
v 1747.500000 -761.204712 146.035278
v 1745.500000 -759.411560 145.000000
v 1592.500000 -759.070557 154.000000
v 1594.500000 -757.000000 154.000000
v 1747.500000 -759.070557 154.000000
v 1745.500000 -757.000000 154.000000
v 1592.500000 -761.204712 161.964722
v 1594.500000 -759.411560 163.000000
v 1747.500000 -761.204712 161.964722
v 1745.500000 -759.411560 163.000000
v 1592.500000 -767.035278 167.795319
v 1594.500000 -766.000000 169.588455
v 1747.500000 -767.035278 167.795303
v 1745.500000 -766.000000 169.588455
v 1592.500000 -775.000000 169.929443
v 1594.500000 -775.000000 172.000000
v 1747.500000 -775.000000 169.929443
v 1745.500000 -775.000000 172.000000
v 1592.500000 -782.964722 167.795319
v 1594.500000 -784.000000 169.588455
v 1747.500000 -782.964722 167.795303
v 1745.500000 -784.000000 169.588455
v 1592.500000 -788.795288 161.964722
v 1594.500000 -790.588440 163.000000
v 1747.500000 -788.795288 161.964722
v 1745.500000 -790.588440 163.000000
v 1592.500000 -825.929504 154.000000
v 1594.500000 -828.000061 154.000000
v 1747.500000 -825.929504 154.000000
v 1745.500000 -828.000061 154.000000
v 1592.500000 -823.795349 146.035278
v 1594.500000 -825.588501 145.000000
v 1747.500000 -823.795349 146.035278
v 1745.500000 -825.588501 145.000000
v 1592.500000 -817.964783 140.204697
v 1594.500000 -819.000061 138.411545
v 1747.500000 -817.964783 140.204697
v 1745.500000 -819.000061 138.411545
v 1592.500000 -810.000061 138.070557
v 1594.500000 -810.000061 136.000000
v 1747.500000 -810.000061 138.070557
v 1745.500000 -810.000061 136.000000
v 1592.500000 -802.035339 140.204697
v 1594.500000 -801.000061 138.411545
v 1747.500000 -802.035339 140.204697
v 1745.500000 -801.000061 138.411545
v 1592.500000 -796.204712 146.035278
v 1594.500000 -794.411560 145.000000
v 1747.500000 -796.204712 146.035278
v 1745.500000 -794.411560 145.000000
v 1592.500000 -794.070618 154.000000
v 1594.500000 -792.000061 154.000000
v 1747.500000 -794.070618 154.000000
v 1745.500000 -792.000061 154.000000
v 1592.500000 -796.204712 161.964722
v 1594.500000 -794.411560 163.000000
v 1747.500000 -796.204712 161.964722
v 1745.500000 -794.411560 163.000000
v 1592.500000 -802.035339 167.795319
v 1594.500000 -801.000061 169.588455
v 1747.500000 -802.035339 167.795303
v 1745.500000 -801.000061 169.588455
v 1592.500000 -810.000061 169.929443
v 1594.500000 -810.000061 172.000000
v 1747.500000 -810.000061 169.929443
v 1745.500000 -810.000061 172.000000
v 1592.500000 -817.964783 167.795319
v 1594.500000 -819.000061 169.588455
v 1747.500000 -817.964783 167.795303
v 1745.500000 -819.000061 169.588455
v 1592.500000 -823.795349 161.964722
v 1594.500000 -825.588501 163.000000
v 1747.500000 -823.795349 161.964722
v 1745.500000 -825.588501 163.000000
v 1592.500000 -860.929443 154.000000
v 1594.500000 -863.000000 154.000000
v 1747.500000 -860.929443 154.000000
v 1745.500000 -863.000000 154.000000
v 1592.500000 -858.795288 146.035278
v 1594.500000 -860.588440 145.000000
v 1747.500000 -858.795288 146.035278
v 1745.500000 -860.588440 145.000000
v 1592.500000 -852.964722 140.204697
v 1594.500000 -854.000000 138.411545
v 1747.500000 -852.964722 140.204697
v 1745.500000 -854.000000 138.411545
v 1592.500000 -845.000000 138.070557
v 1594.500000 -845.000000 136.000000
v 1747.500000 -845.000000 138.070557
v 1745.500000 -845.000000 136.000000
v 1592.500000 -837.035217 140.204697
v 1594.500000 -836.000000 138.411545
v 1747.500000 -837.035217 140.204697
v 1745.500000 -836.000000 138.411545
v 1592.500000 -831.204651 146.035278
v 1594.499878 -829.411499 145.000000
v 1747.500000 -831.204651 146.035278
v 1745.500000 -829.411499 145.000000
v 1592.500000 -829.070557 154.000000
v 1594.500000 -827.000000 154.000000
v 1747.500000 -829.070496 154.000000
v 1745.500000 -827.000000 154.000000
v 1592.500000 -831.204651 161.964722
v 1594.499878 -829.411499 163.000000
v 1747.500000 -831.204651 161.964722
v 1745.500000 -829.411499 163.000000
v 1592.500000 -837.035217 167.795319
v 1594.500000 -836.000000 169.588455
v 1747.500000 -837.035217 167.795303
v 1745.500000 -836.000000 169.588455
v 1592.500000 -845.000000 169.929443
v 1594.500000 -845.000000 172.000000
v 1747.500000 -845.000000 169.929443
v 1745.500000 -845.000000 172.000000
v 1592.500000 -852.964722 167.795319
v 1594.500000 -854.000000 169.588455
v 1747.500000 -852.964722 167.795303
v 1745.500000 -854.000000 169.588455
v 1592.500000 -858.795288 161.964722
v 1594.500000 -860.588440 163.000000
v 1747.500000 -858.795288 161.964722
v 1745.500000 -860.588440 163.000000
vn -0.6521 0.4913 -0.5774
vn -0.6521 0.4913 0.5774
vn -0.4914 -0.6521 -0.5773
vn -0.4914 -0.6521 0.5773
vn 0.4914 0.6521 -0.5773
vn 0.4914 0.6521 0.5773
vn 0.6521 -0.4914 -0.5773
vn 0.6521 -0.4914 0.5773
vn -0.7002 -0.0984 -0.7071
vn -0.7986 0.6019 -0.0000
vn -0.7002 -0.0984 0.7071
vn -0.6018 -0.7986 -0.0000
vn 0.0984 -0.7002 -0.7071
vn 0.0984 -0.7002 0.7071
vn 0.7987 -0.6018 -0.0000
vn 0.7002 0.0984 -0.7071
vn 0.7002 0.0984 0.7071
vn 0.6018 0.7986 -0.0000
vn -0.0984 0.7003 -0.7071
vn -0.0984 0.7003 0.7071
vn -0.0000 -0.0000 -1.0000
vn -0.9903 -0.1392 -0.0000
vn -0.1392 0.9903 -0.0000
vn -0.0000 -0.0000 1.0000
vn 0.1392 -0.9903 -0.0000
vn 0.9903 0.1392 -0.0000
vn -0.6521 0.4914 -0.5773
vn -0.6521 0.4914 0.5773
vn -0.4914 -0.6520 -0.5774
vn -0.4914 -0.6520 0.5774
vn -0.7986 0.6018 -0.0000
vn -0.6018 -0.7987 -0.0000
vn 0.7986 -0.6018 -0.0000
vn 0.6019 0.7986 -0.0000
vn -0.0984 0.7002 -0.7071
vn -0.0984 0.7002 0.7072
vn -0.4914 -0.6520 -0.5775
vn -0.4914 -0.6520 0.5775
vn 0.4914 0.6520 -0.5774
vn 0.4914 0.6520 0.5774
vn -0.7002 -0.0985 -0.7071
vn -0.7002 -0.0985 0.7071
vn -0.0984 0.7002 0.7071
vn -0.6521 0.4914 -0.5774
vn 0.4913 0.6522 -0.5773
vn 0.4913 0.6522 0.5773
vn 0.6521 -0.4914 -0.5774
vn 0.6521 -0.4914 0.5774
vn 0.0984 -0.7003 -0.7071
vn 0.0984 -0.7003 0.7071
vn -0.4913 -0.6522 -0.5773
vn -0.4913 -0.6522 0.5773
vn -0.6019 -0.7986 -0.0000
vn 0.6018 0.7987 -0.0000
vn -0.4913 -0.6521 0.5773
vn 0.4913 0.6521 0.5773
vn 0.6521 -0.4913 -0.5775
vn 0.6521 -0.4913 0.5775
vn 0.7986 -0.6019 -0.0000
vn 0.7002 0.0984 -0.7072
vn 0.7002 0.0984 0.7072
vn -0.4913 -0.6521 -0.5773
vn 0.4913 0.6521 -0.5773
vn -0.6520 0.4914 0.5774
vn 0.6521 -0.4913 -0.5773
vn 0.6521 -0.4913 0.5773
vn -0.7985 0.6019 -0.0000
vn 0.7987 -0.6017 -0.0000
vn 0.6521 -0.4913 -0.5774
vn 0.6521 -0.4913 0.5774
vn -0.4913 -0.6521 -0.5774
vn -0.4913 -0.6521 0.5774
vn 0.4914 0.6521 -0.5774
vn 0.4914 0.6521 0.5774
vn 0.0984 -0.7002 -0.7072
vn 0.0984 -0.7002 0.7072
vn 0.7985 -0.6019 -0.0000
vn -0.0000 -0.4210 -0.9070
vn 0.4031 -0.8370 -0.3701
vn -0.0000 -0.9290 -0.3701
vn 0.1827 -0.3794 0.9070
vn -0.0000 -0.9290 0.3701
vn 0.4031 -0.8370 0.3701
vn 0.1827 -0.3794 -0.9070
vn 0.7263 -0.5792 -0.3701
vn 0.7263 -0.5792 0.3701
vn 0.3292 -0.2625 -0.9070
vn 0.9057 -0.2067 -0.3701
vn 0.4105 -0.0937 0.9070
vn 0.9057 -0.2067 0.3701
vn 0.4105 -0.0937 -0.9070
vn 0.9057 0.2067 -0.3701
vn 0.4105 0.0937 0.9070
vn 0.9057 0.2067 0.3701
vn 0.4105 0.0937 -0.9070
vn 0.7263 0.5792 -0.3701
vn 0.7263 0.5792 0.3701
vn 0.1827 0.3794 -0.9070
vn 0.4031 0.8370 -0.3701
vn 0.1827 0.3794 0.9070
vn 0.4031 0.8370 0.3701
vn -0.0000 0.4211 -0.9070
vn -0.0000 0.9290 -0.3701
vn -0.0000 0.4211 0.9070
vn -0.0000 0.9290 0.3701
vn -0.1827 0.3793 -0.9070
vn -0.4031 0.8370 -0.3701
vn -0.1827 0.3794 0.9070
vn -0.4031 0.8370 0.3701
vn -0.3292 0.2625 -0.9070
vn -0.7263 0.5792 -0.3701
vn -0.3292 0.2625 0.9070
vn -0.7263 0.5792 0.3701
vn -0.4105 0.0937 -0.9070
vn -0.9057 0.2067 -0.3701
vn -0.4105 0.0937 0.9070
vn -0.9057 0.2067 0.3701
vn -0.4105 -0.0937 -0.9070
vn -0.9057 -0.2067 -0.3701
vn -0.4105 -0.0937 0.9070
vn -0.9057 -0.2067 0.3701
vn -0.3292 -0.2625 -0.9070
vn -0.7263 -0.5792 -0.3701
vn -0.3292 -0.2625 0.9070
vn -0.7263 -0.5792 0.3701
vn -0.4031 -0.8370 -0.3701
vn -0.4031 -0.8370 0.3701
vn -0.1827 -0.3794 -0.9070
vn -0.1827 -0.3794 0.9070
vn 0.8009 -0.1412 0.5819
vn -0.3086 0.0544 0.9496
vn -0.9848 0.1736 -0.0000
vn -0.3085 0.0544 -0.9497
vn 0.8009 -0.1412 -0.5819
vn 0.7043 -0.4066 0.5819
vn -0.2713 0.1567 0.9496
vn -0.8660 0.5000 -0.0000
vn -0.2714 0.1567 -0.9496
vn 0.7043 -0.4066 -0.5819
vn 0.5227 -0.6230 0.5819
vn -0.2014 0.2400 0.9496
vn -0.6428 0.7660 -0.0000
vn -0.2014 0.2400 -0.9496
vn 0.5228 -0.6230 -0.5819
vn 0.2782 -0.7642 0.5819
vn -0.1072 0.2944 0.9496
vn -0.3420 0.9397 -0.0000
vn -0.1072 0.2944 -0.9496
vn 0.2782 -0.7642 -0.5819
vn -0.0000 -0.8133 0.5819
vn -0.0000 0.3133 0.9496
vn -0.0000 1.0000 -0.0000
vn -0.0000 0.3133 -0.9497
vn -0.0000 -0.8133 -0.5819
vn -0.2781 -0.7642 0.5819
vn 0.1072 0.2944 0.9496
vn 0.3420 0.9397 -0.0000
vn 0.1072 0.2944 -0.9496
vn -0.2781 -0.7642 -0.5819
vn -0.5228 -0.6230 0.5819
vn 0.2014 0.2400 0.9497
vn 0.6428 0.7660 -0.0000
vn 0.2014 0.2400 -0.9496
vn -0.5228 -0.6230 -0.5819
vn -0.7043 -0.4066 0.5819
vn 0.2713 0.1567 0.9496
vn 0.8660 0.5000 -0.0000
vn 0.2713 0.1567 -0.9496
vn -0.7043 -0.4066 -0.5819
vn -0.8009 -0.1412 0.5819
vn 0.3085 0.0544 0.9497
vn 0.9848 0.1736 -0.0000
vn 0.3086 0.0544 -0.9496
vn -0.8009 -0.1412 -0.5819
vn -0.8009 0.1412 0.5819
vn 0.3086 -0.0544 0.9496
vn 0.9848 -0.1736 -0.0000
vn 0.3085 -0.0544 -0.9497
vn -0.8009 0.1412 -0.5819
vn -0.7043 0.4066 0.5819
vn 0.2714 -0.1567 0.9496
vn 0.8660 -0.5000 -0.0000
vn 0.2713 -0.1567 -0.9497
vn -0.7043 0.4066 -0.5819
vn -0.5228 0.6230 0.5819
vn 0.2014 -0.2400 0.9497
vn 0.6428 -0.7661 -0.0000
vn 0.2014 -0.2400 -0.9496
vn -0.5227 0.6230 -0.5819
vn -0.2781 0.7642 0.5819
vn 0.1072 -0.2944 0.9496
vn 0.3420 -0.9397 -0.0000
vn 0.1072 -0.2944 -0.9496
vn -0.2782 0.7642 -0.5819
vn -0.0000 0.8133 0.5819
vn -0.0000 -0.3133 0.9496
vn -0.0000 -1.0000 -0.0000
vn -0.0000 -0.3133 -0.9496
vn -0.0000 0.8133 -0.5819
vn 0.2782 0.7642 0.5819
vn -0.1072 -0.2944 0.9497
vn -0.3420 -0.9397 -0.0000
vn -0.1072 -0.2944 -0.9496
vn 0.2782 0.7642 -0.5819
vn 0.5227 0.6230 0.5819
vn -0.2014 -0.2400 0.9496
vn -0.6428 -0.7661 -0.0000
vn -0.2014 -0.2400 -0.9496
vn 0.5228 0.6230 -0.5819
vn 0.7043 0.4066 0.5819
vn -0.2713 -0.1567 0.9496
vn -0.8660 -0.5000 -0.0000
vn -0.2713 -0.1567 -0.9496
vn 0.7043 0.4066 -0.5819
vn 0.8009 0.1412 0.5819
vn -0.3085 -0.0544 0.9497
vn -0.9848 -0.1736 -0.0000
vn -0.3086 -0.0544 -0.9496
vn 0.8009 0.1412 -0.5819
vn -0.3086 0.0544 -0.9497
vn -0.2713 0.1567 0.9497
vn 0.3086 -0.0544 -0.9497
vn 0.2713 -0.1567 0.9496
vn -0.5228 0.6230 -0.5819
vn 0.7043 -0.4067 -0.5819
vn 0.2781 -0.7642 -0.5819
vn 0.6428 -0.7660 -0.0000
vn -0.2782 0.7642 0.5819
vn -0.6428 -0.7660 -0.0000
vn 0.5227 0.6230 -0.5819
vn -0.2713 -0.1567 0.9497
vn -0.5771 0.5777 -0.5773
vn -0.5771 0.5777 0.5773
vn -0.5771 -0.5777 -0.5773
vn -0.5771 -0.5777 0.5773
vn 0.5771 0.5777 -0.5773
vn 0.5771 0.5777 0.5773
vn 0.5775 -0.5777 -0.5768
vn 0.5775 -0.5777 0.5768
vn -0.7067 -0.0000 -0.7075
vn -0.7067 0.7075 -0.0000
vn -0.7067 -0.0000 0.7075
vn -0.7067 -0.7075 -0.0000
vn -0.0000 -0.7077 -0.7065
vn -0.0000 -0.7073 0.7069
vn 0.7069 -0.7073 -0.0000
vn 0.7068 -0.0000 -0.7074
vn 0.7067 -0.0000 0.7075
vn 0.7067 0.7075 -0.0000
vn -0.0000 0.7073 -0.7069
vn -0.0000 0.7073 0.7069
vn -1.0000 -0.0000 -0.0000
vn 1.0000 -0.0000 -0.0000
vn -0.0000 0.8174 -0.5761
vn -0.0000 0.8172 0.5764
vn -0.8161 -0.0000 -0.5779
vn -0.8162 -0.0000 0.5777
vn 0.8173 -0.0000 -0.5762
vn 0.8175 -0.0000 0.5760
vn -0.0000 -0.8170 -0.5766
vn -0.0000 -0.8170 0.5766
vn -0.4997 0.4996 -0.7076
vn -0.4999 0.4996 0.7075
vn -0.5001 -0.5002 -0.7069
vn -0.5001 -0.5001 0.7070
vn 0.5004 -0.5002 -0.7067
vn 0.5005 -0.5002 0.7066
vn 0.5004 0.5004 -0.7066
vn 0.5007 0.5006 0.7062
vn -0.7072 0.7070 -0.0000
vn 0.7071 0.7071 -0.0000
vn -0.7071 -0.7071 -0.0000
vn 0.7074 -0.7068 -0.0000
vn 0.5775 0.5777 -0.5768
vn 0.5775 0.5777 0.5768
vn -0.5769 0.5771 -0.5780
vn -0.5769 0.5771 0.5780
vn 0.5778 -0.5780 -0.5762
vn 0.5778 -0.5780 0.5762
vn -0.5775 -0.5777 -0.5768
vn -0.5775 -0.5777 0.5768
vn -0.0000 0.7067 -0.7075
vn 0.7083 0.7059 -0.0000
vn -0.0000 0.7070 0.7072
vn -0.7069 0.7073 -0.0000
vn -0.7069 -0.7073 -0.0000
vn -0.0000 -0.7070 -0.7072
vn -0.0000 -0.7067 0.7075
vn 0.7083 -0.7059 -0.0000
vn 0.7076 -0.0000 -0.7066
vn 0.7076 -0.0000 0.7066
vn 0.8173 -0.0000 -0.5763
vn 0.8173 -0.0000 0.5763
vn -0.0000 0.8160 -0.5781
vn -0.0000 0.8160 0.5781
vn -0.0000 -0.8160 -0.5781
vn -0.0000 -0.8160 0.5781
vn -0.8173 -0.0000 -0.5762
vn -0.8175 -0.0000 0.5760
vn 0.5002 0.5002 -0.7068
vn 0.5004 0.5002 0.7067
vn -0.5007 0.5006 -0.7062
vn -0.5006 0.5006 0.7063
vn -0.5002 -0.5006 -0.7065
vn -0.5003 -0.5006 0.7065
vn 0.5005 -0.5004 -0.7065
vn 0.5004 -0.5004 0.7065
vn 0.7069 0.7073 -0.0000
vn 0.7071 -0.7071 -0.0000
vn -0.7071 0.7071 -0.0000
vn -0.7072 -0.7070 -0.0000
vn 0.5776 -0.5779 -0.5765
vn 0.5776 -0.5779 0.5765
vn 0.5773 0.5780 -0.5767
vn 0.5773 0.5780 0.5767
vn -0.5785 -0.5757 -0.5779
vn -0.5785 -0.5757 0.5779
vn -0.5785 0.5757 -0.5779
vn -0.5785 0.5757 0.5779
vn 0.7075 -0.0000 -0.7067
vn -0.0000 0.7074 -0.7069
vn -0.7076 -0.0000 -0.7066
vn -0.7075 -0.0000 0.7067
vn -0.7081 -0.7061 -0.0000
vn -0.0000 -0.7073 -0.7069
vn -0.0000 -0.7074 0.7069
vn -0.0000 -0.8164 -0.5775
vn -0.0000 -0.8166 0.5772
vn 0.8169 -0.0000 -0.5768
vn 0.8171 -0.0000 0.5766
vn -0.8172 -0.0000 -0.5764
vn -0.8172 -0.0000 0.5764
vn -0.0000 0.8164 -0.5775
vn -0.0000 0.8164 0.5775
vn 0.5002 -0.5002 -0.7068
vn 0.4998 -0.4998 0.7074
vn 0.4997 0.4997 -0.7075
vn 0.4997 0.4996 0.7076
vn -0.5001 0.5006 -0.7066
vn -0.5003 0.5007 0.7064
vn -0.5003 -0.5004 -0.7067
vn -0.5005 -0.5004 0.7065
vn -0.5769 -0.5776 -0.5776
vn -0.5769 -0.5776 0.5776
vn 0.5773 -0.5780 -0.5767
vn 0.5773 -0.5780 0.5767
vn 0.5779 0.5782 -0.5760
vn 0.5779 0.5782 0.5760
vn -0.0000 -0.7075 -0.7067
vn -0.0000 -0.7072 0.7070
vn 0.7081 -0.7061 -0.0000
vn -0.0000 0.7070 -0.7072
vn -0.0000 0.7072 0.7070
vn -0.7069 -0.0000 -0.7073
vn -0.7069 -0.0000 0.7073
vn -0.8163 -0.0000 -0.5777
vn -0.8164 -0.0000 0.5775
vn -0.0000 0.8170 -0.5766
vn -0.0000 0.8170 0.5766
vn 0.8171 -0.0000 -0.5765
vn -0.5003 -0.5000 -0.7069
vn -0.5002 -0.5000 0.7070
vn 0.5004 -0.5004 -0.7066
vn 0.5004 -0.5003 0.7066
vn 0.5004 0.5000 -0.7068
vn 0.5003 0.5000 0.7069
vn -0.5001 0.5001 -0.7070
vn -0.5001 0.5002 0.7069
vn -0.0000 -0.4211 -0.9070
vn -0.0000 -0.4211 0.9070
vn 0.3292 0.2625 -0.9070
vn 0.3292 0.2625 0.9070
vn -0.1827 0.3794 -0.9070
vn 0.8025 -0.1271 0.5830
vn -0.3086 0.0489 0.9499
vn -0.9877 0.1564 -0.0000
vn -0.3086 0.0489 -0.9499
vn 0.8025 -0.1271 -0.5830
vn 0.7239 -0.3688 0.5830
vn -0.2784 0.1419 0.9499
vn -0.8910 0.4540 -0.0000
vn -0.2784 0.1419 -0.9499
vn 0.7239 -0.3689 -0.5830
vn 0.5745 -0.5745 0.5830
vn -0.2210 0.2210 0.9499
vn -0.2210 0.2210 -0.9499
vn 0.5745 -0.5745 -0.5830
vn 0.3688 -0.7239 0.5830
vn -0.1419 0.2784 0.9499
vn -0.4540 0.8910 -0.0000
vn -0.1419 0.2784 -0.9499
vn 0.3688 -0.7239 -0.5830
vn 0.1271 -0.8025 0.5830
vn -0.0489 0.3086 0.9499
vn -0.1564 0.9877 -0.0000
vn -0.0489 0.3086 -0.9499
vn 0.1271 -0.8025 -0.5830
vn -0.1271 -0.8025 0.5830
vn 0.0489 0.3087 0.9499
vn 0.1564 0.9877 -0.0000
vn 0.0489 0.3086 -0.9499
vn -0.1271 -0.8025 -0.5830
vn -0.3689 -0.7239 0.5830
vn 0.1419 0.2784 0.9499
vn 0.4540 0.8910 -0.0000
vn 0.1419 0.2784 -0.9499
vn -0.3688 -0.7239 -0.5830
vn -0.5745 -0.5745 0.5830
vn 0.2210 0.2210 0.9499
vn 0.2210 0.2210 -0.9499
vn -0.5745 -0.5745 -0.5830
vn -0.7239 -0.3689 0.5830
vn 0.2784 0.1419 0.9499
vn 0.8910 0.4540 -0.0000
vn 0.2784 0.1419 -0.9499
vn -0.7239 -0.3688 -0.5830
vn -0.8025 -0.1271 0.5830
vn 0.3086 0.0489 0.9499
vn 0.9877 0.1564 -0.0000
vn 0.3087 0.0489 -0.9499
vn -0.8025 -0.1271 -0.5830
vn -0.8025 0.1271 0.5830
vn 0.3086 -0.0489 0.9499
vn 0.9877 -0.1564 -0.0000
vn 0.3086 -0.0489 -0.9499
vn -0.8025 0.1271 -0.5830
vn -0.7239 0.3688 0.5830
vn 0.2784 -0.1419 0.9499
vn 0.8910 -0.4540 -0.0000
vn 0.2784 -0.1419 -0.9499
vn -0.7239 0.3688 -0.5830
vn -0.5745 0.5745 0.5830
vn 0.2210 -0.2210 0.9499
vn 0.2210 -0.2210 -0.9499
vn -0.5745 0.5745 -0.5830
vn -0.3688 0.7239 0.5830
vn 0.1419 -0.2784 0.9499
vn 0.4540 -0.8910 -0.0000
vn 0.1419 -0.2784 -0.9499
vn -0.3688 0.7239 -0.5830
vn -0.1271 0.8024 0.5830
vn 0.0489 -0.3086 0.9499
vn 0.1564 -0.9877 -0.0000
vn 0.0489 -0.3086 -0.9499
vn -0.1271 0.8025 -0.5830
vn 0.1271 0.8025 0.5830
vn -0.0489 -0.3087 0.9499
vn -0.1564 -0.9877 -0.0000
vn -0.0489 -0.3086 -0.9499
vn 0.1271 0.8024 -0.5830
vn 0.3688 0.7239 0.5830
vn -0.1419 -0.2784 0.9499
vn -0.4540 -0.8910 -0.0000
vn -0.1419 -0.2784 -0.9499
vn 0.3688 0.7239 -0.5830
vn 0.5745 0.5745 0.5830
vn -0.2210 -0.2210 0.9499
vn -0.2210 -0.2210 -0.9499
vn 0.5745 0.5745 -0.5830
vn 0.7239 0.3688 0.5830
vn -0.2784 -0.1419 0.9499
vn -0.8910 -0.4540 -0.0000
vn -0.2784 -0.1419 -0.9499
vn 0.7239 0.3689 -0.5830
vn 0.8025 0.1271 0.5830
vn -0.3086 -0.0489 0.9499
vn -0.9877 -0.1564 -0.0000
vn -0.3086 -0.0489 -0.9499
vn 0.8025 0.1271 -0.5830
vn -0.0000 -0.4645 -0.8856
vn 0.1654 -0.9211 -0.3524
vn -0.1654 -0.9211 -0.3524
vn -0.0000 -0.4645 0.8856
vn -0.1654 -0.9211 0.3524
vn 0.1654 -0.9211 0.3524
vn 0.2730 -0.3758 -0.8856
vn 0.6752 -0.6480 -0.3524
vn 0.4077 -0.8424 -0.3524
vn 0.2730 -0.3758 0.8856
vn 0.4077 -0.8424 0.3524
vn 0.6752 -0.6480 0.3524
vn 0.4418 -0.1435 -0.8856
vn 0.9271 -0.1274 -0.3524
vn 0.8250 -0.4419 -0.3524
vn 0.4418 -0.1435 0.8856
vn 0.8249 -0.4419 0.3524
vn 0.9271 -0.1274 0.3524
vn 0.4418 0.1436 -0.8856
vn 0.8249 0.4419 -0.3524
vn 0.9271 0.1274 -0.3524
vn 0.4418 0.1436 0.8856
vn 0.9271 0.1274 0.3524
vn 0.8250 0.4419 0.3524
vn 0.2730 0.3758 -0.8856
vn 0.4077 0.8424 -0.3524
vn 0.6752 0.6480 -0.3524
vn 0.2730 0.3758 0.8856
vn 0.6752 0.6480 0.3524
vn 0.4077 0.8424 0.3524
vn -0.0000 0.4645 -0.8856
vn -0.1654 0.9211 -0.3524
vn 0.1653 0.9211 -0.3524
vn -0.0000 0.4645 0.8856
vn 0.1654 0.9211 0.3524
vn -0.1654 0.9211 0.3524
vn -0.2730 0.3758 -0.8856
vn -0.6752 0.6480 -0.3524
vn -0.4077 0.8424 -0.3524
vn -0.2730 0.3758 0.8856
vn -0.4077 0.8424 0.3524
vn -0.6752 0.6480 0.3524
vn -0.4418 0.1436 -0.8856
vn -0.9271 0.1274 -0.3524
vn -0.8250 0.4419 -0.3524
vn -0.4418 0.1436 0.8856
vn -0.8250 0.4419 0.3524
vn -0.9271 0.1274 0.3524
vn -0.4418 -0.1436 -0.8856
vn -0.8250 -0.4419 -0.3524
vn -0.9271 -0.1274 -0.3524
vn -0.4418 -0.1436 0.8856
vn -0.9271 -0.1274 0.3524
vn -0.8250 -0.4419 0.3524
vn -0.2730 -0.3758 -0.8856
vn -0.4077 -0.8424 -0.3524
vn -0.6752 -0.6480 -0.3524
vn -0.2730 -0.3758 0.8856
vn -0.6752 -0.6480 0.3524
vn -0.4077 -0.8424 0.3524
vn 0.4076 -0.8424 -0.3524
vn 0.4076 -0.8424 0.3524
vn 0.4418 -0.1436 -0.8856
vn 0.8249 -0.4419 -0.3524
vn 0.4418 -0.1436 0.8856
vn 0.8250 0.4419 -0.3524
vn 0.1654 0.9211 -0.3524
vn -0.4418 0.1435 -0.8856
vn -0.4418 0.1435 0.8856
vn -0.8249 0.4419 0.3524
vn -0.4418 -0.1435 -0.8856
vn -0.8249 -0.4419 -0.3524
vn -0.4418 -0.1435 0.8856
vn -0.4076 -0.8424 -0.3524
vn -0.4076 -0.8424 0.3524
vn -0.1653 -0.9211 -0.3524
vn -0.1653 -0.9211 0.3524
vn 0.4418 0.1435 -0.8856
vn 0.4418 0.1435 0.8856
vn -0.4076 0.8424 0.3524
vn -0.8249 0.4419 -0.3524
vn -0.8249 -0.4419 0.3524
vn 0.8250 -0.4419 0.3524
vn 0.9272 -0.1274 0.3524
vn 0.8249 0.4419 0.3524
vn 0.4076 0.8424 -0.3524
vn 0.4076 0.8424 0.3524
vn -0.9272 -0.1274 0.3524
vn -0.1653 0.9211 0.3524
vn 0.3292 -0.2625 0.9070
vn -0.3087 0.0489 -0.9499
vn 0.7239 -0.3689 0.5830
vn 0.3689 -0.7239 -0.5830
vn 0.0489 0.3086 0.9499
vn -0.3688 -0.7239 0.5830
vn -0.3689 -0.7239 -0.5830
vn -0.7239 -0.3688 0.5830
vn 0.3086 0.0489 -0.9499
vn -0.8024 0.1271 -0.5830
vn -0.3689 0.7239 -0.5830
vn -0.1271 0.8025 0.5830
vn 0.1271 0.8024 0.5830
vn -0.0489 -0.3086 0.9499
vn 0.1271 0.8025 -0.5830
vn 0.3689 0.7239 0.5830
vn 0.7239 0.3689 0.5830
vn -0.3087 -0.0489 -0.9499
vn 0.1653 -0.9211 0.3524
vn 0.9272 0.1274 -0.3524
vn 0.1653 0.9211 0.3524
vn 0.1653 -0.9211 -0.3524
vn 0.1654 0.9211 0.3523
vn 0.9272 -0.1274 -0.3524
vn -0.1653 0.9211 -0.3524
vn -0.4076 0.8424 -0.3524
vn -0.9272 -0.1274 -0.3524
vn -0.6752 0.6481 -0.3524
vn -0.0489 0.3087 0.9499
vn 0.1271 -0.8024 -0.5830
vn -0.7239 -0.3689 -0.5830
vn -0.7239 0.3689 -0.5830
vn 0.0489 -0.3087 -0.9499
vn -0.3087 -0.0489 0.9499
vn 0.4417 -0.1435 -0.8856
vn 0.9271 -0.1273 -0.3524
vn 0.9272 0.1273 0.3524
vn 0.8250 0.4418 0.3524
vn -0.9272 0.1273 -0.3524
vn -0.8250 0.4418 -0.3524
vn -0.9272 -0.1273 0.3524
vn 0.8250 -0.4418 -0.3524
vn 0.4417 -0.1435 0.8856
vn -0.9272 0.1274 -0.3524
vn 0.9272 -0.1273 -0.3524
vn -0.9271 0.1273 0.3524
vn 0.9271 0.1273 0.3524
vn -0.4417 0.1435 -0.8856
vn -0.4417 0.1435 0.8856
vn -0.4417 -0.1435 -0.8856
vn -0.9271 -0.1273 0.3524
vn -0.8250 -0.4418 0.3524
vn -0.7141 0.3959 -0.5773
vn -0.7141 0.3959 0.5773
vn -0.3958 -0.7141 -0.5773
vn -0.3958 -0.7141 0.5773
vn 0.3958 0.7142 -0.5773
vn 0.3958 0.7142 0.5773
vn 0.7141 -0.3958 -0.5774
vn 0.7141 -0.3958 0.5774
vn -0.6797 -0.1949 -0.7071
vn -0.8746 0.4848 -0.0000
vn -0.6797 -0.1949 0.7071
vn -0.4848 -0.8746 -0.0000
vn 0.1949 -0.6797 -0.7071
vn 0.1949 -0.6797 0.7071
vn 0.8746 -0.4848 -0.0000
vn 0.6797 0.1949 -0.7071
vn 0.6797 0.1949 0.7071
vn 0.4848 0.8746 -0.0000
vn -0.1949 0.6797 -0.7071
vn -0.1949 0.6797 0.7071
vn -0.9613 -0.2756 -0.0000
vn -0.2756 0.9613 -0.0000
vn 0.2756 -0.9613 -0.0000
vn 0.9613 0.2756 -0.0000
vn -0.7142 0.3958 -0.5773
vn -0.7142 0.3958 0.5773
vn -0.3958 -0.7142 -0.5773
vn -0.3958 -0.7142 0.5773
vn 0.7141 -0.3958 -0.5773
vn 0.7141 -0.3958 0.5773
vn -0.8747 0.4847 -0.0000
vn 0.8747 -0.4847 -0.0000
vn -0.1949 0.6798 0.7071
vn -0.7141 0.3958 -0.5774
vn -0.7141 0.3958 0.5774
vn -0.3959 -0.7141 -0.5774
vn -0.3959 -0.7141 0.5774
vn 0.3959 0.7141 -0.5774
vn 0.3959 0.7141 0.5774
vn 0.7141 -0.3959 -0.5773
vn 0.7141 -0.3959 0.5773
vn -0.8745 0.4850 -0.0000
vn -0.4849 -0.8746 -0.0000
vn 0.4847 0.8747 -0.0000
vn -0.9612 -0.2757 -0.0000
vn -0.7141 0.3958 -0.5773
vn -0.7141 0.3958 0.5773
vn 0.3958 0.7141 -0.5774
vn 0.3958 0.7141 0.5774
vn 0.4849 0.8746 -0.0000
vn 0.3959 0.7141 -0.5773
vn 0.3959 0.7141 0.5773
vn -0.4847 -0.8747 -0.0000
vn 0.9612 0.2757 -0.0000
vn -0.3959 -0.7141 -0.5773
vn -0.3959 -0.7141 0.5773
vn 0.6797 0.1950 -0.7071
vn 0.6797 0.1948 0.7071
vn 0.4848 0.8747 -0.0000
vn -0.0000 -0.9293 -0.3693
vn 0.2129 -0.3687 -0.9049
vn 0.4647 -0.8048 -0.3693
vn 0.2129 -0.3687 0.9049
vn -0.0000 -0.9293 0.3693
vn 0.4647 -0.8048 0.3693
vn 0.3687 -0.2129 -0.9049
vn 0.8048 -0.4646 -0.3693
vn 0.3687 -0.2129 0.9049
vn 0.8048 -0.4647 0.3693
vn 0.9293 -0.0000 -0.3693
vn 0.9293 -0.0000 0.3693
vn 0.4257 -0.0000 -0.9049
vn 0.8048 0.4647 -0.3693
vn 0.8048 0.4647 0.3693
vn 0.4257 -0.0000 0.9049
vn 0.3687 0.2129 -0.9049
vn 0.4647 0.8048 -0.3693
vn 0.2128 0.3687 0.9049
vn 0.4647 0.8048 0.3693
vn -0.0000 0.4257 -0.9049
vn -0.0000 0.9293 -0.3693
vn -0.0000 0.4257 0.9049
vn -0.0000 0.9293 0.3693
vn -0.4647 0.8048 -0.3692
vn -0.4647 0.8048 0.3693
vn -0.2129 0.3687 -0.9048
vn -0.8048 0.4647 -0.3693
vn -0.3687 0.2129 0.9049
vn -0.8048 0.4647 0.3693
vn -0.4257 -0.0000 -0.9048
vn -0.9293 -0.0000 -0.3693
vn -0.4257 -0.0000 0.9049
vn -0.9293 -0.0000 0.3693
vn -0.3687 -0.2129 -0.9049
vn -0.8048 -0.4647 -0.3693
vn -0.3687 -0.2129 0.9049
vn -0.8048 -0.4647 0.3692
vn -0.4647 -0.8048 -0.3693
vn -0.4647 -0.8048 0.3693
vn -0.2129 -0.3687 -0.9049
vn -0.2129 -0.3687 0.9049
vn 0.2129 0.3687 -0.9049
vn 0.3687 0.2129 0.9048
vn -0.0000 -0.4257 0.9049
vn 0.1653 -0.9212 -0.3524
vn 0.6751 -0.6481 0.3524
vn 0.8249 -0.4420 -0.3524
vn 0.8249 -0.4420 0.3524
vn 0.8249 0.4420 -0.3523
vn 0.8249 0.4420 0.3523
vn 0.6751 0.6481 -0.3524
vn -0.6751 0.6481 0.3524
vn -0.8249 0.4420 0.3524
vn -0.8249 -0.4420 -0.3524
vn -0.2731 -0.3758 -0.8855
vn -0.4076 -0.8425 -0.3523
vn -0.6751 -0.6481 -0.3523
vn -0.2731 -0.3758 0.8855
vn -0.6752 -0.6480 0.3523
vn -0.4077 -0.8424 0.3523
vn 0.4647 -0.8048 -0.3692
vn 0.4647 -0.8048 0.3692
vn 0.3687 -0.2129 -0.9048
vn 0.8048 -0.4647 -0.3692
vn 0.3687 -0.2129 0.9048
vn 0.8048 -0.4647 0.3692
vn 0.9293 -0.0000 -0.3692
vn 0.9293 -0.0000 0.3692
vn 0.3687 0.2129 -0.9048
vn 0.8048 0.4647 -0.3692
vn 0.8048 0.4647 0.3692
vn 0.2129 0.3687 -0.9048
vn 0.4647 0.8048 -0.3692
vn 0.2129 0.3687 0.9049
vn 0.4647 0.8048 0.3692
vn -0.2129 0.3687 0.9049
vn -0.8048 0.4647 0.3692
vn -0.4257 -0.0000 -0.9049
vn -0.8048 -0.4647 -0.3692
vn -0.3687 -0.2128 0.9049
vn -0.8048 -0.4647 0.3693
vn -0.4647 -0.8048 -0.3692
vn -0.2129 -0.3687 0.9048
vn -0.4647 -0.8048 0.3692
vn -0.0000 -0.4257 -0.9049
vn -0.0000 -0.4257 0.9048
vn 0.8249 0.4420 -0.3524
vn 0.1653 0.9212 0.3524
vn -0.6753 0.6480 0.3524
vn -0.2731 -0.3758 -0.8856
vn -0.6752 -0.6481 -0.3523
vn -0.2731 -0.3758 0.8856
vn 0.2128 -0.3687 0.9049
vn 0.4257 -0.0000 -0.9048
vn -0.2129 0.3687 0.9048
vn -0.4647 0.8048 0.3692
vn -0.3687 0.2128 -0.9049
vn -0.2129 -0.3687 -0.9048
vn 0.1653 -0.9211 -0.3523
vn 0.1654 -0.9211 0.3523
vn 0.6751 0.6481 -0.3523
vn -0.6753 -0.6480 -0.3524
vn -0.4076 -0.8424 0.3523
vn 0.2129 -0.3687 -0.9048
vn 0.8048 -0.4647 -0.3693
vn -0.3687 -0.2128 -0.9049
vn -0.3687 0.2128 0.9049
vn -0.1654 0.9211 -0.3525
vn -0.1654 0.9211 0.3525
vn -0.6751 0.6481 -0.3524
vn -0.8249 0.4420 -0.3524
vn -0.9272 0.1273 0.3524
vn 0.3687 0.2129 0.9049
vn -0.0000 0.4257 0.9048
vn -0.2129 0.3687 -0.9049
vn -0.4647 0.8048 -0.3693
vn -0.9293 -0.0000 -0.3692
vn -0.9293 -0.0000 0.3692
vn 0.6753 -0.6480 -0.3524
vn 0.6753 0.6479 0.3524
vn -0.4076 0.8424 -0.3523
vn -0.8250 0.4418 0.3524
vn -0.9272 -0.1273 -0.3524
vn -0.6752 -0.6481 0.3524
vn -0.9048 -0.4257 -0.0000
vn -0.3692 -0.8048 -0.4647
vn -0.3692 -0.9293 -0.0000
vn 0.3692 -0.8048 -0.4647
vn 0.9048 -0.4257 -0.0000
vn 0.3692 -0.9293 -0.0000
vn -0.9049 -0.2129 -0.3687
vn -0.3692 -0.4647 -0.8048
vn 0.9049 -0.2129 -0.3687
vn 0.3693 -0.4647 -0.8048
vn -0.3693 -0.0000 -0.9293
vn 0.9049 -0.0000 -0.4257
vn 0.3692 -0.0000 -0.9293
vn -0.9049 -0.0000 -0.4257
vn -0.3692 0.4647 -0.8048
vn 0.9049 0.2129 -0.3687
vn 0.3693 0.4647 -0.8048
vn -0.9048 0.3687 -0.2129
vn -0.3692 0.8048 -0.4647
vn 0.3692 0.8048 -0.4647
vn -0.9049 0.4257 -0.0000
vn -0.3692 0.9293 -0.0000
vn 0.3692 0.9293 -0.0000
vn 0.9048 0.3687 -0.2129
vn -0.3692 0.8048 0.4647
vn 0.9048 0.3687 0.2129
vn 0.3692 0.8048 0.4647
vn -0.9048 0.2129 0.3687
vn -0.3692 0.4647 0.8048
vn 0.9049 0.2129 0.3687
vn 0.3693 0.4647 0.8048
vn -0.9049 -0.0000 0.4257
vn -0.3693 -0.0000 0.9293
vn 0.3692 -0.0000 0.9293
vn -0.3692 -0.4647 0.8048
vn 0.3692 -0.4647 0.8048
vn 0.9049 -0.0000 0.4257
vn -0.9048 -0.3687 0.2129
vn -0.3692 -0.8048 0.4647
vn 0.3692 -0.8048 0.4647
vn 0.9049 -0.2129 0.3687
vn -0.9048 -0.3687 -0.2129
vn -0.9049 -0.4257 -0.0000
vn 0.9049 -0.3687 -0.2129
vn -0.9048 -0.2129 -0.3687
vn 0.3692 -0.4647 -0.8048
vn -0.3692 -0.0000 -0.9293
vn -0.9048 -0.0000 -0.4257
vn 0.3692 0.4647 -0.8048
vn -0.9049 0.2129 -0.3687
vn 0.9048 0.4257 -0.0000
vn -0.9048 0.3687 0.2129
vn 0.3692 0.4647 0.8048
vn 0.9049 0.3687 0.2129
vn -0.9048 -0.0000 0.4257
vn -0.3692 -0.0000 0.9293
vn 0.9048 -0.3687 0.2129
vn 0.9048 0.2129 -0.3687
vn 0.9048 0.2129 0.3687
vn 0.9048 -0.3687 -0.2129
vn -0.7987 0.6018 -0.0000
vn 0.6017 0.7987 -0.0000
vn -0.6017 -0.7987 -0.0000
vn -0.3085 0.0544 0.9497
vn -0.3086 0.0544 -0.9496
vn -0.2714 0.1567 0.9496
vn -0.2713 0.1567 -0.9497
vn 0.5228 -0.6230 0.5819
vn -0.6428 0.7661 -0.0000
vn 0.5227 -0.6230 -0.5819
vn -0.1072 0.2944 -0.9497
vn -0.0000 0.3133 0.9497
vn -0.0000 0.3133 -0.9496
vn -0.2782 -0.7642 0.5819
vn 0.2014 0.2400 0.9496
vn 0.6428 0.7661 -0.0000
vn 0.2014 0.2400 -0.9497
vn 0.3086 0.0544 0.9496
vn 0.3085 0.0544 -0.9497
vn 0.3085 -0.0544 0.9497
vn 0.3086 -0.0544 -0.9496
vn 0.2713 -0.1567 0.9497
vn 0.2713 -0.1567 -0.9496
vn -0.5227 0.6230 0.5819
vn 0.2014 -0.2400 0.9496
vn 0.2014 -0.2400 -0.9497
vn -0.2781 0.7642 -0.5819
vn -0.0000 -0.3133 0.9497
vn -0.0000 -0.3133 -0.9497
vn -0.1072 -0.2944 0.9496
vn -0.1072 -0.2944 -0.9497
vn 0.5228 0.6230 0.5819
vn -0.3086 -0.0544 0.9496
vn -0.3085 -0.0544 -0.9497
vn -0.3086 0.0544 0.9497
vn 0.3086 -0.0544 0.9497
vn -0.2713 0.1567 -0.9496
vn 0.2781 -0.7642 0.5819
vn 0.2782 0.7643 0.5818
vn -0.2714 -0.1567 0.9496
vn -0.7068 -0.0000 -0.7074
vn -0.0000 -0.7067 -0.7075
vn -0.0000 -0.7070 0.7072
vn 0.7068 -0.0000 0.7074
vn -0.4997 0.5000 -0.7073
vn -0.4998 0.4999 0.7073
vn -0.4998 -0.4998 -0.7074
vn -0.4998 -0.4997 0.7075
vn 0.5003 -0.5002 -0.7067
vn 0.5004 -0.5002 0.7067
vn 0.5004 0.5003 -0.7066
vn 0.5002 0.5002 0.7069
vn -0.0000 0.7067 0.7075
vn -0.7069 -0.0000 0.7074
vn 0.7077 -0.0000 -0.7065
vn 0.7077 -0.0000 0.7065
vn 0.4998 0.4998 -0.7074
vn 0.4998 0.4998 0.7075
vn -0.5000 0.4999 -0.7072
vn -0.4999 0.5000 0.7072
vn -0.5002 -0.5002 -0.7068
vn -0.5002 -0.5002 0.7068
vn 0.4997 -0.4996 -0.7076
vn 0.4997 -0.4997 0.7075
vn 0.7074 0.7068 -0.0000
vn 0.7081 0.7061 -0.0000
vn -0.7081 0.7061 -0.0000
vn -0.7077 -0.0000 -0.7065
vn -0.7077 -0.0000 0.7065
vn 0.4999 -0.5000 -0.7072
vn 0.5006 -0.5003 0.7065
vn 0.5004 0.5004 -0.7065
vn 0.5005 0.5004 0.7065
vn -0.5003 0.5003 -0.7067
vn -0.5004 0.5004 0.7066
vn -0.5005 -0.5004 -0.7065
vn -0.5004 -0.5004 0.7065
vn 0.7067 -0.7075 -0.0000
vn -0.0000 0.7075 -0.7067
vn -0.4997 -0.4999 -0.7074
vn -0.4999 -0.4999 0.7072
vn 0.5005 -0.5003 -0.7065
vn 0.5004 -0.5004 0.7066
vn 0.5004 0.5002 -0.7067
vn 0.5005 0.5001 0.7067
vn -0.4998 0.4997 -0.7075
vn -0.4998 0.4998 0.7074
vn 0.7239 -0.3688 -0.5830
vn 0.0489 0.3087 -0.9499
vn 0.3087 0.0489 0.9499
vn 0.3087 -0.0489 0.9499
vn -0.1271 0.8024 -0.5830
vn 0.7239 0.3688 -0.5830
vn -0.3087 0.0489 0.9499
vn 0.3689 -0.7239 0.5830
vn -0.0489 0.3087 -0.9499
vn -0.3689 0.7239 0.5830
vn 0.3689 0.7239 -0.5830
vn 0.1271 -0.8024 0.5830
vn -0.7239 0.3689 0.5830
vn 0.0489 -0.3087 0.9499
vn -0.0489 -0.3087 -0.9499
vn 0.8746 -0.4849 -0.0000
vn -0.1949 0.6798 -0.7071
vn 0.1949 -0.6798 -0.7071
vn 0.8745 -0.4850 -0.0000
vn 0.6797 0.1948 -0.7071
vn 0.6797 0.1950 0.7071
vn -0.3687 0.2129 -0.9049
vn 0.4258 -0.0000 -0.9048
vn 0.4258 -0.0000 0.9048
vn 0.2129 0.3687 0.9048
vn -0.9049 0.2128 -0.3687
vn 0.9049 0.4257 -0.0000
vn -0.9048 0.3687 0.2128
vn -0.9048 -0.2129 0.3687
vn 0.9048 -0.2129 0.3687
vn -0.9049 0.2129 0.3687
vn -0.9048 0.4257 -0.0000
vt 0.127778 0.746250
vt 0.125000 0.746250
vt 0.127778 0.750000
vt 0.608766 0.000000
vt 0.608766 0.003750
vt 0.625000 0.003750
vt 0.127778 0.503750
vt 0.127778 0.500000
vt 0.125000 0.503750
vt 0.625000 0.248426
vt 0.608766 0.246250
vt 0.608766 0.252083
vt 0.372222 0.746250
vt 0.381728 0.751389
vt 0.387175 0.746250
vt 0.626389 0.749514
vt 0.608766 0.747187
vt 0.608766 0.752778
vt 0.372222 0.503750
vt 0.387175 0.503750
vt 0.381728 0.498611
vt 0.626389 0.500486
vt 0.608766 0.497222
vt 0.608766 0.502813
vt 0.391234 0.003750
vt 0.391234 0.000000
vt 0.391234 0.252778
vt 0.625000 0.997222
vt 0.391234 0.246250
vt 0.391234 0.997222
vt 0.872222 0.503750
vt 0.127679 0.703125
vt 0.125000 0.703125
vt 0.127679 0.750000
vt 0.621429 0.000000
vt 0.621429 0.046875
vt 0.625000 0.046875
vt 0.127679 0.546875
vt 0.127679 0.500000
vt 0.125000 0.546875
vt 0.625000 0.219643
vt 0.621429 0.203125
vt 0.621429 0.252009
vt 0.372321 0.703125
vt 0.375446 0.751339
vt 0.377679 0.703125
vt 0.626339 0.727902
vt 0.621429 0.714844
vt 0.621429 0.752679
vt 0.372321 0.546875
vt 0.377679 0.546875
vt 0.375446 0.498661
vt 0.626339 0.522098
vt 0.621429 0.497321
vt 0.621429 0.535156
vt 0.378571 0.046875
vt 0.378571 0.000000
vt 0.378571 0.252679
vt 0.625000 0.997321
vt 0.378571 0.203125
vt 0.378571 0.997321
vt 0.872321 0.546875
vt 0.171875 0.746429
vt 0.125000 0.746429
vt 0.171875 0.750000
vt 0.621428 0.003571
vt 0.625000 0.003571
vt 0.171875 0.503571
vt 0.171875 0.500000
vt 0.125000 0.503571
vt 0.625000 0.263244
vt 0.621429 0.246429
vt 0.621429 0.285156
vt 0.328125 0.746429
vt 0.353348 0.773438
vt 0.377679 0.746428
vt 0.648438 0.771652
vt 0.621429 0.747321
vt 0.621429 0.796875
vt 0.328125 0.503571
vt 0.377679 0.503571
vt 0.353348 0.476562
vt 0.648438 0.478348
vt 0.621429 0.453125
vt 0.621428 0.502679
vt 0.378571 0.003571
vt 0.378571 0.296875
vt 0.625000 0.953125
vt 0.378571 0.246429
vt 0.378571 0.953125
vt 0.828125 0.746429
vt 0.828125 0.503571
vt 0.353348 0.476562
vt 0.128750 0.745739
vt 0.125000 0.745739
vt 0.128750 0.750000
vt 0.603147 0.000000
vt 0.603147 0.004261
vt 0.625000 0.004261
vt 0.128750 0.504261
vt 0.128750 0.500000
vt 0.125000 0.504261
vt 0.625000 0.248409
vt 0.603147 0.245739
vt 0.603147 0.252813
vt 0.371250 0.745739
vt 0.384052 0.751875
vt 0.391390 0.745739
vt 0.626875 0.749744
vt 0.603147 0.746804
vt 0.603147 0.753750
vt 0.371250 0.504261
vt 0.391390 0.504261
vt 0.384052 0.498125
vt 0.626875 0.500256
vt 0.603147 0.496250
vt 0.603147 0.503196
vt 0.396853 0.004261
vt 0.396853 0.000000
vt 0.396853 0.253750
vt 0.625000 0.996250
vt 0.396853 0.245739
vt 0.396853 0.996250
vt 0.871250 0.745739
vt 0.871250 0.504261
vt 0.384052 0.498125
vt 0.128571 0.703125
vt 0.128571 0.750000
vt 0.620192 0.000000
vt 0.620192 0.046875
vt 0.128571 0.546875
vt 0.128571 0.500000
vt 0.625000 0.219940
vt 0.620192 0.203125
vt 0.620192 0.252679
vt 0.371429 0.703125
vt 0.375618 0.751786
vt 0.378606 0.703125
vt 0.626786 0.728348
vt 0.620192 0.714844
vt 0.620192 0.753571
vt 0.371429 0.546875
vt 0.378606 0.546875
vt 0.375618 0.498214
vt 0.626786 0.521652
vt 0.620192 0.496429
vt 0.620192 0.535156
vt 0.379808 0.046875
vt 0.379808 0.000000
vt 0.379808 0.253571
vt 0.620192 0.996429
vt 0.625000 0.996429
vt 0.379808 0.203125
vt 0.379808 0.996429
vt 0.871429 0.703125
vt 0.871429 0.546875
vt 0.171875 0.745968
vt 0.125000 0.745968
vt 0.620192 0.004032
vt 0.625000 0.004032
vt 0.171875 0.504032
vt 0.125000 0.504032
vt 0.625000 0.262937
vt 0.620192 0.245968
vt 0.620192 0.285156
vt 0.328125 0.745968
vt 0.353966 0.773438
vt 0.378606 0.745968
vt 0.648438 0.771421
vt 0.620192 0.746976
vt 0.620192 0.796875
vt 0.328125 0.504032
vt 0.378606 0.504032
vt 0.353966 0.476562
vt 0.648438 0.478579
vt 0.620192 0.453125
vt 0.620192 0.503024
vt 0.379808 0.004032
vt 0.379808 0.296875
vt 0.620192 0.953125
vt 0.379808 0.245968
vt 0.379808 0.953125
vt 0.828125 0.504032
vt 0.828125 0.745968
vt 0.750000 0.479743
vt 0.854132 0.466233
vt 0.750000 0.490000
vt 0.349682 0.456991
vt 0.250000 0.490000
vt 0.354132 0.466233
vt 0.849682 0.456991
vt 0.937640 0.399638
vt 0.437640 0.399638
vt 0.929620 0.393242
vt 0.983983 0.303405
vt 0.473983 0.301123
vt 0.483983 0.303405
vt 0.973983 0.301123
vt 0.983983 0.196595
vt 0.473983 0.198877
vt 0.483983 0.196595
vt 0.973983 0.198877
vt 0.937640 0.100362
vt 0.437640 0.100362
vt 0.849682 0.043009
vt 0.854132 0.033767
vt 0.349682 0.043009
vt 0.354132 0.033767
vt 0.750000 0.020257
vt 0.750000 0.010000
vt 0.250000 0.020257
vt 0.250000 0.010000
vt 0.650318 0.043009
vt 0.645868 0.033767
vt 0.150318 0.043009
vt 0.145868 0.033767
vt 0.570380 0.106758
vt 0.562360 0.100362
vt 0.070380 0.106758
vt 0.062360 0.100362
vt 0.526017 0.198877
vt 0.516017 0.196595
vt 0.026017 0.198877
vt 0.016017 0.196595
vt 0.526017 0.301123
vt 0.516017 0.303405
vt 0.026017 0.301123
vt 0.016017 0.303405
vt 0.570380 0.393242
vt 0.562360 0.399638
vt 0.070380 0.393242
vt 0.062360 0.399638
vt 0.645868 0.466233
vt 0.145868 0.466233
vt 0.650318 0.456991
vt 0.150318 0.456991
vt 0.928571 0.508475
vt 1.000000 0.991525
vt 1.000000 0.508475
vt -0.000000 0.508475
vt 0.071428 0.991525
vt 0.071428 0.508475
vt 0.857143 0.508475
vt 0.928571 0.991525
vt 0.785714 0.508475
vt 0.857143 0.991525
vt 0.714286 0.508475
vt 0.785714 0.991525
vt 0.642857 0.508475
vt 0.714286 0.991525
vt 0.571428 0.508475
vt 0.642857 0.991525
vt 0.500000 0.508475
vt 0.571428 0.991525
vt 0.428571 0.508475
vt 0.500000 0.991525
vt 0.357143 0.508475
vt 0.428571 0.991525
vt 0.285714 0.508475
vt 0.357143 0.991525
vt 0.214286 0.508475
vt 0.285714 0.991525
vt 0.142857 0.508475
vt 0.214286 0.991525
vt 0.142857 0.991525
vt 0.500000 0.600000
vt 0.555556 0.800000
vt 0.555556 0.600000
vt 0.500000 0.800000
vt 0.555556 1.000000
vt 0.500000 0.200000
vt 0.555556 0.000000
vt 0.500000 0.000000
vt 0.500000 0.400000
vt 0.555556 0.200000
vt 0.555556 0.400000
vt 0.611111 0.600000
vt 0.611111 0.800000
vt 0.611111 0.000000
vt 0.611111 0.400000
vt 0.611111 0.200000
vt 0.666667 0.600000
vt 0.666667 1.000000
vt 0.666667 0.800000
vt 0.666667 0.000000
vt 0.666667 0.200000
vt 0.666667 0.400000
vt 0.722222 0.800000
vt 0.722222 0.600000
vt 0.722222 0.000000
vt 0.722222 0.200000
vt 0.722222 0.400000
vt 0.777778 0.600000
vt 0.777778 1.000000
vt 0.777778 0.800000
vt 0.777778 0.000000
vt 0.777778 0.200000
vt 0.777778 0.400000
vt 0.833333 0.600000
vt 0.833333 0.800000
vt 0.833333 0.000000
vt 0.833333 0.200000
vt 0.833333 0.400000
vt 0.888889 0.800000
vt 0.888889 0.600000
vt 0.888889 1.000000
vt 0.888889 0.000000
vt 0.888889 0.200000
vt 0.888889 0.400000
vt 0.944444 0.800000
vt 0.944444 0.600000
vt 0.944444 1.000000
vt 0.944444 0.000000
vt 0.944444 0.200000
vt 0.944444 0.400000
vt 1.000000 0.800000
vt 1.000000 0.600000
vt 1.000000 1.000000
vt 1.000000 0.000000
vt 1.000000 0.200000
vt 1.000000 0.400000
vt 0.000000 0.600000
vt 0.055556 0.800000
vt 0.055556 0.600000
vt 0.000000 0.800000
vt 0.055556 1.000000
vt 0.000000 0.200000
vt 0.055556 0.000000
vt 0.000000 0.000000
vt 0.000000 0.400000
vt 0.055556 0.200000
vt 0.055556 0.400000
vt 0.111111 0.600000
vt 0.111111 0.800000
vt 0.111111 0.000000
vt 0.111111 0.400000
vt 0.111111 0.200000
vt 0.166667 0.600000
vt 0.111111 1.000000
vt 0.166667 0.800000
vt 0.166667 0.000000
vt 0.166667 0.400000
vt 0.166667 0.200000
vt 0.222222 0.600000
vt 0.222222 1.000000
vt 0.222222 0.800000
vt 0.222222 0.000000
vt 0.222222 0.200000
vt 0.222222 0.400000
vt 0.277778 0.600000
vt 0.277778 0.800000
vt 0.277778 0.000000
vt 0.277778 0.200000
vt 0.277778 0.400000
vt 0.333333 0.800000
vt 0.333333 0.600000
vt 0.333333 1.000000
vt 0.333333 0.000000
vt 0.333333 0.400000
vt 0.333333 0.200000
vt 0.388889 0.800000
vt 0.388889 0.600000
vt 0.388889 0.000000
vt 0.388889 0.400000
vt 0.388889 0.200000
vt 0.444444 0.800000
vt 0.444444 0.600000
vt 0.444444 1.000000
vt 0.444444 0.000000
vt 0.444444 0.200000
vt 0.444444 0.400000
vt 0.500000 1.000000
vt 0.722222 1.000000
vt 0.126157 0.725000
vt 0.125000 0.725000
vt 0.126157 0.750000
vt 0.593750 0.000000
vt 0.593750 0.025000
vt 0.625000 0.025000
vt 0.126157 0.525000
vt 0.126157 0.500000
vt 0.125000 0.525000
vt 0.625000 0.233719
vt 0.593750 0.225000
vt 0.593750 0.250868
vt 0.373843 0.725000
vt 0.390046 0.750579
vt 0.398438 0.725000
vt 0.625579 0.738079
vt 0.593750 0.731250
vt 0.593750 0.751157
vt 0.373843 0.525000
vt 0.398437 0.525000
vt 0.390046 0.499421
vt 0.625579 0.511921
vt 0.593750 0.498843
vt 0.593750 0.518750
vt 0.406250 0.025000
vt 0.406250 0.000000
vt 0.406250 0.251157
vt 0.625000 0.998843
vt 0.406250 0.225000
vt 0.406250 0.998843
vt 0.873843 0.525000
vt 0.390046 0.499421
vt 0.593750 0.998843
vt 0.873843 0.725000
vt 0.750000 0.481048
vt 0.354132 0.466233
vt 0.250000 0.481048
vt 0.850248 0.458167
vt 0.350248 0.458167
vt 0.975255 0.301413
vt 0.475255 0.301413
vt 0.475255 0.198587
vt 0.930641 0.105944
vt 0.430641 0.105944
vt 0.850248 0.041833
vt 0.854132 0.033767
vt 0.350248 0.041833
vt 0.354132 0.033767
vt 0.750000 0.018952
vt 0.750000 0.010000
vt 0.250000 0.018952
vt 0.250000 0.010000
vt 0.649752 0.041833
vt 0.645868 0.033767
vt 0.149752 0.041833
vt 0.145868 0.033767
vt 0.569359 0.105944
vt 0.069359 0.105944
vt 0.062360 0.100362
vt 0.524745 0.198587
vt 0.024745 0.198587
vt 0.024745 0.301413
vt 0.524745 0.301413
vt 0.062360 0.399638
vt 0.649752 0.458167
vt 0.149752 0.458167
vt 0.145868 0.466233
vt 0.928571 0.514706
vt 1.000000 0.985294
vt 1.000000 0.514706
vt -0.000000 0.514706
vt 0.071428 0.985294
vt 0.071428 0.514706
vt 0.069359 0.394056
vt 0.857143 0.514706
vt 0.928571 0.985294
vt 0.785714 0.514706
vt 0.857143 0.985294
vt 0.714286 0.514706
vt 0.785714 0.985294
vt 0.642857 0.514706
vt 0.714286 0.985294
vt 0.571428 0.514706
vt 0.642857 0.985294
vt 0.500000 0.514706
vt 0.571428 0.985294
vt 0.428571 0.514706
vt 0.500000 0.985294
vt 0.357143 0.514706
vt 0.428571 0.985294
vt 0.285714 0.514706
vt 0.357143 0.985294
vt 0.214286 0.514706
vt 0.285714 0.985294
vt 0.142857 0.514706
vt 0.214286 0.985294
vt 0.142857 0.985294
vt 0.550000 0.600000
vt 0.600000 0.800000
vt 0.600000 0.600000
vt 0.550000 0.800000
vt 0.600000 1.000000
vt 0.550000 0.200000
vt 0.600000 0.000000
vt 0.550000 0.000000
vt 0.550000 0.400000
vt 0.600000 0.200000
vt 0.600000 0.400000
vt 0.650000 0.800000
vt 0.650000 0.600000
vt 0.650000 0.000000
vt 0.650000 0.200000
vt 0.650000 0.400000
vt 0.700000 0.800000
vt 0.700000 0.600000
vt 0.700000 1.000000
vt 0.700000 0.000000
vt 0.700000 0.200000
vt 0.700000 0.400000
vt 0.750000 0.800000
vt 0.750000 0.600000
vt 0.750000 0.000000
vt 0.750000 0.200000
vt 0.750000 0.400000
vt 0.800000 0.600000
vt 0.750000 1.000000
vt 0.800000 0.800000
vt 0.800000 0.000000
vt 0.800000 0.400000
vt 0.800000 0.200000
vt 0.850000 0.600000
vt 0.850000 1.000000
vt 0.850000 0.800000
vt 0.850000 0.000000
vt 0.850000 0.200000
vt 0.850000 0.400000
vt 0.900000 0.800000
vt 0.900000 0.600000
vt 0.900000 1.000000
vt 0.900000 0.000000
vt 0.900000 0.200000
vt 0.900000 0.400000
vt 0.950000 0.600000
vt 0.950000 0.800000
vt 0.950000 0.000000
vt 0.950000 0.400000
vt 0.950000 0.200000
vt 0.950000 1.000000
vt 0.050000 0.600000
vt 0.050000 1.000000
vt 0.050000 0.800000
vt 0.050000 0.000000
vt 0.050000 0.200000
vt 0.050000 0.400000
vt 0.100000 0.600000
vt 0.100000 0.800000
vt 0.100000 0.000000
vt 0.100000 0.200000
vt 0.100000 0.400000
vt 0.150000 0.600000
vt 0.150000 1.000000
vt 0.150000 0.800000
vt 0.150000 0.000000
vt 0.150000 0.400000
vt 0.150000 0.200000
vt 0.200000 0.800000
vt 0.200000 0.600000
vt 0.200000 0.000000
vt 0.200000 0.400000
vt 0.200000 0.200000
vt 0.250000 0.600000
vt 0.200000 1.000000
vt 0.250000 0.800000
vt 0.250000 0.000000
vt 0.250000 0.200000
vt 0.250000 0.400000
vt 0.300000 0.800000
vt 0.300000 0.600000
vt 0.250000 1.000000
vt 0.300000 0.000000
vt 0.300000 0.200000
vt 0.300000 0.400000
vt 0.350000 0.800000
vt 0.350000 0.600000
vt 0.300000 1.000000
vt 0.350000 0.000000
vt 0.350000 0.200000
vt 0.350000 0.400000
vt 0.400000 0.600000
vt 0.350000 1.000000
vt 0.400000 0.800000
vt 0.400000 0.000000
vt 0.400000 0.200000
vt 0.400000 0.400000
vt 0.450000 0.600000
vt 0.400000 1.000000
vt 0.450000 0.800000
vt 0.450000 0.000000
vt 0.450000 0.400000
vt 0.450000 0.200000
vt 0.550000 1.000000
vt 0.750000 0.470588
vt 0.767558 0.484295
vt 0.732442 0.484295
vt 0.250000 0.470588
vt 0.232442 0.484295
vt 0.267558 0.484295
vt 0.879659 0.428460
vt 0.901920 0.429228
vt 0.873510 0.449869
vt 0.379659 0.428460
vt 0.373510 0.449869
vt 0.401920 0.429228
vt 0.959792 0.318166
vt 0.978254 0.305703
vt 0.967402 0.339100
vt 0.459792 0.318166
vt 0.467402 0.339100
vt 0.478254 0.305703
vt 0.959792 0.181834
vt 0.967402 0.160900
vt 0.978254 0.194297
vt 0.459792 0.181834
vt 0.478254 0.194297
vt 0.467402 0.160900
vt 0.879659 0.071540
vt 0.873511 0.050131
vt 0.901920 0.070772
vt 0.379659 0.071540
vt 0.401920 0.070772
vt 0.373510 0.050131
vt 0.750000 0.029412
vt 0.732442 0.015705
vt 0.767558 0.015705
vt 0.250000 0.029412
vt 0.267558 0.015705
vt 0.232442 0.015705
vt 0.620341 0.071540
vt 0.598080 0.070772
vt 0.626490 0.050131
vt 0.120341 0.071540
vt 0.126490 0.050131
vt 0.098080 0.070772
vt 0.540208 0.181834
vt 0.521746 0.194297
vt 0.532598 0.160900
vt 0.040208 0.181834
vt 0.032598 0.160900
vt 0.021746 0.194297
vt 0.540208 0.318166
vt 0.532598 0.339100
vt 0.521746 0.305703
vt 0.040208 0.318166
vt 0.021746 0.305703
vt 0.032598 0.339100
vt 0.620341 0.428460
vt 0.626490 0.449869
vt 0.598080 0.429228
vt 0.120341 0.428460
vt 0.098080 0.429228
vt 0.126490 0.449869
vt -0.000000 0.527778
vt 0.012446 0.972222
vt 0.012446 0.527778
vt 0.912446 0.972222
vt 0.887554 0.527778
vt 0.887554 0.972222
vt 0.812446 0.972222
vt 0.787553 0.527778
vt 0.787553 0.972222
vt 0.712446 0.972222
vt 0.687554 0.527778
vt 0.687553 0.972222
vt 0.612446 0.972222
vt 0.587554 0.527778
vt 0.587553 0.972222
vt 0.512446 0.972222
vt 0.487554 0.527778
vt 0.487553 0.972222
vt 0.412446 0.972222
vt 0.387554 0.527778
vt 0.387553 0.972222
vt 0.312446 0.972222
vt 0.287554 0.527778
vt 0.287554 0.972222
vt 0.212446 0.972222
vt 0.187554 0.527778
vt 0.187554 0.972222
vt 0.112446 0.972222
vt 0.087554 0.527778
vt 0.087554 0.972222
vt 0.912446 0.527778
vt 0.987554 0.972222
vt 0.987554 0.527778
vt 0.812446 0.527778
vt 0.712446 0.527778
vt 0.612446 0.527778
vt 0.512446 0.527778
vt 0.412446 0.527778
vt 0.312446 0.527778
vt 0.212446 0.527778
vt 0.112446 0.527778
vt 0.930641 0.394056
vt 0.430641 0.394056
vt 0.975255 0.198587
vt 0.569359 0.394056
vt 0.650000 1.000000
vt 0.000000 1.000000
vt 0.450000 1.000000
vt 0.750000 0.464765
vt 0.772825 0.482584
vt 0.727175 0.482584
vt 0.250000 0.464765
vt 0.227175 0.482584
vt 0.272825 0.482584
vt 0.876236 0.423748
vt 0.905175 0.424748
vt 0.868243 0.451580
vt 0.376236 0.423748
vt 0.368243 0.451581
vt 0.405175 0.424748
vt 0.954254 0.316366
vt 0.978254 0.300164
vt 0.964147 0.343581
vt 0.454254 0.316366
vt 0.464147 0.343581
vt 0.478254 0.300164
vt 0.954254 0.183634
vt 0.964147 0.156420
vt 0.978254 0.199836
vt 0.454254 0.183634
vt 0.478254 0.199836
vt 0.464147 0.156420
vt 0.876236 0.076252
vt 0.868243 0.048420
vt 0.905175 0.075252
vt 0.376236 0.076252
vt 0.405175 0.075252
vt 0.368243 0.048420
vt 0.750000 0.035235
vt 0.727175 0.017416
vt 0.772825 0.017416
vt 0.250000 0.035235
vt 0.272825 0.017416
vt 0.227175 0.017416
vt 0.623764 0.076252
vt 0.594825 0.075252
vt 0.631757 0.048420
vt 0.123764 0.076252
vt 0.131757 0.048420
vt 0.094825 0.075252
vt 0.545746 0.183634
vt 0.521746 0.199836
vt 0.535853 0.156420
vt 0.045746 0.183634
vt 0.035853 0.156420
vt 0.021746 0.199836
vt 0.545746 0.316366
vt 0.535853 0.343581
vt 0.521746 0.300164
vt 0.045746 0.316366
vt 0.021746 0.300164
vt 0.035853 0.343581
vt 0.623764 0.423748
vt 0.631757 0.451581
vt 0.594825 0.424748
vt 0.123764 0.423748
vt 0.094825 0.424748
vt 0.131757 0.451580
vt 0.016180 0.972222
vt 0.016180 0.527778
vt 0.916180 0.972222
vt 0.883820 0.527778
vt 0.883820 0.972222
vt 0.816180 0.972222
vt 0.783820 0.527778
vt 0.783820 0.972222
vt 0.716180 0.972222
vt 0.683820 0.527778
vt 0.683820 0.972222
vt 0.616180 0.972222
vt 0.583820 0.527778
vt 0.583820 0.972222
vt 0.516180 0.972222
vt 0.483820 0.527778
vt 0.483820 0.972222
vt 0.416180 0.972222
vt 0.383820 0.527778
vt 0.383820 0.972222
vt 0.316180 0.972222
vt 0.283820 0.527778
vt 0.283820 0.972222
vt 0.216180 0.972222
vt 0.183820 0.527778
vt 0.183820 0.972222
vt 0.116180 0.972222
vt 0.083820 0.527778
vt 0.083820 0.972222
vt 0.916180 0.527778
vt 0.983820 0.972222
vt 0.983820 0.527778
vt 0.816180 0.527778
vt 0.716180 0.527778
vt 0.616180 0.527778
vt 0.516180 0.527778
vt 0.416180 0.527778
vt 0.316180 0.527778
vt 0.216180 0.527778
vt 0.116180 0.527778
vt 0.800000 1.000000
vt 0.100000 1.000000
vt 0.128947 0.734375
vt 0.125000 0.734375
vt 0.128947 0.750000
vt 0.575000 0.000000
vt 0.575000 0.015625
vt 0.625000 0.015625
vt 0.128947 0.515625
vt 0.128947 0.500000
vt 0.125000 0.515625
vt 0.625000 0.240899
vt 0.575000 0.234375
vt 0.575000 0.252961
vt 0.371053 0.734375
vt 0.398026 0.751974
vt 0.412500 0.734375
vt 0.626974 0.744161
vt 0.575000 0.738281
vt 0.575000 0.753947
vt 0.371053 0.515625
vt 0.412500 0.515625
vt 0.398026 0.498026
vt 0.626974 0.505839
vt 0.575000 0.496053
vt 0.575000 0.511719
vt 0.425000 0.015625
vt 0.425000 0.000000
vt 0.425000 0.253947
vt 0.625000 0.996053
vt 0.425000 0.234375
vt 0.425000 0.996053
vt 0.871053 0.515625
vt 0.163462 0.711538
vt 0.125000 0.711538
vt 0.163462 0.750000
vt 0.618056 0.000000
vt 0.618055 0.038462
vt 0.625000 0.038462
vt 0.163462 0.538462
vt 0.163462 0.500000
vt 0.125000 0.538462
vt 0.625000 0.237179
vt 0.618056 0.211538
vt 0.618055 0.278846
vt 0.336538 0.711538
vt 0.359241 0.769231
vt 0.380208 0.711538
vt 0.644231 0.750000
vt 0.618056 0.721154
vt 0.618055 0.788462
vt 0.336538 0.538462
vt 0.380208 0.538462
vt 0.359241 0.480769
vt 0.644231 0.500000
vt 0.618056 0.461538
vt 0.618055 0.528846
vt 0.381944 0.038462
vt 0.381944 0.000000
vt 0.381944 0.288462
vt 0.625000 0.961538
vt 0.381944 0.211538
vt 0.381944 0.961538
vt 0.836538 0.538462
vt 0.618055 0.278846
vt 0.380208 0.711538
vt 0.618056 0.721154
vt 0.618055 0.528846
vt 0.836538 0.711538
vt 0.128125 0.700000
vt 0.125000 0.700000
vt 0.128125 0.750000
vt 0.583333 0.000000
vt 0.583333 0.050000
vt 0.625000 0.050000
vt 0.128125 0.550000
vt 0.128125 0.500000
vt 0.125000 0.550000
vt 0.625000 0.217708
vt 0.583333 0.200000
vt 0.583333 0.252344
vt 0.371875 0.700000
vt 0.394271 0.751563
vt 0.406250 0.700000
vt 0.626562 0.726562
vt 0.583333 0.712500
vt 0.583333 0.753125
vt 0.371875 0.550000
vt 0.406250 0.550000
vt 0.394271 0.498438
vt 0.626562 0.523438
vt 0.583333 0.496875
vt 0.583333 0.537500
vt 0.416667 0.050000
vt 0.416667 0.000000
vt 0.416667 0.253125
vt 0.583333 0.996875
vt 0.625000 0.996875
vt 0.416667 0.200000
vt 0.416667 0.996875
vt 0.871875 0.700000
vt 0.871875 0.550000
vt 0.847412 0.418723
vt 0.870000 0.457846
vt 0.347412 0.418723
vt 0.370000 0.457846
vt 0.918723 0.347412
vt 0.957846 0.370000
vt 0.418723 0.347412
vt 0.457846 0.370000
vt 0.990000 0.250000
vt 0.490000 0.250000
vt 0.944824 0.250000
vt 0.957846 0.130000
vt 0.457846 0.130000
vt 0.444824 0.250000
vt 0.918723 0.152588
vt 0.870000 0.042154
vt 0.347412 0.081277
vt 0.370000 0.042154
vt 0.750000 0.055176
vt 0.250000 0.055176
vt 0.630000 0.042154
vt 0.130000 0.042154
vt 0.652588 0.081277
vt 0.542154 0.130000
vt 0.081277 0.152588
vt 0.042154 0.130000
vt 0.555176 0.250000
vt 0.510000 0.250000
vt 0.055176 0.250000
vt 0.010000 0.250000
vt 0.581277 0.347412
vt 0.542154 0.370000
vt 0.081277 0.347412
vt 0.042154 0.370000
vt 0.630000 0.457846
vt 0.130000 0.457846
vt 0.652588 0.418723
vt 0.152588 0.418723
vt 0.847412 0.081277
vt 0.916667 0.522222
vt 1.000000 0.977778
vt 1.000000 0.522222
vt 0.000000 0.522222
vt 0.083333 0.977778
vt 0.083333 0.522222
vt 0.418723 0.152588
vt 0.250000 0.444824
vt 0.833333 0.522222
vt 0.916667 0.977778
vt 0.750000 0.522222
vt 0.833333 0.977778
vt 0.666667 0.522222
vt 0.750000 0.977778
vt 0.583333 0.522222
vt 0.666667 0.977778
vt 0.500000 0.522222
vt 0.583333 0.977778
vt 0.416667 0.522222
vt 0.500000 0.977778
vt 0.333333 0.522222
vt 0.416667 0.977778
vt 0.250000 0.522222
vt 0.333333 0.977778
vt 0.166667 0.522222
vt 0.250000 0.977778
vt 0.166667 0.977778
vt 0.750000 0.439530
vt 0.795651 0.475167
vt 0.704349 0.475167
vt 0.250000 0.439530
vt 0.204349 0.475167
vt 0.295651 0.475167
vt 0.861403 0.403333
vt 0.919282 0.405331
vt 0.845418 0.458997
vt 0.361403 0.403333
vt 0.345418 0.458997
vt 0.419282 0.405331
vt 0.930254 0.308568
vt 0.978254 0.276164
vt 0.950040 0.362997
vt 0.430254 0.308568
vt 0.450040 0.362997
vt 0.478254 0.276164
vt 0.930254 0.191432
vt 0.950040 0.137003
vt 0.978254 0.223836
vt 0.430254 0.191432
vt 0.478254 0.223836
vt 0.450040 0.137003
vt 0.861403 0.096667
vt 0.845418 0.041003
vt 0.919282 0.094669
vt 0.361403 0.096667
vt 0.419282 0.094669
vt 0.345418 0.041003
vt 0.750000 0.060470
vt 0.704349 0.024833
vt 0.795651 0.024833
vt 0.250000 0.060470
vt 0.295651 0.024833
vt 0.204349 0.024833
vt 0.638597 0.096667
vt 0.580718 0.094669
vt 0.654582 0.041003
vt 0.138597 0.096667
vt 0.154582 0.041003
vt 0.080718 0.094669
vt 0.569746 0.191432
vt 0.521746 0.223836
vt 0.549960 0.137003
vt 0.069746 0.191432
vt 0.049960 0.137003
vt 0.021746 0.223836
vt 0.569746 0.308568
vt 0.549960 0.362997
vt 0.521746 0.276164
vt 0.069746 0.308568
vt 0.021746 0.276164
vt 0.049960 0.362997
vt 0.638597 0.403333
vt 0.654582 0.458997
vt 0.580718 0.405331
vt 0.138597 0.403333
vt 0.080718 0.405331
vt 0.154582 0.458997
vt 0.032361 0.972222
vt 0.032361 0.527778
vt 0.932361 0.972222
vt 0.867639 0.527778
vt 0.867639 0.972222
vt 0.832361 0.972222
vt 0.767639 0.527778
vt 0.767639 0.972222
vt 0.732361 0.972222
vt 0.667639 0.527778
vt 0.667639 0.972222
vt 0.632361 0.972222
vt 0.567639 0.527778
vt 0.567639 0.972222
vt 0.532361 0.972222
vt 0.467639 0.527778
vt 0.467639 0.972222
vt 0.432361 0.972222
vt 0.367639 0.527778
vt 0.367639 0.972222
vt 0.332361 0.972222
vt 0.267639 0.527778
vt 0.267639 0.972222
vt 0.232361 0.972222
vt 0.167639 0.527778
vt 0.167639 0.972222
vt 0.132361 0.972222
vt 0.067639 0.527778
vt 0.067639 0.972222
vt 0.932361 0.527778
vt 0.967639 0.972222
vt 0.967639 0.527778
vt 0.832361 0.527778
vt 0.732361 0.527778
vt 0.632361 0.527778
vt 0.532361 0.527778
vt 0.432361 0.527778
vt 0.332361 0.527778
vt 0.232361 0.527778
vt 0.132361 0.527778
vt 0.152588 0.081277
vt 0.750000 0.444824
vt 0.581277 0.152588
vt 0.750000 0.462393
vt 0.250000 0.462393
vt 0.933938 0.356196
vt 0.433938 0.356196
vt 0.462393 0.250000
vt 0.962393 0.250000
vt 0.433937 0.143804
vt 0.856197 0.066063
vt 0.750000 0.037607
vt 0.356196 0.066063
vt 0.143804 0.066063
vt 0.566063 0.143804
vt 0.066063 0.143804
vt 0.537607 0.250000
vt 0.037607 0.250000
vt 0.643804 0.433938
vt 0.066063 0.356196
vt 0.856197 0.433938
vt 0.916667 0.506452
vt 1.000000 0.993548
vt 1.000000 0.506452
vt 0.000000 0.506452
vt 0.083333 0.993548
vt 0.083333 0.506452
vt 0.833333 0.506452
vt 0.916667 0.993548
vt 0.750000 0.993548
vt 0.833333 0.993548
vt 0.666667 0.506452
vt 0.750000 0.506452
vt 0.583333 0.993548
vt 0.666667 0.993548
vt 0.500000 0.506452
vt 0.583333 0.506452
vt 0.416667 0.993548
vt 0.500000 0.993548
vt 0.333333 0.506452
vt 0.416667 0.506452
vt 0.250000 0.993548
vt 0.333333 0.993548
vt 0.166667 0.506452
vt 0.250000 0.506452
vt 0.166667 0.993548
vt 0.356196 0.433938
vt 0.933937 0.143804
vt 0.250000 0.037607
vt 0.643804 0.066063
vt 0.143804 0.433938
vt 0.608766 0.997222
vt 0.872222 0.746250
vt 0.621429 0.997321
vt 0.872321 0.703125
vt 0.621429 0.953125
vt 0.603147 0.996250
vt 0.250000 0.479743
vt 0.429620 0.393242
vt 0.929620 0.106758
vt 0.429620 0.106758
vt -0.000000 0.991525
vt 0.611111 1.000000
vt 0.833333 1.000000
vt 0.166667 1.000000
vt 0.277778 1.000000
vt 0.388889 1.000000
vt -0.000000 0.985294
vt -0.000000 0.972222
vt 0.575000 0.996053
vt 0.871053 0.734375
vt 0.618056 0.961538
vt 0.000000 0.977778
vt 0.566063 0.356196
vt 0.000000 0.993548
s 0
usemtl Cream
f 1/1/1 3/2/1 2/3/1
f 4/4/2 6/5/2 5/6/2
f 7/7/3 9/8/3 8/9/3
f 10/10/4 12/11/4 11/12/4
f 13/13/5 15/14/5 14/15/5
f 16/16/6 18/17/6 17/18/6
f 19/19/7 21/20/7 20/21/7
f 22/22/8 24/23/8 23/24/8
f 8/9/9 1/1/9 7/7/9
f 3/25/10 4/4/10 2/26/10
f 5/6/11 12/11/11 10/10/11
f 12/11/12 9/27/12 11/12/12
f 19/19/13 9/8/13 7/7/13
f 11/12/14 22/22/14 10/10/14
f 24/23/15 21/20/15 23/24/15
f 14/15/16 19/19/16 13/13/16
f 23/24/17 16/16/17 22/22/17
f 18/17/18 15/14/18 17/18/18
f 2/3/19 13/13/19 1/1/19
f 17/18/20 5/28/20 16/16/20
f 1/1/21 19/19/21 7/7/21
f 8/29/22 6/5/22 3/25/22
f 2/30/23 17/18/23 15/14/23
f 16/16/24 10/31/24 22/22/24
f 20/21/25 11/12/25 9/27/25
f 14/15/26 23/24/26 21/20/26
f 25/1/1 27/2/1 26/3/1
f 28/4/2 30/5/2 29/6/2
f 31/7/3 33/8/3 32/9/3
f 34/10/4 36/11/4 35/12/4
f 37/13/5 39/14/5 38/15/5
f 40/16/6 42/17/6 41/18/6
f 43/19/7 45/20/7 44/21/7
f 46/22/8 48/23/8 47/24/8
f 32/9/9 25/1/9 31/7/9
f 27/25/10 28/4/10 26/26/10
f 29/6/11 36/11/11 34/10/11
f 36/11/12 33/27/12 35/12/12
f 43/19/13 33/8/13 31/7/13
f 35/12/14 46/22/14 34/10/14
f 48/23/15 45/20/15 47/24/15
f 38/15/16 43/19/16 37/13/16
f 47/24/17 40/16/17 46/22/17
f 42/17/18 39/14/18 41/18/18
f 26/3/19 37/13/19 25/1/19
f 41/18/20 29/28/20 40/16/20
f 25/1/21 43/19/21 31/7/21
f 32/29/22 30/5/22 27/25/22
f 26/30/23 41/18/23 39/14/23
f 40/16/24 34/31/24 46/22/24
f 44/21/25 35/12/25 33/27/25
f 38/15/26 47/24/26 45/20/26
f 49/1/1 51/2/1 50/3/1
f 52/4/2 54/5/2 53/6/2
f 55/7/3 57/8/3 56/9/3
f 58/10/4 60/11/4 59/12/4
f 61/13/5 63/14/5 62/15/5
f 64/16/6 66/17/6 65/18/6
f 67/19/7 69/20/7 68/21/7
f 70/22/8 72/23/8 71/24/8
f 56/9/9 49/1/9 55/7/9
f 51/25/10 52/4/10 50/26/10
f 53/6/11 60/11/11 58/10/11
f 60/11/12 57/27/12 59/12/12
f 67/19/13 57/8/13 55/7/13
f 59/12/14 70/22/14 58/10/14
f 72/23/15 69/20/15 71/24/15
f 62/15/16 67/19/16 61/13/16
f 71/24/17 64/16/17 70/22/17
f 66/17/18 63/14/18 65/18/18
f 50/3/19 61/13/19 49/1/19
f 65/18/20 53/28/20 64/16/20
f 49/1/21 67/19/21 55/7/21
f 56/29/22 54/5/22 51/25/22
f 50/30/23 65/18/23 63/14/23
f 64/16/24 58/31/24 70/22/24
f 68/21/25 59/12/25 57/27/25
f 62/15/26 71/24/26 69/20/26
f 169/94/27 171/95/27 170/96/27
f 172/97/28 174/98/28 173/99/28
f 175/100/3 177/101/3 176/102/3
f 178/103/55 180/104/55 179/105/55
f 181/106/5 183/107/5 182/108/5
f 184/109/56 186/110/56 185/111/56
f 187/112/57 189/113/57 188/114/57
f 190/115/58 192/116/58 191/117/58
f 176/102/9 169/94/9 175/100/9
f 171/118/31 172/97/31 170/119/31
f 174/98/11 178/103/11 173/99/11
f 180/104/12 177/120/12 179/105/12
f 188/114/13 175/100/13 187/112/13
f 178/103/14 192/116/14 190/115/14
f 192/116/59 189/113/59 191/117/59
f 181/106/60 189/113/60 187/112/60
f 191/117/61 184/109/61 190/115/61
f 186/110/34 183/107/34 185/111/34
f 170/96/35 181/106/35 169/94/35
f 185/111/43 173/121/43 184/109/43
f 169/94/21 187/112/21 175/100/21
f 176/122/22 174/98/22 171/118/22
f 170/123/23 185/111/23 183/107/23
f 190/115/24 173/124/24 178/125/24
f 188/114/25 179/105/25 177/120/25
f 182/108/26 191/117/26 189/113/26
f 193/94/27 195/95/27 194/96/27
f 196/97/28 198/98/28 197/99/28
f 199/100/62 201/101/62 200/102/62
f 202/103/55 204/104/55 203/105/55
f 205/106/63 207/107/63 206/108/63
f 208/109/56 210/110/56 209/111/56
f 211/112/57 213/113/57 212/126/57
f 214/115/58 216/116/58 215/117/58
f 200/102/9 193/94/9 199/100/9
f 195/118/31 196/97/31 194/119/31
f 198/98/11 202/103/11 197/99/11
f 204/104/12 201/120/12 203/105/12
f 212/126/13 199/100/13 211/112/13
f 202/103/14 216/116/14 214/115/14
f 216/116/59 213/113/59 215/117/59
f 205/106/60 213/113/60 211/112/60
f 215/117/61 208/109/61 214/115/61
f 210/110/34 207/107/34 209/111/34
f 194/96/35 205/106/35 193/94/35
f 209/111/43 197/121/43 208/109/43
f 193/94/21 211/112/21 199/100/21
f 200/122/22 198/98/22 195/118/22
f 194/123/23 209/111/23 207/107/23
f 214/115/24 197/124/24 202/125/24
f 212/126/25 203/105/25 201/120/25
f 206/108/26 215/117/26 213/113/26
f 217/94/27 219/95/27 218/96/27
f 220/97/28 222/98/28 221/99/28
f 223/100/3 225/101/3 224/102/3
f 226/103/55 228/104/55 227/105/55
f 229/106/5 231/107/5 230/108/5
f 232/109/56 234/110/56 233/111/56
f 235/112/57 237/113/57 236/114/57
f 238/115/58 240/116/58 239/117/58
f 224/102/9 217/94/9 223/100/9
f 219/118/31 220/97/31 218/119/31
f 222/98/11 226/103/11 221/99/11
f 228/104/12 225/120/12 227/105/12
f 236/114/13 223/100/13 235/112/13
f 226/103/14 240/116/14 238/115/14
f 240/116/59 237/113/59 239/117/59
f 229/106/60 237/113/60 235/112/60
f 239/117/61 232/109/61 238/115/61
f 234/110/34 231/107/34 233/111/34
f 218/96/35 229/106/35 217/94/35
f 233/111/43 221/121/43 232/109/43
f 217/94/21 235/112/21 223/100/21
f 224/122/22 222/98/22 219/118/22
f 218/123/23 233/111/23 231/107/23
f 238/115/24 221/124/24 226/125/24
f 236/114/25 227/105/25 225/120/25
f 230/108/26 239/117/26 237/113/26
s 1
f 3267/1054/795 3272/886/796 3268/187/797
f 3274/888/798 3269/1055/799 3270/189/800
f 3272/886/796 3275/1056/801 3276/890/802
f 3277/1057/803 3274/888/798 3278/892/804
f 3275/1056/801 3280/893/805 3276/890/802
f 3281/1058/806 3278/892/804 3282/894/807
f 3279/1059/808 3284/896/809 3280/893/805
f 3285/1060/810 3282/894/807 3286/897/811
f 3284/896/809 3287/1061/812 3288/900/813
f 3290/902/814 3285/1060/810 3286/897/811
f 3288/900/813 3291/1062/815 3292/210/816
f 3294/212/817 3289/1063/818 3290/902/814
f 3291/1062/815 3296/905/819 3292/210/816
f 3297/1064/820 3294/212/817 3298/906/821
f 3296/905/819 3299/1065/822 3300/908/823
f 3301/1066/824 3298/906/821 3302/910/825
f 3300/908/823 3303/1067/826 3304/912/827
f 3306/914/828 3301/1066/824 3302/910/825
f 3303/1067/826 3308/916/829 3304/912/827
f 3310/918/830 3305/1068/831 3306/914/828
f 3308/916/829 3311/1069/832 3312/919/833
f 3314/920/834 3309/1070/835 3310/918/830
f 3312/919/833 3267/1054/795 3268/187/797
f 3269/1055/799 3314/920/834 3270/189/800
f 3303/1067/826 3287/1061/812 3271/1071/836
f 3272/1072/796 3270/1073/800 3268/1074/797
f 3268/1075/797 3314/1076/834 3312/1077/833
f 3285/1060/810 3301/1066/824 3269/1055/799
f 3276/1078/802 3274/1079/798 3272/1072/796
f 3276/1078/802 3282/1080/807 3278/1081/804
f 3284/1082/809 3282/1080/807 3280/1083/805
f 3284/1082/809 3290/1084/814 3286/1085/811
f 3292/1086/816 3290/1084/814 3288/1087/813
f 3292/1086/816 3298/1088/821 3294/1089/817
f 3300/1090/823 3298/1088/821 3296/1091/819
f 3300/1090/823 3306/1092/828 3302/1093/825
f 3308/1094/829 3306/1092/828 3304/1095/827
f 3312/1077/833 3310/1096/830 3308/1094/829
f 3363/1054/837 3368/886/796 3364/187/797
f 3370/888/798 3365/1055/799 3366/189/800
f 3367/1071/836 3372/890/802 3368/886/796
f 3374/892/840 3369/1097/854 3370/888/798
f 3371/1056/801 3376/893/841 3372/890/802
f 3377/1058/806 3374/892/840 3378/894/807
f 3375/1059/842 3380/896/809 3376/893/841
f 3382/897/843 3377/1058/806 3378/894/807
f 3379/1098/844 3384/900/813 3380/896/809
f 3386/902/814 3381/1060/852 3382/897/843
f 3383/1061/812 3388/210/816 3384/900/813
f 3390/212/817 3385/1063/818 3386/902/814
f 3388/210/816 3391/1100/846 3392/905/819
f 3393/1064/820 3390/212/817 3394/906/821
f 3391/1100/846 3396/908/823 3392/905/819
f 3397/1066/853 3394/906/821 3398/910/847
f 3396/908/823 3399/1067/849 3400/912/850
f 3401/1068/831 3398/910/847 3402/914/828
f 3399/1067/849 3404/916/829 3400/912/850
f 3406/918/830 3401/1068/831 3402/914/828
f 3404/916/829 3407/1069/832 3408/919/833
f 3409/1101/851 3406/918/830 3410/920/834
f 3408/919/833 3363/1054/837 3364/187/797
f 3365/1055/799 3410/920/834 3366/189/800
f 3399/1067/849 3383/1061/812 3367/1071/836
f 3368/1072/796 3366/1073/800 3364/1074/797
f 3364/1075/797 3410/1076/834 3408/1077/833
f 3381/1060/852 3397/1066/853 3365/1055/799
f 3372/1078/802 3370/1079/798 3368/1072/796
f 3376/1083/841 3374/1081/840 3372/1078/802
f 3380/1082/809 3378/1080/807 3376/1083/841
f 3384/1087/813 3382/1085/843 3380/1082/809
f 3388/1086/816 3386/1084/814 3384/1087/813
f 3392/1091/819 3390/1089/817 3388/1086/816
f 3396/1090/823 3394/1088/821 3392/1091/819
f 3400/1095/850 3398/1093/847 3396/1090/823
f 3404/1094/829 3402/1092/828 3400/1095/850
f 3408/1077/833 3406/1096/830 3404/1094/829
s 0
f 8/9/9 3/2/9 1/1/9
f 3/25/855 6/5/855 4/4/855
f 5/6/11 6/5/11 12/11/11
f 12/11/12 8/29/12 9/27/12
f 19/19/13 20/21/13 9/8/13
f 11/12/14 24/23/14 22/22/14
f 24/23/59 20/21/59 21/20/59
f 14/15/16 21/20/16 19/19/16
f 23/24/17 18/17/17 16/16/17
f 18/17/34 14/15/34 15/14/34
f 2/3/35 15/14/35 13/13/35
f 17/18/43 4/1102/43 5/28/43
f 1/1/21 13/13/21 19/19/21
f 8/29/22 12/11/22 6/5/22
f 2/30/23 4/1102/23 17/18/23
f 16/16/24 5/1103/24 10/31/24
f 20/21/25 24/23/25 11/12/25
f 14/15/26 18/17/26 23/24/26
f 32/9/9 27/2/9 25/1/9
f 27/25/855 30/5/855 28/4/855
f 29/6/11 30/5/11 36/11/11
f 36/11/12 32/29/12 33/27/12
f 43/19/13 44/21/13 33/8/13
f 35/12/14 48/23/14 46/22/14
f 48/23/59 44/21/59 45/20/59
f 38/15/16 45/20/16 43/19/16
f 47/24/17 42/17/17 40/16/17
f 42/17/34 38/15/34 39/14/34
f 26/3/35 39/14/35 37/13/35
f 41/18/43 28/1102/43 29/28/43
f 25/1/21 37/13/21 43/19/21
f 32/29/22 36/11/22 30/5/22
f 26/30/23 28/1102/23 41/18/23
f 40/16/24 29/1103/24 34/31/24
f 44/21/25 48/23/25 35/12/25
f 38/15/26 42/17/26 47/24/26
f 56/9/9 51/2/9 49/1/9
f 51/25/855 54/5/855 52/4/855
f 53/6/11 54/5/11 60/11/11
f 60/11/12 56/29/12 57/27/12
f 67/19/13 68/21/13 57/8/13
f 59/12/14 72/23/14 70/22/14
f 72/23/59 68/21/59 69/20/59
f 62/15/16 69/20/16 67/19/16
f 71/24/17 66/17/17 64/16/17
f 66/17/34 62/15/34 63/14/34
f 50/3/35 63/14/35 61/13/35
f 65/18/43 52/1102/43 53/28/43
f 49/1/21 61/13/21 67/19/21
f 56/29/22 60/11/22 54/5/22
f 50/30/23 52/1102/23 65/18/23
f 64/16/24 53/1103/24 58/31/24
f 68/21/25 72/23/25 59/12/25
f 62/15/26 66/17/26 71/24/26
f 176/102/9 171/95/9 169/94/9
f 171/118/10 174/98/10 172/97/10
f 174/98/11 180/104/11 178/103/11
f 180/104/12 176/122/12 177/120/12
f 188/114/13 177/101/13 175/100/13
f 178/103/14 179/105/14 192/116/14
f 192/116/33 188/114/33 189/113/33
f 181/106/16 182/108/16 189/113/16
f 191/117/17 186/110/17 184/109/17
f 186/110/54 182/108/54 183/107/54
f 170/96/35 183/107/35 181/106/35
f 185/111/43 172/1107/43 173/121/43
f 169/94/21 181/106/21 187/112/21
f 176/122/22 180/104/22 174/98/22
f 170/123/23 172/1107/23 185/111/23
f 190/115/24 184/109/24 173/124/24
f 188/114/25 192/116/25 179/105/25
f 182/108/26 186/110/26 191/117/26
f 200/102/9 195/95/9 193/94/9
f 195/118/10 198/98/10 196/97/10
f 198/98/11 204/104/11 202/103/11
f 204/104/12 200/122/12 201/120/12
f 212/126/13 201/101/13 199/100/13
f 202/103/14 203/105/14 216/116/14
f 216/116/33 212/126/33 213/113/33
f 205/106/16 206/108/16 213/113/16
f 215/117/17 210/110/17 208/109/17
f 210/110/54 206/108/54 207/107/54
f 194/96/35 207/107/35 205/106/35
f 209/111/43 196/1107/43 197/121/43
f 193/94/21 205/106/21 211/112/21
f 200/122/22 204/104/22 198/98/22
f 194/123/23 196/1107/23 209/111/23
f 214/115/24 208/109/24 197/124/24
f 212/126/25 216/116/25 203/105/25
f 206/108/26 210/110/26 215/117/26
f 224/102/9 219/95/9 217/94/9
f 219/118/10 222/98/10 220/97/10
f 222/98/11 228/104/11 226/103/11
f 228/104/12 224/122/12 225/120/12
f 236/114/13 225/101/13 223/100/13
f 226/103/14 227/105/14 240/116/14
f 240/116/33 236/114/33 237/113/33
f 229/106/16 230/108/16 237/113/16
f 239/117/17 234/110/17 232/109/17
f 234/110/54 230/108/54 231/107/54
f 218/96/35 231/107/35 229/106/35
f 233/111/43 220/1107/43 221/121/43
f 217/94/21 229/106/21 235/112/21
f 224/122/22 228/104/22 222/98/22
f 218/123/23 220/1107/23 233/111/23
f 238/115/24 232/109/24 221/124/24
f 236/114/25 240/116/25 227/105/25
f 230/108/26 234/110/26 239/117/26
s 1
f 3267/1054/795 3271/1071/836 3272/886/796
f 3274/888/798 3273/1097/854 3269/1055/799
f 3272/886/796 3271/1071/836 3275/1056/801
f 3277/1057/803 3273/1097/854 3274/888/798
f 3275/1056/801 3279/1059/808 3280/893/805
f 3281/1058/806 3277/1057/803 3278/892/804
f 3279/1059/808 3283/1098/967 3284/896/809
f 3285/1060/810 3281/1058/806 3282/894/807
f 3284/896/809 3283/1098/967 3287/1061/812
f 3290/902/814 3289/1063/818 3285/1060/810
f 3288/900/813 3287/1061/812 3291/1062/815
f 3294/212/817 3293/1099/968 3289/1063/818
f 3291/1062/815 3295/1100/969 3296/905/819
f 3297/1064/820 3293/1099/968 3294/212/817
f 3296/905/819 3295/1100/969 3299/1065/822
f 3301/1066/824 3297/1064/820 3298/906/821
f 3300/908/823 3299/1065/822 3303/1067/826
f 3306/914/828 3305/1068/831 3301/1066/824
f 3303/1067/826 3307/1124/970 3308/916/829
f 3310/918/830 3309/1070/835 3305/1068/831
f 3308/916/829 3307/1124/970 3311/1069/832
f 3314/920/834 3313/1101/851 3309/1070/835
f 3312/919/833 3311/1069/832 3267/1054/795
f 3269/1055/799 3313/1101/851 3314/920/834
f 3271/1071/836 3267/1054/795 3311/1069/832
f 3311/1069/832 3307/1124/970 3303/1067/826
f 3303/1067/826 3299/1065/822 3295/1100/969
f 3295/1100/969 3291/1062/815 3287/1061/812
f 3287/1061/812 3283/1098/967 3279/1059/808
f 3279/1059/808 3275/1056/801 3271/1071/836
f 3271/1071/836 3311/1069/832 3303/1067/826
f 3303/1067/826 3295/1100/969 3287/1061/812
f 3287/1061/812 3279/1059/808 3271/1071/836
f 3272/1072/796 3274/1079/798 3270/1073/800
f 3268/1075/797 3270/1125/800 3314/1076/834
f 3269/1055/799 3273/1097/854 3277/1057/803
f 3277/1057/803 3281/1058/806 3285/1060/810
f 3285/1060/810 3289/1063/818 3293/1099/968
f 3293/1099/968 3297/1064/820 3301/1066/824
f 3301/1066/824 3305/1068/831 3309/1070/835
f 3309/1070/835 3313/1101/851 3269/1055/799
f 3269/1055/799 3277/1057/803 3285/1060/810
f 3285/1060/810 3293/1099/968 3301/1066/824
f 3301/1066/824 3309/1070/835 3269/1055/799
f 3276/1078/802 3278/1081/804 3274/1079/798
f 3276/1078/802 3280/1083/805 3282/1080/807
f 3284/1082/809 3286/1085/811 3282/1080/807
f 3284/1082/809 3288/1087/813 3290/1084/814
f 3292/1086/816 3294/1089/817 3290/1084/814
f 3292/1086/816 3296/1091/819 3298/1088/821
f 3300/1090/823 3302/1093/825 3298/1088/821
f 3300/1090/823 3304/1095/827 3306/1092/828
f 3308/1094/829 3310/1096/830 3306/1092/828
f 3312/1077/833 3314/1076/834 3310/1096/830
f 3363/1054/837 3367/1071/836 3368/886/796
f 3370/888/798 3369/1097/854 3365/1055/799
f 3367/1071/836 3371/1056/801 3372/890/802
f 3374/892/840 3373/1057/803 3369/1097/854
f 3371/1056/801 3375/1059/842 3376/893/841
f 3377/1058/806 3373/1057/803 3374/892/840
f 3375/1059/842 3379/1098/844 3380/896/809
f 3382/897/843 3381/1060/852 3377/1058/806
f 3379/1098/844 3383/1061/812 3384/900/813
f 3386/902/814 3385/1063/818 3381/1060/852
f 3383/1061/812 3387/1062/815 3388/210/816
f 3390/212/817 3389/1099/845 3385/1063/818
f 3388/210/816 3387/1062/815 3391/1100/846
f 3393/1064/820 3389/1099/845 3390/212/817
f 3391/1100/846 3395/1065/972 3396/908/823
f 3397/1066/853 3393/1064/820 3394/906/821
f 3396/908/823 3395/1065/972 3399/1067/849
f 3401/1068/831 3397/1066/853 3398/910/847
f 3399/1067/849 3403/1124/970 3404/916/829
f 3406/918/830 3405/1070/971 3401/1068/831
f 3404/916/829 3403/1124/970 3407/1069/832
f 3409/1101/851 3405/1070/971 3406/918/830
f 3408/919/833 3407/1069/832 3363/1054/837
f 3365/1055/799 3409/1101/851 3410/920/834
f 3367/1071/836 3363/1054/837 3407/1069/832
f 3407/1069/832 3403/1124/970 3399/1067/849
f 3399/1067/849 3395/1065/972 3391/1100/846
f 3391/1100/846 3387/1062/815 3383/1061/812
f 3383/1061/812 3379/1098/844 3375/1059/842
f 3375/1059/842 3371/1056/801 3367/1071/836
f 3367/1071/836 3407/1069/832 3399/1067/849
f 3399/1067/849 3391/1100/846 3383/1061/812
f 3383/1061/812 3375/1059/842 3367/1071/836
f 3368/1072/796 3370/1079/798 3366/1073/800
f 3364/1075/797 3366/1125/800 3410/1076/834
f 3365/1055/799 3369/1097/854 3373/1057/803
f 3373/1057/803 3377/1058/806 3381/1060/852
f 3381/1060/852 3385/1063/818 3389/1099/845
f 3389/1099/845 3393/1064/820 3397/1066/853
f 3397/1066/853 3401/1068/831 3405/1070/971
f 3405/1070/971 3409/1101/851 3365/1055/799
f 3365/1055/799 3373/1057/803 3381/1060/852
f 3381/1060/852 3389/1099/845 3397/1066/853
f 3397/1066/853 3405/1070/971 3365/1055/799
f 3372/1078/802 3374/1081/840 3370/1079/798
f 3376/1083/841 3378/1080/807 3374/1081/840
f 3380/1082/809 3382/1085/843 3378/1080/807
f 3384/1087/813 3386/1084/814 3382/1085/843
f 3388/1086/816 3390/1089/817 3386/1084/814
f 3392/1091/819 3394/1088/821 3390/1089/817
f 3396/1090/823 3398/1093/847 3394/1088/821
f 3400/1095/850 3402/1092/828 3398/1093/847
f 3404/1094/829 3406/1096/830 3402/1092/828
f 3408/1077/833 3410/1076/834 3406/1096/830
s 0
usemtl TealPaint
f 73/32/27 75/33/27 74/34/27
f 76/35/28 78/36/28 77/37/28
f 79/38/29 81/39/29 80/40/29
f 82/41/30 84/42/30 83/43/30
f 85/44/5 87/45/5 86/46/5
f 88/47/6 90/48/6 89/49/6
f 91/50/7 93/51/7 92/52/7
f 94/53/8 96/54/8 95/55/8
f 80/40/9 73/32/9 79/38/9
f 75/56/31 76/35/31 74/57/31
f 77/37/11 84/42/11 82/41/11
f 84/42/32 81/58/32 83/43/32
f 92/52/13 79/38/13 91/50/13
f 83/43/14 94/53/14 82/41/14
f 96/54/33 93/51/33 95/55/33
f 85/44/16 93/51/16 91/50/16
f 95/55/17 88/47/17 94/53/17
f 90/48/34 87/45/34 89/49/34
f 74/34/35 85/44/35 73/32/35
f 89/49/36 77/59/36 88/47/36
f 79/38/21 85/44/21 91/50/21
f 80/60/22 78/36/22 75/56/22
f 74/61/23 89/49/23 87/45/23
f 88/47/24 82/62/24 94/53/24
f 92/52/25 83/43/25 81/58/25
f 86/46/26 95/55/26 93/51/26
f 97/32/27 99/33/27 98/34/27
f 100/35/28 102/36/28 101/37/28
f 103/38/37 105/39/37 104/40/37
f 106/41/38 108/42/38 107/43/38
f 109/44/39 111/45/39 110/46/39
f 112/47/40 114/48/40 113/49/40
f 115/50/7 117/51/7 116/52/7
f 118/53/8 120/54/8 119/55/8
f 103/38/41 99/33/41 97/32/41
f 99/56/31 100/35/31 98/57/31
f 102/36/42 106/41/42 101/37/42
f 108/42/12 105/58/12 107/43/12
f 116/52/13 103/38/13 115/50/13
f 107/43/14 118/53/14 106/41/14
f 120/54/33 117/51/33 119/55/33
f 109/44/16 117/51/16 115/50/16
f 119/55/17 112/47/17 118/53/17
f 114/48/34 111/45/34 113/49/34
f 98/34/35 109/44/35 97/32/35
f 113/49/43 101/59/43 112/47/43
f 103/38/21 109/44/21 115/50/21
f 104/60/22 102/36/22 99/56/22
f 98/61/23 113/49/23 111/45/23
f 112/47/24 106/62/24 118/53/24
f 116/52/25 107/43/25 105/58/25
f 110/46/26 119/55/26 117/51/26
f 2703/852/635 2705/853/635 2704/854/635
f 2706/855/636 2708/856/636 2707/857/636
f 2709/858/665 2711/859/665 2710/860/665
f 2712/861/666 2714/862/666 2713/863/666
f 2715/864/648 2717/865/648 2716/866/648
f 2718/867/649 2720/868/649 2719/869/649
f 2721/870/617 2723/871/617 2722/872/617
f 2724/873/618 2726/874/618 2725/875/618
f 2710/860/619 2703/852/619 2709/858/619
f 2705/876/620 2706/855/620 2704/877/620
f 2708/856/621 2712/861/621 2707/857/621
f 2714/862/622 2711/878/622 2713/863/622
f 2722/872/623 2709/858/623 2721/870/623
f 2712/861/624 2726/874/624 2724/873/624
f 2726/874/625 2723/871/625 2725/875/625
f 2716/866/667 2721/870/667 2715/864/667
f 2725/875/668 2718/867/668 2724/873/668
f 2720/868/669 2717/865/669 2719/869/669
f 2704/854/629 2715/864/629 2703/852/629
f 2718/867/630 2706/879/630 2707/880/630
f 2703/852/21 2721/870/21 2709/858/21
f 2710/881/631 2708/856/631 2705/876/631
f 2704/882/632 2719/869/632 2717/865/632
f 2724/873/24 2707/883/24 2712/884/24
f 2722/872/633 2713/863/633 2711/878/633
f 2716/866/634 2725/875/634 2723/871/634
f 80/40/9 75/33/9 73/32/9
f 75/56/31 78/36/31 76/35/31
f 77/37/11 78/36/11 84/42/11
f 84/42/32 80/60/32 81/58/32
f 92/52/13 81/39/13 79/38/13
f 83/43/14 96/54/14 94/53/14
f 96/54/33 92/52/33 93/51/33
f 85/44/16 86/46/16 93/51/16
f 95/55/17 90/48/17 88/47/17
f 90/48/54 86/46/54 87/45/54
f 74/34/35 87/45/35 85/44/35
f 89/49/43 76/1104/43 77/59/43
f 79/38/21 73/32/21 85/44/21
f 80/60/22 84/42/22 78/36/22
f 74/61/23 76/1104/23 89/49/23
f 88/47/24 77/1105/24 82/62/24
f 92/52/25 96/54/25 83/43/25
f 86/46/26 90/48/26 95/55/26
f 103/38/9 104/40/9 99/33/9
f 99/56/31 102/36/31 100/35/31
f 102/36/11 108/42/11 106/41/11
f 108/42/12 104/60/12 105/58/12
f 116/52/13 105/39/13 103/38/13
f 107/43/14 120/54/14 118/53/14
f 120/54/33 116/52/33 117/51/33
f 109/44/16 110/46/16 117/51/16
f 119/55/17 114/48/17 112/47/17
f 114/48/18 110/46/18 111/45/18
f 98/34/35 111/45/35 109/44/35
f 113/49/43 100/1104/43 101/59/43
f 103/38/21 97/32/21 109/44/21
f 104/60/22 108/42/22 102/36/22
f 98/61/23 100/1104/23 113/49/23
f 112/47/24 101/1105/24 106/62/24
f 116/52/25 120/54/25 107/43/25
f 110/46/26 114/48/26 119/55/26
f 2710/860/619 2705/853/619 2703/852/619
f 2705/876/620 2708/856/620 2706/855/620
f 2708/856/621 2714/862/621 2712/861/621
f 2714/862/622 2710/881/622 2711/878/622
f 2722/872/623 2711/859/623 2709/858/623
f 2712/861/624 2713/863/624 2726/874/624
f 2726/874/957 2722/872/957 2723/871/957
f 2716/866/961 2723/871/961 2721/870/961
f 2725/875/962 2720/868/962 2718/867/962
f 2720/868/628 2716/866/628 2717/865/628
f 2704/854/629 2717/865/629 2715/864/629
f 2718/867/630 2719/869/630 2706/879/630
f 2703/852/21 2715/864/21 2721/870/21
f 2710/881/631 2714/862/631 2708/856/631
f 2704/882/632 2706/879/632 2719/869/632
f 2724/873/24 2718/867/24 2707/883/24
f 2722/872/633 2726/874/633 2713/863/633
f 2716/866/634 2720/868/634 2725/875/634
usemtl DarkWood
f 121/63/44 123/64/44 122/65/44
f 124/35/28 126/66/28 125/67/28
f 127/68/29 129/69/29 128/70/29
f 130/71/30 132/72/30 131/73/30
f 133/74/45 135/75/45 134/76/45
f 136/77/46 138/78/46 137/79/46
f 139/80/47 141/81/47 140/82/47
f 142/83/48 144/84/48 143/85/48
f 128/70/9 121/63/9 127/68/9
f 123/86/10 124/35/10 122/57/10
f 125/67/11 132/72/11 130/71/11
f 132/72/12 129/87/12 131/73/12
f 140/82/49 127/68/49 139/80/49
f 130/71/50 144/84/50 142/83/50
f 144/84/33 141/81/33 143/85/33
f 133/74/16 141/81/16 139/80/16
f 143/85/17 136/77/17 142/83/17
f 138/78/34 135/75/34 137/79/34
f 121/63/35 135/75/35 133/74/35
f 137/79/43 125/88/43 136/77/43
f 121/63/21 139/80/21 127/68/21
f 128/89/22 126/66/22 123/86/22
f 122/90/23 137/79/23 135/75/23
f 142/83/24 125/91/24 130/92/24
f 140/82/25 131/73/25 129/87/25
f 134/76/26 143/85/26 141/81/26
f 145/63/44 147/64/44 146/65/44
f 148/35/28 150/66/28 149/67/28
f 151/68/51 153/69/51 152/70/51
f 154/71/52 156/72/52 155/73/52
f 157/74/39 159/75/39 158/76/39
f 160/77/40 162/78/40 161/79/40
f 163/80/7 165/81/7 164/93/7
f 166/83/8 168/84/8 167/85/8
f 152/70/9 145/63/9 151/68/9
f 147/86/31 148/35/31 146/57/31
f 149/67/11 156/72/11 154/71/11
f 156/72/53 153/87/53 155/73/53
f 164/93/13 151/68/13 163/80/13
f 154/71/14 168/84/14 166/83/14
f 168/84/33 165/81/33 167/85/33
f 158/76/16 163/80/16 157/74/16
f 167/85/17 160/77/17 166/83/17
f 162/78/54 159/75/54 161/79/54
f 146/65/35 157/74/35 145/63/35
f 161/79/43 149/88/43 160/77/43
f 145/63/21 163/80/21 151/68/21
f 152/89/22 150/66/22 147/86/22
f 146/90/23 161/79/23 159/75/23
f 166/83/24 149/91/24 154/92/24
f 164/93/25 155/73/25 153/87/25
f 158/76/26 167/85/26 165/81/26
f 241/127/44 243/33/44 242/128/44
f 244/129/64 246/130/64 245/37/64
f 247/131/62 249/132/62 248/40/62
f 250/133/55 252/134/55 251/135/55
f 253/136/5 255/137/5 254/138/5
f 256/139/6 258/140/6 257/141/6
f 259/142/65 261/143/65 260/144/65
f 262/145/66 264/146/66 263/147/66
f 247/131/9 243/33/9 241/127/9
f 243/148/67 244/129/67 242/149/67
f 246/130/11 250/133/11 245/37/11
f 252/134/12 249/150/12 251/135/12
f 259/142/13 249/132/13 247/131/13
f 251/135/14 262/145/14 250/133/14
f 264/146/68 261/143/68 263/147/68
f 253/136/16 261/143/16 259/142/16
f 263/147/17 256/139/17 262/145/17
f 258/140/34 255/137/34 257/141/34
f 242/128/35 253/136/35 241/127/35
f 256/139/43 244/151/43 245/152/43
f 241/127/21 259/142/21 247/131/21
f 248/153/22 246/130/22 243/148/22
f 242/154/23 257/141/23 255/137/23
f 262/145/24 245/155/24 250/156/24
f 260/144/25 251/135/25 249/150/25
f 254/138/26 263/147/26 261/143/26
f 265/127/27 267/33/27 266/128/27
f 268/129/28 270/130/28 269/37/28
f 271/131/62 273/132/62 272/40/62
f 274/133/55 276/134/55 275/135/55
f 277/136/5 279/137/5 278/138/5
f 280/139/6 282/140/6 281/141/6
f 283/142/69 285/143/69 284/144/69
f 286/145/70 288/146/70 287/147/70
f 271/131/9 267/33/9 265/127/9
f 267/148/31 268/129/31 266/149/31
f 270/130/11 274/133/11 269/37/11
f 276/134/12 273/150/12 275/135/12
f 283/142/13 273/132/13 271/131/13
f 275/135/14 286/145/14 274/133/14
f 288/146/33 285/143/33 287/147/33
f 278/138/16 283/142/16 277/136/16
f 286/145/17 282/140/17 280/139/17
f 282/140/34 279/137/34 281/141/34
f 266/128/35 277/136/35 265/127/35
f 280/139/43 268/151/43 269/152/43
f 271/131/21 277/136/21 283/142/21
f 272/153/22 270/130/22 267/148/22
f 266/154/23 281/141/23 279/137/23
f 280/139/24 274/156/24 286/145/24
f 284/144/25 275/135/25 273/150/25
f 278/138/26 287/147/26 285/143/26
f 289/157/27 291/158/27 290/65/27
f 292/129/28 294/159/28 293/160/28
f 295/161/71 297/69/71 296/162/71
f 298/163/72 300/164/72 299/165/72
f 301/166/73 303/167/73 302/168/73
f 304/169/74 306/170/74 305/171/74
f 307/172/69 309/173/69 308/174/69
f 310/175/70 312/176/70 311/177/70
f 296/162/9 289/157/9 295/161/9
f 291/178/31 292/129/31 290/149/31
f 294/159/11 298/163/11 293/160/11
f 300/164/12 297/179/12 299/165/12
f 308/174/13 295/161/13 307/172/13
f 299/165/14 310/175/14 298/163/14
f 312/176/33 309/173/33 311/177/33
f 302/168/16 307/172/16 301/166/16
f 311/177/17 304/169/17 310/175/17
f 306/170/18 303/167/18 305/171/18
f 290/65/19 301/166/19 289/157/19
f 304/169/20 292/180/20 293/88/20
f 295/161/21 301/166/21 307/172/21
f 296/181/22 294/159/22 291/178/22
f 290/182/23 305/171/23 303/167/23
f 304/169/24 298/183/24 310/175/24
f 308/174/25 299/165/25 297/179/25
f 302/168/26 311/177/26 309/173/26
f 313/157/1 315/158/1 314/65/1
f 316/129/2 318/159/2 317/160/2
f 319/161/3 321/69/3 320/162/3
f 322/163/4 324/164/4 323/165/4
f 325/166/5 327/167/5 326/168/5
f 328/169/6 330/170/6 329/171/6
f 331/172/7 333/173/7 332/174/7
f 334/175/8 336/176/8 335/177/8
f 319/161/9 315/158/9 313/157/9
f 315/178/31 316/129/31 314/149/31
f 318/159/11 322/163/11 317/160/11
f 324/164/12 321/179/12 323/165/12
f 331/172/75 321/69/75 319/161/75
f 323/165/76 334/175/76 322/163/76
f 336/176/77 333/173/77 335/177/77
f 326/168/16 331/172/16 325/166/16
f 335/177/17 328/169/17 334/175/17
f 330/170/18 327/167/18 329/171/18
f 314/65/35 325/166/35 313/157/35
f 328/169/43 316/180/43 317/88/43
f 313/157/21 331/172/21 319/161/21
f 320/181/22 318/159/22 315/178/22
f 314/182/23 329/171/23 327/167/23
f 334/175/24 317/184/24 322/183/24
f 332/174/25 323/165/25 321/179/25
f 326/168/26 335/177/26 333/173/26
f 663/374/232 665/375/232 664/376/232
f 666/377/233 668/378/233 667/379/233
f 669/380/234 671/381/234 670/382/234
f 672/383/235 674/384/235 673/385/235
f 675/386/236 677/387/236 676/388/236
f 678/389/237 680/390/237 679/391/237
f 681/392/238 683/393/238 682/394/238
f 684/395/239 686/396/239 685/397/239
f 669/380/240 665/375/240 663/374/240
f 665/398/241 666/377/241 664/399/241
f 668/378/242 672/383/242 667/379/242
f 674/384/243 671/400/243 673/385/243
f 682/394/244 669/380/244 681/392/244
f 673/385/245 684/395/245 672/383/245
f 686/396/246 683/393/246 685/397/246
f 675/386/247 683/393/247 681/392/247
f 685/397/248 678/389/248 684/395/248
f 680/390/249 677/387/249 679/391/249
f 664/376/250 675/386/250 663/374/250
f 679/391/251 667/401/251 678/389/251
f 669/380/21 675/386/21 681/392/21
f 670/402/252 668/378/252 665/398/252
f 664/403/152 679/391/152 677/387/152
f 678/389/24 672/404/24 684/395/24
f 682/394/197 673/385/197 671/400/197
f 676/388/253 685/397/253 683/393/253
f 687/374/254 689/375/254 688/376/254
f 690/377/255 692/378/255 691/379/255
f 693/380/256 695/381/256 694/382/256
f 696/383/257 698/384/257 697/385/257
f 699/386/258 701/387/258 700/388/258
f 702/389/259 704/390/259 703/391/259
f 705/392/260 707/393/260 706/394/260
f 708/395/261 710/396/261 709/397/261
f 693/380/262 689/375/262 687/374/262
f 689/398/152 690/377/152 688/399/152
f 692/378/263 696/383/263 691/379/263
f 698/384/252 695/400/252 697/385/252
f 706/394/264 693/380/264 705/392/264
f 696/383/265 710/396/265 708/395/265
f 710/396/197 707/393/197 709/397/197
f 700/388/266 705/392/266 699/386/266
f 708/395/267 704/390/267 702/389/267
f 704/390/253 701/387/253 703/391/253
f 688/376/268 699/386/268 687/374/268
f 703/391/269 691/401/269 702/389/269
f 693/380/21 699/386/21 705/392/21
f 694/402/270 692/378/270 689/398/270
f 688/403/271 703/391/271 701/387/271
f 702/389/24 696/404/24 708/395/24
f 706/394/272 697/385/272 695/400/272
f 700/388/273 709/397/273 707/393/273
f 711/374/274 713/375/274 712/376/274
f 714/377/275 716/378/275 715/379/275
f 717/380/276 719/381/276 718/382/276
f 720/383/277 722/384/277 721/385/277
f 723/386/278 725/387/278 724/388/278
f 726/389/279 728/390/279 727/391/279
f 729/392/280 731/393/280 730/405/280
f 732/395/281 734/396/281 733/397/281
f 718/382/282 711/374/282 717/380/282
f 713/398/283 714/377/283 712/399/283
f 716/378/284 720/383/284 715/379/284
f 722/384/285 719/400/285 721/385/285
f 730/405/240 717/380/240 729/392/240
f 721/385/242 732/395/242 720/383/242
f 734/396/286 731/393/286 733/397/286
f 724/388/287 729/392/287 723/386/287
f 733/397/288 726/389/288 732/395/288
f 728/390/289 725/387/289 727/391/289
f 712/376/290 723/386/290 711/374/290
f 727/391/291 715/401/291 726/389/291
f 711/374/21 729/392/21 717/380/21
f 718/402/152 716/378/152 713/398/152
f 712/403/253 727/391/253 725/387/253
f 726/389/24 720/404/24 732/395/24
f 730/405/252 721/385/252 719/400/252
f 724/388/197 733/397/197 731/393/197
f 735/374/292 737/375/292 736/376/292
f 738/377/293 740/378/293 739/379/293
f 741/380/294 743/381/294 742/382/294
f 744/383/295 746/384/295 745/385/295
f 747/386/296 749/387/296 748/388/296
f 750/389/297 752/390/297 751/391/297
f 753/392/298 755/393/298 754/405/298
f 756/395/299 758/396/299 757/397/299
f 741/380/300 737/375/300 735/374/300
f 737/398/253 738/377/253 736/399/253
f 740/378/301 744/383/301 739/379/301
f 746/384/152 743/400/152 745/385/152
f 754/405/302 741/380/302 753/392/302
f 744/383/303 758/396/303 756/395/303
f 758/396/252 755/393/252 757/397/252
f 747/386/304 755/393/304 753/392/304
f 757/397/305 750/389/305 756/395/305
f 752/390/197 749/387/197 751/391/197
f 736/376/306 747/386/306 735/374/306
f 750/389/307 738/406/307 739/401/307
f 741/380/21 747/386/21 753/392/21
f 742/402/308 740/378/308 737/398/308
f 736/403/309 751/391/309 749/387/309
f 750/389/24 744/404/24 756/395/24
f 754/405/310 745/385/310 743/400/310
f 748/388/311 757/397/311 755/393/311
f 759/374/312 761/375/312 760/376/312
f 762/377/313 764/378/313 763/379/313
f 765/380/314 767/381/314 766/382/314
f 768/383/315 770/384/315 769/385/315
f 771/386/316 773/387/316 772/388/316
f 774/389/317 776/390/317 775/391/317
f 777/392/318 779/393/318 778/405/318
f 780/395/319 782/396/319 781/397/319
f 766/382/320 759/374/320 765/380/320
f 761/398/246 762/377/246 760/399/246
f 764/378/291 768/383/291 763/379/291
f 770/384/249 767/400/249 769/385/249
f 778/405/321 765/380/321 777/392/321
f 769/385/251 780/395/251 768/383/251
f 782/396/241 779/393/241 781/397/241
f 772/388/322 777/392/322 771/386/322
f 781/397/323 774/389/323 780/395/323
f 776/390/324 773/387/324 775/391/324
f 760/376/325 771/386/325 759/374/325
f 775/391/326 763/401/326 774/389/326
f 759/374/21 777/392/21 765/380/21
f 766/402/253 764/378/253 761/398/253
f 760/403/197 775/391/197 773/387/197
f 774/389/24 768/404/24 780/395/24
f 778/405/152 769/385/152 767/400/152
f 772/388/252 781/397/252 779/393/252
f 783/374/327 785/375/327 784/376/327
f 786/377/328 788/378/328 787/379/328
f 789/380/329 791/381/329 790/382/329
f 792/383/330 794/384/330 793/385/330
f 795/386/331 797/387/331 796/388/331
f 798/389/332 800/390/332 799/391/332
f 801/392/333 803/393/333 802/405/333
f 804/395/334 806/396/334 805/397/334
f 790/382/335 783/374/335 789/380/335
f 785/398/197 786/377/197 784/399/197
f 788/378/336 792/383/336 787/379/336
f 794/384/253 791/400/253 793/385/253
f 802/405/337 789/380/337 801/392/337
f 792/383/338 806/396/338 804/395/338
f 806/396/152 803/393/152 805/397/152
f 796/388/339 801/392/339 795/386/339
f 804/395/340 800/390/340 798/389/340
f 800/390/252 797/387/252 799/391/252
f 783/374/341 797/387/341 795/386/341
f 799/391/342 787/401/342 798/389/342
f 783/374/21 801/392/21 789/380/21
f 790/402/273 788/378/273 785/398/273
f 784/403/272 799/391/272 797/387/272
f 804/395/24 787/407/24 792/404/24
f 802/405/271 793/385/271 791/400/271
f 796/388/285 805/397/285 803/393/285
f 807/374/343 809/375/343 808/376/343
f 810/377/344 812/378/344 811/379/344
f 813/380/345 815/381/345 814/382/345
f 816/383/346 818/384/346 817/385/346
f 819/386/232 821/387/232 820/388/232
f 822/389/233 824/390/233 823/391/233
f 825/392/347 827/393/347 826/405/347
f 828/395/348 830/396/348 829/397/348
f 814/382/349 807/374/349 813/380/349
f 809/398/243 810/377/243 808/399/243
f 812/378/350 816/383/350 811/379/350
f 818/384/351 815/400/351 817/385/351
f 826/405/290 813/380/290 825/392/290
f 816/383/291 830/396/291 828/395/291
f 830/396/308 827/393/308 829/397/308
f 820/388/352 825/392/352 819/386/352
f 829/397/353 822/389/353 828/395/353
f 824/390/241 821/387/241 823/391/241
f 808/376/354 819/386/354 807/374/354
f 823/391/355 811/401/355 822/389/355
f 807/374/21 825/392/21 813/380/21
f 814/402/197 812/378/197 809/398/197
f 808/403/252 823/391/252 821/387/252
f 822/389/24 816/404/24 828/395/24
f 826/405/253 817/385/253 815/400/253
f 820/388/152 829/397/152 827/393/152
f 831/374/356 833/375/356 832/376/356
f 834/377/357 836/378/357 835/379/357
f 837/380/260 839/381/260 838/382/260
f 840/383/261 842/384/261 841/385/261
f 843/386/358 845/387/358 844/388/358
f 846/389/359 848/390/359 847/391/359
f 849/392/360 851/393/360 850/405/360
f 852/395/293 854/396/293 853/397/293
f 838/382/361 831/374/361 837/380/361
f 833/398/252 834/377/252 832/399/252
f 835/379/362 842/384/362 840/383/362
f 842/384/197 839/400/197 841/385/197
f 850/405/363 837/380/363 849/392/363
f 840/383/364 854/396/364 852/395/364
f 854/396/253 851/393/253 853/397/253
f 843/386/365 851/393/365 849/392/365
f 853/397/366 846/389/366 852/395/366
f 848/390/152 845/387/152 847/391/152
f 831/374/367 845/387/367 843/386/367
f 847/391/368 835/401/368 846/389/368
f 831/374/21 849/392/21 837/380/21
f 838/402/311 836/378/311 833/398/311
f 832/403/310 847/391/310 845/387/310
f 852/395/24 835/407/24 840/404/24
f 850/405/309 841/385/309 839/400/309
f 844/388/308 853/397/308 851/393/308
f 911/471/374 917/472/374 916/473/374
f 912/474/375 918/475/375 917/472/375
f 914/476/376 918/477/376 913/478/376
f 915/479/377 919/480/377 914/476/377
f 911/471/378 920/481/378 915/479/378
f 916/473/379 922/482/379 921/483/379
f 918/475/380 922/482/380 917/472/380
f 919/480/381 923/484/381 918/477/381
f 920/481/382 924/485/382 919/480/382
f 916/473/383 925/486/383 920/481/383
f 921/483/384 927/487/384 926/488/384
f 922/482/385 928/489/385 927/487/385
f 924/485/310 928/490/310 923/484/310
f 925/486/386 929/491/386 924/485/386
f 921/483/387 930/492/387 925/486/387
f 926/488/388 932/493/388 931/494/388
f 928/489/389 932/493/389 927/487/389
f 929/491/390 933/495/390 928/490/390
f 930/492/391 934/496/391 929/491/391
f 926/488/392 935/497/392 930/492/392
f 932/493/393 936/498/393 931/494/393
f 933/499/394 937/500/394 932/493/394
f 934/496/395 938/501/395 933/495/395
f 934/496/396 940/502/396 939/503/396
f 935/497/397 936/498/397 940/502/397
f 937/500/398 941/504/398 936/498/398
f 937/500/399 943/505/399 942/506/399
f 939/503/400 943/507/400 938/501/400
f 940/502/401 944/508/401 939/503/401
f 940/502/402 941/504/402 945/509/402
f 941/504/403 947/510/403 946/511/403
f 942/506/404 948/512/404 947/510/404
f 944/508/405 948/513/405 943/507/405
f 945/509/406 949/514/406 944/508/406
f 941/504/407 950/515/407 945/509/407
f 947/510/408 951/516/408 946/511/408
f 948/512/409 952/517/409 947/510/409
f 949/514/271 953/518/271 948/513/271
f 949/514/410 955/519/410 954/520/410
f 950/515/411 951/516/411 955/519/411
f 951/516/412 957/316/412 956/317/412
f 953/521/413 957/316/413 952/517/413
f 954/520/414 958/319/414 953/518/414
f 954/520/415 960/321/415 959/320/415
f 951/516/416 960/321/416 955/519/416
f 957/325/417 961/522/417 956/322/417
f 957/325/418 963/523/418 962/524/418
f 959/327/419 963/525/419 958/329/419
f 960/330/420 964/526/420 959/327/420
f 960/330/421 961/522/421 965/527/421
f 962/524/422 966/528/422 961/522/422
f 963/523/423 967/529/423 962/524/423
f 964/526/424 968/530/424 963/525/424
f 965/527/425 969/531/425 964/526/425
f 965/527/426 966/528/426 970/532/426
f 967/529/427 971/533/427 966/528/427
f 967/529/428 973/534/428 972/535/428
f 969/531/429 973/536/429 968/530/429
f 969/531/430 975/537/430 974/538/430
f 966/528/431 975/537/431 970/532/431
f 971/533/432 977/539/432 976/540/432
f 973/534/433 977/539/433 972/535/433
f 974/538/309 978/541/309 973/536/309
f 974/538/434 980/542/434 979/543/434
f 971/533/435 980/542/435 975/537/435
f 977/539/436 981/544/436 976/540/436
f 978/545/437 982/546/437 977/539/437
f 979/543/438 983/547/438 978/541/438
f 980/542/439 984/548/439 979/543/439
f 976/540/440 985/549/440 980/542/440
f 981/544/441 987/550/441 986/551/441
f 983/552/442 987/550/442 982/546/442
f 984/548/443 988/553/443 983/547/443
f 985/549/444 989/554/444 984/548/444
f 981/544/445 990/555/445 985/549/445
f 986/551/446 992/556/446 991/557/446
f 988/558/447 992/556/447 987/550/447
f 989/554/448 993/559/448 988/553/448
f 990/555/449 994/560/449 989/554/449
f 986/551/450 995/561/450 990/555/450
f 992/556/451 996/562/451 991/557/451
f 993/563/452 997/564/452 992/556/452
f 994/560/453 998/565/453 993/559/453
f 995/561/454 999/566/454 994/560/454
f 995/561/455 996/562/455 1000/567/455
f 997/564/456 1001/568/456 996/562/456
f 998/569/457 1002/570/457 997/564/457
f 999/566/272 1003/571/272 998/565/272
f 999/566/458 1005/572/458 1004/573/458
f 996/562/459 1005/572/459 1000/567/459
f 1001/568/460 1007/269/460 1006/266/460
f 1002/570/461 1008/372/461 1007/269/461
f 1004/573/462 1008/273/462 1003/571/462
f 1004/573/463 1010/274/463 1009/271/463
f 1001/568/464 1010/274/464 1005/572/464
f 1007/269/465 911/471/465 1006/266/465
f 1007/269/466 913/574/466 912/474/466
f 1009/271/467 913/478/467 1008/273/467
f 1010/274/468 914/476/468 1009/271/468
f 1010/274/469 911/471/469 915/479/469
f 1487/471/374 1493/472/374 1492/473/374
f 1488/474/375 1494/475/375 1493/472/375
f 1490/476/376 1494/477/376 1489/478/376
f 1491/479/560 1495/480/560 1490/476/560
f 1487/471/378 1496/481/378 1491/479/378
f 1493/472/561 1497/483/561 1492/473/561
f 1494/475/380 1498/482/380 1493/472/380
f 1495/480/381 1499/484/381 1494/477/381
f 1495/480/382 1501/486/382 1500/485/382
f 1492/473/383 1501/486/383 1496/481/383
f 1498/482/384 1502/488/384 1497/483/384
f 1499/680/385 1503/487/385 1498/482/385
f 1500/485/310 1504/490/310 1499/484/310
f 1500/485/386 1506/492/386 1505/491/386
f 1501/486/387 1502/488/387 1506/492/387
f 1503/487/388 1507/494/388 1502/488/388
f 1503/487/389 1509/499/389 1508/493/389
f 1505/491/390 1509/495/390 1504/490/390
f 1506/492/391 1510/496/391 1505/491/391
f 1506/492/562 1507/494/562 1511/497/562
f 1508/493/393 1512/498/393 1507/494/393
f 1509/499/394 1513/500/394 1508/493/394
f 1510/496/395 1514/501/395 1509/495/395
f 1511/497/396 1515/503/396 1510/496/396
f 1511/497/397 1512/498/397 1516/502/397
f 1512/498/398 1518/506/398 1517/504/398
f 1513/500/563 1519/505/563 1518/506/563
f 1515/503/400 1519/507/400 1514/501/400
f 1516/502/401 1520/508/401 1515/503/401
f 1512/498/402 1521/509/402 1516/502/402
f 1518/506/564 1522/511/564 1517/504/564
f 1518/506/404 1524/512/404 1523/510/404
f 1520/508/405 1524/513/405 1519/507/405
f 1521/509/406 1525/514/406 1520/508/406
f 1521/509/565 1522/511/565 1526/515/565
f 1523/510/408 1527/516/408 1522/511/408
f 1523/510/409 1529/521/409 1528/517/409
f 1525/514/271 1529/518/271 1524/513/271
f 1526/515/410 1530/520/410 1525/514/410
f 1522/511/411 1531/519/411 1526/515/411
f 1527/516/566 1533/316/566 1532/317/566
f 1528/517/413 1534/318/413 1533/316/413
f 1530/520/414 1534/319/414 1529/518/414
f 1531/519/415 1535/320/415 1530/520/415
f 1527/516/416 1536/321/416 1531/519/416
f 1532/322/417 1538/524/417 1537/522/417
f 1534/681/418 1538/524/418 1533/325/418
f 1535/327/419 1539/525/419 1534/329/419
f 1535/327/567 1541/527/567 1540/526/567
f 1532/322/421 1541/527/421 1536/330/421
f 1538/524/422 1542/528/422 1537/522/422
f 1539/523/423 1543/529/423 1538/524/423
f 1540/526/424 1544/530/424 1539/525/424
f 1540/526/425 1546/532/425 1545/531/425
f 1541/527/568 1542/528/568 1546/532/568
f 1543/529/427 1547/533/427 1542/528/427
f 1543/529/428 1549/534/428 1548/535/428
f 1545/531/429 1549/536/429 1544/530/429
f 1546/532/430 1550/538/430 1545/531/430
f 1546/532/431 1547/533/431 1551/537/431
f 1548/535/432 1552/540/432 1547/533/432
f 1549/534/433 1553/539/433 1548/535/433
f 1550/538/309 1554/541/309 1549/536/309
f 1551/537/434 1555/543/434 1550/538/434
f 1551/537/435 1552/540/435 1556/542/435
f 1552/540/436 1558/546/436 1557/544/436
f 1554/545/437 1558/546/437 1553/539/437
f 1555/543/438 1559/547/438 1554/541/438
f 1555/543/439 1561/549/439 1560/548/439
f 1552/540/569 1561/549/569 1556/542/569
f 1558/546/570 1562/551/570 1557/544/570
f 1559/552/442 1563/550/442 1558/546/442
f 1560/548/443 1564/553/443 1559/547/443
f 1561/549/444 1565/554/444 1560/548/444
f 1561/549/445 1562/551/445 1566/555/445
f 1562/551/571 1568/556/571 1567/557/571
f 1563/550/572 1569/563/572 1568/556/572
f 1565/554/448 1569/559/448 1564/553/448
f 1566/555/449 1570/560/449 1565/554/449
f 1562/551/573 1571/561/573 1566/555/573
f 1567/557/574 1573/564/574 1572/562/574
f 1568/556/452 1574/569/452 1573/564/452
f 1570/560/453 1574/565/453 1569/559/453
f 1571/561/454 1575/566/454 1570/560/454
f 1567/557/455 1576/567/455 1571/561/455
f 1573/564/456 1577/568/456 1572/562/456
f 1574/569/457 1578/570/457 1573/564/457
f 1575/566/272 1579/571/272 1574/565/272
f 1575/566/458 1581/572/458 1580/573/458
f 1576/567/459 1577/568/459 1581/572/459
f 1578/570/575 1582/266/575 1577/568/575
f 1579/682/461 1583/269/461 1578/570/461
f 1580/573/462 1584/273/462 1579/571/462
f 1580/573/463 1586/274/463 1585/271/463
f 1577/568/464 1586/274/464 1581/572/464
f 1583/269/465 1487/471/465 1582/266/465
f 1584/372/466 1488/474/466 1583/269/466
f 1585/271/467 1489/478/467 1584/273/467
f 1585/271/576 1491/479/576 1490/476/576
f 1582/266/469 1491/479/469 1586/274/469
f 2064/474/374 2068/473/374 2063/471/374
f 2064/474/375 2070/475/375 2069/472/375
f 2066/476/376 2070/477/376 2065/478/376
f 2067/479/377 2071/480/377 2066/476/377
f 2067/479/378 2068/473/378 2072/481/378
f 2069/472/379 2073/483/379 2068/473/379
f 2069/472/380 2075/680/380 2074/482/380
f 2071/480/381 2075/484/381 2070/477/381
f 2072/481/382 2076/485/382 2071/480/382
f 2072/481/383 2073/483/383 2077/486/383
f 2074/482/384 2078/488/384 2073/483/384
f 2074/482/385 2080/489/385 2079/487/385
f 2076/485/310 2080/490/310 2075/484/310
f 2076/485/386 2082/492/386 2081/491/386
f 2077/486/387 2078/488/387 2082/492/387
f 2079/487/388 2083/494/388 2078/488/388
f 2080/489/389 2084/493/389 2079/487/389
f 2081/491/390 2085/495/390 2080/490/390
f 2081/491/391 2087/497/391 2086/496/391
f 2082/492/562 2083/494/562 2087/497/562
f 2084/493/393 2088/498/393 2083/494/393
f 2084/493/587 2090/783/587 2089/500/587
f 2086/496/395 2090/501/395 2085/495/395
f 2087/497/396 2091/503/396 2086/496/396
f 2087/497/588 2088/498/588 2092/502/588
f 2088/498/398 2094/506/398 2093/504/398
f 2090/783/399 2094/506/399 2089/500/399
f 2091/503/400 2095/507/400 2090/501/400
f 2091/503/401 2097/509/401 2096/508/401
f 2088/498/402 2097/509/402 2092/502/402
f 2093/504/564 2099/510/564 2098/511/564
f 2094/506/404 2100/512/404 2099/510/404
f 2096/508/405 2100/513/405 2095/507/405
f 2097/509/406 2101/514/406 2096/508/406
f 2093/504/565 2102/515/565 2097/509/565
f 2099/510/408 2103/516/408 2098/511/408
f 2100/512/409 2104/517/409 2099/510/409
f 2101/514/271 2105/518/271 2100/513/271
f 2101/514/410 2107/519/410 2106/520/410
f 2102/515/411 2103/516/411 2107/519/411
f 2104/517/566 2108/317/566 2103/516/566
f 2104/517/413 2110/318/413 2109/316/413
f 2106/520/414 2110/319/414 2105/518/414
f 2107/519/415 2111/320/415 2106/520/415
f 2107/519/589 2108/317/589 2112/321/589
f 2108/322/417 2114/524/417 2113/522/417
f 2110/681/418 2114/524/418 2109/325/418
f 2111/327/419 2115/525/419 2110/329/419
f 2111/327/420 2117/527/420 2116/526/420
f 2108/322/421 2117/527/421 2112/330/421
f 2113/522/422 2119/529/422 2118/528/422
f 2114/524/423 2120/784/423 2119/529/423
f 2116/526/424 2120/530/424 2115/525/424
f 2117/527/425 2121/531/425 2116/526/425
f 2113/522/426 2122/532/426 2117/527/426
f 2119/529/427 2123/533/427 2118/528/427
f 2119/529/428 2125/534/428 2124/535/428
f 2121/531/429 2125/536/429 2120/530/429
f 2122/532/430 2126/538/430 2121/531/430
f 2122/532/590 2123/533/590 2127/537/590
f 2124/535/432 2128/540/432 2123/533/432
f 2125/534/433 2129/539/433 2124/535/433
f 2126/538/309 2130/541/309 2125/536/309
f 2126/538/434 2132/542/434 2131/543/434
f 2123/533/435 2132/542/435 2127/537/435
f 2129/539/436 2133/544/436 2128/540/436
f 2130/545/437 2134/546/437 2129/539/437
f 2131/543/438 2135/547/438 2130/541/438
f 2131/543/439 2137/549/439 2136/548/439
f 2132/542/440 2133/544/440 2137/549/440
f 2134/546/570 2138/551/570 2133/544/570
f 2134/546/442 2140/558/442 2139/550/442
f 2136/548/443 2140/553/443 2135/547/443
f 2137/549/591 2141/554/591 2136/548/591
f 2137/549/445 2138/551/445 2142/555/445
f 2139/550/446 2143/557/446 2138/551/446
f 2139/550/447 2145/563/447 2144/556/447
f 2141/554/448 2145/559/448 2140/553/448
f 2142/555/449 2146/560/449 2141/554/449
f 2142/555/573 2143/557/573 2147/561/573
f 2143/557/451 2149/564/451 2148/562/451
f 2145/563/452 2149/564/452 2144/556/452
f 2146/560/453 2150/565/453 2145/559/453
f 2147/561/454 2151/566/454 2146/560/454
f 2143/557/455 2152/567/455 2147/561/455
f 2149/564/456 2153/568/456 2148/562/456
f 2150/569/457 2154/570/457 2149/564/457
f 2151/566/272 2155/571/272 2150/565/272
f 2151/566/458 2157/572/458 2156/573/458
f 2152/567/459 2153/568/459 2157/572/459
f 2154/570/460 2158/266/460 2153/568/460
f 2155/682/461 2159/269/461 2154/570/461
f 2156/573/462 2160/273/462 2155/571/462
f 2156/573/463 2162/274/463 2161/271/463
f 2157/572/464 2158/266/464 2162/274/464
f 2159/269/465 2063/471/465 2158/266/465
f 2160/372/592 2064/474/592 2159/269/592
f 2161/271/467 2065/478/467 2160/273/467
f 2161/271/468 2067/479/468 2066/476/468
f 2162/274/469 2063/471/469 2067/479/469
f 2583/785/611 2585/786/611 2584/787/611
f 2586/788/612 2588/789/612 2587/790/612
f 2589/791/613 2591/792/613 2590/793/613
f 2592/794/614 2594/795/614 2593/796/614
f 2595/797/615 2597/798/615 2596/799/615
f 2598/800/616 2600/801/616 2599/802/616
f 2601/803/617 2603/804/617 2602/805/617
f 2604/806/618 2606/807/618 2605/808/618
f 2590/793/619 2583/785/619 2589/791/619
f 2585/809/620 2586/788/620 2584/810/620
f 2587/790/621 2594/795/621 2592/794/621
f 2594/795/622 2591/811/622 2593/796/622
f 2602/805/623 2589/791/623 2601/803/623
f 2592/794/624 2606/807/624 2604/806/624
f 2606/807/625 2603/804/625 2605/808/625
f 2595/797/626 2603/804/626 2601/803/626
f 2605/808/627 2598/800/627 2604/806/627
f 2600/801/628 2597/798/628 2599/802/628
f 2583/785/629 2597/798/629 2595/797/629
f 2599/802/630 2587/812/630 2598/800/630
f 2589/791/21 2595/797/21 2601/803/21
f 2590/813/631 2588/789/631 2585/809/631
f 2584/814/632 2599/802/632 2597/798/632
f 2598/800/24 2592/815/24 2604/806/24
f 2602/805/633 2593/796/633 2591/811/633
f 2596/799/634 2605/808/634 2603/804/634
f 128/70/9 123/64/9 121/63/9
f 123/86/31 126/66/31 124/35/31
f 125/67/11 126/66/11 132/72/11
f 132/72/12 128/89/12 129/87/12
f 140/82/13 129/69/13 127/68/13
f 130/71/14 131/73/14 144/84/14
f 144/84/33 140/82/33 141/81/33
f 133/74/16 134/76/16 141/81/16
f 143/85/17 138/78/17 136/77/17
f 138/78/856 134/76/856 135/75/856
f 121/63/35 122/65/35 135/75/35
f 137/79/43 124/1106/43 125/88/43
f 121/63/21 133/74/21 139/80/21
f 128/89/22 132/72/22 126/66/22
f 122/90/23 124/1106/23 137/79/23
f 142/83/24 136/77/24 125/91/24
f 140/82/25 144/84/25 131/73/25
f 134/76/26 138/78/26 143/85/26
f 152/70/9 147/64/9 145/63/9
f 147/86/31 150/66/31 148/35/31
f 149/67/11 150/66/11 156/72/11
f 156/72/857 152/89/857 153/87/857
f 164/93/13 153/69/13 151/68/13
f 154/71/14 155/73/14 168/84/14
f 168/84/33 164/93/33 165/81/33
f 158/76/16 165/81/16 163/80/16
f 167/85/17 162/78/17 160/77/17
f 162/78/54 158/76/54 159/75/54
f 146/65/35 159/75/35 157/74/35
f 161/79/43 148/1106/43 149/88/43
f 145/63/21 157/74/21 163/80/21
f 152/89/22 156/72/22 150/66/22
f 146/90/23 148/1106/23 161/79/23
f 166/83/24 160/77/24 149/91/24
f 164/93/25 168/84/25 155/73/25
f 158/76/26 162/78/26 167/85/26
f 247/131/9 248/40/9 243/33/9
f 243/148/31 246/130/31 244/129/31
f 246/130/11 252/134/11 250/133/11
f 252/134/12 248/153/12 249/150/12
f 259/142/13 260/144/13 249/132/13
f 251/135/14 264/146/14 262/145/14
f 264/146/77 260/144/77 261/143/77
f 253/136/16 254/138/16 261/143/16
f 263/147/17 258/140/17 256/139/17
f 258/140/18 254/138/18 255/137/18
f 242/128/35 255/137/35 253/136/35
f 256/139/43 257/141/43 244/151/43
f 241/127/21 253/136/21 259/142/21
f 248/153/22 252/134/22 246/130/22
f 242/154/23 244/151/23 257/141/23
f 262/145/24 256/139/24 245/155/24
f 260/144/25 264/146/25 251/135/25
f 254/138/26 258/140/26 263/147/26
f 271/131/9 272/40/9 267/33/9
f 267/148/31 270/130/31 268/129/31
f 270/130/11 276/134/11 274/133/11
f 276/134/12 272/153/12 273/150/12
f 283/142/13 284/144/13 273/132/13
f 275/135/14 288/146/14 286/145/14
f 288/146/68 284/144/68 285/143/68
f 278/138/60 285/143/60 283/142/60
f 286/145/61 287/147/61 282/140/61
f 282/140/18 278/138/18 279/137/18
f 266/128/35 279/137/35 277/136/35
f 280/139/43 281/141/43 268/151/43
f 271/131/21 265/127/21 277/136/21
f 272/153/22 276/134/22 270/130/22
f 266/154/23 268/151/23 281/141/23
f 280/139/24 269/155/24 274/156/24
f 284/144/25 288/146/25 275/135/25
f 278/138/26 282/140/26 287/147/26
f 296/162/9 291/158/9 289/157/9
f 291/178/31 294/159/31 292/129/31
f 294/159/11 300/164/11 298/163/11
f 300/164/857 296/181/857 297/179/857
f 308/174/13 297/69/13 295/161/13
f 299/165/14 312/176/14 310/175/14
f 312/176/33 308/174/33 309/173/33
f 302/168/16 309/173/16 307/172/16
f 311/177/17 306/170/17 304/169/17
f 306/170/18 302/168/18 303/167/18
f 290/65/35 303/167/35 301/166/35
f 304/169/43 305/171/43 292/180/43
f 295/161/21 289/157/21 301/166/21
f 296/181/22 300/164/22 294/159/22
f 290/182/23 292/180/23 305/171/23
f 304/169/24 293/184/24 298/183/24
f 308/174/25 312/176/25 299/165/25
f 302/168/26 306/170/26 311/177/26
f 319/161/9 320/162/9 315/158/9
f 315/178/31 318/159/31 316/129/31
f 318/159/11 324/164/11 322/163/11
f 324/164/857 320/181/857 321/179/857
f 331/172/13 332/174/13 321/69/13
f 323/165/14 336/176/14 334/175/14
f 336/176/68 332/174/68 333/173/68
f 326/168/16 333/173/16 331/172/16
f 335/177/61 330/170/61 328/169/61
f 330/170/856 326/168/856 327/167/856
f 314/65/35 327/167/35 325/166/35
f 328/169/43 329/171/43 316/180/43
f 313/157/21 325/166/21 331/172/21
f 320/181/22 324/164/22 318/159/22
f 314/182/23 316/180/23 329/171/23
f 334/175/24 328/169/24 317/184/24
f 332/174/25 336/176/25 323/165/25
f 326/168/26 330/170/26 335/177/26
f 669/380/895 670/382/895 665/375/895
f 665/398/241 668/378/241 666/377/241
f 668/378/242 674/384/242 672/383/242
f 674/384/243 670/402/243 671/400/243
f 682/394/896 671/381/896 669/380/896
f 673/385/897 686/396/897 684/395/897
f 686/396/246 682/394/246 683/393/246
f 675/386/247 676/388/247 683/393/247
f 685/397/898 680/390/898 678/389/898
f 680/390/249 676/388/249 677/387/249
f 664/376/352 677/387/352 675/386/352
f 679/391/284 666/406/284 667/401/284
f 669/380/21 663/374/21 675/386/21
f 670/402/252 674/384/252 668/378/252
f 664/403/152 666/406/152 679/391/152
f 678/389/24 667/407/24 672/404/24
f 682/394/197 686/396/197 673/385/197
f 676/388/253 680/390/253 685/397/253
f 693/380/899 694/382/899 689/375/899
f 689/398/152 692/378/152 690/377/152
f 692/378/900 698/384/900 696/383/900
f 698/384/252 694/402/252 695/400/252
f 706/394/901 695/381/901 693/380/901
f 696/383/902 697/385/902 710/396/902
f 710/396/197 706/394/197 707/393/197
f 700/388/903 707/393/903 705/392/903
f 708/395/904 709/397/904 704/390/904
f 704/390/253 700/388/253 701/387/253
f 688/376/905 701/387/905 699/386/905
f 703/391/906 690/406/906 691/401/906
f 693/380/21 687/374/21 699/386/21
f 694/402/310 698/384/310 692/378/310
f 688/403/271 690/406/271 703/391/271
f 702/389/24 691/407/24 696/404/24
f 706/394/272 710/396/272 697/385/272
f 700/388/246 704/390/246 709/397/246
f 718/382/352 713/375/352 711/374/352
f 713/398/308 716/378/308 714/377/308
f 716/378/907 722/384/907 720/383/907
f 722/384/285 718/402/285 719/400/285
f 730/405/354 719/381/354 717/380/354
f 721/385/908 734/396/908 732/395/908
f 734/396/286 730/405/286 731/393/286
f 724/388/896 731/393/896 729/392/896
f 733/397/897 728/390/897 726/389/897
f 728/390/246 724/388/246 725/387/246
f 712/376/909 725/387/909 723/386/909
f 727/391/910 714/406/910 715/401/910
f 711/374/21 723/386/21 729/392/21
f 718/402/152 722/384/152 716/378/152
f 712/403/253 714/406/253 727/391/253
f 726/389/24 715/407/24 720/404/24
f 730/405/252 734/396/252 721/385/252
f 724/388/197 728/390/197 733/397/197
f 741/380/911 742/382/911 737/375/911
f 737/398/253 740/378/253 738/377/253
f 740/378/912 746/384/912 744/383/912
f 746/384/152 742/402/152 743/400/152
f 754/405/913 743/381/913 741/380/913
f 744/383/914 745/385/914 758/396/914
f 758/396/252 754/405/252 755/393/252
f 747/386/915 748/388/915 755/393/915
f 757/397/916 752/390/916 750/389/916
f 752/390/197 748/388/197 749/387/197
f 736/376/917 749/387/917 747/386/917
f 750/389/918 751/391/918 738/406/918
f 741/380/21 735/374/21 747/386/21
f 742/402/919 746/384/919 740/378/919
f 736/403/309 738/406/309 751/391/309
f 750/389/24 739/407/24 744/404/24
f 754/405/310 758/396/310 745/385/310
f 748/388/286 752/390/286 757/397/286
f 766/382/909 761/375/909 759/374/909
f 761/398/289 764/378/289 762/377/289
f 764/378/910 770/384/910 768/383/910
f 770/384/920 766/402/920 767/400/920
f 778/405/352 767/381/352 765/380/352
f 769/385/284 782/396/284 780/395/284
f 782/396/921 778/405/921 779/393/921
f 772/388/922 779/393/922 777/392/922
f 781/397/923 776/390/923 774/389/923
f 776/390/243 772/388/243 773/387/243
f 760/376/896 773/387/896 771/386/896
f 775/391/288 762/406/288 763/401/288
f 759/374/21 771/386/21 777/392/21
f 766/402/253 770/384/253 764/378/253
f 760/403/197 762/406/197 775/391/197
f 774/389/24 763/407/24 768/404/24
f 778/405/152 782/396/152 769/385/152
f 772/388/252 776/390/252 781/397/252
f 790/382/924 785/375/924 783/374/924
f 785/398/197 788/378/197 786/377/197
f 788/378/925 794/384/925 792/383/925
f 794/384/253 790/402/253 791/400/253
f 802/405/926 791/381/926 789/380/926
f 792/383/927 793/385/927 806/396/927
f 806/396/152 802/405/152 803/393/152
f 796/388/928 803/393/928 801/392/928
f 804/395/929 805/397/929 800/390/929
f 800/390/252 796/388/252 797/387/252
f 783/374/930 784/376/930 797/387/930
f 799/391/931 786/406/931 787/401/931
f 783/374/21 795/386/21 801/392/21
f 790/402/246 794/384/246 788/378/246
f 784/403/272 786/406/272 799/391/272
f 804/395/24 798/389/24 787/407/24
f 802/405/271 806/396/271 793/385/271
f 796/388/270 800/390/270 805/397/270
f 814/382/287 809/375/287 807/374/287
f 809/398/243 812/378/243 810/377/243
f 812/378/350 818/384/350 816/383/350
f 818/384/932 814/402/932 815/400/932
f 826/405/909 815/381/909 813/380/909
f 816/383/910 817/385/910 830/396/910
f 830/396/283 826/405/283 827/393/283
f 820/388/933 827/393/933 825/392/933
f 829/397/353 824/390/353 822/389/353
f 824/390/241 820/388/241 821/387/241
f 808/376/240 821/387/240 819/386/240
f 823/391/242 810/406/242 811/401/242
f 807/374/21 819/386/21 825/392/21
f 814/402/197 818/384/197 812/378/197
f 808/403/252 810/406/252 823/391/252
f 822/389/24 811/407/24 816/404/24
f 826/405/253 830/396/253 817/385/253
f 820/388/152 824/390/152 829/397/152
f 838/382/934 833/375/934 831/374/934
f 833/398/252 836/378/252 834/377/252
f 835/379/935 836/378/935 842/384/935
f 842/384/197 838/402/197 839/400/197
f 850/405/936 839/381/936 837/380/936
f 840/383/937 841/385/937 854/396/937
f 854/396/253 850/405/253 851/393/253
f 843/386/938 844/388/938 851/393/938
f 853/397/939 848/390/939 846/389/939
f 848/390/152 844/388/152 845/387/152
f 831/374/940 832/376/940 845/387/940
f 847/391/941 834/406/941 835/401/941
f 831/374/21 843/386/21 849/392/21
f 838/402/272 842/384/272 836/378/272
f 832/403/310 834/406/310 847/391/310
f 852/395/24 846/389/24 835/407/24
f 850/405/309 854/396/309 841/385/309
f 844/388/919 848/390/919 853/397/919
f 911/471/374 912/474/374 917/472/374
f 912/474/375 913/574/375 918/475/375
f 914/476/376 919/480/376 918/477/376
f 915/479/377 920/481/377 919/480/377
f 911/471/378 916/473/378 920/481/378
f 916/473/561 917/472/561 922/482/561
f 918/475/380 923/680/380 922/482/380
f 919/480/381 924/485/381 923/484/381
f 920/481/382 925/486/382 924/485/382
f 916/473/942 921/483/942 925/486/942
f 921/483/384 922/482/384 927/487/384
f 922/482/385 923/680/385 928/489/385
f 924/485/310 929/491/310 928/490/310
f 925/486/386 930/492/386 929/491/386
f 921/483/387 926/488/387 930/492/387
f 926/488/388 927/487/388 932/493/388
f 928/489/389 933/499/389 932/493/389
f 929/491/390 934/496/390 933/495/390
f 930/492/391 935/497/391 934/496/391
f 926/488/392 931/494/392 935/497/392
f 932/493/393 937/500/393 936/498/393
f 933/499/394 938/783/394 937/500/394
f 934/496/395 939/503/395 938/501/395
f 934/496/396 935/497/396 940/502/396
f 935/497/397 931/494/397 936/498/397
f 937/500/398 942/506/398 941/504/398
f 937/500/563 938/783/563 943/505/563
f 939/503/400 944/508/400 943/507/400
f 940/502/943 945/509/943 944/508/943
f 940/502/402 936/498/402 941/504/402
f 941/504/564 942/506/564 947/510/564
f 942/506/404 943/505/404 948/512/404
f 944/508/405 949/514/405 948/513/405
f 945/509/406 950/515/406 949/514/406
f 941/504/565 946/511/565 950/515/565
f 947/510/408 952/517/408 951/516/408
f 948/512/409 953/521/409 952/517/409
f 949/514/271 954/520/271 953/518/271
f 949/514/410 950/515/410 955/519/410
f 950/515/411 946/511/411 951/516/411
f 951/516/566 952/517/566 957/316/566
f 953/521/413 958/318/413 957/316/413
f 954/520/414 959/320/414 958/319/414
f 954/520/415 955/519/415 960/321/415
f 951/516/589 956/317/589 960/321/589
f 957/325/417 962/524/417 961/522/417
f 957/325/944 958/681/944 963/523/944
f 959/327/419 964/526/419 963/525/419
f 960/330/567 965/527/567 964/526/567
f 960/330/421 956/322/421 961/522/421
f 962/524/422 967/529/422 966/528/422
f 963/523/945 968/784/945 967/529/945
f 964/526/424 969/531/424 968/530/424
f 965/527/425 970/532/425 969/531/425
f 965/527/426 961/522/426 966/528/426
f 967/529/427 972/535/427 971/533/427
f 967/529/428 968/784/428 973/534/428
f 969/531/429 974/538/429 973/536/429
f 969/531/430 970/532/430 975/537/430
f 966/528/431 971/533/431 975/537/431
f 971/533/432 972/535/432 977/539/432
f 973/534/433 978/545/433 977/539/433
f 974/538/309 979/543/309 978/541/309
f 974/538/434 975/537/434 980/542/434
f 971/533/435 976/540/435 980/542/435
f 977/539/436 982/546/436 981/544/436
f 978/545/437 983/552/437 982/546/437
f 979/543/438 984/548/438 983/547/438
f 980/542/439 985/549/439 984/548/439
f 976/540/440 981/544/440 985/549/440
f 981/544/570 982/546/570 987/550/570
f 983/552/442 988/558/442 987/550/442
f 984/548/443 989/554/443 988/553/443
f 985/549/591 990/555/591 989/554/591
f 981/544/946 986/551/946 990/555/946
f 986/551/571 987/550/571 992/556/571
f 988/558/572 993/563/572 992/556/572
f 989/554/448 994/560/448 993/559/448
f 990/555/449 995/561/449 994/560/449
f 986/551/573 991/557/573 995/561/573
f 992/556/451 997/564/451 996/562/451
f 993/563/452 998/569/452 997/564/452
f 994/560/453 999/566/453 998/565/453
f 995/561/454 1000/567/454 999/566/454
f 995/561/455 991/557/455 996/562/455
f 997/564/456 1002/570/456 1001/568/456
f 998/569/457 1003/682/457 1002/570/457
f 999/566/272 1004/573/272 1003/571/272
f 999/566/458 1000/567/458 1005/572/458
f 996/562/459 1001/568/459 1005/572/459
f 1001/568/575 1002/570/575 1007/269/575
f 1002/570/461 1003/682/461 1008/372/461
f 1004/573/462 1009/271/462 1008/273/462
f 1004/573/463 1005/572/463 1010/274/463
f 1001/568/947 1006/266/947 1010/274/947
f 1007/269/465 912/474/465 911/471/465
f 1007/269/466 1008/372/466 913/574/466
f 1009/271/467 914/476/467 913/478/467
f 1010/274/468 915/479/468 914/476/468
f 1010/274/469 1006/266/469 911/471/469
f 1487/471/374 1488/474/374 1493/472/374
f 1488/474/948 1489/574/948 1494/475/948
f 1490/476/376 1495/480/376 1494/477/376
f 1491/479/377 1496/481/377 1495/480/377
f 1487/471/378 1492/473/378 1496/481/378
f 1493/472/561 1498/482/561 1497/483/561
f 1494/475/380 1499/680/380 1498/482/380
f 1495/480/381 1500/485/381 1499/484/381
f 1495/480/382 1496/481/382 1501/486/382
f 1492/473/383 1497/483/383 1501/486/383
f 1498/482/384 1503/487/384 1502/488/384
f 1499/680/385 1504/489/385 1503/487/385
f 1500/485/310 1505/491/310 1504/490/310
f 1500/485/386 1501/486/386 1506/492/386
f 1501/486/387 1497/483/387 1502/488/387
f 1503/487/949 1508/493/949 1507/494/949
f 1503/487/389 1504/489/389 1509/499/389
f 1505/491/390 1510/496/390 1509/495/390
f 1506/492/391 1511/497/391 1510/496/391
f 1506/492/392 1502/488/392 1507/494/392
f 1508/493/393 1513/500/393 1512/498/393
f 1509/499/394 1514/783/394 1513/500/394
f 1510/496/395 1515/503/395 1514/501/395
f 1511/497/950 1516/502/950 1515/503/950
f 1511/497/397 1507/494/397 1512/498/397
f 1512/498/398 1513/500/398 1518/506/398
f 1513/500/563 1514/783/563 1519/505/563
f 1515/503/400 1520/508/400 1519/507/400
f 1516/502/401 1521/509/401 1520/508/401
f 1512/498/402 1517/504/402 1521/509/402
f 1518/506/403 1523/510/403 1522/511/403
f 1518/506/404 1519/505/404 1524/512/404
f 1520/508/405 1525/514/405 1524/513/405
f 1521/509/406 1526/515/406 1525/514/406
f 1521/509/407 1517/504/407 1522/511/407
f 1523/510/408 1528/517/408 1527/516/408
f 1523/510/409 1524/512/409 1529/521/409
f 1525/514/271 1530/520/271 1529/518/271
f 1526/515/410 1531/519/410 1530/520/410
f 1522/511/411 1527/516/411 1531/519/411
f 1527/516/566 1528/517/566 1533/316/566
f 1528/517/413 1529/521/413 1534/318/413
f 1530/520/414 1535/320/414 1534/319/414
f 1531/519/415 1536/321/415 1535/320/415
f 1527/516/416 1532/317/416 1536/321/416
f 1532/322/417 1533/325/417 1538/524/417
f 1534/681/418 1539/523/418 1538/524/418
f 1535/327/419 1540/526/419 1539/525/419
f 1535/327/567 1536/330/567 1541/527/567
f 1532/322/421 1537/522/421 1541/527/421
f 1538/524/422 1543/529/422 1542/528/422
f 1539/523/423 1544/784/423 1543/529/423
f 1540/526/424 1545/531/424 1544/530/424
f 1540/526/425 1541/527/425 1546/532/425
f 1541/527/426 1537/522/426 1542/528/426
f 1543/529/427 1548/535/427 1547/533/427
f 1543/529/428 1544/784/428 1549/534/428
f 1545/531/429 1550/538/429 1549/536/429
f 1546/532/430 1551/537/430 1550/538/430
f 1546/532/431 1542/528/431 1547/533/431
f 1548/535/432 1553/539/432 1552/540/432
f 1549/534/433 1554/545/433 1553/539/433
f 1550/538/309 1555/543/309 1554/541/309
f 1551/537/434 1556/542/434 1555/543/434
f 1551/537/435 1547/533/435 1552/540/435
f 1552/540/951 1553/539/951 1558/546/951
f 1554/545/437 1559/552/437 1558/546/437
f 1555/543/438 1560/548/438 1559/547/438
f 1555/543/439 1556/542/439 1561/549/439
f 1552/540/440 1557/544/440 1561/549/440
f 1558/546/570 1563/550/570 1562/551/570
f 1559/552/442 1564/558/442 1563/550/442
f 1560/548/443 1565/554/443 1564/553/443
f 1561/549/444 1566/555/444 1565/554/444
f 1561/549/445 1557/544/445 1562/551/445
f 1562/551/446 1563/550/446 1568/556/446
f 1563/550/572 1564/558/572 1569/563/572
f 1565/554/448 1570/560/448 1569/559/448
f 1566/555/449 1571/561/449 1570/560/449
f 1562/551/450 1567/557/450 1571/561/450
f 1567/557/451 1568/556/451 1573/564/451
f 1568/556/452 1569/563/452 1574/569/452
f 1570/560/453 1575/566/453 1574/565/453
f 1571/561/454 1576/567/454 1575/566/454
f 1567/557/952 1572/562/952 1576/567/952
f 1573/564/456 1578/570/456 1577/568/456
f 1574/569/457 1579/682/457 1578/570/457
f 1575/566/272 1580/573/272 1579/571/272
f 1575/566/458 1576/567/458 1581/572/458
f 1576/567/459 1572/562/459 1577/568/459
f 1578/570/575 1583/269/575 1582/266/575
f 1579/682/461 1584/372/461 1583/269/461
f 1580/573/462 1585/271/462 1584/273/462
f 1580/573/463 1581/572/463 1586/274/463
f 1577/568/464 1582/266/464 1586/274/464
f 1583/269/465 1488/474/465 1487/471/465
f 1584/372/466 1489/574/466 1488/474/466
f 1585/271/467 1490/476/467 1489/478/467
f 1585/271/468 1586/274/468 1491/479/468
f 1582/266/469 1487/471/469 1491/479/469
f 2064/474/374 2069/472/374 2068/473/374
f 2064/474/375 2065/574/375 2070/475/375
f 2066/476/376 2071/480/376 2070/477/376
f 2067/479/377 2072/481/377 2071/480/377
f 2067/479/378 2063/471/378 2068/473/378
f 2069/472/561 2074/482/561 2073/483/561
f 2069/472/380 2070/475/380 2075/680/380
f 2071/480/381 2076/485/381 2075/484/381
f 2072/481/382 2077/486/382 2076/485/382
f 2072/481/942 2068/473/942 2073/483/942
f 2074/482/384 2079/487/384 2078/488/384
f 2074/482/385 2075/680/385 2080/489/385
f 2076/485/310 2081/491/310 2080/490/310
f 2076/485/386 2077/486/386 2082/492/386
f 2077/486/387 2073/483/387 2078/488/387
f 2079/487/949 2084/493/949 2083/494/949
f 2080/489/389 2085/499/389 2084/493/389
f 2081/491/390 2086/496/390 2085/495/390
f 2081/491/391 2082/492/391 2087/497/391
f 2082/492/392 2078/488/392 2083/494/392
f 2084/493/953 2089/500/953 2088/498/953
f 2084/493/394 2085/499/394 2090/783/394
f 2086/496/395 2091/503/395 2090/501/395
f 2087/497/950 2092/502/950 2091/503/950
f 2087/497/397 2083/494/397 2088/498/397
f 2088/498/398 2089/500/398 2094/506/398
f 2090/783/563 2095/505/563 2094/506/563
f 2091/503/400 2096/508/400 2095/507/400
f 2091/503/943 2092/502/943 2097/509/943
f 2088/498/402 2093/504/402 2097/509/402
f 2093/504/403 2094/506/403 2099/510/403
f 2094/506/404 2095/505/404 2100/512/404
f 2096/508/405 2101/514/405 2100/513/405
f 2097/509/406 2102/515/406 2101/514/406
f 2093/504/407 2098/511/407 2102/515/407
f 2099/510/408 2104/517/408 2103/516/408
f 2100/512/409 2105/521/409 2104/517/409
f 2101/514/271 2106/520/271 2105/518/271
f 2101/514/410 2102/515/410 2107/519/410
f 2102/515/411 2098/511/411 2103/516/411
f 2104/517/412 2109/316/412 2108/317/412
f 2104/517/413 2105/521/413 2110/318/413
f 2106/520/414 2111/320/414 2110/319/414
f 2107/519/415 2112/321/415 2111/320/415
f 2107/519/416 2103/516/416 2108/317/416
f 2108/322/417 2109/325/417 2114/524/417
f 2110/681/418 2115/523/418 2114/524/418
f 2111/327/419 2116/526/419 2115/525/419
f 2111/327/567 2112/330/567 2117/527/567
f 2108/322/421 2113/522/421 2117/527/421
f 2113/522/422 2114/524/422 2119/529/422
f 2114/524/945 2115/523/945 2120/784/945
f 2116/526/424 2121/531/424 2120/530/424
f 2117/527/425 2122/532/425 2121/531/425
f 2113/522/426 2118/528/426 2122/532/426
f 2119/529/954 2124/535/954 2123/533/954
f 2119/529/428 2120/784/428 2125/534/428
f 2121/531/429 2126/538/429 2125/536/429
f 2122/532/430 2127/537/430 2126/538/430
f 2122/532/431 2118/528/431 2123/533/431
f 2124/535/432 2129/539/432 2128/540/432
f 2125/534/433 2130/545/433 2129/539/433
f 2126/538/309 2131/543/309 2130/541/309
f 2126/538/434 2127/537/434 2132/542/434
f 2123/533/435 2128/540/435 2132/542/435
f 2129/539/436 2134/546/436 2133/544/436
f 2130/545/437 2135/552/437 2134/546/437
f 2131/543/438 2136/548/438 2135/547/438
f 2131/543/439 2132/542/439 2137/549/439
f 2132/542/440 2128/540/440 2133/544/440
f 2134/546/570 2139/550/570 2138/551/570
f 2134/546/955 2135/552/955 2140/558/955
f 2136/548/443 2141/554/443 2140/553/443
f 2137/549/444 2142/555/444 2141/554/444
f 2137/549/445 2133/544/445 2138/551/445
f 2139/550/446 2144/556/446 2143/557/446
f 2139/550/572 2140/558/572 2145/563/572
f 2141/554/448 2146/560/448 2145/559/448
f 2142/555/956 2147/561/956 2146/560/956
f 2142/555/573 2138/551/573 2143/557/573
f 2143/557/451 2144/556/451 2149/564/451
f 2145/563/452 2150/569/452 2149/564/452
f 2146/560/453 2151/566/453 2150/565/453
f 2147/561/454 2152/567/454 2151/566/454
f 2143/557/455 2148/562/455 2152/567/455
f 2149/564/456 2154/570/456 2153/568/456
f 2150/569/457 2155/682/457 2154/570/457
f 2151/566/272 2156/573/272 2155/571/272
f 2151/566/458 2152/567/458 2157/572/458
f 2152/567/459 2148/562/459 2153/568/459
f 2154/570/575 2159/269/575 2158/266/575
f 2155/682/461 2160/372/461 2159/269/461
f 2156/573/462 2161/271/462 2160/273/462
f 2156/573/463 2157/572/463 2162/274/463
f 2157/572/947 2153/568/947 2158/266/947
f 2159/269/465 2064/474/465 2063/471/465
f 2160/372/466 2065/574/466 2064/474/466
f 2161/271/467 2066/476/467 2065/478/467
f 2161/271/576 2162/274/576 2067/479/576
f 2162/274/469 2158/266/469 2063/471/469
f 2590/793/619 2585/786/619 2583/785/619
f 2585/809/620 2588/789/620 2586/788/620
f 2587/790/621 2588/789/621 2594/795/621
f 2594/795/622 2590/813/622 2591/811/622
f 2602/805/623 2591/792/623 2589/791/623
f 2592/794/624 2593/796/624 2606/807/624
f 2606/807/957 2602/805/957 2603/804/957
f 2595/797/626 2596/799/626 2603/804/626
f 2605/808/627 2600/801/627 2598/800/627
f 2600/801/628 2596/799/628 2597/798/628
f 2583/785/629 2584/787/629 2597/798/629
f 2599/802/630 2586/1120/630 2587/812/630
f 2589/791/21 2583/785/21 2595/797/21
f 2590/813/631 2594/795/631 2588/789/631
f 2584/814/632 2586/1120/632 2599/802/632
f 2598/800/24 2587/1121/24 2592/815/24
f 2602/805/633 2606/807/633 2593/796/633
f 2596/799/634 2600/801/634 2605/808/634
s 1
usemtl WarmWood
f 337/185/78 342/186/79 338/187/80
f 343/188/81 340/189/82 344/190/83
f 341/191/84 346/192/85 342/186/79
f 348/193/86 343/188/81 344/190/83
f 345/194/87 350/195/88 346/192/85
f 351/196/89 348/193/86 352/197/90
f 349/198/91 354/199/92 350/195/88
f 355/200/93 352/197/90 356/201/94
f 353/202/95 358/203/96 354/199/92
f 360/204/97 355/200/93 356/201/94
f 358/203/96 361/205/98 362/206/99
f 363/207/100 360/204/97 364/208/101
f 362/206/99 365/209/102 366/210/103
f 367/211/104 364/208/101 368/212/105
f 366/210/103 369/213/106 370/214/107
f 371/215/108 368/212/105 372/216/109
f 370/214/107 373/217/110 374/218/111
f 375/219/112 372/216/109 376/220/113
f 374/218/111 377/221/114 378/222/115
f 379/223/116 376/220/113 380/224/117
f 378/222/115 381/225/118 382/226/119
f 383/227/120 380/224/117 384/228/121
f 382/226/119 385/229/122 386/230/123
f 387/231/124 384/228/121 388/232/125
f 385/229/122 390/233/126 386/230/123
f 392/234/127 387/231/124 388/232/125
f 389/235/128 338/187/80 390/233/126
f 340/189/82 391/236/129 392/234/127
f 381/225/118 365/209/102 349/198/91
f 342/237/79 340/238/82 338/239/80
f 338/240/80 392/241/127 390/242/126
f 355/200/93 371/215/108 387/231/124
f 346/243/85 344/244/83 342/237/79
f 350/245/88 348/246/86 346/243/85
f 354/247/92 352/248/90 350/245/88
f 358/249/96 356/250/94 354/247/92
f 362/251/99 360/252/97 358/249/96
f 366/253/103 364/254/101 362/251/99
f 370/255/107 368/256/105 366/253/103
f 374/257/111 372/258/109 370/255/107
f 378/259/115 376/260/113 374/257/111
f 382/261/119 380/262/117 378/259/115
f 386/263/123 384/264/121 382/261/119
f 390/242/126 388/265/125 386/263/123
s 0
f 2607/816/635 2609/817/635 2608/818/635
f 2610/819/636 2612/820/636 2611/821/636
f 2613/822/637 2615/823/637 2614/824/637
f 2616/825/638 2618/826/638 2617/827/638
f 2619/828/615 2621/829/615 2620/830/615
f 2622/831/616 2624/832/616 2623/833/616
f 2625/834/639 2627/835/639 2626/836/639
f 2628/837/640 2630/838/640 2629/839/640
f 2614/824/619 2607/816/619 2613/822/619
f 2609/840/641 2610/819/641 2608/841/641
f 2611/821/621 2618/826/621 2616/825/621
f 2618/826/622 2615/842/622 2617/827/622
f 2626/836/623 2613/822/623 2625/834/623
f 2617/827/624 2628/837/624 2616/825/624
f 2630/838/642 2627/835/642 2629/839/642
f 2619/828/626 2627/835/626 2625/834/626
f 2629/839/627 2622/831/627 2628/837/627
f 2624/832/628 2621/829/628 2623/833/628
f 2607/816/629 2621/829/629 2619/828/629
f 2623/833/643 2611/843/643 2622/831/643
f 2613/822/21 2619/828/21 2625/834/21
f 2614/844/631 2612/820/631 2609/840/631
f 2608/845/632 2623/833/632 2621/829/632
f 2622/831/24 2616/846/24 2628/837/24
f 2626/836/633 2617/827/633 2615/842/633
f 2620/830/634 2629/839/634 2627/835/634
f 2631/816/644 2633/817/644 2632/818/644
f 2634/819/645 2636/820/645 2635/821/645
f 2637/822/646 2639/823/646 2638/824/646
f 2640/825/647 2642/826/647 2641/847/647
f 2643/828/648 2645/829/648 2644/848/648
f 2646/831/649 2648/849/649 2647/833/649
f 2649/834/650 2651/835/650 2650/836/650
f 2652/837/651 2654/838/651 2653/850/651
f 2637/822/619 2633/817/619 2631/816/619
f 2633/840/652 2634/819/652 2632/841/652
f 2636/820/621 2640/825/621 2635/821/621
f 2642/826/653 2639/842/653 2641/847/653
f 2650/836/623 2637/822/623 2649/834/623
f 2641/847/624 2652/837/624 2640/825/624
f 2654/838/625 2651/835/625 2653/850/625
f 2644/848/626 2649/834/626 2643/828/626
f 2652/837/627 2648/849/627 2646/831/627
f 2648/849/654 2645/829/654 2647/833/654
f 2631/816/629 2645/829/629 2643/828/629
f 2647/833/630 2635/843/630 2646/831/630
f 2631/816/21 2649/834/21 2637/822/21
f 2638/844/655 2636/820/655 2633/840/655
f 2632/845/632 2647/833/632 2645/829/632
f 2646/831/24 2640/846/24 2652/837/24
f 2650/836/633 2641/847/633 2639/842/633
f 2644/848/634 2653/850/634 2651/835/634
f 2655/816/656 2657/817/656 2656/818/656
f 2658/819/657 2660/820/657 2659/821/657
f 2661/822/646 2663/823/646 2662/824/646
f 2664/825/647 2666/826/647 2665/827/647
f 2667/828/658 2669/829/658 2668/830/658
f 2670/831/659 2672/832/659 2671/833/659
f 2673/834/617 2675/835/617 2674/836/617
f 2676/837/618 2678/838/618 2677/839/618
f 2661/822/619 2657/817/619 2655/816/619
f 2657/840/620 2658/819/620 2656/841/620
f 2660/820/621 2664/825/621 2659/821/621
f 2666/826/653 2663/842/653 2665/827/653
f 2673/834/623 2663/823/623 2661/822/623
f 2665/827/624 2676/837/624 2664/825/624
f 2678/838/642 2675/835/642 2677/839/642
f 2667/828/626 2675/835/626 2673/834/626
f 2677/839/627 2670/831/627 2676/837/627
f 2672/832/660 2669/829/660 2671/833/660
f 2655/816/629 2669/829/629 2667/828/629
f 2671/833/630 2659/843/630 2670/831/630
f 2655/816/21 2673/834/21 2661/822/21
f 2662/844/631 2660/820/631 2657/840/631
f 2656/845/632 2671/833/632 2669/829/632
f 2670/831/24 2664/846/24 2676/837/24
f 2674/836/633 2665/827/633 2663/842/633
f 2668/830/634 2677/839/634 2675/835/634
f 2679/816/611 2681/817/611 2680/818/611
f 2682/819/612 2684/820/612 2683/821/612
f 2685/822/646 2687/823/646 2686/824/646
f 2688/825/647 2690/826/647 2689/847/647
f 2691/828/661 2693/829/661 2692/848/661
f 2694/831/662 2696/849/662 2695/833/662
f 2697/834/617 2699/835/617 2698/836/617
f 2700/837/618 2702/838/618 2701/850/618
f 2686/824/619 2679/816/619 2685/822/619
f 2681/840/620 2682/819/620 2680/841/620
f 2683/821/621 2690/826/621 2688/825/621
f 2690/826/663 2687/842/663 2689/847/663
f 2697/834/623 2687/823/623 2685/822/623
f 2689/847/624 2700/837/624 2688/825/624
f 2702/838/625 2699/835/625 2701/850/625
f 2692/848/626 2697/834/626 2691/828/626
f 2700/837/627 2696/849/627 2694/831/627
f 2696/849/660 2693/829/660 2695/833/660
f 2679/816/629 2693/829/629 2691/828/629
f 2695/833/630 2683/843/630 2694/831/630
f 2679/816/21 2697/834/21 2685/822/21
f 2686/844/631 2684/820/631 2681/840/631
f 2680/845/632 2695/833/632 2693/829/632
f 2700/837/24 2683/851/24 2688/846/24
f 2698/836/633 2689/847/633 2687/842/633
f 2692/848/664 2701/850/664 2699/835/664
s 1
f 337/185/78 341/191/84 342/186/79
f 343/188/81 339/1108/370 340/189/82
f 341/191/84 345/194/87 346/192/85
f 348/193/86 347/1109/559 343/188/81
f 345/194/87 349/198/91 350/195/88
f 351/196/89 347/1109/559 348/193/86
f 349/198/91 353/202/95 354/199/92
f 355/200/93 351/196/89 352/197/90
f 353/202/95 357/1110/371 358/203/96
f 360/204/97 359/1111/372 355/200/93
f 358/203/96 357/1110/371 361/205/98
f 363/207/100 359/1111/372 360/204/97
f 362/206/99 361/205/98 365/209/102
f 367/211/104 363/207/100 364/208/101
f 366/210/103 365/209/102 369/213/106
f 371/215/108 367/211/104 368/212/105
f 370/214/107 369/213/106 373/217/110
f 375/219/112 371/215/108 372/216/109
f 374/218/111 373/217/110 377/221/114
f 379/223/116 375/219/112 376/220/113
f 378/222/115 377/221/114 381/225/118
f 383/227/120 379/223/116 380/224/117
f 382/226/119 381/225/118 385/229/122
f 387/231/124 383/227/120 384/228/121
f 385/229/122 389/235/128 390/233/126
f 392/234/127 391/236/129 387/231/124
f 389/235/128 337/185/78 338/187/80
f 340/189/82 339/1108/370 391/236/129
f 341/191/84 337/185/78 389/235/128
f 389/235/128 385/229/122 381/225/118
f 381/225/118 377/221/114 373/217/110
f 373/217/110 369/213/106 365/209/102
f 365/209/102 361/205/98 357/1110/371
f 357/1110/371 353/202/95 349/198/91
f 349/198/91 345/194/87 341/191/84
f 341/191/84 389/235/128 381/225/118
f 381/225/118 373/217/110 365/209/102
f 365/209/102 357/1110/371 349/198/91
f 349/198/91 341/191/84 381/225/118
f 342/237/79 344/244/83 340/238/82
f 338/240/80 340/1112/82 392/241/127
f 339/1108/370 343/188/81 347/1109/559
f 347/1109/559 351/196/89 355/200/93
f 355/200/93 359/1111/372 363/207/100
f 363/207/100 367/211/104 371/215/108
f 371/215/108 375/219/112 379/223/116
f 379/223/116 383/227/120 387/231/124
f 387/231/124 391/236/129 339/1108/370
f 339/1108/370 347/1109/559 355/200/93
f 355/200/93 363/207/100 371/215/108
f 371/215/108 379/223/116 387/231/124
f 387/231/124 339/1108/370 355/200/93
f 346/243/85 348/246/86 344/244/83
f 350/245/88 352/248/90 348/246/86
f 354/247/92 356/250/94 352/248/90
f 358/249/96 360/252/97 356/250/94
f 362/251/99 364/254/101 360/252/97
f 366/253/103 368/256/105 364/254/101
f 370/255/107 372/258/109 368/256/105
f 374/257/111 376/260/113 372/258/109
f 378/259/115 380/262/117 376/260/113
f 382/261/119 384/264/121 380/262/117
f 386/263/123 388/265/125 384/264/121
f 390/242/126 392/241/127 388/265/125
s 0
f 2614/824/619 2609/817/619 2607/816/619
f 2609/840/620 2612/820/620 2610/819/620
f 2611/821/621 2612/820/621 2618/826/621
f 2618/826/663 2614/844/663 2615/842/663
f 2626/836/623 2615/823/623 2613/822/623
f 2617/827/624 2630/838/624 2628/837/624
f 2630/838/625 2626/836/625 2627/835/625
f 2619/828/626 2620/830/626 2627/835/626
f 2629/839/627 2624/832/627 2622/831/627
f 2624/832/628 2620/830/628 2621/829/628
f 2607/816/629 2608/818/629 2621/829/629
f 2623/833/630 2610/1122/630 2611/843/630
f 2613/822/21 2607/816/21 2619/828/21
f 2614/844/631 2618/826/631 2612/820/631
f 2608/845/632 2610/1122/632 2623/833/632
f 2622/831/24 2611/851/24 2616/846/24
f 2626/836/633 2630/838/633 2617/827/633
f 2620/830/664 2624/832/664 2629/839/664
f 2637/822/619 2638/824/619 2633/817/619
f 2633/840/641 2636/820/641 2634/819/641
f 2636/820/621 2642/826/621 2640/825/621
f 2642/826/622 2638/844/622 2639/842/622
f 2650/836/623 2639/823/623 2637/822/623
f 2641/847/624 2654/838/624 2652/837/624
f 2654/838/625 2650/836/625 2651/835/625
f 2644/848/626 2651/835/626 2649/834/626
f 2652/837/627 2653/850/627 2648/849/627
f 2648/849/660 2644/848/660 2645/829/660
f 2631/816/958 2632/818/958 2645/829/958
f 2647/833/630 2634/1122/630 2635/843/630
f 2631/816/21 2643/828/21 2649/834/21
f 2638/844/631 2642/826/631 2636/820/631
f 2632/845/632 2634/1122/632 2647/833/632
f 2646/831/24 2635/851/24 2640/846/24
f 2650/836/633 2654/838/633 2641/847/633
f 2644/848/634 2648/849/634 2653/850/634
f 2661/822/619 2662/824/619 2657/817/619
f 2657/840/641 2660/820/641 2658/819/641
f 2660/820/621 2666/826/621 2664/825/621
f 2666/826/622 2662/844/622 2663/842/622
f 2673/834/959 2674/836/959 2663/823/959
f 2665/827/624 2678/838/624 2676/837/624
f 2678/838/960 2674/836/960 2675/835/960
f 2667/828/626 2668/830/626 2675/835/626
f 2677/839/627 2672/832/627 2670/831/627
f 2672/832/654 2668/830/654 2669/829/654
f 2655/816/629 2656/818/629 2669/829/629
f 2671/833/630 2658/1122/630 2659/843/630
f 2655/816/21 2667/828/21 2673/834/21
f 2662/844/655 2666/826/655 2660/820/655
f 2656/845/632 2658/1122/632 2671/833/632
f 2670/831/24 2659/851/24 2664/846/24
f 2674/836/633 2678/838/633 2665/827/633
f 2668/830/664 2672/832/664 2677/839/664
f 2686/824/619 2681/817/619 2679/816/619
f 2681/840/620 2684/820/620 2682/819/620
f 2683/821/621 2684/820/621 2690/826/621
f 2690/826/653 2686/844/653 2687/842/653
f 2697/834/623 2698/836/623 2687/823/623
f 2689/847/624 2702/838/624 2700/837/624
f 2702/838/625 2698/836/625 2699/835/625
f 2692/848/626 2699/835/626 2697/834/626
f 2700/837/627 2701/850/627 2696/849/627
f 2696/849/628 2692/848/628 2693/829/628
f 2679/816/629 2680/818/629 2693/829/629
f 2695/833/630 2682/1122/630 2683/843/630
f 2679/816/21 2691/828/21 2697/834/21
f 2686/844/631 2690/826/631 2684/820/631
f 2680/845/632 2682/1122/632 2695/833/632
f 2700/837/24 2694/831/24 2683/851/24
f 2698/836/633 2702/838/633 2689/847/633
f 2692/848/634 2696/849/634 2701/850/634
usemtl Brass
f 393/266/130 399/267/130 398/268/130
f 394/269/131 400/270/131 399/267/131
f 396/271/132 400/272/132 395/273/132
f 397/274/133 401/275/133 396/271/133
f 397/274/134 398/268/134 402/276/134
f 399/267/135 403/277/135 398/268/135
f 400/270/136 404/278/136 399/267/136
f 401/275/137 405/279/137 400/272/137
f 401/275/138 407/280/138 406/281/138
f 402/276/139 403/277/139 407/280/139
f 404/278/140 408/282/140 403/277/140
f 404/278/141 410/283/141 409/284/141
f 406/281/142 410/285/142 405/279/142
f 407/280/143 411/286/143 406/281/143
f 407/280/144 408/282/144 412/287/144
f 408/282/145 414/288/145 413/289/145
f 410/283/146 414/288/146 409/284/146
f 411/286/147 415/290/147 410/285/147
f 412/287/148 416/291/148 411/286/148
f 408/282/149 417/292/149 412/287/149
f 414/288/150 418/293/150 413/289/150
f 414/288/151 420/294/151 419/295/151
f 416/291/152 420/296/152 415/290/152
f 417/292/153 421/297/153 416/291/153
f 413/289/154 422/298/154 417/292/154
f 419/295/155 423/299/155 418/293/155
f 420/294/156 424/300/156 419/295/156
f 421/297/157 425/301/157 420/296/157
f 422/298/158 426/302/158 421/297/158
f 418/293/159 427/303/159 422/298/159
f 423/299/160 429/304/160 428/305/160
f 424/300/161 430/306/161 429/304/161
f 426/302/162 430/307/162 425/301/162
f 427/303/163 431/308/163 426/302/163
f 423/299/164 432/309/164 427/303/164
f 428/305/165 434/310/165 433/311/165
f 429/304/166 435/312/166 434/310/166
f 431/308/167 435/313/167 430/307/167
f 432/309/168 436/314/168 431/308/168
f 428/305/169 437/315/169 432/309/169
f 433/311/170 439/316/170 438/317/170
f 434/310/171 440/318/171 439/316/171
f 436/314/172 440/319/172 435/313/172
f 437/315/173 441/320/173 436/314/173
f 433/311/174 442/321/174 437/315/174
f 438/322/175 444/323/175 443/324/175
f 439/325/176 445/326/176 444/323/176
f 441/327/177 445/328/177 440/329/177
f 442/330/178 446/331/178 441/327/178
f 438/322/179 447/332/179 442/330/179
f 444/323/180 448/333/180 443/324/180
f 445/326/181 449/334/181 444/323/181
f 446/331/182 450/335/182 445/328/182
f 446/331/183 452/336/183 451/337/183
f 447/332/184 448/333/184 452/336/184
f 449/334/185 453/338/185 448/333/185
f 450/339/186 454/340/186 449/334/186
f 451/337/187 455/341/187 450/335/187
f 451/337/188 457/342/188 456/343/188
f 452/336/189 453/338/189 457/342/189
f 454/340/190 458/344/190 453/338/190
f 454/340/191 460/345/191 459/346/191
f 456/343/192 460/347/192 455/341/192
f 457/342/193 461/348/193 456/343/193
f 453/338/194 462/349/194 457/342/194
f 459/346/195 463/350/195 458/344/195
f 460/345/196 464/351/196 459/346/196
f 461/348/197 465/352/197 460/347/197
f 462/349/198 466/353/198 461/348/198
f 458/344/199 467/354/199 462/349/199
f 463/350/200 469/355/200 468/356/200
f 464/351/201 470/357/201 469/355/201
f 466/353/202 470/358/202 465/352/202
f 466/353/203 472/359/203 471/360/203
f 463/350/204 472/359/204 467/354/204
f 468/356/205 474/361/205 473/362/205
f 470/357/206 474/361/206 469/355/206
f 471/360/207 475/363/207 470/358/207
f 471/360/208 477/364/208 476/365/208
f 468/356/209 477/364/209 472/359/209
f 473/362/210 479/366/210 478/367/210
f 474/361/211 480/368/211 479/366/211
f 476/365/212 480/369/212 475/363/212
f 477/364/213 481/370/213 476/365/213
f 473/362/214 482/371/214 477/364/214
f 479/366/215 393/266/215 478/367/215
f 479/366/216 395/372/216 394/269/216
f 481/370/217 395/273/217 480/369/217
f 482/371/218 396/271/218 481/370/218
f 482/371/219 393/266/219 397/274/219
f 484/269/130 488/268/130 483/266/130
f 484/269/131 490/270/131 489/267/131
f 486/271/132 490/272/132 485/273/132
f 487/274/220 491/275/220 486/271/220
f 487/274/134 488/268/134 492/276/134
f 489/267/135 493/277/135 488/268/135
f 490/270/221 494/278/221 489/267/221
f 491/275/137 495/279/137 490/272/137
f 491/275/138 497/280/138 496/281/138
f 492/276/139 493/277/139 497/280/139
f 494/278/140 498/282/140 493/277/140
f 494/278/141 500/283/141 499/284/141
f 496/281/142 500/285/142 495/279/142
f 497/280/143 501/286/143 496/281/143
f 497/280/144 498/282/144 502/287/144
f 498/282/145 504/288/145 503/289/145
f 500/283/146 504/288/146 499/284/146
f 501/286/147 505/290/147 500/285/147
f 502/287/148 506/291/148 501/286/148
f 498/282/149 507/292/149 502/287/149
f 503/289/150 509/295/150 508/293/150
f 505/373/151 509/295/151 504/288/151
f 506/291/152 510/296/152 505/290/152
f 507/292/153 511/297/153 506/291/153
f 503/289/154 512/298/154 507/292/154
f 509/295/155 513/299/155 508/293/155
f 510/294/156 514/300/156 509/295/156
f 511/297/157 515/301/157 510/296/157
f 512/298/158 516/302/158 511/297/158
f 508/293/159 517/303/159 512/298/159
f 513/299/160 519/304/160 518/305/160
f 514/300/161 520/306/161 519/304/161
f 516/302/162 520/307/162 515/301/162
f 517/303/163 521/308/163 516/302/163
f 513/299/164 522/309/164 517/303/164
f 518/305/165 524/310/165 523/311/165
f 519/304/166 525/312/166 524/310/166
f 521/308/167 525/313/167 520/307/167
f 522/309/168 526/314/168 521/308/168
f 518/305/169 527/315/169 522/309/169
f 523/311/170 529/316/170 528/317/170
f 524/310/171 530/318/171 529/316/171
f 526/314/172 530/319/172 525/313/172
f 527/315/173 531/320/173 526/314/173
f 523/311/174 532/321/174 527/315/174
f 528/322/175 534/323/175 533/324/175
f 529/325/176 535/326/176 534/323/176
f 531/327/177 535/328/177 530/329/177
f 532/330/222 536/331/222 531/327/222
f 528/322/179 537/332/179 532/330/179
f 534/323/180 538/333/180 533/324/180
f 535/326/223 539/334/223 534/323/223
f 536/331/182 540/335/182 535/328/182
f 536/331/183 542/336/183 541/337/183
f 537/332/184 538/333/184 542/336/184
f 539/334/185 543/338/185 538/333/185
f 540/339/186 544/340/186 539/334/186
f 541/337/187 545/341/187 540/335/187
f 541/337/188 547/342/188 546/343/188
f 542/336/224 543/338/224 547/342/224
f 544/340/190 548/344/190 543/338/190
f 544/340/191 550/345/191 549/346/191
f 546/343/192 550/347/192 545/341/192
f 547/342/193 551/348/193 546/343/193
f 543/338/194 552/349/194 547/342/194
f 549/346/195 553/350/195 548/344/195
f 550/345/196 554/351/196 549/346/196
f 551/348/197 555/352/197 550/347/197
f 552/349/198 556/353/198 551/348/198
f 548/344/199 557/354/199 552/349/199
f 553/350/200 559/355/200 558/356/200
f 554/351/201 560/357/201 559/355/201
f 556/353/202 560/358/202 555/352/202
f 556/353/203 562/359/203 561/360/203
f 553/350/204 562/359/204 557/354/204
f 558/356/205 564/361/205 563/362/205
f 560/357/206 564/361/206 559/355/206
f 561/360/207 565/363/207 560/358/207
f 561/360/208 567/364/208 566/365/208
f 558/356/209 567/364/209 562/359/209
f 563/362/210 569/366/210 568/367/210
f 564/361/211 570/368/211 569/366/211
f 566/365/212 570/369/212 565/363/212
f 567/364/213 571/370/213 566/365/213
f 563/362/214 572/371/214 567/364/214
f 569/366/215 483/266/215 568/367/215
f 569/366/216 485/372/216 484/269/216
f 571/370/217 485/273/217 570/369/217
f 572/371/218 486/271/218 571/370/218
f 572/371/219 483/266/219 487/274/219
f 573/266/130 579/267/130 578/268/130
f 574/269/131 580/270/131 579/267/131
f 576/271/132 580/272/132 575/273/132
f 577/274/133 581/275/133 576/271/133
f 573/266/134 582/276/134 577/274/134
f 579/267/135 583/277/135 578/268/135
f 580/270/221 584/278/221 579/267/221
f 581/275/137 585/279/137 580/272/137
f 581/275/138 587/280/138 586/281/138
f 578/268/225 587/280/225 582/276/225
f 584/278/140 588/282/140 583/277/140
f 584/278/141 590/283/141 589/284/141
f 586/281/142 590/285/142 585/279/142
f 587/280/143 591/286/143 586/281/143
f 587/280/144 588/282/144 592/287/144
f 588/282/145 594/288/145 593/289/145
f 590/283/146 594/288/146 589/284/146
f 591/286/147 595/290/147 590/285/147
f 592/287/148 596/291/148 591/286/148
f 588/282/226 597/292/226 592/287/226
f 593/289/150 599/295/150 598/293/150
f 595/373/151 599/295/151 594/288/151
f 596/291/152 600/296/152 595/290/152
f 597/292/153 601/297/153 596/291/153
f 593/289/154 602/298/154 597/292/154
f 599/295/155 603/299/155 598/293/155
f 600/294/156 604/300/156 599/295/156
f 601/297/157 605/301/157 600/296/157
f 602/298/158 606/302/158 601/297/158
f 598/293/159 607/303/159 602/298/159
f 604/300/160 608/305/160 603/299/160
f 604/300/161 610/306/161 609/304/161
f 606/302/162 610/307/162 605/301/162
f 607/303/163 611/308/163 606/302/163
f 603/299/164 612/309/164 607/303/164
f 609/304/165 613/311/165 608/305/165
f 609/304/166 615/312/166 614/310/166
f 611/308/167 615/313/167 610/307/167
f 612/309/168 616/314/168 611/308/168
f 612/309/169 613/311/169 617/315/169
f 614/310/170 618/317/170 613/311/170
f 614/310/171 620/318/171 619/316/171
f 616/314/172 620/319/172 615/313/172
f 617/315/173 621/320/173 616/314/173
f 613/311/174 622/321/174 617/315/174
f 618/322/175 624/323/175 623/324/175
f 619/325/176 625/326/176 624/323/176
f 621/327/177 625/328/177 620/329/177
f 622/330/178 626/331/178 621/327/178
f 618/322/179 627/332/179 622/330/179
f 624/323/180 628/333/180 623/324/180
f 625/326/223 629/334/223 624/323/223
f 626/331/182 630/335/182 625/328/182
f 626/331/183 632/336/183 631/337/183
f 627/332/184 628/333/184 632/336/184
f 629/334/185 633/338/185 628/333/185
f 630/339/186 634/340/186 629/334/186
f 631/337/227 635/341/227 630/335/227
f 631/337/188 637/342/188 636/343/188
f 632/336/189 633/338/189 637/342/189
f 634/340/228 638/344/228 633/338/228
f 634/340/191 640/345/191 639/346/191
f 636/343/192 640/347/192 635/341/192
f 637/342/193 641/348/193 636/343/193
f 637/342/194 638/344/194 642/349/194
f 639/346/195 643/350/195 638/344/195
f 640/345/196 644/351/196 639/346/196
f 641/348/197 645/352/197 640/347/197
f 642/349/198 646/353/198 641/348/198
f 638/344/199 647/354/199 642/349/199
f 644/351/200 648/356/200 643/350/200
f 644/351/201 650/357/201 649/355/201
f 646/353/202 650/358/202 645/352/202
f 646/353/203 652/359/203 651/360/203
f 643/350/204 652/359/204 647/354/204
f 648/356/205 654/361/205 653/362/205
f 650/357/206 654/361/206 649/355/206
f 651/360/229 655/363/229 650/358/229
f 651/360/208 657/364/208 656/365/208
f 652/359/230 653/362/230 657/364/230
f 653/362/210 659/366/210 658/367/210
f 654/361/231 660/368/231 659/366/231
f 656/365/212 660/369/212 655/363/212
f 657/364/213 661/370/213 656/365/213
f 653/362/214 662/371/214 657/364/214
f 659/366/215 573/266/215 658/367/215
f 659/366/216 575/372/216 574/269/216
f 661/370/217 575/273/217 660/369/217
f 662/371/218 576/271/218 661/370/218
f 662/371/219 573/266/219 577/274/219
s 1
f 2775/951/470 2777/952/715 2776/953/472
f 2778/954/473 2780/955/474 2779/956/577
f 2781/957/476 2783/958/477 2782/959/478
f 2784/960/479 2786/961/480 2785/962/716
f 2787/963/532 2789/964/483 2788/965/717
f 2790/966/534 2792/967/718 2791/968/487
f 2793/969/488 2795/970/719 2794/971/490
f 2796/972/491 2798/973/492 2797/974/720
f 2799/975/494 2801/976/495 2800/977/721
f 2802/978/497 2804/979/498 2803/980/499
f 2805/981/500 2807/982/583 2806/983/536
f 2808/984/503 2810/985/579 2809/986/505
f 2811/987/506 2813/988/507 2812/989/508
f 2814/990/509 2816/991/510 2815/992/722
f 2817/993/512 2819/994/513 2818/995/550
f 2820/996/515 2822/997/723 2821/998/517
f 2823/999/540 2825/1000/724 2824/1001/520
f 2826/1002/542 2828/1003/522 2827/1004/523
f 2829/1005/725 2831/1006/726 2830/1007/727
f 2832/1008/728 2834/1009/729 2833/1010/730
f 2775/951/470 2782/959/478 2777/952/715
f 2786/961/480 2778/954/473 2779/956/577
f 2777/635/715 2780/1011/474 2776/1012/472
f 2786/1013/480 2783/1014/477 2785/1015/716
f 2783/958/477 2787/963/532 2788/965/717
f 2790/966/534 2785/962/716 2792/967/718
f 2792/1016/718 2789/1017/483 2791/1018/487
f 2787/963/532 2794/971/490 2789/964/483
f 2796/972/491 2791/968/487 2798/973/492
f 2798/1019/492 2795/1020/719 2797/1021/720
f 2793/969/488 2800/977/721 2795/970/719
f 2804/979/498 2796/972/491 2797/974/720
f 2804/1022/498 2801/1023/495 2803/1024/499
f 2799/975/494 2806/983/536 2801/976/495
f 2810/985/579 2802/978/497 2803/980/499
f 2810/1025/579 2807/1026/583 2809/1027/505
f 2805/981/500 2812/989/508 2807/982/583
f 2816/991/510 2808/984/503 2809/986/505
f 2816/1028/510 2813/1029/507 2815/1030/722
f 2811/987/506 2818/995/550 2813/988/507
f 2822/997/723 2814/990/509 2815/992/722
f 2822/1031/723 2819/1032/513 2821/1033/517
f 2817/993/512 2824/1001/520 2819/994/513
f 2826/1002/542 2821/998/517 2828/1003/522
f 2828/1034/522 2825/1035/724 2827/1036/523
f 2825/1000/724 2829/1005/725 2830/1007/727
f 2832/1008/728 2827/1004/523 2834/1009/729
f 2834/1037/729 2831/1038/726 2833/1039/730
f 2829/1005/725 2776/953/472 2831/1006/726
f 2780/955/474 2832/1008/728 2833/1010/730
f 2817/993/512 2793/969/488 2781/957/476
f 2782/1040/478 2779/1041/577 2777/1042/715
f 2776/1012/472 2833/1039/730 2831/1038/726
f 2802/978/497 2826/1002/542 2778/954/473
f 2788/1043/717 2785/1015/716 2783/1014/477
f 2794/1044/490 2791/1018/487 2789/1017/483
f 2800/1045/721 2797/1021/720 2795/1020/719
f 2806/1046/536 2803/1024/499 2801/1023/495
f 2812/1047/508 2809/1027/505 2807/1026/583
f 2818/1048/550 2815/1030/722 2813/1029/507
f 2824/1049/520 2821/1033/517 2819/1032/513
f 2830/1050/727 2827/1036/523 2825/1035/724
f 2883/951/470 2885/952/715 2884/953/545
f 2886/954/473 2888/955/474 2887/956/577
f 2889/957/476 2891/958/477 2890/959/478
f 2892/960/479 2894/961/480 2893/962/716
f 2895/963/593 2897/964/594 2896/965/600
f 2898/966/601 2900/967/486 2899/968/487
f 2901/969/547 2903/970/757 2902/971/490
f 2904/972/548 2906/973/595 2905/974/596
f 2907/975/494 2909/976/555 2908/977/721
f 2910/978/497 2912/979/498 2911/980/556
f 2913/981/500 2915/982/501 2914/983/502
f 2916/984/503 2918/985/758 2917/986/558
f 2919/987/506 2921/988/507 2920/989/584
f 2922/990/509 2924/991/549 2923/992/759
f 2925/993/537 2927/994/513 2926/995/514
f 2928/996/538 2930/997/516 2929/998/517
f 2931/999/540 2933/1000/724 2932/1001/520
f 2934/1002/542 2936/1003/522 2935/1004/523
f 2937/1005/760 2939/1006/543 2938/1007/761
f 2940/1008/762 2942/1009/729 2941/1010/529
f 2883/951/470 2890/959/478 2885/952/715
f 2894/961/480 2886/954/473 2887/956/577
f 2885/635/715 2888/1011/474 2884/1012/545
f 2894/1013/480 2891/1014/477 2893/1015/716
f 2891/958/477 2895/963/593 2896/965/600
f 2898/966/601 2893/962/716 2900/967/486
f 2900/1016/486 2897/1017/594 2899/1018/487
f 2897/964/594 2901/969/547 2902/971/490
f 2904/972/548 2899/968/487 2906/973/595
f 2906/1019/595 2903/1020/757 2905/1021/596
f 2903/970/757 2907/975/494 2908/977/721
f 2910/978/497 2905/974/596 2912/979/498
f 2912/1022/498 2909/1023/555 2911/1024/556
f 2909/976/555 2913/981/500 2914/983/502
f 2916/984/503 2911/980/556 2918/985/758
f 2918/1025/758 2915/1026/501 2917/1027/558
f 2915/982/501 2919/987/506 2920/989/584
f 2922/990/509 2917/986/558 2924/991/549
f 2924/1028/549 2921/1029/507 2923/1030/759
f 2921/988/507 2925/993/537 2926/995/514
f 2928/996/538 2923/992/759 2930/997/516
f 2930/1031/516 2927/1032/513 2929/1033/517
f 2927/994/513 2931/999/540 2932/1001/520
f 2934/1002/542 2929/998/517 2936/1003/522
f 2936/1034/522 2933/1035/724 2935/1036/523
f 2933/1000/724 2937/1005/760 2938/1007/761
f 2940/1008/762 2935/1004/523 2942/1009/729
f 2942/1037/729 2939/1038/543 2941/1039/529
f 2937/1005/760 2884/953/545 2939/1006/543
f 2888/955/474 2940/1008/762 2941/1010/529
f 2925/993/537 2901/969/547 2889/957/476
f 2890/1040/478 2887/1041/577 2885/1042/715
f 2884/1012/545 2941/1039/529 2939/1038/543
f 2910/978/497 2934/1002/542 2886/954/473
f 2896/1043/600 2893/1015/716 2891/1014/477
f 2902/1044/490 2899/1018/487 2897/1017/594
f 2908/1045/721 2905/1021/596 2903/1020/757
f 2914/1046/502 2911/1024/556 2909/1023/555
f 2920/1047/584 2917/1027/558 2915/1026/501
f 2926/1048/514 2923/1030/759 2921/1029/507
f 2932/1049/520 2929/1033/517 2927/1032/513
f 2938/1050/761 2935/1036/523 2933/1035/724
f 2991/951/470 2993/952/769 2992/953/545
f 2994/954/473 2996/955/474 2995/956/770
f 2997/957/476 2999/958/477 2998/959/478
f 3000/960/479 3002/961/480 3001/962/716
f 3003/963/482 3005/964/603 3004/965/600
f 3006/966/485 3008/967/718 3007/968/487
f 3009/969/547 3011/970/757 3010/971/490
f 3012/972/548 3014/973/595 3013/974/596
f 3015/975/494 3017/976/495 3016/977/771
f 3018/978/497 3020/979/498 3019/980/499
f 3021/981/500 3023/982/501 3022/983/502
f 3024/984/503 3026/985/758 3025/986/558
f 3027/987/506 3029/988/507 3028/989/584
f 3030/990/509 3032/991/549 3031/992/759
f 3033/993/537 3035/994/513 3034/995/514
f 3036/996/538 3038/997/516 3037/998/517
f 3039/999/540 3041/1000/519 3040/1001/520
f 3042/1002/542 3044/1003/522 3043/1004/523
f 3045/1005/524 3047/1006/543 3046/1007/772
f 3048/1008/527 3050/1009/528 3049/1010/773
f 2991/951/470 2998/959/478 2993/952/769
f 3002/961/480 2994/954/473 2995/956/770
f 2993/635/769 2996/1011/474 2992/1012/545
f 3002/1013/480 2999/1014/477 3001/1015/716
f 2997/957/476 3004/965/600 2999/958/477
f 3008/967/718 3000/960/479 3001/962/716
f 3008/1016/718 3005/1017/603 3007/1018/487
f 3005/964/603 3009/969/547 3010/971/490
f 3012/972/548 3007/968/487 3014/973/595
f 3014/1019/595 3011/1020/757 3013/1021/596
f 3011/970/757 3015/975/494 3016/977/771
f 3020/979/498 3012/972/548 3013/974/596
f 3020/1022/498 3017/1023/495 3019/1024/499
f 3017/976/495 3021/981/500 3022/983/502
f 3024/984/503 3019/980/499 3026/985/758
f 3026/1025/758 3023/1026/501 3025/1027/558
f 3023/982/501 3027/987/506 3028/989/584
f 3030/990/509 3025/986/558 3032/991/549
f 3032/1028/549 3029/1029/507 3031/1030/759
f 3027/987/506 3034/995/514 3029/988/507
f 3038/997/516 3030/990/509 3031/992/759
f 3038/1031/516 3035/1032/513 3037/1033/517
f 3033/993/537 3040/1001/520 3035/994/513
f 3044/1003/522 3036/996/538 3037/998/517
f 3044/1034/522 3041/1035/519 3043/1036/523
f 3041/1000/519 3045/1005/524 3046/1007/772
f 3048/1008/527 3043/1004/523 3050/1009/528
f 3050/1037/528 3047/1038/543 3049/1039/773
f 3045/1005/524 2992/953/545 3047/1006/543
f 2996/955/474 3048/1008/527 3049/1010/773
f 3033/993/537 3009/969/547 2997/957/476
f 2998/1040/478 2995/1041/770 2993/1042/769
f 2992/1012/545 3049/1039/773 3047/1038/543
f 3018/978/497 3042/1002/542 2994/954/473
f 3004/1043/600 3001/1015/716 2999/1014/477
f 3010/1044/490 3007/1018/487 3005/1017/603
f 3016/1045/771 3013/1021/596 3011/1020/757
f 3022/1046/502 3019/1024/499 3017/1023/495
f 3028/1047/584 3025/1027/558 3023/1026/501
f 3034/1048/514 3031/1030/759 3029/1029/507
f 3040/1049/520 3037/1033/517 3035/1032/513
f 3046/1050/772 3043/1036/523 3041/1035/519
f 3099/951/470 3101/952/769 3100/953/472
f 3102/954/473 3104/955/474 3103/956/475
f 3105/957/476 3107/958/477 3106/959/478
f 3108/960/479 3110/961/480 3109/962/716
f 3111/963/482 3113/964/594 3112/965/600
f 3114/966/534 3116/967/486 3115/968/487
f 3117/969/547 3119/970/489 3118/971/490
f 3120/972/548 3122/973/595 3121/974/596
f 3123/975/494 3125/976/495 3124/977/721
f 3126/978/497 3128/979/498 3127/980/499
f 3129/981/500 3131/982/778 3130/983/536
f 3132/984/503 3134/985/579 3133/986/779
f 3135/987/506 3137/988/780 3136/989/584
f 3138/990/509 3140/991/510 3139/992/511
f 3141/993/537 3143/994/513 3142/995/781
f 3144/996/538 3146/997/516 3145/998/782
f 3147/999/540 3149/1000/519 3148/1001/520
f 3150/1002/542 3152/1003/522 3151/1004/523
f 3153/1005/524 3155/1006/525 3154/1007/772
f 3156/1008/527 3158/1009/528 3157/1010/529
f 3099/951/470 3106/959/478 3101/952/769
f 3110/961/480 3102/954/473 3103/956/475
f 3101/635/769 3104/1011/474 3100/1012/472
f 3110/1013/480 3107/1014/477 3109/1015/716
f 3107/958/477 3111/963/482 3112/965/600
f 3114/966/534 3109/962/716 3116/967/486
f 3116/1016/486 3113/1017/594 3115/1018/487
f 3111/963/482 3118/971/490 3113/964/594
f 3120/972/548 3115/968/487 3122/973/595
f 3122/1019/595 3119/1020/489 3121/1021/596
f 3117/969/547 3124/977/721 3119/970/489
f 3128/979/498 3120/972/548 3121/974/596
f 3128/1022/498 3125/1023/495 3127/1024/499
f 3125/976/495 3129/981/500 3130/983/536
f 3132/984/503 3127/980/499 3134/985/579
f 3134/1025/579 3131/1026/778 3133/1027/779
f 3129/981/500 3136/989/584 3131/982/778
f 3140/991/510 3132/984/503 3133/986/779
f 3140/1028/510 3137/1029/780 3139/1030/511
f 3137/988/780 3141/993/537 3142/995/781
f 3144/996/538 3139/992/511 3146/997/516
f 3146/1031/516 3143/1032/513 3145/1033/782
f 3141/993/537 3148/1001/520 3143/994/513
f 3150/1002/542 3145/998/782 3152/1003/522
f 3152/1034/522 3149/1035/519 3151/1036/523
f 3149/1000/519 3153/1005/524 3154/1007/772
f 3156/1008/527 3151/1004/523 3158/1009/528
f 3158/1037/528 3155/1038/525 3157/1039/529
f 3155/1006/525 3099/951/470 3100/953/472
f 3102/954/473 3157/1010/529 3104/955/474
f 3141/993/537 3117/969/547 3105/957/476
f 3106/1040/478 3103/1041/475 3101/1042/769
f 3100/1012/472 3157/1039/529 3155/1038/525
f 3126/978/497 3150/1002/542 3102/954/473
f 3112/1043/600 3109/1015/716 3107/1014/477
f 3118/1044/490 3115/1018/487 3113/1017/594
f 3124/1045/721 3121/1021/596 3119/1020/489
f 3130/1046/536 3127/1024/499 3125/1023/495
f 3136/1047/584 3133/1027/779 3131/1026/778
f 3142/1048/781 3139/1030/511 3137/1029/780
f 3148/1049/520 3145/1033/782 3143/1032/513
f 3154/1050/772 3151/1036/523 3149/1035/519
f 3207/951/470 3209/952/580 3208/953/545
f 3210/954/473 3212/955/474 3211/956/475
f 3213/957/476 3215/958/789 3214/959/478
f 3216/960/479 3218/961/480 3217/962/481
f 3219/963/532 3221/964/483 3220/965/484
f 3222/966/534 3224/967/552 3223/968/487
f 3225/969/488 3227/970/535 3226/971/490
f 3228/972/491 3230/973/492 3229/974/493
f 3231/975/494 3233/976/495 3232/977/496
f 3234/978/497 3236/979/790 3235/980/499
f 3237/981/500 3239/982/501 3238/983/536
f 3240/984/503 3242/985/579 3241/986/505
f 3243/987/506 3245/988/780 3244/989/791
f 3246/990/509 3248/991/510 3247/992/759
f 3249/993/537 3251/994/513 3250/995/781
f 3252/996/538 3254/997/792 3253/998/782
f 3255/999/540 3257/1000/519 3256/1001/793
f 3258/1002/542 3260/1003/522 3259/1004/551
f 3261/1005/524 3263/1006/543 3262/1007/526
f 3264/1008/527 3266/1009/794 3265/1010/544
f 3209/952/580 3213/957/476 3214/959/478
f 3216/960/479 3211/956/475 3218/961/480
f 3209/635/580 3212/1011/474 3208/1012/545
f 3218/1013/480 3215/1014/789 3217/1015/481
f 3213/957/476 3220/965/484 3215/958/789
f 3224/967/552 3216/960/479 3217/962/481
f 3224/1016/552 3221/1017/483 3223/1018/487
f 3219/963/532 3226/971/490 3221/964/483
f 3230/973/492 3222/966/534 3223/968/487
f 3230/1019/492 3227/1020/535 3229/1021/493
f 3227/970/535 3231/975/494 3232/977/496
f 3234/978/497 3229/974/493 3236/979/790
f 3236/1022/790 3233/1023/495 3235/1024/499
f 3231/975/494 3238/983/536 3233/976/495
f 3242/985/579 3234/978/497 3235/980/499
f 3242/1025/579 3239/1026/501 3241/1027/505
f 3239/982/501 3243/987/506 3244/989/791
f 3248/991/510 3240/984/503 3241/986/505
f 3248/1028/510 3245/1029/780 3247/1030/759
f 3245/988/780 3249/993/537 3250/995/781
f 3254/997/792 3246/990/509 3247/992/759
f 3254/1031/792 3251/1032/513 3253/1033/782
f 3251/994/513 3255/999/540 3256/1001/793
f 3258/1002/542 3253/998/782 3260/1003/522
f 3260/1034/522 3257/1035/519 3259/1036/551
f 3255/999/540 3262/1007/526 3257/1000/519
f 3264/1008/527 3259/1004/551 3266/1009/794
f 3266/1037/794 3263/1038/543 3265/1039/544
f 3263/1006/543 3207/951/470 3208/953/545
f 3210/954/473 3265/1010/544 3212/955/474
f 3249/993/537 3225/969/488 3213/957/476
f 3214/1040/478 3211/1041/475 3209/1042/580
f 3208/1012/545 3265/1039/544 3263/1038/543
f 3234/978/497 3258/1002/542 3210/954/473
f 3220/1043/484 3217/1015/481 3215/1014/789
f 3226/1044/490 3223/1018/487 3221/1017/483
f 3232/1045/496 3229/1021/493 3227/1020/535
f 3238/1046/536 3235/1024/499 3233/1023/495
f 3244/1047/791 3241/1027/505 3239/1026/501
f 3250/1048/781 3247/1030/759 3245/1029/780
f 3256/1049/793 3253/1033/782 3251/1032/513
f 3262/1050/526 3259/1036/551 3257/1035/519
s 0
f 393/266/130 394/269/130 399/267/130
f 394/269/858 395/372/858 400/270/858
f 396/271/132 401/275/132 400/272/132
f 397/274/859 402/276/859 401/275/859
f 397/274/134 393/266/134 398/268/134
f 399/267/135 404/278/135 403/277/135
f 400/270/860 405/1113/860 404/278/860
f 401/275/137 406/281/137 405/279/137
f 401/275/861 402/276/861 407/280/861
f 402/276/139 398/268/139 403/277/139
f 404/278/862 409/284/862 408/282/862
f 404/278/141 405/1113/141 410/283/141
f 406/281/863 411/286/863 410/285/863
f 407/280/143 412/287/143 411/286/143
f 407/280/864 403/277/864 408/282/864
f 408/282/145 409/284/145 414/288/145
f 410/283/146 415/373/146 414/288/146
f 411/286/147 416/291/147 415/290/147
f 412/287/865 417/292/865 416/291/865
f 408/282/149 413/289/149 417/292/149
f 414/288/150 419/295/150 418/293/150
f 414/288/866 415/373/866 420/294/866
f 416/291/152 421/297/152 420/296/152
f 417/292/867 422/298/867 421/297/867
f 413/289/154 418/293/154 422/298/154
f 419/295/868 424/300/868 423/299/868
f 420/294/156 425/1114/156 424/300/156
f 421/297/157 426/302/157 425/301/157
f 422/298/158 427/303/158 426/302/158
f 418/293/159 423/299/159 427/303/159
f 423/299/160 424/300/160 429/304/160
f 424/300/869 425/1114/869 430/306/869
f 426/302/870 431/308/870 430/307/870
f 427/303/871 432/309/871 431/308/871
f 423/299/164 428/305/164 432/309/164
f 428/305/165 429/304/165 434/310/165
f 429/304/166 430/306/166 435/312/166
f 431/308/167 436/314/167 435/313/167
f 432/309/168 437/315/168 436/314/168
f 428/305/169 433/311/169 437/315/169
f 433/311/170 434/310/170 439/316/170
f 434/310/872 435/312/872 440/318/872
f 436/314/172 441/320/172 440/319/172
f 437/315/873 442/321/873 441/320/873
f 433/311/174 438/317/174 442/321/174
f 438/322/175 439/325/175 444/323/175
f 439/325/874 440/681/874 445/326/874
f 441/327/177 446/331/177 445/328/177
f 442/330/875 447/332/875 446/331/875
f 438/322/179 443/324/179 447/332/179
f 444/323/180 449/334/180 448/333/180
f 445/326/876 450/339/876 449/334/876
f 446/331/182 451/337/182 450/335/182
f 446/331/877 447/332/877 452/336/877
f 447/332/184 443/324/184 448/333/184
f 449/334/878 454/340/878 453/338/878
f 450/339/879 455/1115/879 454/340/879
f 451/337/227 456/343/227 455/341/227
f 451/337/880 452/336/880 457/342/880
f 452/336/224 448/333/224 453/338/224
f 454/340/228 459/346/228 458/344/228
f 454/340/191 455/1115/191 460/345/191
f 456/343/192 461/348/192 460/347/192
f 457/342/193 462/349/193 461/348/193
f 453/338/881 458/344/881 462/349/881
f 459/346/195 464/351/195 463/350/195
f 460/345/882 465/1116/882 464/351/882
f 461/348/197 466/353/197 465/352/197
f 462/349/883 467/354/883 466/353/883
f 458/344/199 463/350/199 467/354/199
f 463/350/200 464/351/200 469/355/200
f 464/351/884 465/1116/884 470/357/884
f 466/353/202 471/360/202 470/358/202
f 466/353/885 467/354/885 472/359/885
f 463/350/204 468/356/204 472/359/204
f 468/356/886 469/355/886 474/361/886
f 470/357/206 475/1117/206 474/361/206
f 471/360/229 476/365/229 475/363/229
f 471/360/208 472/359/208 477/364/208
f 468/356/230 473/362/230 477/364/230
f 473/362/210 474/361/210 479/366/210
f 474/361/211 475/1117/211 480/368/211
f 476/365/212 481/370/212 480/369/212
f 477/364/213 482/371/213 481/370/213
f 473/362/214 478/367/214 482/371/214
f 479/366/215 394/269/215 393/266/215
f 479/366/887 480/368/887 395/372/887
f 481/370/217 396/271/217 395/273/217
f 482/371/888 397/274/888 396/271/888
f 482/371/219 478/367/219 393/266/219
f 484/269/130 489/267/130 488/268/130
f 484/269/889 485/372/889 490/270/889
f 486/271/132 491/275/132 490/272/132
f 487/274/859 492/276/859 491/275/859
f 487/274/134 483/266/134 488/268/134
f 489/267/135 494/278/135 493/277/135
f 490/270/860 495/1113/860 494/278/860
f 491/275/137 496/281/137 495/279/137
f 491/275/861 492/276/861 497/280/861
f 492/276/139 488/268/139 493/277/139
f 494/278/862 499/284/862 498/282/862
f 494/278/141 495/1113/141 500/283/141
f 496/281/863 501/286/863 500/285/863
f 497/280/143 502/287/143 501/286/143
f 497/280/864 493/277/864 498/282/864
f 498/282/145 499/284/145 504/288/145
f 500/283/146 505/373/146 504/288/146
f 501/286/147 506/291/147 505/290/147
f 502/287/865 507/292/865 506/291/865
f 498/282/149 503/289/149 507/292/149
f 503/289/150 504/288/150 509/295/150
f 505/373/866 510/294/866 509/295/866
f 506/291/152 511/297/152 510/296/152
f 507/292/867 512/298/867 511/297/867
f 503/289/154 508/293/154 512/298/154
f 509/295/868 514/300/868 513/299/868
f 510/294/156 515/1114/156 514/300/156
f 511/297/157 516/302/157 515/301/157
f 512/298/158 517/303/158 516/302/158
f 508/293/159 513/299/159 517/303/159
f 513/299/160 514/300/160 519/304/160
f 514/300/869 515/1114/869 520/306/869
f 516/302/870 521/308/870 520/307/870
f 517/303/871 522/309/871 521/308/871
f 513/299/164 518/305/164 522/309/164
f 518/305/165 519/304/165 524/310/165
f 519/304/166 520/306/166 525/312/166
f 521/308/167 526/314/167 525/313/167
f 522/309/168 527/315/168 526/314/168
f 518/305/169 523/311/169 527/315/169
f 523/311/170 524/310/170 529/316/170
f 524/310/872 525/312/872 530/318/872
f 526/314/172 531/320/172 530/319/172
f 527/315/873 532/321/873 531/320/873
f 523/311/174 528/317/174 532/321/174
f 528/322/175 529/325/175 534/323/175
f 529/325/890 530/681/890 535/326/890
f 531/327/177 536/331/177 535/328/177
f 532/330/875 537/332/875 536/331/875
f 528/322/179 533/324/179 537/332/179
f 534/323/180 539/334/180 538/333/180
f 535/326/876 540/339/876 539/334/876
f 536/331/182 541/337/182 540/335/182
f 536/331/877 537/332/877 542/336/877
f 537/332/184 533/324/184 538/333/184
f 539/334/185 544/340/185 543/338/185
f 540/339/879 545/1115/879 544/340/879
f 541/337/227 546/343/227 545/341/227
f 541/337/880 542/336/880 547/342/880
f 542/336/224 538/333/224 543/338/224
f 544/340/228 549/346/228 548/344/228
f 544/340/191 545/1115/191 550/345/191
f 546/343/192 551/348/192 550/347/192
f 547/342/193 552/349/193 551/348/193
f 543/338/881 548/344/881 552/349/881
f 549/346/195 554/351/195 553/350/195
f 550/345/882 555/1116/882 554/351/882
f 551/348/197 556/353/197 555/352/197
f 552/349/883 557/354/883 556/353/883
f 548/344/199 553/350/199 557/354/199
f 553/350/200 554/351/200 559/355/200
f 554/351/884 555/1116/884 560/357/884
f 556/353/202 561/360/202 560/358/202
f 556/353/885 557/354/885 562/359/885
f 553/350/204 558/356/204 562/359/204
f 558/356/886 559/355/886 564/361/886
f 560/357/206 565/1117/206 564/361/206
f 561/360/229 566/365/229 565/363/229
f 561/360/208 562/359/208 567/364/208
f 558/356/230 563/362/230 567/364/230
f 563/362/210 564/361/210 569/366/210
f 564/361/211 565/1117/211 570/368/211
f 566/365/212 571/370/212 570/369/212
f 567/364/213 572/371/213 571/370/213
f 563/362/214 568/367/214 572/371/214
f 569/366/215 484/269/215 483/266/215
f 569/366/887 570/368/887 485/372/887
f 571/370/217 486/271/217 485/273/217
f 572/371/888 487/274/888 486/271/888
f 572/371/219 568/367/219 483/266/219
f 573/266/130 574/269/130 579/267/130
f 574/269/858 575/372/858 580/270/858
f 576/271/132 581/275/132 580/272/132
f 577/274/859 582/276/859 581/275/859
f 573/266/134 578/268/134 582/276/134
f 579/267/135 584/278/135 583/277/135
f 580/270/860 585/1113/860 584/278/860
f 581/275/137 586/281/137 585/279/137
f 581/275/891 582/276/891 587/280/891
f 578/268/139 583/277/139 587/280/139
f 584/278/862 589/284/862 588/282/862
f 584/278/141 585/1113/141 590/283/141
f 586/281/863 591/286/863 590/285/863
f 587/280/143 592/287/143 591/286/143
f 587/280/864 583/277/864 588/282/864
f 588/282/892 589/284/892 594/288/892
f 590/283/146 595/373/146 594/288/146
f 591/286/147 596/291/147 595/290/147
f 592/287/865 597/292/865 596/291/865
f 588/282/149 593/289/149 597/292/149
f 593/289/150 594/288/150 599/295/150
f 595/373/866 600/294/866 599/295/866
f 596/291/152 601/297/152 600/296/152
f 597/292/867 602/298/867 601/297/867
f 593/289/154 598/293/154 602/298/154
f 599/295/868 604/300/868 603/299/868
f 600/294/156 605/1114/156 604/300/156
f 601/297/157 606/302/157 605/301/157
f 602/298/158 607/303/158 606/302/158
f 598/293/159 603/299/159 607/303/159
f 604/300/160 609/304/160 608/305/160
f 604/300/869 605/1114/869 610/306/869
f 606/302/870 611/308/870 610/307/870
f 607/303/871 612/309/871 611/308/871
f 603/299/164 608/305/164 612/309/164
f 609/304/165 614/310/165 613/311/165
f 609/304/166 610/306/166 615/312/166
f 611/308/167 616/314/167 615/313/167
f 612/309/168 617/315/168 616/314/168
f 612/309/169 608/305/169 613/311/169
f 614/310/170 619/316/170 618/317/170
f 614/310/872 615/312/872 620/318/872
f 616/314/172 621/320/172 620/319/172
f 617/315/873 622/321/873 621/320/873
f 613/311/174 618/317/174 622/321/174
f 618/322/175 619/325/175 624/323/175
f 619/325/874 620/681/874 625/326/874
f 621/327/177 626/331/177 625/328/177
f 622/330/875 627/332/875 626/331/875
f 618/322/179 623/324/179 627/332/179
f 624/323/180 629/334/180 628/333/180
f 625/326/876 630/339/876 629/334/876
f 626/331/182 631/337/182 630/335/182
f 626/331/877 627/332/877 632/336/877
f 627/332/184 623/324/184 628/333/184
f 629/334/185 634/340/185 633/338/185
f 630/339/879 635/1115/879 634/340/879
f 631/337/227 636/343/227 635/341/227
f 631/337/880 632/336/880 637/342/880
f 632/336/224 628/333/224 633/338/224
f 634/340/228 639/346/228 638/344/228
f 634/340/191 635/1115/191 640/345/191
f 636/343/192 641/348/192 640/347/192
f 637/342/193 642/349/193 641/348/193
f 637/342/881 633/338/881 638/344/881
f 639/346/195 644/351/195 643/350/195
f 640/345/882 645/1116/882 644/351/882
f 641/348/197 646/353/197 645/352/197
f 642/349/883 647/354/883 646/353/883
f 638/344/199 643/350/199 647/354/199
f 644/351/893 649/355/893 648/356/893
f 644/351/884 645/1116/884 650/357/884
f 646/353/202 651/360/202 650/358/202
f 646/353/885 647/354/885 652/359/885
f 643/350/204 648/356/204 652/359/204
f 648/356/886 649/355/886 654/361/886
f 650/357/206 655/1117/206 654/361/206
f 651/360/229 656/365/229 655/363/229
f 651/360/208 652/359/208 657/364/208
f 652/359/209 648/356/209 653/362/209
f 653/362/210 654/361/210 659/366/210
f 654/361/894 655/1117/894 660/368/894
f 656/365/212 661/370/212 660/369/212
f 657/364/213 662/371/213 661/370/213
f 653/362/214 658/367/214 662/371/214
f 659/366/215 574/269/215 573/266/215
f 659/366/887 660/368/887 575/372/887
f 661/370/217 576/271/217 575/273/217
f 662/371/888 577/274/888 576/271/888
f 662/371/219 658/367/219 573/266/219
s 1
f 2775/951/470 2781/957/476 2782/959/478
f 2786/961/480 2784/960/479 2778/954/473
f 2777/635/715 2779/1119/577 2780/1011/474
f 2786/1013/480 2782/1040/478 2783/1014/477
f 2783/958/477 2781/957/476 2787/963/532
f 2790/966/534 2784/960/479 2785/962/716
f 2792/1016/718 2788/1043/717 2789/1017/483
f 2787/963/532 2793/969/488 2794/971/490
f 2796/972/491 2790/966/534 2791/968/487
f 2798/1019/492 2794/1044/490 2795/1020/719
f 2793/969/488 2799/975/494 2800/977/721
f 2804/979/498 2802/978/497 2796/972/491
f 2804/1022/498 2800/1045/721 2801/1023/495
f 2799/975/494 2805/981/500 2806/983/536
f 2810/985/579 2808/984/503 2802/978/497
f 2810/1025/579 2806/1046/536 2807/1026/583
f 2805/981/500 2811/987/506 2812/989/508
f 2816/991/510 2814/990/509 2808/984/503
f 2816/1028/510 2812/1047/508 2813/1029/507
f 2811/987/506 2817/993/512 2818/995/550
f 2822/997/723 2820/996/515 2814/990/509
f 2822/1031/723 2818/1048/550 2819/1032/513
f 2817/993/512 2823/999/540 2824/1001/520
f 2826/1002/542 2820/996/515 2821/998/517
f 2828/1034/522 2824/1049/520 2825/1035/724
f 2825/1000/724 2823/999/540 2829/1005/725
f 2832/1008/728 2826/1002/542 2827/1004/523
f 2834/1037/729 2830/1050/727 2831/1038/726
f 2829/1005/725 2775/951/470 2776/953/472
f 2780/955/474 2778/954/473 2832/1008/728
f 2781/957/476 2775/951/470 2829/1005/725
f 2829/1005/725 2823/999/540 2817/993/512
f 2817/993/512 2811/987/506 2805/981/500
f 2805/981/500 2799/975/494 2793/969/488
f 2793/969/488 2787/963/532 2781/957/476
f 2781/957/476 2829/1005/725 2817/993/512
f 2817/993/512 2805/981/500 2793/969/488
f 2782/1040/478 2786/1013/480 2779/1041/577
f 2776/1012/472 2780/1011/474 2833/1039/730
f 2778/954/473 2784/960/479 2790/966/534
f 2790/966/534 2796/972/491 2802/978/497
f 2802/978/497 2808/984/503 2814/990/509
f 2814/990/509 2820/996/515 2826/1002/542
f 2826/1002/542 2832/1008/728 2778/954/473
f 2778/954/473 2790/966/534 2802/978/497
f 2802/978/497 2814/990/509 2826/1002/542
f 2788/1043/717 2792/1016/718 2785/1015/716
f 2794/1044/490 2798/1019/492 2791/1018/487
f 2800/1045/721 2804/1022/498 2797/1021/720
f 2806/1046/536 2810/1025/579 2803/1024/499
f 2812/1047/508 2816/1028/510 2809/1027/505
f 2818/1048/550 2822/1031/723 2815/1030/722
f 2824/1049/520 2828/1034/522 2821/1033/517
f 2830/1050/727 2834/1037/729 2827/1036/523
f 2883/951/470 2889/957/476 2890/959/478
f 2894/961/480 2892/960/479 2886/954/473
f 2885/635/715 2887/1119/577 2888/1011/474
f 2894/1013/480 2890/1040/478 2891/1014/477
f 2891/958/477 2889/957/476 2895/963/593
f 2898/966/601 2892/960/479 2893/962/716
f 2900/1016/486 2896/1043/600 2897/1017/594
f 2897/964/594 2895/963/593 2901/969/547
f 2904/972/548 2898/966/601 2899/968/487
f 2906/1019/595 2902/1044/490 2903/1020/757
f 2903/970/757 2901/969/547 2907/975/494
f 2910/978/497 2904/972/548 2905/974/596
f 2912/1022/498 2908/1045/721 2909/1023/555
f 2909/976/555 2907/975/494 2913/981/500
f 2916/984/503 2910/978/497 2911/980/556
f 2918/1025/758 2914/1046/502 2915/1026/501
f 2915/982/501 2913/981/500 2919/987/506
f 2922/990/509 2916/984/503 2917/986/558
f 2924/1028/549 2920/1047/584 2921/1029/507
f 2921/988/507 2919/987/506 2925/993/537
f 2928/996/538 2922/990/509 2923/992/759
f 2930/1031/516 2926/1048/514 2927/1032/513
f 2927/994/513 2925/993/537 2931/999/540
f 2934/1002/542 2928/996/538 2929/998/517
f 2936/1034/522 2932/1049/520 2933/1035/724
f 2933/1000/724 2931/999/540 2937/1005/760
f 2940/1008/762 2934/1002/542 2935/1004/523
f 2942/1037/729 2938/1050/761 2939/1038/543
f 2937/1005/760 2883/951/470 2884/953/545
f 2888/955/474 2886/954/473 2940/1008/762
f 2889/957/476 2883/951/470 2937/1005/760
f 2937/1005/760 2931/999/540 2925/993/537
f 2925/993/537 2919/987/506 2913/981/500
f 2913/981/500 2907/975/494 2901/969/547
f 2901/969/547 2895/963/593 2889/957/476
f 2889/957/476 2937/1005/760 2925/993/537
f 2925/993/537 2913/981/500 2901/969/547
f 2890/1040/478 2894/1013/480 2887/1041/577
f 2884/1012/545 2888/1011/474 2941/1039/529
f 2886/954/473 2892/960/479 2898/966/601
f 2898/966/601 2904/972/548 2910/978/497
f 2910/978/497 2916/984/503 2922/990/509
f 2922/990/509 2928/996/538 2934/1002/542
f 2934/1002/542 2940/1008/762 2886/954/473
f 2886/954/473 2898/966/601 2910/978/497
f 2910/978/497 2922/990/509 2934/1002/542
f 2896/1043/600 2900/1016/486 2893/1015/716
f 2902/1044/490 2906/1019/595 2899/1018/487
f 2908/1045/721 2912/1022/498 2905/1021/596
f 2914/1046/502 2918/1025/758 2911/1024/556
f 2920/1047/584 2924/1028/549 2917/1027/558
f 2926/1048/514 2930/1031/516 2923/1030/759
f 2932/1049/520 2936/1034/522 2929/1033/517
f 2938/1050/761 2942/1037/729 2935/1036/523
f 2991/951/470 2997/957/476 2998/959/478
f 3002/961/480 3000/960/479 2994/954/473
f 2993/635/769 2995/1119/770 2996/1011/474
f 3002/1013/480 2998/1040/478 2999/1014/477
f 2997/957/476 3003/963/482 3004/965/600
f 3008/967/718 3006/966/485 3000/960/479
f 3008/1016/718 3004/1043/600 3005/1017/603
f 3005/964/603 3003/963/482 3009/969/547
f 3012/972/548 3006/966/485 3007/968/487
f 3014/1019/595 3010/1044/490 3011/1020/757
f 3011/970/757 3009/969/547 3015/975/494
f 3020/979/498 3018/978/497 3012/972/548
f 3020/1022/498 3016/1045/771 3017/1023/495
f 3017/976/495 3015/975/494 3021/981/500
f 3024/984/503 3018/978/497 3019/980/499
f 3026/1025/758 3022/1046/502 3023/1026/501
f 3023/982/501 3021/981/500 3027/987/506
f 3030/990/509 3024/984/503 3025/986/558
f 3032/1028/549 3028/1047/584 3029/1029/507
f 3027/987/506 3033/993/537 3034/995/514
f 3038/997/516 3036/996/538 3030/990/509
f 3038/1031/516 3034/1048/514 3035/1032/513
f 3033/993/537 3039/999/540 3040/1001/520
f 3044/1003/522 3042/1002/542 3036/996/538
f 3044/1034/522 3040/1049/520 3041/1035/519
f 3041/1000/519 3039/999/540 3045/1005/524
f 3048/1008/527 3042/1002/542 3043/1004/523
f 3050/1037/528 3046/1050/772 3047/1038/543
f 3045/1005/524 2991/951/470 2992/953/545
f 2996/955/474 2994/954/473 3048/1008/527
f 2997/957/476 2991/951/470 3045/1005/524
f 3045/1005/524 3039/999/540 3033/993/537
f 3033/993/537 3027/987/506 3021/981/500
f 3021/981/500 3015/975/494 3009/969/547
f 3009/969/547 3003/963/482 2997/957/476
f 2997/957/476 3045/1005/524 3033/993/537
f 3033/993/537 3021/981/500 3009/969/547
f 2998/1040/478 3002/1013/480 2995/1041/770
f 2992/1012/545 2996/1011/474 3049/1039/773
f 2994/954/473 3000/960/479 3006/966/485
f 3006/966/485 3012/972/548 3018/978/497
f 3018/978/497 3024/984/503 3030/990/509
f 3030/990/509 3036/996/538 3042/1002/542
f 3042/1002/542 3048/1008/527 2994/954/473
f 2994/954/473 3006/966/485 3018/978/497
f 3018/978/497 3030/990/509 3042/1002/542
f 3004/1043/600 3008/1016/718 3001/1015/716
f 3010/1044/490 3014/1019/595 3007/1018/487
f 3016/1045/771 3020/1022/498 3013/1021/596
f 3022/1046/502 3026/1025/758 3019/1024/499
f 3028/1047/584 3032/1028/549 3025/1027/558
f 3034/1048/514 3038/1031/516 3031/1030/759
f 3040/1049/520 3044/1034/522 3037/1033/517
f 3046/1050/772 3050/1037/528 3043/1036/523
f 3099/951/470 3105/957/476 3106/959/478
f 3110/961/480 3108/960/479 3102/954/473
f 3101/635/769 3103/1119/475 3104/1011/474
f 3110/1013/480 3106/1040/478 3107/1014/477
f 3107/958/477 3105/957/476 3111/963/482
f 3114/966/534 3108/960/479 3109/962/716
f 3116/1016/486 3112/1043/600 3113/1017/594
f 3111/963/482 3117/969/547 3118/971/490
f 3120/972/548 3114/966/534 3115/968/487
f 3122/1019/595 3118/1044/490 3119/1020/489
f 3117/969/547 3123/975/494 3124/977/721
f 3128/979/498 3126/978/497 3120/972/548
f 3128/1022/498 3124/1045/721 3125/1023/495
f 3125/976/495 3123/975/494 3129/981/500
f 3132/984/503 3126/978/497 3127/980/499
f 3134/1025/579 3130/1046/536 3131/1026/778
f 3129/981/500 3135/987/506 3136/989/584
f 3140/991/510 3138/990/509 3132/984/503
f 3140/1028/510 3136/1047/584 3137/1029/780
f 3137/988/780 3135/987/506 3141/993/537
f 3144/996/538 3138/990/509 3139/992/511
f 3146/1031/516 3142/1048/781 3143/1032/513
f 3141/993/537 3147/999/540 3148/1001/520
f 3150/1002/542 3144/996/538 3145/998/782
f 3152/1034/522 3148/1049/520 3149/1035/519
f 3149/1000/519 3147/999/540 3153/1005/524
f 3156/1008/527 3150/1002/542 3151/1004/523
f 3158/1037/528 3154/1050/772 3155/1038/525
f 3155/1006/525 3153/1005/524 3099/951/470
f 3102/954/473 3156/1008/527 3157/1010/529
f 3105/957/476 3099/951/470 3153/1005/524
f 3153/1005/524 3147/999/540 3141/993/537
f 3141/993/537 3135/987/506 3129/981/500
f 3129/981/500 3123/975/494 3117/969/547
f 3117/969/547 3111/963/482 3105/957/476
f 3105/957/476 3153/1005/524 3141/993/537
f 3141/993/537 3129/981/500 3117/969/547
f 3106/1040/478 3110/1013/480 3103/1041/475
f 3100/1012/472 3104/1011/474 3157/1039/529
f 3102/954/473 3108/960/479 3114/966/534
f 3114/966/534 3120/972/548 3126/978/497
f 3126/978/497 3132/984/503 3138/990/509
f 3138/990/509 3144/996/538 3150/1002/542
f 3150/1002/542 3156/1008/527 3102/954/473
f 3102/954/473 3114/966/534 3126/978/497
f 3126/978/497 3138/990/509 3150/1002/542
f 3112/1043/600 3116/1016/486 3109/1015/716
f 3118/1044/490 3122/1019/595 3115/1018/487
f 3124/1045/721 3128/1022/498 3121/1021/596
f 3130/1046/536 3134/1025/579 3127/1024/499
f 3136/1047/584 3140/1028/510 3133/1027/779
f 3142/1048/781 3146/1031/516 3139/1030/511
f 3148/1049/520 3152/1034/522 3145/1033/782
f 3154/1050/772 3158/1037/528 3151/1036/523
f 3209/952/580 3207/951/470 3213/957/476
f 3216/960/479 3210/954/473 3211/956/475
f 3209/635/580 3211/1119/475 3212/1011/474
f 3218/1013/480 3214/1040/478 3215/1014/789
f 3213/957/476 3219/963/532 3220/965/484
f 3224/967/552 3222/966/534 3216/960/479
f 3224/1016/552 3220/1043/484 3221/1017/483
f 3219/963/532 3225/969/488 3226/971/490
f 3230/973/492 3228/972/491 3222/966/534
f 3230/1019/492 3226/1044/490 3227/1020/535
f 3227/970/535 3225/969/488 3231/975/494
f 3234/978/497 3228/972/491 3229/974/493
f 3236/1022/790 3232/1045/496 3233/1023/495
f 3231/975/494 3237/981/500 3238/983/536
f 3242/985/579 3240/984/503 3234/978/497
f 3242/1025/579 3238/1046/536 3239/1026/501
f 3239/982/501 3237/981/500 3243/987/506
f 3248/991/510 3246/990/509 3240/984/503
f 3248/1028/510 3244/1047/791 3245/1029/780
f 3245/988/780 3243/987/506 3249/993/537
f 3254/997/792 3252/996/538 3246/990/509
f 3254/1031/792 3250/1048/781 3251/1032/513
f 3251/994/513 3249/993/537 3255/999/540
f 3258/1002/542 3252/996/538 3253/998/782
f 3260/1034/522 3256/1049/793 3257/1035/519
f 3255/999/540 3261/1005/524 3262/1007/526
f 3264/1008/527 3258/1002/542 3259/1004/551
f 3266/1037/794 3262/1050/526 3263/1038/543
f 3263/1006/543 3261/1005/524 3207/951/470
f 3210/954/473 3264/1008/527 3265/1010/544
f 3213/957/476 3207/951/470 3261/1005/524
f 3261/1005/524 3255/999/540 3249/993/537
f 3249/993/537 3243/987/506 3237/981/500
f 3237/981/500 3231/975/494 3225/969/488
f 3225/969/488 3219/963/532 3213/957/476
f 3213/957/476 3261/1005/524 3249/993/537
f 3249/993/537 3237/981/500 3225/969/488
f 3214/1040/478 3218/1013/480 3211/1041/475
f 3208/1012/545 3212/1011/474 3265/1039/544
f 3210/954/473 3216/960/479 3222/966/534
f 3222/966/534 3228/972/491 3234/978/497
f 3234/978/497 3240/984/503 3246/990/509
f 3246/990/509 3252/996/538 3258/1002/542
f 3258/1002/542 3264/1008/527 3210/954/473
f 3210/954/473 3222/966/534 3234/978/497
f 3234/978/497 3246/990/509 3258/1002/542
f 3220/1043/484 3224/1016/552 3217/1015/481
f 3226/1044/490 3230/1019/492 3223/1018/487
f 3232/1045/496 3236/1022/790 3229/1021/493
f 3238/1046/536 3242/1025/579 3235/1024/499
f 3244/1047/791 3248/1028/510 3241/1027/505
f 3250/1048/781 3254/1031/792 3247/1030/759
f 3256/1049/793 3260/1034/522 3253/1033/782
f 3262/1050/526 3266/1037/794 3259/1036/551
usemtl Rope
f 855/408/369 860/186/79 856/187/80
f 862/409/83 857/410/370 858/189/82
f 859/411/84 864/192/85 860/186/79
f 866/193/86 861/412/81 862/409/83
f 864/192/85 867/413/91 868/195/88
f 869/414/89 866/193/86 870/197/90
f 867/413/91 872/199/92 868/195/88
f 873/415/93 870/197/90 874/201/94
f 872/199/92 875/416/371 876/203/96
f 877/417/372 874/201/94 878/204/97
f 876/203/96 879/418/98 880/419/99
f 881/420/100 878/204/97 882/421/101
f 880/419/99 883/422/102 884/423/103
f 885/424/104 882/421/101 886/425/105
f 884/423/103 887/426/373 888/427/107
f 889/428/108 886/425/105 890/429/109
f 888/427/107 891/430/110 892/218/111
f 893/431/112 890/429/109 894/432/113
f 892/218/111 895/433/114 896/222/115
f 897/434/116 894/432/113 898/224/117
f 895/433/114 900/226/119 896/222/115
f 901/435/120 898/224/117 902/228/121
f 899/436/118 904/230/123 900/226/119
f 906/437/125 901/435/120 902/228/121
f 904/230/123 907/438/128 908/233/126
f 909/439/129 906/437/125 910/440/127
f 908/233/126 855/408/369 856/187/80
f 857/410/370 910/440/127 858/189/82
f 899/436/118 883/422/102 867/413/91
f 860/441/79 858/442/82 856/443/80
f 856/444/80 910/445/127 908/446/126
f 873/415/93 889/428/108 905/447/124
f 864/448/85 862/449/83 860/441/79
f 868/450/88 866/451/86 864/448/85
f 872/452/92 870/453/90 868/450/88
f 876/454/96 874/455/94 872/452/92
f 880/456/99 878/457/97 876/454/96
f 884/458/103 882/459/101 880/456/99
f 888/460/107 886/461/105 884/458/103
f 892/462/111 890/463/109 888/460/107
f 896/464/115 894/465/113 892/462/111
f 900/466/119 898/467/117 896/464/115
f 904/468/123 902/469/121 900/466/119
f 908/446/126 906/470/125 904/468/123
f 1432/187/80 1435/411/84 1436/186/79
f 1437/412/81 1434/189/82 1438/409/83
f 1436/186/79 1439/676/87 1440/192/85
f 1441/677/559 1438/409/83 1442/193/86
f 1440/192/85 1443/413/91 1444/195/88
f 1445/414/89 1442/193/86 1446/197/90
f 1444/195/88 1447/678/95 1448/199/92
f 1449/415/93 1446/197/90 1450/201/94
f 1447/678/95 1452/203/96 1448/199/92
f 1453/417/372 1450/201/94 1454/204/97
f 1451/416/371 1456/419/99 1452/203/96
f 1458/421/101 1453/417/372 1454/204/97
f 1455/418/98 1460/423/103 1456/419/99
f 1462/425/105 1457/420/100 1458/421/101
f 1460/423/103 1463/426/373 1464/427/107
f 1465/428/108 1462/425/105 1466/429/109
f 1464/427/107 1467/430/110 1468/218/111
f 1469/431/112 1466/429/109 1470/432/113
f 1468/218/111 1471/433/114 1472/222/115
f 1474/224/117 1469/431/112 1470/432/113
f 1471/433/114 1476/226/119 1472/222/115
f 1477/435/120 1474/224/117 1478/228/121
f 1475/436/118 1480/230/123 1476/226/119
f 1481/447/124 1478/228/121 1482/437/125
f 1479/679/122 1484/233/126 1480/230/123
f 1486/440/127 1481/447/124 1482/437/125
f 1483/438/128 1432/187/80 1484/233/126
f 1434/189/82 1485/439/129 1486/440/127
f 1475/436/118 1459/422/102 1443/413/91
f 1436/441/79 1434/442/82 1432/443/80
f 1432/444/80 1486/445/127 1484/446/126
f 1449/415/93 1465/428/108 1481/447/124
f 1440/448/85 1438/449/83 1436/441/79
f 1444/450/88 1442/451/86 1440/448/85
f 1448/452/92 1446/453/90 1444/450/88
f 1452/454/96 1450/455/94 1448/452/92
f 1456/456/99 1454/457/97 1452/454/96
f 1460/458/103 1458/459/101 1456/456/99
f 1464/460/107 1462/461/105 1460/458/103
f 1468/462/111 1466/463/109 1464/460/107
f 1472/464/115 1470/465/113 1468/462/111
f 1476/466/119 1474/467/117 1472/464/115
f 1480/468/123 1478/469/121 1476/466/119
f 1484/446/126 1482/470/125 1480/468/123
f 2007/408/369 2012/186/79 2008/187/80
f 2014/409/83 2009/410/370 2010/189/82
f 2011/411/84 2016/192/85 2012/186/79
f 2018/193/86 2013/412/81 2014/409/83
f 2015/676/87 2020/195/88 2016/192/85
f 2022/197/90 2017/677/559 2018/193/86
f 2019/413/91 2024/199/92 2020/195/88
f 2026/201/94 2021/414/89 2022/197/90
f 2023/678/95 2028/203/96 2024/199/92
f 2029/417/372 2026/201/94 2030/204/97
f 2028/203/96 2031/418/98 2032/419/99
f 2033/420/100 2030/204/97 2034/421/101
f 2032/419/99 2035/422/102 2036/423/103
f 2037/424/104 2034/421/101 2038/425/105
f 2035/422/102 2040/427/107 2036/423/103
f 2041/428/108 2038/425/105 2042/429/109
f 2039/426/373 2044/218/111 2040/427/107
f 2045/431/112 2042/429/109 2046/432/113
f 2044/218/111 2047/433/114 2048/222/115
f 2049/434/116 2046/432/113 2050/224/117
f 2047/433/114 2052/226/119 2048/222/115
f 2053/435/120 2050/224/117 2054/228/121
f 2052/226/119 2055/679/122 2056/230/123
f 2057/447/124 2054/228/121 2058/437/125
f 2055/679/122 2060/233/126 2056/230/123
f 2062/440/127 2057/447/124 2058/437/125
f 2059/438/128 2008/187/80 2060/233/126
f 2010/189/82 2061/439/129 2062/440/127
f 2051/436/118 2035/422/102 2019/413/91
f 2012/441/79 2010/442/82 2008/443/80
f 2008/444/80 2062/445/127 2060/446/126
f 2025/415/93 2041/428/108 2057/447/124
f 2016/448/85 2014/449/83 2012/441/79
f 2020/450/88 2018/451/86 2016/448/85
f 2024/452/92 2022/453/90 2020/450/88
f 2028/454/96 2026/455/94 2024/452/92
f 2032/456/99 2030/457/97 2028/454/96
f 2036/458/103 2034/459/101 2032/456/99
f 2040/460/107 2038/461/105 2036/458/103
f 2044/462/111 2042/463/109 2040/460/107
f 2048/464/115 2046/465/113 2044/462/111
f 2052/466/119 2050/467/117 2048/464/115
f 2056/468/123 2054/469/121 2052/466/119
f 2060/446/126 2058/470/125 2056/468/123
f 855/408/369 859/411/84 860/186/79
f 862/409/83 861/412/81 857/410/370
f 859/411/84 863/676/87 864/192/85
f 866/193/86 865/677/559 861/412/81
f 864/192/85 863/676/87 867/413/91
f 869/414/89 865/677/559 866/193/86
f 867/413/91 871/678/95 872/199/92
f 873/415/93 869/414/89 870/197/90
f 872/199/92 871/678/95 875/416/371
f 877/417/372 873/415/93 874/201/94
f 876/203/96 875/416/371 879/418/98
f 881/420/100 877/417/372 878/204/97
f 880/419/99 879/418/98 883/422/102
f 885/424/104 881/420/100 882/421/101
f 884/423/103 883/422/102 887/426/373
f 889/428/108 885/424/104 886/425/105
f 888/427/107 887/426/373 891/430/110
f 893/431/112 889/428/108 890/429/109
f 892/218/111 891/430/110 895/433/114
f 897/434/116 893/431/112 894/432/113
f 895/433/114 899/436/118 900/226/119
f 901/435/120 897/434/116 898/224/117
f 899/436/118 903/679/122 904/230/123
f 906/437/125 905/447/124 901/435/120
f 904/230/123 903/679/122 907/438/128
f 909/439/129 905/447/124 906/437/125
f 908/233/126 907/438/128 855/408/369
f 857/410/370 909/439/129 910/440/127
f 859/411/84 855/408/369 907/438/128
f 907/438/128 903/679/122 899/436/118
f 899/436/118 895/433/114 891/430/110
f 891/430/110 887/426/373 883/422/102
f 883/422/102 879/418/98 875/416/371
f 875/416/371 871/678/95 867/413/91
f 867/413/91 863/676/87 859/411/84
f 859/411/84 907/438/128 899/436/118
f 899/436/118 891/430/110 883/422/102
f 883/422/102 875/416/371 867/413/91
f 867/413/91 859/411/84 899/436/118
f 860/441/79 862/449/83 858/442/82
f 856/444/80 858/1118/82 910/445/127
f 857/410/370 861/412/81 865/677/559
f 865/677/559 869/414/89 873/415/93
f 873/415/93 877/417/372 881/420/100
f 881/420/100 885/424/104 889/428/108
f 889/428/108 893/431/112 897/434/116
f 897/434/116 901/435/120 905/447/124
f 905/447/124 909/439/129 857/410/370
f 857/410/370 865/677/559 873/415/93
f 873/415/93 881/420/100 889/428/108
f 889/428/108 897/434/116 905/447/124
f 905/447/124 857/410/370 873/415/93
f 864/448/85 866/451/86 862/449/83
f 868/450/88 870/453/90 866/451/86
f 872/452/92 874/455/94 870/453/90
f 876/454/96 878/457/97 874/455/94
f 880/456/99 882/459/101 878/457/97
f 884/458/103 886/461/105 882/459/101
f 888/460/107 890/463/109 886/461/105
f 892/462/111 894/465/113 890/463/109
f 896/464/115 898/467/117 894/465/113
f 900/466/119 902/469/121 898/467/117
f 904/468/123 906/470/125 902/469/121
f 908/446/126 910/445/127 906/470/125
f 1432/187/80 1431/408/369 1435/411/84
f 1437/412/81 1433/410/370 1434/189/82
f 1436/186/79 1435/411/84 1439/676/87
f 1441/677/559 1437/412/81 1438/409/83
f 1440/192/85 1439/676/87 1443/413/91
f 1445/414/89 1441/677/559 1442/193/86
f 1444/195/88 1443/413/91 1447/678/95
f 1449/415/93 1445/414/89 1446/197/90
f 1447/678/95 1451/416/371 1452/203/96
f 1453/417/372 1449/415/93 1450/201/94
f 1451/416/371 1455/418/98 1456/419/99
f 1458/421/101 1457/420/100 1453/417/372
f 1455/418/98 1459/422/102 1460/423/103
f 1462/425/105 1461/424/104 1457/420/100
f 1460/423/103 1459/422/102 1463/426/373
f 1465/428/108 1461/424/104 1462/425/105
f 1464/427/107 1463/426/373 1467/430/110
f 1469/431/112 1465/428/108 1466/429/109
f 1468/218/111 1467/430/110 1471/433/114
f 1474/224/117 1473/434/116 1469/431/112
f 1471/433/114 1475/436/118 1476/226/119
f 1477/435/120 1473/434/116 1474/224/117
f 1475/436/118 1479/679/122 1480/230/123
f 1481/447/124 1477/435/120 1478/228/121
f 1479/679/122 1483/438/128 1484/233/126
f 1486/440/127 1485/439/129 1481/447/124
f 1483/438/128 1431/408/369 1432/187/80
f 1434/189/82 1433/410/370 1485/439/129
f 1435/411/84 1431/408/369 1483/438/128
f 1483/438/128 1479/679/122 1475/436/118
f 1475/436/118 1471/433/114 1467/430/110
f 1467/430/110 1463/426/373 1459/422/102
f 1459/422/102 1455/418/98 1451/416/371
f 1451/416/371 1447/678/95 1443/413/91
f 1443/413/91 1439/676/87 1435/411/84
f 1435/411/84 1483/438/128 1475/436/118
f 1475/436/118 1467/430/110 1459/422/102
f 1459/422/102 1451/416/371 1443/413/91
f 1443/413/91 1435/411/84 1475/436/118
f 1436/441/79 1438/449/83 1434/442/82
f 1432/444/80 1434/1118/82 1486/445/127
f 1433/410/370 1437/412/81 1441/677/559
f 1441/677/559 1445/414/89 1449/415/93
f 1449/415/93 1453/417/372 1457/420/100
f 1457/420/100 1461/424/104 1465/428/108
f 1465/428/108 1469/431/112 1473/434/116
f 1473/434/116 1477/435/120 1481/447/124
f 1481/447/124 1485/439/129 1433/410/370
f 1433/410/370 1441/677/559 1449/415/93
f 1449/415/93 1457/420/100 1465/428/108
f 1465/428/108 1473/434/116 1481/447/124
f 1481/447/124 1433/410/370 1449/415/93
f 1440/448/85 1442/451/86 1438/449/83
f 1444/450/88 1446/453/90 1442/451/86
f 1448/452/92 1450/455/94 1446/453/90
f 1452/454/96 1454/457/97 1450/455/94
f 1456/456/99 1458/459/101 1454/457/97
f 1460/458/103 1462/461/105 1458/459/101
f 1464/460/107 1466/463/109 1462/461/105
f 1468/462/111 1470/465/113 1466/463/109
f 1472/464/115 1474/467/117 1470/465/113
f 1476/466/119 1478/469/121 1474/467/117
f 1480/468/123 1482/470/125 1478/469/121
f 1484/446/126 1486/445/127 1482/470/125
f 2007/408/369 2011/411/84 2012/186/79
f 2014/409/83 2013/412/81 2009/410/370
f 2011/411/84 2015/676/87 2016/192/85
f 2018/193/86 2017/677/559 2013/412/81
f 2015/676/87 2019/413/91 2020/195/88
f 2022/197/90 2021/414/89 2017/677/559
f 2019/413/91 2023/678/95 2024/199/92
f 2026/201/94 2025/415/93 2021/414/89
f 2023/678/95 2027/416/371 2028/203/96
f 2029/417/372 2025/415/93 2026/201/94
f 2028/203/96 2027/416/371 2031/418/98
f 2033/420/100 2029/417/372 2030/204/97
f 2032/419/99 2031/418/98 2035/422/102
f 2037/424/104 2033/420/100 2034/421/101
f 2035/422/102 2039/426/373 2040/427/107
f 2041/428/108 2037/424/104 2038/425/105
f 2039/426/373 2043/430/110 2044/218/111
f 2045/431/112 2041/428/108 2042/429/109
f 2044/218/111 2043/430/110 2047/433/114
f 2049/434/116 2045/431/112 2046/432/113
f 2047/433/114 2051/436/118 2052/226/119
f 2053/435/120 2049/434/116 2050/224/117
f 2052/226/119 2051/436/118 2055/679/122
f 2057/447/124 2053/435/120 2054/228/121
f 2055/679/122 2059/438/128 2060/233/126
f 2062/440/127 2061/439/129 2057/447/124
f 2059/438/128 2007/408/369 2008/187/80
f 2010/189/82 2009/410/370 2061/439/129
f 2011/411/84 2007/408/369 2059/438/128
f 2059/438/128 2055/679/122 2051/436/118
f 2051/436/118 2047/433/114 2043/430/110
f 2043/430/110 2039/426/373 2035/422/102
f 2035/422/102 2031/418/98 2027/416/371
f 2027/416/371 2023/678/95 2019/413/91
f 2019/413/91 2015/676/87 2011/411/84
f 2011/411/84 2059/438/128 2051/436/118
f 2051/436/118 2043/430/110 2035/422/102
f 2035/422/102 2027/416/371 2019/413/91
f 2019/413/91 2011/411/84 2051/436/118
f 2012/441/79 2014/449/83 2010/442/82
f 2008/444/80 2010/1118/82 2062/445/127
f 2009/410/370 2013/412/81 2017/677/559
f 2017/677/559 2021/414/89 2025/415/93
f 2025/415/93 2029/417/372 2033/420/100
f 2033/420/100 2037/424/104 2041/428/108
f 2041/428/108 2045/431/112 2049/434/116
f 2049/434/116 2053/435/120 2057/447/124
f 2057/447/124 2061/439/129 2009/410/370
f 2009/410/370 2017/677/559 2025/415/93
f 2025/415/93 2033/420/100 2041/428/108
f 2041/428/108 2049/434/116 2057/447/124
f 2057/447/124 2009/410/370 2025/415/93
f 2016/448/85 2018/451/86 2014/449/83
f 2020/450/88 2022/453/90 2018/451/86
f 2024/452/92 2026/455/94 2022/453/90
f 2028/454/96 2030/457/97 2026/455/94
f 2032/456/99 2034/459/101 2030/457/97
f 2036/458/103 2038/461/105 2034/459/101
f 2040/460/107 2042/463/109 2038/461/105
f 2044/462/111 2046/465/113 2042/463/109
f 2048/464/115 2050/467/117 2046/465/113
f 2052/466/119 2054/469/121 2050/467/117
f 2056/468/123 2058/470/125 2054/469/121
f 2060/446/126 2062/445/127 2058/470/125
usemtl Shell
f 1011/575/470 1013/576/471 1012/577/472
f 1014/578/473 1016/579/474 1015/580/475
f 1017/581/476 1019/582/477 1018/583/478
f 1020/584/479 1022/585/480 1021/586/481
f 1023/587/482 1025/588/483 1024/589/484
f 1026/590/485 1028/591/486 1027/592/487
f 1029/593/488 1031/594/489 1030/595/490
f 1032/596/491 1034/597/492 1033/598/493
f 1035/599/494 1037/600/495 1036/601/496
f 1038/602/497 1040/603/498 1039/604/499
f 1041/605/500 1043/606/501 1042/607/502
f 1044/608/503 1046/609/504 1045/610/505
f 1047/611/506 1049/612/507 1048/613/508
f 1050/614/509 1052/615/510 1051/616/511
f 1053/617/512 1055/618/513 1054/619/514
f 1056/620/515 1058/621/516 1057/622/517
f 1059/623/518 1061/624/519 1060/625/520
f 1062/626/521 1064/627/522 1063/628/523
f 1065/629/524 1067/630/525 1066/631/526
f 1068/632/527 1070/633/528 1069/634/529
f 1011/575/470 1018/583/478 1013/576/471
f 1022/585/480 1014/578/473 1015/580/475
f 1013/635/471 1016/636/474 1012/637/472
f 1022/638/480 1019/639/477 1021/640/481
f 1019/582/477 1023/587/482 1024/589/484
f 1028/591/486 1020/584/479 1021/586/481
f 1028/641/486 1025/642/483 1027/643/487
f 1023/587/482 1030/595/490 1025/588/483
f 1034/597/492 1026/590/485 1027/592/487
f 1034/644/492 1031/645/489 1033/646/493
f 1029/593/488 1036/601/496 1031/594/489
f 1040/603/498 1032/596/491 1033/598/493
f 1040/647/498 1037/648/495 1039/649/499
f 1037/600/495 1041/605/500 1042/607/502
f 1044/608/503 1039/604/499 1046/609/504
f 1046/650/504 1043/651/501 1045/652/505
f 1043/606/501 1047/611/506 1048/613/508
f 1050/614/509 1045/610/505 1052/615/510
f 1052/653/510 1049/654/507 1051/655/511
f 1047/611/506 1054/619/514 1049/612/507
f 1056/620/515 1051/616/511 1058/621/516
f 1058/656/516 1055/657/513 1057/658/517
f 1053/617/512 1060/625/520 1055/618/513
f 1062/626/521 1057/622/517 1064/627/522
f 1064/659/522 1061/660/519 1063/661/523
f 1059/623/518 1066/631/526 1061/624/519
f 1070/633/528 1062/626/521 1063/628/523
f 1070/662/528 1067/663/525 1069/664/529
f 1065/629/524 1012/577/472 1067/630/525
f 1016/579/474 1068/632/527 1069/634/529
f 1053/617/512 1029/593/488 1017/581/476
f 1018/665/478 1015/666/475 1013/667/471
f 1012/637/472 1069/664/529 1067/663/525
f 1038/602/497 1062/626/521 1014/578/473
f 1024/668/484 1021/640/481 1019/639/477
f 1030/669/490 1027/643/487 1025/642/483
f 1036/670/496 1033/646/493 1031/645/489
f 1042/671/502 1039/649/499 1037/648/495
f 1048/672/508 1045/652/505 1043/651/501
f 1054/673/514 1051/655/511 1049/654/507
f 1060/674/520 1057/658/517 1055/657/513
f 1066/675/526 1063/661/523 1061/660/519
f 1071/575/470 1073/576/471 1072/577/472
f 1074/578/473 1076/579/474 1075/580/475
f 1077/581/476 1079/582/477 1078/583/530
f 1080/584/479 1082/585/531 1081/586/481
f 1083/587/532 1085/588/483 1084/589/533
f 1086/590/534 1088/591/486 1087/592/487
f 1089/593/488 1091/594/535 1090/595/490
f 1092/596/491 1094/597/492 1093/598/493
f 1095/599/494 1097/600/495 1096/601/496
f 1098/602/497 1100/603/498 1099/604/499
f 1101/605/500 1103/606/501 1102/607/536
f 1104/608/503 1106/609/504 1105/610/505
f 1107/611/506 1109/612/507 1108/613/508
f 1110/614/509 1112/615/510 1111/616/511
f 1113/617/537 1115/618/513 1114/619/514
f 1116/620/538 1118/621/539 1117/622/517
f 1119/623/540 1121/624/541 1120/625/520
f 1122/626/542 1124/627/522 1123/628/523
f 1125/629/524 1127/630/543 1126/631/526
f 1128/632/527 1130/633/528 1129/634/544
f 1073/576/471 1077/581/476 1078/583/530
f 1080/584/479 1075/580/475 1082/585/531
f 1073/635/471 1076/636/474 1072/637/472
f 1082/638/531 1079/639/477 1081/640/481
f 1077/581/476 1084/589/533 1079/582/477
f 1088/591/486 1080/584/479 1081/586/481
f 1088/641/486 1085/642/483 1087/643/487
f 1083/587/532 1090/595/490 1085/588/483
f 1094/597/492 1086/590/534 1087/592/487
f 1094/644/492 1091/645/535 1093/646/493
f 1091/594/535 1095/599/494 1096/601/496
f 1098/602/497 1093/598/493 1100/603/498
f 1100/647/498 1097/648/495 1099/649/499
f 1097/600/495 1101/605/500 1102/607/536
f 1104/608/503 1099/604/499 1106/609/504
f 1106/650/504 1103/651/501 1105/652/505
f 1101/605/500 1108/613/508 1103/606/501
f 1112/615/510 1104/608/503 1105/610/505
f 1112/653/510 1109/654/507 1111/655/511
f 1107/611/506 1114/619/514 1109/612/507
f 1118/621/539 1110/614/509 1111/616/511
f 1118/656/539 1115/657/513 1117/658/517
f 1113/617/537 1120/625/520 1115/618/513
f 1122/626/542 1117/622/517 1124/627/522
f 1124/659/522 1121/660/541 1123/661/523
f 1121/624/541 1125/629/524 1126/631/526
f 1128/632/527 1123/628/523 1130/633/528
f 1130/662/528 1127/663/543 1129/664/544
f 1125/629/524 1072/577/472 1127/630/543
f 1076/579/474 1128/632/527 1129/634/544
f 1113/617/537 1089/593/488 1077/581/476
f 1078/665/530 1075/666/475 1073/667/471
f 1072/637/472 1129/664/544 1127/663/543
f 1098/602/497 1122/626/542 1074/578/473
f 1084/668/533 1081/640/481 1079/639/477
f 1090/669/490 1087/643/487 1085/642/483
f 1096/670/496 1093/646/493 1091/645/535
f 1102/671/536 1099/649/499 1097/648/495
f 1108/672/508 1105/652/505 1103/651/501
f 1114/673/514 1111/655/511 1109/654/507
f 1120/674/520 1117/658/517 1115/657/513
f 1126/675/526 1123/661/523 1121/660/541
f 1131/575/470 1133/576/471 1132/577/472
f 1134/578/473 1136/579/474 1135/580/475
f 1137/581/476 1139/582/477 1138/583/478
f 1140/584/479 1142/585/480 1141/586/481
f 1143/587/532 1145/588/483 1144/589/533
f 1146/590/534 1148/591/486 1147/592/487
f 1149/593/488 1151/594/489 1150/595/490
f 1152/596/491 1154/597/492 1153/598/493
f 1155/599/494 1157/600/495 1156/601/496
f 1158/602/497 1160/603/498 1159/604/499
f 1161/605/500 1163/606/501 1162/607/536
f 1164/608/503 1166/609/504 1165/610/505
f 1167/611/506 1169/612/507 1168/613/508
f 1170/614/509 1172/615/510 1171/616/511
f 1173/617/512 1175/618/513 1174/619/514
f 1176/620/515 1178/621/539 1177/622/517
f 1179/623/518 1181/624/541 1180/625/520
f 1182/626/521 1184/627/522 1183/628/523
f 1185/629/524 1187/630/525 1186/631/526
f 1188/632/527 1190/633/528 1189/634/529
f 1133/576/471 1137/581/476 1138/583/478
f 1140/584/479 1135/580/475 1142/585/480
f 1133/635/471 1136/636/474 1132/637/472
f 1142/638/480 1139/639/477 1141/640/481
f 1137/581/476 1144/589/533 1139/582/477
f 1148/591/486 1140/584/479 1141/586/481
f 1148/641/486 1145/642/483 1147/643/487
f 1143/587/532 1150/595/490 1145/588/483
f 1152/596/491 1147/592/487 1154/597/492
f 1154/644/492 1151/645/489 1153/646/493
f 1151/594/489 1155/599/494 1156/601/496
f 1158/602/497 1153/598/493 1160/603/498
f 1160/647/498 1157/648/495 1159/649/499
f 1155/599/494 1162/607/536 1157/600/495
f 1166/609/504 1158/602/497 1159/604/499
f 1166/650/504 1163/651/501 1165/652/505
f 1163/606/501 1167/611/506 1168/613/508
f 1170/614/509 1165/610/505 1172/615/510
f 1172/653/510 1169/654/507 1171/655/511
f 1169/612/507 1173/617/512 1174/619/514
f 1176/620/515 1171/616/511 1178/621/539
f 1178/656/539 1175/657/513 1177/658/517
f 1173/617/512 1180/625/520 1175/618/513
f 1182/626/521 1177/622/517 1184/627/522
f 1184/659/522 1181/660/541 1183/661/523
f 1179/623/518 1186/631/526 1181/624/541
f 1190/633/528 1182/626/521 1183/628/523
f 1190/662/528 1187/663/525 1189/664/529
f 1185/629/524 1132/577/472 1187/630/525
f 1136/579/474 1188/632/527 1189/634/529
f 1173/617/512 1149/593/488 1137/581/476
f 1138/665/478 1135/666/475 1133/667/471
f 1132/637/472 1189/664/529 1187/663/525
f 1158/602/497 1182/626/521 1134/578/473
f 1144/668/533 1141/640/481 1139/639/477
f 1150/669/490 1147/643/487 1145/642/483
f 1156/670/496 1153/646/493 1151/645/489
f 1162/671/536 1159/649/499 1157/648/495
f 1168/672/508 1165/652/505 1163/651/501
f 1174/673/514 1171/655/511 1169/654/507
f 1180/674/520 1177/658/517 1175/657/513
f 1186/675/526 1183/661/523 1181/660/541
f 1191/575/470 1193/576/471 1192/577/545
f 1194/578/473 1196/579/546 1195/580/475
f 1197/581/476 1199/582/477 1198/583/478
f 1200/584/479 1202/585/480 1201/586/481
f 1203/587/482 1205/588/483 1204/589/484
f 1206/590/485 1208/591/486 1207/592/487
f 1209/593/547 1211/594/489 1210/595/490
f 1212/596/548 1214/597/492 1213/598/493
f 1215/599/494 1217/600/495 1216/601/496
f 1218/602/497 1220/603/498 1219/604/499
f 1221/605/500 1223/606/501 1222/607/536
f 1224/608/503 1226/609/504 1225/610/505
f 1227/611/506 1229/612/507 1228/613/508
f 1230/614/509 1232/615/549 1231/616/511
f 1233/617/537 1235/618/513 1234/619/550
f 1236/620/538 1238/621/516 1237/622/517
f 1239/623/540 1241/624/519 1240/625/520
f 1242/626/542 1244/627/522 1243/628/551
f 1245/629/524 1247/630/543 1246/631/526
f 1248/632/527 1250/633/528 1249/634/529
f 1193/576/471 1197/581/476 1198/583/478
f 1200/584/479 1195/580/475 1202/585/480
f 1193/635/471 1196/636/546 1192/637/545
f 1202/638/480 1199/639/477 1201/640/481
f 1197/581/476 1204/589/484 1199/582/477
f 1208/591/486 1200/584/479 1201/586/481
f 1208/641/486 1205/642/483 1207/643/487
f 1203/587/482 1210/595/490 1205/588/483
f 1214/597/492 1206/590/485 1207/592/487
f 1214/644/492 1211/645/489 1213/646/493
f 1209/593/547 1216/601/496 1211/594/489
f 1220/603/498 1212/596/548 1213/598/493
f 1220/647/498 1217/648/495 1219/649/499
f 1215/599/494 1222/607/536 1217/600/495
f 1226/609/504 1218/602/497 1219/604/499
f 1226/650/504 1223/651/501 1225/652/505
f 1221/605/500 1228/613/508 1223/606/501
f 1232/615/549 1224/608/503 1225/610/505
f 1232/653/549 1229/654/507 1231/655/511
f 1227/611/506 1234/619/550 1229/612/507
f 1236/620/538 1231/616/511 1238/621/516
f 1238/656/516 1235/657/513 1237/658/517
f 1235/618/513 1239/623/540 1240/625/520
f 1242/626/542 1237/622/517 1244/627/522
f 1244/659/522 1241/660/519 1243/661/551
f 1241/624/519 1245/629/524 1246/631/526
f 1250/633/528 1242/626/542 1243/628/551
f 1250/662/528 1247/663/543 1249/664/529
f 1247/630/543 1191/575/470 1192/577/545
f 1194/578/473 1249/634/529 1196/579/546
f 1233/617/537 1209/593/547 1197/581/476
f 1198/665/478 1195/666/475 1193/667/471
f 1192/637/545 1249/664/529 1247/663/543
f 1218/602/497 1242/626/542 1194/578/473
f 1204/668/484 1201/640/481 1199/639/477
f 1210/669/490 1207/643/487 1205/642/483
f 1216/670/496 1213/646/493 1211/645/489
f 1222/671/536 1219/649/499 1217/648/495
f 1228/672/508 1225/652/505 1223/651/501
f 1234/673/550 1231/655/511 1229/654/507
f 1240/674/520 1237/658/517 1235/657/513
f 1246/675/526 1243/661/551 1241/660/519
f 1251/575/470 1253/576/471 1252/577/472
f 1254/578/473 1256/579/474 1255/580/475
f 1257/581/476 1259/582/477 1258/583/478
f 1260/584/479 1262/585/480 1261/586/481
f 1263/587/482 1265/588/483 1264/589/484
f 1266/590/485 1268/591/486 1267/592/487
f 1269/593/547 1271/594/489 1270/595/490
f 1272/596/548 1274/597/492 1273/598/493
f 1275/599/494 1277/600/495 1276/601/496
f 1278/602/497 1280/603/498 1279/604/499
f 1281/605/500 1283/606/501 1282/607/536
f 1284/608/503 1286/609/504 1285/610/505
f 1287/611/506 1289/612/507 1288/613/508
f 1290/614/509 1292/615/510 1291/616/511
f 1293/617/512 1295/618/513 1294/619/550
f 1296/620/515 1298/621/539 1297/622/517
f 1299/623/518 1301/624/541 1300/625/520
f 1302/626/521 1304/627/522 1303/628/551
f 1305/629/524 1307/630/525 1306/631/526
f 1308/632/527 1310/633/528 1309/634/529
f 1251/575/470 1258/583/478 1253/576/471
f 1262/585/480 1254/578/473 1255/580/475
f 1253/635/471 1256/636/474 1252/637/472
f 1262/638/480 1259/639/477 1261/640/481
f 1259/582/477 1263/587/482 1264/589/484
f 1266/590/485 1261/586/481 1268/591/486
f 1268/641/486 1265/642/483 1267/643/487
f 1263/587/482 1270/595/490 1265/588/483
f 1272/596/548 1267/592/487 1274/597/492
f 1274/644/492 1271/645/489 1273/646/493
f 1269/593/547 1276/601/496 1271/594/489
f 1280/603/498 1272/596/548 1273/598/493
f 1280/647/498 1277/648/495 1279/649/499
f 1277/600/495 1281/605/500 1282/607/536
f 1284/608/503 1279/604/499 1286/609/504
f 1286/650/504 1283/651/501 1285/652/505
f 1283/606/501 1287/611/506 1288/613/508
f 1290/614/509 1285/610/505 1292/615/510
f 1292/653/510 1289/654/507 1291/655/511
f 1287/611/506 1294/619/550 1289/612/507
f 1298/621/539 1290/614/509 1291/616/511
f 1298/656/539 1295/657/513 1297/658/517
f 1293/617/512 1300/625/520 1295/618/513
f 1302/626/521 1297/622/517 1304/627/522
f 1304/659/522 1301/660/541 1303/661/551
f 1299/623/518 1306/631/526 1301/624/541
f 1308/632/527 1303/628/551 1310/633/528
f 1310/662/528 1307/663/525 1309/664/529
f 1305/629/524 1252/577/472 1307/630/525
f 1254/578/473 1309/634/529 1256/579/474
f 1293/617/512 1269/593/547 1257/581/476
f 1258/665/478 1255/666/475 1253/667/471
f 1252/637/472 1309/664/529 1307/663/525
f 1278/602/497 1302/626/521 1254/578/473
f 1264/668/484 1261/640/481 1259/639/477
f 1270/669/490 1267/643/487 1265/642/483
f 1276/670/496 1273/646/493 1271/645/489
f 1282/671/536 1279/649/499 1277/648/495
f 1288/672/508 1285/652/505 1283/651/501
f 1294/673/550 1291/655/511 1289/654/507
f 1300/674/520 1297/658/517 1295/657/513
f 1306/675/526 1303/661/551 1301/660/541
f 1311/575/470 1313/576/471 1312/577/472
f 1314/578/473 1316/579/474 1315/580/475
f 1317/581/476 1319/582/477 1318/583/478
f 1320/584/479 1322/585/531 1321/586/481
f 1323/587/482 1325/588/483 1324/589/484
f 1326/590/485 1328/591/552 1327/592/553
f 1329/593/547 1331/594/535 1330/595/490
f 1332/596/548 1334/597/492 1333/598/554
f 1335/599/494 1337/600/555 1336/601/496
f 1338/602/497 1340/603/498 1339/604/556
f 1341/605/500 1343/606/501 1342/607/536
f 1344/608/503 1346/609/504 1345/610/505
f 1347/611/506 1349/612/507 1348/613/508
f 1350/614/509 1352/615/549 1351/616/511
f 1353/617/537 1355/618/513 1354/619/514
f 1356/620/538 1358/621/539 1357/622/517
f 1359/623/518 1361/624/541 1360/625/520
f 1362/626/542 1364/627/557 1363/628/523
f 1365/629/524 1367/630/525 1366/631/526
f 1368/632/527 1370/633/528 1369/634/529
f 1311/575/470 1318/583/478 1313/576/471
f 1320/584/479 1315/580/475 1322/585/531
f 1313/635/471 1316/636/474 1312/637/472
f 1322/638/531 1319/639/477 1321/640/481
f 1319/582/477 1323/587/482 1324/589/484
f 1328/591/552 1320/584/479 1321/586/481
f 1328/641/552 1325/642/483 1327/643/553
f 1325/588/483 1329/593/547 1330/595/490
f 1332/596/548 1327/592/553 1334/597/492
f 1334/644/492 1331/645/535 1333/646/554
f 1331/594/535 1335/599/494 1336/601/496
f 1338/602/497 1333/598/554 1340/603/498
f 1340/647/498 1337/648/555 1339/649/556
f 1337/600/555 1341/605/500 1342/607/536
f 1344/608/503 1339/604/556 1346/609/504
f 1346/650/504 1343/651/501 1345/652/505
f 1343/606/501 1347/611/506 1348/613/508
f 1350/614/509 1345/610/505 1352/615/549
f 1352/653/549 1349/654/507 1351/655/511
f 1347/611/506 1354/619/514 1349/612/507
f 1358/621/539 1350/614/509 1351/616/511
f 1358/656/539 1355/657/513 1357/658/517
f 1353/617/537 1360/625/520 1355/618/513
f 1364/627/557 1356/620/538 1357/622/517
f 1364/659/557 1361/660/541 1363/661/523
f 1359/623/518 1366/631/526 1361/624/541
f 1368/632/527 1363/628/523 1370/633/528
f 1370/662/528 1367/663/525 1369/664/529
f 1365/629/524 1312/577/472 1367/630/525
f 1316/579/474 1368/632/527 1369/634/529
f 1353/617/537 1329/593/547 1317/581/476
f 1318/665/478 1315/666/475 1313/667/471
f 1312/637/472 1369/664/529 1367/663/525
f 1338/602/497 1362/626/542 1314/578/473
f 1324/668/484 1321/640/481 1319/639/477
f 1330/669/490 1327/643/553 1325/642/483
f 1336/670/496 1333/646/554 1331/645/535
f 1342/671/536 1339/649/556 1337/648/555
f 1348/672/508 1345/652/505 1343/651/501
f 1354/673/514 1351/655/511 1349/654/507
f 1360/674/520 1357/658/517 1355/657/513
f 1366/675/526 1363/661/523 1361/660/541
f 1371/575/470 1373/576/471 1372/577/545
f 1374/578/473 1376/579/474 1375/580/475
f 1377/581/476 1379/582/477 1378/583/478
f 1380/584/479 1382/585/480 1381/586/481
f 1383/587/532 1385/588/483 1384/589/533
f 1386/590/534 1388/591/486 1387/592/487
f 1389/593/488 1391/594/535 1390/595/490
f 1392/596/548 1394/597/492 1393/598/554
f 1395/599/494 1397/600/495 1396/601/496
f 1398/602/497 1400/603/498 1399/604/499
f 1401/605/500 1403/606/501 1402/607/536
f 1404/608/503 1406/609/504 1405/610/558
f 1407/611/506 1409/612/507 1408/613/508
f 1410/614/509 1412/615/510 1411/616/511
f 1413/617/537 1415/618/513 1414/619/514
f 1416/620/538 1418/621/539 1417/622/517
f 1419/623/540 1421/624/541 1420/625/520
f 1422/626/542 1424/627/522 1423/628/523
f 1425/629/524 1427/630/525 1426/631/526
f 1428/632/527 1430/633/528 1429/634/529
f 1373/576/471 1377/581/476 1378/583/478
f 1380/584/479 1375/580/475 1382/585/480
f 1373/635/471 1376/636/474 1372/637/545
f 1382/638/480 1379/639/477 1381/640/481
f 1377/581/476 1384/589/533 1379/582/477
f 1388/591/486 1380/584/479 1381/586/481
f 1388/641/486 1385/642/483 1387/643/487
f 1383/587/532 1390/595/490 1385/588/483
f 1394/597/492 1386/590/534 1387/592/487
f 1394/644/492 1391/645/535 1393/646/554
f 1389/593/488 1396/601/496 1391/594/535
f 1400/603/498 1392/596/548 1393/598/554
f 1400/647/498 1397/648/495 1399/649/499
f 1397/600/495 1401/605/500 1402/607/536
f 1404/608/503 1399/604/499 1406/609/504
f 1406/650/504 1403/651/501 1405/652/558
f 1401/605/500 1408/613/508 1403/606/501
f 1410/614/509 1405/610/558 1412/615/510
f 1412/653/510 1409/654/507 1411/655/511
f 1407/611/506 1414/619/514 1409/612/507
f 1418/621/539 1410/614/509 1411/616/511
f 1418/656/539 1415/657/513 1417/658/517
f 1415/618/513 1419/623/540 1420/625/520
f 1422/626/542 1417/622/517 1424/627/522
f 1424/659/522 1421/660/541 1423/661/523
f 1421/624/541 1425/629/524 1426/631/526
f 1428/632/527 1423/628/523 1430/633/528
f 1430/662/528 1427/663/525 1429/664/529
f 1425/629/524 1372/577/545 1427/630/525
f 1376/579/474 1428/632/527 1429/634/529
f 1413/617/537 1389/593/488 1377/581/476
f 1378/665/478 1375/666/475 1373/667/471
f 1372/637/545 1429/664/529 1427/663/525
f 1398/602/497 1422/626/542 1374/578/473
f 1384/668/533 1381/640/481 1379/639/477
f 1390/669/490 1387/643/487 1385/642/483
f 1396/670/496 1393/646/554 1391/645/535
f 1402/671/536 1399/649/499 1397/648/495
f 1408/672/508 1405/652/558 1403/651/501
f 1414/673/514 1411/655/511 1409/654/507
f 1420/674/520 1417/658/517 1415/657/513
f 1426/675/526 1423/661/523 1421/660/541
f 1011/575/470 1017/581/476 1018/583/478
f 1022/585/480 1020/584/479 1014/578/473
f 1013/635/471 1015/1119/475 1016/636/474
f 1022/638/480 1018/665/478 1019/639/477
f 1019/582/477 1017/581/476 1023/587/482
f 1028/591/486 1026/590/485 1020/584/479
f 1028/641/486 1024/668/484 1025/642/483
f 1023/587/482 1029/593/488 1030/595/490
f 1034/597/492 1032/596/491 1026/590/485
f 1034/644/492 1030/669/490 1031/645/489
f 1029/593/488 1035/599/494 1036/601/496
f 1040/603/498 1038/602/497 1032/596/491
f 1040/647/498 1036/670/496 1037/648/495
f 1037/600/495 1035/599/494 1041/605/500
f 1044/608/503 1038/602/497 1039/604/499
f 1046/650/504 1042/671/502 1043/651/501
f 1043/606/501 1041/605/500 1047/611/506
f 1050/614/509 1044/608/503 1045/610/505
f 1052/653/510 1048/672/508 1049/654/507
f 1047/611/506 1053/617/512 1054/619/514
f 1056/620/515 1050/614/509 1051/616/511
f 1058/656/516 1054/673/514 1055/657/513
f 1053/617/512 1059/623/518 1060/625/520
f 1062/626/521 1056/620/515 1057/622/517
f 1064/659/522 1060/674/520 1061/660/519
f 1059/623/518 1065/629/524 1066/631/526
f 1070/633/528 1068/632/527 1062/626/521
f 1070/662/528 1066/675/526 1067/663/525
f 1065/629/524 1011/575/470 1012/577/472
f 1016/579/474 1014/578/473 1068/632/527
f 1017/581/476 1011/575/470 1065/629/524
f 1065/629/524 1059/623/518 1053/617/512
f 1053/617/512 1047/611/506 1041/605/500
f 1041/605/500 1035/599/494 1029/593/488
f 1029/593/488 1023/587/482 1017/581/476
f 1017/581/476 1065/629/524 1053/617/512
f 1053/617/512 1041/605/500 1029/593/488
f 1018/665/478 1022/638/480 1015/666/475
f 1012/637/472 1016/636/474 1069/664/529
f 1014/578/473 1020/584/479 1026/590/485
f 1026/590/485 1032/596/491 1038/602/497
f 1038/602/497 1044/608/503 1050/614/509
f 1050/614/509 1056/620/515 1062/626/521
f 1062/626/521 1068/632/527 1014/578/473
f 1014/578/473 1026/590/485 1038/602/497
f 1038/602/497 1050/614/509 1062/626/521
f 1024/668/484 1028/641/486 1021/640/481
f 1030/669/490 1034/644/492 1027/643/487
f 1036/670/496 1040/647/498 1033/646/493
f 1042/671/502 1046/650/504 1039/649/499
f 1048/672/508 1052/653/510 1045/652/505
f 1054/673/514 1058/656/516 1051/655/511
f 1060/674/520 1064/659/522 1057/658/517
f 1066/675/526 1070/662/528 1063/661/523
f 1073/576/471 1071/575/470 1077/581/476
f 1080/584/479 1074/578/473 1075/580/475
f 1073/635/471 1075/1119/475 1076/636/474
f 1082/638/531 1078/665/530 1079/639/477
f 1077/581/476 1083/587/532 1084/589/533
f 1088/591/486 1086/590/534 1080/584/479
f 1088/641/486 1084/668/533 1085/642/483
f 1083/587/532 1089/593/488 1090/595/490
f 1094/597/492 1092/596/491 1086/590/534
f 1094/644/492 1090/669/490 1091/645/535
f 1091/594/535 1089/593/488 1095/599/494
f 1098/602/497 1092/596/491 1093/598/493
f 1100/647/498 1096/670/496 1097/648/495
f 1097/600/495 1095/599/494 1101/605/500
f 1104/608/503 1098/602/497 1099/604/499
f 1106/650/504 1102/671/536 1103/651/501
f 1101/605/500 1107/611/506 1108/613/508
f 1112/615/510 1110/614/509 1104/608/503
f 1112/653/510 1108/672/508 1109/654/507
f 1107/611/506 1113/617/537 1114/619/514
f 1118/621/539 1116/620/538 1110/614/509
f 1118/656/539 1114/673/514 1115/657/513
f 1113/617/537 1119/623/540 1120/625/520
f 1122/626/542 1116/620/538 1117/622/517
f 1124/659/522 1120/674/520 1121/660/541
f 1121/624/541 1119/623/540 1125/629/524
f 1128/632/527 1122/626/542 1123/628/523
f 1130/662/528 1126/675/526 1127/663/543
f 1125/629/524 1071/575/470 1072/577/472
f 1076/579/474 1074/578/473 1128/632/527
f 1077/581/476 1071/575/470 1125/629/524
f 1125/629/524 1119/623/540 1113/617/537
f 1113/617/537 1107/611/506 1101/605/500
f 1101/605/500 1095/599/494 1089/593/488
f 1089/593/488 1083/587/532 1077/581/476
f 1077/581/476 1125/629/524 1113/617/537
f 1113/617/537 1101/605/500 1089/593/488
f 1078/665/530 1082/638/531 1075/666/475
f 1072/637/472 1076/636/474 1129/664/544
f 1074/578/473 1080/584/479 1086/590/534
f 1086/590/534 1092/596/491 1098/602/497
f 1098/602/497 1104/608/503 1110/614/509
f 1110/614/509 1116/620/538 1122/626/542
f 1122/626/542 1128/632/527 1074/578/473
f 1074/578/473 1086/590/534 1098/602/497
f 1098/602/497 1110/614/509 1122/626/542
f 1084/668/533 1088/641/486 1081/640/481
f 1090/669/490 1094/644/492 1087/643/487
f 1096/670/496 1100/647/498 1093/646/493
f 1102/671/536 1106/650/504 1099/649/499
f 1108/672/508 1112/653/510 1105/652/505
f 1114/673/514 1118/656/539 1111/655/511
f 1120/674/520 1124/659/522 1117/658/517
f 1126/675/526 1130/662/528 1123/661/523
f 1133/576/471 1131/575/470 1137/581/476
f 1140/584/479 1134/578/473 1135/580/475
f 1133/635/471 1135/1119/475 1136/636/474
f 1142/638/480 1138/665/478 1139/639/477
f 1137/581/476 1143/587/532 1144/589/533
f 1148/591/486 1146/590/534 1140/584/479
f 1148/641/486 1144/668/533 1145/642/483
f 1143/587/532 1149/593/488 1150/595/490
f 1152/596/491 1146/590/534 1147/592/487
f 1154/644/492 1150/669/490 1151/645/489
f 1151/594/489 1149/593/488 1155/599/494
f 1158/602/497 1152/596/491 1153/598/493
f 1160/647/498 1156/670/496 1157/648/495
f 1155/599/494 1161/605/500 1162/607/536
f 1166/609/504 1164/608/503 1158/602/497
f 1166/650/504 1162/671/536 1163/651/501
f 1163/606/501 1161/605/500 1167/611/506
f 1170/614/509 1164/608/503 1165/610/505
f 1172/653/510 1168/672/508 1169/654/507
f 1169/612/507 1167/611/506 1173/617/512
f 1176/620/515 1170/614/509 1171/616/511
f 1178/656/539 1174/673/514 1175/657/513
f 1173/617/512 1179/623/518 1180/625/520
f 1182/626/521 1176/620/515 1177/622/517
f 1184/659/522 1180/674/520 1181/660/541
f 1179/623/518 1185/629/524 1186/631/526
f 1190/633/528 1188/632/527 1182/626/521
f 1190/662/528 1186/675/526 1187/663/525
f 1185/629/524 1131/575/470 1132/577/472
f 1136/579/474 1134/578/473 1188/632/527
f 1137/581/476 1131/575/470 1185/629/524
f 1185/629/524 1179/623/518 1173/617/512
f 1173/617/512 1167/611/506 1161/605/500
f 1161/605/500 1155/599/494 1149/593/488
f 1149/593/488 1143/587/532 1137/581/476
f 1137/581/476 1185/629/524 1173/617/512
f 1173/617/512 1161/605/500 1149/593/488
f 1138/665/478 1142/638/480 1135/666/475
f 1132/637/472 1136/636/474 1189/664/529
f 1134/578/473 1140/584/479 1146/590/534
f 1146/590/534 1152/596/491 1158/602/497
f 1158/602/497 1164/608/503 1170/614/509
f 1170/614/509 1176/620/515 1182/626/521
f 1182/626/521 1188/632/527 1134/578/473
f 1134/578/473 1146/590/534 1158/602/497
f 1158/602/497 1170/614/509 1182/626/521
f 1144/668/533 1148/641/486 1141/640/481
f 1150/669/490 1154/644/492 1147/643/487
f 1156/670/496 1160/647/498 1153/646/493
f 1162/671/536 1166/650/504 1159/649/499
f 1168/672/508 1172/653/510 1165/652/505
f 1174/673/514 1178/656/539 1171/655/511
f 1180/674/520 1184/659/522 1177/658/517
f 1186/675/526 1190/662/528 1183/661/523
f 1193/576/471 1191/575/470 1197/581/476
f 1200/584/479 1194/578/473 1195/580/475
f 1193/635/471 1195/1119/475 1196/636/546
f 1202/638/480 1198/665/478 1199/639/477
f 1197/581/476 1203/587/482 1204/589/484
f 1208/591/486 1206/590/485 1200/584/479
f 1208/641/486 1204/668/484 1205/642/483
f 1203/587/482 1209/593/547 1210/595/490
f 1214/597/492 1212/596/548 1206/590/485
f 1214/644/492 1210/669/490 1211/645/489
f 1209/593/547 1215/599/494 1216/601/496
f 1220/603/498 1218/602/497 1212/596/548
f 1220/647/498 1216/670/496 1217/648/495
f 1215/599/494 1221/605/500 1222/607/536
f 1226/609/504 1224/608/503 1218/602/497
f 1226/650/504 1222/671/536 1223/651/501
f 1221/605/500 1227/611/506 1228/613/508
f 1232/615/549 1230/614/509 1224/608/503
f 1232/653/549 1228/672/508 1229/654/507
f 1227/611/506 1233/617/537 1234/619/550
f 1236/620/538 1230/614/509 1231/616/511
f 1238/656/516 1234/673/550 1235/657/513
f 1235/618/513 1233/617/537 1239/623/540
f 1242/626/542 1236/620/538 1237/622/517
f 1244/659/522 1240/674/520 1241/660/519
f 1241/624/519 1239/623/540 1245/629/524
f 1250/633/528 1248/632/527 1242/626/542
f 1250/662/528 1246/675/526 1247/663/543
f 1247/630/543 1245/629/524 1191/575/470
f 1194/578/473 1248/632/527 1249/634/529
f 1197/581/476 1191/575/470 1245/629/524
f 1245/629/524 1239/623/540 1233/617/537
f 1233/617/537 1227/611/506 1221/605/500
f 1221/605/500 1215/599/494 1209/593/547
f 1209/593/547 1203/587/482 1197/581/476
f 1197/581/476 1245/629/524 1233/617/537
f 1233/617/537 1221/605/500 1209/593/547
f 1198/665/478 1202/638/480 1195/666/475
f 1192/637/545 1196/636/546 1249/664/529
f 1194/578/473 1200/584/479 1206/590/485
f 1206/590/485 1212/596/548 1218/602/497
f 1218/602/497 1224/608/503 1230/614/509
f 1230/614/509 1236/620/538 1242/626/542
f 1242/626/542 1248/632/527 1194/578/473
f 1194/578/473 1206/590/485 1218/602/497
f 1218/602/497 1230/614/509 1242/626/542
f 1204/668/484 1208/641/486 1201/640/481
f 1210/669/490 1214/644/492 1207/643/487
f 1216/670/496 1220/647/498 1213/646/493
f 1222/671/536 1226/650/504 1219/649/499
f 1228/672/508 1232/653/549 1225/652/505
f 1234/673/550 1238/656/516 1231/655/511
f 1240/674/520 1244/659/522 1237/658/517
f 1246/675/526 1250/662/528 1243/661/551
f 1251/575/470 1257/581/476 1258/583/478
f 1262/585/480 1260/584/479 1254/578/473
f 1253/635/471 1255/1119/475 1256/636/474
f 1262/638/480 1258/665/478 1259/639/477
f 1259/582/477 1257/581/476 1263/587/482
f 1266/590/485 1260/584/479 1261/586/481
f 1268/641/486 1264/668/484 1265/642/483
f 1263/587/482 1269/593/547 1270/595/490
f 1272/596/548 1266/590/485 1267/592/487
f 1274/644/492 1270/669/490 1271/645/489
f 1269/593/547 1275/599/494 1276/601/496
f 1280/603/498 1278/602/497 1272/596/548
f 1280/647/498 1276/670/496 1277/648/495
f 1277/600/495 1275/599/494 1281/605/500
f 1284/608/503 1278/602/497 1279/604/499
f 1286/650/504 1282/671/536 1283/651/501
f 1283/606/501 1281/605/500 1287/611/506
f 1290/614/509 1284/608/503 1285/610/505
f 1292/653/510 1288/672/508 1289/654/507
f 1287/611/506 1293/617/512 1294/619/550
f 1298/621/539 1296/620/515 1290/614/509
f 1298/656/539 1294/673/550 1295/657/513
f 1293/617/512 1299/623/518 1300/625/520
f 1302/626/521 1296/620/515 1297/622/517
f 1304/659/522 1300/674/520 1301/660/541
f 1299/623/518 1305/629/524 1306/631/526
f 1308/632/527 1302/626/521 1303/628/551
f 1310/662/528 1306/675/526 1307/663/525
f 1305/629/524 1251/575/470 1252/577/472
f 1254/578/473 1308/632/527 1309/634/529
f 1257/581/476 1251/575/470 1305/629/524
f 1305/629/524 1299/623/518 1293/617/512
f 1293/617/512 1287/611/506 1281/605/500
f 1281/605/500 1275/599/494 1269/593/547
f 1269/593/547 1263/587/482 1257/581/476
f 1257/581/476 1305/629/524 1293/617/512
f 1293/617/512 1281/605/500 1269/593/547
f 1258/665/478 1262/638/480 1255/666/475
f 1252/637/472 1256/636/474 1309/664/529
f 1254/578/473 1260/584/479 1266/590/485
f 1266/590/485 1272/596/548 1278/602/497
f 1278/602/497 1284/608/503 1290/614/509
f 1290/614/509 1296/620/515 1302/626/521
f 1302/626/521 1308/632/527 1254/578/473
f 1254/578/473 1266/590/485 1278/602/497
f 1278/602/497 1290/614/509 1302/626/521
f 1264/668/484 1268/641/486 1261/640/481
f 1270/669/490 1274/644/492 1267/643/487
f 1276/670/496 1280/647/498 1273/646/493
f 1282/671/536 1286/650/504 1279/649/499
f 1288/672/508 1292/653/510 1285/652/505
f 1294/673/550 1298/656/539 1291/655/511
f 1300/674/520 1304/659/522 1297/658/517
f 1306/675/526 1310/662/528 1303/661/551
f 1311/575/470 1317/581/476 1318/583/478
f 1320/584/479 1314/578/473 1315/580/475
f 1313/635/471 1315/1119/475 1316/636/474
f 1322/638/531 1318/665/478 1319/639/477
f 1319/582/477 1317/581/476 1323/587/482
f 1328/591/552 1326/590/485 1320/584/479
f 1328/641/552 1324/668/484 1325/642/483
f 1325/588/483 1323/587/482 1329/593/547
f 1332/596/548 1326/590/485 1327/592/553
f 1334/644/492 1330/669/490 1331/645/535
f 1331/594/535 1329/593/547 1335/599/494
f 1338/602/497 1332/596/548 1333/598/554
f 1340/647/498 1336/670/496 1337/648/555
f 1337/600/555 1335/599/494 1341/605/500
f 1344/608/503 1338/602/497 1339/604/556
f 1346/650/504 1342/671/536 1343/651/501
f 1343/606/501 1341/605/500 1347/611/506
f 1350/614/509 1344/608/503 1345/610/505
f 1352/653/549 1348/672/508 1349/654/507
f 1347/611/506 1353/617/537 1354/619/514
f 1358/621/539 1356/620/538 1350/614/509
f 1358/656/539 1354/673/514 1355/657/513
f 1353/617/537 1359/623/518 1360/625/520
f 1364/627/557 1362/626/542 1356/620/538
f 1364/659/557 1360/674/520 1361/660/541
f 1359/623/518 1365/629/524 1366/631/526
f 1368/632/527 1362/626/542 1363/628/523
f 1370/662/528 1366/675/526 1367/663/525
f 1365/629/524 1311/575/470 1312/577/472
f 1316/579/474 1314/578/473 1368/632/527
f 1317/581/476 1311/575/470 1365/629/524
f 1365/629/524 1359/623/518 1353/617/537
f 1353/617/537 1347/611/506 1341/605/500
f 1341/605/500 1335/599/494 1329/593/547
f 1329/593/547 1323/587/482 1317/581/476
f 1317/581/476 1365/629/524 1353/617/537
f 1353/617/537 1341/605/500 1329/593/547
f 1318/665/478 1322/638/531 1315/666/475
f 1312/637/472 1316/636/474 1369/664/529
f 1314/578/473 1320/584/479 1326/590/485
f 1326/590/485 1332/596/548 1338/602/497
f 1338/602/497 1344/608/503 1350/614/509
f 1350/614/509 1356/620/538 1362/626/542
f 1362/626/542 1368/632/527 1314/578/473
f 1314/578/473 1326/590/485 1338/602/497
f 1338/602/497 1350/614/509 1362/626/542
f 1324/668/484 1328/641/552 1321/640/481
f 1330/669/490 1334/644/492 1327/643/553
f 1336/670/496 1340/647/498 1333/646/554
f 1342/671/536 1346/650/504 1339/649/556
f 1348/672/508 1352/653/549 1345/652/505
f 1354/673/514 1358/656/539 1351/655/511
f 1360/674/520 1364/659/557 1357/658/517
f 1366/675/526 1370/662/528 1363/661/523
f 1373/576/471 1371/575/470 1377/581/476
f 1380/584/479 1374/578/473 1375/580/475
f 1373/635/471 1375/1119/475 1376/636/474
f 1382/638/480 1378/665/478 1379/639/477
f 1377/581/476 1383/587/532 1384/589/533
f 1388/591/486 1386/590/534 1380/584/479
f 1388/641/486 1384/668/533 1385/642/483
f 1383/587/532 1389/593/488 1390/595/490
f 1394/597/492 1392/596/548 1386/590/534
f 1394/644/492 1390/669/490 1391/645/535
f 1389/593/488 1395/599/494 1396/601/496
f 1400/603/498 1398/602/497 1392/596/548
f 1400/647/498 1396/670/496 1397/648/495
f 1397/600/495 1395/599/494 1401/605/500
f 1404/608/503 1398/602/497 1399/604/499
f 1406/650/504 1402/671/536 1403/651/501
f 1401/605/500 1407/611/506 1408/613/508
f 1410/614/509 1404/608/503 1405/610/558
f 1412/653/510 1408/672/508 1409/654/507
f 1407/611/506 1413/617/537 1414/619/514
f 1418/621/539 1416/620/538 1410/614/509
f 1418/656/539 1414/673/514 1415/657/513
f 1415/618/513 1413/617/537 1419/623/540
f 1422/626/542 1416/620/538 1417/622/517
f 1424/659/522 1420/674/520 1421/660/541
f 1421/624/541 1419/623/540 1425/629/524
f 1428/632/527 1422/626/542 1423/628/523
f 1430/662/528 1426/675/526 1427/663/525
f 1425/629/524 1371/575/470 1372/577/545
f 1376/579/474 1374/578/473 1428/632/527
f 1377/581/476 1371/575/470 1425/629/524
f 1425/629/524 1419/623/540 1413/617/537
f 1413/617/537 1407/611/506 1401/605/500
f 1401/605/500 1395/599/494 1389/593/488
f 1389/593/488 1383/587/532 1377/581/476
f 1377/581/476 1425/629/524 1413/617/537
f 1413/617/537 1401/605/500 1389/593/488
f 1378/665/478 1382/638/480 1375/666/475
f 1372/637/545 1376/636/474 1429/664/529
f 1374/578/473 1380/584/479 1386/590/534
f 1386/590/534 1392/596/548 1398/602/497
f 1398/602/497 1404/608/503 1410/614/509
f 1410/614/509 1416/620/538 1422/626/542
f 1422/626/542 1428/632/527 1374/578/473
f 1374/578/473 1386/590/534 1398/602/497
f 1398/602/497 1410/614/509 1422/626/542
f 1384/668/533 1388/641/486 1381/640/481
f 1390/669/490 1394/644/492 1387/643/487
f 1396/670/496 1400/647/498 1393/646/554
f 1402/671/536 1406/650/504 1399/649/499
f 1408/672/508 1412/653/510 1405/652/558
f 1414/673/514 1418/656/539 1411/655/511
f 1420/674/520 1424/659/522 1417/658/517
f 1426/675/526 1430/662/528 1423/661/523
usemtl GlassGreen
f 1587/683/470 1589/684/471 1588/685/472
f 1590/686/473 1592/687/474 1591/688/577
f 1593/689/476 1595/690/477 1594/691/478
f 1596/692/479 1598/693/480 1597/694/481
f 1599/695/482 1601/696/483 1600/697/533
f 1602/698/485 1604/699/552 1603/700/487
f 1605/701/547 1607/702/535 1606/703/578
f 1608/704/548 1610/705/492 1609/706/554
f 1611/707/494 1613/708/495 1612/709/496
f 1614/710/497 1616/711/498 1615/712/499
f 1617/713/500 1619/714/501 1618/715/502
f 1620/716/503 1622/717/579 1621/718/505
f 1623/719/506 1625/720/507 1624/721/508
f 1626/722/509 1628/723/510 1627/724/511
f 1629/725/537 1631/726/513 1630/727/514
f 1632/728/538 1634/729/539 1633/730/517
f 1635/731/540 1637/732/541 1636/733/520
f 1638/734/542 1640/735/522 1639/736/523
f 1641/737/524 1643/738/525 1642/739/526
f 1644/740/527 1646/741/528 1645/742/529
f 1587/683/470 1594/691/478 1589/684/471
f 1596/692/479 1591/688/577 1598/693/480
f 1589/635/471 1592/743/474 1588/744/472
f 1598/745/480 1595/746/477 1597/747/481
f 1595/690/477 1599/695/482 1600/697/533
f 1602/698/485 1597/694/481 1604/699/552
f 1604/748/552 1601/749/483 1603/750/487
f 1599/695/482 1606/703/578 1601/696/483
f 1610/705/492 1602/698/485 1603/700/487
f 1610/751/492 1607/752/535 1609/753/554
f 1605/701/547 1612/709/496 1607/702/535
f 1614/710/497 1609/706/554 1616/711/498
f 1616/754/498 1613/755/495 1615/756/499
f 1611/707/494 1618/715/502 1613/708/495
f 1622/717/579 1614/710/497 1615/712/499
f 1622/757/579 1619/758/501 1621/759/505
f 1619/714/501 1623/719/506 1624/721/508
f 1626/722/509 1621/718/505 1628/723/510
f 1628/760/510 1625/761/507 1627/762/511
f 1625/720/507 1629/725/537 1630/727/514
f 1632/728/538 1627/724/511 1634/729/539
f 1634/763/539 1631/764/513 1633/765/517
f 1631/726/513 1635/731/540 1636/733/520
f 1638/734/542 1633/730/517 1640/735/522
f 1640/766/522 1637/767/541 1639/768/523
f 1635/731/540 1642/739/526 1637/732/541
f 1644/740/527 1639/736/523 1646/741/528
f 1646/769/528 1643/770/525 1645/771/529
f 1643/738/525 1587/683/470 1588/685/472
f 1590/686/473 1645/742/529 1592/687/474
f 1629/725/537 1605/701/547 1593/689/476
f 1594/772/478 1591/773/577 1589/774/471
f 1588/744/472 1645/771/529 1643/770/525
f 1614/710/497 1638/734/542 1590/686/473
f 1600/775/533 1597/747/481 1595/746/477
f 1606/776/578 1603/750/487 1601/749/483
f 1612/777/496 1609/753/554 1607/752/535
f 1618/778/502 1615/756/499 1613/755/495
f 1624/779/508 1621/759/505 1619/758/501
f 1630/780/514 1627/762/511 1625/761/507
f 1636/781/520 1633/765/517 1631/764/513
f 1642/782/526 1639/768/523 1637/767/541
f 1647/683/470 1649/684/580 1648/685/472
f 1650/686/473 1652/687/474 1651/688/577
f 1653/689/476 1655/690/477 1654/691/530
f 1656/692/479 1658/693/531 1657/694/481
f 1659/695/482 1661/696/483 1660/697/533
f 1662/698/485 1664/699/486 1663/700/487
f 1665/701/488 1667/702/489 1666/703/490
f 1668/704/491 1670/705/492 1669/706/554
f 1671/707/494 1673/708/495 1672/709/496
f 1674/710/497 1676/711/498 1675/712/499
f 1677/713/500 1679/714/501 1678/715/536
f 1680/716/503 1682/717/581 1681/718/505
f 1683/719/506 1685/720/507 1684/721/508
f 1686/722/509 1688/723/510 1687/724/511
f 1689/725/512 1691/726/513 1690/727/550
f 1692/728/515 1694/729/539 1693/730/517
f 1695/731/518 1697/732/541 1696/733/520
f 1698/734/521 1700/735/522 1699/736/551
f 1701/737/524 1703/738/525 1702/739/526
f 1704/740/527 1706/741/528 1705/742/529
f 1649/684/580 1653/689/476 1654/691/530
f 1656/692/479 1651/688/577 1658/693/531
f 1649/635/580 1652/743/474 1648/744/472
f 1658/745/531 1655/746/477 1657/747/481
f 1653/689/476 1660/697/533 1655/690/477
f 1664/699/486 1656/692/479 1657/694/481
f 1664/748/486 1661/749/483 1663/750/487
f 1659/695/482 1666/703/490 1661/696/483
f 1668/704/491 1663/700/487 1670/705/492
f 1670/751/492 1667/752/489 1669/753/554
f 1667/702/489 1671/707/494 1672/709/496
f 1674/710/497 1669/706/554 1676/711/498
f 1676/754/498 1673/755/495 1675/756/499
f 1671/707/494 1678/715/536 1673/708/495
f 1682/717/581 1674/710/497 1675/712/499
f 1682/757/581 1679/758/501 1681/759/505
f 1677/713/500 1684/721/508 1679/714/501
f 1686/722/509 1681/718/505 1688/723/510
f 1688/760/510 1685/761/507 1687/762/511
f 1683/719/506 1690/727/550 1685/720/507
f 1692/728/515 1687/724/511 1694/729/539
f 1694/763/539 1691/764/513 1693/765/517
f 1689/725/512 1696/733/520 1691/726/513
f 1700/735/522 1692/728/515 1693/730/517
f 1700/766/522 1697/767/541 1699/768/551
f 1697/732/541 1701/737/524 1702/739/526
f 1704/740/527 1699/736/551 1706/741/528
f 1706/769/528 1703/770/525 1705/771/529
f 1703/738/525 1647/683/470 1648/685/472
f 1650/686/473 1705/742/529 1652/687/474
f 1689/725/512 1665/701/488 1653/689/476
f 1654/772/530 1651/773/577 1649/774/580
f 1648/744/472 1705/771/529 1703/770/525
f 1674/710/497 1698/734/521 1650/686/473
f 1660/775/533 1657/747/481 1655/746/477
f 1666/776/490 1663/750/487 1661/749/483
f 1672/777/496 1669/753/554 1667/752/489
f 1678/778/536 1675/756/499 1673/755/495
f 1684/779/508 1681/759/505 1679/758/501
f 1690/780/550 1687/762/511 1685/761/507
f 1696/781/520 1693/765/517 1691/764/513
f 1702/782/526 1699/768/551 1697/767/541
f 1707/683/470 1709/684/580 1708/685/472
f 1710/686/473 1712/687/474 1711/688/577
f 1713/689/476 1715/690/477 1714/691/478
f 1716/692/479 1718/693/480 1717/694/481
f 1719/695/532 1721/696/582 1720/697/484
f 1722/698/534 1724/699/486 1723/700/487
f 1725/701/547 1727/702/489 1726/703/490
f 1728/704/548 1730/705/492 1729/706/493
f 1731/707/494 1733/708/495 1732/709/496
f 1734/710/497 1736/711/498 1735/712/499
f 1737/713/500 1739/714/583 1738/715/536
f 1740/716/503 1742/717/504 1741/718/505
f 1743/719/506 1745/720/507 1744/721/584
f 1746/722/509 1748/723/510 1747/724/511
f 1749/725/537 1751/726/513 1750/727/550
f 1752/728/538 1754/729/516 1753/730/517
f 1755/731/540 1757/732/519 1756/733/585
f 1758/734/542 1760/735/522 1759/736/551
f 1761/737/524 1763/738/543 1762/739/526
f 1764/740/527 1766/741/528 1765/742/544
f 1709/684/580 1713/689/476 1714/691/478
f 1716/692/479 1711/688/577 1718/693/480
f 1709/635/580 1712/743/474 1708/744/472
f 1718/745/480 1715/746/477 1717/747/481
f 1715/690/477 1719/695/532 1720/697/484
f 1722/698/534 1717/694/481 1724/699/486
f 1724/748/486 1721/749/582 1723/750/487
f 1721/696/582 1725/701/547 1726/703/490
f 1728/704/548 1723/700/487 1730/705/492
f 1730/751/492 1727/752/489 1729/753/493
f 1725/701/547 1732/709/496 1727/702/489
f 1734/710/497 1729/706/493 1736/711/498
f 1736/754/498 1733/755/495 1735/756/499
f 1733/708/495 1737/713/500 1738/715/536
f 1740/716/503 1735/712/499 1742/717/504
f 1742/757/504 1739/758/583 1741/759/505
f 1739/714/583 1743/719/506 1744/721/584
f 1746/722/509 1741/718/505 1748/723/510
f 1748/760/510 1745/761/507 1747/762/511
f 1745/720/507 1749/725/537 1750/727/550
f 1752/728/538 1747/724/511 1754/729/516
f 1754/763/516 1751/764/513 1753/765/517
f 1749/725/537 1756/733/585 1751/726/513
f 1760/735/522 1752/728/538 1753/730/517
f 1760/766/522 1757/767/519 1759/768/551
f 1755/731/540 1762/739/526 1757/732/519
f 1766/741/528 1758/734/542 1759/736/551
f 1766/769/528 1763/770/543 1765/771/544
f 1761/737/524 1708/685/472 1763/738/543
f 1712/687/474 1764/740/527 1765/742/544
f 1749/725/537 1725/701/547 1713/689/476
f 1714/772/478 1711/773/577 1709/774/580
f 1708/744/472 1765/771/544 1763/770/543
f 1734/710/497 1758/734/542 1710/686/473
f 1720/775/484 1717/747/481 1715/746/477
f 1726/776/490 1723/750/487 1721/749/582
f 1732/777/496 1729/753/493 1727/752/489
f 1738/778/536 1735/756/499 1733/755/495
f 1744/779/584 1741/759/505 1739/758/583
f 1750/780/550 1747/762/511 1745/761/507
f 1756/781/585 1753/765/517 1751/764/513
f 1762/782/526 1759/768/551 1757/767/519
f 1767/683/470 1769/684/471 1768/685/545
f 1770/686/473 1772/687/546 1771/688/577
f 1773/689/476 1775/690/477 1774/691/478
f 1776/692/479 1778/693/480 1777/694/481
f 1779/695/482 1781/696/483 1780/697/533
f 1782/698/485 1784/699/552 1783/700/487
f 1785/701/547 1787/702/535 1786/703/578
f 1788/704/548 1790/705/492 1789/706/554
f 1791/707/494 1793/708/495 1792/709/496
f 1794/710/497 1796/711/498 1795/712/499
f 1797/713/500 1799/714/501 1798/715/502
f 1800/716/503 1802/717/504 1801/718/505
f 1803/719/506 1805/720/507 1804/721/508
f 1806/722/509 1808/723/510 1807/724/511
f 1809/725/537 1811/726/513 1810/727/514
f 1812/728/538 1814/729/539 1813/730/517
f 1815/731/540 1817/732/541 1816/733/520
f 1818/734/542 1820/735/522 1819/736/523
f 1821/737/524 1823/738/525 1822/739/526
f 1824/740/527 1826/741/528 1825/742/529
f 1769/684/471 1773/689/476 1774/691/478
f 1776/692/479 1771/688/577 1778/693/480
f 1769/635/471 1772/743/546 1768/744/545
f 1778/745/480 1775/746/477 1777/747/481
f 1773/689/476 1780/697/533 1775/690/477
f 1782/698/485 1777/694/481 1784/699/552
f 1784/748/552 1781/749/483 1783/750/487
f 1779/695/482 1786/703/578 1781/696/483
f 1790/705/492 1782/698/485 1783/700/487
f 1790/751/492 1787/752/535 1789/753/554
f 1785/701/547 1792/709/496 1787/702/535
f 1796/711/498 1788/704/548 1789/706/554
f 1796/754/498 1793/755/495 1795/756/499
f 1791/707/494 1798/715/502 1793/708/495
f 1802/717/504 1794/710/497 1795/712/499
f 1802/757/504 1799/758/501 1801/759/505
f 1797/713/500 1804/721/508 1799/714/501
f 1808/723/510 1800/716/503 1801/718/505
f 1808/760/510 1805/761/507 1807/762/511
f 1803/719/506 1810/727/514 1805/720/507
f 1814/729/539 1806/722/509 1807/724/511
f 1814/763/539 1811/764/513 1813/765/517
f 1809/725/537 1816/733/520 1811/726/513
f 1818/734/542 1813/730/517 1820/735/522
f 1820/766/522 1817/767/541 1819/768/523
f 1815/731/540 1822/739/526 1817/732/541
f 1824/740/527 1819/736/523 1826/741/528
f 1826/769/528 1823/770/525 1825/771/529
f 1823/738/525 1767/683/470 1768/685/545
f 1770/686/473 1825/742/529 1772/687/546
f 1809/725/537 1785/701/547 1773/689/476
f 1774/772/478 1771/773/577 1769/774/471
f 1768/744/545 1825/771/529 1823/770/525
f 1794/710/497 1818/734/542 1770/686/473
f 1780/775/533 1777/747/481 1775/746/477
f 1786/776/578 1783/750/487 1781/749/483
f 1792/777/496 1789/753/554 1787/752/535
f 1798/778/502 1795/756/499 1793/755/495
f 1804/779/508 1801/759/505 1799/758/501
f 1810/780/514 1807/762/511 1805/761/507
f 1816/781/520 1813/765/517 1811/764/513
f 1822/782/526 1819/768/523 1817/767/541
f 1827/683/470 1829/684/471 1828/685/545
f 1830/686/473 1832/687/546 1831/688/475
f 1833/689/476 1835/690/477 1834/691/478
f 1836/692/479 1838/693/531 1837/694/481
f 1839/695/482 1841/696/483 1840/697/533
f 1842/698/485 1844/699/552 1843/700/487
f 1845/701/547 1847/702/535 1846/703/578
f 1848/704/548 1850/705/492 1849/706/554
f 1851/707/494 1853/708/495 1852/709/496
f 1854/710/497 1856/711/498 1855/712/499
f 1857/713/500 1859/714/501 1858/715/502
f 1860/716/503 1862/717/579 1861/718/505
f 1863/719/506 1865/720/507 1864/721/508
f 1866/722/509 1868/723/510 1867/724/511
f 1869/725/537 1871/726/513 1870/727/514
f 1872/728/538 1874/729/539 1873/730/517
f 1875/731/540 1877/732/541 1876/733/520
f 1878/734/542 1880/735/522 1879/736/523
f 1881/737/524 1883/738/525 1882/739/526
f 1884/740/527 1886/741/528 1885/742/529
f 1827/683/470 1834/691/478 1829/684/471
f 1836/692/479 1831/688/475 1838/693/531
f 1829/635/471 1832/743/546 1828/744/545
f 1838/745/531 1835/746/477 1837/747/481
f 1833/689/476 1840/697/533 1835/690/477
f 1844/699/552 1836/692/479 1837/694/481
f 1844/748/552 1841/749/483 1843/750/487
f 1839/695/482 1846/703/578 1841/696/483
f 1850/705/492 1842/698/485 1843/700/487
f 1850/751/492 1847/752/535 1849/753/554
f 1845/701/547 1852/709/496 1847/702/535
f 1854/710/497 1849/706/554 1856/711/498
f 1856/754/498 1853/755/495 1855/756/499
f 1851/707/494 1858/715/502 1853/708/495
f 1860/716/503 1855/712/499 1862/717/579
f 1862/757/579 1859/758/501 1861/759/505
f 1857/713/500 1864/721/508 1859/714/501
f 1866/722/509 1861/718/505 1868/723/510
f 1868/760/510 1865/761/507 1867/762/511
f 1863/719/506 1870/727/514 1865/720/507
f 1874/729/539 1866/722/509 1867/724/511
f 1874/763/539 1871/764/513 1873/765/517
f 1871/726/513 1875/731/540 1876/733/520
f 1878/734/542 1873/730/517 1880/735/522
f 1880/766/522 1877/767/541 1879/768/523
f 1875/731/540 1882/739/526 1877/732/541
f 1884/740/527 1879/736/523 1886/741/528
f 1886/769/528 1883/770/525 1885/771/529
f 1881/737/524 1828/685/545 1883/738/525
f 1830/686/473 1885/742/529 1832/687/546
f 1869/725/537 1845/701/547 1833/689/476
f 1834/772/478 1831/773/475 1829/774/471
f 1828/744/545 1885/771/529 1883/770/525
f 1854/710/497 1878/734/542 1830/686/473
f 1840/775/533 1837/747/481 1835/746/477
f 1846/776/578 1843/750/487 1841/749/483
f 1852/777/496 1849/753/554 1847/752/535
f 1858/778/502 1855/756/499 1853/755/495
f 1864/779/508 1861/759/505 1859/758/501
f 1870/780/514 1867/762/511 1865/761/507
f 1876/781/520 1873/765/517 1871/764/513
f 1882/782/526 1879/768/523 1877/767/541
f 1887/683/470 1889/684/471 1888/685/472
f 1890/686/473 1892/687/474 1891/688/475
f 1893/689/476 1895/690/477 1894/691/478
f 1896/692/479 1898/693/480 1897/694/481
f 1899/695/482 1901/696/582 1900/697/484
f 1902/698/485 1904/699/486 1903/700/487
f 1905/701/547 1907/702/489 1906/703/490
f 1908/704/548 1910/705/492 1909/706/493
f 1911/707/494 1913/708/495 1912/709/496
f 1914/710/497 1916/711/498 1915/712/499
f 1917/713/500 1919/714/501 1918/715/502
f 1920/716/503 1922/717/579 1921/718/505
f 1923/719/506 1925/720/586 1924/721/584
f 1926/722/509 1928/723/549 1927/724/511
f 1929/725/537 1931/726/513 1930/727/550
f 1932/728/538 1934/729/516 1933/730/517
f 1935/731/540 1937/732/519 1936/733/520
f 1938/734/542 1940/735/522 1939/736/551
f 1941/737/524 1943/738/543 1942/739/526
f 1944/740/527 1946/741/528 1945/742/544
f 1889/684/471 1893/689/476 1894/691/478
f 1896/692/479 1891/688/475 1898/693/480
f 1889/635/471 1892/743/474 1888/744/472
f 1898/745/480 1895/746/477 1897/747/481
f 1893/689/476 1900/697/484 1895/690/477
f 1902/698/485 1897/694/481 1904/699/486
f 1904/748/486 1901/749/582 1903/750/487
f 1901/696/582 1905/701/547 1906/703/490
f 1908/704/548 1903/700/487 1910/705/492
f 1910/751/492 1907/752/489 1909/753/493
f 1905/701/547 1912/709/496 1907/702/489
f 1914/710/497 1909/706/493 1916/711/498
f 1916/754/498 1913/755/495 1915/756/499
f 1911/707/494 1918/715/502 1913/708/495
f 1922/717/579 1914/710/497 1915/712/499
f 1922/757/579 1919/758/501 1921/759/505
f 1917/713/500 1924/721/584 1919/714/501
f 1928/723/549 1920/716/503 1921/718/505
f 1928/760/549 1925/761/586 1927/762/511
f 1925/720/586 1929/725/537 1930/727/550
f 1932/728/538 1927/724/511 1934/729/516
f 1934/763/516 1931/764/513 1933/765/517
f 1929/725/537 1936/733/520 1931/726/513
f 1940/735/522 1932/728/538 1933/730/517
f 1940/766/522 1937/767/519 1939/768/551
f 1937/732/519 1941/737/524 1942/739/526
f 1944/740/527 1939/736/551 1946/741/528
f 1946/769/528 1943/770/543 1945/771/544
f 1943/738/543 1887/683/470 1888/685/472
f 1890/686/473 1945/742/544 1892/687/474
f 1929/725/537 1905/701/547 1893/689/476
f 1894/772/478 1891/773/475 1889/774/471
f 1888/744/472 1945/771/544 1943/770/543
f 1914/710/497 1938/734/542 1890/686/473
f 1900/775/484 1897/747/481 1895/746/477
f 1906/776/490 1903/750/487 1901/749/582
f 1912/777/496 1909/753/493 1907/752/489
f 1918/778/502 1915/756/499 1913/755/495
f 1924/779/584 1921/759/505 1919/758/501
f 1930/780/550 1927/762/511 1925/761/586
f 1936/781/520 1933/765/517 1931/764/513
f 1942/782/526 1939/768/551 1937/767/519
f 1947/683/470 1949/684/471 1948/685/472
f 1950/686/473 1952/687/546 1951/688/475
f 1953/689/476 1955/690/477 1954/691/478
f 1956/692/479 1958/693/480 1957/694/481
f 1959/695/532 1961/696/483 1960/697/533
f 1962/698/534 1964/699/486 1963/700/487
f 1965/701/488 1967/702/489 1966/703/490
f 1968/704/548 1970/705/492 1969/706/554
f 1971/707/494 1973/708/495 1972/709/496
f 1974/710/497 1976/711/498 1975/712/499
f 1977/713/500 1979/714/501 1978/715/536
f 1980/716/503 1982/717/504 1981/718/505
f 1983/719/506 1985/720/507 1984/721/584
f 1986/722/509 1988/723/510 1987/724/511
f 1989/725/512 1991/726/513 1990/727/550
f 1992/728/515 1994/729/516 1993/730/517
f 1995/731/540 1997/732/541 1996/733/520
f 1998/734/521 2000/735/522 1999/736/551
f 2001/737/524 2003/738/525 2002/739/526
f 2004/740/527 2006/741/528 2005/742/529
f 1947/683/470 1954/691/478 1949/684/471
f 1958/693/480 1950/686/473 1951/688/475
f 1949/635/471 1952/743/546 1948/744/472
f 1958/745/480 1955/746/477 1957/747/481
f 1953/689/476 1960/697/533 1955/690/477
f 1964/699/486 1956/692/479 1957/694/481
f 1964/748/486 1961/749/483 1963/750/487
f 1961/696/483 1965/701/488 1966/703/490
f 1968/704/548 1963/700/487 1970/705/492
f 1970/751/492 1967/752/489 1969/753/554
f 1967/702/489 1971/707/494 1972/709/496
f 1974/710/497 1969/706/554 1976/711/498
f 1976/754/498 1973/755/495 1975/756/499
f 1973/708/495 1977/713/500 1978/715/536
f 1980/716/503 1975/712/499 1982/717/504
f 1982/757/504 1979/758/501 1981/759/505
f 1979/714/501 1983/719/506 1984/721/584
f 1986/722/509 1981/718/505 1988/723/510
f 1988/760/510 1985/761/507 1987/762/511
f 1983/719/506 1990/727/550 1985/720/507
f 1992/728/515 1987/724/511 1994/729/516
f 1994/763/516 1991/764/513 1993/765/517
f 1991/726/513 1995/731/540 1996/733/520
f 1998/734/521 1993/730/517 2000/735/522
f 2000/766/522 1997/767/541 1999/768/551
f 1997/732/541 2001/737/524 2002/739/526
f 2004/740/527 1999/736/551 2006/741/528
f 2006/769/528 2003/770/525 2005/771/529
f 2003/738/525 1947/683/470 1948/685/472
f 1950/686/473 2005/742/529 1952/687/546
f 1989/725/512 1965/701/488 1953/689/476
f 1954/772/478 1951/773/475 1949/774/471
f 1948/744/472 2005/771/529 2003/770/525
f 1974/710/497 1998/734/521 1950/686/473
f 1960/775/533 1957/747/481 1955/746/477
f 1966/776/490 1963/750/487 1961/749/483
f 1972/777/496 1969/753/554 1967/752/489
f 1978/778/536 1975/756/499 1973/755/495
f 1984/779/584 1981/759/505 1979/758/501
f 1990/780/550 1987/762/511 1985/761/507
f 1996/781/520 1993/765/517 1991/764/513
f 2002/782/526 1999/768/551 1997/767/541
f 2728/187/670 2731/885/671 2732/886/672
f 2733/887/673 2730/189/674 2734/888/675
f 2732/886/672 2735/889/676 2736/890/677
f 2737/891/678 2734/888/675 2738/892/679
f 2735/889/676 2740/893/680 2736/890/677
f 2742/894/681 2737/891/678 2738/892/679
f 2739/895/682 2744/896/683 2740/893/680
f 2746/897/684 2741/898/685 2742/894/681
f 2743/899/686 2748/900/687 2744/896/683
f 2749/901/688 2746/897/684 2750/902/689
f 2748/900/687 2751/903/690 2752/210/691
f 2753/904/692 2750/902/689 2754/212/693
f 2751/903/690 2756/905/694 2752/210/691
f 2758/906/695 2753/904/692 2754/212/693
f 2755/907/696 2760/908/697 2756/905/694
f 2761/909/698 2758/906/695 2762/910/699
f 2760/908/697 2763/911/700 2764/912/701
f 2765/913/702 2762/910/699 2766/914/703
f 2764/912/701 2767/915/704 2768/916/705
f 2769/917/706 2766/914/703 2770/918/707
f 2767/915/704 2772/919/708 2768/916/705
f 2774/920/709 2769/917/706 2770/918/707
f 2771/921/710 2728/187/670 2772/919/708
f 2730/189/674 2773/922/711 2774/920/709
f 2763/911/700 2747/923/712 2731/885/671
f 2732/924/672 2730/925/674 2728/926/670
f 2728/927/670 2774/928/709 2772/929/708
f 2745/930/713 2761/909/698 2729/931/714
f 2736/932/677 2734/933/675 2732/924/672
f 2740/934/680 2738/935/679 2736/932/677
f 2744/936/683 2742/937/681 2740/934/680
f 2748/938/687 2746/939/684 2744/936/683
f 2752/940/691 2750/941/689 2748/938/687
f 2756/942/694 2754/943/693 2752/940/691
f 2760/944/697 2758/945/695 2756/942/694
f 2764/946/701 2762/947/699 2760/944/697
f 2768/948/705 2766/949/703 2764/946/701
f 2772/929/708 2770/950/707 2768/948/705
f 2836/187/670 2839/885/671 2840/886/731
f 2841/887/673 2838/189/674 2842/888/732
f 2840/886/731 2843/889/733 2844/890/734
f 2845/891/735 2842/888/732 2846/892/736
f 2843/889/733 2848/893/737 2844/890/734
f 2850/894/738 2845/891/735 2846/892/736
f 2848/893/737 2851/899/739 2852/896/740
f 2853/930/713 2850/894/738 2854/897/741
f 2852/896/740 2855/923/742 2856/900/743
f 2857/901/744 2854/897/741 2858/902/745
f 2855/923/742 2860/210/691 2856/900/743
f 2862/212/693 2857/901/744 2858/902/745
f 2859/903/690 2864/905/694 2860/210/691
f 2865/1051/746 2862/212/693 2866/906/695
f 2863/907/696 2868/908/697 2864/905/694
f 2869/909/698 2866/906/695 2870/910/747
f 2868/908/697 2871/911/748 2872/912/701
f 2873/913/702 2870/910/747 2874/914/703
f 2871/911/748 2876/916/749 2872/912/701
f 2877/917/750 2874/914/703 2878/918/751
f 2875/915/704 2880/919/752 2876/916/749
f 2881/922/753 2878/918/751 2882/920/754
f 2880/919/752 2835/1052/755 2836/187/670
f 2837/931/756 2882/920/754 2838/189/674
f 2871/911/748 2855/923/742 2839/885/671
f 2840/924/731 2838/925/674 2836/926/670
f 2836/927/670 2882/928/754 2880/929/752
f 2853/930/713 2869/909/698 2837/931/756
f 2844/932/734 2842/933/732 2840/924/731
f 2848/934/737 2846/935/736 2844/932/734
f 2852/936/740 2850/937/738 2848/934/737
f 2856/938/743 2854/939/741 2852/936/740
f 2860/940/691 2858/941/745 2856/938/743
f 2864/942/694 2862/943/693 2860/940/691
f 2868/944/697 2866/945/695 2864/942/694
f 2872/946/701 2870/947/747 2868/944/697
f 2876/948/749 2874/949/703 2872/946/701
f 2880/929/752 2878/950/751 2876/948/749
f 2944/187/670 2947/885/671 2948/886/672
f 2949/887/763 2946/189/674 2950/888/732
f 2948/886/672 2951/889/733 2952/890/734
f 2953/891/735 2950/888/732 2954/892/736
f 2951/889/733 2956/893/737 2952/890/734
f 2958/894/738 2953/891/735 2954/892/736
f 2955/895/764 2960/896/740 2956/893/737
f 2961/930/713 2958/894/738 2962/897/741
f 2960/896/740 2963/923/742 2964/900/743
f 2965/901/744 2962/897/741 2966/902/745
f 2963/923/742 2968/210/691 2964/900/743
f 2970/212/693 2965/901/744 2966/902/745
f 2967/903/690 2972/905/694 2968/210/691
f 2973/1051/765 2970/212/693 2974/906/766
f 2971/907/696 2976/908/697 2972/905/694
f 2977/909/698 2974/906/766 2978/910/699
f 2975/1053/767 2980/912/701 2976/908/697
f 2982/914/703 2977/909/698 2978/910/699
f 2980/912/701 2983/915/704 2984/916/705
f 2985/917/706 2982/914/703 2986/918/751
f 2984/916/705 2987/921/768 2988/919/752
f 2989/922/711 2986/918/751 2990/920/754
f 2987/921/768 2944/187/670 2988/919/752
f 2945/931/714 2990/920/754 2946/189/674
f 2979/911/700 2963/923/742 2947/885/671
f 2948/924/672 2946/925/674 2944/926/670
f 2944/927/670 2990/928/754 2988/929/752
f 2961/930/713 2977/909/698 2945/931/714
f 2952/932/734 2950/933/732 2948/924/672
f 2956/934/737 2954/935/736 2952/932/734
f 2960/936/740 2958/937/738 2956/934/737
f 2964/938/743 2962/939/741 2960/936/740
f 2968/940/691 2966/941/745 2964/938/743
f 2972/942/694 2970/943/693 2968/940/691
f 2976/944/697 2974/945/766 2972/942/694
f 2980/946/701 2978/947/699 2976/944/697
f 2984/948/705 2982/949/703 2980/946/701
f 2988/929/752 2986/950/751 2984/948/705
f 3051/1052/755 3056/886/731 3052/187/670
f 3058/888/732 3053/931/714 3054/189/674
f 3055/885/774 3060/890/775 3056/886/731
f 3062/892/679 3057/887/673 3058/888/732
f 3060/890/775 3063/895/764 3064/893/680
f 3065/898/685 3062/892/679 3066/894/681
f 3063/895/764 3068/896/740 3064/893/680
f 3070/897/741 3065/898/685 3066/894/681
f 3068/896/740 3071/923/712 3072/900/743
f 3073/901/744 3070/897/741 3074/902/745
f 3071/923/712 3076/210/691 3072/900/743
f 3078/212/693 3073/901/744 3074/902/745
f 3075/903/690 3080/905/694 3076/210/691
f 3082/906/766 3077/904/692 3078/212/693
f 3079/907/696 3084/908/697 3080/905/694
f 3086/910/699 3081/1051/765 3082/906/766
f 3084/908/697 3087/911/700 3088/912/701
f 3089/913/702 3086/910/699 3090/914/703
f 3088/912/701 3091/915/776 3092/916/705
f 3093/917/750 3090/914/703 3094/918/751
f 3092/916/705 3095/921/768 3096/919/708
f 3097/922/753 3094/918/751 3098/920/754
f 3096/919/708 3051/1052/755 3052/187/670
f 3053/931/714 3098/920/754 3054/189/674
f 3087/911/700 3071/923/712 3055/885/774
f 3056/924/731 3054/925/674 3052/926/670
f 3052/927/670 3098/928/754 3096/929/708
f 3069/930/713 3085/909/777 3053/931/714
f 3060/932/775 3058/933/732 3056/924/731
f 3064/934/680 3062/935/679 3060/932/775
f 3068/936/740 3066/937/681 3064/934/680
f 3072/938/743 3070/939/741 3068/936/740
f 3076/940/691 3074/941/745 3072/938/743
f 3080/942/694 3078/943/693 3076/940/691
f 3084/944/697 3082/945/766 3080/942/694
f 3088/946/701 3086/947/699 3084/944/697
f 3092/948/705 3090/949/703 3088/946/701
f 3096/929/708 3094/950/751 3092/948/705
f 3160/187/670 3163/885/774 3164/886/731
f 3165/887/673 3162/189/674 3166/888/732
f 3163/885/774 3168/890/775 3164/886/731
f 3170/892/679 3165/887/673 3166/888/732
f 3167/889/676 3172/893/737 3168/890/775
f 3174/894/738 3169/891/678 3170/892/679
f 3172/893/737 3175/899/686 3176/896/683
f 3177/930/783 3174/894/738 3178/897/684
f 3175/899/686 3180/900/743 3176/896/683
f 3182/902/745 3177/930/783 3178/897/684
f 3180/900/743 3183/903/690 3184/210/691
f 3185/904/784 3182/902/745 3186/212/693
f 3184/210/691 3187/907/785 3188/905/786
f 3189/1051/746 3186/212/693 3190/906/695
f 3187/907/785 3192/908/697 3188/905/786
f 3194/910/699 3189/1051/746 3190/906/695
f 3192/908/697 3195/911/700 3196/912/787
f 3197/913/702 3194/910/699 3198/914/788
f 3195/911/700 3200/916/705 3196/912/787
f 3202/918/751 3197/913/702 3198/914/788
f 3199/915/704 3204/919/708 3200/916/705
f 3206/920/709 3201/917/706 3202/918/751
f 3203/921/710 3160/187/670 3204/919/708
f 3162/189/674 3205/922/711 3206/920/709
f 3195/911/700 3179/923/742 3163/885/774
f 3164/924/731 3162/925/674 3160/926/670
f 3160/927/670 3206/928/709 3204/929/708
f 3177/930/783 3193/909/698 3161/931/756
f 3168/932/775 3166/933/732 3164/924/731
f 3172/934/737 3170/935/679 3168/932/775
f 3176/936/683 3174/937/738 3172/934/737
f 3180/938/743 3178/939/684 3176/936/683
f 3184/940/691 3182/941/745 3180/938/743
f 3188/942/786 3186/943/693 3184/940/691
f 3192/944/697 3190/945/695 3188/942/786
f 3196/946/787 3194/947/699 3192/944/697
f 3200/948/705 3198/949/788 3196/946/787
f 3204/929/708 3202/950/751 3200/948/705
f 1587/683/470 1593/689/476 1594/691/478
f 1596/692/479 1590/686/473 1591/688/577
f 1589/635/471 1591/1119/577 1592/743/474
f 1598/745/480 1594/772/478 1595/746/477
f 1595/690/477 1593/689/476 1599/695/482
f 1602/698/485 1596/692/479 1597/694/481
f 1604/748/552 1600/775/533 1601/749/483
f 1599/695/482 1605/701/547 1606/703/578
f 1610/705/492 1608/704/548 1602/698/485
f 1610/751/492 1606/776/578 1607/752/535
f 1605/701/547 1611/707/494 1612/709/496
f 1614/710/497 1608/704/548 1609/706/554
f 1616/754/498 1612/777/496 1613/755/495
f 1611/707/494 1617/713/500 1618/715/502
f 1622/717/579 1620/716/503 1614/710/497
f 1622/757/579 1618/778/502 1619/758/501
f 1619/714/501 1617/713/500 1623/719/506
f 1626/722/509 1620/716/503 1621/718/505
f 1628/760/510 1624/779/508 1625/761/507
f 1625/720/507 1623/719/506 1629/725/537
f 1632/728/538 1626/722/509 1627/724/511
f 1634/763/539 1630/780/514 1631/764/513
f 1631/726/513 1629/725/537 1635/731/540
f 1638/734/542 1632/728/538 1633/730/517
f 1640/766/522 1636/781/520 1637/767/541
f 1635/731/540 1641/737/524 1642/739/526
f 1644/740/527 1638/734/542 1639/736/523
f 1646/769/528 1642/782/526 1643/770/525
f 1643/738/525 1641/737/524 1587/683/470
f 1590/686/473 1644/740/527 1645/742/529
f 1593/689/476 1587/683/470 1641/737/524
f 1641/737/524 1635/731/540 1629/725/537
f 1629/725/537 1623/719/506 1617/713/500
f 1617/713/500 1611/707/494 1605/701/547
f 1605/701/547 1599/695/482 1593/689/476
f 1593/689/476 1641/737/524 1629/725/537
f 1629/725/537 1617/713/500 1605/701/547
f 1594/772/478 1598/745/480 1591/773/577
f 1588/744/472 1592/743/474 1645/771/529
f 1590/686/473 1596/692/479 1602/698/485
f 1602/698/485 1608/704/548 1614/710/497
f 1614/710/497 1620/716/503 1626/722/509
f 1626/722/509 1632/728/538 1638/734/542
f 1638/734/542 1644/740/527 1590/686/473
f 1590/686/473 1602/698/485 1614/710/497
f 1614/710/497 1626/722/509 1638/734/542
f 1600/775/533 1604/748/552 1597/747/481
f 1606/776/578 1610/751/492 1603/750/487
f 1612/777/496 1616/754/498 1609/753/554
f 1618/778/502 1622/757/579 1615/756/499
f 1624/779/508 1628/760/510 1621/759/505
f 1630/780/514 1634/763/539 1627/762/511
f 1636/781/520 1640/766/522 1633/765/517
f 1642/782/526 1646/769/528 1639/768/523
f 1649/684/580 1647/683/470 1653/689/476
f 1656/692/479 1650/686/473 1651/688/577
f 1649/635/580 1651/1119/577 1652/743/474
f 1658/745/531 1654/772/530 1655/746/477
f 1653/689/476 1659/695/482 1660/697/533
f 1664/699/486 1662/698/485 1656/692/479
f 1664/748/486 1660/775/533 1661/749/483
f 1659/695/482 1665/701/488 1666/703/490
f 1668/704/491 1662/698/485 1663/700/487
f 1670/751/492 1666/776/490 1667/752/489
f 1667/702/489 1665/701/488 1671/707/494
f 1674/710/497 1668/704/491 1669/706/554
f 1676/754/498 1672/777/496 1673/755/495
f 1671/707/494 1677/713/500 1678/715/536
f 1682/717/581 1680/716/503 1674/710/497
f 1682/757/581 1678/778/536 1679/758/501
f 1677/713/500 1683/719/506 1684/721/508
f 1686/722/509 1680/716/503 1681/718/505
f 1688/760/510 1684/779/508 1685/761/507
f 1683/719/506 1689/725/512 1690/727/550
f 1692/728/515 1686/722/509 1687/724/511
f 1694/763/539 1690/780/550 1691/764/513
f 1689/725/512 1695/731/518 1696/733/520
f 1700/735/522 1698/734/521 1692/728/515
f 1700/766/522 1696/781/520 1697/767/541
f 1697/732/541 1695/731/518 1701/737/524
f 1704/740/527 1698/734/521 1699/736/551
f 1706/769/528 1702/782/526 1703/770/525
f 1703/738/525 1701/737/524 1647/683/470
f 1650/686/473 1704/740/527 1705/742/529
f 1653/689/476 1647/683/470 1701/737/524
f 1701/737/524 1695/731/518 1689/725/512
f 1689/725/512 1683/719/506 1677/713/500
f 1677/713/500 1671/707/494 1665/701/488
f 1665/701/488 1659/695/482 1653/689/476
f 1653/689/476 1701/737/524 1689/725/512
f 1689/725/512 1677/713/500 1665/701/488
f 1654/772/530 1658/745/531 1651/773/577
f 1648/744/472 1652/743/474 1705/771/529
f 1650/686/473 1656/692/479 1662/698/485
f 1662/698/485 1668/704/491 1674/710/497
f 1674/710/497 1680/716/503 1686/722/509
f 1686/722/509 1692/728/515 1698/734/521
f 1698/734/521 1704/740/527 1650/686/473
f 1650/686/473 1662/698/485 1674/710/497
f 1674/710/497 1686/722/509 1698/734/521
f 1660/775/533 1664/748/486 1657/747/481
f 1666/776/490 1670/751/492 1663/750/487
f 1672/777/496 1676/754/498 1669/753/554
f 1678/778/536 1682/757/581 1675/756/499
f 1684/779/508 1688/760/510 1681/759/505
f 1690/780/550 1694/763/539 1687/762/511
f 1696/781/520 1700/766/522 1693/765/517
f 1702/782/526 1706/769/528 1699/768/551
f 1709/684/580 1707/683/470 1713/689/476
f 1716/692/479 1710/686/473 1711/688/577
f 1709/635/580 1711/1119/577 1712/743/474
f 1718/745/480 1714/772/478 1715/746/477
f 1715/690/477 1713/689/476 1719/695/532
f 1722/698/534 1716/692/479 1717/694/481
f 1724/748/486 1720/775/484 1721/749/582
f 1721/696/582 1719/695/532 1725/701/547
f 1728/704/548 1722/698/534 1723/700/487
f 1730/751/492 1726/776/490 1727/752/489
f 1725/701/547 1731/707/494 1732/709/496
f 1734/710/497 1728/704/548 1729/706/493
f 1736/754/498 1732/777/496 1733/755/495
f 1733/708/495 1731/707/494 1737/713/500
f 1740/716/503 1734/710/497 1735/712/499
f 1742/757/504 1738/778/536 1739/758/583
f 1739/714/583 1737/713/500 1743/719/506
f 1746/722/509 1740/716/503 1741/718/505
f 1748/760/510 1744/779/584 1745/761/507
f 1745/720/507 1743/719/506 1749/725/537
f 1752/728/538 1746/722/509 1747/724/511
f 1754/763/516 1750/780/550 1751/764/513
f 1749/725/537 1755/731/540 1756/733/585
f 1760/735/522 1758/734/542 1752/728/538
f 1760/766/522 1756/781/585 1757/767/519
f 1755/731/540 1761/737/524 1762/739/526
f 1766/741/528 1764/740/527 1758/734/542
f 1766/769/528 1762/782/526 1763/770/543
f 1761/737/524 1707/683/470 1708/685/472
f 1712/687/474 1710/686/473 1764/740/527
f 1713/689/476 1707/683/470 1761/737/524
f 1761/737/524 1755/731/540 1749/725/537
f 1749/725/537 1743/719/506 1737/713/500
f 1737/713/500 1731/707/494 1725/701/547
f 1725/701/547 1719/695/532 1713/689/476
f 1713/689/476 1761/737/524 1749/725/537
f 1749/725/537 1737/713/500 1725/701/547
f 1714/772/478 1718/745/480 1711/773/577
f 1708/744/472 1712/743/474 1765/771/544
f 1710/686/473 1716/692/479 1722/698/534
f 1722/698/534 1728/704/548 1734/710/497
f 1734/710/497 1740/716/503 1746/722/509
f 1746/722/509 1752/728/538 1758/734/542
f 1758/734/542 1764/740/527 1710/686/473
f 1710/686/473 1722/698/534 1734/710/497
f 1734/710/497 1746/722/509 1758/734/542
f 1720/775/484 1724/748/486 1717/747/481
f 1726/776/490 1730/751/492 1723/750/487
f 1732/777/496 1736/754/498 1729/753/493
f 1738/778/536 1742/757/504 1735/756/499
f 1744/779/584 1748/760/510 1741/759/505
f 1750/780/550 1754/763/516 1747/762/511
f 1756/781/585 1760/766/522 1753/765/517
f 1762/782/526 1766/769/528 1759/768/551
f 1769/684/471 1767/683/470 1773/689/476
f 1776/692/479 1770/686/473 1771/688/577
f 1769/635/471 1771/1119/577 1772/743/546
f 1778/745/480 1774/772/478 1775/746/477
f 1773/689/476 1779/695/482 1780/697/533
f 1782/698/485 1776/692/479 1777/694/481
f 1784/748/552 1780/775/533 1781/749/483
f 1779/695/482 1785/701/547 1786/703/578
f 1790/705/492 1788/704/548 1782/698/485
f 1790/751/492 1786/776/578 1787/752/535
f 1785/701/547 1791/707/494 1792/709/496
f 1796/711/498 1794/710/497 1788/704/548
f 1796/754/498 1792/777/496 1793/755/495
f 1791/707/494 1797/713/500 1798/715/502
f 1802/717/504 1800/716/503 1794/710/497
f 1802/757/504 1798/778/502 1799/758/501
f 1797/713/500 1803/719/506 1804/721/508
f 1808/723/510 1806/722/509 1800/716/503
f 1808/760/510 1804/779/508 1805/761/507
f 1803/719/506 1809/725/537 1810/727/514
f 1814/729/539 1812/728/538 1806/722/509
f 1814/763/539 1810/780/514 1811/764/513
f 1809/725/537 1815/731/540 1816/733/520
f 1818/734/542 1812/728/538 1813/730/517
f 1820/766/522 1816/781/520 1817/767/541
f 1815/731/540 1821/737/524 1822/739/526
f 1824/740/527 1818/734/542 1819/736/523
f 1826/769/528 1822/782/526 1823/770/525
f 1823/738/525 1821/737/524 1767/683/470
f 1770/686/473 1824/740/527 1825/742/529
f 1773/689/476 1767/683/470 1821/737/524
f 1821/737/524 1815/731/540 1809/725/537
f 1809/725/537 1803/719/506 1797/713/500
f 1797/713/500 1791/707/494 1785/701/547
f 1785/701/547 1779/695/482 1773/689/476
f 1773/689/476 1821/737/524 1809/725/537
f 1809/725/537 1797/713/500 1785/701/547
f 1774/772/478 1778/745/480 1771/773/577
f 1768/744/545 1772/743/546 1825/771/529
f 1770/686/473 1776/692/479 1782/698/485
f 1782/698/485 1788/704/548 1794/710/497
f 1794/710/497 1800/716/503 1806/722/509
f 1806/722/509 1812/728/538 1818/734/542
f 1818/734/542 1824/740/527 1770/686/473
f 1770/686/473 1782/698/485 1794/710/497
f 1794/710/497 1806/722/509 1818/734/542
f 1780/775/533 1784/748/552 1777/747/481
f 1786/776/578 1790/751/492 1783/750/487
f 1792/777/496 1796/754/498 1789/753/554
f 1798/778/502 1802/757/504 1795/756/499
f 1804/779/508 1808/760/510 1801/759/505
f 1810/780/514 1814/763/539 1807/762/511
f 1816/781/520 1820/766/522 1813/765/517
f 1822/782/526 1826/769/528 1819/768/523
f 1827/683/470 1833/689/476 1834/691/478
f 1836/692/479 1830/686/473 1831/688/475
f 1829/635/471 1831/1119/475 1832/743/546
f 1838/745/531 1834/772/478 1835/746/477
f 1833/689/476 1839/695/482 1840/697/533
f 1844/699/552 1842/698/485 1836/692/479
f 1844/748/552 1840/775/533 1841/749/483
f 1839/695/482 1845/701/547 1846/703/578
f 1850/705/492 1848/704/548 1842/698/485
f 1850/751/492 1846/776/578 1847/752/535
f 1845/701/547 1851/707/494 1852/709/496
f 1854/710/497 1848/704/548 1849/706/554
f 1856/754/498 1852/777/496 1853/755/495
f 1851/707/494 1857/713/500 1858/715/502
f 1860/716/503 1854/710/497 1855/712/499
f 1862/757/579 1858/778/502 1859/758/501
f 1857/713/500 1863/719/506 1864/721/508
f 1866/722/509 1860/716/503 1861/718/505
f 1868/760/510 1864/779/508 1865/761/507
f 1863/719/506 1869/725/537 1870/727/514
f 1874/729/539 1872/728/538 1866/722/509
f 1874/763/539 1870/780/514 1871/764/513
f 1871/726/513 1869/725/537 1875/731/540
f 1878/734/542 1872/728/538 1873/730/517
f 1880/766/522 1876/781/520 1877/767/541
f 1875/731/540 1881/737/524 1882/739/526
f 1884/740/527 1878/734/542 1879/736/523
f 1886/769/528 1882/782/526 1883/770/525
f 1881/737/524 1827/683/470 1828/685/545
f 1830/686/473 1884/740/527 1885/742/529
f 1833/689/476 1827/683/470 1881/737/524
f 1881/737/524 1875/731/540 1869/725/537
f 1869/725/537 1863/719/506 1857/713/500
f 1857/713/500 1851/707/494 1845/701/547
f 1845/701/547 1839/695/482 1833/689/476
f 1833/689/476 1881/737/524 1869/725/537
f 1869/725/537 1857/713/500 1845/701/547
f 1834/772/478 1838/745/531 1831/773/475
f 1828/744/545 1832/743/546 1885/771/529
f 1830/686/473 1836/692/479 1842/698/485
f 1842/698/485 1848/704/548 1854/710/497
f 1854/710/497 1860/716/503 1866/722/509
f 1866/722/509 1872/728/538 1878/734/542
f 1878/734/542 1884/740/527 1830/686/473
f 1830/686/473 1842/698/485 1854/710/497
f 1854/710/497 1866/722/509 1878/734/542
f 1840/775/533 1844/748/552 1837/747/481
f 1846/776/578 1850/751/492 1843/750/487
f 1852/777/496 1856/754/498 1849/753/554
f 1858/778/502 1862/757/579 1855/756/499
f 1864/779/508 1868/760/510 1861/759/505
f 1870/780/514 1874/763/539 1867/762/511
f 1876/781/520 1880/766/522 1873/765/517
f 1882/782/526 1886/769/528 1879/768/523
f 1889/684/471 1887/683/470 1893/689/476
f 1896/692/479 1890/686/473 1891/688/475
f 1889/635/471 1891/1119/475 1892/743/474
f 1898/745/480 1894/772/478 1895/746/477
f 1893/689/476 1899/695/482 1900/697/484
f 1902/698/485 1896/692/479 1897/694/481
f 1904/748/486 1900/775/484 1901/749/582
f 1901/696/582 1899/695/482 1905/701/547
f 1908/704/548 1902/698/485 1903/700/487
f 1910/751/492 1906/776/490 1907/752/489
f 1905/701/547 1911/707/494 1912/709/496
f 1914/710/497 1908/704/548 1909/706/493
f 1916/754/498 1912/777/496 1913/755/495
f 1911/707/494 1917/713/500 1918/715/502
f 1922/717/579 1920/716/503 1914/710/497
f 1922/757/579 1918/778/502 1919/758/501
f 1917/713/500 1923/719/506 1924/721/584
f 1928/723/549 1926/722/509 1920/716/503
f 1928/760/549 1924/779/584 1925/761/586
f 1925/720/586 1923/719/506 1929/725/537
f 1932/728/538 1926/722/509 1927/724/511
f 1934/763/516 1930/780/550 1931/764/513
f 1929/725/537 1935/731/540 1936/733/520
f 1940/735/522 1938/734/542 1932/728/538
f 1940/766/522 1936/781/520 1937/767/519
f 1937/732/519 1935/731/540 1941/737/524
f 1944/740/527 1938/734/542 1939/736/551
f 1946/769/528 1942/782/526 1943/770/543
f 1943/738/543 1941/737/524 1887/683/470
f 1890/686/473 1944/740/527 1945/742/544
f 1893/689/476 1887/683/470 1941/737/524
f 1941/737/524 1935/731/540 1929/725/537
f 1929/725/537 1923/719/506 1917/713/500
f 1917/713/500 1911/707/494 1905/701/547
f 1905/701/547 1899/695/482 1893/689/476
f 1893/689/476 1941/737/524 1929/725/537
f 1929/725/537 1917/713/500 1905/701/547
f 1894/772/478 1898/745/480 1891/773/475
f 1888/744/472 1892/743/474 1945/771/544
f 1890/686/473 1896/692/479 1902/698/485
f 1902/698/485 1908/704/548 1914/710/497
f 1914/710/497 1920/716/503 1926/722/509
f 1926/722/509 1932/728/538 1938/734/542
f 1938/734/542 1944/740/527 1890/686/473
f 1890/686/473 1902/698/485 1914/710/497
f 1914/710/497 1926/722/509 1938/734/542
f 1900/775/484 1904/748/486 1897/747/481
f 1906/776/490 1910/751/492 1903/750/487
f 1912/777/496 1916/754/498 1909/753/493
f 1918/778/502 1922/757/579 1915/756/499
f 1924/779/584 1928/760/549 1921/759/505
f 1930/780/550 1934/763/516 1927/762/511
f 1936/781/520 1940/766/522 1933/765/517
f 1942/782/526 1946/769/528 1939/768/551
f 1947/683/470 1953/689/476 1954/691/478
f 1958/693/480 1956/692/479 1950/686/473
f 1949/635/471 1951/1119/475 1952/743/546
f 1958/745/480 1954/772/478 1955/746/477
f 1953/689/476 1959/695/532 1960/697/533
f 1964/699/486 1962/698/534 1956/692/479
f 1964/748/486 1960/775/533 1961/749/483
f 1961/696/483 1959/695/532 1965/701/488
f 1968/704/548 1962/698/534 1963/700/487
f 1970/751/492 1966/776/490 1967/752/489
f 1967/702/489 1965/701/488 1971/707/494
f 1974/710/497 1968/704/548 1969/706/554
f 1976/754/498 1972/777/496 1973/755/495
f 1973/708/495 1971/707/494 1977/713/500
f 1980/716/503 1974/710/497 1975/712/499
f 1982/757/504 1978/778/536 1979/758/501
f 1979/714/501 1977/713/500 1983/719/506
f 1986/722/509 1980/716/503 1981/718/505
f 1988/760/510 1984/779/584 1985/761/507
f 1983/719/506 1989/725/512 1990/727/550
f 1992/728/515 1986/722/509 1987/724/511
f 1994/763/516 1990/780/550 1991/764/513
f 1991/726/513 1989/725/512 1995/731/540
f 1998/734/521 1992/728/515 1993/730/517
f 2000/766/522 1996/781/520 1997/767/541
f 1997/732/541 1995/731/540 2001/737/524
f 2004/740/527 1998/734/521 1999/736/551
f 2006/769/528 2002/782/526 2003/770/525
f 2003/738/525 2001/737/524 1947/683/470
f 1950/686/473 2004/740/527 2005/742/529
f 1953/689/476 1947/683/470 2001/737/524
f 2001/737/524 1995/731/540 1989/725/512
f 1989/725/512 1983/719/506 1977/713/500
f 1977/713/500 1971/707/494 1965/701/488
f 1965/701/488 1959/695/532 1953/689/476
f 1953/689/476 2001/737/524 1989/725/512
f 1989/725/512 1977/713/500 1965/701/488
f 1954/772/478 1958/745/480 1951/773/475
f 1948/744/472 1952/743/546 2005/771/529
f 1950/686/473 1956/692/479 1962/698/534
f 1962/698/534 1968/704/548 1974/710/497
f 1974/710/497 1980/716/503 1986/722/509
f 1986/722/509 1992/728/515 1998/734/521
f 1998/734/521 2004/740/527 1950/686/473
f 1950/686/473 1962/698/534 1974/710/497
f 1974/710/497 1986/722/509 1998/734/521
f 1960/775/533 1964/748/486 1957/747/481
f 1966/776/490 1970/751/492 1963/750/487
f 1972/777/496 1976/754/498 1969/753/554
f 1978/778/536 1982/757/504 1975/756/499
f 1984/779/584 1988/760/510 1981/759/505
f 1990/780/550 1994/763/516 1987/762/511
f 1996/781/520 2000/766/522 1993/765/517
f 2002/782/526 2006/769/528 1999/768/551
f 2728/187/670 2727/1052/755 2731/885/671
f 2733/887/673 2729/931/714 2730/189/674
f 2732/886/672 2731/885/671 2735/889/676
f 2737/891/678 2733/887/673 2734/888/675
f 2735/889/676 2739/895/682 2740/893/680
f 2742/894/681 2741/898/685 2737/891/678
f 2739/895/682 2743/899/686 2744/896/683
f 2746/897/684 2745/930/713 2741/898/685
f 2743/899/686 2747/923/712 2748/900/687
f 2749/901/688 2745/930/713 2746/897/684
f 2748/900/687 2747/923/712 2751/903/690
f 2753/904/692 2749/901/688 2750/902/689
f 2751/903/690 2755/907/696 2756/905/694
f 2758/906/695 2757/1051/746 2753/904/692
f 2755/907/696 2759/1053/963 2760/908/697
f 2761/909/698 2757/1051/746 2758/906/695
f 2760/908/697 2759/1053/963 2763/911/700
f 2765/913/702 2761/909/698 2762/910/699
f 2764/912/701 2763/911/700 2767/915/704
f 2769/917/706 2765/913/702 2766/914/703
f 2767/915/704 2771/921/710 2772/919/708
f 2774/920/709 2773/922/711 2769/917/706
f 2771/921/710 2727/1052/755 2728/187/670
f 2730/189/674 2729/931/714 2773/922/711
f 2731/885/671 2727/1052/755 2771/921/710
f 2771/921/710 2767/915/704 2763/911/700
f 2763/911/700 2759/1053/963 2755/907/696
f 2755/907/696 2751/903/690 2747/923/712
f 2747/923/712 2743/899/686 2739/895/682
f 2739/895/682 2735/889/676 2731/885/671
f 2731/885/671 2771/921/710 2763/911/700
f 2763/911/700 2755/907/696 2747/923/712
f 2747/923/712 2739/895/682 2731/885/671
f 2732/924/672 2734/933/675 2730/925/674
f 2728/927/670 2730/1123/674 2774/928/709
f 2729/931/714 2733/887/673 2737/891/678
f 2737/891/678 2741/898/685 2745/930/713
f 2745/930/713 2749/901/688 2753/904/692
f 2753/904/692 2757/1051/746 2761/909/698
f 2761/909/698 2765/913/702 2769/917/706
f 2769/917/706 2773/922/711 2729/931/714
f 2729/931/714 2737/891/678 2745/930/713
f 2745/930/713 2753/904/692 2761/909/698
f 2761/909/698 2769/917/706 2729/931/714
f 2736/932/677 2738/935/679 2734/933/675
f 2740/934/680 2742/937/681 2738/935/679
f 2744/936/683 2746/939/684 2742/937/681
f 2748/938/687 2750/941/689 2746/939/684
f 2752/940/691 2754/943/693 2750/941/689
f 2756/942/694 2758/945/695 2754/943/693
f 2760/944/697 2762/947/699 2758/945/695
f 2764/946/701 2766/949/703 2762/947/699
f 2768/948/705 2770/950/707 2766/949/703
f 2772/929/708 2774/928/709 2770/950/707
f 2836/187/670 2835/1052/755 2839/885/671
f 2841/887/673 2837/931/756 2838/189/674
f 2840/886/731 2839/885/671 2843/889/733
f 2845/891/735 2841/887/673 2842/888/732
f 2843/889/733 2847/895/764 2848/893/737
f 2850/894/738 2849/898/685 2845/891/735
f 2848/893/737 2847/895/764 2851/899/739
f 2853/930/713 2849/898/685 2850/894/738
f 2852/896/740 2851/899/739 2855/923/742
f 2857/901/744 2853/930/713 2854/897/741
f 2855/923/742 2859/903/690 2860/210/691
f 2862/212/693 2861/904/692 2857/901/744
f 2859/903/690 2863/907/696 2864/905/694
f 2865/1051/746 2861/904/692 2862/212/693
f 2863/907/696 2867/1053/963 2868/908/697
f 2869/909/698 2865/1051/746 2866/906/695
f 2868/908/697 2867/1053/963 2871/911/748
f 2873/913/702 2869/909/698 2870/910/747
f 2871/911/748 2875/915/704 2876/916/749
f 2877/917/750 2873/913/702 2874/914/703
f 2875/915/704 2879/921/768 2880/919/752
f 2881/922/753 2877/917/750 2878/918/751
f 2880/919/752 2879/921/768 2835/1052/755
f 2837/931/756 2881/922/753 2882/920/754
f 2839/885/671 2835/1052/755 2879/921/768
f 2879/921/768 2875/915/704 2871/911/748
f 2871/911/748 2867/1053/963 2863/907/696
f 2863/907/696 2859/903/690 2855/923/742
f 2855/923/742 2851/899/739 2847/895/764
f 2847/895/764 2843/889/733 2839/885/671
f 2839/885/671 2879/921/768 2871/911/748
f 2871/911/748 2863/907/696 2855/923/742
f 2855/923/742 2847/895/764 2839/885/671
f 2840/924/731 2842/933/732 2838/925/674
f 2836/927/670 2838/1123/674 2882/928/754
f 2837/931/756 2841/887/673 2845/891/735
f 2845/891/735 2849/898/685 2853/930/713
f 2853/930/713 2857/901/744 2861/904/692
f 2861/904/692 2865/1051/746 2869/909/698
f 2869/909/698 2873/913/702 2877/917/750
f 2877/917/750 2881/922/753 2837/931/756
f 2837/931/756 2845/891/735 2853/930/713
f 2853/930/713 2861/904/692 2869/909/698
f 2869/909/698 2877/917/750 2837/931/756
f 2844/932/734 2846/935/736 2842/933/732
f 2848/934/737 2850/937/738 2846/935/736
f 2852/936/740 2854/939/741 2850/937/738
f 2856/938/743 2858/941/745 2854/939/741
f 2860/940/691 2862/943/693 2858/941/745
f 2864/942/694 2866/945/695 2862/943/693
f 2868/944/697 2870/947/747 2866/945/695
f 2872/946/701 2874/949/703 2870/947/747
f 2876/948/749 2878/950/751 2874/949/703
f 2880/929/752 2882/928/754 2878/950/751
f 2944/187/670 2943/1052/755 2947/885/671
f 2949/887/763 2945/931/714 2946/189/674
f 2948/886/672 2947/885/671 2951/889/733
f 2953/891/735 2949/887/763 2950/888/732
f 2951/889/733 2955/895/764 2956/893/737
f 2958/894/738 2957/898/685 2953/891/735
f 2955/895/764 2959/899/739 2960/896/740
f 2961/930/713 2957/898/685 2958/894/738
f 2960/896/740 2959/899/739 2963/923/742
f 2965/901/744 2961/930/713 2962/897/741
f 2963/923/742 2967/903/690 2968/210/691
f 2970/212/693 2969/904/692 2965/901/744
f 2967/903/690 2971/907/696 2972/905/694
f 2973/1051/765 2969/904/692 2970/212/693
f 2971/907/696 2975/1053/767 2976/908/697
f 2977/909/698 2973/1051/765 2974/906/766
f 2975/1053/767 2979/911/700 2980/912/701
f 2982/914/703 2981/913/702 2977/909/698
f 2980/912/701 2979/911/700 2983/915/704
f 2985/917/706 2981/913/702 2982/914/703
f 2984/916/705 2983/915/704 2987/921/768
f 2989/922/711 2985/917/706 2986/918/751
f 2987/921/768 2943/1052/755 2944/187/670
f 2945/931/714 2989/922/711 2990/920/754
f 2947/885/671 2943/1052/755 2987/921/768
f 2987/921/768 2983/915/704 2979/911/700
f 2979/911/700 2975/1053/767 2971/907/696
f 2971/907/696 2967/903/690 2963/923/742
f 2963/923/742 2959/899/739 2955/895/764
f 2955/895/764 2951/889/733 2947/885/671
f 2947/885/671 2987/921/768 2979/911/700
f 2979/911/700 2971/907/696 2963/923/742
f 2963/923/742 2955/895/764 2947/885/671
f 2948/924/672 2950/933/732 2946/925/674
f 2944/927/670 2946/1123/674 2990/928/754
f 2945/931/714 2949/887/763 2953/891/735
f 2953/891/735 2957/898/685 2961/930/713
f 2961/930/713 2965/901/744 2969/904/692
f 2969/904/692 2973/1051/765 2977/909/698
f 2977/909/698 2981/913/702 2985/917/706
f 2985/917/706 2989/922/711 2945/931/714
f 2945/931/714 2953/891/735 2961/930/713
f 2961/930/713 2969/904/692 2977/909/698
f 2977/909/698 2985/917/706 2945/931/714
f 2952/932/734 2954/935/736 2950/933/732
f 2956/934/737 2958/937/738 2954/935/736
f 2960/936/740 2962/939/741 2958/937/738
f 2964/938/743 2966/941/745 2962/939/741
f 2968/940/691 2970/943/693 2966/941/745
f 2972/942/694 2974/945/766 2970/943/693
f 2976/944/697 2978/947/699 2974/945/766
f 2980/946/701 2982/949/703 2978/947/699
f 2984/948/705 2986/950/751 2982/949/703
f 2988/929/752 2990/928/754 2986/950/751
f 3051/1052/755 3055/885/774 3056/886/731
f 3058/888/732 3057/887/673 3053/931/714
f 3055/885/774 3059/889/676 3060/890/775
f 3062/892/679 3061/891/678 3057/887/673
f 3060/890/775 3059/889/676 3063/895/764
f 3065/898/685 3061/891/678 3062/892/679
f 3063/895/764 3067/899/739 3068/896/740
f 3070/897/741 3069/930/713 3065/898/685
f 3068/896/740 3067/899/739 3071/923/712
f 3073/901/744 3069/930/713 3070/897/741
f 3071/923/712 3075/903/690 3076/210/691
f 3078/212/693 3077/904/692 3073/901/744
f 3075/903/690 3079/907/696 3080/905/694
f 3082/906/766 3081/1051/765 3077/904/692
f 3079/907/696 3083/1053/767 3084/908/697
f 3086/910/699 3085/909/777 3081/1051/765
f 3084/908/697 3083/1053/767 3087/911/700
f 3089/913/702 3085/909/777 3086/910/699
f 3088/912/701 3087/911/700 3091/915/776
f 3093/917/750 3089/913/702 3090/914/703
f 3092/916/705 3091/915/776 3095/921/768
f 3097/922/753 3093/917/750 3094/918/751
f 3096/919/708 3095/921/768 3051/1052/755
f 3053/931/714 3097/922/753 3098/920/754
f 3055/885/774 3051/1052/755 3095/921/768
f 3095/921/768 3091/915/776 3087/911/700
f 3087/911/700 3083/1053/767 3079/907/696
f 3079/907/696 3075/903/690 3071/923/712
f 3071/923/712 3067/899/739 3063/895/764
f 3063/895/764 3059/889/676 3055/885/774
f 3055/885/774 3095/921/768 3087/911/700
f 3087/911/700 3079/907/696 3071/923/712
f 3071/923/712 3063/895/764 3055/885/774
f 3056/924/731 3058/933/732 3054/925/674
f 3052/927/670 3054/1123/674 3098/928/754
f 3053/931/714 3057/887/673 3061/891/678
f 3061/891/678 3065/898/685 3069/930/713
f 3069/930/713 3073/901/744 3077/904/692
f 3077/904/692 3081/1051/765 3085/909/777
f 3085/909/777 3089/913/702 3093/917/750
f 3093/917/750 3097/922/753 3053/931/714
f 3053/931/714 3061/891/678 3069/930/713
f 3069/930/713 3077/904/692 3085/909/777
f 3085/909/777 3093/917/750 3053/931/714
f 3060/932/775 3062/935/679 3058/933/732
f 3064/934/680 3066/937/681 3062/935/679
f 3068/936/740 3070/939/741 3066/937/681
f 3072/938/743 3074/941/745 3070/939/741
f 3076/940/691 3078/943/693 3074/941/745
f 3080/942/694 3082/945/766 3078/943/693
f 3084/944/697 3086/947/699 3082/945/766
f 3088/946/701 3090/949/703 3086/947/699
f 3092/948/705 3094/950/751 3090/949/703
f 3096/929/708 3098/928/754 3094/950/751
f 3160/187/670 3159/1052/755 3163/885/774
f 3165/887/673 3161/931/756 3162/189/674
f 3163/885/774 3167/889/676 3168/890/775
f 3170/892/679 3169/891/678 3165/887/673
f 3167/889/676 3171/895/964 3172/893/737
f 3174/894/738 3173/898/965 3169/891/678
f 3172/893/737 3171/895/964 3175/899/686
f 3177/930/783 3173/898/965 3174/894/738
f 3175/899/686 3179/923/742 3180/900/743
f 3182/902/745 3181/901/966 3177/930/783
f 3180/900/743 3179/923/742 3183/903/690
f 3185/904/784 3181/901/966 3182/902/745
f 3184/210/691 3183/903/690 3187/907/785
f 3189/1051/746 3185/904/784 3186/212/693
f 3187/907/785 3191/1053/963 3192/908/697
f 3194/910/699 3193/909/698 3189/1051/746
f 3192/908/697 3191/1053/963 3195/911/700
f 3197/913/702 3193/909/698 3194/910/699
f 3195/911/700 3199/915/704 3200/916/705
f 3202/918/751 3201/917/706 3197/913/702
f 3199/915/704 3203/921/710 3204/919/708
f 3206/920/709 3205/922/711 3201/917/706
f 3203/921/710 3159/1052/755 3160/187/670
f 3162/189/674 3161/931/756 3205/922/711
f 3163/885/774 3159/1052/755 3203/921/710
f 3203/921/710 3199/915/704 3195/911/700
f 3195/911/700 3191/1053/963 3187/907/785
f 3187/907/785 3183/903/690 3179/923/742
f 3179/923/742 3175/899/686 3171/895/964
f 3171/895/964 3167/889/676 3163/885/774
f 3163/885/774 3203/921/710 3195/911/700
f 3195/911/700 3187/907/785 3179/923/742
f 3179/923/742 3171/895/964 3163/885/774
f 3164/924/731 3166/933/732 3162/925/674
f 3160/927/670 3162/1123/674 3206/928/709
f 3161/931/756 3165/887/673 3169/891/678
f 3169/891/678 3173/898/965 3177/930/783
f 3177/930/783 3181/901/966 3185/904/784
f 3185/904/784 3189/1051/746 3193/909/698
f 3193/909/698 3197/913/702 3201/917/706
f 3201/917/706 3205/922/711 3161/931/756
f 3161/931/756 3169/891/678 3177/930/783
f 3177/930/783 3185/904/784 3193/909/698
f 3193/909/698 3201/917/706 3161/931/756
f 3168/932/775 3170/935/679 3166/933/732
f 3172/934/737 3174/937/738 3170/935/679
f 3176/936/683 3178/939/684 3174/937/738
f 3180/938/743 3182/941/745 3178/939/684
f 3184/940/691 3186/943/693 3182/941/745
f 3188/942/786 3190/945/695 3186/943/693
f 3192/944/697 3194/947/699 3190/945/695
f 3196/946/787 3198/949/788 3194/947/699
f 3200/948/705 3202/950/751 3198/949/788
f 3204/929/708 3206/928/709 3202/950/751
usemtl Rust
f 2163/683/470 2165/684/471 2164/685/472
f 2166/686/473 2168/687/546 2167/688/475
f 2169/689/476 2171/690/477 2170/691/530
f 2172/692/479 2174/693/531 2173/694/481
f 2175/695/532 2177/696/483 2176/697/484
f 2178/698/534 2180/699/552 2179/700/487
f 2181/701/488 2183/702/489 2182/703/490
f 2184/704/548 2186/705/492 2185/706/493
f 2187/707/494 2189/708/555 2188/709/496
f 2190/710/497 2192/711/498 2191/712/556
f 2193/713/500 2195/714/583 2194/715/536
f 2196/716/503 2198/717/504 2197/718/505
f 2199/719/506 2201/720/507 2200/721/584
f 2202/722/509 2204/723/510 2203/724/511
f 2205/725/537 2207/726/513 2206/727/514
f 2208/728/538 2210/729/516 2209/730/517
f 2211/731/540 2213/732/519 2212/733/520
f 2214/734/542 2216/735/522 2215/736/523
f 2217/737/524 2219/738/525 2218/739/526
f 2220/740/527 2222/741/528 2221/742/544
f 2165/684/471 2169/689/476 2170/691/530
f 2172/692/479 2167/688/475 2174/693/531
f 2165/635/471 2168/743/546 2164/744/472
f 2174/745/531 2171/746/477 2173/747/481
f 2171/690/477 2175/695/532 2176/697/484
f 2178/698/534 2173/694/481 2180/699/552
f 2180/748/552 2177/749/483 2179/750/487
f 2175/695/532 2182/703/490 2177/696/483
f 2184/704/548 2179/700/487 2186/705/492
f 2186/751/492 2183/752/489 2185/753/493
f 2181/701/488 2188/709/496 2183/702/489
f 2192/711/498 2184/704/548 2185/706/493
f 2192/754/498 2189/755/555 2191/756/556
f 2187/707/494 2194/715/536 2189/708/555
f 2198/717/504 2190/710/497 2191/712/556
f 2198/757/504 2195/758/583 2197/759/505
f 2193/713/500 2200/721/584 2195/714/583
f 2202/722/509 2197/718/505 2204/723/510
f 2204/760/510 2201/761/507 2203/762/511
f 2199/719/506 2206/727/514 2201/720/507
f 2210/729/516 2202/722/509 2203/724/511
f 2210/763/516 2207/764/513 2209/765/517
f 2205/725/537 2212/733/520 2207/726/513
f 2214/734/542 2209/730/517 2216/735/522
f 2216/766/522 2213/767/519 2215/768/523
f 2213/732/519 2217/737/524 2218/739/526
f 2220/740/527 2215/736/523 2222/741/528
f 2222/769/528 2219/770/525 2221/771/544
f 2219/738/525 2163/683/470 2164/685/472
f 2166/686/473 2221/742/544 2168/687/546
f 2205/725/537 2181/701/488 2169/689/476
f 2170/772/530 2167/773/475 2165/774/471
f 2164/744/472 2221/771/544 2219/770/525
f 2190/710/497 2214/734/542 2166/686/473
f 2176/775/484 2173/747/481 2171/746/477
f 2182/776/490 2179/750/487 2177/749/483
f 2188/777/496 2185/753/493 2183/752/489
f 2194/778/536 2191/756/556 2189/755/555
f 2200/779/584 2197/759/505 2195/758/583
f 2206/780/514 2203/762/511 2201/761/507
f 2212/781/520 2209/765/517 2207/764/513
f 2218/782/526 2215/768/523 2213/767/519
f 2223/683/470 2225/684/471 2224/685/545
f 2226/686/473 2228/687/474 2227/688/475
f 2229/689/476 2231/690/477 2230/691/478
f 2232/692/479 2234/693/480 2233/694/481
f 2235/695/593 2237/696/594 2236/697/484
f 2238/698/485 2240/699/486 2239/700/487
f 2241/701/547 2243/702/489 2242/703/490
f 2244/704/548 2246/705/595 2245/706/596
f 2247/707/494 2249/708/495 2248/709/496
f 2250/710/497 2252/711/498 2251/712/499
f 2253/713/500 2255/714/583 2254/715/536
f 2256/716/503 2258/717/504 2257/718/558
f 2259/719/506 2261/720/507 2260/721/508
f 2262/722/509 2264/723/549 2263/724/511
f 2265/725/537 2267/726/597 2266/727/598
f 2268/728/538 2270/729/539 2269/730/517
f 2271/731/540 2273/732/541 2272/733/520
f 2274/734/542 2276/735/599 2275/736/523
f 2277/737/524 2279/738/543 2278/739/526
f 2280/740/527 2282/741/528 2281/742/529
f 2223/683/470 2230/691/478 2225/684/471
f 2234/693/480 2226/686/473 2227/688/475
f 2225/635/471 2228/743/474 2224/744/545
f 2234/745/480 2231/746/477 2233/747/481
f 2231/690/477 2235/695/593 2236/697/484
f 2238/698/485 2233/694/481 2240/699/486
f 2240/748/486 2237/749/594 2239/750/487
f 2235/695/593 2242/703/490 2237/696/594
f 2246/705/595 2238/698/485 2239/700/487
f 2246/751/595 2243/752/489 2245/753/596
f 2241/701/547 2248/709/496 2243/702/489
f 2252/711/498 2244/704/548 2245/706/596
f 2252/754/498 2249/755/495 2251/756/499
f 2249/708/495 2253/713/500 2254/715/536
f 2256/716/503 2251/712/499 2258/717/504
f 2258/757/504 2255/758/583 2257/759/558
f 2253/713/500 2260/721/508 2255/714/583
f 2262/722/509 2257/718/558 2264/723/549
f 2264/760/549 2261/761/507 2263/762/511
f 2261/720/507 2265/725/537 2266/727/598
f 2268/728/538 2263/724/511 2270/729/539
f 2270/763/539 2267/764/597 2269/765/517
f 2265/725/537 2272/733/520 2267/726/597
f 2274/734/542 2269/730/517 2276/735/599
f 2276/766/599 2273/767/541 2275/768/523
f 2271/731/540 2278/739/526 2273/732/541
f 2282/741/528 2274/734/542 2275/736/523
f 2282/769/528 2279/770/543 2281/771/529
f 2277/737/524 2224/685/545 2279/738/543
f 2226/686/473 2281/742/529 2228/687/474
f 2265/725/537 2241/701/547 2229/689/476
f 2230/772/478 2227/773/475 2225/774/471
f 2224/744/545 2281/771/529 2279/770/543
f 2250/710/497 2274/734/542 2226/686/473
f 2236/775/484 2233/747/481 2231/746/477
f 2242/776/490 2239/750/487 2237/749/594
f 2248/777/496 2245/753/596 2243/752/489
f 2254/778/536 2251/756/499 2249/755/495
f 2260/779/508 2257/759/558 2255/758/583
f 2266/780/598 2263/762/511 2261/761/507
f 2272/781/520 2269/765/517 2267/764/597
f 2278/782/526 2275/768/523 2273/767/541
f 2283/683/470 2285/684/471 2284/685/545
f 2286/686/473 2288/687/474 2287/688/475
f 2289/689/476 2291/690/477 2290/691/478
f 2292/692/479 2294/693/480 2293/694/481
f 2295/695/593 2297/696/594 2296/697/600
f 2298/698/601 2300/699/486 2299/700/487
f 2301/701/547 2303/702/489 2302/703/490
f 2304/704/548 2306/705/595 2305/706/596
f 2307/707/494 2309/708/495 2308/709/496
f 2310/710/497 2312/711/498 2311/712/499
f 2313/713/500 2315/714/501 2314/715/536
f 2316/716/503 2318/717/504 2317/718/558
f 2319/719/506 2321/720/507 2320/721/508
f 2322/722/509 2324/723/549 2323/724/511
f 2325/725/537 2327/726/602 2326/727/514
f 2328/728/515 2330/729/539 2329/730/517
f 2331/731/540 2333/732/541 2332/733/520
f 2334/734/542 2336/735/522 2335/736/523
f 2337/737/524 2339/738/543 2338/739/526
f 2340/740/527 2342/741/528 2341/742/529
f 2283/683/470 2290/691/478 2285/684/471
f 2294/693/480 2286/686/473 2287/688/475
f 2285/635/471 2288/743/474 2284/744/545
f 2294/745/480 2291/746/477 2293/747/481
f 2291/690/477 2295/695/593 2296/697/600
f 2298/698/601 2293/694/481 2300/699/486
f 2300/748/486 2297/749/594 2299/750/487
f 2295/695/593 2302/703/490 2297/696/594
f 2306/705/595 2298/698/601 2299/700/487
f 2306/751/595 2303/752/489 2305/753/596
f 2301/701/547 2308/709/496 2303/702/489
f 2312/711/498 2304/704/548 2305/706/596
f 2312/754/498 2309/755/495 2311/756/499
f 2307/707/494 2314/715/536 2309/708/495
f 2316/716/503 2311/712/499 2318/717/504
f 2318/757/504 2315/758/501 2317/759/558
f 2313/713/500 2320/721/508 2315/714/501
f 2322/722/509 2317/718/558 2324/723/549
f 2324/760/549 2321/761/507 2323/762/511
f 2321/720/507 2325/725/537 2326/727/514
f 2328/728/515 2323/724/511 2330/729/539
f 2330/763/539 2327/764/602 2329/765/517
f 2327/726/602 2331/731/540 2332/733/520
f 2334/734/542 2329/730/517 2336/735/522
f 2336/766/522 2333/767/541 2335/768/523
f 2331/731/540 2338/739/526 2333/732/541
f 2342/741/528 2334/734/542 2335/736/523
f 2342/769/528 2339/770/543 2341/771/529
f 2337/737/524 2284/685/545 2339/738/543
f 2286/686/473 2341/742/529 2288/687/474
f 2325/725/537 2301/701/547 2289/689/476
f 2290/772/478 2287/773/475 2285/774/471
f 2284/744/545 2341/771/529 2339/770/543
f 2310/710/497 2334/734/542 2286/686/473
f 2296/775/600 2293/747/481 2291/746/477
f 2302/776/490 2299/750/487 2297/749/594
f 2308/777/496 2305/753/596 2303/752/489
f 2314/778/536 2311/756/499 2309/755/495
f 2320/779/508 2317/759/558 2315/758/501
f 2326/780/514 2323/762/511 2321/761/507
f 2332/781/520 2329/765/517 2327/764/602
f 2338/782/526 2335/768/523 2333/767/541
f 2343/683/470 2345/684/471 2344/685/472
f 2346/686/473 2348/687/474 2347/688/475
f 2349/689/476 2351/690/477 2350/691/478
f 2352/692/479 2354/693/531 2353/694/481
f 2355/695/532 2357/696/483 2356/697/533
f 2358/698/534 2360/699/486 2359/700/487
f 2361/701/488 2363/702/489 2362/703/490
f 2364/704/491 2366/705/492 2365/706/554
f 2367/707/494 2369/708/495 2368/709/496
f 2370/710/497 2372/711/498 2371/712/499
f 2373/713/500 2375/714/583 2374/715/502
f 2376/716/503 2378/717/504 2377/718/558
f 2379/719/506 2381/720/507 2380/721/508
f 2382/722/509 2384/723/510 2383/724/511
f 2385/725/537 2387/726/513 2386/727/514
f 2388/728/515 2390/729/516 2389/730/517
f 2391/731/518 2393/732/519 2392/733/520
f 2394/734/521 2396/735/522 2395/736/551
f 2397/737/524 2399/738/543 2398/739/526
f 2400/740/527 2402/741/528 2401/742/529
f 2345/684/471 2349/689/476 2350/691/478
f 2352/692/479 2347/688/475 2354/693/531
f 2345/635/471 2348/743/474 2344/744/472
f 2354/745/531 2351/746/477 2353/747/481
f 2351/690/477 2355/695/532 2356/697/533
f 2358/698/534 2353/694/481 2360/699/486
f 2360/748/486 2357/749/483 2359/750/487
f 2355/695/532 2362/703/490 2357/696/483
f 2364/704/491 2359/700/487 2366/705/492
f 2366/751/492 2363/752/489 2365/753/554
f 2363/702/489 2367/707/494 2368/709/496
f 2370/710/497 2365/706/554 2372/711/498
f 2372/754/498 2369/755/495 2371/756/499
f 2367/707/494 2374/715/502 2369/708/495
f 2376/716/503 2371/712/499 2378/717/504
f 2378/757/504 2375/758/583 2377/759/558
f 2375/714/583 2379/719/506 2380/721/508
f 2382/722/509 2377/718/558 2384/723/510
f 2384/760/510 2381/761/507 2383/762/511
f 2379/719/506 2386/727/514 2381/720/507
f 2390/729/516 2382/722/509 2383/724/511
f 2390/763/516 2387/764/513 2389/765/517
f 2385/725/537 2392/733/520 2387/726/513
f 2394/734/521 2389/730/517 2396/735/522
f 2396/766/522 2393/767/519 2395/768/551
f 2393/732/519 2397/737/524 2398/739/526
f 2400/740/527 2395/736/551 2402/741/528
f 2402/769/528 2399/770/543 2401/771/529
f 2399/738/543 2343/683/470 2344/685/472
f 2346/686/473 2401/742/529 2348/687/474
f 2385/725/537 2361/701/488 2349/689/476
f 2350/772/478 2347/773/475 2345/774/471
f 2344/744/472 2401/771/529 2399/770/543
f 2370/710/497 2394/734/521 2346/686/473
f 2356/775/533 2353/747/481 2351/746/477
f 2362/776/490 2359/750/487 2357/749/483
f 2368/777/496 2365/753/554 2363/752/489
f 2374/778/502 2371/756/499 2369/755/495
f 2380/779/508 2377/759/558 2375/758/583
f 2386/780/514 2383/762/511 2381/761/507
f 2392/781/520 2389/765/517 2387/764/513
f 2398/782/526 2395/768/551 2393/767/519
f 2403/683/470 2405/684/471 2404/685/472
f 2406/686/473 2408/687/474 2407/688/475
f 2409/689/476 2411/690/477 2410/691/478
f 2412/692/479 2414/693/480 2413/694/481
f 2415/695/482 2417/696/483 2416/697/533
f 2418/698/485 2420/699/552 2419/700/553
f 2421/701/547 2423/702/535 2422/703/490
f 2424/704/548 2426/705/492 2425/706/554
f 2427/707/494 2429/708/495 2428/709/496
f 2430/710/497 2432/711/498 2431/712/499
f 2433/713/500 2435/714/501 2434/715/502
f 2436/716/503 2438/717/579 2437/718/505
f 2439/719/506 2441/720/507 2440/721/508
f 2442/722/509 2444/723/510 2443/724/511
f 2445/725/537 2447/726/513 2446/727/514
f 2448/728/538 2450/729/539 2449/730/517
f 2451/731/540 2453/732/541 2452/733/520
f 2454/734/542 2456/735/522 2455/736/523
f 2457/737/524 2459/738/525 2458/739/526
f 2460/740/527 2462/741/528 2461/742/529
f 2405/684/471 2409/689/476 2410/691/478
f 2412/692/479 2407/688/475 2414/693/480
f 2405/635/471 2408/743/474 2404/744/472
f 2414/745/480 2411/746/477 2413/747/481
f 2409/689/476 2416/697/533 2411/690/477
f 2420/699/552 2412/692/479 2413/694/481
f 2420/748/552 2417/749/483 2419/750/553
f 2417/696/483 2421/701/547 2422/703/490
f 2424/704/548 2419/700/553 2426/705/492
f 2426/751/492 2423/752/535 2425/753/554
f 2421/701/547 2428/709/496 2423/702/535
f 2430/710/497 2425/706/554 2432/711/498
f 2432/754/498 2429/755/495 2431/756/499
f 2427/707/494 2434/715/502 2429/708/495
f 2438/717/579 2430/710/497 2431/712/499
f 2438/757/579 2435/758/501 2437/759/505
f 2433/713/500 2440/721/508 2435/714/501
f 2444/723/510 2436/716/503 2437/718/505
f 2444/760/510 2441/761/507 2443/762/511
f 2439/719/506 2446/727/514 2441/720/507
f 2448/728/538 2443/724/511 2450/729/539
f 2450/763/539 2447/764/513 2449/765/517
f 2445/725/537 2452/733/520 2447/726/513
f 2454/734/542 2449/730/517 2456/735/522
f 2456/766/522 2453/767/541 2455/768/523
f 2453/732/541 2457/737/524 2458/739/526
f 2460/740/527 2455/736/523 2462/741/528
f 2462/769/528 2459/770/525 2461/771/529
f 2459/738/525 2403/683/470 2404/685/472
f 2406/686/473 2461/742/529 2408/687/474
f 2445/725/537 2421/701/547 2409/689/476
f 2410/772/478 2407/773/475 2405/774/471
f 2404/744/472 2461/771/529 2459/770/525
f 2430/710/497 2454/734/542 2406/686/473
f 2416/775/533 2413/747/481 2411/746/477
f 2422/776/490 2419/750/553 2417/749/483
f 2428/777/496 2425/753/554 2423/752/535
f 2434/778/502 2431/756/499 2429/755/495
f 2440/779/508 2437/759/505 2435/758/501
f 2446/780/514 2443/762/511 2441/761/507
f 2452/781/520 2449/765/517 2447/764/513
f 2458/782/526 2455/768/523 2453/767/541
f 2463/683/470 2465/684/471 2464/685/472
f 2466/686/473 2468/687/474 2467/688/577
f 2469/689/476 2471/690/477 2470/691/478
f 2472/692/479 2474/693/531 2473/694/481
f 2475/695/593 2477/696/603 2476/697/600
f 2478/698/485 2480/699/486 2479/700/487
f 2481/701/547 2483/702/489 2482/703/490
f 2484/704/548 2486/705/595 2485/706/493
f 2487/707/494 2489/708/495 2488/709/496
f 2490/710/497 2492/711/498 2491/712/499
f 2493/713/500 2495/714/501 2494/715/536
f 2496/716/503 2498/717/504 2497/718/505
f 2499/719/506 2501/720/507 2500/721/508
f 2502/722/509 2504/723/510 2503/724/511
f 2505/725/537 2507/726/513 2506/727/550
f 2508/728/538 2510/729/516 2509/730/604
f 2511/731/540 2513/732/519 2512/733/585
f 2514/734/542 2516/735/557 2515/736/523
f 2517/737/524 2519/738/543 2518/739/526
f 2520/740/527 2522/741/528 2521/742/544
f 2463/683/470 2470/691/478 2465/684/471
f 2474/693/531 2466/686/473 2467/688/577
f 2465/635/471 2468/743/474 2464/744/472
f 2474/745/531 2471/746/477 2473/747/481
f 2471/690/477 2475/695/593 2476/697/600
f 2478/698/485 2473/694/481 2480/699/486
f 2480/748/486 2477/749/603 2479/750/487
f 2477/696/603 2481/701/547 2482/703/490
f 2484/704/548 2479/700/487 2486/705/595
f 2486/751/595 2483/752/489 2485/753/493
f 2481/701/547 2488/709/496 2483/702/489
f 2492/711/498 2484/704/548 2485/706/493
f 2492/754/498 2489/755/495 2491/756/499
f 2489/708/495 2493/713/500 2494/715/536
f 2496/716/503 2491/712/499 2498/717/504
f 2498/757/504 2495/758/501 2497/759/505
f 2493/713/500 2500/721/508 2495/714/501
f 2502/722/509 2497/718/505 2504/723/510
f 2504/760/510 2501/761/507 2503/762/511
f 2499/719/506 2506/727/550 2501/720/507
f 2508/728/538 2503/724/511 2510/729/516
f 2510/763/516 2507/764/513 2509/765/604
f 2505/725/537 2512/733/585 2507/726/513
f 2516/735/557 2508/728/538 2509/730/604
f 2516/766/557 2513/767/519 2515/768/523
f 2511/731/540 2518/739/526 2513/732/519
f 2520/740/527 2515/736/523 2522/741/528
f 2522/769/528 2519/770/543 2521/771/544
f 2517/737/524 2464/685/472 2519/738/543
f 2468/687/474 2520/740/527 2521/742/544
f 2505/725/537 2481/701/547 2469/689/476
f 2470/772/478 2467/773/577 2465/774/471
f 2464/744/472 2521/771/544 2519/770/543
f 2490/710/497 2514/734/542 2466/686/473
f 2476/775/600 2473/747/481 2471/746/477
f 2482/776/490 2479/750/487 2477/749/603
f 2488/777/496 2485/753/493 2483/752/489
f 2494/778/536 2491/756/499 2489/755/495
f 2500/779/508 2497/759/505 2495/758/501
f 2506/780/550 2503/762/511 2501/761/507
f 2512/781/585 2509/765/604 2507/764/513
f 2518/782/526 2515/768/523 2513/767/519
f 2523/683/470 2525/684/471 2524/685/545
f 2526/686/473 2528/687/546 2527/688/475
f 2529/689/476 2531/690/477 2530/691/478
f 2532/692/479 2534/693/480 2533/694/481
f 2535/695/593 2537/696/594 2536/697/600
f 2538/698/485 2540/699/486 2539/700/487
f 2541/701/547 2543/702/489 2542/703/490
f 2544/704/548 2546/705/605 2545/706/596
f 2547/707/494 2549/708/495 2548/709/496
f 2550/710/497 2552/711/498 2551/712/499
f 2553/713/500 2555/714/501 2554/715/536
f 2556/716/503 2558/717/504 2557/718/558
f 2559/719/506 2561/720/507 2560/721/508
f 2562/722/509 2564/723/549 2563/724/511
f 2565/725/606 2567/726/597 2566/727/598
f 2568/728/607 2570/729/539 2569/730/517
f 2571/731/608 2573/732/541 2572/733/520
f 2574/734/542 2576/735/609 2575/736/610
f 2577/737/524 2579/738/543 2578/739/526
f 2580/740/527 2582/741/528 2581/742/529
f 2523/683/470 2530/691/478 2525/684/471
f 2532/692/479 2527/688/475 2534/693/480
f 2525/635/471 2528/743/546 2524/744/545
f 2534/745/480 2531/746/477 2533/747/481
f 2531/690/477 2535/695/593 2536/697/600
f 2538/698/485 2533/694/481 2540/699/486
f 2540/748/486 2537/749/594 2539/750/487
f 2535/695/593 2542/703/490 2537/696/594
f 2544/704/548 2539/700/487 2546/705/605
f 2546/751/605 2543/752/489 2545/753/596
f 2541/701/547 2548/709/496 2543/702/489
f 2552/711/498 2544/704/548 2545/706/596
f 2552/754/498 2549/755/495 2551/756/499
f 2549/708/495 2553/713/500 2554/715/536
f 2556/716/503 2551/712/499 2558/717/504
f 2558/757/504 2555/758/501 2557/759/558
f 2553/713/500 2560/721/508 2555/714/501
f 2564/723/549 2556/716/503 2557/718/558
f 2564/760/549 2561/761/507 2563/762/511
f 2561/720/507 2565/725/606 2566/727/598
f 2568/728/607 2563/724/511 2570/729/539
f 2570/763/539 2567/764/597 2569/765/517
f 2567/726/597 2571/731/608 2572/733/520
f 2574/734/542 2569/730/517 2576/735/609
f 2576/766/609 2573/767/541 2575/768/610
f 2571/731/608 2578/739/526 2573/732/541
f 2582/741/528 2574/734/542 2575/736/610
f 2582/769/528 2579/770/543 2581/771/529
f 2577/737/524 2524/685/545 2579/738/543
f 2528/687/546 2580/740/527 2581/742/529
f 2565/725/606 2541/701/547 2529/689/476
f 2530/772/478 2527/773/475 2525/774/471
f 2524/744/545 2581/771/529 2579/770/543
f 2550/710/497 2574/734/542 2526/686/473
f 2536/775/600 2533/747/481 2531/746/477
f 2542/776/490 2539/750/487 2537/749/594
f 2548/777/496 2545/753/596 2543/752/489
f 2554/778/536 2551/756/499 2549/755/495
f 2560/779/508 2557/759/558 2555/758/501
f 2566/780/598 2563/762/511 2561/761/507
f 2572/781/520 2569/765/517 2567/764/597
f 2578/782/526 2575/768/610 2573/767/541
f 3315/1054/837 3320/886/796 3316/187/797
f 3321/1097/838 3318/189/800 3322/888/798
f 3320/886/796 3323/1056/839 3324/890/802
f 3326/892/840 3321/1097/838 3322/888/798
f 3323/1056/839 3328/893/841 3324/890/802
f 3329/1058/806 3326/892/840 3330/894/807
f 3327/1059/842 3332/896/809 3328/893/841
f 3334/897/843 3329/1058/806 3330/894/807
f 3331/1098/844 3336/900/813 3332/896/809
f 3337/1063/818 3334/897/843 3338/902/814
f 3336/900/813 3339/1062/815 3340/210/816
f 3341/1099/845 3338/902/814 3342/212/817
f 3339/1062/815 3344/905/819 3340/210/816
f 3346/906/821 3341/1099/845 3342/212/817
f 3343/1100/846 3348/908/823 3344/905/819
f 3350/910/847 3345/1064/848 3346/906/821
f 3348/908/823 3351/1067/849 3352/912/850
f 3353/1068/831 3350/910/847 3354/914/828
f 3351/1067/849 3356/916/829 3352/912/850
f 3358/918/830 3353/1068/831 3354/914/828
f 3356/916/829 3359/1069/832 3360/919/833
f 3361/1101/851 3358/918/830 3362/920/834
f 3359/1069/832 3316/187/797 3360/919/833
f 3318/189/800 3361/1101/851 3362/920/834
f 3351/1067/849 3335/1061/812 3319/1071/836
f 3320/1072/796 3318/1073/800 3316/1074/797
f 3316/1075/797 3362/1076/834 3360/1077/833
f 3333/1060/852 3349/1066/853 3317/1055/799
f 3324/1078/802 3322/1079/798 3320/1072/796
f 3328/1083/841 3326/1081/840 3324/1078/802
f 3332/1082/809 3330/1080/807 3328/1083/841
f 3336/1087/813 3334/1085/843 3332/1082/809
f 3340/1086/816 3338/1084/814 3336/1087/813
f 3344/1091/819 3342/1089/817 3340/1086/816
f 3348/1090/823 3346/1088/821 3344/1091/819
f 3352/1095/850 3350/1093/847 3348/1090/823
f 3356/1094/829 3354/1092/828 3352/1095/850
f 3360/1077/833 3358/1096/830 3356/1094/829
f 3411/1054/837 3416/886/796 3412/187/797
f 3417/1097/838 3414/189/800 3418/888/798
f 3416/886/796 3419/1056/839 3420/890/802
f 3422/892/840 3417/1097/838 3418/888/798
f 3420/890/802 3423/1059/842 3424/893/841
f 3425/1058/806 3422/892/840 3426/894/807
f 3423/1059/842 3428/896/809 3424/893/841
f 3430/897/843 3425/1058/806 3426/894/807
f 3428/896/809 3431/1061/812 3432/900/813
f 3433/1063/818 3430/897/843 3434/902/814
f 3431/1061/812 3436/210/816 3432/900/813
f 3437/1099/845 3434/902/814 3438/212/817
f 3436/210/816 3439/1100/846 3440/905/819
f 3442/906/821 3437/1099/845 3438/212/817
f 3440/905/819 3443/1065/822 3444/908/823
f 3446/910/847 3441/1064/820 3442/906/821
f 3443/1065/822 3448/912/850 3444/908/823
f 3449/1068/831 3446/910/847 3450/914/828
f 3447/1067/849 3452/916/829 3448/912/850
f 3454/918/830 3449/1068/831 3450/914/828
f 3452/916/829 3455/1069/832 3456/919/833
f 3457/1101/851 3454/918/830 3458/920/834
f 3456/919/833 3411/1054/837 3412/187/797
f 3414/189/800 3457/1101/851 3458/920/834
f 3447/1067/849 3431/1061/812 3415/1071/836
f 3416/1072/796 3414/1073/800 3412/1074/797
f 3412/1075/797 3458/1076/834 3456/1077/833
f 3429/1060/852 3445/1066/853 3413/1055/799
f 3420/1078/802 3418/1079/798 3416/1072/796
f 3424/1083/841 3422/1081/840 3420/1078/802
f 3428/1082/809 3426/1080/807 3424/1083/841
f 3428/1082/809 3434/1084/814 3430/1085/843
f 3436/1086/816 3434/1084/814 3432/1087/813
f 3436/1086/816 3442/1088/821 3438/1089/817
f 3444/1090/823 3442/1088/821 3440/1091/819
f 3448/1095/850 3446/1093/847 3444/1090/823
f 3452/1094/829 3450/1092/828 3448/1095/850
f 3456/1077/833 3454/1096/830 3452/1094/829
f 2165/684/471 2163/683/470 2169/689/476
f 2172/692/479 2166/686/473 2167/688/475
f 2165/635/471 2167/1119/475 2168/743/546
f 2174/745/531 2170/772/530 2171/746/477
f 2171/690/477 2169/689/476 2175/695/532
f 2178/698/534 2172/692/479 2173/694/481
f 2180/748/552 2176/775/484 2177/749/483
f 2175/695/532 2181/701/488 2182/703/490
f 2184/704/548 2178/698/534 2179/700/487
f 2186/751/492 2182/776/490 2183/752/489
f 2181/701/488 2187/707/494 2188/709/496
f 2192/711/498 2190/710/497 2184/704/548
f 2192/754/498 2188/777/496 2189/755/555
f 2187/707/494 2193/713/500 2194/715/536
f 2198/717/504 2196/716/503 2190/710/497
f 2198/757/504 2194/778/536 2195/758/583
f 2193/713/500 2199/719/506 2200/721/584
f 2202/722/509 2196/716/503 2197/718/505
f 2204/760/510 2200/779/584 2201/761/507
f 2199/719/506 2205/725/537 2206/727/514
f 2210/729/516 2208/728/538 2202/722/509
f 2210/763/516 2206/780/514 2207/764/513
f 2205/725/537 2211/731/540 2212/733/520
f 2214/734/542 2208/728/538 2209/730/517
f 2216/766/522 2212/781/520 2213/767/519
f 2213/732/519 2211/731/540 2217/737/524
f 2220/740/527 2214/734/542 2215/736/523
f 2222/769/528 2218/782/526 2219/770/525
f 2219/738/525 2217/737/524 2163/683/470
f 2166/686/473 2220/740/527 2221/742/544
f 2169/689/476 2163/683/470 2217/737/524
f 2217/737/524 2211/731/540 2205/725/537
f 2205/725/537 2199/719/506 2193/713/500
f 2193/713/500 2187/707/494 2181/701/488
f 2181/701/488 2175/695/532 2169/689/476
f 2169/689/476 2217/737/524 2205/725/537
f 2205/725/537 2193/713/500 2181/701/488
f 2170/772/530 2174/745/531 2167/773/475
f 2164/744/472 2168/743/546 2221/771/544
f 2166/686/473 2172/692/479 2178/698/534
f 2178/698/534 2184/704/548 2190/710/497
f 2190/710/497 2196/716/503 2202/722/509
f 2202/722/509 2208/728/538 2214/734/542
f 2214/734/542 2220/740/527 2166/686/473
f 2166/686/473 2178/698/534 2190/710/497
f 2190/710/497 2202/722/509 2214/734/542
f 2176/775/484 2180/748/552 2173/747/481
f 2182/776/490 2186/751/492 2179/750/487
f 2188/777/496 2192/754/498 2185/753/493
f 2194/778/536 2198/757/504 2191/756/556
f 2200/779/584 2204/760/510 2197/759/505
f 2206/780/514 2210/763/516 2203/762/511
f 2212/781/520 2216/766/522 2209/765/517
f 2218/782/526 2222/769/528 2215/768/523
f 2223/683/470 2229/689/476 2230/691/478
f 2234/693/480 2232/692/479 2226/686/473
f 2225/635/471 2227/1119/475 2228/743/474
f 2234/745/480 2230/772/478 2231/746/477
f 2231/690/477 2229/689/476 2235/695/593
f 2238/698/485 2232/692/479 2233/694/481
f 2240/748/486 2236/775/484 2237/749/594
f 2235/695/593 2241/701/547 2242/703/490
f 2246/705/595 2244/704/548 2238/698/485
f 2246/751/595 2242/776/490 2243/752/489
f 2241/701/547 2247/707/494 2248/709/496
f 2252/711/498 2250/710/497 2244/704/548
f 2252/754/498 2248/777/496 2249/755/495
f 2249/708/495 2247/707/494 2253/713/500
f 2256/716/503 2250/710/497 2251/712/499
f 2258/757/504 2254/778/536 2255/758/583
f 2253/713/500 2259/719/506 2260/721/508
f 2262/722/509 2256/716/503 2257/718/558
f 2264/760/549 2260/779/508 2261/761/507
f 2261/720/507 2259/719/506 2265/725/537
f 2268/728/538 2262/722/509 2263/724/511
f 2270/763/539 2266/780/598 2267/764/597
f 2265/725/537 2271/731/540 2272/733/520
f 2274/734/542 2268/728/538 2269/730/517
f 2276/766/599 2272/781/520 2273/767/541
f 2271/731/540 2277/737/524 2278/739/526
f 2282/741/528 2280/740/527 2274/734/542
f 2282/769/528 2278/782/526 2279/770/543
f 2277/737/524 2223/683/470 2224/685/545
f 2226/686/473 2280/740/527 2281/742/529
f 2229/689/476 2223/683/470 2277/737/524
f 2277/737/524 2271/731/540 2265/725/537
f 2265/725/537 2259/719/506 2253/713/500
f 2253/713/500 2247/707/494 2241/701/547
f 2241/701/547 2235/695/593 2229/689/476
f 2229/689/476 2277/737/524 2265/725/537
f 2265/725/537 2253/713/500 2241/701/547
f 2230/772/478 2234/745/480 2227/773/475
f 2224/744/545 2228/743/474 2281/771/529
f 2226/686/473 2232/692/479 2238/698/485
f 2238/698/485 2244/704/548 2250/710/497
f 2250/710/497 2256/716/503 2262/722/509
f 2262/722/509 2268/728/538 2274/734/542
f 2274/734/542 2280/740/527 2226/686/473
f 2226/686/473 2238/698/485 2250/710/497
f 2250/710/497 2262/722/509 2274/734/542
f 2236/775/484 2240/748/486 2233/747/481
f 2242/776/490 2246/751/595 2239/750/487
f 2248/777/496 2252/754/498 2245/753/596
f 2254/778/536 2258/757/504 2251/756/499
f 2260/779/508 2264/760/549 2257/759/558
f 2266/780/598 2270/763/539 2263/762/511
f 2272/781/520 2276/766/599 2269/765/517
f 2278/782/526 2282/769/528 2275/768/523
f 2283/683/470 2289/689/476 2290/691/478
f 2294/693/480 2292/692/479 2286/686/473
f 2285/635/471 2287/1119/475 2288/743/474
f 2294/745/480 2290/772/478 2291/746/477
f 2291/690/477 2289/689/476 2295/695/593
f 2298/698/601 2292/692/479 2293/694/481
f 2300/748/486 2296/775/600 2297/749/594
f 2295/695/593 2301/701/547 2302/703/490
f 2306/705/595 2304/704/548 2298/698/601
f 2306/751/595 2302/776/490 2303/752/489
f 2301/701/547 2307/707/494 2308/709/496
f 2312/711/498 2310/710/497 2304/704/548
f 2312/754/498 2308/777/496 2309/755/495
f 2307/707/494 2313/713/500 2314/715/536
f 2316/716/503 2310/710/497 2311/712/499
f 2318/757/504 2314/778/536 2315/758/501
f 2313/713/500 2319/719/506 2320/721/508
f 2322/722/509 2316/716/503 2317/718/558
f 2324/760/549 2320/779/508 2321/761/507
f 2321/720/507 2319/719/506 2325/725/537
f 2328/728/515 2322/722/509 2323/724/511
f 2330/763/539 2326/780/514 2327/764/602
f 2327/726/602 2325/725/537 2331/731/540
f 2334/734/542 2328/728/515 2329/730/517
f 2336/766/522 2332/781/520 2333/767/541
f 2331/731/540 2337/737/524 2338/739/526
f 2342/741/528 2340/740/527 2334/734/542
f 2342/769/528 2338/782/526 2339/770/543
f 2337/737/524 2283/683/470 2284/685/545
f 2286/686/473 2340/740/527 2341/742/529
f 2289/689/476 2283/683/470 2337/737/524
f 2337/737/524 2331/731/540 2325/725/537
f 2325/725/537 2319/719/506 2313/713/500
f 2313/713/500 2307/707/494 2301/701/547
f 2301/701/547 2295/695/593 2289/689/476
f 2289/689/476 2337/737/524 2325/725/537
f 2325/725/537 2313/713/500 2301/701/547
f 2290/772/478 2294/745/480 2287/773/475
f 2284/744/545 2288/743/474 2341/771/529
f 2286/686/473 2292/692/479 2298/698/601
f 2298/698/601 2304/704/548 2310/710/497
f 2310/710/497 2316/716/503 2322/722/509
f 2322/722/509 2328/728/515 2334/734/542
f 2334/734/542 2340/740/527 2286/686/473
f 2286/686/473 2298/698/601 2310/710/497
f 2310/710/497 2322/722/509 2334/734/542
f 2296/775/600 2300/748/486 2293/747/481
f 2302/776/490 2306/751/595 2299/750/487
f 2308/777/496 2312/754/498 2305/753/596
f 2314/778/536 2318/757/504 2311/756/499
f 2320/779/508 2324/760/549 2317/759/558
f 2326/780/514 2330/763/539 2323/762/511
f 2332/781/520 2336/766/522 2329/765/517
f 2338/782/526 2342/769/528 2335/768/523
f 2345/684/471 2343/683/470 2349/689/476
f 2352/692/479 2346/686/473 2347/688/475
f 2345/635/471 2347/1119/475 2348/743/474
f 2354/745/531 2350/772/478 2351/746/477
f 2351/690/477 2349/689/476 2355/695/532
f 2358/698/534 2352/692/479 2353/694/481
f 2360/748/486 2356/775/533 2357/749/483
f 2355/695/532 2361/701/488 2362/703/490
f 2364/704/491 2358/698/534 2359/700/487
f 2366/751/492 2362/776/490 2363/752/489
f 2363/702/489 2361/701/488 2367/707/494
f 2370/710/497 2364/704/491 2365/706/554
f 2372/754/498 2368/777/496 2369/755/495
f 2367/707/494 2373/713/500 2374/715/502
f 2376/716/503 2370/710/497 2371/712/499
f 2378/757/504 2374/778/502 2375/758/583
f 2375/714/583 2373/713/500 2379/719/506
f 2382/722/509 2376/716/503 2377/718/558
f 2384/760/510 2380/779/508 2381/761/507
f 2379/719/506 2385/725/537 2386/727/514
f 2390/729/516 2388/728/515 2382/722/509
f 2390/763/516 2386/780/514 2387/764/513
f 2385/725/537 2391/731/518 2392/733/520
f 2394/734/521 2388/728/515 2389/730/517
f 2396/766/522 2392/781/520 2393/767/519
f 2393/732/519 2391/731/518 2397/737/524
f 2400/740/527 2394/734/521 2395/736/551
f 2402/769/528 2398/782/526 2399/770/543
f 2399/738/543 2397/737/524 2343/683/470
f 2346/686/473 2400/740/527 2401/742/529
f 2349/689/476 2343/683/470 2397/737/524
f 2397/737/524 2391/731/518 2385/725/537
f 2385/725/537 2379/719/506 2373/713/500
f 2373/713/500 2367/707/494 2361/701/488
f 2361/701/488 2355/695/532 2349/689/476
f 2349/689/476 2397/737/524 2385/725/537
f 2385/725/537 2373/713/500 2361/701/488
f 2350/772/478 2354/745/531 2347/773/475
f 2344/744/472 2348/743/474 2401/771/529
f 2346/686/473 2352/692/479 2358/698/534
f 2358/698/534 2364/704/491 2370/710/497
f 2370/710/497 2376/716/503 2382/722/509
f 2382/722/509 2388/728/515 2394/734/521
f 2394/734/521 2400/740/527 2346/686/473
f 2346/686/473 2358/698/534 2370/710/497
f 2370/710/497 2382/722/509 2394/734/521
f 2356/775/533 2360/748/486 2353/747/481
f 2362/776/490 2366/751/492 2359/750/487
f 2368/777/496 2372/754/498 2365/753/554
f 2374/778/502 2378/757/504 2371/756/499
f 2380/779/508 2384/760/510 2377/759/558
f 2386/780/514 2390/763/516 2383/762/511
f 2392/781/520 2396/766/522 2389/765/517
f 2398/782/526 2402/769/528 2395/768/551
f 2405/684/471 2403/683/470 2409/689/476
f 2412/692/479 2406/686/473 2407/688/475
f 2405/635/471 2407/1119/475 2408/743/474
f 2414/745/480 2410/772/478 2411/746/477
f 2409/689/476 2415/695/482 2416/697/533
f 2420/699/552 2418/698/485 2412/692/479
f 2420/748/552 2416/775/533 2417/749/483
f 2417/696/483 2415/695/482 2421/701/547
f 2424/704/548 2418/698/485 2419/700/553
f 2426/751/492 2422/776/490 2423/752/535
f 2421/701/547 2427/707/494 2428/709/496
f 2430/710/497 2424/704/548 2425/706/554
f 2432/754/498 2428/777/496 2429/755/495
f 2427/707/494 2433/713/500 2434/715/502
f 2438/717/579 2436/716/503 2430/710/497
f 2438/757/579 2434/778/502 2435/758/501
f 2433/713/500 2439/719/506 2440/721/508
f 2444/723/510 2442/722/509 2436/716/503
f 2444/760/510 2440/779/508 2441/761/507
f 2439/719/506 2445/725/537 2446/727/514
f 2448/728/538 2442/722/509 2443/724/511
f 2450/763/539 2446/780/514 2447/764/513
f 2445/725/537 2451/731/540 2452/733/520
f 2454/734/542 2448/728/538 2449/730/517
f 2456/766/522 2452/781/520 2453/767/541
f 2453/732/541 2451/731/540 2457/737/524
f 2460/740/527 2454/734/542 2455/736/523
f 2462/769/528 2458/782/526 2459/770/525
f 2459/738/525 2457/737/524 2403/683/470
f 2406/686/473 2460/740/527 2461/742/529
f 2409/689/476 2403/683/470 2457/737/524
f 2457/737/524 2451/731/540 2445/725/537
f 2445/725/537 2439/719/506 2433/713/500
f 2433/713/500 2427/707/494 2421/701/547
f 2421/701/547 2415/695/482 2409/689/476
f 2409/689/476 2457/737/524 2445/725/537
f 2445/725/537 2433/713/500 2421/701/547
f 2410/772/478 2414/745/480 2407/773/475
f 2404/744/472 2408/743/474 2461/771/529
f 2406/686/473 2412/692/479 2418/698/485
f 2418/698/485 2424/704/548 2430/710/497
f 2430/710/497 2436/716/503 2442/722/509
f 2442/722/509 2448/728/538 2454/734/542
f 2454/734/542 2460/740/527 2406/686/473
f 2406/686/473 2418/698/485 2430/710/497
f 2430/710/497 2442/722/509 2454/734/542
f 2416/775/533 2420/748/552 2413/747/481
f 2422/776/490 2426/751/492 2419/750/553
f 2428/777/496 2432/754/498 2425/753/554
f 2434/778/502 2438/757/579 2431/756/499
f 2440/779/508 2444/760/510 2437/759/505
f 2446/780/514 2450/763/539 2443/762/511
f 2452/781/520 2456/766/522 2449/765/517
f 2458/782/526 2462/769/528 2455/768/523
f 2463/683/470 2469/689/476 2470/691/478
f 2474/693/531 2472/692/479 2466/686/473
f 2465/635/471 2467/1119/577 2468/743/474
f 2474/745/531 2470/772/478 2471/746/477
f 2471/690/477 2469/689/476 2475/695/593
f 2478/698/485 2472/692/479 2473/694/481
f 2480/748/486 2476/775/600 2477/749/603
f 2477/696/603 2475/695/593 2481/701/547
f 2484/704/548 2478/698/485 2479/700/487
f 2486/751/595 2482/776/490 2483/752/489
f 2481/701/547 2487/707/494 2488/709/496
f 2492/711/498 2490/710/497 2484/704/548
f 2492/754/498 2488/777/496 2489/755/495
f 2489/708/495 2487/707/494 2493/713/500
f 2496/716/503 2490/710/497 2491/712/499
f 2498/757/504 2494/778/536 2495/758/501
f 2493/713/500 2499/719/506 2500/721/508
f 2502/722/509 2496/716/503 2497/718/505
f 2504/760/510 2500/779/508 2501/761/507
f 2499/719/506 2505/725/537 2506/727/550
f 2508/728/538 2502/722/509 2503/724/511
f 2510/763/516 2506/780/550 2507/764/513
f 2505/725/537 2511/731/540 2512/733/585
f 2516/735/557 2514/734/542 2508/728/538
f 2516/766/557 2512/781/585 2513/767/519
f 2511/731/540 2517/737/524 2518/739/526
f 2520/740/527 2514/734/542 2515/736/523
f 2522/769/528 2518/782/526 2519/770/543
f 2517/737/524 2463/683/470 2464/685/472
f 2468/687/474 2466/686/473 2520/740/527
f 2469/689/476 2463/683/470 2517/737/524
f 2517/737/524 2511/731/540 2505/725/537
f 2505/725/537 2499/719/506 2493/713/500
f 2493/713/500 2487/707/494 2481/701/547
f 2481/701/547 2475/695/593 2469/689/476
f 2469/689/476 2517/737/524 2505/725/537
f 2505/725/537 2493/713/500 2481/701/547
f 2470/772/478 2474/745/531 2467/773/577
f 2464/744/472 2468/743/474 2521/771/544
f 2466/686/473 2472/692/479 2478/698/485
f 2478/698/485 2484/704/548 2490/710/497
f 2490/710/497 2496/716/503 2502/722/509
f 2502/722/509 2508/728/538 2514/734/542
f 2514/734/542 2520/740/527 2466/686/473
f 2466/686/473 2478/698/485 2490/710/497
f 2490/710/497 2502/722/509 2514/734/542
f 2476/775/600 2480/748/486 2473/747/481
f 2482/776/490 2486/751/595 2479/750/487
f 2488/777/496 2492/754/498 2485/753/493
f 2494/778/536 2498/757/504 2491/756/499
f 2500/779/508 2504/760/510 2497/759/505
f 2506/780/550 2510/763/516 2503/762/511
f 2512/781/585 2516/766/557 2509/765/604
f 2518/782/526 2522/769/528 2515/768/523
f 2523/683/470 2529/689/476 2530/691/478
f 2532/692/479 2526/686/473 2527/688/475
f 2525/635/471 2527/1119/475 2528/743/546
f 2534/745/480 2530/772/478 2531/746/477
f 2531/690/477 2529/689/476 2535/695/593
f 2538/698/485 2532/692/479 2533/694/481
f 2540/748/486 2536/775/600 2537/749/594
f 2535/695/593 2541/701/547 2542/703/490
f 2544/704/548 2538/698/485 2539/700/487
f 2546/751/605 2542/776/490 2543/752/489
f 2541/701/547 2547/707/494 2548/709/496
f 2552/711/498 2550/710/497 2544/704/548
f 2552/754/498 2548/777/496 2549/755/495
f 2549/708/495 2547/707/494 2553/713/500
f 2556/716/503 2550/710/497 2551/712/499
f 2558/757/504 2554/778/536 2555/758/501
f 2553/713/500 2559/719/506 2560/721/508
f 2564/723/549 2562/722/509 2556/716/503
f 2564/760/549 2560/779/508 2561/761/507
f 2561/720/507 2559/719/506 2565/725/606
f 2568/728/607 2562/722/509 2563/724/511
f 2570/763/539 2566/780/598 2567/764/597
f 2567/726/597 2565/725/606 2571/731/608
f 2574/734/542 2568/728/607 2569/730/517
f 2576/766/609 2572/781/520 2573/767/541
f 2571/731/608 2577/737/524 2578/739/526
f 2582/741/528 2580/740/527 2574/734/542
f 2582/769/528 2578/782/526 2579/770/543
f 2577/737/524 2523/683/470 2524/685/545
f 2528/687/546 2526/686/473 2580/740/527
f 2529/689/476 2523/683/470 2577/737/524
f 2577/737/524 2571/731/608 2565/725/606
f 2565/725/606 2559/719/506 2553/713/500
f 2553/713/500 2547/707/494 2541/701/547
f 2541/701/547 2535/695/593 2529/689/476
f 2529/689/476 2577/737/524 2565/725/606
f 2565/725/606 2553/713/500 2541/701/547
f 2530/772/478 2534/745/480 2527/773/475
f 2524/744/545 2528/743/546 2581/771/529
f 2526/686/473 2532/692/479 2538/698/485
f 2538/698/485 2544/704/548 2550/710/497
f 2550/710/497 2556/716/503 2562/722/509
f 2562/722/509 2568/728/607 2574/734/542
f 2574/734/542 2580/740/527 2526/686/473
f 2526/686/473 2538/698/485 2550/710/497
f 2550/710/497 2562/722/509 2574/734/542
f 2536/775/600 2540/748/486 2533/747/481
f 2542/776/490 2546/751/605 2539/750/487
f 2548/777/496 2552/754/498 2545/753/596
f 2554/778/536 2558/757/504 2551/756/499
f 2560/779/508 2564/760/549 2557/759/558
f 2566/780/598 2570/763/539 2563/762/511
f 2572/781/520 2576/766/609 2569/765/517
f 2578/782/526 2582/769/528 2575/768/610
f 3315/1054/837 3319/1071/836 3320/886/796
f 3321/1097/838 3317/1055/799 3318/189/800
f 3320/886/796 3319/1071/836 3323/1056/839
f 3326/892/840 3325/1057/803 3321/1097/838
f 3323/1056/839 3327/1059/842 3328/893/841
f 3329/1058/806 3325/1057/803 3326/892/840
f 3327/1059/842 3331/1098/844 3332/896/809
f 3334/897/843 3333/1060/852 3329/1058/806
f 3331/1098/844 3335/1061/812 3336/900/813
f 3337/1063/818 3333/1060/852 3334/897/843
f 3336/900/813 3335/1061/812 3339/1062/815
f 3341/1099/845 3337/1063/818 3338/902/814
f 3339/1062/815 3343/1100/846 3344/905/819
f 3346/906/821 3345/1064/848 3341/1099/845
f 3343/1100/846 3347/1065/822 3348/908/823
f 3350/910/847 3349/1066/853 3345/1064/848
f 3348/908/823 3347/1065/822 3351/1067/849
f 3353/1068/831 3349/1066/853 3350/910/847
f 3351/1067/849 3355/1124/970 3356/916/829
f 3358/918/830 3357/1070/971 3353/1068/831
f 3356/916/829 3355/1124/970 3359/1069/832
f 3361/1101/851 3357/1070/971 3358/918/830
f 3359/1069/832 3315/1054/837 3316/187/797
f 3318/189/800 3317/1055/799 3361/1101/851
f 3319/1071/836 3315/1054/837 3359/1069/832
f 3359/1069/832 3355/1124/970 3351/1067/849
f 3351/1067/849 3347/1065/822 3343/1100/846
f 3343/1100/846 3339/1062/815 3335/1061/812
f 3335/1061/812 3331/1098/844 3327/1059/842
f 3327/1059/842 3323/1056/839 3319/1071/836
f 3319/1071/836 3359/1069/832 3351/1067/849
f 3351/1067/849 3343/1100/846 3335/1061/812
f 3335/1061/812 3327/1059/842 3319/1071/836
f 3320/1072/796 3322/1079/798 3318/1073/800
f 3316/1075/797 3318/1125/800 3362/1076/834
f 3317/1055/799 3321/1097/838 3325/1057/803
f 3325/1057/803 3329/1058/806 3333/1060/852
f 3333/1060/852 3337/1063/818 3341/1099/845
f 3341/1099/845 3345/1064/848 3349/1066/853
f 3349/1066/853 3353/1068/831 3357/1070/971
f 3357/1070/971 3361/1101/851 3317/1055/799
f 3317/1055/799 3325/1057/803 3333/1060/852
f 3333/1060/852 3341/1099/845 3349/1066/853
f 3349/1066/853 3357/1070/971 3317/1055/799
f 3324/1078/802 3326/1081/840 3322/1079/798
f 3328/1083/841 3330/1080/807 3326/1081/840
f 3332/1082/809 3334/1085/843 3330/1080/807
f 3336/1087/813 3338/1084/814 3334/1085/843
f 3340/1086/816 3342/1089/817 3338/1084/814
f 3344/1091/819 3346/1088/821 3342/1089/817
f 3348/1090/823 3350/1093/847 3346/1088/821
f 3352/1095/850 3354/1092/828 3350/1093/847
f 3356/1094/829 3358/1096/830 3354/1092/828
f 3360/1077/833 3362/1076/834 3358/1096/830
f 3411/1054/837 3415/1071/836 3416/886/796
f 3417/1097/838 3413/1055/799 3414/189/800
f 3416/886/796 3415/1071/836 3419/1056/839
f 3422/892/840 3421/1057/803 3417/1097/838
f 3420/890/802 3419/1056/839 3423/1059/842
f 3425/1058/806 3421/1057/803 3422/892/840
f 3423/1059/842 3427/1098/967 3428/896/809
f 3430/897/843 3429/1060/852 3425/1058/806
f 3428/896/809 3427/1098/967 3431/1061/812
f 3433/1063/818 3429/1060/852 3430/897/843
f 3431/1061/812 3435/1062/973 3436/210/816
f 3437/1099/845 3433/1063/818 3434/902/814
f 3436/210/816 3435/1062/973 3439/1100/846
f 3442/906/821 3441/1064/820 3437/1099/845
f 3440/905/819 3439/1100/846 3443/1065/822
f 3446/910/847 3445/1066/853 3441/1064/820
f 3443/1065/822 3447/1067/849 3448/912/850
f 3449/1068/831 3445/1066/853 3446/910/847
f 3447/1067/849 3451/1124/970 3452/916/829
f 3454/918/830 3453/1070/971 3449/1068/831
f 3452/916/829 3451/1124/970 3455/1069/832
f 3457/1101/851 3453/1070/971 3454/918/830
f 3456/919/833 3455/1069/832 3411/1054/837
f 3414/189/800 3413/1055/799 3457/1101/851
f 3415/1071/836 3411/1054/837 3455/1069/832
f 3455/1069/832 3451/1124/970 3447/1067/849
f 3447/1067/849 3443/1065/822 3439/1100/846
f 3439/1100/846 3435/1062/973 3431/1061/812
f 3431/1061/812 3427/1098/967 3423/1059/842
f 3423/1059/842 3419/1056/839 3415/1071/836
f 3415/1071/836 3455/1069/832 3447/1067/849
f 3447/1067/849 3439/1100/846 3431/1061/812
f 3431/1061/812 3423/1059/842 3415/1071/836
f 3416/1072/796 3418/1079/798 3414/1073/800
f 3412/1075/797 3414/1125/800 3458/1076/834
f 3413/1055/799 3417/1097/838 3421/1057/803
f 3421/1057/803 3425/1058/806 3429/1060/852
f 3429/1060/852 3433/1063/818 3437/1099/845
f 3437/1099/845 3441/1064/820 3445/1066/853
f 3445/1066/853 3449/1068/831 3453/1070/971
f 3453/1070/971 3457/1101/851 3413/1055/799
f 3413/1055/799 3421/1057/803 3429/1060/852
f 3429/1060/852 3437/1099/845 3445/1066/853
f 3445/1066/853 3453/1070/971 3413/1055/799
f 3420/1078/802 3422/1081/840 3418/1079/798
f 3424/1083/841 3426/1080/807 3422/1081/840
f 3428/1082/809 3430/1085/843 3426/1080/807
f 3428/1082/809 3432/1087/813 3434/1084/814
f 3436/1086/816 3438/1089/817 3434/1084/814
f 3436/1086/816 3440/1091/819 3442/1088/821
f 3444/1090/823 3446/1093/847 3442/1088/821
f 3448/1095/850 3450/1092/828 3446/1093/847
f 3452/1094/829 3454/1096/830 3450/1092/828
f 3456/1077/833 3458/1076/834 3454/1096/830
